analysis_address_id,analysis_region_code,analysis_municipality_code,observed_persons,registered_persons,auxiliary_only_persons,persons_with_positive_activity,persons_with_multiple_positive_signals,persons_with_address_conflict,clarification_cases
A000094,R01,R01-M01,4,4,0,3,0,0,0
A000102,R01,R01-M01,2,2,0,2,0,0,0
A000114,R01,R01-M01,1,1,0,1,0,0,0
A000129,R01,R01-M01,4,4,0,1,1,0,0
A000191,R01,R01-M01,4,3,1,2,0,0,1
A000205,R01,R01-M01,2,2,0,1,0,0,0
A000229,R01,R01-M01,3,3,0,3,2,0,0
A000240,R01,R01-M01,4,4,0,1,0,0,0
A000246,R01,R01-M01,2,2,0,2,0,0,0
A000250,R01,R01-M01,5,5,0,4,0,0,0
A000278,R01,R01-M01,1,1,0,1,1,0,0
A000292,R01,R01-M01,6,6,0,3,1,0,0
A000298,R01,R01-M01,5,5,0,4,2,0,0
A000363,R01,R01-M01,2,2,0,2,0,0,1
A000402,R01,R01-M01,2,2,0,2,1,0,0
A000583,R01,R01-M01,2,2,0,1,1,0,0
A000617,R01,R01-M01,2,2,0,0,0,0,0
A000637,R01,R01-M01,4,4,0,3,2,0,1
A000737,R01,R01-M01,1,1,0,0,0,0,0
A000787,R01,R01-M01,11,11,0,9,2,0,0
A000902,R01,R01-M01,5,3,2,5,1,0,2
A000907,R01,R01-M01,5,4,1,3,1,0,1
A000916,R01,R01-M01,3,3,0,0,0,0,0
A000932,R01,R01-M01,1,1,0,1,1,0,0
A001015,R01,R01-M01,1,1,0,1,0,0,0
A001120,R01,R01-M01,1,1,0,0,0,0,0
A001129,R01,R01-M01,4,4,0,4,0,0,0
A001203,R01,R01-M01,7,7,0,3,0,0,0
A001346,R01,R01-M01,1,1,0,1,0,0,1
A001499,R01,R01-M01,4,4,0,2,1,0,0
A001562,R01,R01-M01,2,2,0,1,0,0,0
A001573,R01,R01-M01,2,2,0,1,0,0,0
A001592,R01,R01-M01,1,0,1,1,0,0,1
A001620,R01,R01-M01,4,4,0,4,2,1,1
A001733,R01,R01-M01,1,1,0,1,0,0,0
A001744,R01,R01-M01,1,1,0,1,0,0,0
A001752,R01,R01-M01,1,1,0,1,1,0,0
A001867,R01,R01-M01,9,9,0,5,1,0,0
A001884,R01,R01-M01,2,2,0,2,0,0,0
A001940,R01,R01-M01,1,1,0,1,1,0,0
A002008,R01,R01-M01,1,1,0,1,0,0,0
A002032,R01,R01-M01,10,10,0,7,1,0,0
A002039,R01,R01-M01,2,2,0,1,0,0,0
A002067,R01,R01-M01,11,11,0,9,6,1,1
A002088,R01,R01-M01,8,8,0,4,0,0,0
A002230,R01,R01-M01,3,3,0,2,1,0,0
A002284,R01,R01-M01,2,2,0,1,0,0,0
A002344,R01,R01-M01,1,1,0,1,0,0,0
A002412,R01,R01-M01,2,2,0,0,0,0,0
A002600,R01,R01-M01,3,3,0,1,1,0,0
A002612,R01,R01-M01,2,2,0,2,1,0,0
A002678,R01,R01-M01,4,4,0,1,0,0,0
A002718,R01,R01-M01,5,5,0,4,1,0,0
A002755,R01,R01-M01,8,6,2,7,1,0,2
A002804,R01,R01-M01,2,2,0,2,1,0,0
A002806,R01,R01-M01,4,4,0,1,0,0,0
A002911,R01,R01-M01,5,4,1,4,2,1,2
A002916,R01,R01-M01,1,1,0,1,0,0,0
A002918,R01,R01-M01,7,7,0,7,5,0,0
A002941,R01,R01-M01,2,2,0,2,0,0,0
A002959,R01,R01-M01,4,4,0,3,2,0,0
A003041,R01,R01-M01,8,8,0,4,1,0,0
A003115,R01,R01-M01,7,7,0,5,1,0,1
A003124,R01,R01-M01,1,1,0,1,0,0,0
A003131,R01,R01-M01,10,10,0,4,1,0,0
A003137,R01,R01-M01,3,3,0,3,1,0,0
A003175,R01,R01-M01,2,2,0,1,0,0,0
A003180,R01,R01-M01,9,9,0,7,3,0,0
A003196,R01,R01-M01,2,2,0,0,0,0,0
A003306,R01,R01-M01,1,1,0,1,0,0,0
A003365,R01,R01-M01,10,9,1,7,3,0,1
A003391,R01,R01-M01,4,4,0,3,1,0,2
A003397,R01,R01-M01,5,5,0,3,1,0,0
A003405,R01,R01-M01,2,2,0,2,0,0,0
A003465,R01,R01-M01,6,6,0,2,1,0,0
A003483,R01,R01-M01,8,8,0,4,4,0,0
A003636,R01,R01-M01,6,6,0,5,2,0,0
A003729,R01,R01-M01,4,4,0,3,3,0,0
A003768,R01,R01-M01,3,3,0,3,2,0,0
A003769,R01,R01-M01,4,4,0,3,2,0,1
A003817,R01,R01-M01,2,2,0,0,0,0,0
A003887,R01,R01-M01,2,2,0,1,1,0,0
A003891,R01,R01-M01,6,5,1,4,3,0,1
A003922,R01,R01-M01,6,6,0,5,4,0,0
A003934,R01,R01-M01,5,5,0,5,3,0,0
A003953,R01,R01-M01,4,4,0,3,1,0,0
A004061,R01,R01-M01,1,1,0,1,1,0,0
A004175,R01,R01-M01,5,5,0,3,1,0,0
A004233,R01,R01-M01,1,1,0,1,0,0,0
A004298,R01,R01-M01,2,2,0,2,0,0,0
A004327,R01,R01-M01,5,5,0,3,2,0,0
A004432,R01,R01-M01,2,2,0,1,0,0,0
A004460,R01,R01-M01,3,3,0,2,1,0,0
A004567,R01,R01-M01,3,3,0,3,1,0,0
A004576,R01,R01-M01,3,3,0,3,1,0,0
A004622,R01,R01-M01,4,4,0,3,1,0,0
A004726,R01,R01-M01,2,2,0,1,0,0,0
A004781,R01,R01-M01,6,6,0,5,2,1,1
A004852,R01,R01-M01,8,7,1,5,2,0,1
A004871,R01,R01-M01,2,2,0,1,1,0,0
A005040,R01,R01-M01,4,4,0,2,1,0,0
A005241,R01,R01-M01,11,9,2,7,3,0,2
A005319,R01,R01-M01,17,17,0,10,5,0,0
A005323,R01,R01-M01,5,5,0,3,1,0,0
A005487,R01,R01-M01,3,3,0,2,1,0,0
A005533,R01,R01-M01,14,14,0,5,3,0,0
A005689,R01,R01-M01,9,9,0,5,2,0,0
A005692,R01,R01-M01,4,4,0,3,0,0,0
A005733,R01,R01-M01,1,1,0,1,1,0,0
A005746,R01,R01-M01,3,3,0,3,2,0,0
A005962,R01,R01-M01,7,7,0,4,3,1,1
A006045,R01,R01-M01,3,3,0,0,0,0,0
A006063,R01,R01-M01,1,1,0,1,0,0,0
A006065,R01,R01-M01,2,2,0,1,1,0,0
A006104,R01,R01-M01,4,4,0,4,1,0,0
A006126,R01,R01-M01,5,5,0,4,1,0,0
A006242,R01,R01-M01,4,4,0,2,0,0,0
A006264,R01,R01-M01,5,5,0,3,1,0,0
A006340,R01,R01-M01,2,2,0,2,1,0,0
A006446,R01,R01-M01,4,4,0,2,0,0,0
A006548,R01,R01-M01,4,4,0,2,1,0,0
A006589,R01,R01-M01,7,7,0,3,2,0,0
A006698,R01,R01-M01,4,4,0,4,3,0,0
A006701,R01,R01-M01,3,3,0,3,2,0,0
A006718,R01,R01-M01,8,8,0,5,2,0,0
A006794,R01,R01-M01,1,1,0,1,1,0,0
A006810,R01,R01-M01,9,9,0,7,2,1,1
A006906,R01,R01-M01,1,1,0,1,0,0,0
A006915,R01,R01-M01,7,7,0,6,2,0,0
A006938,R01,R01-M01,5,5,0,4,3,1,1
A007223,R01,R01-M01,7,7,0,7,3,1,3
A007290,R01,R01-M01,8,8,0,7,3,0,1
A007310,R01,R01-M01,7,7,0,5,1,0,0
A007362,R01,R01-M01,4,4,0,4,1,0,1
A007590,R01,R01-M01,5,5,0,3,2,1,1
A007681,R01,R01-M01,1,1,0,0,0,0,0
A007738,R01,R01-M01,9,9,0,7,2,0,0
A007751,R01,R01-M01,1,1,0,1,0,0,0
A007875,R01,R01-M01,12,12,0,6,0,0,1
A007961,R01,R01-M01,2,2,0,2,0,0,0
A007995,R01,R01-M01,7,7,0,5,4,0,0
A008069,R01,R01-M01,5,5,0,2,0,0,0
A008152,R01,R01-M01,6,6,0,5,2,0,0
A008178,R01,R01-M01,2,2,0,1,0,0,0
A008234,R01,R01-M01,7,7,0,4,0,0,0
A008249,R01,R01-M01,12,12,0,6,2,0,1
A008250,R01,R01-M01,6,6,0,3,2,0,1
A008297,R01,R01-M01,4,4,0,3,2,0,0
A008343,R01,R01-M01,2,2,0,1,0,0,0
A008365,R01,R01-M01,3,3,0,2,2,0,0
A008405,R01,R01-M01,5,5,0,1,0,0,0
A008416,R01,R01-M01,9,9,0,8,1,0,0
A008500,R01,R01-M01,2,2,0,0,0,0,0
A008775,R01,R01-M01,3,3,0,3,1,0,0
A008797,R01,R01-M01,4,4,0,2,1,0,0
A008830,R01,R01-M01,2,2,0,1,0,0,0
A008841,R01,R01-M01,3,3,0,2,1,0,0
A009026,R01,R01-M01,1,1,0,1,1,1,1
A009114,R01,R01-M01,5,5,0,3,1,0,0
A009174,R01,R01-M01,3,3,0,2,1,0,0
A009211,R01,R01-M01,2,2,0,2,0,0,0
A009245,R01,R01-M01,5,5,0,4,0,0,0
A009271,R01,R01-M01,5,5,0,3,1,1,1
A009382,R01,R01-M01,5,5,0,5,2,0,0
A009389,R01,R01-M01,5,5,0,4,2,0,0
A009430,R01,R01-M01,3,3,0,2,1,0,0
A009451,R01,R01-M01,1,0,1,1,0,0,1
A009457,R01,R01-M01,3,2,1,3,1,0,1
A009483,R01,R01-M01,1,1,0,1,1,1,1
A009719,R01,R01-M01,1,1,0,1,1,0,0
A009757,R01,R01-M01,2,2,0,2,1,0,0
A009828,R01,R01-M01,7,6,1,4,1,0,1
A009868,R01,R01-M01,2,2,0,1,0,0,0
A009906,R01,R01-M01,1,1,0,0,0,0,0
A009996,R01,R01-M01,7,7,0,5,4,0,0
A010043,R01,R01-M01,15,15,0,13,8,0,0
A010054,R01,R01-M01,2,2,0,1,1,0,0
A010077,R01,R01-M01,5,5,0,4,3,1,1
A010124,R01,R01-M01,2,2,0,2,1,0,0
A010191,R01,R01-M01,4,4,0,3,1,0,0
A010243,R01,R01-M01,9,9,0,9,2,1,1
A010247,R01,R01-M01,3,3,0,2,0,0,0
A010284,R01,R01-M01,1,1,0,1,0,0,0
A010358,R01,R01-M01,2,2,0,2,1,0,0
A010549,R01,R01-M01,9,8,1,6,2,0,2
A010703,R01,R01-M01,5,5,0,3,2,0,0
A010735,R01,R01-M01,3,3,0,1,0,0,0
A010787,R01,R01-M01,8,8,0,7,2,0,1
A010872,R01,R01-M01,1,1,0,0,0,0,0
A010884,R01,R01-M01,4,4,0,4,1,0,0
A011153,R01,R01-M01,12,11,1,9,3,1,3
A011215,R01,R01-M01,2,2,0,2,1,0,0
A011231,R01,R01-M01,12,12,0,4,2,1,1
A011233,R01,R01-M01,10,10,0,8,3,1,1
A011284,R01,R01-M01,6,5,1,5,4,0,1
A011428,R01,R01-M01,1,1,0,1,0,0,0
A011483,R01,R01-M01,5,4,1,3,2,0,1
A011563,R01,R01-M01,10,9,1,9,2,0,1
A011680,R01,R01-M01,14,14,0,8,2,0,0
A011755,R01,R01-M01,1,1,0,1,0,0,0
A011761,R01,R01-M01,8,8,0,5,2,0,0
A011788,R01,R01-M01,2,2,0,2,0,0,0
A011830,R01,R01-M01,7,7,0,4,1,0,0
A011864,R01,R01-M01,13,13,0,9,5,0,0
A011979,R01,R01-M01,2,2,0,2,2,0,0
A012008,R01,R01-M01,2,2,0,2,0,0,0
A012015,R01,R01-M01,4,4,0,2,1,0,0
A012048,R01,R01-M01,5,5,0,4,2,0,0
A012092,R01,R01-M01,5,5,0,3,1,0,0
A012094,R01,R01-M01,2,2,0,1,0,0,0
A012112,R01,R01-M01,3,3,0,1,0,0,0
A012166,R01,R01-M01,2,2,0,1,1,0,0
A012252,R01,R01-M01,2,2,0,1,1,0,0
A012258,R01,R01-M01,7,6,1,6,4,0,1
A012275,R01,R01-M01,2,2,0,1,0,0,0
A012276,R01,R01-M01,6,6,0,3,0,0,0
A012325,R01,R01-M01,2,2,0,2,1,0,0
A012346,R01,R01-M01,5,5,0,3,1,1,1
A012508,R01,R01-M01,6,6,0,6,4,1,1
A012646,R01,R01-M01,9,9,0,7,1,0,1
A012674,R01,R01-M01,1,1,0,1,1,0,0
A012723,R01,R01-M01,8,8,0,6,3,0,0
A012734,R01,R01-M01,2,2,0,1,0,0,0
A012747,R01,R01-M01,7,7,0,5,1,0,0
A012774,R01,R01-M01,3,3,0,2,1,0,0
A012943,R01,R01-M01,5,5,0,3,2,0,0
A013090,R01,R01-M01,7,7,0,4,2,0,0
A013211,R01,R01-M01,4,3,1,4,0,0,1
A013328,R01,R01-M01,1,1,0,1,1,0,0
A013369,R01,R01-M01,9,8,1,8,2,0,1
A013392,R01,R01-M01,1,1,0,1,0,0,0
A013422,R01,R01-M01,1,1,0,0,0,0,0
A013440,R01,R01-M01,7,7,0,5,1,0,0
A013447,R01,R01-M01,1,1,0,0,0,0,0
A013575,R01,R01-M01,6,6,0,3,0,0,0
A013601,R01,R01-M01,2,2,0,2,2,0,0
A013627,R01,R01-M01,10,10,0,5,2,1,1
A013628,R01,R01-M01,9,8,1,7,2,0,1
A013646,R01,R01-M01,6,6,0,4,1,0,0
A013711,R01,R01-M01,8,8,0,3,2,0,0
A013738,R01,R01-M01,3,3,0,2,0,0,0
A013750,R01,R01-M01,1,1,0,1,0,0,0
A013912,R01,R01-M01,1,1,0,1,0,0,0
A014090,R01,R01-M01,5,5,0,2,2,0,0
A014103,R01,R01-M01,6,6,0,4,1,0,0
A014142,R01,R01-M01,7,7,0,4,1,0,0
A014171,R01,R01-M01,3,3,0,2,2,0,0
A014269,R01,R01-M01,11,9,2,8,5,2,4
A014327,R01,R01-M01,1,1,0,1,0,0,0
A014380,R01,R01-M01,4,4,0,4,2,0,0
A014463,R01,R01-M01,11,11,0,6,4,1,1
A014489,R01,R01-M01,1,1,0,1,0,0,0
A014505,R01,R01-M01,13,13,0,8,3,0,0
A014511,R01,R01-M01,4,4,0,3,0,0,0
A014617,R01,R01-M01,2,2,0,1,0,0,0
A014625,R01,R01-M01,3,3,0,3,1,0,0
A014714,R01,R01-M01,6,6,0,4,2,0,0
A014739,R01,R01-M01,4,4,0,4,1,0,0
A014939,R01,R01-M01,3,3,0,1,0,0,0
A014988,R01,R01-M01,3,3,0,3,0,0,0
A015012,R01,R01-M01,3,3,0,2,2,0,0
A015022,R01,R01-M01,12,12,0,8,3,0,0
A015047,R01,R01-M01,1,1,0,0,0,0,0
A015062,R01,R01-M01,9,9,0,6,0,0,1
A015080,R01,R01-M01,5,5,0,4,3,0,0
A015118,R01,R01-M01,4,3,1,4,1,0,1
A015130,R01,R01-M01,7,7,0,7,2,0,0
A015168,R01,R01-M01,9,9,0,7,4,0,0
A015184,R01,R01-M01,4,4,0,2,0,0,0
A015209,R01,R01-M01,6,5,1,3,1,0,1
A015233,R01,R01-M01,2,2,0,0,0,0,0
A015354,R01,R01-M01,5,5,0,5,3,1,1
A015435,R01,R01-M01,6,6,0,5,3,0,0
A015481,R01,R01-M01,7,7,0,7,3,0,0
A015671,R01,R01-M01,15,15,0,8,3,0,0
A015805,R01,R01-M01,7,7,0,5,3,0,0
A015811,R01,R01-M01,11,11,0,4,1,0,0
A015919,R01,R01-M01,8,8,0,8,4,1,2
A015920,R01,R01-M01,12,11,1,8,2,0,1
A015940,R01,R01-M01,2,2,0,2,1,0,0
A015972,R01,R01-M01,1,1,0,1,0,0,0
A016059,R01,R01-M01,5,5,0,4,3,0,0
A016173,R01,R01-M01,1,1,0,1,0,0,0
A016296,R01,R01-M01,8,8,0,3,1,0,0
A016349,R01,R01-M01,5,5,0,5,2,0,0
A016387,R01,R01-M01,3,3,0,2,2,0,0
A016567,R01,R01-M01,1,1,0,1,0,0,0
A016598,R01,R01-M01,11,11,0,6,0,0,0
A016608,R01,R01-M01,3,3,0,2,0,0,0
A016657,R01,R01-M01,4,4,0,3,3,0,0
A016662,R01,R01-M01,1,1,0,1,1,0,0
A016680,R01,R01-M01,5,5,0,3,1,0,0
A016810,R01,R01-M01,3,3,0,3,1,0,1
A016844,R01,R01-M01,7,7,0,6,2,0,0
A016860,R01,R01-M01,5,5,0,4,2,0,0
A016871,R01,R01-M01,4,4,0,3,1,0,0
A016922,R01,R01-M01,1,1,0,1,0,0,0
A016942,R01,R01-M01,1,1,0,0,0,0,0
A017106,R01,R01-M01,2,2,0,1,1,0,0
A017148,R01,R01-M01,5,5,0,3,0,0,0
A017257,R01,R01-M01,1,1,0,1,1,0,0
A017282,R01,R01-M01,7,7,0,5,2,0,0
A017315,R01,R01-M01,4,4,0,2,0,0,0
A017318,R01,R01-M01,1,1,0,1,0,0,0
A017319,R01,R01-M01,4,4,0,2,0,0,0
A017382,R01,R01-M01,2,2,0,2,1,0,0
A017384,R01,R01-M01,3,3,0,1,0,0,0
A017465,R01,R01-M01,9,9,0,4,1,0,0
A017509,R01,R01-M01,1,1,0,1,0,0,0
A017520,R01,R01-M01,7,7,0,4,1,0,0
A017587,R01,R01-M01,1,1,0,1,0,0,0
A017611,R01,R01-M01,5,5,0,3,1,0,0
A017629,R01,R01-M01,8,8,0,7,6,0,0
A017630,R01,R01-M01,2,2,0,1,1,0,0
A017715,R01,R01-M01,5,5,0,4,2,0,1
A017786,R01,R01-M01,1,1,0,0,0,0,0
A017819,R01,R01-M01,2,2,0,2,1,0,0
A017868,R01,R01-M01,1,1,0,1,0,0,0
A017927,R01,R01-M01,1,1,0,0,0,0,0
A017969,R01,R01-M01,1,1,0,1,1,1,1
A000070,R01,R01-M02,5,5,0,3,2,0,0
A000128,R01,R01-M02,4,4,0,3,2,0,0
A000311,R01,R01-M02,4,4,0,3,1,0,0
A000323,R01,R01-M02,2,2,0,2,2,0,0
A000387,R01,R01-M02,1,1,0,1,1,0,0
A000536,R01,R01-M02,1,1,0,1,0,0,0
A000594,R01,R01-M02,5,5,0,3,2,1,1
A000683,R01,R01-M02,2,2,0,1,1,0,0
A000715,R01,R01-M02,1,1,0,1,0,0,0
A000742,R01,R01-M02,4,4,0,4,0,0,0
A000774,R01,R01-M02,1,1,0,0,0,0,0
A000862,R01,R01-M02,6,6,0,5,2,0,0
A000914,R01,R01-M02,1,1,0,1,0,0,0
A000957,R01,R01-M02,2,2,0,1,1,1,1
A000991,R01,R01-M02,5,5,0,5,0,0,0
A001022,R01,R01-M02,5,5,0,4,4,0,0
A001024,R01,R01-M02,6,6,0,5,0,0,1
A001044,R01,R01-M02,4,4,0,2,1,0,0
A001059,R01,R01-M02,2,2,0,2,0,0,0
A001069,R01,R01-M02,4,4,0,3,2,0,0
A001079,R01,R01-M02,14,13,1,11,6,1,2
A001236,R01,R01-M02,10,10,0,8,2,0,1
A001323,R01,R01-M02,1,1,0,1,1,0,0
A001408,R01,R01-M02,3,3,0,0,0,0,0
A001461,R01,R01-M02,1,1,0,1,0,0,0
A001473,R01,R01-M02,14,14,0,10,2,0,0
A001555,R01,R01-M02,5,5,0,5,0,0,0
A001602,R01,R01-M02,2,2,0,1,0,0,0
A001710,R01,R01-M02,3,3,0,3,1,1,1
A001765,R01,R01-M02,2,2,0,2,0,0,0
A001811,R01,R01-M02,6,6,0,5,2,0,0
A001942,R01,R01-M02,1,1,0,0,0,0,0
A001956,R01,R01-M02,3,3,0,2,1,0,0
A002026,R01,R01-M02,7,7,0,4,2,0,1
A002046,R01,R01-M02,1,1,0,1,0,0,0
A002162,R01,R01-M02,4,4,0,2,1,0,0
A002210,R01,R01-M02,5,5,0,4,3,0,0
A002261,R01,R01-M02,5,5,0,4,2,0,0
A002265,R01,R01-M02,4,4,0,3,0,0,1
A002270,R01,R01-M02,4,3,1,2,1,0,1
A002410,R01,R01-M02,7,7,0,4,1,0,0
A002443,R01,R01-M02,5,5,0,5,2,0,0
A002462,R01,R01-M02,4,4,0,2,0,0,1
A002539,R01,R01-M02,2,2,0,2,0,0,0
A002553,R01,R01-M02,9,9,0,9,2,0,0
A002737,R01,R01-M02,9,9,0,6,1,0,0
A002879,R01,R01-M02,17,17,0,12,5,0,0
A002902,R01,R01-M02,3,3,0,1,1,0,0
A002935,R01,R01-M02,5,5,0,4,0,0,0
A002992,R01,R01-M02,2,2,0,1,0,0,0
A003004,R01,R01-M02,11,11,0,9,5,0,0
A003036,R01,R01-M02,9,9,0,7,2,0,0
A003037,R01,R01-M02,2,2,0,2,1,0,0
A003063,R01,R01-M02,4,4,0,2,1,0,0
A003153,R01,R01-M02,1,1,0,1,0,0,0
A003164,R01,R01-M02,6,6,0,4,1,0,0
A003228,R01,R01-M02,1,1,0,0,0,0,0
A003353,R01,R01-M02,1,1,0,0,0,0,0
A003398,R01,R01-M02,1,1,0,1,0,0,0
A003426,R01,R01-M02,5,5,0,2,1,0,0
A003430,R01,R01-M02,2,2,0,1,0,0,0
A003447,R01,R01-M02,11,11,0,6,3,0,0
A003461,R01,R01-M02,2,2,0,2,0,0,0
A003649,R01,R01-M02,1,1,0,1,0,0,0
A003670,R01,R01-M02,1,1,0,0,0,0,0
A003716,R01,R01-M02,2,2,0,2,1,0,0
A003758,R01,R01-M02,6,6,0,3,0,0,1
A003772,R01,R01-M02,4,4,0,4,2,0,0
A003853,R01,R01-M02,14,14,0,9,6,1,1
A003910,R01,R01-M02,13,13,0,10,4,0,1
A003914,R01,R01-M02,1,1,0,1,1,0,0
A003939,R01,R01-M02,2,2,0,1,1,0,0
A003944,R01,R01-M02,2,2,0,1,0,0,0
A004034,R01,R01-M02,11,11,0,6,4,0,0
A004053,R01,R01-M02,3,3,0,3,1,0,0
A004056,R01,R01-M02,4,4,0,3,0,0,0
A004064,R01,R01-M02,2,2,0,1,1,0,0
A004116,R01,R01-M02,2,2,0,2,1,0,0
A004134,R01,R01-M02,7,7,0,2,1,0,0
A004189,R01,R01-M02,3,3,0,3,2,1,1
A004269,R01,R01-M02,1,1,0,0,0,0,0
A004362,R01,R01-M02,12,12,0,8,2,0,1
A004372,R01,R01-M02,1,1,0,1,0,0,0
A004407,R01,R01-M02,6,6,0,5,4,0,0
A004499,R01,R01-M02,2,2,0,2,1,0,0
A004505,R01,R01-M02,6,6,0,5,2,0,0
A004560,R01,R01-M02,4,4,0,2,1,0,0
A004592,R01,R01-M02,6,6,0,4,3,0,0
A004673,R01,R01-M02,10,10,0,7,4,1,1
A004729,R01,R01-M02,1,1,0,1,0,0,0
A004862,R01,R01-M02,4,4,0,2,0,0,0
A004931,R01,R01-M02,1,1,0,1,0,0,0
A005024,R01,R01-M02,6,6,0,6,2,0,0
A005026,R01,R01-M02,1,1,0,1,1,0,0
A005060,R01,R01-M02,1,1,0,1,0,0,0
A005189,R01,R01-M02,3,3,0,3,2,0,0
A005201,R01,R01-M02,4,4,0,3,1,0,0
A005204,R01,R01-M02,1,1,0,1,1,0,0
A005407,R01,R01-M02,1,1,0,1,0,0,0
A005410,R01,R01-M02,3,3,0,1,0,0,0
A005545,R01,R01-M02,9,9,0,5,1,1,1
A005611,R01,R01-M02,2,2,0,1,1,0,0
A005612,R01,R01-M02,1,1,0,1,1,0,0
A005672,R01,R01-M02,9,9,0,3,3,0,0
A005677,R01,R01-M02,15,15,0,12,6,1,1
A005726,R01,R01-M02,1,1,0,1,0,0,0
A005782,R01,R01-M02,4,4,0,2,1,0,0
A005834,R01,R01-M02,12,12,0,11,5,0,0
A005889,R01,R01-M02,8,8,0,5,1,0,0
A005890,R01,R01-M02,8,8,0,6,3,0,0
A005912,R01,R01-M02,1,1,0,0,0,0,0
A005929,R01,R01-M02,6,6,0,4,1,0,0
A005986,R01,R01-M02,5,5,0,4,2,0,0
A005988,R01,R01-M02,4,4,0,2,2,0,0
A006025,R01,R01-M02,6,6,0,6,3,0,0
A006040,R01,R01-M02,3,3,0,2,0,0,0
A006066,R01,R01-M02,7,7,0,6,2,1,1
A006071,R01,R01-M02,2,2,0,2,2,0,0
A006106,R01,R01-M02,7,7,0,5,2,0,0
A006150,R01,R01-M02,14,14,0,11,5,1,1
A006175,R01,R01-M02,1,1,0,1,0,0,0
A006300,R01,R01-M02,6,6,0,5,2,0,0
A006317,R01,R01-M02,9,8,1,9,4,0,2
A006380,R01,R01-M02,3,3,0,1,1,0,0
A006503,R01,R01-M02,4,4,0,2,1,0,0
A006601,R01,R01-M02,5,4,1,4,1,0,2
A006699,R01,R01-M02,10,10,0,8,4,0,0
A006819,R01,R01-M02,4,4,0,4,1,0,1
A006824,R01,R01-M02,4,4,0,4,2,0,0
A006827,R01,R01-M02,6,6,0,5,3,1,1
A006984,R01,R01-M02,15,15,0,11,4,1,1
A007160,R01,R01-M02,4,4,0,3,2,0,0
A007206,R01,R01-M02,11,11,0,7,2,0,0
A007207,R01,R01-M02,4,4,0,4,2,0,0
A007233,R01,R01-M02,11,10,1,9,5,0,1
A007259,R01,R01-M02,9,9,0,5,2,0,0
A007288,R01,R01-M02,4,4,0,2,1,0,0
A007313,R01,R01-M02,12,12,0,10,2,0,0
A007415,R01,R01-M02,4,4,0,2,0,0,0
A007439,R01,R01-M02,2,2,0,2,0,0,0
A007443,R01,R01-M02,5,5,0,3,1,0,0
A007568,R01,R01-M02,3,3,0,1,0,0,0
A007662,R01,R01-M02,1,1,0,1,0,0,0
A007663,R01,R01-M02,9,8,1,8,4,0,1
A007729,R01,R01-M02,17,17,0,12,1,0,0
A007764,R01,R01-M02,4,4,0,3,3,0,0
A007774,R01,R01-M02,1,1,0,0,0,0,0
A007800,R01,R01-M02,1,1,0,0,0,0,0
A007833,R01,R01-M02,5,5,0,3,3,0,0
A007846,R01,R01-M02,6,6,0,5,2,0,0
A007861,R01,R01-M02,3,3,0,3,1,0,0
A007959,R01,R01-M02,2,2,0,0,0,0,0
A008035,R01,R01-M02,7,7,0,6,3,0,0
A008129,R01,R01-M02,8,8,0,6,1,0,1
A008142,R01,R01-M02,3,3,0,2,0,0,0
A008143,R01,R01-M02,1,1,0,1,0,0,0
A008204,R01,R01-M02,1,1,0,1,1,0,0
A008393,R01,R01-M02,5,5,0,4,2,0,0
A008403,R01,R01-M02,1,1,0,1,0,0,0
A008414,R01,R01-M02,2,2,0,1,1,0,0
A008505,R01,R01-M02,3,3,0,1,1,0,0
A008513,R01,R01-M02,4,4,0,3,2,0,0
A008542,R01,R01-M02,7,7,0,6,3,0,0
A008563,R01,R01-M02,8,8,0,5,1,0,0
A008645,R01,R01-M02,4,4,0,1,0,0,0
A008668,R01,R01-M02,2,2,0,1,0,0,0
A008737,R01,R01-M02,4,4,0,3,2,1,1
A008868,R01,R01-M02,4,4,0,3,1,1,1
A008932,R01,R01-M02,2,2,0,1,0,0,0
A009021,R01,R01-M02,3,3,0,3,1,1,1
A009597,R01,R01-M02,10,10,0,8,3,1,1
A009652,R01,R01-M02,2,2,0,1,0,0,0
A009692,R01,R01-M02,7,6,1,7,2,0,1
A009725,R01,R01-M02,2,2,0,1,0,0,0
A009777,R01,R01-M02,6,6,0,5,2,0,0
A009854,R01,R01-M02,4,4,0,2,1,0,0
A009862,R01,R01-M02,5,5,0,5,2,0,0
A009894,R01,R01-M02,3,3,0,3,1,0,0
A009924,R01,R01-M02,6,6,0,4,2,0,1
A009979,R01,R01-M02,3,3,0,2,1,1,1
A010101,R01,R01-M02,3,3,0,2,0,0,0
A010115,R01,R01-M02,13,13,0,8,3,0,0
A010125,R01,R01-M02,2,2,0,2,0,0,0
A010145,R01,R01-M02,2,2,0,2,0,0,0
A010193,R01,R01-M02,7,7,0,5,3,1,1
A010223,R01,R01-M02,1,1,0,0,0,0,0
A010226,R01,R01-M02,5,5,0,2,1,0,0
A010249,R01,R01-M02,3,3,0,2,1,0,1
A010287,R01,R01-M02,2,2,0,2,2,0,0
A010323,R01,R01-M02,6,6,0,4,0,0,0
A010332,R01,R01-M02,2,2,0,2,0,0,0
A010360,R01,R01-M02,3,3,0,3,1,0,0
A010402,R01,R01-M02,5,5,0,4,0,0,0
A010469,R01,R01-M02,1,1,0,1,0,0,0
A010502,R01,R01-M02,6,6,0,6,0,0,0
A010509,R01,R01-M02,4,4,0,2,2,0,0
A010529,R01,R01-M02,2,2,0,2,1,0,0
A010599,R01,R01-M02,4,4,0,3,2,0,0
A010625,R01,R01-M02,1,1,0,0,0,0,0
A010743,R01,R01-M02,1,1,0,1,1,0,0
A010776,R01,R01-M02,6,6,0,3,2,0,0
A010918,R01,R01-M02,2,2,0,2,1,0,0
A010991,R01,R01-M02,6,6,0,6,2,0,0
A011013,R01,R01-M02,4,4,0,4,1,0,0
A011016,R01,R01-M02,6,6,0,4,1,0,0
A011122,R01,R01-M02,5,5,0,2,1,0,0
A011137,R01,R01-M02,5,5,0,3,1,0,0
A011140,R01,R01-M02,5,4,1,3,1,0,1
A011171,R01,R01-M02,2,2,0,1,1,0,0
A011181,R01,R01-M02,3,3,0,2,0,0,0
A011256,R01,R01-M02,2,2,0,2,2,0,0
A011317,R01,R01-M02,1,1,0,1,0,0,0
A011461,R01,R01-M02,6,5,1,4,2,0,1
A011526,R01,R01-M02,3,3,0,2,1,0,0
A011527,R01,R01-M02,4,4,0,3,1,0,0
A011553,R01,R01-M02,11,11,0,7,2,2,2
A011587,R01,R01-M02,2,2,0,1,0,0,0
A011604,R01,R01-M02,2,2,0,1,1,0,0
A011645,R01,R01-M02,1,1,0,1,0,0,0
A011728,R01,R01-M02,3,3,0,1,1,1,1
A011767,R01,R01-M02,2,2,0,1,0,0,0
A011825,R01,R01-M02,1,1,0,0,0,0,0
A011843,R01,R01-M02,1,1,0,1,1,0,0
A011861,R01,R01-M02,5,5,0,3,3,0,0
A011883,R01,R01-M02,3,3,0,3,2,0,0
A011925,R01,R01-M02,14,14,0,7,4,1,1
A011937,R01,R01-M02,3,3,0,2,0,0,0
A012060,R01,R01-M02,1,1,0,1,0,0,0
A012140,R01,R01-M02,1,1,0,0,0,0,0
A012162,R01,R01-M02,12,11,1,9,3,0,1
A012219,R01,R01-M02,3,3,0,2,2,0,0
A012254,R01,R01-M02,3,3,0,0,0,0,0
A012267,R01,R01-M02,4,4,0,0,0,0,0
A012285,R01,R01-M02,1,1,0,1,0,0,1
A012408,R01,R01-M02,2,2,0,1,0,0,0
A012584,R01,R01-M02,4,4,0,2,1,1,1
A012794,R01,R01-M02,4,4,0,2,0,0,0
A012821,R01,R01-M02,4,4,0,3,1,1,1
A012830,R01,R01-M02,7,7,0,4,1,0,0
A012850,R01,R01-M02,1,1,0,1,1,0,0
A012887,R01,R01-M02,2,2,0,1,1,0,0
A013036,R01,R01-M02,4,4,0,2,2,0,0
A013071,R01,R01-M02,8,8,0,6,2,1,1
A013115,R01,R01-M02,3,3,0,2,0,0,0
A013136,R01,R01-M02,3,3,0,2,1,0,0
A013184,R01,R01-M02,2,2,0,2,0,0,0
A013225,R01,R01-M02,3,3,0,2,1,0,0
A013390,R01,R01-M02,8,8,0,6,2,0,0
A013404,R01,R01-M02,3,3,0,2,1,0,0
A013410,R01,R01-M02,7,7,0,4,1,0,0
A013433,R01,R01-M02,3,3,0,2,1,0,0
A013443,R01,R01-M02,1,1,0,1,0,0,0
A013450,R01,R01-M02,5,5,0,3,0,0,0
A013455,R01,R01-M02,1,1,0,1,0,0,0
A013581,R01,R01-M02,9,9,0,6,3,0,0
A013586,R01,R01-M02,2,2,0,2,0,0,0
A013613,R01,R01-M02,2,2,0,2,2,0,0
A013636,R01,R01-M02,9,9,0,8,2,0,0
A013732,R01,R01-M02,4,4,0,2,0,0,0
A013866,R01,R01-M02,6,6,0,5,1,0,0
A013958,R01,R01-M02,3,3,0,2,2,0,0
A013966,R01,R01-M02,2,2,0,2,0,0,0
A014001,R01,R01-M02,4,4,0,4,2,0,0
A014011,R01,R01-M02,3,3,0,2,1,0,0
A014060,R01,R01-M02,9,8,1,6,2,0,1
A014126,R01,R01-M02,1,1,0,1,0,0,0
A014159,R01,R01-M02,3,3,0,2,0,0,0
A014179,R01,R01-M02,2,2,0,1,1,0,0
A014352,R01,R01-M02,7,7,0,4,0,0,1
A014389,R01,R01-M02,15,15,0,11,5,0,0
A014418,R01,R01-M02,5,5,0,5,3,1,1
A014493,R01,R01-M02,1,1,0,1,0,0,0
A014576,R01,R01-M02,3,3,0,3,0,0,0
A014732,R01,R01-M02,1,1,0,1,0,0,0
A015057,R01,R01-M02,5,5,0,3,2,0,0
A015069,R01,R01-M02,5,5,0,4,1,0,0
A015095,R01,R01-M02,2,2,0,1,1,0,0
A015104,R01,R01-M02,15,15,0,12,7,0,0
A015147,R01,R01-M02,3,3,0,1,1,0,0
A015150,R01,R01-M02,3,3,0,2,1,0,0
A015200,R01,R01-M02,1,1,0,1,1,0,0
A015246,R01,R01-M02,7,7,0,7,3,1,1
A015300,R01,R01-M02,2,2,0,2,1,0,0
A015321,R01,R01-M02,4,4,0,3,2,0,0
A015451,R01,R01-M02,7,7,0,6,2,0,0
A015546,R01,R01-M02,1,1,0,0,0,0,0
A015556,R01,R01-M02,4,4,0,2,2,0,0
A015571,R01,R01-M02,4,4,0,3,0,0,0
A015583,R01,R01-M02,2,2,0,0,0,0,0
A015631,R01,R01-M02,5,5,0,3,1,0,0
A015639,R01,R01-M02,1,1,0,0,0,0,0
A015732,R01,R01-M02,4,4,0,2,1,0,0
A015748,R01,R01-M02,2,2,0,1,1,0,0
A015804,R01,R01-M02,8,8,0,6,2,0,0
A015818,R01,R01-M02,1,1,0,1,1,0,0
A015833,R01,R01-M02,8,8,0,7,1,0,1
A015903,R01,R01-M02,17,17,0,14,4,0,0
A015915,R01,R01-M02,1,1,0,0,0,0,0
A015959,R01,R01-M02,1,1,0,0,0,0,0
A016023,R01,R01-M02,1,1,0,1,1,0,0
A016048,R01,R01-M02,4,4,0,3,3,0,0
A016134,R01,R01-M02,2,2,0,1,0,0,0
A016139,R01,R01-M02,10,7,3,8,4,0,4
A016260,R01,R01-M02,1,1,0,1,0,0,0
A016289,R01,R01-M02,7,7,0,6,3,0,0
A016338,R01,R01-M02,14,14,0,9,4,0,0
A016350,R01,R01-M02,7,7,0,5,2,0,0
A016427,R01,R01-M02,3,2,1,2,0,0,1
A016429,R01,R01-M02,11,11,0,6,3,1,1
A016635,R01,R01-M02,2,2,0,2,0,0,0
A016666,R01,R01-M02,9,9,0,7,3,0,0
A016672,R01,R01-M02,3,3,0,2,1,0,0
A016732,R01,R01-M02,2,2,0,1,1,0,0
A016832,R01,R01-M02,1,1,0,0,0,0,0
A016878,R01,R01-M02,2,2,0,1,1,1,1
A016882,R01,R01-M02,2,2,0,1,0,0,0
A016977,R01,R01-M02,1,1,0,1,0,0,1
A017082,R01,R01-M02,5,5,0,3,1,0,0
A017165,R01,R01-M02,2,2,0,0,0,0,0
A017245,R01,R01-M02,2,2,0,2,0,0,0
A017274,R01,R01-M02,5,5,0,3,1,0,0
A017327,R01,R01-M02,7,7,0,6,3,0,0
A017336,R01,R01-M02,5,5,0,4,2,0,0
A017359,R01,R01-M02,3,3,0,3,1,0,0
A017449,R01,R01-M02,2,2,0,0,0,0,0
A017457,R01,R01-M02,2,2,0,1,0,0,0
A017462,R01,R01-M02,14,14,0,10,2,0,1
A017494,R01,R01-M02,5,5,0,5,2,0,1
A017540,R01,R01-M02,2,2,0,2,1,0,0
A017668,R01,R01-M02,19,19,0,14,5,0,1
A017751,R01,R01-M02,5,5,0,3,1,0,0
A017845,R01,R01-M02,5,5,0,5,1,0,0
A017856,R01,R01-M02,2,2,0,2,0,0,0
A017871,R01,R01-M02,7,7,0,4,1,0,0
A017921,R01,R01-M02,1,1,0,1,0,0,0
A017922,R01,R01-M02,3,3,0,2,0,0,0
A017925,R01,R01-M02,15,15,0,11,4,0,0
A000022,R01,R01-M03,4,4,0,4,0,0,1
A000069,R01,R01-M03,2,2,0,2,0,0,0
A000080,R01,R01-M03,6,6,0,4,1,0,0
A000127,R01,R01-M03,2,2,0,1,1,0,0
A000141,R01,R01-M03,10,10,0,10,4,0,0
A000193,R01,R01-M03,5,5,0,4,1,0,0
A000209,R01,R01-M03,1,1,0,0,0,0,0
A000234,R01,R01-M03,9,9,0,8,2,0,0
A000249,R01,R01-M03,1,1,0,1,0,0,0
A000271,R01,R01-M03,1,1,0,1,1,0,0
A000337,R01,R01-M03,6,5,1,4,1,0,1
A000382,R01,R01-M03,9,9,0,7,1,0,0
A000398,R01,R01-M03,9,9,0,4,2,0,0
A000436,R01,R01-M03,3,3,0,2,0,0,0
A000467,R01,R01-M03,1,1,0,1,1,0,0
A000497,R01,R01-M03,5,5,0,2,2,0,0
A000512,R01,R01-M03,4,4,0,2,2,0,0
A000541,R01,R01-M03,3,3,0,2,0,0,0
A000609,R01,R01-M03,6,6,0,5,2,0,0
A000615,R01,R01-M03,2,2,0,2,0,0,0
A000643,R01,R01-M03,7,7,0,3,1,0,0
A000644,R01,R01-M03,5,5,0,2,1,1,1
A000678,R01,R01-M03,5,4,1,4,1,0,1
A000772,R01,R01-M03,3,3,0,2,1,0,0
A000842,R01,R01-M03,2,2,0,2,0,0,0
A000855,R01,R01-M03,5,5,0,2,2,0,0
A000886,R01,R01-M03,8,7,1,7,2,0,1
A000987,R01,R01-M03,6,6,0,3,3,1,1
A001058,R01,R01-M03,8,8,0,5,1,0,0
A001188,R01,R01-M03,8,8,0,7,4,0,0
A001229,R01,R01-M03,5,5,0,3,1,0,1
A001335,R01,R01-M03,1,1,0,1,0,0,0
A001396,R01,R01-M03,1,1,0,1,0,0,0
A001475,R01,R01-M03,2,2,0,2,1,0,0
A001507,R01,R01-M03,1,1,0,1,0,0,0
A001767,R01,R01-M03,8,8,0,5,1,0,1
A001835,R01,R01-M03,6,6,0,5,0,0,0
A001860,R01,R01-M03,4,4,0,2,1,0,0
A001957,R01,R01-M03,5,5,0,3,1,0,0
A001964,R01,R01-M03,2,2,0,2,1,0,0
A002019,R01,R01-M03,15,15,0,7,4,0,0
A002086,R01,R01-M03,5,4,1,3,1,0,1
A002140,R01,R01-M03,2,2,0,2,0,0,0
A002151,R01,R01-M03,2,2,0,0,0,0,0
A002187,R01,R01-M03,6,6,0,5,5,0,0
A002308,R01,R01-M03,2,2,0,2,0,0,0
A002314,R01,R01-M03,6,6,0,3,2,0,0
A002331,R01,R01-M03,1,1,0,1,1,0,0
A002393,R01,R01-M03,10,10,0,6,4,0,0
A002582,R01,R01-M03,4,4,0,2,2,0,0
A002584,R01,R01-M03,4,4,0,4,3,0,0
A002588,R01,R01-M03,5,5,0,3,2,1,1
A002589,R01,R01-M03,3,3,0,2,2,0,0
A002627,R01,R01-M03,16,16,0,10,2,0,0
A002639,R01,R01-M03,10,10,0,5,3,0,0
A002687,R01,R01-M03,4,4,0,3,2,0,0
A002724,R01,R01-M03,15,14,1,12,3,0,1
A002820,R01,R01-M03,7,7,0,6,2,0,0
A002922,R01,R01-M03,5,5,0,2,0,0,0
A002931,R01,R01-M03,3,3,0,2,1,1,1
A002979,R01,R01-M03,13,13,0,11,5,0,0
A002987,R01,R01-M03,1,1,0,1,0,0,0
A002998,R01,R01-M03,6,6,0,4,3,0,0
A003027,R01,R01-M03,2,2,0,2,2,0,0
A003051,R01,R01-M03,4,4,0,3,3,0,0
A003072,R01,R01-M03,7,7,0,6,3,0,0
A003129,R01,R01-M03,3,3,0,3,1,0,0
A003144,R01,R01-M03,11,11,0,8,4,0,0
A003235,R01,R01-M03,9,9,0,6,3,0,0
A003338,R01,R01-M03,3,3,0,2,2,0,0
A003352,R01,R01-M03,1,1,0,0,0,0,0
A003369,R01,R01-M03,3,3,0,3,3,1,1
A003383,R01,R01-M03,12,12,0,7,3,1,1
A003401,R01,R01-M03,2,2,0,2,1,0,0
A003414,R01,R01-M03,2,2,0,2,1,0,0
A003449,R01,R01-M03,3,3,0,0,0,0,0
A003600,R01,R01-M03,2,2,0,2,2,0,0
A003626,R01,R01-M03,3,3,0,2,2,0,0
A003684,R01,R01-M03,2,2,0,0,0,0,0
A003717,R01,R01-M03,4,4,0,2,0,0,0
A003759,R01,R01-M03,5,5,0,5,0,0,0
A003886,R01,R01-M03,1,1,0,1,0,0,0
A003945,R01,R01-M03,2,2,0,1,1,0,0
A003979,R01,R01-M03,4,4,0,2,1,0,0
A004091,R01,R01-M03,2,2,0,1,0,0,0
A004138,R01,R01-M03,11,11,0,8,6,0,0
A004157,R01,R01-M03,3,3,0,1,1,0,0
A004159,R01,R01-M03,5,5,0,4,0,0,0
A004188,R01,R01-M03,6,6,0,2,2,0,0
A004200,R01,R01-M03,4,4,0,3,1,0,1
A004226,R01,R01-M03,5,5,0,3,2,0,0
A004323,R01,R01-M03,9,9,0,5,3,0,0
A004745,R01,R01-M03,11,11,0,8,3,0,0
A004772,R01,R01-M03,3,3,0,1,0,0,0
A004865,R01,R01-M03,2,2,0,1,0,0,0
A005006,R01,R01-M03,3,3,0,1,0,0,0
A005031,R01,R01-M03,7,7,0,5,4,0,0
A005034,R01,R01-M03,3,3,0,3,3,0,0
A005227,R01,R01-M03,2,2,0,1,1,0,0
A005239,R01,R01-M03,8,8,0,5,1,0,0
A005268,R01,R01-M03,2,2,0,0,0,0,0
A005328,R01,R01-M03,8,6,2,5,3,0,2
A005468,R01,R01-M03,6,6,0,5,4,1,1
A005477,R01,R01-M03,1,1,0,1,1,0,0
A005490,R01,R01-M03,3,3,0,2,0,0,0
A005591,R01,R01-M03,5,5,0,2,0,0,0
A005635,R01,R01-M03,15,15,0,11,4,1,1
A005673,R01,R01-M03,6,6,0,3,1,0,0
A005684,R01,R01-M03,3,3,0,1,1,1,1
A005776,R01,R01-M03,5,5,0,3,2,0,0
A005800,R01,R01-M03,7,7,0,5,2,0,0
A005861,R01,R01-M03,15,15,0,11,5,0,1
A005909,R01,R01-M03,7,7,0,5,1,0,0
A006114,R01,R01-M03,6,6,0,3,1,0,0
A006165,R01,R01-M03,5,5,0,3,1,0,0
A006202,R01,R01-M03,3,3,0,2,0,0,1
A006234,R01,R01-M03,2,2,0,2,0,0,0
A006241,R01,R01-M03,6,5,1,5,2,0,1
A006270,R01,R01-M03,8,8,0,6,2,0,0
A006329,R01,R01-M03,1,1,0,1,1,1,1
A006403,R01,R01-M03,11,11,0,9,0,0,0
A006412,R01,R01-M03,1,1,0,1,0,0,0
A006441,R01,R01-M03,1,1,0,1,0,0,0
A006502,R01,R01-M03,6,6,0,3,2,0,0
A006586,R01,R01-M03,4,4,0,4,1,0,0
A006632,R01,R01-M03,9,9,0,8,5,0,1
A006696,R01,R01-M03,16,16,0,12,7,0,1
A006742,R01,R01-M03,2,2,0,1,1,0,0
A006832,R01,R01-M03,2,2,0,2,0,0,0
A006863,R01,R01-M03,8,8,0,4,1,0,0
A006881,R01,R01-M03,8,7,1,5,3,0,1
A006955,R01,R01-M03,7,7,0,4,1,0,0
A006988,R01,R01-M03,6,6,0,2,1,1,1
A007009,R01,R01-M03,5,5,0,1,0,0,0
A007101,R01,R01-M03,4,4,0,4,2,0,0
A007176,R01,R01-M03,2,2,0,1,1,0,0
A007263,R01,R01-M03,3,3,0,3,1,0,0
A007327,R01,R01-M03,7,7,0,6,1,0,0
A007340,R01,R01-M03,2,2,0,2,1,0,0
A007363,R01,R01-M03,1,1,0,1,1,0,0
A007567,R01,R01-M03,2,2,0,1,0,0,0
A007637,R01,R01-M03,5,5,0,3,2,1,1
A007701,R01,R01-M03,5,5,0,3,0,0,0
A007795,R01,R01-M03,5,5,0,3,1,0,0
A007892,R01,R01-M03,13,13,0,8,3,1,2
A007975,R01,R01-M03,3,3,0,1,0,0,0
A008013,R01,R01-M03,1,1,0,1,0,0,0
A008040,R01,R01-M03,5,4,1,2,0,0,1
A008299,R01,R01-M03,5,5,0,3,0,0,0
A008300,R01,R01-M03,1,1,0,1,0,0,0
A008303,R01,R01-M03,6,6,0,4,0,0,0
A008309,R01,R01-M03,1,1,0,1,1,0,0
A008340,R01,R01-M03,7,7,0,5,3,1,1
A008355,R01,R01-M03,8,8,0,6,5,1,1
A008359,R01,R01-M03,3,3,0,2,2,0,0
A008410,R01,R01-M03,1,1,0,1,0,0,0
A008491,R01,R01-M03,3,3,0,2,1,1,1
A008569,R01,R01-M03,4,4,0,3,2,0,0
A008596,R01,R01-M03,1,1,0,0,0,0,0
A008605,R01,R01-M03,3,3,0,2,1,0,0
A008660,R01,R01-M03,21,21,0,14,6,1,1
A008713,R01,R01-M03,4,4,0,3,1,0,1
A008738,R01,R01-M03,4,4,0,3,1,0,0
A008826,R01,R01-M03,1,1,0,1,1,0,0
A008882,R01,R01-M03,1,1,0,1,0,0,0
A008915,R01,R01-M03,1,1,0,1,1,0,0
A008984,R01,R01-M03,7,7,0,5,3,1,1
A009001,R01,R01-M03,2,2,0,2,1,0,0
A009055,R01,R01-M03,4,4,0,3,1,0,0
A009078,R01,R01-M03,2,2,0,1,1,0,0
A009083,R01,R01-M03,6,6,0,5,1,0,0
A009136,R01,R01-M03,1,1,0,1,1,0,0
A009155,R01,R01-M03,3,3,0,2,1,0,0
A009172,R01,R01-M03,3,3,0,3,1,0,0
A009191,R01,R01-M03,8,8,0,5,2,0,0
A009253,R01,R01-M03,5,5,0,5,3,1,1
A009278,R01,R01-M03,6,6,0,2,1,0,0
A009440,R01,R01-M03,2,2,0,1,0,0,0
A009472,R01,R01-M03,1,1,0,0,0,0,0
A009526,R01,R01-M03,3,3,0,2,0,0,0
A009586,R01,R01-M03,8,8,0,3,2,1,1
A009606,R01,R01-M03,8,8,0,5,2,0,0
A010035,R01,R01-M03,5,5,0,0,0,0,0
A010050,R01,R01-M03,14,14,0,11,3,0,0
A010081,R01,R01-M03,1,1,0,0,0,0,0
A010253,R01,R01-M03,2,2,0,2,0,0,0
A010335,R01,R01-M03,3,3,0,2,0,0,0
A010369,R01,R01-M03,1,1,0,1,1,0,0
A010374,R01,R01-M03,9,9,0,6,2,0,0
A010389,R01,R01-M03,5,5,0,4,1,0,0
A010442,R01,R01-M03,4,4,0,4,2,0,0
A010504,R01,R01-M03,2,2,0,2,0,0,0
A010539,R01,R01-M03,4,4,0,4,2,0,0
A010650,R01,R01-M03,13,13,0,10,3,0,1
A010662,R01,R01-M03,14,14,0,10,4,0,0
A010707,R01,R01-M03,2,2,0,2,0,0,1
A010772,R01,R01-M03,5,5,0,4,2,0,0
A010821,R01,R01-M03,2,2,0,1,0,0,0
A010845,R01,R01-M03,3,3,0,2,1,0,0
A010906,R01,R01-M03,3,3,0,3,2,0,0
A010993,R01,R01-M03,2,2,0,0,0,0,0
A010996,R01,R01-M03,4,4,0,2,2,0,0
A011012,R01,R01-M03,1,1,0,1,0,0,0
A011164,R01,R01-M03,5,5,0,3,0,0,0
A011203,R01,R01-M03,2,2,0,1,1,0,0
A011309,R01,R01-M03,5,5,0,5,5,1,1
A011384,R01,R01-M03,4,3,1,3,0,0,1
A011443,R01,R01-M03,1,1,0,1,0,0,0
A011465,R01,R01-M03,8,8,0,7,4,0,0
A011530,R01,R01-M03,8,8,0,6,2,0,0
A011580,R01,R01-M03,1,1,0,1,1,1,1
A011657,R01,R01-M03,1,1,0,1,0,0,0
A011686,R01,R01-M03,8,8,0,5,1,0,0
A011811,R01,R01-M03,8,8,0,8,3,0,0
A011853,R01,R01-M03,7,7,0,4,0,0,0
A011882,R01,R01-M03,2,2,0,1,1,0,0
A011899,R01,R01-M03,6,5,1,4,1,0,1
A011905,R01,R01-M03,1,1,0,1,0,0,0
A011909,R01,R01-M03,6,5,1,5,4,0,1
A011910,R01,R01-M03,2,2,0,2,0,1,2
A011914,R01,R01-M03,1,1,0,1,1,0,0
A011918,R01,R01-M03,9,9,0,7,1,0,0
A011930,R01,R01-M03,2,2,0,2,0,0,0
A011934,R01,R01-M03,1,1,0,1,0,0,0
A011960,R01,R01-M03,4,4,0,4,2,1,1
A011968,R01,R01-M03,12,12,0,9,2,0,0
A012005,R01,R01-M03,2,2,0,2,1,1,1
A012077,R01,R01-M03,1,1,0,1,0,0,0
A012099,R01,R01-M03,2,2,0,0,0,0,0
A012146,R01,R01-M03,9,9,0,5,2,0,0
A012168,R01,R01-M03,11,11,0,7,2,0,0
A012188,R01,R01-M03,9,9,0,6,1,0,0
A012259,R01,R01-M03,2,2,0,1,1,0,0
A012310,R01,R01-M03,2,2,0,2,1,0,0
A012365,R01,R01-M03,2,2,0,1,1,0,0
A012434,R01,R01-M03,1,1,0,1,1,0,0
A012556,R01,R01-M03,9,9,0,5,4,1,1
A012580,R01,R01-M03,4,4,0,3,3,1,1
A012594,R01,R01-M03,2,2,0,2,0,0,0
A012607,R01,R01-M03,3,3,0,2,2,0,0
A012689,R01,R01-M03,3,3,0,2,0,0,0
A012884,R01,R01-M03,6,6,0,3,1,0,0
A012923,R01,R01-M03,9,9,0,8,3,0,1
A013057,R01,R01-M03,1,1,0,0,0,0,0
A013104,R01,R01-M03,2,2,0,1,1,0,0
A013118,R01,R01-M03,9,9,0,6,3,1,1
A013137,R01,R01-M03,2,2,0,2,1,0,0
A013147,R01,R01-M03,2,2,0,1,0,0,0
A013192,R01,R01-M03,2,2,0,1,0,0,0
A013329,R01,R01-M03,2,2,0,2,2,0,0
A013382,R01,R01-M03,3,3,0,3,0,0,0
A013589,R01,R01-M03,2,2,0,2,0,0,0
A013590,R01,R01-M03,4,4,0,4,0,0,0
A013609,R01,R01-M03,3,3,0,1,1,0,0
A013634,R01,R01-M03,2,2,0,1,1,0,0
A013669,R01,R01-M03,3,3,0,3,1,0,0
A013815,R01,R01-M03,9,8,1,7,2,0,2
A013820,R01,R01-M03,6,6,0,4,2,0,0
A013827,R01,R01-M03,20,20,0,16,7,0,0
A013941,R01,R01-M03,2,1,1,2,0,0,1
A013944,R01,R01-M03,3,3,0,0,0,0,0
A013955,R01,R01-M03,4,4,0,4,1,0,0
A013964,R01,R01-M03,2,2,0,1,0,0,0
A013990,R01,R01-M03,2,2,0,2,2,0,0
A014038,R01,R01-M03,5,5,0,4,2,0,0
A014059,R01,R01-M03,1,1,0,1,1,0,0
A014079,R01,R01-M03,2,2,0,2,0,0,0
A014088,R01,R01-M03,5,5,0,3,0,0,0
A014101,R01,R01-M03,11,11,0,7,2,0,0
A014109,R01,R01-M03,2,2,0,2,1,0,0
A014151,R01,R01-M03,1,1,0,1,1,0,0
A014246,R01,R01-M03,12,12,0,11,5,0,0
A014247,R01,R01-M03,4,4,0,2,0,0,0
A014396,R01,R01-M03,10,10,0,7,1,0,0
A014411,R01,R01-M03,1,1,0,0,0,0,0
A014448,R01,R01-M03,5,5,0,5,3,0,0
A014460,R01,R01-M03,1,1,0,0,0,0,0
A014534,R01,R01-M03,1,1,0,1,1,0,0
A014553,R01,R01-M03,3,3,0,1,1,0,0
A014711,R01,R01-M03,3,3,0,2,0,0,0
A014784,R01,R01-M03,8,7,1,6,3,0,1
A014837,R01,R01-M03,1,1,0,1,0,0,0
A014841,R01,R01-M03,1,1,0,0,0,0,0
A014859,R01,R01-M03,2,2,0,1,0,0,0
A014886,R01,R01-M03,2,2,0,2,1,0,0
A014972,R01,R01-M03,16,16,0,14,3,0,1
A015030,R01,R01-M03,9,9,0,5,1,0,0
A015204,R01,R01-M03,6,6,0,5,2,0,0
A015210,R01,R01-M03,2,1,1,2,1,0,1
A015242,R01,R01-M03,3,3,0,1,1,0,0
A015409,R01,R01-M03,4,4,0,2,0,0,0
A015459,R01,R01-M03,3,3,0,3,1,0,0
A015539,R01,R01-M03,3,3,0,1,0,0,0
A015566,R01,R01-M03,4,4,0,3,2,1,1
A015606,R01,R01-M03,2,2,0,2,2,1,1
A015677,R01,R01-M03,7,7,0,5,1,0,0
A015776,R01,R01-M03,5,5,0,1,1,0,0
A015802,R01,R01-M03,6,6,0,4,3,0,0
A015847,R01,R01-M03,1,1,0,0,0,0,0
A015852,R01,R01-M03,9,9,0,6,4,1,1
A015883,R01,R01-M03,2,2,0,2,1,0,0
A015892,R01,R01-M03,8,8,0,7,4,0,0
A015977,R01,R01-M03,7,7,0,4,2,0,0
A015985,R01,R01-M03,2,2,0,2,1,0,0
A016007,R01,R01-M03,3,3,0,2,0,0,1
A016019,R01,R01-M03,10,10,0,7,6,1,1
A016053,R01,R01-M03,2,2,0,2,1,0,0
A016062,R01,R01-M03,1,1,0,1,1,0,0
A016105,R01,R01-M03,7,7,0,7,5,0,1
A016238,R01,R01-M03,3,3,0,3,2,0,0
A016280,R01,R01-M03,5,4,1,4,2,0,1
A016297,R01,R01-M03,3,3,0,2,1,0,0
A016342,R01,R01-M03,3,3,0,3,0,0,1
A016508,R01,R01-M03,3,3,0,2,1,0,0
A016548,R01,R01-M03,4,4,0,2,2,0,0
A016616,R01,R01-M03,8,8,0,4,1,0,0
A016640,R01,R01-M03,1,1,0,1,0,0,0
A016762,R01,R01-M03,9,9,0,4,1,0,0
A016790,R01,R01-M03,2,2,0,2,2,0,0
A016838,R01,R01-M03,1,1,0,1,0,0,0
A016867,R01,R01-M03,14,14,0,8,3,0,0
A016885,R01,R01-M03,4,4,0,3,1,0,0
A016897,R01,R01-M03,5,5,0,3,0,0,0
A017092,R01,R01-M03,2,2,0,1,0,0,0
A017113,R01,R01-M03,10,10,0,7,4,0,0
A017118,R01,R01-M03,11,11,0,7,4,0,0
A017195,R01,R01-M03,3,3,0,2,1,0,0
A017232,R01,R01-M03,6,6,0,2,1,0,0
A017251,R01,R01-M03,2,2,0,2,1,0,0
A017278,R01,R01-M03,3,3,0,0,0,0,0
A017405,R01,R01-M03,2,2,0,2,0,0,0
A017574,R01,R01-M03,4,4,0,1,1,0,0
A017594,R01,R01-M03,1,1,0,1,1,0,0
A017596,R01,R01-M03,4,4,0,2,1,0,0
A017640,R01,R01-M03,1,1,0,1,1,0,0
A017726,R01,R01-M03,15,14,1,13,3,0,1
A017731,R01,R01-M03,1,1,0,1,0,0,0
A017784,R01,R01-M03,1,1,0,0,0,0,0
A017822,R01,R01-M03,2,2,0,1,1,0,0
A000187,R01,R01-M04,3,3,0,2,1,0,0
A000210,R01,R01-M04,5,5,0,2,2,0,0
A000254,R01,R01-M04,13,12,1,10,6,0,3
A000267,R01,R01-M04,6,6,0,4,0,0,0
A000304,R01,R01-M04,7,7,0,6,3,1,1
A000425,R01,R01-M04,10,10,0,7,3,0,0
A000447,R01,R01-M04,1,1,0,1,0,0,0
A000480,R01,R01-M04,2,1,1,2,1,0,1
A000508,R01,R01-M04,3,3,0,2,0,0,0
A000516,R01,R01-M04,1,1,0,1,0,0,0
A000608,R01,R01-M04,7,7,0,4,3,0,0
A000657,R01,R01-M04,5,5,0,2,0,0,0
A000681,R01,R01-M04,9,9,0,5,2,0,0
A000682,R01,R01-M04,5,5,0,4,1,0,0
A000686,R01,R01-M04,1,1,0,0,0,0,0
A000695,R01,R01-M04,8,8,0,6,2,0,0
A000699,R01,R01-M04,4,4,0,4,0,0,0
A000746,R01,R01-M04,10,10,0,9,6,0,0
A000770,R01,R01-M04,1,1,0,1,0,0,0
A000806,R01,R01-M04,13,12,1,10,4,1,2
A000993,R01,R01-M04,6,6,0,4,2,0,0
A001051,R01,R01-M04,1,1,0,1,1,0,0
A001054,R01,R01-M04,9,9,0,6,1,0,0
A001096,R01,R01-M04,7,7,0,6,2,0,0
A001137,R01,R01-M04,9,9,0,6,2,0,0
A001207,R01,R01-M04,13,12,1,9,4,0,1
A001212,R01,R01-M04,2,2,0,1,0,0,0
A001242,R01,R01-M04,1,1,0,1,0,0,1
A001299,R01,R01-M04,14,14,0,10,5,1,1
A001403,R01,R01-M04,8,7,1,7,4,0,1
A001455,R01,R01-M04,2,2,0,1,1,0,0
A001456,R01,R01-M04,4,3,1,1,0,0,1
A001500,R01,R01-M04,1,1,0,1,1,0,0
A001561,R01,R01-M04,2,2,0,0,0,0,0
A001569,R01,R01-M04,2,2,0,1,0,0,0
A001578,R01,R01-M04,2,2,0,2,2,0,0
A001612,R01,R01-M04,5,5,0,4,1,0,0
A001653,R01,R01-M04,1,1,0,0,0,0,0
A001762,R01,R01-M04,12,12,0,8,1,0,0
A001863,R01,R01-M04,2,2,0,2,0,0,0
A001917,R01,R01-M04,7,7,0,4,2,0,0
A001945,R01,R01-M04,3,3,0,3,1,0,0
A002051,R01,R01-M04,6,6,0,4,2,0,0
A002186,R01,R01-M04,18,18,0,12,5,0,0
A002282,R01,R01-M04,8,8,0,7,5,0,0
A002437,R01,R01-M04,1,1,0,0,0,0,0
A002477,R01,R01-M04,6,6,0,1,1,0,0
A002488,R01,R01-M04,2,2,0,2,1,0,0
A002502,R01,R01-M04,19,19,0,12,3,2,3
A002508,R01,R01-M04,13,13,0,8,3,2,2
A002554,R01,R01-M04,5,5,0,3,1,0,0
A002664,R01,R01-M04,10,10,0,6,1,0,0
A002670,R01,R01-M04,4,4,0,2,0,0,0
A002769,R01,R01-M04,2,2,0,1,0,0,0
A002797,R01,R01-M04,4,4,0,3,2,0,0
A002886,R01,R01-M04,8,8,0,5,1,0,0
A002957,R01,R01-M04,4,4,0,3,1,0,1
A002974,R01,R01-M04,3,3,0,1,0,0,0
A003065,R01,R01-M04,7,7,0,7,4,1,1
A003101,R01,R01-M04,3,3,0,1,0,0,0
A003105,R01,R01-M04,3,3,0,2,1,0,0
A003183,R01,R01-M04,3,3,0,2,1,0,0
A003297,R01,R01-M04,12,12,0,7,1,0,1
A003413,R01,R01-M04,11,11,0,5,1,0,0
A003419,R01,R01-M04,6,5,1,4,0,0,1
A003422,R01,R01-M04,5,5,0,5,3,0,0
A003470,R01,R01-M04,5,5,0,1,0,0,0
A003722,R01,R01-M04,5,5,0,4,2,0,0
A003890,R01,R01-M04,2,2,0,0,0,0,0
A003977,R01,R01-M04,4,4,0,4,1,0,0
A004312,R01,R01-M04,1,1,0,1,1,0,0
A004436,R01,R01-M04,3,3,0,2,1,1,1
A004502,R01,R01-M04,2,2,0,2,1,0,0
A004589,R01,R01-M04,1,1,0,1,0,0,0
A004779,R01,R01-M04,3,3,0,1,0,0,1
A004796,R01,R01-M04,10,10,0,8,3,0,0
A004823,R01,R01-M04,2,2,0,2,2,0,0
A004987,R01,R01-M04,4,4,0,3,2,0,0
A005020,R01,R01-M04,3,3,0,2,2,0,0
A005126,R01,R01-M04,3,3,0,3,0,0,0
A005152,R01,R01-M04,1,1,0,1,1,0,0
A005157,R01,R01-M04,4,4,0,3,0,0,0
A005158,R01,R01-M04,10,10,0,7,3,0,0
A005249,R01,R01-M04,11,11,0,11,7,0,0
A005252,R01,R01-M04,8,8,0,6,2,0,1
A005269,R01,R01-M04,4,4,0,1,0,0,0
A005364,R01,R01-M04,7,7,0,7,3,0,0
A005375,R01,R01-M04,5,5,0,4,2,0,0
A005381,R01,R01-M04,3,3,0,2,1,0,0
A005472,R01,R01-M04,5,5,0,2,0,0,0
A005620,R01,R01-M04,2,2,0,2,2,0,0
A005641,R01,R01-M04,8,8,0,6,3,0,0
A005701,R01,R01-M04,10,9,1,8,5,0,1
A005778,R01,R01-M04,6,5,1,6,2,0,1
A006002,R01,R01-M04,3,3,0,3,0,0,0
A006101,R01,R01-M04,5,5,0,1,1,0,0
A006107,R01,R01-M04,1,1,0,0,0,0,0
A006109,R01,R01-M04,6,6,0,3,2,0,0
A006133,R01,R01-M04,2,2,0,1,0,0,0
A006162,R01,R01-M04,10,10,0,8,3,0,0
A006163,R01,R01-M04,14,13,1,12,4,0,1
A006235,R01,R01-M04,5,5,0,4,0,0,0
A006246,R01,R01-M04,14,14,0,10,5,0,0
A006265,R01,R01-M04,2,2,0,0,0,0,0
A006330,R01,R01-M04,4,4,0,3,2,0,0
A006396,R01,R01-M04,1,1,0,0,0,0,0
A006452,R01,R01-M04,2,2,0,1,1,0,0
A006516,R01,R01-M04,3,3,0,1,0,0,0
A006606,R01,R01-M04,1,1,0,0,0,0,0
A006674,R01,R01-M04,6,6,0,4,2,0,0
A006839,R01,R01-M04,2,2,0,2,0,0,0
A006947,R01,R01-M04,3,3,0,3,1,0,0
A007048,R01,R01-M04,4,4,0,3,0,0,0
A007141,R01,R01-M04,2,2,0,2,1,0,0
A007225,R01,R01-M04,1,1,0,1,0,0,1
A007255,R01,R01-M04,3,3,0,2,2,0,0
A007264,R01,R01-M04,7,7,0,6,3,0,0
A007289,R01,R01-M04,2,2,0,1,0,0,1
A007304,R01,R01-M04,2,2,0,2,2,0,0
A007344,R01,R01-M04,12,12,0,10,3,0,0
A007377,R01,R01-M04,4,4,0,1,0,0,0
A007433,R01,R01-M04,2,2,0,2,1,0,0
A007554,R01,R01-M04,10,10,0,9,4,0,0
A007612,R01,R01-M04,8,8,0,7,3,0,0
A007622,R01,R01-M04,6,6,0,6,1,0,0
A007626,R01,R01-M04,13,13,0,8,5,0,0
A007630,R01,R01-M04,3,3,0,3,1,0,1
A007648,R01,R01-M04,1,1,0,1,1,0,0
A007773,R01,R01-M04,6,6,0,4,2,0,0
A007775,R01,R01-M04,9,9,0,6,3,0,1
A007794,R01,R01-M04,4,4,0,2,1,0,0
A007831,R01,R01-M04,6,6,0,3,1,0,0
A007860,R01,R01-M04,5,5,0,3,1,0,0
A007864,R01,R01-M04,3,3,0,1,0,0,0
A007870,R01,R01-M04,1,1,0,0,0,0,0
A007871,R01,R01-M04,5,5,0,4,3,0,0
A007921,R01,R01-M04,12,12,0,11,5,0,0
A007940,R01,R01-M04,15,15,0,14,5,0,1
A007998,R01,R01-M04,1,1,0,1,0,0,0
A008042,R01,R01-M04,1,1,0,1,0,0,0
A008056,R01,R01-M04,1,1,0,1,1,0,0
A008173,R01,R01-M04,7,6,1,6,4,0,1
A008235,R01,R01-M04,2,2,0,1,1,0,0
A008252,R01,R01-M04,8,8,0,5,2,1,2
A008266,R01,R01-M04,3,3,0,1,1,0,0
A008422,R01,R01-M04,2,2,0,2,1,0,0
A008507,R01,R01-M04,1,1,0,1,0,0,0
A008561,R01,R01-M04,2,2,0,1,1,0,0
A008564,R01,R01-M04,2,2,0,2,2,0,0
A008571,R01,R01-M04,4,4,0,3,1,0,0
A008633,R01,R01-M04,9,9,0,9,4,0,0
A008726,R01,R01-M04,2,2,0,2,1,0,0
A008741,R01,R01-M04,2,2,0,1,0,0,0
A008774,R01,R01-M04,4,4,0,4,1,0,0
A008787,R01,R01-M04,5,5,0,3,0,0,0
A008827,R01,R01-M04,4,4,0,1,1,0,0
A008872,R01,R01-M04,9,9,0,5,2,0,0
A008899,R01,R01-M04,1,1,0,1,1,0,0
A008911,R01,R01-M04,6,6,0,3,0,0,0
A009044,R01,R01-M04,5,5,0,4,2,0,0
A009051,R01,R01-M04,3,3,0,3,1,0,0
A009280,R01,R01-M04,2,2,0,2,0,0,0
A009328,R01,R01-M04,9,8,1,5,2,0,1
A009330,R01,R01-M04,2,2,0,2,1,0,0
A009397,R01,R01-M04,7,7,0,5,3,0,0
A009407,R01,R01-M04,1,1,0,0,0,0,0
A009445,R01,R01-M04,2,2,0,1,0,0,0
A009479,R01,R01-M04,3,3,0,3,1,0,0
A009480,R01,R01-M04,1,1,0,1,0,0,0
A009627,R01,R01-M04,2,2,0,2,2,0,0
A009687,R01,R01-M04,8,8,0,5,2,0,1
A009716,R01,R01-M04,3,3,0,2,0,0,0
A009834,R01,R01-M04,10,10,0,3,2,1,1
A009860,R01,R01-M04,4,4,0,4,0,0,0
A009872,R01,R01-M04,4,4,0,2,1,0,0
A009959,R01,R01-M04,4,4,0,3,0,0,0
A009975,R01,R01-M04,7,7,0,4,0,0,0
A010084,R01,R01-M04,6,6,0,3,2,0,0
A010085,R01,R01-M04,1,1,0,1,0,0,0
A010106,R01,R01-M04,14,14,0,11,6,0,0
A010197,R01,R01-M04,2,2,0,0,0,0,0
A010325,R01,R01-M04,4,4,0,3,1,0,0
A010405,R01,R01-M04,2,2,0,2,0,0,0
A010481,R01,R01-M04,4,4,0,3,3,0,0
A010496,R01,R01-M04,9,9,0,7,4,0,0
A010550,R01,R01-M04,3,3,0,2,0,0,0
A010562,R01,R01-M04,6,6,0,4,0,0,1
A010614,R01,R01-M04,2,2,0,2,2,0,1
A010624,R01,R01-M04,8,8,0,5,2,0,2
A010633,R01,R01-M04,1,1,0,1,1,0,0
A010686,R01,R01-M04,11,11,0,9,4,0,1
A010734,R01,R01-M04,10,10,0,7,1,0,0
A010820,R01,R01-M04,5,5,0,5,2,0,0
A010857,R01,R01-M04,2,2,0,1,0,0,0
A010924,R01,R01-M04,2,2,0,2,0,0,0
A011084,R01,R01-M04,4,4,0,3,0,0,1
A011193,R01,R01-M04,1,1,0,1,0,0,0
A011211,R01,R01-M04,17,17,0,12,5,0,0
A011234,R01,R01-M04,3,3,0,3,2,0,1
A011358,R01,R01-M04,3,3,0,1,1,0,0
A011369,R01,R01-M04,3,3,0,1,1,0,0
A011457,R01,R01-M04,5,4,1,3,1,0,2
A011467,R01,R01-M04,4,4,0,3,2,0,0
A011543,R01,R01-M04,12,12,0,10,5,1,1
A011545,R01,R01-M04,2,2,0,1,0,0,0
A011582,R01,R01-M04,3,3,0,3,0,0,0
A011590,R01,R01-M04,3,3,0,3,0,0,0
A011620,R01,R01-M04,4,4,0,3,1,0,0
A011624,R01,R01-M04,11,11,0,6,4,0,0
A011653,R01,R01-M04,8,7,1,7,4,0,1
A011808,R01,R01-M04,3,3,0,1,1,0,0
A011828,R01,R01-M04,5,5,0,3,1,0,0
A011880,R01,R01-M04,10,10,0,8,3,0,0
A012121,R01,R01-M04,10,10,0,7,1,0,0
A012177,R01,R01-M04,5,5,0,4,3,0,0
A012309,R01,R01-M04,1,1,0,1,1,0,0
A012327,R01,R01-M04,16,16,0,10,4,0,0
A012336,R01,R01-M04,13,13,0,11,8,0,0
A012417,R01,R01-M04,2,2,0,1,1,0,0
A012699,R01,R01-M04,4,4,0,4,1,0,0
A012720,R01,R01-M04,1,1,0,1,1,0,0
A012760,R01,R01-M04,4,4,0,3,2,0,0
A012784,R01,R01-M04,11,10,1,8,5,0,1
A012847,R01,R01-M04,4,4,0,4,2,1,1
A012868,R01,R01-M04,3,3,0,2,0,0,0
A012957,R01,R01-M04,8,8,0,4,3,1,1
A012993,R01,R01-M04,3,3,0,3,0,0,1
A013100,R01,R01-M04,2,2,0,1,1,0,0
A013135,R01,R01-M04,6,5,1,5,5,0,1
A013187,R01,R01-M04,2,2,0,2,1,0,0
A013289,R01,R01-M04,2,2,0,1,1,0,0
A013355,R01,R01-M04,6,6,0,6,2,0,0
A013453,R01,R01-M04,3,3,0,3,0,0,1
A013462,R01,R01-M04,9,9,0,8,2,0,0
A013491,R01,R01-M04,2,2,0,1,1,0,0
A013532,R01,R01-M04,9,9,0,4,1,0,0
A013540,R01,R01-M04,2,2,0,1,1,0,0
A013642,R01,R01-M04,4,3,1,2,2,1,2
A013655,R01,R01-M04,4,4,0,4,2,0,0
A013721,R01,R01-M04,1,0,1,1,0,0,1
A013836,R01,R01-M04,7,7,0,3,1,0,0
A013851,R01,R01-M04,7,7,0,5,1,0,0
A013852,R01,R01-M04,8,8,0,5,3,0,0
A013862,R01,R01-M04,2,2,0,0,0,0,0
A013931,R01,R01-M04,2,1,1,2,1,0,1
A013985,R01,R01-M04,4,4,0,3,1,0,0
A014020,R01,R01-M04,2,2,0,2,2,0,0
A014092,R01,R01-M04,1,1,0,1,1,0,0
A014105,R01,R01-M04,9,9,0,6,2,0,0
A014229,R01,R01-M04,7,7,0,5,2,0,0
A014233,R01,R01-M04,10,10,0,8,3,0,0
A014245,R01,R01-M04,2,2,0,1,1,0,0
A014252,R01,R01-M04,2,2,0,1,0,0,0
A014276,R01,R01-M04,2,2,0,1,0,0,0
A014277,R01,R01-M04,4,4,0,3,1,0,0
A014384,R01,R01-M04,1,1,0,1,1,0,0
A014404,R01,R01-M04,9,9,0,4,3,0,0
A014417,R01,R01-M04,4,4,0,3,1,0,0
A014464,R01,R01-M04,15,15,0,7,3,0,0
A014473,R01,R01-M04,9,9,0,8,0,0,1
A014509,R01,R01-M04,2,2,0,1,0,0,0
A014565,R01,R01-M04,6,6,0,4,1,0,0
A014607,R01,R01-M04,3,3,0,3,0,0,0
A014641,R01,R01-M04,12,12,0,9,5,0,0
A014687,R01,R01-M04,5,5,0,5,1,0,0
A014816,R01,R01-M04,4,4,0,3,1,0,0
A014882,R01,R01-M04,4,4,0,3,0,0,0
A014917,R01,R01-M04,1,1,0,1,1,0,0
A014949,R01,R01-M04,10,9,1,8,1,0,1
A014962,R01,R01-M04,6,6,0,3,1,1,1
A014968,R01,R01-M04,1,1,0,1,0,0,0
A014984,R01,R01-M04,3,3,0,3,2,0,0
A014992,R01,R01-M04,2,2,0,1,1,0,0
A015078,R01,R01-M04,9,9,0,6,3,0,0
A015137,R01,R01-M04,3,2,1,2,1,0,1
A015166,R01,R01-M04,6,6,0,1,1,0,0
A015196,R01,R01-M04,3,3,0,2,0,0,0
A015260,R01,R01-M04,5,5,0,5,2,0,0
A015337,R01,R01-M04,1,1,0,1,1,1,1
A015417,R01,R01-M04,4,4,0,3,1,1,1
A015445,R01,R01-M04,7,7,0,6,3,0,0
A015478,R01,R01-M04,4,4,0,3,0,0,0
A015557,R01,R01-M04,2,2,0,2,1,0,0
A015563,R01,R01-M04,3,3,0,3,0,0,0
A015682,R01,R01-M04,3,3,0,2,1,1,1
A015794,R01,R01-M04,1,1,0,1,1,0,0
A015842,R01,R01-M04,5,5,0,4,3,0,0
A015848,R01,R01-M04,5,5,0,2,1,0,0
A016026,R01,R01-M04,5,5,0,4,0,0,0
A016195,R01,R01-M04,6,6,0,5,2,1,1
A016201,R01,R01-M04,6,6,0,4,1,0,0
A016213,R01,R01-M04,1,1,0,0,0,0,0
A016333,R01,R01-M04,1,1,0,1,1,0,0
A016345,R01,R01-M04,2,2,0,2,0,0,0
A016346,R01,R01-M04,2,2,0,2,0,0,0
A016385,R01,R01-M04,2,2,0,1,1,0,0
A016418,R01,R01-M04,3,3,0,0,0,0,0
A016648,R01,R01-M04,2,2,0,1,0,0,0
A016687,R01,R01-M04,2,2,0,1,0,0,0
A016717,R01,R01-M04,10,10,0,6,3,0,0
A016744,R01,R01-M04,15,15,0,9,2,0,0
A016807,R01,R01-M04,4,4,0,4,1,0,0
A016916,R01,R01-M04,5,5,0,3,0,0,0
A016949,R01,R01-M04,5,5,0,4,1,0,0
A016967,R01,R01-M04,4,4,0,4,1,0,0
A016974,R01,R01-M04,8,8,0,6,3,0,0
A017037,R01,R01-M04,1,1,0,1,0,0,0
A017135,R01,R01-M04,1,1,0,1,0,0,0
A017264,R01,R01-M04,1,1,0,1,1,0,0
A017467,R01,R01-M04,5,5,0,4,3,0,0
A017505,R01,R01-M04,5,5,0,3,1,0,0
A017510,R01,R01-M04,6,6,0,3,2,0,0
A017531,R01,R01-M04,3,3,0,1,0,0,0
A017646,R01,R01-M04,5,5,0,3,1,0,0
A017673,R01,R01-M04,3,3,0,2,0,0,0
A017697,R01,R01-M04,2,2,0,1,1,0,0
A017917,R01,R01-M04,3,3,0,1,1,0,0
A017936,R01,R01-M04,4,4,0,2,1,0,0
A017959,R01,R01-M04,7,7,0,5,2,0,1
A000039,R02,R02-M01,7,7,0,3,0,0,0
A000124,R02,R02-M01,5,5,0,4,4,0,0
A000185,R02,R02-M01,4,4,0,2,1,0,0
A000346,R02,R02-M01,5,5,0,4,2,1,1
A000399,R02,R02-M01,6,6,0,2,2,0,0
A000438,R02,R02-M01,1,1,0,1,1,0,0
A000476,R02,R02-M01,11,11,0,11,4,0,0
A000477,R02,R02-M01,5,5,0,3,2,0,1
A000564,R02,R02-M01,3,3,0,1,0,0,0
A000673,R02,R02-M01,7,7,0,6,2,0,0
A000675,R02,R02-M01,2,2,0,2,1,1,1
A000721,R02,R02-M01,1,1,0,1,1,0,0
A000782,R02,R02-M01,11,11,0,7,2,0,0
A001037,R02,R02-M01,4,4,0,3,2,0,0
A001214,R02,R02-M01,10,10,0,7,1,0,0
A001216,R02,R02-M01,2,2,0,0,0,0,0
A001245,R02,R02-M01,1,1,0,1,1,0,0
A001265,R02,R02-M01,2,2,0,2,1,0,0
A001283,R02,R02-M01,4,4,0,4,2,0,0
A001337,R02,R02-M01,3,3,0,1,1,0,0
A001360,R02,R02-M01,4,4,0,4,2,0,0
A001374,R02,R02-M01,3,3,0,2,0,0,0
A001586,R02,R02-M01,5,5,0,5,1,0,0
A001665,R02,R02-M01,4,4,0,2,1,0,0
A001667,R02,R02-M01,1,1,0,1,1,0,0
A001668,R02,R02-M01,3,3,0,3,0,0,1
A001673,R02,R02-M01,4,4,0,3,2,0,0
A001712,R02,R02-M01,5,4,1,4,3,0,1
A001840,R02,R02-M01,1,1,0,1,1,0,0
A001847,R02,R02-M01,3,2,1,2,1,0,1
A001947,R02,R02-M01,7,7,0,6,3,1,1
A002047,R02,R02-M01,3,3,0,2,0,0,0
A002254,R02,R02-M01,1,1,0,1,0,0,0
A002266,R02,R02-M01,11,11,0,5,2,0,0
A002296,R02,R02-M01,1,1,0,0,0,0,0
A002300,R02,R02-M01,5,5,0,3,1,0,0
A002378,R02,R02-M01,5,5,0,2,1,0,0
A002440,R02,R02-M01,2,2,0,1,0,0,0
A002496,R02,R02-M01,8,8,0,4,3,2,2
A002515,R02,R02-M01,6,6,0,4,0,0,0
A002604,R02,R02-M01,5,5,0,2,2,0,0
A002615,R02,R02-M01,5,5,0,5,1,1,1
A002647,R02,R02-M01,13,13,0,8,1,0,0
A002738,R02,R02-M01,8,7,1,6,4,1,2
A002802,R02,R02-M01,1,1,0,1,1,0,0
A002885,R02,R02-M01,2,2,0,1,0,0,0
A002888,R02,R02-M01,4,4,0,3,2,0,0
A002972,R02,R02-M01,3,3,0,2,0,0,0
A002989,R02,R02-M01,2,2,0,1,1,0,0
A003208,R02,R02-M01,6,6,0,5,2,0,0
A003218,R02,R02-M01,5,4,1,4,1,0,1
A003339,R02,R02-M01,4,4,0,3,1,0,1
A003370,R02,R02-M01,10,10,0,7,1,0,1
A003376,R02,R02-M01,1,1,0,1,0,0,0
A003715,R02,R02-M01,1,1,0,1,0,0,0
A003718,R02,R02-M01,4,4,0,4,0,0,0
A003904,R02,R02-M01,15,15,0,13,5,0,1
A003933,R02,R02-M01,3,3,0,2,0,0,0
A003965,R02,R02-M01,7,7,0,6,3,1,1
A003998,R02,R02-M01,4,4,0,4,0,0,0
A004040,R02,R02-M01,1,1,0,1,1,0,0
A004046,R02,R02-M01,9,9,0,5,1,0,0
A004051,R02,R02-M01,6,6,0,5,3,0,0
A004105,R02,R02-M01,2,2,0,2,1,0,0
A004212,R02,R02-M01,3,3,0,2,2,0,0
A004314,R02,R02-M01,7,7,0,5,4,0,0
A004322,R02,R02-M01,6,6,0,5,4,0,0
A004409,R02,R02-M01,2,2,0,0,0,0,0
A004453,R02,R02-M01,1,1,0,1,0,0,0
A004527,R02,R02-M01,7,7,0,6,2,0,0
A004566,R02,R02-M01,2,2,0,2,1,0,0
A004581,R02,R02-M01,4,4,0,2,2,0,0
A004685,R02,R02-M01,2,2,0,2,0,0,0
A004712,R02,R02-M01,1,1,0,0,0,0,0
A004739,R02,R02-M01,9,9,0,6,2,0,0
A004773,R02,R02-M01,5,5,0,4,2,0,0
A004810,R02,R02-M01,5,5,0,2,0,0,0
A004926,R02,R02-M01,1,1,0,1,1,0,0
A005005,R02,R02-M01,7,7,0,3,1,0,0
A005083,R02,R02-M01,4,4,0,3,2,0,0
A005100,R02,R02-M01,12,12,0,10,5,0,1
A005117,R02,R02-M01,2,2,0,2,1,0,0
A005119,R02,R02-M01,4,4,0,4,2,0,0
A005172,R02,R02-M01,10,10,0,7,2,0,0
A005180,R02,R02-M01,6,6,0,2,0,0,0
A005194,R02,R02-M01,5,5,0,2,1,0,0
A005260,R02,R02-M01,5,5,0,4,2,1,1
A005271,R02,R02-M01,1,1,0,1,0,0,0
A005291,R02,R02-M01,9,9,0,6,4,0,0
A005342,R02,R02-M01,2,2,0,2,0,0,0
A005502,R02,R02-M01,1,1,0,1,0,0,0
A005549,R02,R02-M01,4,4,0,4,2,0,1
A005627,R02,R02-M01,2,2,0,1,0,0,0
A005628,R02,R02-M01,1,1,0,1,0,0,0
A005665,R02,R02-M01,5,5,0,3,1,0,0
A005676,R02,R02-M01,8,8,0,4,1,0,0
A005699,R02,R02-M01,10,10,0,5,3,0,0
A005757,R02,R02-M01,4,4,0,1,0,0,0
A005785,R02,R02-M01,2,2,0,1,0,0,0
A005857,R02,R02-M01,3,3,0,3,0,0,0
A005878,R02,R02-M01,2,2,0,1,0,0,0
A005947,R02,R02-M01,3,3,0,2,0,0,0
A006056,R02,R02-M01,3,3,0,1,0,0,0
A006199,R02,R02-M01,2,2,0,0,0,0,0
A006210,R02,R02-M01,1,1,0,1,0,0,0
A006316,R02,R02-M01,1,1,0,1,0,0,0
A006354,R02,R02-M01,12,12,0,7,6,1,1
A006459,R02,R02-M01,1,1,0,1,1,0,0
A006460,R02,R02-M01,3,3,0,2,1,0,0
A006554,R02,R02-M01,2,1,1,2,1,0,1
A006563,R02,R02-M01,8,8,0,4,2,0,0
A006571,R02,R02-M01,4,4,0,3,0,0,0
A006580,R02,R02-M01,7,7,0,6,3,0,0
A006704,R02,R02-M01,9,9,0,7,2,0,0
A006727,R02,R02-M01,3,3,0,1,1,0,0
A006807,R02,R02-M01,14,14,0,8,3,2,3
A006994,R02,R02-M01,1,1,0,1,0,0,0
A006996,R02,R02-M01,3,3,0,2,1,0,0
A006998,R02,R02-M01,1,1,0,1,0,0,0
A007043,R02,R02-M01,10,10,0,8,3,0,0
A007136,R02,R02-M01,2,2,0,2,1,0,0
A007167,R02,R02-M01,7,7,0,5,3,1,1
A007273,R02,R02-M01,2,2,0,0,0,0,0
A007306,R02,R02-M01,3,3,0,1,0,0,0
A007316,R02,R02-M01,5,5,0,1,1,0,0
A007332,R02,R02-M01,5,5,0,4,1,0,1
A007499,R02,R02-M01,10,10,0,6,2,0,1
A007552,R02,R02-M01,2,2,0,2,1,0,0
A007598,R02,R02-M01,1,1,0,1,1,0,0
A007638,R02,R02-M01,3,3,0,2,0,0,0
A007739,R02,R02-M01,6,5,1,2,0,0,1
A007914,R02,R02-M01,2,2,0,2,1,0,0
A007938,R02,R02-M01,10,10,0,3,1,0,0
A007942,R02,R02-M01,2,2,0,2,1,0,0
A008088,R02,R02-M01,1,1,0,0,0,0,0
A008106,R02,R02-M01,2,2,0,2,1,0,0
A008207,R02,R02-M01,2,2,0,2,2,0,0
A008225,R02,R02-M01,2,2,0,0,0,0,0
A008278,R02,R02-M01,3,3,0,2,1,0,0
A008363,R02,R02-M01,1,1,0,1,1,0,0
A008446,R02,R02-M01,3,3,0,3,2,0,0
A008464,R02,R02-M01,4,4,0,4,2,1,1
A008501,R02,R02-M01,1,1,0,0,0,0,0
A008547,R02,R02-M01,4,4,0,2,1,0,0
A008694,R02,R02-M01,7,7,0,7,3,0,0
A008964,R02,R02-M01,5,5,0,2,1,0,0
A008987,R02,R02-M01,2,2,0,1,0,0,0
A009074,R02,R02-M01,5,5,0,5,1,0,0
A009098,R02,R02-M01,20,20,0,14,6,0,0
A009113,R02,R02-M01,7,7,0,5,3,0,0
A009213,R02,R02-M01,14,14,0,7,4,0,0
A009243,R02,R02-M01,9,9,0,5,2,0,0
A009358,R02,R02-M01,4,4,0,4,2,0,0
A009393,R02,R02-M01,5,5,0,4,0,0,0
A009506,R02,R02-M01,7,7,0,5,2,0,0
A009670,R02,R02-M01,1,1,0,0,0,0,0
A009698,R02,R02-M01,6,6,0,2,1,0,0
A009749,R02,R02-M01,4,4,0,4,2,0,0
A009751,R02,R02-M01,5,5,0,2,1,0,0
A009786,R02,R02-M01,2,2,0,1,0,0,0
A009820,R02,R02-M01,1,1,0,1,1,0,0
A009875,R02,R02-M01,7,7,0,6,1,0,0
A009897,R02,R02-M01,9,9,0,7,1,0,0
A009931,R02,R02-M01,15,15,0,12,3,1,1
A009950,R02,R02-M01,1,1,0,1,0,0,0
A009983,R02,R02-M01,3,3,0,3,2,0,0
A010055,R02,R02-M01,1,1,0,1,1,0,0
A010086,R02,R02-M01,1,1,0,0,0,0,0
A010088,R02,R02-M01,1,1,0,1,1,0,0
A010091,R02,R02-M01,2,1,1,2,0,0,1
A010129,R02,R02-M01,4,4,0,3,1,0,0
A010131,R02,R02-M01,3,3,0,2,2,0,0
A010173,R02,R02-M01,2,2,0,1,1,1,1
A010311,R02,R02-M01,12,12,0,9,5,0,1
A010353,R02,R02-M01,13,13,0,10,4,0,0
A010497,R02,R02-M01,2,2,0,0,0,0,0
A010534,R02,R02-M01,2,2,0,2,0,0,0
A010538,R02,R02-M01,1,1,0,1,1,0,0
A010589,R02,R02-M01,2,2,0,2,1,0,0
A010623,R02,R02-M01,16,16,0,12,8,0,0
A010728,R02,R02-M01,6,6,0,4,1,0,0
A010733,R02,R02-M01,2,2,0,2,1,0,0
A010825,R02,R02-M01,1,1,0,1,1,0,0
A010875,R02,R02-M01,2,2,0,1,1,1,1
A010912,R02,R02-M01,9,9,0,8,4,0,0
A010915,R02,R02-M01,3,3,0,2,1,0,0
A010980,R02,R02-M01,6,6,0,3,3,0,0
A011072,R02,R02-M01,3,3,0,2,2,0,0
A011149,R02,R02-M01,5,5,0,4,0,0,0
A011210,R02,R02-M01,3,3,0,3,0,0,0
A011270,R02,R02-M01,7,6,1,6,2,0,3
A011410,R02,R02-M01,3,3,0,3,2,0,0
A011477,R02,R02-M01,6,6,0,4,2,0,0
A011510,R02,R02-M01,2,1,1,2,0,0,1
A011521,R02,R02-M01,12,12,0,10,3,0,0
A011562,R02,R02-M01,8,8,0,7,2,1,2
A011568,R02,R02-M01,10,10,0,7,1,0,0
A011647,R02,R02-M01,1,1,0,1,0,0,0
A011730,R02,R02-M01,3,3,0,2,1,1,1
A011776,R02,R02-M01,3,3,0,2,1,0,0
A011785,R02,R02-M01,1,1,0,1,1,0,0
A011836,R02,R02-M01,4,4,0,4,1,0,0
A011865,R02,R02-M01,13,13,0,11,1,0,0
A011866,R02,R02-M01,7,7,0,6,2,0,0
A011884,R02,R02-M01,2,2,0,1,0,0,0
A011912,R02,R02-M01,5,5,0,3,1,0,0
A011920,R02,R02-M01,1,0,1,1,0,0,1
A012022,R02,R02-M01,2,2,0,0,0,0,0
A012037,R02,R02-M01,5,5,0,2,1,0,0
A012227,R02,R02-M01,7,7,0,4,1,0,0
A012291,R02,R02-M01,8,8,0,3,1,1,1
A012324,R02,R02-M01,7,7,0,5,4,1,1
A012360,R02,R02-M01,5,5,0,3,1,0,1
A012443,R02,R02-M01,13,9,4,11,6,0,4
A012478,R02,R02-M01,1,1,0,1,0,0,0
A012558,R02,R02-M01,6,6,0,5,1,0,0
A012564,R02,R02-M01,2,2,0,2,0,0,0
A012597,R02,R02-M01,3,3,0,2,1,0,0
A012598,R02,R02-M01,1,1,0,0,0,0,0
A012603,R02,R02-M01,5,5,0,4,2,0,0
A012742,R02,R02-M01,5,5,0,3,2,0,0
A012865,R02,R02-M01,3,3,0,2,1,0,0
A012921,R02,R02-M01,6,6,0,5,2,0,0
A013018,R02,R02-M01,10,10,0,6,3,0,1
A013121,R02,R02-M01,1,1,0,1,0,0,0
A013162,R02,R02-M01,8,8,0,5,2,0,1
A013322,R02,R02-M01,5,5,0,3,1,1,1
A013361,R02,R02-M01,4,4,0,3,1,0,1
A013464,R02,R02-M01,12,12,0,8,3,0,0
A013503,R02,R02-M01,7,7,0,4,1,0,0
A013531,R02,R02-M01,5,5,0,5,0,0,0
A013585,R02,R02-M01,2,2,0,1,0,0,0
A013588,R02,R02-M01,2,2,0,2,2,0,0
A013611,R02,R02-M01,3,3,0,3,3,0,0
A013622,R02,R02-M01,3,3,0,1,1,0,0
A013648,R02,R02-M01,1,1,0,1,0,0,0
A013719,R02,R02-M01,2,2,0,1,0,0,0
A013734,R02,R02-M01,1,1,0,0,0,0,0
A013793,R02,R02-M01,14,14,0,10,3,0,0
A013798,R02,R02-M01,3,2,1,3,2,0,1
A013812,R02,R02-M01,6,6,0,4,1,0,0
A013868,R02,R02-M01,6,6,0,2,0,0,0
A013882,R02,R02-M01,7,7,0,7,3,0,1
A014026,R02,R02-M01,4,4,0,3,0,0,0
A014073,R02,R02-M01,10,10,0,5,2,0,0
A014087,R02,R02-M01,2,2,0,2,1,0,0
A014094,R02,R02-M01,9,9,0,7,4,0,0
A014104,R02,R02-M01,3,3,0,2,1,0,0
A014113,R02,R02-M01,7,6,1,6,2,0,1
A014122,R02,R02-M01,2,2,0,1,0,0,0
A014138,R02,R02-M01,7,7,0,5,1,0,0
A014175,R02,R02-M01,2,2,0,2,2,0,0
A014268,R02,R02-M01,5,5,0,4,0,0,0
A014283,R02,R02-M01,5,5,0,5,1,0,0
A014292,R02,R02-M01,4,4,0,2,0,0,0
A014296,R02,R02-M01,3,3,0,3,2,0,0
A014305,R02,R02-M01,8,8,0,6,2,0,0
A014314,R02,R02-M01,3,3,0,3,2,0,0
A014329,R02,R02-M01,4,4,0,3,0,0,0
A014393,R02,R02-M01,9,9,0,6,2,1,2
A014468,R02,R02-M01,1,1,0,1,1,0,0
A014469,R02,R02-M01,7,7,0,6,0,0,0
A014495,R02,R02-M01,3,3,0,3,1,0,0
A014559,R02,R02-M01,2,2,0,1,0,0,0
A014566,R02,R02-M01,1,1,0,1,0,0,0
A014661,R02,R02-M01,1,1,0,1,0,0,0
A014822,R02,R02-M01,3,3,0,3,0,0,1
A014834,R02,R02-M01,6,6,0,5,2,0,0
A014836,R02,R02-M01,3,3,0,2,0,0,0
A014910,R02,R02-M01,6,6,0,3,1,1,1
A014942,R02,R02-M01,6,6,0,4,2,0,0
A014971,R02,R02-M01,6,5,1,5,2,0,1
A014994,R02,R02-M01,2,2,0,2,0,0,0
A015005,R02,R02-M01,1,1,0,0,0,0,0
A015068,R02,R02-M01,8,8,0,7,3,0,1
A015161,R02,R02-M01,9,9,0,7,1,0,0
A015252,R02,R02-M01,1,1,0,1,0,0,0
A015367,R02,R02-M01,4,4,0,4,1,0,0
A015414,R02,R02-M01,3,3,0,3,2,0,0
A015427,R02,R02-M01,3,3,0,2,1,0,0
A015560,R02,R02-M01,3,3,0,2,0,0,0
A015567,R02,R02-M01,1,1,0,1,0,0,0
A015633,R02,R02-M01,3,3,0,3,0,0,0
A015695,R02,R02-M01,8,8,0,5,1,1,1
A015730,R02,R02-M01,6,6,0,3,1,0,0
A015768,R02,R02-M01,4,4,0,3,1,0,0
A015854,R02,R02-M01,2,2,0,1,0,0,0
A015911,R02,R02-M01,3,3,0,1,0,0,0
A015939,R02,R02-M01,3,3,0,0,0,0,0
A016024,R02,R02-M01,3,3,0,3,2,0,0
A016027,R02,R02-M01,5,5,0,3,2,0,0
A016057,R02,R02-M01,5,5,0,2,0,0,0
A016081,R02,R02-M01,4,4,0,3,2,0,0
A016261,R02,R02-M01,1,1,0,1,1,0,0
A016304,R02,R02-M01,2,2,0,1,0,0,0
A016362,R02,R02-M01,4,4,0,3,1,0,1
A016368,R02,R02-M01,6,6,0,2,1,0,0
A016376,R02,R02-M01,1,1,0,1,1,0,0
A016496,R02,R02-M01,2,2,0,2,1,0,0
A016512,R02,R02-M01,4,4,0,3,1,0,0
A016541,R02,R02-M01,2,2,0,2,1,0,0
A016723,R02,R02-M01,3,3,0,3,1,0,0
A016817,R02,R02-M01,8,8,0,6,1,0,0
A016821,R02,R02-M01,4,4,0,4,2,0,0
A016914,R02,R02-M01,1,1,0,1,0,0,0
A016983,R02,R02-M01,5,5,0,3,1,0,0
A017008,R02,R02-M01,5,5,0,3,1,0,0
A017019,R02,R02-M01,7,7,0,6,0,0,0
A017057,R02,R02-M01,1,1,0,0,0,0,0
A017134,R02,R02-M01,4,4,0,2,1,0,0
A017191,R02,R02-M01,1,1,0,1,1,0,0
A017227,R02,R02-M01,6,6,0,5,3,0,0
A017266,R02,R02-M01,9,9,0,4,2,0,0
A017273,R02,R02-M01,5,5,0,3,0,0,0
A017524,R02,R02-M01,7,7,0,2,2,0,1
A017620,R02,R02-M01,11,11,0,8,2,1,2
A017755,R02,R02-M01,12,12,0,10,4,0,1
A017781,R02,R02-M01,2,1,1,2,2,1,2
A017789,R02,R02-M01,8,8,0,7,3,1,2
A017821,R02,R02-M01,1,1,0,1,0,0,0
A017861,R02,R02-M01,7,7,0,4,1,0,0
A017973,R02,R02-M01,1,1,0,1,1,0,0
A000060,R02,R02-M02,7,6,1,5,1,0,1
A000324,R02,R02-M02,1,1,0,1,1,1,1
A000401,R02,R02-M02,4,4,0,2,1,1,1
A000408,R02,R02-M02,1,1,0,1,0,0,0
A000432,R02,R02-M02,7,7,0,5,1,1,1
A000556,R02,R02-M02,12,12,0,10,5,0,0
A000674,R02,R02-M02,1,1,0,0,0,0,0
A000700,R02,R02-M02,9,9,0,7,4,0,0
A000709,R02,R02-M02,5,5,0,4,4,0,0
A000793,R02,R02-M02,7,7,0,2,0,0,0
A000874,R02,R02-M02,3,3,0,1,0,0,0
A000889,R02,R02-M02,4,4,0,3,1,0,0
A001030,R02,R02-M02,7,7,0,5,3,0,0
A001141,R02,R02-M02,4,4,0,3,0,0,0
A001167,R02,R02-M02,3,3,0,1,0,0,0
A001414,R02,R02-M02,6,6,0,5,2,0,0
A001538,R02,R02-M02,2,2,0,2,1,0,0
A001611,R02,R02-M02,3,3,0,3,0,0,0
A001621,R02,R02-M02,2,1,1,1,0,0,1
A001727,R02,R02-M02,2,2,0,1,1,1,1
A001735,R02,R02-M02,3,3,0,2,2,0,0
A001806,R02,R02-M02,8,8,0,8,2,0,0
A001825,R02,R02-M02,5,5,0,1,0,0,0
A001918,R02,R02-M02,13,13,0,6,1,0,0
A001963,R02,R02-M02,7,7,0,4,1,0,0
A001967,R02,R02-M02,2,2,0,0,0,0,0
A002036,R02,R02-M02,10,10,0,6,2,0,1
A002053,R02,R02-M02,2,2,0,2,2,0,0
A002133,R02,R02-M02,5,5,0,4,2,0,0
A002199,R02,R02-M02,3,3,0,3,0,0,0
A002231,R02,R02-M02,3,3,0,3,0,0,0
A002244,R02,R02-M02,1,1,0,1,0,0,0
A002285,R02,R02-M02,1,1,0,0,0,0,0
A002297,R02,R02-M02,5,5,0,3,2,0,0
A002417,R02,R02-M02,8,8,0,7,3,0,0
A002471,R02,R02-M02,5,5,0,0,0,0,0
A002530,R02,R02-M02,7,7,0,5,1,0,0
A002606,R02,R02-M02,1,1,0,1,0,0,0
A002695,R02,R02-M02,9,9,0,4,1,0,0
A002702,R02,R02-M02,7,7,0,4,0,0,0
A002939,R02,R02-M02,3,3,0,1,0,0,0
A002943,R02,R02-M02,5,5,0,5,5,0,0
A002945,R02,R02-M02,5,5,0,2,1,0,0
A002962,R02,R02-M02,1,1,0,1,1,0,0
A003047,R02,R02-M02,1,1,0,1,1,0,0
A003097,R02,R02-M02,1,1,0,1,0,0,0
A003099,R02,R02-M02,5,5,0,4,0,0,0
A003121,R02,R02-M02,1,1,0,1,0,0,0
A003204,R02,R02-M02,5,5,0,4,3,1,1
A003264,R02,R02-M02,5,5,0,4,2,0,0
A003287,R02,R02-M02,2,2,0,1,0,0,0
A003374,R02,R02-M02,7,7,0,5,3,0,0
A003435,R02,R02-M02,11,10,1,9,4,1,2
A003579,R02,R02-M02,6,5,1,4,3,0,1
A003598,R02,R02-M02,4,4,0,4,0,0,0
A003606,R02,R02-M02,10,10,0,7,6,0,0
A003607,R02,R02-M02,2,2,0,0,0,0,0
A003633,R02,R02-M02,9,9,0,5,3,0,0
A003638,R02,R02-M02,11,11,0,7,1,0,0
A003744,R02,R02-M02,5,5,0,2,0,0,0
A003813,R02,R02-M02,4,4,0,2,1,0,0
A003833,R02,R02-M02,4,4,0,1,0,0,0
A003866,R02,R02-M02,12,11,1,10,2,0,1
A003907,R02,R02-M02,10,10,0,8,2,1,2
A003930,R02,R02-M02,4,4,0,3,2,0,0
A003963,R02,R02-M02,8,8,0,5,2,0,0
A003992,R02,R02-M02,5,5,0,4,1,0,0
A004055,R02,R02-M02,9,9,0,9,3,0,0
A004097,R02,R02-M02,5,5,0,3,2,0,0
A004162,R02,R02-M02,7,7,0,7,1,0,0
A004252,R02,R02-M02,5,5,0,2,1,0,0
A004317,R02,R02-M02,3,3,0,3,2,1,1
A004328,R02,R02-M02,5,5,0,3,1,0,0
A004419,R02,R02-M02,3,3,0,2,1,0,0
A004471,R02,R02-M02,1,1,0,1,0,0,0
A004640,R02,R02-M02,12,12,0,6,2,0,0
A004690,R02,R02-M02,7,7,0,5,2,0,0
A004734,R02,R02-M02,2,2,0,1,0,0,0
A004738,R02,R02-M02,2,2,0,2,2,0,0
A004757,R02,R02-M02,9,9,0,8,6,0,0
A004761,R02,R02-M02,2,2,0,1,0,0,0
A004771,R02,R02-M02,2,2,0,1,0,0,0
A004804,R02,R02-M02,12,12,0,8,3,0,0
A004957,R02,R02-M02,3,3,0,2,0,0,0
A004976,R02,R02-M02,1,1,0,1,1,0,0
A004989,R02,R02-M02,1,1,0,0,0,0,0
A005043,R02,R02-M02,3,3,0,3,3,0,0
A005061,R02,R02-M02,1,1,0,1,0,0,0
A005075,R02,R02-M02,4,4,0,1,0,0,1
A005116,R02,R02-M02,2,2,0,2,1,0,0
A005202,R02,R02-M02,4,4,0,1,0,0,0
A005232,R02,R02-M02,4,4,0,4,3,1,1
A005266,R02,R02-M02,1,1,0,1,1,0,0
A005488,R02,R02-M02,4,4,0,2,1,0,0
A005496,R02,R02-M02,2,2,0,1,1,0,0
A005698,R02,R02-M02,3,3,0,3,1,0,0
A005769,R02,R02-M02,2,2,0,1,0,0,0
A005796,R02,R02-M02,6,6,0,4,2,0,0
A005830,R02,R02-M02,6,6,0,6,3,0,0
A005831,R02,R02-M02,7,7,0,2,1,1,1
A005879,R02,R02-M02,1,1,0,0,0,0,0
A006073,R02,R02-M02,6,6,0,4,2,0,0
A006079,R02,R02-M02,8,7,1,8,5,1,2
A006145,R02,R02-M02,8,8,0,4,2,0,0
A006161,R02,R02-M02,10,9,1,6,1,0,1
A006177,R02,R02-M02,1,1,0,1,0,0,0
A006260,R02,R02-M02,11,10,1,7,2,1,2
A006322,R02,R02-M02,2,2,0,2,1,0,0
A006345,R02,R02-M02,10,10,0,6,5,0,0
A006367,R02,R02-M02,1,1,0,1,0,0,0
A006395,R02,R02-M02,1,1,0,1,0,0,0
A006400,R02,R02-M02,16,16,0,7,3,0,0
A006405,R02,R02-M02,2,2,0,2,2,0,0
A006506,R02,R02-M02,5,5,0,3,1,1,1
A006509,R02,R02-M02,5,5,0,3,1,0,0
A006583,R02,R02-M02,2,2,0,1,1,0,0
A006714,R02,R02-M02,3,3,0,2,1,0,0
A006720,R02,R02-M02,5,5,0,4,1,0,0
A006766,R02,R02-M02,2,2,0,1,0,0,0
A006774,R02,R02-M02,2,2,0,1,0,0,0
A006867,R02,R02-M02,8,8,0,5,0,0,0
A006869,R02,R02-M02,7,7,0,6,1,0,0
A006888,R02,R02-M02,5,5,0,4,4,0,0
A007018,R02,R02-M02,12,12,0,5,5,1,1
A007124,R02,R02-M02,3,2,1,1,0,0,1
A007134,R02,R02-M02,11,11,0,8,0,0,0
A007178,R02,R02-M02,1,1,0,1,0,0,0
A007193,R02,R02-M02,4,4,0,3,2,0,0
A007248,R02,R02-M02,4,4,0,3,1,0,0
A007309,R02,R02-M02,5,5,0,2,0,0,0
A007372,R02,R02-M02,2,2,0,2,1,0,0
A007436,R02,R02-M02,20,19,1,12,4,0,2
A007444,R02,R02-M02,9,8,1,8,5,0,1
A007467,R02,R02-M02,4,4,0,3,1,0,0
A007498,R02,R02-M02,1,1,0,1,0,0,0
A007529,R02,R02-M02,1,1,0,1,0,0,0
A007556,R02,R02-M02,9,9,0,9,3,1,1
A007628,R02,R02-M02,5,5,0,5,1,0,0
A007697,R02,R02-M02,11,11,0,8,3,0,0
A007743,R02,R02-M02,5,5,0,4,2,1,1
A007752,R02,R02-M02,3,3,0,1,0,0,0
A007757,R02,R02-M02,1,1,0,1,0,0,0
A007850,R02,R02-M02,2,2,0,2,2,0,0
A007978,R02,R02-M02,1,1,0,1,1,0,0
A008001,R02,R02-M02,3,3,0,3,1,0,0
A008023,R02,R02-M02,2,2,0,1,0,0,0
A008132,R02,R02-M02,2,2,0,0,0,0,0
A008255,R02,R02-M02,9,9,0,5,3,0,0
A008271,R02,R02-M02,1,1,0,1,1,0,0
A008284,R02,R02-M02,8,7,1,6,1,0,1
A008339,R02,R02-M02,1,1,0,1,0,0,0
A008369,R02,R02-M02,19,19,0,12,6,0,0
A008388,R02,R02-M02,3,3,0,1,0,0,0
A008418,R02,R02-M02,6,6,0,4,1,0,0
A008497,R02,R02-M02,4,4,0,2,1,0,0
A008574,R02,R02-M02,5,5,0,3,0,0,0
A008685,R02,R02-M02,1,1,0,1,0,0,0
A008739,R02,R02-M02,9,9,0,6,1,0,0
A008746,R02,R02-M02,3,3,0,2,0,0,0
A008748,R02,R02-M02,4,4,0,3,1,0,0
A009037,R02,R02-M02,8,7,1,6,3,0,1
A009056,R02,R02-M02,2,2,0,2,1,0,0
A009101,R02,R02-M02,2,2,0,2,0,0,0
A009124,R02,R02-M02,2,2,0,1,1,0,0
A009266,R02,R02-M02,6,6,0,5,2,0,0
A009292,R02,R02-M02,1,1,0,1,0,0,0
A009353,R02,R02-M02,6,6,0,5,2,0,0
A009415,R02,R02-M02,2,2,0,2,1,0,0
A009444,R02,R02-M02,11,11,0,8,3,0,0
A009491,R02,R02-M02,2,2,0,1,1,0,0
A009577,R02,R02-M02,4,4,0,4,0,0,0
A009615,R02,R02-M02,2,2,0,1,1,0,0
A009666,R02,R02-M02,4,4,0,3,0,0,0
A009764,R02,R02-M02,10,10,0,8,1,0,1
A009781,R02,R02-M02,2,2,0,2,2,0,0
A009789,R02,R02-M02,3,3,0,0,0,0,0
A009799,R02,R02-M02,3,3,0,3,2,1,1
A009930,R02,R02-M02,12,12,0,10,5,0,0
A009941,R02,R02-M02,3,3,0,2,1,0,0
A009980,R02,R02-M02,1,1,0,1,0,0,0
A010004,R02,R02-M02,2,2,0,1,1,0,0
A010017,R02,R02-M02,1,1,0,0,0,0,0
A010104,R02,R02-M02,2,2,0,0,0,0,0
A010252,R02,R02-M02,6,6,0,5,3,1,1
A010404,R02,R02-M02,4,3,1,4,1,0,1
A010450,R02,R02-M02,1,0,1,1,0,0,1
A010503,R02,R02-M02,3,3,0,3,2,1,1
A010574,R02,R02-M02,2,2,0,2,0,0,0
A010675,R02,R02-M02,8,8,0,7,1,1,1
A010704,R02,R02-M02,4,4,0,2,0,0,0
A010852,R02,R02-M02,2,2,0,2,0,0,0
A010998,R02,R02-M02,17,17,0,11,5,1,1
A011034,R02,R02-M02,4,3,1,4,2,0,1
A011190,R02,R02-M02,3,3,0,3,2,0,0
A011197,R02,R02-M02,1,0,1,1,0,0,1
A011399,R02,R02-M02,13,13,0,8,5,1,1
A011522,R02,R02-M02,4,4,0,3,0,0,0
A011716,R02,R02-M02,5,5,0,3,1,0,0
A011723,R02,R02-M02,2,2,0,1,0,0,0
A011784,R02,R02-M02,4,2,2,4,1,0,2
A011901,R02,R02-M02,17,16,1,13,3,0,1
A011997,R02,R02-M02,3,3,0,2,0,0,0
A012035,R02,R02-M02,1,1,0,1,1,0,0
A012052,R02,R02-M02,2,2,0,1,1,0,0
A012066,R02,R02-M02,5,5,0,3,1,0,0
A012281,R02,R02-M02,2,2,0,1,0,0,0
A012290,R02,R02-M02,1,1,0,1,0,0,1
A012382,R02,R02-M02,5,5,0,4,2,0,0
A012426,R02,R02-M02,4,3,1,4,2,0,2
A012466,R02,R02-M02,6,6,0,5,1,0,0
A012477,R02,R02-M02,2,2,0,2,0,0,0
A012485,R02,R02-M02,2,2,0,1,0,0,0
A012501,R02,R02-M02,2,2,0,2,1,0,2
A012545,R02,R02-M02,5,5,0,3,0,0,0
A012573,R02,R02-M02,7,7,0,5,3,0,0
A012614,R02,R02-M02,2,2,0,2,1,0,0
A012657,R02,R02-M02,2,2,0,2,1,0,0
A012683,R02,R02-M02,1,1,0,1,1,0,0
A012698,R02,R02-M02,2,2,0,2,2,0,0
A012762,R02,R02-M02,4,4,0,3,1,1,1
A012786,R02,R02-M02,4,4,0,3,1,0,0
A013010,R02,R02-M02,9,9,0,7,1,0,0
A013226,R02,R02-M02,5,5,0,2,1,0,0
A013283,R02,R02-M02,4,4,0,4,1,0,0
A013353,R02,R02-M02,2,2,0,2,0,0,0
A013367,R02,R02-M02,1,1,0,1,0,0,0
A013394,R02,R02-M02,1,1,0,1,1,0,0
A013461,R02,R02-M02,3,3,0,3,1,1,2
A013465,R02,R02-M02,18,18,0,14,8,1,2
A013485,R02,R02-M02,6,6,0,2,1,0,0
A013529,R02,R02-M02,1,1,0,1,0,0,0
A013577,R02,R02-M02,2,2,0,2,1,0,0
A013742,R02,R02-M02,7,7,0,6,4,0,0
A013749,R02,R02-M02,3,3,0,2,0,0,0
A013781,R02,R02-M02,11,11,0,7,3,0,0
A013800,R02,R02-M02,3,3,0,2,2,0,0
A013857,R02,R02-M02,5,5,0,3,0,0,0
A013905,R02,R02-M02,3,3,0,1,1,0,0
A013935,R02,R02-M02,13,13,0,9,4,0,0
A014071,R02,R02-M02,1,1,0,1,0,0,0
A014284,R02,R02-M02,2,2,0,2,0,0,0
A014462,R02,R02-M02,6,6,0,3,2,0,0
A014488,R02,R02-M02,11,11,0,9,4,0,0
A014539,R02,R02-M02,6,6,0,3,1,0,0
A014569,R02,R02-M02,10,10,0,8,2,0,0
A014693,R02,R02-M02,2,2,0,2,0,0,0
A014946,R02,R02-M02,1,1,0,0,0,0,0
A015165,R02,R02-M02,1,1,0,0,0,0,0
A015284,R02,R02-M02,9,9,0,6,2,0,0
A015286,R02,R02-M02,2,2,0,1,1,0,0
A015326,R02,R02-M02,2,2,0,1,1,0,0
A015355,R02,R02-M02,4,4,0,4,1,0,0
A015505,R02,R02-M02,6,6,0,5,1,0,0
A015584,R02,R02-M02,2,2,0,1,1,0,0
A015616,R02,R02-M02,2,2,0,1,1,0,0
A015654,R02,R02-M02,2,2,0,1,0,0,0
A015766,R02,R02-M02,7,7,0,7,3,0,0
A015839,R02,R02-M02,5,5,0,4,1,0,0
A015888,R02,R02-M02,2,2,0,1,0,0,0
A015943,R02,R02-M02,5,5,0,5,4,0,0
A015964,R02,R02-M02,3,3,0,1,0,0,0
A015975,R02,R02-M02,4,4,0,2,1,1,1
A016074,R02,R02-M02,4,4,0,4,3,0,0
A016166,R02,R02-M02,8,8,0,6,4,0,0
A016180,R02,R02-M02,2,2,0,2,0,0,0
A016184,R02,R02-M02,4,4,0,3,1,0,0
A016295,R02,R02-M02,5,5,0,2,1,0,0
A016400,R02,R02-M02,6,6,0,2,2,0,0
A016507,R02,R02-M02,2,2,0,2,1,0,0
A016565,R02,R02-M02,1,1,0,1,0,0,0
A016627,R02,R02-M02,1,1,0,1,0,0,0
A016656,R02,R02-M02,1,1,0,1,0,0,0
A016677,R02,R02-M02,8,8,0,7,3,0,0
A016681,R02,R02-M02,18,18,0,11,4,0,0
A016760,R02,R02-M02,4,4,0,3,1,0,0
A016795,R02,R02-M02,1,1,0,1,0,0,0
A016869,R02,R02-M02,5,5,0,2,0,0,0
A016927,R02,R02-M02,5,5,0,0,0,0,0
A016975,R02,R02-M02,10,10,0,7,4,0,0
A017088,R02,R02-M02,4,4,0,3,1,0,0
A017164,R02,R02-M02,3,3,0,1,0,0,0
A017170,R02,R02-M02,3,3,0,3,1,0,0
A017184,R02,R02-M02,5,5,0,4,1,0,0
A017198,R02,R02-M02,2,2,0,1,0,0,0
A017220,R02,R02-M02,4,4,0,3,1,1,1
A017324,R02,R02-M02,8,6,2,6,1,0,4
A017410,R02,R02-M02,3,3,0,2,1,0,0
A017545,R02,R02-M02,5,5,0,5,4,0,0
A017584,R02,R02-M02,3,3,0,3,0,0,0
A017608,R02,R02-M02,4,4,0,1,1,0,0
A017663,R02,R02-M02,1,1,0,0,0,0,0
A017916,R02,R02-M02,3,3,0,3,2,0,0
A017952,R02,R02-M02,7,7,0,6,2,0,0
A017954,R02,R02-M02,1,1,0,1,1,0,0
A017975,R02,R02-M02,4,4,0,1,0,0,0
A017990,R02,R02-M02,8,7,1,7,3,0,1
A017992,R02,R02-M02,4,3,1,3,2,0,1
A017998,R02,R02-M02,7,7,0,3,0,0,0
A000019,R02,R02-M03,1,1,0,1,1,0,0
A000206,R02,R02-M03,2,2,0,2,0,0,0
A000261,R02,R02-M03,6,6,0,5,2,0,0
A000315,R02,R02-M03,2,2,0,0,0,0,0
A000351,R02,R02-M03,5,5,0,5,2,0,0
A000377,R02,R02-M03,4,4,0,3,0,0,0
A000422,R02,R02-M03,4,4,0,2,1,0,0
A000458,R02,R02-M03,5,4,1,5,2,0,1
A000485,R02,R02-M03,1,1,0,1,1,0,0
A000521,R02,R02-M03,6,6,0,5,0,0,0
A000566,R02,R02-M03,2,2,0,2,0,0,0
A000604,R02,R02-M03,3,3,0,2,1,0,1
A000650,R02,R02-M03,2,2,0,2,0,0,0
A000656,R02,R02-M03,3,3,0,3,3,0,0
A000677,R02,R02-M03,10,8,2,7,4,0,2
A000732,R02,R02-M03,1,1,0,1,1,0,0
A000761,R02,R02-M03,2,2,0,1,1,0,0
A000850,R02,R02-M03,10,10,0,8,2,0,0
A000851,R02,R02-M03,3,3,0,3,0,0,0
A001026,R02,R02-M03,4,4,0,3,1,0,0
A001039,R02,R02-M03,3,3,0,2,2,0,0
A001150,R02,R02-M03,9,9,0,4,3,0,0
A001190,R02,R02-M03,1,1,0,1,1,0,0
A001363,R02,R02-M03,9,9,0,3,2,0,0
A001393,R02,R02-M03,2,2,0,2,2,1,1
A001398,R02,R02-M03,1,1,0,1,0,0,0
A001402,R02,R02-M03,3,3,0,1,0,0,0
A001438,R02,R02-M03,2,2,0,1,1,0,0
A001469,R02,R02-M03,2,2,0,0,0,0,0
A001505,R02,R02-M03,4,4,0,4,4,0,0
A001613,R02,R02-M03,13,13,0,8,4,0,0
A001624,R02,R02-M03,1,1,0,1,0,0,0
A001674,R02,R02-M03,2,2,0,1,0,0,0
A001684,R02,R02-M03,5,5,0,3,1,0,0
A001715,R02,R02-M03,3,3,0,3,1,0,0
A001720,R02,R02-M03,1,1,0,1,0,0,0
A001802,R02,R02-M03,2,2,0,1,0,0,0
A001880,R02,R02-M03,2,2,0,1,0,0,0
A001955,R02,R02-M03,2,2,0,2,0,0,0
A001985,R02,R02-M03,2,2,0,2,1,0,1
A001996,R02,R02-M03,2,2,0,2,2,1,1
A002043,R02,R02-M03,10,10,0,9,4,1,1
A002131,R02,R02-M03,3,3,0,3,0,0,0
A002174,R02,R02-M03,1,1,0,1,0,0,0
A002224,R02,R02-M03,3,3,0,2,1,0,0
A002307,R02,R02-M03,1,1,0,0,0,0,0
A002362,R02,R02-M03,7,7,0,7,5,1,1
A002492,R02,R02-M03,9,9,0,7,3,0,0
A002667,R02,R02-M03,12,12,0,11,2,0,0
A002728,R02,R02-M03,1,1,0,1,0,0,0
A002765,R02,R02-M03,3,3,0,3,1,0,0
A002855,R02,R02-M03,4,4,0,4,3,0,0
A002899,R02,R02-M03,2,2,0,2,0,0,0
A002917,R02,R02-M03,4,4,0,3,0,0,0
A002952,R02,R02-M03,3,3,0,3,2,0,0
A003003,R02,R02-M03,1,1,0,0,0,0,0
A003112,R02,R02-M03,1,1,0,0,0,0,0
A003143,R02,R02-M03,13,13,0,8,4,0,0
A003232,R02,R02-M03,4,4,0,3,0,0,0
A003450,R02,R02-M03,1,1,0,0,0,0,0
A003472,R02,R02-M03,5,5,0,3,3,0,0
A003514,R02,R02-M03,5,5,0,3,1,0,0
A003651,R02,R02-M03,6,6,0,4,1,0,0
A003676,R02,R02-M03,13,13,0,11,2,0,0
A003746,R02,R02-M03,2,2,0,2,0,0,0
A003777,R02,R02-M03,2,2,0,1,1,0,0
A003950,R02,R02-M03,3,3,0,2,0,0,0
A004075,R02,R02-M03,17,17,0,11,7,1,1
A004110,R02,R02-M03,4,4,0,3,1,0,0
A004144,R02,R02-M03,2,2,0,1,1,0,0
A004151,R02,R02-M03,1,1,0,1,0,0,0
A004178,R02,R02-M03,1,1,0,1,1,0,0
A004302,R02,R02-M03,1,1,0,1,1,0,0
A004345,R02,R02-M03,4,4,0,3,1,0,0
A004398,R02,R02-M03,6,6,0,5,1,0,0
A004401,R02,R02-M03,6,6,0,5,2,0,0
A004416,R02,R02-M03,9,9,0,8,5,2,2
A004495,R02,R02-M03,12,12,0,9,3,0,0
A004621,R02,R02-M03,7,6,1,6,5,0,1
A004624,R02,R02-M03,3,3,0,3,0,0,0
A004705,R02,R02-M03,4,4,0,3,0,0,0
A004714,R02,R02-M03,3,3,0,2,0,0,0
A004758,R02,R02-M03,22,19,3,16,10,0,3
A004842,R02,R02-M03,2,1,1,2,0,0,2
A004884,R02,R02-M03,6,6,0,5,2,0,1
A004936,R02,R02-M03,5,5,0,4,2,0,0
A005029,R02,R02-M03,3,3,0,1,0,0,0
A005063,R02,R02-M03,1,1,0,1,0,0,0
A005143,R02,R02-M03,4,4,0,2,0,0,0
A005163,R02,R02-M03,4,4,0,2,1,0,0
A005192,R02,R02-M03,6,6,0,5,0,0,0
A005243,R02,R02-M03,1,1,0,1,1,0,0
A005267,R02,R02-M03,2,2,0,1,1,0,0
A005280,R02,R02-M03,4,3,1,3,1,0,2
A005294,R02,R02-M03,11,11,0,7,3,1,1
A005409,R02,R02-M03,1,1,0,0,0,0,0
A005416,R02,R02-M03,6,6,0,3,2,0,0
A005422,R02,R02-M03,1,1,0,1,0,0,0
A005450,R02,R02-M03,2,2,0,2,1,0,0
A005462,R02,R02-M03,5,5,0,4,0,0,0
A005464,R02,R02-M03,4,3,1,4,1,0,1
A005479,R02,R02-M03,5,5,0,4,2,0,0
A005510,R02,R02-M03,5,4,1,3,0,0,1
A005599,R02,R02-M03,7,7,0,4,2,0,0
A005634,R02,R02-M03,1,1,0,0,0,0,0
A005762,R02,R02-M03,2,2,0,1,0,0,0
A005779,R02,R02-M03,3,3,0,2,0,0,1
A005783,R02,R02-M03,3,3,0,3,1,0,0
A005797,R02,R02-M03,4,4,0,4,3,0,0
A005817,R02,R02-M03,3,3,0,2,1,0,0
A005821,R02,R02-M03,4,4,0,3,1,0,0
A005836,R02,R02-M03,8,8,0,4,1,0,0
A005852,R02,R02-M03,1,1,0,0,0,0,0
A005862,R02,R02-M03,10,10,0,6,2,0,0
A005905,R02,R02-M03,12,12,0,8,2,1,1
A005942,R02,R02-M03,4,4,0,3,1,0,0
A005978,R02,R02-M03,10,10,0,5,0,0,0
A006039,R02,R02-M03,3,3,0,1,0,0,0
A006116,R02,R02-M03,7,7,0,4,0,0,0
A006119,R02,R02-M03,2,2,0,1,0,0,0
A006124,R02,R02-M03,4,4,0,3,1,0,0
A006222,R02,R02-M03,8,8,0,5,4,0,0
A006225,R02,R02-M03,3,3,0,2,0,0,0
A006297,R02,R02-M03,4,4,0,4,3,1,1
A006323,R02,R02-M03,1,1,0,1,0,0,0
A006335,R02,R02-M03,2,2,0,2,2,0,0
A006343,R02,R02-M03,3,3,0,1,1,0,0
A006417,R02,R02-M03,2,2,0,2,1,0,0
A006528,R02,R02-M03,5,5,0,4,4,1,1
A006542,R02,R02-M03,10,10,0,6,1,0,0
A006600,R02,R02-M03,9,9,0,7,3,1,1
A006602,R02,R02-M03,1,1,0,0,0,0,0
A006669,R02,R02-M03,1,1,0,0,0,0,0
A006697,R02,R02-M03,14,14,0,12,3,0,0
A006702,R02,R02-M03,9,9,0,5,1,0,0
A006745,R02,R02-M03,1,1,0,1,0,0,0
A006768,R02,R02-M03,3,3,0,3,2,0,0
A006792,R02,R02-M03,5,5,0,3,2,0,0
A006799,R02,R02-M03,3,3,0,3,2,0,0
A006850,R02,R02-M03,11,11,0,9,3,2,2
A006860,R02,R02-M03,3,3,0,3,1,0,0
A006905,R02,R02-M03,6,6,0,4,2,0,0
A006913,R02,R02-M03,16,16,0,9,3,0,0
A006962,R02,R02-M03,2,2,0,1,0,0,0
A007012,R02,R02-M03,24,24,0,16,5,1,1
A007056,R02,R02-M03,4,4,0,2,1,0,0
A007072,R02,R02-M03,1,1,0,1,0,0,0
A007256,R02,R02-M03,2,2,0,1,1,0,0
A007326,R02,R02-M03,1,1,0,0,0,0,0
A007387,R02,R02-M03,7,7,0,4,0,0,0
A007535,R02,R02-M03,4,4,0,2,1,0,0
A007579,R02,R02-M03,1,1,0,0,0,0,0
A007709,R02,R02-M03,1,1,0,1,0,0,0
A007713,R02,R02-M03,9,9,0,6,3,0,0
A007722,R02,R02-M03,2,2,0,2,0,0,0
A007808,R02,R02-M03,6,5,1,5,2,0,2
A007841,R02,R02-M03,3,3,0,3,1,0,0
A007849,R02,R02-M03,1,1,0,1,0,0,0
A007924,R02,R02-M03,1,1,0,0,0,0,0
A008000,R02,R02-M03,18,18,0,16,9,1,1
A008135,R02,R02-M03,9,9,0,8,4,0,0
A008352,R02,R02-M03,8,8,0,5,3,0,0
A008362,R02,R02-M03,4,4,0,3,3,1,1
A008380,R02,R02-M03,3,3,0,3,1,0,0
A008402,R02,R02-M03,4,4,0,3,0,0,0
A008472,R02,R02-M03,3,3,0,2,0,0,1
A008627,R02,R02-M03,18,18,0,14,8,0,0
A008638,R02,R02-M03,3,3,0,2,1,0,0
A008750,R02,R02-M03,2,2,0,1,1,0,0
A008803,R02,R02-M03,1,1,0,1,0,0,0
A008840,R02,R02-M03,1,1,0,1,1,0,0
A008881,R02,R02-M03,12,12,0,7,2,1,1
A008900,R02,R02-M03,1,1,0,1,0,0,0
A009023,R02,R02-M03,8,8,0,5,2,0,0
A009166,R02,R02-M03,7,7,0,4,1,0,0
A009209,R02,R02-M03,1,1,0,0,0,0,0
A009264,R02,R02-M03,9,9,0,5,0,0,0
A009265,R02,R02-M03,2,2,0,2,0,0,0
A009333,R02,R02-M03,2,2,0,2,0,0,0
A009381,R02,R02-M03,5,4,1,5,2,0,1
A009443,R02,R02-M03,3,3,0,2,2,1,1
A009452,R02,R02-M03,3,3,0,1,0,0,0
A009489,R02,R02-M03,8,8,0,8,4,0,0
A009547,R02,R02-M03,5,5,0,5,2,0,1
A009679,R02,R02-M03,2,2,0,1,0,0,0
A009739,R02,R02-M03,2,2,0,1,1,0,0
A009818,R02,R02-M03,3,3,0,3,1,0,0
A009902,R02,R02-M03,2,2,0,1,0,0,0
A009928,R02,R02-M03,6,6,0,3,1,0,0
A009958,R02,R02-M03,3,3,0,1,0,0,0
A010040,R02,R02-M03,1,1,0,0,0,0,0
A010180,R02,R02-M03,5,5,0,4,2,0,0
A010188,R02,R02-M03,8,8,0,5,3,0,0
A010199,R02,R02-M03,4,3,1,2,0,0,1
A010280,R02,R02-M03,5,5,0,3,3,0,0
A010351,R02,R02-M03,5,5,0,3,2,0,0
A010379,R02,R02-M03,2,2,0,1,0,0,0
A010428,R02,R02-M03,9,9,0,7,2,0,0
A010454,R02,R02-M03,10,10,0,8,4,1,1
A010466,R02,R02-M03,3,3,0,2,0,0,0
A010513,R02,R02-M03,2,2,0,2,0,0,0
A010639,R02,R02-M03,2,2,0,1,1,0,0
A010647,R02,R02-M03,3,3,0,3,2,0,0
A010661,R02,R02-M03,5,5,0,4,2,0,1
A010715,R02,R02-M03,1,1,0,1,0,0,0
A010727,R02,R02-M03,8,8,0,7,4,1,2
A010750,R02,R02-M03,13,13,0,9,4,0,0
A010789,R02,R02-M03,13,13,0,11,2,0,0
A010803,R02,R02-M03,1,1,0,0,0,0,0
A010850,R02,R02-M03,6,6,0,3,0,0,1
A010878,R02,R02-M03,5,5,0,3,2,0,0
A010949,R02,R02-M03,8,8,0,4,2,0,0
A010975,R02,R02-M03,1,1,0,0,0,0,0
A010995,R02,R02-M03,3,3,0,1,0,0,0
A011092,R02,R02-M03,15,15,0,10,4,0,0
A011157,R02,R02-M03,2,2,0,2,0,0,0
A011242,R02,R02-M03,7,7,0,7,4,0,0
A011261,R02,R02-M03,9,9,0,6,3,0,0
A011295,R02,R02-M03,2,2,0,1,0,0,0
A011495,R02,R02-M03,8,8,0,6,4,0,0
A011532,R02,R02-M03,6,6,0,5,2,0,0
A011566,R02,R02-M03,12,12,0,6,3,0,0
A011589,R02,R02-M03,4,4,0,2,0,0,0
A011655,R02,R02-M03,6,6,0,4,2,0,0
A011685,R02,R02-M03,4,3,1,4,0,0,1
A011729,R02,R02-M03,11,11,0,8,3,0,0
A011892,R02,R02-M03,12,12,0,9,3,0,1
A011944,R02,R02-M03,1,1,0,1,0,0,0
A012027,R02,R02-M03,5,5,0,3,1,1,1
A012124,R02,R02-M03,1,1,0,1,0,0,0
A012253,R02,R02-M03,12,12,0,10,5,0,0
A012260,R02,R02-M03,5,5,0,4,0,0,0
A012399,R02,R02-M03,3,3,0,2,0,0,0
A012409,R02,R02-M03,1,1,0,1,0,0,0
A012419,R02,R02-M03,1,1,0,1,0,0,0
A012425,R02,R02-M03,1,1,0,1,1,0,0
A012541,R02,R02-M03,5,5,0,1,0,0,0
A012797,R02,R02-M03,1,1,0,0,0,0,0
A012872,R02,R02-M03,2,2,0,2,2,0,0
A012895,R02,R02-M03,1,1,0,1,0,0,0
A013172,R02,R02-M03,3,3,0,2,0,0,0
A013286,R02,R02-M03,6,6,0,4,0,0,0
A013310,R02,R02-M03,2,2,0,2,1,0,0
A013351,R02,R02-M03,17,17,0,8,4,0,0
A013386,R02,R02-M03,12,12,0,7,2,0,0
A013395,R02,R02-M03,2,2,0,2,2,0,0
A013396,R02,R02-M03,10,10,0,7,5,0,0
A013469,R02,R02-M03,4,3,1,2,2,0,1
A013512,R02,R02-M03,2,2,0,2,1,0,0
A013774,R02,R02-M03,1,1,0,0,0,0,0
A013870,R02,R02-M03,3,3,0,1,0,0,0
A014021,R02,R02-M03,5,5,0,3,0,0,1
A014032,R02,R02-M03,15,15,0,13,6,1,1
A014034,R02,R02-M03,3,3,0,3,2,1,1
A014063,R02,R02-M03,6,5,1,4,1,0,1
A014085,R02,R02-M03,5,5,0,4,2,0,0
A014127,R02,R02-M03,10,10,0,8,1,0,0
A014128,R02,R02-M03,4,4,0,4,2,0,0
A014206,R02,R02-M03,4,4,0,3,2,0,1
A014227,R02,R02-M03,3,3,0,1,0,0,0
A014278,R02,R02-M03,2,2,0,2,0,0,0
A014382,R02,R02-M03,5,5,0,5,5,0,0
A014391,R02,R02-M03,2,2,0,1,1,0,0
A014405,R02,R02-M03,1,1,0,1,1,0,0
A014412,R02,R02-M03,1,1,0,1,0,0,0
A014416,R02,R02-M03,8,8,0,6,3,2,3
A014426,R02,R02-M03,2,2,0,1,0,0,0
A014593,R02,R02-M03,1,1,0,1,0,0,0
A014603,R02,R02-M03,2,2,0,2,0,0,0
A014715,R02,R02-M03,10,10,0,6,0,0,0
A014771,R02,R02-M03,8,8,0,4,1,0,0
A014797,R02,R02-M03,2,2,0,0,0,0,0
A014993,R02,R02-M03,2,2,0,2,1,0,0
A015028,R02,R02-M03,1,1,0,1,1,0,0
A015032,R02,R02-M03,3,3,0,1,0,0,0
A015085,R02,R02-M03,6,6,0,4,2,0,0
A015190,R02,R02-M03,10,10,0,6,1,0,1
A015315,R02,R02-M03,2,2,0,1,1,0,0
A015344,R02,R02-M03,2,1,1,2,1,0,1
A015398,R02,R02-M03,1,1,0,0,0,0,0
A015411,R02,R02-M03,8,8,0,4,0,0,0
A015418,R02,R02-M03,1,1,0,1,1,0,0
A015428,R02,R02-M03,4,4,0,3,3,1,1
A015529,R02,R02-M03,12,12,0,8,3,0,0
A015551,R02,R02-M03,11,8,3,10,6,0,3
A015580,R02,R02-M03,7,7,0,6,2,0,0
A015608,R02,R02-M03,3,3,0,2,1,0,0
A015646,R02,R02-M03,9,9,0,4,1,0,1
A015731,R02,R02-M03,3,3,0,2,0,0,0
A015981,R02,R02-M03,3,3,0,3,1,0,0
A015993,R02,R02-M03,6,6,0,5,2,0,0
A016066,R02,R02-M03,23,23,0,21,10,0,0
A016101,R02,R02-M03,1,1,0,1,1,0,0
A016111,R02,R02-M03,4,4,0,3,1,0,0
A016143,R02,R02-M03,4,4,0,2,0,0,0
A016152,R02,R02-M03,2,2,0,1,0,0,0
A016168,R02,R02-M03,4,4,0,3,1,0,0
A016174,R02,R02-M03,6,6,0,6,2,0,1
A016186,R02,R02-M03,3,2,1,3,1,0,1
A016197,R02,R02-M03,6,6,0,3,0,0,0
A016273,R02,R02-M03,12,12,0,10,4,0,0
A016324,R02,R02-M03,2,2,0,1,0,0,0
A016356,R02,R02-M03,2,2,0,1,0,0,0
A016485,R02,R02-M03,4,4,0,3,0,0,0
A016486,R02,R02-M03,2,2,0,2,0,0,0
A016588,R02,R02-M03,12,12,0,11,5,0,1
A016606,R02,R02-M03,2,2,0,1,0,0,0
A016646,R02,R02-M03,13,13,0,8,4,0,0
A016704,R02,R02-M03,1,1,0,1,0,0,0
A016726,R02,R02-M03,4,4,0,4,3,0,0
A016739,R02,R02-M03,5,5,0,4,2,0,0
A016748,R02,R02-M03,1,1,0,1,0,0,0
A016899,R02,R02-M03,6,6,0,6,3,0,1
A016920,R02,R02-M03,9,9,0,7,4,0,0
A016963,R02,R02-M03,8,7,1,6,4,0,1
A016971,R02,R02-M03,3,3,0,2,1,0,0
A016984,R02,R02-M03,3,3,0,2,1,0,0
A017035,R02,R02-M03,4,4,0,2,1,0,0
A017130,R02,R02-M03,3,3,0,3,1,0,0
A017141,R02,R02-M03,4,4,0,3,1,0,0
A017181,R02,R02-M03,7,7,0,3,0,0,0
A017196,R02,R02-M03,2,2,0,1,0,0,0
A017217,R02,R02-M03,4,4,0,4,2,0,0
A017238,R02,R02-M03,5,5,0,3,2,0,0
A017333,R02,R02-M03,3,3,0,3,2,0,0
A017407,R02,R02-M03,13,12,1,9,4,0,1
A017416,R02,R02-M03,3,3,0,2,1,1,1
A017515,R02,R02-M03,12,12,0,10,3,1,1
A017517,R02,R02-M03,10,10,0,7,5,0,0
A017528,R02,R02-M03,2,2,0,1,1,0,0
A017592,R02,R02-M03,5,5,0,2,0,0,0
A017744,R02,R02-M03,11,11,0,6,4,0,0
A017797,R02,R02-M03,4,4,0,2,0,0,0
A017858,R02,R02-M03,2,2,0,2,0,0,0
A017945,R02,R02-M03,3,3,0,2,1,0,0
A000058,R02,R02-M04,2,2,0,1,0,0,0
A000162,R02,R02-M04,3,3,0,2,1,0,0
A000225,R02,R02-M04,1,1,0,1,1,0,0
A000232,R02,R02-M04,1,1,0,0,0,0,0
A000269,R02,R02-M04,4,4,0,2,0,0,0
A000302,R02,R02-M04,2,2,0,1,1,0,0
A000317,R02,R02-M04,8,8,0,7,2,1,1
A000362,R02,R02-M04,6,6,0,4,1,0,0
A000385,R02,R02-M04,13,12,1,12,6,0,1
A000405,R02,R02-M04,6,6,0,4,1,0,0
A000509,R02,R02-M04,4,4,0,3,2,0,0
A000578,R02,R02-M04,11,11,0,8,3,0,0
A000622,R02,R02-M04,4,4,0,3,1,0,0
A000661,R02,R02-M04,6,6,0,4,1,0,0
A000792,R02,R02-M04,3,3,0,3,3,0,0
A000868,R02,R02-M04,3,2,1,2,0,0,1
A000887,R02,R02-M04,6,6,0,5,1,0,0
A000919,R02,R02-M04,5,5,0,4,2,0,0
A000972,R02,R02-M04,1,1,0,1,1,0,0
A001078,R02,R02-M04,3,2,1,3,1,0,1
A001090,R02,R02-M04,1,1,0,1,0,0,0
A001113,R02,R02-M04,6,6,0,3,1,0,0
A001318,R02,R02-M04,2,2,0,0,0,0,0
A001329,R02,R02-M04,3,3,0,1,1,0,0
A001371,R02,R02-M04,18,16,2,14,7,1,3
A001429,R02,R02-M04,13,13,0,11,4,1,1
A001460,R02,R02-M04,8,8,0,5,2,0,0
A001539,R02,R02-M04,4,4,0,2,1,0,0
A001564,R02,R02-M04,3,2,1,3,1,0,1
A001599,R02,R02-M04,4,4,0,2,1,0,0
A001685,R02,R02-M04,2,2,0,1,0,0,0
A001687,R02,R02-M04,9,9,0,7,2,0,0
A001796,R02,R02-M04,2,2,0,1,0,0,0
A001869,R02,R02-M04,5,5,0,3,0,0,1
A001889,R02,R02-M04,6,6,0,5,2,0,0
A001915,R02,R02-M04,5,5,0,4,0,0,0
A002015,R02,R02-M04,9,9,0,4,3,0,0
A002073,R02,R02-M04,4,4,0,3,0,0,0
A002106,R02,R02-M04,5,5,0,4,2,0,0
A002161,R02,R02-M04,3,3,0,0,0,0,0
A002168,R02,R02-M04,8,7,1,6,2,0,1
A002215,R02,R02-M04,3,3,0,0,0,0,0
A002226,R02,R02-M04,1,1,0,1,1,0,0
A002313,R02,R02-M04,10,9,1,7,1,0,1
A002468,R02,R02-M04,6,5,1,5,1,0,2
A002491,R02,R02-M04,4,4,0,3,1,0,0
A002549,R02,R02-M04,1,1,0,0,0,0,0
A002641,R02,R02-M04,3,3,0,3,0,0,0
A002706,R02,R02-M04,7,7,0,5,3,0,0
A002775,R02,R02-M04,2,2,0,2,0,0,0
A002783,R02,R02-M04,1,1,0,0,0,0,0
A002821,R02,R02-M04,3,3,0,3,2,0,0
A002848,R02,R02-M04,7,7,0,6,4,0,0
A002878,R02,R02-M04,6,6,0,3,0,0,0
A003030,R02,R02-M04,6,5,1,3,1,1,2
A003058,R02,R02-M04,20,19,1,13,5,0,1
A003095,R02,R02-M04,1,1,0,1,0,0,0
A003189,R02,R02-M04,1,1,0,1,0,0,0
A003213,R02,R02-M04,1,1,0,1,0,0,0
A003252,R02,R02-M04,5,5,0,3,1,0,0
A003286,R02,R02-M04,1,1,0,0,0,0,0
A003349,R02,R02-M04,2,2,0,1,1,0,0
A003361,R02,R02-M04,3,3,0,1,0,0,0
A003373,R02,R02-M04,4,4,0,4,2,0,0
A003482,R02,R02-M04,2,2,0,2,0,0,0
A003485,R02,R02-M04,4,4,0,2,1,0,0
A003505,R02,R02-M04,4,4,0,3,0,0,0
A003637,R02,R02-M04,14,14,0,13,3,0,1
A003669,R02,R02-M04,10,10,0,5,1,0,0
A003674,R02,R02-M04,2,2,0,2,2,0,0
A003682,R02,R02-M04,10,10,0,9,1,0,1
A003810,R02,R02-M04,1,1,0,1,0,0,0
A003812,R02,R02-M04,5,5,0,1,1,0,0
A003836,R02,R02-M04,3,3,0,2,0,0,0
A003859,R02,R02-M04,5,5,0,2,0,0,0
A003880,R02,R02-M04,4,4,0,1,0,0,0
A003920,R02,R02-M04,5,5,0,5,3,0,0
A003941,R02,R02-M04,6,6,0,3,0,0,0
A003961,R02,R02-M04,3,3,0,2,1,0,0
A003981,R02,R02-M04,6,6,0,4,1,0,0
A004109,R02,R02-M04,7,6,1,5,3,0,1
A004202,R02,R02-M04,12,12,0,5,3,0,0
A004243,R02,R02-M04,4,4,0,3,1,1,1
A004270,R02,R02-M04,1,1,0,1,0,0,0
A004354,R02,R02-M04,10,10,0,6,2,0,0
A004404,R02,R02-M04,5,5,0,5,1,0,0
A004448,R02,R02-M04,3,3,0,3,1,0,0
A004485,R02,R02-M04,2,2,0,1,0,0,0
A004538,R02,R02-M04,6,6,0,5,1,0,1
A004544,R02,R02-M04,8,8,0,8,2,0,0
A004605,R02,R02-M04,2,2,0,1,1,0,0
A004609,R02,R02-M04,3,3,0,2,1,0,0
A004666,R02,R02-M04,3,3,0,2,1,0,0
A004713,R02,R02-M04,2,2,0,1,0,0,0
A004740,R02,R02-M04,4,4,0,1,0,0,0
A004741,R02,R02-M04,1,1,0,1,0,0,0
A004882,R02,R02-M04,3,3,0,2,1,0,0
A004923,R02,R02-M04,4,3,1,3,0,0,1
A004969,R02,R02-M04,5,5,0,4,1,0,0
A005115,R02,R02-M04,3,3,0,3,3,1,1
A005123,R02,R02-M04,10,10,0,5,3,0,0
A005176,R02,R02-M04,5,5,0,3,0,0,0
A005195,R02,R02-M04,2,2,0,1,0,0,0
A005212,R02,R02-M04,8,7,1,7,4,1,4
A005282,R02,R02-M04,3,3,0,3,3,0,0
A005318,R02,R02-M04,3,3,0,2,1,0,0
A005321,R02,R02-M04,2,2,0,2,1,0,0
A005493,R02,R02-M04,2,2,0,1,0,0,0
A005554,R02,R02-M04,2,2,0,1,1,1,1
A005743,R02,R02-M04,12,12,0,7,2,0,0
A005754,R02,R02-M04,2,2,0,2,0,0,0
A005989,R02,R02-M04,3,3,0,2,1,0,0
A006049,R02,R02-M04,6,6,0,4,1,0,0
A006118,R02,R02-M04,3,3,0,2,1,0,0
A006151,R02,R02-M04,2,2,0,2,0,0,0
A006174,R02,R02-M04,9,9,0,7,2,1,1
A006218,R02,R02-M04,3,3,0,2,0,0,0
A006294,R02,R02-M04,1,1,0,1,0,0,0
A006319,R02,R02-M04,3,3,0,0,0,0,0
A006567,R02,R02-M04,8,8,0,7,2,0,0
A006585,R02,R02-M04,4,4,0,2,0,0,0
A006594,R02,R02-M04,3,3,0,3,2,0,0
A006681,R02,R02-M04,3,3,0,2,0,0,0
A006783,R02,R02-M04,6,6,0,4,1,0,0
A006787,R02,R02-M04,7,7,0,6,6,0,0
A006952,R02,R02-M04,1,1,0,0,0,0,0
A007044,R02,R02-M04,2,2,0,2,1,0,0
A007292,R02,R02-M04,1,1,0,1,1,0,0
A007320,R02,R02-M04,7,7,0,4,2,0,0
A007355,R02,R02-M04,8,8,0,8,4,0,0
A007357,R02,R02-M04,10,10,0,9,3,0,0
A007380,R02,R02-M04,2,2,0,1,1,1,1
A007462,R02,R02-M04,1,1,0,1,0,0,0
A007465,R02,R02-M04,7,6,1,6,3,1,2
A007534,R02,R02-M04,4,3,1,2,0,0,2
A007597,R02,R02-M04,2,1,1,1,0,0,1
A007674,R02,R02-M04,4,4,0,3,0,0,0
A007777,R02,R02-M04,1,1,0,1,0,0,0
A007796,R02,R02-M04,3,3,0,2,0,0,0
A007801,R02,R02-M04,10,10,0,8,2,0,0
A007907,R02,R02-M04,5,5,0,1,1,0,0
A008011,R02,R02-M04,3,3,0,2,1,0,0
A008012,R02,R02-M04,1,1,0,1,1,0,0
A008064,R02,R02-M04,8,8,0,5,1,0,0
A008066,R02,R02-M04,1,1,0,1,1,0,0
A008124,R02,R02-M04,13,13,0,7,3,0,0
A008208,R02,R02-M04,2,2,0,2,1,0,0
A008238,R02,R02-M04,5,5,0,3,2,1,1
A008389,R02,R02-M04,2,2,0,1,0,0,0
A008509,R02,R02-M04,4,4,0,4,2,0,0
A008525,R02,R02-M04,2,2,0,2,1,0,0
A008551,R02,R02-M04,2,2,0,1,0,0,0
A008558,R02,R02-M04,4,4,0,3,2,0,0
A008716,R02,R02-M04,2,2,0,1,1,0,0
A008722,R02,R02-M04,1,1,0,1,1,0,0
A008727,R02,R02-M04,4,4,0,4,4,1,1
A008734,R02,R02-M04,17,17,0,12,4,0,0
A008794,R02,R02-M04,23,23,0,13,5,0,0
A008819,R02,R02-M04,1,1,0,0,0,0,0
A008836,R02,R02-M04,6,6,0,5,1,0,0
A008839,R02,R02-M04,3,3,0,2,0,0,0
A008949,R02,R02-M04,6,6,0,6,2,0,0
A008955,R02,R02-M04,11,11,0,8,4,0,0
A008962,R02,R02-M04,2,2,0,1,0,0,0
A009066,R02,R02-M04,14,14,0,10,5,1,1
A009087,R02,R02-M04,4,4,0,1,0,0,0
A009105,R02,R02-M04,3,3,0,3,2,0,0
A009214,R02,R02-M04,1,1,0,1,1,0,0
A009227,R02,R02-M04,15,14,1,11,6,1,2
A009232,R02,R02-M04,7,7,0,6,0,0,0
A009248,R02,R02-M04,4,4,0,3,0,0,0
A009367,R02,R02-M04,16,16,0,11,3,0,0
A009470,R02,R02-M04,5,5,0,4,2,0,0
A009536,R02,R02-M04,11,11,0,8,2,0,0
A009556,R02,R02-M04,2,2,0,1,0,0,0
A009772,R02,R02-M04,5,5,0,3,0,0,0
A009795,R02,R02-M04,2,2,0,2,1,0,0
A009810,R02,R02-M04,1,1,0,1,1,0,0
A009836,R02,R02-M04,4,4,0,2,1,0,1
A010024,R02,R02-M04,2,2,0,1,1,0,0
A010068,R02,R02-M04,4,4,0,3,1,0,0
A010192,R02,R02-M04,3,3,0,2,1,1,1
A010215,R02,R02-M04,2,2,0,1,0,0,0
A010286,R02,R02-M04,19,18,1,13,6,1,2
A010304,R02,R02-M04,7,7,0,6,3,0,0
A010357,R02,R02-M04,1,1,0,1,0,0,0
A010378,R02,R02-M04,4,3,1,2,1,0,1
A010386,R02,R02-M04,5,5,0,3,2,1,1
A010409,R02,R02-M04,9,9,0,8,5,1,1
A010443,R02,R02-M04,1,1,0,0,0,0,0
A010451,R02,R02-M04,2,2,0,0,0,0,0
A010471,R02,R02-M04,1,1,0,0,0,0,0
A010558,R02,R02-M04,8,8,0,5,3,0,0
A010565,R02,R02-M04,5,5,0,2,1,0,0
A010655,R02,R02-M04,5,5,0,3,0,0,1
A010657,R02,R02-M04,9,9,0,7,3,0,0
A010742,R02,R02-M04,4,4,0,3,1,1,2
A010793,R02,R02-M04,1,1,0,1,0,0,0
A010830,R02,R02-M04,5,5,0,3,0,0,0
A010881,R02,R02-M04,5,5,0,3,2,0,0
A010929,R02,R02-M04,9,9,0,5,3,0,1
A010990,R02,R02-M04,4,4,0,4,3,0,0
A011000,R02,R02-M04,5,5,0,4,2,1,1
A011089,R02,R02-M04,2,2,0,1,0,0,0
A011333,R02,R02-M04,1,1,0,1,0,0,0
A011344,R02,R02-M04,6,6,0,3,3,0,0
A011347,R02,R02-M04,12,12,0,7,1,0,0
A011433,R02,R02-M04,1,1,0,0,0,0,0
A011448,R02,R02-M04,7,7,0,3,2,1,1
A011486,R02,R02-M04,3,3,0,2,0,0,0
A011499,R02,R02-M04,2,2,0,2,0,0,0
A011506,R02,R02-M04,2,2,0,0,0,0,0
A011531,R02,R02-M04,3,3,0,0,0,0,0
A011662,R02,R02-M04,5,5,0,3,1,0,0
A011709,R02,R02-M04,3,3,0,1,0,0,0
A011760,R02,R02-M04,9,9,0,5,3,0,0
A011837,R02,R02-M04,2,2,0,2,1,0,0
A011850,R02,R02-M04,6,6,0,6,3,0,0
A011868,R02,R02-M04,11,11,0,7,2,0,0
A011919,R02,R02-M04,12,12,0,7,1,1,1
A011996,R02,R02-M04,5,5,0,2,1,1,1
A012025,R02,R02-M04,8,8,0,5,3,0,0
A012100,R02,R02-M04,1,1,0,1,0,0,0
A012123,R02,R02-M04,2,2,0,2,0,0,0
A012170,R02,R02-M04,1,1,0,0,0,0,0
A012332,R02,R02-M04,1,1,0,1,1,0,0
A012348,R02,R02-M04,2,2,0,2,1,0,0
A012587,R02,R02-M04,3,3,0,1,1,0,0
A012592,R02,R02-M04,6,5,1,4,1,0,1
A012648,R02,R02-M04,2,2,0,2,1,0,0
A012694,R02,R02-M04,7,7,0,5,2,0,0
A012763,R02,R02-M04,3,3,0,3,0,0,0
A013026,R02,R02-M04,2,2,0,1,1,0,0
A013048,R02,R02-M04,11,11,0,6,4,0,0
A013051,R02,R02-M04,7,7,0,4,2,0,0
A013069,R02,R02-M04,4,4,0,1,1,0,0
A013083,R02,R02-M04,2,2,0,2,2,0,0
A013084,R02,R02-M04,3,3,0,2,2,0,0
A013097,R02,R02-M04,5,5,0,2,1,0,0
A013105,R02,R02-M04,8,8,0,8,4,0,0
A013165,R02,R02-M04,4,4,0,3,3,1,1
A013177,R02,R02-M04,12,12,0,9,2,0,0
A013349,R02,R02-M04,2,2,0,2,0,0,0
A013356,R02,R02-M04,1,1,0,1,1,0,0
A013359,R02,R02-M04,4,4,0,2,0,0,0
A013368,R02,R02-M04,1,1,0,1,1,0,0
A013427,R02,R02-M04,15,15,0,12,4,0,0
A013607,R02,R02-M04,3,3,0,0,0,0,0
A013662,R02,R02-M04,5,5,0,3,0,0,0
A013725,R02,R02-M04,2,2,0,1,0,0,0
A013769,R02,R02-M04,2,2,0,1,0,0,0
A013773,R02,R02-M04,3,3,0,1,1,0,0
A013830,R02,R02-M04,6,5,1,4,2,0,1
A013876,R02,R02-M04,2,2,0,2,1,0,0
A013890,R02,R02-M04,1,1,0,1,0,0,0
A013929,R02,R02-M04,7,7,0,7,5,0,0
A014027,R02,R02-M04,1,1,0,0,0,0,0
A014146,R02,R02-M04,2,2,0,2,1,0,0
A014181,R02,R02-M04,1,1,0,1,1,0,0
A014207,R02,R02-M04,2,2,0,2,1,0,0
A014243,R02,R02-M04,2,2,0,1,1,0,0
A014273,R02,R02-M04,2,2,0,2,0,0,0
A014295,R02,R02-M04,9,9,0,5,0,0,0
A014371,R02,R02-M04,12,12,0,9,6,0,0
A014436,R02,R02-M04,5,5,0,3,1,0,0
A014548,R02,R02-M04,2,2,0,2,2,0,0
A014562,R02,R02-M04,12,12,0,9,3,0,0
A014614,R02,R02-M04,8,7,1,3,0,0,1
A014650,R02,R02-M04,3,3,0,2,1,0,0
A014729,R02,R02-M04,2,2,0,1,1,0,0
A014785,R02,R02-M04,3,3,0,3,0,0,1
A014794,R02,R02-M04,5,5,0,4,4,1,1
A015116,R02,R02-M04,1,1,0,1,1,0,0
A015163,R02,R02-M04,5,5,0,5,2,1,1
A015175,R02,R02-M04,5,5,0,2,1,0,0
A015199,R02,R02-M04,4,4,0,4,3,0,0
A015240,R02,R02-M04,6,6,0,4,3,0,0
A015304,R02,R02-M04,3,3,0,3,1,0,0
A015352,R02,R02-M04,7,7,0,4,0,0,0
A015406,R02,R02-M04,3,3,0,2,1,0,0
A015454,R02,R02-M04,4,4,0,3,1,0,0
A015493,R02,R02-M04,1,1,0,1,0,0,0
A015507,R02,R02-M04,4,4,0,4,0,0,1
A015554,R02,R02-M04,2,2,0,2,2,0,0
A015609,R02,R02-M04,1,1,0,1,1,1,1
A015637,R02,R02-M04,2,2,0,1,1,0,0
A015663,R02,R02-M04,4,4,0,3,2,0,0
A015752,R02,R02-M04,6,6,0,5,1,0,0
A015769,R02,R02-M04,1,1,0,0,0,0,0
A015778,R02,R02-M04,1,1,0,1,1,0,0
A015821,R02,R02-M04,2,2,0,0,0,0,0
A015832,R02,R02-M04,10,10,0,5,2,0,1
A015950,R02,R02-M04,2,2,0,2,1,0,0
A015962,R02,R02-M04,3,3,0,2,1,0,0
A016116,R02,R02-M04,1,1,0,1,0,0,0
A016182,R02,R02-M04,4,4,0,3,1,0,0
A016188,R02,R02-M04,4,4,0,1,0,0,0
A016194,R02,R02-M04,6,6,0,5,2,0,0
A016301,R02,R02-M04,3,3,0,3,1,0,0
A016325,R02,R02-M04,4,4,0,2,1,0,0
A016448,R02,R02-M04,8,8,0,5,3,0,0
A016454,R02,R02-M04,24,24,0,16,5,0,0
A016462,R02,R02-M04,8,8,0,4,2,0,0
A016488,R02,R02-M04,1,1,0,0,0,0,0
A016533,R02,R02-M04,5,5,0,3,1,0,0
A016605,R02,R02-M04,1,1,0,1,1,0,0
A016750,R02,R02-M04,6,6,0,5,2,0,0
A016818,R02,R02-M04,10,10,0,8,4,0,0
A016823,R02,R02-M04,6,6,0,5,3,0,0
A016925,R02,R02-M04,3,3,0,2,1,0,0
A017006,R02,R02-M04,6,6,0,3,0,0,0
A017194,R02,R02-M04,5,5,0,3,1,0,0
A017202,R02,R02-M04,6,5,1,5,1,0,1
A017209,R02,R02-M04,5,5,0,4,0,0,0
A017423,R02,R02-M04,4,4,0,4,1,0,0
A017438,R02,R02-M04,8,7,1,6,1,0,1
A017440,R02,R02-M04,3,3,0,3,2,0,0
A017480,R02,R02-M04,7,7,0,6,4,0,0
A017498,R02,R02-M04,4,4,0,1,1,0,0
A017530,R02,R02-M04,7,7,0,6,1,0,0
A017581,R02,R02-M04,1,1,0,0,0,0,0
A017586,R02,R02-M04,1,0,1,1,0,0,1
A017638,R02,R02-M04,2,2,0,1,1,0,0
A017724,R02,R02-M04,3,3,0,2,1,0,1
A017793,R02,R02-M04,1,1,0,0,0,0,0
A017813,R02,R02-M04,7,7,0,5,1,0,0
A017873,R02,R02-M04,11,11,0,9,6,0,0
A017876,R02,R02-M04,5,5,0,4,2,0,0
A017892,R02,R02-M04,1,1,0,1,0,0,0
A017963,R02,R02-M04,1,1,0,0,0,0,0
A017972,R02,R02-M04,3,3,0,2,0,0,0
A000029,R03,R03-M01,9,9,0,6,3,0,0
A000279,R03,R03-M01,10,9,1,8,2,0,1
A000546,R03,R03-M01,15,14,1,14,4,0,1
A000557,R03,R03-M01,6,5,1,3,2,1,2
A000636,R03,R03-M01,4,4,0,4,3,0,0
A000775,R03,R03-M01,10,10,0,8,2,0,0
A000827,R03,R03-M01,13,13,0,9,2,1,1
A000918,R03,R03-M01,3,3,0,2,0,0,0
A000921,R03,R03-M01,3,3,0,1,0,0,1
A001273,R03,R03-M01,2,2,0,2,1,0,0
A001286,R03,R03-M01,3,3,0,0,0,0,0
A001383,R03,R03-M01,1,1,0,1,1,0,0
A001386,R03,R03-M01,8,8,0,6,2,0,0
A001412,R03,R03-M01,2,2,0,2,0,0,0
A001437,R03,R03-M01,2,2,0,1,0,0,0
A001523,R03,R03-M01,2,2,0,1,1,0,0
A001726,R03,R03-M01,5,5,0,2,1,0,0
A001754,R03,R03-M01,4,4,0,2,2,0,0
A001845,R03,R03-M01,3,3,0,3,2,0,0
A001905,R03,R03-M01,6,6,0,5,3,0,1
A001928,R03,R03-M01,3,3,0,2,1,0,0
A001937,R03,R03-M01,2,2,0,2,1,0,0
A002048,R03,R03-M01,6,6,0,4,1,0,0
A002272,R03,R03-M01,12,11,1,6,2,0,1
A002402,R03,R03-M01,7,7,0,6,0,0,0
A002423,R03,R03-M01,1,1,0,1,0,0,0
A002473,R03,R03-M01,1,1,0,0,0,0,0
A002480,R03,R03-M01,3,3,0,3,2,0,0
A002485,R03,R03-M01,2,2,0,2,1,0,0
A002561,R03,R03-M01,5,5,0,4,2,0,1
A002576,R03,R03-M01,3,3,0,2,1,0,0
A002599,R03,R03-M01,2,2,0,0,0,0,0
A002665,R03,R03-M01,2,2,0,1,1,0,0
A002689,R03,R03-M01,9,9,0,6,1,0,0
A002846,R03,R03-M01,1,1,0,0,0,0,0
A002852,R03,R03-M01,4,4,0,4,1,0,0
A002936,R03,R03-M01,4,4,0,2,0,0,0
A002996,R03,R03-M01,6,5,1,6,3,0,1
A003032,R03,R03-M01,5,5,0,4,2,0,0
A003159,R03,R03-M01,5,5,0,4,2,0,0
A003263,R03,R03-M01,4,4,0,3,2,0,0
A003305,R03,R03-M01,5,5,0,4,2,1,1
A003382,R03,R03-M01,1,1,0,0,0,0,0
A003492,R03,R03-M01,4,4,0,2,0,0,0
A003561,R03,R03-M01,8,7,1,6,2,0,2
A003675,R03,R03-M01,1,1,0,1,0,0,0
A003752,R03,R03-M01,10,10,0,7,5,1,1
A003771,R03,R03-M01,2,2,0,2,1,0,0
A003852,R03,R03-M01,10,10,0,8,3,0,0
A003896,R03,R03-M01,1,1,0,1,1,0,0
A003902,R03,R03-M01,4,4,0,2,1,0,0
A004036,R03,R03-M01,3,3,0,1,1,0,0
A004070,R03,R03-M01,5,4,1,4,0,0,1
A004141,R03,R03-M01,1,1,0,1,1,1,1
A004211,R03,R03-M01,6,6,0,4,3,0,0
A004236,R03,R03-M01,5,5,0,5,1,0,0
A004281,R03,R03-M01,1,1,0,0,0,0,0
A004283,R03,R03-M01,4,4,0,2,2,0,0
A004479,R03,R03-M01,4,4,0,4,2,2,2
A004537,R03,R03-M01,7,6,1,5,2,0,1
A004805,R03,R03-M01,1,1,0,1,0,0,1
A004820,R03,R03-M01,2,2,0,1,0,0,0
A004827,R03,R03-M01,6,6,0,5,1,0,0
A004918,R03,R03-M01,2,2,0,2,0,0,0
A004956,R03,R03-M01,4,4,0,2,0,0,0
A005010,R03,R03-M01,2,2,0,2,1,0,0
A005058,R03,R03-M01,6,6,0,4,1,0,0
A005064,R03,R03-M01,16,16,0,11,4,0,0
A005096,R03,R03-M01,6,5,1,3,1,0,1
A005108,R03,R03-M01,3,3,0,3,1,0,1
A005140,R03,R03-M01,5,5,0,5,2,0,0
A005373,R03,R03-M01,2,2,0,2,0,0,0
A005408,R03,R03-M01,1,1,0,1,0,0,0
A005439,R03,R03-M01,14,14,0,10,6,0,1
A005507,R03,R03-M01,3,3,0,2,1,0,1
A005574,R03,R03-M01,4,4,0,3,1,0,0
A005600,R03,R03-M01,3,3,0,3,1,0,0
A005713,R03,R03-M01,15,15,0,10,3,0,0
A005777,R03,R03-M01,3,3,0,2,2,0,0
A005839,R03,R03-M01,1,1,0,1,1,0,0
A005956,R03,R03-M01,1,1,0,1,1,0,0
A005957,R03,R03-M01,6,5,1,3,3,0,1
A006043,R03,R03-M01,5,5,0,4,2,0,0
A006166,R03,R03-M01,2,2,0,0,0,0,0
A006215,R03,R03-M01,3,3,0,2,0,0,0
A006524,R03,R03-M01,1,1,0,0,0,0,0
A006565,R03,R03-M01,1,1,0,1,1,0,0
A006569,R03,R03-M01,2,2,0,2,2,0,0
A006612,R03,R03-M01,2,2,0,1,1,0,0
A006616,R03,R03-M01,1,1,0,1,0,0,0
A006724,R03,R03-M01,3,3,0,2,1,0,1
A006916,R03,R03-M01,6,5,1,4,2,0,1
A006937,R03,R03-M01,2,2,0,1,0,0,0
A006978,R03,R03-M01,4,4,0,3,0,0,1
A006992,R03,R03-M01,3,3,0,2,2,0,0
A007011,R03,R03-M01,2,2,0,1,0,0,0
A007039,R03,R03-M01,5,5,0,3,0,0,0
A007205,R03,R03-M01,4,4,0,4,2,0,0
A007218,R03,R03-M01,1,1,0,1,1,0,0
A007348,R03,R03-M01,2,2,0,2,1,0,0
A007382,R03,R03-M01,8,8,0,7,4,1,1
A007441,R03,R03-M01,2,2,0,0,0,0,0
A007610,R03,R03-M01,3,3,0,1,0,0,0
A007659,R03,R03-M01,12,12,0,8,2,0,0
A007839,R03,R03-M01,4,4,0,3,1,0,0
A007843,R03,R03-M01,4,4,0,2,0,0,0
A007908,R03,R03-M01,11,10,1,7,4,0,1
A008007,R03,R03-M01,10,10,0,6,3,0,0
A008034,R03,R03-M01,2,2,0,1,1,0,0
A008076,R03,R03-M01,7,7,0,3,1,0,0
A008120,R03,R03-M01,1,1,0,0,0,0,0
A008351,R03,R03-M01,2,2,0,1,1,0,0
A008489,R03,R03-M01,4,4,0,3,1,0,0
A008783,R03,R03-M01,4,4,0,3,2,0,0
A008798,R03,R03-M01,6,6,0,5,2,0,0
A008845,R03,R03-M01,3,3,0,2,1,0,0
A008855,R03,R03-M01,2,2,0,2,1,0,0
A008901,R03,R03-M01,14,12,2,12,5,0,2
A009045,R03,R03-M01,3,3,0,1,1,0,0
A009132,R03,R03-M01,1,1,0,1,0,0,0
A009261,R03,R03-M01,2,2,0,2,1,0,0
A009345,R03,R03-M01,5,5,0,3,2,0,0
A009404,R03,R03-M01,6,6,0,4,0,0,0
A009504,R03,R03-M01,2,2,0,1,0,0,0
A009600,R03,R03-M01,1,1,0,0,0,0,0
A009608,R03,R03-M01,6,6,0,4,1,0,0
A009782,R03,R03-M01,5,5,0,4,0,0,0
A009856,R03,R03-M01,5,5,0,3,3,0,0
A009880,R03,R03-M01,2,2,0,2,1,0,0
A009901,R03,R03-M01,2,2,0,0,0,0,0
A010075,R03,R03-M01,2,2,0,2,1,0,0
A010113,R03,R03-M01,6,6,0,4,1,0,0
A010157,R03,R03-M01,3,3,0,2,1,0,0
A010346,R03,R03-M01,1,1,0,1,0,0,0
A010465,R03,R03-M01,1,1,0,1,0,0,0
A010584,R03,R03-M01,1,1,0,0,0,0,0
A010654,R03,R03-M01,3,3,0,2,1,0,0
A010716,R03,R03-M01,10,10,0,8,1,0,1
A010730,R03,R03-M01,2,2,0,2,2,0,0
A010777,R03,R03-M01,2,2,0,2,0,0,0
A010886,R03,R03-M01,6,6,0,4,2,0,0
A010927,R03,R03-M01,8,8,0,6,3,0,0
A010973,R03,R03-M01,3,3,0,3,1,0,0
A010983,R03,R03-M01,14,14,0,7,5,0,0
A010989,R03,R03-M01,5,5,0,4,1,0,0
A011112,R03,R03-M01,3,3,0,3,1,0,1
A011177,R03,R03-M01,2,2,0,1,1,0,0
A011187,R03,R03-M01,2,2,0,2,0,0,0
A011339,R03,R03-M01,5,5,0,3,1,0,0
A011376,R03,R03-M01,2,2,0,2,2,0,0
A011422,R03,R03-M01,5,5,0,4,2,0,0
A011456,R03,R03-M01,11,11,0,9,2,0,1
A011494,R03,R03-M01,1,1,0,1,1,0,0
A011573,R03,R03-M01,9,8,1,7,3,0,1
A011586,R03,R03-M01,10,10,0,6,4,0,0
A011827,R03,R03-M01,10,10,0,8,1,0,0
A011965,R03,R03-M01,1,1,0,1,0,0,0
A012083,R03,R03-M01,3,3,0,3,1,0,0
A012104,R03,R03-M01,12,12,0,5,2,0,0
A012143,R03,R03-M01,2,2,0,1,1,0,0
A012295,R03,R03-M01,2,2,0,2,1,0,0
A012296,R03,R03-M01,3,3,0,2,1,0,0
A012590,R03,R03-M01,1,1,0,1,0,0,0
A012591,R03,R03-M01,2,2,0,1,1,0,0
A012634,R03,R03-M01,5,5,0,3,1,0,0
A012641,R03,R03-M01,1,1,0,1,0,0,0
A012647,R03,R03-M01,2,2,0,1,0,0,0
A012750,R03,R03-M01,6,6,0,2,1,0,0
A012753,R03,R03-M01,4,4,0,3,1,0,0
A012910,R03,R03-M01,3,3,0,3,2,1,1
A012920,R03,R03-M01,7,7,0,4,1,0,0
A013045,R03,R03-M01,5,5,0,5,2,0,0
A013156,R03,R03-M01,3,3,0,2,1,0,0
A013217,R03,R03-M01,2,2,0,1,1,0,0
A013270,R03,R03-M01,6,6,0,5,2,0,0
A013297,R03,R03-M01,5,5,0,4,3,0,0
A013474,R03,R03-M01,8,8,0,5,2,0,0
A013484,R03,R03-M01,5,5,0,3,1,0,0
A013538,R03,R03-M01,2,2,0,2,0,0,0
A013630,R03,R03-M01,9,9,0,7,1,0,0
A013703,R03,R03-M01,4,4,0,3,0,0,0
A013720,R03,R03-M01,4,4,0,2,0,0,0
A013810,R03,R03-M01,2,2,0,1,0,0,0
A014000,R03,R03-M01,6,6,0,3,1,0,0
A014055,R03,R03-M01,2,2,0,2,0,0,1
A014155,R03,R03-M01,1,1,0,1,1,1,1
A014265,R03,R03-M01,5,4,1,5,5,0,1
A014433,R03,R03-M01,1,1,0,1,1,0,0
A014492,R03,R03-M01,4,4,0,3,2,0,0
A014590,R03,R03-M01,8,8,0,7,4,1,1
A014597,R03,R03-M01,1,1,0,1,1,0,0
A014649,R03,R03-M01,4,3,1,4,1,0,1
A014688,R03,R03-M01,3,3,0,2,0,0,0
A014970,R03,R03-M01,1,1,0,1,0,0,0
A015201,R03,R03-M01,3,3,0,2,1,0,0
A015245,R03,R03-M01,9,9,0,7,1,0,0
A015656,R03,R03-M01,7,7,0,5,0,0,0
A015823,R03,R03-M01,3,3,0,2,1,1,1
A015901,R03,R03-M01,7,7,0,6,1,0,0
A016084,R03,R03-M01,5,4,1,5,2,0,1
A016552,R03,R03-M01,1,1,0,1,1,1,1
A016647,R03,R03-M01,2,2,0,2,2,0,0
A016649,R03,R03-M01,5,5,0,2,0,0,0
A016770,R03,R03-M01,3,3,0,3,2,0,0
A016784,R03,R03-M01,2,2,0,1,1,0,0
A016894,R03,R03-M01,2,2,0,2,1,0,0
A017038,R03,R03-M01,5,5,0,3,0,0,0
A017054,R03,R03-M01,2,2,0,1,0,0,0
A017131,R03,R03-M01,3,3,0,3,2,0,0
A017163,R03,R03-M01,2,2,0,0,0,0,0
A017193,R03,R03-M01,2,2,0,1,1,0,0
A017215,R03,R03-M01,4,4,0,4,1,0,1
A017276,R03,R03-M01,4,4,0,2,0,0,0
A017565,R03,R03-M01,6,6,0,2,0,0,0
A017614,R03,R03-M01,2,2,0,2,1,0,0
A017692,R03,R03-M01,12,12,0,9,3,0,0
A017782,R03,R03-M01,11,10,1,9,3,1,2
A017987,R03,R03-M01,5,5,0,3,1,0,0
A000040,R03,R03-M02,5,5,0,5,1,1,1
A000305,R03,R03-M02,1,1,0,1,0,0,0
A000334,R03,R03-M02,11,11,0,8,2,0,0
A000441,R03,R03-M02,1,1,0,0,0,0,0
A000449,R03,R03-M02,3,3,0,3,1,0,0
A000506,R03,R03-M02,1,1,0,0,0,0,0
A000510,R03,R03-M02,8,8,0,7,3,0,0
A000570,R03,R03-M02,3,3,0,3,2,0,0
A000605,R03,R03-M02,2,2,0,2,2,1,1
A000734,R03,R03-M02,1,1,0,1,0,0,0
A000738,R03,R03-M02,9,9,0,5,0,0,0
A000975,R03,R03-M02,3,3,0,3,1,0,1
A001025,R03,R03-M02,7,7,0,4,3,0,0
A001103,R03,R03-M02,10,10,0,8,5,0,0
A001206,R03,R03-M02,2,2,0,2,0,0,0
A001285,R03,R03-M02,8,8,0,6,3,0,0
A001306,R03,R03-M02,4,4,0,3,2,0,0
A001401,R03,R03-M02,1,1,0,0,0,0,0
A001681,R03,R03-M02,2,2,0,1,0,0,0
A001846,R03,R03-M02,2,2,0,0,0,0,0
A001859,R03,R03-M02,8,8,0,7,3,0,0
A001951,R03,R03-M02,1,1,0,1,1,0,0
A002001,R03,R03-M02,3,2,1,2,0,0,1
A002050,R03,R03-M02,4,4,0,3,1,0,0
A002066,R03,R03-M02,5,5,0,4,3,0,0
A002092,R03,R03-M02,4,4,0,4,2,0,0
A002113,R03,R03-M02,1,1,0,0,0,0,0
A002117,R03,R03-M02,2,2,0,1,0,0,0
A002173,R03,R03-M02,3,3,0,1,1,0,0
A002242,R03,R03-M02,7,7,0,3,1,0,0
A002247,R03,R03-M02,4,4,0,2,0,0,0
A002447,R03,R03-M02,7,7,0,6,2,0,0
A002506,R03,R03-M02,2,2,0,2,2,0,0
A002540,R03,R03-M02,13,12,1,11,2,1,3
A002556,R03,R03-M02,3,3,0,1,0,0,0
A002585,R03,R03-M02,3,3,0,2,1,0,0
A002625,R03,R03-M02,4,4,0,3,1,0,0
A002643,R03,R03-M02,10,10,0,7,4,0,1
A002655,R03,R03-M02,3,3,0,2,0,0,0
A002691,R03,R03-M02,2,2,0,2,1,0,0
A002756,R03,R03-M02,9,9,0,5,2,0,0
A002760,R03,R03-M02,11,11,0,7,1,0,0
A002794,R03,R03-M02,2,2,0,1,0,0,0
A003127,R03,R03-M02,3,3,0,3,1,0,0
A003149,R03,R03-M02,2,2,0,1,0,0,1
A003167,R03,R03-M02,5,5,0,4,1,0,0
A003187,R03,R03-M02,3,3,0,3,1,1,1
A003347,R03,R03-M02,3,3,0,0,0,0,0
A003424,R03,R03-M02,19,19,0,10,5,0,0
A003473,R03,R03-M02,4,4,0,1,1,1,1
A003487,R03,R03-M02,4,4,0,3,1,0,0
A003611,R03,R03-M02,3,3,0,3,2,0,0
A003646,R03,R03-M02,8,8,0,5,2,0,0
A003793,R03,R03-M02,4,4,0,3,1,0,0
A003795,R03,R03-M02,2,2,0,0,0,0,0
A003842,R03,R03-M02,4,4,0,3,1,0,0
A004043,R03,R03-M02,1,1,0,0,0,0,0
A004122,R03,R03-M02,3,3,0,1,0,0,0
A004262,R03,R03-M02,3,3,0,3,1,0,0
A004346,R03,R03-M02,1,1,0,1,0,0,0
A004474,R03,R03-M02,3,3,0,2,0,0,0
A004498,R03,R03-M02,3,2,1,1,0,0,1
A004514,R03,R03-M02,5,5,0,2,1,0,0
A004588,R03,R03-M02,2,1,1,1,1,0,1
A004611,R03,R03-M02,1,1,0,1,0,0,0
A004623,R03,R03-M02,1,1,0,1,0,0,0
A004674,R03,R03-M02,2,2,0,1,0,0,0
A004849,R03,R03-M02,8,8,0,6,4,0,0
A004900,R03,R03-M02,4,4,0,3,3,2,2
A004929,R03,R03-M02,1,1,0,1,1,0,0
A005214,R03,R03-M02,2,2,0,0,0,0,0
A005235,R03,R03-M02,2,2,0,2,2,0,0
A005428,R03,R03-M02,3,3,0,2,1,1,1
A005568,R03,R03-M02,1,1,0,1,1,0,0
A005687,R03,R03-M02,5,5,0,3,2,0,0
A005902,R03,R03-M02,2,2,0,1,0,0,0
A005963,R03,R03-M02,2,2,0,1,1,0,0
A006232,R03,R03-M02,8,8,0,4,2,0,0
A006254,R03,R03-M02,8,8,0,6,3,1,1
A006331,R03,R03-M02,6,6,0,6,1,0,0
A006344,R03,R03-M02,1,1,0,1,0,0,0
A006379,R03,R03-M02,6,6,0,5,1,0,0
A006428,R03,R03-M02,2,2,0,1,1,0,0
A006453,R03,R03-M02,2,2,0,1,1,0,0
A006786,R03,R03-M02,5,5,0,4,1,0,0
A006830,R03,R03-M02,3,3,0,2,1,0,0
A006862,R03,R03-M02,9,9,0,4,1,0,0
A007143,R03,R03-M02,2,2,0,1,1,0,0
A007155,R03,R03-M02,4,4,0,3,1,0,0
A007211,R03,R03-M02,5,5,0,3,1,0,0
A007294,R03,R03-M02,1,1,0,1,0,0,0
A007474,R03,R03-M02,1,1,0,1,0,0,0
A007476,R03,R03-M02,6,6,0,3,1,0,0
A007816,R03,R03-M02,10,10,0,6,2,0,0
A007883,R03,R03-M02,10,10,0,5,2,0,0
A007898,R03,R03-M02,2,2,0,2,0,0,0
A008149,R03,R03-M02,4,4,0,2,0,0,0
A008236,R03,R03-M02,2,2,0,2,1,0,0
A008622,R03,R03-M02,19,19,0,16,5,0,0
A008761,R03,R03-M02,6,6,0,5,0,0,1
A008771,R03,R03-M02,16,16,0,11,4,0,1
A008778,R03,R03-M02,8,8,0,3,1,0,0
A008791,R03,R03-M02,2,2,0,2,0,0,0
A008892,R03,R03-M02,3,3,0,3,2,0,0
A008958,R03,R03-M02,1,1,0,1,1,0,0
A008982,R03,R03-M02,4,4,0,3,0,0,0
A009036,R03,R03-M02,6,6,0,5,3,0,0
A009450,R03,R03-M02,1,1,0,1,0,0,0
A009481,R03,R03-M02,6,6,0,5,1,0,0
A009838,R03,R03-M02,3,3,0,2,1,0,0
A010007,R03,R03-M02,5,5,0,4,2,0,0
A010025,R03,R03-M02,7,7,0,3,1,0,0
A010057,R03,R03-M02,12,11,1,9,4,1,2
A010123,R03,R03-M02,2,2,0,1,0,0,0
A010227,R03,R03-M02,4,3,1,3,3,0,1
A010238,R03,R03-M02,2,2,0,1,0,0,0
A010272,R03,R03-M02,11,11,0,7,4,0,0
A010347,R03,R03-M02,3,3,0,2,0,0,0
A010418,R03,R03-M02,5,5,0,5,3,0,0
A010435,R03,R03-M02,4,4,0,2,0,0,0
A010541,R03,R03-M02,8,8,0,6,3,0,1
A010603,R03,R03-M02,8,8,0,5,3,0,0
A010694,R03,R03-M02,11,11,0,4,2,0,0
A010726,R03,R03-M02,6,6,0,6,2,0,0
A010773,R03,R03-M02,2,2,0,1,1,1,1
A010951,R03,R03-M02,1,1,0,0,0,0,0
A011040,R03,R03-M02,15,15,0,10,3,0,1
A011059,R03,R03-M02,9,9,0,7,4,1,1
A011083,R03,R03-M02,2,2,0,1,1,0,0
A011278,R03,R03-M02,13,13,0,12,5,2,2
A011330,R03,R03-M02,4,4,0,3,0,0,1
A011355,R03,R03-M02,1,1,0,1,0,0,0
A011434,R03,R03-M02,2,1,1,2,2,0,1
A011482,R03,R03-M02,2,2,0,2,1,0,0
A011669,R03,R03-M02,5,5,0,5,2,0,0
A011673,R03,R03-M02,2,1,1,1,0,0,1
A011677,R03,R03-M02,1,1,0,0,0,0,0
A011697,R03,R03-M02,5,5,0,5,1,0,0
A011797,R03,R03-M02,1,1,0,1,0,0,0
A011978,R03,R03-M02,4,4,0,3,2,0,0
A011981,R03,R03-M02,12,12,0,9,3,0,0
A012011,R03,R03-M02,3,3,0,2,1,0,0
A012062,R03,R03-M02,7,7,0,4,2,0,0
A012186,R03,R03-M02,5,5,0,4,2,1,1
A012241,R03,R03-M02,12,12,0,6,3,0,0
A012270,R03,R03-M02,5,5,0,3,1,0,0
A012368,R03,R03-M02,10,10,0,8,2,0,0
A012707,R03,R03-M02,1,1,0,0,0,0,0
A012831,R03,R03-M02,1,1,0,1,1,1,1
A012992,R03,R03-M02,3,3,0,2,0,0,0
A013017,R03,R03-M02,2,2,0,2,2,0,0
A013397,R03,R03-M02,2,2,0,2,2,0,0
A013400,R03,R03-M02,3,3,0,3,3,1,1
A013406,R03,R03-M02,4,4,0,2,0,0,0
A013578,R03,R03-M02,3,3,0,2,1,1,1
A013690,R03,R03-M02,3,3,0,2,0,0,0
A013790,R03,R03-M02,5,5,0,3,1,0,0
A013950,R03,R03-M02,2,2,0,0,0,0,0
A014043,R03,R03-M02,6,6,0,6,2,0,0
A014051,R03,R03-M02,4,4,0,2,1,0,0
A014149,R03,R03-M02,1,1,0,0,0,0,0
A014154,R03,R03-M02,5,5,0,5,4,0,0
A014530,R03,R03-M02,9,9,0,7,0,0,0
A014761,R03,R03-M02,2,2,0,2,1,0,1
A014871,R03,R03-M02,9,9,0,6,2,0,0
A014889,R03,R03-M02,3,3,0,2,1,0,0
A014918,R03,R03-M02,2,2,0,1,1,0,0
A014934,R03,R03-M02,1,1,0,1,1,0,0
A014996,R03,R03-M02,4,4,0,3,2,0,0
A015031,R03,R03-M02,3,3,0,2,2,0,0
A015089,R03,R03-M02,6,6,0,5,2,0,0
A015124,R03,R03-M02,7,7,0,4,0,0,0
A015202,R03,R03-M02,4,4,0,4,1,0,0
A015472,R03,R03-M02,4,4,0,2,0,0,0
A015515,R03,R03-M02,1,1,0,1,1,0,0
A015521,R03,R03-M02,4,4,0,3,2,0,0
A015548,R03,R03-M02,3,3,0,3,1,0,0
A015652,R03,R03-M02,5,5,0,2,0,0,0
A015697,R03,R03-M02,1,1,0,0,0,0,0
A015780,R03,R03-M02,4,4,0,1,1,0,0
A015809,R03,R03-M02,2,2,0,1,0,0,0
A015878,R03,R03-M02,1,1,0,0,0,0,0
A015935,R03,R03-M02,3,3,0,1,1,0,0
A015997,R03,R03-M02,3,2,1,2,2,0,1
A016000,R03,R03-M02,3,2,1,2,0,0,1
A016068,R03,R03-M02,3,3,0,3,1,0,0
A016131,R03,R03-M02,11,10,1,9,4,0,1
A016330,R03,R03-M02,5,5,0,5,3,0,0
A016354,R03,R03-M02,5,5,0,2,1,0,0
A016399,R03,R03-M02,3,3,0,1,1,0,0
A016412,R03,R03-M02,2,1,1,2,0,0,1
A016679,R03,R03-M02,3,3,0,0,0,0,0
A016845,R03,R03-M02,1,1,0,1,1,0,0
A016905,R03,R03-M02,1,1,0,1,0,0,0
A016917,R03,R03-M02,6,6,0,5,2,0,0
A016952,R03,R03-M02,6,6,0,6,1,0,0
A016954,R03,R03-M02,6,4,2,4,3,0,2
A017041,R03,R03-M02,6,6,0,3,3,0,0
A017153,R03,R03-M02,1,1,0,0,0,0,0
A017247,R03,R03-M02,1,1,0,0,0,0,0
A017259,R03,R03-M02,6,6,0,6,3,1,1
A017261,R03,R03-M02,1,1,0,0,0,0,0
A017355,R03,R03-M02,7,7,0,5,3,0,0
A017369,R03,R03-M02,2,2,0,2,0,0,0
A017415,R03,R03-M02,3,3,0,2,1,1,2
A017434,R03,R03-M02,4,4,0,1,0,0,0
A017685,R03,R03-M02,4,4,0,1,0,0,0
A017689,R03,R03-M02,3,3,0,3,1,0,0
A017696,R03,R03-M02,6,6,0,6,4,0,0
A017772,R03,R03-M02,1,1,0,1,0,0,0
A017796,R03,R03-M02,1,1,0,1,1,0,0
A017842,R03,R03-M02,1,1,0,1,1,0,0
A017903,R03,R03-M02,6,6,0,3,1,0,0
A000041,R03,R03-M03,15,15,0,10,4,1,1
A000078,R03,R03-M03,7,7,0,5,0,0,0
A000207,R03,R03-M03,2,2,0,2,0,0,0
A000274,R03,R03-M03,1,1,0,1,1,0,0
A000340,R03,R03-M03,3,3,0,3,2,0,0
A000383,R03,R03-M03,8,8,0,6,1,0,0
A000484,R03,R03-M03,2,2,0,2,1,0,0
A000504,R03,R03-M03,4,4,0,2,1,0,0
A000707,R03,R03-M03,2,2,0,0,0,0,0
A000857,R03,R03-M03,9,8,1,7,4,0,1
A000990,R03,R03-M03,6,6,0,4,2,0,1
A001028,R03,R03-M03,2,2,0,0,0,0,0
A001418,R03,R03-M03,4,4,0,3,2,0,0
A001495,R03,R03-M03,5,5,0,5,1,0,0
A001516,R03,R03-M03,11,11,0,8,5,0,0
A001577,R03,R03-M03,2,2,0,0,0,0,0
A001645,R03,R03-M03,7,7,0,5,1,0,0
A001689,R03,R03-M03,2,2,0,0,0,0,0
A001725,R03,R03-M03,2,2,0,2,1,0,0
A001734,R03,R03-M03,1,1,0,1,1,0,0
A002071,R03,R03-M03,2,2,0,2,1,1,2
A002181,R03,R03-M03,6,6,0,2,1,0,0
A002204,R03,R03-M03,1,1,0,0,0,0,0
A002212,R03,R03-M03,3,3,0,2,2,0,0
A002390,R03,R03-M03,2,2,0,2,0,0,0
A002435,R03,R03-M03,1,1,0,1,0,0,0
A002517,R03,R03-M03,3,3,0,3,0,0,0
A002654,R03,R03-M03,2,2,0,1,1,0,0
A002784,R03,R03-M03,5,5,0,5,4,0,0
A002799,R03,R03-M03,3,3,0,3,1,0,0
A002808,R03,R03-M03,10,10,0,8,2,0,0
A002887,R03,R03-M03,6,6,0,5,1,0,0
A003150,R03,R03-M03,5,5,0,3,0,0,0
A003158,R03,R03-M03,1,1,0,1,1,0,0
A003194,R03,R03-M03,3,3,0,2,1,0,0
A003299,R03,R03-M03,10,10,0,8,1,0,0
A003300,R03,R03-M03,10,9,1,7,3,1,2
A003307,R03,R03-M03,7,7,0,6,3,0,0
A003342,R03,R03-M03,1,1,0,1,0,0,0
A003500,R03,R03-M03,6,6,0,3,2,0,0
A003508,R03,R03-M03,14,14,0,8,1,0,0
A003537,R03,R03-M03,2,2,0,2,0,0,0
A003597,R03,R03-M03,3,3,0,1,0,0,0
A003923,R03,R03-M03,1,1,0,0,0,0,0
A003938,R03,R03-M03,13,12,1,10,6,1,2
A004032,R03,R03-M03,2,2,0,1,1,0,0
A004224,R03,R03-M03,2,2,0,2,0,0,0
A004241,R03,R03-M03,4,4,0,3,3,0,0
A004388,R03,R03-M03,16,16,0,9,3,1,1
A004429,R03,R03-M03,4,4,0,4,1,0,0
A004486,R03,R03-M03,8,8,0,8,6,0,0
A004556,R03,R03-M03,4,4,0,2,0,0,0
A004591,R03,R03-M03,4,4,0,4,0,0,0
A004656,R03,R03-M03,1,1,0,0,0,0,0
A004794,R03,R03-M03,8,8,0,7,4,1,1
A004901,R03,R03-M03,3,3,0,1,0,0,0
A004934,R03,R03-M03,2,2,0,2,0,0,0
A005012,R03,R03-M03,4,4,0,3,1,0,0
A005483,R03,R03-M03,1,1,0,1,0,0,0
A005524,R03,R03-M03,5,5,0,5,4,0,0
A005592,R03,R03-M03,7,7,0,3,2,0,0
A005602,R03,R03-M03,1,1,0,0,0,0,0
A005624,R03,R03-M03,2,2,0,2,1,0,0
A005658,R03,R03-M03,3,3,0,3,1,0,0
A005863,R03,R03-M03,4,4,0,3,0,0,0
A005913,R03,R03-M03,1,1,0,1,0,0,0
A005918,R03,R03-M03,1,1,0,1,1,0,0
A005953,R03,R03-M03,8,8,0,6,5,0,0
A006105,R03,R03-M03,3,3,0,0,0,0,0
A006120,R03,R03-M03,2,2,0,2,2,0,0
A006155,R03,R03-M03,4,4,0,4,0,0,0
A006212,R03,R03-M03,2,2,0,2,0,0,1
A006292,R03,R03-M03,1,1,0,0,0,0,0
A006303,R03,R03-M03,5,5,0,3,1,0,0
A006415,R03,R03-M03,6,6,0,3,2,1,1
A006423,R03,R03-M03,7,7,0,7,3,0,0
A006575,R03,R03-M03,1,1,0,0,0,0,0
A006750,R03,R03-M03,3,3,0,2,0,0,0
A006951,R03,R03-M03,3,2,1,1,1,0,1
A007040,R03,R03-M03,5,5,0,2,0,0,0
A007057,R03,R03-M03,2,2,0,2,1,0,0
A007112,R03,R03-M03,9,9,0,8,4,1,2
A007175,R03,R03-M03,3,3,0,2,0,0,0
A007287,R03,R03-M03,5,5,0,3,2,0,0
A007318,R03,R03-M03,4,4,0,0,0,0,0
A007389,R03,R03-M03,7,7,0,7,2,0,0
A007473,R03,R03-M03,4,4,0,3,2,0,0
A007527,R03,R03-M03,2,2,0,2,1,0,0
A007585,R03,R03-M03,7,6,1,3,1,0,1
A007682,R03,R03-M03,5,5,0,1,0,0,0
A007694,R03,R03-M03,3,3,0,3,1,0,0
A007742,R03,R03-M03,5,5,0,5,1,0,0
A007845,R03,R03-M03,5,5,0,3,2,0,0
A007999,R03,R03-M03,6,6,0,5,1,0,0
A008015,R03,R03-M03,3,3,0,2,1,0,0
A008027,R03,R03-M03,6,6,0,3,1,0,0
A008028,R03,R03-M03,6,6,0,5,1,0,0
A008065,R03,R03-M03,8,8,0,7,4,0,0
A008096,R03,R03-M03,1,1,0,0,0,0,0
A008239,R03,R03-M03,5,5,0,2,1,0,0
A008368,R03,R03-M03,1,1,0,0,0,0,0
A008458,R03,R03-M03,1,1,0,1,0,0,0
A008466,R03,R03-M03,4,4,0,4,4,0,0
A008612,R03,R03-M03,7,7,0,5,3,0,0
A008657,R03,R03-M03,3,3,0,3,3,0,0
A008686,R03,R03-M03,5,5,0,4,2,0,1
A008695,R03,R03-M03,3,3,0,2,1,0,0
A008818,R03,R03-M03,4,4,0,2,0,0,0
A008863,R03,R03-M03,5,5,0,2,1,0,0
A008865,R03,R03-M03,6,6,0,4,2,0,0
A008941,R03,R03-M03,2,2,0,1,0,0,0
A009070,R03,R03-M03,3,3,0,1,1,0,0
A009164,R03,R03-M03,11,11,0,7,0,0,0
A009196,R03,R03-M03,2,2,0,2,0,0,0
A009290,R03,R03-M03,2,2,0,2,2,0,0
A009298,R03,R03-M03,3,3,0,1,1,0,0
A009431,R03,R03-M03,4,4,0,3,2,0,0
A009578,R03,R03-M03,8,8,0,4,2,0,0
A009583,R03,R03-M03,6,5,1,5,1,0,1
A009640,R03,R03-M03,6,6,0,4,2,1,1
A009686,R03,R03-M03,5,5,0,3,2,0,0
A009873,R03,R03-M03,1,1,0,0,0,0,0
A010003,R03,R03-M03,1,1,0,0,0,0,0
A010012,R03,R03-M03,5,5,0,4,3,0,0
A010097,R03,R03-M03,2,2,0,2,2,0,0
A010099,R03,R03-M03,12,11,1,8,3,1,2
A010251,R03,R03-M03,4,3,1,4,2,0,1
A010314,R03,R03-M03,4,4,0,3,0,0,0
A010446,R03,R03-M03,1,1,0,0,0,0,0
A010464,R03,R03-M03,2,2,0,2,1,0,0
A010514,R03,R03-M03,1,1,0,0,0,0,0
A010542,R03,R03-M03,1,1,0,1,0,0,0
A010563,R03,R03-M03,8,8,0,7,3,0,0
A010840,R03,R03-M03,3,3,0,2,0,0,0
A010883,R03,R03-M03,1,1,0,1,0,0,0
A011039,R03,R03-M03,2,2,0,2,1,0,0
A011130,R03,R03-M03,11,11,0,7,1,0,0
A011183,R03,R03-M03,9,9,0,6,4,0,0
A011239,R03,R03-M03,5,5,0,5,2,1,1
A011383,R03,R03-M03,6,6,0,2,1,0,0
A011395,R03,R03-M03,5,5,0,2,1,0,0
A011511,R03,R03-M03,1,1,0,0,0,0,0
A011579,R03,R03-M03,4,4,0,3,1,0,0
A011593,R03,R03-M03,3,3,0,3,1,0,0
A011660,R03,R03-M03,2,2,0,2,2,0,0
A011683,R03,R03-M03,4,4,0,2,2,0,0
A011710,R03,R03-M03,5,4,1,1,0,0,1
A011747,R03,R03-M03,3,3,0,2,1,0,0
A011778,R03,R03-M03,1,0,1,1,0,0,1
A011814,R03,R03-M03,4,4,0,3,3,0,0
A011817,R03,R03-M03,3,3,0,1,0,0,0
A012051,R03,R03-M03,5,5,0,4,3,0,0
A012064,R03,R03-M03,6,6,0,5,1,1,1
A012078,R03,R03-M03,6,6,0,5,2,0,0
A012128,R03,R03-M03,6,6,0,6,5,1,1
A012134,R03,R03-M03,2,2,0,1,0,0,0
A012155,R03,R03-M03,4,4,0,1,1,0,0
A012210,R03,R03-M03,1,1,0,1,1,0,0
A012278,R03,R03-M03,1,1,0,1,0,0,0
A012328,R03,R03-M03,3,3,0,2,0,0,0
A012489,R03,R03-M03,1,1,0,0,0,0,0
A012500,R03,R03-M03,2,2,0,2,1,0,0
A012678,R03,R03-M03,5,5,0,3,2,1,1
A012907,R03,R03-M03,1,1,0,0,0,0,0
A012941,R03,R03-M03,1,1,0,0,0,0,0
A013122,R03,R03-M03,11,11,0,10,6,0,0
A013821,R03,R03-M03,2,2,0,2,0,0,0
A013840,R03,R03-M03,1,1,0,1,0,0,0
A013848,R03,R03-M03,1,1,0,1,1,0,0
A013894,R03,R03-M03,8,8,0,3,3,0,0
A013989,R03,R03-M03,7,7,0,5,2,0,0
A013994,R03,R03-M03,4,4,0,3,2,0,0
A014012,R03,R03-M03,9,9,0,8,2,0,0
A014210,R03,R03-M03,2,2,0,1,0,0,0
A014298,R03,R03-M03,2,2,0,1,1,0,0
A014321,R03,R03-M03,7,7,0,6,1,0,0
A014325,R03,R03-M03,2,2,0,1,1,0,0
A014423,R03,R03-M03,7,7,0,5,2,0,0
A014574,R03,R03-M03,1,1,0,1,1,0,0
A014707,R03,R03-M03,5,5,0,4,2,0,1
A014737,R03,R03-M03,3,3,0,3,1,0,0
A014770,R03,R03-M03,10,9,1,10,3,1,2
A014806,R03,R03-M03,5,5,0,4,4,0,0
A014927,R03,R03-M03,1,1,0,1,1,1,1
A015223,R03,R03-M03,4,4,0,4,1,0,0
A015232,R03,R03-M03,1,1,0,1,1,0,0
A015244,R03,R03-M03,3,3,0,2,0,0,0
A015353,R03,R03-M03,15,14,1,7,3,1,2
A015437,R03,R03-M03,8,8,0,7,2,0,0
A015643,R03,R03-M03,6,6,0,4,2,0,0
A015738,R03,R03-M03,2,2,0,2,1,0,0
A015862,R03,R03-M03,6,6,0,6,3,0,0
A015990,R03,R03-M03,8,8,0,5,1,0,0
A016017,R03,R03-M03,2,2,0,2,0,0,0
A016034,R03,R03-M03,1,1,0,1,0,0,0
A016193,R03,R03-M03,1,1,0,0,0,0,0
A016309,R03,R03-M03,6,6,0,5,1,0,0
A016323,R03,R03-M03,1,1,0,1,0,0,0
A016415,R03,R03-M03,2,2,0,2,1,0,0
A016422,R03,R03-M03,6,6,0,5,1,0,0
A016433,R03,R03-M03,4,4,0,4,3,0,0
A016547,R03,R03-M03,5,5,0,4,2,1,1
A016714,R03,R03-M03,2,2,0,0,0,0,0
A016789,R03,R03-M03,1,1,0,1,1,0,0
A016824,R03,R03-M03,2,2,0,1,1,0,0
A016831,R03,R03-M03,1,1,0,1,1,0,0
A016918,R03,R03-M03,4,4,0,4,1,0,0
A017171,R03,R03-M03,1,1,0,1,1,0,0
A017206,R03,R03-M03,2,2,0,0,0,0,0
A017421,R03,R03-M03,11,11,0,6,3,0,0
A017544,R03,R03-M03,6,6,0,5,2,0,0
A017626,R03,R03-M03,14,14,0,10,1,0,0
A017792,R03,R03-M03,1,1,0,0,0,0,0
A017950,R03,R03-M03,1,1,0,0,0,0,0
A000045,R03,R03-M04,9,9,0,7,2,0,1
A000106,R03,R03-M04,2,2,0,2,1,0,0
A000132,R03,R03-M04,2,2,0,2,1,0,1
A000138,R03,R03-M04,8,8,0,5,3,0,0
A000168,R03,R03-M04,1,1,0,1,1,0,0
A000170,R03,R03-M04,3,2,1,3,1,0,1
A000293,R03,R03-M04,4,4,0,3,2,0,0
A000330,R03,R03-M04,6,6,0,5,1,0,1
A000365,R03,R03-M04,1,1,0,1,0,0,1
A000634,R03,R03-M04,5,5,0,2,2,0,0
A000672,R03,R03-M04,2,2,0,2,1,0,0
A000719,R03,R03-M04,2,2,0,2,0,0,0
A000773,R03,R03-M04,12,12,0,7,0,0,0
A000992,R03,R03-M04,2,2,0,2,0,0,0
A001001,R03,R03-M04,1,1,0,0,0,0,0
A001021,R03,R03-M04,2,2,0,2,1,0,0
A001134,R03,R03-M04,3,3,0,1,1,0,0
A001276,R03,R03-M04,9,9,0,3,0,0,0
A001288,R03,R03-M04,2,2,0,2,2,0,0
A001321,R03,R03-M04,2,2,0,2,1,0,0
A001326,R03,R03-M04,6,6,0,4,2,0,0
A001413,R03,R03-M04,2,2,0,2,2,0,0
A001447,R03,R03-M04,6,6,0,5,0,0,0
A001910,R03,R03-M04,2,2,0,2,1,0,0
A001994,R03,R03-M04,4,4,0,3,2,0,1
A001997,R03,R03-M04,1,1,0,1,0,0,0
A002178,R03,R03-M04,3,3,0,2,0,0,0
A002216,R03,R03-M04,3,3,0,1,0,0,0
A002277,R03,R03-M04,7,7,0,2,1,0,1
A002278,R03,R03-M04,4,4,0,3,1,0,0
A002323,R03,R03-M04,4,4,0,3,2,0,0
A002358,R03,R03-M04,5,5,0,4,2,0,1
A002469,R03,R03-M04,5,5,0,2,0,0,0
A002531,R03,R03-M04,6,6,0,5,1,0,0
A002721,R03,R03-M04,9,9,0,7,3,1,1
A002764,R03,R03-M04,2,2,0,1,1,0,0
A002814,R03,R03-M04,5,5,0,2,2,0,0
A002912,R03,R03-M04,8,8,0,5,1,0,0
A003119,R03,R03-M04,15,14,1,11,3,0,1
A003138,R03,R03-M04,1,1,0,1,0,0,0
A003256,R03,R03-M04,4,4,0,3,1,0,0
A003328,R03,R03-M04,1,1,0,1,1,0,0
A003351,R03,R03-M04,2,2,0,0,0,0,0
A003381,R03,R03-M04,2,2,0,2,0,0,0
A003464,R03,R03-M04,4,3,1,2,0,0,1
A003496,R03,R03-M04,10,9,1,7,3,0,1
A003603,R03,R03-M04,8,8,0,6,3,0,0
A003635,R03,R03-M04,1,1,0,0,0,0,0
A003730,R03,R03-M04,10,10,0,9,2,0,1
A003820,R03,R03-M04,7,7,0,5,2,0,0
A003828,R03,R03-M04,3,2,1,3,0,0,1
A003976,R03,R03-M04,3,3,0,2,2,0,0
A004011,R03,R03-M04,1,1,0,0,0,0,0
A004063,R03,R03-M04,1,1,0,1,0,0,0
A004068,R03,R03-M04,6,6,0,5,1,0,0
A004069,R03,R03-M04,9,9,0,5,0,0,0
A004197,R03,R03-M04,5,4,1,5,2,0,1
A004227,R03,R03-M04,4,4,0,2,1,0,0
A004288,R03,R03-M04,3,2,1,3,1,0,1
A004329,R03,R03-M04,4,4,0,3,2,0,0
A004424,R03,R03-M04,1,1,0,1,1,0,0
A004489,R03,R03-M04,2,2,0,2,2,0,0
A004500,R03,R03-M04,8,8,0,7,3,0,0
A004559,R03,R03-M04,2,2,0,2,1,1,1
A004577,R03,R03-M04,1,1,0,0,0,0,0
A004628,R03,R03-M04,7,7,0,5,3,1,1
A004663,R03,R03-M04,2,2,0,1,0,0,0
A004665,R03,R03-M04,6,6,0,5,2,0,0
A004737,R03,R03-M04,12,12,0,11,5,0,0
A004742,R03,R03-M04,1,1,0,1,0,0,0
A004802,R03,R03-M04,2,2,0,2,1,0,0
A004888,R03,R03-M04,5,5,0,5,1,0,0
A004942,R03,R03-M04,2,2,0,2,1,0,0
A004975,R03,R03-M04,8,8,0,4,1,0,0
A004997,R03,R03-M04,6,6,0,2,0,0,0
A005059,R03,R03-M04,2,2,0,1,1,0,0
A005251,R03,R03-M04,6,6,0,3,1,0,0
A005257,R03,R03-M04,5,4,1,4,3,0,1
A005301,R03,R03-M04,4,4,0,3,2,0,0
A005474,R03,R03-M04,6,6,0,2,0,0,0
A005532,R03,R03-M04,3,3,0,1,1,0,0
A005668,R03,R03-M04,1,1,0,1,1,0,0
A005697,R03,R03-M04,6,6,0,3,1,0,0
A005724,R03,R03-M04,5,5,0,3,0,0,0
A005736,R03,R03-M04,6,6,0,6,4,0,0
A005884,R03,R03-M04,4,4,0,2,2,0,0
A005964,R03,R03-M04,1,1,0,1,0,0,0
A006018,R03,R03-M04,1,1,0,1,0,0,0
A006054,R03,R03-M04,2,2,0,2,1,0,0
A006408,R03,R03-M04,1,1,0,0,0,0,0
A006439,R03,R03-M04,6,6,0,2,0,0,0
A006619,R03,R03-M04,2,2,0,2,1,0,0
A006754,R03,R03-M04,7,7,0,5,1,0,1
A006843,R03,R03-M04,9,9,0,4,1,0,0
A006882,R03,R03-M04,2,2,0,2,0,0,0
A007010,R03,R03-M04,2,2,0,1,0,0,0
A007079,R03,R03-M04,8,8,0,5,2,0,0
A007127,R03,R03-M04,1,1,0,0,0,0,0
A007197,R03,R03-M04,3,3,0,2,2,0,0
A007222,R03,R03-M04,16,16,0,12,4,0,0
A007456,R03,R03-M04,4,4,0,4,2,0,0
A007600,R03,R03-M04,4,4,0,3,0,0,0
A007607,R03,R03-M04,2,2,0,2,0,0,0
A007621,R03,R03-M04,2,2,0,1,1,0,0
A007683,R03,R03-M04,1,1,0,0,0,0,0
A007758,R03,R03-M04,11,11,0,6,1,0,0
A008100,R03,R03-M04,17,17,0,12,5,0,0
A008251,R03,R03-M04,1,1,0,0,0,0,0
A008273,R03,R03-M04,4,4,0,3,3,0,0
A008274,R03,R03-M04,3,3,0,1,0,0,0
A008344,R03,R03-M04,9,9,0,6,2,0,0
A008626,R03,R03-M04,1,1,0,1,0,0,0
A008704,R03,R03-M04,7,7,0,6,3,0,0
A008706,R03,R03-M04,8,8,0,3,1,0,0
A008805,R03,R03-M04,2,2,0,2,2,0,0
A008858,R03,R03-M04,2,2,0,1,0,0,0
A008990,R03,R03-M04,4,4,0,4,1,0,0
A009038,R03,R03-M04,5,5,0,5,0,0,0
A009368,R03,R03-M04,10,10,0,7,4,1,1
A009439,R03,R03-M04,6,6,0,4,2,0,0
A009523,R03,R03-M04,6,6,0,4,1,0,0
A009537,R03,R03-M04,3,3,0,3,1,0,0
A009603,R03,R03-M04,3,3,0,2,0,0,0
A009611,R03,R03-M04,6,6,0,5,4,0,0
A009626,R03,R03-M04,2,2,0,1,0,0,0
A009634,R03,R03-M04,7,7,0,3,2,1,2
A009813,R03,R03-M04,5,5,0,3,0,0,0
A009847,R03,R03-M04,14,14,0,13,7,0,0
A009972,R03,R03-M04,2,2,0,2,0,0,0
A010036,R03,R03-M04,3,3,0,2,0,0,0
A010092,R03,R03-M04,5,5,0,5,2,0,1
A010341,R03,R03-M04,3,3,0,1,0,0,0
A010390,R03,R03-M04,1,1,0,1,1,0,0
A010492,R03,R03-M04,2,2,0,2,1,0,0
A010498,R03,R03-M04,2,2,0,2,1,0,0
A010518,R03,R03-M04,1,1,0,1,1,0,0
A010729,R03,R03-M04,1,1,0,0,0,0,0
A010740,R03,R03-M04,3,3,0,1,0,0,0
A010784,R03,R03-M04,5,5,0,5,2,0,0
A011108,R03,R03-M04,4,4,0,4,0,0,0
A011348,R03,R03-M04,9,9,0,6,3,0,0
A011378,R03,R03-M04,2,2,0,2,2,0,0
A011520,R03,R03-M04,2,2,0,2,2,0,0
A011602,R03,R03-M04,5,5,0,2,0,0,1
A011636,R03,R03-M04,1,1,0,0,0,0,0
A011639,R03,R03-M04,11,11,0,9,5,0,0
A011959,R03,R03-M04,4,4,0,3,0,0,0
A011977,R03,R03-M04,2,2,0,2,0,0,0
A012087,R03,R03-M04,6,6,0,5,2,0,0
A012163,R03,R03-M04,4,4,0,2,2,0,0
A012206,R03,R03-M04,6,6,0,3,1,0,0
A012212,R03,R03-M04,7,7,0,5,2,0,0
A012215,R03,R03-M04,5,5,0,4,2,0,0
A012369,R03,R03-M04,4,4,0,3,0,0,1
A012389,R03,R03-M04,3,3,0,2,1,0,0
A012482,R03,R03-M04,2,2,0,1,0,0,0
A012550,R03,R03-M04,6,6,0,4,1,0,0
A012566,R03,R03-M04,1,1,0,1,0,0,0
A012664,R03,R03-M04,4,3,1,4,2,0,1
A012673,R03,R03-M04,2,2,0,2,2,0,0
A012680,R03,R03-M04,3,3,0,3,1,0,0
A012835,R03,R03-M04,1,1,0,1,1,0,0
A012879,R03,R03-M04,6,6,0,6,1,1,1
A013011,R03,R03-M04,4,4,0,4,3,0,0
A013016,R03,R03-M04,1,1,0,1,0,0,0
A013034,R03,R03-M04,9,9,0,8,2,0,0
A013222,R03,R03-M04,1,1,0,1,1,0,0
A013245,R03,R03-M04,2,2,0,0,0,0,0
A013379,R03,R03-M04,1,1,0,0,0,0,0
A013414,R03,R03-M04,8,8,0,5,3,0,0
A013431,R03,R03-M04,4,4,0,2,1,1,1
A013442,R03,R03-M04,2,2,0,2,1,1,1
A013635,R03,R03-M04,6,6,0,4,1,0,2
A013816,R03,R03-M04,3,3,0,1,0,0,0
A013874,R03,R03-M04,5,5,0,4,3,1,1
A013919,R03,R03-M04,1,1,0,1,1,0,0
A013947,R03,R03-M04,3,3,0,2,2,1,1
A014196,R03,R03-M04,5,5,0,5,2,0,0
A014218,R03,R03-M04,7,7,0,6,3,0,0
A014264,R03,R03-M04,4,4,0,3,1,1,2
A014290,R03,R03-M04,2,2,0,2,0,0,1
A014378,R03,R03-M04,14,14,0,8,3,0,0
A014540,R03,R03-M04,13,13,0,11,5,0,0
A014611,R03,R03-M04,4,4,0,3,1,0,0
A014634,R03,R03-M04,3,3,0,2,2,0,1
A014705,R03,R03-M04,8,8,0,6,3,0,0
A014783,R03,R03-M04,5,5,0,5,3,0,0
A014849,R03,R03-M04,2,2,0,2,1,0,0
A014861,R03,R03-M04,5,5,0,4,2,0,0
A014920,R03,R03-M04,1,1,0,1,1,0,0
A014957,R03,R03-M04,1,1,0,1,0,0,0
A015036,R03,R03-M04,3,3,0,2,0,0,0
A015185,R03,R03-M04,3,3,0,1,1,0,0
A015203,R03,R03-M04,6,6,0,6,3,1,1
A015225,R03,R03-M04,2,2,0,1,0,0,0
A015231,R03,R03-M04,2,2,0,0,0,0,0
A015302,R03,R03-M04,2,2,0,2,0,0,0
A015327,R03,R03-M04,4,4,0,2,0,0,0
A015380,R03,R03-M04,4,3,1,3,1,0,1
A015530,R03,R03-M04,2,2,0,2,0,0,0
A015642,R03,R03-M04,5,5,0,3,1,0,0
A015648,R03,R03-M04,2,2,0,0,0,0,0
A015686,R03,R03-M04,3,3,0,3,1,0,0
A015974,R03,R03-M04,6,6,0,3,1,0,0
A016015,R03,R03-M04,5,5,0,3,1,0,0
A016162,R03,R03-M04,5,5,0,3,1,0,0
A016200,R03,R03-M04,3,3,0,2,1,0,0
A016230,R03,R03-M04,3,3,0,3,3,0,0
A016293,R03,R03-M04,1,1,0,0,0,0,0
A016372,R03,R03-M04,6,6,0,3,1,0,0
A016468,R03,R03-M04,14,14,0,9,1,0,0
A016561,R03,R03-M04,6,4,2,5,2,0,2
A016660,R03,R03-M04,8,8,0,6,1,0,1
A016686,R03,R03-M04,2,2,0,2,1,0,0
A016751,R03,R03-M04,4,4,0,2,0,0,0
A016764,R03,R03-M04,5,5,0,5,1,0,0
A016852,R03,R03-M04,6,6,0,3,2,0,0
A016877,R03,R03-M04,1,1,0,1,0,0,0
A016895,R03,R03-M04,9,9,0,6,4,0,0
A017064,R03,R03-M04,1,1,0,0,0,0,0
A017066,R03,R03-M04,1,1,0,0,0,0,0
A017119,R03,R03-M04,11,11,0,9,2,0,0
A017229,R03,R03-M04,6,6,0,3,3,0,0
A017474,R03,R03-M04,4,4,0,2,0,0,0
A017479,R03,R03-M04,2,2,0,1,1,0,0
A017492,R03,R03-M04,16,16,0,14,5,0,0
A017499,R03,R03-M04,10,10,0,5,0,0,0
A017589,R03,R03-M04,1,1,0,1,0,0,0
A017741,R03,R03-M04,1,1,0,0,0,0,0
A017812,R03,R03-M04,2,2,0,2,2,0,0
A017874,R03,R03-M04,2,2,0,2,1,0,0
A000142,R04,R04-M01,5,5,0,4,1,0,0
A000239,R04,R04-M01,13,13,0,11,5,0,0
A000242,R04,R04-M01,2,2,0,2,1,0,0
A000283,R04,R04-M01,4,4,0,2,2,0,0
A000322,R04,R04-M01,5,5,0,3,1,0,0
A000355,R04,R04-M01,4,4,0,2,1,0,0
A000518,R04,R04-M01,3,3,0,1,0,0,0
A000586,R04,R04-M01,2,2,0,0,0,0,0
A000690,R04,R04-M01,5,5,0,3,1,0,0
A000965,R04,R04-M01,2,2,0,2,1,0,0
A001084,R04,R04-M01,2,2,0,2,1,0,0
A001149,R04,R04-M01,3,3,0,2,2,0,0
A001369,R04,R04-M01,1,1,0,1,0,0,0
A001471,R04,R04-M01,3,3,0,3,2,0,0
A001488,R04,R04-M01,4,4,0,4,2,0,0
A001512,R04,R04-M01,3,3,0,2,1,0,0
A001614,R04,R04-M01,13,13,0,7,1,0,0
A001805,R04,R04-M01,6,5,1,4,1,0,1
A001827,R04,R04-M01,2,2,0,1,1,0,0
A001932,R04,R04-M01,2,2,0,2,1,0,0
A002042,R04,R04-M01,6,5,1,5,0,0,1
A002407,R04,R04-M01,3,3,0,2,2,0,0
A002498,R04,R04-M01,8,8,0,6,1,0,0
A002514,R04,R04-M01,2,2,0,1,1,0,0
A002619,R04,R04-M01,13,13,0,10,7,0,0
A002686,R04,R04-M01,4,4,0,3,1,0,0
A002832,R04,R04-M01,1,0,1,1,0,0,1
A002843,R04,R04-M01,1,1,0,1,0,0,0
A002900,R04,R04-M01,1,1,0,1,1,0,0
A002903,R04,R04-M01,4,4,0,3,2,0,0
A002914,R04,R04-M01,1,1,0,1,0,0,0
A002944,R04,R04-M01,1,1,0,0,0,0,0
A003067,R04,R04-M01,3,3,0,2,1,0,0
A003245,R04,R04-M01,1,1,0,1,0,0,0
A003346,R04,R04-M01,7,7,0,6,3,0,0
A003396,R04,R04-M01,1,1,0,1,0,0,0
A003550,R04,R04-M01,11,11,0,8,1,0,0
A003587,R04,R04-M01,5,5,0,4,1,0,0
A003773,R04,R04-M01,8,8,0,7,4,0,0
A003825,R04,R04-M01,4,4,0,3,2,0,0
A003876,R04,R04-M01,3,3,0,3,2,0,0
A003983,R04,R04-M01,2,2,0,1,0,0,0
A004049,R04,R04-M01,12,12,0,9,4,0,0
A004065,R04,R04-M01,4,4,0,3,3,0,0
A004325,R04,R04-M01,2,2,0,2,1,0,0
A004415,R04,R04-M01,2,2,0,1,1,0,0
A004543,R04,R04-M01,2,2,0,1,0,0,0
A004646,R04,R04-M01,5,5,0,5,0,0,0
A004661,R04,R04-M01,6,6,0,2,0,0,0
A004668,R04,R04-M01,6,6,0,4,2,0,0
A004828,R04,R04-M01,19,19,0,13,5,0,0
A004860,R04,R04-M01,2,2,0,2,1,1,1
A004863,R04,R04-M01,1,1,0,1,0,0,0
A004928,R04,R04-M01,5,5,0,3,1,0,0
A004971,R04,R04-M01,2,2,0,1,0,0,0
A005039,R04,R04-M01,1,1,0,1,0,0,0
A005169,R04,R04-M01,4,4,0,2,1,0,0
A005278,R04,R04-M01,8,7,1,5,3,0,2
A005340,R04,R04-M01,1,1,0,1,1,0,0
A005345,R04,R04-M01,1,0,1,0,0,0,1
A005349,R04,R04-M01,20,19,1,12,5,1,2
A005413,R04,R04-M01,2,2,0,2,0,0,0
A005460,R04,R04-M01,1,1,0,0,0,0,0
A005482,R04,R04-M01,1,1,0,0,0,0,0
A005504,R04,R04-M01,4,4,0,3,1,0,0
A005657,R04,R04-M01,1,1,0,0,0,0,0
A005753,R04,R04-M01,5,4,1,4,3,0,1
A005793,R04,R04-M01,10,10,0,8,3,0,0
A005976,R04,R04-M01,6,6,0,5,2,0,0
A005998,R04,R04-M01,4,3,1,3,1,0,1
A006421,R04,R04-M01,4,4,0,4,2,0,0
A006566,R04,R04-M01,2,2,0,1,0,0,0
A006607,R04,R04-M01,10,10,0,9,2,0,0
A006683,R04,R04-M01,9,9,0,6,3,0,0
A006721,R04,R04-M01,12,12,0,8,4,0,0
A006735,R04,R04-M01,3,3,0,2,1,0,0
A006800,R04,R04-M01,3,3,0,2,0,0,0
A006841,R04,R04-M01,1,1,0,1,0,0,0
A006854,R04,R04-M01,1,1,0,1,0,0,0
A006910,R04,R04-M01,15,15,0,12,5,0,0
A007094,R04,R04-M01,2,2,0,2,1,0,0
A007179,R04,R04-M01,4,4,0,1,0,0,0
A007301,R04,R04-M01,9,9,0,7,4,0,0
A007317,R04,R04-M01,6,6,0,4,4,1,1
A007533,R04,R04-M01,2,2,0,0,0,0,0
A007548,R04,R04-M01,2,2,0,2,1,0,0
A007553,R04,R04-M01,2,2,0,1,0,0,0
A007772,R04,R04-M01,2,2,0,1,1,0,0
A007852,R04,R04-M01,3,3,0,3,1,0,0
A008019,R04,R04-M01,3,3,0,1,0,0,0
A008044,R04,R04-M01,3,3,0,2,1,0,0
A008103,R04,R04-M01,5,5,0,4,1,0,0
A008185,R04,R04-M01,3,3,0,3,1,0,0
A008241,R04,R04-M01,7,7,0,4,0,0,0
A008261,R04,R04-M01,4,4,0,4,0,0,0
A008391,R04,R04-M01,3,3,0,1,0,0,0
A008534,R04,R04-M01,4,4,0,3,0,0,0
A008753,R04,R04-M01,1,1,0,1,0,0,0
A008769,R04,R04-M01,1,1,0,1,1,0,0
A008883,R04,R04-M01,5,5,0,2,0,0,0
A008888,R04,R04-M01,7,7,0,6,3,0,0
A009016,R04,R04-M01,4,4,0,3,0,0,0
A009053,R04,R04-M01,4,4,0,1,1,0,0
A009125,R04,R04-M01,4,4,0,2,0,0,0
A009230,R04,R04-M01,3,3,0,1,0,0,0
A009267,R04,R04-M01,5,5,0,3,2,0,0
A009272,R04,R04-M01,1,1,0,1,0,0,0
A009438,R04,R04-M01,9,9,0,5,2,0,0
A009540,R04,R04-M01,3,3,0,1,1,0,0
A009566,R04,R04-M01,7,7,0,5,2,0,0
A009754,R04,R04-M01,1,1,0,0,0,0,0
A009807,R04,R04-M01,6,6,0,4,1,0,0
A010027,R04,R04-M01,2,2,0,2,1,0,0
A010121,R04,R04-M01,5,5,0,1,1,0,0
A010156,R04,R04-M01,3,3,0,1,0,0,0
A010262,R04,R04-M01,1,1,0,0,0,0,0
A010782,R04,R04-M01,2,2,0,1,0,0,1
A011074,R04,R04-M01,3,3,0,2,0,0,0
A011104,R04,R04-M01,3,3,0,1,0,0,0
A011162,R04,R04-M01,2,2,0,1,1,0,0
A011290,R04,R04-M01,2,2,0,2,2,0,0
A011551,R04,R04-M01,4,4,0,2,1,1,1
A011703,R04,R04-M01,5,5,0,4,3,0,0
A011724,R04,R04-M01,3,3,0,2,0,0,0
A011783,R04,R04-M01,3,3,0,2,0,0,0
A011818,R04,R04-M01,6,6,0,3,2,0,0
A011891,R04,R04-M01,2,2,0,2,1,0,0
A012016,R04,R04-M01,2,2,0,0,0,0,0
A012169,R04,R04-M01,7,7,0,3,0,0,0
A012198,R04,R04-M01,1,1,0,1,0,0,0
A012264,R04,R04-M01,1,1,0,1,0,0,0
A012311,R04,R04-M01,3,3,0,2,0,0,0
A012331,R04,R04-M01,1,1,0,1,0,0,0
A012351,R04,R04-M01,1,1,0,1,0,0,0
A012643,R04,R04-M01,4,4,0,2,1,0,0
A013035,R04,R04-M01,4,4,0,3,2,0,0
A013168,R04,R04-M01,2,2,0,0,0,0,0
A013209,R04,R04-M01,2,2,0,2,0,0,0
A013357,R04,R04-M01,3,3,0,2,0,0,0
A013413,R04,R04-M01,2,2,0,2,0,0,0
A013438,R04,R04-M01,5,4,1,4,1,0,1
A013626,R04,R04-M01,10,10,0,8,5,0,0
A013638,R04,R04-M01,3,3,0,2,0,0,0
A013644,R04,R04-M01,15,15,0,13,5,0,1
A013663,R04,R04-M01,14,13,1,12,4,1,2
A013745,R04,R04-M01,1,1,0,1,0,0,0
A013814,R04,R04-M01,2,2,0,1,0,0,0
A013930,R04,R04-M01,8,8,0,5,1,0,0
A014009,R04,R04-M01,4,4,0,3,1,0,0
A014116,R04,R04-M01,1,1,0,0,0,0,0
A014123,R04,R04-M01,2,2,0,1,1,0,0
A014180,R04,R04-M01,1,1,0,1,0,0,0
A014310,R04,R04-M01,1,1,0,1,0,0,0
A014438,R04,R04-M01,1,1,0,0,0,0,0
A014444,R04,R04-M01,1,1,0,1,1,0,0
A014483,R04,R04-M01,2,2,0,2,1,0,0
A014491,R04,R04-M01,1,1,0,1,0,0,0
A014821,R04,R04-M01,14,14,0,8,3,0,0
A014997,R04,R04-M01,4,4,0,4,3,0,0
A015113,R04,R04-M01,2,2,0,2,1,0,0
A015264,R04,R04-M01,4,4,0,2,1,0,0
A015320,R04,R04-M01,6,6,0,4,3,0,0
A015502,R04,R04-M01,5,5,0,3,2,0,0
A015592,R04,R04-M01,21,20,1,12,6,0,1
A015664,R04,R04-M01,2,2,0,2,1,0,0
A015672,R04,R04-M01,6,6,0,4,0,0,0
A015994,R04,R04-M01,3,3,0,2,0,1,1
A016291,R04,R04-M01,5,5,0,2,1,0,0
A016398,R04,R04-M01,4,4,0,2,0,0,0
A016659,R04,R04-M01,6,6,0,4,1,0,0
A016783,R04,R04-M01,3,3,0,2,1,0,0
A016853,R04,R04-M01,7,7,0,2,1,0,0
A016915,R04,R04-M01,15,15,0,11,2,0,0
A016941,R04,R04-M01,9,9,0,3,2,0,0
A016948,R04,R04-M01,3,3,0,3,1,0,0
A016951,R04,R04-M01,3,3,0,1,0,0,0
A017102,R04,R04-M01,3,3,0,1,1,0,0
A017298,R04,R04-M01,7,7,0,7,2,0,0
A017453,R04,R04-M01,1,1,0,0,0,0,0
A017513,R04,R04-M01,1,1,0,0,0,0,0
A017579,R04,R04-M01,1,1,0,0,0,0,0
A017691,R04,R04-M01,3,3,0,3,1,0,0
A017834,R04,R04-M01,2,2,0,1,0,0,0
A017937,R04,R04-M01,6,6,0,4,3,0,0
A017994,R04,R04-M01,1,1,0,1,1,0,0
A000065,R04,R04-M02,4,4,0,4,2,0,0
A000131,R04,R04-M02,1,1,0,1,0,0,0
A000538,R04,R04-M02,9,9,0,7,6,0,0
A000555,R04,R04-M02,2,1,1,2,1,0,1
A000592,R04,R04-M02,4,4,0,2,0,0,0
A000595,R04,R04-M02,3,3,0,3,1,0,0
A000613,R04,R04-M02,7,7,0,6,3,0,0
A000647,R04,R04-M02,5,5,0,3,2,1,2
A000754,R04,R04-M02,6,6,0,3,1,0,0
A000999,R04,R04-M02,1,1,0,1,0,0,0
A001111,R04,R04-M02,16,16,0,11,5,2,2
A001364,R04,R04-M02,15,14,1,10,4,0,1
A001381,R04,R04-M02,5,5,0,2,1,0,0
A001482,R04,R04-M02,7,7,0,4,2,0,0
A001490,R04,R04-M02,4,4,0,2,0,0,0
A001540,R04,R04-M02,7,7,0,6,2,0,0
A001714,R04,R04-M02,7,7,0,6,0,0,1
A001716,R04,R04-M02,3,3,0,2,1,0,0
A001737,R04,R04-M02,5,5,0,4,1,0,0
A001812,R04,R04-M02,4,4,0,3,2,0,0
A002021,R04,R04-M02,8,8,0,4,2,0,1
A002155,R04,R04-M02,10,10,0,5,2,0,0
A002156,R04,R04-M02,7,7,0,5,2,0,0
A002172,R04,R04-M02,1,1,0,1,0,0,0
A002262,R04,R04-M02,1,1,0,0,0,0,0
A002418,R04,R04-M02,4,4,0,3,3,0,0
A002479,R04,R04-M02,4,4,0,1,1,0,0
A002481,R04,R04-M02,5,5,0,4,3,1,2
A002513,R04,R04-M02,7,7,0,4,1,0,0
A002650,R04,R04-M02,2,2,0,1,0,0,0
A002677,R04,R04-M02,1,1,0,0,0,0,0
A002709,R04,R04-M02,2,2,0,2,1,0,0
A002768,R04,R04-M02,3,2,1,1,0,0,1
A002866,R04,R04-M02,2,2,0,1,1,0,0
A003070,R04,R04-M02,9,9,0,6,1,0,0
A003093,R04,R04-M02,2,1,1,2,0,0,1
A003104,R04,R04-M02,5,5,0,3,0,0,0
A003114,R04,R04-M02,3,3,0,1,0,0,0
A003117,R04,R04-M02,6,6,0,5,3,0,0
A003140,R04,R04-M02,4,4,0,3,2,0,0
A003181,R04,R04-M02,2,2,0,2,0,0,0
A003259,R04,R04-M02,8,6,2,5,2,0,3
A003428,R04,R04-M02,1,1,0,1,1,0,0
A003432,R04,R04-M02,1,1,0,1,0,0,0
A003462,R04,R04-M02,2,2,0,1,1,0,0
A003512,R04,R04-M02,7,7,0,5,3,0,0
A003523,R04,R04-M02,6,6,0,6,3,0,0
A003558,R04,R04-M02,1,1,0,0,0,0,0
A003578,R04,R04-M02,3,3,0,1,0,0,0
A003617,R04,R04-M02,3,3,0,2,0,0,0
A003766,R04,R04-M02,3,3,0,2,0,0,0
A004183,R04,R04-M02,7,7,0,3,1,1,1
A004403,R04,R04-M02,7,7,0,5,3,0,0
A004440,R04,R04-M02,3,3,0,2,0,0,0
A004463,R04,R04-M02,1,1,0,1,1,0,0
A004533,R04,R04-M02,1,1,0,1,0,0,0
A004568,R04,R04-M02,11,11,0,7,5,0,0
A004784,R04,R04-M02,4,4,0,3,1,0,0
A004938,R04,R04-M02,3,3,0,1,0,0,0
A005110,R04,R04-M02,2,2,0,1,0,0,0
A005357,R04,R04-M02,1,1,0,1,0,0,0
A005371,R04,R04-M02,4,4,0,3,3,0,0
A005452,R04,R04-M02,7,7,0,6,1,1,1
A005467,R04,R04-M02,13,12,1,7,2,0,1
A005511,R04,R04-M02,1,1,0,0,0,0,0
A005567,R04,R04-M02,1,1,0,1,1,0,0
A005572,R04,R04-M02,2,2,0,1,0,0,0
A005587,R04,R04-M02,13,13,0,10,3,0,0
A005723,R04,R04-M02,3,3,0,1,0,0,0
A005750,R04,R04-M02,4,4,0,2,2,0,0
A005799,R04,R04-M02,1,1,0,1,0,0,0
A005870,R04,R04-M02,10,10,0,7,2,1,1
A005882,R04,R04-M02,1,1,0,1,1,0,0
A005926,R04,R04-M02,3,3,0,2,1,0,0
A005975,R04,R04-M02,4,4,0,4,2,1,1
A006037,R04,R04-M02,5,5,0,2,0,0,0
A006148,R04,R04-M02,3,3,0,2,2,0,0
A006169,R04,R04-M02,1,1,0,1,0,0,0
A006247,R04,R04-M02,1,1,0,0,0,0,0
A006420,R04,R04-M02,9,9,0,5,0,0,0
A006458,R04,R04-M02,4,4,0,2,1,0,0
A006466,R04,R04-M02,1,1,0,1,0,0,0
A006652,R04,R04-M02,1,1,0,1,0,0,0
A006668,R04,R04-M02,2,2,0,1,1,0,0
A006703,R04,R04-M02,2,2,0,1,0,0,0
A006855,R04,R04-M02,4,4,0,3,2,0,0
A006868,R04,R04-M02,2,2,0,1,0,0,0
A006876,R04,R04-M02,5,5,0,3,2,0,0
A006879,R04,R04-M02,3,3,0,2,0,0,0
A006894,R04,R04-M02,6,6,0,4,2,0,0
A007092,R04,R04-M02,2,2,0,2,1,0,0
A007122,R04,R04-M02,2,2,0,2,1,0,0
A007144,R04,R04-M02,5,5,0,4,2,0,0
A007159,R04,R04-M02,4,4,0,1,1,0,0
A007238,R04,R04-M02,1,1,0,1,1,0,0
A007378,R04,R04-M02,6,6,0,6,3,0,0
A007557,R04,R04-M02,4,4,0,3,2,0,0
A007565,R04,R04-M02,3,3,0,3,3,0,0
A007571,R04,R04-M02,7,7,0,5,0,0,0
A007886,R04,R04-M02,1,1,0,1,0,0,0
A007900,R04,R04-M02,1,1,0,1,0,0,0
A007972,R04,R04-M02,1,1,0,1,0,0,0
A007993,R04,R04-M02,2,2,0,1,0,0,0
A008227,R04,R04-M02,2,2,0,1,1,0,0
A008280,R04,R04-M02,1,1,0,1,0,0,0
A008319,R04,R04-M02,1,1,0,1,0,0,0
A008325,R04,R04-M02,4,4,0,4,2,0,0
A008395,R04,R04-M02,6,6,0,4,2,0,0
A008419,R04,R04-M02,4,4,0,2,1,0,0
A008465,R04,R04-M02,16,16,0,7,0,0,0
A008474,R04,R04-M02,1,1,0,1,0,0,0
A008511,R04,R04-M02,1,1,0,1,0,0,0
A008623,R04,R04-M02,2,2,0,2,1,0,0
A008724,R04,R04-M02,6,6,0,5,0,0,0
A008743,R04,R04-M02,2,2,0,1,1,0,0
A008756,R04,R04-M02,2,2,0,1,1,0,0
A008816,R04,R04-M02,7,7,0,5,2,0,0
A008837,R04,R04-M02,1,1,0,0,0,0,0
A008896,R04,R04-M02,1,1,0,1,1,0,0
A008965,R04,R04-M02,4,4,0,3,1,0,0
A008973,R04,R04-M02,6,6,0,6,2,0,0
A009013,R04,R04-M02,2,1,1,2,1,0,1
A009095,R04,R04-M02,8,7,1,6,2,0,1
A009239,R04,R04-M02,4,4,0,2,2,0,0
A009262,R04,R04-M02,2,2,0,0,0,0,0
A009273,R04,R04-M02,5,5,0,2,1,0,0
A009400,R04,R04-M02,3,3,0,3,1,0,0
A009446,R04,R04-M02,6,6,0,6,3,0,0
A009463,R04,R04-M02,8,8,0,6,3,0,0
A009527,R04,R04-M02,4,4,0,3,1,0,0
A009684,R04,R04-M02,1,1,0,0,0,0,0
A009731,R04,R04-M02,2,2,0,1,1,0,0
A009740,R04,R04-M02,1,1,0,0,0,0,0
A009831,R04,R04-M02,5,5,0,3,0,0,0
A009832,R04,R04-M02,4,4,0,4,1,0,0
A010074,R04,R04-M02,2,2,0,2,0,0,0
A010083,R04,R04-M02,3,3,0,2,1,0,0
A010355,R04,R04-M02,4,4,0,4,3,0,0
A010359,R04,R04-M02,2,2,0,2,2,1,1
A010448,R04,R04-M02,1,1,0,1,0,0,0
A010457,R04,R04-M02,10,9,1,7,5,0,1
A010552,R04,R04-M02,2,2,0,2,1,0,0
A010588,R04,R04-M02,2,2,0,1,1,0,0
A010717,R04,R04-M02,2,2,0,1,1,0,0
A010760,R04,R04-M02,2,2,0,0,0,0,0
A010762,R04,R04-M02,1,1,0,1,0,0,0
A010783,R04,R04-M02,4,4,0,3,1,0,0
A010860,R04,R04-M02,7,7,0,5,4,0,0
A010896,R04,R04-M02,2,2,0,2,1,1,1
A011049,R04,R04-M02,1,1,0,1,0,0,0
A011066,R04,R04-M02,13,13,0,9,4,1,1
A011407,R04,R04-M02,8,8,0,5,2,0,0
A011432,R04,R04-M02,2,2,0,1,0,0,0
A011505,R04,R04-M02,5,5,0,4,2,0,0
A011575,R04,R04-M02,1,1,0,1,1,0,0
A011664,R04,R04-M02,7,7,0,5,3,0,0
A011708,R04,R04-M02,2,2,0,1,0,0,0
A011720,R04,R04-M02,2,2,0,2,1,0,0
A011732,R04,R04-M02,7,7,0,7,3,0,0
A011737,R04,R04-M02,7,7,0,5,1,0,0
A011768,R04,R04-M02,4,4,0,2,1,0,0
A011831,R04,R04-M02,1,1,0,1,0,0,0
A011876,R04,R04-M02,15,15,0,14,4,0,1
A011924,R04,R04-M02,2,2,0,2,1,0,1
A012105,R04,R04-M02,12,12,0,11,5,0,0
A012205,R04,R04-M02,5,5,0,3,0,0,0
A012232,R04,R04-M02,7,7,0,3,1,0,0
A012244,R04,R04-M02,3,3,0,2,1,0,0
A012286,R04,R04-M02,2,2,0,2,2,0,0
A012304,R04,R04-M02,1,1,0,0,0,0,0
A012394,R04,R04-M02,3,3,0,3,1,0,0
A012532,R04,R04-M02,3,2,1,2,1,0,1
A012560,R04,R04-M02,1,1,0,1,0,0,0
A012578,R04,R04-M02,11,11,0,8,3,0,0
A012704,R04,R04-M02,14,14,0,10,7,0,0
A012759,R04,R04-M02,1,1,0,0,0,0,0
A012824,R04,R04-M02,4,4,0,1,1,0,0
A012875,R04,R04-M02,4,4,0,1,0,0,0
A012903,R04,R04-M02,6,6,0,4,1,0,1
A012912,R04,R04-M02,1,1,0,0,0,0,0
A012926,R04,R04-M02,1,1,0,1,0,0,0
A012929,R04,R04-M02,5,4,1,5,1,0,1
A013013,R04,R04-M02,3,3,0,1,1,0,0
A013102,R04,R04-M02,9,9,0,8,1,0,0
A013140,R04,R04-M02,5,5,0,4,1,0,0
A013262,R04,R04-M02,3,3,0,2,0,0,0
A013372,R04,R04-M02,2,2,0,2,2,0,0
A013449,R04,R04-M02,2,2,0,1,1,0,0
A013906,R04,R04-M02,10,10,0,4,2,1,1
A013914,R04,R04-M02,4,3,1,4,2,0,1
A014045,R04,R04-M02,9,9,0,8,2,0,0
A014057,R04,R04-M02,4,4,0,4,2,0,0
A014068,R04,R04-M02,7,7,0,4,0,0,0
A014201,R04,R04-M02,6,6,0,3,1,0,0
A014293,R04,R04-M02,3,3,0,3,0,0,0
A014375,R04,R04-M02,9,9,0,7,2,1,1
A014475,R04,R04-M02,2,2,0,2,0,0,1
A014700,R04,R04-M02,3,3,0,2,1,0,0
A014950,R04,R04-M02,1,1,0,0,0,0,0
A015041,R04,R04-M02,9,9,0,9,4,0,1
A015051,R04,R04-M02,1,1,0,1,0,0,0
A015087,R04,R04-M02,2,2,0,2,1,0,0
A015115,R04,R04-M02,4,4,0,2,2,0,0
A015129,R04,R04-M02,1,1,0,1,1,0,0
A015141,R04,R04-M02,8,8,0,5,2,1,1
A015164,R04,R04-M02,4,4,0,3,1,0,0
A015215,R04,R04-M02,12,12,0,8,3,0,0
A015241,R04,R04-M02,7,7,0,5,1,0,0
A015248,R04,R04-M02,1,1,0,1,0,0,0
A015261,R04,R04-M02,2,2,0,2,0,0,0
A015285,R04,R04-M02,2,2,0,2,1,0,1
A015291,R04,R04-M02,7,7,0,6,3,0,1
A015390,R04,R04-M02,2,2,0,2,2,0,0
A015463,R04,R04-M02,5,5,0,3,2,0,0
A015483,R04,R04-M02,9,9,0,7,3,2,2
A015552,R04,R04-M02,5,5,0,2,0,0,0
A015589,R04,R04-M02,1,1,0,1,0,0,0
A015611,R04,R04-M02,9,9,0,6,2,1,1
A015618,R04,R04-M02,3,3,0,2,1,0,0
A015623,R04,R04-M02,2,2,0,1,1,0,0
A015744,R04,R04-M02,7,7,0,5,4,1,1
A015887,R04,R04-M02,4,4,0,2,1,0,0
A015995,R04,R04-M02,1,1,0,1,1,0,0
A016012,R04,R04-M02,2,2,0,1,0,0,0
A016430,R04,R04-M02,8,8,0,5,0,0,0
A016441,R04,R04-M02,3,3,0,3,0,0,0
A016513,R04,R04-M02,5,4,1,5,1,0,1
A016595,R04,R04-M02,1,1,0,0,0,0,0
A016613,R04,R04-M02,1,1,0,1,1,0,0
A016742,R04,R04-M02,1,1,0,0,0,0,0
A016911,R04,R04-M02,1,1,0,1,0,0,0
A017081,R04,R04-M02,2,2,0,1,1,0,0
A017093,R04,R04-M02,5,5,0,4,2,0,0
A017254,R04,R04-M02,6,6,0,6,2,0,0
A017285,R04,R04-M02,7,7,0,6,6,0,0
A017330,R04,R04-M02,3,3,0,3,2,0,0
A017334,R04,R04-M02,1,1,0,1,0,0,0
A017360,R04,R04-M02,9,9,0,9,5,0,0
A017395,R04,R04-M02,6,6,0,5,2,0,0
A017464,R04,R04-M02,2,2,0,0,0,0,0
A017573,R04,R04-M02,3,3,0,3,1,0,0
A017749,R04,R04-M02,8,8,0,6,3,0,0
A017769,R04,R04-M02,4,4,0,2,1,0,0
A000007,R04,R04-M03,3,3,0,2,0,0,0
A000063,R04,R04-M03,7,7,0,7,5,0,0
A000332,R04,R04-M03,7,7,0,6,5,0,0
A000361,R04,R04-M03,1,1,0,1,0,0,0
A000450,R04,R04-M03,7,7,0,6,3,0,0
A000453,R04,R04-M03,1,1,0,0,0,0,0
A000870,R04,R04-M03,7,7,0,5,2,0,0
A000933,R04,R04-M03,1,1,0,1,0,0,0
A001048,R04,R04-M03,7,7,0,5,3,1,1
A001191,R04,R04-M03,2,2,0,2,0,0,0
A001302,R04,R04-M03,1,1,0,1,0,0,0
A001443,R04,R04-M03,9,8,1,7,1,0,1
A001448,R04,R04-M03,1,1,0,1,0,0,1
A001510,R04,R04-M03,4,4,0,3,2,0,0
A001526,R04,R04-M03,9,9,0,9,4,0,0
A001639,R04,R04-M03,2,2,0,2,1,1,1
A001705,R04,R04-M03,6,6,0,4,1,0,0
A001736,R04,R04-M03,10,10,0,7,1,0,0
A001774,R04,R04-M03,10,9,1,6,4,1,2
A001792,R04,R04-M03,2,2,0,1,0,0,0
A001969,R04,R04-M03,3,3,0,2,0,0,0
A001970,R04,R04-M03,3,3,0,1,0,0,0
A001977,R04,R04-M03,7,7,0,6,3,0,0
A002125,R04,R04-M03,1,1,0,1,1,0,0
A002143,R04,R04-M03,7,7,0,6,4,0,0
A002183,R04,R04-M03,2,2,0,2,0,0,0
A002203,R04,R04-M03,3,3,0,2,1,0,0
A002347,R04,R04-M03,9,9,0,6,1,0,1
A002414,R04,R04-M03,1,1,0,1,0,0,0
A002482,R04,R04-M03,2,2,0,1,1,0,0
A002596,R04,R04-M03,4,4,0,4,0,0,0
A002618,R04,R04-M03,8,8,0,5,2,1,1
A002729,R04,R04-M03,3,3,0,1,0,0,0
A002751,R04,R04-M03,10,10,0,6,3,0,0
A002770,R04,R04-M03,2,2,0,1,0,0,0
A002780,R04,R04-M03,3,3,0,3,0,0,0
A002839,R04,R04-M03,1,1,0,1,1,0,0
A003007,R04,R04-M03,7,7,0,3,1,0,0
A003028,R04,R04-M03,2,2,0,1,0,0,0
A003031,R04,R04-M03,3,3,0,1,1,0,0
A003203,R04,R04-M03,4,4,0,2,0,0,0
A003225,R04,R04-M03,12,12,0,7,3,0,0
A003237,R04,R04-M03,5,4,1,4,3,0,1
A003272,R04,R04-M03,3,3,0,1,0,0,0
A003344,R04,R04-M03,1,1,0,0,0,0,0
A003438,R04,R04-M03,8,8,0,7,1,0,0
A003471,R04,R04-M03,2,2,0,2,0,0,0
A003699,R04,R04-M03,7,7,0,4,2,0,0
A003966,R04,R04-M03,5,5,0,4,2,0,0
A004000,R04,R04-M03,15,14,1,11,4,0,1
A004278,R04,R04-M03,18,17,1,13,7,0,1
A004335,R04,R04-M03,3,3,0,3,1,1,1
A004370,R04,R04-M03,1,1,0,1,0,0,0
A004593,R04,R04-M03,1,1,0,0,0,0,0
A004697,R04,R04-M03,6,6,0,5,1,0,0
A004700,R04,R04-M03,5,5,0,3,1,0,0
A004724,R04,R04-M03,2,2,0,1,0,0,0
A004768,R04,R04-M03,10,8,2,6,5,0,2
A004807,R04,R04-M03,4,4,0,2,1,0,0
A004875,R04,R04-M03,6,6,0,4,2,0,0
A004930,R04,R04-M03,4,4,0,2,2,0,0
A004950,R04,R04-M03,2,2,0,1,0,0,0
A005000,R04,R04-M03,2,2,0,2,2,0,0
A005004,R04,R04-M03,3,3,0,3,2,0,0
A005028,R04,R04-M03,1,1,0,1,1,0,0
A005044,R04,R04-M03,4,4,0,3,2,0,0
A005131,R04,R04-M03,3,3,0,2,2,0,0
A005277,R04,R04-M03,9,9,0,7,3,0,0
A005426,R04,R04-M03,7,7,0,6,2,0,1
A005494,R04,R04-M03,9,7,2,7,2,0,2
A005613,R04,R04-M03,7,7,0,6,2,0,0
A005859,R04,R04-M03,1,1,0,1,0,0,0
A005871,R04,R04-M03,2,2,0,1,1,0,0
A005958,R04,R04-M03,9,9,0,5,3,0,0
A006015,R04,R04-M03,2,2,0,2,1,1,1
A006149,R04,R04-M03,1,1,0,1,0,0,0
A006387,R04,R04-M03,1,1,0,1,1,0,0
A006463,R04,R04-M03,2,2,0,2,1,0,0
A006468,R04,R04-M03,2,2,0,2,0,0,0
A006656,R04,R04-M03,6,6,0,5,2,1,1
A006690,R04,R04-M03,6,6,0,6,1,0,0
A006755,R04,R04-M03,2,2,0,1,0,0,0
A006802,R04,R04-M03,6,5,1,6,2,0,1
A006815,R04,R04-M03,3,3,0,1,0,0,0
A006943,R04,R04-M03,2,2,0,1,0,0,0
A006975,R04,R04-M03,4,4,0,2,0,0,0
A007064,R04,R04-M03,1,1,0,0,0,0,0
A007236,R04,R04-M03,2,2,0,1,1,0,0
A007386,R04,R04-M03,4,4,0,3,2,0,0
A007427,R04,R04-M03,10,10,0,7,3,0,0
A007442,R04,R04-M03,6,6,0,2,1,0,0
A007511,R04,R04-M03,2,2,0,1,0,0,0
A007731,R04,R04-M03,1,1,0,1,0,0,0
A007734,R04,R04-M03,4,4,0,2,0,0,0
A007781,R04,R04-M03,8,8,0,7,4,0,0
A007822,R04,R04-M03,4,4,0,3,2,0,0
A007926,R04,R04-M03,2,2,0,1,0,0,0
A008022,R04,R04-M03,2,2,0,2,0,0,0
A008364,R04,R04-M03,2,2,0,2,1,0,0
A008394,R04,R04-M03,6,6,0,3,0,0,0
A008441,R04,R04-M03,11,11,0,8,3,0,0
A008493,R04,R04-M03,1,1,0,0,0,0,0
A008524,R04,R04-M03,7,7,0,4,0,0,0
A008533,R04,R04-M03,2,2,0,1,1,0,0
A008537,R04,R04-M03,5,5,0,4,2,1,1
A008544,R04,R04-M03,14,14,0,8,6,1,1
A008592,R04,R04-M03,6,6,0,4,3,0,0
A008729,R04,R04-M03,8,8,0,5,1,0,0
A008890,R04,R04-M03,4,4,0,4,1,0,0
A008993,R04,R04-M03,6,6,0,4,1,0,0
A009011,R04,R04-M03,17,17,0,8,4,1,1
A009065,R04,R04-M03,2,2,0,2,1,0,0
A009138,R04,R04-M03,5,5,0,3,2,0,0
A009257,R04,R04-M03,1,1,0,1,0,0,0
A009338,R04,R04-M03,2,2,0,1,0,0,0
A009433,R04,R04-M03,2,2,0,0,0,0,0
A009573,R04,R04-M03,3,3,0,1,0,0,0
A009587,R04,R04-M03,4,4,0,3,1,0,0
A009707,R04,R04-M03,15,15,0,11,6,0,0
A009715,R04,R04-M03,2,2,0,0,0,0,0
A009783,R04,R04-M03,4,4,0,4,3,0,0
A009893,R04,R04-M03,10,10,0,9,4,0,0
A010139,R04,R04-M03,3,3,0,3,0,0,0
A010161,R04,R04-M03,4,4,0,3,2,0,0
A010162,R04,R04-M03,2,2,0,2,2,0,0
A010229,R04,R04-M03,1,1,0,1,0,0,0
A010275,R04,R04-M03,9,9,0,5,0,0,0
A010316,R04,R04-M03,2,2,0,2,1,0,0
A010361,R04,R04-M03,6,6,0,5,1,0,0
A010543,R04,R04-M03,3,2,1,2,0,0,1
A010632,R04,R04-M03,3,3,0,3,2,0,0
A010689,R04,R04-M03,4,4,0,4,0,0,0
A010866,R04,R04-M03,7,7,0,4,0,0,0
A010917,R04,R04-M03,3,3,0,2,2,0,0
A011076,R04,R04-M03,1,1,0,1,0,0,0
A011097,R04,R04-M03,10,10,0,6,2,0,0
A011307,R04,R04-M03,2,2,0,1,0,0,0
A011367,R04,R04-M03,6,6,0,6,2,0,0
A011381,R04,R04-M03,6,6,0,5,0,0,0
A011640,R04,R04-M03,6,6,0,5,1,0,0
A011722,R04,R04-M03,2,2,0,1,0,0,0
A011835,R04,R04-M03,2,2,0,2,0,0,0
A011890,R04,R04-M03,2,2,0,2,2,0,0
A012042,R04,R04-M03,1,1,0,1,0,0,0
A012103,R04,R04-M03,5,5,0,3,1,0,1
A012115,R04,R04-M03,3,3,0,2,1,0,0
A012151,R04,R04-M03,7,6,1,5,1,0,1
A012306,R04,R04-M03,2,2,0,2,1,0,0
A012307,R04,R04-M03,2,2,0,1,0,0,0
A012330,R04,R04-M03,10,10,0,8,3,0,0
A012385,R04,R04-M03,6,6,0,5,1,0,0
A012430,R04,R04-M03,9,9,0,7,2,0,0
A012605,R04,R04-M03,4,4,0,4,2,0,0
A012611,R04,R04-M03,2,2,0,1,1,0,0
A012636,R04,R04-M03,5,5,0,4,1,0,1
A012848,R04,R04-M03,1,1,0,1,0,0,0
A012859,R04,R04-M03,11,11,0,7,5,1,1
A012974,R04,R04-M03,10,10,0,6,6,0,0
A013012,R04,R04-M03,2,2,0,0,0,0,0
A013142,R04,R04-M03,5,5,0,2,0,0,0
A013304,R04,R04-M03,8,6,2,4,2,1,3
A013341,R04,R04-M03,2,2,0,1,0,0,0
A013388,R04,R04-M03,1,1,0,1,1,0,0
A013553,R04,R04-M03,2,2,0,2,0,0,0
A013561,R04,R04-M03,10,10,0,8,2,0,0
A013582,R04,R04-M03,1,1,0,1,0,0,0
A013606,R04,R04-M03,7,7,0,6,3,0,0
A013766,R04,R04-M03,1,1,0,1,0,0,0
A013779,R04,R04-M03,1,1,0,0,0,0,0
A013843,R04,R04-M03,4,4,0,2,1,0,0
A013849,R04,R04-M03,5,5,0,4,0,0,0
A013940,R04,R04-M03,16,16,0,9,4,0,0
A014070,R04,R04-M03,5,5,0,4,2,1,1
A014144,R04,R04-M03,1,1,0,1,0,0,0
A014445,R04,R04-M03,6,6,0,4,2,0,0
A014751,R04,R04-M03,3,3,0,1,0,0,0
A014764,R04,R04-M03,2,2,0,1,0,0,0
A014879,R04,R04-M03,5,5,0,3,0,0,0
A014903,R04,R04-M03,4,4,0,3,1,0,0
A015002,R04,R04-M03,1,1,0,1,0,0,0
A015134,R04,R04-M03,2,2,0,1,0,0,0
A015415,R04,R04-M03,6,6,0,5,4,1,1
A015470,R04,R04-M03,5,5,0,4,0,0,0
A015547,R04,R04-M03,2,2,0,2,1,0,0
A015630,R04,R04-M03,3,3,0,3,2,0,0
A015649,R04,R04-M03,2,2,0,1,1,0,0
A015666,R04,R04-M03,1,1,0,0,0,0,0
A015696,R04,R04-M03,6,6,0,3,0,0,1
A015733,R04,R04-M03,7,7,0,5,1,0,1
A015795,R04,R04-M03,2,2,0,1,1,0,0
A015849,R04,R04-M03,5,5,0,3,3,0,0
A015989,R04,R04-M03,18,18,0,13,5,0,0
A016073,R04,R04-M03,2,2,0,2,0,0,0
A016321,R04,R04-M03,6,6,0,5,3,0,0
A016364,R04,R04-M03,2,1,1,2,1,0,2
A016393,R04,R04-M03,7,6,1,5,2,0,1
A016559,R04,R04-M03,3,3,0,2,1,0,0
A016626,R04,R04-M03,9,9,0,3,1,0,0
A016721,R04,R04-M03,3,3,0,3,0,0,0
A016839,R04,R04-M03,4,4,0,3,3,0,0
A016881,R04,R04-M03,15,14,1,11,3,0,2
A017052,R04,R04-M03,1,1,0,0,0,0,0
A017105,R04,R04-M03,2,2,0,1,0,0,0
A017304,R04,R04-M03,2,2,0,2,1,0,0
A017348,R04,R04-M03,1,1,0,0,0,0,0
A017353,R04,R04-M03,3,3,0,3,1,0,0
A017390,R04,R04-M03,7,7,0,3,1,0,0
A017432,R04,R04-M03,2,2,0,2,1,0,0
A017446,R04,R04-M03,8,8,0,6,1,0,0
A017585,R04,R04-M03,8,8,0,5,4,0,0
A017658,R04,R04-M03,4,4,0,3,0,0,1
A017815,R04,R04-M03,10,10,0,6,3,0,0
A017816,R04,R04-M03,4,4,0,3,2,0,0
A017828,R04,R04-M03,5,5,0,4,2,0,0
A017932,R04,R04-M03,4,4,0,3,1,0,1
A017953,R04,R04-M03,5,5,0,4,2,0,0
A000020,R04,R04-M04,7,7,0,4,1,0,0
A000054,R04,R04-M04,6,6,0,5,3,0,0
A000196,R04,R04-M04,2,2,0,2,0,0,0
A000301,R04,R04-M04,1,1,0,1,0,0,0
A000306,R04,R04-M04,4,4,0,3,2,0,0
A000393,R04,R04-M04,1,1,0,1,0,0,0
A000456,R04,R04-M04,2,2,0,1,0,0,0
A000459,R04,R04-M04,7,7,0,6,1,0,0
A000490,R04,R04-M04,1,1,0,1,0,0,0
A000520,R04,R04-M04,1,1,0,1,0,0,0
A000534,R04,R04-M04,6,6,0,3,1,0,0
A000560,R04,R04-M04,4,4,0,4,0,0,0
A000572,R04,R04-M04,18,18,0,15,4,0,0
A000685,R04,R04-M04,4,4,0,4,2,0,0
A000818,R04,R04-M04,4,4,0,4,1,0,0
A000820,R04,R04-M04,2,2,0,2,1,0,0
A000909,R04,R04-M04,3,3,0,2,0,0,0
A000912,R04,R04-M04,2,2,0,1,1,0,0
A000959,R04,R04-M04,6,6,0,4,1,0,0
A001002,R04,R04-M04,1,1,0,1,0,0,0
A001131,R04,R04-M04,1,1,0,1,0,0,0
A001210,R04,R04-M04,1,1,0,0,0,0,0
A001220,R04,R04-M04,2,2,0,2,1,0,0
A001330,R04,R04-M04,6,6,0,4,1,0,0
A001340,R04,R04-M04,5,4,1,4,0,0,1
A001344,R04,R04-M04,1,1,0,1,0,0,0
A001590,R04,R04-M04,8,7,1,6,4,0,1
A001682,R04,R04-M04,2,2,0,0,0,0,0
A001745,R04,R04-M04,17,17,0,10,3,0,1
A001791,R04,R04-M04,7,7,0,3,3,0,0
A001885,R04,R04-M04,3,3,0,1,1,0,0
A002017,R04,R04-M04,2,2,0,1,0,0,0
A002093,R04,R04-M04,3,3,0,2,1,0,0
A002185,R04,R04-M04,1,1,0,1,0,0,0
A002205,R04,R04-M04,4,4,0,3,1,0,1
A002232,R04,R04-M04,13,13,0,7,4,0,0
A002257,R04,R04-M04,2,2,0,1,1,0,0
A002436,R04,R04-M04,2,2,0,2,1,0,0
A002449,R04,R04-M04,2,2,0,2,2,0,0
A002573,R04,R04-M04,1,1,0,1,1,0,0
A002694,R04,R04-M04,9,9,0,4,2,0,0
A002862,R04,R04-M04,1,1,0,1,0,0,1
A003100,R04,R04-M04,3,2,1,0,0,0,1
A003108,R04,R04-M04,12,12,0,7,2,1,1
A003171,R04,R04-M04,11,11,0,7,3,0,0
A003229,R04,R04-M04,11,11,0,8,3,0,0
A003242,R04,R04-M04,5,5,0,5,2,0,0
A003271,R04,R04-M04,2,2,0,2,1,0,0
A003394,R04,R04-M04,7,7,0,5,1,1,1
A003519,R04,R04-M04,3,3,0,2,1,0,0
A003647,R04,R04-M04,3,3,0,3,1,0,0
A003663,R04,R04-M04,3,3,0,2,2,1,1
A003702,R04,R04-M04,1,1,0,1,0,0,0
A003839,R04,R04-M04,3,3,0,0,0,0,0
A003844,R04,R04-M04,3,3,0,3,2,0,0
A004076,R04,R04-M04,5,5,0,2,0,0,1
A004237,R04,R04-M04,8,8,0,6,4,0,0
A004291,R04,R04-M04,6,6,0,4,2,0,0
A004815,R04,R04-M04,2,2,0,2,1,0,0
A004833,R04,R04-M04,2,2,0,1,0,0,0
A004977,R04,R04-M04,11,11,0,10,7,0,0
A005072,R04,R04-M04,8,7,1,5,2,1,2
A005199,R04,R04-M04,2,2,0,1,1,0,0
A005229,R04,R04-M04,5,5,0,4,1,0,0
A005230,R04,R04-M04,9,9,0,6,1,0,0
A005437,R04,R04-M04,1,1,0,0,0,0,0
A005593,R04,R04-M04,1,1,0,1,0,0,0
A005637,R04,R04-M04,3,3,0,2,0,0,0
A005648,R04,R04-M04,9,8,1,6,2,0,1
A005655,R04,R04-M04,3,3,0,2,1,0,0
A005669,R04,R04-M04,6,6,0,4,1,0,0
A005710,R04,R04-M04,2,2,0,2,2,0,0
A005755,R04,R04-M04,2,2,0,1,0,0,0
A005803,R04,R04-M04,6,6,0,5,1,1,1
A005841,R04,R04-M04,2,2,0,2,0,0,0
A005922,R04,R04-M04,12,12,0,8,4,1,1
A005968,R04,R04-M04,5,5,0,2,1,0,0
A006127,R04,R04-M04,4,4,0,3,1,0,0
A006157,R04,R04-M04,8,8,0,6,2,0,0
A006259,R04,R04-M04,1,1,0,1,1,0,0
A006272,R04,R04-M04,5,5,0,5,3,0,0
A006364,R04,R04-M04,6,6,0,6,1,0,0
A006467,R04,R04-M04,1,1,0,0,0,0,0
A006490,R04,R04-M04,4,4,0,2,0,0,0
A006773,R04,R04-M04,1,1,0,1,0,0,0
A006829,R04,R04-M04,4,4,0,1,0,0,0
A006834,R04,R04-M04,4,4,0,3,3,0,0
A006957,R04,R04-M04,10,10,0,7,4,0,1
A006987,R04,R04-M04,3,3,0,2,1,0,0
A007272,R04,R04-M04,1,1,0,1,0,0,0
A007784,R04,R04-M04,6,6,0,3,1,0,0
A008197,R04,R04-M04,4,4,0,4,1,0,0
A008460,R04,R04-M04,3,3,0,3,1,0,0
A008503,R04,R04-M04,11,11,0,7,4,0,0
A009003,R04,R04-M04,3,3,0,1,1,1,1
A009235,R04,R04-M04,2,2,0,1,0,0,0
A009255,R04,R04-M04,5,5,0,3,1,0,0
A009460,R04,R04-M04,2,2,0,0,0,0,0
A009488,R04,R04-M04,4,4,0,3,2,0,0
A009619,R04,R04-M04,3,3,0,2,1,0,0
A009681,R04,R04-M04,3,3,0,2,0,0,0
A009779,R04,R04-M04,3,3,0,3,0,0,0
A010041,R04,R04-M04,15,14,1,10,6,0,1
A010069,R04,R04-M04,3,2,1,2,0,0,1
A010133,R04,R04-M04,5,5,0,3,0,0,0
A010324,R04,R04-M04,4,4,0,4,3,0,0
A010576,R04,R04-M04,1,1,0,1,0,0,0
A010663,R04,R04-M04,3,3,0,2,1,1,1
A010688,R04,R04-M04,7,7,0,5,3,0,1
A010809,R04,R04-M04,4,4,0,3,1,0,0
A010847,R04,R04-M04,1,1,0,0,0,0,0
A010928,R04,R04-M04,9,9,0,5,3,0,0
A010971,R04,R04-M04,5,5,0,5,1,0,0
A010976,R04,R04-M04,3,3,0,3,0,0,0
A011030,R04,R04-M04,2,2,0,1,1,0,0
A011107,R04,R04-M04,1,1,0,1,1,0,0
A011625,R04,R04-M04,2,2,0,2,0,0,0
A011681,R04,R04-M04,1,1,0,1,1,0,0
A011698,R04,R04-M04,4,4,0,2,0,0,0
A011721,R04,R04-M04,2,2,0,2,2,0,0
A012036,R04,R04-M04,4,4,0,3,2,0,0
A012118,R04,R04-M04,1,1,0,1,1,0,0
A012203,R04,R04-M04,1,1,0,0,0,0,0
A012691,R04,R04-M04,5,5,0,4,2,0,0
A012732,R04,R04-M04,2,2,0,1,1,0,0
A012768,R04,R04-M04,2,2,0,1,0,0,0
A012890,R04,R04-M04,6,6,0,4,1,0,0
A013021,R04,R04-M04,4,4,0,3,1,0,0
A013053,R04,R04-M04,1,1,0,1,1,0,0
A013113,R04,R04-M04,2,2,0,2,0,0,0
A013294,R04,R04-M04,10,10,0,9,4,0,0
A013298,R04,R04-M04,1,1,0,1,0,0,0
A013333,R04,R04-M04,1,1,0,1,1,0,0
A013432,R04,R04-M04,3,3,0,2,1,0,0
A013492,R04,R04-M04,3,3,0,2,1,1,1
A013598,R04,R04-M04,2,2,0,2,0,0,0
A013743,R04,R04-M04,7,7,0,4,1,0,0
A013751,R04,R04-M04,3,3,0,3,3,0,0
A013853,R04,R04-M04,1,1,0,1,0,0,0
A013932,R04,R04-M04,2,2,0,2,0,0,0
A013962,R04,R04-M04,3,3,0,2,1,0,0
A013967,R04,R04-M04,2,2,0,2,0,0,0
A013999,R04,R04-M04,2,2,0,1,0,0,0
A014197,R04,R04-M04,6,6,0,6,4,0,1
A014226,R04,R04-M04,2,2,0,1,1,0,0
A014336,R04,R04-M04,4,4,0,2,2,0,0
A014348,R04,R04-M04,1,1,0,0,0,0,0
A014414,R04,R04-M04,1,1,0,0,0,0,0
A014648,R04,R04-M04,15,15,0,12,7,0,0
A014665,R04,R04-M04,1,1,0,1,0,0,0
A014677,R04,R04-M04,6,6,0,4,2,0,0
A014698,R04,R04-M04,4,4,0,2,1,0,0
A014766,R04,R04-M04,3,3,0,2,0,0,0
A014778,R04,R04-M04,1,1,0,1,0,0,0
A014843,R04,R04-M04,1,1,0,0,0,0,0
A015183,R04,R04-M04,4,4,0,3,1,0,0
A015226,R04,R04-M04,4,4,0,3,1,0,0
A015236,R04,R04-M04,2,2,0,2,1,0,0
A015373,R04,R04-M04,3,3,0,2,0,0,0
A015397,R04,R04-M04,4,4,0,1,0,0,0
A015475,R04,R04-M04,5,5,0,2,1,0,0
A015496,R04,R04-M04,7,7,0,4,2,0,0
A015517,R04,R04-M04,3,3,0,1,1,0,0
A015576,R04,R04-M04,4,4,0,4,2,0,0
A015601,R04,R04-M04,5,5,0,3,3,1,1
A015638,R04,R04-M04,12,12,0,7,3,0,1
A015641,R04,R04-M04,1,1,0,1,1,0,0
A015774,R04,R04-M04,2,2,0,2,1,0,0
A015775,R04,R04-M04,2,2,0,1,1,0,0
A015801,R04,R04-M04,4,4,0,3,1,0,0
A015882,R04,R04-M04,9,9,0,6,3,0,1
A015967,R04,R04-M04,6,6,0,5,1,0,0
A015971,R04,R04-M04,1,1,0,1,0,0,0
A016008,R04,R04-M04,12,12,0,10,2,0,1
A016013,R04,R04-M04,12,12,0,8,1,0,1
A016041,R04,R04-M04,8,8,0,7,3,0,0
A016178,R04,R04-M04,3,3,0,3,0,0,1
A016288,R04,R04-M04,1,1,0,1,0,0,0
A016318,R04,R04-M04,7,6,1,4,2,1,2
A016467,R04,R04-M04,5,5,0,2,1,0,1
A016534,R04,R04-M04,1,1,0,1,1,0,0
A016630,R04,R04-M04,2,2,0,1,1,0,0
A016688,R04,R04-M04,2,2,0,2,1,0,0
A016808,R04,R04-M04,2,2,0,0,0,0,0
A017025,R04,R04-M04,8,8,0,5,2,0,0
A017047,R04,R04-M04,1,1,0,1,1,0,0
A017151,R04,R04-M04,13,13,0,10,8,0,0
A017354,R04,R04-M04,4,4,0,3,1,0,0
A017475,R04,R04-M04,2,2,0,1,0,0,0
A017506,R04,R04-M04,2,2,0,2,1,0,0
A017518,R04,R04-M04,3,3,0,2,1,0,0
A017580,R04,R04-M04,2,2,0,1,0,0,0
A017591,R04,R04-M04,3,3,0,1,0,0,0
A017636,R04,R04-M04,5,5,0,3,3,0,0
A017645,R04,R04-M04,2,1,1,2,0,0,1
A017763,R04,R04-M04,5,5,0,3,1,0,0
A017837,R04,R04-M04,4,4,0,2,1,0,0
A017915,R04,R04-M04,9,9,0,6,4,0,0
A000006,R05,R05-M01,14,14,0,11,7,1,1
A000009,R05,R05-M01,9,9,0,5,1,0,0
A000053,R05,R05-M01,6,5,1,4,0,0,1
A000097,R05,R05-M01,7,7,0,2,0,0,0
A000151,R05,R05-M01,3,3,0,1,1,0,0
A000237,R05,R05-M01,1,1,0,0,0,0,0
A000238,R05,R05-M01,2,2,0,2,0,0,0
A000336,R05,R05-M01,6,6,0,5,1,0,0
A000373,R05,R05-M01,1,1,0,1,0,0,0
A000392,R05,R05-M01,5,5,0,4,3,0,0
A000420,R05,R05-M01,1,1,0,1,0,0,0
A000426,R05,R05-M01,6,5,1,5,1,0,1
A000473,R05,R05-M01,6,6,0,3,0,0,1
A000500,R05,R05-M01,2,2,0,0,0,0,0
A000535,R05,R05-M01,3,3,0,0,0,0,0
A000611,R05,R05-M01,1,1,0,1,1,0,0
A000639,R05,R05-M01,2,2,0,2,2,0,0
A000641,R05,R05-M01,6,6,0,5,2,1,1
A000731,R05,R05-M01,6,6,0,5,3,0,0
A000762,R05,R05-M01,2,2,0,2,2,0,0
A000824,R05,R05-M01,5,5,0,4,1,0,0
A000845,R05,R05-M01,9,9,0,8,3,0,1
A000883,R05,R05-M01,3,3,0,2,1,1,1
A000884,R05,R05-M01,13,13,0,12,6,0,0
A000900,R05,R05-M01,1,1,0,1,0,0,0
A000929,R05,R05-M01,8,8,0,5,2,0,1
A000945,R05,R05-M01,9,9,0,6,5,0,0
A000986,R05,R05-M01,10,10,0,6,1,0,0
A001004,R05,R05-M01,4,4,0,0,0,0,0
A001074,R05,R05-M01,1,1,0,1,1,0,0
A001075,R05,R05-M01,1,1,0,0,0,0,0
A001109,R05,R05-M01,8,7,1,7,1,0,1
A001117,R05,R05-M01,8,8,0,5,0,0,0
A001152,R05,R05-M01,3,3,0,2,0,0,0
A001153,R05,R05-M01,1,1,0,1,0,0,0
A001163,R05,R05-M01,2,2,0,1,1,0,0
A001170,R05,R05-M01,3,3,0,2,0,0,1
A001248,R05,R05-M01,7,7,0,3,2,0,0
A001249,R05,R05-M01,4,4,0,2,2,0,0
A001322,R05,R05-M01,4,4,0,3,2,1,1
A001358,R05,R05-M01,1,1,0,1,0,0,0
A001375,R05,R05-M01,4,4,0,3,1,0,0
A001604,R05,R05-M01,14,13,1,8,5,1,2
A001607,R05,R05-M01,7,7,0,5,3,0,0
A001782,R05,R05-M01,4,4,0,3,1,0,0
A001831,R05,R05-M01,2,2,0,1,0,0,0
A001893,R05,R05-M01,5,5,0,2,0,0,0
A001965,R05,R05-M01,2,2,0,1,0,0,0
A002189,R05,R05-M01,2,2,0,1,1,0,0
A002218,R05,R05-M01,5,5,0,4,2,0,0
A002325,R05,R05-M01,5,5,0,5,3,0,0
A002374,R05,R05-M01,4,4,0,2,2,0,0
A002433,R05,R05-M01,4,4,0,4,4,1,1
A002500,R05,R05-M01,1,1,0,1,1,0,0
A002613,R05,R05-M01,6,6,0,4,1,0,0
A002680,R05,R05-M01,2,2,0,1,1,0,0
A002825,R05,R05-M01,2,2,0,1,0,0,0
A002889,R05,R05-M01,3,3,0,1,0,0,0
A002934,R05,R05-M01,1,1,0,1,0,0,0
A002980,R05,R05-M01,3,2,1,2,1,0,1
A003162,R05,R05-M01,14,14,0,8,2,0,1
A003163,R05,R05-M01,8,8,0,6,5,0,0
A003345,R05,R05-M01,12,12,0,9,3,0,0
A003408,R05,R05-M01,4,4,0,1,0,0,0
A003511,R05,R05-M01,4,4,0,0,0,0,0
A003551,R05,R05-M01,12,11,1,9,6,0,2
A003645,R05,R05-M01,1,1,0,1,1,0,0
A003661,R05,R05-M01,9,9,0,7,2,0,1
A003741,R05,R05-M01,6,6,0,2,0,0,0
A003775,R05,R05-M01,2,2,0,2,1,0,0
A003807,R05,R05-M01,1,1,0,0,0,0,0
A003931,R05,R05-M01,1,1,0,1,0,0,0
A004113,R05,R05-M01,11,10,1,9,3,0,1
A004142,R05,R05-M01,6,6,0,5,0,0,0
A004154,R05,R05-M01,1,1,0,0,0,0,0
A004190,R05,R05-M01,6,6,0,4,2,1,1
A004195,R05,R05-M01,10,10,0,8,3,0,0
A004352,R05,R05-M01,2,2,0,1,0,0,0
A004375,R05,R05-M01,2,2,0,2,0,0,0
A004412,R05,R05-M01,8,8,0,6,4,1,1
A004452,R05,R05-M01,3,3,0,2,1,0,0
A004481,R05,R05-M01,3,3,0,1,0,0,0
A004625,R05,R05-M01,7,7,0,6,1,0,0
A004717,R05,R05-M01,5,5,0,3,2,1,1
A004722,R05,R05-M01,10,10,0,7,2,0,1
A004910,R05,R05-M01,6,6,0,5,4,0,0
A004917,R05,R05-M01,1,1,0,0,0,0,0
A005054,R05,R05-M01,6,6,0,5,2,1,1
A005292,R05,R05-M01,2,2,0,1,1,0,0
A005337,R05,R05-M01,8,8,0,6,2,0,0
A005434,R05,R05-M01,2,2,0,2,0,0,0
A005445,R05,R05-M01,10,10,0,7,2,1,2
A005447,R05,R05-M01,4,4,0,3,2,0,1
A005598,R05,R05-M01,2,2,0,2,1,0,0
A005661,R05,R05-M01,7,7,0,7,3,0,0
A005811,R05,R05-M01,7,7,0,4,2,0,0
A005822,R05,R05-M01,4,4,0,3,2,0,0
A006062,R05,R05-M01,3,2,1,3,1,0,1
A006237,R05,R05-M01,2,2,0,0,0,0,0
A006268,R05,R05-M01,1,1,0,1,1,0,0
A006402,R05,R05-M01,3,3,0,1,1,0,0
A006455,R05,R05-M01,10,9,1,6,2,1,2
A006476,R05,R05-M01,7,7,0,5,2,0,0
A006482,R05,R05-M01,10,10,0,8,5,0,0
A006495,R05,R05-M01,4,4,0,3,2,0,0
A006543,R05,R05-M01,7,7,0,5,2,0,0
A006595,R05,R05-M01,3,3,0,1,1,1,1
A006685,R05,R05-M01,4,4,0,4,3,0,0
A006765,R05,R05-M01,7,6,1,4,2,0,2
A006893,R05,R05-M01,5,5,0,2,0,0,0
A006898,R05,R05-M01,13,12,1,11,4,0,1
A006954,R05,R05-M01,4,4,0,4,4,1,1
A006963,R05,R05-M01,3,3,0,3,2,0,1
A007051,R05,R05-M01,3,3,0,2,1,0,0
A007297,R05,R05-M01,2,2,0,1,1,0,0
A007569,R05,R05-M01,8,8,0,4,0,0,1
A007584,R05,R05-M01,5,5,0,3,3,0,0
A007788,R05,R05-M01,3,3,0,2,2,0,0
A007929,R05,R05-M01,1,1,0,1,0,0,0
A007965,R05,R05-M01,3,2,1,3,0,0,1
A008092,R05,R05-M01,3,3,0,2,2,0,0
A008169,R05,R05-M01,1,1,0,1,1,0,0
A008192,R05,R05-M01,7,7,0,5,2,0,0
A008195,R05,R05-M01,5,5,0,3,0,0,0
A008321,R05,R05-M01,13,12,1,11,3,0,1
A008375,R05,R05-M01,10,10,0,7,1,0,0
A008392,R05,R05-M01,16,16,0,13,7,0,1
A008461,R05,R05-M01,1,1,0,1,0,0,0
A008519,R05,R05-M01,3,3,0,2,1,0,0
A008535,R05,R05-M01,9,9,0,4,0,0,0
A008624,R05,R05-M01,3,3,0,2,0,0,0
A008639,R05,R05-M01,2,2,0,1,0,0,0
A008670,R05,R05-M01,1,1,0,0,0,0,0
A008681,R05,R05-M01,12,12,0,11,3,0,0
A008702,R05,R05-M01,5,5,0,3,1,0,0
A008711,R05,R05-M01,1,1,0,1,1,0,0
A008720,R05,R05-M01,4,4,0,3,2,0,0
A008825,R05,R05-M01,3,3,0,0,0,0,0
A008834,R05,R05-M01,12,12,0,8,5,1,1
A008847,R05,R05-M01,2,2,0,0,0,0,0
A008967,R05,R05-M01,10,10,0,4,2,0,0
A008996,R05,R05-M01,1,1,0,1,0,0,0
A009029,R05,R05-M01,15,14,1,14,6,1,2
A009081,R05,R05-M01,3,3,0,2,2,0,0
A009099,R05,R05-M01,1,1,0,1,0,0,1
A009145,R05,R05-M01,14,14,0,11,5,0,0
A009177,R05,R05-M01,3,3,0,2,2,0,0
A009244,R05,R05-M01,1,1,0,0,0,0,0
A009252,R05,R05-M01,2,2,0,1,1,0,0
A009388,R05,R05-M01,7,7,0,6,1,0,0
A009510,R05,R05-M01,3,3,0,2,1,0,0
A009535,R05,R05-M01,3,3,0,2,1,0,0
A009555,R05,R05-M01,1,1,0,0,0,0,0
A009664,R05,R05-M01,6,6,0,6,3,0,0
A009685,R05,R05-M01,3,3,0,3,1,0,0
A009703,R05,R05-M01,3,3,0,2,1,0,0
A009743,R05,R05-M01,5,5,0,4,2,0,0
A009746,R05,R05-M01,22,22,0,19,7,0,1
A009766,R05,R05-M01,11,11,0,7,2,0,0
A009773,R05,R05-M01,4,4,0,4,2,0,0
A009845,R05,R05-M01,5,5,0,4,2,0,0
A009858,R05,R05-M01,3,3,0,2,0,0,1
A009912,R05,R05-M01,3,3,0,1,0,0,0
A009960,R05,R05-M01,2,2,0,0,0,0,0
A009991,R05,R05-M01,1,1,0,1,0,0,0
A010067,R05,R05-M01,7,7,0,3,1,0,0
A010260,R05,R05-M01,14,13,1,10,1,0,1
A010279,R05,R05-M01,20,20,0,15,5,0,1
A010301,R05,R05-M01,5,5,0,3,1,0,0
A010333,R05,R05-M01,8,8,0,6,3,0,0
A010334,R05,R05-M01,14,14,0,12,4,0,0
A010343,R05,R05-M01,4,4,0,3,1,0,0
A010458,R05,R05-M01,8,8,0,6,3,1,1
A010645,R05,R05-M01,3,3,0,3,2,0,0
A010680,R05,R05-M01,9,8,1,4,2,0,1
A010781,R05,R05-M01,1,1,0,1,1,0,0
A010824,R05,R05-M01,3,3,0,2,0,0,0
A010835,R05,R05-M01,8,8,0,3,1,0,0
A010910,R05,R05-M01,1,1,0,0,0,0,0
A010922,R05,R05-M01,2,2,0,2,0,0,0
A010953,R05,R05-M01,3,3,0,2,2,1,1
A010960,R05,R05-M01,4,4,0,2,1,0,0
A011010,R05,R05-M01,5,4,1,2,0,0,1
A011035,R05,R05-M01,3,3,0,2,0,0,0
A011061,R05,R05-M01,10,10,0,8,2,0,0
A011136,R05,R05-M01,2,2,0,1,1,0,0
A011142,R05,R05-M01,3,3,0,3,1,0,0
A011253,R05,R05-M01,1,1,0,0,0,0,0
A011272,R05,R05-M01,1,1,0,0,0,0,0
A011313,R05,R05-M01,1,1,0,1,0,0,0
A011332,R05,R05-M01,17,17,0,13,4,1,1
A011374,R05,R05-M01,2,2,0,0,0,0,0
A011405,R05,R05-M01,3,3,0,2,0,0,0
A011418,R05,R05-M01,5,5,0,4,1,1,1
A011424,R05,R05-M01,4,4,0,2,1,0,0
A011475,R05,R05-M01,3,3,0,3,2,0,0
A011479,R05,R05-M01,2,2,0,2,0,0,0
A011596,R05,R05-M01,1,1,0,1,0,0,0
A011684,R05,R05-M01,6,6,0,4,1,0,0
A011704,R05,R05-M01,8,8,0,7,1,0,1
A011789,R05,R05-M01,3,3,0,1,1,0,0
A011806,R05,R05-M01,1,1,0,1,0,0,0
A011851,R05,R05-M01,5,5,0,3,1,0,0
A011921,R05,R05-M01,9,9,0,6,1,0,0
A011980,R05,R05-M01,7,7,0,3,3,0,0
A011985,R05,R05-M01,4,3,1,2,1,0,1
A012055,R05,R05-M01,19,19,0,11,6,1,1
A012161,R05,R05-M01,2,2,0,0,0,0,0
A012171,R05,R05-M01,5,5,0,2,1,0,0
A012193,R05,R05-M01,4,4,0,2,0,0,0
A012255,R05,R05-M01,4,4,0,3,1,0,0
A012262,R05,R05-M01,10,9,1,8,5,0,1
A012303,R05,R05-M01,1,1,0,1,0,0,0
A012423,R05,R05-M01,4,4,0,2,0,0,0
A012463,R05,R05-M01,2,2,0,0,0,0,0
A012492,R05,R05-M01,6,6,0,5,4,1,1
A012523,R05,R05-M01,5,5,0,3,2,0,0
A012529,R05,R05-M01,4,4,0,3,1,0,0
A012565,R05,R05-M01,3,3,0,3,1,0,0
A012568,R05,R05-M01,2,2,0,1,0,0,0
A012712,R05,R05-M01,3,3,0,2,0,0,0
A012767,R05,R05-M01,2,2,0,2,1,0,0
A012778,R05,R05-M01,4,4,0,3,1,0,0
A012991,R05,R05-M01,10,10,0,6,3,2,2
A013065,R05,R05-M01,8,8,0,6,1,0,0
A013072,R05,R05-M01,4,4,0,4,3,1,1
A013078,R05,R05-M01,1,1,0,1,1,0,0
A013130,R05,R05-M01,2,2,0,1,0,0,0
A013132,R05,R05-M01,15,15,0,11,5,0,0
A013229,R05,R05-M01,3,3,0,3,3,0,0
A013290,R05,R05-M01,3,3,0,2,2,0,0
A013336,R05,R05-M01,2,2,0,1,1,0,0
A013380,R05,R05-M01,11,11,0,10,5,0,1
A013519,R05,R05-M01,5,5,0,3,3,0,0
A013523,R05,R05-M01,1,1,0,1,0,0,0
A013605,R05,R05-M01,1,1,0,1,1,0,0
A013854,R05,R05-M01,1,1,0,1,0,0,0
A013865,R05,R05-M01,3,2,1,3,3,0,1
A013883,R05,R05-M01,2,2,0,2,0,0,0
A013885,R05,R05-M01,6,6,0,3,1,0,0
A013970,R05,R05-M01,6,6,0,5,3,0,0
A013975,R05,R05-M01,3,3,0,1,0,0,1
A014169,R05,R05-M01,1,1,0,1,0,0,0
A014263,R05,R05-M01,2,2,0,1,1,0,0
A014326,R05,R05-M01,4,4,0,3,1,0,0
A014379,R05,R05-M01,6,6,0,4,1,0,0
A014431,R05,R05-M01,1,1,0,1,0,0,0
A014442,R05,R05-M01,1,1,0,1,1,0,0
A014525,R05,R05-M01,3,3,0,3,2,0,0
A014662,R05,R05-M01,4,4,0,2,1,0,0
A014682,R05,R05-M01,2,2,0,2,0,0,0
A014710,R05,R05-M01,10,10,0,9,2,0,0
A014721,R05,R05-M01,4,4,0,2,0,0,0
A014744,R05,R05-M01,11,10,1,7,1,0,2
A014775,R05,R05-M01,2,2,0,0,0,0,0
A014791,R05,R05-M01,6,6,0,4,3,0,0
A014796,R05,R05-M01,4,4,0,4,1,0,0
A014812,R05,R05-M01,2,2,0,1,0,0,0
A014891,R05,R05-M01,7,7,0,5,2,0,0
A014899,R05,R05-M01,4,4,0,4,2,0,0
A014954,R05,R05-M01,9,9,0,7,4,0,0
A014976,R05,R05-M01,1,1,0,0,0,0,0
A015021,R05,R05-M01,7,7,0,3,1,0,0
A015208,R05,R05-M01,1,1,0,0,0,0,0
A015211,R05,R05-M01,2,2,0,1,1,0,0
A015247,R05,R05-M01,1,1,0,1,0,0,0
A015312,R05,R05-M01,1,1,0,1,0,0,0
A015399,R05,R05-M01,9,9,0,6,1,0,0
A015448,R05,R05-M01,6,6,0,3,2,0,0
A015558,R05,R05-M01,5,5,0,4,2,0,0
A015617,R05,R05-M01,4,4,0,3,2,0,0
A015635,R05,R05-M01,13,13,0,9,2,0,1
A015715,R05,R05-M01,12,12,0,10,5,0,1
A015749,R05,R05-M01,2,2,0,0,0,0,0
A015767,R05,R05-M01,8,8,0,5,2,0,0
A015789,R05,R05-M01,2,2,0,2,1,0,0
A015806,R05,R05-M01,6,6,0,5,2,1,1
A015863,R05,R05-M01,8,8,0,6,2,0,1
A015907,R05,R05-M01,1,1,0,0,0,0,0
A016069,R05,R05-M01,2,2,0,2,0,0,1
A016208,R05,R05-M01,4,4,0,1,0,0,0
A016236,R05,R05-M01,4,4,0,2,1,0,0
A016267,R05,R05-M01,2,2,0,2,1,0,0
A016272,R05,R05-M01,13,13,0,9,2,0,0
A016294,R05,R05-M01,10,10,0,8,5,0,0
A016311,R05,R05-M01,2,2,0,1,0,0,0
A016435,R05,R05-M01,1,1,0,1,0,0,0
A016442,R05,R05-M01,4,4,0,4,2,0,0
A016536,R05,R05-M01,7,7,0,5,3,0,0
A016597,R05,R05-M01,3,3,0,2,1,0,0
A016664,R05,R05-M01,8,7,1,7,3,0,1
A016674,R05,R05-M01,2,2,0,2,2,0,0
A016705,R05,R05-M01,9,8,1,7,3,0,1
A016811,R05,R05-M01,1,1,0,1,1,0,0
A016840,R05,R05-M01,1,1,0,1,0,0,0
A016850,R05,R05-M01,5,5,0,5,3,1,1
A016864,R05,R05-M01,12,12,0,11,5,0,1
A016868,R05,R05-M01,7,7,0,3,2,1,1
A016956,R05,R05-M01,6,6,0,5,3,0,0
A016988,R05,R05-M01,12,12,0,7,2,1,2
A017028,R05,R05-M01,2,2,0,1,0,0,0
A017046,R05,R05-M01,3,3,0,3,2,0,0
A017104,R05,R05-M01,11,11,0,9,3,0,0
A017109,R05,R05-M01,1,1,0,0,0,0,0
A017200,R05,R05-M01,7,7,0,5,1,0,0
A017222,R05,R05-M01,2,2,0,2,1,0,0
A017223,R05,R05-M01,10,10,0,5,4,0,0
A017340,R05,R05-M01,4,4,0,4,1,0,0
A017380,R05,R05-M01,3,3,0,0,0,0,0
A017381,R05,R05-M01,2,1,1,2,2,0,1
A017576,R05,R05-M01,4,4,0,2,0,0,0
A017599,R05,R05-M01,4,4,0,1,0,0,0
A017742,R05,R05-M01,9,9,0,6,4,0,0
A017855,R05,R05-M01,6,6,0,6,2,0,0
A017857,R05,R05-M01,11,11,0,8,5,0,0
A000048,R05,R05-M02,9,9,0,7,3,0,0
A000148,R05,R05-M02,9,9,0,8,2,0,0
A000149,R05,R05-M02,4,4,0,2,0,0,0
A000354,R05,R05-M02,5,5,0,3,2,0,0
A000371,R05,R05-M02,1,1,0,1,0,0,0
A000544,R05,R05-M02,5,5,0,4,1,0,0
A000562,R05,R05-M02,8,8,0,6,0,0,0
A000612,R05,R05-M02,6,6,0,4,3,1,1
A000758,R05,R05-M02,2,2,0,1,0,0,0
A000996,R05,R05-M02,9,8,1,7,1,0,1
A001121,R05,R05-M02,9,9,0,6,5,1,1
A001274,R05,R05-M02,8,8,0,4,3,0,0
A001289,R05,R05-M02,2,2,0,1,1,0,0
A001304,R05,R05-M02,3,3,0,2,2,0,0
A001367,R05,R05-M02,11,11,0,5,4,0,0
A001518,R05,R05-M02,5,5,0,3,2,0,0
A001565,R05,R05-M02,7,7,0,3,1,0,0
A001609,R05,R05-M02,8,8,0,7,2,0,0
A001631,R05,R05-M02,2,2,0,0,0,0,0
A001750,R05,R05-M02,2,2,0,1,0,0,0
A001810,R05,R05-M02,3,3,0,3,0,0,1
A001826,R05,R05-M02,2,2,0,2,0,0,0
A001886,R05,R05-M02,8,7,1,6,2,0,1
A001924,R05,R05-M02,4,4,0,4,2,0,0
A002063,R05,R05-M02,1,1,0,1,0,0,1
A002267,R05,R05-M02,11,11,0,6,2,1,1
A002290,R05,R05-M02,1,1,0,1,0,0,0
A002332,R05,R05-M02,6,6,0,4,2,0,0
A002382,R05,R05-M02,5,5,0,2,0,0,0
A002441,R05,R05-M02,15,15,0,10,3,0,0
A002452,R05,R05-M02,8,8,0,4,2,0,1
A002453,R05,R05-M02,9,9,0,7,3,1,1
A002532,R05,R05-M02,4,4,0,2,2,0,0
A002547,R05,R05-M02,10,10,0,5,4,0,0
A002669,R05,R05-M02,1,1,0,0,0,0,0
A002798,R05,R05-M02,8,8,0,3,2,0,0
A002800,R05,R05-M02,6,6,0,4,3,1,1
A002819,R05,R05-M02,9,9,0,7,3,1,1
A002870,R05,R05-M02,2,2,0,1,1,0,0
A002965,R05,R05-M02,2,2,0,0,0,0,0
A002978,R05,R05-M02,4,4,0,2,1,0,0
A002995,R05,R05-M02,1,1,0,1,0,0,0
A002999,R05,R05-M02,10,10,0,7,1,0,0
A003026,R05,R05-M02,7,7,0,3,2,0,0
A003055,R05,R05-M02,4,4,0,3,1,0,0
A003133,R05,R05-M02,5,5,0,4,1,0,0
A003458,R05,R05-M02,4,4,0,4,1,0,0
A003495,R05,R05-M02,8,8,0,6,2,0,0
A003546,R05,R05-M02,3,3,0,1,0,0,0
A003655,R05,R05-M02,10,10,0,4,3,0,0
A003776,R05,R05-M02,5,5,0,5,3,0,1
A003778,R05,R05-M02,6,6,0,5,4,0,0
A003798,R05,R05-M02,2,2,0,2,1,1,1
A003802,R05,R05-M02,1,1,0,1,1,0,0
A003867,R05,R05-M02,2,2,0,2,1,0,1
A003918,R05,R05-M02,5,5,0,4,1,0,0
A003940,R05,R05-M02,8,8,0,7,3,0,0
A004008,R05,R05-M02,3,3,0,2,0,0,1
A004078,R05,R05-M02,4,4,0,3,1,0,1
A004083,R05,R05-M02,9,9,0,8,3,0,0
A004088,R05,R05-M02,11,11,0,8,3,0,0
A004147,R05,R05-M02,2,2,0,2,0,0,0
A004204,R05,R05-M02,14,14,0,7,3,1,1
A004295,R05,R05-M02,7,7,0,2,0,0,0
A004338,R05,R05-M02,10,10,0,7,2,0,0
A004341,R05,R05-M02,7,7,0,5,2,1,1
A004374,R05,R05-M02,6,6,0,5,1,0,0
A004435,R05,R05-M02,17,16,1,14,6,1,3
A004491,R05,R05-M02,1,1,0,1,0,0,0
A004492,R05,R05-M02,4,4,0,2,1,0,0
A004569,R05,R05-M02,3,3,0,2,1,0,0
A004635,R05,R05-M02,1,1,0,1,0,0,0
A004880,R05,R05-M02,2,2,0,2,1,0,0
A004986,R05,R05-M02,4,4,0,2,1,0,0
A005021,R05,R05-M02,6,6,0,4,2,0,0
A005281,R05,R05-M02,1,1,0,1,1,0,0
A005359,R05,R05-M02,3,3,0,2,1,0,0
A005369,R05,R05-M02,3,3,0,1,1,0,0
A005436,R05,R05-M02,3,3,0,3,1,0,0
A005459,R05,R05-M02,8,8,0,4,2,0,0
A005465,R05,R05-M02,5,5,0,4,1,0,0
A005561,R05,R05-M02,1,1,0,0,0,0,0
A005564,R05,R05-M02,3,3,0,2,0,0,0
A005640,R05,R05-M02,7,7,0,6,4,0,0
A005812,R05,R05-M02,9,8,1,5,0,0,1
A005828,R05,R05-M02,3,3,0,2,0,0,0
A005840,R05,R05-M02,2,2,0,2,1,0,0
A005883,R05,R05-M02,5,5,0,4,1,0,0
A005950,R05,R05-M02,9,9,0,8,1,0,0
A005959,R05,R05-M02,9,9,0,8,5,0,0
A006077,R05,R05-M02,1,1,0,1,0,0,0
A006110,R05,R05-M02,1,1,0,1,1,0,0
A006132,R05,R05-M02,12,12,0,6,3,0,0
A006135,R05,R05-M02,11,11,0,5,1,0,0
A006256,R05,R05-M02,6,6,0,4,2,0,0
A006336,R05,R05-M02,6,6,0,6,3,0,0
A006347,R05,R05-M02,4,4,0,3,2,0,0
A006371,R05,R05-M02,12,12,0,8,2,0,0
A006394,R05,R05-M02,7,6,1,4,2,0,1
A006444,R05,R05-M02,3,3,0,2,2,0,0
A006510,R05,R05-M02,2,2,0,2,0,0,0
A006570,R05,R05-M02,2,2,0,2,2,0,0
A006577,R05,R05-M02,6,6,0,5,2,0,0
A006676,R05,R05-M02,5,4,1,5,4,0,1
A006853,R05,R05-M02,1,1,0,1,0,0,0
A006884,R05,R05-M02,5,5,0,2,1,0,0
A006944,R05,R05-M02,4,4,0,3,0,0,0
A006968,R05,R05-M02,14,14,0,9,3,0,0
A006986,R05,R05-M02,5,5,0,4,3,1,1
A007149,R05,R05-M02,4,4,0,2,1,0,0
A007156,R05,R05-M02,5,5,0,3,1,0,0
A007162,R05,R05-M02,5,5,0,5,2,0,0
A007165,R05,R05-M02,13,13,0,12,5,0,0
A007208,R05,R05-M02,2,2,0,2,2,0,0
A007210,R05,R05-M02,2,2,0,2,0,0,0
A007213,R05,R05-M02,5,5,0,3,0,0,0
A007265,R05,R05-M02,5,5,0,3,1,0,0
A007291,R05,R05-M02,2,2,0,2,1,0,0
A007312,R05,R05-M02,7,7,0,6,3,0,0
A007428,R05,R05-M02,3,3,0,2,0,0,0
A007475,R05,R05-M02,2,2,0,2,2,0,0
A007497,R05,R05-M02,8,8,0,7,2,0,0
A007506,R05,R05-M02,7,7,0,7,0,0,0
A007549,R05,R05-M02,1,1,0,1,0,0,0
A007654,R05,R05-M02,9,9,0,7,6,0,0
A007754,R05,R05-M02,4,4,0,1,1,0,0
A007957,R05,R05-M02,3,3,0,2,1,0,0
A008131,R05,R05-M02,1,1,0,0,0,0,0
A008320,R05,R05-M02,3,2,1,3,0,0,1
A008342,R05,R05-M02,4,4,0,3,1,1,1
A008478,R05,R05-M02,6,6,0,6,4,1,2
A008578,R05,R05-M02,1,1,0,1,0,0,0
A008731,R05,R05-M02,2,2,0,2,0,0,0
A008815,R05,R05-M02,1,1,0,1,0,0,0
A008853,R05,R05-M02,7,7,0,3,1,0,0
A008952,R05,R05-M02,2,2,0,2,1,0,0
A008960,R05,R05-M02,3,3,0,2,0,0,0
A009046,R05,R05-M02,2,2,0,2,1,0,0
A009111,R05,R05-M02,1,1,0,1,0,0,0
A009156,R05,R05-M02,4,3,1,2,1,0,1
A009251,R05,R05-M02,1,1,0,0,0,0,0
A009291,R05,R05-M02,4,4,0,1,0,0,0
A009347,R05,R05-M02,5,4,1,2,0,0,1
A009362,R05,R05-M02,12,12,0,9,5,1,1
A009476,R05,R05-M02,3,3,0,1,0,0,0
A009496,R05,R05-M02,5,5,0,3,1,0,0
A009688,R05,R05-M02,2,2,0,1,0,0,0
A009706,R05,R05-M02,3,3,0,2,1,0,0
A009708,R05,R05-M02,3,3,0,3,0,0,0
A009733,R05,R05-M02,10,10,0,7,1,0,0
A009785,R05,R05-M02,2,2,0,0,0,0,0
A009794,R05,R05-M02,1,1,0,1,0,0,0
A009815,R05,R05-M02,5,5,0,3,0,0,0
A009900,R05,R05-M02,7,6,1,7,4,0,1
A009985,R05,R05-M02,11,11,0,10,7,1,1
A010033,R05,R05-M02,8,8,0,7,3,0,0
A010144,R05,R05-M02,2,2,0,2,1,0,0
A010151,R05,R05-M02,3,3,0,3,2,1,1
A010170,R05,R05-M02,1,1,0,1,0,0,0
A010185,R05,R05-M02,3,3,0,3,3,0,0
A010205,R05,R05-M02,1,1,0,1,0,0,0
A010228,R05,R05-M02,11,10,1,7,2,0,1
A010263,R05,R05-M02,2,2,0,1,0,0,0
A010463,R05,R05-M02,2,2,0,2,1,0,0
A010482,R05,R05-M02,2,2,0,1,1,0,0
A010516,R05,R05-M02,2,2,0,1,0,0,0
A010521,R05,R05-M02,7,7,0,5,1,0,0
A010535,R05,R05-M02,3,3,0,1,0,0,0
A010566,R05,R05-M02,2,2,0,0,0,0,0
A010659,R05,R05-M02,3,2,1,1,0,0,1
A010674,R05,R05-M02,16,16,0,13,4,0,0
A010691,R05,R05-M02,2,2,0,1,0,0,0
A010778,R05,R05-M02,4,4,0,3,1,1,1
A010780,R05,R05-M02,15,15,0,11,5,0,1
A010802,R05,R05-M02,3,3,0,2,1,0,0
A010832,R05,R05-M02,6,6,0,2,1,0,0
A011004,R05,R05-M02,1,1,0,1,1,0,0
A011045,R05,R05-M02,13,12,1,11,8,0,1
A011105,R05,R05-M02,2,2,0,2,1,0,0
A011161,R05,R05-M02,3,3,0,3,1,0,0
A011174,R05,R05-M02,4,4,0,3,0,0,0
A011186,R05,R05-M02,3,3,0,1,1,0,0
A011194,R05,R05-M02,6,6,0,5,1,0,0
A011212,R05,R05-M02,2,2,0,2,1,0,0
A011275,R05,R05-M02,7,7,0,7,2,1,1
A011401,R05,R05-M02,4,4,0,3,0,0,1
A011550,R05,R05-M02,1,1,0,0,0,0,0
A011570,R05,R05-M02,7,7,0,6,3,0,0
A011616,R05,R05-M02,1,1,0,1,1,0,0
A011623,R05,R05-M02,4,4,0,2,0,0,0
A011750,R05,R05-M02,9,8,1,5,2,1,2
A011758,R05,R05-M02,1,1,0,1,0,0,0
A011772,R05,R05-M02,3,3,0,1,1,0,0
A011782,R05,R05-M02,1,1,0,1,1,0,0
A011816,R05,R05-M02,4,4,0,4,2,0,0
A011820,R05,R05-M02,2,2,0,2,1,0,0
A011976,R05,R05-M02,6,6,0,3,2,0,0
A011991,R05,R05-M02,14,14,0,12,5,1,1
A012039,R05,R05-M02,2,2,0,2,0,0,0
A012172,R05,R05-M02,10,10,0,5,2,0,0
A012197,R05,R05-M02,10,10,0,9,2,0,0
A012202,R05,R05-M02,1,1,0,1,1,0,0
A012218,R05,R05-M02,3,3,0,2,1,0,0
A012242,R05,R05-M02,1,1,0,0,0,0,0
A012261,R05,R05-M02,6,6,0,6,4,0,0
A012339,R05,R05-M02,5,5,0,2,1,1,1
A012422,R05,R05-M02,3,3,0,3,1,0,0
A012574,R05,R05-M02,3,3,0,2,2,1,1
A012663,R05,R05-M02,2,2,0,2,1,1,1
A012740,R05,R05-M02,3,3,0,1,0,0,0
A012864,R05,R05-M02,8,8,0,7,6,1,1
A012891,R05,R05-M02,4,4,0,4,2,0,0
A012968,R05,R05-M02,5,5,0,4,1,0,0
A012978,R05,R05-M02,2,2,0,0,0,0,0
A012979,R05,R05-M02,6,6,0,3,0,0,0
A013174,R05,R05-M02,7,5,2,6,3,0,2
A013183,R05,R05-M02,12,12,0,5,3,0,0
A013219,R05,R05-M02,2,2,0,2,1,0,0
A013250,R05,R05-M02,6,6,0,5,1,0,0
A013358,R05,R05-M02,12,12,0,10,4,0,0
A013457,R05,R05-M02,4,4,0,2,0,0,0
A013463,R05,R05-M02,1,1,0,0,0,0,0
A013482,R05,R05-M02,12,12,0,8,2,0,0
A013495,R05,R05-M02,5,5,0,4,0,0,0
A013527,R05,R05-M02,1,1,0,1,1,0,0
A013534,R05,R05-M02,1,1,0,1,1,0,0
A013541,R05,R05-M02,4,4,0,3,1,0,0
A013612,R05,R05-M02,1,1,0,0,0,0,0
A013680,R05,R05-M02,6,6,0,4,3,1,1
A013709,R05,R05-M02,6,6,0,6,3,0,0
A013746,R05,R05-M02,17,17,0,13,3,0,0
A013783,R05,R05-M02,5,5,0,3,3,0,0
A013869,R05,R05-M02,4,4,0,3,2,0,0
A013921,R05,R05-M02,10,10,0,6,3,0,0
A013951,R05,R05-M02,4,3,1,3,1,0,1
A013960,R05,R05-M02,9,9,0,4,0,0,0
A014112,R05,R05-M02,1,1,0,0,0,0,0
A014150,R05,R05-M02,7,7,0,3,1,0,0
A014242,R05,R05-M02,3,3,0,2,1,0,0
A014261,R05,R05-M02,5,4,1,3,2,0,1
A014297,R05,R05-M02,8,7,1,6,2,0,1
A014300,R05,R05-M02,10,10,0,7,5,0,0
A014395,R05,R05-M02,9,9,0,7,3,1,1
A014402,R05,R05-M02,7,7,0,6,3,0,2
A014456,R05,R05-M02,1,1,0,1,0,0,0
A014485,R05,R05-M02,7,7,0,4,1,0,0
A014558,R05,R05-M02,2,2,0,2,1,0,0
A014598,R05,R05-M02,3,3,0,1,0,0,0
A014638,R05,R05-M02,9,9,0,9,6,0,0
A014663,R05,R05-M02,4,4,0,3,1,0,0
A014726,R05,R05-M02,3,2,1,3,1,1,2
A014759,R05,R05-M02,3,3,0,2,1,0,0
A014769,R05,R05-M02,4,4,0,4,2,0,0
A014905,R05,R05-M02,6,6,0,5,0,0,0
A015020,R05,R05-M02,6,6,0,4,0,0,0
A015151,R05,R05-M02,4,4,0,3,1,0,0
A015170,R05,R05-M02,3,3,0,2,0,0,0
A015173,R05,R05-M02,8,7,1,5,2,0,1
A015369,R05,R05-M02,7,7,0,7,6,0,0
A015452,R05,R05-M02,3,3,0,0,0,0,0
A015500,R05,R05-M02,1,1,0,1,0,0,0
A015628,R05,R05-M02,10,10,0,7,3,0,0
A015676,R05,R05-M02,10,10,0,5,0,0,0
A015717,R05,R05-M02,6,6,0,4,2,0,0
A015837,R05,R05-M02,1,1,0,0,0,0,0
A015841,R05,R05-M02,6,6,0,4,2,0,0
A015857,R05,R05-M02,2,1,1,2,1,0,1
A016045,R05,R05-M02,3,3,0,1,1,0,0
A016106,R05,R05-M02,6,6,0,4,1,0,0
A016264,R05,R05-M02,2,2,0,2,2,0,0
A016283,R05,R05-M02,6,6,0,4,1,0,0
A016406,R05,R05-M02,2,2,0,2,1,0,0
A016447,R05,R05-M02,5,5,0,5,2,0,0
A016479,R05,R05-M02,5,5,0,3,0,0,0
A016527,R05,R05-M02,3,3,0,2,0,0,0
A016625,R05,R05-M02,3,3,0,2,0,0,1
A016752,R05,R05-M02,1,1,0,1,0,0,0
A016755,R05,R05-M02,7,7,0,5,1,1,2
A016787,R05,R05-M02,1,1,0,1,0,0,0
A016829,R05,R05-M02,9,9,0,6,2,0,1
A016855,R05,R05-M02,1,1,0,1,1,0,0
A016859,R05,R05-M02,6,6,0,2,0,0,0
A016953,R05,R05-M02,5,5,0,4,2,0,0
A017003,R05,R05-M02,6,6,0,5,3,0,0
A017084,R05,R05-M02,4,4,0,2,0,0,0
A017087,R05,R05-M02,7,7,0,6,5,0,0
A017099,R05,R05-M02,4,4,0,2,1,0,0
A017234,R05,R05-M02,3,3,0,2,0,0,1
A017248,R05,R05-M02,7,7,0,4,2,1,2
A017312,R05,R05-M02,5,4,1,4,1,0,1
A017314,R05,R05-M02,1,1,0,1,0,0,0
A017437,R05,R05-M02,4,4,0,3,1,0,0
A017445,R05,R05-M02,1,1,0,1,1,0,0
A017563,R05,R05-M02,1,1,0,1,0,0,0
A017605,R05,R05-M02,5,5,0,3,1,0,0
A017607,R05,R05-M02,3,3,0,2,1,0,0
A017680,R05,R05-M02,1,0,1,1,0,0,1
A017716,R05,R05-M02,4,4,0,1,1,0,0
A017935,R05,R05-M02,4,4,0,3,1,0,0
A000027,R05,R05-M03,21,21,0,13,5,0,0
A000126,R05,R05-M03,5,5,0,5,2,0,0
A000156,R05,R05-M03,2,2,0,2,2,0,0
A000327,R05,R05-M03,1,1,0,0,0,0,0
A000369,R05,R05-M03,5,4,1,5,1,0,3
A000580,R05,R05-M03,6,6,0,4,1,0,0
A000616,R05,R05-M03,7,7,0,6,3,0,0
A000703,R05,R05-M03,2,2,0,2,0,0,0
A000714,R05,R05-M03,3,3,0,0,0,0,0
A000739,R05,R05-M03,5,5,0,3,2,0,0
A000760,R05,R05-M03,3,3,0,2,0,0,0
A000780,R05,R05-M03,3,2,1,3,2,0,1
A000823,R05,R05-M03,1,1,0,1,1,0,0
A000833,R05,R05-M03,8,8,0,5,3,0,0
A000859,R05,R05-M03,11,11,0,8,1,0,0
A000877,R05,R05-M03,2,2,0,1,0,0,0
A000897,R05,R05-M03,14,14,0,8,7,1,1
A000901,R05,R05-M03,2,2,0,2,0,0,0
A000934,R05,R05-M03,2,2,0,2,1,0,0
A001112,R05,R05-M03,7,7,0,4,1,0,0
A001238,R05,R05-M03,5,5,0,5,2,1,3
A001313,R05,R05-M03,4,4,0,2,0,0,1
A001342,R05,R05-M03,8,8,0,5,2,0,0
A001527,R05,R05-M03,2,2,0,1,1,0,0
A001729,R05,R05-M03,6,6,0,5,1,0,0
A001872,R05,R05-M03,2,2,0,0,0,0,0
A001890,R05,R05-M03,5,5,0,4,2,1,1
A001975,R05,R05-M03,1,1,0,1,0,0,0
A002029,R05,R05-M03,4,4,0,2,0,0,0
A002054,R05,R05-M03,4,4,0,3,2,1,1
A002070,R05,R05-M03,5,4,1,2,1,0,1
A002163,R05,R05-M03,5,5,0,4,0,0,0
A002169,R05,R05-M03,4,4,0,3,2,0,0
A002229,R05,R05-M03,4,4,0,4,2,0,0
A002259,R05,R05-M03,3,3,0,3,2,0,0
A002421,R05,R05-M03,3,3,0,2,2,0,0
A002535,R05,R05-M03,4,4,0,3,2,0,0
A002652,R05,R05-M03,7,7,0,4,0,0,0
A002690,R05,R05-M03,6,6,0,4,3,0,0
A002697,R05,R05-M03,7,7,0,4,1,0,0
A002782,R05,R05-M03,7,7,0,6,1,0,0
A002842,R05,R05-M03,7,7,0,3,2,0,0
A002895,R05,R05-M03,2,2,0,2,1,0,0
A002960,R05,R05-M03,2,2,0,1,0,0,0
A002986,R05,R05-M03,4,4,0,2,1,0,0
A003012,R05,R05-M03,6,6,0,4,1,0,0
A003044,R05,R05-M03,2,2,0,1,0,0,0
A003046,R05,R05-M03,6,6,0,6,2,0,0
A003056,R05,R05-M03,4,4,0,2,2,0,1
A003062,R05,R05-M03,7,7,0,5,1,0,0
A003301,R05,R05-M03,3,3,0,3,0,0,0
A003331,R05,R05-M03,6,6,0,3,1,0,0
A003335,R05,R05-M03,2,2,0,1,0,0,0
A003367,R05,R05-M03,2,2,0,1,0,0,0
A003534,R05,R05-M03,5,5,0,4,2,0,0
A003590,R05,R05-M03,2,2,0,2,1,0,0
A003707,R05,R05-M03,2,2,0,0,0,0,0
A003710,R05,R05-M03,6,6,0,3,1,0,0
A003803,R05,R05-M03,13,13,0,11,5,1,2
A003822,R05,R05-M03,1,1,0,1,0,0,0
A003856,R05,R05-M03,2,2,0,2,0,0,0
A003883,R05,R05-M03,5,5,0,4,2,0,0
A003955,R05,R05-M03,4,4,0,2,1,0,0
A003974,R05,R05-M03,4,4,0,4,0,0,0
A004058,R05,R05-M03,4,4,0,2,1,0,0
A004150,R05,R05-M03,2,2,0,1,1,0,0
A004216,R05,R05-M03,3,2,1,2,0,0,1
A004320,R05,R05-M03,2,2,0,0,0,0,0
A004350,R05,R05-M03,6,6,0,6,1,0,0
A004422,R05,R05-M03,2,2,0,2,2,0,0
A004444,R05,R05-M03,4,4,0,3,3,0,0
A004466,R05,R05-M03,4,4,0,3,1,0,0
A004509,R05,R05-M03,3,3,0,2,1,1,1
A004515,R05,R05-M03,8,8,0,5,1,0,0
A004546,R05,R05-M03,12,12,0,7,2,0,0
A004563,R05,R05-M03,7,7,0,5,2,0,0
A004616,R05,R05-M03,8,8,0,8,3,0,0
A004655,R05,R05-M03,3,3,0,3,0,0,1
A004704,R05,R05-M03,4,4,0,3,2,0,0
A004795,R05,R05-M03,2,2,0,1,1,0,0
A004803,R05,R05-M03,11,11,0,9,5,0,0
A004811,R05,R05-M03,4,4,0,4,2,0,0
A004829,R05,R05-M03,5,5,0,5,0,0,0
A004845,R05,R05-M03,8,8,0,7,2,0,0
A004846,R05,R05-M03,7,6,1,5,3,0,1
A005011,R05,R05-M03,1,1,0,1,0,0,0
A005025,R05,R05-M03,7,7,0,4,2,0,0
A005079,R05,R05-M03,5,5,0,4,2,0,0
A005104,R05,R05-M03,8,7,1,6,2,0,1
A005191,R05,R05-M03,2,2,0,2,0,0,0
A005209,R05,R05-M03,9,9,0,6,3,0,0
A005320,R05,R05-M03,2,2,0,1,0,0,0
A005330,R05,R05-M03,3,3,0,3,2,0,0
A005348,R05,R05-M03,21,20,1,17,8,0,1
A005399,R05,R05-M03,7,7,0,4,4,0,0
A005466,R05,R05-M03,1,1,0,0,0,0,0
A005513,R05,R05-M03,6,5,1,6,1,0,1
A005650,R05,R05-M03,7,7,0,7,4,0,0
A005652,R05,R05-M03,5,5,0,4,1,0,0
A005854,R05,R05-M03,2,2,0,1,0,0,0
A005865,R05,R05-M03,1,1,0,1,1,0,1
A005866,R05,R05-M03,2,2,0,1,0,0,0
A005931,R05,R05-M03,1,1,0,1,1,0,0
A005937,R05,R05-M03,1,1,0,1,0,0,0
A006053,R05,R05-M03,11,9,2,8,6,0,2
A006068,R05,R05-M03,2,2,0,1,1,1,1
A006156,R05,R05-M03,7,7,0,6,3,0,0
A006250,R05,R05-M03,6,5,1,5,2,0,1
A006334,R05,R05-M03,3,3,0,2,0,0,0
A006361,R05,R05-M03,5,5,0,5,2,0,0
A006374,R05,R05-M03,7,7,0,6,2,0,0
A006384,R05,R05-M03,4,4,0,3,2,0,0
A006429,R05,R05-M03,6,6,0,5,0,0,0
A006442,R05,R05-M03,2,2,0,2,1,0,0
A006481,R05,R05-M03,3,3,0,2,1,0,0
A006663,R05,R05-M03,2,2,0,1,0,0,0
A006678,R05,R05-M03,2,2,0,2,1,0,0
A006817,R05,R05-M03,1,1,0,1,1,0,0
A006857,R05,R05-M03,9,8,1,7,2,0,1
A006858,R05,R05-M03,5,5,0,5,3,0,0
A006928,R05,R05-M03,2,2,0,0,0,0,0
A006945,R05,R05-M03,2,2,0,2,1,0,0
A006969,R05,R05-M03,6,6,0,3,1,1,2
A006999,R05,R05-M03,3,3,0,2,0,0,0
A007037,R05,R05-M03,9,9,0,7,3,0,0
A007140,R05,R05-M03,2,2,0,0,0,0,0
A007247,R05,R05-M03,10,10,0,8,2,1,1
A007253,R05,R05-M03,9,9,0,7,2,0,0
A007371,R05,R05-M03,6,6,0,5,2,0,0
A007496,R05,R05-M03,15,15,0,12,6,1,2
A007606,R05,R05-M03,11,11,0,6,1,0,1
A007611,R05,R05-M03,1,1,0,1,1,0,0
A007672,R05,R05-M03,5,5,0,3,2,0,0
A007891,R05,R05-M03,1,1,0,1,1,0,0
A007911,R05,R05-M03,11,11,0,6,5,0,0
A007958,R05,R05-M03,3,3,0,3,1,0,0
A008005,R05,R05-M03,4,4,0,3,0,0,0
A008039,R05,R05-M03,1,1,0,1,1,0,0
A008115,R05,R05-M03,2,2,0,2,1,1,1
A008348,R05,R05-M03,9,9,0,5,3,0,0
A008404,R05,R05-M03,3,3,0,2,0,0,0
A008471,R05,R05-M03,4,4,0,2,0,0,0
A008476,R05,R05-M03,7,7,0,6,2,0,0
A008479,R05,R05-M03,5,5,0,3,1,0,0
A008536,R05,R05-M03,3,2,1,1,0,0,1
A008554,R05,R05-M03,2,2,0,1,0,0,0
A008604,R05,R05-M03,3,3,0,2,0,0,0
A008641,R05,R05-M03,7,7,0,3,2,0,0
A008721,R05,R05-M03,9,8,1,6,1,0,2
A008820,R05,R05-M03,9,9,0,6,2,0,1
A008852,R05,R05-M03,2,2,0,1,0,0,0
A008874,R05,R05-M03,2,2,0,1,0,0,0
A008875,R05,R05-M03,6,6,0,3,0,0,0
A008939,R05,R05-M03,7,7,0,5,2,0,1
A009059,R05,R05-M03,2,2,0,2,1,0,1
A009060,R05,R05-M03,2,2,0,2,1,0,1
A009233,R05,R05-M03,6,6,0,5,3,0,0
A009314,R05,R05-M03,2,2,0,2,1,0,0
A009423,R05,R05-M03,8,8,0,6,3,0,0
A009530,R05,R05-M03,1,1,0,1,0,0,0
A009567,R05,R05-M03,3,3,0,2,1,0,0
A009612,R05,R05-M03,5,5,0,3,2,0,0
A009676,R05,R05-M03,10,10,0,8,3,0,0
A009700,R05,R05-M03,1,1,0,1,1,0,0
A009714,R05,R05-M03,2,2,0,2,1,0,0
A009806,R05,R05-M03,3,3,0,2,1,1,1
A009844,R05,R05-M03,2,2,0,0,0,0,0
A009870,R05,R05-M03,3,3,0,2,1,0,0
A009895,R05,R05-M03,3,3,0,2,1,0,0
A009925,R05,R05-M03,6,6,0,6,2,2,2
A009949,R05,R05-M03,8,8,0,4,2,0,0
A009970,R05,R05-M03,4,3,1,4,1,0,1
A010011,R05,R05-M03,2,2,0,2,0,0,0
A010182,R05,R05-M03,9,9,0,9,3,1,1
A010268,R05,R05-M03,4,4,0,4,0,0,0
A010322,R05,R05-M03,5,5,0,2,2,0,0
A010393,R05,R05-M03,9,9,0,8,2,1,1
A010429,R05,R05-M03,3,3,0,2,0,0,0
A010440,R05,R05-M03,3,3,0,3,2,0,0
A010523,R05,R05-M03,6,5,1,5,1,0,1
A010795,R05,R05-M03,1,1,0,1,0,0,0
A010851,R05,R05-M03,7,7,0,3,2,0,0
A010885,R05,R05-M03,1,1,0,0,0,0,0
A010900,R05,R05-M03,7,7,0,5,4,0,0
A010963,R05,R05-M03,6,6,0,1,1,0,0
A010968,R05,R05-M03,2,2,0,1,1,0,0
A011002,R05,R05-M03,1,1,0,1,0,0,0
A011202,R05,R05-M03,2,2,0,2,2,1,1
A011476,R05,R05-M03,5,5,0,2,1,0,0
A011548,R05,R05-M03,1,1,0,0,0,0,0
A011613,R05,R05-M03,7,6,1,5,3,0,1
A011689,R05,R05-M03,4,4,0,3,2,0,1
A011695,R05,R05-M03,6,6,0,3,1,0,0
A011700,R05,R05-M03,1,1,0,0,0,0,0
A011781,R05,R05-M03,1,1,0,1,1,0,0
A011803,R05,R05-M03,5,5,0,5,3,0,0
A011927,R05,R05-M03,2,2,0,1,1,1,1
A011999,R05,R05-M03,4,4,0,2,1,1,1
A012007,R05,R05-M03,9,9,0,4,2,0,1
A012047,R05,R05-M03,14,13,1,11,7,0,1
A012049,R05,R05-M03,13,13,0,8,5,1,1
A012120,R05,R05-M03,2,2,0,1,1,0,0
A012126,R05,R05-M03,3,3,0,2,1,0,0
A012154,R05,R05-M03,3,3,0,1,1,0,0
A012196,R05,R05-M03,1,1,0,1,0,0,0
A012315,R05,R05-M03,1,1,0,1,0,0,0
A012326,R05,R05-M03,2,2,0,2,0,0,0
A012333,R05,R05-M03,3,3,0,3,1,0,0
A012424,R05,R05-M03,6,6,0,4,2,0,0
A012446,R05,R05-M03,1,1,0,0,0,0,0
A012465,R05,R05-M03,5,5,0,4,2,1,1
A012544,R05,R05-M03,1,1,0,1,0,0,0
A012706,R05,R05-M03,2,2,0,2,0,0,0
A012726,R05,R05-M03,14,14,0,10,4,0,0
A012729,R05,R05-M03,9,9,0,7,4,1,1
A012805,R05,R05-M03,10,10,0,8,3,0,0
A012880,R05,R05-M03,3,3,0,2,2,0,0
A012966,R05,R05-M03,1,1,0,0,0,0,0
A013015,R05,R05-M03,1,0,1,1,0,0,1
A013020,R05,R05-M03,4,4,0,4,0,0,0
A013041,R05,R05-M03,1,1,0,1,1,0,0
A013050,R05,R05-M03,2,2,0,2,1,0,0
A013055,R05,R05-M03,7,7,0,4,0,0,0
A013093,R05,R05-M03,1,1,0,1,1,0,0
A013190,R05,R05-M03,2,2,0,2,1,0,0
A013210,R05,R05-M03,2,2,0,2,0,0,1
A013224,R05,R05-M03,6,6,0,4,0,0,0
A013255,R05,R05-M03,2,2,0,1,1,0,0
A013470,R05,R05-M03,1,1,0,1,0,0,0
A013557,R05,R05-M03,4,4,0,4,1,0,0
A013563,R05,R05-M03,7,7,0,5,1,0,0
A013569,R05,R05-M03,4,4,0,3,1,0,0
A013631,R05,R05-M03,12,12,0,8,4,1,1
A013713,R05,R05-M03,1,1,0,1,1,0,0
A013733,R05,R05-M03,1,1,0,1,1,1,1
A013839,R05,R05-M03,1,1,0,1,1,0,0
A013878,R05,R05-M03,3,3,0,2,0,0,0
A013898,R05,R05-M03,2,2,0,2,0,0,0
A013956,R05,R05-M03,5,5,0,5,3,0,0
A013980,R05,R05-M03,2,2,0,1,0,0,0
A013991,R05,R05-M03,3,3,0,3,0,0,1
A014008,R05,R05-M03,1,1,0,1,0,0,0
A014025,R05,R05-M03,16,15,1,13,3,0,1
A014102,R05,R05-M03,2,2,0,0,0,0,0
A014156,R05,R05-M03,5,5,0,2,0,0,0
A014208,R05,R05-M03,1,1,0,1,1,0,0
A014224,R05,R05-M03,3,3,0,3,0,0,0
A014260,R05,R05-M03,2,2,0,2,1,0,0
A014291,R05,R05-M03,6,6,0,6,0,0,0
A014424,R05,R05-M03,2,2,0,2,0,0,0
A014459,R05,R05-M03,14,14,0,10,3,0,0
A014521,R05,R05-M03,2,2,0,1,1,0,0
A014684,R05,R05-M03,10,10,0,8,1,0,0
A014736,R05,R05-M03,1,1,0,1,1,0,0
A014779,R05,R05-M03,9,8,1,7,3,0,2
A014873,R05,R05-M03,3,3,0,1,0,0,0
A014932,R05,R05-M03,12,11,1,8,5,0,1
A014937,R05,R05-M03,1,1,0,1,1,0,0
A015070,R05,R05-M03,5,4,1,2,1,0,1
A015092,R05,R05-M03,5,5,0,3,3,0,1
A015114,R05,R05-M03,5,5,0,4,3,0,0
A015189,R05,R05-M03,4,4,0,3,2,0,0
A015194,R05,R05-M03,2,2,0,2,1,0,0
A015325,R05,R05-M03,3,3,0,0,0,0,0
A015336,R05,R05-M03,1,1,0,1,0,0,0
A015347,R05,R05-M03,6,6,0,4,3,0,0
A015351,R05,R05-M03,2,2,0,2,0,0,0
A015404,R05,R05-M03,1,1,0,1,1,0,0
A015425,R05,R05-M03,7,7,0,7,2,0,1
A015457,R05,R05-M03,11,11,0,8,5,0,0
A015528,R05,R05-M03,13,13,0,6,3,0,0
A015538,R05,R05-M03,15,15,0,10,4,0,0
A015582,R05,R05-M03,5,5,0,3,2,0,0
A015588,R05,R05-M03,8,8,0,6,2,1,1
A015614,R05,R05-M03,5,5,0,4,2,0,0
A015636,R05,R05-M03,4,4,0,1,1,0,0
A015650,R05,R05-M03,1,1,0,0,0,0,0
A015890,R05,R05-M03,5,5,0,4,2,0,0
A015914,R05,R05-M03,7,7,0,6,1,0,0
A015952,R05,R05-M03,5,5,0,4,1,0,0
A015965,R05,R05-M03,4,4,0,4,2,0,0
A015982,R05,R05-M03,2,2,0,1,0,0,0
A015988,R05,R05-M03,2,2,0,1,1,0,0
A016021,R05,R05-M03,2,2,0,1,1,0,0
A016128,R05,R05-M03,5,5,0,4,3,0,0
A016282,R05,R05-M03,11,10,1,10,3,0,1
A016299,R05,R05-M03,14,14,0,11,6,1,1
A016369,R05,R05-M03,2,2,0,1,0,0,0
A016384,R05,R05-M03,1,1,0,1,0,0,0
A016443,R05,R05-M03,2,2,0,1,0,0,0
A016501,R05,R05-M03,3,3,0,2,1,0,0
A016520,R05,R05-M03,6,5,1,4,0,0,1
A016570,R05,R05-M03,4,4,0,2,1,0,0
A016581,R05,R05-M03,8,8,0,3,2,0,0
A016603,R05,R05-M03,5,5,0,5,0,0,1
A016652,R05,R05-M03,1,1,0,0,0,0,0
A016683,R05,R05-M03,1,1,0,1,0,0,0
A016691,R05,R05-M03,2,2,0,2,1,0,0
A016693,R05,R05-M03,11,11,0,8,4,1,1
A016884,R05,R05-M03,6,6,0,6,3,1,1
A016981,R05,R05-M03,4,4,0,3,1,0,0
A016996,R05,R05-M03,4,4,0,2,1,0,0
A017001,R05,R05-M03,5,4,1,2,1,0,1
A017045,R05,R05-M03,2,2,0,1,0,0,0
A017061,R05,R05-M03,4,4,0,4,1,0,0
A017079,R05,R05-M03,1,1,0,0,0,0,0
A017121,R05,R05-M03,1,1,0,1,1,0,0
A017136,R05,R05-M03,6,6,0,4,1,0,0
A017161,R05,R05-M03,4,4,0,4,2,0,0
A017199,R05,R05-M03,9,9,0,8,4,0,0
A017225,R05,R05-M03,2,2,0,2,0,0,0
A017305,R05,R05-M03,2,2,0,1,1,1,1
A017307,R05,R05-M03,1,1,0,0,0,0,0
A017345,R05,R05-M03,6,6,0,4,1,0,0
A017399,R05,R05-M03,3,2,1,2,0,0,1
A017414,R05,R05-M03,9,9,0,6,4,0,1
A017418,R05,R05-M03,12,12,0,4,0,0,0
A017493,R05,R05-M03,3,3,0,2,2,0,0
A017537,R05,R05-M03,1,1,0,0,0,0,0
A017538,R05,R05-M03,11,11,0,5,0,0,0
A017566,R05,R05-M03,3,3,0,3,1,0,0
A017675,R05,R05-M03,4,4,0,3,0,0,0
A017688,R05,R05-M03,3,3,0,3,1,0,0
A017745,R05,R05-M03,1,1,0,1,0,0,0
A017746,R05,R05-M03,3,3,0,3,1,0,0
A017774,R05,R05-M03,3,3,0,2,0,0,0
A017810,R05,R05-M03,10,10,0,9,5,0,0
A000016,R05,R05-M04,9,9,0,7,3,1,1
A000100,R05,R05-M04,17,17,0,12,7,0,0
A000109,R05,R05-M04,6,6,0,4,3,0,0
A000245,R05,R05-M04,2,2,0,0,0,0,0
A000256,R05,R05-M04,3,3,0,2,1,0,0
A000285,R05,R05-M04,6,6,0,4,4,1,1
A000469,R05,R05-M04,2,1,1,1,1,0,1
A000486,R05,R05-M04,2,2,0,1,0,0,0
A000632,R05,R05-M04,7,7,0,5,2,0,1
A000815,R05,R05-M04,8,8,0,5,0,0,0
A000831,R05,R05-M04,3,3,0,3,1,0,0
A000852,R05,R05-M04,1,1,0,1,1,0,0
A000951,R05,R05-M04,3,3,0,1,1,0,0
A000952,R05,R05-M04,1,1,0,1,0,0,0
A001016,R05,R05-M04,5,5,0,5,3,0,0
A001041,R05,R05-M04,11,11,0,9,2,0,0
A001126,R05,R05-M04,7,7,0,6,4,0,0
A001155,R05,R05-M04,3,3,0,3,1,0,0
A001195,R05,R05-M04,14,14,0,13,5,0,0
A001256,R05,R05-M04,2,2,0,2,1,0,0
A001359,R05,R05-M04,1,1,0,1,1,0,0
A001451,R05,R05-M04,3,3,0,1,1,0,0
A001494,R05,R05-M04,3,3,0,0,0,0,0
A001528,R05,R05-M04,7,7,0,4,2,1,1
A001630,R05,R05-M04,5,5,0,3,0,0,0
A001655,R05,R05-M04,4,4,0,2,1,0,0
A001669,R05,R05-M04,6,6,0,4,2,0,0
A001719,R05,R05-M04,2,2,0,2,1,0,0
A001793,R05,R05-M04,1,1,0,0,0,0,0
A001834,R05,R05-M04,6,6,0,4,1,0,0
A001898,R05,R05-M04,9,9,0,5,3,0,0
A001899,R05,R05-M04,8,8,0,6,3,0,0
A002012,R05,R05-M04,10,10,0,5,1,0,0
A002049,R05,R05-M04,6,6,0,4,1,0,0
A002062,R05,R05-M04,9,9,0,6,3,0,0
A002177,R05,R05-M04,2,2,0,1,0,0,0
A002235,R05,R05-M04,3,3,0,2,0,0,0
A002256,R05,R05-M04,14,14,0,8,3,0,0
A002287,R05,R05-M04,7,7,0,5,2,0,0
A002381,R05,R05-M04,1,1,0,1,0,0,0
A002399,R05,R05-M04,2,2,0,1,1,0,0
A002460,R05,R05-M04,10,9,1,6,2,0,1
A002476,R05,R05-M04,6,6,0,4,3,0,0
A002489,R05,R05-M04,3,3,0,2,0,0,0
A002526,R05,R05-M04,17,17,0,10,3,0,0
A002696,R05,R05-M04,1,1,0,1,0,0,0
A002715,R05,R05-M04,1,1,0,1,1,1,1
A002787,R05,R05-M04,8,8,0,7,2,1,1
A002938,R05,R05-M04,2,2,0,1,0,0,0
A003005,R05,R05-M04,17,17,0,13,5,0,0
A003198,R05,R05-M04,1,1,0,1,1,0,0
A003207,R05,R05-M04,2,2,0,1,1,0,0
A003210,R05,R05-M04,4,4,0,4,0,0,0
A003276,R05,R05-M04,4,4,0,3,2,0,0
A003291,R05,R05-M04,9,9,0,4,1,0,0
A003321,R05,R05-M04,6,6,0,5,1,0,0
A003545,R05,R05-M04,12,12,0,7,1,0,1
A003595,R05,R05-M04,5,5,0,3,1,1,1
A003639,R05,R05-M04,4,4,0,3,0,0,0
A003989,R05,R05-M04,4,4,0,3,1,0,0
A004106,R05,R05-M04,10,10,0,7,2,0,0
A004152,R05,R05-M04,11,11,0,7,3,0,0
A004263,R05,R05-M04,13,13,0,4,3,0,0
A004389,R05,R05-M04,1,1,0,1,0,0,0
A004441,R05,R05-M04,1,1,0,0,0,0,0
A004530,R05,R05-M04,7,7,0,3,1,1,1
A004644,R05,R05-M04,1,1,0,1,1,0,0
A004677,R05,R05-M04,9,9,0,5,2,0,0
A004692,R05,R05-M04,3,3,0,2,0,0,0
A004698,R05,R05-M04,5,5,0,2,0,0,1
A004777,R05,R05-M04,2,2,0,2,2,0,0
A004793,R05,R05-M04,3,3,0,2,0,0,0
A004814,R05,R05-M04,3,3,0,1,0,0,0
A004885,R05,R05-M04,6,6,0,3,1,0,0
A004886,R05,R05-M04,8,8,0,7,4,0,0
A004916,R05,R05-M04,9,9,0,8,1,0,0
A004970,R05,R05-M04,4,4,0,1,1,0,0
A004998,R05,R05-M04,5,5,0,1,1,0,0
A005111,R05,R05-M04,1,1,0,1,1,0,0
A005173,R05,R05-M04,4,4,0,1,1,0,0
A005287,R05,R05-M04,5,4,1,4,3,0,1
A005299,R05,R05-M04,6,6,0,4,1,1,1
A005391,R05,R05-M04,4,4,0,2,0,0,0
A005491,R05,R05-M04,3,3,0,2,2,0,0
A005623,R05,R05-M04,7,7,0,4,1,0,0
A005705,R05,R05-M04,8,8,0,5,2,0,0
A005715,R05,R05-M04,5,5,0,4,2,0,0
A005770,R05,R05-M04,9,9,0,7,5,0,0
A005814,R05,R05-M04,3,3,0,3,2,0,0
A005868,R05,R05-M04,4,3,1,4,1,0,1
A005980,R05,R05-M04,1,0,1,1,0,0,1
A006028,R05,R05-M04,4,4,0,2,1,0,0
A006035,R05,R05-M04,4,4,0,2,2,0,0
A006055,R05,R05-M04,7,7,0,4,3,0,0
A006082,R05,R05-M04,4,4,0,2,1,0,0
A006083,R05,R05-M04,2,2,0,1,0,0,0
A006108,R05,R05-M04,8,8,0,6,2,0,0
A006185,R05,R05-M04,1,1,0,1,1,0,0
A006350,R05,R05-M04,2,2,0,2,0,0,0
A006414,R05,R05-M04,5,5,0,2,1,0,0
A006522,R05,R05-M04,3,3,0,0,0,0,0
A006636,R05,R05-M04,14,14,0,10,5,0,0
A006700,R05,R05-M04,8,8,0,7,4,1,1
A006722,R05,R05-M04,2,2,0,2,1,0,0
A006725,R05,R05-M04,3,3,0,3,0,0,0
A006744,R05,R05-M04,1,1,0,1,0,0,0
A006821,R05,R05-M04,6,6,0,4,2,0,1
A006941,R05,R05-M04,13,12,1,7,2,1,3
A007002,R05,R05-M04,1,1,0,0,0,0,0
A007014,R05,R05-M04,6,6,0,5,0,0,0
A007022,R05,R05-M04,3,3,0,3,1,0,0
A007033,R05,R05-M04,1,1,0,1,0,0,0
A007042,R05,R05-M04,3,3,0,2,1,0,0
A007061,R05,R05-M04,6,6,0,4,0,0,0
A007097,R05,R05-M04,8,8,0,4,2,0,0
A007125,R05,R05-M04,4,4,0,3,1,0,0
A007130,R05,R05-M04,11,11,0,8,3,0,0
A007230,R05,R05-M04,2,2,0,2,0,0,0
A007299,R05,R05-M04,10,10,0,6,3,1,1
A007396,R05,R05-M04,3,3,0,2,1,0,0
A007406,R05,R05-M04,2,2,0,2,1,0,0
A007464,R05,R05-M04,6,6,0,4,0,0,0
A007575,R05,R05-M04,5,5,0,4,0,0,0
A007655,R05,R05-M04,12,12,0,7,5,0,0
A007746,R05,R05-M04,4,4,0,3,1,0,0
A007779,R05,R05-M04,6,6,0,4,3,0,0
A007819,R05,R05-M04,1,1,0,1,1,0,0
A007851,R05,R05-M04,1,1,0,1,0,0,0
A008020,R05,R05-M04,5,5,0,4,1,0,0
A008041,R05,R05-M04,2,2,0,2,2,0,0
A008089,R05,R05-M04,1,1,0,0,0,0,0
A008217,R05,R05-M04,4,4,0,3,1,0,0
A008306,R05,R05-M04,8,8,0,6,2,0,0
A008399,R05,R05-M04,9,9,0,6,0,0,0
A008504,R05,R05-M04,1,1,0,1,1,0,0
A008515,R05,R05-M04,2,2,0,2,1,0,0
A008528,R05,R05-M04,1,1,0,1,0,0,0
A008586,R05,R05-M04,1,1,0,1,0,0,0
A008712,R05,R05-M04,4,4,0,2,1,0,0
A008742,R05,R05-M04,4,3,1,3,0,0,1
A008763,R05,R05-M04,2,2,0,1,0,0,0
A008790,R05,R05-M04,3,3,0,2,0,0,0
A008799,R05,R05-M04,5,5,0,4,1,0,1
A008824,R05,R05-M04,8,7,1,4,2,0,1
A008943,R05,R05-M04,1,1,0,1,1,0,0
A008956,R05,R05-M04,1,1,0,1,0,0,0
A008966,R05,R05-M04,13,12,1,7,3,0,1
A008988,R05,R05-M04,3,3,0,2,0,0,0
A009142,R05,R05-M04,17,16,1,14,3,0,1
A009317,R05,R05-M04,3,3,0,2,1,0,0
A009417,R05,R05-M04,3,3,0,3,1,0,0
A009478,R05,R05-M04,7,7,0,4,3,0,0
A009516,R05,R05-M04,5,5,0,3,2,0,0
A009528,R05,R05-M04,2,2,0,2,1,0,0
A009655,R05,R05-M04,5,5,0,4,4,0,0
A009747,R05,R05-M04,8,8,0,6,5,0,0
A009841,R05,R05-M04,5,5,0,3,1,0,0
A009853,R05,R05-M04,3,3,0,2,1,0,0
A009919,R05,R05-M04,9,9,0,6,4,0,1
A009929,R05,R05-M04,1,1,0,1,0,0,0
A009976,R05,R05-M04,6,5,1,4,1,0,1
A009986,R05,R05-M04,5,5,0,4,1,0,0
A010153,R05,R05-M04,1,1,0,1,0,0,0
A010212,R05,R05-M04,3,3,0,3,2,0,0
A010269,R05,R05-M04,8,8,0,6,3,3,3
A010289,R05,R05-M04,4,4,0,3,0,0,0
A010342,R05,R05-M04,4,4,0,4,2,0,0
A010478,R05,R05-M04,4,4,0,2,1,0,0
A010485,R05,R05-M04,1,1,0,1,1,0,0
A010608,R05,R05-M04,1,1,0,1,0,0,0
A010880,R05,R05-M04,5,5,0,5,1,0,0
A011047,R05,R05-M04,7,7,0,4,1,0,0
A011068,R05,R05-M04,5,5,0,5,2,1,1
A011138,R05,R05-M04,6,6,0,2,1,0,0
A011182,R05,R05-M04,2,2,0,2,0,0,0
A011232,R05,R05-M04,4,4,0,3,2,0,0
A011375,R05,R05-M04,11,10,1,7,1,0,1
A011599,R05,R05-M04,10,9,1,5,2,0,1
A011665,R05,R05-M04,11,11,0,7,4,1,1
A011706,R05,R05-M04,6,6,0,5,4,0,0
A011711,R05,R05-M04,2,2,0,0,0,0,0
A011824,R05,R05-M04,5,5,0,3,2,0,0
A011894,R05,R05-M04,9,9,0,7,6,0,0
A011961,R05,R05-M04,4,4,0,4,2,0,0
A012021,R05,R05-M04,5,5,0,2,1,1,1
A012068,R05,R05-M04,2,2,0,0,0,0,0
A012125,R05,R05-M04,5,5,0,4,2,0,0
A012141,R05,R05-M04,2,2,0,1,1,0,0
A012229,R05,R05-M04,1,1,0,1,1,0,0
A012308,R05,R05-M04,5,5,0,3,1,0,0
A012384,R05,R05-M04,9,9,0,7,4,1,1
A012551,R05,R05-M04,7,7,0,4,3,0,0
A012583,R05,R05-M04,1,1,0,0,0,0,0
A012585,R05,R05-M04,1,1,0,0,0,0,0
A012624,R05,R05-M04,3,3,0,3,0,0,0
A012660,R05,R05-M04,6,6,0,4,2,0,0
A012692,R05,R05-M04,5,5,0,5,1,0,0
A012702,R05,R05-M04,3,3,0,1,0,0,0
A012716,R05,R05-M04,2,2,0,1,0,0,0
A012728,R05,R05-M04,1,1,0,1,1,0,0
A012765,R05,R05-M04,2,2,0,2,1,0,0
A012878,R05,R05-M04,6,6,0,4,1,0,0
A012901,R05,R05-M04,2,2,0,1,0,0,0
A012961,R05,R05-M04,3,3,0,1,1,0,0
A013068,R05,R05-M04,4,4,0,4,1,0,0
A013123,R05,R05-M04,4,4,0,3,2,0,0
A013173,R05,R05-M04,1,1,0,1,0,0,0
A013284,R05,R05-M04,5,5,0,4,1,0,0
A013330,R05,R05-M04,14,14,0,11,0,0,0
A013343,R05,R05-M04,7,7,0,5,1,0,0
A013483,R05,R05-M04,2,2,0,2,0,0,0
A013653,R05,R05-M04,3,3,0,3,1,0,0
A013692,R05,R05-M04,5,5,0,4,1,1,1
A013729,R05,R05-M04,6,6,0,6,2,0,0
A013744,R05,R05-M04,5,5,0,4,1,0,0
A013949,R05,R05-M04,2,2,0,2,0,0,0
A014003,R05,R05-M04,6,6,0,3,2,0,1
A014017,R05,R05-M04,5,5,0,4,2,0,0
A014086,R05,R05-M04,14,14,0,9,5,1,1
A014117,R05,R05-M04,2,2,0,2,2,0,0
A014131,R05,R05-M04,4,4,0,2,0,0,0
A014137,R05,R05-M04,3,3,0,2,1,0,0
A014152,R05,R05-M04,1,1,0,1,1,0,0
A014189,R05,R05-M04,6,5,1,5,1,0,1
A014267,R05,R05-M04,2,2,0,2,0,0,0
A014282,R05,R05-M04,3,3,0,3,0,0,0
A014302,R05,R05-M04,4,4,0,3,2,0,0
A014458,R05,R05-M04,7,7,0,5,2,0,0
A014513,R05,R05-M04,7,7,0,6,1,0,0
A014686,R05,R05-M04,18,17,1,16,8,0,2
A014755,R05,R05-M04,14,14,0,12,4,0,0
A014798,R05,R05-M04,2,2,0,1,0,0,0
A014832,R05,R05-M04,1,1,0,0,0,0,0
A014838,R05,R05-M04,1,1,0,1,0,0,0
A014894,R05,R05-M04,5,5,0,4,3,0,0
A014907,R05,R05-M04,7,7,0,3,2,0,0
A014955,R05,R05-M04,5,5,0,5,1,0,0
A014965,R05,R05-M04,1,1,0,1,1,1,1
A015000,R05,R05-M04,12,12,0,9,4,2,2
A015017,R05,R05-M04,1,1,0,1,0,0,0
A015074,R05,R05-M04,3,3,0,1,1,0,0
A015075,R05,R05-M04,7,7,0,6,2,0,0
A015076,R05,R05-M04,1,1,0,0,0,0,0
A015158,R05,R05-M04,1,1,0,0,0,0,0
A015160,R05,R05-M04,6,6,0,5,3,0,0
A015279,R05,R05-M04,1,1,0,0,0,0,0
A015338,R05,R05-M04,5,5,0,2,0,0,0
A015360,R05,R05-M04,7,7,0,4,1,0,0
A015462,R05,R05-M04,5,5,0,5,2,0,0
A015487,R05,R05-M04,4,4,0,3,2,0,0
A015536,R05,R05-M04,2,2,0,2,0,0,0
A015543,R05,R05-M04,5,5,0,4,3,0,0
A015544,R05,R05-M04,4,4,0,3,1,1,2
A015561,R05,R05-M04,2,2,0,2,2,0,0
A015683,R05,R05-M04,8,8,0,7,1,1,1
A015722,R05,R05-M04,5,5,0,5,1,0,0
A015910,R05,R05-M04,4,4,0,4,1,0,0
A016014,R05,R05-M04,10,10,0,5,1,0,0
A016135,R05,R05-M04,3,3,0,1,1,0,0
A016165,R05,R05-M04,11,11,0,9,2,0,1
A016192,R05,R05-M04,8,8,0,6,2,0,0
A016234,R05,R05-M04,4,4,0,4,3,0,0
A016278,R05,R05-M04,1,1,0,1,0,0,0
A016382,R05,R05-M04,6,6,0,4,2,1,1
A016545,R05,R05-M04,3,3,0,2,2,0,0
A016600,R05,R05-M04,5,5,0,2,1,0,0
A016623,R05,R05-M04,7,7,0,5,3,0,0
A016641,R05,R05-M04,4,4,0,4,2,0,0
A016684,R05,R05-M04,1,1,0,1,1,0,0
A016773,R05,R05-M04,2,2,0,1,1,0,0
A016907,R05,R05-M04,5,5,0,3,2,0,0
A016973,R05,R05-M04,5,5,0,2,1,0,0
A016995,R05,R05-M04,1,1,0,1,0,0,0
A017143,R05,R05-M04,3,3,0,2,1,0,0
A017166,R05,R05-M04,6,5,1,5,3,1,2
A017167,R05,R05-M04,1,1,0,1,0,0,0
A017203,R05,R05-M04,7,7,0,4,1,0,1
A017265,R05,R05-M04,6,6,0,5,4,0,0
A017272,R05,R05-M04,3,3,0,3,2,0,0
A017283,R05,R05-M04,1,1,0,1,1,0,0
A017291,R05,R05-M04,1,1,0,1,1,0,0
A017388,R05,R05-M04,4,4,0,2,1,0,0
A017391,R05,R05-M04,5,4,1,3,0,0,1
A017455,R05,R05-M04,1,1,0,0,0,0,0
A017486,R05,R05-M04,3,3,0,1,1,0,0
A017836,R05,R05-M04,3,3,0,3,0,0,0
A017966,R05,R05-M04,2,2,0,1,0,0,0
A017991,R05,R05-M04,6,6,0,3,2,0,0
A000008,R06,R06-M01,1,1,0,1,0,0,0
A000066,R06,R06-M01,2,2,0,1,0,0,0
A000248,R06,R06-M01,2,2,0,2,2,0,0
A000258,R06,R06-M01,1,1,0,1,1,0,0
A000444,R06,R06-M01,13,13,0,11,5,0,0
A000621,R06,R06-M01,1,1,0,0,0,0,0
A000629,R06,R06-M01,1,1,0,1,0,0,0
A000645,R06,R06-M01,5,5,0,3,1,0,0
A000680,R06,R06-M01,5,5,0,2,0,0,0
A000794,R06,R06-M01,2,2,0,2,0,0,0
A000808,R06,R06-M01,4,4,0,2,0,0,0
A000853,R06,R06-M01,2,2,0,2,0,0,0
A000956,R06,R06-M01,2,2,0,2,0,0,0
A001000,R06,R06-M01,1,1,0,1,1,0,0
A001209,R06,R06-M01,2,2,0,1,0,0,0
A001290,R06,R06-M01,7,7,0,5,2,1,1
A001365,R06,R06-M01,6,6,0,4,3,0,0
A001409,R06,R06-M01,3,3,0,3,0,0,0
A001552,R06,R06-M01,2,2,0,2,1,0,0
A001664,R06,R06-M01,4,4,0,3,0,0,0
A001870,R06,R06-M01,4,4,0,3,0,0,0
A001971,R06,R06-M01,1,1,0,0,0,0,0
A002146,R06,R06-M01,2,2,0,1,0,0,0
A002356,R06,R06-M01,4,4,0,4,2,0,0
A002396,R06,R06-M01,7,7,0,4,1,0,0
A002405,R06,R06-M01,6,6,0,5,0,0,0
A002438,R06,R06-M01,11,11,0,9,3,0,1
A002458,R06,R06-M01,3,3,0,3,1,0,0
A002466,R06,R06-M01,3,2,1,2,1,0,1
A002521,R06,R06-M01,3,3,0,3,0,0,1
A002565,R06,R06-M01,5,5,0,4,1,0,0
A002646,R06,R06-M01,2,2,0,1,0,0,0
A002788,R06,R06-M01,2,2,0,2,0,0,0
A002896,R06,R06-M01,4,4,0,3,1,0,0
A002971,R06,R06-M01,1,1,0,0,0,0,0
A003079,R06,R06-M01,1,1,0,1,0,0,0
A003230,R06,R06-M01,2,2,0,0,0,0,0
A003246,R06,R06-M01,2,2,0,1,1,0,0
A003293,R06,R06-M01,4,4,0,3,1,0,1
A003451,R06,R06-M01,6,6,0,6,3,0,1
A003630,R06,R06-M01,13,13,0,9,4,1,1
A003755,R06,R06-M01,2,2,0,2,0,0,0
A003832,R06,R06-M01,9,9,0,7,2,0,1
A003835,R06,R06-M01,3,3,0,2,2,0,0
A003943,R06,R06-M01,8,8,0,4,2,0,0
A003960,R06,R06-M01,11,11,0,7,2,1,1
A003968,R06,R06-M01,3,3,0,0,0,0,0
A004225,R06,R06-M01,4,4,0,2,2,0,0
A004235,R06,R06-M01,10,10,0,6,2,0,0
A004286,R06,R06-M01,11,10,1,7,4,0,1
A004310,R06,R06-M01,2,2,0,2,0,0,0
A004397,R06,R06-M01,8,8,0,6,2,0,0
A004400,R06,R06-M01,4,3,1,4,0,0,2
A004536,R06,R06-M01,4,4,0,3,0,0,0
A004578,R06,R06-M01,1,1,0,1,0,0,0
A004675,R06,R06-M01,5,5,0,4,2,0,0
A004799,R06,R06-M01,5,5,0,2,2,1,1
A004870,R06,R06-M01,10,10,0,8,4,0,0
A004907,R06,R06-M01,5,5,0,4,1,0,0
A004983,R06,R06-M01,5,4,1,3,1,0,1
A005164,R06,R06-M01,9,8,1,7,3,1,2
A005273,R06,R06-M01,10,10,0,7,3,0,0
A005356,R06,R06-M01,7,7,0,6,3,0,0
A005367,R06,R06-M01,1,1,0,1,1,0,0
A005527,R06,R06-M01,11,11,0,8,2,1,1
A005589,R06,R06-M01,2,2,0,2,1,0,0
A005621,R06,R06-M01,13,13,0,8,3,1,1
A005663,R06,R06-M01,2,2,0,2,0,0,0
A005761,R06,R06-M01,3,3,0,2,0,0,0
A005786,R06,R06-M01,2,2,0,1,0,0,0
A005826,R06,R06-M01,1,1,0,1,1,0,0
A005842,R06,R06-M01,1,1,0,0,0,0,0
A006001,R06,R06-M01,2,2,0,2,0,0,0
A006084,R06,R06-M01,14,14,0,9,2,0,0
A006099,R06,R06-M01,23,23,0,17,8,1,2
A006230,R06,R06-M01,4,4,0,3,2,0,0
A006249,R06,R06-M01,6,6,0,4,3,0,0
A006277,R06,R06-M01,5,5,0,5,1,0,0
A006333,R06,R06-M01,2,2,0,0,0,0,0
A006539,R06,R06-M01,12,12,0,10,5,0,0
A006557,R06,R06-M01,2,2,0,2,1,0,0
A006572,R06,R06-M01,6,6,0,4,2,0,0
A006597,R06,R06-M01,3,3,0,2,0,0,0
A006736,R06,R06-M01,9,9,0,7,4,0,0
A006743,R06,R06-M01,2,2,0,2,0,0,0
A006749,R06,R06-M01,1,1,0,1,1,0,0
A007139,R06,R06-M01,7,7,0,6,1,0,0
A007168,R06,R06-M01,5,5,0,3,1,0,0
A007337,R06,R06-M01,2,2,0,2,0,0,0
A007339,R06,R06-M01,8,8,0,3,1,0,0
A007411,R06,R06-M01,6,6,0,2,1,0,0
A007449,R06,R06-M01,1,1,0,0,0,0,0
A007492,R06,R06-M01,1,1,0,1,0,0,0
A007559,R06,R06-M01,2,2,0,0,0,0,0
A007560,R06,R06-M01,2,2,0,1,1,0,0
A007789,R06,R06-M01,2,2,0,2,0,0,0
A007919,R06,R06-M01,6,6,0,4,2,0,0
A008014,R06,R06-M01,5,5,0,3,0,0,0
A008071,R06,R06-M01,4,4,0,3,2,1,1
A008290,R06,R06-M01,8,8,0,5,2,0,0
A008341,R06,R06-M01,1,1,0,0,0,0,0
A008423,R06,R06-M01,5,5,0,4,2,0,0
A008432,R06,R06-M01,6,6,0,5,1,0,0
A008512,R06,R06-M01,2,2,0,2,2,0,0
A008591,R06,R06-M01,4,4,0,4,0,0,0
A008647,R06,R06-M01,3,3,0,1,1,0,0
A008773,R06,R06-M01,2,2,0,1,1,0,0
A008832,R06,R06-M01,5,5,0,3,0,0,0
A008930,R06,R06-M01,9,9,0,7,0,0,0
A009110,R06,R06-M01,6,6,0,4,1,0,0
A009256,R06,R06-M01,8,7,1,4,1,0,1
A009276,R06,R06-M01,5,5,0,2,1,0,0
A009375,R06,R06-M01,2,2,0,2,0,0,0
A009524,R06,R06-M01,13,12,1,10,4,0,1
A009575,R06,R06-M01,6,6,0,5,1,0,0
A009632,R06,R06-M01,6,6,0,4,3,1,1
A009923,R06,R06-M01,1,1,0,1,0,0,0
A009954,R06,R06-M01,2,2,0,2,0,0,0
A009992,R06,R06-M01,7,7,0,5,2,0,0
A010166,R06,R06-M01,2,2,0,1,1,1,1
A010204,R06,R06-M01,9,9,0,7,1,0,0
A010281,R06,R06-M01,4,4,0,3,0,0,0
A010371,R06,R06-M01,4,4,0,3,1,0,1
A010387,R06,R06-M01,1,1,0,1,1,0,0
A010396,R06,R06-M01,8,7,1,7,3,1,2
A010403,R06,R06-M01,9,9,0,7,4,0,0
A010425,R06,R06-M01,2,2,0,0,0,0,0
A010470,R06,R06-M01,2,2,0,2,0,0,0
A010500,R06,R06-M01,3,3,0,3,2,2,2
A010595,R06,R06-M01,3,3,0,2,0,0,0
A010600,R06,R06-M01,1,1,0,1,0,0,0
A010701,R06,R06-M01,2,2,0,0,0,0,0
A010873,R06,R06-M01,1,1,0,0,0,0,0
A011118,R06,R06-M01,4,4,0,4,2,0,0
A011195,R06,R06-M01,6,6,0,4,2,0,0
A011280,R06,R06-M01,1,1,0,1,1,0,0
A011414,R06,R06-M01,2,2,0,1,0,0,0
A011441,R06,R06-M01,1,1,0,1,0,0,0
A011634,R06,R06-M01,2,2,0,2,2,0,0
A011726,R06,R06-M01,5,5,0,4,0,0,0
A011780,R06,R06-M01,4,4,0,2,0,0,0
A011823,R06,R06-M01,1,1,0,1,0,0,0
A011954,R06,R06-M01,1,1,0,1,1,0,0
A012030,R06,R06-M01,5,5,0,4,2,0,0
A012179,R06,R06-M01,2,2,0,2,1,0,0
A012185,R06,R06-M01,3,3,0,2,0,0,0
A012195,R06,R06-M01,4,3,1,3,2,0,1
A012245,R06,R06-M01,3,3,0,3,2,0,0
A012249,R06,R06-M01,2,2,0,1,0,0,0
A012292,R06,R06-M01,4,4,0,4,2,0,0
A012314,R06,R06-M01,1,1,0,1,1,0,0
A012319,R06,R06-M01,1,1,0,1,0,0,0
A012407,R06,R06-M01,12,12,0,10,4,1,1
A012621,R06,R06-M01,7,7,0,6,2,0,0
A012695,R06,R06-M01,2,2,0,2,1,0,0
A012718,R06,R06-M01,4,4,0,3,2,0,0
A012744,R06,R06-M01,4,4,0,3,1,0,0
A012894,R06,R06-M01,2,2,0,1,1,0,0
A012896,R06,R06-M01,3,3,0,1,0,0,0
A012932,R06,R06-M01,5,4,1,2,1,0,1
A012996,R06,R06-M01,1,1,0,1,0,0,0
A013170,R06,R06-M01,1,1,0,1,1,0,0
A013236,R06,R06-M01,7,7,0,6,2,0,0
A013342,R06,R06-M01,3,3,0,2,0,0,0
A013425,R06,R06-M01,2,2,0,2,2,0,0
A013514,R06,R06-M01,4,4,0,4,2,1,1
A013596,R06,R06-M01,4,3,1,2,0,0,1
A013712,R06,R06-M01,4,4,0,4,2,0,0
A013786,R06,R06-M01,2,2,0,2,1,0,0
A013968,R06,R06-M01,1,1,0,1,1,0,0
A014066,R06,R06-M01,7,6,1,7,3,0,2
A014141,R06,R06-M01,1,1,0,1,1,0,0
A014188,R06,R06-M01,3,3,0,3,0,0,0
A014240,R06,R06-M01,5,5,0,5,2,0,0
A014253,R06,R06-M01,3,2,1,3,3,0,1
A014272,R06,R06-M01,11,11,0,8,2,0,0
A014482,R06,R06-M01,2,2,0,1,0,0,0
A014508,R06,R06-M01,4,4,0,3,1,0,0
A014623,R06,R06-M01,5,5,0,3,0,0,0
A014743,R06,R06-M01,2,2,0,2,0,0,0
A014782,R06,R06-M01,1,1,0,1,1,0,0
A014936,R06,R06-M01,6,6,0,3,1,0,1
A015123,R06,R06-M01,7,7,0,3,2,0,0
A015127,R06,R06-M01,6,6,0,4,2,0,0
A015408,R06,R06-M01,6,6,0,3,2,0,0
A015751,R06,R06-M01,4,4,0,4,1,0,0
A015826,R06,R06-M01,7,7,0,6,3,0,0
A015886,R06,R06-M01,3,3,0,2,1,0,0
A015979,R06,R06-M01,2,2,0,1,1,0,0
A016052,R06,R06-M01,4,4,0,2,0,0,1
A016209,R06,R06-M01,2,2,0,0,0,0,0
A016241,R06,R06-M01,6,6,0,4,2,0,0
A016257,R06,R06-M01,1,1,0,1,1,0,0
A016424,R06,R06-M01,2,2,0,1,0,0,0
A016449,R06,R06-M01,4,4,0,2,0,0,0
A016502,R06,R06-M01,7,6,1,4,0,0,1
A016990,R06,R06-M01,2,2,0,2,0,0,0
A017055,R06,R06-M01,8,8,0,6,4,0,0
A017089,R06,R06-M01,3,3,0,2,0,0,0
A017189,R06,R06-M01,10,10,0,6,2,0,0
A017313,R06,R06-M01,6,6,0,6,1,0,0
A017317,R06,R06-M01,13,12,1,6,2,0,1
A017394,R06,R06-M01,3,3,0,2,2,1,1
A017941,R06,R06-M01,2,2,0,1,0,0,0
A000057,R06,R06-M02,7,7,0,4,1,0,0
A000108,R06,R06-M02,4,4,0,2,1,0,0
A000178,R06,R06-M02,5,5,0,3,1,0,0
A000204,R06,R06-M02,12,12,0,9,2,0,0
A000294,R06,R06-M02,2,2,0,1,1,0,0
A000505,R06,R06-M02,1,1,0,1,1,0,0
A000525,R06,R06-M02,1,1,0,0,0,0,0
A000600,R06,R06-M02,8,8,0,6,3,0,0
A000614,R06,R06-M02,2,2,0,2,1,0,0
A000710,R06,R06-M02,3,3,0,3,0,0,0
A001072,R06,R06-M02,7,7,0,4,3,0,0
A001130,R06,R06-M02,7,7,0,5,1,0,0
A001145,R06,R06-M02,5,5,0,3,3,0,0
A001251,R06,R06-M02,6,6,0,5,0,0,0
A001334,R06,R06-M02,4,4,0,1,0,0,0
A001672,R06,R06-M02,7,7,0,5,4,0,0
A001749,R06,R06-M02,2,2,0,0,0,0,0
A001800,R06,R06-M02,10,8,2,8,3,1,3
A001813,R06,R06-M02,6,6,0,4,3,0,1
A002022,R06,R06-M02,1,1,0,1,1,0,0
A002141,R06,R06-M02,14,14,0,8,3,0,0
A002222,R06,R06-M02,7,6,1,5,2,0,1
A002258,R06,R06-M02,3,3,0,1,0,0,0
A002364,R06,R06-M02,6,6,0,4,1,1,1
A002495,R06,R06-M02,3,3,0,1,0,0,0
A002623,R06,R06-M02,4,4,0,3,2,0,0
A002662,R06,R06-M02,1,1,0,0,0,0,0
A002698,R06,R06-M02,5,5,0,2,0,0,0
A002743,R06,R06-M02,14,14,0,11,3,0,0
A002791,R06,R06-M02,3,3,0,3,1,0,0
A002812,R06,R06-M02,6,6,0,4,0,0,0
A002850,R06,R06-M02,1,1,0,0,0,0,0
A002884,R06,R06-M02,3,3,0,1,0,0,0
A002891,R06,R06-M02,4,4,0,4,1,1,1
A002953,R06,R06-M02,10,10,0,8,4,0,0
A002954,R06,R06-M02,2,2,0,2,1,0,0
A003135,R06,R06-M02,8,8,0,6,3,2,2
A003316,R06,R06-M02,2,2,0,2,0,0,0
A003531,R06,R06-M02,1,1,0,1,0,0,0
A003555,R06,R06-M02,2,2,0,1,0,0,0
A003625,R06,R06-M02,5,5,0,4,3,0,0
A003713,R06,R06-M02,3,3,0,3,1,0,0
A003719,R06,R06-M02,2,1,1,2,1,0,1
A003726,R06,R06-M02,4,4,0,3,1,0,0
A003993,R06,R06-M02,2,2,0,1,0,0,0
A004059,R06,R06-M02,3,3,0,3,1,0,0
A004080,R06,R06-M02,1,0,1,1,0,0,1
A004082,R06,R06-M02,6,6,0,4,1,0,0
A004121,R06,R06-M02,8,8,0,6,4,0,0
A004273,R06,R06-M02,2,2,0,0,0,0,0
A004809,R06,R06-M02,11,9,2,6,3,0,2
A005211,R06,R06-M02,4,4,0,2,1,0,0
A005383,R06,R06-M02,4,4,0,4,3,0,0
A005395,R06,R06-M02,8,8,0,5,1,0,0
A005536,R06,R06-M02,2,2,0,0,0,0,0
A005897,R06,R06-M02,12,10,2,10,3,0,2
A005930,R06,R06-M02,2,2,0,1,0,0,0
A006122,R06,R06-M02,2,2,0,1,1,0,0
A006339,R06,R06-M02,9,9,0,6,5,0,0
A006359,R06,R06-M02,1,1,0,0,0,0,0
A006409,R06,R06-M02,5,5,0,5,1,0,0
A006461,R06,R06-M02,5,5,0,2,2,0,0
A006472,R06,R06-M02,3,3,0,1,0,0,0
A006523,R06,R06-M02,2,2,0,2,1,0,0
A006549,R06,R06-M02,2,2,0,0,0,0,0
A006622,R06,R06-M02,4,4,0,3,2,0,0
A006625,R06,R06-M02,2,2,0,1,0,0,0
A007105,R06,R06-M02,9,9,0,6,1,0,0
A007151,R06,R06-M02,3,3,0,1,1,0,0
A007152,R06,R06-M02,3,3,0,2,1,0,0
A007347,R06,R06-M02,8,7,1,7,1,0,1
A007425,R06,R06-M02,2,2,0,1,0,0,0
A007508,R06,R06-M02,2,2,0,2,0,0,0
A007666,R06,R06-M02,1,1,0,1,0,0,0
A007720,R06,R06-M02,7,7,0,7,2,0,0
A007753,R06,R06-M02,1,1,0,0,0,0,0
A007820,R06,R06-M02,2,2,0,1,1,0,0
A007844,R06,R06-M02,3,2,1,2,0,0,1
A007943,R06,R06-M02,4,4,0,4,3,0,0
A008122,R06,R06-M02,3,3,0,2,0,0,0
A008171,R06,R06-M02,1,1,0,0,0,0,0
A008189,R06,R06-M02,1,1,0,0,0,0,0
A008259,R06,R06-M02,5,5,0,2,0,0,0
A008304,R06,R06-M02,5,5,0,4,3,0,0
A008313,R06,R06-M02,7,7,0,5,0,0,0
A008323,R06,R06-M02,2,2,0,1,1,0,0
A008328,R06,R06-M02,5,5,0,3,1,0,0
A008349,R06,R06-M02,6,6,0,5,3,0,0
A008585,R06,R06-M02,16,16,0,9,3,1,1
A008587,R06,R06-M02,1,0,1,1,0,0,1
A008589,R06,R06-M02,7,7,0,5,2,0,0
A008690,R06,R06-M02,1,1,0,1,1,0,0
A008802,R06,R06-M02,2,2,0,0,0,0,0
A008928,R06,R06-M02,1,1,0,1,0,0,0
A008931,R06,R06-M02,5,5,0,3,1,0,0
A008936,R06,R06-M02,2,2,0,2,1,0,0
A009020,R06,R06-M02,9,7,2,7,2,0,3
A009143,R06,R06-M02,2,2,0,1,1,0,0
A009162,R06,R06-M02,1,1,0,1,0,0,0
A009189,R06,R06-M02,1,1,0,1,1,0,0
A009192,R06,R06-M02,3,3,0,2,1,0,0
A009366,R06,R06-M02,1,1,0,1,1,0,0
A009395,R06,R06-M02,2,2,0,1,1,0,0
A009413,R06,R06-M02,8,8,0,5,2,0,0
A009469,R06,R06-M02,4,4,0,3,1,0,0
A009551,R06,R06-M02,3,2,1,3,1,0,1
A009570,R06,R06-M02,1,1,0,1,1,0,0
A009592,R06,R06-M02,1,1,0,1,0,0,0
A009628,R06,R06-M02,3,3,0,2,0,0,0
A009678,R06,R06-M02,5,5,0,4,0,0,0
A009737,R06,R06-M02,4,4,0,4,1,0,0
A009829,R06,R06-M02,5,5,0,2,1,0,0
A009863,R06,R06-M02,2,2,0,2,1,0,0
A009915,R06,R06-M02,3,3,0,1,1,1,1
A009939,R06,R06-M02,4,4,0,4,2,0,0
A010009,R06,R06-M02,4,4,0,3,1,0,0
A010078,R06,R06-M02,10,10,0,8,4,0,0
A010171,R06,R06-M02,2,2,0,2,1,0,0
A010302,R06,R06-M02,4,4,0,4,3,0,0
A010317,R06,R06-M02,3,3,0,1,0,0,0
A010331,R06,R06-M02,3,3,0,2,2,0,0
A010352,R06,R06-M02,1,1,0,1,1,0,0
A010394,R06,R06-M02,5,5,0,5,2,0,0
A010506,R06,R06-M02,2,2,0,1,1,0,0
A010507,R06,R06-M02,2,2,0,1,0,0,0
A010800,R06,R06-M02,13,13,0,11,3,0,0
A010940,R06,R06-M02,6,6,0,3,1,0,0
A010988,R06,R06-M02,6,6,0,4,2,0,0
A011144,R06,R06-M02,2,2,0,1,0,0,0
A011331,R06,R06-M02,7,7,0,3,3,1,1
A011364,R06,R06-M02,6,6,0,5,2,1,1
A011426,R06,R06-M02,9,9,0,5,0,0,1
A011513,R06,R06-M02,7,7,0,6,1,1,1
A011605,R06,R06-M02,2,2,0,1,1,0,0
A011983,R06,R06-M02,1,1,0,0,0,0,0
A012045,R06,R06-M02,2,2,0,2,1,1,1
A012090,R06,R06-M02,21,20,1,13,7,0,1
A012158,R06,R06-M02,5,5,0,4,3,0,0
A012216,R06,R06-M02,4,4,0,1,1,0,0
A012367,R06,R06-M02,2,2,0,2,2,0,0
A012480,R06,R06-M02,5,5,0,3,1,0,0
A012576,R06,R06-M02,1,1,0,1,1,0,0
A012652,R06,R06-M02,2,2,0,1,1,0,0
A012725,R06,R06-M02,1,1,0,0,0,0,0
A012799,R06,R06-M02,2,2,0,1,1,0,0
A012841,R06,R06-M02,5,5,0,3,2,0,0
A012846,R06,R06-M02,6,6,0,5,2,0,0
A012857,R06,R06-M02,6,6,0,2,1,0,0
A012913,R06,R06-M02,2,2,0,1,0,0,0
A013063,R06,R06-M02,11,11,0,7,3,0,0
A013077,R06,R06-M02,3,3,0,3,1,1,1
A013096,R06,R06-M02,4,4,0,3,0,0,0
A013144,R06,R06-M02,2,2,0,1,0,0,0
A013159,R06,R06-M02,11,11,0,8,3,0,0
A013199,R06,R06-M02,9,9,0,6,3,0,0
A013232,R06,R06-M02,13,13,0,10,5,0,0
A013248,R06,R06-M02,5,5,0,4,2,0,0
A013403,R06,R06-M02,2,2,0,1,0,0,0
A013424,R06,R06-M02,6,6,0,5,1,0,0
A013446,R06,R06-M02,7,7,0,7,3,0,0
A013472,R06,R06-M02,2,2,0,2,0,0,0
A013602,R06,R06-M02,1,1,0,0,0,0,0
A013723,R06,R06-M02,2,2,0,2,0,0,0
A013739,R06,R06-M02,2,2,0,2,1,0,0
A013771,R06,R06-M02,4,4,0,3,0,0,0
A013787,R06,R06-M02,5,5,0,3,2,0,0
A013936,R06,R06-M02,1,1,0,1,1,0,0
A014191,R06,R06-M02,7,7,0,5,2,0,0
A014200,R06,R06-M02,4,4,0,4,1,0,0
A014339,R06,R06-M02,9,9,0,4,3,0,0
A014387,R06,R06-M02,5,5,0,2,1,0,0
A014503,R06,R06-M02,6,6,0,4,2,0,0
A014550,R06,R06-M02,3,3,0,3,0,0,0
A014793,R06,R06-M02,13,13,0,7,5,0,0
A014799,R06,R06-M02,5,5,0,5,0,0,0
A014902,R06,R06-M02,8,8,0,4,1,0,0
A014911,R06,R06-M02,2,2,0,1,0,0,0
A014983,R06,R06-M02,3,3,0,2,2,2,2
A015162,R06,R06-M02,1,1,0,1,0,0,0
A015177,R06,R06-M02,4,4,0,2,1,0,0
A015269,R06,R06-M02,1,1,0,1,1,0,0
A015316,R06,R06-M02,3,3,0,3,2,0,0
A015613,R06,R06-M02,10,10,0,8,3,0,0
A015624,R06,R06-M02,5,5,0,4,2,0,0
A015720,R06,R06-M02,2,2,0,0,0,0,0
A015760,R06,R06-M02,4,4,0,2,1,0,0
A015772,R06,R06-M02,1,1,0,1,1,0,0
A015829,R06,R06-M02,1,1,0,1,1,0,0
A016001,R06,R06-M02,2,2,0,1,0,0,0
A016259,R06,R06-M02,4,4,0,3,3,1,1
A016305,R06,R06-M02,3,3,0,2,1,0,0
A016392,R06,R06-M02,3,3,0,2,2,0,0
A016409,R06,R06-M02,2,2,0,0,0,0,0
A016579,R06,R06-M02,9,9,0,6,4,0,0
A016619,R06,R06-M02,6,6,0,4,1,1,1
A016661,R06,R06-M02,5,5,0,3,2,0,0
A016703,R06,R06-M02,2,2,0,2,1,0,0
A016836,R06,R06-M02,6,6,0,5,2,1,1
A017014,R06,R06-M02,6,6,0,6,1,0,0
A017125,R06,R06-M02,1,1,0,0,0,0,0
A017128,R06,R06-M02,3,3,0,0,0,0,0
A017154,R06,R06-M02,4,4,0,2,2,0,0
A017230,R06,R06-M02,8,8,0,6,0,0,0
A017239,R06,R06-M02,1,1,0,1,1,1,1
A017543,R06,R06-M02,3,3,0,3,1,0,0
A017593,R06,R06-M02,4,4,0,3,2,0,0
A017802,R06,R06-M02,8,7,1,8,2,0,1
A017823,R06,R06-M02,8,8,0,6,3,0,0
A017848,R06,R06-M02,2,1,1,2,1,0,1
A017913,R06,R06-M02,3,3,0,2,1,0,0
A017968,R06,R06-M02,7,7,0,5,0,0,0
A017988,R06,R06-M02,3,3,0,3,1,0,0
A000001,R06,R06-M03,5,5,0,4,3,0,0
A000104,R06,R06-M03,2,2,0,0,0,0,0
A000159,R06,R06-M03,2,2,0,2,0,0,0
A000175,R06,R06-M03,4,4,0,3,1,0,0
A000260,R06,R06-M03,2,2,0,1,0,0,1
A000396,R06,R06-M03,7,7,0,5,0,0,0
A000547,R06,R06-M03,9,9,0,6,2,0,0
A000571,R06,R06-M03,1,1,0,1,0,0,0
A000676,R06,R06-M03,6,6,0,3,0,0,0
A000954,R06,R06-M03,3,3,0,3,2,0,0
A000969,R06,R06-M03,6,6,0,6,3,0,0
A001010,R06,R06-M03,6,6,0,4,1,0,1
A001063,R06,R06-M03,3,3,0,2,1,0,0
A001085,R06,R06-M03,1,0,1,1,0,0,1
A001094,R06,R06-M03,1,1,0,0,0,0,0
A001468,R06,R06-M03,5,5,0,4,2,1,1
A001519,R06,R06-M03,5,5,0,3,2,1,1
A001535,R06,R06-M03,4,4,0,4,1,0,0
A001864,R06,R06-M03,2,2,0,2,1,0,0
A001980,R06,R06-M03,3,3,0,2,0,0,0
A002034,R06,R06-M03,1,1,0,0,0,0,0
A002038,R06,R06-M03,2,2,0,2,1,0,0
A002112,R06,R06-M03,7,7,0,5,0,0,0
A002243,R06,R06-M03,1,1,0,1,0,0,0
A002248,R06,R06-M03,4,4,0,3,1,0,0
A002305,R06,R06-M03,4,4,0,2,0,0,0
A002546,R06,R06-M03,4,3,1,4,2,0,1
A002579,R06,R06-M03,2,2,0,2,0,0,1
A002616,R06,R06-M03,2,2,0,2,1,0,0
A002633,R06,R06-M03,9,9,0,7,2,0,0
A002672,R06,R06-M03,4,4,0,3,3,0,0
A002749,R06,R06-M03,8,8,0,4,4,1,1
A002872,R06,R06-M03,2,2,0,2,0,0,0
A002951,R06,R06-M03,1,1,0,1,0,0,0
A002970,R06,R06-M03,11,10,1,8,2,0,1
A003039,R06,R06-M03,3,2,1,3,2,0,1
A003233,R06,R06-M03,5,5,0,2,1,0,0
A003243,R06,R06-M03,11,10,1,10,4,0,1
A003446,R06,R06-M03,1,1,0,0,0,0,0
A003467,R06,R06-M03,1,1,0,1,0,0,0
A003506,R06,R06-M03,2,2,0,1,0,0,0
A003571,R06,R06-M03,11,11,0,7,5,1,1
A003614,R06,R06-M03,2,2,0,2,1,0,0
A003658,R06,R06-M03,1,1,0,1,0,0,0
A003745,R06,R06-M03,1,1,0,1,0,0,0
A003848,R06,R06-M03,1,1,0,1,0,0,0
A003901,R06,R06-M03,2,2,0,2,1,0,0
A003996,R06,R06-M03,2,2,0,2,2,0,0
A003999,R06,R06-M03,3,3,0,0,0,0,0
A004018,R06,R06-M03,1,1,0,1,0,0,0
A004107,R06,R06-M03,4,4,0,3,1,0,1
A004360,R06,R06-M03,5,5,0,4,2,0,0
A004517,R06,R06-M03,14,14,0,13,5,0,0
A004528,R06,R06-M03,3,3,0,3,1,0,0
A004561,R06,R06-M03,2,2,0,2,1,0,0
A004681,R06,R06-M03,2,2,0,2,1,0,0
A004701,R06,R06-M03,2,2,0,2,2,0,0
A004760,R06,R06-M03,7,7,0,3,0,0,0
A004800,R06,R06-M03,4,4,0,3,1,0,0
A004909,R06,R06-M03,1,1,0,1,1,0,0
A005049,R06,R06-M03,5,5,0,2,1,0,0
A005052,R06,R06-M03,4,4,0,2,1,0,0
A005080,R06,R06-M03,1,1,0,1,1,0,0
A005090,R06,R06-M03,7,7,0,4,2,0,0
A005129,R06,R06-M03,1,1,0,0,0,0,0
A005156,R06,R06-M03,13,13,0,11,2,1,1
A005186,R06,R06-M03,6,6,0,4,2,0,0
A005193,R06,R06-M03,5,5,0,4,3,0,0
A005317,R06,R06-M03,7,7,0,5,3,0,0
A005331,R06,R06-M03,1,1,0,0,0,0,0
A005573,R06,R06-M03,1,1,0,0,0,0,0
A005614,R06,R06-M03,8,8,0,6,2,0,0
A005758,R06,R06-M03,3,3,0,1,0,0,0
A005824,R06,R06-M03,4,4,0,2,0,0,0
A005899,R06,R06-M03,4,4,0,4,2,0,0
A005984,R06,R06-M03,4,4,0,3,2,0,0
A006092,R06,R06-M03,1,1,0,0,0,0,0
A006171,R06,R06-M03,10,10,0,7,3,0,0
A006238,R06,R06-M03,2,2,0,1,0,0,0
A006381,R06,R06-M03,1,1,0,1,1,0,0
A006504,R06,R06-M03,6,6,0,4,2,0,0
A006540,R06,R06-M03,3,3,0,2,0,0,0
A006842,R06,R06-M03,5,5,0,4,2,0,0
A006927,R06,R06-M03,2,2,0,1,1,0,0
A007135,R06,R06-M03,7,7,0,2,0,0,0
A007138,R06,R06-M03,18,18,0,13,4,1,1
A007216,R06,R06-M03,4,4,0,3,0,0,0
A007260,R06,R06-M03,1,1,0,1,0,0,0
A007267,R06,R06-M03,11,11,0,8,0,0,0
A007274,R06,R06-M03,6,5,1,4,0,0,1
A007319,R06,R06-M03,2,2,0,2,1,0,0
A007455,R06,R06-M03,1,1,0,1,0,0,0
A007665,R06,R06-M03,4,4,0,3,1,0,0
A007727,R06,R06-M03,3,3,0,3,2,0,0
A007968,R06,R06-M03,1,1,0,1,0,0,0
A008060,R06,R06-M03,6,6,0,5,2,0,0
A008114,R06,R06-M03,2,2,0,0,0,0,0
A008175,R06,R06-M03,1,1,0,1,1,0,0
A008177,R06,R06-M03,3,3,0,2,2,0,0
A008240,R06,R06-M03,3,3,0,3,1,0,1
A008260,R06,R06-M03,1,1,0,1,1,0,0
A008322,R06,R06-M03,1,1,0,0,0,0,0
A008335,R06,R06-M03,2,2,0,0,0,0,0
A008338,R06,R06-M03,4,4,0,2,1,0,0
A008450,R06,R06-M03,1,1,0,1,0,0,0
A008557,R06,R06-M03,3,3,0,3,0,0,0
A008566,R06,R06-M03,2,2,0,2,1,0,0
A008621,R06,R06-M03,4,4,0,3,1,0,0
A008683,R06,R06-M03,1,1,0,1,1,0,0
A008687,R06,R06-M03,4,4,0,2,0,0,0
A008894,R06,R06-M03,2,2,0,1,0,0,0
A008907,R06,R06-M03,2,2,0,1,1,0,0
A008913,R06,R06-M03,9,8,1,5,3,0,1
A009122,R06,R06-M03,1,1,0,1,0,0,0
A009190,R06,R06-M03,1,1,0,1,0,0,0
A009216,R06,R06-M03,1,1,0,1,0,0,0
A009484,R06,R06-M03,1,1,0,1,1,0,0
A009507,R06,R06-M03,2,2,0,2,1,0,0
A009539,R06,R06-M03,1,1,0,1,0,0,0
A009564,R06,R06-M03,1,1,0,1,0,0,0
A009918,R06,R06-M03,8,7,1,8,4,0,1
A009965,R06,R06-M03,6,6,0,5,2,0,0
A010065,R06,R06-M03,3,3,0,3,0,0,0
A010460,R06,R06-M03,7,7,0,4,2,1,1
A010580,R06,R06-M03,3,2,1,0,0,0,1
A010792,R06,R06-M03,5,5,0,4,2,0,0
A010819,R06,R06-M03,2,2,0,1,0,0,0
A010854,R06,R06-M03,1,1,0,1,0,0,0
A010916,R06,R06-M03,10,10,0,4,3,0,0
A010997,R06,R06-M03,7,7,0,4,2,0,0
A011029,R06,R06-M03,4,4,0,2,0,0,0
A011224,R06,R06-M03,3,3,0,1,0,0,0
A011227,R06,R06-M03,12,12,0,8,2,0,0
A011267,R06,R06-M03,6,6,0,5,2,0,0
A011343,R06,R06-M03,6,6,0,3,1,0,0
A011377,R06,R06-M03,1,1,0,0,0,0,0
A011446,R06,R06-M03,11,11,0,9,3,0,1
A011533,R06,R06-M03,7,7,0,5,1,0,0
A011611,R06,R06-M03,5,5,0,5,2,0,0
A011812,R06,R06-M03,2,2,0,2,2,0,0
A011813,R06,R06-M03,5,5,0,4,2,0,0
A011913,R06,R06-M03,2,2,0,0,0,0,0
A012010,R06,R06-M03,1,1,0,0,0,0,0
A012059,R06,R06-M03,3,3,0,2,1,0,0
A012379,R06,R06-M03,1,1,0,1,1,0,0
A012401,R06,R06-M03,1,1,0,1,0,0,0
A012484,R06,R06-M03,10,9,1,5,1,0,1
A012543,R06,R06-M03,2,2,0,2,1,0,0
A012554,R06,R06-M03,12,11,1,10,4,0,1
A012562,R06,R06-M03,6,6,0,4,3,0,0
A012735,R06,R06-M03,6,6,0,5,1,0,0
A012845,R06,R06-M03,4,4,0,4,3,0,0
A012906,R06,R06-M03,5,5,0,4,1,0,0
A012925,R06,R06-M03,1,1,0,1,1,0,0
A013002,R06,R06-M03,8,8,0,4,2,0,0
A013022,R06,R06-M03,3,3,0,1,1,0,0
A013107,R06,R06-M03,4,4,0,3,1,0,0
A013276,R06,R06-M03,1,1,0,0,0,0,0
A013345,R06,R06-M03,2,2,0,1,0,0,0
A013363,R06,R06-M03,1,1,0,1,1,0,0
A013508,R06,R06-M03,3,3,0,2,2,0,0
A013516,R06,R06-M03,2,2,0,2,1,0,0
A013522,R06,R06-M03,10,10,0,7,3,0,0
A013696,R06,R06-M03,9,9,0,7,4,0,0
A013708,R06,R06-M03,1,1,0,0,0,0,0
A013714,R06,R06-M03,5,4,1,4,2,0,1
A013716,R06,R06-M03,6,5,1,4,0,0,1
A013913,R06,R06-M03,9,8,1,9,1,0,1
A013918,R06,R06-M03,2,2,0,2,1,0,0
A014062,R06,R06-M03,4,4,0,3,0,0,0
A014364,R06,R06-M03,2,2,0,2,0,0,0
A014428,R06,R06-M03,2,2,0,2,2,0,0
A014586,R06,R06-M03,8,8,0,7,4,0,0
A014733,R06,R06-M03,2,2,0,2,0,0,0
A014808,R06,R06-M03,4,4,0,4,1,0,0
A014848,R06,R06-M03,4,4,0,4,1,0,0
A014854,R06,R06-M03,4,3,1,4,1,0,1
A014868,R06,R06-M03,3,3,0,2,1,0,0
A014966,R06,R06-M03,2,2,0,1,0,0,0
A014982,R06,R06-M03,8,8,0,6,4,0,0
A014990,R06,R06-M03,1,1,0,0,0,0,0
A015112,R06,R06-M03,2,2,0,1,0,0,0
A015138,R06,R06-M03,4,4,0,1,1,0,0
A015139,R06,R06-M03,2,2,0,0,0,0,0
A015187,R06,R06-M03,3,3,0,2,0,0,0
A015303,R06,R06-M03,2,2,0,2,1,0,0
A015555,R06,R06-M03,1,1,0,1,1,0,0
A015594,R06,R06-M03,4,4,0,3,1,0,0
A015689,R06,R06-M03,3,3,0,2,1,0,0
A015726,R06,R06-M03,4,4,0,3,0,0,1
A015759,R06,R06-M03,3,3,0,3,0,0,0
A015925,R06,R06-M03,4,4,0,1,0,0,0
A015938,R06,R06-M03,2,2,0,1,0,0,0
A015976,R06,R06-M03,4,4,0,1,0,0,0
A015998,R06,R06-M03,1,1,0,1,0,0,0
A016085,R06,R06-M03,4,4,0,2,1,0,0
A016216,R06,R06-M03,4,4,0,2,0,0,0
A016389,R06,R06-M03,1,1,0,1,1,0,0
A016483,R06,R06-M03,1,1,0,1,0,0,0
A016516,R06,R06-M03,3,3,0,2,0,0,0
A016601,R06,R06-M03,7,7,0,4,1,0,0
A016609,R06,R06-M03,2,2,0,1,1,0,0
A016700,R06,R06-M03,3,3,0,3,2,0,0
A016775,R06,R06-M03,2,2,0,1,0,0,0
A016892,R06,R06-M03,4,4,0,3,1,0,1
A017096,R06,R06-M03,4,4,0,2,1,0,0
A017144,R06,R06-M03,4,4,0,2,1,0,0
A017158,R06,R06-M03,6,6,0,6,3,0,0
A017267,R06,R06-M03,2,2,0,2,0,0,0
A017561,R06,R06-M03,1,1,0,1,1,0,0
A017808,R06,R06-M03,3,3,0,3,1,0,0
A017872,R06,R06-M03,7,7,0,3,3,0,0
A017879,R06,R06-M03,6,6,0,2,1,0,0
A000093,R06,R06-M04,6,5,1,5,2,1,2
A000143,R06,R06-M04,2,2,0,0,0,0,0
A000174,R06,R06-M04,13,13,0,9,7,0,0
A000318,R06,R06-M04,4,3,1,4,1,0,1
A000320,R06,R06-M04,4,4,0,2,1,0,0
A000339,R06,R06-M04,6,6,0,4,2,0,0
A000439,R06,R06-M04,6,6,0,4,2,0,0
A000529,R06,R06-M04,4,3,1,3,1,0,1
A000638,R06,R06-M04,2,2,0,0,0,0,0
A000662,R06,R06-M04,2,2,0,0,0,0,0
A000795,R06,R06-M04,6,6,0,5,3,0,0
A000821,R06,R06-M04,2,2,0,1,0,0,0
A000838,R06,R06-M04,4,4,0,2,1,0,0
A001020,R06,R06-M04,1,1,0,0,0,0,0
A001049,R06,R06-M04,8,8,0,6,3,0,0
A001081,R06,R06-M04,1,1,0,0,0,0,0
A001086,R06,R06-M04,6,6,0,2,1,0,0
A001295,R06,R06-M04,6,6,0,4,0,0,0
A001316,R06,R06-M04,4,4,0,1,0,0,1
A001368,R06,R06-M04,5,5,0,4,1,0,0
A001387,R06,R06-M04,2,2,0,1,1,0,0
A001462,R06,R06-M04,3,3,0,2,1,0,0
A001497,R06,R06-M04,9,9,0,7,1,0,0
A001542,R06,R06-M04,4,4,0,4,1,1,1
A001757,R06,R06-M04,5,5,0,4,2,0,0
A001789,R06,R06-M04,9,9,0,7,2,0,0
A001833,R06,R06-M04,1,1,0,0,0,0,0
A001901,R06,R06-M04,2,2,0,2,0,0,0
A001944,R06,R06-M04,9,9,0,6,2,0,0
A002251,R06,R06-M04,4,4,0,4,1,1,1
A002304,R06,R06-M04,2,2,0,1,1,0,0
A002326,R06,R06-M04,4,4,0,3,0,0,0
A002369,R06,R06-M04,1,1,0,1,0,0,0
A002385,R06,R06-M04,3,3,0,1,1,0,0
A002428,R06,R06-M04,9,9,0,8,3,0,0
A002524,R06,R06-M04,1,1,0,1,0,0,0
A002563,R06,R06-M04,10,10,0,6,0,0,0
A002598,R06,R06-M04,3,3,0,3,0,0,0
A002660,R06,R06-M04,8,8,0,7,3,0,0
A002674,R06,R06-M04,2,2,0,2,1,0,1
A002710,R06,R06-M04,4,4,0,2,1,0,0
A002742,R06,R06-M04,12,12,0,9,1,0,0
A002747,R06,R06-M04,2,2,0,1,1,0,0
A002826,R06,R06-M04,6,6,0,4,3,0,1
A002845,R06,R06-M04,10,10,0,5,0,0,0
A002849,R06,R06-M04,2,2,0,2,1,0,0
A002985,R06,R06-M04,4,3,1,4,0,0,1
A003106,R06,R06-M04,1,1,0,1,0,0,0
A003221,R06,R06-M04,5,5,0,5,1,1,1
A003455,R06,R06-M04,3,2,1,1,0,0,1
A003489,R06,R06-M04,6,6,0,4,2,0,0
A003507,R06,R06-M04,6,6,0,4,3,0,0
A003659,R06,R06-M04,4,4,0,4,2,1,1
A003671,R06,R06-M04,2,2,0,0,0,0,0
A003679,R06,R06-M04,5,5,0,3,1,0,0
A003735,R06,R06-M04,10,10,0,5,2,0,0
A003737,R06,R06-M04,3,3,0,1,1,0,0
A003816,R06,R06-M04,4,3,1,3,1,0,1
A003830,R06,R06-M04,2,2,0,2,0,0,0
A003905,R06,R06-M04,5,5,0,4,2,0,0
A004039,R06,R06-M04,1,1,0,0,0,0,0
A004045,R06,R06-M04,4,4,0,4,4,0,0
A004156,R06,R06-M04,5,5,0,5,2,0,0
A004163,R06,R06-M04,5,5,0,3,0,0,0
A004311,R06,R06-M04,3,3,0,3,0,0,1
A004315,R06,R06-M04,2,2,0,1,0,0,0
A004337,R06,R06-M04,7,7,0,6,4,0,0
A004472,R06,R06-M04,12,12,0,9,5,0,0
A004478,R06,R06-M04,2,2,0,2,1,0,0
A004587,R06,R06-M04,11,11,0,10,6,0,1
A004639,R06,R06-M04,12,12,0,8,6,0,0
A004824,R06,R06-M04,1,1,0,0,0,0,0
A004945,R06,R06-M04,11,11,0,5,0,0,0
A004959,R06,R06-M04,1,1,0,0,0,0,0
A005106,R06,R06-M04,4,4,0,4,3,0,0
A005220,R06,R06-M04,3,3,0,3,2,0,0
A005245,R06,R06-M04,5,5,0,3,0,0,0
A005246,R06,R06-M04,2,2,0,1,0,0,0
A005253,R06,R06-M04,11,11,0,7,3,1,1
A005265,R06,R06-M04,5,5,0,3,0,0,0
A005346,R06,R06-M04,2,2,0,2,0,0,1
A005386,R06,R06-M04,3,3,0,3,1,0,0
A005555,R06,R06-M04,2,2,0,1,0,0,0
A005626,R06,R06-M04,8,8,0,5,2,0,0
A005708,R06,R06-M04,13,13,0,9,3,0,0
A005938,R06,R06-M04,2,2,0,2,0,0,0
A005966,R06,R06-M04,3,3,0,3,2,0,0
A006193,R06,R06-M04,4,4,0,2,1,0,0
A006221,R06,R06-M04,1,1,0,1,0,0,0
A006286,R06,R06-M04,5,5,0,3,3,0,0
A006470,R06,R06-M04,1,1,0,0,0,0,0
A006525,R06,R06-M04,2,2,0,1,0,0,1
A006677,R06,R06-M04,4,4,0,3,1,0,0
A006808,R06,R06-M04,1,1,0,1,1,0,0
A006931,R06,R06-M04,12,12,0,9,2,0,0
A006973,R06,R06-M04,2,2,0,1,1,0,0
A006993,R06,R06-M04,2,2,0,2,0,0,0
A007078,R06,R06-M04,6,6,0,5,2,0,0
A007302,R06,R06-M04,3,3,0,1,1,0,0
A007366,R06,R06-M04,2,2,0,2,1,0,0
A007409,R06,R06-M04,5,5,0,5,1,0,1
A007509,R06,R06-M04,5,4,1,3,2,0,1
A007623,R06,R06-M04,3,3,0,2,2,1,1
A007711,R06,R06-M04,5,5,0,3,1,0,0
A007732,R06,R06-M04,1,1,0,1,0,0,0
A007935,R06,R06-M04,2,2,0,0,0,0,0
A008184,R06,R06-M04,2,2,0,1,0,0,0
A008243,R06,R06-M04,3,3,0,3,2,0,0
A008475,R06,R06-M04,2,2,0,2,1,0,0
A008580,R06,R06-M04,7,7,0,6,3,0,0
A008789,R06,R06-M04,4,4,0,1,0,0,0
A008974,R06,R06-M04,3,3,0,2,0,0,0
A008975,R06,R06-M04,3,3,0,1,1,0,0
A009062,R06,R06-M04,3,3,0,2,2,0,0
A009093,R06,R06-M04,1,1,0,1,0,0,0
A009350,R06,R06-M04,10,10,0,8,2,0,0
A009386,R06,R06-M04,9,9,0,6,3,0,0
A009473,R06,R06-M04,5,5,0,3,1,0,0
A009544,R06,R06-M04,4,4,0,4,1,0,0
A009613,R06,R06-M04,9,9,0,7,4,0,0
A009617,R06,R06-M04,1,1,0,1,1,0,0
A009842,R06,R06-M04,1,1,0,1,0,0,0
A009855,R06,R06-M04,3,3,0,3,0,0,0
A009937,R06,R06-M04,1,1,0,1,1,0,0
A010034,R06,R06-M04,2,2,0,2,2,0,0
A010103,R06,R06-M04,2,2,0,2,2,0,0
A010242,R06,R06-M04,7,6,1,4,2,0,1
A010308,R06,R06-M04,1,1,0,0,0,0,0
A010431,R06,R06-M04,4,4,0,4,3,0,0
A010438,R06,R06-M04,2,2,0,2,1,0,0
A010575,R06,R06-M04,5,5,0,2,0,0,0
A010630,R06,R06-M04,8,6,2,6,1,0,2
A010635,R06,R06-M04,3,3,0,3,3,0,0
A010665,R06,R06-M04,3,3,0,1,0,0,0
A010731,R06,R06-M04,3,3,0,1,1,0,0
A010822,R06,R06-M04,6,6,0,4,1,0,0
A010827,R06,R06-M04,5,5,0,3,3,0,0
A010913,R06,R06-M04,13,13,0,8,2,0,1
A010919,R06,R06-M04,2,2,0,1,1,0,0
A010986,R06,R06-M04,1,1,0,1,1,0,0
A011109,R06,R06-M04,2,2,0,2,1,0,0
A011154,R06,R06-M04,2,2,0,1,0,0,0
A011206,R06,R06-M04,3,3,0,3,3,0,0
A011222,R06,R06-M04,8,8,0,7,1,0,0
A011266,R06,R06-M04,1,1,0,1,1,0,0
A011274,R06,R06-M04,9,9,0,7,4,0,0
A011305,R06,R06-M04,12,11,1,11,4,0,1
A011652,R06,R06-M04,2,2,0,1,0,0,0
A011696,R06,R06-M04,2,2,0,2,1,0,0
A011725,R06,R06-M04,5,5,0,3,1,0,0
A011762,R06,R06-M04,2,2,0,2,1,0,0
A011791,R06,R06-M04,4,4,0,4,2,0,0
A011802,R06,R06-M04,4,4,0,3,0,0,0
A011810,R06,R06-M04,6,6,0,5,1,0,0
A011822,R06,R06-M04,4,4,0,4,0,0,0
A011834,R06,R06-M04,2,2,0,1,0,0,0
A011975,R06,R06-M04,2,1,1,1,0,0,1
A012084,R06,R06-M04,12,12,0,9,3,0,0
A012191,R06,R06-M04,10,10,0,8,4,0,0
A012352,R06,R06-M04,7,6,1,4,2,0,1
A012396,R06,R06-M04,4,4,0,3,1,0,0
A012433,R06,R06-M04,12,12,0,9,5,1,1
A012486,R06,R06-M04,1,1,0,0,0,0,0
A012569,R06,R06-M04,1,1,0,1,1,0,0
A012658,R06,R06-M04,8,8,0,8,3,0,0
A012703,R06,R06-M04,1,0,1,1,0,0,1
A012710,R06,R06-M04,19,19,0,16,5,0,0
A012745,R06,R06-M04,20,19,1,15,7,1,2
A012814,R06,R06-M04,5,5,0,3,2,0,0
A012971,R06,R06-M04,10,10,0,8,5,0,0
A013062,R06,R06-M04,2,2,0,2,1,0,0
A013079,R06,R06-M04,2,2,0,2,1,0,0
A013164,R06,R06-M04,4,4,0,1,0,0,0
A013182,R06,R06-M04,5,4,1,3,0,0,1
A013247,R06,R06-M04,4,4,0,4,1,0,0
A013610,R06,R06-M04,3,3,0,3,1,0,0
A013618,R06,R06-M04,3,3,0,2,0,0,0
A013625,R06,R06-M04,4,4,0,3,2,0,1
A013928,R06,R06-M04,2,2,0,1,0,0,0
A013946,R06,R06-M04,3,3,0,3,1,0,0
A014039,R06,R06-M04,3,3,0,2,0,0,0
A014258,R06,R06-M04,12,11,1,9,4,0,1
A014377,R06,R06-M04,1,1,0,0,0,0,0
A014406,R06,R06-M04,9,8,1,7,1,0,1
A014467,R06,R06-M04,1,1,0,0,0,0,0
A014582,R06,R06-M04,4,4,0,3,2,0,0
A014616,R06,R06-M04,2,2,0,2,2,0,0
A014685,R06,R06-M04,2,2,0,2,1,0,0
A014720,R06,R06-M04,7,7,0,5,1,0,0
A014901,R06,R06-M04,3,2,1,3,0,0,1
A015253,R06,R06-M04,6,6,0,6,3,0,0
A015259,R06,R06-M04,2,2,0,1,0,0,0
A015334,R06,R06-M04,3,3,0,2,0,0,0
A015491,R06,R06-M04,2,2,0,1,1,0,0
A015511,R06,R06-M04,4,4,0,2,1,0,0
A015575,R06,R06-M04,3,3,0,1,0,0,0
A015599,R06,R06-M04,1,1,0,1,0,0,0
A015690,R06,R06-M04,1,1,0,1,1,0,0
A016251,R06,R06-M04,3,3,0,1,1,0,0
A016313,R06,R06-M04,16,16,0,15,7,0,0
A016417,R06,R06-M04,5,5,0,4,0,0,0
A016498,R06,R06-M04,4,4,0,3,2,0,0
A016539,R06,R06-M04,7,7,0,2,1,0,0
A016622,R06,R06-M04,12,12,0,10,4,0,0
A016665,R06,R06-M04,4,4,0,1,0,0,0
A016699,R06,R06-M04,1,1,0,0,0,0,0
A016724,R06,R06-M04,4,4,0,3,1,0,1
A016799,R06,R06-M04,2,2,0,2,2,0,0
A016847,R06,R06-M04,2,2,0,2,0,0,0
A017078,R06,R06-M04,3,3,0,3,2,0,0
A017133,R06,R06-M04,2,2,0,2,1,0,0
A017177,R06,R06-M04,6,6,0,5,1,0,1
A017347,R06,R06-M04,3,3,0,3,2,0,0
A017478,R06,R06-M04,5,5,0,3,1,0,0
A017501,R06,R06-M04,7,7,0,6,2,0,0
A017686,R06,R06-M04,7,7,0,5,3,0,0
A017831,R06,R06-M04,5,5,0,4,2,0,0
A017851,R06,R06-M04,11,11,0,6,5,1,1
A017977,R06,R06-M04,5,5,0,3,2,0,0
A017989,R06,R06-M04,5,5,0,4,1,0,0
A000010,R07,R07-M01,2,2,0,2,1,0,0
A000116,R07,R07-M01,2,2,0,1,1,0,0
A000257,R07,R07-M01,4,4,0,2,1,0,0
A000378,R07,R07-M01,1,1,0,1,1,0,0
A000386,R07,R07-M01,2,2,0,2,1,1,1
A000587,R07,R07-M01,5,4,1,4,3,0,1
A000694,R07,R07-M01,2,2,0,2,2,0,0
A000724,R07,R07-M01,4,4,0,4,0,0,0
A000763,R07,R07-M01,1,1,0,1,0,0,0
A000866,R07,R07-M01,2,1,1,2,1,0,1
A000892,R07,R07-M01,2,2,0,0,0,0,0
A000997,R07,R07-M01,3,3,0,2,1,0,0
A001445,R07,R07-M01,9,9,0,4,3,0,0
A001476,R07,R07-M01,9,8,1,5,3,0,1
A001661,R07,R07-M01,2,1,1,2,1,0,1
A002295,R07,R07-M01,3,3,0,2,0,0,0
A002301,R07,R07-M01,1,1,0,1,0,0,0
A003009,R07,R07-M01,8,8,0,7,3,0,0
A003148,R07,R07-M01,2,2,0,1,1,0,0
A003214,R07,R07-M01,1,1,0,1,0,0,0
A003517,R07,R07-M01,6,6,0,4,2,0,0
A003656,R07,R07-M01,3,3,0,2,1,0,0
A003747,R07,R07-M01,7,7,0,5,2,0,0
A004442,R07,R07-M01,2,2,0,0,0,0,0
A004476,R07,R07-M01,1,1,0,1,0,0,0
A004667,R07,R07-M01,4,4,0,2,1,0,0
A005019,R07,R07-M01,1,1,0,1,0,0,0
A005057,R07,R07-M01,7,7,0,5,4,0,0
A005067,R07,R07-M01,1,1,0,1,1,0,0
A005210,R07,R07-M01,2,2,0,2,1,0,0
A005221,R07,R07-M01,1,1,0,1,1,0,0
A005308,R07,R07-M01,4,4,0,3,1,0,0
A005411,R07,R07-M01,11,11,0,7,2,0,0
A005430,R07,R07-M01,1,1,0,1,0,0,0
A005559,R07,R07-M01,7,7,0,6,3,0,0
A005690,R07,R07-M01,2,2,0,0,0,0,0
A005740,R07,R07-M01,3,3,0,3,3,0,0
A006013,R07,R07-M01,1,1,0,1,1,0,0
A006291,R07,R07-M01,1,1,0,0,0,0,0
A006598,R07,R07-M01,6,6,0,2,0,0,0
A006620,R07,R07-M01,7,7,0,6,3,0,0
A006710,R07,R07-M01,2,2,0,1,0,0,0
A006761,R07,R07-M01,3,3,0,1,0,0,0
A006796,R07,R07-M01,6,6,0,6,2,0,0
A006895,R07,R07-M01,6,6,0,5,1,0,0
A006904,R07,R07-M01,3,3,0,3,0,0,0
A007034,R07,R07-M01,1,1,0,0,0,0,0
A007546,R07,R07-M01,3,3,0,2,2,1,1
A007718,R07,R07-M01,4,4,0,3,2,0,0
A007793,R07,R07-M01,5,5,0,5,2,1,1
A007956,R07,R07-M01,5,5,0,4,4,0,0
A008144,R07,R07-M01,2,2,0,2,1,0,0
A008166,R07,R07-M01,8,8,0,5,1,0,0
A008228,R07,R07-M01,5,3,2,5,1,0,2
A008265,R07,R07-M01,6,6,0,3,0,0,0
A008490,R07,R07-M01,8,8,0,6,2,0,0
A008850,R07,R07-M01,1,1,0,0,0,0,0
A008869,R07,R07-M01,3,3,0,3,1,0,0
A008937,R07,R07-M01,3,3,0,2,1,1,1
A009039,R07,R07-M01,4,4,0,3,2,0,0
A009135,R07,R07-M01,6,6,0,3,1,0,0
A009163,R07,R07-M01,6,6,0,5,2,0,0
A009210,R07,R07-M01,3,3,0,2,0,0,0
A009260,R07,R07-M01,9,9,0,8,4,0,1
A009653,R07,R07-M01,8,8,0,5,4,1,1
A009665,R07,R07-M01,1,1,0,1,0,0,0
A009762,R07,R07-M01,2,2,0,2,0,0,0
A009788,R07,R07-M01,2,2,0,1,0,0,0
A009791,R07,R07-M01,4,4,0,1,0,0,0
A009927,R07,R07-M01,3,3,0,2,1,0,0
A010071,R07,R07-M01,2,2,0,2,0,0,0
A010116,R07,R07-M01,4,4,0,2,0,0,0
A010143,R07,R07-M01,6,6,0,3,0,0,0
A010172,R07,R07-M01,3,3,0,1,0,0,1
A010380,R07,R07-M01,2,2,0,2,2,0,0
A010660,R07,R07-M01,8,8,0,7,3,0,0
A010710,R07,R07-M01,2,2,0,2,1,1,1
A011141,R07,R07-M01,1,1,0,1,0,0,0
A011252,R07,R07-M01,2,2,0,1,1,0,0
A011342,R07,R07-M01,1,1,0,1,0,0,0
A011554,R07,R07-M01,4,4,0,2,0,0,0
A011752,R07,R07-M01,6,6,0,4,3,1,1
A012402,R07,R07-M01,2,2,0,1,1,0,0
A012481,R07,R07-M01,3,3,0,2,0,0,0
A012596,R07,R07-M01,3,3,0,3,1,0,0
A012609,R07,R07-M01,2,2,0,0,0,0,0
A012764,R07,R07-M01,3,3,0,3,1,0,0
A012858,R07,R07-M01,4,3,1,1,1,0,1
A012919,R07,R07-M01,2,2,0,1,1,0,0
A012938,R07,R07-M01,2,2,0,0,0,0,0
A013082,R07,R07-M01,2,2,0,2,1,0,0
A013148,R07,R07-M01,6,6,0,3,0,0,0
A013157,R07,R07-M01,3,3,0,2,2,0,0
A013178,R07,R07-M01,2,2,0,1,1,0,0
A013227,R07,R07-M01,6,6,0,4,0,0,0
A013269,R07,R07-M01,12,11,1,9,4,0,1
A013554,R07,R07-M01,2,2,0,2,1,0,0
A013954,R07,R07-M01,5,5,0,4,0,0,0
A014170,R07,R07-M01,3,3,0,2,0,0,0
A014439,R07,R07-M01,2,2,0,2,1,0,0
A014697,R07,R07-M01,11,10,1,10,3,0,1
A015362,R07,R07-M01,1,1,0,1,0,0,0
A015400,R07,R07-M01,5,5,0,4,2,0,0
A015449,R07,R07-M01,4,4,0,2,1,0,0
A015469,R07,R07-M01,5,5,0,3,2,1,1
A015542,R07,R07-M01,1,1,0,1,1,0,0
A015644,R07,R07-M01,2,2,0,2,1,0,0
A015645,R07,R07-M01,3,3,0,3,3,0,0
A015762,R07,R07-M01,2,2,0,1,0,0,0
A016047,R07,R07-M01,19,18,1,14,5,0,1
A016104,R07,R07-M01,1,1,0,1,0,0,0
A016155,R07,R07-M01,2,2,0,1,0,0,0
A016160,R07,R07-M01,5,5,0,3,3,1,1
A016170,R07,R07-M01,7,7,0,5,3,0,0
A016673,R07,R07-M01,6,6,0,3,1,0,0
A016781,R07,R07-M01,1,1,0,1,1,1,1
A016861,R07,R07-M01,2,2,0,1,0,0,0
A017004,R07,R07-M01,7,7,0,6,2,1,1
A017138,R07,R07-M01,2,2,0,1,0,0,0
A017190,R07,R07-M01,3,3,0,2,0,0,1
A017296,R07,R07-M01,2,2,0,1,0,0,0
A017332,R07,R07-M01,1,1,0,1,0,0,0
A017426,R07,R07-M01,9,9,0,9,4,0,0
A017441,R07,R07-M01,2,2,0,1,1,1,1
A017570,R07,R07-M01,16,16,0,11,1,0,0
A017707,R07,R07-M01,2,2,0,1,0,0,0
A017889,R07,R07-M01,3,3,0,2,0,0,0
A017949,R07,R07-M01,3,2,1,3,0,0,1
A000437,R07,R07-M02,1,1,0,0,0,0,0
A000479,R07,R07-M02,1,1,0,1,0,0,0
A000869,R07,R07-M02,1,1,0,0,0,0,0
A000966,R07,R07-M02,4,4,0,2,1,0,0
A001053,R07,R07-M02,1,1,0,1,0,0,0
A001178,R07,R07-M02,7,7,0,5,1,0,0
A001215,R07,R07-M02,4,4,0,3,1,0,0
A001240,R07,R07-M02,2,2,0,1,0,0,0
A001533,R07,R07-M02,5,5,0,2,1,0,0
A001633,R07,R07-M02,2,2,0,1,0,0,0
A001641,R07,R07-M02,8,8,0,5,0,0,1
A001730,R07,R07-M02,2,2,0,1,0,0,0
A001784,R07,R07-M02,10,10,0,4,2,0,0
A001931,R07,R07-M02,2,2,0,2,0,0,0
A002167,R07,R07-M02,3,3,0,3,2,0,0
A002206,R07,R07-M02,1,1,0,1,0,0,0
A002338,R07,R07-M02,2,2,0,1,0,0,0
A002342,R07,R07-M02,2,2,0,0,0,0,0
A002456,R07,R07-M02,19,19,0,13,7,0,0
A002548,R07,R07-M02,5,5,0,5,1,0,0
A002901,R07,R07-M02,1,1,0,1,1,0,0
A003231,R07,R07-M02,6,6,0,2,1,0,0
A003509,R07,R07-M02,5,5,0,1,0,0,0
A003518,R07,R07-M02,6,6,0,6,0,0,1
A003560,R07,R07-M02,1,1,0,1,0,0,0
A003566,R07,R07-M02,1,1,0,1,1,0,0
A003653,R07,R07-M02,8,8,0,5,2,0,0
A003654,R07,R07-M02,2,2,0,1,0,0,0
A003740,R07,R07-M02,7,7,0,6,2,0,0
A003869,R07,R07-M02,4,4,0,3,2,0,0
A004005,R07,R07-M02,2,2,0,1,0,0,0
A004026,R07,R07-M02,4,4,0,4,0,0,0
A004114,R07,R07-M02,5,5,0,5,1,0,0
A004208,R07,R07-M02,2,2,0,1,0,0,0
A004631,R07,R07-M02,1,1,0,1,0,0,0
A004688,R07,R07-M02,5,5,0,3,2,0,0
A004867,R07,R07-M02,6,6,0,6,3,1,1
A005035,R07,R07-M02,3,3,0,3,3,1,1
A005122,R07,R07-M02,2,2,0,2,1,0,1
A005787,R07,R07-M02,4,4,0,2,1,0,0
A006029,R07,R07-M02,1,1,0,0,0,0,0
A006030,R07,R07-M02,3,3,0,2,0,0,0
A006069,R07,R07-M02,2,2,0,2,1,0,0
A006130,R07,R07-M02,4,4,0,3,1,0,0
A006269,R07,R07-M02,2,1,1,2,0,0,1
A006551,R07,R07-M02,10,10,0,5,2,0,0
A006591,R07,R07-M02,2,2,0,2,0,0,0
A006851,R07,R07-M02,2,2,0,1,0,0,0
A006934,R07,R07-M02,5,5,0,4,4,0,0
A007199,R07,R07-M02,1,1,0,1,0,0,0
A007429,R07,R07-M02,3,3,0,2,0,0,0
A007431,R07,R07-M02,3,3,0,3,1,0,0
A007437,R07,R07-M02,2,2,0,2,0,0,1
A007512,R07,R07-M02,5,5,0,3,1,0,0
A007695,R07,R07-M02,2,2,0,2,1,1,1
A008123,R07,R07-M02,5,5,0,4,2,0,0
A008324,R07,R07-M02,3,3,0,1,0,0,0
A008361,R07,R07-M02,5,5,0,5,1,0,0
A008372,R07,R07-M02,3,3,0,2,1,0,0
A008692,R07,R07-M02,1,1,0,1,1,0,0
A008793,R07,R07-M02,1,1,0,1,1,0,0
A008947,R07,R07-M02,4,4,0,2,1,0,0
A009043,R07,R07-M02,1,1,0,1,0,0,0
A009168,R07,R07-M02,3,3,0,2,1,0,0
A009316,R07,R07-M02,7,7,0,4,0,0,0
A009474,R07,R07-M02,1,1,0,0,0,0,0
A009505,R07,R07-M02,1,1,0,1,0,0,0
A009531,R07,R07-M02,1,1,0,1,0,0,0
A009590,R07,R07-M02,3,3,0,3,2,0,0
A009651,R07,R07-M02,2,2,0,2,0,0,0
A009898,R07,R07-M02,4,4,0,2,1,0,0
A010082,R07,R07-M02,12,12,0,9,3,0,2
A010837,R07,R07-M02,2,2,0,2,1,0,0
A010844,R07,R07-M02,1,1,0,1,0,0,0
A010909,R07,R07-M02,3,3,0,2,0,0,0
A010932,R07,R07-M02,5,5,0,4,1,0,0
A010979,R07,R07-M02,3,3,0,3,0,0,0
A010992,R07,R07-M02,3,3,0,2,1,0,0
A011172,R07,R07-M02,3,3,0,0,0,0,0
A011293,R07,R07-M02,3,3,0,2,0,0,0
A011497,R07,R07-M02,11,11,0,6,3,1,1
A011577,R07,R07-M02,2,2,0,2,1,0,0
A011610,R07,R07-M02,1,1,0,0,0,0,0
A011637,R07,R07-M02,1,1,0,1,1,0,0
A011794,R07,R07-M02,2,2,0,1,0,0,0
A011906,R07,R07-M02,1,1,0,1,1,0,0
A012178,R07,R07-M02,1,1,0,0,0,0,0
A012240,R07,R07-M02,2,2,0,1,1,0,0
A012274,R07,R07-M02,3,3,0,2,2,0,0
A012321,R07,R07-M02,4,4,0,4,2,0,0
A012363,R07,R07-M02,4,4,0,4,1,0,0
A012498,R07,R07-M02,1,1,0,1,1,0,0
A012537,R07,R07-M02,1,1,0,1,0,0,0
A012668,R07,R07-M02,2,2,0,1,0,0,0
A012826,R07,R07-M02,2,1,1,1,0,0,1
A012909,R07,R07-M02,3,3,0,3,1,0,0
A012952,R07,R07-M02,5,5,0,4,1,1,1
A012970,R07,R07-M02,3,3,0,2,1,0,0
A013141,R07,R07-M02,6,6,0,4,0,0,0
A013189,R07,R07-M02,6,6,0,4,2,0,0
A013435,R07,R07-M02,6,6,0,4,1,0,0
A013654,R07,R07-M02,5,5,0,2,0,0,0
A013953,R07,R07-M02,2,2,0,1,0,0,0
A014065,R07,R07-M02,3,3,0,2,0,0,0
A014255,R07,R07-M02,5,5,0,4,1,0,0
A014334,R07,R07-M02,5,5,0,2,0,0,0
A014357,R07,R07-M02,6,6,0,3,1,0,0
A014361,R07,R07-M02,3,3,0,2,0,0,0
A014767,R07,R07-M02,6,6,0,4,0,1,1
A014768,R07,R07-M02,3,3,0,2,1,0,0
A015152,R07,R07-M02,7,7,0,4,1,0,0
A015154,R07,R07-M02,1,1,0,0,0,0,0
A015213,R07,R07-M02,8,8,0,5,3,0,0
A015374,R07,R07-M02,6,6,0,3,0,0,0
A015471,R07,R07-M02,5,5,0,4,2,0,0
A015570,R07,R07-M02,2,2,0,2,0,0,0
A015711,R07,R07-M02,9,9,0,7,2,0,0
A015869,R07,R07-M02,1,1,0,1,0,0,0
A015949,R07,R07-M02,3,3,0,1,0,0,0
A015963,R07,R07-M02,1,1,0,1,0,0,0
A016334,R07,R07-M02,10,10,0,8,4,0,1
A016419,R07,R07-M02,1,1,0,1,0,0,0
A016522,R07,R07-M02,4,4,0,3,2,0,0
A016574,R07,R07-M02,2,2,0,2,1,0,1
A016578,R07,R07-M02,3,3,0,2,1,0,0
A016618,R07,R07-M02,1,1,0,0,0,0,0
A016754,R07,R07-M02,4,4,0,2,1,0,0
A016910,R07,R07-M02,2,2,0,2,1,0,0
A017013,R07,R07-M02,7,7,0,4,2,0,0
A017302,R07,R07-M02,3,3,0,0,0,0,0
A017346,R07,R07-M02,1,1,0,1,0,0,0
A017425,R07,R07-M02,1,1,0,1,0,0,0
A017558,R07,R07-M02,1,1,0,0,0,0,0
A017863,R07,R07-M02,5,4,1,3,1,0,1
A017933,R07,R07-M02,2,2,0,2,1,0,0
A000098,R07,R07-M03,3,3,0,2,2,0,0
A000140,R07,R07-M03,3,3,0,3,1,0,1
A000164,R07,R07-M03,5,5,0,3,0,0,0
A000218,R07,R07-M03,3,3,0,2,1,0,0
A000400,R07,R07-M03,2,2,0,2,2,0,0
A000540,R07,R07-M03,5,5,0,2,1,0,0
A000691,R07,R07-M03,7,7,0,5,1,0,0
A000722,R07,R07-M03,2,2,0,2,1,0,0
A001133,R07,R07-M03,10,10,0,5,3,0,1
A001148,R07,R07-M03,4,4,0,1,0,0,0
A001185,R07,R07-M03,2,2,0,0,0,0,0
A001189,R07,R07-M03,8,8,0,6,1,0,0
A001224,R07,R07-M03,2,2,0,1,0,0,0
A001253,R07,R07-M03,5,5,0,3,1,0,0
A001305,R07,R07-M03,2,2,0,1,0,0,0
A001385,R07,R07-M03,2,2,0,1,0,0,0
A001632,R07,R07-M03,4,4,0,3,1,0,0
A001766,R07,R07-M03,1,1,0,0,0,0,0
A002060,R07,R07-M03,1,1,0,0,0,0,0
A002144,R07,R07-M03,11,11,0,7,3,0,1
A002274,R07,R07-M03,6,6,0,5,1,0,0
A002368,R07,R07-M03,2,2,0,1,1,0,0
A002422,R07,R07-M03,2,2,0,0,0,0,0
A002543,R07,R07-M03,2,2,0,1,0,0,0
A002661,R07,R07-M03,12,12,0,7,3,0,0
A002733,R07,R07-M03,6,6,0,5,1,0,0
A003082,R07,R07-M03,3,3,0,2,0,0,0
A003096,R07,R07-M03,3,3,0,2,0,0,0
A003125,R07,R07-M03,1,1,0,1,1,0,0
A003292,R07,R07-M03,1,1,0,0,0,0,0
A003494,R07,R07-M03,3,3,0,1,0,0,0
A003677,R07,R07-M03,1,1,0,1,1,0,0
A003698,R07,R07-M03,4,4,0,2,1,0,0
A003732,R07,R07-M03,3,3,0,2,1,0,0
A003780,R07,R07-M03,1,1,0,1,0,0,0
A004296,R07,R07-M03,6,6,0,4,1,0,0
A004405,R07,R07-M03,3,3,0,2,1,0,1
A004525,R07,R07-M03,3,3,0,2,0,0,0
A004694,R07,R07-M03,6,6,0,4,0,0,0
A004904,R07,R07-M03,1,1,0,1,0,0,0
A004988,R07,R07-M03,4,4,0,3,1,0,0
A005236,R07,R07-M03,4,4,0,3,0,0,0
A005324,R07,R07-M03,4,4,0,3,2,1,1
A005336,R07,R07-M03,2,2,0,0,0,0,0
A005535,R07,R07-M03,3,3,0,3,0,0,1
A005539,R07,R07-M03,5,5,0,3,1,0,0
A005631,R07,R07-M03,1,1,0,1,0,0,0
A005742,R07,R07-M03,4,4,0,3,0,0,0
A005748,R07,R07-M03,2,2,0,1,1,0,0
A005900,R07,R07-M03,2,2,0,0,0,0,0
A006061,R07,R07-M03,3,3,0,2,0,0,0
A006078,R07,R07-M03,1,1,0,0,0,0,0
A006147,R07,R07-M03,3,3,0,1,1,0,0
A006386,R07,R07-M03,3,3,0,1,0,0,0
A006546,R07,R07-M03,5,5,0,2,2,0,0
A007164,R07,R07-M03,2,2,0,1,0,0,0
A007278,R07,R07-M03,5,4,1,5,1,0,1
A007404,R07,R07-M03,1,1,0,1,0,0,0
A007491,R07,R07-M03,3,3,0,3,0,0,0
A007494,R07,R07-M03,6,6,0,4,3,0,0
A007797,R07,R07-M03,6,6,0,3,3,0,0
A007951,R07,R07-M03,4,4,0,2,1,0,0
A007952,R07,R07-M03,1,1,0,1,0,0,0
A008072,R07,R07-M03,2,2,0,1,0,0,0
A008119,R07,R07-M03,3,2,1,2,2,0,1
A008226,R07,R07-M03,3,3,0,3,3,0,0
A008345,R07,R07-M03,3,3,0,2,0,0,0
A008400,R07,R07-M03,2,2,0,1,1,0,0
A008424,R07,R07-M03,4,4,0,1,0,0,0
A008652,R07,R07-M03,4,4,0,4,3,0,0
A008714,R07,R07-M03,8,7,1,7,3,0,2
A008772,R07,R07-M03,5,5,0,4,2,0,0
A009238,R07,R07-M03,5,5,0,3,3,1,1
A009288,R07,R07-M03,4,4,0,3,2,0,0
A009295,R07,R07-M03,2,2,0,1,1,0,0
A009321,R07,R07-M03,17,17,0,12,4,1,2
A009334,R07,R07-M03,6,6,0,3,0,0,0
A009356,R07,R07-M03,2,2,0,1,1,0,0
A009437,R07,R07-M03,5,5,0,5,2,0,0
A010039,R07,R07-M03,4,3,1,3,1,0,1
A010265,R07,R07-M03,6,6,0,4,0,0,1
A010312,R07,R07-M03,4,4,0,3,0,0,0
A010644,R07,R07-M03,3,3,0,2,1,0,1
A010769,R07,R07-M03,2,2,0,0,0,0,0
A010903,R07,R07-M03,2,2,0,2,1,0,0
A010939,R07,R07-M03,7,7,0,4,2,0,0
A010943,R07,R07-M03,10,10,0,8,2,1,1
A011021,R07,R07-M03,1,1,0,0,0,0,0
A011155,R07,R07-M03,2,2,0,1,1,0,0
A011188,R07,R07-M03,6,6,0,5,1,0,0
A011337,R07,R07-M03,12,11,1,8,4,0,2
A011411,R07,R07-M03,2,2,0,2,0,0,0
A011561,R07,R07-M03,1,1,0,1,0,0,0
A011687,R07,R07-M03,3,3,0,3,2,0,0
A011717,R07,R07-M03,9,9,0,6,3,0,0
A011798,R07,R07-M03,1,1,0,1,0,0,0
A011852,R07,R07-M03,2,2,0,1,0,0,0
A011863,R07,R07-M03,3,3,0,2,1,0,0
A012018,R07,R07-M03,3,3,0,1,1,0,0
A012072,R07,R07-M03,7,7,0,6,2,0,0
A012187,R07,R07-M03,4,4,0,2,1,0,0
A012527,R07,R07-M03,3,3,0,2,1,0,0
A012644,R07,R07-M03,2,2,0,1,1,0,0
A012682,R07,R07-M03,4,4,0,3,1,0,0
A012709,R07,R07-M03,11,11,0,6,2,0,1
A012739,R07,R07-M03,3,3,0,3,2,0,1
A012795,R07,R07-M03,5,5,0,3,1,0,0
A013003,R07,R07-M03,3,3,0,1,1,0,0
A013120,R07,R07-M03,7,7,0,5,4,0,0
A013129,R07,R07-M03,2,2,0,2,0,0,0
A013134,R07,R07-M03,1,1,0,0,0,0,0
A013339,R07,R07-M03,5,5,0,3,0,0,0
A013420,R07,R07-M03,5,5,0,3,1,1,1
A013489,R07,R07-M03,2,2,0,1,0,0,0
A013580,R07,R07-M03,1,1,0,1,0,0,0
A013621,R07,R07-M03,1,1,0,1,0,0,0
A013764,R07,R07-M03,2,2,0,2,1,0,0
A013838,R07,R07-M03,6,6,0,4,1,0,1
A013889,R07,R07-M03,4,4,0,2,1,0,0
A013908,R07,R07-M03,2,2,0,1,0,0,0
A014121,R07,R07-M03,12,11,1,10,3,0,1
A014125,R07,R07-M03,3,3,0,3,3,0,0
A014162,R07,R07-M03,4,4,0,3,2,0,0
A014522,R07,R07-M03,4,4,0,3,0,0,0
A014636,R07,R07-M03,2,2,0,2,2,1,1
A014777,R07,R07-M03,4,4,0,3,0,0,0
A014792,R07,R07-M03,3,3,0,1,1,0,0
A014830,R07,R07-M03,20,20,0,16,6,0,0
A014842,R07,R07-M03,3,3,0,3,3,0,0
A014883,R07,R07-M03,3,3,0,1,0,0,0
A015071,R07,R07-M03,5,5,0,3,1,0,0
A015101,R07,R07-M03,1,1,0,0,0,0,0
A015149,R07,R07-M03,5,5,0,4,2,0,1
A015333,R07,R07-M03,3,3,0,1,0,0,0
A015420,R07,R07-M03,4,4,0,3,0,0,0
A015486,R07,R07-M03,1,1,0,1,0,0,0
A015504,R07,R07-M03,13,13,0,10,5,0,0
A015681,R07,R07-M03,3,3,0,3,2,1,1
A015851,R07,R07-M03,6,6,0,4,1,0,0
A015867,R07,R07-M03,9,9,0,7,2,0,1
A015884,R07,R07-M03,1,1,0,1,0,0,0
A015930,R07,R07-M03,4,4,0,2,0,0,0
A015932,R07,R07-M03,1,1,0,1,0,0,0
A015996,R07,R07-M03,2,2,0,2,1,0,0
A016004,R07,R07-M03,5,4,1,3,0,0,1
A016169,R07,R07-M03,2,2,0,1,0,0,0
A016256,R07,R07-M03,3,3,0,2,1,0,0
A016491,R07,R07-M03,6,6,0,2,0,0,0
A016562,R07,R07-M03,9,9,0,4,2,0,0
A016786,R07,R07-M03,1,1,0,1,1,0,0
A016930,R07,R07-M03,2,2,0,2,0,0,0
A017281,R07,R07-M03,1,1,0,0,0,0,0
A017444,R07,R07-M03,1,1,0,0,0,0,0
A017665,R07,R07-M03,1,1,0,1,1,0,0
A017718,R07,R07-M03,15,15,0,10,5,0,0
A017776,R07,R07-M03,1,1,0,0,0,0,0
A017790,R07,R07-M03,9,9,0,8,3,0,1
A017838,R07,R07-M03,1,1,0,1,1,0,0
A017909,R07,R07-M03,7,7,0,6,4,0,0
A017944,R07,R07-M03,3,3,0,1,1,0,0
A017964,R07,R07-M03,1,1,0,0,0,0,0
A000015,R07,R07-M04,2,2,0,2,1,0,0
A000247,R07,R07-M04,4,4,0,2,0,0,0
A000465,R07,R07-M04,4,4,0,3,3,0,0
A000747,R07,R07-M04,2,2,0,1,0,0,0
A000904,R07,R07-M04,2,2,0,1,0,0,0
A000995,R07,R07-M04,4,4,0,2,0,0,0
A001061,R07,R07-M04,3,3,0,3,2,0,0
A001327,R07,R07-M04,4,4,0,3,0,0,1
A001479,R07,R07-M04,2,2,0,2,2,0,0
A001503,R07,R07-M04,5,5,0,4,3,0,0
A001550,R07,R07-M04,2,2,0,2,0,0,0
A001580,R07,R07-M04,1,1,0,1,0,0,0
A001643,R07,R07-M04,1,1,0,1,0,0,0
A001697,R07,R07-M04,3,2,1,3,1,0,1
A001794,R07,R07-M04,6,6,0,6,1,0,0
A001856,R07,R07-M04,5,5,0,4,1,0,0
A001979,R07,R07-M04,1,1,0,1,0,0,0
A001982,R07,R07-M04,1,1,0,1,1,0,0
A002040,R07,R07-M04,9,9,0,5,1,0,0
A002087,R07,R07-M04,1,1,0,1,0,0,0
A002107,R07,R07-M04,5,4,1,4,2,0,1
A002188,R07,R07-M04,4,4,0,3,2,0,1
A002439,R07,R07-M04,3,3,0,2,0,0,0
A002578,R07,R07-M04,3,3,0,1,0,0,0
A002659,R07,R07-M04,9,8,1,6,1,0,1
A002801,R07,R07-M04,1,1,0,1,1,0,0
A002863,R07,R07-M04,4,4,0,2,0,0,0
A002966,R07,R07-M04,7,7,0,5,1,0,0
A003139,R07,R07-M04,2,2,0,2,1,0,0
A003596,R07,R07-M04,4,4,0,3,1,0,2
A003629,R07,R07-M04,2,1,1,2,1,0,1
A003703,R07,R07-M04,1,1,0,1,1,0,0
A003714,R07,R07-M04,1,1,0,0,0,0,0
A004015,R07,R07-M04,3,3,0,2,1,0,0
A004316,R07,R07-M04,4,4,0,4,1,0,0
A004520,R07,R07-M04,6,6,0,2,2,0,0
A004660,R07,R07-M04,2,2,0,2,0,0,0
A004736,R07,R07-M04,11,11,0,6,3,0,0
A004841,R07,R07-M04,2,2,0,1,0,0,0
A004869,R07,R07-M04,6,6,0,4,0,0,0
A005433,R07,R07-M04,2,2,0,2,0,0,0
A005595,R07,R07-M04,6,6,0,5,0,0,1
A005711,R07,R07-M04,1,1,0,1,1,0,0
A005823,R07,R07-M04,2,2,0,1,1,0,0
A005904,R07,R07-M04,1,1,0,1,0,0,0
A006067,R07,R07-M04,4,4,0,3,1,0,0
A006181,R07,R07-M04,15,15,0,7,3,0,0
A006200,R07,R07-M04,2,2,0,2,1,0,0
A006287,R07,R07-M04,2,2,0,2,0,0,0
A006410,R07,R07-M04,2,2,0,2,2,0,0
A006726,R07,R07-M04,5,5,0,4,2,0,0
A006797,R07,R07-M04,3,1,2,2,1,0,2
A007157,R07,R07-M04,4,4,0,4,0,0,0
A007158,R07,R07-M04,1,1,0,1,1,0,0
A007169,R07,R07-M04,4,4,0,4,2,0,0
A007275,R07,R07-M04,3,3,0,1,0,0,0
A007445,R07,R07-M04,1,1,0,0,0,0,0
A007505,R07,R07-M04,5,5,0,5,1,0,0
A007688,R07,R07-M04,2,2,0,0,0,0,0
A007726,R07,R07-M04,7,7,0,5,1,0,0
A007904,R07,R07-M04,4,4,0,3,3,0,0
A007918,R07,R07-M04,4,4,0,4,0,0,0
A008016,R07,R07-M04,1,1,0,0,0,0,0
A008134,R07,R07-M04,4,4,0,2,1,0,0
A008140,R07,R07-M04,1,1,0,0,0,0,0
A008270,R07,R07-M04,3,3,0,2,1,0,0
A008379,R07,R07-M04,4,4,0,4,0,0,0
A008413,R07,R07-M04,2,2,0,2,1,0,0
A008480,R07,R07-M04,2,2,0,1,0,0,0
A008494,R07,R07-M04,2,2,0,0,0,0,0
A009313,R07,R07-M04,1,1,0,1,0,0,0
A009402,R07,R07-M04,9,9,0,6,1,1,1
A009554,R07,R07-M04,3,3,0,1,1,0,0
A009593,R07,R07-M04,1,1,0,1,0,0,0
A009650,R07,R07-M04,2,2,0,2,0,0,0
A009697,R07,R07-M04,6,6,0,5,3,0,0
A010010,R07,R07-M04,1,1,0,0,0,0,0
A010134,R07,R07-M04,8,8,0,4,0,0,0
A010174,R07,R07-M04,2,2,0,1,0,0,0
A010288,R07,R07-M04,4,3,1,4,4,1,2
A010398,R07,R07-M04,1,1,0,1,0,0,0
A010714,R07,R07-M04,2,2,0,1,1,0,0
A010798,R07,R07-M04,1,0,1,1,0,0,1
A010805,R07,R07-M04,6,6,0,3,2,1,1
A010841,R07,R07-M04,1,1,0,1,1,0,0
A011148,R07,R07-M04,5,5,0,5,3,1,1
A011559,R07,R07-M04,2,2,0,1,1,0,0
A011770,R07,R07-M04,1,1,0,1,1,0,0
A011771,R07,R07-M04,2,2,0,1,0,0,0
A011869,R07,R07-M04,7,6,1,5,2,0,1
A012192,R07,R07-M04,1,1,0,1,0,0,0
A012214,R07,R07-M04,2,2,0,1,1,0,0
A012655,R07,R07-M04,1,1,0,1,0,0,0
A013086,R07,R07-M04,2,2,0,2,1,1,1
A013246,R07,R07-M04,2,2,0,2,0,0,0
A013257,R07,R07-M04,5,5,0,5,2,0,0
A013320,R07,R07-M04,2,2,0,2,0,0,0
A013452,R07,R07-M04,4,4,0,3,1,0,0
A013552,R07,R07-M04,2,2,0,2,2,2,2
A013562,R07,R07-M04,2,2,0,2,1,0,0
A013566,R07,R07-M04,2,2,0,2,0,0,0
A013683,R07,R07-M04,2,2,0,1,0,0,0
A013832,R07,R07-M04,4,4,0,3,2,0,1
A013915,R07,R07-M04,6,5,1,4,3,0,1
A014202,R07,R07-M04,1,1,0,0,0,0,0
A014274,R07,R07-M04,6,6,0,5,2,0,0
A014413,R07,R07-M04,2,1,1,1,0,0,1
A014516,R07,R07-M04,3,3,0,2,1,0,0
A014531,R07,R07-M04,1,1,0,1,0,0,0
A014532,R07,R07-M04,1,1,0,1,1,0,0
A014549,R07,R07-M04,7,7,0,4,2,0,0
A014644,R07,R07-M04,7,7,0,3,1,0,0
A014789,R07,R07-M04,1,1,0,1,1,0,0
A015060,R07,R07-M04,1,1,0,1,0,0,0
A015082,R07,R07-M04,2,2,0,2,0,0,0
A015249,R07,R07-M04,1,1,0,1,1,0,0
A015272,R07,R07-M04,6,6,0,4,1,0,0
A015598,R07,R07-M04,7,7,0,5,4,0,0
A015708,R07,R07-M04,2,2,0,2,1,0,0
A015771,R07,R07-M04,11,11,0,8,4,0,0
A015828,R07,R07-M04,2,2,0,2,1,0,0
A015951,R07,R07-M04,5,5,0,4,1,0,0
A016058,R07,R07-M04,5,5,0,3,1,0,1
A016098,R07,R07-M04,10,10,0,6,4,0,0
A016117,R07,R07-M04,1,1,0,1,0,0,0
A016366,R07,R07-M04,2,2,0,1,0,0,0
A016689,R07,R07-M04,2,2,0,2,1,0,0
A016800,R07,R07-M04,1,1,0,1,1,0,0
A017051,R07,R07-M04,2,2,0,2,2,0,0
A017074,R07,R07-M04,7,7,0,7,2,1,2
A017316,R07,R07-M04,3,2,1,2,0,0,1
A017376,R07,R07-M04,8,8,0,5,2,0,0
A017496,R07,R07-M04,2,2,0,0,0,0,0
A017523,R07,R07-M04,3,2,1,3,2,0,1
A017598,R07,R07-M04,7,7,0,2,1,0,0
A017807,R07,R07-M04,1,1,0,0,0,0,0
A000236,R08,R08-M01,5,5,0,2,1,0,0
A000568,R08,R08-M01,3,3,0,2,1,0,0
A000648,R08,R08-M01,3,3,0,2,0,0,0
A000711,R08,R08-M01,1,1,0,1,1,0,0
A000971,R08,R08-M01,3,3,0,3,2,1,1
A001088,R08,R08-M01,2,2,0,1,1,0,0
A001132,R08,R08-M01,1,1,0,0,0,0,0
A001317,R08,R08-M01,1,1,0,1,0,0,0
A001430,R08,R08-M01,15,15,0,10,2,1,1
A001546,R08,R08-M01,5,5,0,3,0,0,1
A001706,R08,R08-M01,5,4,1,4,0,0,1
A001850,R08,R08-M01,8,8,0,6,2,0,1
A001987,R08,R08-M01,2,2,0,1,0,0,0
A002079,R08,R08-M01,4,4,0,3,2,0,0
A002123,R08,R08-M01,2,2,0,2,1,0,0
A002324,R08,R08-M01,5,5,0,2,0,0,0
A002400,R08,R08-M01,4,4,0,1,0,0,0
A002497,R08,R08-M01,1,1,0,1,1,0,0
A002712,R08,R08-M01,1,1,0,1,0,0,0
A002789,R08,R08-M01,5,5,0,2,0,0,0
A003239,R08,R08-M01,3,3,0,3,1,0,0
A003337,R08,R08-M01,2,2,0,2,2,1,1
A003411,R08,R08-M01,6,6,0,5,1,0,1
A003463,R08,R08-M01,2,2,0,2,2,0,0
A003693,R08,R08-M01,8,8,0,5,3,0,0
A003804,R08,R08-M01,15,15,0,11,4,0,0
A003986,R08,R08-M01,4,4,0,2,1,0,0
A004057,R08,R08-M01,2,2,0,0,0,0,0
A004077,R08,R08-M01,1,1,0,1,0,0,0
A004095,R08,R08-M01,4,4,0,3,1,0,0
A004172,R08,R08-M01,1,1,0,1,1,0,0
A004426,R08,R08-M01,5,5,0,5,1,0,0
A004853,R08,R08-M01,1,1,0,0,0,0,0
A004991,R08,R08-M01,9,9,0,8,3,0,0
A005017,R08,R08-M01,3,3,0,1,1,0,0
A005315,R08,R08-M01,2,2,0,2,1,0,0
A005662,R08,R08-M01,2,2,0,2,1,0,0
A005856,R08,R08-M01,1,1,0,1,1,0,0
A006192,R08,R08-M01,4,3,1,2,0,0,1
A006276,R08,R08-M01,4,4,0,3,1,0,0
A006360,R08,R08-M01,4,4,0,1,0,0,0
A006440,R08,R08-M01,1,1,0,1,1,0,0
A006624,R08,R08-M01,7,7,0,4,0,0,0
A006687,R08,R08-M01,2,1,1,2,0,0,1
A006763,R08,R08-M01,3,3,0,3,0,0,0
A007229,R08,R08-M01,5,5,0,4,0,0,0
A007373,R08,R08-M01,3,3,0,3,2,0,0
A007395,R08,R08-M01,4,4,0,2,1,0,0
A007471,R08,R08-M01,8,8,0,7,0,0,0
A007785,R08,R08-M01,2,2,0,2,1,0,0
A007946,R08,R08-M01,3,3,0,3,2,0,0
A008054,R08,R08-M01,13,13,0,9,6,1,1
A008202,R08,R08-M01,3,2,1,3,0,0,1
A008256,R08,R08-M01,15,14,1,10,4,0,1
A008358,R08,R08-M01,2,2,0,1,0,0,0
A008885,R08,R08-M01,2,2,0,1,1,0,0
A009165,R08,R08-M01,3,3,0,3,0,0,0
A009309,R08,R08-M01,8,8,0,4,1,0,0
A009581,R08,R08-M01,1,1,0,0,0,0,0
A009696,R08,R08-M01,2,2,0,2,2,0,0
A009717,R08,R08-M01,1,1,0,1,1,0,0
A009824,R08,R08-M01,4,4,0,4,0,0,0
A009966,R08,R08-M01,18,18,0,13,7,1,1
A010016,R08,R08-M01,3,3,0,3,3,0,0
A010042,R08,R08-M01,2,2,0,2,1,0,1
A010089,R08,R08-M01,1,1,0,1,1,0,0
A010299,R08,R08-M01,2,2,0,1,0,0,0
A010366,R08,R08-M01,2,2,0,1,1,0,0
A010434,R08,R08-M01,11,11,0,7,4,2,2
A010439,R08,R08-M01,11,11,0,8,2,0,0
A010551,R08,R08-M01,3,3,0,3,2,0,0
A010638,R08,R08-M01,2,2,0,2,1,0,0
A010671,R08,R08-M01,10,10,0,8,1,0,0
A010889,R08,R08-M01,2,2,0,2,0,0,0
A010892,R08,R08-M01,2,2,0,2,0,0,0
A010948,R08,R08-M01,3,3,0,2,0,0,0
A011033,R08,R08-M01,6,6,0,4,0,0,0
A011160,R08,R08-M01,11,10,1,10,2,0,1
A011298,R08,R08-M01,3,3,0,2,1,0,0
A011429,R08,R08-M01,1,1,0,0,0,0,0
A011595,R08,R08-M01,7,7,0,7,1,0,0
A011667,R08,R08-M01,5,5,0,5,5,0,0
A011775,R08,R08-M01,10,10,0,4,1,0,1
A011931,R08,R08-M01,5,5,0,2,1,0,0
A012024,R08,R08-M01,2,2,0,2,0,0,0
A012175,R08,R08-M01,3,3,0,2,0,0,0
A012645,R08,R08-M01,1,1,0,1,0,0,0
A012892,R08,R08-M01,2,2,0,1,0,0,0
A013049,R08,R08-M01,4,4,0,2,1,0,0
A013080,R08,R08-M01,5,5,0,5,1,0,0
A013111,R08,R08-M01,3,3,0,1,0,0,0
A013490,R08,R08-M01,2,2,0,2,0,0,0
A013504,R08,R08-M01,2,2,0,1,0,0,0
A013735,R08,R08-M01,1,1,0,0,0,0,0
A013911,R08,R08-M01,7,7,0,5,1,0,0
A013938,R08,R08-M01,1,1,0,1,0,0,1
A014058,R08,R08-M01,1,1,0,1,1,0,0
A014518,R08,R08-M01,1,1,0,1,1,1,1
A014632,R08,R08-M01,1,1,0,1,1,0,0
A014659,R08,R08-M01,4,4,0,3,2,0,0
A014704,R08,R08-M01,2,2,0,2,0,0,0
A014731,R08,R08-M01,1,1,0,0,0,0,0
A014765,R08,R08-M01,6,6,0,3,0,0,1
A014844,R08,R08-M01,2,2,0,2,1,0,1
A015174,R08,R08-M01,1,1,0,1,0,0,0
A015180,R08,R08-M01,1,1,0,0,0,0,0
A015429,R08,R08-M01,4,4,0,2,2,0,0
A015602,R08,R08-M01,1,0,1,1,0,0,1
A015746,R08,R08-M01,2,2,0,0,0,0,0
A016010,R08,R08-M01,7,7,0,4,2,1,1
A016082,R08,R08-M01,4,4,0,4,0,0,0
A016124,R08,R08-M01,1,1,0,0,0,0,0
A016148,R08,R08-M01,1,1,0,1,1,0,0
A016253,R08,R08-M01,8,8,0,8,5,1,1
A016326,R08,R08-M01,5,5,0,4,3,0,0
A016386,R08,R08-M01,2,2,0,2,1,0,0
A016500,R08,R08-M01,4,4,0,2,0,0,0
A017076,R08,R08-M01,2,2,0,2,0,0,0
A017090,R08,R08-M01,12,12,0,9,2,1,1
A017145,R08,R08-M01,3,3,0,0,0,0,0
A017392,R08,R08-M01,1,1,0,0,0,0,0
A017427,R08,R08-M01,2,2,0,2,1,0,0
A017556,R08,R08-M01,7,7,0,5,3,0,0
A017588,R08,R08-M01,3,3,0,2,1,0,0
A017603,R08,R08-M01,3,3,0,2,1,1,1
A017656,R08,R08-M01,5,5,0,4,1,0,0
A017734,R08,R08-M01,3,3,0,2,1,0,0
A017884,R08,R08-M01,7,7,0,5,2,0,0
A000384,R08,R08-M02,1,1,0,1,0,0,0
A000522,R08,R08-M02,1,0,1,1,0,0,1
A000567,R08,R08-M02,10,9,1,8,1,0,2
A000654,R08,R08-M02,3,2,1,2,0,0,1
A000880,R08,R08-M02,3,3,0,2,2,0,0
A001006,R08,R08-M02,10,10,0,9,3,0,1
A001031,R08,R08-M02,1,1,0,1,1,0,0
A001110,R08,R08-M02,1,1,0,1,0,0,0
A001225,R08,R08-M02,1,1,0,1,1,0,0
A001280,R08,R08-M02,7,7,0,6,1,0,0
A001312,R08,R08-M02,6,6,0,5,3,0,0
A001506,R08,R08-M02,1,1,0,1,1,0,0
A001688,R08,R08-M02,2,2,0,2,1,0,0
A002014,R08,R08-M02,4,3,1,4,1,0,1
A002127,R08,R08-M02,2,2,0,1,0,0,0
A002245,R08,R08-M02,3,3,0,1,1,0,0
A002321,R08,R08-M02,10,10,0,7,2,0,0
A002401,R08,R08-M02,2,2,0,2,0,0,0
A002426,R08,R08-M02,8,8,0,6,1,0,0
A002486,R08,R08-M02,2,2,0,2,2,0,0
A003073,R08,R08-M02,6,6,0,4,0,0,0
A003087,R08,R08-M02,1,1,0,1,1,0,0
A003199,R08,R08-M02,1,1,0,1,0,0,0
A003311,R08,R08-M02,8,7,1,6,3,0,1
A003379,R08,R08-M02,5,5,0,3,1,0,0
A003437,R08,R08-M02,3,3,0,2,0,0,0
A003497,R08,R08-M02,1,1,0,1,1,0,0
A003533,R08,R08-M02,4,4,0,4,2,0,0
A003697,R08,R08-M02,2,2,0,2,1,0,0
A003786,R08,R08-M02,2,2,0,2,2,0,0
A003898,R08,R08-M02,4,4,0,3,0,0,0
A004217,R08,R08-M02,2,2,0,2,1,0,0
A004368,R08,R08-M02,1,1,0,0,0,0,0
A004664,R08,R08-M02,1,1,0,1,0,0,0
A004670,R08,R08-M02,1,1,0,1,1,0,0
A004767,R08,R08-M02,4,4,0,3,2,1,1
A004791,R08,R08-M02,2,2,0,1,1,0,0
A004801,R08,R08-M02,2,2,0,2,2,0,0
A004843,R08,R08-M02,1,1,0,1,1,0,0
A005076,R08,R08-M02,7,7,0,4,2,0,0
A005151,R08,R08-M02,2,2,0,1,1,0,0
A005678,R08,R08-M02,1,1,0,1,0,0,0
A005720,R08,R08-M02,2,2,0,1,0,0,0
A005721,R08,R08-M02,3,3,0,2,1,0,0
A005849,R08,R08-M02,2,2,0,1,0,0,0
A005944,R08,R08-M02,6,6,0,5,3,0,0
A006095,R08,R08-M02,5,5,0,2,0,0,0
A006581,R08,R08-M02,1,1,0,1,1,0,0
A006737,R08,R08-M02,1,1,0,0,0,0,0
A006790,R08,R08-M02,12,11,1,9,5,1,2
A006917,R08,R08-M02,1,1,0,0,0,0,0
A006976,R08,R08-M02,2,2,0,1,0,0,0
A007017,R08,R08-M02,3,3,0,0,0,0,0
A007116,R08,R08-M02,3,3,0,3,3,1,1
A007652,R08,R08-M02,2,2,0,2,0,0,0
A007931,R08,R08-M02,2,2,0,1,1,0,0
A008360,R08,R08-M02,1,1,0,0,0,0,0
A008440,R08,R08-M02,2,2,0,2,2,0,0
A008705,R08,R08-M02,1,1,0,1,0,0,0
A008918,R08,R08-M02,4,4,0,4,2,0,0
A009041,R08,R08-M02,1,1,0,1,1,0,0
A009097,R08,R08-M02,1,1,0,1,1,0,0
A009384,R08,R08-M02,6,6,0,5,2,0,0
A009464,R08,R08-M02,6,6,0,3,2,0,0
A009623,R08,R08-M02,3,3,0,3,1,0,0
A009935,R08,R08-M02,2,2,0,2,0,0,0
A009978,R08,R08-M02,9,9,0,7,2,0,0
A010060,R08,R08-M02,3,3,0,2,2,0,0
A010668,R08,R08-M02,1,1,0,0,0,0,0
A011003,R08,R08-M02,4,4,0,2,0,0,0
A011050,R08,R08-M02,7,7,0,5,2,0,0
A011385,R08,R08-M02,2,2,0,2,2,0,0
A011388,R08,R08-M02,1,1,0,1,1,0,0
A011389,R08,R08-M02,2,1,1,2,0,0,1
A011459,R08,R08-M02,2,2,0,1,0,0,0
A011460,R08,R08-M02,1,1,0,1,0,0,0
A012034,R08,R08-M02,1,0,1,1,0,0,1
A012044,R08,R08-M02,2,2,0,2,1,0,0
A012194,R08,R08-M02,2,2,0,1,1,0,0
A012217,R08,R08-M02,2,2,0,2,1,1,1
A012299,R08,R08-M02,1,1,0,1,0,0,0
A012344,R08,R08-M02,4,4,0,2,1,0,0
A012458,R08,R08-M02,2,2,0,2,1,0,0
A012616,R08,R08-M02,4,4,0,4,2,0,0
A012630,R08,R08-M02,3,3,0,1,0,0,0
A012642,R08,R08-M02,6,6,0,5,2,0,0
A012654,R08,R08-M02,1,1,0,0,0,0,0
A013203,R08,R08-M02,1,1,0,1,0,0,0
A013299,R08,R08-M02,4,4,0,3,1,0,0
A013393,R08,R08-M02,2,2,0,1,0,0,0
A013506,R08,R08-M02,2,2,0,0,0,0,0
A013520,R08,R08-M02,2,2,0,2,1,0,0
A013676,R08,R08-M02,1,1,0,1,1,0,0
A013736,R08,R08-M02,10,10,0,7,3,0,0
A013775,R08,R08-M02,1,1,0,0,0,0,0
A013782,R08,R08-M02,3,3,0,2,0,0,0
A013791,R08,R08-M02,4,4,0,4,0,0,0
A013887,R08,R08-M02,1,1,0,1,0,0,0
A014204,R08,R08-M02,2,2,0,1,0,0,0
A014564,R08,R08-M02,2,2,0,2,1,0,0
A014647,R08,R08-M02,2,2,0,1,1,0,0
A014758,R08,R08-M02,3,3,0,3,2,0,0
A014840,R08,R08-M02,8,8,0,5,0,0,0
A015040,R08,R08-M02,1,1,0,1,1,1,1
A015105,R08,R08-M02,5,5,0,5,2,0,0
A015219,R08,R08-M02,1,1,0,1,0,0,0
A015229,R08,R08-M02,4,4,0,3,1,0,0
A015401,R08,R08-M02,2,2,0,1,1,0,0
A015402,R08,R08-M02,1,1,0,1,1,0,0
A015426,R08,R08-M02,4,4,0,3,1,0,0
A015634,R08,R08-M02,4,4,0,2,1,0,0
A015718,R08,R08-M02,2,2,0,2,1,0,0
A016094,R08,R08-M02,7,7,0,4,1,0,0
A016129,R08,R08-M02,2,2,0,1,1,0,0
A016144,R08,R08-M02,3,3,0,2,0,0,0
A016317,R08,R08-M02,3,3,0,2,1,0,0
A016370,R08,R08-M02,6,6,0,5,3,0,0
A016420,R08,R08-M02,2,2,0,1,0,0,0
A016620,R08,R08-M02,1,1,0,1,1,0,0
A016856,R08,R08-M02,6,6,0,5,1,0,0
A016957,R08,R08-M02,10,10,0,9,3,0,1
A017182,R08,R08-M02,4,4,0,2,2,1,1
A017192,R08,R08-M02,3,3,0,2,1,0,0
A017268,R08,R08-M02,1,0,1,1,1,0,1
A017428,R08,R08-M02,1,1,0,0,0,0,0
A017778,R08,R08-M02,2,2,0,1,1,0,0
A017849,R08,R08-M02,9,9,0,6,1,0,0
A000255,R08,R08-M03,1,1,0,1,0,0,0
A000474,R08,R08-M03,2,2,0,1,0,0,0
A000551,R08,R08-M03,2,2,0,1,0,0,0
A000575,R08,R08-M03,2,2,0,0,0,0,0
A000589,R08,R08-M03,2,2,0,2,0,0,0
A001619,R08,R08-M03,5,5,0,5,2,0,0
A001781,R08,R08-M03,1,1,0,1,0,0,0
A001790,R08,R08-M03,5,5,0,2,2,0,0
A002072,R08,R08-M03,2,2,0,2,1,1,1
A002880,R08,R08-M03,1,1,0,0,0,0,0
A002924,R08,R08-M03,2,2,0,2,1,1,1
A002991,R08,R08-M03,4,4,0,3,0,0,0
A003283,R08,R08-M03,2,1,1,1,1,0,1
A003285,R08,R08-M03,4,4,0,2,0,0,1
A003524,R08,R08-M03,2,2,0,1,1,0,0
A003525,R08,R08-M03,3,3,0,2,1,0,0
A003574,R08,R08-M03,3,3,0,1,0,0,1
A003604,R08,R08-M03,2,2,0,2,2,0,0
A003665,R08,R08-M03,2,2,0,1,1,0,0
A003701,R08,R08-M03,5,5,0,5,2,0,0
A003767,R08,R08-M03,7,6,1,3,1,0,1
A003967,R08,R08-M03,2,2,0,1,0,0,0
A004255,R08,R08-M03,2,2,0,1,1,0,0
A004417,R08,R08-M03,2,2,0,2,0,0,0
A004529,R08,R08-M03,8,8,0,8,2,0,0
A004551,R08,R08-M03,9,9,0,6,2,1,1
A004610,R08,R08-M03,4,4,0,1,0,0,0
A004651,R08,R08-M03,4,4,0,3,1,0,0
A004819,R08,R08-M03,1,1,0,1,1,0,0
A005138,R08,R08-M03,4,3,1,3,2,0,1
A005208,R08,R08-M03,2,2,0,1,0,0,1
A005296,R08,R08-M03,2,2,0,2,1,0,0
A005401,R08,R08-M03,1,1,0,1,0,0,0
A005607,R08,R08-M03,5,5,0,5,3,0,0
A005805,R08,R08-M03,4,4,0,3,0,0,0
A005901,R08,R08-M03,2,2,0,1,0,0,0
A005987,R08,R08-M03,5,5,0,5,3,0,0
A006140,R08,R08-M03,1,1,0,1,0,0,0
A006321,R08,R08-M03,3,3,0,2,0,0,0
A006418,R08,R08-M03,2,2,0,2,1,0,0
A006430,R08,R08-M03,5,4,1,4,1,0,1
A006707,R08,R08-M03,6,6,0,6,1,1,1
A007021,R08,R08-M03,2,2,0,2,0,0,0
A007074,R08,R08-M03,2,2,0,1,1,0,0
A007308,R08,R08-M03,4,4,0,4,4,0,0
A007426,R08,R08-M03,9,9,0,6,4,1,1
A007888,R08,R08-M03,7,7,0,4,1,0,0
A007936,R08,R08-M03,2,2,0,1,0,0,0
A007941,R08,R08-M03,3,3,0,3,0,0,0
A007971,R08,R08-M03,2,2,0,1,0,0,0
A008211,R08,R08-M03,6,6,0,4,1,0,0
A008212,R08,R08-M03,6,6,0,5,2,0,0
A008254,R08,R08-M03,4,4,0,0,0,0,0
A008428,R08,R08-M03,2,2,0,1,1,0,0
A008433,R08,R08-M03,7,7,0,4,1,0,0
A008477,R08,R08-M03,6,6,0,6,2,0,1
A008570,R08,R08-M03,5,5,0,3,0,0,0
A008807,R08,R08-M03,6,6,0,4,0,0,0
A009279,R08,R08-M03,1,0,1,1,1,0,1
A009359,R08,R08-M03,5,5,0,4,1,0,0
A009361,R08,R08-M03,2,2,0,2,0,0,0
A009837,R08,R08-M03,5,4,1,5,2,0,1
A010214,R08,R08-M03,1,1,0,0,0,0,0
A010250,R08,R08-M03,5,5,0,2,2,0,0
A010282,R08,R08-M03,3,3,0,3,2,0,0
A010586,R08,R08-M03,4,4,0,3,2,0,0
A010621,R08,R08-M03,5,5,0,5,3,0,0
A010676,R08,R08-M03,7,7,0,3,2,0,0
A010838,R08,R08-M03,1,1,0,1,0,0,0
A011051,R08,R08-M03,4,4,0,2,0,0,0
A011099,R08,R08-M03,5,5,0,4,2,0,0
A011151,R08,R08-M03,3,3,0,2,1,0,0
A011283,R08,R08-M03,3,3,0,3,2,0,0
A011308,R08,R08-M03,1,1,0,1,1,0,0
A011651,R08,R08-M03,4,4,0,2,0,0,0
A011759,R08,R08-M03,2,2,0,0,0,0,0
A011826,R08,R08-M03,14,14,0,9,1,0,0
A011844,R08,R08-M03,4,4,0,4,2,0,1
A011902,R08,R08-M03,1,1,0,1,0,0,0
A012065,R08,R08-M03,5,5,0,4,1,0,0
A012427,R08,R08-M03,4,3,1,4,2,0,1
A012789,R08,R08-M03,3,3,0,2,2,0,0
A012873,R08,R08-M03,3,3,0,3,1,0,0
A013027,R08,R08-M03,1,1,0,0,0,0,0
A013149,R08,R08-M03,1,1,0,1,0,0,0
A013510,R08,R08-M03,4,4,0,4,2,0,0
A013668,R08,R08-M03,12,12,0,8,5,0,0
A013689,R08,R08-M03,1,1,0,1,0,0,0
A013933,R08,R08-M03,2,2,0,2,2,0,0
A014010,R08,R08-M03,1,1,0,1,1,0,0
A014035,R08,R08-M03,2,2,0,2,1,0,0
A014814,R08,R08-M03,1,1,0,1,1,0,0
A014824,R08,R08-M03,3,3,0,2,0,0,1
A014852,R08,R08-M03,3,3,0,2,2,0,0
A014916,R08,R08-M03,3,3,0,3,1,0,0
A015188,R08,R08-M03,4,4,0,4,3,0,0
A015251,R08,R08-M03,3,3,0,3,1,0,0
A015258,R08,R08-M03,5,5,0,4,1,0,0
A015446,R08,R08-M03,1,1,0,1,0,0,0
A015605,R08,R08-M03,6,6,0,6,2,0,0
A015827,R08,R08-M03,4,4,0,3,2,0,0
A015927,R08,R08-M03,5,5,0,3,2,0,0
A015933,R08,R08-M03,2,2,0,2,0,0,0
A016076,R08,R08-M03,5,5,0,5,1,0,0
A016445,R08,R08-M03,5,5,0,4,0,0,0
A016535,R08,R08-M03,1,1,0,1,0,0,0
A016615,R08,R08-M03,2,2,0,2,1,0,0
A016711,R08,R08-M03,7,7,0,7,4,0,0
A016792,R08,R08-M03,1,1,0,1,0,0,0
A016851,R08,R08-M03,2,1,1,2,0,0,1
A016931,R08,R08-M03,11,11,0,6,2,0,0
A017053,R08,R08-M03,3,3,0,3,2,0,0
A017365,R08,R08-M03,1,1,0,1,0,0,0
A017497,R08,R08-M03,4,4,0,4,2,0,0
A017522,R08,R08-M03,4,4,0,1,1,0,0
A017747,R08,R08-M03,2,2,0,2,1,0,0
A000050,R08,R08-M04,2,2,0,1,0,0,0
A000176,R08,R08-M04,3,3,0,2,1,0,0
A000177,R08,R08-M04,3,2,1,1,0,0,1
A000423,R08,R08-M04,1,1,0,1,0,0,0
A000455,R08,R08-M04,5,5,0,3,3,0,0
A000591,R08,R08-M04,1,1,0,0,0,0,0
A000658,R08,R08-M04,1,1,0,1,0,0,0
A000940,R08,R08-M04,3,3,0,3,0,0,0
A000970,R08,R08-M04,1,1,0,0,0,0,0
A001415,R08,R08-M04,5,5,0,3,1,0,0
A001463,R08,R08-M04,6,6,0,4,3,0,0
A001477,R08,R08-M04,2,2,0,2,1,0,0
A001522,R08,R08-M04,1,1,0,1,0,0,0
A001567,R08,R08-M04,2,2,0,2,1,0,0
A001603,R08,R08-M04,3,3,0,3,3,0,0
A001824,R08,R08-M04,4,4,0,3,0,0,0
A002035,R08,R08-M04,5,5,0,2,0,0,0
A002083,R08,R08-M04,2,2,0,1,1,0,0
A002317,R08,R08-M04,3,3,0,1,0,0,0
A002351,R08,R08-M04,2,2,0,2,1,0,0
A002483,R08,R08-M04,4,4,0,3,0,0,0
A002648,R08,R08-M04,2,2,0,1,0,0,0
A002726,R08,R08-M04,4,4,0,2,0,0,0
A002758,R08,R08-M04,1,1,0,1,0,0,0
A002949,R08,R08-M04,2,2,0,2,0,0,0
A003021,R08,R08-M04,5,4,1,3,1,0,1
A003050,R08,R08-M04,2,2,0,0,0,0,0
A003186,R08,R08-M04,3,3,0,2,0,0,0
A003475,R08,R08-M04,7,7,0,4,4,0,0
A003621,R08,R08-M04,4,4,0,3,0,0,0
A004264,R08,R08-M04,3,3,0,2,2,0,0
A004507,R08,R08-M04,4,3,1,2,0,0,1
A004598,R08,R08-M04,1,1,0,1,1,0,0
A004647,R08,R08-M04,1,1,0,0,0,0,0
A004790,R08,R08-M04,3,3,0,3,1,0,0
A005003,R08,R08-M04,2,2,0,1,1,0,0
A005032,R08,R08-M04,1,1,0,0,0,0,0
A005205,R08,R08-M04,3,3,0,3,1,0,0
A005311,R08,R08-M04,4,4,0,3,2,0,0
A005370,R08,R08-M04,3,3,0,2,0,0,0
A005384,R08,R08-M04,1,1,0,1,1,0,0
A005503,R08,R08-M04,2,2,0,2,0,0,0
A005604,R08,R08-M04,1,1,0,0,0,0,0
A005756,R08,R08-M04,3,3,0,1,0,0,0
A005928,R08,R08-M04,4,4,0,3,2,0,0
A006051,R08,R08-M04,5,5,0,2,1,1,1
A006492,R08,R08-M04,2,2,0,1,1,0,0
A006730,R08,R08-M04,2,2,0,1,0,0,0
A006908,R08,R08-M04,8,8,0,5,1,0,0
A006956,R08,R08-M04,2,2,0,2,0,0,0
A007148,R08,R08-M04,7,7,0,5,5,0,0
A007335,R08,R08-M04,1,1,0,1,0,0,0
A007336,R08,R08-M04,8,8,0,5,2,0,0
A007519,R08,R08-M04,1,1,0,1,1,0,0
A007737,R08,R08-M04,6,5,1,6,3,0,2
A007790,R08,R08-M04,2,2,0,1,0,0,0
A008080,R08,R08-M04,4,4,0,3,1,0,0
A008233,R08,R08-M04,9,9,0,8,3,0,0
A008245,R08,R08-M04,4,4,0,4,2,1,1
A008281,R08,R08-M04,2,2,0,2,1,0,0
A008371,R08,R08-M04,7,6,1,5,1,1,2
A008452,R08,R08-M04,8,8,0,7,2,0,0
A008556,R08,R08-M04,7,7,0,4,2,1,1
A008650,R08,R08-M04,4,4,0,2,0,0,0
A008752,R08,R08-M04,6,6,0,3,0,0,0
A008933,R08,R08-M04,1,1,0,1,1,0,0
A008999,R08,R08-M04,4,4,0,1,1,0,0
A009193,R08,R08-M04,1,1,0,1,0,0,0
A009250,R08,R08-M04,1,1,0,1,0,0,0
A009296,R08,R08-M04,3,3,0,2,1,1,1
A009332,R08,R08-M04,4,4,0,3,1,0,0
A009501,R08,R08-M04,1,1,0,1,0,0,0
A009848,R08,R08-M04,4,4,0,2,1,0,0
A010020,R08,R08-M04,7,7,0,5,1,0,1
A010190,R08,R08-M04,4,4,0,4,3,0,0
A010408,R08,R08-M04,5,5,0,4,4,0,0
A010426,R08,R08-M04,2,2,0,1,0,0,0
A010556,R08,R08-M04,4,4,0,3,2,0,0
A011204,R08,R08-M04,1,1,0,0,0,0,0
A011420,R08,R08-M04,2,2,0,2,2,1,1
A011452,R08,R08-M04,4,3,1,3,0,0,1
A011536,R08,R08-M04,2,2,0,2,0,0,0
A012514,R08,R08-M04,4,4,0,2,1,0,0
A012522,R08,R08-M04,2,2,0,1,0,0,0
A012917,R08,R08-M04,5,5,0,4,0,0,0
A013138,R08,R08-M04,1,1,0,1,0,0,0
A013208,R08,R08-M04,6,6,0,4,2,0,0
A013312,R08,R08-M04,1,1,0,1,0,0,0
A013803,R08,R08-M04,1,1,0,1,1,0,0
A013817,R08,R08-M04,3,3,0,3,2,0,0
A013983,R08,R08-M04,10,10,0,5,1,0,0
A013987,R08,R08-M04,5,5,0,4,1,1,1
A014075,R08,R08-M04,2,2,0,0,0,0,0
A014158,R08,R08-M04,1,1,0,1,1,0,0
A014251,R08,R08-M04,5,5,0,4,3,0,0
A014333,R08,R08-M04,3,3,0,2,2,0,0
A014678,R08,R08-M04,1,1,0,1,1,0,0
A015340,R08,R08-M04,5,5,0,0,0,0,0
A015430,R08,R08-M04,3,3,0,3,0,0,0
A015484,R08,R08-M04,6,5,1,4,2,0,1
A015581,R08,R08-M04,2,2,0,2,0,0,0
A015673,R08,R08-M04,1,1,0,1,1,0,0
A015741,R08,R08-M04,1,1,0,1,0,0,0
A015856,R08,R08-M04,11,11,0,5,4,0,0
A015912,R08,R08-M04,2,2,0,1,1,0,0
A016093,R08,R08-M04,5,4,1,3,3,0,1
A016394,R08,R08-M04,1,1,0,0,0,0,0
A016655,R08,R08-M04,1,1,0,1,0,0,0
A016707,R08,R08-M04,5,5,0,3,1,0,0
A016735,R08,R08-M04,2,2,0,1,0,0,0
A016854,R08,R08-M04,3,3,0,2,1,0,0
A016955,R08,R08-M04,3,3,0,2,1,0,0
A017073,R08,R08-M04,4,4,0,4,3,0,0
A017292,R08,R08-M04,1,1,0,1,1,0,0
A017521,R08,R08-M04,2,2,0,1,0,0,0
A017623,R08,R08-M04,5,5,0,4,2,0,0
A017732,R08,R08-M04,2,2,0,2,1,0,0
A017885,R08,R08-M04,4,4,0,3,1,0,0
A018000,R08,R08-M04,1,1,0,0,0,0,0
A000037,R09,R09-M01,2,2,0,0,0,0,0
A000064,R09,R09-M01,3,3,0,1,1,0,0
A000155,R09,R09-M01,2,2,0,2,0,0,0
A000200,R09,R09-M01,3,3,0,3,2,0,0
A000216,R09,R09-M01,4,4,0,2,0,0,0
A000231,R09,R09-M01,5,5,0,3,1,0,0
A000295,R09,R09-M01,1,1,0,0,0,0,0
A000345,R09,R09-M01,3,3,0,3,2,0,0
A000403,R09,R09-M01,11,11,0,9,3,0,0
A000472,R09,R09-M01,7,7,0,4,1,0,0
A000706,R09,R09-M01,1,1,0,0,0,0,0
A000750,R09,R09-M01,5,5,0,3,0,0,0
A000786,R09,R09-M01,1,1,0,0,0,0,0
A000797,R09,R09-M01,3,3,0,3,2,0,0
A000829,R09,R09-M01,2,2,0,2,1,0,0
A001014,R09,R09-M01,2,2,0,2,2,0,0
A001046,R09,R09-M01,6,6,0,5,5,0,0
A001056,R09,R09-M01,4,4,0,4,0,0,0
A001071,R09,R09-M01,5,5,0,3,2,0,0
A001154,R09,R09-M01,2,2,0,2,0,0,0
A001339,R09,R09-M01,6,6,0,2,1,0,0
A001353,R09,R09-M01,1,1,0,0,0,0,0
A001362,R09,R09-M01,4,4,0,3,2,0,0
A001394,R09,R09-M01,10,10,0,4,2,0,0
A001400,R09,R09-M01,2,2,0,1,1,0,0
A001410,R09,R09-M01,7,7,0,6,4,0,0
A001417,R09,R09-M01,10,10,0,9,6,0,0
A001459,R09,R09-M01,4,4,0,3,2,0,0
A001520,R09,R09-M01,9,9,0,7,4,1,1
A001534,R09,R09-M01,3,3,0,0,0,0,0
A001640,R09,R09-M01,2,2,0,2,1,0,0
A001659,R09,R09-M01,3,3,0,3,0,0,0
A001739,R09,R09-M01,15,15,0,11,8,0,0
A001828,R09,R09-M01,1,1,0,1,0,0,0
A001830,R09,R09-M01,3,3,0,2,2,0,0
A001894,R09,R09-M01,3,3,0,3,1,1,1
A001972,R09,R09-M01,2,2,0,1,0,0,0
A002016,R09,R09-M01,1,1,0,0,0,0,0
A002055,R09,R09-M01,5,5,0,2,1,0,0
A002104,R09,R09-M01,1,1,0,0,0,0,0
A002209,R09,R09-M01,6,6,0,4,2,0,0
A002217,R09,R09-M01,2,2,0,2,2,0,0
A002252,R09,R09-M01,2,2,0,2,0,0,0
A002280,R09,R09-M01,15,15,0,10,3,0,0
A002340,R09,R09-M01,3,3,0,2,2,0,0
A002349,R09,R09-M01,6,6,0,4,1,0,0
A002372,R09,R09-M01,4,4,0,2,1,0,1
A002420,R09,R09-M01,2,2,0,2,0,0,0
A002555,R09,R09-M01,3,3,0,2,2,0,0
A002591,R09,R09-M01,1,1,0,1,1,0,0
A002632,R09,R09-M01,3,3,0,2,1,0,0
A002807,R09,R09-M01,4,4,0,1,1,0,0
A002811,R09,R09-M01,3,3,0,1,0,0,0
A002837,R09,R09-M01,2,2,0,1,0,0,1
A002841,R09,R09-M01,4,4,0,3,0,0,0
A002847,R09,R09-M01,4,4,0,2,1,0,0
A002851,R09,R09-M01,8,8,0,6,3,0,0
A002927,R09,R09-M01,2,2,0,2,1,0,0
A003010,R09,R09-M01,2,2,0,2,1,0,0
A003014,R09,R09-M01,20,20,0,11,6,0,0
A003110,R09,R09-M01,4,4,0,3,1,0,0
A003247,R09,R09-M01,4,4,0,2,1,0,0
A003250,R09,R09-M01,11,10,1,6,1,0,1
A003254,R09,R09-M01,1,1,0,0,0,0,0
A003309,R09,R09-M01,2,2,0,1,0,0,0
A003360,R09,R09-M01,4,4,0,2,1,0,0
A003375,R09,R09-M01,4,4,0,4,3,0,0
A003409,R09,R09-M01,1,1,0,0,0,0,0
A003440,R09,R09-M01,1,1,0,1,0,0,0
A003445,R09,R09-M01,20,20,0,16,9,1,1
A003481,R09,R09-M01,1,1,0,1,1,0,0
A003564,R09,R09-M01,4,4,0,2,1,0,0
A003589,R09,R09-M01,5,5,0,3,2,0,0
A003616,R09,R09-M01,4,4,0,3,0,0,0
A003642,R09,R09-M01,16,16,0,11,4,0,0
A003843,R09,R09-M01,6,6,0,5,1,0,0
A003894,R09,R09-M01,2,2,0,1,1,0,0
A003948,R09,R09-M01,11,11,0,5,3,0,0
A003970,R09,R09-M01,2,2,0,1,0,0,0
A003972,R09,R09-M01,1,1,0,1,1,0,0
A004002,R09,R09-M01,2,2,0,0,0,0,0
A004010,R09,R09-M01,1,1,0,1,0,0,0
A004124,R09,R09-M01,10,10,0,7,2,0,0
A004276,R09,R09-M01,2,2,0,2,2,0,0
A004366,R09,R09-M01,3,2,1,3,1,0,1
A004431,R09,R09-M01,13,12,1,10,5,0,1
A004443,R09,R09-M01,1,1,0,1,0,0,0
A004454,R09,R09-M01,2,2,0,1,0,0,0
A004508,R09,R09-M01,2,2,0,1,0,0,0
A004524,R09,R09-M01,6,6,0,5,1,0,1
A004547,R09,R09-M01,3,3,0,3,1,0,0
A004565,R09,R09-M01,3,3,0,2,1,0,1
A004719,R09,R09-M01,1,1,0,1,0,0,0
A004725,R09,R09-M01,6,6,0,4,2,0,0
A004785,R09,R09-M01,2,2,0,2,0,0,0
A004818,R09,R09-M01,3,3,0,2,1,0,0
A004851,R09,R09-M01,6,6,0,4,2,0,0
A004895,R09,R09-M01,1,1,0,1,1,1,1
A004896,R09,R09-M01,3,3,0,2,1,0,0
A004915,R09,R09-M01,6,6,0,2,2,0,0
A004946,R09,R09-M01,6,6,0,6,3,0,0
A004968,R09,R09-M01,7,7,0,6,3,1,1
A005023,R09,R09-M01,17,17,0,11,4,1,1
A005037,R09,R09-M01,6,6,0,4,2,0,0
A005065,R09,R09-M01,5,5,0,4,3,0,0
A005099,R09,R09-M01,4,4,0,3,0,0,0
A005127,R09,R09-M01,12,11,1,9,6,2,3
A005238,R09,R09-M01,8,8,0,5,2,0,0
A005258,R09,R09-M01,5,5,0,2,1,0,1
A005431,R09,R09-M01,3,3,0,1,0,0,0
A005517,R09,R09-M01,3,3,0,3,0,0,0
A005571,R09,R09-M01,7,7,0,3,0,0,0
A005649,R09,R09-M01,7,7,0,4,3,1,1
A005722,R09,R09-M01,2,2,0,1,0,0,0
A005764,R09,R09-M01,12,12,0,7,4,0,0
A005766,R09,R09-M01,3,3,0,2,0,0,0
A005795,R09,R09-M01,5,4,1,5,1,0,1
A005798,R09,R09-M01,6,6,0,3,1,0,0
A005835,R09,R09-M01,7,7,0,4,1,0,0
A005837,R09,R09-M01,9,9,0,7,2,0,0
A005867,R09,R09-M01,1,1,0,1,1,0,0
A005873,R09,R09-M01,3,3,0,2,1,0,0
A005911,R09,R09-M01,2,2,0,2,0,0,0
A005920,R09,R09-M01,6,6,0,5,2,0,1
A005952,R09,R09-M01,5,5,0,4,1,0,0
A006005,R09,R09-M01,2,2,0,1,0,0,0
A006016,R09,R09-M01,3,3,0,3,1,0,0
A006031,R09,R09-M01,3,3,0,1,0,0,0
A006042,R09,R09-M01,3,3,0,2,2,0,0
A006072,R09,R09-M01,2,2,0,2,0,0,0
A006137,R09,R09-M01,4,4,0,3,1,1,1
A006205,R09,R09-M01,5,4,1,3,1,0,1
A006220,R09,R09-M01,2,2,0,1,1,0,0
A006267,R09,R09-M01,6,6,0,3,1,0,0
A006341,R09,R09-M01,5,5,0,4,3,1,1
A006438,R09,R09-M01,4,4,0,3,1,0,0
A006507,R09,R09-M01,2,2,0,1,0,0,0
A006512,R09,R09-M01,9,9,0,7,5,0,0
A006515,R09,R09-M01,3,3,0,2,1,0,0
A006758,R09,R09-M01,3,3,0,1,1,0,0
A006791,R09,R09-M01,6,5,1,5,2,2,3
A006866,R09,R09-M01,1,1,0,0,0,0,0
A006921,R09,R09-M01,1,1,0,1,0,0,0
A006929,R09,R09-M01,7,7,0,4,2,0,0
A006979,R09,R09-M01,3,3,0,3,2,1,2
A007016,R09,R09-M01,2,2,0,1,1,0,0
A007019,R09,R09-M01,5,5,0,4,1,0,0
A007086,R09,R09-M01,5,5,0,4,2,0,0
A007121,R09,R09-M01,6,6,0,4,2,0,0
A007133,R09,R09-M01,2,2,0,1,0,0,0
A007188,R09,R09-M01,2,2,0,2,1,0,0
A007190,R09,R09-M01,5,5,0,3,3,0,0
A007200,R09,R09-M01,4,4,0,2,1,0,1
A007217,R09,R09-M01,5,5,0,4,2,1,1
A007224,R09,R09-M01,4,4,0,3,2,0,0
A007235,R09,R09-M01,7,7,0,5,0,0,0
A007261,R09,R09-M01,8,8,0,3,2,0,0
A007284,R09,R09-M01,8,8,0,7,2,0,0
A007300,R09,R09-M01,3,3,0,3,2,1,1
A007401,R09,R09-M01,4,4,0,3,1,0,0
A007418,R09,R09-M01,2,2,0,2,1,0,0
A007463,R09,R09-M01,3,3,0,0,0,0,0
A007485,R09,R09-M01,6,6,0,4,3,0,0
A007520,R09,R09-M01,7,7,0,5,1,1,2
A007636,R09,R09-M01,1,1,0,1,1,0,0
A007640,R09,R09-M01,17,16,1,12,5,0,1
A007782,R09,R09-M01,2,2,0,2,1,0,0
A007829,R09,R09-M01,8,8,0,6,2,0,0
A007866,R09,R09-M01,4,4,0,2,0,0,1
A007934,R09,R09-M01,9,9,0,7,5,0,0
A008074,R09,R09-M01,2,2,0,1,0,0,0
A008125,R09,R09-M01,3,3,0,1,0,0,0
A008137,R09,R09-M01,9,9,0,7,4,0,0
A008146,R09,R09-M01,2,2,0,1,0,0,0
A008154,R09,R09-M01,11,11,0,8,4,0,0
A008182,R09,R09-M01,2,2,0,1,1,0,0
A008198,R09,R09-M01,3,3,0,2,0,0,0
A008263,R09,R09-M01,5,5,0,5,2,0,0
A008267,R09,R09-M01,5,5,0,4,1,1,1
A008312,R09,R09-M01,3,3,0,2,0,0,0
A008350,R09,R09-M01,3,3,0,3,1,0,1
A008357,R09,R09-M01,6,6,0,4,2,0,0
A008386,R09,R09-M01,6,6,0,3,3,0,0
A008434,R09,R09-M01,9,9,0,5,4,0,0
A008454,R09,R09-M01,1,1,0,0,0,0,0
A008543,R09,R09-M01,5,5,0,5,0,0,0
A008565,R09,R09-M01,7,7,0,7,4,0,1
A008613,R09,R09-M01,2,2,0,2,1,0,0
A008642,R09,R09-M01,5,4,1,3,1,0,1
A008754,R09,R09-M01,6,6,0,6,1,0,1
A008810,R09,R09-M01,10,10,0,7,4,0,0
A008822,R09,R09-M01,4,4,0,3,2,0,0
A008889,R09,R09-M01,3,3,0,3,0,0,0
A008925,R09,R09-M01,4,4,0,3,1,0,0
A009057,R09,R09-M01,4,4,0,4,2,1,1
A009061,R09,R09-M01,2,2,0,2,1,0,0
A009103,R09,R09-M01,1,1,0,0,0,0,0
A009141,R09,R09-M01,2,2,0,0,0,0,0
A009176,R09,R09-M01,3,3,0,3,2,1,1
A009184,R09,R09-M01,1,1,0,1,1,1,1
A009187,R09,R09-M01,3,3,0,1,0,0,0
A009188,R09,R09-M01,2,2,0,1,1,0,0
A009226,R09,R09-M01,8,8,0,3,2,0,0
A009247,R09,R09-M01,9,9,0,5,3,0,0
A009263,R09,R09-M01,3,3,0,1,0,0,0
A009274,R09,R09-M01,4,4,0,3,2,0,0
A009287,R09,R09-M01,6,6,0,4,2,0,0
A009293,R09,R09-M01,2,2,0,2,2,0,0
A009327,R09,R09-M01,1,1,0,1,0,0,0
A009329,R09,R09-M01,1,1,0,0,0,0,0
A009426,R09,R09-M01,3,3,0,2,1,0,0
A009458,R09,R09-M01,6,6,0,5,1,0,1
A009495,R09,R09-M01,6,6,0,3,1,0,0
A009659,R09,R09-M01,1,1,0,1,1,0,0
A009690,R09,R09-M01,11,10,1,8,5,0,1
A009787,R09,R09-M01,4,4,0,2,1,0,0
A009819,R09,R09-M01,3,3,0,1,0,0,0
A009826,R09,R09-M01,2,2,0,2,1,0,0
A009857,R09,R09-M01,6,6,0,5,3,0,1
A009946,R09,R09-M01,2,2,0,1,1,0,0
A010111,R09,R09-M01,2,2,0,0,0,0,0
A010176,R09,R09-M01,3,3,0,3,1,0,0
A010216,R09,R09-M01,9,9,0,9,3,0,0
A010240,R09,R09-M01,1,1,0,1,1,0,0
A010278,R09,R09-M01,4,4,0,3,0,0,0
A010337,R09,R09-M01,2,2,0,1,0,0,0
A010484,R09,R09-M01,2,2,0,1,0,0,0
A010494,R09,R09-M01,1,1,0,0,0,0,0
A010525,R09,R09-M01,4,4,0,3,2,0,0
A010527,R09,R09-M01,1,1,0,0,0,0,0
A010560,R09,R09-M01,5,5,0,2,0,0,0
A010561,R09,R09-M01,7,7,0,4,4,0,0
A010591,R09,R09-M01,4,4,0,4,2,1,1
A010609,R09,R09-M01,2,2,0,1,1,0,0
A010627,R09,R09-M01,3,3,0,1,1,1,1
A010634,R09,R09-M01,20,20,0,13,5,1,1
A010721,R09,R09-M01,10,10,0,10,3,0,0
A010807,R09,R09-M01,7,7,0,3,1,0,0
A010868,R09,R09-M01,5,5,0,5,3,0,0
A010894,R09,R09-M01,10,9,1,7,5,0,1
A010908,R09,R09-M01,14,13,1,10,3,0,1
A011007,R09,R09-M01,7,7,0,4,1,0,0
A011166,R09,R09-M01,8,8,0,6,1,0,0
A011303,R09,R09-M01,1,1,0,1,1,0,0
A011311,R09,R09-M01,4,4,0,2,2,1,1
A011359,R09,R09-M01,2,2,0,0,0,0,0
A011386,R09,R09-M01,2,2,0,2,2,0,0
A011392,R09,R09-M01,6,5,1,6,3,0,1
A011402,R09,R09-M01,2,2,0,2,0,0,0
A011501,R09,R09-M01,2,2,0,1,1,0,0
A011538,R09,R09-M01,5,5,0,1,0,0,0
A011591,R09,R09-M01,6,6,0,4,0,0,0
A011642,R09,R09-M01,4,4,0,3,1,0,1
A011659,R09,R09-M01,4,4,0,3,1,0,0
A011670,R09,R09-M01,15,15,0,11,5,0,0
A011763,R09,R09-M01,1,1,0,1,1,0,0
A011807,R09,R09-M01,8,8,0,4,1,0,0
A011855,R09,R09-M01,7,6,1,6,2,0,1
A011874,R09,R09-M01,3,3,0,2,0,0,0
A011969,R09,R09-M01,12,11,1,11,5,0,1
A011987,R09,R09-M01,6,6,0,3,3,0,0
A011998,R09,R09-M01,5,4,1,4,3,0,1
A012097,R09,R09-M01,3,3,0,3,1,0,0
A012133,R09,R09-M01,8,8,0,4,1,0,0
A012225,R09,R09-M01,5,4,1,4,0,0,1
A012235,R09,R09-M01,4,4,0,2,0,0,1
A012268,R09,R09-M01,2,2,0,2,2,0,0
A012329,R09,R09-M01,4,4,0,3,0,0,0
A012372,R09,R09-M01,7,7,0,4,1,1,1
A012411,R09,R09-M01,3,3,0,3,0,0,0
A012435,R09,R09-M01,1,1,0,1,1,0,0
A012503,R09,R09-M01,9,9,0,8,5,0,0
A012517,R09,R09-M01,1,1,0,1,0,0,0
A012600,R09,R09-M01,6,6,0,4,1,0,0
A012627,R09,R09-M01,7,7,0,6,1,0,0
A012656,R09,R09-M01,4,4,0,2,1,0,0
A012731,R09,R09-M01,3,3,0,3,0,0,0
A012807,R09,R09-M01,2,2,0,2,0,0,0
A012866,R09,R09-M01,6,6,0,5,4,1,1
A012998,R09,R09-M01,10,8,2,7,4,0,2
A013058,R09,R09-M01,14,14,0,12,4,0,1
A013179,R09,R09-M01,3,3,0,2,0,0,0
A013383,R09,R09-M01,4,4,0,2,2,0,0
A013468,R09,R09-M01,4,4,0,3,0,0,0
A013494,R09,R09-M01,4,4,0,4,2,0,0
A013619,R09,R09-M01,13,13,0,6,1,0,0
A013677,R09,R09-M01,7,7,0,3,1,0,0
A013819,R09,R09-M01,2,2,0,1,0,0,0
A013867,R09,R09-M01,1,1,0,1,1,0,0
A013881,R09,R09-M01,8,7,1,5,1,0,1
A013909,R09,R09-M01,1,1,0,1,1,0,0
A013945,R09,R09-M01,1,1,0,0,0,0,0
A013997,R09,R09-M01,7,7,0,5,3,0,0
A014013,R09,R09-M01,2,2,0,2,2,0,0
A014030,R09,R09-M01,3,3,0,2,1,0,0
A014153,R09,R09-M01,1,1,0,1,0,0,0
A014178,R09,R09-M01,11,10,1,4,1,0,2
A014214,R09,R09-M01,9,9,0,9,3,0,0
A014237,R09,R09-M01,9,9,0,9,4,0,0
A014294,R09,R09-M01,3,3,0,2,2,0,0
A014343,R09,R09-M01,3,3,0,3,0,0,0
A014355,R09,R09-M01,6,6,0,4,2,0,0
A014360,R09,R09-M01,10,10,0,7,4,1,1
A014421,R09,R09-M01,14,14,0,8,3,0,0
A014453,R09,R09-M01,3,3,0,2,1,0,0
A014474,R09,R09-M01,3,3,0,1,1,0,0
A014514,R09,R09-M01,1,1,0,0,0,0,0
A014541,R09,R09-M01,7,7,0,6,4,0,0
A014552,R09,R09-M01,5,5,0,5,2,0,0
A014601,R09,R09-M01,1,1,0,0,0,0,0
A014618,R09,R09-M01,3,3,0,1,1,0,0
A014653,R09,R09-M01,6,6,0,4,0,0,1
A014701,R09,R09-M01,9,9,0,8,1,0,1
A014702,R09,R09-M01,2,2,0,1,0,0,0
A014719,R09,R09-M01,5,5,0,3,1,1,1
A014747,R09,R09-M01,7,7,0,7,2,1,1
A014748,R09,R09-M01,4,4,0,4,3,0,0
A014781,R09,R09-M01,11,11,0,8,5,2,2
A014800,R09,R09-M01,1,1,0,0,0,0,0
A014926,R09,R09-M01,6,6,0,3,0,0,0
A014989,R09,R09-M01,4,4,0,3,1,0,0
A015106,R09,R09-M01,4,3,1,2,0,0,2
A015132,R09,R09-M01,1,1,0,0,0,0,0
A015207,R09,R09-M01,6,6,0,5,4,1,1
A015273,R09,R09-M01,3,3,0,3,1,0,0
A015288,R09,R09-M01,9,9,0,4,1,0,0
A015301,R09,R09-M01,5,5,0,3,1,0,0
A015335,R09,R09-M01,1,1,0,1,0,0,0
A015379,R09,R09-M01,4,4,0,3,2,0,0
A015385,R09,R09-M01,7,7,0,4,0,0,0
A015442,R09,R09-M01,7,7,0,5,2,1,1
A015465,R09,R09-M01,1,1,0,1,0,0,0
A015506,R09,R09-M01,5,5,0,3,0,0,0
A015573,R09,R09-M01,2,2,0,1,0,0,0
A015678,R09,R09-M01,4,4,0,4,1,0,0
A015736,R09,R09-M01,4,4,0,4,2,0,0
A015814,R09,R09-M01,5,5,0,4,2,0,0
A015899,R09,R09-M01,2,2,0,1,0,0,0
A015983,R09,R09-M01,1,1,0,0,0,0,0
A016040,R09,R09-M01,2,2,0,1,0,0,0
A016063,R09,R09-M01,7,7,0,6,3,0,0
A016141,R09,R09-M01,1,1,0,1,0,0,0
A016205,R09,R09-M01,1,1,0,1,1,0,0
A016312,R09,R09-M01,1,1,0,1,1,0,0
A016331,R09,R09-M01,2,2,0,1,0,0,0
A016367,R09,R09-M01,3,3,0,3,0,0,0
A016426,R09,R09-M01,6,6,0,5,1,0,0
A016453,R09,R09-M01,1,1,0,1,1,0,0
A016480,R09,R09-M01,1,1,0,1,0,0,0
A016511,R09,R09-M01,1,1,0,1,0,0,0
A016519,R09,R09-M01,11,11,0,7,0,0,0
A016569,R09,R09-M01,1,1,0,1,0,0,0
A016592,R09,R09-M01,6,6,0,4,3,1,1
A016651,R09,R09-M01,4,4,0,4,0,0,1
A016670,R09,R09-M01,6,6,0,6,4,1,1
A016803,R09,R09-M01,4,4,0,4,0,0,0
A016835,R09,R09-M01,3,3,0,1,1,0,0
A016841,R09,R09-M01,2,2,0,2,1,0,0
A016865,R09,R09-M01,3,3,0,2,0,0,0
A016924,R09,R09-M01,13,13,0,11,3,0,1
A017020,R09,R09-M01,6,5,1,4,2,0,2
A017029,R09,R09-M01,5,5,0,3,1,0,0
A017212,R09,R09-M01,2,1,1,2,1,0,1
A017329,R09,R09-M01,5,5,0,2,2,1,1
A017393,R09,R09-M01,7,7,0,5,2,0,0
A017401,R09,R09-M01,8,8,0,7,4,0,0
A017468,R09,R09-M01,2,2,0,2,1,0,0
A017488,R09,R09-M01,1,1,0,1,1,0,0
A017500,R09,R09-M01,1,1,0,1,1,0,0
A017548,R09,R09-M01,9,8,1,7,2,0,1
A017560,R09,R09-M01,2,2,0,2,1,0,0
A017604,R09,R09-M01,6,6,0,5,0,0,0
A017648,R09,R09-M01,15,15,0,12,7,0,0
A017654,R09,R09-M01,4,4,0,2,1,0,0
A017676,R09,R09-M01,4,4,0,3,2,0,0
A017699,R09,R09-M01,20,20,0,14,7,0,0
A017706,R09,R09-M01,7,6,1,4,0,0,1
A017712,R09,R09-M01,3,3,0,1,1,0,0
A017794,R09,R09-M01,5,5,0,4,2,0,0
A017869,R09,R09-M01,12,12,0,9,1,0,1
A017929,R09,R09-M01,3,2,1,3,1,0,1
A000003,R09,R09-M02,2,2,0,2,0,0,0
A000026,R09,R09-M02,4,4,0,2,2,0,0
A000043,R09,R09-M02,1,1,0,1,0,0,0
A000136,R09,R09-M02,1,1,0,1,1,0,0
A000188,R09,R09-M02,6,6,0,4,2,0,0
A000201,R09,R09-M02,9,9,0,7,1,0,0
A000212,R09,R09-M02,7,7,0,6,2,0,0
A000213,R09,R09-M02,9,8,1,8,5,0,1
A000268,R09,R09-M02,1,1,0,0,0,0,0
A000348,R09,R09-M02,1,1,0,1,1,0,0
A000381,R09,R09-M02,2,2,0,2,0,0,0
A000531,R09,R09-M02,1,1,0,0,0,0,0
A000623,R09,R09-M02,9,9,0,6,3,0,0
A000687,R09,R09-M02,1,1,0,1,0,0,0
A000712,R09,R09-M02,7,7,0,1,1,0,0
A000716,R09,R09-M02,2,2,0,1,1,0,0
A000729,R09,R09-M02,9,9,0,6,1,0,1
A000735,R09,R09-M02,2,2,0,2,0,0,0
A000764,R09,R09-M02,2,2,0,1,1,0,0
A000896,R09,R09-M02,6,6,0,5,4,0,0
A000915,R09,R09-M02,2,2,0,2,1,0,0
A000989,R09,R09-M02,9,8,1,8,3,0,1
A001057,R09,R09-M02,2,2,0,1,0,0,0
A001116,R09,R09-M02,1,1,0,1,0,0,0
A001247,R09,R09-M02,2,2,0,2,1,0,0
A001281,R09,R09-M02,2,2,0,0,0,0,0
A001349,R09,R09-M02,14,14,0,10,2,0,0
A001419,R09,R09-M02,10,10,0,5,1,0,0
A001439,R09,R09-M02,5,5,0,4,0,0,1
A001483,R09,R09-M02,5,5,0,4,1,0,0
A001492,R09,R09-M02,7,7,0,4,1,0,0
A001595,R09,R09-M02,3,3,0,1,1,0,0
A001692,R09,R09-M02,1,1,0,1,0,0,0
A001795,R09,R09-M02,2,2,0,2,0,0,0
A001858,R09,R09-M02,13,13,0,10,1,0,0
A001876,R09,R09-M02,3,3,0,3,1,0,0
A001922,R09,R09-M02,3,3,0,1,1,0,0
A001934,R09,R09-M02,2,2,0,1,1,0,0
A001968,R09,R09-M02,3,3,0,2,0,0,0
A002028,R09,R09-M02,12,12,0,9,3,0,0
A002193,R09,R09-M02,6,6,0,3,0,0,0
A002202,R09,R09-M02,3,3,0,3,1,0,0
A002219,R09,R09-M02,16,16,0,11,3,0,0
A002281,R09,R09-M02,2,2,0,1,0,0,0
A002336,R09,R09-M02,1,1,0,1,0,0,0
A002343,R09,R09-M02,4,4,0,2,1,0,0
A002355,R09,R09-M02,5,5,0,4,3,0,0
A002371,R09,R09-M02,10,10,0,8,3,0,0
A002375,R09,R09-M02,2,2,0,1,0,0,0
A002416,R09,R09-M02,3,3,0,2,1,0,0
A002434,R09,R09-M02,11,11,0,8,4,1,1
A002470,R09,R09-M02,10,10,0,7,3,0,0
A002510,R09,R09-M02,2,2,0,2,1,0,0
A002522,R09,R09-M02,5,5,0,4,3,0,0
A002571,R09,R09-M02,6,6,0,3,2,0,0
A002609,R09,R09-M02,15,14,1,10,1,0,1
A002620,R09,R09-M02,2,2,0,2,1,0,0
A002767,R09,R09-M02,10,10,0,6,1,0,0
A002790,R09,R09-M02,4,4,0,2,0,0,0
A002898,R09,R09-M02,5,5,0,4,2,0,0
A002910,R09,R09-M02,5,5,0,5,3,0,0
A002961,R09,R09-M02,3,3,0,2,2,0,0
A003017,R09,R09-M02,4,4,0,3,2,0,0
A003185,R09,R09-M02,2,2,0,2,2,0,0
A003224,R09,R09-M02,1,1,0,1,1,0,0
A003262,R09,R09-M02,1,1,0,1,1,0,0
A003377,R09,R09-M02,4,4,0,3,2,0,0
A003427,R09,R09-M02,1,1,0,1,1,0,0
A003504,R09,R09-M02,7,7,0,5,1,0,0
A003539,R09,R09-M02,3,3,0,3,1,0,0
A003557,R09,R09-M02,5,5,0,1,0,0,0
A003619,R09,R09-M02,4,4,0,2,1,0,0
A003641,R09,R09-M02,2,2,0,2,1,0,0
A003683,R09,R09-M02,4,4,0,4,0,0,0
A003700,R09,R09-M02,3,3,0,2,0,0,0
A003728,R09,R09-M02,3,3,0,1,1,0,0
A003760,R09,R09-M02,9,9,0,7,2,0,0
A003763,R09,R09-M02,26,26,0,20,9,0,0
A003765,R09,R09-M02,4,4,0,1,1,0,0
A003824,R09,R09-M02,3,3,0,2,0,0,1
A003826,R09,R09-M02,1,1,0,0,0,0,0
A003827,R09,R09-M02,1,1,0,1,1,0,0
A003841,R09,R09-M02,7,7,0,3,2,0,0
A003879,R09,R09-M02,1,1,0,0,0,0,0
A003893,R09,R09-M02,2,2,0,2,0,0,0
A003958,R09,R09-M02,6,6,0,5,1,0,0
A003964,R09,R09-M02,1,1,0,0,0,0,0
A003988,R09,R09-M02,5,5,0,3,2,0,0
A004048,R09,R09-M02,2,2,0,2,1,0,0
A004100,R09,R09-M02,1,1,0,0,0,0,0
A004108,R09,R09-M02,2,2,0,2,0,0,0
A004137,R09,R09-M02,1,1,0,1,0,0,1
A004158,R09,R09-M02,3,3,0,1,1,0,0
A004164,R09,R09-M02,7,7,0,5,1,1,1
A004168,R09,R09-M02,3,3,0,2,0,0,0
A004266,R09,R09-M02,1,1,0,1,1,0,0
A004277,R09,R09-M02,3,3,0,2,1,0,0
A004290,R09,R09-M02,2,2,0,1,0,0,0
A004299,R09,R09-M02,2,2,0,2,0,0,0
A004348,R09,R09-M02,4,4,0,3,1,0,0
A004379,R09,R09-M02,1,1,0,1,1,0,0
A004420,R09,R09-M02,8,8,0,7,2,0,0
A004469,R09,R09-M02,2,2,0,2,1,0,0
A004473,R09,R09-M02,5,5,0,4,3,1,1
A004522,R09,R09-M02,7,7,0,6,2,0,0
A004539,R09,R09-M02,2,2,0,2,1,0,0
A004689,R09,R09-M02,2,2,0,2,1,0,0
A004749,R09,R09-M02,5,5,0,4,1,0,0
A004753,R09,R09-M02,8,7,1,7,1,0,1
A004756,R09,R09-M02,6,6,0,3,1,0,0
A004872,R09,R09-M02,4,4,0,2,1,0,0
A004897,R09,R09-M02,2,2,0,0,0,0,0
A004993,R09,R09-M02,3,3,0,2,2,0,0
A005085,R09,R09-M02,11,11,0,5,2,0,0
A005087,R09,R09-M02,7,7,0,7,3,1,2
A005139,R09,R09-M02,3,3,0,2,1,0,0
A005159,R09,R09-M02,6,5,1,5,2,0,1
A005174,R09,R09-M02,2,2,0,1,1,0,0
A005255,R09,R09-M02,2,2,0,2,1,0,0
A005327,R09,R09-M02,6,5,1,6,4,0,1
A005451,R09,R09-M02,7,7,0,5,1,0,0
A005486,R09,R09-M02,1,1,0,1,0,0,0
A005498,R09,R09-M02,3,3,0,2,0,0,0
A005633,R09,R09-M02,2,2,0,2,1,0,0
A005667,R09,R09-M02,4,4,0,4,1,0,0
A005741,R09,R09-M02,12,12,0,8,5,0,0
A005780,R09,R09-M02,19,16,3,13,8,0,4
A005818,R09,R09-M02,25,24,1,19,7,0,1
A005847,R09,R09-M02,5,5,0,3,1,0,0
A005919,R09,R09-M02,7,7,0,4,0,0,0
A005934,R09,R09-M02,3,3,0,2,1,0,0
A006046,R09,R09-M02,16,16,0,11,4,0,0
A006090,R09,R09-M02,2,2,0,2,1,0,0
A006128,R09,R09-M02,1,1,0,1,1,0,0
A006164,R09,R09-M02,4,4,0,2,1,0,0
A006195,R09,R09-M02,3,3,0,2,2,0,0
A006224,R09,R09-M02,10,9,1,9,2,0,1
A006263,R09,R09-M02,5,5,0,3,1,0,0
A006266,R09,R09-M02,7,6,1,5,2,0,1
A006314,R09,R09-M02,3,3,0,2,0,0,0
A006388,R09,R09-M02,3,3,0,2,1,0,0
A006447,R09,R09-M02,17,16,1,10,6,0,1
A006596,R09,R09-M02,4,3,1,2,0,0,1
A006604,R09,R09-M02,6,6,0,4,3,0,0
A006655,R09,R09-M02,8,8,0,5,2,0,0
A006660,R09,R09-M02,6,6,0,4,2,0,0
A006664,R09,R09-M02,9,8,1,8,4,0,1
A006691,R09,R09-M02,3,3,0,3,2,0,0
A006719,R09,R09-M02,2,2,0,1,1,1,1
A006733,R09,R09-M02,8,8,0,7,3,0,0
A006752,R09,R09-M02,10,10,0,5,1,1,1
A006820,R09,R09-M02,3,3,0,0,0,0,0
A006873,R09,R09-M02,7,7,0,6,4,0,0
A006883,R09,R09-M02,11,11,0,7,4,1,1
A006939,R09,R09-M02,5,5,0,1,1,0,0
A007045,R09,R09-M02,3,3,0,3,2,0,0
A007082,R09,R09-M02,2,2,0,2,1,0,0
A007110,R09,R09-M02,9,9,0,6,1,0,0
A007161,R09,R09-M02,4,4,0,1,0,0,0
A007172,R09,R09-M02,4,3,1,4,4,0,1
A007177,R09,R09-M02,5,5,0,3,0,0,0
A007194,R09,R09-M02,7,7,0,6,2,0,1
A007227,R09,R09-M02,1,1,0,1,0,0,0
A007232,R09,R09-M02,14,13,1,9,5,0,1
A007234,R09,R09-M02,1,1,0,1,0,0,0
A007296,R09,R09-M02,5,5,0,2,0,0,0
A007345,R09,R09-M02,5,5,0,5,1,0,0
A007384,R09,R09-M02,4,4,0,3,0,0,0
A007410,R09,R09-M02,4,4,0,4,1,0,0
A007413,R09,R09-M02,5,5,0,3,0,0,0
A007423,R09,R09-M02,3,3,0,3,0,0,0
A007450,R09,R09-M02,2,2,0,1,0,0,1
A007470,R09,R09-M02,4,4,0,3,2,0,0
A007477,R09,R09-M02,5,5,0,1,1,0,0
A007478,R09,R09-M02,4,4,0,2,1,0,0
A007481,R09,R09-M02,13,13,0,10,4,0,0
A007488,R09,R09-M02,7,7,0,3,1,0,0
A007513,R09,R09-M02,7,7,0,6,4,0,0
A007531,R09,R09-M02,3,3,0,2,1,1,1
A007537,R09,R09-M02,1,1,0,1,0,0,0
A007572,R09,R09-M02,6,6,0,3,0,0,0
A007576,R09,R09-M02,1,1,0,1,0,0,0
A007580,R09,R09-M02,4,4,0,3,2,0,0
A007603,R09,R09-M02,8,8,0,7,2,0,0
A007641,R09,R09-M02,7,7,0,3,2,0,1
A007690,R09,R09-M02,1,1,0,1,1,0,0
A007780,R09,R09-M02,8,8,0,5,0,0,0
A007834,R09,R09-M02,2,2,0,2,0,0,0
A007945,R09,R09-M02,15,15,0,8,4,1,2
A007994,R09,R09-M02,6,6,0,4,3,0,0
A008008,R09,R09-M02,2,2,0,1,0,0,0
A008037,R09,R09-M02,8,7,1,5,2,0,1
A008062,R09,R09-M02,2,2,0,2,0,0,0
A008117,R09,R09-M02,1,1,0,1,1,0,0
A008150,R09,R09-M02,2,2,0,0,0,0,0
A008194,R09,R09-M02,16,15,1,12,8,0,1
A008209,R09,R09-M02,4,4,0,2,1,0,0
A008221,R09,R09-M02,5,5,0,5,1,1,1
A008242,R09,R09-M02,2,2,0,2,1,0,0
A008295,R09,R09-M02,2,2,0,1,0,0,0
A008385,R09,R09-M02,4,4,0,2,0,0,0
A008516,R09,R09-M02,1,1,0,1,0,0,0
A008555,R09,R09-M02,3,3,0,2,0,0,1
A008559,R09,R09-M02,2,2,0,2,2,1,1
A008602,R09,R09-M02,3,3,0,3,1,0,0
A008634,R09,R09-M02,12,12,0,8,2,0,0
A008767,R09,R09-M02,1,1,0,1,0,0,0
A008785,R09,R09-M02,4,4,0,1,1,1,1
A008808,R09,R09-M02,7,7,0,2,1,0,0
A008903,R09,R09-M02,5,5,0,4,2,0,0
A008951,R09,R09-M02,2,2,0,1,0,0,0
A008997,R09,R09-M02,7,7,0,6,5,0,0
A009005,R09,R09-M02,3,3,0,2,0,0,0
A009068,R09,R09-M02,2,2,0,1,1,0,0
A009073,R09,R09-M02,1,1,0,1,1,0,0
A009149,R09,R09-M02,4,4,0,1,0,0,1
A009150,R09,R09-M02,7,7,0,6,1,0,1
A009222,R09,R09-M02,1,1,0,1,0,0,0
A009231,R09,R09-M02,2,2,0,1,1,0,0
A009373,R09,R09-M02,12,12,0,9,3,0,0
A009374,R09,R09-M02,4,4,0,3,3,0,0
A009427,R09,R09-M02,2,2,0,1,1,0,0
A009518,R09,R09-M02,1,1,0,0,0,0,0
A009557,R09,R09-M02,5,5,0,2,1,0,0
A009589,R09,R09-M02,7,7,0,5,1,0,1
A009633,R09,R09-M02,8,8,0,6,3,0,0
A009641,R09,R09-M02,10,10,0,7,4,0,0
A009658,R09,R09-M02,2,2,0,2,0,0,0
A009734,R09,R09-M02,2,2,0,1,1,0,0
A009745,R09,R09-M02,4,4,0,4,2,1,1
A009755,R09,R09-M02,2,2,0,1,1,0,0
A009798,R09,R09-M02,3,3,0,1,0,0,0
A010029,R09,R09-M02,1,1,0,1,0,0,0
A010053,R09,R09-M02,2,2,0,1,1,0,0
A010095,R09,R09-M02,3,3,0,3,3,0,0
A010100,R09,R09-M02,2,2,0,2,1,0,1
A010137,R09,R09-M02,3,3,0,3,2,0,0
A010149,R09,R09-M02,4,3,1,3,1,0,1
A010186,R09,R09-M02,1,1,0,0,0,0,0
A010209,R09,R09-M02,1,1,0,1,0,0,0
A010244,R09,R09-M02,5,5,0,3,1,0,0
A010273,R09,R09-M02,1,1,0,1,1,0,0
A010291,R09,R09-M02,4,4,0,3,0,0,1
A010320,R09,R09-M02,5,5,0,4,2,0,0
A010356,R09,R09-M02,1,1,0,1,0,0,0
A010367,R09,R09-M02,3,3,0,2,0,0,0
A010373,R09,R09-M02,2,2,0,2,1,0,0
A010401,R09,R09-M02,3,3,0,1,0,0,0
A010424,R09,R09-M02,6,6,0,6,3,0,1
A010433,R09,R09-M02,11,11,0,7,5,0,0
A010455,R09,R09-M02,2,2,0,1,0,0,0
A010526,R09,R09-M02,2,2,0,1,1,0,0
A010531,R09,R09-M02,4,4,0,2,0,0,0
A010537,R09,R09-M02,2,2,0,1,0,0,0
A010592,R09,R09-M02,7,7,0,4,3,0,0
A010615,R09,R09-M02,3,3,0,2,1,0,0
A010652,R09,R09-M02,2,2,0,2,1,0,0
A010712,R09,R09-M02,8,8,0,4,2,0,0
A010810,R09,R09-M02,2,2,0,2,0,0,0
A010882,R09,R09-M02,1,1,0,1,0,0,0
A010954,R09,R09-M02,5,5,0,4,1,0,0
A010978,R09,R09-M02,7,7,0,2,0,0,0
A010999,R09,R09-M02,6,6,0,4,1,0,0
A011009,R09,R09-M02,2,2,0,2,0,0,0
A011037,R09,R09-M02,5,5,0,4,1,0,0
A011041,R09,R09-M02,10,10,0,4,2,0,0
A011103,R09,R09-M02,6,5,1,6,2,0,1
A011254,R09,R09-M02,8,8,0,8,4,0,0
A011326,R09,R09-M02,11,11,0,6,4,1,1
A011472,R09,R09-M02,2,2,0,2,2,0,0
A011544,R09,R09-M02,1,1,0,0,0,0,0
A011656,R09,R09-M02,1,1,0,1,1,0,0
A011661,R09,R09-M02,3,3,0,3,1,0,0
A011676,R09,R09-M02,4,4,0,3,3,0,0
A011757,R09,R09-M02,1,1,0,1,1,0,0
A011774,R09,R09-M02,5,5,0,2,1,0,0
A011873,R09,R09-M02,3,3,0,3,1,0,0
A011887,R09,R09-M02,3,3,0,1,0,0,0
A011904,R09,R09-M02,5,5,0,4,3,1,1
A011917,R09,R09-M02,5,5,0,3,0,0,0
A011941,R09,R09-M02,3,3,0,3,0,0,0
A011963,R09,R09-M02,7,7,0,6,5,0,0
A012057,R09,R09-M02,3,3,0,3,0,0,0
A012102,R09,R09-M02,5,5,0,5,3,0,1
A012117,R09,R09-M02,8,7,1,7,4,0,1
A012127,R09,R09-M02,15,15,0,9,8,0,0
A012144,R09,R09-M02,1,1,0,1,1,0,0
A012182,R09,R09-M02,5,5,0,4,3,1,1
A012200,R09,R09-M02,13,13,0,8,3,0,0
A012263,R09,R09-M02,7,7,0,6,0,0,0
A012337,R09,R09-M02,1,1,0,1,0,0,0
A012356,R09,R09-M02,3,3,0,2,2,0,0
A012464,R09,R09-M02,3,3,0,3,1,0,0
A012468,R09,R09-M02,6,6,0,5,1,0,0
A012563,R09,R09-M02,6,6,0,5,3,0,0
A012589,R09,R09-M02,9,9,0,5,1,0,0
A012717,R09,R09-M02,7,7,0,6,2,0,0
A012772,R09,R09-M02,4,4,0,4,1,0,0
A012783,R09,R09-M02,2,2,0,2,1,0,0
A012790,R09,R09-M02,4,4,0,3,0,0,0
A012842,R09,R09-M02,2,2,0,2,1,0,0
A012885,R09,R09-M02,5,5,0,3,2,0,0
A012897,R09,R09-M02,7,7,0,2,2,1,1
A012900,R09,R09-M02,5,5,0,4,1,0,0
A012936,R09,R09-M02,2,2,0,2,0,0,0
A012986,R09,R09-M02,4,4,0,3,2,1,1
A013028,R09,R09-M02,3,3,0,0,0,0,0
A013223,R09,R09-M02,2,2,0,1,0,0,0
A013263,R09,R09-M02,4,4,0,4,1,0,0
A013277,R09,R09-M02,2,2,0,1,1,0,0
A013301,R09,R09-M02,3,3,0,3,2,0,0
A013306,R09,R09-M02,1,1,0,1,1,0,0
A013374,R09,R09-M02,2,2,0,2,0,0,0
A013445,R09,R09-M02,2,2,0,2,0,0,0
A013501,R09,R09-M02,1,1,0,1,0,0,0
A013592,R09,R09-M02,12,12,0,8,0,0,0
A013651,R09,R09-M02,2,2,0,1,1,0,0
A013701,R09,R09-M02,14,14,0,9,4,0,0
A013756,R09,R09-M02,3,2,1,2,2,0,1
A013770,R09,R09-M02,4,4,0,3,3,0,0
A013776,R09,R09-M02,2,2,0,1,0,0,0
A013792,R09,R09-M02,2,2,0,2,1,0,0
A013925,R09,R09-M02,10,10,0,6,2,0,0
A013948,R09,R09-M02,7,7,0,6,2,0,0
A013959,R09,R09-M02,9,9,0,8,4,1,1
A013995,R09,R09-M02,1,1,0,1,0,0,0
A014024,R09,R09-M02,3,3,0,3,3,0,0
A014050,R09,R09-M02,4,4,0,2,0,0,0
A014082,R09,R09-M02,6,6,0,4,2,0,0
A014099,R09,R09-M02,9,8,1,4,1,0,1
A014184,R09,R09-M02,11,11,0,7,3,0,0
A014230,R09,R09-M02,10,10,0,8,3,0,0
A014239,R09,R09-M02,2,2,0,2,0,0,0
A014285,R09,R09-M02,2,2,0,2,1,0,0
A014306,R09,R09-M02,3,3,0,2,1,0,0
A014318,R09,R09-M02,4,4,0,4,1,0,0
A014323,R09,R09-M02,3,3,0,1,0,0,0
A014342,R09,R09-M02,8,8,0,5,1,1,1
A014400,R09,R09-M02,3,3,0,3,1,0,0
A014455,R09,R09-M02,4,4,0,3,2,0,0
A014494,R09,R09-M02,8,8,0,5,2,0,0
A014496,R09,R09-M02,13,13,0,3,2,0,0
A014526,R09,R09-M02,1,1,0,0,0,0,0
A014573,R09,R09-M02,4,4,0,2,1,0,0
A014580,R09,R09-M02,6,5,1,5,3,0,1
A014619,R09,R09-M02,10,10,0,7,4,0,0
A014628,R09,R09-M02,8,7,1,4,3,0,1
A014815,R09,R09-M02,1,1,0,1,0,0,0
A014862,R09,R09-M02,1,1,0,1,0,0,0
A014892,R09,R09-M02,9,9,0,7,3,0,0
A014925,R09,R09-M02,2,2,0,1,1,0,0
A014940,R09,R09-M02,5,5,0,5,3,0,0
A014941,R09,R09-M02,2,2,0,0,0,0,0
A014960,R09,R09-M02,1,1,0,1,1,0,0
A015010,R09,R09-M02,4,4,0,4,2,1,1
A015091,R09,R09-M02,4,4,0,4,2,0,0
A015126,R09,R09-M02,9,9,0,6,3,1,1
A015178,R09,R09-M02,3,3,0,0,0,0,0
A015205,R09,R09-M02,9,9,0,7,4,0,0
A015230,R09,R09-M02,2,2,0,1,0,0,0
A015278,R09,R09-M02,1,1,0,1,1,0,0
A015297,R09,R09-M02,8,8,0,3,3,0,0
A015311,R09,R09-M02,7,7,0,7,4,0,1
A015433,R09,R09-M02,5,5,0,4,0,0,1
A015549,R09,R09-M02,1,1,0,1,1,0,0
A015577,R09,R09-M02,1,1,0,0,0,0,0
A015669,R09,R09-M02,2,2,0,1,1,0,0
A015675,R09,R09-M02,8,8,0,7,2,1,1
A015693,R09,R09-M02,8,8,0,5,4,1,1
A015703,R09,R09-M02,4,4,0,3,0,0,0
A015787,R09,R09-M02,1,1,0,1,1,0,0
A015820,R09,R09-M02,6,6,0,6,4,0,0
A015825,R09,R09-M02,13,13,0,10,2,0,0
A015840,R09,R09-M02,1,1,0,0,0,0,0
A015861,R09,R09-M02,15,15,0,13,5,0,1
A015891,R09,R09-M02,2,2,0,1,0,0,0
A015947,R09,R09-M02,2,2,0,2,1,0,0
A015956,R09,R09-M02,1,1,0,1,1,0,0
A015957,R09,R09-M02,9,9,0,7,4,0,0
A015992,R09,R09-M02,2,2,0,2,0,0,0
A016037,R09,R09-M02,4,4,0,3,2,0,0
A016126,R09,R09-M02,14,14,0,10,2,0,0
A016190,R09,R09-M02,4,4,0,4,2,0,0
A016221,R09,R09-M02,15,14,1,8,3,0,2
A016227,R09,R09-M02,4,4,0,4,2,0,0
A016244,R09,R09-M02,1,1,0,0,0,0,0
A016275,R09,R09-M02,8,7,1,8,4,0,1
A016310,R09,R09-M02,6,6,0,4,3,0,0
A016371,R09,R09-M02,9,9,0,8,2,0,1
A016388,R09,R09-M02,7,7,0,5,1,0,0
A016401,R09,R09-M02,6,6,0,4,1,0,0
A016437,R09,R09-M02,2,2,0,2,1,0,0
A016461,R09,R09-M02,10,9,1,8,5,0,1
A016463,R09,R09-M02,1,1,0,1,0,0,0
A016477,R09,R09-M02,8,8,0,4,2,0,0
A016478,R09,R09-M02,4,4,0,0,0,0,0
A016495,R09,R09-M02,5,3,2,3,3,0,2
A016514,R09,R09-M02,11,11,0,8,2,0,0
A016629,R09,R09-M02,5,5,0,3,2,1,1
A016720,R09,R09-M02,7,7,0,6,2,0,0
A016734,R09,R09-M02,6,6,0,3,1,1,1
A016806,R09,R09-M02,1,1,0,1,0,0,0
A016862,R09,R09-M02,2,2,0,1,1,0,0
A016909,R09,R09-M02,5,5,0,3,2,0,0
A016997,R09,R09-M02,3,3,0,3,0,0,0
A017060,R09,R09-M02,6,6,0,3,2,0,0
A017080,R09,R09-M02,2,2,0,2,1,0,0
A017120,R09,R09-M02,3,3,0,0,0,0,0
A017127,R09,R09-M02,6,6,0,4,1,0,0
A017210,R09,R09-M02,2,2,0,1,0,0,0
A017271,R09,R09-M02,3,3,0,2,2,0,0
A017310,R09,R09-M02,9,9,0,6,1,0,0
A017335,R09,R09-M02,1,1,0,1,1,0,0
A017379,R09,R09-M02,5,5,0,3,1,0,1
A017383,R09,R09-M02,4,4,0,2,0,0,0
A017429,R09,R09-M02,2,2,0,2,1,0,1
A017451,R09,R09-M02,1,1,0,1,1,0,0
A017470,R09,R09-M02,4,4,0,3,1,0,0
A017502,R09,R09-M02,4,4,0,2,1,0,0
A017577,R09,R09-M02,5,5,0,5,2,0,0
A017660,R09,R09-M02,8,8,0,5,2,1,1
A017674,R09,R09-M02,1,1,0,1,0,0,0
A017708,R09,R09-M02,4,4,0,4,1,0,0
A017799,R09,R09-M02,15,15,0,11,6,0,0
A017883,R09,R09-M02,4,4,0,3,2,0,0
A017926,R09,R09-M02,10,10,0,7,4,0,0
A017983,R09,R09-M02,4,4,0,4,1,0,0
A000004,R09,R09-M03,5,5,0,2,1,0,0
A000024,R09,R09-M03,9,9,0,7,1,0,0
A000047,R09,R09-M03,2,2,0,1,0,0,0
A000056,R09,R09-M03,4,4,0,2,0,0,0
A000083,R09,R09-M03,6,6,0,3,0,0,0
A000087,R09,R09-M03,4,4,0,3,0,0,1
A000135,R09,R09-M03,1,1,0,1,1,0,0
A000202,R09,R09-M03,8,7,1,6,2,0,1
A000219,R09,R09-M03,5,5,0,3,2,0,0
A000286,R09,R09-M03,2,2,0,2,0,0,0
A000412,R09,R09-M03,18,18,0,15,9,0,0
A000417,R09,R09-M03,7,7,0,6,3,0,0
A000419,R09,R09-M03,1,1,0,1,0,0,0
A000517,R09,R09-M03,1,1,0,1,0,0,0
A000630,R09,R09-M03,2,2,0,0,0,0,0
A000679,R09,R09-M03,2,2,0,1,1,0,0
A000745,R09,R09-M03,9,9,0,6,1,0,0
A000776,R09,R09-M03,2,2,0,1,0,0,0
A000781,R09,R09-M03,1,1,0,1,1,0,0
A000834,R09,R09-M03,1,1,0,0,0,0,0
A000903,R09,R09-M03,2,2,0,2,1,0,0
A001005,R09,R09-M03,6,6,0,4,1,0,0
A001065,R09,R09-M03,1,1,0,0,0,0,0
A001067,R09,R09-M03,2,2,0,2,1,0,0
A001077,R09,R09-M03,3,3,0,2,0,0,0
A001226,R09,R09-M03,3,2,1,2,0,0,1
A001241,R09,R09-M03,10,10,0,7,4,0,0
A001259,R09,R09-M03,4,4,0,4,2,0,0
A001264,R09,R09-M03,17,16,1,13,6,0,1
A001277,R09,R09-M03,1,1,0,1,0,0,0
A001315,R09,R09-M03,4,4,0,3,2,0,0
A001366,R09,R09-M03,2,2,0,2,1,1,1
A001582,R09,R09-M03,1,1,0,1,0,0,0
A001721,R09,R09-M03,1,1,0,0,0,0,0
A001768,R09,R09-M03,1,1,0,0,0,0,0
A001820,R09,R09-M03,9,9,0,7,3,0,0
A001851,R09,R09-M03,3,3,0,2,2,1,1
A001861,R09,R09-M03,3,3,0,3,2,1,1
A001887,R09,R09-M03,1,1,0,0,0,0,0
A001911,R09,R09-M03,2,2,0,2,0,0,0
A001941,R09,R09-M03,3,3,0,2,0,0,0
A002000,R09,R09-M03,3,3,0,1,1,0,0
A002002,R09,R09-M03,10,10,0,6,5,0,0
A002137,R09,R09-M03,2,2,0,2,1,0,0
A002139,R09,R09-M03,5,5,0,4,2,0,0
A002184,R09,R09-M03,1,1,0,1,1,0,0
A002333,R09,R09-M03,5,5,0,3,1,1,1
A002472,R09,R09-M03,3,3,0,3,1,0,0
A002552,R09,R09-M03,5,5,0,4,1,0,0
A002601,R09,R09-M03,1,1,0,1,1,0,0
A002640,R09,R09-M03,3,3,0,2,1,0,0
A002644,R09,R09-M03,1,1,0,1,0,0,0
A002671,R09,R09-M03,8,8,0,6,3,0,0
A002682,R09,R09-M03,7,6,1,5,1,0,1
A002745,R09,R09-M03,9,8,1,4,1,0,2
A002875,R09,R09-M03,6,6,0,6,2,0,0
A002908,R09,R09-M03,4,4,0,4,0,0,0
A002929,R09,R09-M03,9,9,0,8,6,0,0
A002932,R09,R09-M03,14,13,1,11,4,0,1
A003000,R09,R09-M03,2,2,0,1,0,0,0
A003122,R09,R09-M03,1,1,0,0,0,0,0
A003141,R09,R09-M03,8,8,0,5,3,0,0
A003209,R09,R09-M03,3,3,0,2,0,0,0
A003294,R09,R09-M03,5,5,0,3,0,0,0
A003314,R09,R09-M03,1,1,0,1,1,0,0
A003320,R09,R09-M03,2,2,0,1,0,0,0
A003356,R09,R09-M03,12,11,1,6,1,0,2
A003466,R09,R09-M03,7,7,0,4,1,0,0
A003515,R09,R09-M03,6,6,0,5,2,0,0
A003570,R09,R09-M03,10,10,0,7,1,0,0
A003588,R09,R09-M03,4,4,0,2,1,0,0
A003601,R09,R09-M03,5,5,0,5,3,0,0
A003622,R09,R09-M03,1,1,0,1,1,0,0
A003696,R09,R09-M03,6,6,0,5,1,0,0
A003708,R09,R09-M03,3,3,0,3,2,0,0
A003789,R09,R09-M03,3,3,0,2,0,0,0
A003790,R09,R09-M03,1,1,0,0,0,0,0
A003973,R09,R09-M03,4,4,0,4,2,1,1
A004014,R09,R09-M03,17,17,0,12,2,0,0
A004019,R09,R09-M03,3,2,1,3,0,0,1
A004090,R09,R09-M03,9,8,1,9,4,1,2
A004240,R09,R09-M03,4,4,0,4,1,0,0
A004393,R09,R09-M03,1,1,0,0,0,0,0
A004423,R09,R09-M03,5,5,0,4,3,0,1
A004434,R09,R09-M03,1,1,0,1,0,0,0
A004501,R09,R09-M03,9,9,0,6,3,0,0
A004510,R09,R09-M03,4,4,0,3,2,0,0
A004562,R09,R09-M03,3,3,0,3,1,0,0
A004583,R09,R09-M03,1,1,0,1,1,1,1
A004597,R09,R09-M03,5,5,0,3,2,0,0
A004606,R09,R09-M03,8,8,0,5,3,0,0
A004627,R09,R09-M03,6,6,0,3,2,0,0
A004659,R09,R09-M03,3,3,0,2,0,0,0
A004683,R09,R09-M03,4,4,0,4,2,0,1
A004706,R09,R09-M03,8,8,0,5,1,0,0
A004721,R09,R09-M03,1,1,0,1,0,0,0
A004776,R09,R09-M03,6,6,0,5,2,0,0
A004925,R09,R09-M03,6,6,0,6,5,1,1
A004955,R09,R09-M03,2,2,0,0,0,0,0
A005027,R09,R09-M03,7,6,1,4,2,0,1
A005091,R09,R09-M03,5,5,0,4,4,0,0
A005094,R09,R09-M03,4,4,0,3,1,0,0
A005097,R09,R09-M03,7,7,0,3,2,0,0
A005113,R09,R09-M03,7,7,0,5,2,0,0
A005187,R09,R09-M03,8,8,0,6,4,0,0
A005264,R09,R09-M03,4,4,0,4,3,0,0
A005270,R09,R09-M03,6,6,0,6,2,0,0
A005289,R09,R09-M03,4,4,0,2,1,1,1
A005316,R09,R09-M03,3,3,0,1,1,0,0
A005335,R09,R09-M03,8,8,0,5,0,0,0
A005379,R09,R09-M03,1,1,0,1,0,0,0
A005529,R09,R09-M03,2,2,0,2,1,0,0
A005543,R09,R09-M03,2,2,0,0,0,0,0
A005565,R09,R09-M03,1,1,0,1,0,0,0
A005629,R09,R09-M03,1,1,0,1,0,0,0
A005632,R09,R09-M03,3,3,0,2,1,0,0
A005651,R09,R09-M03,16,16,0,10,4,0,1
A005671,R09,R09-M03,25,25,0,15,3,1,2
A005801,R09,R09-M03,6,6,0,3,2,0,0
A005833,R09,R09-M03,2,2,0,2,1,0,1
A005864,R09,R09-M03,1,1,0,1,1,0,0
A005875,R09,R09-M03,1,1,0,1,0,0,0
A005908,R09,R09-M03,5,4,1,4,2,0,1
A005951,R09,R09-M03,3,2,1,3,1,0,1
A005991,R09,R09-M03,3,3,0,2,0,0,0
A005996,R09,R09-M03,3,3,0,2,0,0,0
A006012,R09,R09-M03,13,13,0,6,1,0,0
A006022,R09,R09-M03,8,8,0,4,1,0,1
A006050,R09,R09-M03,2,2,0,2,0,0,0
A006144,R09,R09-M03,6,6,0,6,1,2,2
A006146,R09,R09-M03,1,1,0,0,0,0,0
A006226,R09,R09-M03,6,6,0,4,1,0,0
A006261,R09,R09-M03,4,4,0,2,1,0,0
A006351,R09,R09-M03,8,8,0,4,1,0,0
A006362,R09,R09-M03,4,4,0,3,2,0,0
A006376,R09,R09-M03,1,1,0,1,0,0,0
A006426,R09,R09-M03,6,6,0,4,1,0,0
A006454,R09,R09-M03,4,4,0,0,0,0,0
A006511,R09,R09-M03,3,3,0,3,0,0,0
A006547,R09,R09-M03,3,3,0,3,1,0,0
A006731,R09,R09-M03,7,7,0,4,1,0,0
A006734,R09,R09-M03,5,5,0,5,1,0,0
A006748,R09,R09-M03,2,2,0,2,2,0,0
A006811,R09,R09-M03,5,5,0,3,1,0,0
A006864,R09,R09-M03,5,5,0,3,2,0,0
A006911,R09,R09-M03,14,14,0,10,4,1,1
A006926,R09,R09-M03,7,7,0,5,4,1,1
A006961,R09,R09-M03,1,1,0,1,0,0,0
A007062,R09,R09-M03,11,11,0,7,0,0,0
A007075,R09,R09-M03,3,3,0,3,1,0,0
A007104,R09,R09-M03,5,5,0,4,2,1,1
A007108,R09,R09-M03,5,5,0,5,3,0,0
A007145,R09,R09-M03,2,2,0,2,0,0,0
A007323,R09,R09-M03,1,1,0,1,0,0,0
A007385,R09,R09-M03,13,13,0,12,5,0,0
A007391,R09,R09-M03,9,9,0,7,2,0,0
A007422,R09,R09-M03,4,4,0,3,1,0,0
A007435,R09,R09-M03,3,3,0,2,0,0,0
A007551,R09,R09-M03,4,4,0,2,1,0,0
A007595,R09,R09-M03,2,2,0,1,1,0,0
A007721,R09,R09-M03,7,7,0,3,1,0,0
A007748,R09,R09-M03,3,3,0,1,1,0,0
A008029,R09,R09-M03,1,1,0,1,0,0,0
A008084,R09,R09-M03,15,15,0,12,7,1,1
A008111,R09,R09-M03,6,6,0,3,2,0,0
A008157,R09,R09-M03,9,9,0,6,2,0,0
A008203,R09,R09-M03,4,4,0,2,2,0,0
A008210,R09,R09-M03,3,3,0,2,1,0,0
A008289,R09,R09-M03,2,2,0,2,0,0,0
A008291,R09,R09-M03,10,10,0,9,5,0,0
A008311,R09,R09-M03,7,7,0,6,2,0,0
A008334,R09,R09-M03,4,4,0,3,0,0,0
A008398,R09,R09-M03,4,4,0,2,1,0,0
A008463,R09,R09-M03,5,5,0,4,4,0,0
A008492,R09,R09-M03,3,3,0,2,1,1,1
A008667,R09,R09-M03,5,5,0,5,3,0,0
A008675,R09,R09-M03,3,3,0,2,0,0,0
A008696,R09,R09-M03,10,10,0,6,2,0,0
A008800,R09,R09-M03,2,2,0,1,0,0,0
A008934,R09,R09-M03,2,2,0,2,1,0,0
A009014,R09,R09-M03,1,1,0,1,0,0,0
A009085,R09,R09-M03,9,9,0,5,1,0,0
A009161,R09,R09-M03,2,2,0,1,0,0,0
A009169,R09,R09-M03,2,2,0,1,0,0,0
A009203,R09,R09-M03,6,6,0,5,1,0,0
A009246,R09,R09-M03,2,2,0,2,0,0,0
A009286,R09,R09-M03,7,7,0,5,2,0,0
A009300,R09,R09-M03,1,1,0,0,0,0,0
A009315,R09,R09-M03,2,2,0,1,1,0,0
A009419,R09,R09-M03,3,3,0,3,2,0,0
A009441,R09,R09-M03,9,9,0,5,4,1,1
A009509,R09,R09-M03,6,6,0,4,0,0,0
A009560,R09,R09-M03,2,2,0,2,1,0,1
A009562,R09,R09-M03,5,5,0,2,2,1,1
A009576,R09,R09-M03,2,2,0,1,1,0,0
A009622,R09,R09-M03,4,4,0,2,1,0,0
A009638,R09,R09-M03,1,1,0,1,1,0,0
A009639,R09,R09-M03,3,3,0,1,1,1,1
A009677,R09,R09-M03,2,2,0,1,0,0,0
A009705,R09,R09-M03,6,6,0,4,1,0,0
A009711,R09,R09-M03,2,2,0,1,1,0,0
A009753,R09,R09-M03,2,2,0,1,0,0,0
A009775,R09,R09-M03,6,6,0,4,1,0,0
A009793,R09,R09-M03,2,2,0,1,1,0,0
A009797,R09,R09-M03,5,5,0,4,2,0,0
A009904,R09,R09-M03,7,6,1,3,0,0,1
A009932,R09,R09-M03,2,2,0,1,1,0,0
A009945,R09,R09-M03,5,5,0,3,1,1,1
A010093,R09,R09-M03,11,11,0,10,5,0,0
A010127,R09,R09-M03,3,3,0,2,2,0,0
A010138,R09,R09-M03,5,5,0,2,0,0,1
A010234,R09,R09-M03,4,4,0,4,2,0,0
A010274,R09,R09-M03,4,4,0,2,0,0,0
A010290,R09,R09-M03,3,3,0,2,2,0,0
A010330,R09,R09-M03,3,3,0,3,3,0,0
A010362,R09,R09-M03,4,4,0,2,1,0,0
A010368,R09,R09-M03,3,3,0,2,0,0,0
A010473,R09,R09-M03,1,1,0,0,0,0,0
A010490,R09,R09-M03,4,4,0,2,2,0,0
A010510,R09,R09-M03,3,3,0,2,1,0,0
A010515,R09,R09-M03,2,2,0,2,1,0,1
A010524,R09,R09-M03,7,7,0,5,3,0,0
A010530,R09,R09-M03,6,6,0,6,4,0,0
A010545,R09,R09-M03,14,14,0,8,2,0,0
A010628,R09,R09-M03,3,3,0,2,2,1,1
A010664,R09,R09-M03,5,4,1,3,0,0,1
A010696,R09,R09-M03,5,5,0,2,0,0,0
A010713,R09,R09-M03,4,4,0,4,2,0,0
A010736,R09,R09-M03,2,1,1,1,0,0,1
A010753,R09,R09-M03,1,1,0,1,0,0,0
A010848,R09,R09-M03,8,8,0,6,2,0,0
A010962,R09,R09-M03,4,4,0,1,1,1,1
A010964,R09,R09-M03,5,5,0,3,1,0,0
A010985,R09,R09-M03,11,11,0,7,3,0,1
A011055,R09,R09-M03,13,13,0,8,2,1,1
A011062,R09,R09-M03,6,6,0,5,3,0,0
A011063,R09,R09-M03,4,4,0,2,0,0,0
A011086,R09,R09-M03,5,5,0,2,0,0,0
A011110,R09,R09-M03,3,3,0,3,2,0,0
A011180,R09,R09-M03,7,7,0,5,1,0,0
A011209,R09,R09-M03,2,2,0,2,0,0,0
A011336,R09,R09-M03,10,10,0,9,4,1,2
A011371,R09,R09-M03,1,1,0,0,0,0,0
A011419,R09,R09-M03,7,7,0,5,2,1,1
A011454,R09,R09-M03,1,1,0,0,0,0,0
A011484,R09,R09-M03,4,3,1,2,1,0,1
A011508,R09,R09-M03,7,7,0,6,2,0,0
A011517,R09,R09-M03,4,4,0,3,2,0,0
A011581,R09,R09-M03,1,0,1,1,0,0,1
A011872,R09,R09-M03,5,5,0,4,3,0,0
A011936,R09,R09-M03,8,8,0,4,1,0,0
A011962,R09,R09-M03,4,4,0,3,2,0,0
A012176,R09,R09-M03,4,4,0,4,0,1,2
A012183,R09,R09-M03,3,2,1,3,1,0,1
A012207,R09,R09-M03,5,5,0,3,3,0,0
A012222,R09,R09-M03,2,2,0,0,0,0,0
A012305,R09,R09-M03,4,4,0,4,0,0,1
A012340,R09,R09-M03,3,3,0,3,2,0,0
A012362,R09,R09-M03,3,3,0,3,0,0,0
A012428,R09,R09-M03,1,1,0,1,0,0,0
A012448,R09,R09-M03,2,2,0,2,0,0,0
A012502,R09,R09-M03,3,3,0,3,1,0,0
A012553,R09,R09-M03,1,1,0,1,0,0,0
A012604,R09,R09-M03,6,6,0,5,2,0,0
A012651,R09,R09-M03,10,10,0,6,4,0,0
A012670,R09,R09-M03,9,9,0,6,2,0,2
A012672,R09,R09-M03,5,5,0,4,2,0,0
A012685,R09,R09-M03,3,3,0,2,2,0,0
A012756,R09,R09-M03,6,6,0,3,2,1,1
A012796,R09,R09-M03,9,9,0,6,1,0,1
A012834,R09,R09-M03,4,4,0,3,1,0,0
A012976,R09,R09-M03,7,7,0,3,1,0,0
A012985,R09,R09-M03,7,7,0,7,2,0,1
A013024,R09,R09-M03,1,1,0,1,0,0,0
A013066,R09,R09-M03,6,6,0,3,1,0,0
A013095,R09,R09-M03,6,6,0,5,4,0,0
A013133,R09,R09-M03,6,6,0,5,3,0,0
A013196,R09,R09-M03,1,1,0,1,0,0,0
A013197,R09,R09-M03,7,7,0,5,2,0,0
A013207,R09,R09-M03,6,6,0,6,4,0,0
A013220,R09,R09-M03,2,2,0,1,0,0,0
A013241,R09,R09-M03,4,4,0,4,2,0,0
A013259,R09,R09-M03,3,3,0,2,0,0,0
A013260,R09,R09-M03,7,7,0,6,3,0,0
A013279,R09,R09-M03,10,9,1,6,2,0,1
A013309,R09,R09-M03,4,4,0,3,2,0,0
A013418,R09,R09-M03,13,13,0,8,7,0,0
A013456,R09,R09-M03,1,1,0,0,0,0,0
A013499,R09,R09-M03,1,1,0,0,0,0,0
A013556,R09,R09-M03,4,4,0,4,0,0,0
A013583,R09,R09-M03,7,7,0,5,3,0,0
A013632,R09,R09-M03,4,3,1,2,0,0,1
A013658,R09,R09-M03,7,7,0,6,2,1,1
A013681,R09,R09-M03,2,2,0,2,0,0,0
A013685,R09,R09-M03,7,7,0,5,2,1,1
A013688,R09,R09-M03,5,5,0,3,1,0,0
A013762,R09,R09-M03,9,9,0,7,3,1,1
A013809,R09,R09-M03,4,4,0,3,0,0,0
A013831,R09,R09-M03,1,1,0,0,0,0,0
A013939,R09,R09-M03,8,7,1,6,4,0,1
A013942,R09,R09-M03,3,3,0,2,2,0,0
A013952,R09,R09-M03,3,3,0,2,0,0,0
A014115,R09,R09-M03,2,2,0,2,2,0,0
A014145,R09,R09-M03,1,1,0,1,1,0,0
A014163,R09,R09-M03,1,1,0,1,0,0,0
A014187,R09,R09-M03,4,4,0,2,0,0,0
A014228,R09,R09-M03,4,4,0,4,1,0,0
A014266,R09,R09-M03,6,6,0,3,2,0,0
A014390,R09,R09-M03,2,2,0,2,2,1,1
A014392,R09,R09-M03,6,6,0,5,0,0,0
A014430,R09,R09-M03,4,4,0,3,1,0,0
A014486,R09,R09-M03,8,8,0,4,2,0,0
A014499,R09,R09-M03,6,6,0,4,1,0,0
A014536,R09,R09-M03,16,16,0,14,6,0,0
A014696,R09,R09-M03,3,3,0,2,2,0,0
A014716,R09,R09-M03,10,10,0,8,7,2,2
A014722,R09,R09-M03,4,4,0,1,1,0,0
A014756,R09,R09-M03,5,5,0,3,1,0,0
A014772,R09,R09-M03,4,4,0,2,1,1,1
A014820,R09,R09-M03,4,4,0,3,2,0,1
A014857,R09,R09-M03,3,3,0,2,0,0,0
A014867,R09,R09-M03,12,12,0,8,2,0,0
A014874,R09,R09-M03,4,4,0,2,2,0,0
A014888,R09,R09-M03,8,8,0,6,2,1,1
A014890,R09,R09-M03,1,1,0,0,0,0,0
A015024,R09,R09-M03,7,6,1,7,3,0,1
A015027,R09,R09-M03,2,2,0,2,1,0,0
A015052,R09,R09-M03,8,8,0,5,2,0,0
A015206,R09,R09-M03,10,10,0,6,1,0,0
A015227,R09,R09-M03,1,1,0,1,0,0,0
A015235,R09,R09-M03,2,2,0,2,0,0,1
A015266,R09,R09-M03,4,4,0,3,1,1,2
A015368,R09,R09-M03,1,1,0,1,0,0,0
A015389,R09,R09-M03,5,5,0,2,1,0,0
A015407,R09,R09-M03,5,5,0,4,1,0,0
A015450,R09,R09-M03,1,1,0,1,0,0,0
A015476,R09,R09-M03,4,4,0,1,1,0,0
A015501,R09,R09-M03,10,10,0,8,3,0,0
A015520,R09,R09-M03,2,2,0,2,0,0,0
A015524,R09,R09-M03,22,22,0,13,5,1,2
A015600,R09,R09-M03,6,6,0,2,2,0,0
A015705,R09,R09-M03,2,2,0,0,0,0,0
A015745,R09,R09-M03,6,6,0,3,1,0,0
A015880,R09,R09-M03,10,9,1,8,4,0,1
A015955,R09,R09-M03,1,1,0,1,0,0,0
A015986,R09,R09-M03,10,10,0,3,1,0,0
A016107,R09,R09-M03,1,1,0,1,0,0,1
A016130,R09,R09-M03,3,3,0,1,1,0,0
A016217,R09,R09-M03,5,5,0,3,0,0,0
A016284,R09,R09-M03,4,4,0,2,2,0,0
A016292,R09,R09-M03,4,4,0,1,0,0,0
A016343,R09,R09-M03,3,3,0,1,1,0,0
A016404,R09,R09-M03,1,1,0,1,0,0,0
A016434,R09,R09-M03,6,6,0,6,2,0,0
A016455,R09,R09-M03,1,1,0,0,0,0,0
A016459,R09,R09-M03,3,3,0,2,2,0,0
A016466,R09,R09-M03,1,1,0,1,1,0,0
A016472,R09,R09-M03,2,2,0,1,0,0,0
A016558,R09,R09-M03,3,3,0,3,1,0,0
A016571,R09,R09-M03,6,5,1,4,2,0,1
A016611,R09,R09-M03,9,9,0,8,1,0,0
A016682,R09,R09-M03,6,6,0,4,1,0,0
A016820,R09,R09-M03,2,2,0,1,0,0,0
A016870,R09,R09-M03,5,5,0,3,0,0,0
A016875,R09,R09-M03,5,5,0,3,3,0,0
A016902,R09,R09-M03,10,10,0,5,3,0,0
A016919,R09,R09-M03,1,1,0,1,0,0,0
A016968,R09,R09-M03,3,3,0,2,0,0,0
A016993,R09,R09-M03,4,4,0,4,2,0,0
A017056,R09,R09-M03,2,2,0,2,0,0,0
A017058,R09,R09-M03,1,1,0,0,0,0,0
A017065,R09,R09-M03,5,5,0,3,2,0,0
A017216,R09,R09-M03,6,6,0,4,1,0,1
A017250,R09,R09-M03,6,6,0,3,2,0,0
A017352,R09,R09-M03,2,1,1,2,0,0,1
A017422,R09,R09-M03,1,1,0,1,0,0,0
A017424,R09,R09-M03,2,2,0,2,2,0,0
A017450,R09,R09-M03,4,4,0,1,1,0,0
A017567,R09,R09-M03,4,4,0,3,2,0,0
A017667,R09,R09-M03,9,8,1,6,2,0,1
A017771,R09,R09-M03,9,9,0,5,2,0,0
A017798,R09,R09-M03,3,3,0,1,1,1,1
A017825,R09,R09-M03,5,5,0,4,2,0,0
A017832,R09,R09-M03,10,10,0,9,1,0,0
A000130,R09,R09-M04,4,4,0,2,1,0,0
A000147,R09,R09-M04,3,3,0,2,1,0,0
A000160,R09,R09-M04,4,4,0,1,1,0,0
A000161,R09,R09-M04,7,7,0,6,3,0,0
A000223,R09,R09-M04,4,4,0,2,1,0,0
A000227,R09,R09-M04,8,8,0,3,1,0,0
A000263,R09,R09-M04,4,4,0,2,2,0,0
A000308,R09,R09-M04,5,5,0,2,1,0,0
A000349,R09,R09-M04,4,4,0,2,1,0,0
A000356,R09,R09-M04,15,14,1,7,3,0,1
A000391,R09,R09-M04,3,3,0,2,0,0,0
A000435,R09,R09-M04,7,7,0,5,2,0,0
A000448,R09,R09-M04,2,2,0,1,0,0,0
A000493,R09,R09-M04,4,4,0,3,2,0,0
A000514,R09,R09-M04,2,2,0,2,1,1,1
A000620,R09,R09-M04,6,6,0,5,1,0,0
A000705,R09,R09-M04,1,1,0,1,0,0,0
A000830,R09,R09-M04,1,1,0,1,0,0,0
A000835,R09,R09-M04,3,3,0,3,2,0,0
A000920,R09,R09-M04,4,4,0,3,1,0,0
A000928,R09,R09-M04,5,5,0,3,2,0,0
A001073,R09,R09-M04,4,4,0,4,1,0,0
A001186,R09,R09-M04,11,11,0,9,4,1,1
A001379,R09,R09-M04,4,4,0,4,0,0,0
A001406,R09,R09-M04,9,9,0,4,2,0,0
A001450,R09,R09-M04,2,2,0,0,0,0,0
A001467,R09,R09-M04,9,9,0,6,2,0,0
A001530,R09,R09-M04,1,1,0,1,1,0,0
A001549,R09,R09-M04,3,3,0,2,1,0,0
A001568,R09,R09-M04,11,11,0,2,0,0,1
A001675,R09,R09-M04,3,3,0,2,0,0,0
A001683,R09,R09-M04,3,3,0,1,1,0,0
A001708,R09,R09-M04,1,1,0,0,0,0,0
A001732,R09,R09-M04,1,1,0,0,0,0,0
A001801,R09,R09-M04,3,3,0,3,3,0,0
A001848,R09,R09-M04,2,2,0,1,1,0,0
A001878,R09,R09-M04,4,4,0,2,1,0,0
A001888,R09,R09-M04,5,5,0,3,2,0,0
A001903,R09,R09-M04,8,8,0,5,2,0,0
A001929,R09,R09-M04,2,2,0,2,0,0,1
A002011,R09,R09-M04,4,4,0,3,1,0,1
A002094,R09,R09-M04,4,4,0,2,1,0,0
A002170,R09,R09-M04,3,3,0,3,0,0,0
A002182,R09,R09-M04,1,1,0,1,1,0,0
A002194,R09,R09-M04,5,5,0,5,2,0,0
A002197,R09,R09-M04,9,9,0,6,2,1,1
A002303,R09,R09-M04,8,8,0,6,0,0,0
A002320,R09,R09-M04,4,4,0,4,1,0,0
A002389,R09,R09-M04,24,24,0,15,6,1,2
A002432,R09,R09-M04,8,8,0,7,2,0,0
A002461,R09,R09-M04,14,14,0,10,5,1,1
A002577,R09,R09-M04,25,25,0,17,7,0,0
A002608,R09,R09-M04,8,8,0,8,3,1,1
A002637,R09,R09-M04,4,4,0,4,3,0,0
A002792,R09,R09-M04,1,1,0,1,1,0,0
A002946,R09,R09-M04,1,1,0,1,0,0,0
A002955,R09,R09-M04,1,1,0,1,0,0,0
A002975,R09,R09-M04,4,4,0,2,0,0,0
A003086,R09,R09-M04,1,1,0,1,1,0,0
A003098,R09,R09-M04,2,2,0,1,0,0,0
A003146,R09,R09-M04,2,2,0,1,1,0,0
A003172,R09,R09-M04,7,7,0,6,2,1,1
A003217,R09,R09-M04,2,2,0,2,1,0,0
A003249,R09,R09-M04,1,1,0,1,1,0,0
A003355,R09,R09-M04,3,3,0,2,1,0,0
A003418,R09,R09-M04,7,7,0,4,1,0,0
A003433,R09,R09-M04,5,5,0,4,1,0,0
A003532,R09,R09-M04,1,1,0,1,0,0,0
A003680,R09,R09-M04,1,1,0,0,0,0,0
A003736,R09,R09-M04,6,6,0,3,1,1,1
A003870,R09,R09-M04,8,8,0,6,1,0,0
A003951,R09,R09-M04,2,1,1,1,1,0,1
A003975,R09,R09-M04,17,17,0,11,4,0,1
A004060,R09,R09-M04,6,6,0,4,2,0,0
A004104,R09,R09-M04,5,5,0,3,2,0,0
A004126,R09,R09-M04,4,4,0,2,0,0,0
A004213,R09,R09-M04,2,2,0,1,1,0,0
A004246,R09,R09-M04,4,4,0,3,2,0,0
A004304,R09,R09-M04,2,2,0,1,0,0,0
A004324,R09,R09-M04,13,13,0,9,3,1,2
A004369,R09,R09-M04,6,6,0,3,3,0,0
A004439,R09,R09-M04,5,5,0,2,1,0,0
A004446,R09,R09-M04,6,6,0,6,2,0,0
A004571,R09,R09-M04,3,3,0,2,1,0,0
A004602,R09,R09-M04,4,4,0,2,1,0,0
A004620,R09,R09-M04,4,4,0,2,0,0,0
A004662,R09,R09-M04,2,2,0,1,1,0,0
A004671,R09,R09-M04,1,1,0,0,0,0,0
A004672,R09,R09-M04,5,5,0,3,2,0,0
A004720,R09,R09-M04,6,6,0,3,1,0,0
A004754,R09,R09-M04,13,13,0,8,2,0,0
A004806,R09,R09-M04,4,4,0,3,1,0,0
A004812,R09,R09-M04,5,5,0,4,2,0,0
A004834,R09,R09-M04,7,6,1,5,1,1,2
A004877,R09,R09-M04,4,3,1,2,1,0,1
A004961,R09,R09-M04,2,2,0,2,2,0,0
A004995,R09,R09-M04,9,9,0,5,3,0,0
A005001,R09,R09-M04,10,10,0,10,4,0,0
A005086,R09,R09-M04,6,5,1,4,2,0,1
A005102,R09,R09-M04,14,14,0,9,3,1,1
A005114,R09,R09-M04,4,4,0,2,1,0,0
A005124,R09,R09-M04,10,10,0,6,2,1,1
A005125,R09,R09-M04,9,9,0,5,1,0,0
A005178,R09,R09-M04,2,2,0,0,0,0,0
A005224,R09,R09-M04,2,2,0,1,0,0,0
A005306,R09,R09-M04,6,6,0,4,0,0,0
A005363,R09,R09-M04,7,6,1,6,4,0,1
A005393,R09,R09-M04,5,5,0,5,1,0,0
A005480,R09,R09-M04,3,3,0,3,1,0,0
A005505,R09,R09-M04,1,1,0,1,1,0,0
A005542,R09,R09-M04,9,9,0,9,4,2,2
A005553,R09,R09-M04,3,3,0,1,0,0,0
A005557,R09,R09-M04,11,10,1,6,1,0,1
A005609,R09,R09-M04,7,7,0,6,2,0,0
A005735,R09,R09-M04,2,2,0,1,1,0,0
A005781,R09,R09-M04,5,5,0,2,0,0,0
A005858,R09,R09-M04,5,5,0,3,1,0,0
A006038,R09,R09-M04,3,3,0,2,1,0,0
A006167,R09,R09-M04,7,7,0,6,4,0,0
A006227,R09,R09-M04,5,5,0,3,1,0,0
A006385,R09,R09-M04,6,6,0,4,0,0,0
A006550,R09,R09-M04,7,7,0,3,1,0,0
A006614,R09,R09-M04,3,3,0,2,1,0,0
A006626,R09,R09-M04,6,6,0,3,1,0,0
A006638,R09,R09-M04,4,4,0,3,1,0,0
A006662,R09,R09-M04,6,6,0,3,2,0,0
A006672,R09,R09-M04,2,2,0,1,0,0,0
A006682,R09,R09-M04,2,2,0,2,1,0,0
A006688,R09,R09-M04,2,2,0,2,1,0,0
A006728,R09,R09-M04,14,13,1,8,3,1,2
A006746,R09,R09-M04,4,4,0,1,1,0,0
A006846,R09,R09-M04,7,7,0,5,2,0,0
A006907,R09,R09-M04,6,6,0,5,2,0,0
A006912,R09,R09-M04,2,2,0,1,0,0,0
A006946,R09,R09-M04,3,3,0,1,0,0,0
A006965,R09,R09-M04,4,4,0,4,2,0,0
A007024,R09,R09-M04,7,7,0,3,1,0,0
A007036,R09,R09-M04,2,2,0,1,0,0,0
A007055,R09,R09-M04,1,1,0,0,0,0,0
A007063,R09,R09-M04,9,8,1,7,4,0,1
A007181,R09,R09-M04,3,3,0,2,1,0,0
A007250,R09,R09-M04,2,2,0,2,0,0,0
A007257,R09,R09-M04,4,4,0,4,3,0,0
A007315,R09,R09-M04,7,7,0,3,0,0,0
A007394,R09,R09-M04,1,1,0,1,0,0,0
A007454,R09,R09-M04,3,3,0,1,1,0,0
A007495,R09,R09-M04,3,3,0,1,0,0,0
A007698,R09,R09-M04,10,10,0,6,2,0,0
A007708,R09,R09-M04,10,10,0,8,3,0,0
A007741,R09,R09-M04,8,8,0,8,3,0,0
A007766,R09,R09-M04,1,1,0,0,0,0,0
A007899,R09,R09-M04,3,3,0,1,1,0,0
A007960,R09,R09-M04,1,1,0,1,0,0,0
A007985,R09,R09-M04,20,20,0,16,5,1,1
A008009,R09,R09-M04,8,8,0,6,2,0,0
A008025,R09,R09-M04,2,2,0,0,0,0,0
A008139,R09,R09-M04,3,3,0,1,0,0,0
A008230,R09,R09-M04,1,1,0,1,1,0,0
A008272,R09,R09-M04,10,10,0,8,5,0,0
A008292,R09,R09-M04,3,3,0,2,0,0,0
A008305,R09,R09-M04,15,15,0,10,3,0,0
A008307,R09,R09-M04,1,1,0,0,0,0,0
A008316,R09,R09-M04,5,5,0,3,2,0,0
A008412,R09,R09-M04,2,2,0,1,0,0,0
A008498,R09,R09-M04,2,2,0,2,0,0,0
A008573,R09,R09-M04,16,15,1,13,6,0,1
A008616,R09,R09-M04,2,2,0,2,0,0,0
A008693,R09,R09-M04,5,5,0,4,1,0,1
A008730,R09,R09-M04,6,6,0,3,3,0,0
A008766,R09,R09-M04,9,9,0,8,5,0,0
A008788,R09,R09-M04,7,7,0,6,3,0,0
A008848,R09,R09-M04,4,4,0,1,0,0,0
A008906,R09,R09-M04,10,10,0,10,3,0,1
A008940,R09,R09-M04,1,0,1,1,0,0,1
A009052,R09,R09-M04,3,3,0,3,2,0,0
A009054,R09,R09-M04,1,1,0,1,1,1,1
A009104,R09,R09-M04,7,7,0,4,1,0,0
A009117,R09,R09-M04,5,5,0,3,1,0,0
A009144,R09,R09-M04,5,4,1,3,0,0,1
A009151,R09,R09-M04,4,4,0,2,1,0,0
A009152,R09,R09-M04,8,8,0,7,3,0,0
A009198,R09,R09-M04,1,1,0,1,1,0,0
A009204,R09,R09-M04,5,5,0,3,1,1,1
A009218,R09,R09-M04,2,2,0,0,0,0,0
A009249,R09,R09-M04,1,1,0,1,1,0,0
A009324,R09,R09-M04,4,4,0,4,2,0,0
A009432,R09,R09-M04,10,10,0,3,2,0,0
A009499,R09,R09-M04,2,2,0,2,0,0,0
A009546,R09,R09-M04,12,12,0,10,3,0,0
A009582,R09,R09-M04,5,5,0,4,2,0,1
A009642,R09,R09-M04,4,4,0,1,0,0,0
A009660,R09,R09-M04,15,15,0,11,5,0,0
A009674,R09,R09-M04,7,7,0,7,4,0,0
A009701,R09,R09-M04,10,10,0,6,2,1,1
A009720,R09,R09-M04,3,3,0,1,0,0,0
A009721,R09,R09-M04,2,2,0,1,0,0,0
A009771,R09,R09-M04,3,3,0,2,2,0,0
A009784,R09,R09-M04,8,7,1,6,2,0,1
A009969,R09,R09-M04,8,8,0,2,2,0,0
A009984,R09,R09-M04,7,7,0,5,1,0,0
A010001,R09,R09-M04,1,1,0,1,1,0,0
A010013,R09,R09-M04,3,3,0,3,1,0,0
A010047,R09,R09-M04,2,2,0,0,0,0,0
A010112,R09,R09-M04,1,1,0,1,0,0,0
A010119,R09,R09-M04,2,2,0,1,1,0,0
A010167,R09,R09-M04,6,6,0,4,3,0,0
A010175,R09,R09-M04,1,1,0,1,1,0,0
A010184,R09,R09-M04,1,1,0,1,1,0,0
A010187,R09,R09-M04,2,2,0,0,0,0,0
A010220,R09,R09-M04,6,6,0,4,2,1,1
A010233,R09,R09-M04,1,1,0,1,1,0,0
A010241,R09,R09-M04,3,3,0,2,0,0,0
A010271,R09,R09-M04,10,10,0,8,1,0,0
A010298,R09,R09-M04,1,1,0,1,1,0,0
A010375,R09,R09-M04,1,1,0,0,0,0,0
A010382,R09,R09-M04,1,1,0,1,0,0,0
A010432,R09,R09-M04,3,3,0,2,1,0,0
A010452,R09,R09-M04,4,4,0,4,2,1,1
A010472,R09,R09-M04,1,1,0,1,0,0,0
A010547,R09,R09-M04,4,4,0,1,0,0,0
A010553,R09,R09-M04,11,11,0,8,1,0,0
A010651,R09,R09-M04,10,10,0,8,2,0,1
A010699,R09,R09-M04,5,5,0,4,1,0,0
A010770,R09,R09-M04,2,2,0,2,1,0,0
A010828,R09,R09-M04,2,2,0,2,0,0,0
A010842,R09,R09-M04,5,5,0,2,1,0,0
A010861,R09,R09-M04,4,4,0,3,0,0,0
A010863,R09,R09-M04,6,6,0,5,2,0,0
A010914,R09,R09-M04,4,4,0,3,1,0,0
A010959,R09,R09-M04,2,2,0,2,0,0,0
A010966,R09,R09-M04,3,3,0,3,2,0,0
A010982,R09,R09-M04,5,5,0,4,2,1,1
A010984,R09,R09-M04,9,9,0,7,3,1,1
A011015,R09,R09-M04,1,1,0,0,0,0,0
A011038,R09,R09-M04,5,4,1,4,1,0,1
A011053,R09,R09-M04,1,1,0,0,0,0,0
A011146,R09,R09-M04,5,5,0,5,3,1,1
A011167,R09,R09-M04,8,7,1,5,3,0,1
A011176,R09,R09-M04,6,6,0,4,0,0,0
A011217,R09,R09-M04,6,6,0,4,2,0,0
A011277,R09,R09-M04,4,4,0,3,1,0,0
A011292,R09,R09-M04,3,3,0,3,2,0,1
A011320,R09,R09-M04,11,11,0,8,5,0,0
A011324,R09,R09-M04,2,2,0,0,0,0,0
A011390,R09,R09-M04,3,3,0,1,0,0,0
A011393,R09,R09-M04,5,5,0,4,4,0,0
A011423,R09,R09-M04,7,7,0,6,2,0,0
A011427,R09,R09-M04,2,2,0,1,0,0,1
A011619,R09,R09-M04,5,5,0,3,2,0,0
A011713,R09,R09-M04,3,3,0,3,2,0,0
A011764,R09,R09-M04,1,1,0,1,1,0,0
A011849,R09,R09-M04,2,2,0,2,1,0,0
A011877,R09,R09-M04,5,5,0,5,3,0,0
A011886,R09,R09-M04,3,3,0,3,0,0,0
A011911,R09,R09-M04,8,8,0,7,6,0,0
A011973,R09,R09-M04,5,5,0,3,2,0,0
A012070,R09,R09-M04,4,4,0,1,0,0,0
A012082,R09,R09-M04,4,4,0,2,2,0,0
A012341,R09,R09-M04,4,4,0,3,2,1,1
A012361,R09,R09-M04,14,13,1,7,1,0,2
A012392,R09,R09-M04,6,6,0,5,2,0,0
A012475,R09,R09-M04,8,8,0,4,3,2,3
A012504,R09,R09-M04,1,1,0,1,0,0,0
A012615,R09,R09-M04,4,4,0,0,0,0,0
A012727,R09,R09-M04,4,4,0,2,0,0,0
A012752,R09,R09-M04,4,4,0,2,1,0,0
A012755,R09,R09-M04,2,2,0,2,1,0,0
A012815,R09,R09-M04,3,3,0,3,1,0,0
A012854,R09,R09-M04,3,3,0,2,1,0,0
A012856,R09,R09-M04,2,1,1,2,0,0,1
A012898,R09,R09-M04,5,5,0,3,1,0,0
A012969,R09,R09-M04,7,7,0,3,1,0,0
A012981,R09,R09-M04,1,1,0,1,1,0,0
A012995,R09,R09-M04,5,5,0,2,2,0,0
A013073,R09,R09-M04,3,3,0,2,1,0,0
A013116,R09,R09-M04,4,3,1,3,0,0,1
A013166,R09,R09-M04,8,8,0,5,0,0,0
A013338,R09,R09-M04,7,7,0,4,0,0,0
A013340,R09,R09-M04,2,2,0,2,1,0,0
A013346,R09,R09-M04,4,4,0,2,2,0,0
A013439,R09,R09-M04,1,1,0,0,0,0,0
A013451,R09,R09-M04,5,5,0,3,1,0,0
A013539,R09,R09-M04,6,5,1,4,1,0,1
A013691,R09,R09-M04,3,3,0,2,1,0,0
A013694,R09,R09-M04,1,1,0,1,1,0,0
A013910,R09,R09-M04,1,1,0,1,0,0,0
A014072,R09,R09-M04,1,1,0,1,0,0,0
A014096,R09,R09-M04,4,4,0,3,1,0,0
A014108,R09,R09-M04,6,6,0,3,0,0,0
A014195,R09,R09-M04,1,1,0,1,0,0,0
A014213,R09,R09-M04,19,19,0,14,9,3,4
A014254,R09,R09-M04,7,7,0,5,2,1,1
A014257,R09,R09-M04,5,4,1,5,3,0,1
A014280,R09,R09-M04,2,2,0,2,1,0,0
A014441,R09,R09-M04,5,5,0,4,1,0,0
A014512,R09,R09-M04,1,1,0,1,1,0,0
A014551,R09,R09-M04,2,2,0,2,1,0,1
A014609,R09,R09-M04,6,6,0,5,1,0,0
A014667,R09,R09-M04,13,13,0,11,5,0,0
A014670,R09,R09-M04,10,10,0,7,3,0,0
A014846,R09,R09-M04,3,3,0,2,1,0,0
A014953,R09,R09-M04,4,4,0,4,2,0,0
A015014,R09,R09-M04,15,15,0,10,4,0,0
A015045,R09,R09-M04,3,3,0,3,1,0,0
A015055,R09,R09-M04,2,2,0,2,2,0,0
A015061,R09,R09-M04,10,10,0,8,3,0,0
A015086,R09,R09-M04,4,4,0,4,1,0,0
A015108,R09,R09-M04,10,10,0,8,2,0,0
A015239,R09,R09-M04,4,4,0,2,1,1,1
A015256,R09,R09-M04,11,11,0,7,2,0,0
A015282,R09,R09-M04,5,5,0,4,1,0,0
A015283,R09,R09-M04,1,1,0,1,0,0,0
A015305,R09,R09-M04,1,1,0,1,1,0,0
A015317,R09,R09-M04,5,5,0,3,0,0,0
A015348,R09,R09-M04,4,4,0,4,0,0,0
A015359,R09,R09-M04,4,4,0,3,2,0,0
A015422,R09,R09-M04,2,2,0,1,1,1,1
A015621,R09,R09-M04,8,8,0,5,2,0,0
A015627,R09,R09-M04,2,2,0,2,1,0,0
A015680,R09,R09-M04,4,4,0,4,2,0,0
A015687,R09,R09-M04,2,2,0,0,0,0,0
A015710,R09,R09-M04,2,2,0,0,0,0,0
A015815,R09,R09-M04,5,5,0,4,2,0,0
A016009,R09,R09-M04,3,3,0,1,0,0,0
A016153,R09,R09-M04,2,2,0,1,1,0,0
A016156,R09,R09-M04,6,6,0,5,2,0,0
A016164,R09,R09-M04,8,8,0,7,3,1,2
A016171,R09,R09-M04,3,3,0,3,1,0,1
A016189,R09,R09-M04,8,8,0,6,3,0,0
A016302,R09,R09-M04,3,3,0,2,1,0,1
A016308,R09,R09-M04,2,2,0,2,2,0,0
A016532,R09,R09-M04,8,8,0,7,4,0,0
A016546,R09,R09-M04,9,8,1,7,3,0,1
A016557,R09,R09-M04,16,16,0,13,7,0,0
A016575,R09,R09-M04,1,1,0,0,0,0,0
A016617,R09,R09-M04,6,6,0,3,1,0,0
A016675,R09,R09-M04,8,8,0,7,4,0,0
A016697,R09,R09-M04,2,2,0,0,0,0,0
A016777,R09,R09-M04,20,20,0,13,4,0,2
A016928,R09,R09-M04,13,13,0,9,2,0,0
A016970,R09,R09-M04,3,3,0,2,2,0,0
A017002,R09,R09-M04,7,7,0,5,3,0,0
A017017,R09,R09-M04,1,1,0,0,0,0,0
A017083,R09,R09-M04,2,2,0,0,0,0,0
A017174,R09,R09-M04,2,2,0,2,1,0,0
A017208,R09,R09-M04,7,7,0,5,4,0,0
A017235,R09,R09-M04,11,11,0,9,2,0,1
A017306,R09,R09-M04,6,6,0,5,3,0,0
A017370,R09,R09-M04,9,9,0,7,3,0,1
A017419,R09,R09-M04,1,1,0,1,0,0,0
A017546,R09,R09-M04,3,2,1,1,0,0,1
A017550,R09,R09-M04,11,11,0,8,2,1,1
A017578,R09,R09-M04,14,14,0,11,3,0,0
A017702,R09,R09-M04,1,1,0,0,0,0,0
A017709,R09,R09-M04,6,6,0,6,1,0,0
A017729,R09,R09-M04,8,8,0,3,1,0,0
A017748,R09,R09-M04,4,4,0,4,0,0,0
A017757,R09,R09-M04,5,5,0,4,1,0,0
A017783,R09,R09-M04,6,6,0,5,3,0,0
A017824,R09,R09-M04,13,13,0,6,3,0,0
A017841,R09,R09-M04,1,0,1,1,1,0,1
A017887,R09,R09-M04,13,13,0,9,2,0,0
A017979,R09,R09-M04,1,1,0,1,0,0,0
A000222,R10,R10-M01,2,2,0,1,1,0,0
A000224,R10,R10-M01,1,1,0,1,1,0,0
A000243,R10,R10-M01,7,7,0,7,3,0,0
A000290,R10,R10-M01,11,11,0,6,1,1,1
A000397,R10,R10-M01,3,3,0,3,2,0,0
A000457,R10,R10-M01,2,2,0,2,1,0,0
A000577,R10,R10-M01,2,2,0,0,0,0,0
A000618,R10,R10-M01,2,2,0,0,0,0,0
A000664,R10,R10-M01,5,5,0,3,0,0,0
A000798,R10,R10-M01,1,1,0,1,0,0,0
A000799,R10,R10-M01,1,1,0,1,0,0,0
A000848,R10,R10-M01,6,6,0,3,2,0,0
A000955,R10,R10-M01,3,3,0,1,0,0,0
A001013,R10,R10-M01,10,10,0,7,3,0,0
A001269,R10,R10-M01,6,6,0,4,2,0,0
A001441,R10,R10-M01,2,2,0,2,1,0,0
A001556,R10,R10-M01,8,8,0,7,3,0,0
A001558,R10,R10-M01,3,3,0,1,1,0,0
A001838,R10,R10-M01,13,13,0,10,4,0,0
A002037,R10,R10-M01,4,4,0,3,1,0,0
A002085,R10,R10-M01,1,1,0,1,0,0,0
A002391,R10,R10-M01,5,5,0,5,4,0,0
A002404,R10,R10-M01,2,2,0,2,2,0,0
A002920,R10,R10-M01,5,5,0,3,0,0,0
A002963,R10,R10-M01,2,2,0,1,0,0,0
A003002,R10,R10-M01,2,2,0,1,0,0,0
A003040,R10,R10-M01,2,2,0,2,0,0,1
A003057,R10,R10-M01,5,5,0,3,0,0,0
A003170,R10,R10-M01,3,3,0,2,2,0,0
A003173,R10,R10-M01,2,2,0,2,1,0,1
A003241,R10,R10-M01,1,1,0,1,1,0,0
A003279,R10,R10-M01,3,3,0,1,1,0,0
A003326,R10,R10-M01,2,2,0,0,0,0,0
A003343,R10,R10-M01,7,7,0,5,1,0,0
A003431,R10,R10-M01,4,4,0,2,1,0,0
A003439,R10,R10-M01,3,2,1,2,1,0,1
A003474,R10,R10-M01,1,1,0,1,0,0,0
A003631,R10,R10-M01,17,17,0,11,4,1,1
A003743,R10,R10-M01,8,7,1,6,3,0,1
A003871,R10,R10-M01,1,1,0,0,0,0,0
A003917,R10,R10-M01,2,2,0,2,2,0,0
A004004,R10,R10-M01,17,16,1,10,1,0,1
A004067,R10,R10-M01,3,3,0,2,0,0,1
A004272,R10,R10-M01,1,1,0,1,1,0,0
A004331,R10,R10-M01,9,9,0,5,2,0,0
A004451,R10,R10-M01,6,6,0,3,2,0,0
A004461,R10,R10-M01,3,3,0,2,0,0,0
A004657,R10,R10-M01,2,2,0,1,0,0,0
A004835,R10,R10-M01,2,2,0,1,0,0,0
A004878,R10,R10-M01,5,5,0,4,0,0,0
A005130,R10,R10-M01,2,2,0,2,0,0,0
A005147,R10,R10-M01,1,1,0,0,0,0,0
A005368,R10,R10-M01,4,4,0,4,3,0,0
A005390,R10,R10-M01,1,1,0,0,0,0,0
A005506,R10,R10-M01,4,4,0,3,1,0,0
A005608,R10,R10-M01,3,3,0,2,0,0,0
A005664,R10,R10-M01,1,1,0,1,1,0,0
A005888,R10,R10-M01,3,3,0,1,0,0,0
A006085,R10,R10-M01,2,2,0,2,1,0,0
A006189,R10,R10-M01,2,2,0,1,0,0,0
A006302,R10,R10-M01,3,3,0,3,3,0,0
A006327,R10,R10-M01,2,2,0,1,1,0,0
A006473,R10,R10-M01,1,1,0,1,0,0,0
A006517,R10,R10-M01,3,3,0,3,1,0,0
A006634,R10,R10-M01,1,1,0,1,0,0,0
A006859,R10,R10-M01,6,6,0,2,1,0,0
A007085,R10,R10-M01,1,1,0,1,0,0,0
A007147,R10,R10-M01,2,2,0,2,1,0,0
A007244,R10,R10-M01,1,0,1,1,1,0,1
A007311,R10,R10-M01,3,3,0,3,1,0,0
A007358,R10,R10-M01,11,11,0,8,1,0,0
A007375,R10,R10-M01,1,1,0,1,0,0,0
A007414,R10,R10-M01,4,4,0,3,1,0,1
A007763,R10,R10-M01,1,1,0,1,0,0,0
A007792,R10,R10-M01,2,2,0,1,0,0,0
A008030,R10,R10-M01,3,3,0,0,0,0,0
A008282,R10,R10-M01,6,6,0,2,0,0,0
A008332,R10,R10-M01,2,2,0,2,0,0,0
A008409,R10,R10-M01,2,2,0,1,0,0,0
A008420,R10,R10-M01,2,2,0,1,0,0,0
A008481,R10,R10-M01,3,3,0,3,3,0,0
A008523,R10,R10-M01,7,7,0,7,1,0,0
A008538,R10,R10-M01,6,6,0,4,2,0,1
A008599,R10,R10-M01,1,1,0,1,1,0,0
A008631,R10,R10-M01,1,1,0,1,0,0,0
A008740,R10,R10-M01,2,2,0,1,1,0,0
A008994,R10,R10-M01,1,1,0,1,0,0,0
A009008,R10,R10-M01,2,2,0,2,2,0,0
A009031,R10,R10-M01,2,2,0,1,0,0,0
A009075,R10,R10-M01,7,7,0,5,2,0,0
A009153,R10,R10-M01,1,1,0,1,1,1,1
A009221,R10,R10-M01,3,3,0,2,0,0,1
A009399,R10,R10-M01,2,2,0,2,1,0,0
A009515,R10,R10-M01,5,5,0,3,1,0,0
A009683,R10,R10-M01,1,1,0,1,0,0,0
A009723,R10,R10-M01,9,9,0,7,3,0,0
A009741,R10,R10-M01,1,1,0,1,0,0,0
A009801,R10,R10-M01,3,3,0,3,1,0,0
A009892,R10,R10-M01,6,6,0,4,0,0,0
A010056,R10,R10-M01,2,2,0,2,1,0,0
A010120,R10,R10-M01,9,9,0,6,0,0,0
A010232,R10,R10-M01,2,2,0,1,1,0,0
A010246,R10,R10-M01,10,10,0,9,4,2,2
A010420,R10,R10-M01,3,3,0,2,0,0,0
A010799,R10,R10-M01,1,1,0,1,0,0,0
A010836,R10,R10-M01,2,2,0,1,1,0,0
A010944,R10,R10-M01,2,2,0,2,0,0,0
A011143,R10,R10-M01,2,2,0,2,2,0,0
A011198,R10,R10-M01,6,6,0,6,3,0,0
A011244,R10,R10-M01,7,6,1,5,3,0,1
A011349,R10,R10-M01,2,2,0,2,0,0,0
A011421,R10,R10-M01,4,4,0,3,1,0,0
A011493,R10,R10-M01,3,3,0,1,0,0,0
A011630,R10,R10-M01,2,2,0,1,0,0,0
A011692,R10,R10-M01,2,2,0,2,1,0,0
A011990,R10,R10-M01,5,5,0,5,4,0,0
A012159,R10,R10-M01,4,4,0,3,2,0,0
A012317,R10,R10-M01,2,2,0,1,1,0,0
A012353,R10,R10-M01,7,7,0,5,1,0,0
A012366,R10,R10-M01,2,2,0,0,0,0,0
A012488,R10,R10-M01,2,2,0,1,0,0,0
A012519,R10,R10-M01,2,2,0,2,1,0,1
A012571,R10,R10-M01,4,4,0,2,1,0,0
A012602,R10,R10-M01,5,4,1,5,1,0,1
A012679,R10,R10-M01,1,1,0,0,0,0,0
A012853,R10,R10-M01,2,2,0,2,0,0,0
A013008,R10,R10-M01,2,2,0,2,1,0,0
A013302,R10,R10-M01,2,2,0,2,1,0,0
A013350,R10,R10-M01,4,4,0,1,0,0,0
A013829,R10,R10-M01,5,5,0,5,3,1,1
A013961,R10,R10-M01,7,7,0,3,0,0,0
A014037,R10,R10-M01,3,3,0,3,1,0,0
A014091,R10,R10-M01,2,2,0,1,1,0,0
A014190,R10,R10-M01,1,1,0,0,0,0,0
A014232,R10,R10-M01,4,4,0,1,0,0,0
A014236,R10,R10-M01,5,5,0,4,2,0,0
A014591,R10,R10-M01,5,5,0,3,1,0,0
A014762,R10,R10-M01,1,1,0,0,0,0,0
A014788,R10,R10-M01,4,4,0,3,2,0,0
A014803,R10,R10-M01,5,5,0,4,1,0,1
A014863,R10,R10-M01,1,1,0,1,0,0,1
A014872,R10,R10-M01,5,5,0,5,3,0,0
A015195,R10,R10-M01,5,5,0,4,0,0,0
A015228,R10,R10-M01,7,7,0,5,3,0,0
A015262,R10,R10-M01,4,4,0,3,2,0,0
A015274,R10,R10-M01,2,2,0,2,0,0,0
A015318,R10,R10-M01,1,1,0,0,0,0,0
A015396,R10,R10-M01,4,4,0,1,0,0,0
A015495,R10,R10-M01,1,1,0,1,0,0,0
A015509,R10,R10-M01,1,1,0,1,1,0,0
A015753,R10,R10-M01,1,1,0,1,0,0,0
A015791,R10,R10-M01,6,6,0,3,2,0,0
A015960,R10,R10-M01,1,1,0,1,1,1,1
A015999,R10,R10-M01,1,1,0,1,0,0,0
A016002,R10,R10-M01,4,4,0,4,1,1,1
A016247,R10,R10-M01,2,2,0,2,0,0,0
A016476,R10,R10-M01,5,5,0,4,2,0,0
A016492,R10,R10-M01,5,5,0,5,1,0,0
A016709,R10,R10-M01,1,1,0,0,0,0,0
A016774,R10,R10-M01,12,12,0,10,4,0,0
A016816,R10,R10-M01,7,7,0,6,2,0,1
A017031,R10,R10-M01,1,1,0,0,0,0,0
A017156,R10,R10-M01,2,2,0,1,1,0,0
A017375,R10,R10-M01,2,2,0,2,2,0,0
A017413,R10,R10-M01,4,4,0,2,1,0,0
A017471,R10,R10-M01,6,6,0,5,0,0,0
A017547,R10,R10-M01,2,2,0,2,1,0,0
A017650,R10,R10-M01,2,2,0,1,0,0,0
A000166,R10,R10-M02,10,9,1,5,2,0,1
A000199,R10,R10-M02,3,3,0,2,0,0,0
A000314,R10,R10-M02,2,2,0,2,0,0,0
A000487,R10,R10-M02,2,2,0,2,0,0,0
A000489,R10,R10-M02,5,5,0,4,2,0,0
A000684,R10,R10-M02,8,8,0,5,4,0,0
A000698,R10,R10-M02,2,2,0,2,2,0,0
A000875,R10,R10-M02,4,3,1,4,2,0,1
A000879,R10,R10-M02,6,6,0,3,2,0,0
A001093,R10,R10-M02,4,3,1,1,0,0,1
A001139,R10,R10-M02,13,12,1,10,6,0,1
A001183,R10,R10-M02,4,4,0,3,2,0,0
A001300,R10,R10-M02,2,2,0,2,1,0,0
A001311,R10,R10-M02,3,3,0,2,0,0,0
A001355,R10,R10-M02,1,1,0,1,0,0,0
A001411,R10,R10-M02,2,2,0,1,1,0,0
A001529,R10,R10-M02,1,1,0,1,1,0,0
A001652,R10,R10-M02,4,4,0,3,2,0,0
A001686,R10,R10-M02,2,2,0,1,0,0,0
A001883,R10,R10-M02,8,8,0,6,3,0,0
A001990,R10,R10-M02,4,4,0,3,0,0,0
A002009,R10,R10-M02,3,3,0,2,1,0,0
A002099,R10,R10-M02,1,1,0,1,0,1,1
A002533,R10,R10-M02,1,1,0,1,0,0,0
A002781,R10,R10-M02,4,4,0,2,1,0,0
A002810,R10,R10-M02,4,4,0,3,1,0,0
A002830,R10,R10-M02,1,1,0,0,0,0,0
A002859,R10,R10-M02,2,2,0,1,0,0,0
A003052,R10,R10-M02,1,1,0,1,0,0,0
A003078,R10,R10-M02,2,2,0,2,2,0,0
A003219,R10,R10-M02,2,2,0,2,1,0,0
A003521,R10,R10-M02,6,6,0,4,1,0,0
A003569,R10,R10-M02,3,3,0,2,1,1,1
A003572,R10,R10-M02,10,10,0,8,2,0,0
A003652,R10,R10-M02,3,3,0,2,0,0,0
A003685,R10,R10-M02,4,3,1,4,1,0,1
A003733,R10,R10-M02,7,7,0,5,1,0,0
A003829,R10,R10-M02,1,1,0,1,0,0,0
A004028,R10,R10-M02,2,2,0,2,0,0,0
A004280,R10,R10-M02,4,4,0,3,3,0,0
A004330,R10,R10-M02,9,9,0,5,4,0,0
A004458,R10,R10-M02,4,4,0,2,1,0,0
A004477,R10,R10-M02,8,8,0,7,3,0,0
A004488,R10,R10-M02,10,9,1,7,2,0,1
A004497,R10,R10-M02,3,3,0,2,1,0,0
A004532,R10,R10-M02,2,2,0,1,1,0,0
A004554,R10,R10-M02,5,5,0,3,1,0,0
A004573,R10,R10-M02,4,4,0,3,0,0,0
A004582,R10,R10-M02,4,4,0,2,0,0,0
A004682,R10,R10-M02,1,1,0,1,1,1,1
A004789,R10,R10-M02,4,4,0,3,0,0,0
A005070,R10,R10-M02,5,5,0,4,2,0,0
A005144,R10,R10-M02,1,1,0,1,0,0,0
A005165,R10,R10-M02,2,2,0,1,1,0,0
A005297,R10,R10-M02,2,2,0,2,1,0,0
A005298,R10,R10-M02,1,1,0,1,0,0,0
A005304,R10,R10-M02,5,4,1,3,2,0,1
A005519,R10,R10-M02,3,2,1,1,0,0,1
A005575,R10,R10-M02,15,15,0,11,2,0,0
A005643,R10,R10-M02,1,1,0,1,1,0,0
A005707,R10,R10-M02,2,2,0,0,0,0,0
A005961,R10,R10-M02,4,4,0,2,0,0,0
A005982,R10,R10-M02,8,7,1,7,3,0,2
A006076,R10,R10-M02,4,4,0,2,1,0,0
A006332,R10,R10-M02,2,2,0,1,0,0,0
A006391,R10,R10-M02,2,2,0,0,0,0,0
A006605,R10,R10-M02,4,4,0,1,0,0,0
A006635,R10,R10-M02,4,4,0,2,1,0,0
A006751,R10,R10-M02,1,1,0,1,0,0,0
A007076,R10,R10-M02,1,1,0,1,0,0,0
A007174,R10,R10-M02,1,1,0,1,0,0,0
A007246,R10,R10-M02,2,2,0,2,1,0,0
A007350,R10,R10-M02,3,3,0,2,1,0,1
A007352,R10,R10-M02,1,1,0,1,1,0,0
A007468,R10,R10-M02,2,2,0,1,1,0,0
A007482,R10,R10-M02,4,4,0,2,1,0,0
A007501,R10,R10-M02,1,1,0,1,0,0,0
A007634,R10,R10-M02,2,2,0,1,1,0,0
A007677,R10,R10-M02,2,2,0,2,0,0,0
A007765,R10,R10-M02,3,3,0,0,0,0,0
A007863,R10,R10-M02,3,3,0,2,1,0,0
A007997,R10,R10-M02,3,3,0,2,1,0,0
A008017,R10,R10-M02,13,13,0,9,4,0,0
A008104,R10,R10-M02,4,4,0,2,0,0,0
A008253,R10,R10-M02,2,2,0,2,1,0,0
A008353,R10,R10-M02,3,3,0,2,1,0,0
A008374,R10,R10-M02,3,3,0,2,1,1,1
A008487,R10,R10-M02,4,4,0,3,1,0,0
A008567,R10,R10-M02,6,6,0,5,2,0,0
A008651,R10,R10-M02,2,2,0,2,0,0,0
A008666,R10,R10-M02,5,5,0,3,1,0,0
A008682,R10,R10-M02,2,2,0,1,0,0,0
A008715,R10,R10-M02,3,3,0,2,0,0,1
A008846,R10,R10-M02,1,1,0,0,0,0,0
A009030,R10,R10-M02,2,2,0,1,1,0,0
A009088,R10,R10-M02,3,3,0,3,1,0,0
A009241,R10,R10-M02,5,5,0,4,0,0,0
A009363,R10,R10-M02,1,1,0,1,1,0,0
A009376,R10,R10-M02,4,4,0,2,2,0,0
A009552,R10,R10-M02,6,6,0,4,0,0,0
A009559,R10,R10-M02,3,3,0,2,1,0,0
A009561,R10,R10-M02,5,5,0,3,1,0,0
A009588,R10,R10-M02,1,1,0,1,0,0,0
A009661,R10,R10-M02,1,1,0,1,0,0,0
A009704,R10,R10-M02,6,6,0,5,0,0,0
A009903,R10,R10-M02,4,4,0,1,1,0,0
A010048,R10,R10-M02,3,3,0,1,1,0,0
A010150,R10,R10-M02,7,7,0,3,1,0,0
A010230,R10,R10-M02,2,2,0,2,1,0,0
A010293,R10,R10-M02,2,2,0,2,0,0,0
A010376,R10,R10-M02,3,3,0,3,1,0,0
A010397,R10,R10-M02,6,6,0,4,2,0,0
A010540,R10,R10-M02,3,3,0,3,2,1,1
A010690,R10,R10-M02,3,3,0,2,0,0,0
A010813,R10,R10-M02,6,6,0,4,1,0,0
A011069,R10,R10-M02,4,4,0,3,1,0,0
A011139,R10,R10-M02,8,8,0,7,3,0,0
A011341,R10,R10-M02,1,1,0,1,0,0,0
A011394,R10,R10-M02,3,3,0,2,0,0,0
A011466,R10,R10-M02,1,1,0,1,1,0,0
A011629,R10,R10-M02,5,5,0,4,1,0,0
A011744,R10,R10-M02,2,2,0,2,2,0,0
A011821,R10,R10-M02,6,6,0,5,2,0,0
A011846,R10,R10-M02,1,1,0,1,0,0,0
A011859,R10,R10-M02,1,1,0,1,1,0,0
A012058,R10,R10-M02,3,3,0,3,2,0,0
A012075,R10,R10-M02,4,4,0,4,1,0,0
A012086,R10,R10-M02,3,3,0,0,0,0,0
A012293,R10,R10-M02,2,2,0,2,2,0,0
A012347,R10,R10-M02,4,4,0,3,2,0,0
A013119,R10,R10-M02,8,8,0,5,1,0,2
A013252,R10,R10-M02,2,2,0,1,0,0,0
A013273,R10,R10-M02,5,5,0,5,2,0,0
A013500,R10,R10-M02,3,3,0,3,1,0,0
A013518,R10,R10-M02,4,4,0,2,1,0,0
A013659,R10,R10-M02,3,3,0,3,2,0,0
A013702,R10,R10-M02,4,4,0,0,0,0,0
A013806,R10,R10-M02,2,2,0,2,1,0,0
A014275,R10,R10-M02,8,8,0,5,3,0,0
A014309,R10,R10-M02,2,2,0,2,1,0,0
A014394,R10,R10-M02,3,3,0,0,0,0,0
A014409,R10,R10-M02,1,1,0,0,0,0,0
A014542,R10,R10-M02,1,1,0,1,0,0,0
A014577,R10,R10-M02,1,0,1,1,1,0,1
A014592,R10,R10-M02,1,1,0,1,0,0,0
A014629,R10,R10-M02,1,1,0,1,1,0,0
A014813,R10,R10-M02,4,4,0,4,2,0,0
A014825,R10,R10-M02,9,8,1,8,3,0,1
A014828,R10,R10-M02,5,5,0,5,2,0,0
A014858,R10,R10-M02,4,4,0,2,1,0,0
A014906,R10,R10-M02,6,6,0,3,3,0,0
A014978,R10,R10-M02,2,2,0,2,2,0,0
A014987,R10,R10-M02,3,2,1,2,0,0,1
A015193,R10,R10-M02,13,13,0,9,3,0,0
A015299,R10,R10-M02,7,6,1,5,1,0,1
A015393,R10,R10-M02,5,5,0,4,1,0,0
A015419,R10,R10-M02,1,1,0,1,1,0,0
A015423,R10,R10-M02,6,5,1,3,1,0,1
A015466,R10,R10-M02,2,2,0,2,1,0,0
A015474,R10,R10-M02,5,5,0,2,1,0,0
A015590,R10,R10-M02,9,9,0,7,3,0,0
A015725,R10,R10-M02,3,3,0,2,1,0,1
A016103,R10,R10-M02,3,3,0,2,1,0,1
A016232,R10,R10-M02,3,3,0,1,1,0,0
A016489,R10,R10-M02,1,1,0,0,0,0,0
A016521,R10,R10-M02,4,4,0,2,1,0,0
A016632,R10,R10-M02,3,3,0,2,1,0,0
A016644,R10,R10-M02,5,5,0,5,1,0,0
A016715,R10,R10-M02,3,3,0,1,0,0,0
A016722,R10,R10-M02,3,3,0,1,0,0,0
A016805,R10,R10-M02,3,3,0,1,0,0,0
A016906,R10,R10-M02,5,5,0,3,2,0,0
A017159,R10,R10-M02,2,2,0,1,1,0,0
A017275,R10,R10-M02,2,2,0,1,1,0,0
A017308,R10,R10-M02,1,1,0,1,0,0,0
A017461,R10,R10-M02,1,1,0,1,0,0,0
A017795,R10,R10-M02,2,2,0,1,0,0,0
A017817,R10,R10-M02,3,3,0,3,2,1,1
A017981,R10,R10-M02,2,2,0,1,1,0,0
A000163,R10,R10-M03,1,1,0,1,0,0,0
A000270,R10,R10-M03,1,1,0,1,0,0,0
A000291,R10,R10-M03,4,4,0,3,0,0,0
A000321,R10,R10-M03,1,1,0,1,0,0,0
A000475,R10,R10-M03,2,2,0,2,0,0,0
A000478,R10,R10-M03,5,4,1,4,3,0,1
A000635,R10,R10-M03,2,2,0,2,1,0,0
A000728,R10,R10-M03,1,1,0,1,0,0,0
A000768,R10,R10-M03,3,3,0,3,1,0,0
A000791,R10,R10-M03,2,1,1,2,0,0,1
A000854,R10,R10-M03,6,6,0,3,2,1,1
A000908,R10,R10-M03,6,6,0,4,0,0,0
A000925,R10,R10-M03,1,1,0,1,0,0,0
A000930,R10,R10-M03,11,11,0,8,1,0,0
A000950,R10,R10-M03,12,12,0,8,5,0,0
A000973,R10,R10-M03,2,2,0,1,0,0,0
A001347,R10,R10-M03,2,2,0,2,2,0,0
A001350,R10,R10-M03,4,4,0,2,1,1,1
A001464,R10,R10-M03,1,1,0,1,0,0,0
A001501,R10,R10-M03,2,2,0,1,0,0,0
A001804,R10,R10-M03,1,1,0,1,1,0,0
A001808,R10,R10-M03,2,2,0,1,0,0,0
A001998,R10,R10-M03,3,3,0,3,1,0,0
A002078,R10,R10-M03,4,4,0,2,2,0,0
A002249,R10,R10-M03,2,1,1,2,1,0,1
A002334,R10,R10-M03,2,2,0,2,0,0,0
A002445,R10,R10-M03,3,3,0,2,2,0,0
A002509,R10,R10-M03,3,3,0,3,0,0,0
A002700,R10,R10-M03,4,4,0,3,1,0,0
A002716,R10,R10-M03,4,4,0,2,0,0,0
A002719,R10,R10-M03,2,2,0,1,0,0,0
A002723,R10,R10-M03,5,5,0,4,2,0,0
A002735,R10,R10-M03,1,1,0,1,0,0,0
A002795,R10,R10-M03,4,4,0,1,0,0,0
A002964,R10,R10-M03,7,7,0,5,5,0,0
A002993,R10,R10-M03,15,15,0,11,8,2,2
A003019,R10,R10-M03,2,2,0,2,2,0,0
A003223,R10,R10-M03,1,1,0,0,0,0,0
A003319,R10,R10-M03,3,3,0,2,1,0,0
A003322,R10,R10-M03,7,7,0,5,4,0,0
A003350,R10,R10-M03,1,1,0,0,0,0,0
A003605,R10,R10-M03,2,2,0,0,0,0,0
A003815,R10,R10-M03,1,1,0,0,0,0,0
A003906,R10,R10-M03,11,11,0,7,1,0,0
A003915,R10,R10-M03,6,6,0,6,3,0,0
A004062,R10,R10-M03,1,1,0,1,1,0,0
A004127,R10,R10-M03,1,1,0,1,0,0,0
A004155,R10,R10-M03,12,12,0,6,2,0,0
A004261,R10,R10-M03,12,12,0,9,5,0,0
A004305,R10,R10-M03,1,1,0,1,1,0,0
A004357,R10,R10-M03,9,9,0,8,4,1,1
A004399,R10,R10-M03,2,2,0,1,1,0,0
A004637,R10,R10-M03,5,5,0,2,1,0,0
A004718,R10,R10-M03,4,4,0,1,0,0,0
A004780,R10,R10-M03,1,1,0,0,0,0,0
A005182,R10,R10-M03,2,2,0,1,0,0,0
A005274,R10,R10-M03,1,1,0,1,0,0,0
A005276,R10,R10-M03,4,4,0,3,1,0,0
A005400,R10,R10-M03,2,2,0,1,1,0,0
A005432,R10,R10-M03,3,3,0,3,1,0,0
A005806,R10,R10-M03,1,1,0,1,1,0,0
A005808,R10,R10-M03,2,2,0,1,1,0,0
A005895,R10,R10-M03,4,4,0,4,1,0,0
A005993,R10,R10-M03,5,4,1,3,1,0,1
A006000,R10,R10-M03,2,2,0,2,1,0,0
A006138,R10,R10-M03,1,1,0,1,1,0,0
A006159,R10,R10-M03,2,2,0,2,2,0,0
A006180,R10,R10-M03,13,13,0,10,5,0,0
A006248,R10,R10-M03,2,2,0,0,0,0,0
A006307,R10,R10-M03,4,4,0,3,0,0,0
A007517,R10,R10-M03,2,2,0,2,0,0,0
A007544,R10,R10-M03,5,5,0,5,3,0,1
A007702,R10,R10-M03,2,2,0,1,1,0,0
A007760,R10,R10-M03,1,1,0,1,1,0,0
A007767,R10,R10-M03,3,3,0,3,1,0,0
A008033,R10,R10-M03,3,3,0,1,0,0,0
A008099,R10,R10-M03,3,3,0,2,1,0,0
A008130,R10,R10-M03,5,5,0,3,2,0,0
A008133,R10,R10-M03,1,1,0,1,0,0,0
A008377,R10,R10-M03,2,2,0,1,0,0,0
A008436,R10,R10-M03,1,1,0,0,0,0,0
A008485,R10,R10-M03,1,1,0,0,0,0,0
A008521,R10,R10-M03,3,3,0,3,2,0,0
A008946,R10,R10-M03,2,2,0,0,0,0,0
A008989,R10,R10-M03,3,3,0,1,0,0,0
A009015,R10,R10-M03,5,5,0,4,1,0,0
A009092,R10,R10-M03,1,1,0,1,1,0,0
A009106,R10,R10-M03,2,2,0,1,0,0,0
A009396,R10,R10-M03,2,2,0,2,1,0,0
A009424,R10,R10-M03,10,10,0,8,5,1,1
A009769,R10,R10-M03,5,5,0,3,2,0,0
A009796,R10,R10-M03,8,8,0,7,2,0,0
A009803,R10,R10-M03,5,5,0,3,0,0,0
A009835,R10,R10-M03,4,4,0,2,1,0,0
A009859,R10,R10-M03,4,4,0,3,1,0,0
A009882,R10,R10-M03,5,5,0,2,2,0,0
A009913,R10,R10-M03,6,6,0,3,1,0,0
A009933,R10,R10-M03,5,5,0,2,0,0,0
A009936,R10,R10-M03,2,2,0,0,0,0,0
A010141,R10,R10-M03,1,1,0,1,0,0,0
A010179,R10,R10-M03,11,10,1,8,3,0,1
A010194,R10,R10-M03,2,2,0,1,0,0,0
A010254,R10,R10-M03,7,7,0,4,3,0,0
A010559,R10,R10-M03,4,4,0,3,2,1,1
A010648,R10,R10-M03,3,3,0,2,0,0,0
A010888,R10,R10-M03,2,2,0,1,0,0,0
A010905,R10,R10-M03,2,2,0,2,0,0,0
A010911,R10,R10-M03,6,6,0,5,1,0,0
A011113,R10,R10-M03,2,2,0,1,0,0,0
A011169,R10,R10-M03,6,6,0,4,1,1,1
A011208,R10,R10-M03,4,4,0,2,1,0,0
A011262,R10,R10-M03,1,1,0,1,0,0,0
A011391,R10,R10-M03,1,1,0,1,0,0,0
A011519,R10,R10-M03,3,3,0,2,2,0,0
A011608,R10,R10-M03,3,3,0,3,0,0,1
A011712,R10,R10-M03,2,2,0,0,0,0,0
A011915,R10,R10-M03,1,1,0,1,1,0,0
A011950,R10,R10-M03,2,2,0,2,1,0,0
A011972,R10,R10-M03,5,5,0,4,1,0,0
A012234,R10,R10-M03,6,6,0,5,1,0,0
A012280,R10,R10-M03,7,7,0,5,3,0,0
A012284,R10,R10-M03,2,2,0,2,0,0,0
A012300,R10,R10-M03,2,2,0,2,1,0,0
A012343,R10,R10-M03,7,7,0,4,2,1,1
A012381,R10,R10-M03,7,7,0,3,1,0,0
A012420,R10,R10-M03,4,4,0,2,2,0,0
A012437,R10,R10-M03,5,4,1,5,4,1,2
A012452,R10,R10-M03,1,1,0,1,1,0,0
A012460,R10,R10-M03,11,11,0,8,3,0,0
A012686,R10,R10-M03,2,2,0,2,1,0,0
A012840,R10,R10-M03,2,2,0,1,1,0,0
A012914,R10,R10-M03,7,7,0,5,4,0,0
A012959,R10,R10-M03,2,2,0,0,0,0,0
A013154,R10,R10-M03,1,1,0,1,0,0,0
A013198,R10,R10-M03,3,3,0,1,1,0,0
A013292,R10,R10-M03,4,4,0,4,2,1,1
A013307,R10,R10-M03,3,3,0,2,1,0,0
A013365,R10,R10-M03,3,3,0,2,1,1,1
A013428,R10,R10-M03,5,5,0,4,2,0,1
A013682,R10,R10-M03,5,5,0,5,3,0,0
A013718,R10,R10-M03,5,5,0,4,0,0,0
A013727,R10,R10-M03,3,3,0,1,0,0,0
A013795,R10,R10-M03,6,6,0,5,2,0,0
A013895,R10,R10-M03,8,8,0,5,3,0,0
A013965,R10,R10-M03,13,13,0,9,3,0,0
A014054,R10,R10-M03,5,4,1,4,1,0,1
A014119,R10,R10-M03,5,5,0,4,3,1,1
A014223,R10,R10-M03,1,1,0,1,1,0,0
A014286,R10,R10-M03,3,3,0,1,1,0,0
A014304,R10,R10-M03,7,7,0,6,2,0,0
A014341,R10,R10-M03,5,5,0,4,0,0,0
A014369,R10,R10-M03,2,2,0,2,1,0,0
A014374,R10,R10-M03,17,17,0,13,4,1,1
A014432,R10,R10-M03,2,2,0,1,0,0,0
A014446,R10,R10-M03,2,2,0,2,1,0,0
A014676,R10,R10-M03,7,7,0,4,1,0,0
A014754,R10,R10-M03,2,2,0,2,1,0,0
A014757,R10,R10-M03,2,2,0,1,0,0,0
A014827,R10,R10-M03,3,3,0,1,0,0,0
A014865,R10,R10-M03,2,2,0,2,2,0,0
A014869,R10,R10-M03,5,5,0,4,2,0,0
A015050,R10,R10-M03,3,3,0,2,1,0,0
A015322,R10,R10-M03,5,5,0,1,1,0,0
A015356,R10,R10-M03,3,3,0,2,0,0,0
A015388,R10,R10-M03,7,7,0,4,1,0,0
A015545,R10,R10-M03,1,1,0,0,0,0,0
A015707,R10,R10-M03,1,0,1,1,1,0,1
A015764,R10,R10-M03,9,9,0,7,5,0,0
A015931,R10,R10-M03,2,2,0,2,1,0,0
A016035,R10,R10-M03,2,2,0,2,0,0,0
A016088,R10,R10-M03,2,2,0,1,1,0,0
A016100,R10,R10-M03,4,4,0,3,1,0,0
A016137,R10,R10-M03,3,3,0,2,1,0,0
A016146,R10,R10-M03,1,1,0,1,0,0,0
A016229,R10,R10-M03,6,6,0,5,2,0,0
A016322,R10,R10-M03,7,7,0,5,2,0,0
A016381,R10,R10-M03,12,12,0,8,4,0,0
A016405,R10,R10-M03,16,14,2,12,4,1,4
A016444,R10,R10-M03,7,7,0,3,2,0,0
A016451,R10,R10-M03,2,2,0,1,1,0,0
A016475,R10,R10-M03,4,4,0,2,1,1,1
A016633,R10,R10-M03,3,3,0,2,0,0,0
A016719,R10,R10-M03,2,2,0,2,2,0,0
A016804,R10,R10-M03,4,4,0,4,1,0,0
A017000,R10,R10-M03,1,1,0,1,0,0,0
A017036,R10,R10-M03,3,3,0,3,2,0,0
A017139,R10,R10-M03,11,11,0,9,5,1,1
A017219,R10,R10-M03,1,1,0,1,0,0,0
A017241,R10,R10-M03,2,2,0,2,1,0,0
A017364,R10,R10-M03,3,3,0,2,0,0,0
A017559,R10,R10-M03,3,3,0,3,3,0,0
A017710,R10,R10-M03,5,5,0,4,2,0,0
A017803,R10,R10-M03,2,2,0,2,0,0,0
A017843,R10,R10-M03,3,3,0,1,1,0,0
A017930,R10,R10-M03,7,6,1,5,3,1,2
A017958,R10,R10-M03,1,1,0,1,0,0,0
A000059,R10,R10-M04,2,2,0,2,1,0,0
A000145,R10,R10-M04,10,9,1,6,2,0,1
A000173,R10,R10-M04,3,3,0,3,1,0,0
A000194,R10,R10-M04,6,6,0,3,2,0,0
A000316,R10,R10-M04,2,2,0,2,1,0,0
A000342,R10,R10-M04,4,4,0,3,0,0,0
A000666,R10,R10-M04,2,2,0,2,1,0,0
A000898,R10,R10-M04,4,4,0,3,0,1,1
A000960,R10,R10-M04,4,4,0,4,2,0,0
A000979,R10,R10-M04,3,3,0,2,0,0,0
A001070,R10,R10-M04,4,4,0,2,1,0,0
A001104,R10,R10-M04,2,2,0,2,1,0,0
A001160,R10,R10-M04,3,3,0,2,0,0,0
A001331,R10,R10-M04,5,5,0,3,0,0,0
A001449,R10,R10-M04,4,4,0,2,1,0,0
A001496,R10,R10-M04,1,1,0,1,0,0,0
A001502,R10,R10-M04,6,6,0,5,2,0,0
A001702,R10,R10-M04,3,3,0,2,2,1,1
A001841,R10,R10-M04,2,2,0,2,2,0,0
A001849,R10,R10-M04,1,1,0,1,0,0,0
A001993,R10,R10-M04,8,8,0,5,2,0,0
A002077,R10,R10-M04,3,3,0,2,0,0,0
A002179,R10,R10-M04,5,5,0,4,1,0,0
A002214,R10,R10-M04,4,4,0,1,0,0,0
A002337,R10,R10-M04,1,1,0,0,0,0,0
A002392,R10,R10-M04,7,7,0,3,1,0,0
A002475,R10,R10-M04,6,6,0,3,2,0,0
A002504,R10,R10-M04,4,4,0,3,0,0,0
A002534,R10,R10-M04,2,2,0,1,0,0,0
A002602,R10,R10-M04,6,6,0,5,2,0,0
A002853,R10,R10-M04,9,9,0,5,3,1,1
A003023,R10,R10-M04,5,5,0,4,1,0,0
A003113,R10,R10-M04,1,1,0,0,0,0,0
A003145,R10,R10-M04,3,3,0,2,0,0,0
A003258,R10,R10-M04,4,4,0,3,0,0,1
A003274,R10,R10-M04,8,8,0,5,1,0,0
A003613,R10,R10-M04,7,6,1,4,2,0,1
A003723,R10,R10-M04,3,3,0,1,1,0,0
A003978,R10,R10-M04,1,1,0,1,0,0,0
A004071,R10,R10-M04,1,1,0,1,0,0,0
A004092,R10,R10-M04,2,2,0,2,1,0,0
A004133,R10,R10-M04,6,6,0,5,2,1,1
A004239,R10,R10-M04,7,7,0,3,0,0,0
A004306,R10,R10-M04,3,3,0,2,2,1,1
A004506,R10,R10-M04,8,8,0,6,3,0,0
A004633,R10,R10-M04,9,9,0,7,3,0,0
A004641,R10,R10-M04,1,1,0,0,0,0,0
A004783,R10,R10-M04,2,2,0,1,1,0,0
A005002,R10,R10-M04,2,1,1,1,0,0,1
A005045,R10,R10-M04,2,2,0,2,0,0,0
A005071,R10,R10-M04,2,2,0,1,0,0,0
A005074,R10,R10-M04,2,2,0,1,1,0,0
A005093,R10,R10-M04,2,2,0,1,1,0,0
A005101,R10,R10-M04,3,3,0,1,1,0,0
A005344,R10,R10-M04,1,1,0,0,0,0,0
A005352,R10,R10-M04,1,1,0,1,0,0,0
A005354,R10,R10-M04,3,3,0,3,1,0,0
A005515,R10,R10-M04,5,5,0,4,1,0,0
A005586,R10,R10-M04,5,5,0,2,1,0,0
A005731,R10,R10-M04,1,1,0,0,0,0,0
A005872,R10,R10-M04,2,2,0,0,0,0,0
A005881,R10,R10-M04,1,1,0,1,0,0,0
A005896,R10,R10-M04,4,4,0,4,3,0,0
A005906,R10,R10-M04,3,3,0,3,1,0,0
A005954,R10,R10-M04,3,3,0,1,0,0,0
A006281,R10,R10-M04,2,2,0,2,0,0,0
A006357,R10,R10-M04,8,8,0,6,2,0,0
A006366,R10,R10-M04,1,1,0,1,1,0,0
A006377,R10,R10-M04,1,1,0,1,1,0,0
A006419,R10,R10-M04,1,1,0,1,0,0,0
A006545,R10,R10-M04,1,1,0,0,0,0,0
A006732,R10,R10-M04,4,4,0,4,2,0,0
A006924,R10,R10-M04,1,1,0,1,0,0,0
A006942,R10,R10-M04,2,2,0,2,0,0,0
A006990,R10,R10-M04,4,4,0,4,1,0,0
A007095,R10,R10-M04,3,3,0,3,0,0,0
A007146,R10,R10-M04,1,1,0,1,1,0,0
A007185,R10,R10-M04,10,10,0,6,1,0,0
A007271,R10,R10-M04,8,6,2,7,3,1,3
A007279,R10,R10-M04,3,3,0,0,0,0,0
A007343,R10,R10-M04,5,5,0,3,2,0,0
A007446,R10,R10-M04,1,1,0,1,1,0,0
A007500,R10,R10-M04,2,2,0,2,1,0,0
A007587,R10,R10-M04,1,1,0,1,1,0,0
A007645,R10,R10-M04,4,4,0,4,2,0,1
A007712,R10,R10-M04,1,1,0,0,0,0,0
A007799,R10,R10-M04,4,4,0,4,2,1,1
A007838,R10,R10-M04,5,5,0,2,1,0,0
A007991,R10,R10-M04,3,3,0,2,1,0,0
A008118,R10,R10-M04,2,2,0,1,0,1,1
A008218,R10,R10-M04,1,1,0,0,0,0,0
A008310,R10,R10-M04,5,5,0,3,2,0,0
A008522,R10,R10-M04,3,3,0,2,2,0,0
A008649,R10,R10-M04,4,4,0,4,1,0,0
A008725,R10,R10-M04,10,10,0,7,2,0,0
A008795,R10,R10-M04,2,2,0,2,2,0,0
A008857,R10,R10-M04,2,2,0,0,0,0,0
A008902,R10,R10-M04,2,2,0,1,0,0,0
A008954,R10,R10-M04,5,5,0,3,0,0,0
A009063,R10,R10-M04,3,3,0,2,1,0,0
A009380,R10,R10-M04,5,5,0,3,1,0,0
A009486,R10,R10-M04,1,1,0,1,0,0,0
A009520,R10,R10-M04,3,3,0,2,1,0,0
A009545,R10,R10-M04,4,4,0,3,0,0,1
A009735,R10,R10-M04,1,1,0,1,1,0,0
A009758,R10,R10-M04,10,9,1,4,1,0,1
A009830,R10,R10-M04,5,5,0,4,3,0,0
A009891,R10,R10-M04,3,3,0,2,0,0,0
A010038,R10,R10-M04,9,9,0,6,2,0,0
A010061,R10,R10-M04,2,2,0,0,0,0,0
A010080,R10,R10-M04,1,1,0,0,0,0,0
A010094,R10,R10-M04,1,1,0,1,0,0,0
A010417,R10,R10-M04,6,6,0,5,0,0,0
A010569,R10,R10-M04,1,1,0,1,1,0,0
A010904,R10,R10-M04,6,6,0,5,1,0,0
A010938,R10,R10-M04,5,5,0,2,2,0,0
A010952,R10,R10-M04,2,2,0,2,0,0,0
A010967,R10,R10-M04,1,1,0,0,0,0,0
A011042,R10,R10-M04,3,3,0,2,1,0,0
A011121,R10,R10-M04,1,1,0,0,0,0,0
A011134,R10,R10-M04,2,2,0,2,1,0,0
A011173,R10,R10-M04,2,2,0,2,0,0,1
A011207,R10,R10-M04,2,2,0,2,2,0,0
A011238,R10,R10-M04,1,1,0,1,0,0,0
A011397,R10,R10-M04,2,2,0,1,0,0,0
A011491,R10,R10-M04,5,5,0,3,0,0,1
A011555,R10,R10-M04,13,13,0,8,3,0,0
A011622,R10,R10-M04,1,1,0,0,0,0,0
A011799,R10,R10-M04,1,1,0,1,1,1,1
A012019,R10,R10-M04,3,3,0,2,1,0,0
A012071,R10,R10-M04,1,1,0,0,0,0,0
A012209,R10,R10-M04,1,1,0,1,1,0,0
A012450,R10,R10-M04,2,2,0,1,0,0,0
A012675,R10,R10-M04,5,4,1,5,1,0,1
A012899,R10,R10-M04,3,3,0,2,0,0,0
A012927,R10,R10-M04,10,10,0,6,1,0,0
A012949,R10,R10-M04,4,4,0,3,1,0,0
A013239,R10,R10-M04,3,3,0,1,1,0,0
A013305,R10,R10-M04,4,4,0,2,2,0,0
A013327,R10,R10-M04,5,5,0,3,0,0,0
A013407,R10,R10-M04,1,1,0,0,0,0,1
A013765,R10,R10-M04,4,4,0,4,1,0,0
A013801,R10,R10-M04,6,6,0,5,2,0,0
A013842,R10,R10-M04,1,1,0,1,0,0,0
A013855,R10,R10-M04,2,2,0,2,0,0,0
A014089,R10,R10-M04,5,5,0,2,1,0,0
A014111,R10,R10-M04,2,2,0,2,1,0,0
A014211,R10,R10-M04,6,6,0,3,1,0,0
A014238,R10,R10-M04,1,1,0,1,0,0,0
A014529,R10,R10-M04,4,4,0,4,1,0,1
A014856,R10,R10-M04,4,4,0,4,1,0,0
A014904,R10,R10-M04,2,2,0,2,2,0,0
A015102,R10,R10-M04,1,1,0,0,0,0,0
A015191,R10,R10-M04,2,2,0,1,0,0,0
A015799,R10,R10-M04,2,2,0,2,1,0,0
A015822,R10,R10-M04,1,1,0,1,1,0,0
A015894,R10,R10-M04,4,4,0,2,1,0,0
A015918,R10,R10-M04,2,2,0,0,0,0,0
A016011,R10,R10-M04,3,3,0,2,0,0,0
A016020,R10,R10-M04,7,7,0,4,2,0,0
A016051,R10,R10-M04,6,6,0,5,1,0,0
A016071,R10,R10-M04,3,3,0,2,1,0,0
A016127,R10,R10-M04,3,3,0,3,0,0,0
A016266,R10,R10-M04,3,3,0,3,1,0,0
A016379,R10,R10-M04,1,1,0,1,0,0,0
A016563,R10,R10-M04,7,7,0,6,2,0,1
A016639,R10,R10-M04,2,1,1,2,2,0,1
A016706,R10,R10-M04,1,1,0,1,1,0,0
A016763,R10,R10-M04,2,2,0,1,1,0,0
A016863,R10,R10-M04,8,8,0,4,1,0,0
A016937,R10,R10-M04,3,3,0,2,0,0,0
A016979,R10,R10-M04,2,2,0,1,1,0,0
A017068,R10,R10-M04,4,4,0,3,1,0,0
A017111,R10,R10-M04,1,1,0,1,0,0,0
A017211,R10,R10-M04,2,2,0,1,0,0,0
A017258,R10,R10-M04,6,6,0,3,2,0,0
A017322,R10,R10-M04,1,1,0,1,1,0,0
A017356,R10,R10-M04,5,5,0,3,2,0,0
A017361,R10,R10-M04,1,1,0,1,0,0,0
A017454,R10,R10-M04,1,1,0,1,0,0,0
A017554,R10,R10-M04,6,6,0,3,0,0,0
A017609,R10,R10-M04,8,7,1,4,0,0,1
A017619,R10,R10-M04,1,1,0,0,0,0,0
A017621,R10,R10-M04,5,5,0,5,2,0,0
A017622,R10,R10-M04,10,10,0,5,0,0,0
A017687,R10,R10-M04,3,3,0,3,1,0,0
A017753,R10,R10-M04,1,1,0,1,1,0,0
A017957,R10,R10-M04,1,1,0,1,0,0,0
A017962,R10,R10-M04,3,3,0,0,0,0,0
A000074,R11,R11-M01,4,4,0,4,1,0,0
A000079,R11,R11-M01,4,4,0,2,0,0,0
A000180,R11,R11-M01,3,3,0,3,1,0,0
A000183,R11,R11-M01,2,2,0,1,1,0,0
A000203,R11,R11-M01,2,2,0,2,0,0,0
A000252,R11,R11-M01,5,5,0,2,0,0,0
A000528,R11,R11-M01,4,4,0,4,1,1,1
A000588,R11,R11-M01,11,11,0,7,3,0,0
A000633,R11,R11-M01,3,3,0,3,2,0,0
A000744,R11,R11-M01,7,7,0,4,0,0,0
A000861,R11,R11-M01,4,4,0,0,0,0,0
A000927,R11,R11-M01,6,6,0,5,2,0,0
A001018,R11,R11-M01,3,3,0,1,1,0,0
A001019,R11,R11-M01,5,4,1,3,0,0,1
A001105,R11,R11-M01,19,18,1,16,5,0,3
A001173,R11,R11-M01,1,1,0,1,1,0,0
A001179,R11,R11-M01,1,1,0,1,0,0,0
A001596,R11,R11-M01,4,4,0,2,2,1,1
A001654,R11,R11-M01,7,7,0,4,1,0,0
A001777,R11,R11-M01,6,6,0,5,2,0,0
A001843,R11,R11-M01,4,4,0,4,2,0,0
A001950,R11,R11-M01,7,6,1,6,0,0,1
A002108,R11,R11-M01,13,13,0,10,4,0,1
A002367,R11,R11-M01,3,3,0,2,0,0,0
A002406,R11,R11-M01,2,2,0,1,1,0,0
A002583,R11,R11-M01,3,3,0,1,0,0,0
A002658,R11,R11-M01,1,1,0,1,1,0,0
A002720,R11,R11-M01,1,1,0,1,1,0,0
A003008,R11,R11-M01,1,1,0,1,1,0,0
A003179,R11,R11-M01,8,8,0,6,4,1,1
A003255,R11,R11-M01,2,2,0,2,2,0,0
A003288,R11,R11-M01,6,6,0,4,2,1,1
A003324,R11,R11-M01,11,11,0,6,2,0,0
A003620,R11,R11-M01,2,2,0,1,0,0,1
A004184,R11,R11-M01,2,2,0,2,2,0,0
A004284,R11,R11-M01,3,3,0,3,3,0,0
A004307,R11,R11-M01,5,5,0,3,1,0,0
A004349,R11,R11-M01,4,3,1,4,0,0,1
A004534,R11,R11-M01,2,2,0,1,1,0,0
A004579,R11,R11-M01,3,3,0,2,0,0,0
A004728,R11,R11-M01,2,1,1,1,0,0,1
A004813,R11,R11-M01,6,6,0,1,0,0,0
A005155,R11,R11-M01,4,4,0,3,1,0,0
A005222,R11,R11-M01,8,8,0,7,2,0,0
A005250,R11,R11-M01,2,2,0,1,0,0,0
A005263,R11,R11-M01,2,2,0,2,1,0,0
A005380,R11,R11-M01,4,4,0,3,1,0,0
A005417,R11,R11-M01,5,5,0,5,1,0,0
A005425,R11,R11-M01,11,11,0,9,3,0,0
A005518,R11,R11-M01,1,1,0,1,0,0,0
A005570,R11,R11-M01,6,6,0,5,2,0,0
A005622,R11,R11-M01,11,11,0,9,4,0,0
A005630,R11,R11-M01,6,6,0,5,3,1,1
A005659,R11,R11-M01,10,10,0,8,5,1,1
A005679,R11,R11-M01,1,1,0,1,1,0,0
A005712,R11,R11-M01,4,3,1,4,1,0,1
A005738,R11,R11-M01,13,12,1,9,5,0,1
A005992,R11,R11-M01,1,1,0,1,1,0,0
A006064,R11,R11-M01,4,4,0,2,2,0,0
A006111,R11,R11-M01,6,6,0,6,1,0,0
A006134,R11,R11-M01,7,7,0,5,2,0,0
A006158,R11,R11-M01,3,3,0,2,0,0,0
A006168,R11,R11-M01,4,4,0,3,3,0,0
A006433,R11,R11-M01,3,3,0,2,1,0,0
A006501,R11,R11-M01,3,3,0,1,0,0,0
A006694,R11,R11-M01,8,8,0,3,0,0,0
A006756,R11,R11-M01,2,2,0,1,0,0,0
A006805,R11,R11-M01,8,8,0,5,1,0,0
A006835,R11,R11-M01,1,1,0,0,0,0,0
A006980,R11,R11-M01,1,1,0,1,0,0,0
A007251,R11,R11-M01,2,2,0,1,1,0,0
A007346,R11,R11-M01,6,6,0,4,1,1,1
A007664,R11,R11-M01,1,1,0,0,0,0,0
A007671,R11,R11-M01,3,3,0,2,1,0,0
A007703,R11,R11-M01,1,1,0,1,1,0,0
A007740,R11,R11-M01,11,10,1,8,4,0,1
A007755,R11,R11-M01,6,6,0,3,1,0,0
A007807,R11,R11-M01,6,6,0,4,1,0,0
A007811,R11,R11-M01,1,1,0,0,0,0,0
A008145,R11,R11-M01,3,3,0,2,1,0,0
A008220,R11,R11-M01,6,6,0,3,1,0,0
A008444,R11,R11-M01,2,2,0,1,0,0,0
A008496,R11,R11-M01,3,3,0,2,1,0,0
A008527,R11,R11-M01,2,2,0,2,1,0,0
A008619,R11,R11-M01,9,9,0,6,2,0,0
A008879,R11,R11-M01,2,2,0,1,0,0,0
A009000,R11,R11-M01,1,1,0,1,0,0,0
A009112,R11,R11-M01,1,1,0,1,0,0,0
A009208,R11,R11-M01,9,7,2,9,1,0,3
A009372,R11,R11-M01,1,1,0,1,0,0,0
A009636,R11,R11-M01,3,3,0,2,0,0,0
A010026,R11,R11-M01,3,3,0,3,1,0,0
A010117,R11,R11-M01,1,1,0,0,0,0,0
A010208,R11,R11-M01,5,5,0,2,1,0,0
A010245,R11,R11-M01,1,1,0,0,0,0,0
A010295,R11,R11-M01,1,1,0,1,0,0,0
A010297,R11,R11-M01,5,5,0,2,1,0,0
A010419,R11,R11-M01,1,1,0,1,0,0,0
A010579,R11,R11-M01,2,2,0,2,1,0,0
A010669,R11,R11-M01,5,5,0,3,0,0,1
A010711,R11,R11-M01,6,6,0,5,2,0,0
A010738,R11,R11-M01,4,4,0,4,2,1,1
A010890,R11,R11-M01,4,4,0,3,1,1,1
A011179,R11,R11-M01,5,5,0,4,0,0,0
A011189,R11,R11-M01,1,1,0,1,1,0,0
A011289,R11,R11-M01,2,2,0,1,1,0,0
A011444,R11,R11-M01,5,5,0,3,1,0,0
A011635,R11,R11-M01,5,5,0,4,1,0,0
A011738,R11,R11-M01,4,4,0,2,1,0,0
A011993,R11,R11-M01,2,2,0,2,1,0,0
A012033,R11,R11-M01,1,1,0,0,0,0,0
A012595,R11,R11-M01,4,4,0,2,1,0,0
A012613,R11,R11-M01,11,11,0,8,3,0,1
A012792,R11,R11-M01,1,1,0,1,1,0,0
A012809,R11,R11-M01,5,5,0,4,3,0,1
A012989,R11,R11-M01,3,3,0,1,1,0,0
A013039,R11,R11-M01,8,8,0,7,4,1,2
A013128,R11,R11-M01,4,4,0,1,0,0,0
A013204,R11,R11-M01,1,1,0,0,0,0,0
A013243,R11,R11-M01,2,2,0,2,0,0,0
A013564,R11,R11-M01,9,9,0,6,4,0,0
A013623,R11,R11-M01,3,3,0,3,2,0,0
A013686,R11,R11-M01,3,3,0,2,1,1,1
A013799,R11,R11-M01,2,2,0,2,0,0,0
A014014,R11,R11-M01,2,2,0,1,0,0,0
A014077,R11,R11-M01,4,4,0,3,1,0,0
A014350,R11,R11-M01,5,5,0,3,1,0,0
A014365,R11,R11-M01,5,5,0,4,1,0,0
A014457,R11,R11-M01,1,0,1,1,1,0,1
A014515,R11,R11-M01,1,1,0,0,0,0,0
A014547,R11,R11-M01,2,2,0,2,0,0,0
A014571,R11,R11-M01,6,6,0,4,2,0,0
A014585,R11,R11-M01,1,1,0,0,0,0,0
A014633,R11,R11-M01,3,2,1,3,1,0,1
A014809,R11,R11-M01,2,2,0,1,0,0,0
A014826,R11,R11-M01,9,9,0,9,5,0,0
A014877,R11,R11-M01,4,4,0,1,0,0,0
A014933,R11,R11-M01,6,6,0,5,1,0,0
A014956,R11,R11-M01,1,1,0,0,0,0,0
A015497,R11,R11-M01,5,5,0,4,0,0,0
A015620,R11,R11-M01,9,9,0,8,5,0,0
A015622,R11,R11-M01,2,2,0,1,0,0,0
A016079,R11,R11-M01,3,3,0,1,0,0,0
A016203,R11,R11-M01,2,2,0,2,1,0,0
A016355,R11,R11-M01,3,3,0,2,1,0,0
A016544,R11,R11-M01,1,1,0,1,0,0,0
A016556,R11,R11-M01,5,5,0,5,1,0,0
A016778,R11,R11-M01,6,6,0,2,2,0,0
A016986,R11,R11-M01,2,2,0,2,0,0,0
A017242,R11,R11-M01,3,3,0,0,0,0,0
A017269,R11,R11-M01,4,4,0,3,0,0,0
A017344,R11,R11-M01,1,1,0,0,0,0,0
A017371,R11,R11-M01,2,1,1,1,1,0,1
A017483,R11,R11-M01,4,4,0,2,0,0,0
A017491,R11,R11-M01,4,4,0,3,0,0,0
A017575,R11,R11-M01,6,6,0,3,3,0,0
A017700,R11,R11-M01,4,4,0,3,0,0,0
A017714,R11,R11-M01,5,5,0,2,2,0,0
A017974,R11,R11-M01,3,3,0,1,1,0,0
A000013,R11,R11-M02,3,3,0,3,1,0,1
A000103,R11,R11-M02,4,4,0,4,1,0,0
A000125,R11,R11-M02,1,1,0,1,0,0,0
A000137,R11,R11-M02,1,1,0,1,1,0,0
A000433,R11,R11-M02,6,6,0,5,4,0,0
A000494,R11,R11-M02,5,5,0,2,2,0,0
A000548,R11,R11-M02,10,10,0,9,2,0,0
A000565,R11,R11-M02,4,4,0,1,0,0,0
A000569,R11,R11-M02,1,1,0,1,1,0,0
A000626,R11,R11-M02,3,3,0,2,1,0,0
A000978,R11,R11-M02,5,5,0,4,3,0,0
A000981,R11,R11-M02,5,5,0,5,2,0,0
A001012,R11,R11-M02,3,3,0,2,1,0,0
A001099,R11,R11-M02,5,5,0,3,0,0,0
A001128,R11,R11-M02,6,6,0,4,3,0,0
A001162,R11,R11-M02,5,5,0,4,2,0,0
A001164,R11,R11-M02,4,4,0,2,1,0,0
A001232,R11,R11-M02,5,5,0,2,2,0,0
A001263,R11,R11-M02,3,3,0,2,1,0,0
A001373,R11,R11-M02,7,7,0,4,1,1,1
A001404,R11,R11-M02,4,4,0,2,0,0,0
A001487,R11,R11-M02,6,6,0,4,2,0,0
A001532,R11,R11-M02,5,5,0,3,2,0,0
A001544,R11,R11-M02,11,11,0,8,2,0,0
A001563,R11,R11-M02,2,2,0,2,0,0,0
A001593,R11,R11-M02,3,2,1,3,1,0,1
A001670,R11,R11-M02,1,1,0,0,0,0,0
A001741,R11,R11-M02,1,1,0,1,0,0,0
A001797,R11,R11-M02,1,1,0,1,0,0,0
A001809,R11,R11-M02,3,3,0,3,0,0,0
A001819,R11,R11-M02,3,3,0,2,1,0,0
A001874,R11,R11-M02,12,12,0,6,3,1,1
A002200,R11,R11-M02,4,4,0,3,3,0,0
A002236,R11,R11-M02,1,1,0,1,1,0,0
A002361,R11,R11-M02,1,1,0,1,0,0,0
A002551,R11,R11-M02,5,5,0,5,3,1,1
A002562,R11,R11-M02,7,7,0,6,3,1,1
A002836,R11,R11-M02,3,3,0,3,0,0,0
A002867,R11,R11-M02,2,2,0,1,1,0,0
A002906,R11,R11-M02,3,3,0,3,2,1,1
A002994,R11,R11-M02,3,3,0,3,2,0,0
A003020,R11,R11-M02,4,4,0,2,0,0,0
A003024,R11,R11-M02,3,3,0,2,1,0,0
A003386,R11,R11-M02,2,2,0,1,0,0,0
A003423,R11,R11-M02,3,3,0,2,0,0,0
A003599,R11,R11-M02,9,9,0,4,1,1,1
A003662,R11,R11-M02,1,1,0,1,0,0,0
A003947,R11,R11-M02,7,7,0,5,3,1,1
A004649,R11,R11-M02,2,2,0,1,1,0,0
A004994,R11,R11-M02,10,10,0,8,3,0,0
A005008,R11,R11-M02,2,2,0,1,0,0,0
A005142,R11,R11-M02,8,8,0,7,3,1,1
A005166,R11,R11-M02,1,1,0,1,0,0,0
A005237,R11,R11-M02,4,4,0,2,1,0,0
A005361,R11,R11-M02,2,2,0,1,1,0,0
A005550,R11,R11-M02,10,10,0,7,5,0,1
A005703,R11,R11-M02,5,5,0,2,0,0,0
A005732,R11,R11-M02,5,5,0,3,0,0,0
A005816,R11,R11-M02,1,1,0,0,0,0,0
A005843,R11,R11-M02,7,7,0,4,1,0,0
A006081,R11,R11-M02,2,2,0,2,2,0,0
A006115,R11,R11-M02,9,9,0,8,5,0,0
A006231,R11,R11-M02,6,6,0,5,2,0,0
A006306,R11,R11-M02,3,3,0,2,1,0,0
A006531,R11,R11-M02,3,3,0,3,1,0,0
A006536,R11,R11-M02,1,1,0,0,0,0,0
A006552,R11,R11-M02,2,2,0,1,1,0,0
A006705,R11,R11-M02,8,8,0,5,3,0,0
A006871,R11,R11-M02,3,3,0,1,0,0,0
A007241,R11,R11-M02,8,8,0,6,2,0,0
A007258,R11,R11-M02,9,9,0,4,3,1,1
A007307,R11,R11-M02,7,7,0,5,2,0,1
A007447,R11,R11-M02,1,1,0,1,1,0,0
A007543,R11,R11-M02,7,7,0,5,2,0,0
A007824,R11,R11-M02,3,3,0,1,1,0,0
A008079,R11,R11-M02,7,6,1,6,2,0,1
A008215,R11,R11-M02,2,2,0,1,0,0,0
A008264,R11,R11-M02,3,3,0,2,2,0,0
A008268,R11,R11-M02,7,7,0,5,2,0,0
A008269,R11,R11-M02,1,1,0,0,0,0,0
A008286,R11,R11-M02,9,9,0,5,1,0,0
A008387,R11,R11-M02,3,3,0,1,1,0,0
A008517,R11,R11-M02,8,8,0,7,1,1,1
A008550,R11,R11-M02,3,3,0,1,1,0,0
A008603,R11,R11-M02,2,2,0,1,0,0,0
A008606,R11,R11-M02,11,11,0,9,8,0,0
A008751,R11,R11-M02,4,4,0,4,3,0,0
A008981,R11,R11-M02,5,5,0,3,2,0,0
A009033,R11,R11-M02,3,3,0,2,1,0,0
A009186,R11,R11-M02,1,1,0,1,0,0,1
A009270,R11,R11-M02,6,5,1,3,2,0,1
A009297,R11,R11-M02,2,2,0,1,1,0,0
A009341,R11,R11-M02,1,1,0,1,1,0,0
A009425,R11,R11-M02,2,2,0,2,2,0,0
A009502,R11,R11-M02,5,5,0,3,1,1,1
A009599,R11,R11-M02,1,1,0,1,1,0,0
A009695,R11,R11-M02,4,4,0,2,1,0,0
A009790,R11,R11-M02,7,7,0,5,2,0,0
A009865,R11,R11-M02,5,5,0,4,1,0,0
A009963,R11,R11-M02,2,2,0,2,0,0,0
A009989,R11,R11-M02,4,4,0,3,0,0,0
A010181,R11,R11-M02,11,11,0,8,0,0,0
A010338,R11,R11-M02,4,4,0,3,2,0,0
A010479,R11,R11-M02,6,6,0,5,1,0,0
A010548,R11,R11-M02,2,2,0,0,0,0,0
A010587,R11,R11-M02,5,5,0,4,1,0,0
A010597,R11,R11-M02,5,5,0,4,3,0,0
A010741,R11,R11-M02,5,5,0,4,3,1,1
A010981,R11,R11-M02,4,4,0,4,3,1,1
A011008,R11,R11-M02,7,7,0,4,2,1,1
A011011,R11,R11-M02,6,6,0,3,0,0,0
A011024,R11,R11-M02,1,1,0,1,1,0,0
A011265,R11,R11-M02,1,1,0,1,0,0,0
A011415,R11,R11-M02,10,9,1,8,3,0,1
A011440,R11,R11-M02,11,11,0,7,3,1,1
A011967,R11,R11-M02,14,14,0,9,2,0,0
A012390,R11,R11-M02,1,1,0,1,1,0,0
A012397,R11,R11-M02,1,1,0,1,0,0,0
A012705,R11,R11-M02,4,4,0,1,0,0,0
A013043,R11,R11-M02,1,1,0,1,1,0,0
A013112,R11,R11-M02,6,6,0,5,4,0,0
A013145,R11,R11-M02,5,5,0,5,3,0,0
A013348,R11,R11-M02,2,2,0,1,0,0,0
A013572,R11,R11-M02,2,2,0,2,2,1,1
A013617,R11,R11-M02,4,4,0,3,2,0,0
A013797,R11,R11-M02,3,3,0,3,1,0,0
A013847,R11,R11-M02,17,17,0,13,4,0,1
A013892,R11,R11-M02,5,5,0,1,1,0,0
A014016,R11,R11-M02,1,1,0,1,0,0,0
A014031,R11,R11-M02,1,1,0,1,0,0,0
A014124,R11,R11-M02,2,2,0,2,2,0,0
A014299,R11,R11-M02,4,4,0,4,4,1,1
A014624,R11,R11-M02,4,4,0,3,1,0,0
A014642,R11,R11-M02,5,5,0,1,0,0,0
A014694,R11,R11-M02,4,4,0,2,0,0,0
A014931,R11,R11-M02,1,1,0,0,0,0,0
A014979,R11,R11-M02,2,2,0,2,1,0,0
A015026,R11,R11-M02,3,3,0,3,1,0,0
A015093,R11,R11-M02,13,13,0,6,2,0,0
A015110,R11,R11-M02,4,4,0,2,0,0,1
A015490,R11,R11-M02,1,1,0,1,1,0,0
A015562,R11,R11-M02,1,1,0,1,0,0,0
A015692,R11,R11-M02,3,3,0,2,0,0,0
A015728,R11,R11-M02,4,4,0,3,3,0,0
A015807,R11,R11-M02,9,9,0,5,1,0,0
A015810,R11,R11-M02,9,9,0,5,2,0,0
A016145,R11,R11-M02,3,3,0,2,0,0,0
A016555,R11,R11-M02,2,2,0,0,0,0,0
A016584,R11,R11-M02,8,8,0,6,4,0,0
A016696,R11,R11-M02,4,3,1,3,0,0,2
A016809,R11,R11-M02,11,11,0,7,2,0,0
A016842,R11,R11-M02,3,3,0,1,0,0,0
A016912,R11,R11-M02,3,3,0,1,0,0,0
A016989,R11,R11-M02,5,5,0,3,2,0,0
A017071,R11,R11-M02,3,3,0,3,1,0,0
A017140,R11,R11-M02,6,6,0,5,2,0,0
A017146,R11,R11-M02,10,10,0,7,4,1,1
A017512,R11,R11-M02,4,4,0,1,0,0,0
A017590,R11,R11-M02,1,1,0,1,0,0,0
A017764,R11,R11-M02,2,2,0,1,1,0,0
A017765,R11,R11-M02,1,1,0,1,0,0,0
A017780,R11,R11-M02,7,7,0,5,0,0,0
A017818,R11,R11-M02,10,10,0,9,5,1,1
A017967,R11,R11-M02,6,6,0,4,2,0,0
A000031,R11,R11-M03,1,1,0,1,1,0,0
A000036,R11,R11-M03,2,2,0,1,1,0,0
A000044,R11,R11-M03,1,1,0,0,0,0,0
A000061,R11,R11-M03,1,1,0,0,0,0,0
A000076,R11,R11-M03,1,1,0,0,0,0,0
A000090,R11,R11-M03,5,5,0,4,1,0,0
A000123,R11,R11-M03,5,5,0,2,1,0,0
A000153,R11,R11-M03,5,5,0,2,2,0,0
A000154,R11,R11-M03,1,1,0,1,1,0,0
A000563,R11,R11-M03,1,1,0,1,0,0,0
A000581,R11,R11-M03,4,4,0,3,0,0,0
A000696,R11,R11-M03,4,4,0,2,1,0,1
A000717,R11,R11-M03,8,8,0,7,1,0,0
A001100,R11,R11-M03,1,1,0,1,0,0,0
A001138,R11,R11-M03,7,7,0,5,1,0,0
A001182,R11,R11-M03,1,1,0,1,0,0,0
A001341,R11,R11-M03,3,3,0,3,1,0,0
A001391,R11,R11-M03,1,1,0,0,0,0,0
A001548,R11,R11-M03,10,10,0,8,5,0,0
A001799,R11,R11-M03,4,4,0,2,1,0,0
A001920,R11,R11-M03,2,2,0,1,1,0,0
A001948,R11,R11-M03,5,5,0,5,3,0,0
A002329,R11,R11-M03,7,7,0,4,2,0,0
A002541,R11,R11-M03,5,5,0,3,0,0,1
A002605,R11,R11-M03,5,5,0,4,1,1,1
A002638,R11,R11-M03,3,3,0,2,1,1,1
A002736,R11,R11-M03,1,1,0,1,0,0,0
A002815,R11,R11-M03,5,5,0,4,0,0,0
A002967,R11,R11-M03,6,6,0,4,1,0,0
A003216,R11,R11-M03,1,1,0,0,0,0,0
A003358,R11,R11-M03,4,4,0,2,0,0,0
A003480,R11,R11-M03,1,1,0,0,0,0,0
A003602,R11,R11-M03,11,11,0,8,2,0,0
A003691,R11,R11-M03,4,4,0,3,2,0,0
A003875,R11,R11-M03,1,1,0,1,1,0,0
A004179,R11,R11-M03,2,2,0,1,0,0,0
A004541,R11,R11-M03,5,5,0,3,2,0,0
A004874,R11,R11-M03,2,2,0,2,1,0,0
A005112,R11,R11-M03,4,4,0,4,1,0,0
A005601,R11,R11-M03,2,2,0,2,1,0,0
A005610,R11,R11-M03,5,4,1,2,1,0,1
A005773,R11,R11-M03,8,7,1,7,1,0,1
A005802,R11,R11-M03,7,7,0,5,1,0,0
A005848,R11,R11-M03,3,3,0,2,1,0,0
A005860,R11,R11-M03,6,6,0,4,1,0,0
A006296,R11,R11-M03,13,12,1,11,6,0,1
A006309,R11,R11-M03,5,5,0,2,0,0,0
A006389,R11,R11-M03,8,8,0,6,2,0,0
A006478,R11,R11-M03,3,3,0,2,1,0,0
A006621,R11,R11-M03,5,5,0,2,1,0,0
A006801,R11,R11-M03,2,2,0,2,1,0,0
A007111,R11,R11-M03,1,1,0,1,0,0,0
A007242,R11,R11-M03,1,1,0,1,0,0,0
A007502,R11,R11-M03,2,2,0,2,0,0,0
A007639,R11,R11-M03,6,6,0,5,3,0,0
A007653,R11,R11-M03,5,5,0,3,1,0,0
A007684,R11,R11-M03,5,5,0,4,4,0,0
A007723,R11,R11-M03,4,4,0,3,0,0,0
A007872,R11,R11-M03,7,6,1,4,2,0,1
A007967,R11,R11-M03,1,1,0,1,0,0,0
A008188,R11,R11-M03,2,2,0,2,0,0,1
A008190,R11,R11-M03,4,4,0,3,1,0,0
A008277,R11,R11-M03,1,1,0,0,0,0,0
A008279,R11,R11-M03,3,3,0,1,0,0,0
A008439,R11,R11-M03,5,5,0,3,1,0,0
A008470,R11,R11-M03,1,1,0,1,1,0,0
A008608,R11,R11-M03,1,1,0,1,0,0,0
A008679,R11,R11-M03,2,2,0,1,0,0,0
A008957,R11,R11-M03,2,2,0,1,0,0,0
A008983,R11,R11-M03,1,1,0,1,0,0,0
A009009,R11,R11-M03,2,2,0,0,0,0,0
A009268,R11,R11-M03,6,6,0,6,4,0,0
A009549,R11,R11-M03,5,5,0,4,2,0,0
A009886,R11,R11-M03,10,10,0,4,2,0,0
A010177,R11,R11-M03,7,7,0,6,2,0,0
A010264,R11,R11-M03,6,6,0,3,2,0,0
A010413,R11,R11-M03,5,5,0,3,2,0,0
A010536,R11,R11-M03,1,1,0,1,1,0,0
A010605,R11,R11-M03,4,4,0,3,2,0,0
A010748,R11,R11-M03,2,2,0,1,0,0,0
A010864,R11,R11-M03,2,2,0,0,0,0,0
A010879,R11,R11-M03,7,7,0,5,2,0,0
A010901,R11,R11-M03,4,4,0,1,0,0,0
A011077,R11,R11-M03,2,2,0,2,1,0,0
A011165,R11,R11-M03,3,3,0,3,2,0,0
A011328,R11,R11-M03,3,3,0,1,1,0,0
A011350,R11,R11-M03,1,0,1,1,1,0,1
A011464,R11,R11-M03,1,1,0,0,0,0,0
A011514,R11,R11-M03,2,2,0,1,0,0,0
A011646,R11,R11-M03,1,1,0,1,1,0,0
A011666,R11,R11-M03,12,12,0,10,4,0,0
A011715,R11,R11-M03,7,7,0,4,2,0,0
A012107,R11,R11-M03,3,3,0,2,1,0,0
A012220,R11,R11-M03,4,4,0,3,0,0,0
A012547,R11,R11-M03,15,15,0,13,5,0,0
A012640,R11,R11-M03,7,7,0,6,4,0,0
A012684,R11,R11-M03,8,8,0,6,1,0,0
A012860,R11,R11-M03,1,1,0,1,0,0,0
A012876,R11,R11-M03,6,6,0,5,2,0,0
A013103,R11,R11-M03,9,9,0,8,2,0,0
A013216,R11,R11-M03,3,3,0,2,0,0,0
A013264,R11,R11-M03,11,11,0,9,2,0,0
A013408,R11,R11-M03,7,7,0,7,3,0,1
A013467,R11,R11-M03,1,1,0,1,0,0,0
A013657,R11,R11-M03,4,4,0,3,1,0,0
A013805,R11,R11-M03,12,12,0,3,3,0,0
A013811,R11,R11-M03,3,3,0,2,1,0,0
A013818,R11,R11-M03,5,5,0,4,2,0,0
A013896,R11,R11-M03,7,6,1,3,1,0,1
A013916,R11,R11-M03,2,2,0,2,1,0,0
A014015,R11,R11-M03,5,5,0,2,1,0,0
A014335,R11,R11-M03,1,1,0,1,1,0,0
A014543,R11,R11-M03,1,1,0,1,0,0,0
A014567,R11,R11-M03,3,3,0,2,1,0,0
A014631,R11,R11-M03,17,16,1,12,5,0,2
A014717,R11,R11-M03,11,11,0,8,4,0,1
A014774,R11,R11-M03,4,3,1,2,2,0,1
A014845,R11,R11-M03,5,5,0,5,0,0,0
A014938,R11,R11-M03,1,1,0,1,1,0,0
A015008,R11,R11-M03,9,9,0,7,3,0,0
A015064,R11,R11-M03,5,5,0,3,3,1,1
A015535,R11,R11-M03,5,5,0,2,1,1,1
A015553,R11,R11-M03,6,6,0,5,3,0,0
A015658,R11,R11-M03,3,3,0,3,0,0,0
A015785,R11,R11-M03,2,2,0,1,0,0,0
A015786,R11,R11-M03,7,7,0,6,3,1,1
A015846,R11,R11-M03,8,7,1,8,4,1,2
A015906,R11,R11-M03,6,6,0,5,1,0,0
A016061,R11,R11-M03,5,5,0,4,0,0,0
A016109,R11,R11-M03,6,6,0,5,3,0,0
A016114,R11,R11-M03,2,2,0,0,0,0,0
A016181,R11,R11-M03,5,5,0,3,1,0,0
A016285,R11,R11-M03,1,0,1,1,1,0,1
A016357,R11,R11-M03,6,6,0,4,1,0,0
A016487,R11,R11-M03,4,4,0,2,1,0,0
A016526,R11,R11-M03,3,3,0,2,2,0,0
A016583,R11,R11-M03,1,1,0,0,0,0,0
A016658,R11,R11-M03,3,3,0,3,1,0,0
A016999,R11,R11-M03,2,2,0,1,1,0,0
A017162,R11,R11-M03,5,4,1,4,1,0,1
A017187,R11,R11-M03,2,2,0,2,0,0,0
A017236,R11,R11-M03,5,5,0,4,2,0,1
A017651,R11,R11-M03,8,7,1,7,0,0,1
A017961,R11,R11-M03,3,3,0,3,0,0,0
A000554,R11,R11-M04,10,10,0,6,3,0,0
A000964,R11,R11-M04,2,2,0,1,0,0,0
A001027,R11,R11-M04,1,1,0,1,1,0,0
A001184,R11,R11-M04,4,4,0,4,3,1,1
A001325,R11,R11-M04,4,4,0,4,1,0,1
A001570,R11,R11-M04,3,3,0,1,0,0,0
A001585,R11,R11-M04,10,10,0,7,4,0,0
A001663,R11,R11-M04,6,6,0,6,1,0,1
A001671,R11,R11-M04,4,4,0,3,2,0,0
A001713,R11,R11-M04,1,1,0,1,1,1,1
A001952,R11,R11-M04,6,6,0,5,4,0,0
A002033,R11,R11-M04,8,8,0,5,2,0,0
A002100,R11,R11-M04,8,8,0,6,2,0,0
A002171,R11,R11-M04,4,4,0,3,2,1,1
A002312,R11,R11-M04,5,4,1,5,2,0,1
A002315,R11,R11-M04,4,4,0,4,3,0,0
A002328,R11,R11-M04,2,2,0,2,2,0,0
A002586,R11,R11-M04,2,2,0,1,0,0,0
A002679,R11,R11-M04,2,2,0,1,0,0,0
A002763,R11,R11-M04,2,2,0,2,1,1,1
A002933,R11,R11-M04,6,6,0,2,1,0,0
A003025,R11,R11-M04,6,6,0,4,2,0,0
A003130,R11,R11-M04,2,2,0,1,1,0,0
A003188,R11,R11-M04,2,2,0,2,1,0,0
A003227,R11,R11-M04,2,2,0,2,2,0,0
A003415,R11,R11-M04,5,5,0,3,1,0,0
A003425,R11,R11-M04,6,6,0,5,2,0,0
A003543,R11,R11-M04,1,1,0,1,0,0,0
A003725,R11,R11-M04,7,7,0,6,2,0,0
A003862,R11,R11-M04,2,2,0,2,0,0,0
A004161,R11,R11-M04,4,4,0,3,1,0,0
A004257,R11,R11-M04,14,14,0,9,3,0,0
A004526,R11,R11-M04,2,2,0,1,0,0,0
A004648,R11,R11-M04,2,2,0,2,1,1,1
A004702,R11,R11-M04,3,3,0,3,2,0,0
A004731,R11,R11-M04,12,12,0,10,3,0,0
A004832,R11,R11-M04,1,0,1,1,0,0,1
A004873,R11,R11-M04,1,1,0,1,0,0,0
A004893,R11,R11-M04,3,3,0,3,1,0,0
A004908,R11,R11-M04,4,4,0,3,2,0,0
A005036,R11,R11-M04,3,3,0,3,1,0,0
A005069,R11,R11-M04,1,1,0,1,0,0,0
A005134,R11,R11-M04,6,3,3,6,4,0,3
A005247,R11,R11-M04,3,3,0,3,2,0,0
A005261,R11,R11-M04,1,1,0,1,0,0,0
A005275,R11,R11-M04,7,7,0,4,2,0,1
A005295,R11,R11-M04,4,4,0,3,1,0,0
A005566,R11,R11-M04,5,5,0,2,1,0,0
A005789,R11,R11-M04,12,12,0,9,3,0,0
A006611,R11,R11-M04,2,2,0,0,0,0,0
A006631,R11,R11-M04,3,3,0,0,0,0,0
A006711,R11,R11-M04,3,3,0,1,1,0,0
A006762,R11,R11-M04,1,1,0,1,0,0,0
A006959,R11,R11-M04,3,2,1,2,0,0,1
A007026,R11,R11-M04,2,2,0,0,0,0,0
A007069,R11,R11-M04,3,3,0,1,0,0,0
A007087,R11,R11-M04,2,2,0,2,1,0,0
A007281,R11,R11-M04,2,2,0,1,1,1,1
A007295,R11,R11-M04,2,2,0,2,2,0,0
A007367,R11,R11-M04,3,3,0,3,3,0,0
A007503,R11,R11-M04,2,2,0,2,0,0,0
A007524,R11,R11-M04,5,5,0,4,1,0,0
A007605,R11,R11-M04,2,2,0,1,1,0,0
A007624,R11,R11-M04,3,3,0,2,1,0,0
A007897,R11,R11-M04,8,8,0,3,0,0,0
A007913,R11,R11-M04,1,1,0,1,0,0,0
A007950,R11,R11-M04,2,2,0,1,0,0,0
A008045,R11,R11-M04,7,7,0,3,1,1,1
A008070,R11,R11-M04,1,1,0,0,0,0,0
A008077,R11,R11-M04,3,3,0,1,1,0,0
A008141,R11,R11-M04,9,9,0,6,2,0,0
A008181,R11,R11-M04,4,3,1,4,3,0,1
A008648,R11,R11-M04,6,6,0,5,3,0,0
A008700,R11,R11-M04,3,3,0,2,2,0,0
A008843,R11,R11-M04,6,5,1,3,0,0,1
A008878,R11,R11-M04,2,2,0,0,0,0,0
A008938,R11,R11-M04,3,3,0,3,2,0,0
A009195,R11,R11-M04,1,1,0,1,1,0,0
A009277,R11,R11-M04,4,4,0,3,1,0,1
A009319,R11,R11-M04,3,3,0,2,1,0,0
A009532,R11,R11-M04,2,2,0,2,1,0,0
A009550,R11,R11-M04,3,3,0,2,0,0,0
A009668,R11,R11-M04,3,3,0,2,0,0,0
A009732,R11,R11-M04,10,10,0,9,5,1,3
A009811,R11,R11-M04,2,2,0,2,0,0,0
A009885,R11,R11-M04,3,3,0,3,2,0,0
A010064,R11,R11-M04,8,8,0,7,0,0,1
A010217,R11,R11-M04,5,5,0,3,1,0,1
A010283,R11,R11-M04,2,2,0,2,0,0,0
A010570,R11,R11-M04,1,1,0,1,0,0,0
A010594,R11,R11-M04,6,6,0,3,1,0,0
A010685,R11,R11-M04,6,6,0,4,2,0,0
A010708,R11,R11-M04,4,4,0,3,0,0,0
A010719,R11,R11-M04,2,2,0,1,0,0,0
A010720,R11,R11-M04,5,5,0,3,2,0,0
A011018,R11,R11-M04,8,8,0,5,0,0,0
A011025,R11,R11-M04,2,2,0,1,0,0,0
A011060,R11,R11-M04,4,4,0,3,1,0,0
A011294,R11,R11-M04,2,2,0,2,1,0,0
A011318,R11,R11-M04,1,1,0,0,0,0,0
A011638,R11,R11-M04,5,5,0,5,2,0,0
A011671,R11,R11-M04,1,1,0,1,0,0,0
A012088,R11,R11-M04,20,20,0,13,6,1,1
A012230,R11,R11-M04,2,2,0,1,0,0,1
A012373,R11,R11-M04,1,1,0,0,0,0,0
A012376,R11,R11-M04,3,3,0,3,2,0,0
A012490,R11,R11-M04,3,3,0,0,0,0,0
A012559,R11,R11-M04,2,2,0,2,0,0,0
A012665,R11,R11-M04,5,5,0,4,2,0,0
A013029,R11,R11-M04,2,2,0,2,2,1,1
A013317,R11,R11-M04,10,10,0,7,4,0,0
A013526,R11,R11-M04,4,4,0,2,1,1,1
A013755,R11,R11-M04,2,2,0,2,1,0,0
A013923,R11,R11-M04,3,3,0,2,0,0,1
A014069,R11,R11-M04,11,11,0,9,5,1,1
A014107,R11,R11-M04,3,3,0,2,0,0,0
A014205,R11,R11-M04,6,6,0,4,2,0,0
A014259,R11,R11-M04,4,4,0,2,2,0,0
A014289,R11,R11-M04,5,5,0,1,0,0,0
A014353,R11,R11-M04,3,3,0,0,0,0,0
A014528,R11,R11-M04,10,10,0,6,2,0,0
A014578,R11,R11-M04,10,10,0,7,3,0,0
A014660,R11,R11-M04,7,7,0,4,1,0,0
A015067,R11,R11-M04,5,5,0,5,1,0,0
A015569,R11,R11-M04,4,4,0,3,2,0,0
A015604,R11,R11-M04,10,9,1,7,1,0,1
A015699,R11,R11-M04,5,5,0,5,2,0,0
A015739,R11,R11-M04,1,1,0,1,0,0,0
A015812,R11,R11-M04,5,5,0,4,0,0,0
A015819,R11,R11-M04,2,2,0,1,1,0,0
A015923,R11,R11-M04,3,3,0,2,1,0,0
A015934,R11,R11-M04,11,11,0,9,5,0,0
A015969,R11,R11-M04,4,4,0,3,1,0,0
A016033,R11,R11-M04,6,6,0,5,2,0,0
A016154,R11,R11-M04,2,1,1,2,0,0,1
A016176,R11,R11-M04,1,1,0,1,1,0,0
A016231,R11,R11-M04,2,2,0,1,0,0,0
A016300,R11,R11-M04,1,1,0,0,0,0,0
A016653,R11,R11-M04,1,1,0,1,0,0,0
A016768,R11,R11-M04,6,6,0,4,1,0,0
A016965,R11,R11-M04,2,2,0,1,0,0,0
A017309,R11,R11-M04,4,4,0,1,1,0,0
A017373,R11,R11-M04,2,2,0,2,0,0,0
A017711,R11,R11-M04,3,3,0,2,1,0,0
A017839,R11,R11-M04,1,1,0,1,1,0,0
A000073,R12,R12-M01,5,5,0,4,2,0,0
A000115,R12,R12-M01,6,6,0,4,0,0,0
A000158,R12,R12-M01,3,3,0,3,1,0,0
A000181,R12,R12-M01,6,6,0,5,1,0,0
A000190,R12,R12-M01,4,3,1,3,2,0,1
A000195,R12,R12-M01,5,5,0,3,3,0,0
A000265,R12,R12-M01,7,7,0,5,3,0,0
A000280,R12,R12-M01,11,11,0,9,3,0,0
A000310,R12,R12-M01,7,7,0,5,1,0,0
A000325,R12,R12-M01,3,3,0,2,2,1,1
A000415,R12,R12-M01,6,6,0,4,2,0,0
A000466,R12,R12-M01,5,5,0,3,1,0,0
A000655,R12,R12-M01,4,4,0,1,0,0,0
A000725,R12,R12-M01,4,3,1,3,2,0,1
A000766,R12,R12-M01,1,1,0,1,0,0,0
A000777,R12,R12-M01,2,2,0,2,0,0,0
A000801,R12,R12-M01,8,8,0,6,3,1,2
A000805,R12,R12-M01,3,3,0,2,1,0,0
A000819,R12,R12-M01,3,3,0,2,1,0,0
A000913,R12,R12-M01,5,5,0,4,2,0,0
A000977,R12,R12-M01,14,14,0,10,8,0,0
A001009,R12,R12-M01,3,3,0,1,0,0,0
A001087,R12,R12-M01,2,2,0,1,1,0,0
A001124,R12,R12-M01,1,1,0,1,1,0,0
A001156,R12,R12-M01,8,8,0,7,2,1,1
A001193,R12,R12-M01,1,1,0,1,0,0,0
A001217,R12,R12-M01,5,5,0,4,2,0,1
A001243,R12,R12-M01,2,2,0,1,1,0,0
A001250,R12,R12-M01,12,12,0,8,6,0,0
A001261,R12,R12-M01,1,1,0,1,0,0,0
A001267,R12,R12-M01,2,2,0,2,0,0,0
A001470,R12,R12-M01,11,11,0,10,4,0,0
A001509,R12,R12-M01,2,2,0,2,1,0,0
A001514,R12,R12-M01,4,3,1,2,0,0,1
A001658,R12,R12-M01,4,4,0,4,1,0,0
A001694,R12,R12-M01,4,4,0,2,1,0,0
A001695,R12,R12-M01,1,1,0,1,1,0,0
A001698,R12,R12-M01,1,1,0,1,1,1,1
A001738,R12,R12-M01,2,2,0,2,1,0,0
A001816,R12,R12-M01,3,3,0,3,2,0,0
A001844,R12,R12-M01,4,4,0,3,0,0,0
A001865,R12,R12-M01,2,2,0,2,1,0,0
A001868,R12,R12-M01,6,6,0,4,4,0,0
A001925,R12,R12-M01,5,5,0,4,3,0,0
A001930,R12,R12-M01,2,2,0,1,0,0,0
A001946,R12,R12-M01,1,1,0,1,1,0,0
A001958,R12,R12-M01,6,6,0,3,3,0,0
A002013,R12,R12-M01,4,4,0,4,3,0,0
A002152,R12,R12-M01,2,2,0,2,0,0,0
A002158,R12,R12-M01,3,3,0,2,0,0,0
A002196,R12,R12-M01,10,10,0,7,4,0,0
A002279,R12,R12-M01,2,2,0,1,1,0,0
A002346,R12,R12-M01,8,8,0,6,2,0,0
A002353,R12,R12-M01,5,5,0,4,3,0,0
A002384,R12,R12-M01,3,3,0,0,0,0,0
A002459,R12,R12-M01,1,0,1,1,0,0,1
A002587,R12,R12-M01,3,3,0,2,0,0,0
A002630,R12,R12-M01,1,1,0,0,0,0,0
A002656,R12,R12-M01,1,1,0,1,1,0,0
A002822,R12,R12-M01,2,2,0,2,1,0,0
A002833,R12,R12-M01,10,10,0,7,3,0,0
A003043,R12,R12-M01,2,2,0,1,0,0,0
A003061,R12,R12-M01,1,1,0,1,0,0,0
A003160,R12,R12-M01,3,3,0,2,0,0,0
A003168,R12,R12-M01,1,1,0,1,0,0,0
A003197,R12,R12-M01,3,3,0,2,2,0,0
A003257,R12,R12-M01,10,10,0,7,3,1,1
A003290,R12,R12-M01,10,9,1,6,3,0,1
A003357,R12,R12-M01,2,1,1,2,0,0,1
A003385,R12,R12-M01,1,1,0,1,1,0,0
A003399,R12,R12-M01,6,6,0,5,5,0,0
A003520,R12,R12-M01,4,4,0,3,1,0,0
A003538,R12,R12-M01,1,1,0,1,0,0,0
A003556,R12,R12-M01,1,1,0,0,0,0,0
A003562,R12,R12-M01,9,9,0,5,4,0,0
A003615,R12,R12-M01,7,7,0,3,2,0,0
A003774,R12,R12-M01,3,3,0,1,1,0,0
A003787,R12,R12-M01,5,5,0,4,1,0,1
A003791,R12,R12-M01,4,4,0,4,1,0,0
A003855,R12,R12-M01,2,1,1,2,1,0,1
A003873,R12,R12-M01,2,2,0,2,2,0,0
A003969,R12,R12-M01,7,7,0,5,2,0,0
A004025,R12,R12-M01,2,2,0,2,2,0,0
A004073,R12,R12-M01,4,4,0,4,3,0,0
A004201,R12,R12-M01,3,3,0,2,2,0,0
A004244,R12,R12-M01,2,2,0,2,0,0,0
A004309,R12,R12-M01,4,4,0,3,0,0,0
A004353,R12,R12-M01,1,1,0,1,0,0,0
A004371,R12,R12-M01,6,5,1,4,2,0,1
A004487,R12,R12-M01,9,9,0,7,1,0,0
A004518,R12,R12-M01,4,4,0,2,1,0,0
A004585,R12,R12-M01,4,3,1,3,0,0,1
A004678,R12,R12-M01,8,8,0,5,2,0,0
A004684,R12,R12-M01,2,2,0,2,0,0,0
A004759,R12,R12-M01,4,4,0,2,1,0,0
A004847,R12,R12-M01,3,3,0,2,0,0,0
A004927,R12,R12-M01,3,3,0,2,0,0,0
A004980,R12,R12-M01,17,17,0,9,4,1,1
A005055,R12,R12-M01,1,1,0,1,1,0,0
A005334,R12,R12-M01,1,1,0,1,1,0,0
A005492,R12,R12-M01,4,4,0,2,1,0,0
A005558,R12,R12-M01,1,1,0,0,0,0,0
A005704,R12,R12-M01,6,6,0,4,2,0,0
A005718,R12,R12-M01,4,4,0,1,1,0,0
A005745,R12,R12-M01,13,13,0,7,3,0,1
A005775,R12,R12-M01,2,2,0,1,0,0,0
A005924,R12,R12-M01,1,1,0,0,0,0,0
A005969,R12,R12-M01,9,9,0,7,2,0,0
A006047,R12,R12-M01,7,7,0,3,1,0,0
A006070,R12,R12-M01,11,11,0,8,4,1,1
A006179,R12,R12-M01,20,20,0,14,8,0,0
A006208,R12,R12-M01,3,3,0,3,2,0,0
A006311,R12,R12-M01,4,4,0,2,1,1,1
A006320,R12,R12-M01,10,10,0,7,3,0,1
A006328,R12,R12-M01,1,1,0,1,1,1,1
A006404,R12,R12-M01,2,2,0,2,1,0,0
A006520,R12,R12-M01,2,2,0,1,0,0,0
A006592,R12,R12-M01,3,3,0,2,2,0,0
A006642,R12,R12-M01,6,5,1,4,1,0,1
A006693,R12,R12-M01,6,6,0,3,1,0,0
A006767,R12,R12-M01,3,3,0,2,0,0,0
A006861,R12,R12-M01,2,2,0,2,0,0,0
A006982,R12,R12-M01,1,1,0,1,1,0,0
A007120,R12,R12-M01,5,5,0,2,1,0,0
A007219,R12,R12-M01,1,1,0,1,0,0,0
A007349,R12,R12-M01,1,1,0,1,1,0,0
A007376,R12,R12-M01,3,2,1,1,1,0,1
A007460,R12,R12-M01,4,4,0,4,1,0,0
A007461,R12,R12-M01,2,2,0,2,1,0,0
A007647,R12,R12-M01,4,4,0,3,1,0,1
A007673,R12,R12-M01,4,4,0,2,2,0,0
A007678,R12,R12-M01,4,4,0,2,1,0,0
A007730,R12,R12-M01,4,3,1,3,0,0,1
A007770,R12,R12-M01,2,2,0,2,1,0,0
A007869,R12,R12-M01,4,4,0,3,1,0,0
A007903,R12,R12-M01,2,2,0,2,0,0,0
A007976,R12,R12-M01,1,1,0,1,0,0,0
A008038,R12,R12-M01,5,5,0,4,2,0,0
A008247,R12,R12-M01,4,4,0,1,0,0,0
A008275,R12,R12-M01,3,3,0,1,1,0,0
A008283,R12,R12-M01,14,14,0,12,3,0,1
A008408,R12,R12-M01,2,2,0,0,0,0,0
A008425,R12,R12-M01,3,3,0,2,0,0,0
A008482,R12,R12-M01,10,10,0,7,2,0,0
A008531,R12,R12-M01,2,2,0,0,0,0,0
A008620,R12,R12-M01,1,1,0,1,0,0,0
A008680,R12,R12-M01,2,2,0,1,0,0,0
A008757,R12,R12-M01,4,4,0,2,2,0,0
A008842,R12,R12-M01,5,5,0,4,2,0,0
A008844,R12,R12-M01,8,8,0,5,1,0,0
A008862,R12,R12-M01,2,2,0,0,0,0,0
A008897,R12,R12-M01,1,1,0,1,0,0,0
A008935,R12,R12-M01,5,5,0,2,0,0,0
A009002,R12,R12-M01,3,3,0,3,2,0,0
A009050,R12,R12-M01,1,1,0,1,0,0,0
A009131,R12,R12-M01,1,1,0,0,0,0,0
A009139,R12,R12-M01,2,2,0,0,0,0,0
A009234,R12,R12-M01,6,6,0,4,3,0,0
A009240,R12,R12-M01,1,1,0,1,0,0,0
A009299,R12,R12-M01,5,5,0,3,0,0,2
A009335,R12,R12-M01,2,2,0,2,0,0,0
A009414,R12,R12-M01,1,1,0,1,0,0,0
A009467,R12,R12-M01,1,1,0,0,0,0,0
A009618,R12,R12-M01,4,4,0,3,1,0,0
A009712,R12,R12-M01,2,2,0,2,0,0,0
A009736,R12,R12-M01,6,5,1,4,4,0,1
A009759,R12,R12-M01,11,11,0,9,5,0,0
A009780,R12,R12-M01,3,3,0,3,2,0,0
A009833,R12,R12-M01,11,11,0,7,1,0,0
A009849,R12,R12-M01,5,5,0,5,3,2,2
A009907,R12,R12-M01,2,2,0,2,0,0,0
A010076,R12,R12-M01,11,11,0,8,1,0,1
A010110,R12,R12-M01,5,5,0,4,0,0,0
A010126,R12,R12-M01,4,4,0,2,0,0,0
A010201,R12,R12-M01,1,1,0,0,0,0,0
A010206,R12,R12-M01,2,2,0,1,0,0,0
A010255,R12,R12-M01,7,7,0,6,2,0,0
A010350,R12,R12-M01,2,2,0,1,1,0,0
A010415,R12,R12-M01,2,2,0,1,0,0,0
A010501,R12,R12-M01,7,7,0,4,2,0,0
A010682,R12,R12-M01,4,4,0,2,1,0,0
A010700,R12,R12-M01,14,13,1,7,4,0,1
A010725,R12,R12-M01,4,4,0,3,0,0,0
A010796,R12,R12-M01,3,3,0,3,0,0,0
A010811,R12,R12-M01,7,7,0,4,2,0,0
A010858,R12,R12-M01,10,10,0,8,4,1,1
A010946,R12,R12-M01,3,3,0,2,1,0,0
A010969,R12,R12-M01,5,5,0,5,3,0,1
A011019,R12,R12-M01,5,5,0,3,1,0,0
A011075,R12,R12-M01,4,4,0,2,1,0,0
A011248,R12,R12-M01,1,1,0,1,1,0,0
A011291,R12,R12-M01,2,2,0,1,0,0,0
A011304,R12,R12-M01,1,1,0,1,0,0,0
A011314,R12,R12-M01,3,3,0,2,1,1,1
A011353,R12,R12-M01,3,3,0,1,1,0,0
A011469,R12,R12-M01,6,6,0,3,1,0,0
A011478,R12,R12-M01,18,18,0,13,5,0,0
A011588,R12,R12-M01,8,8,0,6,2,0,0
A011734,R12,R12-M01,4,4,0,3,1,0,0
A011857,R12,R12-M01,2,2,0,2,1,0,0
A011860,R12,R12-M01,10,10,0,7,3,0,0
A011878,R12,R12-M01,3,3,0,2,0,0,0
A011923,R12,R12-M01,3,3,0,3,0,0,0
A011929,R12,R12-M01,2,2,0,0,0,0,0
A011988,R12,R12-M01,5,5,0,5,3,0,0
A011989,R12,R12-M01,2,2,0,1,1,0,0
A011995,R12,R12-M01,1,1,0,0,0,0,0
A012017,R12,R12-M01,1,1,0,1,0,0,0
A012020,R12,R12-M01,5,5,0,5,2,0,0
A012098,R12,R12-M01,3,3,0,3,1,0,0
A012377,R12,R12-M01,11,11,0,7,0,0,0
A012393,R12,R12-M01,6,6,0,5,0,0,0
A012410,R12,R12-M01,8,8,0,6,4,0,0
A012456,R12,R12-M01,4,2,2,4,0,0,3
A012777,R12,R12-M01,2,2,0,1,1,1,1
A012833,R12,R12-M01,3,3,0,2,0,0,0
A012922,R12,R12-M01,2,2,0,2,0,0,0
A012965,R12,R12-M01,5,5,0,5,3,1,1
A012982,R12,R12-M01,1,1,0,1,1,0,0
A012994,R12,R12-M01,3,3,0,2,0,0,0
A013042,R12,R12-M01,10,9,1,9,4,0,2
A013081,R12,R12-M01,5,5,0,4,2,0,0
A013267,R12,R12-M01,1,1,0,1,1,0,0
A013268,R12,R12-M01,6,6,0,5,1,0,0
A013272,R12,R12-M01,5,5,0,4,2,0,0
A013275,R12,R12-M01,4,4,0,4,2,0,0
A013608,R12,R12-M01,1,1,0,1,1,0,0
A013615,R12,R12-M01,3,3,0,2,0,0,0
A013671,R12,R12-M01,1,1,0,1,1,0,0
A013731,R12,R12-M01,7,7,0,6,1,0,0
A013759,R12,R12-M01,2,1,1,2,2,0,1
A013808,R12,R12-M01,3,3,0,0,0,0,0
A013888,R12,R12-M01,5,5,0,3,0,0,0
A013907,R12,R12-M01,3,3,0,2,0,0,0
A013992,R12,R12-M01,9,9,0,7,1,0,0
A014078,R12,R12-M01,1,1,0,1,1,1,1
A014129,R12,R12-M01,3,2,1,1,0,0,1
A014132,R12,R12-M01,5,5,0,4,2,0,0
A014136,R12,R12-M01,3,3,0,1,1,0,0
A014271,R12,R12-M01,2,2,0,2,1,0,0
A014398,R12,R12-M01,2,2,0,2,1,0,0
A014435,R12,R12-M01,8,8,0,6,5,0,0
A014506,R12,R12-M01,2,2,0,2,1,0,1
A014507,R12,R12-M01,16,16,0,8,5,0,0
A014520,R12,R12-M01,4,4,0,1,0,0,0
A014655,R12,R12-M01,5,5,0,3,3,0,0
A014681,R12,R12-M01,21,21,0,14,4,1,1
A014728,R12,R12-M01,6,6,0,3,2,0,0
A014878,R12,R12-M01,5,5,0,5,0,0,0
A014929,R12,R12-M01,1,1,0,1,0,0,0
A014948,R12,R12-M01,4,4,0,4,2,0,0
A014951,R12,R12-M01,1,1,0,1,1,1,1
A014981,R12,R12-M01,4,4,0,2,1,0,0
A015015,R12,R12-M01,6,6,0,3,0,0,0
A015023,R12,R12-M01,7,7,0,4,1,0,0
A015037,R12,R12-M01,13,13,0,7,2,0,1
A015066,R12,R12-M01,3,3,0,2,2,0,0
A015157,R12,R12-M01,5,5,0,2,1,0,0
A015159,R12,R12-M01,8,8,0,5,1,1,1
A015237,R12,R12-M01,2,2,0,2,1,0,0
A015263,R12,R12-M01,7,7,0,6,3,1,1
A015392,R12,R12-M01,9,9,0,7,3,0,0
A015519,R12,R12-M01,3,3,0,3,2,0,0
A015522,R12,R12-M01,5,5,0,3,1,0,0
A015647,R12,R12-M01,10,10,0,6,2,1,1
A015655,R12,R12-M01,3,3,0,2,0,0,0
A015704,R12,R12-M01,1,1,0,1,0,0,0
A015800,R12,R12-M01,4,4,0,2,1,0,0
A016043,R12,R12-M01,2,2,0,1,1,0,0
A016212,R12,R12-M01,2,1,1,1,0,0,1
A016248,R12,R12-M01,12,12,0,8,3,0,1
A016262,R12,R12-M01,6,6,0,5,2,0,0
A016319,R12,R12-M01,8,8,0,6,2,1,1
A016391,R12,R12-M01,1,1,0,0,0,0,0
A016469,R12,R12-M01,8,7,1,6,1,0,1
A016482,R12,R12-M01,1,1,0,1,0,0,0
A016528,R12,R12-M01,1,1,0,1,0,0,1
A016531,R12,R12-M01,2,2,0,2,0,0,0
A016628,R12,R12-M01,1,1,0,1,0,0,0
A016791,R12,R12-M01,2,2,0,0,0,0,0
A016849,R12,R12-M01,1,1,0,0,0,0,0
A016934,R12,R12-M01,2,2,0,2,2,0,0
A016945,R12,R12-M01,2,2,0,2,2,0,0
A016982,R12,R12-M01,2,2,0,2,1,0,0
A016994,R12,R12-M01,3,3,0,2,1,0,0
A017018,R12,R12-M01,8,8,0,4,1,0,0
A017150,R12,R12-M01,1,1,0,0,0,0,0
A017228,R12,R12-M01,3,3,0,2,0,0,0
A017240,R12,R12-M01,5,5,0,3,0,0,0
A017320,R12,R12-M01,5,5,0,3,0,0,0
A017351,R12,R12-M01,4,4,0,3,1,1,1
A017389,R12,R12-M01,4,4,0,3,2,0,0
A017396,R12,R12-M01,2,2,0,2,2,0,0
A017436,R12,R12-M01,7,7,0,6,3,0,0
A017514,R12,R12-M01,2,2,0,2,0,0,0
A017553,R12,R12-M01,3,3,0,2,0,0,0
A017557,R12,R12-M01,3,3,0,2,1,0,0
A017597,R12,R12-M01,1,1,0,1,0,0,0
A017671,R12,R12-M01,1,1,0,0,0,0,0
A017740,R12,R12-M01,14,14,0,9,6,1,1
A017833,R12,R12-M01,5,5,0,2,1,0,0
A017853,R12,R12-M01,8,8,0,8,5,0,0
A017911,R12,R12-M01,8,8,0,4,1,0,0
A017918,R12,R12-M01,1,1,0,1,0,0,0
A017942,R12,R12-M01,2,2,0,2,0,0,0
A017948,R12,R12-M01,3,3,0,1,1,0,0
A017996,R12,R12-M01,4,3,1,2,0,0,1
A000133,R12,R12-M02,4,3,1,4,1,0,1
A000235,R12,R12-M02,6,6,0,2,1,0,0
A000333,R12,R12-M02,5,5,0,2,1,0,0
A000394,R12,R12-M02,11,11,0,9,4,0,0
A000519,R12,R12-M02,10,10,0,7,5,1,1
A000573,R12,R12-M02,1,1,0,0,0,0,0
A000697,R12,R12-M02,2,2,0,0,0,0,0
A000713,R12,R12-M02,5,5,0,2,1,0,0
A000727,R12,R12-M02,6,6,0,4,1,0,0
A000730,R12,R12-M02,2,2,0,1,0,0,0
A000771,R12,R12-M02,3,3,0,3,0,0,0
A000807,R12,R12-M02,4,4,0,2,0,0,0
A000839,R12,R12-M02,2,2,0,2,1,0,0
A000843,R12,R12-M02,5,5,0,5,1,0,0
A000958,R12,R12-M02,7,7,0,6,1,0,0
A000961,R12,R12-M02,2,2,0,1,0,0,0
A000976,R12,R12-M02,8,8,0,4,3,0,0
A001038,R12,R12-M02,1,1,0,1,0,0,0
A001108,R12,R12-M02,1,1,0,1,1,0,0
A001127,R12,R12-M02,1,1,0,1,1,0,0
A001194,R12,R12-M02,9,8,1,9,5,0,1
A001235,R12,R12-M02,4,4,0,2,0,0,0
A001328,R12,R12-M02,3,3,0,2,0,0,0
A001384,R12,R12-M02,3,3,0,3,2,1,1
A001435,R12,R12-M02,4,4,0,2,0,0,0
A001617,R12,R12-M02,1,1,0,1,1,0,0
A001649,R12,R12-M02,9,8,1,7,3,0,2
A001879,R12,R12-M02,7,7,0,5,2,0,0
A001992,R12,R12-M02,5,5,0,2,0,0,0
A002058,R12,R12-M02,4,4,0,3,2,0,0
A002103,R12,R12-M02,2,2,0,1,0,0,0
A002105,R12,R12-M02,3,3,0,3,0,0,0
A002120,R12,R12-M02,12,12,0,11,4,0,0
A002124,R12,R12-M02,5,5,0,5,1,0,1
A002225,R12,R12-M02,1,1,0,1,0,0,0
A002241,R12,R12-M02,5,5,0,4,1,0,0
A002286,R12,R12-M02,9,9,0,6,2,0,0
A002302,R12,R12-M02,1,1,0,1,0,0,0
A002319,R12,R12-M02,2,2,0,1,1,0,0
A002386,R12,R12-M02,2,2,0,2,1,0,0
A002465,R12,R12-M02,2,2,0,1,1,0,0
A002673,R12,R12-M02,3,3,0,3,2,0,0
A002741,R12,R12-M02,5,5,0,4,1,0,0
A002752,R12,R12-M02,3,3,0,2,2,0,0
A002762,R12,R12-M02,1,1,0,1,1,0,0
A002785,R12,R12-M02,2,2,0,2,0,0,0
A002854,R12,R12-M02,2,2,0,2,2,0,0
A003092,R12,R12-M02,28,28,0,16,2,0,2
A003244,R12,R12-M02,5,5,0,3,1,0,0
A003372,R12,R12-M02,5,5,0,4,2,0,0
A003384,R12,R12-M02,7,7,0,6,4,0,0
A003403,R12,R12-M02,4,4,0,4,3,0,0
A003628,R12,R12-M02,4,4,0,3,1,0,0
A003673,R12,R12-M02,11,11,0,8,4,1,1
A003757,R12,R12-M02,1,1,0,1,0,0,0
A003792,R12,R12-M02,14,14,0,11,5,0,0
A003794,R12,R12-M02,7,7,0,4,3,1,1
A003819,R12,R12-M02,1,1,0,1,1,0,0
A003821,R12,R12-M02,4,4,0,2,2,0,0
A003872,R12,R12-M02,8,7,1,7,2,1,2
A003913,R12,R12-M02,2,2,0,2,0,0,1
A003929,R12,R12-M02,2,2,0,1,1,0,0
A003982,R12,R12-M02,8,7,1,4,3,0,1
A004047,R12,R12-M02,3,3,0,1,0,0,0
A004128,R12,R12-M02,1,1,0,1,1,0,0
A004146,R12,R12-M02,5,5,0,4,2,0,0
A004198,R12,R12-M02,2,2,0,1,0,0,1
A004279,R12,R12-M02,1,1,0,1,1,0,0
A004282,R12,R12-M02,1,1,0,1,1,0,0
A004363,R12,R12-M02,6,6,0,2,1,0,0
A004367,R12,R12-M02,5,5,0,3,1,0,0
A004447,R12,R12-M02,4,4,0,3,1,0,0
A004512,R12,R12-M02,4,4,0,3,1,0,0
A004642,R12,R12-M02,5,5,0,5,2,0,0
A004679,R12,R12-M02,12,12,0,9,4,0,1
A004696,R12,R12-M02,9,9,0,5,2,1,2
A004735,R12,R12-M02,1,1,0,0,0,0,0
A004747,R12,R12-M02,9,9,0,7,4,1,1
A004891,R12,R12-M02,8,8,0,3,1,1,1
A004894,R12,R12-M02,4,4,0,4,1,0,0
A004914,R12,R12-M02,5,5,0,5,3,2,2
A004960,R12,R12-M02,1,1,0,1,1,0,0
A005095,R12,R12-M02,3,3,0,2,1,0,0
A005198,R12,R12-M02,6,5,1,5,1,0,1
A005200,R12,R12-M02,1,1,0,0,0,0,0
A005489,R12,R12-M02,4,4,0,3,1,0,0
A005579,R12,R12-M02,6,6,0,5,1,0,0
A005691,R12,R12-M02,9,9,0,5,2,0,0
A005747,R12,R12-M02,7,7,0,3,1,0,1
A005876,R12,R12-M02,4,4,0,1,0,0,0
A005887,R12,R12-M02,2,2,0,1,1,0,0
A005945,R12,R12-M02,1,1,0,1,0,0,0
A006011,R12,R12-M02,3,3,0,2,1,0,0
A006086,R12,R12-M02,4,4,0,3,2,0,0
A006206,R12,R12-M02,2,2,0,2,0,0,0
A006214,R12,R12-M02,4,3,1,3,1,0,1
A006279,R12,R12-M02,8,8,0,7,3,0,0
A006289,R12,R12-M02,3,3,0,3,2,1,1
A006324,R12,R12-M02,2,2,0,2,2,0,0
A006407,R12,R12-M02,2,2,0,2,1,0,0
A006498,R12,R12-M02,1,1,0,1,1,0,0
A006519,R12,R12-M02,2,2,0,2,0,0,0
A006541,R12,R12-M02,2,2,0,0,0,0,0
A006584,R12,R12-M02,8,8,0,5,1,0,0
A006650,R12,R12-M02,5,5,0,3,2,0,0
A006651,R12,R12-M02,2,2,0,1,0,0,0
A006739,R12,R12-M02,7,7,0,5,0,0,0
A006760,R12,R12-M02,6,6,0,6,2,1,1
A006771,R12,R12-M02,9,9,0,8,4,0,1
A006778,R12,R12-M02,2,2,0,2,1,0,0
A006803,R12,R12-M02,9,9,0,8,6,0,0
A006836,R12,R12-M02,7,7,0,6,2,0,0
A006885,R12,R12-M02,7,7,0,4,3,0,0
A007060,R12,R12-M02,3,3,0,2,0,0,0
A007065,R12,R12-M02,7,7,0,3,1,0,0
A007070,R12,R12-M02,4,4,0,2,0,0,0
A007129,R12,R12-M02,5,5,0,3,0,0,0
A007183,R12,R12-M02,7,7,0,5,2,0,1
A007186,R12,R12-M02,1,1,0,0,0,0,0
A007201,R12,R12-M02,2,2,0,1,1,0,0
A007220,R12,R12-M02,3,3,0,1,1,0,0
A007221,R12,R12-M02,5,5,0,2,0,0,0
A007331,R12,R12-M02,2,2,0,1,1,0,0
A007379,R12,R12-M02,16,16,0,13,5,0,0
A007388,R12,R12-M02,6,6,0,4,2,1,1
A007514,R12,R12-M02,3,3,0,3,2,0,0
A007518,R12,R12-M02,5,5,0,4,2,0,0
A007539,R12,R12-M02,10,10,0,6,3,0,1
A007592,R12,R12-M02,8,8,0,5,4,0,0
A007609,R12,R12-M02,6,6,0,5,3,0,1
A007719,R12,R12-M02,4,4,0,3,2,0,1
A007791,R12,R12-M02,2,2,0,2,2,0,0
A007857,R12,R12-M02,3,3,0,1,0,0,0
A007928,R12,R12-M02,1,1,0,1,0,0,0
A007977,R12,R12-M02,7,7,0,7,2,0,0
A007979,R12,R12-M02,4,4,0,3,0,0,0
A007980,R12,R12-M02,9,9,0,4,3,1,1
A007987,R12,R12-M02,6,5,1,5,1,0,2
A008081,R12,R12-M02,5,5,0,5,0,0,0
A008156,R12,R12-M02,13,12,1,11,6,0,1
A008201,R12,R12-M02,3,3,0,3,1,0,0
A008314,R12,R12-M02,5,5,0,2,1,0,0
A008354,R12,R12-M02,2,2,0,0,0,0,0
A008382,R12,R12-M02,2,2,0,2,1,1,1
A008502,R12,R12-M02,8,8,0,6,1,1,1
A008583,R12,R12-M02,1,1,0,0,0,0,0
A008595,R12,R12-M02,7,7,0,5,1,0,0
A008665,R12,R12-M02,5,5,0,4,3,0,0
A008677,R12,R12-M02,2,2,0,0,0,0,0
A008779,R12,R12-M02,2,2,0,2,1,0,0
A008792,R12,R12-M02,2,2,0,1,0,0,0
A008851,R12,R12-M02,2,2,0,2,0,0,0
A008977,R12,R12-M02,5,5,0,2,0,0,0
A008979,R12,R12-M02,3,3,0,2,1,0,0
A009071,R12,R12-M02,8,8,0,4,1,0,0
A009080,R12,R12-M02,7,7,0,4,1,0,0
A009148,R12,R12-M02,8,8,0,2,1,0,0
A009201,R12,R12-M02,2,2,0,1,0,0,0
A009503,R12,R12-M02,10,10,0,5,3,1,1
A009579,R12,R12-M02,2,2,0,2,1,0,0
A009840,R12,R12-M02,5,5,0,3,2,0,0
A009851,R12,R12-M02,2,2,0,1,0,0,0
A009864,R12,R12-M02,2,2,0,2,1,0,0
A010015,R12,R12-M02,4,4,0,1,0,0,0
A010019,R12,R12-M02,2,2,0,2,0,0,0
A010210,R12,R12-M02,4,3,1,3,3,0,1
A010261,R12,R12-M02,4,4,0,1,1,0,0
A010348,R12,R12-M02,5,5,0,4,1,0,0
A010392,R12,R12-M02,3,3,0,3,2,1,1
A010491,R12,R12-M02,3,3,0,3,0,0,0
A010745,R12,R12-M02,1,1,0,1,0,0,0
A010849,R12,R12-M02,2,2,0,1,1,0,0
A010856,R12,R12-M02,1,1,0,1,1,0,0
A010895,R12,R12-M02,12,12,0,10,6,0,0
A011022,R12,R12-M02,10,10,0,8,3,0,1
A011120,R12,R12-M02,2,2,0,2,1,0,0
A011150,R12,R12-M02,5,5,0,1,0,0,0
A011214,R12,R12-M02,2,2,0,1,0,0,0
A011279,R12,R12-M02,1,1,0,1,0,0,0
A011300,R12,R12-M02,2,2,0,1,0,0,0
A011396,R12,R12-M02,4,4,0,4,0,0,0
A011406,R12,R12-M02,2,2,0,1,1,0,0
A011409,R12,R12-M02,7,7,0,7,1,0,0
A011445,R12,R12-M02,7,7,0,4,2,0,0
A011516,R12,R12-M02,1,1,0,0,0,0,0
A011518,R12,R12-M02,2,2,0,1,1,0,0
A011539,R12,R12-M02,2,2,0,1,0,0,0
A011674,R12,R12-M02,5,5,0,3,1,0,0
A011701,R12,R12-M02,6,5,1,5,2,0,1
A011714,R12,R12-M02,3,3,0,3,1,0,0
A011731,R12,R12-M02,3,3,0,1,0,0,0
A011742,R12,R12-M02,12,11,1,9,4,1,2
A012026,R12,R12-M02,8,8,0,8,5,0,0
A012043,R12,R12-M02,1,0,1,1,1,0,1
A012122,R12,R12-M02,1,1,0,0,0,0,0
A012223,R12,R12-M02,8,8,0,7,1,0,0
A012250,R12,R12-M02,13,13,0,7,2,0,0
A012282,R12,R12-M02,6,6,0,4,1,1,1
A012432,R12,R12-M02,1,1,0,0,0,0,0
A012455,R12,R12-M02,6,6,0,5,1,0,0
A012575,R12,R12-M02,3,3,0,2,1,0,0
A012662,R12,R12-M02,1,1,0,1,0,0,0
A012771,R12,R12-M02,3,3,0,1,0,0,0
A012775,R12,R12-M02,2,2,0,1,1,0,0
A012825,R12,R12-M02,3,3,0,3,1,0,0
A012837,R12,R12-M02,4,4,0,3,1,0,0
A012935,R12,R12-M02,12,12,0,9,4,2,2
A013150,R12,R12-M02,7,7,0,5,2,0,0
A013218,R12,R12-M02,5,5,0,4,2,0,0
A013285,R12,R12-M02,5,5,0,4,1,0,0
A013325,R12,R12-M02,2,2,0,1,0,0,0
A013375,R12,R12-M02,4,4,0,3,0,0,0
A013423,R12,R12-M02,4,4,0,4,2,0,0
A013476,R12,R12-M02,2,2,0,0,0,0,0
A013478,R12,R12-M02,18,18,0,13,5,1,1
A013496,R12,R12-M02,4,4,0,2,0,0,0
A013515,R12,R12-M02,5,5,0,3,1,0,0
A013591,R12,R12-M02,6,6,0,5,2,0,0
A013629,R12,R12-M02,2,2,0,1,0,0,0
A013823,R12,R12-M02,3,3,0,1,0,0,1
A013837,R12,R12-M02,4,4,0,3,0,0,0
A013859,R12,R12-M02,1,1,0,0,0,0,0
A013900,R12,R12-M02,1,1,0,1,1,0,0
A013979,R12,R12-M02,11,11,0,5,2,0,0
A014106,R12,R12-M02,3,3,0,3,1,0,0
A014185,R12,R12-M02,2,2,0,2,1,0,0
A014194,R12,R12-M02,1,1,0,1,0,0,0
A014281,R12,R12-M02,1,1,0,1,1,0,0
A014313,R12,R12-M02,7,7,0,5,2,0,0
A014362,R12,R12-M02,1,1,0,1,1,0,0
A014484,R12,R12-M02,10,10,0,6,3,0,0
A014523,R12,R12-M02,7,7,0,3,2,0,0
A014555,R12,R12-M02,4,4,0,2,1,0,0
A014584,R12,R12-M02,1,1,0,1,1,0,0
A014589,R12,R12-M02,5,5,0,5,2,0,0
A014664,R12,R12-M02,1,1,0,1,0,0,0
A014672,R12,R12-M02,8,8,0,6,3,0,0
A014699,R12,R12-M02,7,6,1,7,5,0,1
A014738,R12,R12-M02,13,13,0,8,3,0,0
A014787,R12,R12-M02,4,4,0,4,2,0,0
A014829,R12,R12-M02,9,9,0,6,5,0,0
A014866,R12,R12-M02,1,1,0,1,0,0,0
A014919,R12,R12-M02,6,6,0,4,3,0,0
A014999,R12,R12-M02,5,5,0,4,1,0,0
A015039,R12,R12-M02,4,4,0,2,1,0,0
A015098,R12,R12-M02,1,1,0,1,1,0,0
A015117,R12,R12-M02,1,1,0,1,0,0,0
A015143,R12,R12-M02,4,4,0,3,1,0,0
A015144,R12,R12-M02,2,2,0,1,0,0,0
A015280,R12,R12-M02,6,6,0,3,1,0,0
A015290,R12,R12-M02,7,7,0,3,0,0,0
A015438,R12,R12-M02,4,4,0,2,0,0,0
A015537,R12,R12-M02,13,13,0,8,7,2,2
A015593,R12,R12-M02,4,4,0,2,0,0,0
A015831,R12,R12-M02,5,4,1,4,0,0,1
A015872,R12,R12-M02,4,4,0,3,2,0,0
A015916,R12,R12-M02,10,9,1,7,6,0,1
A016196,R12,R12-M02,1,1,0,1,1,0,0
A016268,R12,R12-M02,5,5,0,4,3,0,0
A016361,R12,R12-M02,2,2,0,1,0,0,0
A016396,R12,R12-M02,4,4,0,4,2,0,0
A016414,R12,R12-M02,1,1,0,1,0,0,0
A016423,R12,R12-M02,8,8,0,7,4,1,1
A016543,R12,R12-M02,4,4,0,4,2,0,0
A016594,R12,R12-M02,6,6,0,3,0,0,0
A016631,R12,R12-M02,4,4,0,3,1,0,0
A016636,R12,R12-M02,2,2,0,2,1,0,0
A016713,R12,R12-M02,8,8,0,4,1,0,0
A016746,R12,R12-M02,3,3,0,2,1,0,0
A016936,R12,R12-M02,6,6,0,2,1,1,1
A016944,R12,R12-M02,1,1,0,0,0,0,0
A016969,R12,R12-M02,5,5,0,3,3,0,0
A017005,R12,R12-M02,9,9,0,7,5,0,0
A017012,R12,R12-M02,5,5,0,3,3,1,1
A017233,R12,R12-M02,6,6,0,3,2,0,0
A017288,R12,R12-M02,4,4,0,2,0,0,0
A017339,R12,R12-M02,9,9,0,7,4,0,0
A017368,R12,R12-M02,4,4,0,2,1,0,0
A017511,R12,R12-M02,3,3,0,3,1,0,0
A017678,R12,R12-M02,1,1,0,1,1,0,0
A017809,R12,R12-M02,2,2,0,0,0,0,0
A017846,R12,R12-M02,13,13,0,9,6,1,1
A017906,R12,R12-M02,4,4,0,2,0,0,0
A017947,R12,R12-M02,3,3,0,2,2,0,0
A017955,R12,R12-M02,2,2,0,1,0,0,0
A000002,R12,R12-M03,1,1,0,1,0,0,0
A000091,R12,R12-M03,2,2,0,2,1,0,0
A000119,R12,R12-M03,1,1,0,0,0,0,0
A000273,R12,R12-M03,2,2,0,1,0,0,0
A000281,R12,R12-M03,6,6,0,3,0,0,0
A000343,R12,R12-M03,6,6,0,5,0,0,1
A000344,R12,R12-M03,4,4,0,2,0,0,0
A000357,R12,R12-M03,6,6,0,5,2,1,1
A000360,R12,R12-M03,12,12,0,9,3,0,0
A000507,R12,R12-M03,1,1,0,1,1,0,0
A000537,R12,R12-M03,3,3,0,2,1,0,0
A000545,R12,R12-M03,4,4,0,3,0,0,0
A000550,R12,R12-M03,4,4,0,3,1,0,0
A000579,R12,R12-M03,12,12,0,8,5,1,1
A000606,R12,R12-M03,8,8,0,4,3,0,0
A000651,R12,R12-M03,12,12,0,10,3,0,0
A000653,R12,R12-M03,7,7,0,5,2,0,0
A000723,R12,R12-M03,3,3,0,2,0,0,0
A000751,R12,R12-M03,2,2,0,1,0,0,0
A000769,R12,R12-M03,4,4,0,2,2,0,0
A000785,R12,R12-M03,8,8,0,5,2,0,0
A000796,R12,R12-M03,4,4,0,4,1,0,0
A000800,R12,R12-M03,13,13,0,8,3,0,0
A000863,R12,R12-M03,8,8,0,3,1,0,0
A000881,R12,R12-M03,2,2,0,1,1,0,0
A000885,R12,R12-M03,9,9,0,7,3,0,0
A000917,R12,R12-M03,5,5,0,3,3,0,0
A000931,R12,R12-M03,3,3,0,0,0,0,0
A001035,R12,R12-M03,4,4,0,2,1,0,0
A001080,R12,R12-M03,2,2,0,2,0,1,1
A001102,R12,R12-M03,2,1,1,2,0,0,1
A001159,R12,R12-M03,1,1,0,1,1,1,1
A001198,R12,R12-M03,8,8,0,5,2,0,0
A001208,R12,R12-M03,4,4,0,3,2,0,0
A001239,R12,R12-M03,2,2,0,2,0,0,0
A001246,R12,R12-M03,3,3,0,3,1,0,0
A001297,R12,R12-M03,5,5,0,3,1,0,0
A001332,R12,R12-M03,1,1,0,1,0,0,0
A001372,R12,R12-M03,7,7,0,6,3,0,0
A001493,R12,R12-M03,3,3,0,3,0,0,0
A001521,R12,R12-M03,3,3,0,2,1,0,0
A001531,R12,R12-M03,14,14,0,10,4,0,0
A001543,R12,R12-M03,5,5,0,1,1,0,0
A001560,R12,R12-M03,2,1,1,2,2,0,1
A001588,R12,R12-M03,8,8,0,5,1,0,0
A001636,R12,R12-M03,7,7,0,5,2,0,0
A001711,R12,R12-M03,1,1,0,1,0,0,0
A001815,R12,R12-M03,6,5,1,4,2,0,1
A001818,R12,R12-M03,5,5,0,5,3,0,0
A001821,R12,R12-M03,2,2,0,2,0,0,0
A001839,R12,R12-M03,7,7,0,4,0,0,1
A001877,R12,R12-M03,5,5,0,2,0,0,0
A001882,R12,R12-M03,14,14,0,10,4,1,2
A001906,R12,R12-M03,8,8,0,8,5,1,1
A001912,R12,R12-M03,2,2,0,2,2,0,0
A001976,R12,R12-M03,6,6,0,5,2,1,1
A002030,R12,R12-M03,9,9,0,7,4,0,1
A002175,R12,R12-M03,2,2,0,1,1,0,0
A002195,R12,R12-M03,1,1,0,1,0,0,0
A002291,R12,R12-M03,4,4,0,4,1,0,0
A002419,R12,R12-M03,7,7,0,6,4,0,0
A002529,R12,R12-M03,6,6,0,3,2,1,1
A002559,R12,R12-M03,13,12,1,11,5,0,1
A002568,R12,R12-M03,1,1,0,1,0,0,0
A002649,R12,R12-M03,1,1,0,0,0,0,0
A002740,R12,R12-M03,6,6,0,5,3,0,0
A002759,R12,R12-M03,6,6,0,3,1,0,0
A002761,R12,R12-M03,7,7,0,5,2,0,0
A002771,R12,R12-M03,2,2,0,1,0,0,0
A002834,R12,R12-M03,2,2,0,1,0,0,0
A002871,R12,R12-M03,21,21,0,13,5,0,0
A002915,R12,R12-M03,10,9,1,5,1,0,1
A003053,R12,R12-M03,6,6,0,5,1,0,0
A003054,R12,R12-M03,4,4,0,2,0,0,0
A003074,R12,R12-M03,6,6,0,5,1,0,0
A003165,R12,R12-M03,3,3,0,2,0,0,0
A003169,R12,R12-M03,1,1,0,1,0,0,0
A003205,R12,R12-M03,3,3,0,2,0,0,0
A003253,R12,R12-M03,1,1,0,0,0,0,0
A003273,R12,R12-M03,1,1,0,1,1,0,0
A003484,R12,R12-M03,7,7,0,5,2,0,0
A003575,R12,R12-M03,2,2,0,1,0,0,0
A003582,R12,R12-M03,1,1,0,1,0,0,0
A003632,R12,R12-M03,5,5,0,5,1,0,0
A003644,R12,R12-M03,17,17,0,16,5,0,0
A003709,R12,R12-M03,6,6,0,2,0,0,0
A003762,R12,R12-M03,11,11,0,10,5,0,0
A003797,R12,R12-M03,6,6,0,4,3,0,0
A003799,R12,R12-M03,12,12,0,8,3,0,0
A003809,R12,R12-M03,3,3,0,1,0,0,0
A003854,R12,R12-M03,3,3,0,3,2,0,0
A003909,R12,R12-M03,2,2,0,2,0,0,0
A004074,R12,R12-M03,1,1,0,0,0,0,0
A004079,R12,R12-M03,1,1,0,1,0,0,0
A004089,R12,R12-M03,2,2,0,1,1,0,0
A004101,R12,R12-M03,1,1,0,1,1,0,0
A004111,R12,R12-M03,6,6,0,4,3,0,0
A004228,R12,R12-M03,3,3,0,0,0,0,0
A004303,R12,R12-M03,4,4,0,2,0,0,0
A004334,R12,R12-M03,4,4,0,3,1,0,0
A004351,R12,R12-M03,3,3,0,1,0,0,0
A004408,R12,R12-M03,11,11,0,10,1,1,2
A004550,R12,R12-M03,15,15,0,14,5,0,0
A004586,R12,R12-M03,12,12,0,7,4,0,0
A004643,R12,R12-M03,5,5,0,4,2,0,0
A004715,R12,R12-M03,1,1,0,1,1,0,0
A004774,R12,R12-M03,12,12,0,8,3,0,1
A004836,R12,R12-M03,2,2,0,1,1,0,0
A004850,R12,R12-M03,1,1,0,0,0,0,0
A004856,R12,R12-M03,4,4,0,4,2,0,0
A004864,R12,R12-M03,9,8,1,7,4,0,1
A004913,R12,R12-M03,2,2,0,1,1,0,0
A005088,R12,R12-M03,8,8,0,6,2,0,0
A005170,R12,R12-M03,3,3,0,2,2,0,0
A005206,R12,R12-M03,4,4,0,3,2,0,0
A005228,R12,R12-M03,3,3,0,2,2,0,0
A005313,R12,R12-M03,8,8,0,3,0,0,0
A005333,R12,R12-M03,3,3,0,2,0,0,0
A005421,R12,R12-M03,10,10,0,9,4,0,1
A005588,R12,R12-M03,4,4,0,4,1,0,0
A005618,R12,R12-M03,3,3,0,3,3,1,1
A005675,R12,R12-M03,3,3,0,3,0,0,0
A005696,R12,R12-M03,7,7,0,3,1,0,1
A005714,R12,R12-M03,6,6,0,6,2,0,0
A005891,R12,R12-M03,1,1,0,0,0,0,0
A005893,R12,R12-M03,3,3,0,1,1,0,0
A005923,R12,R12-M03,4,4,0,4,3,0,0
A006091,R12,R12-M03,4,4,0,4,0,0,0
A006113,R12,R12-M03,7,7,0,6,2,0,0
A006123,R12,R12-M03,6,6,0,4,0,0,0
A006172,R12,R12-M03,9,9,0,6,3,0,0
A006196,R12,R12-M03,1,1,0,0,0,0,0
A006244,R12,R12-M03,1,1,0,1,0,0,0
A006271,R12,R12-M03,6,6,0,3,1,0,0
A006293,R12,R12-M03,1,1,0,1,1,0,0
A006315,R12,R12-M03,7,7,0,6,2,1,1
A006338,R12,R12-M03,3,3,0,1,1,0,0
A006432,R12,R12-M03,4,4,0,3,0,0,0
A006521,R12,R12-M03,13,13,0,8,3,0,1
A006608,R12,R12-M03,9,9,0,6,1,1,2
A006671,R12,R12-M03,1,1,0,1,1,0,0
A006775,R12,R12-M03,7,7,0,4,1,0,0
A006779,R12,R12-M03,1,1,0,1,0,0,0
A006784,R12,R12-M03,2,2,0,1,1,0,0
A006788,R12,R12-M03,2,2,0,2,1,0,0
A006798,R12,R12-M03,2,2,0,1,0,0,0
A006845,R12,R12-M03,4,4,0,4,0,0,0
A006852,R12,R12-M03,5,5,0,5,4,0,0
A006874,R12,R12-M03,4,4,0,3,1,0,0
A006967,R12,R12-M03,7,6,1,5,3,0,1
A007091,R12,R12-M03,2,2,0,1,1,0,0
A007096,R12,R12-M03,6,6,0,4,1,0,0
A007277,R12,R12-M03,5,4,1,4,2,0,1
A007390,R12,R12-M03,5,4,1,3,1,0,1
A007438,R12,R12-M03,5,5,0,4,3,0,0
A007479,R12,R12-M03,1,1,0,0,0,0,0
A007564,R12,R12-M03,1,1,0,0,0,0,0
A007583,R12,R12-M03,13,13,0,12,5,0,0
A007617,R12,R12-M03,23,23,0,16,11,0,0
A007642,R12,R12-M03,4,4,0,3,2,0,0
A007656,R12,R12-M03,2,2,0,2,0,0,1
A007735,R12,R12-M03,3,3,0,2,1,0,0
A007826,R12,R12-M03,8,8,0,6,3,0,0
A007859,R12,R12-M03,5,5,0,4,0,0,0
A007953,R12,R12-M03,6,6,0,4,2,0,0
A007973,R12,R12-M03,11,11,0,8,4,1,1
A007974,R12,R12-M03,1,1,0,1,1,0,0
A007983,R12,R12-M03,4,4,0,3,1,0,0
A007996,R12,R12-M03,2,2,0,0,0,0,0
A008018,R12,R12-M03,3,3,0,1,0,0,0
A008116,R12,R12-M03,7,7,0,6,3,0,0
A008168,R12,R12-M03,2,2,0,2,1,0,0
A008381,R12,R12-M03,6,6,0,4,1,0,0
A008411,R12,R12-M03,9,9,0,6,2,0,0
A008447,R12,R12-M03,6,6,0,5,4,0,0
A008459,R12,R12-M03,14,14,0,11,4,0,0
A008473,R12,R12-M03,6,6,0,6,2,0,1
A008530,R12,R12-M03,3,3,0,3,2,0,0
A008635,R12,R12-M03,1,1,0,1,1,0,0
A008646,R12,R12-M03,17,17,0,12,4,0,0
A008664,R12,R12-M03,1,1,0,1,0,0,0
A008691,R12,R12-M03,1,1,0,0,0,0,0
A008735,R12,R12-M03,3,3,0,1,1,0,0
A008838,R12,R12-M03,10,10,0,8,1,0,0
A008854,R12,R12-M03,2,2,0,2,1,0,0
A008859,R12,R12-M03,4,4,0,4,2,0,0
A008921,R12,R12-M03,2,2,0,2,1,0,0
A009025,R12,R12-M03,2,1,1,2,0,0,1
A009069,R12,R12-M03,1,1,0,1,1,0,0
A009175,R12,R12-M03,5,5,0,4,0,0,0
A009182,R12,R12-M03,2,2,0,1,0,0,0
A009207,R12,R12-M03,1,1,0,1,0,0,0
A009242,R12,R12-M03,3,3,0,1,0,0,0
A009620,R12,R12-M03,3,3,0,0,0,0,0
A009643,R12,R12-M03,2,2,0,0,0,0,0
A009673,R12,R12-M03,7,7,0,2,0,0,0
A009689,R12,R12-M03,6,6,0,3,2,0,0
A009709,R12,R12-M03,5,5,0,3,1,0,0
A009814,R12,R12-M03,3,3,0,3,1,0,0
A009874,R12,R12-M03,4,4,0,2,1,0,0
A009905,R12,R12-M03,1,1,0,0,0,0,0
A009917,R12,R12-M03,4,4,0,2,1,1,2
A009921,R12,R12-M03,9,9,0,3,3,0,0
A009944,R12,R12-M03,8,8,0,5,2,0,0
A009951,R12,R12-M03,5,5,0,4,2,1,1
A009955,R12,R12-M03,9,9,0,6,1,0,0
A009957,R12,R12-M03,3,3,0,3,1,0,0
A009987,R12,R12-M03,12,11,1,9,5,0,1
A009998,R12,R12-M03,1,1,0,1,0,0,0
A010178,R12,R12-M03,3,3,0,2,0,0,0
A010195,R12,R12-M03,1,1,0,0,0,0,0
A010221,R12,R12-M03,5,5,0,4,2,0,0
A010416,R12,R12-M03,3,3,0,0,0,0,0
A010445,R12,R12-M03,1,1,0,0,0,0,0
A010557,R12,R12-M03,3,3,0,2,1,0,0
A010585,R12,R12-M03,2,2,0,1,0,0,0
A010658,R12,R12-M03,2,2,0,1,0,0,0
A010698,R12,R12-M03,1,1,0,1,0,0,0
A010749,R12,R12-M03,5,5,0,3,3,0,0
A010846,R12,R12-M03,2,2,0,0,0,0,0
A010920,R12,R12-M03,3,3,0,3,1,0,0
A010942,R12,R12-M03,6,6,0,3,2,0,0
A011101,R12,R12-M03,4,4,0,1,0,0,0
A011175,R12,R12-M03,3,3,0,3,1,0,0
A011216,R12,R12-M03,8,8,0,7,1,0,0
A011260,R12,R12-M03,3,3,0,3,2,0,0
A011282,R12,R12-M03,3,3,0,2,2,0,0
A011323,R12,R12-M03,6,5,1,5,2,0,1
A011485,R12,R12-M03,6,6,0,3,1,0,0
A011500,R12,R12-M03,4,4,0,4,2,0,0
A011509,R12,R12-M03,2,2,0,2,2,0,0
A011607,R12,R12-M03,11,11,0,5,3,0,0
A011626,R12,R12-M03,6,6,0,4,3,0,0
A011633,R12,R12-M03,4,4,0,3,0,0,0
A011707,R12,R12-M03,2,2,0,1,1,0,0
A012074,R12,R12-M03,1,1,0,1,0,0,0
A012089,R12,R12-M03,1,1,0,1,1,0,0
A012137,R12,R12-M03,2,2,0,0,0,0,0
A012269,R12,R12-M03,5,5,0,3,0,0,0
A012289,R12,R12-M03,9,9,0,5,3,0,0
A012297,R12,R12-M03,4,4,0,2,0,0,0
A012312,R12,R12-M03,4,4,0,3,3,0,0
A012316,R12,R12-M03,5,5,0,3,1,0,0
A012386,R12,R12-M03,7,7,0,4,3,0,0
A012395,R12,R12-M03,1,1,0,1,1,0,0
A012457,R12,R12-M03,7,7,0,6,2,0,0
A012462,R12,R12-M03,1,1,0,1,1,0,0
A012474,R12,R12-M03,9,9,0,7,2,0,0
A012507,R12,R12-M03,1,1,0,1,0,0,0
A012548,R12,R12-M03,6,6,0,3,3,0,0
A012618,R12,R12-M03,6,6,0,3,2,0,0
A012666,R12,R12-M03,11,11,0,7,3,0,0
A012677,R12,R12-M03,6,6,0,5,0,0,0
A012757,R12,R12-M03,6,6,0,4,2,1,2
A012812,R12,R12-M03,2,2,0,2,1,0,0
A012844,R12,R12-M03,8,8,0,4,0,0,0
A012862,R12,R12-M03,10,10,0,7,2,0,0
A012877,R12,R12-M03,2,2,0,2,1,0,0
A012888,R12,R12-M03,4,4,0,3,2,1,1
A012977,R12,R12-M03,5,5,0,3,1,0,0
A012983,R12,R12-M03,12,12,0,7,5,0,0
A012990,R12,R12-M03,6,6,0,2,0,0,0
A013006,R12,R12-M03,2,2,0,0,0,0,0
A013094,R12,R12-M03,1,1,0,0,0,0,0
A013163,R12,R12-M03,1,1,0,1,1,0,0
A013191,R12,R12-M03,4,4,0,4,2,0,0
A013278,R12,R12-M03,4,4,0,3,1,0,0
A013402,R12,R12-M03,1,1,0,0,0,0,0
A013444,R12,R12-M03,7,7,0,5,5,0,0
A013498,R12,R12-M03,2,2,0,2,2,0,0
A013548,R12,R12-M03,3,3,0,3,0,0,0
A013624,R12,R12-M03,10,9,1,9,3,0,1
A013741,R12,R12-M03,13,12,1,7,5,0,2
A013877,R12,R12-M03,1,1,0,1,0,0,0
A013977,R12,R12-M03,2,2,0,2,1,0,0
A013978,R12,R12-M03,1,1,0,0,0,0,0
A014076,R12,R12-M03,24,24,0,18,3,0,1
A014120,R12,R12-M03,4,4,0,2,2,0,0
A014135,R12,R12-M03,2,2,0,2,2,1,1
A014256,R12,R12-M03,2,2,0,2,1,0,0
A014312,R12,R12-M03,7,7,0,4,0,0,0
A014347,R12,R12-M03,4,4,0,3,1,0,0
A014403,R12,R12-M03,1,1,0,0,0,0,0
A014408,R12,R12-M03,2,2,0,0,0,0,0
A014429,R12,R12-M03,6,6,0,6,3,0,0
A014443,R12,R12-M03,1,1,0,1,1,0,0
A014501,R12,R12-M03,6,6,0,4,3,0,0
A014602,R12,R12-M03,2,2,0,0,0,0,0
A014610,R12,R12-M03,6,6,0,5,0,0,0
A014627,R12,R12-M03,1,1,0,0,0,0,0
A014639,R12,R12-M03,1,1,0,0,0,0,0
A014801,R12,R12-M03,11,11,0,7,2,0,0
A014864,R12,R12-M03,3,3,0,2,2,0,0
A014885,R12,R12-M03,8,8,0,3,2,0,0
A014930,R12,R12-M03,1,1,0,0,0,0,0
A014958,R12,R12-M03,7,7,0,4,2,0,0
A015001,R12,R12-M03,17,17,0,10,5,1,1
A015099,R12,R12-M03,4,4,0,1,1,0,0
A015122,R12,R12-M03,2,2,0,2,1,0,0
A015276,R12,R12-M03,1,1,0,1,0,0,0
A015306,R12,R12-M03,2,2,0,2,0,0,0
A015308,R12,R12-M03,3,3,0,1,0,0,0
A015365,R12,R12-M03,6,6,0,4,1,0,0
A015376,R12,R12-M03,3,3,0,3,2,0,0
A015412,R12,R12-M03,4,4,0,4,1,0,0
A015444,R12,R12-M03,6,6,0,3,1,0,0
A015477,R12,R12-M03,1,1,0,0,0,0,0
A015492,R12,R12-M03,5,5,0,3,2,0,0
A015531,R12,R12-M03,3,3,0,2,2,0,0
A015586,R12,R12-M03,3,3,0,1,0,0,0
A015597,R12,R12-M03,4,4,0,3,1,0,0
A015661,R12,R12-M03,5,5,0,1,1,0,0
A015706,R12,R12-M03,6,6,0,5,1,0,0
A015835,R12,R12-M03,8,8,0,4,2,0,0
A016018,R12,R12-M03,4,4,0,3,3,0,0
A016044,R12,R12-M03,1,1,0,1,0,0,0
A016050,R12,R12-M03,4,3,1,2,0,0,1
A016092,R12,R12-M03,1,1,0,1,0,0,0
A016122,R12,R12-M03,9,9,0,5,1,0,0
A016185,R12,R12-M03,4,4,0,0,0,0,0
A016223,R12,R12-M03,6,6,0,4,2,0,0
A016329,R12,R12-M03,9,9,0,5,0,0,0
A016344,R12,R12-M03,9,9,0,6,2,0,0
A016450,R12,R12-M03,3,3,0,3,1,0,0
A016505,R12,R12-M03,2,2,0,2,0,0,0
A016577,R12,R12-M03,4,4,0,2,1,0,0
A016590,R12,R12-M03,8,8,0,6,2,0,0
A016708,R12,R12-M03,16,16,0,9,1,0,0
A016733,R12,R12-M03,10,10,0,8,2,0,0
A016741,R12,R12-M03,10,10,0,4,2,0,0
A016767,R12,R12-M03,4,4,0,4,0,0,0
A016771,R12,R12-M03,2,2,0,1,0,0,0
A016802,R12,R12-M03,1,1,0,1,0,0,0
A016887,R12,R12-M03,5,5,0,3,2,0,0
A016935,R12,R12-M03,2,2,0,2,0,0,0
A016972,R12,R12-M03,6,6,0,4,2,0,0
A017042,R12,R12-M03,2,2,0,2,2,0,0
A017180,R12,R12-M03,3,3,0,2,0,0,0
A017287,R12,R12-M03,2,2,0,0,0,0,0
A017378,R12,R12-M03,4,4,0,4,3,1,1
A017397,R12,R12-M03,6,6,0,4,3,0,0
A017508,R12,R12-M03,1,1,0,1,0,0,0
A017529,R12,R12-M03,10,10,0,6,3,0,0
A017541,R12,R12-M03,5,5,0,4,1,1,2
A017572,R12,R12-M03,1,1,0,1,0,0,0
A017631,R12,R12-M03,6,5,1,6,2,0,1
A017738,R12,R12-M03,4,4,0,2,1,0,0
A017762,R12,R12-M03,3,3,0,2,0,0,0
A017770,R12,R12-M03,1,1,0,0,0,0,0
A017886,R12,R12-M03,2,1,1,2,1,0,1
A017891,R12,R12-M03,1,1,0,1,1,0,0
A017899,R12,R12-M03,5,5,0,2,1,0,0
A017907,R12,R12-M03,5,5,0,3,2,0,0
A017934,R12,R12-M03,12,12,0,9,6,0,0
A017982,R12,R12-M03,3,3,0,2,2,0,0
A000042,R12,R12-M04,9,9,0,5,1,0,0
A000046,R12,R12-M04,5,5,0,3,1,0,1
A000051,R12,R12-M04,1,1,0,1,1,0,0
A000118,R12,R12-M04,5,5,0,3,3,0,0
A000152,R12,R12-M04,3,3,0,2,0,1,1
A000169,R12,R12-M04,2,2,0,1,0,0,0
A000214,R12,R12-M04,2,2,0,1,0,0,0
A000276,R12,R12-M04,1,1,0,0,0,0,0
A000284,R12,R12-M04,2,2,0,1,1,0,0
A000312,R12,R12-M04,1,1,0,1,1,0,0
A000335,R12,R12-M04,2,2,0,0,0,0,0
A000406,R12,R12-M04,5,5,0,2,0,0,0
A000496,R12,R12-M04,4,4,0,3,1,0,0
A000584,R12,R12-M04,10,10,0,6,1,0,0
A000603,R12,R12-M04,1,1,0,1,0,0,0
A000809,R12,R12-M04,5,5,0,3,1,0,0
A000810,R12,R12-M04,6,6,0,3,1,0,0
A000814,R12,R12-M04,6,6,0,4,1,0,0
A001146,R12,R12-M04,9,9,0,6,3,0,0
A001166,R12,R12-M04,4,4,0,2,1,0,1
A001262,R12,R12-M04,8,8,0,6,4,1,1
A001336,R12,R12-M04,4,4,0,3,1,0,0
A001571,R12,R12-M04,2,2,0,1,0,0,0
A001581,R12,R12-M04,2,2,0,2,1,0,0
A001637,R12,R12-M04,3,3,0,3,1,0,0
A001656,R12,R12-M04,1,1,0,1,0,0,0
A001699,R12,R12-M04,6,5,1,5,3,0,1
A001700,R12,R12-M04,3,3,0,3,1,0,0
A001756,R12,R12-M04,8,8,0,5,2,0,0
A001788,R12,R12-M04,2,2,0,0,0,0,0
A001823,R12,R12-M04,5,5,0,3,1,0,1
A001842,R12,R12-M04,3,3,0,1,0,0,0
A001862,R12,R12-M04,3,3,0,3,2,0,0
A001896,R12,R12-M04,1,1,0,1,0,0,0
A001897,R12,R12-M04,1,1,0,1,1,0,0
A001921,R12,R12-M04,6,6,0,5,1,0,0
A001984,R12,R12-M04,13,13,0,5,2,0,0
A002007,R12,R12-M04,1,1,0,1,0,0,0
A002095,R12,R12-M04,2,2,0,1,0,0,0
A002136,R12,R12-M04,2,2,0,2,1,0,0
A002159,R12,R12-M04,5,5,0,4,1,0,0
A002260,R12,R12-M04,14,14,0,9,2,2,3
A002294,R12,R12-M04,3,3,0,3,0,0,0
A002350,R12,R12-M04,2,2,0,2,1,0,0
A002359,R12,R12-M04,3,3,0,3,1,0,0
A002388,R12,R12-M04,3,3,0,1,0,0,0
A002398,R12,R12-M04,2,2,0,1,0,0,1
A002411,R12,R12-M04,3,3,0,1,1,0,0
A002413,R12,R12-M04,3,3,0,2,1,0,0
A002455,R12,R12-M04,5,5,0,3,2,0,1
A002511,R12,R12-M04,4,4,0,4,0,0,0
A002537,R12,R12-M04,1,1,0,0,0,0,0
A002542,R12,R12-M04,3,3,0,3,1,0,0
A002572,R12,R12-M04,8,8,0,3,0,0,0
A002595,R12,R12-M04,8,8,0,5,2,0,0
A002607,R12,R12-M04,10,10,0,6,2,0,0
A002621,R12,R12-M04,5,5,0,4,1,0,0
A002636,R12,R12-M04,4,4,0,3,2,0,0
A002701,R12,R12-M04,5,4,1,5,2,0,1
A002793,R12,R12-M04,3,3,0,2,1,1,1
A002824,R12,R12-M04,1,1,0,1,1,0,0
A002919,R12,R12-M04,2,2,0,1,1,0,0
A003136,R12,R12-M04,2,2,0,2,1,0,0
A003195,R12,R12-M04,1,1,0,1,0,0,0
A003202,R12,R12-M04,14,14,0,11,1,0,0
A003275,R12,R12-M04,8,8,0,7,2,0,0
A003295,R12,R12-M04,1,1,0,1,1,0,0
A003303,R12,R12-M04,1,1,0,1,0,0,0
A003442,R12,R12-M04,11,11,0,8,4,1,1
A003460,R12,R12-M04,8,8,0,4,2,0,0
A003526,R12,R12-M04,26,26,0,17,9,0,0
A003549,R12,R12-M04,1,1,0,1,1,0,0
A003591,R12,R12-M04,4,4,0,4,4,0,0
A003624,R12,R12-M04,4,4,0,3,1,0,0
A003643,R12,R12-M04,14,14,0,10,5,1,1
A003739,R12,R12-M04,10,10,0,7,1,0,0
A003748,R12,R12-M04,10,10,0,8,1,0,0
A003864,R12,R12-M04,1,1,0,1,1,0,0
A003877,R12,R12-M04,2,2,0,1,0,0,0
A003936,R12,R12-M04,7,7,0,3,0,0,0
A004029,R12,R12-M04,4,4,0,2,0,0,0
A004096,R12,R12-M04,2,2,0,1,1,0,0
A004148,R12,R12-M04,2,2,0,1,1,0,0
A004171,R12,R12-M04,6,6,0,4,3,1,2
A004176,R12,R12-M04,12,12,0,7,3,0,0
A004249,R12,R12-M04,3,3,0,3,1,0,0
A004321,R12,R12-M04,3,3,0,2,0,0,0
A004336,R12,R12-M04,11,11,0,7,5,0,0
A004364,R12,R12-M04,5,4,1,3,2,0,1
A004411,R12,R12-M04,10,10,0,7,3,1,1
A004413,R12,R12-M04,7,7,0,5,3,1,1
A004445,R12,R12-M04,2,2,0,1,1,0,0
A004462,R12,R12-M04,3,3,0,2,1,0,0
A004503,R12,R12-M04,2,2,0,2,1,0,0
A004595,R12,R12-M04,12,12,0,8,3,0,0
A004618,R12,R12-M04,4,4,0,3,3,0,0
A004636,R12,R12-M04,12,12,0,10,4,0,0
A004708,R12,R12-M04,10,10,0,6,2,0,0
A004751,R12,R12-M04,3,3,0,2,2,0,0
A004764,R12,R12-M04,1,1,0,1,0,0,0
A004817,R12,R12-M04,9,9,0,6,3,0,0
A004831,R12,R12-M04,1,1,0,0,0,0,0
A004879,R12,R12-M04,1,1,0,1,0,0,0
A004978,R12,R12-M04,3,3,0,2,0,0,0
A005016,R12,R12-M04,2,2,0,2,1,0,0
A005048,R12,R12-M04,5,5,0,4,2,0,1
A005105,R12,R12-M04,3,3,0,2,1,0,0
A005137,R12,R12-M04,2,2,0,0,0,0,0
A005188,R12,R12-M04,5,5,0,3,1,0,0
A005256,R12,R12-M04,2,2,0,1,1,0,0
A005300,R12,R12-M04,7,7,0,4,1,0,0
A005309,R12,R12-M04,2,2,0,2,0,0,0
A005312,R12,R12-M04,6,6,0,6,0,0,1
A005347,R12,R12-M04,1,1,0,1,0,0,0
A005443,R12,R12-M04,5,5,0,4,3,0,0
A005520,R12,R12-M04,7,7,0,4,0,0,0
A005563,R12,R12-M04,1,1,0,0,0,0,0
A005580,R12,R12-M04,2,2,0,1,1,0,0
A005605,R12,R12-M04,7,7,0,3,2,0,0
A005656,R12,R12-M04,2,2,0,2,0,0,0
A005688,R12,R12-M04,2,2,0,2,0,0,1
A005702,R12,R12-M04,6,6,0,6,1,0,1
A005744,R12,R12-M04,1,1,0,0,0,0,0
A005765,R12,R12-M04,2,2,0,1,0,0,0
A005921,R12,R12-M04,1,1,0,1,1,0,0
A005940,R12,R12-M04,1,1,0,1,0,0,0
A005974,R12,R12-M04,3,3,0,1,1,0,0
A006089,R12,R12-M04,5,5,0,5,2,0,1
A006093,R12,R12-M04,6,6,0,5,2,0,0
A006131,R12,R12-M04,4,4,0,2,0,0,0
A006143,R12,R12-M04,11,11,0,9,2,0,0
A006207,R12,R12-M04,7,7,0,5,0,0,1
A006213,R12,R12-M04,6,6,0,6,4,1,1
A006229,R12,R12-M04,8,8,0,4,3,0,0
A006301,R12,R12-M04,3,3,0,3,1,0,0
A006313,R12,R12-M04,4,4,0,2,2,0,0
A006337,R12,R12-M04,1,1,0,1,0,0,0
A006348,R12,R12-M04,2,2,0,2,1,0,0
A006397,R12,R12-M04,5,5,0,5,2,0,0
A006451,R12,R12-M04,7,7,0,6,4,1,1
A006465,R12,R12-M04,3,3,0,2,1,0,0
A006564,R12,R12-M04,4,4,0,3,1,0,0
A006573,R12,R12-M04,3,3,0,0,0,0,0
A006579,R12,R12-M04,2,2,0,1,0,0,0
A006629,R12,R12-M04,5,5,0,4,1,0,1
A006640,R12,R12-M04,5,5,0,3,1,0,0
A006643,R12,R12-M04,11,11,0,9,3,0,0
A006673,R12,R12-M04,2,2,0,1,1,0,0
A006708,R12,R12-M04,7,7,0,5,2,0,0
A006764,R12,R12-M04,9,9,0,7,1,0,0
A006772,R12,R12-M04,6,6,0,6,1,0,1
A006813,R12,R12-M04,4,4,0,3,2,0,0
A006844,R12,R12-M04,10,10,0,5,4,0,0
A006933,R12,R12-M04,1,1,0,1,0,0,0
A006935,R12,R12-M04,7,7,0,5,1,0,0
A006940,R12,R12-M04,6,6,0,3,1,0,0
A006953,R12,R12-M04,1,1,0,1,1,0,0
A006966,R12,R12-M04,4,4,0,3,1,1,1
A007053,R12,R12-M04,8,8,0,4,1,0,0
A007103,R12,R12-M04,7,7,0,6,3,0,0
A007106,R12,R12-M04,10,10,0,5,2,0,0
A007198,R12,R12-M04,5,5,0,4,1,0,1
A007209,R12,R12-M04,9,8,1,4,1,0,1
A007424,R12,R12-M04,4,4,0,1,0,0,0
A007448,R12,R12-M04,2,2,0,1,0,0,0
A007451,R12,R12-M04,2,2,0,1,1,0,0
A007466,R12,R12-M04,5,5,0,3,0,0,0
A007487,R12,R12-M04,2,2,0,0,0,0,0
A007561,R12,R12-M04,4,4,0,3,2,0,0
A007577,R12,R12-M04,1,1,0,0,0,0,0
A007692,R12,R12-M04,4,4,0,2,1,0,0
A007714,R12,R12-M04,2,2,0,1,0,0,0
A007759,R12,R12-M04,7,7,0,5,1,0,0
A007761,R12,R12-M04,2,2,0,1,0,0,0
A007848,R12,R12-M04,6,6,0,5,4,0,0
A007858,R12,R12-M04,3,3,0,2,1,0,0
A007868,R12,R12-M04,5,5,0,3,1,0,0
A007874,R12,R12-M04,3,3,0,3,2,2,2
A007881,R12,R12-M04,8,8,0,7,5,0,1
A007909,R12,R12-M04,5,4,1,2,1,0,1
A007917,R12,R12-M04,4,4,0,4,2,0,0
A007923,R12,R12-M04,7,6,1,6,5,0,1
A007927,R12,R12-M04,16,16,0,10,3,0,0
A008050,R12,R12-M04,3,3,0,3,1,0,1
A008206,R12,R12-M04,4,4,0,3,1,0,0
A008222,R12,R12-M04,3,3,0,3,1,0,0
A008276,R12,R12-M04,3,3,0,2,1,0,0
A008330,R12,R12-M04,6,6,0,4,3,0,0
A008333,R12,R12-M04,5,4,1,2,1,0,1
A008376,R12,R12-M04,6,6,0,4,1,0,0
A008449,R12,R12-M04,6,6,0,5,3,1,2
A008601,R12,R12-M04,10,10,0,6,1,0,0
A008610,R12,R12-M04,2,2,0,1,0,0,0
A008643,R12,R12-M04,2,2,0,1,1,0,0
A008944,R12,R12-M04,10,10,0,9,5,0,0
A008959,R12,R12-M04,3,3,0,3,1,0,0
A008963,R12,R12-M04,9,9,0,4,1,0,0
A008992,R12,R12-M04,4,4,0,3,1,0,0
A009010,R12,R12-M04,5,5,0,4,2,0,0
A009040,R12,R12-M04,11,11,0,8,1,0,0
A009049,R12,R12-M04,7,7,0,5,1,0,1
A009200,R12,R12-M04,5,5,0,3,1,0,0
A009269,R12,R12-M04,4,4,0,4,1,0,0
A009448,R12,R12-M04,4,4,0,2,1,0,0
A009521,R12,R12-M04,2,2,0,1,0,0,0
A009553,R12,R12-M04,2,2,0,2,0,0,0
A009610,R12,R12-M04,17,16,1,15,9,3,4
A009765,R12,R12-M04,1,1,0,1,0,0,0
A009804,R12,R12-M04,15,14,1,7,3,0,1
A009816,R12,R12-M04,2,2,0,1,0,0,0
A009822,R12,R12-M04,4,4,0,3,2,0,0
A009879,R12,R12-M04,1,1,0,1,1,0,0
A009887,R12,R12-M04,2,2,0,0,0,0,0
A009888,R12,R12-M04,9,9,0,6,3,0,0
A009920,R12,R12-M04,3,3,0,2,0,1,1
A009947,R12,R12-M04,12,12,0,11,2,0,0
A009971,R12,R12-M04,1,1,0,1,0,0,0
A010018,R12,R12-M04,2,2,0,1,0,0,0
A010021,R12,R12-M04,10,10,0,9,3,0,1
A010023,R12,R12-M04,2,2,0,2,1,1,1
A010090,R12,R12-M04,7,7,0,5,2,0,0
A010198,R12,R12-M04,9,9,0,6,2,0,0
A010270,R12,R12-M04,3,3,0,2,1,0,0
A010276,R12,R12-M04,1,1,0,1,0,0,0
A010313,R12,R12-M04,6,6,0,6,1,0,0
A010340,R12,R12-M04,5,5,0,5,1,0,0
A010395,R12,R12-M04,4,4,0,2,2,0,0
A010421,R12,R12-M04,6,6,0,3,2,0,0
A010444,R12,R12-M04,1,1,0,1,0,0,0
A010499,R12,R12-M04,2,2,0,2,2,1,1
A010620,R12,R12-M04,2,2,0,2,1,0,0
A010622,R12,R12-M04,12,11,1,8,3,1,2
A010629,R12,R12-M04,4,4,0,2,1,0,0
A010677,R12,R12-M04,7,6,1,4,2,0,1
A010737,R12,R12-M04,2,2,0,2,1,0,0
A010794,R12,R12-M04,3,3,0,2,0,0,1
A010865,R12,R12-M04,5,5,0,5,2,0,0
A010955,R12,R12-M04,6,6,0,3,1,0,0
A011031,R12,R12-M04,2,2,0,2,0,0,0
A011046,R12,R12-M04,3,3,0,1,0,0,0
A011095,R12,R12-M04,6,6,0,4,0,0,1
A011191,R12,R12-M04,2,2,0,0,0,0,0
A011223,R12,R12-M04,9,9,0,6,1,0,0
A011302,R12,R12-M04,8,7,1,6,2,0,1
A011351,R12,R12-M04,6,6,0,4,2,0,0
A011439,R12,R12-M04,14,13,1,10,5,0,1
A011450,R12,R12-M04,2,2,0,2,1,0,0
A011552,R12,R12-M04,14,14,0,10,1,0,0
A011668,R12,R12-M04,15,15,0,9,3,0,0
A011719,R12,R12-M04,4,4,0,2,0,0,0
A011786,R12,R12-M04,14,14,0,9,4,0,0
A011848,R12,R12-M04,4,4,0,2,1,0,0
A011948,R12,R12-M04,2,2,0,2,0,0,0
A011951,R12,R12-M04,9,9,0,6,2,0,0
A012038,R12,R12-M04,1,1,0,0,0,0,0
A012119,R12,R12-M04,11,11,0,4,0,0,0
A012387,R12,R12-M04,3,3,0,1,0,0,0
A012418,R12,R12-M04,15,15,0,11,5,1,1
A012533,R12,R12-M04,3,3,0,2,1,0,0
A012549,R12,R12-M04,2,1,1,1,0,0,1
A012577,R12,R12-M04,2,2,0,1,0,0,0
A012599,R12,R12-M04,1,1,0,1,0,0,0
A012629,R12,R12-M04,3,3,0,2,0,0,0
A012701,R12,R12-M04,9,9,0,6,0,0,0
A012730,R12,R12-M04,11,11,0,6,3,0,0
A012801,R12,R12-M04,7,7,0,4,2,0,0
A012804,R12,R12-M04,4,4,0,2,1,0,0
A012808,R12,R12-M04,6,6,0,5,3,1,1
A012822,R12,R12-M04,1,1,0,1,0,0,0
A012849,R12,R12-M04,2,2,0,2,0,0,0
A012951,R12,R12-M04,3,3,0,2,0,0,0
A012975,R12,R12-M04,6,5,1,5,5,0,1
A013040,R12,R12-M04,6,6,0,2,0,0,0
A013139,R12,R12-M04,3,3,0,3,1,0,0
A013158,R12,R12-M04,2,2,0,1,1,0,0
A013258,R12,R12-M04,1,1,0,1,1,0,0
A013314,R12,R12-M04,6,6,0,4,2,0,0
A013706,R12,R12-M04,1,1,0,1,1,0,0
A013726,R12,R12-M04,1,1,0,1,0,0,0
A013864,R12,R12-M04,2,2,0,2,0,0,0
A013926,R12,R12-M04,1,1,0,0,0,0,0
A013986,R12,R12-M04,1,1,0,0,0,0,0
A014052,R12,R12-M04,1,1,0,1,0,0,0
A014133,R12,R12-M04,11,11,0,7,2,0,0
A014186,R12,R12-M04,1,1,0,0,0,0,0
A014225,R12,R12-M04,2,2,0,0,0,0,0
A014262,R12,R12-M04,4,4,0,3,1,0,0
A014307,R12,R12-M04,5,5,0,2,1,0,1
A014340,R12,R12-M04,2,1,1,1,1,0,1
A014372,R12,R12-M04,2,1,1,2,2,0,1
A014476,R12,R12-M04,1,0,1,1,0,0,1
A014557,R12,R12-M04,4,4,0,1,0,0,0
A014656,R12,R12-M04,1,1,0,1,0,0,0
A014724,R12,R12-M04,14,14,0,10,8,1,1
A014973,R12,R12-M04,10,9,1,5,1,0,1
A014985,R12,R12-M04,19,19,0,15,5,0,0
A015042,R12,R12-M04,1,1,0,1,0,0,0
A015049,R12,R12-M04,1,1,0,1,1,0,0
A015081,R12,R12-M04,3,3,0,2,1,0,0
A015324,R12,R12-M04,3,3,0,3,2,0,0
A015443,R12,R12-M04,10,10,0,6,1,0,0
A015455,R12,R12-M04,7,7,0,5,2,1,1
A015456,R12,R12-M04,1,1,0,1,0,0,0
A015467,R12,R12-M04,4,4,0,3,0,0,0
A015572,R12,R12-M04,2,2,0,2,1,0,0
A015603,R12,R12-M04,10,10,0,6,3,0,0
A015973,R12,R12-M04,5,5,0,4,2,0,0
A016003,R12,R12-M04,5,5,0,3,1,0,0
A016016,R12,R12-M04,7,7,0,6,2,0,0
A016038,R12,R12-M04,4,4,0,1,1,0,0
A016039,R12,R12-M04,9,9,0,5,1,0,0
A016064,R12,R12-M04,2,2,0,2,1,0,0
A016095,R12,R12-M04,1,1,0,1,1,0,0
A016125,R12,R12-M04,6,6,0,4,1,0,0
A016142,R12,R12-M04,4,4,0,4,1,0,0
A016211,R12,R12-M04,4,4,0,1,0,0,0
A016335,R12,R12-M04,3,3,0,2,1,1,1
A016351,R12,R12-M04,3,3,0,1,0,0,0
A016474,R12,R12-M04,2,2,0,1,0,0,0
A016506,R12,R12-M04,10,10,0,9,3,0,0
A016654,R12,R12-M04,3,3,0,2,1,0,0
A016731,R12,R12-M04,9,9,0,5,4,0,0
A016749,R12,R12-M04,1,1,0,1,1,0,0
A016891,R12,R12-M04,5,5,0,4,2,0,0
A016943,R12,R12-M04,3,3,0,3,1,0,0
A016992,R12,R12-M04,2,2,0,2,2,1,1
A017103,R12,R12-M04,6,6,0,4,4,0,0
A017160,R12,R12-M04,2,2,0,1,1,0,0
A017169,R12,R12-M04,7,7,0,5,3,0,0
A017279,R12,R12-M04,7,7,0,7,0,0,0
A017294,R12,R12-M04,5,5,0,4,1,1,1
A017295,R12,R12-M04,8,8,0,5,2,1,1
A017408,R12,R12-M04,5,5,0,4,2,0,0
A017469,R12,R12-M04,2,2,0,2,0,0,0
A017503,R12,R12-M04,2,2,0,0,0,0,0
A017632,R12,R12-M04,2,2,0,2,1,0,0
A017633,R12,R12-M04,3,3,0,3,2,0,0
A017736,R12,R12-M04,1,1,0,0,0,0,0
A017788,R12,R12-M04,1,1,0,0,0,0,0
A017805,R12,R12-M04,8,8,0,6,2,0,0
A017806,R12,R12-M04,4,4,0,4,2,0,0
A017830,R12,R12-M04,4,4,0,2,1,0,0
A017844,R12,R12-M04,3,2,1,3,2,0,1
