age_group,register_population_count,likely_resident_count,estimated_overcoverage_count,estimated_overcoverage_rate,true_resident_count,true_overcoverage_count,true_overcoverage_rate,estimation_error_count,estimation_error_rate,no_activity_count,no_activity_rate,mean_signal_count
0-5,3019,64,2955,0.9788009274594236,2864,155,0.05134150380920835,-2800,-0.9274594236502153,2955,0.9788009274594236,0.021199072540576305
18-24,4383,3207,1176,0.2683093771389459,4147,236,0.05384439881359799,-940,-0.21446497832534794,1176,0.2683093771389459,1.0527036276522934
25-39,11038,9727,1311,0.11877151657909041,10460,578,0.052364558796883495,-733,-0.06640695778220693,1311,0.11877151657909041,1.379778945461135
40-64,15031,13197,1834,0.12201450335972323,14319,712,0.04736877120617391,-1122,-0.07464573215354933,1834,0.12201450335972323,1.361186880447076
6-17,6417,5828,589,0.09178743961352658,6103,314,0.04893252298581892,-275,-0.04285491662770765,589,0.09178743961352658,0.9164718715910865
65-79,7032,2082,4950,0.7039249146757679,6701,331,0.047070534698521044,-4619,-0.6568543799772468,4950,0.7039249146757679,0.3084470989761088
80+,3016,3016,0,0,2931,85,0.028183023872679045,85,0.028183023872679045,2617,0.8677055702917772,0.14058355437665782
NA,64,41,23,0.359375,58,6,0.09375,-17,-0.265625,23,0.359375,0.984375
