person_id,reporting_year,qualification_group
P000001,2024,SCHOOL_VOC
P000002,2024,SCHOOL_VOC
P000003,2024,SCHOOL_VOC
P000005,2024,HIGHER_ED
P000006,2024,SCHOOL_VOC
P000011,2024,HIGHER_ED
P000014,2024,HIGHER_ED
P000017,2024,LOW_NONE
P000018,2024,SCHOOL_VOC
P000019,2024,SCHOOL_VOC
P000020,2024,HIGHER_ED
P000022,2024,SCHOOL_VOC
P000024,2024,SCHOOL_VOC
P000026,2024,HIGHER_ED
P000027,2024,SCHOOL_VOC
P000030,2024,HIGHER_ED
P000034,2024,
P000035,2024,LOW_NONE
P000041,2024,SCHOOL_VOC
P000045,2024,LOW_NONE
P000046,2024,SCHOOL_VOC
P000047,2024,SCHOOL_VOC
P000049,2024,SCHOOL_VOC
P000050,2024,HIGHER_ED
P000051,2024,HIGHER_ED
P000054,2024,SCHOOL_VOC
P000055,2024,SCHOOL_VOC
P000056,2024,HIGHER_ED
P000058,2024,SCHOOL_VOC
P000059,2024,SCHOOL_VOC
P000060,2024,SCHOOL_VOC
P000061,2024,HIGHER_ED
P000062,2024,HIGHER_ED
P000064,2024,LOW_NONE
P000074,2024,LOW_NONE
P000076,2024,SCHOOL_VOC
P000078,2024,SCHOOL_VOC
P000080,2024,SCHOOL_VOC
P000083,2024,SCHOOL_VOC
P000084,2024,SCHOOL_VOC
P000085,2024,SCHOOL_VOC
P000087,2024,LOW_NONE
P000088,2024,SCHOOL_VOC
P000090,2024,HIGHER_ED
P000093,2024,SCHOOL_VOC
P000096,2024,SCHOOL_VOC
P000100,2024,SCHOOL_VOC
P000102,2024,SCHOOL_VOC
P000109,2024,SCHOOL_VOC
P000110,2024,SCHOOL_VOC
P000111,2024,HIGHER_ED
P000112,2024,HIGHER_ED
P000114,2024,SCHOOL_VOC
P000117,2024,LOW_NONE
P000119,2024,HIGHER_ED
P000120,2024,SCHOOL_VOC
P000122,2024,SCHOOL_VOC
P000123,2024,SCHOOL_VOC
P000124,2024,HIGHER_ED
P000126,2024,HIGHER_ED
P000127,2024,SCHOOL_VOC
P000131,2024,SCHOOL_VOC
P000135,2024,SCHOOL_VOC
P000136,2024,SCHOOL_VOC
P000139,2024,SCHOOL_VOC
P000142,2024,HIGHER_ED
P000144,2024,SCHOOL_VOC
P000146,2024,HIGHER_ED
P000148,2024,SCHOOL_VOC
P000152,2024,SCHOOL_VOC
P000157,2024,SCHOOL_VOC
P000163,2024,HIGHER_ED
P000165,2024,HIGHER_ED
P000167,2024,SCHOOL_VOC
P000168,2024,HIGHER_ED
P000170,2024,HIGHER_ED
P000171,2024,HIGHER_ED
P000172,2024,SCHOOL_VOC
P000174,2024,SCHOOL_VOC
P000175,2024,HIGHER_ED
P000176,2024,SCHOOL_VOC
P000181,2024,SCHOOL_VOC
P000188,2024,HIGHER_ED
P000194,2024,HIGHER_ED
P000195,2024,HIGHER_ED
P000198,2024,SCHOOL_VOC
P000199,2024,LOW_NONE
P000205,2024,SCHOOL_VOC
P000208,2024,
P000209,2024,SCHOOL_VOC
P000210,2024,SCHOOL_VOC
P000213,2024,SCHOOL_VOC
,2024,HIGHER_ED
P000216,2024,SCHOOL_VOC
P000217,2024,HIGHER_ED
P000221,2024,SCHOOL_VOC
P000223,2024,SCHOOL_VOC
P000224,2024,HIGHER_ED
P000226,2024,SCHOOL_VOC
P000229,2024,SCHOOL_VOC
P000231,2024,SCHOOL_VOC
P000232,2024,SCHOOL_VOC
P000237,2024,SCHOOL_VOC
P000238,2024,LOW_NONE
P000242,2024,SCHOOL_VOC
P000243,2024,SCHOOL_VOC
P000244,2024,SCHOOL_VOC
P000249,2024,HIGHER_ED
P000256,2024,HIGHER_ED
P000260,2024,HIGHER_ED
P000263,2024,HIGHER_ED
P000264,2024,SCHOOL_VOC
P000268,2024,SCHOOL_VOC
P000275,2024,SCHOOL_VOC
P000279,2024,HIGHER_ED
P000288,2024,HIGHER_ED
P000293,2024,HIGHER_ED
P000294,2024,LOW_NONE
P000297,2024,HIGHER_ED
P000302,2024,SCHOOL_VOC
P000307,2024,SCHOOL_VOC
P000310,2024,HIGHER_ED
P000313,2024,HIGHER_ED
P000316,2024,SCHOOL_VOC
P000317,2024,HIGHER_ED
P000319,2024,SCHOOL_VOC
P000322,2024,SCHOOL_VOC
P000323,2024,HIGHER_ED
P000327,2024,HIGHER_ED
P000330,2024,SCHOOL_VOC
P000332,2024,SCHOOL_VOC
P000333,2024,SCHOOL_VOC
P000334,2024,SCHOOL_VOC
P000335,2024,SCHOOL_VOC
P000337,2024,SCHOOL_VOC
P000340,2024,SCHOOL_VOC
P000346,2024,SCHOOL_VOC
P000348,2024,SCHOOL_VOC
P000349,2024,SCHOOL_VOC
P000350,2024,HIGHER_ED
P000351,2024,HIGHER_ED
P000353,2024,SCHOOL_VOC
P000354,2024,HIGHER_ED
P000358,2024,SCHOOL_VOC
P000366,2024,HIGHER_ED
P000372,2024,SCHOOL_VOC
P000373,2024,HIGHER_ED
P000374,2024,SCHOOL_VOC
P000376,2024,LOW_NONE
P000377,2024,SCHOOL_VOC
P000378,2024,SCHOOL_VOC
P000380,2024,SCHOOL_VOC
,2024,SCHOOL_VOC
P000384,2024,HIGHER_ED
P000394,2024,SCHOOL_VOC
P000401,2024,SCHOOL_VOC
P000402,2024,HIGHER_ED
P000403,2024,SCHOOL_VOC
P000404,2024,SCHOOL_VOC
P000406,2024,SCHOOL_VOC
P000407,2024,SCHOOL_VOC
P000408,2024,HIGHER_ED
P000409,2024,HIGHER_ED
P000412,2024,SCHOOL_VOC
P000413,2024,SCHOOL_VOC
P000416,2024,HIGHER_ED
P000419,2024,SCHOOL_VOC
P000420,2024,SCHOOL_VOC
P000421,2024,SCHOOL_VOC
P000422,2024,SCHOOL_VOC
P000423,2024,SCHOOL_VOC
P000425,2024,SCHOOL_VOC
P000427,2024,SCHOOL_VOC
P000431,2024,SCHOOL_VOC
P000436,2024,SCHOOL_VOC
P000438,2024,SCHOOL_VOC
P000439,2024,SCHOOL_VOC
P000446,2024,SCHOOL_VOC
P000448,2024,HIGHER_ED
P000450,2024,HIGHER_ED
P000451,2024,SCHOOL_VOC
P000453,2024,SCHOOL_VOC
P000454,2024,SCHOOL_VOC
P000460,2024,SCHOOL_VOC
P000462,2024,SCHOOL_VOC
P000463,2024,LOW_NONE
P000467,2024,HIGHER_ED
P000472,2024,SCHOOL_VOC
P000473,2024,SCHOOL_VOC
P000474,2024,SCHOOL_VOC
P000479,2024,LOW_NONE
P000487,2024,LOW_NONE
P000488,2024,SCHOOL_VOC
P000491,2024,SCHOOL_VOC
P000498,2024,SCHOOL_VOC
P000499,2024,SCHOOL_VOC
P000500,2024,SCHOOL_VOC
P000501,2024,SCHOOL_VOC
P000505,2024,SCHOOL_VOC
P000508,2024,SCHOOL_VOC
P000510,2024,HIGHER_ED
P000514,2024,SCHOOL_VOC
P000518,2024,SCHOOL_VOC
P000519,2024,SCHOOL_VOC
P000521,2024,SCHOOL_VOC
P000522,2024,SCHOOL_VOC
P000524,2024,SCHOOL_VOC
P000525,2024,LOW_NONE
P000528,2024,SCHOOL_VOC
P000532,2024,SCHOOL_VOC
P000534,2024,SCHOOL_VOC
P000536,2024,HIGHER_ED
P000539,2024,SCHOOL_VOC
P000540,2024,SCHOOL_VOC
P000541,2024,SCHOOL_VOC
P000551,2024,SCHOOL_VOC
P000552,2024,HIGHER_ED
P000560,2024,SCHOOL_VOC
P000564,2024,SCHOOL_VOC
P000569,2024,SCHOOL_VOC
P000572,2024,SCHOOL_VOC
P000574,2024,HIGHER_ED
P000585,2024,SCHOOL_VOC
P000586,2024,HIGHER_ED
P000599,2024,HIGHER_ED
P000601,2024,SCHOOL_VOC
P000609,2024,HIGHER_ED
P000613,2024,SCHOOL_VOC
P000614,2024,SCHOOL_VOC
P000618,2024,SCHOOL_VOC
P000624,2024,HIGHER_ED
P000625,2024,HIGHER_ED
P000630,2024,HIGHER_ED
P000633,2024,HIGHER_ED
P000636,2024,SCHOOL_VOC
P000637,2024,SCHOOL_VOC
P000640,2024,HIGHER_ED
P000641,2024,SCHOOL_VOC
P000643,2024,LOW_NONE
P000649,2024,HIGHER_ED
P000654,2024,SCHOOL_VOC
P000658,2024,SCHOOL_VOC
P000661,2024,SCHOOL_VOC
P000662,2024,UNMAPPED_GROUP
P000664,2024,HIGHER_ED
P000666,2024,LOW_NONE
P000668,2024,HIGHER_ED
P000670,2024,HIGHER_ED
P000672,2024,HIGHER_ED
P000673,2024,SCHOOL_VOC
P000676,2024,LOW_NONE
P000678,2024,SCHOOL_VOC
P000682,2024,SCHOOL_VOC
P000683,2024,SCHOOL_VOC
P000685,2024,SCHOOL_VOC
P000686,2024,SCHOOL_VOC
P000687,2024,HIGHER_ED
P000693,2024,SCHOOL_VOC
P000694,2024,LOW_NONE
P000699,2024,SCHOOL_VOC
P000701,2024,HIGHER_ED
P000702,2024,SCHOOL_VOC
P000704,2024,SCHOOL_VOC
P000709,2024,SCHOOL_VOC
P000716,2024,SCHOOL_VOC
P000717,2024,SCHOOL_VOC
P000718,2024,SCHOOL_VOC
P000720,2024,LOW_NONE
P000722,2024,SCHOOL_VOC
P000723,2024,HIGHER_ED
P000728,2024,HIGHER_ED
P000730,2024,SCHOOL_VOC
P000731,2024,SCHOOL_VOC
P000733,2024,HIGHER_ED
P000734,2024,SCHOOL_VOC
P000736,2024,SCHOOL_VOC
P000737,2024,SCHOOL_VOC
P000739,2024,SCHOOL_VOC
P000740,2024,SCHOOL_VOC
P000743,2024,SCHOOL_VOC
P000746,2024,HIGHER_ED
P000748,2024,SCHOOL_VOC
P000755,2024,SCHOOL_VOC
P000756,2024,HIGHER_ED
P000757,2024,SCHOOL_VOC
P000759,2024,LOW_NONE
P000761,2024,HIGHER_ED
P000763,2024,LOW_NONE
P000764,2024,LOW_NONE
P000765,2024,SCHOOL_VOC
P000767,2024,SCHOOL_VOC
P000768,2024,SCHOOL_VOC
P000773,2024,SCHOOL_VOC
P000783,2024,SCHOOL_VOC
P000784,2024,SCHOOL_VOC
P000786,2024,SCHOOL_VOC
P000787,2024,SCHOOL_VOC
P000792,2024,SCHOOL_VOC
P000793,2024,SCHOOL_VOC
P000798,2024,SCHOOL_VOC
P000801,2024,HIGHER_ED
P000803,2024,SCHOOL_VOC
P000811,2024,SCHOOL_VOC
P000813,2024,SCHOOL_VOC
P000815,2024,SCHOOL_VOC
P000817,2024,HIGHER_ED
P000818,2024,HIGHER_ED
P000824,2024,HIGHER_ED
P000825,2024,SCHOOL_VOC
P000828,2024,SCHOOL_VOC
P000829,2024,HIGHER_ED
P000834,2024,SCHOOL_VOC
P000838,2024,HIGHER_ED
P000843,2024,SCHOOL_VOC
P000844,2024,SCHOOL_VOC
P000845,2024,LOW_NONE
P000847,2024,SCHOOL_VOC
P000849,2024,SCHOOL_VOC
P000853,2024,HIGHER_ED
P000857,2024,HIGHER_ED
P000859,2024,LOW_NONE
P000860,2024,SCHOOL_VOC
P000861,2024,SCHOOL_VOC
P000867,2024,HIGHER_ED
P000870,2024,HIGHER_ED
P000871,2024,SCHOOL_VOC
P000873,2024,SCHOOL_VOC
P000874,2024,SCHOOL_VOC
P000875,2024,SCHOOL_VOC
P000877,2024,HIGHER_ED
P000880,2024,SCHOOL_VOC
P000881,2024,SCHOOL_VOC
P000884,2024,SCHOOL_VOC
P000885,2024,SCHOOL_VOC
P000886,2024,SCHOOL_VOC
P000890,2024,HIGHER_ED
P000892,2024,SCHOOL_VOC
P000895,2024,SCHOOL_VOC
P000901,2024,SCHOOL_VOC
P000902,2024,SCHOOL_VOC
P000904,2024,SCHOOL_VOC
P000905,2024,SCHOOL_VOC
P000908,2024,LOW_NONE
P000910,2024,SCHOOL_VOC
P000915,2024,SCHOOL_VOC
P000924,2024,SCHOOL_VOC
P000928,2024,SCHOOL_VOC
P000933,2024,LOW_NONE
P000938,2024,HIGHER_ED
P000943,2024,SCHOOL_VOC
P000951,2024,SCHOOL_VOC
P000952,2024,UNMAPPED_GROUP
P000959,2024,HIGHER_ED
P000960,2024,HIGHER_ED
P000962,2024,HIGHER_ED
P000964,2024,HIGHER_ED
P000966,2024,HIGHER_ED
P000968,2024,HIGHER_ED
P000969,2024,SCHOOL_VOC
P000973,2024,SCHOOL_VOC
P000977,2024,LOW_NONE
P000978,2024,SCHOOL_VOC
P000982,2024,LOW_NONE
P000986,2024,SCHOOL_VOC
P000987,2024,SCHOOL_VOC
P000988,2024,SCHOOL_VOC
P000991,2024,LOW_NONE
P000992,2024,SCHOOL_VOC
P000996,2024,HIGHER_ED
P000999,2024,SCHOOL_VOC
P001000,2024,SCHOOL_VOC
P001001,2024,SCHOOL_VOC
P001005,2024,LOW_NONE
P001006,2024,HIGHER_ED
P001010,2024,HIGHER_ED
P001011,2024,SCHOOL_VOC
P001017,2024,HIGHER_ED
P001033,2024,HIGHER_ED
P001041,2024,SCHOOL_VOC
P001043,2024,HIGHER_ED
P001044,2024,SCHOOL_VOC
P001045,2024,SCHOOL_VOC
P001049,2024,SCHOOL_VOC
P001054,2024,SCHOOL_VOC
P001056,2024,HIGHER_ED
P001062,2024,SCHOOL_VOC
P001063,2024,SCHOOL_VOC
P001065,2024,SCHOOL_VOC
P001066,2024,SCHOOL_VOC
P001067,2024,SCHOOL_VOC
P001068,2024,SCHOOL_VOC
P001070,2024,SCHOOL_VOC
P001071,2024,HIGHER_ED
P001080,2024,HIGHER_ED
P001083,2024,HIGHER_ED
P001084,2024,LOW_NONE
P001100,2024,HIGHER_ED
P001102,2024,SCHOOL_VOC
P001104,2024,SCHOOL_VOC
P001106,2024,LOW_NONE
P001110,2024,SCHOOL_VOC
P001114,2024,SCHOOL_VOC
P001115,2024,HIGHER_ED
P001116,2024,HIGHER_ED
P001117,2024,HIGHER_ED
P001120,2024,SCHOOL_VOC
P001124,2024,SCHOOL_VOC
P001131,2024,SCHOOL_VOC
P001136,2024,SCHOOL_VOC
P001138,2024,HIGHER_ED
P001145,2024,HIGHER_ED
P001146,2024,HIGHER_ED
P001147,2024,HIGHER_ED
P001149,2024,SCHOOL_VOC
P001150,2024,HIGHER_ED
P001151,2024,HIGHER_ED
P001154,2024,SCHOOL_VOC
P001158,2024,HIGHER_ED
P001160,2024,SCHOOL_VOC
P001161,2024,SCHOOL_VOC
P001162,2024,SCHOOL_VOC
P001165,2024,SCHOOL_VOC
P001167,2024,HIGHER_ED
P001168,2024,HIGHER_ED
P001169,2024,SCHOOL_VOC
P001170,2024,SCHOOL_VOC
P001171,2024,HIGHER_ED
P001175,2024,HIGHER_ED
P001179,2024,SCHOOL_VOC
P001180,2024,SCHOOL_VOC
P001181,2024,HIGHER_ED
P001186,2024,HIGHER_ED
P001187,2024,SCHOOL_VOC
P001190,2024,SCHOOL_VOC
P001191,2024,SCHOOL_VOC
P001192,2024,SCHOOL_VOC
P001194,2024,SCHOOL_VOC
P001196,2024,HIGHER_ED
P001200,2024,SCHOOL_VOC
P001202,2024,SCHOOL_VOC
P001204,2024,SCHOOL_VOC
P001206,2024,SCHOOL_VOC
P001210,2024,SCHOOL_VOC
P001211,2024,HIGHER_ED
P001212,2024,SCHOOL_VOC
P001214,2024,SCHOOL_VOC
P001217,2024,HIGHER_ED
P001218,2024,HIGHER_ED
P001222,2024,SCHOOL_VOC
P001223,2024,SCHOOL_VOC
P001224,2024,SCHOOL_VOC
P001228,2024,SCHOOL_VOC
P001229,2024,SCHOOL_VOC
P001233,2024,HIGHER_ED
P001235,2024,HIGHER_ED
P001236,2024,SCHOOL_VOC
P001238,2024,SCHOOL_VOC
P001240,2024,SCHOOL_VOC
P001241,2024,LOW_NONE
P001242,2024,
P001245,2024,SCHOOL_VOC
P001250,2024,HIGHER_ED
P001256,2024,HIGHER_ED
P001257,2024,HIGHER_ED
P001260,2024,HIGHER_ED
P001263,2024,SCHOOL_VOC
P001267,2024,SCHOOL_VOC
P001269,2024,HIGHER_ED
P001270,2024,HIGHER_ED
P001271,2024,SCHOOL_VOC
P001272,2024,SCHOOL_VOC
P001274,2024,HIGHER_ED
P001278,2024,SCHOOL_VOC
P001279,2024,SCHOOL_VOC
P001282,2024,HIGHER_ED
P001285,2024,HIGHER_ED
P001289,2024,HIGHER_ED
P001291,2024,SCHOOL_VOC
P001292,2024,SCHOOL_VOC
P001293,2024,HIGHER_ED
P001295,2024,HIGHER_ED
P001297,2024,HIGHER_ED
P001299,2024,HIGHER_ED
P001301,2024,SCHOOL_VOC
P001302,2024,SCHOOL_VOC
P001303,2024,HIGHER_ED
P001306,2024,SCHOOL_VOC
P001307,2024,HIGHER_ED
P001311,2024,SCHOOL_VOC
P001317,2024,SCHOOL_VOC
P001318,2024,SCHOOL_VOC
P001319,2024,HIGHER_ED
P001320,2024,SCHOOL_VOC
P001321,2024,HIGHER_ED
P001325,2024,SCHOOL_VOC
P001326,2024,SCHOOL_VOC
P001329,2024,SCHOOL_VOC
P001330,2024,SCHOOL_VOC
P001331,2024,SCHOOL_VOC
P001335,2024,SCHOOL_VOC
P001337,2024,HIGHER_ED
P001338,2024,HIGHER_ED
P001343,2024,SCHOOL_VOC
P001348,2024,HIGHER_ED
P001349,2024,SCHOOL_VOC
P001350,2024,HIGHER_ED
P001351,2024,SCHOOL_VOC
P001357,2024,SCHOOL_VOC
P001361,2024,LOW_NONE
P001362,2024,SCHOOL_VOC
P001363,2024,HIGHER_ED
P001366,2024,SCHOOL_VOC
P001374,2024,SCHOOL_VOC
P001375,2024,LOW_NONE
P001382,2024,SCHOOL_VOC
P001384,2024,SCHOOL_VOC
P001385,2024,SCHOOL_VOC
P001388,2024,HIGHER_ED
P001390,2024,SCHOOL_VOC
P001396,2024,HIGHER_ED
P001399,2024,HIGHER_ED
P001404,2024,LOW_NONE
P001405,2024,LOW_NONE
P001410,2024,HIGHER_ED
P001411,2024,HIGHER_ED
P001414,2024,HIGHER_ED
P001415,2024,SCHOOL_VOC
P001421,2024,SCHOOL_VOC
P001428,2024,SCHOOL_VOC
P001430,2024,SCHOOL_VOC
P001435,2024,SCHOOL_VOC
P001436,2024,HIGHER_ED
P001437,2024,SCHOOL_VOC
P001438,2024,LOW_NONE
P001439,2024,SCHOOL_VOC
P001440,2024,HIGHER_ED
P001441,2024,SCHOOL_VOC
P001444,2024,SCHOOL_VOC
P001447,2024,SCHOOL_VOC
P001450,2024,HIGHER_ED
P001454,2024,SCHOOL_VOC
P001459,2024,SCHOOL_VOC
P001462,2024,SCHOOL_VOC
P001465,2024,SCHOOL_VOC
P001468,2024,SCHOOL_VOC
P001472,2024,SCHOOL_VOC
P001479,2024,LOW_NONE
P001480,2024,SCHOOL_VOC
P001481,2024,HIGHER_ED
P001482,2024,SCHOOL_VOC
P001486,2024,LOW_NONE
P001487,2024,SCHOOL_VOC
P001494,2024,SCHOOL_VOC
P001496,2024,SCHOOL_VOC
P001498,2024,LOW_NONE
P001501,2024,HIGHER_ED
P001503,2024,SCHOOL_VOC
P001504,2024,SCHOOL_VOC
P001507,2024,HIGHER_ED
P001508,2024,SCHOOL_VOC
P001513,2024,SCHOOL_VOC
P001514,2024,HIGHER_ED
P001519,2024,SCHOOL_VOC
P001521,2024,HIGHER_ED
P001522,2024,SCHOOL_VOC
P001526,2024,SCHOOL_VOC
P001528,2024,
P001530,2024,HIGHER_ED
P001534,2024,SCHOOL_VOC
P001537,2024,HIGHER_ED
P001539,2024,SCHOOL_VOC
P001540,2024,SCHOOL_VOC
P001544,2024,SCHOOL_VOC
P001546,2024,SCHOOL_VOC
P001548,2024,SCHOOL_VOC
P001549,2024,SCHOOL_VOC
P001550,2024,SCHOOL_VOC
P001554,2024,SCHOOL_VOC
P001556,2024,HIGHER_ED
P001560,2024,SCHOOL_VOC
P001561,2024,SCHOOL_VOC
P001573,2024,LOW_NONE
P001577,2024,HIGHER_ED
P001578,2024,
P001580,2024,HIGHER_ED
P001582,2024,SCHOOL_VOC
P001583,2024,SCHOOL_VOC
P001587,2024,SCHOOL_VOC
P001589,2024,HIGHER_ED
P001596,2024,SCHOOL_VOC
P001597,2024,SCHOOL_VOC
P001600,2024,HIGHER_ED
P001603,2024,SCHOOL_VOC
P001604,2024,SCHOOL_VOC
P001605,2024,SCHOOL_VOC
P001606,2024,HIGHER_ED
P001608,2024,SCHOOL_VOC
P001610,2024,SCHOOL_VOC
P001611,2024,SCHOOL_VOC
P001616,2024,HIGHER_ED
P001617,2024,SCHOOL_VOC
P001619,2024,HIGHER_ED
P001620,2024,HIGHER_ED
P001621,2024,HIGHER_ED
,2024,SCHOOL_VOC
P001625,2024,UNMAPPED_GROUP
P001627,2024,SCHOOL_VOC
P001628,2024,HIGHER_ED
P001630,2024,HIGHER_ED
P001633,2024,SCHOOL_VOC
P001638,2024,LOW_NONE
P001641,2024,SCHOOL_VOC
P001645,2024,SCHOOL_VOC
P001647,2024,HIGHER_ED
P001648,2024,
P001650,2024,SCHOOL_VOC
P001651,2024,SCHOOL_VOC
P001653,2024,HIGHER_ED
P001656,2024,LOW_NONE
P001657,2024,SCHOOL_VOC
P001659,2024,HIGHER_ED
P001661,2024,SCHOOL_VOC
P001662,2024,HIGHER_ED
P001663,2024,HIGHER_ED
P001667,2024,SCHOOL_VOC
P001668,2024,HIGHER_ED
P001669,2024,HIGHER_ED
P001670,2024,HIGHER_ED
P001672,2024,HIGHER_ED
P001677,2024,HIGHER_ED
P001681,2024,SCHOOL_VOC
P001683,2024,HIGHER_ED
P001684,2024,SCHOOL_VOC
P001687,2024,SCHOOL_VOC
P001688,2024,HIGHER_ED
P001690,2024,SCHOOL_VOC
P001691,2024,SCHOOL_VOC
P001695,2024,SCHOOL_VOC
P001696,2024,SCHOOL_VOC
P001701,2024,HIGHER_ED
P001702,2024,SCHOOL_VOC
P001704,2024,SCHOOL_VOC
P001713,2024,SCHOOL_VOC
P001714,2024,HIGHER_ED
P001717,2024,LOW_NONE
P001718,2024,HIGHER_ED
P001722,2024,HIGHER_ED
P001724,2024,HIGHER_ED
P001730,2024,HIGHER_ED
P001731,2024,SCHOOL_VOC
P001739,2024,SCHOOL_VOC
P001742,2024,SCHOOL_VOC
P001744,2024,SCHOOL_VOC
P001748,2024,SCHOOL_VOC
P001751,2024,HIGHER_ED
P001755,2024,SCHOOL_VOC
P001757,2024,SCHOOL_VOC
P001758,2024,HIGHER_ED
P001761,2024,LOW_NONE
P001762,2024,HIGHER_ED
P001763,2024,SCHOOL_VOC
P001768,2024,SCHOOL_VOC
P001774,2024,SCHOOL_VOC
P001775,2024,SCHOOL_VOC
P001777,2024,SCHOOL_VOC
P001779,2024,SCHOOL_VOC
P001782,2024,SCHOOL_VOC
P001783,2024,SCHOOL_VOC
P001787,2024,SCHOOL_VOC
P001791,2024,SCHOOL_VOC
P001792,2024,LOW_NONE
P001793,2024,
P001796,2024,SCHOOL_VOC
P001797,2024,SCHOOL_VOC
P001800,2024,SCHOOL_VOC
P001802,2024,HIGHER_ED
P001807,2024,SCHOOL_VOC
P001810,2024,SCHOOL_VOC
P001816,2024,SCHOOL_VOC
P001817,2024,SCHOOL_VOC
P001818,2024,SCHOOL_VOC
P001823,2024,SCHOOL_VOC
P001826,2024,HIGHER_ED
P001827,2024,LOW_NONE
P001828,2024,SCHOOL_VOC
P001831,2024,SCHOOL_VOC
P001833,2024,HIGHER_ED
P001836,2024,HIGHER_ED
P001839,2024,SCHOOL_VOC
P001840,2024,SCHOOL_VOC
P001842,2024,SCHOOL_VOC
P001846,2024,HIGHER_ED
P001852,2024,SCHOOL_VOC
P001856,2024,LOW_NONE
P001857,2024,HIGHER_ED
P001859,2024,HIGHER_ED
P001861,2024,SCHOOL_VOC
P001863,2024,LOW_NONE
P001864,2024,SCHOOL_VOC
P001865,2024,SCHOOL_VOC
P001866,2024,LOW_NONE
P001870,2024,SCHOOL_VOC
P001871,2024,SCHOOL_VOC
P001873,2024,SCHOOL_VOC
P001876,2024,HIGHER_ED
P001877,2024,SCHOOL_VOC
P001880,2024,SCHOOL_VOC
P001884,2024,SCHOOL_VOC
P001888,2024,SCHOOL_VOC
P001893,2024,SCHOOL_VOC
P001895,2024,HIGHER_ED
P001897,2024,SCHOOL_VOC
P001902,2024,SCHOOL_VOC
P001903,2024,SCHOOL_VOC
P001906,2024,HIGHER_ED
P001907,2024,HIGHER_ED
P001908,2024,SCHOOL_VOC
P001909,2024,SCHOOL_VOC
P001910,2024,
P001917,2024,SCHOOL_VOC
P001923,2024,SCHOOL_VOC
P001924,2024,SCHOOL_VOC
P001928,2024,SCHOOL_VOC
P001933,2024,SCHOOL_VOC
P001937,2024,HIGHER_ED
P001940,2024,LOW_NONE
P001943,2024,SCHOOL_VOC
P001951,2024,SCHOOL_VOC
P001952,2024,SCHOOL_VOC
P001953,2024,SCHOOL_VOC
P001957,2024,SCHOOL_VOC
P001962,2024,LOW_NONE
P001968,2024,SCHOOL_VOC
P001980,2024,HIGHER_ED
P001981,2024,SCHOOL_VOC
P001988,2024,SCHOOL_VOC
P001991,2024,SCHOOL_VOC
P001994,2024,SCHOOL_VOC
P001996,2024,SCHOOL_VOC
P001998,2024,SCHOOL_VOC
P001999,2024,HIGHER_ED
P002000,2024,SCHOOL_VOC
P002006,2024,SCHOOL_VOC
P002009,2024,HIGHER_ED
P002014,2024,SCHOOL_VOC
P002025,2024,HIGHER_ED
P002030,2024,SCHOOL_VOC
P002037,2024,SCHOOL_VOC
P002041,2024,SCHOOL_VOC
P002046,2024,SCHOOL_VOC
P002047,2024,SCHOOL_VOC
P002049,2024,SCHOOL_VOC
P002052,2024,SCHOOL_VOC
P002063,2024,SCHOOL_VOC
P002068,2024,SCHOOL_VOC
P002071,2024,SCHOOL_VOC
P002072,2024,SCHOOL_VOC
P002073,2024,SCHOOL_VOC
P002076,2024,SCHOOL_VOC
P002077,2024,SCHOOL_VOC
P002078,2024,SCHOOL_VOC
P002087,2024,SCHOOL_VOC
P002088,2024,SCHOOL_VOC
P002092,2024,SCHOOL_VOC
P002093,2024,SCHOOL_VOC
P002094,2024,HIGHER_ED
P002097,2024,SCHOOL_VOC
P002099,2024,SCHOOL_VOC
P002104,2024,LOW_NONE
P002105,2024,SCHOOL_VOC
P002108,2024,LOW_NONE
P002109,2024,SCHOOL_VOC
P002112,2024,LOW_NONE
P002116,2024,HIGHER_ED
P002121,2024,SCHOOL_VOC
P002123,2024,HIGHER_ED
P002124,2024,HIGHER_ED
P002125,2024,SCHOOL_VOC
P002128,2024,HIGHER_ED
P002129,2024,SCHOOL_VOC
P002130,2024,HIGHER_ED
P002133,2024,SCHOOL_VOC
P002141,2024,SCHOOL_VOC
P002142,2024,SCHOOL_VOC
P002153,2024,SCHOOL_VOC
P002155,2024,SCHOOL_VOC
P002156,2024,SCHOOL_VOC
P002157,2024,SCHOOL_VOC
P002158,2024,HIGHER_ED
P002159,2024,SCHOOL_VOC
P002160,2024,SCHOOL_VOC
P002161,2024,HIGHER_ED
P002162,2024,HIGHER_ED
P002166,2024,SCHOOL_VOC
P002172,2024,SCHOOL_VOC
P002173,2024,SCHOOL_VOC
P002174,2024,SCHOOL_VOC
P002179,2024,SCHOOL_VOC
P002181,2024,SCHOOL_VOC
P002182,2024,SCHOOL_VOC
P002185,2024,SCHOOL_VOC
P002186,2024,SCHOOL_VOC
P002188,2024,LOW_NONE
P002189,2024,HIGHER_ED
P002192,2024,SCHOOL_VOC
P002193,2024,SCHOOL_VOC
P002194,2024,SCHOOL_VOC
P002197,2024,SCHOOL_VOC
P002198,2024,
P002199,2024,SCHOOL_VOC
P002203,2024,HIGHER_ED
P002205,2024,SCHOOL_VOC
P002206,2024,SCHOOL_VOC
P002209,2024,SCHOOL_VOC
P002210,2024,HIGHER_ED
P002211,2024,HIGHER_ED
P002213,2024,SCHOOL_VOC
P002215,2024,SCHOOL_VOC
P002216,2024,SCHOOL_VOC
P002217,2024,HIGHER_ED
P002219,2024,HIGHER_ED
P002221,2024,SCHOOL_VOC
P002226,2024,SCHOOL_VOC
P002228,2024,SCHOOL_VOC
P002230,2024,SCHOOL_VOC
P002232,2024,SCHOOL_VOC
P002234,2024,SCHOOL_VOC
P002235,2024,SCHOOL_VOC
P002236,2024,SCHOOL_VOC
,2024,HIGHER_ED
P002244,2024,HIGHER_ED
P002245,2024,SCHOOL_VOC
P002248,2024,HIGHER_ED
P002252,2024,SCHOOL_VOC
P002255,2024,HIGHER_ED
P002256,2024,SCHOOL_VOC
P002257,2024,SCHOOL_VOC
P002260,2024,LOW_NONE
P002263,2024,HIGHER_ED
P002264,2024,SCHOOL_VOC
P002266,2024,SCHOOL_VOC
P002267,2024,SCHOOL_VOC
P002268,2024,SCHOOL_VOC
P002273,2024,LOW_NONE
P002274,2024,SCHOOL_VOC
P002276,2024,SCHOOL_VOC
P002277,2024,SCHOOL_VOC
P002278,2024,HIGHER_ED
P002281,2024,SCHOOL_VOC
P002283,2024,SCHOOL_VOC
P002285,2024,SCHOOL_VOC
P002286,2024,SCHOOL_VOC
P002290,2024,SCHOOL_VOC
P002291,2024,HIGHER_ED
P002292,2024,SCHOOL_VOC
P002293,2024,SCHOOL_VOC
P002296,2024,SCHOOL_VOC
P002297,2024,SCHOOL_VOC
P002302,2024,SCHOOL_VOC
P002305,2024,SCHOOL_VOC
P002312,2024,HIGHER_ED
P002313,2024,SCHOOL_VOC
P002319,2024,SCHOOL_VOC
P002323,2024,SCHOOL_VOC
P002326,2024,SCHOOL_VOC
P002328,2024,SCHOOL_VOC
P002330,2024,HIGHER_ED
P002332,2024,SCHOOL_VOC
P002333,2024,SCHOOL_VOC
P002335,2024,SCHOOL_VOC
P002337,2024,HIGHER_ED
P002340,2024,HIGHER_ED
P002341,2024,SCHOOL_VOC
P002347,2024,SCHOOL_VOC
P002354,2024,LOW_NONE
P002355,2024,SCHOOL_VOC
P002357,2024,HIGHER_ED
P002358,2024,SCHOOL_VOC
P002361,2024,SCHOOL_VOC
P002365,2024,SCHOOL_VOC
P002369,2024,HIGHER_ED
P002376,2024,SCHOOL_VOC
P002379,2024,SCHOOL_VOC
P002380,2024,SCHOOL_VOC
P002382,2024,SCHOOL_VOC
P002387,2024,HIGHER_ED
P002390,2024,SCHOOL_VOC
P002391,2024,SCHOOL_VOC
P002392,2024,SCHOOL_VOC
P002393,2024,HIGHER_ED
P002396,2024,LOW_NONE
P002398,2024,HIGHER_ED
P002400,2024,SCHOOL_VOC
P002403,2024,SCHOOL_VOC
P002405,2024,HIGHER_ED
P002409,2024,SCHOOL_VOC
P002410,2024,HIGHER_ED
P002412,2024,SCHOOL_VOC
P002415,2024,HIGHER_ED
P002416,2024,SCHOOL_VOC
P002418,2024,HIGHER_ED
P002424,2024,HIGHER_ED
P002425,2024,SCHOOL_VOC
P002427,2024,SCHOOL_VOC
P002431,2024,HIGHER_ED
P002433,2024,SCHOOL_VOC
P002434,2024,SCHOOL_VOC
P002438,2024,SCHOOL_VOC
P002442,2024,HIGHER_ED
P002444,2024,HIGHER_ED
P002449,2024,HIGHER_ED
P002451,2024,HIGHER_ED
P002455,2024,HIGHER_ED
P002457,2024,SCHOOL_VOC
P002460,2024,HIGHER_ED
P002462,2024,SCHOOL_VOC
P002466,2024,HIGHER_ED
P002469,2024,HIGHER_ED
P002473,2024,HIGHER_ED
P002479,2024,SCHOOL_VOC
P002480,2024,SCHOOL_VOC
P002482,2024,HIGHER_ED
P002489,2024,HIGHER_ED
P002490,2024,SCHOOL_VOC
P002493,2024,HIGHER_ED
P002495,2024,HIGHER_ED
P002496,2024,HIGHER_ED
P002502,2024,SCHOOL_VOC
P002505,2024,SCHOOL_VOC
P002507,2024,SCHOOL_VOC
P002510,2024,HIGHER_ED
P002512,2024,SCHOOL_VOC
P002515,2024,SCHOOL_VOC
P002518,2024,HIGHER_ED
P002520,2024,LOW_NONE
P002525,2024,HIGHER_ED
P002526,2024,SCHOOL_VOC
P002528,2024,SCHOOL_VOC
P002533,2024,SCHOOL_VOC
P002534,2024,HIGHER_ED
P002537,2024,SCHOOL_VOC
P002542,2024,SCHOOL_VOC
P002543,2024,LOW_NONE
P002549,2024,SCHOOL_VOC
P002551,2024,SCHOOL_VOC
P002554,2024,SCHOOL_VOC
P002561,2024,SCHOOL_VOC
P002566,2024,SCHOOL_VOC
P002567,2024,HIGHER_ED
P002568,2024,SCHOOL_VOC
P002572,2024,SCHOOL_VOC
P002573,2024,HIGHER_ED
P002576,2024,SCHOOL_VOC
P002578,2024,SCHOOL_VOC
P002579,2024,SCHOOL_VOC
P002584,2024,SCHOOL_VOC
P002586,2024,LOW_NONE
P002587,2024,SCHOOL_VOC
P002589,2024,SCHOOL_VOC
P002591,2024,HIGHER_ED
P002592,2024,HIGHER_ED
P002596,2024,SCHOOL_VOC
P002604,2024,SCHOOL_VOC
P002605,2024,HIGHER_ED
P002609,2024,HIGHER_ED
P002610,2024,SCHOOL_VOC
P002613,2024,HIGHER_ED
P002614,2024,SCHOOL_VOC
P002616,2024,SCHOOL_VOC
P002619,2024,SCHOOL_VOC
P002620,2024,LOW_NONE
P002624,2024,SCHOOL_VOC
P002625,2024,HIGHER_ED
P002626,2024,SCHOOL_VOC
P002629,2024,SCHOOL_VOC
P002633,2024,LOW_NONE
P002636,2024,SCHOOL_VOC
P002645,2024,SCHOOL_VOC
P002646,2024,SCHOOL_VOC
P002649,2024,HIGHER_ED
P002651,2024,SCHOOL_VOC
P002652,2024,LOW_NONE
P002657,2024,SCHOOL_VOC
P002659,2024,SCHOOL_VOC
P002660,2024,LOW_NONE
P002665,2024,SCHOOL_VOC
P002666,2024,HIGHER_ED
P002668,2024,SCHOOL_VOC
P002669,2024,HIGHER_ED
P002678,2024,SCHOOL_VOC
P002681,2024,SCHOOL_VOC
P002682,2024,HIGHER_ED
P002687,2024,SCHOOL_VOC
P002690,2024,SCHOOL_VOC
P002691,2024,LOW_NONE
P002696,2024,SCHOOL_VOC
P002697,2024,SCHOOL_VOC
P002700,2024,HIGHER_ED
P002701,2024,SCHOOL_VOC
P002703,2024,HIGHER_ED
P002704,2024,SCHOOL_VOC
P002705,2024,SCHOOL_VOC
P002707,2024,SCHOOL_VOC
P002708,2024,SCHOOL_VOC
P002710,2024,SCHOOL_VOC
P002713,2024,SCHOOL_VOC
P002714,2024,SCHOOL_VOC
P002715,2024,SCHOOL_VOC
P002718,2024,SCHOOL_VOC
P002720,2024,SCHOOL_VOC
P002721,2024,SCHOOL_VOC
P002723,2024,LOW_NONE
P002724,2024,SCHOOL_VOC
P002728,2024,SCHOOL_VOC
P002731,2024,HIGHER_ED
P002733,2024,SCHOOL_VOC
P002734,2024,SCHOOL_VOC
P002736,2024,HIGHER_ED
P002737,2024,SCHOOL_VOC
P002738,2024,SCHOOL_VOC
P002742,2024,HIGHER_ED
P002746,2024,HIGHER_ED
P002747,2024,SCHOOL_VOC
P002749,2024,HIGHER_ED
P002750,2024,SCHOOL_VOC
P002752,2024,SCHOOL_VOC
P002753,2024,HIGHER_ED
P002755,2024,SCHOOL_VOC
P002756,2024,SCHOOL_VOC
P002760,2024,HIGHER_ED
P002761,2024,SCHOOL_VOC
P002762,2024,HIGHER_ED
P002764,2024,SCHOOL_VOC
P002765,2024,SCHOOL_VOC
P002766,2024,SCHOOL_VOC
P002767,2024,SCHOOL_VOC
P002768,2024,SCHOOL_VOC
P002777,2024,HIGHER_ED
P002778,2024,SCHOOL_VOC
P002779,2024,HIGHER_ED
P002781,2024,HIGHER_ED
P002782,2024,SCHOOL_VOC
P002784,2024,SCHOOL_VOC
P002790,2024,SCHOOL_VOC
P002792,2024,
P002793,2024,HIGHER_ED
P002797,2024,HIGHER_ED
P002799,2024,SCHOOL_VOC
P002804,2024,HIGHER_ED
P002807,2024,SCHOOL_VOC
P002809,2024,
P002811,2024,HIGHER_ED
P002814,2024,HIGHER_ED
P002819,2024,HIGHER_ED
P002822,2024,LOW_NONE
P002823,2024,SCHOOL_VOC
P002827,2024,SCHOOL_VOC
P002828,2024,SCHOOL_VOC
P002832,2024,HIGHER_ED
P002833,2024,SCHOOL_VOC
P002840,2024,LOW_NONE
P002841,2024,SCHOOL_VOC
P002843,2024,SCHOOL_VOC
P002845,2024,HIGHER_ED
P002850,2024,SCHOOL_VOC
P002852,2024,SCHOOL_VOC
P002859,2024,SCHOOL_VOC
P002860,2024,SCHOOL_VOC
P002861,2024,SCHOOL_VOC
P002862,2024,HIGHER_ED
P002864,2024,HIGHER_ED
P002865,2024,SCHOOL_VOC
P002867,2024,SCHOOL_VOC
P002868,2024,HIGHER_ED
P002869,2024,SCHOOL_VOC
P002872,2024,SCHOOL_VOC
P002873,2024,SCHOOL_VOC
P002874,2024,SCHOOL_VOC
P002875,2024,SCHOOL_VOC
P002876,2024,SCHOOL_VOC
P002877,2024,SCHOOL_VOC
P002878,2024,SCHOOL_VOC
P002879,2024,SCHOOL_VOC
P002882,2024,HIGHER_ED
P002885,2024,SCHOOL_VOC
P002886,2024,HIGHER_ED
P002888,2024,SCHOOL_VOC
P002890,2024,SCHOOL_VOC
P002893,2024,SCHOOL_VOC
P002894,2024,HIGHER_ED
P002898,2024,SCHOOL_VOC
P002899,2024,HIGHER_ED
P002900,2024,HIGHER_ED
P002902,2024,
P002903,2024,SCHOOL_VOC
P002904,2024,SCHOOL_VOC
P002907,2024,HIGHER_ED
P002908,2024,SCHOOL_VOC
P002910,2024,SCHOOL_VOC
P002912,2024,HIGHER_ED
P002915,2024,SCHOOL_VOC
P002923,2024,LOW_NONE
P002925,2024,HIGHER_ED
P002926,2024,LOW_NONE
P002930,2024,HIGHER_ED
P002938,2024,SCHOOL_VOC
P002941,2024,SCHOOL_VOC
P002943,2024,SCHOOL_VOC
P002945,2024,SCHOOL_VOC
P002947,2024,LOW_NONE
P002951,2024,SCHOOL_VOC
P002957,2024,HIGHER_ED
P002959,2024,SCHOOL_VOC
P002962,2024,SCHOOL_VOC
P002965,2024,SCHOOL_VOC
P002968,2024,HIGHER_ED
P002971,2024,HIGHER_ED
P002975,2024,SCHOOL_VOC
P002977,2024,SCHOOL_VOC
P002980,2024,HIGHER_ED
P002981,2024,SCHOOL_VOC
P002983,2024,SCHOOL_VOC
P002986,2024,SCHOOL_VOC
P002991,2024,HIGHER_ED
P002993,2024,SCHOOL_VOC
P002996,2024,SCHOOL_VOC
P003003,2024,SCHOOL_VOC
P003006,2024,SCHOOL_VOC
P003011,2024,SCHOOL_VOC
P003012,2024,SCHOOL_VOC
P003013,2024,SCHOOL_VOC
P003014,2024,SCHOOL_VOC
P003018,2024,SCHOOL_VOC
P003026,2024,SCHOOL_VOC
P003027,2024,HIGHER_ED
P003028,2024,SCHOOL_VOC
P003032,2024,HIGHER_ED
P003036,2024,SCHOOL_VOC
P003039,2024,HIGHER_ED
P003040,2024,SCHOOL_VOC
P003041,2024,SCHOOL_VOC
P003050,2024,HIGHER_ED
P003057,2024,SCHOOL_VOC
P003058,2024,HIGHER_ED
P003059,2024,SCHOOL_VOC
P003067,2024,
P003073,2024,SCHOOL_VOC
P003076,2024,SCHOOL_VOC
P003078,2024,SCHOOL_VOC
P003079,2024,SCHOOL_VOC
P003083,2024,LOW_NONE
P003084,2024,LOW_NONE
P003087,2024,SCHOOL_VOC
P003089,2024,HIGHER_ED
P003091,2024,SCHOOL_VOC
P003095,2024,SCHOOL_VOC
P003098,2024,SCHOOL_VOC
P003099,2024,HIGHER_ED
P003109,2024,SCHOOL_VOC
P003116,2024,SCHOOL_VOC
P003120,2024,HIGHER_ED
P003124,2024,HIGHER_ED
P003127,2024,SCHOOL_VOC
P003128,2024,SCHOOL_VOC
P003131,2024,SCHOOL_VOC
P003132,2024,SCHOOL_VOC
P003136,2024,LOW_NONE
P003137,2024,SCHOOL_VOC
P003138,2024,SCHOOL_VOC
P003141,2024,HIGHER_ED
P003144,2024,SCHOOL_VOC
P003145,2024,SCHOOL_VOC
P003146,2024,HIGHER_ED
P003148,2024,HIGHER_ED
P003149,2024,SCHOOL_VOC
P003150,2024,HIGHER_ED
P003151,2024,SCHOOL_VOC
P003157,2024,SCHOOL_VOC
P003158,2024,SCHOOL_VOC
P003160,2024,SCHOOL_VOC
P003166,2024,HIGHER_ED
P003167,2024,SCHOOL_VOC
P003169,2024,SCHOOL_VOC
P003174,2024,SCHOOL_VOC
P003176,2024,HIGHER_ED
P003177,2024,HIGHER_ED
P003179,2024,SCHOOL_VOC
P003180,2024,HIGHER_ED
P003181,2024,SCHOOL_VOC
P003183,2024,HIGHER_ED
P003184,2024,
P003185,2024,SCHOOL_VOC
P003188,2024,HIGHER_ED
P003189,2024,SCHOOL_VOC
P003191,2024,SCHOOL_VOC
P003195,2024,SCHOOL_VOC
P003197,2024,SCHOOL_VOC
P003198,2024,HIGHER_ED
P003199,2024,HIGHER_ED
P003200,2024,SCHOOL_VOC
P003202,2024,HIGHER_ED
P003208,2024,SCHOOL_VOC
P003209,2024,SCHOOL_VOC
P003210,2024,SCHOOL_VOC
P003215,2024,SCHOOL_VOC
P003222,2024,LOW_NONE
P003223,2024,SCHOOL_VOC
P003229,2024,SCHOOL_VOC
P003233,2024,HIGHER_ED
P003238,2024,HIGHER_ED
P003239,2024,HIGHER_ED
P003240,2024,SCHOOL_VOC
P003241,2024,SCHOOL_VOC
P003247,2024,SCHOOL_VOC
P003251,2024,LOW_NONE
P003252,2024,SCHOOL_VOC
P003254,2024,LOW_NONE
P003255,2024,SCHOOL_VOC
P003256,2024,SCHOOL_VOC
P003257,2024,SCHOOL_VOC
P003258,2024,SCHOOL_VOC
P003259,2024,HIGHER_ED
P003261,2024,HIGHER_ED
P003262,2024,SCHOOL_VOC
P003266,2024,SCHOOL_VOC
P003274,2024,SCHOOL_VOC
P003278,2024,SCHOOL_VOC
P003281,2024,HIGHER_ED
P003286,2024,HIGHER_ED
P003289,2024,LOW_NONE
P003291,2024,SCHOOL_VOC
P003293,2024,SCHOOL_VOC
P003296,2024,LOW_NONE
P003297,2024,SCHOOL_VOC
P003298,2024,SCHOOL_VOC
P003300,2024,SCHOOL_VOC
P003303,2024,SCHOOL_VOC
P003306,2024,HIGHER_ED
P003309,2024,SCHOOL_VOC
P003317,2024,SCHOOL_VOC
P003319,2024,HIGHER_ED
P003320,2024,SCHOOL_VOC
P003322,2024,SCHOOL_VOC
P003324,2024,SCHOOL_VOC
P003328,2024,SCHOOL_VOC
P003330,2024,UNMAPPED_GROUP
P003331,2024,LOW_NONE
P003332,2024,HIGHER_ED
P003333,2024,HIGHER_ED
P003334,2024,SCHOOL_VOC
P003336,2024,SCHOOL_VOC
P003339,2024,SCHOOL_VOC
P003340,2024,
P003341,2024,SCHOOL_VOC
P003342,2024,HIGHER_ED
P003343,2024,SCHOOL_VOC
P003349,2024,SCHOOL_VOC
P003350,2024,HIGHER_ED
P003354,2024,LOW_NONE
P003355,2024,SCHOOL_VOC
P003360,2024,SCHOOL_VOC
P003362,2024,HIGHER_ED
P003367,2024,HIGHER_ED
P003370,2024,SCHOOL_VOC
P003374,2024,HIGHER_ED
P003376,2024,SCHOOL_VOC
P003379,2024,SCHOOL_VOC
P003380,2024,SCHOOL_VOC
P003381,2024,SCHOOL_VOC
P003384,2024,SCHOOL_VOC
P003386,2024,SCHOOL_VOC
P003387,2024,SCHOOL_VOC
P003394,2024,SCHOOL_VOC
P003396,2024,SCHOOL_VOC
P003398,2024,SCHOOL_VOC
P003401,2024,SCHOOL_VOC
P003403,2024,
P003411,2024,HIGHER_ED
P003415,2024,SCHOOL_VOC
P003418,2024,SCHOOL_VOC
P003419,2024,SCHOOL_VOC
P003427,2024,SCHOOL_VOC
P003429,2024,HIGHER_ED
P003432,2024,SCHOOL_VOC
P003433,2024,HIGHER_ED
P003437,2024,SCHOOL_VOC
P003438,2024,SCHOOL_VOC
P003439,2024,
P003440,2024,SCHOOL_VOC
P003441,2024,SCHOOL_VOC
P003444,2024,SCHOOL_VOC
P003447,2024,SCHOOL_VOC
P003449,2024,LOW_NONE
P003453,2024,HIGHER_ED
P003459,2024,SCHOOL_VOC
P003460,2024,SCHOOL_VOC
P003462,2024,SCHOOL_VOC
P003466,2024,HIGHER_ED
P003469,2024,SCHOOL_VOC
P003470,2024,SCHOOL_VOC
P003475,2024,HIGHER_ED
P003476,2024,SCHOOL_VOC
P003482,2024,SCHOOL_VOC
P003485,2024,SCHOOL_VOC
P003487,2024,SCHOOL_VOC
P003488,2024,SCHOOL_VOC
P003492,2024,
P003493,2024,SCHOOL_VOC
P003500,2024,SCHOOL_VOC
P003501,2024,SCHOOL_VOC
P003502,2024,HIGHER_ED
P003503,2024,HIGHER_ED
P003504,2024,SCHOOL_VOC
P003505,2024,HIGHER_ED
P003508,2024,SCHOOL_VOC
P003514,2024,SCHOOL_VOC
P003515,2024,SCHOOL_VOC
P003519,2024,SCHOOL_VOC
P003523,2024,SCHOOL_VOC
P003524,2024,SCHOOL_VOC
P003529,2024,SCHOOL_VOC
P003530,2024,SCHOOL_VOC
P003534,2024,HIGHER_ED
P003536,2024,SCHOOL_VOC
P003538,2024,SCHOOL_VOC
P003540,2024,SCHOOL_VOC
P003542,2024,SCHOOL_VOC
P003544,2024,HIGHER_ED
P003547,2024,HIGHER_ED
P003548,2024,
P003549,2024,SCHOOL_VOC
P003555,2024,SCHOOL_VOC
P003561,2024,SCHOOL_VOC
P003562,2024,HIGHER_ED
P003563,2024,HIGHER_ED
P003566,2024,SCHOOL_VOC
P003568,2024,SCHOOL_VOC
P003571,2024,SCHOOL_VOC
P003573,2024,HIGHER_ED
P003579,2024,SCHOOL_VOC
P003580,2024,SCHOOL_VOC
P003582,2024,SCHOOL_VOC
P003584,2024,HIGHER_ED
P003595,2024,SCHOOL_VOC
P003597,2024,HIGHER_ED
P003600,2024,HIGHER_ED
P003601,2024,SCHOOL_VOC
P003609,2024,SCHOOL_VOC
P003610,2024,SCHOOL_VOC
P003613,2024,HIGHER_ED
P003614,2024,SCHOOL_VOC
P003615,2024,SCHOOL_VOC
P003616,2024,HIGHER_ED
P003617,2024,HIGHER_ED
P003619,2024,HIGHER_ED
P003626,2024,SCHOOL_VOC
P003628,2024,
P003630,2024,
P003631,2024,HIGHER_ED
P003633,2024,SCHOOL_VOC
P003639,2024,HIGHER_ED
P003643,2024,SCHOOL_VOC
P003649,2024,SCHOOL_VOC
P003656,2024,HIGHER_ED
P003657,2024,SCHOOL_VOC
P003658,2024,HIGHER_ED
P003659,2024,HIGHER_ED
P003660,2024,SCHOOL_VOC
P003662,2024,HIGHER_ED
P003665,2024,SCHOOL_VOC
P003670,2024,HIGHER_ED
P003672,2024,LOW_NONE
P003674,2024,HIGHER_ED
P003679,2024,SCHOOL_VOC
P003682,2024,SCHOOL_VOC
P003683,2024,HIGHER_ED
P003687,2024,HIGHER_ED
P003688,2024,SCHOOL_VOC
P003689,2024,SCHOOL_VOC
P003695,2024,SCHOOL_VOC
P003696,2024,SCHOOL_VOC
P003698,2024,SCHOOL_VOC
P003702,2024,SCHOOL_VOC
P003704,2024,SCHOOL_VOC
P003706,2024,
P003707,2024,SCHOOL_VOC
P003708,2024,HIGHER_ED
P003714,2024,SCHOOL_VOC
P003716,2024,HIGHER_ED
P003717,2024,SCHOOL_VOC
P003719,2024,HIGHER_ED
P003721,2024,SCHOOL_VOC
P003725,2024,HIGHER_ED
P003727,2024,SCHOOL_VOC
P003731,2024,SCHOOL_VOC
P003735,2024,SCHOOL_VOC
P003736,2024,SCHOOL_VOC
P003743,2024,SCHOOL_VOC
P003744,2024,HIGHER_ED
P003747,2024,SCHOOL_VOC
P003752,2024,SCHOOL_VOC
P003755,2024,SCHOOL_VOC
P003756,2024,HIGHER_ED
P003763,2024,SCHOOL_VOC
P003766,2024,LOW_NONE
P003767,2024,SCHOOL_VOC
P003768,2024,SCHOOL_VOC
P003770,2024,SCHOOL_VOC
P003775,2024,SCHOOL_VOC
P003777,2024,SCHOOL_VOC
P003782,2024,SCHOOL_VOC
P003783,2024,SCHOOL_VOC
P003784,2024,HIGHER_ED
P003790,2024,HIGHER_ED
P003797,2024,HIGHER_ED
P003799,2024,SCHOOL_VOC
P003802,2024,HIGHER_ED
P003812,2024,SCHOOL_VOC
P003814,2024,HIGHER_ED
P003824,2024,HIGHER_ED
P003825,2024,HIGHER_ED
P003826,2024,HIGHER_ED
P003834,2024,HIGHER_ED
P003837,2024,SCHOOL_VOC
P003838,2024,SCHOOL_VOC
P003839,2024,SCHOOL_VOC
P003841,2024,SCHOOL_VOC
P003843,2024,SCHOOL_VOC
P003847,2024,SCHOOL_VOC
P003848,2024,SCHOOL_VOC
P003849,2024,HIGHER_ED
P003851,2024,HIGHER_ED
P003855,2024,HIGHER_ED
P003857,2024,LOW_NONE
P003863,2024,SCHOOL_VOC
P003866,2024,SCHOOL_VOC
P003868,2024,SCHOOL_VOC
P003872,2024,SCHOOL_VOC
P003873,2024,HIGHER_ED
P003874,2024,HIGHER_ED
P003875,2024,SCHOOL_VOC
P003877,2024,SCHOOL_VOC
P003881,2024,SCHOOL_VOC
P003882,2023,LOW_NONE
P003887,2024,HIGHER_ED
P003891,2024,HIGHER_ED
P003892,2024,HIGHER_ED
P003894,2024,SCHOOL_VOC
P003896,2024,SCHOOL_VOC
P003900,2024,SCHOOL_VOC
P003904,2024,SCHOOL_VOC
P003905,2024,SCHOOL_VOC
P003911,2024,SCHOOL_VOC
P003915,2024,SCHOOL_VOC
P003917,2024,SCHOOL_VOC
P003920,2024,SCHOOL_VOC
P003921,2024,HIGHER_ED
P003924,2024,SCHOOL_VOC
P003932,2024,LOW_NONE
P003934,2024,SCHOOL_VOC
P003939,2024,HIGHER_ED
P003940,2024,SCHOOL_VOC
P003943,2024,SCHOOL_VOC
P003944,2024,SCHOOL_VOC
P003945,2024,SCHOOL_VOC
P003946,2024,LOW_NONE
P003948,2024,SCHOOL_VOC
P003953,2024,SCHOOL_VOC
P003956,2024,SCHOOL_VOC
P003962,2024,SCHOOL_VOC
P003968,2024,UNMAPPED_GROUP
P003971,2024,SCHOOL_VOC
P003972,2024,HIGHER_ED
P003974,2024,HIGHER_ED
P003975,2024,HIGHER_ED
P003980,2024,HIGHER_ED
P003981,2024,SCHOOL_VOC
P003983,2024,SCHOOL_VOC
P003991,2024,SCHOOL_VOC
P003993,2024,SCHOOL_VOC
P003996,2024,SCHOOL_VOC
P003998,2024,HIGHER_ED
P003999,2024,SCHOOL_VOC
P004004,2024,SCHOOL_VOC
P004005,2024,SCHOOL_VOC
P004006,2024,SCHOOL_VOC
P004007,2024,SCHOOL_VOC
P004013,2024,SCHOOL_VOC
P004018,2024,SCHOOL_VOC
P004019,2024,LOW_NONE
P004030,2024,SCHOOL_VOC
P004032,2024,SCHOOL_VOC
P004039,2024,SCHOOL_VOC
P004041,2024,LOW_NONE
,2024,SCHOOL_VOC
P004043,2024,SCHOOL_VOC
P004044,2024,LOW_NONE
P004045,2024,SCHOOL_VOC
P004047,2024,HIGHER_ED
P004048,2024,HIGHER_ED
P004051,2024,HIGHER_ED
P004052,2024,HIGHER_ED
P004053,2024,SCHOOL_VOC
P004057,2024,SCHOOL_VOC
P004058,2024,SCHOOL_VOC
P004067,2024,LOW_NONE
P004068,2024,SCHOOL_VOC
P004071,2024,SCHOOL_VOC
P004073,2024,HIGHER_ED
P004075,2024,SCHOOL_VOC
P004076,2024,HIGHER_ED
P004084,2024,HIGHER_ED
P004085,2024,SCHOOL_VOC
P004086,2024,SCHOOL_VOC
P004088,2024,SCHOOL_VOC
P004094,2024,SCHOOL_VOC
P004096,2024,SCHOOL_VOC
P004098,2024,SCHOOL_VOC
P004099,2024,SCHOOL_VOC
P004100,2024,SCHOOL_VOC
P004107,2024,SCHOOL_VOC
P004113,2024,SCHOOL_VOC
P004114,2024,HIGHER_ED
P004116,2024,LOW_NONE
P004118,2024,
P004121,2024,HIGHER_ED
P004123,2024,SCHOOL_VOC
P004128,2024,SCHOOL_VOC
P004130,2024,HIGHER_ED
P004136,2024,SCHOOL_VOC
P004137,2024,SCHOOL_VOC
P004139,2024,SCHOOL_VOC
P004142,2024,HIGHER_ED
P004143,2024,SCHOOL_VOC
P004148,2024,SCHOOL_VOC
P004149,2024,HIGHER_ED
P004152,2024,HIGHER_ED
P004153,2024,SCHOOL_VOC
P004156,2024,SCHOOL_VOC
P004158,2024,SCHOOL_VOC
P004159,2024,LOW_NONE
P004160,2024,SCHOOL_VOC
P004161,2024,SCHOOL_VOC
P004164,2024,HIGHER_ED
P004165,2024,SCHOOL_VOC
P004170,2024,HIGHER_ED
P004172,2024,SCHOOL_VOC
P004173,2024,SCHOOL_VOC
P004174,2024,SCHOOL_VOC
P004175,2024,SCHOOL_VOC
P004177,2024,SCHOOL_VOC
P004180,2024,HIGHER_ED
P004185,2024,SCHOOL_VOC
P004186,2024,HIGHER_ED
P004188,2024,HIGHER_ED
P004191,2024,SCHOOL_VOC
P004192,2024,LOW_NONE
P004193,2024,HIGHER_ED
P004194,2024,LOW_NONE
P004197,2024,SCHOOL_VOC
P004199,2024,SCHOOL_VOC
P004201,2024,SCHOOL_VOC
P004203,2024,HIGHER_ED
,2024,SCHOOL_VOC
P004213,2024,SCHOOL_VOC
P004218,2024,HIGHER_ED
P004220,2024,HIGHER_ED
P004233,2024,SCHOOL_VOC
P004234,2024,SCHOOL_VOC
P004236,2024,HIGHER_ED
P004244,2024,SCHOOL_VOC
,2024,SCHOOL_VOC
P004249,2024,SCHOOL_VOC
P004250,2024,SCHOOL_VOC
P004251,2024,SCHOOL_VOC
P004255,2024,SCHOOL_VOC
P004258,2024,SCHOOL_VOC
P004260,2024,SCHOOL_VOC
P004264,2024,SCHOOL_VOC
P004265,2024,SCHOOL_VOC
P004268,2024,SCHOOL_VOC
P004269,2024,
P004271,2024,SCHOOL_VOC
P004272,2024,SCHOOL_VOC
P004273,2024,HIGHER_ED
P004275,2024,SCHOOL_VOC
P004281,2024,SCHOOL_VOC
P004285,2024,SCHOOL_VOC
P004288,2024,SCHOOL_VOC
P004293,2024,HIGHER_ED
P004298,2024,HIGHER_ED
P004299,2024,HIGHER_ED
P004301,2024,HIGHER_ED
P004305,2024,SCHOOL_VOC
P004306,2024,SCHOOL_VOC
P004308,2024,SCHOOL_VOC
P004309,2024,SCHOOL_VOC
P004311,2024,HIGHER_ED
P004315,2024,LOW_NONE
P004316,2024,
P004317,2024,HIGHER_ED
P004319,2024,HIGHER_ED
P004320,2024,SCHOOL_VOC
P004325,2024,HIGHER_ED
P004327,2024,SCHOOL_VOC
P004333,2024,SCHOOL_VOC
P004334,2024,SCHOOL_VOC
P004335,2024,HIGHER_ED
P004336,2024,UNMAPPED_GROUP
P004339,2024,HIGHER_ED
P004340,2024,SCHOOL_VOC
P004341,2024,HIGHER_ED
P004345,2024,HIGHER_ED
P004347,2024,HIGHER_ED
P004349,2024,SCHOOL_VOC
P004351,2024,HIGHER_ED
P004353,2024,SCHOOL_VOC
P004354,2024,LOW_NONE
P004356,2024,LOW_NONE
P004361,2024,
P004363,2024,SCHOOL_VOC
P004369,2024,SCHOOL_VOC
P004370,2024,HIGHER_ED
P004372,2024,SCHOOL_VOC
P004378,2024,SCHOOL_VOC
P004384,2024,SCHOOL_VOC
P004385,2024,SCHOOL_VOC
P004387,2024,SCHOOL_VOC
P004388,2024,SCHOOL_VOC
P004389,2024,SCHOOL_VOC
P004390,2024,HIGHER_ED
P004394,2024,SCHOOL_VOC
P004397,2024,LOW_NONE
P004399,2024,HIGHER_ED
P004401,2024,SCHOOL_VOC
P004402,2024,SCHOOL_VOC
P004404,2024,SCHOOL_VOC
P004406,2024,HIGHER_ED
P004410,2024,LOW_NONE
P004411,2024,SCHOOL_VOC
P004414,2024,HIGHER_ED
P004419,2024,HIGHER_ED
P004420,2024,SCHOOL_VOC
P004421,2024,SCHOOL_VOC
P004426,2024,SCHOOL_VOC
P004428,2024,SCHOOL_VOC
P004429,2024,HIGHER_ED
P004430,2024,LOW_NONE
P004431,2024,SCHOOL_VOC
P004432,2024,SCHOOL_VOC
P004434,2024,HIGHER_ED
P004442,2024,SCHOOL_VOC
P004462,2024,SCHOOL_VOC
P004466,2024,HIGHER_ED
P004467,2024,HIGHER_ED
P004468,2024,SCHOOL_VOC
P004471,2024,LOW_NONE
P004472,2024,LOW_NONE
P004473,2024,LOW_NONE
P004476,2024,SCHOOL_VOC
P004479,2024,HIGHER_ED
P004480,2024,SCHOOL_VOC
P004481,2024,SCHOOL_VOC
P004486,2024,SCHOOL_VOC
P004487,2024,SCHOOL_VOC
P004488,2024,HIGHER_ED
P004490,2024,HIGHER_ED
P004492,2024,SCHOOL_VOC
P004496,2024,HIGHER_ED
P004501,2024,LOW_NONE
P004503,2024,SCHOOL_VOC
P004507,2024,HIGHER_ED
P004508,2024,SCHOOL_VOC
P004513,2024,HIGHER_ED
P004516,2024,SCHOOL_VOC
,2024,SCHOOL_VOC
P004521,2024,HIGHER_ED
P004527,2024,SCHOOL_VOC
P004528,2024,SCHOOL_VOC
P004530,2024,SCHOOL_VOC
P004532,2024,SCHOOL_VOC
P004533,2024,LOW_NONE
P004534,2024,LOW_NONE
P004535,2024,SCHOOL_VOC
P004538,2024,SCHOOL_VOC
P004539,2024,HIGHER_ED
P004540,2024,HIGHER_ED
P004544,2024,HIGHER_ED
P004545,2024,SCHOOL_VOC
P004546,2024,HIGHER_ED
P004549,2024,SCHOOL_VOC
P004551,2024,SCHOOL_VOC
P004552,2024,HIGHER_ED
P004553,2024,SCHOOL_VOC
P004554,2024,LOW_NONE
P004557,2024,SCHOOL_VOC
P004558,2024,HIGHER_ED
P004563,2024,HIGHER_ED
P004567,2024,SCHOOL_VOC
P004573,2024,HIGHER_ED
P004575,2024,SCHOOL_VOC
P004582,2024,SCHOOL_VOC
P004583,2024,SCHOOL_VOC
P004584,2024,SCHOOL_VOC
P004585,2024,SCHOOL_VOC
P004589,2024,HIGHER_ED
P004592,2024,SCHOOL_VOC
P004593,2024,SCHOOL_VOC
P004595,2024,SCHOOL_VOC
P004598,2024,SCHOOL_VOC
P004603,2024,SCHOOL_VOC
P004604,2024,HIGHER_ED
P004606,2024,SCHOOL_VOC
P004607,2024,HIGHER_ED
P004608,2024,HIGHER_ED
P004609,2024,LOW_NONE
P004610,2024,SCHOOL_VOC
P004614,2024,SCHOOL_VOC
P004616,2024,SCHOOL_VOC
P004617,2024,SCHOOL_VOC
P004619,2024,SCHOOL_VOC
P004620,2024,SCHOOL_VOC
P004621,2024,HIGHER_ED
P004623,2024,HIGHER_ED
P004625,2024,SCHOOL_VOC
P004628,2024,SCHOOL_VOC
P004629,2024,HIGHER_ED
P004630,2024,SCHOOL_VOC
P004631,2024,HIGHER_ED
P004634,2024,SCHOOL_VOC
P004636,2024,HIGHER_ED
P004640,2024,HIGHER_ED
P004641,2024,SCHOOL_VOC
P004646,2024,SCHOOL_VOC
P004648,2024,SCHOOL_VOC
P004655,2024,HIGHER_ED
P004657,2024,HIGHER_ED
P004659,2024,SCHOOL_VOC
P004662,2024,SCHOOL_VOC
P004665,2024,SCHOOL_VOC
P004667,2024,SCHOOL_VOC
P004670,2024,SCHOOL_VOC
P004675,2024,SCHOOL_VOC
P004676,2024,
P004685,2024,SCHOOL_VOC
P004686,2024,SCHOOL_VOC
P004687,2024,HIGHER_ED
P004689,2024,SCHOOL_VOC
P004693,2024,SCHOOL_VOC
P004694,2024,SCHOOL_VOC
P004695,2024,SCHOOL_VOC
P004696,2024,SCHOOL_VOC
P004699,2024,SCHOOL_VOC
P004702,2024,HIGHER_ED
P004707,2024,SCHOOL_VOC
P004709,2024,SCHOOL_VOC
P004717,2024,SCHOOL_VOC
P004719,2024,SCHOOL_VOC
P004720,2024,SCHOOL_VOC
P004721,2024,SCHOOL_VOC
P004722,2024,SCHOOL_VOC
P004724,2024,HIGHER_ED
P004726,2024,SCHOOL_VOC
P004728,2024,
P004730,2024,HIGHER_ED
P004734,2024,HIGHER_ED
P004735,2024,HIGHER_ED
P004738,2024,SCHOOL_VOC
P004741,2024,SCHOOL_VOC
P004744,2024,SCHOOL_VOC
P004746,2024,SCHOOL_VOC
P004749,2024,HIGHER_ED
P004752,2024,HIGHER_ED
P004754,2024,SCHOOL_VOC
P004756,2024,LOW_NONE
P004762,2024,SCHOOL_VOC
P004765,2024,HIGHER_ED
P004766,2024,SCHOOL_VOC
P004770,2024,SCHOOL_VOC
P004772,2024,HIGHER_ED
,2024,HIGHER_ED
P004777,2024,SCHOOL_VOC
P004778,2024,HIGHER_ED
P004780,2024,SCHOOL_VOC
P004781,2024,HIGHER_ED
P004782,2024,HIGHER_ED
P004783,2024,SCHOOL_VOC
P004784,2024,SCHOOL_VOC
P004786,2024,HIGHER_ED
P004791,2024,SCHOOL_VOC
P004794,2024,SCHOOL_VOC
P004796,2024,HIGHER_ED
P004798,2024,SCHOOL_VOC
P004805,2024,SCHOOL_VOC
P004809,2024,SCHOOL_VOC
P004810,2024,SCHOOL_VOC
P004812,2024,HIGHER_ED
P004813,2024,SCHOOL_VOC
P004817,2024,SCHOOL_VOC
P004818,2024,HIGHER_ED
P004820,2024,SCHOOL_VOC
P004822,2024,SCHOOL_VOC
P004828,2024,HIGHER_ED
P004833,2024,SCHOOL_VOC
P004837,2024,SCHOOL_VOC
P004838,2024,HIGHER_ED
P004839,2024,SCHOOL_VOC
P004840,2024,HIGHER_ED
P004842,2024,SCHOOL_VOC
P004844,2024,HIGHER_ED
P004851,2024,HIGHER_ED
P004855,2024,SCHOOL_VOC
P004856,2024,HIGHER_ED
P004860,2024,LOW_NONE
P004864,2024,HIGHER_ED
P004866,2024,HIGHER_ED
P004867,2024,SCHOOL_VOC
P004868,2024,SCHOOL_VOC
P004870,2024,HIGHER_ED
P004873,2024,SCHOOL_VOC
P004877,2024,SCHOOL_VOC
P004878,2024,LOW_NONE
P004886,2024,SCHOOL_VOC
P004887,2024,HIGHER_ED
P004888,2024,SCHOOL_VOC
P004889,2024,
P004890,2024,HIGHER_ED
P004892,2024,SCHOOL_VOC
P004894,2024,SCHOOL_VOC
P004896,2024,SCHOOL_VOC
P004901,2024,SCHOOL_VOC
P004902,2024,SCHOOL_VOC
P004907,2024,SCHOOL_VOC
P004913,2024,HIGHER_ED
P004915,2024,HIGHER_ED
P004929,2024,SCHOOL_VOC
P004930,2024,HIGHER_ED
P004931,2024,SCHOOL_VOC
P004933,2024,HIGHER_ED
P004935,2024,HIGHER_ED
P004936,2024,SCHOOL_VOC
P004938,2024,SCHOOL_VOC
P004940,2024,SCHOOL_VOC
P004942,2024,SCHOOL_VOC
P004943,2024,SCHOOL_VOC
P004944,2024,SCHOOL_VOC
P004948,2024,SCHOOL_VOC
P004949,2024,SCHOOL_VOC
P004950,2024,HIGHER_ED
P004952,2024,SCHOOL_VOC
P004956,2024,SCHOOL_VOC
P004957,2024,SCHOOL_VOC
P004958,2024,SCHOOL_VOC
P004960,2024,HIGHER_ED
P004962,2024,SCHOOL_VOC
P004967,2024,SCHOOL_VOC
P004971,2024,HIGHER_ED
P004973,2024,SCHOOL_VOC
P004975,2024,SCHOOL_VOC
P004984,2024,HIGHER_ED
P004988,2024,SCHOOL_VOC
P004992,2024,SCHOOL_VOC
P004993,2024,SCHOOL_VOC
P004995,2024,HIGHER_ED
P004996,2024,SCHOOL_VOC
P004997,2024,HIGHER_ED
P004998,2024,SCHOOL_VOC
P005001,2024,SCHOOL_VOC
P005003,2024,HIGHER_ED
P005005,2024,UNMAPPED_GROUP
P005008,2024,SCHOOL_VOC
P005011,2024,SCHOOL_VOC
P005016,2024,LOW_NONE
P005019,2024,SCHOOL_VOC
P005020,2024,LOW_NONE
P005024,2024,SCHOOL_VOC
P005025,2024,SCHOOL_VOC
P005027,2024,SCHOOL_VOC
P005028,2024,
P005032,2024,SCHOOL_VOC
P005036,2024,SCHOOL_VOC
P005038,2024,HIGHER_ED
P005042,2024,LOW_NONE
P005046,2024,
P005047,2024,SCHOOL_VOC
P005055,2024,SCHOOL_VOC
P005061,2024,SCHOOL_VOC
P005063,2024,HIGHER_ED
P005065,2024,HIGHER_ED
P005066,2024,SCHOOL_VOC
P005074,2024,HIGHER_ED
P005075,2024,SCHOOL_VOC
P005076,2024,SCHOOL_VOC
P005078,2024,HIGHER_ED
P005085,2024,HIGHER_ED
P005089,2024,SCHOOL_VOC
P005090,2024,SCHOOL_VOC
P005095,2024,SCHOOL_VOC
P005096,2024,SCHOOL_VOC
P005099,2024,SCHOOL_VOC
P005107,2024,SCHOOL_VOC
P005109,2024,LOW_NONE
P005111,2024,SCHOOL_VOC
P005112,2024,HIGHER_ED
P005121,2024,SCHOOL_VOC
P005122,2024,SCHOOL_VOC
P005124,2024,SCHOOL_VOC
P005127,2024,HIGHER_ED
P005132,2024,SCHOOL_VOC
P005133,2024,SCHOOL_VOC
P005139,2024,SCHOOL_VOC
P005142,2024,SCHOOL_VOC
P005144,2024,SCHOOL_VOC
P005151,2024,HIGHER_ED
P005152,2024,SCHOOL_VOC
P005153,2024,HIGHER_ED
P005156,2024,SCHOOL_VOC
P005157,2024,HIGHER_ED
P005160,2024,SCHOOL_VOC
P005161,2024,SCHOOL_VOC
P005165,2024,SCHOOL_VOC
P005166,2024,HIGHER_ED
P005167,2024,SCHOOL_VOC
P005169,2024,SCHOOL_VOC
P005172,2024,HIGHER_ED
P005178,2024,SCHOOL_VOC
P005180,2024,SCHOOL_VOC
P005184,2024,SCHOOL_VOC
P005185,2024,SCHOOL_VOC
P005186,2024,SCHOOL_VOC
P005189,2024,SCHOOL_VOC
P005195,2024,HIGHER_ED
P005200,2024,SCHOOL_VOC
P005203,2024,SCHOOL_VOC
P005206,2024,HIGHER_ED
P005208,2024,SCHOOL_VOC
P005211,2024,SCHOOL_VOC
P005215,2024,SCHOOL_VOC
P005217,2024,SCHOOL_VOC
P005218,2024,SCHOOL_VOC
P005222,2024,SCHOOL_VOC
P005227,2024,SCHOOL_VOC
P005229,2024,HIGHER_ED
P005231,2024,SCHOOL_VOC
P005238,2024,SCHOOL_VOC
P005239,2024,LOW_NONE
P005242,2024,SCHOOL_VOC
P005244,2024,HIGHER_ED
P005247,2024,SCHOOL_VOC
P005248,2024,SCHOOL_VOC
P005249,2024,SCHOOL_VOC
P005250,2024,SCHOOL_VOC
P005259,2024,SCHOOL_VOC
P005260,2024,LOW_NONE
P005270,2024,SCHOOL_VOC
P005271,2024,HIGHER_ED
P005272,2024,SCHOOL_VOC
P005273,2024,SCHOOL_VOC
P005274,2024,HIGHER_ED
P005278,2024,HIGHER_ED
P005279,2024,HIGHER_ED
P005280,2024,
P005282,2024,SCHOOL_VOC
P005285,2024,SCHOOL_VOC
P005287,2024,UNMAPPED_GROUP
P005299,2024,SCHOOL_VOC
P005306,2024,HIGHER_ED
P005307,2024,SCHOOL_VOC
P005308,2024,SCHOOL_VOC
P005312,2024,HIGHER_ED
P005313,2024,SCHOOL_VOC
P005315,2024,SCHOOL_VOC
P005316,2024,SCHOOL_VOC
P005317,2024,SCHOOL_VOC
P005319,2024,SCHOOL_VOC
P005324,2024,SCHOOL_VOC
P005326,2024,SCHOOL_VOC
P005329,2024,LOW_NONE
P005330,2024,LOW_NONE
P005334,2024,SCHOOL_VOC
P005339,2024,LOW_NONE
P005341,2024,HIGHER_ED
P005346,2024,SCHOOL_VOC
P005348,2024,SCHOOL_VOC
P005349,2024,SCHOOL_VOC
P005350,2024,HIGHER_ED
P005358,2024,HIGHER_ED
P005364,2024,SCHOOL_VOC
P005365,2024,HIGHER_ED
P005366,2024,SCHOOL_VOC
P005370,2024,SCHOOL_VOC
P005372,2024,HIGHER_ED
P005376,2024,HIGHER_ED
P005377,2024,HIGHER_ED
P005378,2024,SCHOOL_VOC
P005380,2024,SCHOOL_VOC
P005384,2024,SCHOOL_VOC
P005387,2024,LOW_NONE
P005390,2024,SCHOOL_VOC
P005391,2024,SCHOOL_VOC
P005392,2024,HIGHER_ED
P005395,2024,SCHOOL_VOC
P005400,2024,HIGHER_ED
P005404,2024,SCHOOL_VOC
P005405,2024,SCHOOL_VOC
P005406,2024,SCHOOL_VOC
P005408,2024,SCHOOL_VOC
P005409,2024,SCHOOL_VOC
P005410,2024,SCHOOL_VOC
P005414,2024,SCHOOL_VOC
P005415,2024,HIGHER_ED
P005422,2024,SCHOOL_VOC
P005423,2024,SCHOOL_VOC
P005425,2024,SCHOOL_VOC
P005427,2024,HIGHER_ED
P005430,2024,SCHOOL_VOC
P005432,2024,SCHOOL_VOC
P005435,2024,SCHOOL_VOC
P005440,2024,SCHOOL_VOC
P005441,2024,SCHOOL_VOC
P005443,2024,HIGHER_ED
P005445,2024,SCHOOL_VOC
P005448,2024,SCHOOL_VOC
P005449,2024,SCHOOL_VOC
P005455,2024,SCHOOL_VOC
P005457,2024,LOW_NONE
P005459,2024,SCHOOL_VOC
P005461,2024,HIGHER_ED
P005463,2024,LOW_NONE
P005465,2024,HIGHER_ED
P005467,2024,LOW_NONE
P005468,2024,SCHOOL_VOC
P005473,2024,HIGHER_ED
P005476,2024,SCHOOL_VOC
P005477,2024,LOW_NONE
P005479,2024,HIGHER_ED
P005480,2024,SCHOOL_VOC
P005483,2024,SCHOOL_VOC
P005484,2024,HIGHER_ED
P005488,2024,LOW_NONE
P005489,2024,SCHOOL_VOC
P005490,2024,SCHOOL_VOC
P005493,2024,LOW_NONE
P005494,2024,SCHOOL_VOC
P005495,2024,SCHOOL_VOC
P005497,2024,HIGHER_ED
P005500,2024,
P005504,2024,SCHOOL_VOC
P005505,2024,SCHOOL_VOC
P005506,2024,LOW_NONE
P005510,2024,HIGHER_ED
P005511,2024,LOW_NONE
P005515,2024,SCHOOL_VOC
P005516,2024,HIGHER_ED
P005518,2024,SCHOOL_VOC
P005522,2024,SCHOOL_VOC
P005530,2024,SCHOOL_VOC
P005531,2024,LOW_NONE
P005533,2024,HIGHER_ED
P005535,2024,SCHOOL_VOC
P005537,2024,LOW_NONE
P005539,2024,SCHOOL_VOC
P005543,2024,SCHOOL_VOC
P005545,2024,SCHOOL_VOC
P005548,2024,SCHOOL_VOC
P005554,2024,SCHOOL_VOC
P005558,2024,SCHOOL_VOC
P005559,2024,UNMAPPED_GROUP
P005564,2024,SCHOOL_VOC
P005566,2024,LOW_NONE
P005567,2024,SCHOOL_VOC
P005568,2024,SCHOOL_VOC
P005574,2024,HIGHER_ED
P005576,2024,SCHOOL_VOC
P005579,2024,SCHOOL_VOC
P005581,2024,HIGHER_ED
P005582,2024,HIGHER_ED
P005589,2024,SCHOOL_VOC
P005592,2024,SCHOOL_VOC
P005593,2024,HIGHER_ED
P005595,2024,HIGHER_ED
P005599,2024,SCHOOL_VOC
P005600,2024,SCHOOL_VOC
P005602,2024,SCHOOL_VOC
P005605,2024,HIGHER_ED
P005606,2024,HIGHER_ED
P005608,2024,SCHOOL_VOC
P005609,2024,
P005611,2024,SCHOOL_VOC
P005614,2024,SCHOOL_VOC
P005615,2024,SCHOOL_VOC
P005616,2024,SCHOOL_VOC
P005622,2024,SCHOOL_VOC
P005627,2024,SCHOOL_VOC
P005630,2024,SCHOOL_VOC
P005631,2024,HIGHER_ED
P005632,2024,SCHOOL_VOC
P005634,2024,SCHOOL_VOC
P005639,2024,SCHOOL_VOC
P005644,2024,SCHOOL_VOC
P005645,2024,SCHOOL_VOC
P005649,2024,SCHOOL_VOC
P005651,2024,SCHOOL_VOC
P005656,2024,HIGHER_ED
P005662,2024,LOW_NONE
P005664,2024,LOW_NONE
P005665,2024,SCHOOL_VOC
P005670,2024,HIGHER_ED
P005673,2024,SCHOOL_VOC
P005676,2024,SCHOOL_VOC
P005679,2024,SCHOOL_VOC
P005683,2024,SCHOOL_VOC
P005687,2024,HIGHER_ED
P005693,2024,HIGHER_ED
P005695,2024,SCHOOL_VOC
P005696,2024,SCHOOL_VOC
P005697,2024,SCHOOL_VOC
P005702,2024,HIGHER_ED
P005704,2024,LOW_NONE
P005705,2024,HIGHER_ED
P005706,2024,HIGHER_ED
P005707,2024,SCHOOL_VOC
P005708,2024,HIGHER_ED
P005711,2024,SCHOOL_VOC
P005712,2024,SCHOOL_VOC
P005717,2024,SCHOOL_VOC
P005719,2024,SCHOOL_VOC
P005720,2024,HIGHER_ED
P005721,2024,HIGHER_ED
P005723,2024,SCHOOL_VOC
P005730,2024,HIGHER_ED
P005731,2024,HIGHER_ED
P005732,2024,SCHOOL_VOC
P005733,2024,HIGHER_ED
P005734,2024,SCHOOL_VOC
P005740,2024,SCHOOL_VOC
P005744,2024,SCHOOL_VOC
P005749,2024,HIGHER_ED
P005750,2024,LOW_NONE
P005751,2024,LOW_NONE
P005755,2024,SCHOOL_VOC
P005756,2024,SCHOOL_VOC
P005758,2024,SCHOOL_VOC
P005764,2024,SCHOOL_VOC
P005767,2024,HIGHER_ED
P005769,2024,SCHOOL_VOC
P005770,2024,HIGHER_ED
P005771,2024,SCHOOL_VOC
P005772,2024,LOW_NONE
P005775,2024,SCHOOL_VOC
P005781,2024,HIGHER_ED
P005782,2024,HIGHER_ED
P005784,2024,SCHOOL_VOC
P005787,2024,LOW_NONE
P005788,2024,SCHOOL_VOC
P005790,2024,SCHOOL_VOC
P005791,2024,SCHOOL_VOC
P005792,2024,HIGHER_ED
P005797,2024,SCHOOL_VOC
P005800,2024,SCHOOL_VOC
P005801,2024,SCHOOL_VOC
P005803,2024,HIGHER_ED
P005808,2024,SCHOOL_VOC
P005812,2024,HIGHER_ED
P005813,2024,SCHOOL_VOC
P005816,2024,SCHOOL_VOC
P005818,2024,SCHOOL_VOC
P005819,2024,HIGHER_ED
P005823,2024,SCHOOL_VOC
P005825,2024,SCHOOL_VOC
P005827,2024,
P005835,2024,SCHOOL_VOC
P005836,2024,SCHOOL_VOC
P005837,2024,LOW_NONE
P005840,2024,SCHOOL_VOC
P005844,2024,SCHOOL_VOC
P005845,2024,SCHOOL_VOC
P005848,2024,SCHOOL_VOC
P005850,2024,SCHOOL_VOC
P005851,2024,SCHOOL_VOC
P005853,2024,HIGHER_ED
P005854,2024,SCHOOL_VOC
P005859,2024,SCHOOL_VOC
P005870,2024,SCHOOL_VOC
P005873,2024,SCHOOL_VOC
P005881,2024,HIGHER_ED
P005884,2024,SCHOOL_VOC
P005885,2024,HIGHER_ED
P005886,2024,SCHOOL_VOC
P005892,2024,HIGHER_ED
P005893,2024,SCHOOL_VOC
P005897,2024,SCHOOL_VOC
P005898,2024,LOW_NONE
P005899,2024,SCHOOL_VOC
P005900,2024,HIGHER_ED
P005905,2024,SCHOOL_VOC
P005910,2024,SCHOOL_VOC
P005915,2024,SCHOOL_VOC
P005918,2024,HIGHER_ED
P005919,2024,SCHOOL_VOC
P005922,2024,SCHOOL_VOC
P005923,2024,HIGHER_ED
P005925,2024,SCHOOL_VOC
P005928,2024,SCHOOL_VOC
P005929,2024,HIGHER_ED
P005933,2024,SCHOOL_VOC
P005937,2024,SCHOOL_VOC
P005939,2024,SCHOOL_VOC
P005940,2024,SCHOOL_VOC
P005946,2024,SCHOOL_VOC
P005948,2024,HIGHER_ED
P005951,2024,SCHOOL_VOC
P005954,2024,SCHOOL_VOC
P005958,2024,HIGHER_ED
P005962,2024,SCHOOL_VOC
P005964,2024,SCHOOL_VOC
P005968,2024,HIGHER_ED
P005969,2024,HIGHER_ED
P005973,2024,SCHOOL_VOC
P005974,2024,SCHOOL_VOC
P005979,2024,HIGHER_ED
P005980,2024,SCHOOL_VOC
P005981,2024,HIGHER_ED
P005988,2024,SCHOOL_VOC
P005989,2024,SCHOOL_VOC
P005991,2024,SCHOOL_VOC
P005994,2024,HIGHER_ED
P005996,2024,SCHOOL_VOC
P005998,2024,SCHOOL_VOC
P006010,2024,SCHOOL_VOC
P006022,2024,HIGHER_ED
P006028,2024,SCHOOL_VOC
P006029,2024,HIGHER_ED
P006032,2024,SCHOOL_VOC
P006034,2024,SCHOOL_VOC
P006043,2024,HIGHER_ED
P006044,2024,LOW_NONE
P006046,2024,HIGHER_ED
P006051,2024,HIGHER_ED
P006055,2024,LOW_NONE
P006056,2024,LOW_NONE
P006057,2024,SCHOOL_VOC
P006061,2024,SCHOOL_VOC
P006063,2024,SCHOOL_VOC
P006072,2024,SCHOOL_VOC
P006079,2024,SCHOOL_VOC
P006080,2024,SCHOOL_VOC
P006081,2024,SCHOOL_VOC
P006082,2024,LOW_NONE
P006083,2024,HIGHER_ED
P006085,2024,SCHOOL_VOC
P006095,2024,SCHOOL_VOC
P006096,2024,SCHOOL_VOC
P006098,2024,SCHOOL_VOC
P006101,2024,SCHOOL_VOC
P006102,2024,LOW_NONE
P006105,2024,SCHOOL_VOC
P006106,2024,SCHOOL_VOC
P006107,2024,SCHOOL_VOC
P006113,2024,SCHOOL_VOC
P006115,2024,LOW_NONE
P006118,2024,SCHOOL_VOC
P006126,2024,HIGHER_ED
P006127,2024,SCHOOL_VOC
P006128,2024,SCHOOL_VOC
P006129,2024,SCHOOL_VOC
P006130,2024,SCHOOL_VOC
P006136,2024,SCHOOL_VOC
P006138,2024,LOW_NONE
P006145,2024,LOW_NONE
P006147,2024,SCHOOL_VOC
P006149,2024,SCHOOL_VOC
P006151,2024,SCHOOL_VOC
P006157,2024,HIGHER_ED
P006158,2024,SCHOOL_VOC
P006159,2024,SCHOOL_VOC
P006162,2024,SCHOOL_VOC
P006166,2024,SCHOOL_VOC
P006169,2024,SCHOOL_VOC
P006172,2024,SCHOOL_VOC
P006174,2024,SCHOOL_VOC
P006177,2024,SCHOOL_VOC
P006179,2024,SCHOOL_VOC
P006183,2024,SCHOOL_VOC
P006184,2024,LOW_NONE
P006187,2024,SCHOOL_VOC
P006196,2024,HIGHER_ED
P006197,2024,SCHOOL_VOC
P006198,2024,HIGHER_ED
P006201,2024,HIGHER_ED
P006202,2024,SCHOOL_VOC
P006205,2024,SCHOOL_VOC
P006212,2024,SCHOOL_VOC
P006213,2024,HIGHER_ED
P006214,2024,HIGHER_ED
P006215,2024,HIGHER_ED
P006216,2024,HIGHER_ED
P006217,2024,HIGHER_ED
P006219,2024,SCHOOL_VOC
P006222,2024,SCHOOL_VOC
P006226,2024,SCHOOL_VOC
P006228,2024,SCHOOL_VOC
P006232,2024,HIGHER_ED
P006237,2024,LOW_NONE
P006238,2024,SCHOOL_VOC
P006240,2024,SCHOOL_VOC
P006241,2024,SCHOOL_VOC
P006244,2024,SCHOOL_VOC
P006245,2024,HIGHER_ED
P006249,2024,SCHOOL_VOC
P006250,2024,SCHOOL_VOC
P006257,2024,SCHOOL_VOC
P006258,2024,HIGHER_ED
P006261,2024,HIGHER_ED
P006262,2024,UNMAPPED_GROUP
P006265,2024,HIGHER_ED
P006269,2024,SCHOOL_VOC
P006272,2024,HIGHER_ED
P006273,2024,SCHOOL_VOC
P006274,2024,SCHOOL_VOC
P006275,2024,SCHOOL_VOC
P006279,2024,HIGHER_ED
P006283,2024,SCHOOL_VOC
P006285,2024,SCHOOL_VOC
P006286,2024,SCHOOL_VOC
P006288,2024,SCHOOL_VOC
P006291,2024,HIGHER_ED
P006294,2024,SCHOOL_VOC
P006303,2024,SCHOOL_VOC
P006306,2024,SCHOOL_VOC
P006309,2024,SCHOOL_VOC
P006310,2024,SCHOOL_VOC
P006311,2024,SCHOOL_VOC
P006314,2024,HIGHER_ED
P006317,2024,HIGHER_ED
P006318,2024,SCHOOL_VOC
P006319,2024,SCHOOL_VOC
P006322,2024,SCHOOL_VOC
P006331,2024,SCHOOL_VOC
P006336,2024,SCHOOL_VOC
P006337,2024,SCHOOL_VOC
P006339,2024,SCHOOL_VOC
P006341,2024,SCHOOL_VOC
P006342,2024,SCHOOL_VOC
P006349,2024,LOW_NONE
P006350,2024,SCHOOL_VOC
P006354,2024,HIGHER_ED
P006355,2024,SCHOOL_VOC
P006356,2024,HIGHER_ED
P006359,2024,LOW_NONE
P006361,2024,HIGHER_ED
P006362,2024,SCHOOL_VOC
P006364,2024,HIGHER_ED
P006366,2024,SCHOOL_VOC
P006370,2024,LOW_NONE
P006371,2024,SCHOOL_VOC
P006373,2024,HIGHER_ED
P006378,2024,SCHOOL_VOC
P006379,2024,SCHOOL_VOC
P006380,2024,SCHOOL_VOC
P006381,2024,SCHOOL_VOC
P006386,2024,HIGHER_ED
P006387,2024,SCHOOL_VOC
P006390,2024,SCHOOL_VOC
P006396,2024,SCHOOL_VOC
P006397,2024,SCHOOL_VOC
P006401,2024,SCHOOL_VOC
P006407,2024,SCHOOL_VOC
P006408,2024,HIGHER_ED
P006410,2024,HIGHER_ED
P006411,2024,SCHOOL_VOC
P006413,2024,HIGHER_ED
P006414,2024,SCHOOL_VOC
P006416,2024,SCHOOL_VOC
P006419,2024,SCHOOL_VOC
P006420,2024,SCHOOL_VOC
P006421,2024,SCHOOL_VOC
P006422,2024,HIGHER_ED
P006424,2024,SCHOOL_VOC
P006425,2024,HIGHER_ED
P006428,2024,SCHOOL_VOC
P006430,2024,HIGHER_ED
P006434,2024,HIGHER_ED
P006437,2024,SCHOOL_VOC
P006438,2024,SCHOOL_VOC
P006439,2024,LOW_NONE
P006440,2024,SCHOOL_VOC
P006446,2024,SCHOOL_VOC
P006447,2024,HIGHER_ED
P006449,2024,SCHOOL_VOC
P006452,2024,LOW_NONE
P006456,2024,SCHOOL_VOC
P006458,2024,HIGHER_ED
P006459,2024,SCHOOL_VOC
P006461,2023,SCHOOL_VOC
P006462,2024,HIGHER_ED
P006464,2024,HIGHER_ED
P006465,2024,SCHOOL_VOC
P006466,2024,SCHOOL_VOC
P006467,2024,HIGHER_ED
P006472,2024,LOW_NONE
P006475,2024,SCHOOL_VOC
P006484,2024,SCHOOL_VOC
P006485,2024,HIGHER_ED
P006489,2024,SCHOOL_VOC
P006490,2024,SCHOOL_VOC
P006499,2024,SCHOOL_VOC
P006501,2024,HIGHER_ED
P006502,2024,HIGHER_ED
P006507,2024,SCHOOL_VOC
P006509,2024,UNMAPPED_GROUP
P006515,2024,HIGHER_ED
P006516,2024,SCHOOL_VOC
P006520,2024,SCHOOL_VOC
P006521,2024,SCHOOL_VOC
P006523,2024,HIGHER_ED
P006524,2024,HIGHER_ED
P006532,2024,SCHOOL_VOC
P006534,2024,HIGHER_ED
P006536,2024,SCHOOL_VOC
P006537,2024,SCHOOL_VOC
P006539,2024,SCHOOL_VOC
P006547,2024,SCHOOL_VOC
P006549,2024,SCHOOL_VOC
P006552,2024,HIGHER_ED
P006553,2024,SCHOOL_VOC
P006555,2024,HIGHER_ED
P006557,2024,SCHOOL_VOC
P006558,2024,SCHOOL_VOC
P006559,2024,HIGHER_ED
P006561,2024,SCHOOL_VOC
P006566,2024,LOW_NONE
P006571,2024,HIGHER_ED
P006572,2024,SCHOOL_VOC
P006577,2024,HIGHER_ED
P006578,2024,SCHOOL_VOC
P006579,2024,HIGHER_ED
P006583,2024,SCHOOL_VOC
P006588,2024,SCHOOL_VOC
P006589,2024,SCHOOL_VOC
P006590,2024,SCHOOL_VOC
P006592,2024,HIGHER_ED
P006594,2024,SCHOOL_VOC
P006597,2024,HIGHER_ED
P006599,2024,SCHOOL_VOC
P006602,2024,SCHOOL_VOC
P006604,2024,HIGHER_ED
P006607,2024,SCHOOL_VOC
P006608,2024,SCHOOL_VOC
P006609,2024,HIGHER_ED
P006610,2024,HIGHER_ED
P006611,2024,SCHOOL_VOC
P006615,2024,SCHOOL_VOC
P006617,2024,HIGHER_ED
P006618,2024,SCHOOL_VOC
P006621,2024,SCHOOL_VOC
P006624,2024,HIGHER_ED
P006625,2024,SCHOOL_VOC
P006627,2024,HIGHER_ED
P006630,2024,HIGHER_ED
P006631,2024,SCHOOL_VOC
P006640,2024,SCHOOL_VOC
P006644,2024,SCHOOL_VOC
P006651,2024,SCHOOL_VOC
P006656,2024,SCHOOL_VOC
P006659,2024,HIGHER_ED
P006661,2024,SCHOOL_VOC
P006664,2024,SCHOOL_VOC
P006665,2024,SCHOOL_VOC
P006669,2024,SCHOOL_VOC
P006670,2024,SCHOOL_VOC
P006672,2024,SCHOOL_VOC
P006675,2024,SCHOOL_VOC
P006677,2024,HIGHER_ED
P006682,2024,SCHOOL_VOC
P006687,2024,
P006689,2024,
,2024,SCHOOL_VOC
P006694,2024,LOW_NONE
P006700,2024,
P006712,2024,SCHOOL_VOC
P006720,2024,HIGHER_ED
P006723,2024,HIGHER_ED
P006725,2024,SCHOOL_VOC
P006726,2024,SCHOOL_VOC
P006733,2024,SCHOOL_VOC
P006735,2024,SCHOOL_VOC
P006736,2024,HIGHER_ED
P006744,2024,SCHOOL_VOC
P006745,2024,SCHOOL_VOC
P006748,2024,HIGHER_ED
P006749,2024,SCHOOL_VOC
P006751,2024,HIGHER_ED
P006753,2024,HIGHER_ED
P006755,2024,SCHOOL_VOC
P006757,2024,HIGHER_ED
P006762,2024,HIGHER_ED
P006767,2024,SCHOOL_VOC
P006768,2024,SCHOOL_VOC
P006770,2024,SCHOOL_VOC
P006772,2024,SCHOOL_VOC
P006773,2024,SCHOOL_VOC
P006774,2024,SCHOOL_VOC
P006775,2024,HIGHER_ED
P006776,2024,SCHOOL_VOC
P006778,2024,SCHOOL_VOC
P006779,2024,SCHOOL_VOC
P006787,2024,SCHOOL_VOC
P006789,2024,HIGHER_ED
P006792,2024,HIGHER_ED
P006808,2024,LOW_NONE
P006817,2024,HIGHER_ED
P006818,2024,LOW_NONE
P006819,2024,HIGHER_ED
P006821,2024,HIGHER_ED
P006824,2024,SCHOOL_VOC
P006828,2024,SCHOOL_VOC
P006832,2024,SCHOOL_VOC
P006840,2024,SCHOOL_VOC
P006841,2024,HIGHER_ED
P006845,2024,HIGHER_ED
P006846,2024,SCHOOL_VOC
P006848,2024,SCHOOL_VOC
P006849,2024,HIGHER_ED
P006853,2024,SCHOOL_VOC
P006866,2024,SCHOOL_VOC
P006870,2024,SCHOOL_VOC
P006871,2024,SCHOOL_VOC
P006875,2024,SCHOOL_VOC
P006879,2024,LOW_NONE
P006880,2024,SCHOOL_VOC
P006883,2024,SCHOOL_VOC
P006885,2024,SCHOOL_VOC
P006888,2024,HIGHER_ED
P006889,2024,SCHOOL_VOC
P006894,2024,HIGHER_ED
P006895,2024,SCHOOL_VOC
P006896,2024,HIGHER_ED
P006897,2024,SCHOOL_VOC
P006903,2024,SCHOOL_VOC
P006907,2024,SCHOOL_VOC
P006911,2024,SCHOOL_VOC
P006912,2024,SCHOOL_VOC
P006914,2024,SCHOOL_VOC
P006915,2024,SCHOOL_VOC
P006920,2024,HIGHER_ED
P006925,2024,SCHOOL_VOC
P006927,2024,SCHOOL_VOC
P006930,2024,LOW_NONE
P006931,2024,SCHOOL_VOC
P006933,2024,HIGHER_ED
P006938,2024,SCHOOL_VOC
P006945,2024,SCHOOL_VOC
P006947,2024,HIGHER_ED
P006950,2024,SCHOOL_VOC
P006953,2024,SCHOOL_VOC
P006958,2024,LOW_NONE
P006963,2024,SCHOOL_VOC
P006964,2024,HIGHER_ED
P006966,2024,SCHOOL_VOC
P006967,2024,SCHOOL_VOC
P006971,2024,SCHOOL_VOC
P006974,2024,HIGHER_ED
P006978,2024,SCHOOL_VOC
P006979,2024,HIGHER_ED
P006980,2024,HIGHER_ED
P006981,2024,SCHOOL_VOC
P006984,2024,HIGHER_ED
P006986,2024,HIGHER_ED
P006987,2024,SCHOOL_VOC
P006988,2024,HIGHER_ED
P006990,2024,SCHOOL_VOC
P006991,2024,LOW_NONE
P006993,2024,LOW_NONE
P006995,2024,SCHOOL_VOC
P006997,2024,SCHOOL_VOC
P006999,2024,SCHOOL_VOC
P007002,2024,UNMAPPED_GROUP
P007003,2024,SCHOOL_VOC
P007004,2024,SCHOOL_VOC
P007005,2024,LOW_NONE
P007006,2024,SCHOOL_VOC
P007008,2024,SCHOOL_VOC
P007009,2024,SCHOOL_VOC
P007011,2024,SCHOOL_VOC
P007016,2024,SCHOOL_VOC
P007017,2024,SCHOOL_VOC
P007023,2024,SCHOOL_VOC
P007024,2024,LOW_NONE
P007027,2024,SCHOOL_VOC
P007032,2024,SCHOOL_VOC
P007033,2024,SCHOOL_VOC
P007034,2024,HIGHER_ED
P007038,2024,HIGHER_ED
P007039,2024,HIGHER_ED
P007040,2024,SCHOOL_VOC
P007041,2024,SCHOOL_VOC
P007044,2024,SCHOOL_VOC
P007045,2024,HIGHER_ED
P007046,2024,SCHOOL_VOC
P007052,2024,SCHOOL_VOC
P007054,2024,SCHOOL_VOC
P007057,2024,SCHOOL_VOC
P007060,2024,HIGHER_ED
P007061,2024,SCHOOL_VOC
P007062,2024,SCHOOL_VOC
P007063,2024,HIGHER_ED
P007064,2024,HIGHER_ED
P007065,2024,SCHOOL_VOC
P007071,2024,SCHOOL_VOC
P007074,2024,HIGHER_ED
P007075,2024,SCHOOL_VOC
P007076,2024,HIGHER_ED
P007082,2024,SCHOOL_VOC
P007083,2024,HIGHER_ED
P007085,2024,SCHOOL_VOC
P007086,2024,SCHOOL_VOC
P007087,2024,HIGHER_ED
P007089,2024,HIGHER_ED
P007090,2024,SCHOOL_VOC
P007094,2024,SCHOOL_VOC
P007096,2024,SCHOOL_VOC
P007098,2024,HIGHER_ED
P007100,2024,
P007101,2024,SCHOOL_VOC
P007103,2024,SCHOOL_VOC
P007107,2024,HIGHER_ED
P007115,2024,HIGHER_ED
P007116,2024,HIGHER_ED
P007117,2024,SCHOOL_VOC
P007118,2024,SCHOOL_VOC
P007119,2024,SCHOOL_VOC
P007120,2024,SCHOOL_VOC
P007123,2024,SCHOOL_VOC
P007127,2024,HIGHER_ED
P007130,2024,SCHOOL_VOC
P007132,2024,SCHOOL_VOC
P007136,2024,HIGHER_ED
P007139,2024,SCHOOL_VOC
P007141,2024,HIGHER_ED
P007147,2024,HIGHER_ED
P007148,2024,LOW_NONE
P007149,2024,SCHOOL_VOC
P007150,2024,SCHOOL_VOC
P007155,2024,SCHOOL_VOC
P007156,2024,SCHOOL_VOC
P007157,2024,SCHOOL_VOC
P007165,2024,SCHOOL_VOC
P007167,2024,SCHOOL_VOC
P007172,2024,LOW_NONE
P007174,2024,SCHOOL_VOC
P007175,2024,SCHOOL_VOC
P007184,2024,SCHOOL_VOC
P007185,2024,HIGHER_ED
P007190,2024,SCHOOL_VOC
P007198,2024,LOW_NONE
P007200,2024,SCHOOL_VOC
P007204,2024,SCHOOL_VOC
P007209,2024,LOW_NONE
P007215,2024,SCHOOL_VOC
P007217,2024,HIGHER_ED
P007219,2024,HIGHER_ED
P007220,2024,SCHOOL_VOC
P007221,2024,LOW_NONE
P007226,2024,SCHOOL_VOC
P007227,2024,SCHOOL_VOC
P007231,2024,SCHOOL_VOC
P007232,2024,SCHOOL_VOC
P007234,2024,SCHOOL_VOC
P007235,2024,SCHOOL_VOC
P007238,2024,SCHOOL_VOC
P007240,2024,HIGHER_ED
P007244,2024,HIGHER_ED
P007245,2024,SCHOOL_VOC
P007251,2024,HIGHER_ED
P007253,2024,HIGHER_ED
P007255,2024,HIGHER_ED
P007256,2024,SCHOOL_VOC
P007257,2024,HIGHER_ED
P007265,2024,SCHOOL_VOC
P007268,2024,SCHOOL_VOC
P007269,2024,HIGHER_ED
P007273,2024,HIGHER_ED
P007275,2024,SCHOOL_VOC
P007276,2024,SCHOOL_VOC
P007279,2024,SCHOOL_VOC
P007281,2024,HIGHER_ED
P007285,2024,SCHOOL_VOC
P007288,2024,SCHOOL_VOC
P007291,2024,SCHOOL_VOC
P007292,2024,SCHOOL_VOC
P007293,2024,LOW_NONE
P007295,2024,SCHOOL_VOC
P007297,2024,HIGHER_ED
P007298,2024,SCHOOL_VOC
P007302,2024,LOW_NONE
P007303,2024,SCHOOL_VOC
P007305,2024,SCHOOL_VOC
P007307,2024,LOW_NONE
P007309,2024,LOW_NONE
P007310,2024,SCHOOL_VOC
P007312,2024,SCHOOL_VOC
P007313,2024,HIGHER_ED
P007316,2024,HIGHER_ED
P007318,2024,SCHOOL_VOC
P007320,2024,HIGHER_ED
P007322,2024,HIGHER_ED
P007325,2024,HIGHER_ED
P007327,2024,LOW_NONE
P007336,2024,SCHOOL_VOC
P007344,2024,SCHOOL_VOC
P007347,2024,SCHOOL_VOC
P007348,2024,HIGHER_ED
P007354,2024,SCHOOL_VOC
P007363,2024,SCHOOL_VOC
P007368,2024,SCHOOL_VOC
P007370,2024,SCHOOL_VOC
P007374,2024,SCHOOL_VOC
P007377,2024,HIGHER_ED
P007378,2024,SCHOOL_VOC
P007380,2024,HIGHER_ED
P007382,2024,HIGHER_ED
P007386,2024,SCHOOL_VOC
P007387,2024,SCHOOL_VOC
P007388,2024,SCHOOL_VOC
P007389,2024,SCHOOL_VOC
P007391,2024,HIGHER_ED
P007392,2024,SCHOOL_VOC
P007399,2024,SCHOOL_VOC
P007400,2024,SCHOOL_VOC
P007405,2024,LOW_NONE
P007408,2024,SCHOOL_VOC
P007411,2024,SCHOOL_VOC
P007412,2024,SCHOOL_VOC
P007414,2024,SCHOOL_VOC
P007416,2024,SCHOOL_VOC
P007419,2024,SCHOOL_VOC
P007420,2024,LOW_NONE
P007421,2024,SCHOOL_VOC
P007428,2024,HIGHER_ED
P007429,2024,HIGHER_ED
P007430,2024,SCHOOL_VOC
P007433,2024,SCHOOL_VOC
P007442,2024,HIGHER_ED
P007443,2024,SCHOOL_VOC
P007444,2024,HIGHER_ED
P007447,2024,HIGHER_ED
P007448,2024,SCHOOL_VOC
P007449,2024,SCHOOL_VOC
P007452,2024,SCHOOL_VOC
P007454,2024,SCHOOL_VOC
P007464,2024,SCHOOL_VOC
P007467,2024,HIGHER_ED
P007468,2024,SCHOOL_VOC
P007469,2024,SCHOOL_VOC
P007470,2024,SCHOOL_VOC
P007471,2024,LOW_NONE
P007472,2024,HIGHER_ED
P007476,2024,SCHOOL_VOC
P007477,2024,HIGHER_ED
P007478,2024,SCHOOL_VOC
P007483,2024,HIGHER_ED
P007486,2024,SCHOOL_VOC
P007487,2024,HIGHER_ED
P007489,2024,SCHOOL_VOC
P007494,2024,HIGHER_ED
P007495,2024,SCHOOL_VOC
P007496,2024,LOW_NONE
P007499,2024,SCHOOL_VOC
P007505,2024,SCHOOL_VOC
P007506,2024,SCHOOL_VOC
P007508,2024,SCHOOL_VOC
P007512,2024,HIGHER_ED
P007515,2024,HIGHER_ED
P007516,2024,SCHOOL_VOC
P007522,2024,SCHOOL_VOC
P007526,2024,SCHOOL_VOC
P007529,2024,SCHOOL_VOC
P007532,2024,SCHOOL_VOC
P007534,2024,HIGHER_ED
P007535,2024,SCHOOL_VOC
P007537,2024,SCHOOL_VOC
P007538,2024,SCHOOL_VOC
P007540,2024,SCHOOL_VOC
P007545,2024,HIGHER_ED
P007546,2024,SCHOOL_VOC
P007548,2024,LOW_NONE
P007549,2024,SCHOOL_VOC
P007550,2024,HIGHER_ED
P007551,2024,SCHOOL_VOC
P007552,2024,SCHOOL_VOC
P007553,2024,SCHOOL_VOC
P007555,2024,HIGHER_ED
P007561,2024,SCHOOL_VOC
P007569,2024,SCHOOL_VOC
P007574,2024,HIGHER_ED
P007580,2024,HIGHER_ED
P007584,2024,SCHOOL_VOC
P007585,2024,SCHOOL_VOC
P007587,2024,SCHOOL_VOC
P007588,2024,SCHOOL_VOC
P007590,2024,SCHOOL_VOC
P007591,2024,HIGHER_ED
P007594,2024,SCHOOL_VOC
P007595,2024,HIGHER_ED
P007597,2024,HIGHER_ED
P007602,2024,SCHOOL_VOC
P007605,2024,SCHOOL_VOC
P007609,2024,SCHOOL_VOC
P007610,2024,SCHOOL_VOC
P007612,2024,SCHOOL_VOC
P007618,2024,LOW_NONE
P007620,2024,SCHOOL_VOC
P007624,2024,SCHOOL_VOC
P007626,2024,SCHOOL_VOC
P007628,2024,HIGHER_ED
P007639,2024,HIGHER_ED
P007643,2024,SCHOOL_VOC
P007645,2024,SCHOOL_VOC
P007646,2024,SCHOOL_VOC
P007648,2024,SCHOOL_VOC
P007649,2024,SCHOOL_VOC
P007662,2024,HIGHER_ED
P007665,2024,HIGHER_ED
P007673,2024,SCHOOL_VOC
P007676,2024,SCHOOL_VOC
P007678,2024,HIGHER_ED
P007679,2024,SCHOOL_VOC
P007681,2024,HIGHER_ED
P007682,2024,SCHOOL_VOC
P007685,2024,SCHOOL_VOC
P007689,2024,HIGHER_ED
P007690,2024,SCHOOL_VOC
P007691,2024,HIGHER_ED
P007697,2024,HIGHER_ED
P007700,2024,SCHOOL_VOC
P007701,2024,SCHOOL_VOC
P007702,2024,HIGHER_ED
P007703,2024,SCHOOL_VOC
P007706,2024,HIGHER_ED
P007708,2024,HIGHER_ED
P007711,2024,SCHOOL_VOC
P007713,2024,LOW_NONE
P007719,2024,SCHOOL_VOC
P007721,2024,HIGHER_ED
P007722,2024,SCHOOL_VOC
P007725,2024,SCHOOL_VOC
P007728,2024,SCHOOL_VOC
P007729,2024,SCHOOL_VOC
P007743,2024,SCHOOL_VOC
P007744,2024,SCHOOL_VOC
P007745,2024,LOW_NONE
P007750,2024,HIGHER_ED
P007751,2024,SCHOOL_VOC
P007752,2024,LOW_NONE
P007755,2024,SCHOOL_VOC
P007756,2024,SCHOOL_VOC
P007758,2024,SCHOOL_VOC
P007760,2024,HIGHER_ED
P007761,2024,SCHOOL_VOC
P007762,2024,LOW_NONE
P007763,2024,SCHOOL_VOC
P007768,2024,SCHOOL_VOC
P007770,2024,SCHOOL_VOC
P007776,2024,SCHOOL_VOC
P007783,2024,SCHOOL_VOC
P007786,2024,SCHOOL_VOC
P007796,2024,HIGHER_ED
P007798,2024,HIGHER_ED
P007802,2024,SCHOOL_VOC
P007804,2024,SCHOOL_VOC
P007806,2024,SCHOOL_VOC
P007809,2024,HIGHER_ED
P007810,2024,SCHOOL_VOC
P007812,2024,HIGHER_ED
P007817,2024,SCHOOL_VOC
P007823,2024,SCHOOL_VOC
P007826,2024,UNMAPPED_GROUP
P007829,2024,HIGHER_ED
P007831,2024,SCHOOL_VOC
P007834,2024,SCHOOL_VOC
P007840,2024,HIGHER_ED
P007843,2024,SCHOOL_VOC
P007850,2024,SCHOOL_VOC
P007856,2024,SCHOOL_VOC
P007860,2024,HIGHER_ED
P007866,2024,HIGHER_ED
P007873,2024,HIGHER_ED
P007879,2024,HIGHER_ED
P007880,2024,SCHOOL_VOC
P007881,2024,SCHOOL_VOC
P007884,2024,SCHOOL_VOC
P007887,2024,SCHOOL_VOC
P007890,2024,LOW_NONE
P007891,2024,HIGHER_ED
P007897,2024,SCHOOL_VOC
P007901,2024,SCHOOL_VOC
P007902,2024,
P007905,2024,SCHOOL_VOC
P007907,2024,HIGHER_ED
P007909,2024,SCHOOL_VOC
P007910,2024,SCHOOL_VOC
P007912,2024,LOW_NONE
P007919,2024,SCHOOL_VOC
P007921,2024,SCHOOL_VOC
P007924,2024,SCHOOL_VOC
P007926,2024,SCHOOL_VOC
P007927,2024,SCHOOL_VOC
P007930,2024,HIGHER_ED
P007931,2024,SCHOOL_VOC
P007933,2024,HIGHER_ED
P007935,2024,SCHOOL_VOC
P007941,2024,SCHOOL_VOC
P007944,2024,HIGHER_ED
P007947,2024,SCHOOL_VOC
P007948,2024,HIGHER_ED
P007950,2024,
P007953,2024,SCHOOL_VOC
P007957,2024,SCHOOL_VOC
P007962,2024,HIGHER_ED
P007964,2024,SCHOOL_VOC
P007967,2024,SCHOOL_VOC
P007971,2024,LOW_NONE
P007973,2024,HIGHER_ED
P007974,2024,HIGHER_ED
P007976,2024,LOW_NONE
P007979,2024,SCHOOL_VOC
P007981,2024,SCHOOL_VOC
P007987,2024,HIGHER_ED
P007988,2024,HIGHER_ED
P007990,2024,SCHOOL_VOC
P008006,2024,SCHOOL_VOC
P008007,2024,SCHOOL_VOC
P008016,2024,SCHOOL_VOC
P008021,2024,SCHOOL_VOC
P008022,2024,HIGHER_ED
P008027,2024,SCHOOL_VOC
P008030,2024,HIGHER_ED
P008036,2024,SCHOOL_VOC
P008037,2024,HIGHER_ED
P008038,2024,HIGHER_ED
P008042,2024,SCHOOL_VOC
P008048,2024,SCHOOL_VOC
P008052,2024,SCHOOL_VOC
P008054,2024,HIGHER_ED
P008061,2024,SCHOOL_VOC
P008062,2024,HIGHER_ED
P008065,2024,SCHOOL_VOC
P008066,2024,SCHOOL_VOC
P008069,2024,SCHOOL_VOC
P008071,2024,SCHOOL_VOC
P008075,2024,SCHOOL_VOC
P008076,2024,HIGHER_ED
P008077,2024,HIGHER_ED
P008079,2024,SCHOOL_VOC
P008086,2024,SCHOOL_VOC
P008087,2024,SCHOOL_VOC
P008091,2024,SCHOOL_VOC
P008092,2024,SCHOOL_VOC
P008095,2024,SCHOOL_VOC
P008103,2024,HIGHER_ED
P008104,2024,HIGHER_ED
P008107,2024,HIGHER_ED
P008109,2024,SCHOOL_VOC
P008110,2024,SCHOOL_VOC
P008111,2024,SCHOOL_VOC
P008112,2024,SCHOOL_VOC
P008117,2024,SCHOOL_VOC
P008118,2024,HIGHER_ED
P008120,2024,SCHOOL_VOC
P008127,2024,SCHOOL_VOC
P008128,2024,SCHOOL_VOC
P008130,2024,HIGHER_ED
P008136,2024,HIGHER_ED
P008137,2024,SCHOOL_VOC
P008139,2024,SCHOOL_VOC
P008142,2024,SCHOOL_VOC
P008143,2024,SCHOOL_VOC
P008149,2024,SCHOOL_VOC
P008150,2024,LOW_NONE
P008151,2024,SCHOOL_VOC
P008154,2024,SCHOOL_VOC
P008158,2024,HIGHER_ED
P008159,2024,HIGHER_ED
P008161,2024,SCHOOL_VOC
P008167,2024,SCHOOL_VOC
P008173,2024,SCHOOL_VOC
P008176,2024,SCHOOL_VOC
P008178,2024,SCHOOL_VOC
P008181,2024,SCHOOL_VOC
P008182,2024,HIGHER_ED
P008190,2024,SCHOOL_VOC
P008192,2024,SCHOOL_VOC
P008193,2024,SCHOOL_VOC
P008194,2024,SCHOOL_VOC
P008195,2024,SCHOOL_VOC
P008198,2024,SCHOOL_VOC
P008199,2024,SCHOOL_VOC
P008201,2024,SCHOOL_VOC
P008202,2024,SCHOOL_VOC
P008203,2024,SCHOOL_VOC
P008208,2024,HIGHER_ED
P008210,2024,SCHOOL_VOC
P008214,2024,HIGHER_ED
P008217,2024,LOW_NONE
P008218,2024,HIGHER_ED
P008219,2024,SCHOOL_VOC
P008220,2024,LOW_NONE
P008231,2024,LOW_NONE
P008236,2024,SCHOOL_VOC
P008238,2024,SCHOOL_VOC
P008239,2024,HIGHER_ED
P008240,2024,HIGHER_ED
P008241,2024,SCHOOL_VOC
P008248,2024,SCHOOL_VOC
P008249,2024,SCHOOL_VOC
P008259,2024,SCHOOL_VOC
P008263,2024,SCHOOL_VOC
P008266,2024,HIGHER_ED
P008267,2024,SCHOOL_VOC
P008269,2024,SCHOOL_VOC
P008270,2024,SCHOOL_VOC
P008274,2024,HIGHER_ED
P008275,2024,SCHOOL_VOC
P008276,2024,SCHOOL_VOC
P008277,2024,HIGHER_ED
P008280,2024,SCHOOL_VOC
P008282,2024,HIGHER_ED
P008284,2024,SCHOOL_VOC
P008290,2024,LOW_NONE
P008295,2024,HIGHER_ED
P008298,2024,LOW_NONE
P008301,2024,SCHOOL_VOC
P008302,2024,HIGHER_ED
P008308,2024,LOW_NONE
P008309,2024,SCHOOL_VOC
P008311,2024,HIGHER_ED
P008316,2024,HIGHER_ED
P008317,2024,HIGHER_ED
P008320,2024,SCHOOL_VOC
P008321,2024,UNMAPPED_GROUP
P008326,2024,HIGHER_ED
P008328,2024,SCHOOL_VOC
P008329,2024,HIGHER_ED
P008332,2024,SCHOOL_VOC
P008333,2024,SCHOOL_VOC
P008335,2024,SCHOOL_VOC
P008338,2024,SCHOOL_VOC
P008342,2024,SCHOOL_VOC
P008345,2024,SCHOOL_VOC
P008348,2024,HIGHER_ED
P008350,2024,SCHOOL_VOC
P008355,2024,HIGHER_ED
P008359,2024,LOW_NONE
P008360,2024,HIGHER_ED
P008361,2024,HIGHER_ED
P008363,2024,SCHOOL_VOC
P008366,2024,SCHOOL_VOC
P008368,2024,SCHOOL_VOC
P008369,2024,HIGHER_ED
P008371,2024,SCHOOL_VOC
P008372,2024,SCHOOL_VOC
P008374,2024,SCHOOL_VOC
P008376,2024,HIGHER_ED
P008377,2024,HIGHER_ED
P008378,2024,SCHOOL_VOC
P008379,2024,SCHOOL_VOC
P008382,2024,SCHOOL_VOC
P008384,2024,SCHOOL_VOC
P008385,2024,HIGHER_ED
P008387,2024,SCHOOL_VOC
P008390,2024,SCHOOL_VOC
P008396,2024,SCHOOL_VOC
P008397,2024,SCHOOL_VOC
P008398,2024,SCHOOL_VOC
P008399,2024,SCHOOL_VOC
P008400,2024,HIGHER_ED
P008401,2024,SCHOOL_VOC
P008403,2024,SCHOOL_VOC
P008406,2024,SCHOOL_VOC
P008407,2024,SCHOOL_VOC
P008408,2024,HIGHER_ED
P008412,2024,SCHOOL_VOC
P008413,2024,SCHOOL_VOC
P008417,2024,SCHOOL_VOC
P008421,2024,
P008423,2024,SCHOOL_VOC
P008424,2024,SCHOOL_VOC
P008425,2024,SCHOOL_VOC
P008427,2024,HIGHER_ED
P008428,2024,SCHOOL_VOC
P008434,2024,HIGHER_ED
P008435,2024,SCHOOL_VOC
P008440,2024,LOW_NONE
P008441,2024,HIGHER_ED
P008449,2024,HIGHER_ED
P008453,2024,HIGHER_ED
P008454,2024,HIGHER_ED
P008461,2024,SCHOOL_VOC
P008463,2024,SCHOOL_VOC
P008464,2024,
P008467,2024,HIGHER_ED
P008481,2024,SCHOOL_VOC
P008490,2024,LOW_NONE
P008493,2024,HIGHER_ED
P008498,2024,SCHOOL_VOC
P008499,2024,SCHOOL_VOC
P008500,2024,SCHOOL_VOC
P008503,2024,SCHOOL_VOC
P008505,2024,SCHOOL_VOC
P008508,2024,SCHOOL_VOC
P008511,2024,SCHOOL_VOC
P008512,2024,HIGHER_ED
P008514,2024,SCHOOL_VOC
P008517,2024,HIGHER_ED
P008521,2024,HIGHER_ED
P008522,2024,SCHOOL_VOC
P008523,2024,HIGHER_ED
P008525,2024,SCHOOL_VOC
P008526,2024,LOW_NONE
P008533,2024,HIGHER_ED
P008536,2024,HIGHER_ED
P008543,2024,SCHOOL_VOC
P008544,2024,HIGHER_ED
P008548,2024,HIGHER_ED
P008549,2024,HIGHER_ED
P008553,2024,HIGHER_ED
P008557,2024,SCHOOL_VOC
P008559,2024,HIGHER_ED
P008560,2024,HIGHER_ED
P008561,2024,HIGHER_ED
P008563,2024,LOW_NONE
P008564,2024,LOW_NONE
P008566,2024,HIGHER_ED
P008571,2024,SCHOOL_VOC
P008573,2024,LOW_NONE
P008579,2024,SCHOOL_VOC
P008584,2024,HIGHER_ED
P008588,2024,LOW_NONE
P008590,2024,SCHOOL_VOC
P008593,2024,SCHOOL_VOC
P008597,2024,HIGHER_ED
P008601,2024,HIGHER_ED
P008603,2024,SCHOOL_VOC
P008608,2024,SCHOOL_VOC
P008609,2024,SCHOOL_VOC
P008611,2024,HIGHER_ED
P008612,2024,HIGHER_ED
P008615,2024,SCHOOL_VOC
P008616,2024,SCHOOL_VOC
P008617,2024,SCHOOL_VOC
P008618,2024,SCHOOL_VOC
P008623,2024,SCHOOL_VOC
P008625,2024,HIGHER_ED
P008626,2024,HIGHER_ED
P008632,2024,SCHOOL_VOC
P008633,2024,SCHOOL_VOC
P008634,2024,SCHOOL_VOC
P008638,2024,SCHOOL_VOC
P008640,2024,SCHOOL_VOC
P008643,2024,SCHOOL_VOC
P008644,2024,HIGHER_ED
P008649,2024,SCHOOL_VOC
P008650,2024,SCHOOL_VOC
P008651,2024,SCHOOL_VOC
P008653,2024,HIGHER_ED
P008654,2024,SCHOOL_VOC
P008655,2024,SCHOOL_VOC
P008656,2024,HIGHER_ED
,2024,LOW_NONE
P008659,2024,SCHOOL_VOC
P008664,2024,SCHOOL_VOC
P008667,2024,SCHOOL_VOC
P008669,2024,SCHOOL_VOC
P008673,2024,SCHOOL_VOC
P008677,2024,HIGHER_ED
P008678,2024,HIGHER_ED
P008679,2024,HIGHER_ED
P008680,2024,SCHOOL_VOC
P008682,2024,HIGHER_ED
P008683,2024,SCHOOL_VOC
P008685,2024,SCHOOL_VOC
P008690,2024,SCHOOL_VOC
P008691,2024,SCHOOL_VOC
P008692,2024,SCHOOL_VOC
P008693,2024,HIGHER_ED
P008695,2024,HIGHER_ED
P008698,2024,LOW_NONE
P008702,2024,HIGHER_ED
P008706,2024,SCHOOL_VOC
P008720,2024,SCHOOL_VOC
P008721,2024,SCHOOL_VOC
P008724,2024,LOW_NONE
P008725,2024,SCHOOL_VOC
P008726,2024,SCHOOL_VOC
P008728,2024,LOW_NONE
P008731,2024,SCHOOL_VOC
P008735,2024,SCHOOL_VOC
P008738,2024,SCHOOL_VOC
P008739,2024,HIGHER_ED
P008740,2024,SCHOOL_VOC
P008742,2024,LOW_NONE
P008748,2024,SCHOOL_VOC
P008752,2024,SCHOOL_VOC
P008754,2024,SCHOOL_VOC
P008755,2024,SCHOOL_VOC
P008756,2024,HIGHER_ED
P008757,2024,SCHOOL_VOC
P008759,2024,HIGHER_ED
P008761,2024,SCHOOL_VOC
P008763,2024,HIGHER_ED
P008764,2024,SCHOOL_VOC
P008765,2024,SCHOOL_VOC
P008769,2024,SCHOOL_VOC
P008771,2024,SCHOOL_VOC
P008772,2024,SCHOOL_VOC
P008775,2024,HIGHER_ED
P008776,2024,SCHOOL_VOC
P008782,2024,SCHOOL_VOC
P008785,2024,SCHOOL_VOC
P008786,2024,HIGHER_ED
P008788,2024,HIGHER_ED
P008790,2024,LOW_NONE
P008793,2024,HIGHER_ED
P008796,2024,HIGHER_ED
P008797,2024,SCHOOL_VOC
P008800,2024,HIGHER_ED
P008805,2024,SCHOOL_VOC
P008806,2024,HIGHER_ED
P008810,2024,SCHOOL_VOC
P008817,2024,HIGHER_ED
P008819,2024,LOW_NONE
P008820,2024,HIGHER_ED
P008821,2024,SCHOOL_VOC
P008824,2024,HIGHER_ED
P008825,2024,SCHOOL_VOC
P008834,2024,SCHOOL_VOC
P008837,2024,HIGHER_ED
P008840,2024,LOW_NONE
P008842,2024,SCHOOL_VOC
P008843,2024,HIGHER_ED
P008847,2024,SCHOOL_VOC
P008849,2024,HIGHER_ED
P008852,2024,SCHOOL_VOC
P008853,2024,LOW_NONE
P008860,2024,SCHOOL_VOC
P008865,2024,SCHOOL_VOC
P008866,2024,SCHOOL_VOC
P008871,2024,SCHOOL_VOC
P008872,2024,HIGHER_ED
P008884,2024,SCHOOL_VOC
P008894,2024,HIGHER_ED
P008897,2024,SCHOOL_VOC
P008899,2024,HIGHER_ED
P008903,2024,LOW_NONE
P008905,2024,HIGHER_ED
P008906,2024,HIGHER_ED
P008911,2024,SCHOOL_VOC
P008915,2024,LOW_NONE
P008916,2024,SCHOOL_VOC
P008918,2024,SCHOOL_VOC
P008921,2024,SCHOOL_VOC
P008926,2024,SCHOOL_VOC
P008927,2024,HIGHER_ED
P008933,2024,HIGHER_ED
P008936,2024,HIGHER_ED
P008941,2024,SCHOOL_VOC
P008945,2024,SCHOOL_VOC
P008947,2024,
P008950,2024,SCHOOL_VOC
P008951,2024,SCHOOL_VOC
P008953,2024,SCHOOL_VOC
P008957,2024,SCHOOL_VOC
P008962,2024,LOW_NONE
P008963,2024,HIGHER_ED
P008965,2024,SCHOOL_VOC
P008968,2024,HIGHER_ED
P008970,2024,LOW_NONE
P008976,2024,HIGHER_ED
P008980,2024,SCHOOL_VOC
P008981,2024,HIGHER_ED
P008985,2024,HIGHER_ED
P008986,2024,HIGHER_ED
P008987,2024,HIGHER_ED
P008994,2024,
P009002,2024,HIGHER_ED
P009004,2024,SCHOOL_VOC
P009008,2024,HIGHER_ED
P009009,2024,LOW_NONE
P009010,2024,LOW_NONE
P009011,2024,SCHOOL_VOC
P009012,2024,SCHOOL_VOC
P009017,2024,SCHOOL_VOC
P009018,2024,SCHOOL_VOC
P009019,2024,SCHOOL_VOC
P009020,2024,SCHOOL_VOC
P009021,2024,HIGHER_ED
P009022,2024,SCHOOL_VOC
P009023,2024,LOW_NONE
P009033,2024,SCHOOL_VOC
P009038,2024,HIGHER_ED
P009040,2024,SCHOOL_VOC
P009048,2024,HIGHER_ED
P009050,2024,HIGHER_ED
P009051,2024,HIGHER_ED
P009053,2024,SCHOOL_VOC
P009062,2024,HIGHER_ED
P009065,2024,LOW_NONE
P009071,2024,SCHOOL_VOC
P009073,2024,HIGHER_ED
P009077,2024,SCHOOL_VOC
P009086,2024,HIGHER_ED
P009087,2024,HIGHER_ED
P009089,2024,SCHOOL_VOC
P009090,2024,SCHOOL_VOC
P009093,2024,SCHOOL_VOC
P009095,2024,SCHOOL_VOC
P009105,2024,SCHOOL_VOC
P009108,2024,SCHOOL_VOC
P009110,2024,LOW_NONE
P009121,2024,SCHOOL_VOC
P009122,2024,SCHOOL_VOC
P009126,2024,SCHOOL_VOC
P009127,2024,SCHOOL_VOC
P009130,2024,SCHOOL_VOC
P009131,2024,SCHOOL_VOC
P009134,2024,SCHOOL_VOC
P009135,2024,SCHOOL_VOC
P009137,2024,SCHOOL_VOC
P009140,2024,SCHOOL_VOC
P009141,2024,SCHOOL_VOC
P009142,2024,SCHOOL_VOC
P009143,2024,SCHOOL_VOC
P009153,2024,HIGHER_ED
P009154,2024,SCHOOL_VOC
P009157,2024,SCHOOL_VOC
P009158,2024,SCHOOL_VOC
P009159,2024,SCHOOL_VOC
P009163,2024,
P009167,2024,SCHOOL_VOC
P009168,2024,SCHOOL_VOC
P009170,2024,SCHOOL_VOC
P009171,2024,SCHOOL_VOC
P009174,2024,HIGHER_ED
P009175,2024,SCHOOL_VOC
P009176,2024,SCHOOL_VOC
P009177,2024,SCHOOL_VOC
P009181,2024,SCHOOL_VOC
P009185,2024,HIGHER_ED
P009186,2024,HIGHER_ED
P009187,2024,HIGHER_ED
P009188,2024,HIGHER_ED
P009189,2024,SCHOOL_VOC
P009195,2024,HIGHER_ED
P009197,2024,HIGHER_ED
P009198,2024,SCHOOL_VOC
P009199,2024,HIGHER_ED
P009200,2024,SCHOOL_VOC
P009202,2024,
P009203,2024,SCHOOL_VOC
P009204,2024,SCHOOL_VOC
P009209,2024,SCHOOL_VOC
P009212,2024,HIGHER_ED
P009213,2024,LOW_NONE
P009217,2024,SCHOOL_VOC
P009219,2024,SCHOOL_VOC
P009220,2024,HIGHER_ED
P009222,2024,HIGHER_ED
P009223,2024,SCHOOL_VOC
P009228,2024,HIGHER_ED
P009235,2024,LOW_NONE
P009237,2024,SCHOOL_VOC
P009238,2024,SCHOOL_VOC
P009242,2024,SCHOOL_VOC
P009243,2024,SCHOOL_VOC
P009245,2024,SCHOOL_VOC
P009247,2024,HIGHER_ED
P009249,2024,HIGHER_ED
P009250,2024,HIGHER_ED
P009251,2024,SCHOOL_VOC
P009257,2024,LOW_NONE
P009259,2024,HIGHER_ED
P009260,2024,SCHOOL_VOC
P009261,2024,HIGHER_ED
P009262,2024,SCHOOL_VOC
P009267,2024,SCHOOL_VOC
P009268,2024,SCHOOL_VOC
P009269,2024,UNMAPPED_GROUP
P009270,2024,SCHOOL_VOC
P009272,2024,HIGHER_ED
P009275,2024,SCHOOL_VOC
P009282,2024,LOW_NONE
P009287,2024,HIGHER_ED
P009288,2024,SCHOOL_VOC
P009292,2024,LOW_NONE
P009294,2024,HIGHER_ED
P009298,2024,SCHOOL_VOC
P009301,2024,SCHOOL_VOC
P009307,2024,SCHOOL_VOC
P009309,2024,SCHOOL_VOC
P009311,2024,SCHOOL_VOC
P009313,2024,SCHOOL_VOC
P009316,2024,HIGHER_ED
P009321,2024,SCHOOL_VOC
P009324,2024,HIGHER_ED
P009325,2024,SCHOOL_VOC
P009326,2024,SCHOOL_VOC
P009328,2024,SCHOOL_VOC
P009329,2024,SCHOOL_VOC
P009330,2024,SCHOOL_VOC
P009334,2024,SCHOOL_VOC
P009335,2024,HIGHER_ED
P009339,2024,SCHOOL_VOC
P009340,2024,HIGHER_ED
P009341,2024,SCHOOL_VOC
P009342,2024,SCHOOL_VOC
P009346,2024,SCHOOL_VOC
P009358,2024,HIGHER_ED
P009364,2024,HIGHER_ED
P009366,2024,HIGHER_ED
P009368,2024,HIGHER_ED
P009370,2024,SCHOOL_VOC
P009375,2024,HIGHER_ED
P009378,2024,SCHOOL_VOC
P009380,2024,HIGHER_ED
P009381,2024,LOW_NONE
P009382,2024,LOW_NONE
P009384,2024,SCHOOL_VOC
P009386,2024,HIGHER_ED
P009390,2024,HIGHER_ED
P009392,2024,SCHOOL_VOC
P009397,2024,SCHOOL_VOC
P009400,2024,HIGHER_ED
P009401,2024,HIGHER_ED
P009403,2024,HIGHER_ED
P009404,2024,SCHOOL_VOC
P009407,2024,SCHOOL_VOC
P009411,2024,UNMAPPED_GROUP
P009414,2024,HIGHER_ED
P009418,2024,SCHOOL_VOC
P009421,2024,HIGHER_ED
P009422,2024,HIGHER_ED
P009423,2024,SCHOOL_VOC
P009424,2024,HIGHER_ED
P009428,2024,SCHOOL_VOC
P009430,2024,SCHOOL_VOC
P009431,2024,SCHOOL_VOC
P009432,2024,HIGHER_ED
P009434,2024,SCHOOL_VOC
P009436,2024,UNMAPPED_GROUP
P009437,2024,HIGHER_ED
P009439,2024,HIGHER_ED
P009441,2024,SCHOOL_VOC
P009442,2024,SCHOOL_VOC
P009447,2024,SCHOOL_VOC
P009449,2024,SCHOOL_VOC
P009450,2024,SCHOOL_VOC
P009451,2024,SCHOOL_VOC
P009461,2024,HIGHER_ED
P009464,2024,SCHOOL_VOC
P009467,2024,HIGHER_ED
P009468,2024,HIGHER_ED
P009469,2024,HIGHER_ED
P009471,2024,SCHOOL_VOC
P009472,2024,HIGHER_ED
P009473,2024,HIGHER_ED
P009480,2024,SCHOOL_VOC
P009486,2024,SCHOOL_VOC
P009487,2024,SCHOOL_VOC
P009493,2024,HIGHER_ED
P009494,2024,HIGHER_ED
P009497,2024,SCHOOL_VOC
P009498,2024,SCHOOL_VOC
P009502,2024,SCHOOL_VOC
P009504,2024,UNMAPPED_GROUP
P009505,2024,SCHOOL_VOC
P009507,2024,SCHOOL_VOC
P009508,2024,SCHOOL_VOC
P009511,2024,HIGHER_ED
P009512,2024,SCHOOL_VOC
P009515,2024,HIGHER_ED
P009516,2024,SCHOOL_VOC
P009519,2024,HIGHER_ED
P009527,2024,SCHOOL_VOC
P009529,2024,SCHOOL_VOC
P009531,2024,SCHOOL_VOC
P009535,2024,SCHOOL_VOC
P009536,2024,SCHOOL_VOC
P009541,2024,HIGHER_ED
P009542,2024,
P009543,2024,LOW_NONE
P009548,2023,HIGHER_ED
P009550,2024,SCHOOL_VOC
P009551,2024,SCHOOL_VOC
P009554,2024,SCHOOL_VOC
P009556,2024,SCHOOL_VOC
P009557,2024,HIGHER_ED
P009558,2024,SCHOOL_VOC
P009560,2024,LOW_NONE
P009561,2024,SCHOOL_VOC
P009562,2024,SCHOOL_VOC
P009563,2024,HIGHER_ED
P009569,2024,SCHOOL_VOC
P009571,2024,SCHOOL_VOC
P009574,2024,SCHOOL_VOC
P009576,2024,HIGHER_ED
P009577,2024,SCHOOL_VOC
P009582,2024,SCHOOL_VOC
P009583,2024,HIGHER_ED
P009586,2024,HIGHER_ED
P009589,2024,SCHOOL_VOC
P009593,2024,SCHOOL_VOC
P009594,2024,HIGHER_ED
P009600,2024,SCHOOL_VOC
P009603,2024,SCHOOL_VOC
P009604,2024,SCHOOL_VOC
P009607,2024,SCHOOL_VOC
P009609,2024,SCHOOL_VOC
P009613,2024,SCHOOL_VOC
P009620,2024,SCHOOL_VOC
P009621,2024,SCHOOL_VOC
P009622,2024,HIGHER_ED
P009623,2024,HIGHER_ED
P009624,2024,SCHOOL_VOC
P009627,2024,HIGHER_ED
P009630,2024,HIGHER_ED
P009632,2024,SCHOOL_VOC
P009636,2024,HIGHER_ED
P009637,2024,HIGHER_ED
P009638,2024,HIGHER_ED
P009640,2024,SCHOOL_VOC
P009641,2024,HIGHER_ED
P009642,2024,SCHOOL_VOC
P009643,2024,HIGHER_ED
P009646,2024,SCHOOL_VOC
P009649,2024,LOW_NONE
P009650,2024,SCHOOL_VOC
P009653,2024,HIGHER_ED
P009654,2024,SCHOOL_VOC
P009655,2024,HIGHER_ED
P009661,2024,HIGHER_ED
P009662,2024,HIGHER_ED
P009663,2024,HIGHER_ED
P009664,2024,HIGHER_ED
P009669,2024,SCHOOL_VOC
P009671,2024,HIGHER_ED
P009673,2024,HIGHER_ED
P009675,2024,LOW_NONE
P009684,2024,SCHOOL_VOC
P009686,2024,SCHOOL_VOC
P009687,2024,SCHOOL_VOC
P009691,2024,HIGHER_ED
P009692,2024,SCHOOL_VOC
P009697,2024,SCHOOL_VOC
P009698,2024,SCHOOL_VOC
P009701,2024,HIGHER_ED
P009702,2024,SCHOOL_VOC
P009703,2024,SCHOOL_VOC
P009704,2024,SCHOOL_VOC
P009705,2024,SCHOOL_VOC
P009707,2024,SCHOOL_VOC
P009708,2024,HIGHER_ED
P009712,2024,SCHOOL_VOC
P009713,2024,SCHOOL_VOC
P009714,2024,HIGHER_ED
P009716,2024,
P009720,2023,HIGHER_ED
P009721,2024,HIGHER_ED
P009724,2024,SCHOOL_VOC
P009725,2024,SCHOOL_VOC
P009729,2024,SCHOOL_VOC
P009730,2024,SCHOOL_VOC
P009731,2024,SCHOOL_VOC
P009732,2024,HIGHER_ED
P009739,2024,HIGHER_ED
P009746,2024,HIGHER_ED
P009750,2024,LOW_NONE
P009751,2024,HIGHER_ED
P009756,2024,SCHOOL_VOC
P009758,2024,SCHOOL_VOC
P009759,2024,HIGHER_ED
P009761,2024,HIGHER_ED
P009762,2024,SCHOOL_VOC
P009763,2024,SCHOOL_VOC
P009764,2024,SCHOOL_VOC
P009766,2024,SCHOOL_VOC
P009768,2024,SCHOOL_VOC
P009769,2024,SCHOOL_VOC
P009771,2024,SCHOOL_VOC
P009773,2024,SCHOOL_VOC
P009775,2024,HIGHER_ED
P009777,2024,LOW_NONE
P009778,2024,SCHOOL_VOC
P009780,2024,SCHOOL_VOC
P009781,2024,HIGHER_ED
P009783,2024,SCHOOL_VOC
P009784,2024,HIGHER_ED
P009785,2024,LOW_NONE
P009786,2024,SCHOOL_VOC
P009790,2024,HIGHER_ED
P009791,2024,SCHOOL_VOC
P009792,2024,HIGHER_ED
P009795,2024,SCHOOL_VOC
P009803,2024,LOW_NONE
P009804,2024,HIGHER_ED
P009807,2024,HIGHER_ED
P009816,2024,SCHOOL_VOC
P009817,2024,HIGHER_ED
P009821,2024,SCHOOL_VOC
P009834,2024,HIGHER_ED
P009836,2024,SCHOOL_VOC
P009838,2024,SCHOOL_VOC
P009839,2024,HIGHER_ED
P009841,2024,SCHOOL_VOC
P009842,2024,HIGHER_ED
P009843,2024,HIGHER_ED
P009849,2024,SCHOOL_VOC
P009852,2024,HIGHER_ED
P009854,2024,SCHOOL_VOC
P009857,2024,HIGHER_ED
P009858,2024,LOW_NONE
P009864,2024,SCHOOL_VOC
P009865,2024,SCHOOL_VOC
P009867,2024,SCHOOL_VOC
P009870,2024,SCHOOL_VOC
P009871,2024,SCHOOL_VOC
P009878,2024,SCHOOL_VOC
P009881,2024,SCHOOL_VOC
P009886,2024,SCHOOL_VOC
P009888,2024,SCHOOL_VOC
P009893,2024,HIGHER_ED
P009898,2024,SCHOOL_VOC
P009899,2024,SCHOOL_VOC
P009900,2024,HIGHER_ED
P009905,2024,SCHOOL_VOC
P009909,2024,SCHOOL_VOC
P009910,2024,HIGHER_ED
P009912,2024,HIGHER_ED
P009914,2024,SCHOOL_VOC
P009924,2024,SCHOOL_VOC
P009925,2024,SCHOOL_VOC
P009931,2024,LOW_NONE
P009933,2024,SCHOOL_VOC
P009942,2024,HIGHER_ED
P009944,2024,SCHOOL_VOC
P009946,2024,SCHOOL_VOC
P009948,2024,SCHOOL_VOC
P009951,2024,SCHOOL_VOC
P009957,2024,SCHOOL_VOC
P009958,2024,SCHOOL_VOC
P009959,2024,LOW_NONE
P009962,2024,SCHOOL_VOC
P009966,2024,LOW_NONE
P009968,2024,SCHOOL_VOC
P009969,2024,SCHOOL_VOC
P009971,2024,LOW_NONE
P009974,2024,SCHOOL_VOC
P009981,2024,SCHOOL_VOC
P009983,2024,HIGHER_ED
P009988,2024,HIGHER_ED
P009989,2024,SCHOOL_VOC
P009990,2024,SCHOOL_VOC
P009991,2024,SCHOOL_VOC
P009993,2024,HIGHER_ED
P009995,2024,HIGHER_ED
P009997,2024,SCHOOL_VOC
P009998,2024,SCHOOL_VOC
P009999,2024,SCHOOL_VOC
P010000,2024,SCHOOL_VOC
P010004,2024,SCHOOL_VOC
P010006,2024,SCHOOL_VOC
P010009,2024,SCHOOL_VOC
P010015,2024,HIGHER_ED
P010016,2024,HIGHER_ED
P010017,2024,HIGHER_ED
P010019,2024,HIGHER_ED
P010022,2024,SCHOOL_VOC
P010025,2024,LOW_NONE
P010026,2024,HIGHER_ED
P010028,2024,SCHOOL_VOC
P010029,2024,SCHOOL_VOC
P010031,2024,HIGHER_ED
P010038,2024,HIGHER_ED
P010041,2024,SCHOOL_VOC
P010042,2024,SCHOOL_VOC
P010044,2024,HIGHER_ED
P010046,2024,HIGHER_ED
P010051,2024,HIGHER_ED
P010052,2024,SCHOOL_VOC
P010055,2024,HIGHER_ED
P010058,2024,SCHOOL_VOC
P010059,2024,SCHOOL_VOC
P010060,2024,SCHOOL_VOC
P010061,2024,HIGHER_ED
P010063,2024,SCHOOL_VOC
P010068,2024,HIGHER_ED
P010070,2024,HIGHER_ED
P010072,2024,SCHOOL_VOC
P010073,2024,HIGHER_ED
P010074,2024,SCHOOL_VOC
P010077,2024,HIGHER_ED
P010079,2024,HIGHER_ED
P010085,2024,SCHOOL_VOC
P010087,2024,HIGHER_ED
P010090,2024,SCHOOL_VOC
P010091,2024,HIGHER_ED
P010092,2024,SCHOOL_VOC
P010096,2024,SCHOOL_VOC
P010102,2024,HIGHER_ED
P010103,2024,HIGHER_ED
P010104,2024,SCHOOL_VOC
P010106,2024,SCHOOL_VOC
P010108,2024,SCHOOL_VOC
P010112,2024,HIGHER_ED
P010116,2024,SCHOOL_VOC
P010120,2024,SCHOOL_VOC
P010126,2024,SCHOOL_VOC
P010127,2024,HIGHER_ED
P010128,2024,SCHOOL_VOC
P010130,2024,HIGHER_ED
P010135,2024,SCHOOL_VOC
P010136,2024,SCHOOL_VOC
P010137,2024,SCHOOL_VOC
P010138,2024,SCHOOL_VOC
P010140,2024,SCHOOL_VOC
P010152,2024,SCHOOL_VOC
P010160,2024,SCHOOL_VOC
P010161,2024,HIGHER_ED
P010162,2024,SCHOOL_VOC
P010163,2024,SCHOOL_VOC
P010164,2024,SCHOOL_VOC
P010167,2024,SCHOOL_VOC
P010168,2024,SCHOOL_VOC
P010169,2024,HIGHER_ED
P010171,2024,HIGHER_ED
P010172,2024,SCHOOL_VOC
P010174,2024,SCHOOL_VOC
P010175,2024,SCHOOL_VOC
P010180,2024,SCHOOL_VOC
P010186,2024,SCHOOL_VOC
P010187,2024,HIGHER_ED
P010189,2024,HIGHER_ED
P010196,2024,SCHOOL_VOC
P010198,2024,HIGHER_ED
P010202,2024,SCHOOL_VOC
P010203,2024,HIGHER_ED
P010206,2024,SCHOOL_VOC
P010210,2024,SCHOOL_VOC
P010214,2024,SCHOOL_VOC
P010222,2024,HIGHER_ED
P010223,2024,HIGHER_ED
P010225,2024,SCHOOL_VOC
P010231,2024,HIGHER_ED
P010235,2024,HIGHER_ED
P010236,2023,HIGHER_ED
P010238,2024,SCHOOL_VOC
P010240,2024,SCHOOL_VOC
P010242,2024,HIGHER_ED
P010244,2024,HIGHER_ED
P010246,2024,HIGHER_ED
P010247,2024,SCHOOL_VOC
P010248,2024,SCHOOL_VOC
P010252,2024,HIGHER_ED
P010253,2024,HIGHER_ED
P010256,2024,HIGHER_ED
P010259,2024,SCHOOL_VOC
P010262,2024,SCHOOL_VOC
P010263,2024,LOW_NONE
P010265,2024,LOW_NONE
P010266,2024,HIGHER_ED
P010267,2024,SCHOOL_VOC
P010268,2024,SCHOOL_VOC
P010272,2024,SCHOOL_VOC
P010273,2024,SCHOOL_VOC
P010274,2024,SCHOOL_VOC
P010275,2024,SCHOOL_VOC
P010278,2024,SCHOOL_VOC
P010280,2024,SCHOOL_VOC
P010289,2024,SCHOOL_VOC
P010291,2024,SCHOOL_VOC
P010295,2024,SCHOOL_VOC
P010298,2024,HIGHER_ED
P010299,2024,HIGHER_ED
P010300,2024,SCHOOL_VOC
P010302,2024,SCHOOL_VOC
P010303,2024,HIGHER_ED
P010311,2024,SCHOOL_VOC
P010314,2024,SCHOOL_VOC
P010315,2024,HIGHER_ED
P010318,2024,LOW_NONE
P010321,2024,
P010322,2024,HIGHER_ED
P010323,2024,SCHOOL_VOC
P010324,2024,HIGHER_ED
P010326,2024,SCHOOL_VOC
P010327,2024,HIGHER_ED
P010329,2024,SCHOOL_VOC
P010330,2024,HIGHER_ED
P010331,2024,SCHOOL_VOC
P010337,2024,SCHOOL_VOC
P010338,2024,SCHOOL_VOC
P010341,2024,SCHOOL_VOC
P010342,2024,HIGHER_ED
P010348,2024,SCHOOL_VOC
P010352,2024,HIGHER_ED
P010356,2024,HIGHER_ED
P010357,2024,SCHOOL_VOC
P010358,2024,SCHOOL_VOC
P010359,2024,LOW_NONE
P010361,2024,SCHOOL_VOC
P010362,2024,LOW_NONE
P010366,2024,LOW_NONE
P010367,2024,SCHOOL_VOC
P010369,2024,HIGHER_ED
P010373,2024,HIGHER_ED
P010376,2024,SCHOOL_VOC
P010379,2024,SCHOOL_VOC
P010382,2024,SCHOOL_VOC
P010384,2024,LOW_NONE
P010385,2024,SCHOOL_VOC
P010388,2024,SCHOOL_VOC
P010390,2024,SCHOOL_VOC
P010394,2024,HIGHER_ED
P010396,2024,SCHOOL_VOC
P010397,2024,HIGHER_ED
P010398,2024,LOW_NONE
P010399,2024,SCHOOL_VOC
P010400,2024,LOW_NONE
P010401,2024,HIGHER_ED
P010402,2024,SCHOOL_VOC
P010403,2024,SCHOOL_VOC
P010404,2024,SCHOOL_VOC
P010407,2024,SCHOOL_VOC
P010408,2024,SCHOOL_VOC
P010413,2024,SCHOOL_VOC
P010416,2024,HIGHER_ED
P010420,2024,LOW_NONE
P010430,2024,SCHOOL_VOC
P010433,2024,HIGHER_ED
P010436,2024,SCHOOL_VOC
P010442,2024,LOW_NONE
P010443,2024,SCHOOL_VOC
P010446,2024,SCHOOL_VOC
P010457,2024,HIGHER_ED
P010458,2024,SCHOOL_VOC
P010460,2024,SCHOOL_VOC
P010463,2024,HIGHER_ED
P010464,2024,SCHOOL_VOC
P010468,2024,HIGHER_ED
P010471,2024,SCHOOL_VOC
P010472,2024,SCHOOL_VOC
P010475,2024,SCHOOL_VOC
P010476,2024,SCHOOL_VOC
P010478,2024,UNMAPPED_GROUP
P010479,2024,SCHOOL_VOC
P010480,2024,SCHOOL_VOC
P010482,2024,SCHOOL_VOC
P010483,2024,SCHOOL_VOC
P010484,2024,SCHOOL_VOC
P010488,2024,SCHOOL_VOC
P010490,2024,SCHOOL_VOC
P010495,2024,SCHOOL_VOC
P010496,2024,LOW_NONE
P010497,2024,SCHOOL_VOC
P010498,2024,HIGHER_ED
P010499,2024,SCHOOL_VOC
P010503,2024,HIGHER_ED
P010505,2024,SCHOOL_VOC
P010506,2024,SCHOOL_VOC
P010507,2024,SCHOOL_VOC
P010511,2024,LOW_NONE
P010513,2024,SCHOOL_VOC
P010518,2024,SCHOOL_VOC
P010519,2024,SCHOOL_VOC
P010530,2024,SCHOOL_VOC
P010532,2024,LOW_NONE
P010533,2024,SCHOOL_VOC
P010536,2024,SCHOOL_VOC
P010539,2024,SCHOOL_VOC
P010542,2024,SCHOOL_VOC
P010545,2024,HIGHER_ED
P010549,2024,HIGHER_ED
P010551,2024,HIGHER_ED
,2024,HIGHER_ED
P010555,2024,HIGHER_ED
P010557,2024,
P010560,2024,SCHOOL_VOC
P010562,2024,SCHOOL_VOC
P010566,2024,SCHOOL_VOC
P010567,2024,HIGHER_ED
P010568,2024,HIGHER_ED
P010569,2024,HIGHER_ED
P010571,2024,SCHOOL_VOC
P010573,2024,HIGHER_ED
P010575,2024,LOW_NONE
P010581,2024,HIGHER_ED
P010582,2024,HIGHER_ED
P010585,2024,SCHOOL_VOC
P010586,2024,SCHOOL_VOC
P010587,2024,SCHOOL_VOC
P010589,2024,SCHOOL_VOC
P010590,2024,SCHOOL_VOC
P010593,2024,HIGHER_ED
P010594,2024,SCHOOL_VOC
P010595,2024,SCHOOL_VOC
P010596,2024,SCHOOL_VOC
P010602,2024,
P010612,2024,SCHOOL_VOC
P010622,2024,HIGHER_ED
P010624,2024,SCHOOL_VOC
P010627,2024,SCHOOL_VOC
P010629,2024,SCHOOL_VOC
P010632,2024,HIGHER_ED
P010634,2024,SCHOOL_VOC
P010637,2024,LOW_NONE
P010638,2024,SCHOOL_VOC
P010642,2024,SCHOOL_VOC
P010644,2024,LOW_NONE
P010646,2024,HIGHER_ED
P010651,2024,SCHOOL_VOC
P010652,2024,SCHOOL_VOC
P010655,2024,HIGHER_ED
P010658,2024,HIGHER_ED
P010661,2024,HIGHER_ED
P010663,2024,SCHOOL_VOC
P010668,2024,SCHOOL_VOC
P010671,2024,HIGHER_ED
P010672,2024,HIGHER_ED
P010674,2024,LOW_NONE
P010675,2024,SCHOOL_VOC
P010676,2024,LOW_NONE
P010682,2024,HIGHER_ED
P010687,2024,LOW_NONE
P010689,2024,SCHOOL_VOC
P010690,2024,SCHOOL_VOC
P010691,2024,SCHOOL_VOC
P010694,2024,SCHOOL_VOC
P010696,2024,SCHOOL_VOC
P010697,2024,SCHOOL_VOC
P010699,2024,SCHOOL_VOC
P010700,2024,SCHOOL_VOC
P010705,2024,SCHOOL_VOC
P010710,2024,HIGHER_ED
P010711,2024,
P010712,2024,LOW_NONE
P010716,2024,LOW_NONE
P010721,2024,SCHOOL_VOC
P010727,2024,LOW_NONE
P010730,2024,LOW_NONE
P010731,2024,HIGHER_ED
P010732,2024,HIGHER_ED
P010738,2024,SCHOOL_VOC
P010740,2024,HIGHER_ED
P010741,2024,HIGHER_ED
P010742,2024,LOW_NONE
P010745,2024,SCHOOL_VOC
P010747,2024,HIGHER_ED
P010748,2024,HIGHER_ED
P010750,2024,SCHOOL_VOC
P010752,2024,HIGHER_ED
P010755,2024,SCHOOL_VOC
P010756,2024,SCHOOL_VOC
P010757,2024,SCHOOL_VOC
P010759,2024,LOW_NONE
P010760,2024,SCHOOL_VOC
P010761,2024,HIGHER_ED
P010764,2024,HIGHER_ED
P010768,2024,SCHOOL_VOC
P010769,2024,HIGHER_ED
P010770,2024,HIGHER_ED
P010771,2024,SCHOOL_VOC
P010773,2024,HIGHER_ED
P010778,2024,SCHOOL_VOC
P010779,2024,HIGHER_ED
P010781,2024,SCHOOL_VOC
P010784,2024,SCHOOL_VOC
P010785,2024,SCHOOL_VOC
P010787,2024,SCHOOL_VOC
P010794,2024,SCHOOL_VOC
P010795,2024,SCHOOL_VOC
P010797,2024,SCHOOL_VOC
P010798,2024,SCHOOL_VOC
P010803,2024,SCHOOL_VOC
P010806,2024,SCHOOL_VOC
P010807,2024,SCHOOL_VOC
P010808,2024,SCHOOL_VOC
P010812,2024,HIGHER_ED
P010813,2024,HIGHER_ED
P010816,2024,SCHOOL_VOC
P010818,2024,HIGHER_ED
P010821,2024,SCHOOL_VOC
P010822,2024,SCHOOL_VOC
P010823,2024,SCHOOL_VOC
P010829,2024,SCHOOL_VOC
P010830,2024,SCHOOL_VOC
P010834,2024,SCHOOL_VOC
P010836,2024,SCHOOL_VOC
P010841,2024,HIGHER_ED
P010842,2024,HIGHER_ED
P010846,2024,SCHOOL_VOC
P010850,2024,SCHOOL_VOC
P010853,2024,SCHOOL_VOC
P010854,2024,SCHOOL_VOC
P010856,2024,HIGHER_ED
P010858,2024,SCHOOL_VOC
P010862,2024,SCHOOL_VOC
P010868,2024,SCHOOL_VOC
P010869,2024,SCHOOL_VOC
P010873,2024,SCHOOL_VOC
P010880,2024,SCHOOL_VOC
P010881,2024,SCHOOL_VOC
P010882,2024,SCHOOL_VOC
P010884,2024,SCHOOL_VOC
P010886,2024,SCHOOL_VOC
P010888,2024,SCHOOL_VOC
P010891,2024,HIGHER_ED
P010892,2024,SCHOOL_VOC
P010894,2024,SCHOOL_VOC
P010897,2024,SCHOOL_VOC
P010899,2024,SCHOOL_VOC
P010900,2024,SCHOOL_VOC
P010901,2024,SCHOOL_VOC
P010903,2024,HIGHER_ED
P010905,2024,SCHOOL_VOC
P010906,2024,LOW_NONE
P010908,2024,SCHOOL_VOC
P010909,2024,SCHOOL_VOC
P010915,2024,SCHOOL_VOC
P010923,2024,HIGHER_ED
P010929,2024,SCHOOL_VOC
P010933,2024,SCHOOL_VOC
P010935,2024,SCHOOL_VOC
P010936,2024,SCHOOL_VOC
P010937,2024,SCHOOL_VOC
P010940,2024,SCHOOL_VOC
P010941,2024,LOW_NONE
P010943,2024,SCHOOL_VOC
P010946,2024,HIGHER_ED
P010949,2024,HIGHER_ED
P010950,2024,HIGHER_ED
P010951,2024,SCHOOL_VOC
P010952,2024,SCHOOL_VOC
P010956,2024,SCHOOL_VOC
P010959,2024,LOW_NONE
P010965,2024,SCHOOL_VOC
P010968,2024,SCHOOL_VOC
P010970,2024,SCHOOL_VOC
P010971,2024,HIGHER_ED
P010972,2024,SCHOOL_VOC
P010975,2024,HIGHER_ED
P010979,2024,SCHOOL_VOC
,2024,HIGHER_ED
P010982,2024,SCHOOL_VOC
P010984,2024,SCHOOL_VOC
P010987,2024,HIGHER_ED
P010988,2024,SCHOOL_VOC
P010990,2024,LOW_NONE
P010994,2024,SCHOOL_VOC
P011000,2024,SCHOOL_VOC
P011001,2024,SCHOOL_VOC
P011009,2024,SCHOOL_VOC
P011012,2024,SCHOOL_VOC
P011014,2024,SCHOOL_VOC
P011022,2024,HIGHER_ED
P011024,2024,HIGHER_ED
P011026,2024,HIGHER_ED
P011027,2024,SCHOOL_VOC
P011029,2024,SCHOOL_VOC
P011031,2024,LOW_NONE
P011035,2024,SCHOOL_VOC
P011037,2024,LOW_NONE
P011038,2024,HIGHER_ED
P011039,2024,LOW_NONE
P011040,2024,LOW_NONE
P011041,2024,LOW_NONE
P011044,2024,SCHOOL_VOC
P011045,2024,HIGHER_ED
P011047,2024,HIGHER_ED
P011048,2024,SCHOOL_VOC
P011049,2024,SCHOOL_VOC
P011051,2024,HIGHER_ED
P011053,2024,SCHOOL_VOC
P011054,2024,HIGHER_ED
P011055,2024,SCHOOL_VOC
P011057,2024,HIGHER_ED
P011059,2024,SCHOOL_VOC
P011062,2024,HIGHER_ED
P011063,2024,SCHOOL_VOC
P011064,2024,HIGHER_ED
P011066,2024,SCHOOL_VOC
P011068,2024,SCHOOL_VOC
P011070,2024,SCHOOL_VOC
P011083,2024,HIGHER_ED
P011090,2024,SCHOOL_VOC
P011092,2024,SCHOOL_VOC
P011093,2024,SCHOOL_VOC
P011096,2024,SCHOOL_VOC
P011097,2024,SCHOOL_VOC
P011100,2024,SCHOOL_VOC
P011104,2024,SCHOOL_VOC
P011106,2024,SCHOOL_VOC
P011109,2024,HIGHER_ED
P011110,2024,SCHOOL_VOC
P011111,2024,SCHOOL_VOC
P011113,2024,HIGHER_ED
P011118,2024,SCHOOL_VOC
P011120,2024,SCHOOL_VOC
P011124,2024,SCHOOL_VOC
P011125,2024,HIGHER_ED
P011126,2024,SCHOOL_VOC
P011135,2024,LOW_NONE
P011136,2024,HIGHER_ED
P011140,2024,HIGHER_ED
P011150,2024,SCHOOL_VOC
P011151,2024,HIGHER_ED
P011152,2024,HIGHER_ED
P011161,2024,SCHOOL_VOC
P011162,2024,SCHOOL_VOC
P011167,2024,SCHOOL_VOC
P011169,2024,LOW_NONE
P011174,2024,HIGHER_ED
P011178,2024,SCHOOL_VOC
P011180,2024,HIGHER_ED
P011181,2024,HIGHER_ED
P011182,2024,SCHOOL_VOC
P011186,2024,SCHOOL_VOC
P011188,2024,SCHOOL_VOC
P011191,2024,SCHOOL_VOC
P011197,2024,SCHOOL_VOC
P011200,2024,SCHOOL_VOC
P011202,2024,SCHOOL_VOC
P011204,2024,SCHOOL_VOC
P011208,2024,SCHOOL_VOC
P011209,2024,HIGHER_ED
P011210,2024,LOW_NONE
P011217,2024,HIGHER_ED
P011218,2024,SCHOOL_VOC
P011219,2024,HIGHER_ED
P011222,2024,SCHOOL_VOC
P011225,2024,SCHOOL_VOC
P011226,2024,SCHOOL_VOC
P011227,2024,SCHOOL_VOC
P011233,2024,SCHOOL_VOC
P011235,2024,HIGHER_ED
P011238,2024,SCHOOL_VOC
P011241,2024,HIGHER_ED
P011242,2024,HIGHER_ED
P011250,2024,SCHOOL_VOC
P011253,2024,SCHOOL_VOC
P011255,2024,SCHOOL_VOC
P011258,2024,HIGHER_ED
P011261,2024,SCHOOL_VOC
P011262,2024,LOW_NONE
P011265,2024,SCHOOL_VOC
P011269,2024,SCHOOL_VOC
P011275,2024,SCHOOL_VOC
P011277,2024,SCHOOL_VOC
P011278,2024,SCHOOL_VOC
P011279,2024,SCHOOL_VOC
P011281,2024,HIGHER_ED
P011282,2024,SCHOOL_VOC
P011286,2024,SCHOOL_VOC
P011291,2024,SCHOOL_VOC
P011294,2024,SCHOOL_VOC
P011297,2024,SCHOOL_VOC
P011299,2024,SCHOOL_VOC
P011302,2024,SCHOOL_VOC
P011306,2024,SCHOOL_VOC
P011311,2024,HIGHER_ED
P011313,2024,SCHOOL_VOC
P011314,2024,HIGHER_ED
P011316,2024,HIGHER_ED
P011320,2024,SCHOOL_VOC
P011322,2024,HIGHER_ED
P011323,2024,LOW_NONE
P011324,2024,SCHOOL_VOC
P011327,2024,SCHOOL_VOC
P011329,2024,SCHOOL_VOC
P011330,2024,LOW_NONE
P011331,2024,SCHOOL_VOC
P011332,2024,HIGHER_ED
P011333,2024,SCHOOL_VOC
P011339,2024,SCHOOL_VOC
P011343,2024,HIGHER_ED
P011344,2024,HIGHER_ED
P011348,2024,SCHOOL_VOC
P011351,2024,SCHOOL_VOC
P011354,2024,SCHOOL_VOC
P011356,2024,LOW_NONE
P011358,2024,LOW_NONE
P011359,2024,SCHOOL_VOC
P011366,2024,SCHOOL_VOC
P011377,2024,HIGHER_ED
P011380,2024,HIGHER_ED
P011382,2024,HIGHER_ED
P011384,2024,HIGHER_ED
P011389,2024,SCHOOL_VOC
P011397,2024,SCHOOL_VOC
P011400,2024,SCHOOL_VOC
P011403,2024,SCHOOL_VOC
P011405,2024,HIGHER_ED
P011408,2024,SCHOOL_VOC
P011409,2024,SCHOOL_VOC
P011411,2024,SCHOOL_VOC
P011413,2024,SCHOOL_VOC
P011415,2024,SCHOOL_VOC
P011416,2024,SCHOOL_VOC
P011419,2024,HIGHER_ED
P011422,2024,SCHOOL_VOC
P011427,2024,
P011429,2024,SCHOOL_VOC
P011430,2024,SCHOOL_VOC
P011431,2024,SCHOOL_VOC
P011435,2024,SCHOOL_VOC
P011436,2024,HIGHER_ED
P011438,2024,HIGHER_ED
P011440,2024,SCHOOL_VOC
P011441,2024,SCHOOL_VOC
P011443,2024,SCHOOL_VOC
P011444,2024,SCHOOL_VOC
P011445,2024,SCHOOL_VOC
P011448,2024,SCHOOL_VOC
P011452,2024,HIGHER_ED
P011454,2024,HIGHER_ED
P011455,2024,SCHOOL_VOC
P011456,2024,SCHOOL_VOC
P011457,2024,SCHOOL_VOC
P011464,2024,SCHOOL_VOC
P011465,2024,SCHOOL_VOC
P011467,2024,HIGHER_ED
P011477,2024,SCHOOL_VOC
P011479,2024,HIGHER_ED
P011482,2024,HIGHER_ED
P011484,2024,HIGHER_ED
P011485,2024,SCHOOL_VOC
P011486,2024,SCHOOL_VOC
P011489,2024,LOW_NONE
P011490,2024,SCHOOL_VOC
P011492,2024,SCHOOL_VOC
P011493,2024,SCHOOL_VOC
P011494,2024,HIGHER_ED
P011495,2024,SCHOOL_VOC
P011499,2024,SCHOOL_VOC
P011501,2024,SCHOOL_VOC
P011503,2024,SCHOOL_VOC
P011505,2024,SCHOOL_VOC
P011508,2024,SCHOOL_VOC
P011511,2024,SCHOOL_VOC
P011515,2024,SCHOOL_VOC
P011518,2024,HIGHER_ED
P011520,2024,SCHOOL_VOC
P011523,2024,HIGHER_ED
P011526,2024,LOW_NONE
P011527,2024,SCHOOL_VOC
P011537,2024,HIGHER_ED
P011543,2024,SCHOOL_VOC
P011547,2024,SCHOOL_VOC
P011548,2024,SCHOOL_VOC
P011549,2024,SCHOOL_VOC
P011551,2024,HIGHER_ED
P011552,2024,SCHOOL_VOC
P011554,2024,SCHOOL_VOC
P011558,2024,SCHOOL_VOC
P011561,2024,SCHOOL_VOC
P011569,2024,SCHOOL_VOC
P011578,2024,HIGHER_ED
P011579,2024,
P011580,2024,HIGHER_ED
P011583,2024,SCHOOL_VOC
P011590,2024,SCHOOL_VOC
P011593,2024,HIGHER_ED
P011596,2024,SCHOOL_VOC
P011598,2024,SCHOOL_VOC
P011600,2024,SCHOOL_VOC
P011601,2024,LOW_NONE
P011604,2024,SCHOOL_VOC
P011605,2024,LOW_NONE
P011610,2024,SCHOOL_VOC
P011612,2024,SCHOOL_VOC
P011615,2024,SCHOOL_VOC
P011618,2024,SCHOOL_VOC
P011619,2024,HIGHER_ED
P011629,2024,SCHOOL_VOC
P011630,2024,HIGHER_ED
P011631,2024,SCHOOL_VOC
P011634,2024,SCHOOL_VOC
P011635,2024,SCHOOL_VOC
P011636,2024,HIGHER_ED
P011637,2024,HIGHER_ED
P011641,2024,HIGHER_ED
P011643,2024,HIGHER_ED
P011646,2024,SCHOOL_VOC
P011649,2024,SCHOOL_VOC
P011652,2024,HIGHER_ED
P011661,2024,SCHOOL_VOC
P011662,2024,SCHOOL_VOC
P011663,2024,HIGHER_ED
P011665,2024,SCHOOL_VOC
P011666,2024,HIGHER_ED
P011668,2024,HIGHER_ED
P011673,2024,LOW_NONE
P011678,2024,SCHOOL_VOC
P011679,2024,HIGHER_ED
P011681,2024,SCHOOL_VOC
P011682,2024,SCHOOL_VOC
P011684,2024,SCHOOL_VOC
P011685,2024,HIGHER_ED
P011688,2024,SCHOOL_VOC
P011701,2024,SCHOOL_VOC
P011703,2024,HIGHER_ED
P011704,2024,HIGHER_ED
P011705,2024,SCHOOL_VOC
P011706,2024,SCHOOL_VOC
P011707,2024,HIGHER_ED
P011712,2024,SCHOOL_VOC
P011715,2024,SCHOOL_VOC
P011717,2024,SCHOOL_VOC
P011723,2024,HIGHER_ED
P011726,2024,HIGHER_ED
P011729,2024,LOW_NONE
P011733,2024,HIGHER_ED
P011737,2024,HIGHER_ED
P011738,2024,HIGHER_ED
P011740,2024,LOW_NONE
P011743,2024,SCHOOL_VOC
P011745,2024,HIGHER_ED
P011747,2024,HIGHER_ED
P011749,2024,LOW_NONE
P011750,2024,SCHOOL_VOC
P011754,2024,SCHOOL_VOC
P011762,2024,SCHOOL_VOC
P011763,2024,SCHOOL_VOC
P011765,2024,SCHOOL_VOC
P011766,2024,LOW_NONE
P011777,2024,SCHOOL_VOC
P011782,2024,HIGHER_ED
P011784,2024,HIGHER_ED
P011791,2024,HIGHER_ED
P011792,2024,SCHOOL_VOC
P011794,2024,HIGHER_ED
P011802,2024,SCHOOL_VOC
P011803,2024,SCHOOL_VOC
P011805,2024,LOW_NONE
P011806,2024,SCHOOL_VOC
P011809,2024,SCHOOL_VOC
P011810,2024,SCHOOL_VOC
P011811,2024,HIGHER_ED
P011813,2024,HIGHER_ED
P011816,2024,SCHOOL_VOC
P011819,2024,SCHOOL_VOC
P011821,2024,HIGHER_ED
P011822,2024,SCHOOL_VOC
P011823,2024,SCHOOL_VOC
P011827,2024,SCHOOL_VOC
P011829,2024,SCHOOL_VOC
P011830,2024,SCHOOL_VOC
P011834,2024,HIGHER_ED
P011835,2024,HIGHER_ED
P011837,2024,SCHOOL_VOC
P011838,2024,HIGHER_ED
P011844,2024,HIGHER_ED
P011846,2024,HIGHER_ED
P011848,2024,SCHOOL_VOC
P011854,2024,SCHOOL_VOC
P011855,2024,HIGHER_ED
P011856,2024,SCHOOL_VOC
P011857,2024,SCHOOL_VOC
P011859,2024,SCHOOL_VOC
P011860,2024,SCHOOL_VOC
P011863,2024,HIGHER_ED
P011864,2024,HIGHER_ED
P011865,2024,HIGHER_ED
P011869,2024,HIGHER_ED
P011870,2024,HIGHER_ED
P011872,2024,SCHOOL_VOC
P011875,2024,SCHOOL_VOC
P011881,2024,HIGHER_ED
P011882,2024,SCHOOL_VOC
P011883,2024,SCHOOL_VOC
P011885,2024,LOW_NONE
P011887,2024,SCHOOL_VOC
P011888,2024,
P011897,2024,SCHOOL_VOC
P011898,2024,SCHOOL_VOC
P011902,2024,SCHOOL_VOC
P011905,2024,SCHOOL_VOC
P011909,2024,SCHOOL_VOC
P011910,2024,SCHOOL_VOC
P011911,2024,HIGHER_ED
P011913,2024,SCHOOL_VOC
P011919,2024,SCHOOL_VOC
P011920,2024,HIGHER_ED
P011921,2024,SCHOOL_VOC
P011922,2024,SCHOOL_VOC
P011924,2024,LOW_NONE
P011928,2024,HIGHER_ED
P011929,2024,LOW_NONE
P011931,2024,SCHOOL_VOC
P011935,2024,SCHOOL_VOC
P011936,2024,HIGHER_ED
P011938,2024,HIGHER_ED
P011939,2024,SCHOOL_VOC
P011941,2024,SCHOOL_VOC
P011943,2024,SCHOOL_VOC
P011945,2024,SCHOOL_VOC
P011946,2024,HIGHER_ED
P011950,2024,SCHOOL_VOC
P011951,2024,SCHOOL_VOC
P011954,2024,SCHOOL_VOC
P011955,2024,HIGHER_ED
P011956,2024,SCHOOL_VOC
P011963,2024,SCHOOL_VOC
P011970,2024,SCHOOL_VOC
P011977,2024,SCHOOL_VOC
P011978,2024,SCHOOL_VOC
P011982,2024,HIGHER_ED
P011983,2024,HIGHER_ED
P011987,2024,HIGHER_ED
P011991,2024,SCHOOL_VOC
P011992,2024,SCHOOL_VOC
P011993,2024,SCHOOL_VOC
P011998,2024,HIGHER_ED
P012000,2024,SCHOOL_VOC
P012006,2024,HIGHER_ED
P012009,2024,SCHOOL_VOC
P012010,2024,HIGHER_ED
P012020,2024,SCHOOL_VOC
P012022,2024,HIGHER_ED
P012027,2024,HIGHER_ED
P012028,2024,SCHOOL_VOC
P012030,2024,HIGHER_ED
P012031,2024,SCHOOL_VOC
P012032,2024,HIGHER_ED
P012034,2024,SCHOOL_VOC
P012035,2024,SCHOOL_VOC
P012038,2024,HIGHER_ED
P012039,2024,HIGHER_ED
P012041,2024,SCHOOL_VOC
P012043,2024,SCHOOL_VOC
P012044,2024,SCHOOL_VOC
P012047,2024,SCHOOL_VOC
P012050,2024,SCHOOL_VOC
P012060,2024,SCHOOL_VOC
P012061,2024,SCHOOL_VOC
P012066,2024,HIGHER_ED
P012075,2024,SCHOOL_VOC
P012076,2024,SCHOOL_VOC
P012078,2024,HIGHER_ED
P012079,2024,SCHOOL_VOC
P012083,2024,HIGHER_ED
P012084,2024,HIGHER_ED
P012091,2024,SCHOOL_VOC
P012109,2024,SCHOOL_VOC
P012111,2024,HIGHER_ED
P012115,2024,HIGHER_ED
P012121,2024,HIGHER_ED
P012123,2024,HIGHER_ED
P012124,2024,SCHOOL_VOC
P012125,2024,SCHOOL_VOC
P012126,2024,SCHOOL_VOC
P012127,2024,SCHOOL_VOC
P012128,2024,SCHOOL_VOC
P012135,2024,SCHOOL_VOC
P012138,2024,SCHOOL_VOC
P012141,2024,SCHOOL_VOC
P012147,2024,HIGHER_ED
P012150,2024,HIGHER_ED
P012155,2024,HIGHER_ED
P012160,2024,SCHOOL_VOC
P012164,2024,HIGHER_ED
P012166,2024,SCHOOL_VOC
P012168,2024,LOW_NONE
P012170,2024,HIGHER_ED
P012173,2024,LOW_NONE
P012176,2024,SCHOOL_VOC
P012177,2024,SCHOOL_VOC
P012180,2024,SCHOOL_VOC
P012183,2024,HIGHER_ED
P012187,2024,LOW_NONE
P012188,2024,SCHOOL_VOC
P012190,2024,SCHOOL_VOC
P012191,2024,HIGHER_ED
P012193,2024,HIGHER_ED
P012203,2024,SCHOOL_VOC
P012204,2024,LOW_NONE
P012205,2024,SCHOOL_VOC
P012206,2024,SCHOOL_VOC
P012213,2024,SCHOOL_VOC
P012216,2024,SCHOOL_VOC
P012218,2024,SCHOOL_VOC
P012223,2024,SCHOOL_VOC
P012230,2024,SCHOOL_VOC
P012233,2024,SCHOOL_VOC
P012238,2024,HIGHER_ED
P012239,2024,SCHOOL_VOC
P012246,2024,SCHOOL_VOC
P012249,2024,SCHOOL_VOC
P012251,2024,SCHOOL_VOC
P012258,2024,SCHOOL_VOC
P012259,2024,HIGHER_ED
P012261,2024,SCHOOL_VOC
P012264,2024,SCHOOL_VOC
P012265,2024,HIGHER_ED
P012266,2024,HIGHER_ED
P012269,2024,SCHOOL_VOC
P012273,2024,LOW_NONE
P012276,2024,SCHOOL_VOC
P012282,2024,HIGHER_ED
P012283,2024,HIGHER_ED
P012287,2024,HIGHER_ED
P012296,2024,SCHOOL_VOC
P012297,2024,SCHOOL_VOC
P012298,2024,SCHOOL_VOC
P012299,2024,HIGHER_ED
P012300,2024,SCHOOL_VOC
P012301,2024,SCHOOL_VOC
P012303,2024,SCHOOL_VOC
P012305,2024,HIGHER_ED
P012306,2024,SCHOOL_VOC
P012310,2024,HIGHER_ED
P012312,2024,SCHOOL_VOC
P012313,2024,HIGHER_ED
P012316,2024,HIGHER_ED
P012318,2024,SCHOOL_VOC
P012320,2024,SCHOOL_VOC
P012331,2024,SCHOOL_VOC
P012334,2024,HIGHER_ED
P012336,2024,SCHOOL_VOC
P012337,2024,
P012342,2024,SCHOOL_VOC
P012347,2024,SCHOOL_VOC
P012353,2024,HIGHER_ED
P012357,2024,SCHOOL_VOC
P012359,2024,SCHOOL_VOC
P012362,2024,SCHOOL_VOC
P012366,2024,SCHOOL_VOC
P012368,2024,SCHOOL_VOC
P012369,2024,SCHOOL_VOC
P012370,2024,SCHOOL_VOC
P012371,2024,SCHOOL_VOC
,2024,HIGHER_ED
P012377,2024,HIGHER_ED
P012384,2024,SCHOOL_VOC
P012386,2024,HIGHER_ED
P012392,2024,HIGHER_ED
P012393,2024,SCHOOL_VOC
P012394,2024,SCHOOL_VOC
P012395,2024,SCHOOL_VOC
P012400,2024,HIGHER_ED
P012401,2024,LOW_NONE
P012403,2024,SCHOOL_VOC
P012404,2024,SCHOOL_VOC
P012410,2024,HIGHER_ED
P012412,2024,SCHOOL_VOC
P012413,2024,HIGHER_ED
P012416,2024,LOW_NONE
P012419,2024,SCHOOL_VOC
P012420,2024,SCHOOL_VOC
P012422,2024,HIGHER_ED
P012429,2024,HIGHER_ED
P012433,2024,SCHOOL_VOC
P012434,2024,HIGHER_ED
P012435,2024,HIGHER_ED
P012436,2024,SCHOOL_VOC
P012439,2024,
P012440,2024,LOW_NONE
P012441,2024,SCHOOL_VOC
P012443,2024,HIGHER_ED
P012444,2024,HIGHER_ED
P012445,2024,LOW_NONE
P012447,2024,SCHOOL_VOC
P012448,2024,
P012453,2024,SCHOOL_VOC
P012457,2024,SCHOOL_VOC
P012458,2024,SCHOOL_VOC
P012459,2024,SCHOOL_VOC
P012460,2024,LOW_NONE
P012462,2024,SCHOOL_VOC
P012467,2024,SCHOOL_VOC
P012468,2024,SCHOOL_VOC
P012469,2024,SCHOOL_VOC
P012482,2024,SCHOOL_VOC
P012486,2024,SCHOOL_VOC
P012488,2024,HIGHER_ED
P012489,2024,SCHOOL_VOC
P012492,2024,HIGHER_ED
P012493,2024,HIGHER_ED
P012498,2024,SCHOOL_VOC
P012499,2024,HIGHER_ED
P012500,2024,SCHOOL_VOC
P012504,2024,LOW_NONE
P012507,2024,SCHOOL_VOC
P012508,2024,SCHOOL_VOC
P012510,2024,SCHOOL_VOC
P012511,2024,SCHOOL_VOC
P012516,2024,LOW_NONE
P012522,2024,SCHOOL_VOC
P012523,2024,HIGHER_ED
P012525,2024,LOW_NONE
P012526,2024,SCHOOL_VOC
P012527,2024,SCHOOL_VOC
P012528,2024,SCHOOL_VOC
P012530,2024,SCHOOL_VOC
P012531,2024,HIGHER_ED
P012533,2024,SCHOOL_VOC
P012538,2024,SCHOOL_VOC
P012539,2024,SCHOOL_VOC
P012540,2024,SCHOOL_VOC
P012547,2024,SCHOOL_VOC
P012548,2024,HIGHER_ED
P012549,2024,SCHOOL_VOC
P012551,2024,SCHOOL_VOC
P012553,2024,SCHOOL_VOC
P012554,2024,HIGHER_ED
P012556,2024,SCHOOL_VOC
P012557,2024,HIGHER_ED
P012562,2024,HIGHER_ED
P012563,2024,HIGHER_ED
P012564,2024,SCHOOL_VOC
P012574,2024,SCHOOL_VOC
P012577,2024,SCHOOL_VOC
P012579,2024,HIGHER_ED
P012580,2024,SCHOOL_VOC
P012581,2024,HIGHER_ED
P012582,2024,HIGHER_ED
P012586,2024,SCHOOL_VOC
P012589,2024,HIGHER_ED
P012590,2024,SCHOOL_VOC
P012591,2024,SCHOOL_VOC
P012593,2024,SCHOOL_VOC
P012596,2024,SCHOOL_VOC
P012598,2024,SCHOOL_VOC
P012599,2024,SCHOOL_VOC
P012602,2024,SCHOOL_VOC
P012603,2024,HIGHER_ED
P012606,2024,SCHOOL_VOC
P012607,2024,SCHOOL_VOC
P012611,2024,HIGHER_ED
P012613,2024,SCHOOL_VOC
P012618,2024,SCHOOL_VOC
P012620,2024,HIGHER_ED
P012622,2024,SCHOOL_VOC
P012625,2024,LOW_NONE
P012627,2024,HIGHER_ED
P012628,2024,SCHOOL_VOC
P012629,2024,SCHOOL_VOC
P012633,2024,SCHOOL_VOC
P012636,2024,SCHOOL_VOC
P012639,2024,SCHOOL_VOC
P012640,2024,SCHOOL_VOC
P012642,2024,SCHOOL_VOC
P012643,2024,SCHOOL_VOC
P012645,2024,HIGHER_ED
P012650,2024,SCHOOL_VOC
P012651,2024,HIGHER_ED
P012652,2024,SCHOOL_VOC
P012655,2024,SCHOOL_VOC
P012656,2024,HIGHER_ED
P012659,2024,SCHOOL_VOC
P012661,2024,HIGHER_ED
P012663,2024,HIGHER_ED
P012664,2024,HIGHER_ED
P012668,2024,SCHOOL_VOC
P012669,2024,SCHOOL_VOC
P012673,2024,LOW_NONE
P012680,2024,SCHOOL_VOC
P012683,2024,HIGHER_ED
P012686,2024,SCHOOL_VOC
P012695,2024,SCHOOL_VOC
P012701,2024,HIGHER_ED
P012705,2024,HIGHER_ED
P012706,2024,SCHOOL_VOC
P012708,2024,HIGHER_ED
P012709,2024,SCHOOL_VOC
P012712,2024,SCHOOL_VOC
P012713,2024,SCHOOL_VOC
P012715,2024,LOW_NONE
P012718,2024,SCHOOL_VOC
P012720,2024,SCHOOL_VOC
P012721,2024,SCHOOL_VOC
P012724,2024,HIGHER_ED
P012725,2024,SCHOOL_VOC
P012727,2024,SCHOOL_VOC
P012728,2024,SCHOOL_VOC
P012733,2024,LOW_NONE
P012734,2024,SCHOOL_VOC
P012735,2024,SCHOOL_VOC
P012736,2024,SCHOOL_VOC
P012744,2024,SCHOOL_VOC
P012745,2024,SCHOOL_VOC
P012746,2024,HIGHER_ED
P012747,2024,SCHOOL_VOC
P012749,2024,HIGHER_ED
P012750,2024,SCHOOL_VOC
P012752,2024,SCHOOL_VOC
P012757,2024,SCHOOL_VOC
P012761,2024,LOW_NONE
P012765,2024,SCHOOL_VOC
P012768,2024,SCHOOL_VOC
P012771,2024,SCHOOL_VOC
P012772,2024,SCHOOL_VOC
P012773,2024,SCHOOL_VOC
P012774,2024,SCHOOL_VOC
P012776,2024,SCHOOL_VOC
P012779,2024,SCHOOL_VOC
P012780,2024,SCHOOL_VOC
P012781,2024,SCHOOL_VOC
P012782,2024,SCHOOL_VOC
P012784,2024,SCHOOL_VOC
P012787,2024,SCHOOL_VOC
P012789,2024,HIGHER_ED
P012795,2024,SCHOOL_VOC
P012797,2024,LOW_NONE
P012800,2024,SCHOOL_VOC
P012801,2024,HIGHER_ED
P012802,2024,HIGHER_ED
P012806,2024,HIGHER_ED
P012807,2024,HIGHER_ED
P012810,2024,SCHOOL_VOC
P012816,2024,SCHOOL_VOC
P012817,2024,SCHOOL_VOC
P012821,2024,SCHOOL_VOC
P012823,2024,HIGHER_ED
P012824,2024,SCHOOL_VOC
P012825,2024,SCHOOL_VOC
P012827,2024,SCHOOL_VOC
P012829,2024,SCHOOL_VOC
P012831,2024,SCHOOL_VOC
P012833,2024,HIGHER_ED
P012836,2024,HIGHER_ED
P012840,2024,SCHOOL_VOC
P012841,2024,SCHOOL_VOC
P012844,2024,SCHOOL_VOC
P012846,2024,SCHOOL_VOC
P012847,2024,SCHOOL_VOC
P012849,2024,HIGHER_ED
P012855,2024,SCHOOL_VOC
P012857,2024,SCHOOL_VOC
P012858,2024,SCHOOL_VOC
P012861,2024,HIGHER_ED
P012863,2024,SCHOOL_VOC
P012865,2024,SCHOOL_VOC
P012866,2024,SCHOOL_VOC
P012870,2024,SCHOOL_VOC
P012871,2024,HIGHER_ED
P012875,2024,HIGHER_ED
P012877,2024,HIGHER_ED
P012880,2024,SCHOOL_VOC
P012881,2024,HIGHER_ED
P012883,2024,LOW_NONE
P012885,2024,SCHOOL_VOC
P012886,2024,HIGHER_ED
P012887,2024,LOW_NONE
P012888,2024,HIGHER_ED
P012889,2024,SCHOOL_VOC
P012890,2024,LOW_NONE
P012891,2024,LOW_NONE
P012896,2024,SCHOOL_VOC
P012900,2024,SCHOOL_VOC
P012905,2024,SCHOOL_VOC
P012908,2024,HIGHER_ED
P012911,2024,SCHOOL_VOC
P012915,2024,HIGHER_ED
P012916,2024,SCHOOL_VOC
P012918,2024,SCHOOL_VOC
P012920,2024,SCHOOL_VOC
P012921,2024,SCHOOL_VOC
P012922,2024,LOW_NONE
P012924,2024,SCHOOL_VOC
P012925,2024,SCHOOL_VOC
P012926,2024,LOW_NONE
P012929,2024,SCHOOL_VOC
P012935,2024,SCHOOL_VOC
P012938,2024,SCHOOL_VOC
P012945,2024,HIGHER_ED
P012951,2024,LOW_NONE
P012955,2024,SCHOOL_VOC
P012956,2024,SCHOOL_VOC
P012957,2024,SCHOOL_VOC
P012963,2024,SCHOOL_VOC
P012969,2024,SCHOOL_VOC
P012970,2024,SCHOOL_VOC
P012975,2024,HIGHER_ED
P012976,2024,HIGHER_ED
P012977,2024,HIGHER_ED
P012980,2024,LOW_NONE
P012981,2024,SCHOOL_VOC
P012983,2024,HIGHER_ED
P012988,2024,HIGHER_ED
P012989,2024,SCHOOL_VOC
P012991,2024,HIGHER_ED
P012999,2024,HIGHER_ED
P013006,2024,SCHOOL_VOC
P013010,2024,SCHOOL_VOC
P013012,2024,SCHOOL_VOC
P013013,2024,SCHOOL_VOC
P013015,2024,SCHOOL_VOC
P013019,2024,SCHOOL_VOC
P013021,2024,SCHOOL_VOC
P013022,2024,LOW_NONE
P013023,2024,SCHOOL_VOC
P013025,2024,SCHOOL_VOC
P013026,2024,SCHOOL_VOC
P013028,2024,HIGHER_ED
P013030,2024,SCHOOL_VOC
P013036,2024,HIGHER_ED
P013041,2024,SCHOOL_VOC
P013043,2024,HIGHER_ED
P013045,2024,LOW_NONE
P013049,2024,HIGHER_ED
P013050,2024,HIGHER_ED
P013053,2024,SCHOOL_VOC
P013057,2024,SCHOOL_VOC
P013059,2024,HIGHER_ED
P013060,2024,SCHOOL_VOC
P013062,2024,SCHOOL_VOC
P013065,2024,SCHOOL_VOC
P013066,2024,SCHOOL_VOC
P013068,2024,HIGHER_ED
P013070,2024,HIGHER_ED
P013071,2024,SCHOOL_VOC
P013072,2024,SCHOOL_VOC
P013073,2024,SCHOOL_VOC
P013076,2024,SCHOOL_VOC
P013079,2024,SCHOOL_VOC
P013086,2024,LOW_NONE
P013089,2024,SCHOOL_VOC
P013090,2024,LOW_NONE
P013091,2024,HIGHER_ED
P013092,2024,SCHOOL_VOC
P013093,2024,HIGHER_ED
P013094,2024,SCHOOL_VOC
P013095,2024,SCHOOL_VOC
P013105,2024,SCHOOL_VOC
P013108,2024,HIGHER_ED
P013112,2024,SCHOOL_VOC
P013115,2024,HIGHER_ED
P013116,2024,SCHOOL_VOC
P013126,2024,SCHOOL_VOC
P013132,2024,SCHOOL_VOC
P013135,2024,SCHOOL_VOC
P013136,2024,SCHOOL_VOC
P013144,2024,HIGHER_ED
P013148,2024,SCHOOL_VOC
P013149,2024,SCHOOL_VOC
P013150,2024,SCHOOL_VOC
P013151,2024,HIGHER_ED
P013152,2024,HIGHER_ED
P013155,2024,SCHOOL_VOC
P013161,2024,SCHOOL_VOC
P013162,2024,SCHOOL_VOC
P013163,2024,SCHOOL_VOC
P013164,2024,HIGHER_ED
P013165,2024,SCHOOL_VOC
P013167,2024,HIGHER_ED
P013169,2024,HIGHER_ED
P013172,2024,HIGHER_ED
P013182,2024,SCHOOL_VOC
P013185,2024,SCHOOL_VOC
P013193,2024,HIGHER_ED
P013197,2023,SCHOOL_VOC
P013200,2024,HIGHER_ED
P013204,2024,SCHOOL_VOC
P013207,2024,HIGHER_ED
P013214,2024,SCHOOL_VOC
P013216,2024,HIGHER_ED
P013217,2024,SCHOOL_VOC
P013219,2024,SCHOOL_VOC
P013222,2024,HIGHER_ED
P013223,2024,SCHOOL_VOC
P013224,2024,SCHOOL_VOC
P013226,2024,SCHOOL_VOC
P013230,2024,SCHOOL_VOC
P013233,2024,SCHOOL_VOC
P013244,2024,SCHOOL_VOC
P013246,2024,SCHOOL_VOC
P013252,2024,SCHOOL_VOC
P013257,2024,SCHOOL_VOC
P013259,2024,SCHOOL_VOC
P013260,2024,LOW_NONE
P013262,2024,SCHOOL_VOC
P013263,2024,SCHOOL_VOC
P013266,2024,SCHOOL_VOC
P013268,2024,HIGHER_ED
P013270,2024,SCHOOL_VOC
P013279,2024,SCHOOL_VOC
P013281,2024,HIGHER_ED
P013283,2024,SCHOOL_VOC
P013285,2024,HIGHER_ED
P013287,2024,SCHOOL_VOC
P013288,2024,LOW_NONE
P013289,2024,SCHOOL_VOC
P013293,2024,SCHOOL_VOC
P013294,2024,SCHOOL_VOC
P013295,2024,SCHOOL_VOC
P013307,2024,SCHOOL_VOC
P013308,2024,HIGHER_ED
P013310,2024,LOW_NONE
P013312,2024,
P013315,2024,SCHOOL_VOC
P013316,2024,SCHOOL_VOC
P013318,2024,HIGHER_ED
P013320,2024,SCHOOL_VOC
P013321,2024,SCHOOL_VOC
P013322,2024,SCHOOL_VOC
P013327,2024,SCHOOL_VOC
P013330,2024,HIGHER_ED
P013332,2024,SCHOOL_VOC
P013335,2024,SCHOOL_VOC
P013336,2024,HIGHER_ED
P013337,2024,SCHOOL_VOC
P013339,2024,HIGHER_ED
P013343,2024,HIGHER_ED
P013346,2024,HIGHER_ED
P013347,2024,SCHOOL_VOC
P013350,2024,SCHOOL_VOC
P013352,2024,SCHOOL_VOC
P013356,2024,HIGHER_ED
P013357,2024,SCHOOL_VOC
P013358,2024,SCHOOL_VOC
P013359,2024,SCHOOL_VOC
P013363,2024,SCHOOL_VOC
P013367,2024,HIGHER_ED
P013368,2024,SCHOOL_VOC
P013371,2024,HIGHER_ED
P013373,2024,HIGHER_ED
P013375,2024,SCHOOL_VOC
P013376,2024,SCHOOL_VOC
P013377,2024,SCHOOL_VOC
P013379,2024,SCHOOL_VOC
P013380,2024,SCHOOL_VOC
P013386,2024,SCHOOL_VOC
P013391,2024,SCHOOL_VOC
P013393,2024,SCHOOL_VOC
P013395,2024,SCHOOL_VOC
P013398,2024,HIGHER_ED
P013403,2024,SCHOOL_VOC
P013406,2024,HIGHER_ED
P013409,2024,LOW_NONE
P013411,2024,HIGHER_ED
P013412,2024,HIGHER_ED
P013413,2024,SCHOOL_VOC
P013415,2024,SCHOOL_VOC
P013416,2024,SCHOOL_VOC
P013422,2024,SCHOOL_VOC
P013423,2024,SCHOOL_VOC
P013425,2024,SCHOOL_VOC
P013427,2024,HIGHER_ED
P013431,2024,HIGHER_ED
P013432,2024,HIGHER_ED
P013436,2024,SCHOOL_VOC
P013439,2024,SCHOOL_VOC
P013440,2024,HIGHER_ED
P013443,2024,HIGHER_ED
P013444,2024,LOW_NONE
P013446,2024,SCHOOL_VOC
P013447,2024,SCHOOL_VOC
P013448,2024,LOW_NONE
P013449,2024,HIGHER_ED
P013457,2024,SCHOOL_VOC
P013459,2024,SCHOOL_VOC
P013460,2024,SCHOOL_VOC
P013461,2024,SCHOOL_VOC
P013463,2024,HIGHER_ED
P013467,2024,LOW_NONE
P013468,2024,HIGHER_ED
P013473,2024,SCHOOL_VOC
P013479,2024,SCHOOL_VOC
P013481,2024,HIGHER_ED
P013484,2024,LOW_NONE
P013485,2024,HIGHER_ED
P013486,2024,SCHOOL_VOC
P013488,2024,SCHOOL_VOC
P013492,2024,HIGHER_ED
P013494,2024,LOW_NONE
P013497,2024,LOW_NONE
P013498,2024,SCHOOL_VOC
P013500,2024,SCHOOL_VOC
P013501,2024,SCHOOL_VOC
P013502,2024,SCHOOL_VOC
P013505,2024,SCHOOL_VOC
P013506,2024,LOW_NONE
P013507,2024,HIGHER_ED
P013508,2024,SCHOOL_VOC
P013511,2024,SCHOOL_VOC
P013514,2024,HIGHER_ED
P013515,2024,HIGHER_ED
P013516,2024,HIGHER_ED
P013517,2024,SCHOOL_VOC
P013518,2024,SCHOOL_VOC
P013525,2024,SCHOOL_VOC
P013526,2024,SCHOOL_VOC
P013528,2024,HIGHER_ED
P013533,2024,HIGHER_ED
P013539,2024,HIGHER_ED
P013542,2024,HIGHER_ED
P013544,2024,HIGHER_ED
P013551,2024,LOW_NONE
P013552,2024,HIGHER_ED
P013557,2024,SCHOOL_VOC
P013558,2024,HIGHER_ED
P013559,2024,HIGHER_ED
P013561,2024,SCHOOL_VOC
P013566,2024,HIGHER_ED
P013568,2024,SCHOOL_VOC
P013570,2024,HIGHER_ED
P013571,2024,LOW_NONE
P013585,2024,SCHOOL_VOC
P013586,2024,SCHOOL_VOC
P013587,2024,SCHOOL_VOC
P013588,2024,SCHOOL_VOC
P013589,2024,LOW_NONE
P013590,2024,LOW_NONE
P013591,2024,SCHOOL_VOC
P013594,2024,SCHOOL_VOC
P013595,2024,SCHOOL_VOC
P013600,2024,SCHOOL_VOC
P013601,2024,SCHOOL_VOC
P013612,2024,HIGHER_ED
P013614,2024,SCHOOL_VOC
P013615,2024,SCHOOL_VOC
P013618,2024,HIGHER_ED
P013619,2024,SCHOOL_VOC
P013625,2024,HIGHER_ED
P013626,2024,LOW_NONE
P013631,2024,SCHOOL_VOC
P013638,2024,SCHOOL_VOC
P013642,2024,SCHOOL_VOC
P013648,2024,HIGHER_ED
P013650,2024,SCHOOL_VOC
P013662,2024,SCHOOL_VOC
P013664,2024,SCHOOL_VOC
P013667,2024,SCHOOL_VOC
P013668,2024,SCHOOL_VOC
P013670,2024,SCHOOL_VOC
P013672,2024,SCHOOL_VOC
P013680,2024,SCHOOL_VOC
P013684,2024,SCHOOL_VOC
P013685,2024,HIGHER_ED
P013687,2024,SCHOOL_VOC
P013689,2024,HIGHER_ED
P013691,2024,HIGHER_ED
P013697,2024,SCHOOL_VOC
P013699,2024,HIGHER_ED
P013702,2024,SCHOOL_VOC
P013703,2024,LOW_NONE
P013705,2024,SCHOOL_VOC
P013707,2024,SCHOOL_VOC
P013708,2024,HIGHER_ED
P013711,2024,SCHOOL_VOC
P013720,2024,HIGHER_ED
,2024,HIGHER_ED
P013730,2024,SCHOOL_VOC
P013731,2024,SCHOOL_VOC
P013733,2024,SCHOOL_VOC
P013738,2024,SCHOOL_VOC
P013744,2024,HIGHER_ED
P013745,2024,HIGHER_ED
P013748,2024,SCHOOL_VOC
P013750,2024,SCHOOL_VOC
P013754,2024,SCHOOL_VOC
P013760,2024,SCHOOL_VOC
P013761,2024,SCHOOL_VOC
P013762,2024,SCHOOL_VOC
P013764,2024,HIGHER_ED
P013766,2024,SCHOOL_VOC
P013770,2024,HIGHER_ED
P013771,2024,SCHOOL_VOC
P013773,2024,HIGHER_ED
P013774,2024,SCHOOL_VOC
P013777,2024,HIGHER_ED
P013780,2024,LOW_NONE
P013788,2024,SCHOOL_VOC
P013794,2024,SCHOOL_VOC
P013795,2024,SCHOOL_VOC
P013796,2024,SCHOOL_VOC
P013798,2024,SCHOOL_VOC
P013800,2024,SCHOOL_VOC
P013803,2024,SCHOOL_VOC
P013807,2024,SCHOOL_VOC
P013808,2024,SCHOOL_VOC
P013812,2024,SCHOOL_VOC
P013814,2024,SCHOOL_VOC
P013816,2024,SCHOOL_VOC
P013817,2024,SCHOOL_VOC
P013818,2024,SCHOOL_VOC
P013822,2024,SCHOOL_VOC
P013824,2024,HIGHER_ED
P013825,2024,HIGHER_ED
P013826,2024,HIGHER_ED
P013829,2024,LOW_NONE
P013830,2024,HIGHER_ED
P013832,2024,SCHOOL_VOC
P013833,2024,SCHOOL_VOC
P013834,2024,SCHOOL_VOC
P013837,2024,SCHOOL_VOC
P013842,2024,SCHOOL_VOC
P013852,2024,HIGHER_ED
P013860,2024,SCHOOL_VOC
P013861,2024,SCHOOL_VOC
P013863,2024,SCHOOL_VOC
P013867,2024,SCHOOL_VOC
P013870,2024,SCHOOL_VOC
P013873,2024,LOW_NONE
P013874,2024,SCHOOL_VOC
P013877,2024,SCHOOL_VOC
P013878,2024,SCHOOL_VOC
P013880,2024,SCHOOL_VOC
P013883,2024,SCHOOL_VOC
P013887,2024,HIGHER_ED
P013888,2024,HIGHER_ED
P013889,2024,HIGHER_ED
P013890,2024,SCHOOL_VOC
P013893,2024,HIGHER_ED
P013896,2024,SCHOOL_VOC
P013901,2024,SCHOOL_VOC
P013902,2024,HIGHER_ED
P013903,2024,SCHOOL_VOC
P013904,2024,HIGHER_ED
P013910,2024,SCHOOL_VOC
P013912,2024,LOW_NONE
P013914,2024,LOW_NONE
P013916,2024,SCHOOL_VOC
P013924,2024,SCHOOL_VOC
P013925,2024,LOW_NONE
P013927,2024,SCHOOL_VOC
P013928,2024,SCHOOL_VOC
P013938,2024,SCHOOL_VOC
P013939,2024,SCHOOL_VOC
P013940,2024,SCHOOL_VOC
P013944,2024,HIGHER_ED
P013946,2024,SCHOOL_VOC
P013947,2024,SCHOOL_VOC
P013951,2024,SCHOOL_VOC
P013959,2024,SCHOOL_VOC
P013960,2024,SCHOOL_VOC
P013962,2024,HIGHER_ED
P013965,2024,SCHOOL_VOC
P013968,2024,SCHOOL_VOC
P013974,2024,HIGHER_ED
P013978,2024,HIGHER_ED
P013979,2024,LOW_NONE
P013980,2024,HIGHER_ED
P013982,2024,SCHOOL_VOC
P013987,2024,SCHOOL_VOC
P013988,2024,SCHOOL_VOC
P013989,2024,
P013990,2024,HIGHER_ED
P013995,2024,SCHOOL_VOC
P013997,2024,HIGHER_ED
P014001,2024,SCHOOL_VOC
P014002,2024,SCHOOL_VOC
P014005,2024,SCHOOL_VOC
P014010,2024,SCHOOL_VOC
P014011,2024,HIGHER_ED
P014015,2024,HIGHER_ED
P014016,2024,SCHOOL_VOC
P014017,2024,LOW_NONE
P014018,2024,
P014019,2024,SCHOOL_VOC
P014021,2024,HIGHER_ED
P014022,2024,SCHOOL_VOC
P014025,2024,SCHOOL_VOC
P014027,2024,SCHOOL_VOC
P014028,2024,HIGHER_ED
P014030,2024,HIGHER_ED
P014031,2024,HIGHER_ED
P014033,2024,SCHOOL_VOC
P014036,2024,HIGHER_ED
P014046,2024,SCHOOL_VOC
P014047,2024,SCHOOL_VOC
P014049,2024,SCHOOL_VOC
P014050,2024,HIGHER_ED
P014051,2024,HIGHER_ED
P014061,2024,SCHOOL_VOC
P014062,2024,SCHOOL_VOC
P014064,2024,LOW_NONE
P014071,2024,HIGHER_ED
P014077,2024,HIGHER_ED
P014079,2024,HIGHER_ED
P014081,2024,SCHOOL_VOC
P014082,2024,SCHOOL_VOC
P014086,2024,SCHOOL_VOC
P014088,2024,HIGHER_ED
P014089,2024,HIGHER_ED
P014093,2024,SCHOOL_VOC
P014094,2024,HIGHER_ED
P014095,2024,LOW_NONE
P014103,2024,HIGHER_ED
P014105,2024,SCHOOL_VOC
P014106,2024,SCHOOL_VOC
P014108,2024,HIGHER_ED
P014110,2024,HIGHER_ED
P014114,2024,SCHOOL_VOC
P014117,2024,SCHOOL_VOC
P014118,2024,LOW_NONE
P014119,2024,SCHOOL_VOC
P014122,2024,HIGHER_ED
P014124,2024,SCHOOL_VOC
P014128,2024,HIGHER_ED
P014133,2024,SCHOOL_VOC
P014142,2024,SCHOOL_VOC
P014143,2024,SCHOOL_VOC
P014144,2024,HIGHER_ED
P014145,2024,SCHOOL_VOC
P014148,2024,HIGHER_ED
P014151,2024,HIGHER_ED
P014154,2024,HIGHER_ED
P014155,2024,HIGHER_ED
P014165,2024,SCHOOL_VOC
P014166,2024,SCHOOL_VOC
P014167,2024,SCHOOL_VOC
P014168,2024,HIGHER_ED
P014169,2024,SCHOOL_VOC
P014172,2024,SCHOOL_VOC
P014174,2024,SCHOOL_VOC
P014176,2024,SCHOOL_VOC
P014177,2024,SCHOOL_VOC
P014179,2024,HIGHER_ED
P014180,2024,SCHOOL_VOC
P014181,2024,SCHOOL_VOC
P014182,2024,SCHOOL_VOC
P014184,2024,HIGHER_ED
P014189,2024,SCHOOL_VOC
P014192,2024,LOW_NONE
P014193,2024,SCHOOL_VOC
P014197,2024,SCHOOL_VOC
P014198,2024,SCHOOL_VOC
P014202,2024,HIGHER_ED
P014204,2024,SCHOOL_VOC
P014208,2024,LOW_NONE
P014216,2024,HIGHER_ED
P014217,2024,SCHOOL_VOC
P014218,2024,HIGHER_ED
P014225,2024,SCHOOL_VOC
P014228,2024,SCHOOL_VOC
P014229,2024,HIGHER_ED
P014230,2024,SCHOOL_VOC
P014231,2024,LOW_NONE
P014232,2024,SCHOOL_VOC
P014235,2024,HIGHER_ED
P014237,2024,SCHOOL_VOC
P014240,2024,SCHOOL_VOC
P014242,2024,SCHOOL_VOC
P014243,2024,HIGHER_ED
P014245,2024,SCHOOL_VOC
P014249,2024,SCHOOL_VOC
P014252,2024,SCHOOL_VOC
P014253,2024,SCHOOL_VOC
P014254,2024,SCHOOL_VOC
P014259,2024,SCHOOL_VOC
P014260,2024,HIGHER_ED
P014261,2024,SCHOOL_VOC
P014263,2024,HIGHER_ED
P014264,2024,SCHOOL_VOC
P014265,2024,HIGHER_ED
P014266,2024,SCHOOL_VOC
P014267,2024,SCHOOL_VOC
P014272,2024,HIGHER_ED
P014273,2024,SCHOOL_VOC
P014274,2024,LOW_NONE
P014277,2024,SCHOOL_VOC
P014278,2024,
P014279,2024,SCHOOL_VOC
P014282,2024,SCHOOL_VOC
P014285,2024,HIGHER_ED
P014287,2024,SCHOOL_VOC
P014290,2024,HIGHER_ED
P014293,2024,SCHOOL_VOC
P014295,2024,SCHOOL_VOC
P014296,2024,HIGHER_ED
P014297,2024,SCHOOL_VOC
P014300,2024,SCHOOL_VOC
P014304,2024,SCHOOL_VOC
P014309,2024,SCHOOL_VOC
P014317,2024,LOW_NONE
P014319,2024,SCHOOL_VOC
P014320,2024,SCHOOL_VOC
P014321,2024,HIGHER_ED
P014322,2024,HIGHER_ED
P014323,2024,SCHOOL_VOC
P014324,2024,SCHOOL_VOC
P014326,2024,HIGHER_ED
P014327,2024,HIGHER_ED
P014328,2024,SCHOOL_VOC
P014332,2024,SCHOOL_VOC
P014334,2024,SCHOOL_VOC
P014335,2024,SCHOOL_VOC
P014336,2024,SCHOOL_VOC
P014338,2024,SCHOOL_VOC
P014339,2024,HIGHER_ED
P014340,2024,SCHOOL_VOC
P014342,2024,SCHOOL_VOC
P014345,2024,SCHOOL_VOC
P014346,2024,LOW_NONE
P014347,2024,HIGHER_ED
P014348,2024,SCHOOL_VOC
P014349,2024,HIGHER_ED
P014350,2024,LOW_NONE
P014351,2024,HIGHER_ED
P014355,2024,UNMAPPED_GROUP
P014357,2024,
P014358,2024,SCHOOL_VOC
P014362,2024,LOW_NONE
P014364,2024,SCHOOL_VOC
P014368,2024,SCHOOL_VOC
P014369,2024,HIGHER_ED
P014373,2024,SCHOOL_VOC
P014374,2024,SCHOOL_VOC
P014383,2024,SCHOOL_VOC
P014384,2024,HIGHER_ED
P014394,2024,SCHOOL_VOC
P014395,2024,LOW_NONE
P014396,2024,SCHOOL_VOC
P014398,2024,SCHOOL_VOC
P014400,2024,HIGHER_ED
P014401,2024,SCHOOL_VOC
P014403,2024,HIGHER_ED
P014405,2024,HIGHER_ED
P014407,2024,HIGHER_ED
P014414,2024,SCHOOL_VOC
P014416,2024,SCHOOL_VOC
P014417,2024,SCHOOL_VOC
P014424,2024,SCHOOL_VOC
P014425,2024,SCHOOL_VOC
P014426,2024,SCHOOL_VOC
P014427,2024,HIGHER_ED
P014431,2024,SCHOOL_VOC
P014436,2024,SCHOOL_VOC
P014439,2024,SCHOOL_VOC
P014442,2024,SCHOOL_VOC
P014445,2024,SCHOOL_VOC
P014449,2024,LOW_NONE
P014450,2024,SCHOOL_VOC
P014452,2024,SCHOOL_VOC
P014455,2024,SCHOOL_VOC
P014459,2024,SCHOOL_VOC
P014462,2024,HIGHER_ED
P014464,2024,HIGHER_ED
P014468,2024,LOW_NONE
P014474,2024,SCHOOL_VOC
P014479,2024,LOW_NONE
P014481,2024,SCHOOL_VOC
P014483,2024,HIGHER_ED
P014485,2024,HIGHER_ED
P014489,2024,SCHOOL_VOC
P014497,2024,HIGHER_ED
P014498,2024,SCHOOL_VOC
P014500,2024,HIGHER_ED
P014504,2024,HIGHER_ED
P014507,2024,LOW_NONE
P014509,2024,
P014511,2024,HIGHER_ED
P014512,2024,SCHOOL_VOC
P014513,2024,SCHOOL_VOC
P014515,2024,HIGHER_ED
P014519,2024,HIGHER_ED
P014520,2024,SCHOOL_VOC
P014522,2024,HIGHER_ED
P014523,2024,HIGHER_ED
P014525,2024,HIGHER_ED
P014527,2024,SCHOOL_VOC
P014530,2024,SCHOOL_VOC
P014531,2024,HIGHER_ED
P014532,2024,HIGHER_ED
P014533,2024,SCHOOL_VOC
P014534,2024,SCHOOL_VOC
P014538,2024,SCHOOL_VOC
P014541,2024,SCHOOL_VOC
P014542,2024,SCHOOL_VOC
P014546,2024,HIGHER_ED
P014553,2024,SCHOOL_VOC
P014556,2024,SCHOOL_VOC
P014559,2024,SCHOOL_VOC
P014560,2024,
P014561,2024,SCHOOL_VOC
P014562,2024,SCHOOL_VOC
P014563,2024,SCHOOL_VOC
P014566,2024,SCHOOL_VOC
P014570,2024,SCHOOL_VOC
P014571,2024,SCHOOL_VOC
P014573,2024,HIGHER_ED
P014582,2024,HIGHER_ED
P014585,2024,SCHOOL_VOC
P014590,2024,SCHOOL_VOC
P014592,2024,SCHOOL_VOC
P014594,2024,HIGHER_ED
P014601,2024,SCHOOL_VOC
P014605,2024,SCHOOL_VOC
P014608,2024,SCHOOL_VOC
P014622,2024,HIGHER_ED
P014626,2024,SCHOOL_VOC
P014627,2024,SCHOOL_VOC
P014633,2024,HIGHER_ED
P014635,2024,HIGHER_ED
P014650,2024,HIGHER_ED
P014651,2024,HIGHER_ED
P014652,2024,SCHOOL_VOC
P014653,2024,HIGHER_ED
P014654,2024,HIGHER_ED
P014655,2024,HIGHER_ED
P014656,2024,SCHOOL_VOC
P014660,2024,SCHOOL_VOC
P014661,2024,SCHOOL_VOC
P014669,2024,SCHOOL_VOC
P014671,2024,SCHOOL_VOC
P014673,2024,SCHOOL_VOC
P014675,2024,SCHOOL_VOC
P014677,2024,HIGHER_ED
P014679,2024,SCHOOL_VOC
P014690,2024,SCHOOL_VOC
P014694,2024,SCHOOL_VOC
P014699,2024,HIGHER_ED
P014700,2024,SCHOOL_VOC
P014701,2024,SCHOOL_VOC
P014707,2024,LOW_NONE
P014709,2024,HIGHER_ED
P014710,2024,SCHOOL_VOC
P014712,2024,HIGHER_ED
P014715,2024,LOW_NONE
P014716,2024,SCHOOL_VOC
P014718,2024,HIGHER_ED
P014720,2024,SCHOOL_VOC
P014721,2024,SCHOOL_VOC
P014722,2024,SCHOOL_VOC
P014729,2024,SCHOOL_VOC
P014735,2024,HIGHER_ED
P014742,2024,HIGHER_ED
P014743,2024,SCHOOL_VOC
P014749,2024,HIGHER_ED
P014751,2024,LOW_NONE
P014754,2024,SCHOOL_VOC
P014758,2024,SCHOOL_VOC
P014762,2024,SCHOOL_VOC
P014765,2024,HIGHER_ED
P014770,2024,SCHOOL_VOC
P014771,2024,HIGHER_ED
P014774,2024,SCHOOL_VOC
P014776,2024,HIGHER_ED
P014782,2024,SCHOOL_VOC
P014783,2024,SCHOOL_VOC
P014785,2024,HIGHER_ED
P014789,2024,SCHOOL_VOC
P014795,2024,SCHOOL_VOC
P014798,2024,SCHOOL_VOC
P014799,2024,SCHOOL_VOC
P014801,2024,SCHOOL_VOC
P014802,2024,SCHOOL_VOC
P014805,2024,SCHOOL_VOC
P014810,2024,HIGHER_ED
P014813,2024,HIGHER_ED
P014816,2024,HIGHER_ED
P014820,2024,HIGHER_ED
P014821,2024,SCHOOL_VOC
P014822,2024,SCHOOL_VOC
P014823,2024,SCHOOL_VOC
P014824,2024,SCHOOL_VOC
P014826,2024,HIGHER_ED
P014827,2024,SCHOOL_VOC
P014828,2024,SCHOOL_VOC
P014832,2024,SCHOOL_VOC
P014833,2024,SCHOOL_VOC
P014834,2024,HIGHER_ED
P014835,2024,SCHOOL_VOC
P014838,2024,SCHOOL_VOC
P014840,2024,SCHOOL_VOC
P014842,2024,HIGHER_ED
P014848,2024,SCHOOL_VOC
P014850,2024,SCHOOL_VOC
P014852,2024,LOW_NONE
P014855,2024,SCHOOL_VOC
P014856,2024,SCHOOL_VOC
P014858,2024,SCHOOL_VOC
P014862,2024,SCHOOL_VOC
P014864,2024,HIGHER_ED
P014869,2024,SCHOOL_VOC
P014871,2024,SCHOOL_VOC
P014872,2024,SCHOOL_VOC
P014875,2024,SCHOOL_VOC
P014878,2024,HIGHER_ED
P014881,2024,LOW_NONE
P014883,2024,SCHOOL_VOC
P014884,2024,SCHOOL_VOC
P014885,2024,SCHOOL_VOC
P014888,2024,SCHOOL_VOC
P014889,2024,HIGHER_ED
P014895,2024,SCHOOL_VOC
P014896,2024,SCHOOL_VOC
P014898,2024,SCHOOL_VOC
P014899,2024,SCHOOL_VOC
P014904,2024,SCHOOL_VOC
P014907,2024,HIGHER_ED
P014909,2024,HIGHER_ED
P014911,2024,HIGHER_ED
P014916,2024,LOW_NONE
P014919,2024,HIGHER_ED
P014927,2024,HIGHER_ED
P014929,2024,SCHOOL_VOC
P014932,2024,HIGHER_ED
P014934,2024,SCHOOL_VOC
P014940,2024,HIGHER_ED
P014941,2024,SCHOOL_VOC
P014947,2024,HIGHER_ED
P014949,2024,HIGHER_ED
P014951,2024,HIGHER_ED
P014953,2024,SCHOOL_VOC
P014955,2024,SCHOOL_VOC
P014961,2024,HIGHER_ED
P014962,2024,HIGHER_ED
P014963,2024,SCHOOL_VOC
P014965,2024,SCHOOL_VOC
P014968,2024,SCHOOL_VOC
P014969,2024,SCHOOL_VOC
P014977,2024,SCHOOL_VOC
P014981,2024,SCHOOL_VOC
P014990,2024,HIGHER_ED
P014993,2024,SCHOOL_VOC
P014994,2024,HIGHER_ED
P014995,2024,LOW_NONE
P014996,2024,SCHOOL_VOC
P015000,2024,SCHOOL_VOC
P015001,2024,SCHOOL_VOC
P015006,2024,HIGHER_ED
P015007,2024,SCHOOL_VOC
P015009,2024,SCHOOL_VOC
P015010,2024,SCHOOL_VOC
P015016,2024,SCHOOL_VOC
P015018,2024,HIGHER_ED
P015019,2024,SCHOOL_VOC
P015020,2024,SCHOOL_VOC
P015022,2024,SCHOOL_VOC
P015023,2024,SCHOOL_VOC
P015025,2024,HIGHER_ED
P015026,2024,SCHOOL_VOC
P015028,2024,SCHOOL_VOC
P015035,2024,SCHOOL_VOC
P015040,2024,HIGHER_ED
P015043,2024,SCHOOL_VOC
P015049,2024,HIGHER_ED
P015056,2024,LOW_NONE
P015061,2024,SCHOOL_VOC
P015064,2024,HIGHER_ED
P015068,2024,LOW_NONE
P015070,2024,HIGHER_ED
P015073,2024,SCHOOL_VOC
P015079,2024,SCHOOL_VOC
P015080,2024,SCHOOL_VOC
P015081,2024,SCHOOL_VOC
P015085,2024,SCHOOL_VOC
P015088,2024,SCHOOL_VOC
P015089,2024,SCHOOL_VOC
P015092,2024,SCHOOL_VOC
P015095,2024,HIGHER_ED
P015100,2024,SCHOOL_VOC
P015102,2024,SCHOOL_VOC
P015103,2024,HIGHER_ED
P015106,2024,SCHOOL_VOC
P015107,2024,SCHOOL_VOC
P015111,2024,SCHOOL_VOC
P015112,2024,HIGHER_ED
P015113,2024,SCHOOL_VOC
P015116,2024,SCHOOL_VOC
P015118,2024,SCHOOL_VOC
P015119,2024,SCHOOL_VOC
P015120,2024,SCHOOL_VOC
P015121,2024,HIGHER_ED
P015123,2024,HIGHER_ED
P015124,2024,SCHOOL_VOC
P015127,2024,HIGHER_ED
P015130,2024,SCHOOL_VOC
P015131,2024,SCHOOL_VOC
P015132,2024,HIGHER_ED
P015144,2024,SCHOOL_VOC
P015147,2024,SCHOOL_VOC
P015151,2024,SCHOOL_VOC
P015155,2024,HIGHER_ED
P015156,2024,SCHOOL_VOC
P015160,2024,SCHOOL_VOC
P015172,2024,SCHOOL_VOC
P015173,2024,HIGHER_ED
P015174,2024,SCHOOL_VOC
P015176,2024,SCHOOL_VOC
P015180,2024,SCHOOL_VOC
P015185,2024,SCHOOL_VOC
P015187,2024,LOW_NONE
P015188,2024,SCHOOL_VOC
P015190,2024,LOW_NONE
P015192,2024,HIGHER_ED
P015195,2024,HIGHER_ED
P015196,2024,HIGHER_ED
P015197,2024,SCHOOL_VOC
P015198,2024,SCHOOL_VOC
P015203,2024,SCHOOL_VOC
P015205,2024,SCHOOL_VOC
P015207,2024,HIGHER_ED
P015210,2024,HIGHER_ED
P015211,2024,SCHOOL_VOC
P015212,2024,SCHOOL_VOC
P015215,2024,SCHOOL_VOC
P015216,2024,HIGHER_ED
P015221,2024,SCHOOL_VOC
P015222,2024,SCHOOL_VOC
P015223,2024,SCHOOL_VOC
P015233,2024,HIGHER_ED
P015236,2024,
P015252,2024,SCHOOL_VOC
P015254,2024,SCHOOL_VOC
P015256,2024,HIGHER_ED
P015257,2024,SCHOOL_VOC
P015258,2024,SCHOOL_VOC
P015263,2024,HIGHER_ED
P015268,2024,LOW_NONE
P015270,2024,SCHOOL_VOC
P015273,2024,SCHOOL_VOC
P015276,2024,SCHOOL_VOC
P015278,2024,SCHOOL_VOC
P015279,2024,SCHOOL_VOC
P015280,2024,SCHOOL_VOC
P015282,2024,SCHOOL_VOC
P015284,2024,SCHOOL_VOC
P015286,2024,SCHOOL_VOC
P015289,2024,SCHOOL_VOC
P015290,2024,HIGHER_ED
P015291,2024,HIGHER_ED
P015294,2024,HIGHER_ED
P015296,2024,SCHOOL_VOC
P015297,2024,SCHOOL_VOC
P015299,2024,SCHOOL_VOC
P015305,2024,SCHOOL_VOC
P015306,2024,HIGHER_ED
P015309,2024,SCHOOL_VOC
P015313,2024,SCHOOL_VOC
P015315,2024,SCHOOL_VOC
P015317,2024,SCHOOL_VOC
P015319,2024,HIGHER_ED
P015323,2024,SCHOOL_VOC
P015326,2024,HIGHER_ED
P015327,2024,SCHOOL_VOC
P015332,2024,HIGHER_ED
P015334,2024,HIGHER_ED
P015340,2024,SCHOOL_VOC
P015342,2024,SCHOOL_VOC
P015350,2024,SCHOOL_VOC
P015354,2024,SCHOOL_VOC
P015355,2024,SCHOOL_VOC
P015357,2024,HIGHER_ED
P015358,2024,LOW_NONE
P015359,2024,HIGHER_ED
P015362,2024,HIGHER_ED
P015363,2024,SCHOOL_VOC
P015367,2024,HIGHER_ED
P015373,2024,SCHOOL_VOC
P015379,2024,LOW_NONE
P015380,2024,SCHOOL_VOC
P015381,2024,HIGHER_ED
P015383,2024,SCHOOL_VOC
P015390,2024,SCHOOL_VOC
P015392,2024,LOW_NONE
P015395,2024,HIGHER_ED
P015398,2024,HIGHER_ED
,2024,SCHOOL_VOC
P015406,2024,HIGHER_ED
P015408,2024,SCHOOL_VOC
P015412,2024,SCHOOL_VOC
P015414,2024,HIGHER_ED
P015417,2024,SCHOOL_VOC
P015421,2024,SCHOOL_VOC
P015425,2024,HIGHER_ED
P015428,2024,SCHOOL_VOC
P015430,2024,SCHOOL_VOC
P015439,2024,HIGHER_ED
P015444,2024,SCHOOL_VOC
P015449,2024,SCHOOL_VOC
P015452,2024,SCHOOL_VOC
P015455,2024,SCHOOL_VOC
P015457,2024,SCHOOL_VOC
P015459,2024,HIGHER_ED
P015460,2024,SCHOOL_VOC
P015461,2024,SCHOOL_VOC
P015462,2024,SCHOOL_VOC
P015464,2024,LOW_NONE
P015472,2024,SCHOOL_VOC
P015477,2024,HIGHER_ED
P015482,2024,SCHOOL_VOC
P015486,2024,SCHOOL_VOC
P015493,2024,SCHOOL_VOC
P015494,2024,SCHOOL_VOC
P015495,2024,SCHOOL_VOC
P015499,2024,HIGHER_ED
P015502,2024,SCHOOL_VOC
P015503,2024,HIGHER_ED
P015504,2024,SCHOOL_VOC
P015513,2024,SCHOOL_VOC
P015516,2024,SCHOOL_VOC
P015517,2024,SCHOOL_VOC
P015518,2024,HIGHER_ED
P015522,2024,HIGHER_ED
P015528,2024,HIGHER_ED
P015529,2024,SCHOOL_VOC
P015530,2024,SCHOOL_VOC
P015536,2024,SCHOOL_VOC
P015537,2024,SCHOOL_VOC
P015540,2024,LOW_NONE
P015541,2024,SCHOOL_VOC
P015543,2024,HIGHER_ED
P015546,2024,LOW_NONE
P015549,2024,HIGHER_ED
P015555,2024,HIGHER_ED
P015557,2024,SCHOOL_VOC
P015558,2024,HIGHER_ED
P015559,2024,SCHOOL_VOC
P015560,2024,SCHOOL_VOC
P015562,2024,SCHOOL_VOC
P015564,2024,SCHOOL_VOC
P015566,2024,SCHOOL_VOC
P015569,2024,SCHOOL_VOC
P015573,2024,HIGHER_ED
P015575,2024,SCHOOL_VOC
P015578,2024,SCHOOL_VOC
P015584,2024,SCHOOL_VOC
P015586,2024,HIGHER_ED
P015589,2024,SCHOOL_VOC
P015591,2024,SCHOOL_VOC
P015592,2024,HIGHER_ED
P015594,2024,HIGHER_ED
P015598,2024,HIGHER_ED
P015600,2024,HIGHER_ED
P015602,2024,SCHOOL_VOC
P015606,2024,SCHOOL_VOC
P015607,2024,HIGHER_ED
P015609,2024,SCHOOL_VOC
P015612,2024,SCHOOL_VOC
P015614,2024,HIGHER_ED
P015617,2024,SCHOOL_VOC
P015618,2024,SCHOOL_VOC
P015619,2024,SCHOOL_VOC
P015622,2024,SCHOOL_VOC
P015623,2024,LOW_NONE
P015624,2024,HIGHER_ED
P015625,2024,SCHOOL_VOC
P015626,2024,SCHOOL_VOC
P015630,2024,SCHOOL_VOC
P015633,2024,SCHOOL_VOC
P015635,2024,HIGHER_ED
P015636,2024,SCHOOL_VOC
P015640,2024,SCHOOL_VOC
P015642,2024,SCHOOL_VOC
P015644,2024,SCHOOL_VOC
P015647,2024,LOW_NONE
P015648,2024,SCHOOL_VOC
P015651,2024,SCHOOL_VOC
P015655,2024,SCHOOL_VOC
P015658,2024,SCHOOL_VOC
P015659,2024,SCHOOL_VOC
P015660,2024,HIGHER_ED
P015661,2024,LOW_NONE
P015663,2024,SCHOOL_VOC
P015671,2024,SCHOOL_VOC
P015673,2024,SCHOOL_VOC
P015679,2024,LOW_NONE
P015683,2024,SCHOOL_VOC
P015684,2024,HIGHER_ED
P015685,2024,SCHOOL_VOC
P015690,2024,SCHOOL_VOC
P015700,2024,HIGHER_ED
P015701,2024,HIGHER_ED
P015705,2024,SCHOOL_VOC
P015712,2024,HIGHER_ED
P015713,2024,HIGHER_ED
P015715,2024,SCHOOL_VOC
P015717,2024,SCHOOL_VOC
P015719,2024,HIGHER_ED
P015722,2024,HIGHER_ED
P015726,2024,SCHOOL_VOC
P015727,2024,SCHOOL_VOC
P015730,2024,SCHOOL_VOC
P015734,2024,SCHOOL_VOC
P015736,2024,SCHOOL_VOC
P015739,2024,SCHOOL_VOC
P015742,2024,SCHOOL_VOC
P015743,2024,LOW_NONE
P015744,2024,SCHOOL_VOC
P015749,2024,SCHOOL_VOC
P015751,2024,SCHOOL_VOC
P015759,2024,SCHOOL_VOC
P015764,2024,SCHOOL_VOC
P015765,2024,HIGHER_ED
P015767,2024,SCHOOL_VOC
P015769,2024,HIGHER_ED
,2024,SCHOOL_VOC
P015772,2024,LOW_NONE
P015775,2024,SCHOOL_VOC
P015776,2024,SCHOOL_VOC
P015781,2024,SCHOOL_VOC
P015785,2024,SCHOOL_VOC
P015790,2024,SCHOOL_VOC
P015792,2024,SCHOOL_VOC
P015797,2024,SCHOOL_VOC
P015801,2024,HIGHER_ED
P015804,2024,SCHOOL_VOC
P015808,2024,SCHOOL_VOC
P015809,2024,SCHOOL_VOC
P015810,2024,HIGHER_ED
P015812,2024,SCHOOL_VOC
P015813,2024,LOW_NONE
P015820,2024,HIGHER_ED
P015822,2024,HIGHER_ED
P015824,2024,HIGHER_ED
P015826,2024,SCHOOL_VOC
P015828,2024,SCHOOL_VOC
P015830,2024,HIGHER_ED
P015832,2024,LOW_NONE
P015834,2024,SCHOOL_VOC
P015838,2024,LOW_NONE
P015839,2024,HIGHER_ED
P015840,2024,HIGHER_ED
P015841,2024,SCHOOL_VOC
P015842,2024,SCHOOL_VOC
P015844,2024,HIGHER_ED
P015852,2024,LOW_NONE
P015854,2024,
P015855,2024,SCHOOL_VOC
P015862,2024,HIGHER_ED
P015864,2024,SCHOOL_VOC
P015865,2024,SCHOOL_VOC
P015868,2024,HIGHER_ED
P015870,2024,HIGHER_ED
P015872,2024,
P015873,2024,LOW_NONE
P015875,2024,SCHOOL_VOC
P015879,2024,SCHOOL_VOC
P015881,2024,LOW_NONE
P015883,2024,SCHOOL_VOC
P015885,2024,HIGHER_ED
P015886,2024,SCHOOL_VOC
P015888,2024,SCHOOL_VOC
P015889,2024,SCHOOL_VOC
P015897,2024,SCHOOL_VOC
P015900,2024,HIGHER_ED
P015905,2024,SCHOOL_VOC
P015907,2024,SCHOOL_VOC
P015908,2024,LOW_NONE
P015910,2024,SCHOOL_VOC
P015911,2024,SCHOOL_VOC
P015913,2024,SCHOOL_VOC
P015914,2024,HIGHER_ED
P015915,2024,SCHOOL_VOC
P015917,2024,SCHOOL_VOC
P015918,2024,SCHOOL_VOC
P015923,2024,SCHOOL_VOC
P015926,2024,SCHOOL_VOC
P015934,2024,SCHOOL_VOC
P015937,2024,SCHOOL_VOC
P015943,2024,LOW_NONE
P015946,2024,SCHOOL_VOC
P015947,2024,LOW_NONE
P015949,2024,HIGHER_ED
P015953,2024,SCHOOL_VOC
P015954,2024,LOW_NONE
P015955,2024,SCHOOL_VOC
P015956,2024,SCHOOL_VOC
P015959,2024,SCHOOL_VOC
P015963,2024,HIGHER_ED
P015965,2024,UNMAPPED_GROUP
P015969,2024,SCHOOL_VOC
P015971,2024,SCHOOL_VOC
P015972,2024,HIGHER_ED
P015975,2024,SCHOOL_VOC
P015977,2024,SCHOOL_VOC
P015983,2024,HIGHER_ED
P015988,2024,SCHOOL_VOC
P015991,2024,LOW_NONE
P015992,2024,SCHOOL_VOC
P015995,2024,SCHOOL_VOC
P015996,2024,LOW_NONE
P015998,2024,SCHOOL_VOC
P016000,2024,SCHOOL_VOC
P016002,2024,SCHOOL_VOC
P016015,2024,HIGHER_ED
P016016,2024,SCHOOL_VOC
P016017,2024,SCHOOL_VOC
P016022,2024,SCHOOL_VOC
P016025,2024,SCHOOL_VOC
P016027,2024,HIGHER_ED
P016029,2024,SCHOOL_VOC
P016030,2024,SCHOOL_VOC
P016031,2024,SCHOOL_VOC
P016032,2024,LOW_NONE
P016034,2024,SCHOOL_VOC
P016041,2024,HIGHER_ED
P016045,2024,SCHOOL_VOC
P016046,2023,HIGHER_ED
P016053,2024,SCHOOL_VOC
P016056,2024,SCHOOL_VOC
P016058,2024,LOW_NONE
P016059,2024,SCHOOL_VOC
P016060,2024,SCHOOL_VOC
P016062,2024,LOW_NONE
P016063,2024,SCHOOL_VOC
P016064,2024,HIGHER_ED
P016066,2024,SCHOOL_VOC
P016069,2024,HIGHER_ED
P016071,2024,SCHOOL_VOC
P016073,2024,LOW_NONE
P016075,2024,HIGHER_ED
P016076,2024,SCHOOL_VOC
P016078,2024,
P016081,2024,SCHOOL_VOC
P016082,2024,HIGHER_ED
P016084,2024,SCHOOL_VOC
P016089,2024,SCHOOL_VOC
P016098,2024,LOW_NONE
P016099,2024,SCHOOL_VOC
P016100,2024,SCHOOL_VOC
P016107,2024,SCHOOL_VOC
P016109,2024,SCHOOL_VOC
P016110,2024,SCHOOL_VOC
P016113,2024,SCHOOL_VOC
P016116,2024,LOW_NONE
P016119,2024,SCHOOL_VOC
P016121,2024,SCHOOL_VOC
P016126,2024,SCHOOL_VOC
P016127,2024,SCHOOL_VOC
P016135,2024,SCHOOL_VOC
P016136,2024,SCHOOL_VOC
P016137,2024,SCHOOL_VOC
P016141,2024,SCHOOL_VOC
P016142,2024,SCHOOL_VOC
P016144,2024,SCHOOL_VOC
P016147,2024,HIGHER_ED
P016149,2024,LOW_NONE
P016154,2024,HIGHER_ED
P016155,2024,HIGHER_ED
P016156,2024,LOW_NONE
P016159,2024,HIGHER_ED
P016161,2024,SCHOOL_VOC
P016162,2024,SCHOOL_VOC
P016164,2024,SCHOOL_VOC
P016165,2024,SCHOOL_VOC
P016166,2024,
P016167,2024,SCHOOL_VOC
P016168,2024,SCHOOL_VOC
P016169,2024,HIGHER_ED
P016171,2024,HIGHER_ED
P016179,2024,HIGHER_ED
P016183,2024,LOW_NONE
P016184,2024,SCHOOL_VOC
P016185,2024,SCHOOL_VOC
P016188,2024,HIGHER_ED
P016193,2024,HIGHER_ED
P016194,2024,SCHOOL_VOC
P016196,2023,SCHOOL_VOC
P016197,2024,HIGHER_ED
,2024,HIGHER_ED
P016199,2024,HIGHER_ED
P016204,2024,HIGHER_ED
P016213,2024,HIGHER_ED
P016214,2024,SCHOOL_VOC
P016217,2024,SCHOOL_VOC
P016220,2024,SCHOOL_VOC
P016222,2024,SCHOOL_VOC
P016228,2024,SCHOOL_VOC
P016229,2024,SCHOOL_VOC
P016237,2024,HIGHER_ED
P016250,2024,SCHOOL_VOC
P016251,2024,SCHOOL_VOC
P016254,2024,SCHOOL_VOC
P016255,2024,HIGHER_ED
P016256,2024,SCHOOL_VOC
P016257,2024,SCHOOL_VOC
P016261,2024,SCHOOL_VOC
,2024,HIGHER_ED
P016263,2024,HIGHER_ED
P016264,2024,SCHOOL_VOC
P016269,2024,HIGHER_ED
P016270,2024,HIGHER_ED
P016272,2024,SCHOOL_VOC
P016273,2024,SCHOOL_VOC
P016274,2024,SCHOOL_VOC
P016279,2024,SCHOOL_VOC
P016280,2024,HIGHER_ED
P016282,2024,HIGHER_ED
P016285,2024,SCHOOL_VOC
P016287,2024,SCHOOL_VOC
P016289,2024,SCHOOL_VOC
P016294,2024,SCHOOL_VOC
P016296,2024,SCHOOL_VOC
P016298,2024,SCHOOL_VOC
P016300,2024,SCHOOL_VOC
P016301,2024,LOW_NONE
P016303,2024,SCHOOL_VOC
P016313,2024,SCHOOL_VOC
P016314,2024,HIGHER_ED
P016316,2024,LOW_NONE
P016323,2024,HIGHER_ED
P016328,2024,HIGHER_ED
P016330,2024,HIGHER_ED
P016333,2024,HIGHER_ED
P016335,2024,LOW_NONE
P016340,2024,HIGHER_ED
P016342,2024,SCHOOL_VOC
P016346,2024,SCHOOL_VOC
P016350,2024,HIGHER_ED
P016357,2024,SCHOOL_VOC
P016365,2024,SCHOOL_VOC
P016366,2024,HIGHER_ED
P016368,2024,SCHOOL_VOC
P016371,2024,SCHOOL_VOC
P016378,2024,LOW_NONE
P016381,2024,LOW_NONE
P016387,2024,HIGHER_ED
P016390,2024,HIGHER_ED
P016396,2024,SCHOOL_VOC
P016405,2024,SCHOOL_VOC
P016406,2024,SCHOOL_VOC
P016408,2024,LOW_NONE
P016411,2024,SCHOOL_VOC
P016414,2024,SCHOOL_VOC
P016415,2024,SCHOOL_VOC
P016417,2024,SCHOOL_VOC
P016419,2024,LOW_NONE
P016420,2024,SCHOOL_VOC
P016421,2024,SCHOOL_VOC
P016422,2024,SCHOOL_VOC
P016425,2024,HIGHER_ED
P016426,2024,HIGHER_ED
P016427,2024,HIGHER_ED
P016435,2024,SCHOOL_VOC
P016436,2024,HIGHER_ED
P016437,2024,SCHOOL_VOC
P016438,2024,HIGHER_ED
P016439,2024,SCHOOL_VOC
P016440,2024,HIGHER_ED
P016442,2024,HIGHER_ED
P016443,2024,SCHOOL_VOC
P016445,2024,HIGHER_ED
P016451,2024,HIGHER_ED
P016452,2024,HIGHER_ED
P016454,2024,HIGHER_ED
P016459,2024,SCHOOL_VOC
P016463,2024,SCHOOL_VOC
P016465,2024,SCHOOL_VOC
P016467,2024,HIGHER_ED
P016474,2024,SCHOOL_VOC
P016475,2024,HIGHER_ED
P016486,2024,SCHOOL_VOC
P016487,2024,SCHOOL_VOC
P016490,2024,HIGHER_ED
P016492,2024,SCHOOL_VOC
P016493,2024,SCHOOL_VOC
P016499,2024,SCHOOL_VOC
P016504,2024,SCHOOL_VOC
P016506,2024,SCHOOL_VOC
P016509,2024,SCHOOL_VOC
P016510,2024,SCHOOL_VOC
P016511,2024,SCHOOL_VOC
P016512,2024,SCHOOL_VOC
P016513,2024,SCHOOL_VOC
P016514,2024,HIGHER_ED
P016516,2024,HIGHER_ED
P016519,2024,HIGHER_ED
P016521,2024,SCHOOL_VOC
P016525,2024,SCHOOL_VOC
P016531,2024,HIGHER_ED
P016532,2024,SCHOOL_VOC
P016535,2024,SCHOOL_VOC
P016541,2024,SCHOOL_VOC
P016544,2024,HIGHER_ED
P016546,2024,SCHOOL_VOC
P016549,2024,HIGHER_ED
P016550,2024,HIGHER_ED
P016553,2024,HIGHER_ED
P016554,2024,HIGHER_ED
P016555,2024,SCHOOL_VOC
P016556,2024,SCHOOL_VOC
P016557,2024,SCHOOL_VOC
P016559,2024,SCHOOL_VOC
P016560,2024,SCHOOL_VOC
P016563,2024,HIGHER_ED
P016570,2024,SCHOOL_VOC
P016575,2024,HIGHER_ED
P016577,2024,SCHOOL_VOC
P016580,2024,SCHOOL_VOC
P016588,2024,SCHOOL_VOC
P016589,2024,SCHOOL_VOC
P016592,2024,HIGHER_ED
P016593,2024,HIGHER_ED
P016600,2024,SCHOOL_VOC
P016601,2024,HIGHER_ED
P016603,2024,SCHOOL_VOC
P016604,2024,SCHOOL_VOC
P016605,2024,HIGHER_ED
P016610,2024,SCHOOL_VOC
P016615,2024,SCHOOL_VOC
P016617,2024,SCHOOL_VOC
P016618,2024,SCHOOL_VOC
P016619,2024,HIGHER_ED
P016622,2024,HIGHER_ED
P016624,2024,SCHOOL_VOC
P016627,2024,SCHOOL_VOC
P016628,2024,SCHOOL_VOC
P016631,2024,SCHOOL_VOC
P016633,2024,HIGHER_ED
P016634,2024,SCHOOL_VOC
P016640,2024,HIGHER_ED
P016642,2024,SCHOOL_VOC
P016644,2024,SCHOOL_VOC
P016647,2024,LOW_NONE
P016651,2024,LOW_NONE
P016653,2024,HIGHER_ED
P016655,2024,HIGHER_ED
P016657,2024,SCHOOL_VOC
P016660,2024,SCHOOL_VOC
P016661,2024,SCHOOL_VOC
P016662,2024,HIGHER_ED
P016665,2024,SCHOOL_VOC
P016667,2024,HIGHER_ED
P016672,2024,HIGHER_ED
P016673,2024,SCHOOL_VOC
P016674,2024,SCHOOL_VOC
P016677,2024,HIGHER_ED
P016679,2024,SCHOOL_VOC
P016682,2024,HIGHER_ED
P016683,2024,SCHOOL_VOC
P016686,2024,HIGHER_ED
P016690,2024,HIGHER_ED
P016692,2024,HIGHER_ED
P016694,2024,LOW_NONE
P016696,2024,SCHOOL_VOC
P016697,2024,LOW_NONE
P016698,2024,HIGHER_ED
P016703,2024,SCHOOL_VOC
P016708,2024,SCHOOL_VOC
P016710,2024,SCHOOL_VOC
P016711,2024,HIGHER_ED
P016720,2024,LOW_NONE
P016724,2024,SCHOOL_VOC
P016726,2024,SCHOOL_VOC
P016731,2023,SCHOOL_VOC
P016732,2024,HIGHER_ED
P016735,2024,SCHOOL_VOC
P016743,2024,SCHOOL_VOC
P016749,2024,HIGHER_ED
P016750,2024,HIGHER_ED
P016753,2024,SCHOOL_VOC
P016755,2024,LOW_NONE
P016756,2024,SCHOOL_VOC
P016757,2024,SCHOOL_VOC
P016758,2024,SCHOOL_VOC
P016761,2024,SCHOOL_VOC
P016764,2024,SCHOOL_VOC
P016766,2024,SCHOOL_VOC
P016777,2024,SCHOOL_VOC
P016779,2024,SCHOOL_VOC
P016780,2024,SCHOOL_VOC
P016784,2024,SCHOOL_VOC
P016785,2024,SCHOOL_VOC
P016790,2024,HIGHER_ED
P016795,2024,HIGHER_ED
P016801,2024,SCHOOL_VOC
P016803,2024,HIGHER_ED
P016806,2024,SCHOOL_VOC
P016807,2024,HIGHER_ED
P016811,2024,HIGHER_ED
P016814,2024,HIGHER_ED
P016815,2024,HIGHER_ED
P016818,2024,HIGHER_ED
P016821,2024,SCHOOL_VOC
P016831,2024,SCHOOL_VOC
P016832,2024,
P016833,2024,SCHOOL_VOC
P016838,2024,SCHOOL_VOC
P016840,2024,SCHOOL_VOC
P016841,2024,HIGHER_ED
P016844,2024,SCHOOL_VOC
P016846,2024,SCHOOL_VOC
P016847,2024,SCHOOL_VOC
P016849,2024,HIGHER_ED
P016850,2024,HIGHER_ED
P016853,2024,SCHOOL_VOC
P016859,2024,HIGHER_ED
P016860,2024,SCHOOL_VOC
P016861,2024,SCHOOL_VOC
P016862,2024,SCHOOL_VOC
P016865,2024,LOW_NONE
P016875,2024,SCHOOL_VOC
P016877,2024,HIGHER_ED
P016883,2024,SCHOOL_VOC
P016885,2024,SCHOOL_VOC
P016887,2024,SCHOOL_VOC
P016888,2024,SCHOOL_VOC
P016891,2024,SCHOOL_VOC
P016895,2024,SCHOOL_VOC
P016897,2024,HIGHER_ED
P016903,2024,SCHOOL_VOC
P016908,2024,HIGHER_ED
P016911,2024,SCHOOL_VOC
P016915,2024,SCHOOL_VOC
,2024,SCHOOL_VOC
P016918,2024,HIGHER_ED
P016919,2024,HIGHER_ED
P016925,2024,SCHOOL_VOC
P016927,2024,SCHOOL_VOC
P016934,2024,HIGHER_ED
P016936,2024,SCHOOL_VOC
P016938,2024,SCHOOL_VOC
P016940,2024,HIGHER_ED
P016943,2024,HIGHER_ED
P016945,2024,
P016946,2024,SCHOOL_VOC
P016948,2024,LOW_NONE
P016957,2024,SCHOOL_VOC
P016959,2024,LOW_NONE
P016961,2024,SCHOOL_VOC
P016962,2024,LOW_NONE
P016964,2024,SCHOOL_VOC
P016965,2024,HIGHER_ED
P016966,2024,SCHOOL_VOC
P016969,2024,SCHOOL_VOC
P016972,2024,SCHOOL_VOC
P016973,2024,SCHOOL_VOC
P016975,2024,LOW_NONE
P016980,2024,SCHOOL_VOC
P016982,2024,HIGHER_ED
P016984,2024,HIGHER_ED
P016985,2024,SCHOOL_VOC
P016993,2024,HIGHER_ED
P016996,2024,SCHOOL_VOC
P016997,2024,HIGHER_ED
P017000,2024,SCHOOL_VOC
P017001,2024,SCHOOL_VOC
P017003,2024,HIGHER_ED
P017005,2024,SCHOOL_VOC
P017009,2024,SCHOOL_VOC
P017010,2024,HIGHER_ED
P017011,2024,SCHOOL_VOC
P017016,2024,SCHOOL_VOC
P017017,2024,SCHOOL_VOC
P017019,2024,SCHOOL_VOC
P017024,2024,HIGHER_ED
P017028,2024,SCHOOL_VOC
P017029,2024,SCHOOL_VOC
P017030,2024,SCHOOL_VOC
P017031,2024,HIGHER_ED
P017032,2024,SCHOOL_VOC
P017033,2024,SCHOOL_VOC
P017035,2024,SCHOOL_VOC
P017038,2024,SCHOOL_VOC
P017047,2024,SCHOOL_VOC
P017049,2024,SCHOOL_VOC
P017053,2024,SCHOOL_VOC
P017055,2024,SCHOOL_VOC
P017056,2024,HIGHER_ED
P017057,2024,SCHOOL_VOC
P017059,2024,HIGHER_ED
P017063,2024,SCHOOL_VOC
P017068,2024,LOW_NONE
P017069,2024,SCHOOL_VOC
P017070,2024,SCHOOL_VOC
P017071,2024,SCHOOL_VOC
P017073,2024,
P017076,2024,SCHOOL_VOC
P017077,2024,HIGHER_ED
P017078,2024,SCHOOL_VOC
P017080,2024,SCHOOL_VOC
P017081,2024,SCHOOL_VOC
P017082,2024,SCHOOL_VOC
P017083,2024,HIGHER_ED
P017084,2024,SCHOOL_VOC
P017087,2024,
P017091,2024,HIGHER_ED
P017096,2024,HIGHER_ED
P017097,2024,HIGHER_ED
P017100,2024,SCHOOL_VOC
P017101,2024,SCHOOL_VOC
P017102,2024,SCHOOL_VOC
P017103,2024,SCHOOL_VOC
P017108,2024,SCHOOL_VOC
P017112,2024,HIGHER_ED
P017114,2024,LOW_NONE
P017120,2024,SCHOOL_VOC
P017122,2024,SCHOOL_VOC
P017124,2024,SCHOOL_VOC
P017125,2024,SCHOOL_VOC
P017128,2024,SCHOOL_VOC
P017130,2024,SCHOOL_VOC
P017133,2024,HIGHER_ED
P017136,2024,LOW_NONE
P017138,2024,LOW_NONE
P017142,2024,HIGHER_ED
P017143,2024,SCHOOL_VOC
P017149,2024,HIGHER_ED
P017152,2024,HIGHER_ED
P017155,2024,SCHOOL_VOC
P017157,2024,LOW_NONE
P017161,2024,HIGHER_ED
P017169,2024,SCHOOL_VOC
P017170,2024,HIGHER_ED
P017175,2024,HIGHER_ED
P017176,2024,SCHOOL_VOC
P017178,2024,SCHOOL_VOC
P017181,2024,HIGHER_ED
P017183,2024,LOW_NONE
P017184,2024,SCHOOL_VOC
P017185,2024,SCHOOL_VOC
P017187,2024,HIGHER_ED
P017191,2024,SCHOOL_VOC
P017193,2024,HIGHER_ED
P017194,2024,SCHOOL_VOC
P017195,2024,SCHOOL_VOC
P017197,2024,HIGHER_ED
P017200,2024,HIGHER_ED
P017201,2024,SCHOOL_VOC
P017203,2024,SCHOOL_VOC
P017204,2024,HIGHER_ED
P017206,2024,HIGHER_ED
P017207,2024,SCHOOL_VOC
P017210,2024,SCHOOL_VOC
P017211,2024,SCHOOL_VOC
P017212,2024,HIGHER_ED
P017214,2024,SCHOOL_VOC
P017215,2024,HIGHER_ED
P017228,2024,SCHOOL_VOC
P017232,2024,SCHOOL_VOC
P017234,2024,LOW_NONE
P017235,2024,SCHOOL_VOC
P017237,2024,LOW_NONE
P017242,2024,SCHOOL_VOC
P017248,2024,SCHOOL_VOC
P017255,2024,SCHOOL_VOC
P017260,2024,SCHOOL_VOC
P017263,2024,SCHOOL_VOC
P017268,2024,HIGHER_ED
P017271,2024,HIGHER_ED
P017274,2024,SCHOOL_VOC
P017276,2024,SCHOOL_VOC
P017278,2024,HIGHER_ED
P017280,2024,HIGHER_ED
P017282,2024,SCHOOL_VOC
P017286,2024,HIGHER_ED
P017288,2024,SCHOOL_VOC
P017289,2024,SCHOOL_VOC
P017290,2024,LOW_NONE
P017291,2024,SCHOOL_VOC
P017292,2024,HIGHER_ED
P017296,2024,HIGHER_ED
P017299,2024,HIGHER_ED
P017301,2024,HIGHER_ED
P017302,2024,SCHOOL_VOC
P017303,2024,SCHOOL_VOC
P017307,2024,SCHOOL_VOC
P017308,2024,HIGHER_ED
P017312,2024,HIGHER_ED
P017316,2024,LOW_NONE
P017318,2024,SCHOOL_VOC
P017319,2024,SCHOOL_VOC
P017323,2024,SCHOOL_VOC
P017331,2024,SCHOOL_VOC
P017332,2024,HIGHER_ED
P017337,2024,HIGHER_ED
P017338,2024,HIGHER_ED
P017348,2024,SCHOOL_VOC
P017349,2024,HIGHER_ED
P017350,2024,SCHOOL_VOC
P017352,2024,HIGHER_ED
P017355,2024,SCHOOL_VOC
P017356,2024,SCHOOL_VOC
P017360,2024,SCHOOL_VOC
P017364,2024,SCHOOL_VOC
P017365,2024,SCHOOL_VOC
P017366,2024,SCHOOL_VOC
P017369,2024,LOW_NONE
P017372,2023,SCHOOL_VOC
P017375,2024,SCHOOL_VOC
P017376,2024,HIGHER_ED
P017377,2024,HIGHER_ED
P017380,2024,SCHOOL_VOC
P017385,2024,SCHOOL_VOC
P017386,2024,LOW_NONE
P017387,2024,SCHOOL_VOC
P017388,2024,HIGHER_ED
P017389,2024,SCHOOL_VOC
P017390,2024,SCHOOL_VOC
P017392,2024,SCHOOL_VOC
P017393,2024,SCHOOL_VOC
P017396,2024,SCHOOL_VOC
P017402,2024,SCHOOL_VOC
P017403,2024,LOW_NONE
P017404,2024,HIGHER_ED
P017406,2024,HIGHER_ED
P017407,2024,SCHOOL_VOC
P017408,2024,SCHOOL_VOC
P017409,2024,HIGHER_ED
P017410,2024,SCHOOL_VOC
P017411,2024,SCHOOL_VOC
P017412,2024,SCHOOL_VOC
P017413,2024,SCHOOL_VOC
P017415,2024,LOW_NONE
P017416,2024,HIGHER_ED
P017418,2024,SCHOOL_VOC
P017419,2024,SCHOOL_VOC
P017420,2024,HIGHER_ED
P017421,2024,LOW_NONE
P017424,2024,SCHOOL_VOC
P017426,2024,HIGHER_ED
P017428,2024,SCHOOL_VOC
P017429,2024,SCHOOL_VOC
P017430,2024,HIGHER_ED
P017432,2024,SCHOOL_VOC
P017439,2024,SCHOOL_VOC
P017440,2024,HIGHER_ED
P017441,2024,SCHOOL_VOC
P017446,2024,HIGHER_ED
P017452,2024,SCHOOL_VOC
P017455,2024,SCHOOL_VOC
P017456,2024,SCHOOL_VOC
P017457,2024,HIGHER_ED
P017462,2024,SCHOOL_VOC
P017463,2024,SCHOOL_VOC
P017465,2024,HIGHER_ED
,2024,HIGHER_ED
P017476,2024,SCHOOL_VOC
P017479,2024,SCHOOL_VOC
P017480,2024,SCHOOL_VOC
P017481,2024,SCHOOL_VOC
P017485,2024,HIGHER_ED
P017487,2024,HIGHER_ED
P017495,2024,LOW_NONE
P017503,2024,SCHOOL_VOC
P017504,2024,UNMAPPED_GROUP
P017505,2024,SCHOOL_VOC
P017509,2024,HIGHER_ED
P017512,2024,SCHOOL_VOC
P017516,2024,HIGHER_ED
P017519,2024,HIGHER_ED
P017525,2024,SCHOOL_VOC
P017527,2024,HIGHER_ED
P017530,2024,HIGHER_ED
P017531,2024,HIGHER_ED
P017537,2024,SCHOOL_VOC
P017538,2024,HIGHER_ED
P017539,2024,SCHOOL_VOC
P017543,2024,HIGHER_ED
P017545,2024,HIGHER_ED
P017547,2024,SCHOOL_VOC
P017548,2024,HIGHER_ED
P017549,2024,SCHOOL_VOC
P017551,2024,SCHOOL_VOC
P017553,2024,HIGHER_ED
P017554,2024,HIGHER_ED
P017556,2024,SCHOOL_VOC
P017558,2024,SCHOOL_VOC
P017562,2024,SCHOOL_VOC
P017564,2024,HIGHER_ED
P017566,2024,SCHOOL_VOC
P017567,2024,LOW_NONE
P017580,2024,LOW_NONE
P017581,2024,SCHOOL_VOC
P017583,2024,SCHOOL_VOC
P017584,2024,HIGHER_ED
P017587,2024,SCHOOL_VOC
P017592,2024,SCHOOL_VOC
P017596,2024,HIGHER_ED
P017598,2024,SCHOOL_VOC
P017602,2024,SCHOOL_VOC
P017607,2024,HIGHER_ED
P017608,2024,SCHOOL_VOC
P017610,2024,SCHOOL_VOC
P017612,2024,SCHOOL_VOC
P017614,2024,SCHOOL_VOC
P017617,2024,SCHOOL_VOC
P017620,2024,SCHOOL_VOC
P017622,2024,SCHOOL_VOC
P017624,2024,SCHOOL_VOC
P017625,2024,SCHOOL_VOC
P017627,2024,LOW_NONE
P017631,2024,HIGHER_ED
P017633,2024,SCHOOL_VOC
P017637,2024,SCHOOL_VOC
P017638,2024,HIGHER_ED
P017639,2024,LOW_NONE
P017643,2024,SCHOOL_VOC
P017644,2024,SCHOOL_VOC
P017646,2024,SCHOOL_VOC
P017648,2024,HIGHER_ED
P017649,2024,SCHOOL_VOC
P017651,2024,HIGHER_ED
P017653,2024,SCHOOL_VOC
P017655,2024,HIGHER_ED
P017659,2024,UNMAPPED_GROUP
P017660,2024,SCHOOL_VOC
P017661,2024,SCHOOL_VOC
P017665,2024,SCHOOL_VOC
P017666,2024,SCHOOL_VOC
P017667,2024,SCHOOL_VOC
P017668,2024,SCHOOL_VOC
P017669,2024,SCHOOL_VOC
P017674,2024,SCHOOL_VOC
P017675,2024,HIGHER_ED
P017678,2024,HIGHER_ED
P017681,2024,HIGHER_ED
P017683,2024,SCHOOL_VOC
P017684,2024,HIGHER_ED
P017685,2024,HIGHER_ED
P017687,2024,SCHOOL_VOC
P017689,2024,SCHOOL_VOC
P017696,2024,HIGHER_ED
P017697,2024,HIGHER_ED
P017700,2024,SCHOOL_VOC
P017704,2024,SCHOOL_VOC
P017709,2024,HIGHER_ED
P017712,2024,SCHOOL_VOC
P017714,2024,SCHOOL_VOC
P017716,2024,SCHOOL_VOC
P017717,2024,HIGHER_ED
P017718,2024,HIGHER_ED
P017720,2024,HIGHER_ED
P017725,2024,SCHOOL_VOC
P017728,2024,SCHOOL_VOC
P017731,2024,SCHOOL_VOC
P017735,2024,SCHOOL_VOC
P017745,2024,SCHOOL_VOC
P017752,2024,HIGHER_ED
P017758,2024,SCHOOL_VOC
P017761,2024,HIGHER_ED
P017762,2024,LOW_NONE
P017765,2024,HIGHER_ED
P017767,2024,HIGHER_ED
P017770,2024,HIGHER_ED
P017771,2024,HIGHER_ED
P017781,2024,SCHOOL_VOC
P017782,2024,SCHOOL_VOC
P017783,2024,SCHOOL_VOC
P017785,2024,SCHOOL_VOC
P017790,2024,SCHOOL_VOC
P017791,2024,SCHOOL_VOC
P017794,2024,HIGHER_ED
P017797,2024,LOW_NONE
P017799,2024,SCHOOL_VOC
P017804,2024,SCHOOL_VOC
P017806,2024,SCHOOL_VOC
P017807,2024,SCHOOL_VOC
P017808,2024,SCHOOL_VOC
P017809,2024,SCHOOL_VOC
P017810,2024,HIGHER_ED
P017814,2024,HIGHER_ED
P017817,2024,SCHOOL_VOC
P017827,2024,SCHOOL_VOC
P017834,2024,HIGHER_ED
P017835,2024,SCHOOL_VOC
P017843,2024,SCHOOL_VOC
P017844,2024,LOW_NONE
P017845,2024,SCHOOL_VOC
P017850,2024,SCHOOL_VOC
P017857,2024,SCHOOL_VOC
P017860,2024,SCHOOL_VOC
P017862,2024,HIGHER_ED
P017863,2024,SCHOOL_VOC
P017864,2024,SCHOOL_VOC
P017866,2024,SCHOOL_VOC
P017867,2024,LOW_NONE
P017871,2024,SCHOOL_VOC
P017875,2024,HIGHER_ED
P017879,2024,SCHOOL_VOC
P017880,2024,SCHOOL_VOC
P017882,2024,SCHOOL_VOC
P017883,2024,SCHOOL_VOC
P017885,2024,SCHOOL_VOC
P017887,2024,HIGHER_ED
P017888,2024,SCHOOL_VOC
P017890,2024,LOW_NONE
P017891,2024,SCHOOL_VOC
P017892,2024,SCHOOL_VOC
P017894,2024,SCHOOL_VOC
P017901,2024,SCHOOL_VOC
P017910,2024,HIGHER_ED
P017911,2024,SCHOOL_VOC
P017912,2024,SCHOOL_VOC
P017913,2024,SCHOOL_VOC
P017914,2024,SCHOOL_VOC
P017921,2024,SCHOOL_VOC
P017922,2024,SCHOOL_VOC
P017923,2024,SCHOOL_VOC
P017926,2024,SCHOOL_VOC
P017928,2024,SCHOOL_VOC
P017929,2024,SCHOOL_VOC
P017930,2024,LOW_NONE
P017939,2024,SCHOOL_VOC
P017940,2024,HIGHER_ED
P017942,2024,HIGHER_ED
P017946,2024,SCHOOL_VOC
P017951,2024,SCHOOL_VOC
P017954,2024,SCHOOL_VOC
P017955,2024,SCHOOL_VOC
P017956,2024,SCHOOL_VOC
P017960,2024,SCHOOL_VOC
P017964,2024,SCHOOL_VOC
P017966,2024,SCHOOL_VOC
P017971,2024,SCHOOL_VOC
P017975,2024,LOW_NONE
P017978,2024,SCHOOL_VOC
P017979,2024,HIGHER_ED
P017983,2024,LOW_NONE
P017991,2024,SCHOOL_VOC
P017992,2024,LOW_NONE
P017996,2024,HIGHER_ED
P017998,2024,HIGHER_ED
P018000,2024,HIGHER_ED
P018003,2024,HIGHER_ED
P018004,2024,SCHOOL_VOC
P018005,2024,HIGHER_ED
P018006,2024,SCHOOL_VOC
P018007,2024,SCHOOL_VOC
P018008,2024,SCHOOL_VOC
P018014,2024,SCHOOL_VOC
P018016,2024,HIGHER_ED
P018020,2024,SCHOOL_VOC
P018021,2024,HIGHER_ED
P018024,2024,HIGHER_ED
P018027,2024,HIGHER_ED
P018028,2024,HIGHER_ED
P018029,2024,SCHOOL_VOC
P018030,2024,HIGHER_ED
P018031,2024,HIGHER_ED
P018032,2024,HIGHER_ED
P018041,2024,HIGHER_ED
P018046,2024,SCHOOL_VOC
P018050,2024,SCHOOL_VOC
P018051,2024,HIGHER_ED
P018055,2024,SCHOOL_VOC
P018056,2024,LOW_NONE
P018057,2024,SCHOOL_VOC
P018058,2024,LOW_NONE
P018060,2024,HIGHER_ED
P018061,2024,HIGHER_ED
P018063,2024,HIGHER_ED
P018066,2024,SCHOOL_VOC
P018067,2024,HIGHER_ED
P018068,2024,SCHOOL_VOC
P018071,2024,SCHOOL_VOC
P018073,2024,SCHOOL_VOC
P018077,2024,SCHOOL_VOC
P018083,2024,SCHOOL_VOC
P018086,2024,SCHOOL_VOC
P018088,2024,SCHOOL_VOC
P018095,2024,SCHOOL_VOC
P018097,2024,LOW_NONE
P018099,2024,LOW_NONE
P018102,2024,SCHOOL_VOC
P018103,2024,SCHOOL_VOC
P018104,2024,SCHOOL_VOC
P018105,2024,SCHOOL_VOC
P018110,2024,HIGHER_ED
P018112,2024,HIGHER_ED
P018118,2024,HIGHER_ED
P018121,2024,HIGHER_ED
P018122,2024,HIGHER_ED
P018124,2024,SCHOOL_VOC
P018127,2024,LOW_NONE
P018129,2024,SCHOOL_VOC
P018131,2024,HIGHER_ED
P018133,2024,HIGHER_ED
P018134,2024,SCHOOL_VOC
P018136,2024,HIGHER_ED
P018137,2024,LOW_NONE
P018138,2024,SCHOOL_VOC
P018140,2024,SCHOOL_VOC
P018141,2024,SCHOOL_VOC
P018143,2024,SCHOOL_VOC
P018145,2024,SCHOOL_VOC
P018154,2024,SCHOOL_VOC
P018159,2024,SCHOOL_VOC
P018161,2024,SCHOOL_VOC
P018162,2024,SCHOOL_VOC
P018164,2024,SCHOOL_VOC
P018168,2024,SCHOOL_VOC
P018169,2024,HIGHER_ED
P018170,2024,SCHOOL_VOC
P018173,2024,HIGHER_ED
P018179,2024,SCHOOL_VOC
P018181,2024,SCHOOL_VOC
P018183,2024,HIGHER_ED
P018190,2024,HIGHER_ED
P018192,2024,HIGHER_ED
P018194,2024,SCHOOL_VOC
P018196,2024,HIGHER_ED
P018197,2024,SCHOOL_VOC
P018198,2024,SCHOOL_VOC
P018199,2024,SCHOOL_VOC
P018204,2024,HIGHER_ED
P018211,2024,HIGHER_ED
P018215,2024,LOW_NONE
P018219,2024,HIGHER_ED
P018221,2024,HIGHER_ED
P018223,2024,SCHOOL_VOC
P018226,2024,HIGHER_ED
P018229,2024,SCHOOL_VOC
P018235,2024,HIGHER_ED
P018236,2024,SCHOOL_VOC
P018238,2024,LOW_NONE
P018239,2024,SCHOOL_VOC
P018241,2024,HIGHER_ED
P018243,2024,SCHOOL_VOC
P018245,2024,SCHOOL_VOC
P018247,2024,HIGHER_ED
P018251,2024,SCHOOL_VOC
P018253,2024,SCHOOL_VOC
P018258,2024,SCHOOL_VOC
P018261,2024,SCHOOL_VOC
P018263,2024,SCHOOL_VOC
P018268,2024,SCHOOL_VOC
P018270,2024,SCHOOL_VOC
P018271,2024,SCHOOL_VOC
P018272,2024,SCHOOL_VOC
P018276,2024,HIGHER_ED
P018277,2024,SCHOOL_VOC
P018280,2024,SCHOOL_VOC
P018281,2024,HIGHER_ED
P018282,2024,SCHOOL_VOC
P018284,2024,SCHOOL_VOC
P018286,2024,SCHOOL_VOC
P018288,2024,SCHOOL_VOC
P018291,2024,HIGHER_ED
P018293,2024,HIGHER_ED
P018295,2024,HIGHER_ED
P018298,2024,SCHOOL_VOC
P018302,2024,LOW_NONE
P018303,2024,HIGHER_ED
P018307,2024,SCHOOL_VOC
P018309,2024,SCHOOL_VOC
P018310,2024,LOW_NONE
P018312,2024,LOW_NONE
P018323,2024,HIGHER_ED
P018324,2024,SCHOOL_VOC
P018329,2024,SCHOOL_VOC
P018330,2024,SCHOOL_VOC
P018332,2024,SCHOOL_VOC
P018336,2024,SCHOOL_VOC
P018338,2024,HIGHER_ED
P018339,2024,SCHOOL_VOC
P018341,2024,SCHOOL_VOC
P018342,2024,SCHOOL_VOC
P018348,2024,SCHOOL_VOC
P018349,2024,SCHOOL_VOC
P018350,2024,SCHOOL_VOC
P018351,2024,SCHOOL_VOC
P018354,2024,SCHOOL_VOC
P018357,2024,SCHOOL_VOC
P018362,2024,SCHOOL_VOC
P018367,2024,SCHOOL_VOC
P018370,2024,SCHOOL_VOC
P018373,2024,LOW_NONE
P018374,2024,HIGHER_ED
P018375,2024,SCHOOL_VOC
P018376,2024,HIGHER_ED
P018377,2024,HIGHER_ED
P018378,2024,SCHOOL_VOC
P018380,2024,HIGHER_ED
P018381,2024,LOW_NONE
P018383,2024,HIGHER_ED
P018385,2024,SCHOOL_VOC
P018388,2024,SCHOOL_VOC
P018389,2024,SCHOOL_VOC
P018393,2024,LOW_NONE
P018396,2024,SCHOOL_VOC
P018401,2024,SCHOOL_VOC
P018405,2024,SCHOOL_VOC
P018412,2024,SCHOOL_VOC
P018413,2024,HIGHER_ED
P018416,2024,HIGHER_ED
P018424,2024,SCHOOL_VOC
P018425,2024,SCHOOL_VOC
P018427,2024,SCHOOL_VOC
P018428,2024,
P018433,2024,HIGHER_ED
P018434,2024,SCHOOL_VOC
P018437,2024,HIGHER_ED
P018441,2024,SCHOOL_VOC
P018445,2024,HIGHER_ED
P018448,2024,SCHOOL_VOC
P018452,2024,SCHOOL_VOC
P018454,2024,SCHOOL_VOC
P018455,2024,SCHOOL_VOC
P018457,2024,SCHOOL_VOC
P018458,2024,SCHOOL_VOC
P018460,2024,SCHOOL_VOC
P018468,2024,HIGHER_ED
P018469,2024,SCHOOL_VOC
P018470,2024,SCHOOL_VOC
P018476,2024,HIGHER_ED
P018477,2024,SCHOOL_VOC
P018478,2024,HIGHER_ED
P018481,2024,SCHOOL_VOC
P018484,2024,SCHOOL_VOC
P018486,2024,HIGHER_ED
P018488,2024,HIGHER_ED
P018493,2024,SCHOOL_VOC
P018496,2024,SCHOOL_VOC
P018498,2024,HIGHER_ED
P018500,2024,SCHOOL_VOC
P018501,2024,SCHOOL_VOC
P018506,2024,HIGHER_ED
P018518,2024,SCHOOL_VOC
P018520,2024,SCHOOL_VOC
P018521,2024,HIGHER_ED
P018523,2024,HIGHER_ED
P018524,2024,HIGHER_ED
P018526,2024,SCHOOL_VOC
P018530,2024,SCHOOL_VOC
P018532,2024,SCHOOL_VOC
P018534,2024,SCHOOL_VOC
P018536,2024,SCHOOL_VOC
P018539,2024,
P018540,2024,HIGHER_ED
P018548,2024,SCHOOL_VOC
P018549,2024,SCHOOL_VOC
P018559,2024,SCHOOL_VOC
P018561,2024,SCHOOL_VOC
P018566,2024,SCHOOL_VOC
P018567,2024,HIGHER_ED
P018572,2024,LOW_NONE
P018580,2024,LOW_NONE
P018581,2024,SCHOOL_VOC
P018587,2024,LOW_NONE
P018588,2024,SCHOOL_VOC
P018590,2024,SCHOOL_VOC
P018591,2024,SCHOOL_VOC
P018596,2024,SCHOOL_VOC
P018602,2024,SCHOOL_VOC
P018604,2024,SCHOOL_VOC
P018612,2024,UNMAPPED_GROUP
P018615,2024,HIGHER_ED
P018616,2024,SCHOOL_VOC
P018617,2024,SCHOOL_VOC
P018619,2024,SCHOOL_VOC
P018624,2024,SCHOOL_VOC
P018625,2024,HIGHER_ED
P018627,2024,SCHOOL_VOC
P018628,2024,SCHOOL_VOC
P018637,2024,HIGHER_ED
P018645,2024,SCHOOL_VOC
P018646,2024,SCHOOL_VOC
P018647,2024,SCHOOL_VOC
P018651,2024,HIGHER_ED
P018652,2024,SCHOOL_VOC
P018657,2024,SCHOOL_VOC
P018664,2024,SCHOOL_VOC
P018685,2024,SCHOOL_VOC
P018688,2024,SCHOOL_VOC
P018689,2024,SCHOOL_VOC
P018690,2024,SCHOOL_VOC
P018693,2024,LOW_NONE
P018694,2024,HIGHER_ED
P018699,2024,SCHOOL_VOC
P018700,2024,SCHOOL_VOC
P018701,2024,SCHOOL_VOC
P018702,2024,SCHOOL_VOC
P018705,2024,HIGHER_ED
P018710,2024,SCHOOL_VOC
P018713,2024,HIGHER_ED
P018717,2024,HIGHER_ED
P018718,2024,SCHOOL_VOC
P018722,2024,HIGHER_ED
P018725,2024,SCHOOL_VOC
P018726,2024,SCHOOL_VOC
P018727,2024,SCHOOL_VOC
P018733,2024,SCHOOL_VOC
P018735,2024,SCHOOL_VOC
P018736,2024,SCHOOL_VOC
P018741,2024,LOW_NONE
P018743,2024,HIGHER_ED
P018747,2024,SCHOOL_VOC
P018753,2024,HIGHER_ED
P018756,2024,SCHOOL_VOC
P018757,2024,HIGHER_ED
P018758,2024,HIGHER_ED
P018761,2024,LOW_NONE
P018763,2024,LOW_NONE
P018764,2024,LOW_NONE
P018765,2024,SCHOOL_VOC
P018767,2024,SCHOOL_VOC
P018771,2024,SCHOOL_VOC
P018772,2024,SCHOOL_VOC
P018774,2024,LOW_NONE
P018776,2024,SCHOOL_VOC
P018780,2024,SCHOOL_VOC
P018785,2024,HIGHER_ED
P018787,2024,SCHOOL_VOC
P018794,2024,HIGHER_ED
P018797,2024,SCHOOL_VOC
P018803,2024,SCHOOL_VOC
P018804,2024,HIGHER_ED
P018805,2024,SCHOOL_VOC
P018807,2024,SCHOOL_VOC
P018808,2024,SCHOOL_VOC
P018809,2024,SCHOOL_VOC
P018818,2024,SCHOOL_VOC
P018823,2024,HIGHER_ED
P018824,2024,SCHOOL_VOC
P018825,2024,HIGHER_ED
P018826,2024,SCHOOL_VOC
P018827,2024,HIGHER_ED
P018832,2024,HIGHER_ED
P018834,2024,HIGHER_ED
P018836,2024,
P018837,2024,
P018839,2024,SCHOOL_VOC
P018840,2024,HIGHER_ED
P018842,2024,SCHOOL_VOC
P018843,2024,SCHOOL_VOC
P018846,2024,HIGHER_ED
P018847,2024,SCHOOL_VOC
P018848,2024,HIGHER_ED
P018852,2024,HIGHER_ED
P018864,2024,SCHOOL_VOC
P018865,2024,SCHOOL_VOC
P018868,2024,SCHOOL_VOC
P018871,2024,HIGHER_ED
P018874,2024,SCHOOL_VOC
P018875,2024,SCHOOL_VOC
P018876,2024,SCHOOL_VOC
P018877,2024,SCHOOL_VOC
P018882,2024,SCHOOL_VOC
P018884,2024,SCHOOL_VOC
P018885,2024,SCHOOL_VOC
P018889,2024,SCHOOL_VOC
P018890,2024,SCHOOL_VOC
P018894,2024,SCHOOL_VOC
P018896,2024,HIGHER_ED
P018897,2024,SCHOOL_VOC
P018898,2024,SCHOOL_VOC
P018900,2024,HIGHER_ED
P018903,2024,LOW_NONE
P018904,2024,SCHOOL_VOC
P018907,2024,SCHOOL_VOC
P018910,2024,SCHOOL_VOC
P018913,2024,SCHOOL_VOC
P018917,2024,SCHOOL_VOC
P018918,2024,SCHOOL_VOC
P018924,2024,SCHOOL_VOC
P018930,2024,SCHOOL_VOC
P018932,2024,HIGHER_ED
P018933,2024,SCHOOL_VOC
P018938,2024,SCHOOL_VOC
P018939,2024,SCHOOL_VOC
P018940,2024,SCHOOL_VOC
P018943,2024,HIGHER_ED
P018945,2024,HIGHER_ED
P018948,2024,SCHOOL_VOC
P018952,2024,HIGHER_ED
P018953,2024,SCHOOL_VOC
P018954,2024,SCHOOL_VOC
P018955,2024,LOW_NONE
P018956,2024,SCHOOL_VOC
P018961,2024,HIGHER_ED
P018963,2024,SCHOOL_VOC
P018965,2024,HIGHER_ED
P018966,2024,SCHOOL_VOC
P018967,2024,SCHOOL_VOC
P018968,2024,SCHOOL_VOC
P018969,2024,SCHOOL_VOC
P018970,2024,SCHOOL_VOC
P018972,2024,SCHOOL_VOC
P018973,2024,HIGHER_ED
P018980,2024,HIGHER_ED
P018981,2024,SCHOOL_VOC
P018989,2024,SCHOOL_VOC
P018991,2024,HIGHER_ED
P018996,2024,SCHOOL_VOC
P018997,2024,SCHOOL_VOC
P019000,2024,HIGHER_ED
P019002,2024,HIGHER_ED
P019004,2024,HIGHER_ED
P019008,2024,SCHOOL_VOC
P019010,2024,HIGHER_ED
P019013,2024,SCHOOL_VOC
P019018,2024,SCHOOL_VOC
P019019,2024,SCHOOL_VOC
P019023,2024,SCHOOL_VOC
P019024,2024,HIGHER_ED
P019026,2024,SCHOOL_VOC
P019027,2024,SCHOOL_VOC
P019031,2024,SCHOOL_VOC
P019032,2024,LOW_NONE
P019034,2024,HIGHER_ED
P019035,2024,SCHOOL_VOC
P019040,2024,SCHOOL_VOC
P019041,2024,SCHOOL_VOC
P019042,2024,SCHOOL_VOC
P019043,2024,HIGHER_ED
P019045,2024,SCHOOL_VOC
P019046,2024,LOW_NONE
P019047,2024,SCHOOL_VOC
P019048,2024,HIGHER_ED
P019049,2024,SCHOOL_VOC
P019051,2024,SCHOOL_VOC
P019057,2024,SCHOOL_VOC
P019059,2024,SCHOOL_VOC
P019062,2024,HIGHER_ED
P019063,2024,LOW_NONE
P019065,2024,SCHOOL_VOC
P019066,2024,SCHOOL_VOC
P019071,2024,HIGHER_ED
P019072,2024,SCHOOL_VOC
P019073,2024,LOW_NONE
P019075,2024,SCHOOL_VOC
P019076,2024,HIGHER_ED
P019077,2024,SCHOOL_VOC
P019079,2024,HIGHER_ED
P019080,2024,SCHOOL_VOC
P019087,2024,SCHOOL_VOC
P019089,2024,SCHOOL_VOC
P019091,2024,SCHOOL_VOC
P019092,2024,SCHOOL_VOC
P019095,2024,SCHOOL_VOC
P019096,2024,HIGHER_ED
P019100,2024,SCHOOL_VOC
P019101,2024,SCHOOL_VOC
P019103,2024,SCHOOL_VOC
P019104,2024,SCHOOL_VOC
P019106,2024,SCHOOL_VOC
P019108,2024,LOW_NONE
P019109,2024,HIGHER_ED
P019115,2024,HIGHER_ED
P019116,2024,SCHOOL_VOC
P019118,2024,HIGHER_ED
P019121,2024,SCHOOL_VOC
P019122,2024,SCHOOL_VOC
P019123,2024,SCHOOL_VOC
P019124,2024,SCHOOL_VOC
P019127,2024,HIGHER_ED
P019130,2024,SCHOOL_VOC
P019134,2024,SCHOOL_VOC
P019135,2024,LOW_NONE
P019136,2024,SCHOOL_VOC
P019137,2024,SCHOOL_VOC
P019138,2024,SCHOOL_VOC
P019139,2024,HIGHER_ED
P019142,2024,HIGHER_ED
P019143,2024,LOW_NONE
P019144,2024,SCHOOL_VOC
P019145,2024,LOW_NONE
P019146,2024,LOW_NONE
P019148,2024,SCHOOL_VOC
P019149,2024,HIGHER_ED
P019152,2024,SCHOOL_VOC
P019155,2024,SCHOOL_VOC
P019159,2024,SCHOOL_VOC
P019160,2024,SCHOOL_VOC
P019163,2024,HIGHER_ED
P019165,2024,HIGHER_ED
P019166,2024,SCHOOL_VOC
P019169,2024,HIGHER_ED
P019170,2024,HIGHER_ED
P019173,2024,SCHOOL_VOC
P019174,2024,LOW_NONE
P019175,2024,SCHOOL_VOC
P019176,2024,SCHOOL_VOC
P019180,2024,SCHOOL_VOC
P019182,2024,HIGHER_ED
P019184,2024,SCHOOL_VOC
P019187,2024,HIGHER_ED
P019190,2024,HIGHER_ED
P019193,2024,SCHOOL_VOC
P019195,2024,HIGHER_ED
P019197,2024,HIGHER_ED
P019198,2024,SCHOOL_VOC
P019199,2024,SCHOOL_VOC
P019200,2024,HIGHER_ED
P019202,2024,SCHOOL_VOC
P019204,2024,HIGHER_ED
P019207,2024,SCHOOL_VOC
P019209,2024,SCHOOL_VOC
P019211,2024,HIGHER_ED
P019212,2024,LOW_NONE
P019213,2024,SCHOOL_VOC
P019215,2024,LOW_NONE
P019217,2024,SCHOOL_VOC
P019218,2024,SCHOOL_VOC
P019220,2024,SCHOOL_VOC
P019230,2024,SCHOOL_VOC
P019233,2024,SCHOOL_VOC
P019234,2024,SCHOOL_VOC
P019235,2024,SCHOOL_VOC
P019237,2024,SCHOOL_VOC
P019239,2024,SCHOOL_VOC
P019240,2024,SCHOOL_VOC
P019242,2024,HIGHER_ED
P019244,2024,LOW_NONE
P019245,2024,HIGHER_ED
P019251,2024,SCHOOL_VOC
P019255,2024,SCHOOL_VOC
P019256,2024,
P019258,2024,SCHOOL_VOC
P019260,2024,SCHOOL_VOC
P019263,2024,SCHOOL_VOC
P019264,2024,SCHOOL_VOC
P019265,2024,HIGHER_ED
P019270,2024,SCHOOL_VOC
P019276,2024,SCHOOL_VOC
P019277,2024,SCHOOL_VOC
P019279,2024,HIGHER_ED
P019281,2024,SCHOOL_VOC
P019282,2024,HIGHER_ED
P019283,2024,HIGHER_ED
P019284,2024,SCHOOL_VOC
P019286,2024,SCHOOL_VOC
P019287,2024,SCHOOL_VOC
P019288,2024,SCHOOL_VOC
P019289,2024,SCHOOL_VOC
P019292,2024,HIGHER_ED
P019298,2024,SCHOOL_VOC
P019300,2024,SCHOOL_VOC
P019307,2024,SCHOOL_VOC
P019308,2024,SCHOOL_VOC
P019310,2024,SCHOOL_VOC
P019311,2024,LOW_NONE
P019313,2024,SCHOOL_VOC
P019327,2024,HIGHER_ED
P019328,2024,SCHOOL_VOC
P019331,2024,HIGHER_ED
P019334,2024,HIGHER_ED
P019335,2024,SCHOOL_VOC
P019337,2024,SCHOOL_VOC
P019339,2023,SCHOOL_VOC
P019347,2024,SCHOOL_VOC
P019350,2024,SCHOOL_VOC
P019352,2024,SCHOOL_VOC
P019357,2024,SCHOOL_VOC
P019358,2024,HIGHER_ED
P019359,2024,SCHOOL_VOC
P019360,2024,SCHOOL_VOC
P019367,2024,SCHOOL_VOC
P019372,2024,SCHOOL_VOC
P019375,2024,HIGHER_ED
P019378,2024,SCHOOL_VOC
P019380,2024,SCHOOL_VOC
P019381,2024,SCHOOL_VOC
P019390,2024,SCHOOL_VOC
P019391,2024,HIGHER_ED
P019397,2024,SCHOOL_VOC
P019399,2024,HIGHER_ED
P019400,2024,HIGHER_ED
P019401,2024,SCHOOL_VOC
P019402,2024,SCHOOL_VOC
P019404,2024,SCHOOL_VOC
P019406,2024,SCHOOL_VOC
P019410,2024,SCHOOL_VOC
P019411,2024,HIGHER_ED
P019415,2024,SCHOOL_VOC
P019417,2024,SCHOOL_VOC
P019419,2024,SCHOOL_VOC
P019421,2024,HIGHER_ED
P019422,2024,SCHOOL_VOC
P019424,2024,SCHOOL_VOC
P019425,2024,SCHOOL_VOC
P019427,2024,SCHOOL_VOC
P019431,2024,SCHOOL_VOC
P019432,2024,SCHOOL_VOC
P019436,2024,UNMAPPED_GROUP
P019440,2024,SCHOOL_VOC
P019443,2024,SCHOOL_VOC
P019446,2024,HIGHER_ED
P019449,2024,SCHOOL_VOC
P019454,2024,HIGHER_ED
P019464,2024,SCHOOL_VOC
P019465,2024,HIGHER_ED
P019470,2024,SCHOOL_VOC
P019471,2024,HIGHER_ED
P019475,2024,SCHOOL_VOC
P019481,2024,SCHOOL_VOC
P019482,2024,HIGHER_ED
P019483,2024,SCHOOL_VOC
P019486,2024,HIGHER_ED
P019487,2024,SCHOOL_VOC
P019493,2024,SCHOOL_VOC
P019494,2024,SCHOOL_VOC
P019495,2024,SCHOOL_VOC
P019500,2024,HIGHER_ED
P019508,2024,LOW_NONE
P019510,2024,SCHOOL_VOC
P019511,2024,SCHOOL_VOC
P019514,2024,SCHOOL_VOC
P019515,2024,SCHOOL_VOC
P019520,2024,HIGHER_ED
P019522,2024,SCHOOL_VOC
P019525,2024,SCHOOL_VOC
P019526,2024,HIGHER_ED
P019529,2024,LOW_NONE
P019530,2024,SCHOOL_VOC
P019539,2024,LOW_NONE
P019543,2024,SCHOOL_VOC
P019544,2024,SCHOOL_VOC
P019550,2024,SCHOOL_VOC
P019554,2024,SCHOOL_VOC
P019556,2024,SCHOOL_VOC
P019558,2024,SCHOOL_VOC
P019561,2024,SCHOOL_VOC
P019562,2024,SCHOOL_VOC
P019568,2024,HIGHER_ED
P019569,2024,SCHOOL_VOC
P019570,2024,SCHOOL_VOC
P019574,2024,SCHOOL_VOC
P019575,2024,SCHOOL_VOC
P019576,2024,SCHOOL_VOC
P019580,2024,SCHOOL_VOC
P019581,2024,SCHOOL_VOC
P019584,2024,SCHOOL_VOC
P019588,2024,SCHOOL_VOC
P019589,2024,SCHOOL_VOC
P019593,2024,SCHOOL_VOC
P019597,2024,SCHOOL_VOC
P019599,2024,SCHOOL_VOC
P019600,2024,SCHOOL_VOC
P019603,2024,SCHOOL_VOC
P019606,2024,SCHOOL_VOC
P019610,2024,SCHOOL_VOC
P019612,2024,SCHOOL_VOC
P019614,2024,SCHOOL_VOC
P019619,2024,LOW_NONE
P019620,2024,SCHOOL_VOC
P019621,2024,SCHOOL_VOC
P019622,2024,SCHOOL_VOC
P019633,2024,SCHOOL_VOC
P019634,2024,HIGHER_ED
P019635,2024,SCHOOL_VOC
P019637,2024,SCHOOL_VOC
P019638,2024,HIGHER_ED
P019639,2024,HIGHER_ED
P019641,2024,SCHOOL_VOC
P019642,2024,SCHOOL_VOC
P019645,2024,SCHOOL_VOC
P019646,2024,HIGHER_ED
P019650,2024,LOW_NONE
P019655,2024,SCHOOL_VOC
P019657,2024,SCHOOL_VOC
P019659,2024,HIGHER_ED
P019661,2024,UNMAPPED_GROUP
P019663,2024,SCHOOL_VOC
P019666,2024,HIGHER_ED
P019669,2024,HIGHER_ED
P019670,2024,SCHOOL_VOC
P019674,2024,LOW_NONE
P019675,2024,SCHOOL_VOC
P019677,2024,SCHOOL_VOC
P019682,2024,HIGHER_ED
P019683,2024,SCHOOL_VOC
P019686,2024,SCHOOL_VOC
P019688,2024,SCHOOL_VOC
P019689,2024,HIGHER_ED
P019690,2024,HIGHER_ED
P019691,2024,SCHOOL_VOC
P019694,2024,SCHOOL_VOC
P019696,2024,SCHOOL_VOC
P019699,2024,SCHOOL_VOC
P019707,2024,SCHOOL_VOC
P019708,2024,HIGHER_ED
P019712,2024,SCHOOL_VOC
P019713,2024,SCHOOL_VOC
P019716,2024,SCHOOL_VOC
P019717,2024,SCHOOL_VOC
P019728,2024,SCHOOL_VOC
P019730,2024,SCHOOL_VOC
P019734,2024,LOW_NONE
P019739,2024,SCHOOL_VOC
P019741,2024,HIGHER_ED
P019748,2024,SCHOOL_VOC
P019752,2024,HIGHER_ED
P019753,2024,SCHOOL_VOC
P019754,2024,LOW_NONE
P019755,2024,SCHOOL_VOC
P019759,2024,SCHOOL_VOC
P019760,2024,SCHOOL_VOC
P019761,2024,HIGHER_ED
P019764,2024,LOW_NONE
P019765,2024,SCHOOL_VOC
P019767,2024,SCHOOL_VOC
P019769,2024,HIGHER_ED
P019770,2024,LOW_NONE
P019773,2024,SCHOOL_VOC
P019775,2024,SCHOOL_VOC
P019781,2024,HIGHER_ED
P019784,2024,
P019790,2024,SCHOOL_VOC
P019794,2024,SCHOOL_VOC
P019795,2024,SCHOOL_VOC
P019796,2024,SCHOOL_VOC
P019797,2024,SCHOOL_VOC
P019798,2024,SCHOOL_VOC
P019799,2024,SCHOOL_VOC
P019800,2024,HIGHER_ED
P019803,2024,SCHOOL_VOC
P019808,2024,SCHOOL_VOC
P019810,2024,SCHOOL_VOC
P019811,2024,SCHOOL_VOC
P019812,2024,LOW_NONE
P019816,2024,SCHOOL_VOC
P019817,2024,HIGHER_ED
P019818,2024,SCHOOL_VOC
P019823,2024,SCHOOL_VOC
P019826,2024,HIGHER_ED
P019831,2024,SCHOOL_VOC
P019836,2024,SCHOOL_VOC
P019840,2024,SCHOOL_VOC
P019845,2024,HIGHER_ED
P019846,2024,HIGHER_ED
P019847,2024,SCHOOL_VOC
P019848,2024,SCHOOL_VOC
P019849,2024,SCHOOL_VOC
P019850,2024,SCHOOL_VOC
P019852,2024,SCHOOL_VOC
P019854,2024,SCHOOL_VOC
P019855,2024,SCHOOL_VOC
P019857,2024,SCHOOL_VOC
P019858,2024,SCHOOL_VOC
P019860,2024,HIGHER_ED
P019861,2024,HIGHER_ED
P019866,2024,SCHOOL_VOC
P019867,2024,
P019870,2024,SCHOOL_VOC
P019871,2024,HIGHER_ED
P019873,2024,LOW_NONE
P019875,2024,SCHOOL_VOC
P019877,2024,HIGHER_ED
P019880,2024,HIGHER_ED
P019882,2024,SCHOOL_VOC
P019883,2024,
P019884,2024,SCHOOL_VOC
P019885,2024,LOW_NONE
P019887,2024,LOW_NONE
P019888,2024,SCHOOL_VOC
P019891,2024,LOW_NONE
P019897,2024,HIGHER_ED
P019898,2024,SCHOOL_VOC
P019900,2024,HIGHER_ED
P019903,2024,LOW_NONE
P019904,2024,SCHOOL_VOC
P019907,2024,HIGHER_ED
P019908,2024,HIGHER_ED
P019911,2024,SCHOOL_VOC
P019916,2024,SCHOOL_VOC
P019917,2024,SCHOOL_VOC
P019918,2024,LOW_NONE
P019919,2024,HIGHER_ED
P019923,2024,
P019925,2024,HIGHER_ED
P019929,2024,SCHOOL_VOC
P019933,2024,SCHOOL_VOC
P019937,2024,SCHOOL_VOC
P019941,2024,SCHOOL_VOC
P019944,2024,SCHOOL_VOC
P019945,2024,SCHOOL_VOC
P019949,2024,HIGHER_ED
P019954,2024,SCHOOL_VOC
P019962,2024,LOW_NONE
P019963,2024,SCHOOL_VOC
P019964,2024,HIGHER_ED
P019965,2024,LOW_NONE
P019968,2024,SCHOOL_VOC
P019969,2024,SCHOOL_VOC
P019971,2024,LOW_NONE
P019978,2024,UNMAPPED_GROUP
P019981,2024,SCHOOL_VOC
P019986,2024,SCHOOL_VOC
P019988,2024,SCHOOL_VOC
P019989,2024,SCHOOL_VOC
P019991,2024,HIGHER_ED
P019993,2024,SCHOOL_VOC
P019994,2024,HIGHER_ED
P019999,2024,HIGHER_ED
P020003,2024,SCHOOL_VOC
P020005,2024,LOW_NONE
P020006,2024,SCHOOL_VOC
P020007,2024,HIGHER_ED
P020008,2024,SCHOOL_VOC
P020015,2024,LOW_NONE
P020016,2024,HIGHER_ED
P020017,2024,SCHOOL_VOC
P020018,2024,HIGHER_ED
P020020,2024,SCHOOL_VOC
P020022,2024,HIGHER_ED
P020026,2024,SCHOOL_VOC
P020027,2024,SCHOOL_VOC
P020031,2024,LOW_NONE
P020038,2024,HIGHER_ED
P020039,2024,
P020040,2024,SCHOOL_VOC
P020041,2024,SCHOOL_VOC
P020044,2024,LOW_NONE
P020046,2024,SCHOOL_VOC
P020051,2024,SCHOOL_VOC
P020062,2024,HIGHER_ED
P020070,2024,HIGHER_ED
P020072,2024,HIGHER_ED
P020073,2024,HIGHER_ED
P020075,2024,LOW_NONE
P020077,2024,SCHOOL_VOC
P020082,2024,HIGHER_ED
P020083,2024,SCHOOL_VOC
P020085,2024,HIGHER_ED
P020089,2024,SCHOOL_VOC
P020091,2024,LOW_NONE
P020092,2024,SCHOOL_VOC
P020094,2024,SCHOOL_VOC
P020097,2024,SCHOOL_VOC
P020100,2024,HIGHER_ED
P020101,2024,SCHOOL_VOC
P020102,2024,LOW_NONE
P020103,2024,SCHOOL_VOC
P020104,2024,HIGHER_ED
P020105,2024,HIGHER_ED
P020112,2024,SCHOOL_VOC
P020117,2024,SCHOOL_VOC
P020121,2024,SCHOOL_VOC
P020124,2024,SCHOOL_VOC
P020125,2024,SCHOOL_VOC
P020127,2024,SCHOOL_VOC
P020128,2024,SCHOOL_VOC
P020132,2024,SCHOOL_VOC
P020138,2024,LOW_NONE
P020142,2024,HIGHER_ED
P020143,2024,SCHOOL_VOC
P020145,2024,SCHOOL_VOC
P020156,2024,SCHOOL_VOC
P020159,2024,SCHOOL_VOC
P020161,2024,SCHOOL_VOC
P020163,2024,SCHOOL_VOC
P020165,2024,HIGHER_ED
P020167,2024,SCHOOL_VOC
P020168,2024,SCHOOL_VOC
P020171,2024,SCHOOL_VOC
P020174,2024,HIGHER_ED
P020175,2024,SCHOOL_VOC
P020178,2024,SCHOOL_VOC
P020181,2024,SCHOOL_VOC
P020182,2024,SCHOOL_VOC
P020183,2024,HIGHER_ED
P020184,2024,SCHOOL_VOC
P020187,2024,HIGHER_ED
P020191,2024,SCHOOL_VOC
P020195,2024,HIGHER_ED
P020196,2024,SCHOOL_VOC
P020197,2024,HIGHER_ED
P020198,2024,SCHOOL_VOC
P020201,2024,LOW_NONE
P020206,2024,HIGHER_ED
P020207,2024,SCHOOL_VOC
P020212,2024,SCHOOL_VOC
P020219,2024,SCHOOL_VOC
P020220,2024,SCHOOL_VOC
P020223,2024,HIGHER_ED
P020225,2024,SCHOOL_VOC
P020226,2024,HIGHER_ED
P020227,2024,SCHOOL_VOC
P020230,2024,SCHOOL_VOC
P020231,2024,SCHOOL_VOC
P020233,2024,SCHOOL_VOC
P020237,2024,SCHOOL_VOC
P020243,2024,HIGHER_ED
P020244,2024,SCHOOL_VOC
P020249,2024,SCHOOL_VOC
P020252,2024,LOW_NONE
P020253,2024,LOW_NONE
P020263,2024,HIGHER_ED
P020264,2024,SCHOOL_VOC
P020265,2024,SCHOOL_VOC
P020268,2024,SCHOOL_VOC
P020270,2024,SCHOOL_VOC
P020271,2024,LOW_NONE
P020274,2024,HIGHER_ED
P020278,2024,SCHOOL_VOC
P020280,2024,SCHOOL_VOC
P020281,2024,SCHOOL_VOC
P020282,2024,SCHOOL_VOC
P020284,2024,SCHOOL_VOC
P020288,2024,SCHOOL_VOC
P020290,2024,HIGHER_ED
P020293,2024,HIGHER_ED
P020294,2024,SCHOOL_VOC
P020295,2024,HIGHER_ED
P020296,2024,LOW_NONE
P020305,2024,HIGHER_ED
P020306,2024,HIGHER_ED
P020307,2024,SCHOOL_VOC
P020309,2024,SCHOOL_VOC
P020311,2024,HIGHER_ED
P020313,2024,SCHOOL_VOC
P020315,2024,SCHOOL_VOC
P020320,2024,SCHOOL_VOC
P020321,2024,HIGHER_ED
P020325,2024,HIGHER_ED
P020328,2024,SCHOOL_VOC
P020331,2024,SCHOOL_VOC
P020336,2024,HIGHER_ED
P020338,2024,SCHOOL_VOC
P020340,2024,SCHOOL_VOC
P020341,2024,SCHOOL_VOC
P020343,2024,HIGHER_ED
P020345,2024,SCHOOL_VOC
P020350,2024,HIGHER_ED
P020351,2024,HIGHER_ED
P020352,2024,HIGHER_ED
P020354,2024,SCHOOL_VOC
P020356,2024,HIGHER_ED
P020358,2024,SCHOOL_VOC
P020359,2024,HIGHER_ED
P020362,2024,SCHOOL_VOC
P020363,2024,SCHOOL_VOC
P020367,2024,HIGHER_ED
P020371,2024,SCHOOL_VOC
P020373,2024,SCHOOL_VOC
P020374,2024,SCHOOL_VOC
P020375,2024,SCHOOL_VOC
P020376,2024,SCHOOL_VOC
P020378,2024,SCHOOL_VOC
P020382,2024,SCHOOL_VOC
P020386,2024,SCHOOL_VOC
P020387,2024,SCHOOL_VOC
P020389,2024,SCHOOL_VOC
P020393,2024,SCHOOL_VOC
P020394,2024,SCHOOL_VOC
P020399,2024,LOW_NONE
P020400,2024,HIGHER_ED
P020401,2024,SCHOOL_VOC
P020402,2024,SCHOOL_VOC
P020404,2024,HIGHER_ED
P020409,2024,UNMAPPED_GROUP
P020414,2024,LOW_NONE
P020416,2024,SCHOOL_VOC
P020418,2024,HIGHER_ED
P020419,2024,LOW_NONE
P020421,2024,HIGHER_ED
P020422,2024,SCHOOL_VOC
P020423,2024,HIGHER_ED
P020427,2024,LOW_NONE
P020430,2024,SCHOOL_VOC
P020433,2024,SCHOOL_VOC
P020435,2024,SCHOOL_VOC
P020437,2024,HIGHER_ED
P020441,2024,SCHOOL_VOC
P020448,2024,HIGHER_ED
P020450,2024,SCHOOL_VOC
P020452,2024,SCHOOL_VOC
P020453,2024,LOW_NONE
P020454,2024,
P020457,2024,SCHOOL_VOC
P020460,2024,SCHOOL_VOC
P020465,2024,SCHOOL_VOC
P020468,2024,SCHOOL_VOC
P020472,2024,HIGHER_ED
P020473,2024,SCHOOL_VOC
P020474,2024,HIGHER_ED
P020478,2024,SCHOOL_VOC
P020479,2024,HIGHER_ED
P020481,2024,UNMAPPED_GROUP
P020487,2024,HIGHER_ED
P020491,2024,HIGHER_ED
P020493,2024,SCHOOL_VOC
P020494,2024,HIGHER_ED
P020495,2024,SCHOOL_VOC
P020496,2024,HIGHER_ED
P020497,2024,HIGHER_ED
P020505,2024,HIGHER_ED
P020508,2024,SCHOOL_VOC
P020512,2024,SCHOOL_VOC
P020516,2024,HIGHER_ED
P020518,2024,SCHOOL_VOC
P020519,2024,LOW_NONE
P020520,2024,HIGHER_ED
P020521,2024,SCHOOL_VOC
P020524,2024,SCHOOL_VOC
P020526,2024,SCHOOL_VOC
P020528,2024,
P020531,2024,SCHOOL_VOC
P020537,2024,SCHOOL_VOC
P020541,2024,HIGHER_ED
P020543,2024,SCHOOL_VOC
P020544,2024,SCHOOL_VOC
P020546,2024,SCHOOL_VOC
P020549,2024,UNMAPPED_GROUP
P020550,2024,SCHOOL_VOC
P020552,2024,LOW_NONE
P020555,2024,SCHOOL_VOC
P020562,2024,SCHOOL_VOC
P020564,2024,LOW_NONE
P020566,2024,HIGHER_ED
P020568,2024,HIGHER_ED
P020569,2024,HIGHER_ED
P020570,2024,HIGHER_ED
P020577,2024,SCHOOL_VOC
P020579,2024,HIGHER_ED
P020582,2024,HIGHER_ED
P020583,2024,SCHOOL_VOC
P020588,2024,SCHOOL_VOC
P020589,2024,SCHOOL_VOC
P020590,2024,SCHOOL_VOC
P020594,2024,HIGHER_ED
P020595,2024,HIGHER_ED
P020596,2024,SCHOOL_VOC
P020597,2024,HIGHER_ED
P020601,2024,SCHOOL_VOC
P020607,2024,HIGHER_ED
P020610,2024,SCHOOL_VOC
P020612,2024,SCHOOL_VOC
P020614,2024,SCHOOL_VOC
P020616,2024,HIGHER_ED
P020617,2024,SCHOOL_VOC
P020621,2024,SCHOOL_VOC
P020625,2024,SCHOOL_VOC
P020627,2024,SCHOOL_VOC
P020633,2024,HIGHER_ED
P020635,2024,SCHOOL_VOC
P020641,2024,HIGHER_ED
P020642,2024,HIGHER_ED
P020643,2024,HIGHER_ED
P020653,2024,SCHOOL_VOC
P020655,2024,SCHOOL_VOC
P020658,2024,SCHOOL_VOC
P020659,2024,SCHOOL_VOC
P020660,2024,SCHOOL_VOC
P020663,2024,SCHOOL_VOC
P020668,2024,HIGHER_ED
P020671,2024,SCHOOL_VOC
P020672,2024,HIGHER_ED
P020677,2024,SCHOOL_VOC
P020682,2024,HIGHER_ED
P020688,2024,HIGHER_ED
P020691,2024,HIGHER_ED
P020704,2024,HIGHER_ED
P020705,2024,SCHOOL_VOC
P020708,2024,SCHOOL_VOC
P020709,2024,HIGHER_ED
P020710,2024,HIGHER_ED
P020712,2024,SCHOOL_VOC
P020713,2024,SCHOOL_VOC
P020715,2024,HIGHER_ED
P020716,2024,SCHOOL_VOC
P020719,2024,SCHOOL_VOC
P020720,2024,SCHOOL_VOC
P020721,2024,HIGHER_ED
P020723,2024,SCHOOL_VOC
P020724,2024,HIGHER_ED
P020728,2024,SCHOOL_VOC
P020731,2024,HIGHER_ED
P020733,2024,HIGHER_ED
P020739,2024,SCHOOL_VOC
P020744,2024,HIGHER_ED
P020747,2024,SCHOOL_VOC
P020749,2024,LOW_NONE
P020753,2024,SCHOOL_VOC
P020757,2024,SCHOOL_VOC
P020758,2024,SCHOOL_VOC
P020761,2024,LOW_NONE
P020764,2024,SCHOOL_VOC
P020767,2024,HIGHER_ED
P020770,2024,HIGHER_ED
P020771,2024,SCHOOL_VOC
P020772,2024,LOW_NONE
P020775,2024,UNMAPPED_GROUP
P020784,2024,LOW_NONE
P020785,2024,SCHOOL_VOC
P020797,2024,SCHOOL_VOC
P020799,2024,SCHOOL_VOC
P020804,2024,SCHOOL_VOC
P020807,2024,SCHOOL_VOC
P020812,2024,HIGHER_ED
P020813,2024,HIGHER_ED
P020820,2024,SCHOOL_VOC
P020822,2024,SCHOOL_VOC
P020823,2024,SCHOOL_VOC
P020825,2024,HIGHER_ED
P020829,2024,HIGHER_ED
P020833,2024,SCHOOL_VOC
P020836,2024,HIGHER_ED
P020838,2024,SCHOOL_VOC
P020839,2024,SCHOOL_VOC
P020845,2024,HIGHER_ED
P020849,2024,SCHOOL_VOC
P020851,2024,SCHOOL_VOC
P020853,2024,HIGHER_ED
P020856,2024,SCHOOL_VOC
P020858,2024,SCHOOL_VOC
P020861,2024,HIGHER_ED
P020864,2024,SCHOOL_VOC
P020865,2024,SCHOOL_VOC
P020866,2024,LOW_NONE
P020868,2024,SCHOOL_VOC
P020869,2024,HIGHER_ED
P020870,2024,HIGHER_ED
P020874,2024,SCHOOL_VOC
P020880,2024,HIGHER_ED
P020887,2024,LOW_NONE
P020891,2024,SCHOOL_VOC
P020895,2024,HIGHER_ED
P020902,2024,HIGHER_ED
P020907,2024,HIGHER_ED
P020908,2024,SCHOOL_VOC
P020909,2024,SCHOOL_VOC
P020912,2024,
P020913,2024,SCHOOL_VOC
P020914,2024,SCHOOL_VOC
P020921,2024,SCHOOL_VOC
P020926,2024,HIGHER_ED
P020932,2024,SCHOOL_VOC
P020934,2024,SCHOOL_VOC
P020937,2024,HIGHER_ED
P020941,2024,HIGHER_ED
P020946,2024,HIGHER_ED
P020947,2024,SCHOOL_VOC
P020949,2024,SCHOOL_VOC
P020952,2024,SCHOOL_VOC
P020953,2024,SCHOOL_VOC
P020954,2024,HIGHER_ED
P020958,2024,HIGHER_ED
P020959,2024,HIGHER_ED
P020963,2024,LOW_NONE
P020964,2024,SCHOOL_VOC
P020969,2024,HIGHER_ED
P020970,2024,SCHOOL_VOC
P020973,2024,SCHOOL_VOC
P020978,2024,SCHOOL_VOC
P020980,2024,SCHOOL_VOC
P020982,2024,SCHOOL_VOC
P020987,2024,SCHOOL_VOC
P020989,2024,SCHOOL_VOC
P020990,2024,HIGHER_ED
P020991,2024,SCHOOL_VOC
P020995,2024,HIGHER_ED
P020996,2024,SCHOOL_VOC
P020998,2024,SCHOOL_VOC
P021004,2024,SCHOOL_VOC
P021005,2024,HIGHER_ED
P021008,2024,SCHOOL_VOC
P021012,2024,SCHOOL_VOC
P021014,2024,HIGHER_ED
P021017,2024,HIGHER_ED
P021018,2024,HIGHER_ED
P021022,2024,SCHOOL_VOC
P021029,2024,SCHOOL_VOC
P021035,2024,SCHOOL_VOC
P021037,2024,SCHOOL_VOC
P021040,2024,HIGHER_ED
P021041,2024,SCHOOL_VOC
P021042,2024,SCHOOL_VOC
P021044,2024,SCHOOL_VOC
P021045,2024,SCHOOL_VOC
P021047,2024,SCHOOL_VOC
P021048,2024,HIGHER_ED
P021052,2024,HIGHER_ED
P021053,2024,HIGHER_ED
P021063,2024,SCHOOL_VOC
P021065,2024,SCHOOL_VOC
P021066,2024,LOW_NONE
P021072,2024,SCHOOL_VOC
P021076,2024,SCHOOL_VOC
P021079,2024,SCHOOL_VOC
P021082,2024,HIGHER_ED
P021083,2024,SCHOOL_VOC
P021088,2024,HIGHER_ED
P021092,2024,SCHOOL_VOC
P021093,2024,SCHOOL_VOC
P021094,2024,SCHOOL_VOC
P021096,2024,SCHOOL_VOC
P021099,2024,SCHOOL_VOC
P021100,2024,SCHOOL_VOC
P021101,2024,HIGHER_ED
P021102,2024,SCHOOL_VOC
P021104,2024,HIGHER_ED
P021105,2024,SCHOOL_VOC
P021111,2024,HIGHER_ED
P021112,2024,SCHOOL_VOC
P021117,2024,HIGHER_ED
P021121,2024,SCHOOL_VOC
P021122,2024,HIGHER_ED
P021124,2024,SCHOOL_VOC
P021126,2024,HIGHER_ED
P021131,2024,SCHOOL_VOC
P021132,2024,HIGHER_ED
P021136,2024,SCHOOL_VOC
P021137,2024,SCHOOL_VOC
P021139,2024,SCHOOL_VOC
P021142,2024,SCHOOL_VOC
P021151,2024,HIGHER_ED
P021152,2024,SCHOOL_VOC
P021154,2024,SCHOOL_VOC
P021167,2024,SCHOOL_VOC
P021172,2024,SCHOOL_VOC
P021177,2024,HIGHER_ED
P021181,2024,SCHOOL_VOC
P021182,2024,HIGHER_ED
P021185,2024,SCHOOL_VOC
P021186,2024,SCHOOL_VOC
P021187,2024,LOW_NONE
P021188,2024,LOW_NONE
P021189,2024,SCHOOL_VOC
P021191,2024,SCHOOL_VOC
P021197,2024,SCHOOL_VOC
P021198,2024,SCHOOL_VOC
P021199,2024,SCHOOL_VOC
P021207,2024,HIGHER_ED
P021210,2024,LOW_NONE
P021211,2024,SCHOOL_VOC
P021212,2024,HIGHER_ED
P021214,2024,SCHOOL_VOC
P021216,2024,HIGHER_ED
P021217,2024,HIGHER_ED
P021218,2024,SCHOOL_VOC
P021219,2024,SCHOOL_VOC
P021221,2024,HIGHER_ED
P021230,2024,SCHOOL_VOC
P021234,2024,SCHOOL_VOC
P021236,2024,SCHOOL_VOC
P021245,2024,SCHOOL_VOC
P021248,2024,HIGHER_ED
P021251,2024,SCHOOL_VOC
P021253,2024,SCHOOL_VOC
P021260,2024,SCHOOL_VOC
P021261,2024,SCHOOL_VOC
P021263,2024,SCHOOL_VOC
P021267,2024,HIGHER_ED
P021269,2024,HIGHER_ED
P021270,2024,SCHOOL_VOC
P021271,2024,SCHOOL_VOC
P021283,2024,SCHOOL_VOC
P021284,2024,HIGHER_ED
P021289,2024,SCHOOL_VOC
P021291,2024,SCHOOL_VOC
P021292,2024,LOW_NONE
P021296,2024,SCHOOL_VOC
P021301,2024,SCHOOL_VOC
P021302,2024,LOW_NONE
P021303,2024,HIGHER_ED
P021307,2024,HIGHER_ED
P021309,2024,LOW_NONE
P021310,2024,SCHOOL_VOC
P021312,2024,HIGHER_ED
P021318,2024,SCHOOL_VOC
P021319,2024,HIGHER_ED
P021321,2024,SCHOOL_VOC
P021326,2024,LOW_NONE
P021328,2024,SCHOOL_VOC
P021335,2024,SCHOOL_VOC
P021337,2024,SCHOOL_VOC
P021340,2024,HIGHER_ED
P021343,2024,HIGHER_ED
P021344,2024,HIGHER_ED
P021345,2024,SCHOOL_VOC
P021346,2024,LOW_NONE
P021351,2024,SCHOOL_VOC
P021354,2024,HIGHER_ED
P021355,2024,LOW_NONE
P021356,2024,SCHOOL_VOC
P021357,2024,SCHOOL_VOC
P021363,2024,SCHOOL_VOC
P021370,2024,HIGHER_ED
P021372,2024,SCHOOL_VOC
P021373,2024,SCHOOL_VOC
P021375,2024,SCHOOL_VOC
P021376,2024,LOW_NONE
P021377,2024,HIGHER_ED
P021382,2024,SCHOOL_VOC
P021384,2024,SCHOOL_VOC
P021388,2024,LOW_NONE
P021393,2024,HIGHER_ED
P021395,2024,SCHOOL_VOC
P021397,2024,HIGHER_ED
P021401,2024,SCHOOL_VOC
P021404,2024,SCHOOL_VOC
P021407,2024,
P021413,2024,SCHOOL_VOC
P021414,2024,LOW_NONE
P021415,2024,SCHOOL_VOC
P021417,2024,SCHOOL_VOC
P021419,2024,HIGHER_ED
P021421,2024,SCHOOL_VOC
P021424,2024,SCHOOL_VOC
P021430,2024,HIGHER_ED
P021431,2024,SCHOOL_VOC
P021433,2024,HIGHER_ED
P021436,2024,SCHOOL_VOC
P021438,2024,SCHOOL_VOC
P021440,2024,LOW_NONE
P021441,2024,HIGHER_ED
P021444,2024,SCHOOL_VOC
P021448,2024,SCHOOL_VOC
P021449,2024,SCHOOL_VOC
P021450,2024,SCHOOL_VOC
P021451,2024,HIGHER_ED
P021454,2024,SCHOOL_VOC
P021458,2024,HIGHER_ED
P021460,2024,SCHOOL_VOC
P021463,2024,SCHOOL_VOC
P021464,2024,SCHOOL_VOC
P021465,2024,HIGHER_ED
P021466,2024,HIGHER_ED
P021467,2024,SCHOOL_VOC
P021469,2024,SCHOOL_VOC
P021470,2024,HIGHER_ED
P021474,2024,LOW_NONE
P021475,2024,SCHOOL_VOC
P021477,2024,HIGHER_ED
P021479,2024,HIGHER_ED
P021481,2024,LOW_NONE
P021486,2024,SCHOOL_VOC
P021494,2024,SCHOOL_VOC
P021496,2024,SCHOOL_VOC
P021498,2024,SCHOOL_VOC
P021503,2024,HIGHER_ED
P021506,2024,SCHOOL_VOC
P021508,2024,SCHOOL_VOC
P021509,2024,HIGHER_ED
P021515,2024,SCHOOL_VOC
P021520,2024,SCHOOL_VOC
P021522,2024,HIGHER_ED
P021533,2024,SCHOOL_VOC
P021534,2024,SCHOOL_VOC
P021536,2024,SCHOOL_VOC
P021538,2024,SCHOOL_VOC
P021541,2024,SCHOOL_VOC
P021543,2024,HIGHER_ED
P021548,2024,HIGHER_ED
P021549,2024,SCHOOL_VOC
P021554,2024,SCHOOL_VOC
P021555,2024,SCHOOL_VOC
P021560,2024,HIGHER_ED
P021561,2024,SCHOOL_VOC
P021563,2024,SCHOOL_VOC
P021568,2024,HIGHER_ED
P021569,2024,SCHOOL_VOC
P021588,2024,SCHOOL_VOC
P021592,2024,SCHOOL_VOC
P021593,2024,SCHOOL_VOC
P021598,2024,HIGHER_ED
P021603,2024,SCHOOL_VOC
P021608,2024,SCHOOL_VOC
P021613,2024,SCHOOL_VOC
P021614,2024,SCHOOL_VOC
P021615,2024,SCHOOL_VOC
P021616,2024,SCHOOL_VOC
P021618,2024,HIGHER_ED
P021619,2024,SCHOOL_VOC
P021620,2024,SCHOOL_VOC
P021627,2024,HIGHER_ED
P021629,2024,SCHOOL_VOC
P021631,2024,SCHOOL_VOC
P021632,2024,SCHOOL_VOC
P021635,2024,HIGHER_ED
P021640,2024,HIGHER_ED
P021641,2024,SCHOOL_VOC
P021643,2024,SCHOOL_VOC
P021644,2024,SCHOOL_VOC
P021649,2024,SCHOOL_VOC
P021650,2024,SCHOOL_VOC
P021653,2024,SCHOOL_VOC
P021654,2024,SCHOOL_VOC
P021656,2024,SCHOOL_VOC
P021657,2024,SCHOOL_VOC
P021662,2024,HIGHER_ED
P021663,2024,HIGHER_ED
P021665,2024,SCHOOL_VOC
P021667,2024,HIGHER_ED
P021668,2024,SCHOOL_VOC
P021669,2024,HIGHER_ED
P021670,2024,SCHOOL_VOC
P021672,2024,HIGHER_ED
P021673,2024,SCHOOL_VOC
P021674,2024,HIGHER_ED
P021676,2024,SCHOOL_VOC
P021680,2024,SCHOOL_VOC
P021681,2024,SCHOOL_VOC
P021685,2024,SCHOOL_VOC
P021698,2024,SCHOOL_VOC
P021699,2024,HIGHER_ED
P021701,2024,SCHOOL_VOC
P021703,2024,HIGHER_ED
P021708,2024,HIGHER_ED
P021717,2024,SCHOOL_VOC
P021721,2024,HIGHER_ED
P021722,2024,SCHOOL_VOC
P021726,2024,SCHOOL_VOC
P021727,2024,SCHOOL_VOC
P021728,2024,HIGHER_ED
P021730,2024,SCHOOL_VOC
P021735,2024,HIGHER_ED
P021739,2024,HIGHER_ED
P021741,2024,SCHOOL_VOC
P021744,2024,SCHOOL_VOC
P021749,2024,SCHOOL_VOC
P021752,2024,SCHOOL_VOC
P021755,2024,SCHOOL_VOC
P021757,2024,SCHOOL_VOC
P021759,2024,SCHOOL_VOC
P021760,2024,HIGHER_ED
P021761,2024,SCHOOL_VOC
P021762,2024,SCHOOL_VOC
P021769,2024,SCHOOL_VOC
P021771,2024,LOW_NONE
P021773,2024,SCHOOL_VOC
P021784,2024,HIGHER_ED
P021787,2024,LOW_NONE
P021788,2024,HIGHER_ED
P021793,2024,HIGHER_ED
P021794,2024,SCHOOL_VOC
P021798,2024,SCHOOL_VOC
P021799,2024,HIGHER_ED
P021804,2024,SCHOOL_VOC
P021807,2024,LOW_NONE
P021810,2024,SCHOOL_VOC
P021811,2024,HIGHER_ED
P021812,2024,LOW_NONE
P021813,2024,HIGHER_ED
P021814,2024,HIGHER_ED
P021821,2024,SCHOOL_VOC
P021823,2024,HIGHER_ED
P021824,2024,SCHOOL_VOC
P021825,2024,SCHOOL_VOC
P021828,2024,SCHOOL_VOC
P021829,2024,SCHOOL_VOC
P021831,2024,HIGHER_ED
P021833,2024,HIGHER_ED
P021835,2024,SCHOOL_VOC
P021840,2024,SCHOOL_VOC
P021841,2024,HIGHER_ED
P021847,2024,SCHOOL_VOC
P021850,2024,HIGHER_ED
P021852,2024,LOW_NONE
P021854,2024,SCHOOL_VOC
P021856,2024,SCHOOL_VOC
P021857,2024,HIGHER_ED
P021858,2024,SCHOOL_VOC
P021862,2024,HIGHER_ED
P021867,2024,LOW_NONE
P021872,2024,SCHOOL_VOC
P021873,2024,SCHOOL_VOC
P021879,2024,SCHOOL_VOC
P021889,2024,SCHOOL_VOC
P021890,2024,SCHOOL_VOC
P021895,2024,HIGHER_ED
P021896,2024,SCHOOL_VOC
P021907,2024,SCHOOL_VOC
P021909,2024,SCHOOL_VOC
P021911,2024,SCHOOL_VOC
P021913,2024,HIGHER_ED
P021914,2024,SCHOOL_VOC
P021922,2024,SCHOOL_VOC
P021928,2024,SCHOOL_VOC
P021932,2024,SCHOOL_VOC
P021933,2024,SCHOOL_VOC
P021940,2024,SCHOOL_VOC
P021942,2024,LOW_NONE
P021943,2024,SCHOOL_VOC
P021947,2024,HIGHER_ED
P021948,2024,HIGHER_ED
P021950,2024,SCHOOL_VOC
P021952,2024,SCHOOL_VOC
P021958,2024,LOW_NONE
P021960,2024,SCHOOL_VOC
P021961,2024,HIGHER_ED
P021964,2024,LOW_NONE
P021965,2024,SCHOOL_VOC
P021966,2024,SCHOOL_VOC
P021968,2024,LOW_NONE
P021972,2024,
P021974,2024,SCHOOL_VOC
P021975,2024,LOW_NONE
P021976,2024,SCHOOL_VOC
P021978,2024,LOW_NONE
P021979,2024,SCHOOL_VOC
P021985,2024,HIGHER_ED
P021986,2024,SCHOOL_VOC
P021988,2024,SCHOOL_VOC
P021990,2024,HIGHER_ED
P021991,2024,SCHOOL_VOC
P021992,2024,SCHOOL_VOC
P021994,2024,
P021995,2023,HIGHER_ED
P021996,2024,SCHOOL_VOC
P021997,2024,SCHOOL_VOC
P022000,2024,SCHOOL_VOC
P022003,2024,HIGHER_ED
P022006,2024,SCHOOL_VOC
P022008,2024,SCHOOL_VOC
P022012,2024,HIGHER_ED
P022014,2024,SCHOOL_VOC
P022020,2024,LOW_NONE
P022023,2024,SCHOOL_VOC
P022024,2024,SCHOOL_VOC
P022028,2024,SCHOOL_VOC
P022032,2024,
P022034,2024,HIGHER_ED
P022035,2024,SCHOOL_VOC
P022036,2024,SCHOOL_VOC
P022038,2024,SCHOOL_VOC
P022040,2024,SCHOOL_VOC
P022046,2024,LOW_NONE
P022056,2024,SCHOOL_VOC
P022057,2024,HIGHER_ED
P022058,2024,SCHOOL_VOC
P022059,2024,SCHOOL_VOC
P022060,2024,HIGHER_ED
P022061,2024,SCHOOL_VOC
P022063,2024,SCHOOL_VOC
P022065,2024,SCHOOL_VOC
P022068,2024,HIGHER_ED
P022072,2024,SCHOOL_VOC
P022081,2024,SCHOOL_VOC
P022085,2024,SCHOOL_VOC
P022087,2024,SCHOOL_VOC
P022088,2024,HIGHER_ED
P022094,2024,HIGHER_ED
P022098,2024,SCHOOL_VOC
P022099,2024,SCHOOL_VOC
P022105,2024,
P022106,2024,SCHOOL_VOC
P022111,2024,SCHOOL_VOC
P022113,2024,HIGHER_ED
P022116,2024,SCHOOL_VOC
P022117,2024,SCHOOL_VOC
P022121,2024,HIGHER_ED
P022125,2024,SCHOOL_VOC
P022127,2024,HIGHER_ED
P022132,2024,SCHOOL_VOC
P022133,2024,HIGHER_ED
P022135,2024,SCHOOL_VOC
P022137,2024,SCHOOL_VOC
P022140,2024,LOW_NONE
P022142,2024,HIGHER_ED
P022143,2024,HIGHER_ED
P022149,2024,SCHOOL_VOC
P022155,2024,SCHOOL_VOC
P022156,2024,LOW_NONE
P022160,2024,SCHOOL_VOC
P022162,2024,HIGHER_ED
P022163,2024,SCHOOL_VOC
P022168,2024,SCHOOL_VOC
P022171,2024,SCHOOL_VOC
P022173,2024,SCHOOL_VOC
P022174,2024,HIGHER_ED
P022181,2024,HIGHER_ED
P022185,2024,HIGHER_ED
P022196,2024,SCHOOL_VOC
P022197,2024,HIGHER_ED
P022199,2024,SCHOOL_VOC
P022201,2024,SCHOOL_VOC
P022205,2024,SCHOOL_VOC
P022208,2024,SCHOOL_VOC
P022210,2024,SCHOOL_VOC
P022212,2024,HIGHER_ED
P022214,2024,SCHOOL_VOC
P022215,2024,SCHOOL_VOC
P022220,2024,HIGHER_ED
P022224,2024,SCHOOL_VOC
P022226,2024,SCHOOL_VOC
P022227,2024,HIGHER_ED
P022231,2024,LOW_NONE
P022232,2024,LOW_NONE
P022233,2024,SCHOOL_VOC
P022242,2024,HIGHER_ED
P022244,2024,SCHOOL_VOC
P022245,2024,SCHOOL_VOC
P022246,2024,SCHOOL_VOC
P022247,2024,HIGHER_ED
P022249,2024,SCHOOL_VOC
P022255,2024,SCHOOL_VOC
P022257,2024,HIGHER_ED
P022258,2024,SCHOOL_VOC
P022262,2024,HIGHER_ED
P022263,2024,SCHOOL_VOC
P022265,2024,HIGHER_ED
P022268,2024,SCHOOL_VOC
P022270,2024,SCHOOL_VOC
P022271,2024,SCHOOL_VOC
P022273,2024,SCHOOL_VOC
P022274,2024,SCHOOL_VOC
P022276,2024,SCHOOL_VOC
P022278,2024,SCHOOL_VOC
P022279,2024,SCHOOL_VOC
P022280,2024,SCHOOL_VOC
P022281,2024,HIGHER_ED
P022282,2024,SCHOOL_VOC
P022289,2024,HIGHER_ED
P022290,2024,SCHOOL_VOC
P022295,2024,HIGHER_ED
P022298,2024,SCHOOL_VOC
P022303,2024,SCHOOL_VOC
P022305,2024,HIGHER_ED
P022311,2024,HIGHER_ED
P022313,2024,LOW_NONE
P022314,2024,SCHOOL_VOC
P022317,2024,HIGHER_ED
P022318,2024,LOW_NONE
P022323,2024,SCHOOL_VOC
P022327,2024,SCHOOL_VOC
P022328,2024,HIGHER_ED
P022331,2024,HIGHER_ED
P022339,2024,SCHOOL_VOC
P022341,2024,HIGHER_ED
P022343,2024,SCHOOL_VOC
P022349,2024,SCHOOL_VOC
P022351,2024,HIGHER_ED
P022352,2024,HIGHER_ED
P022354,2024,SCHOOL_VOC
P022356,2024,SCHOOL_VOC
P022358,2024,SCHOOL_VOC
P022361,2024,SCHOOL_VOC
P022364,2024,SCHOOL_VOC
P022365,2024,SCHOOL_VOC
P022366,2024,HIGHER_ED
P022370,2024,HIGHER_ED
P022371,2024,SCHOOL_VOC
P022373,2024,SCHOOL_VOC
P022377,2024,LOW_NONE
P022384,2024,SCHOOL_VOC
P022389,2024,SCHOOL_VOC
P022394,2024,LOW_NONE
P022396,2024,SCHOOL_VOC
P022397,2024,SCHOOL_VOC
P022398,2024,HIGHER_ED
P022399,2024,SCHOOL_VOC
P022401,2024,SCHOOL_VOC
P022402,2024,SCHOOL_VOC
P022403,2024,HIGHER_ED
P022406,2024,SCHOOL_VOC
P022410,2024,HIGHER_ED
P022411,2024,SCHOOL_VOC
P022415,2024,SCHOOL_VOC
P022417,2024,SCHOOL_VOC
P022419,2024,HIGHER_ED
P022420,2024,SCHOOL_VOC
P022421,2024,SCHOOL_VOC
P022424,2024,SCHOOL_VOC
P022426,2024,SCHOOL_VOC
P022428,2024,HIGHER_ED
P022430,2024,SCHOOL_VOC
P022431,2024,SCHOOL_VOC
P022436,2024,SCHOOL_VOC
P022441,2024,SCHOOL_VOC
P022445,2024,LOW_NONE
P022446,2024,SCHOOL_VOC
P022447,2024,HIGHER_ED
P022452,2024,HIGHER_ED
P022453,2024,HIGHER_ED
P022457,2024,LOW_NONE
P022459,2024,HIGHER_ED
P022461,2024,HIGHER_ED
P022462,2024,SCHOOL_VOC
P022463,2024,HIGHER_ED
P022464,2024,HIGHER_ED
P022465,2024,SCHOOL_VOC
P022467,2024,HIGHER_ED
P022469,2024,HIGHER_ED
P022474,2024,HIGHER_ED
P022475,2024,SCHOOL_VOC
P022476,2024,HIGHER_ED
P022478,2024,LOW_NONE
P022481,2024,HIGHER_ED
P022485,2024,SCHOOL_VOC
P022489,2024,LOW_NONE
P022490,2024,SCHOOL_VOC
P022493,2024,SCHOOL_VOC
P022496,2024,SCHOOL_VOC
P022504,2024,SCHOOL_VOC
P022505,2024,SCHOOL_VOC
P022506,2024,HIGHER_ED
P022510,2024,SCHOOL_VOC
P022511,2024,SCHOOL_VOC
P022512,2024,HIGHER_ED
P022516,2024,SCHOOL_VOC
P022518,2024,SCHOOL_VOC
P022519,2024,SCHOOL_VOC
P022522,2024,HIGHER_ED
P022523,2024,SCHOOL_VOC
P022525,2024,SCHOOL_VOC
P022530,2024,LOW_NONE
P022538,2024,LOW_NONE
P022543,2024,SCHOOL_VOC
P022544,2024,SCHOOL_VOC
P022547,2024,SCHOOL_VOC
P022551,2024,HIGHER_ED
P022556,2024,SCHOOL_VOC
P022561,2024,HIGHER_ED
P022562,2024,HIGHER_ED
P022565,2024,SCHOOL_VOC
P022567,2024,HIGHER_ED
P022575,2024,HIGHER_ED
P022577,2024,SCHOOL_VOC
P022578,2024,SCHOOL_VOC
P022579,2024,HIGHER_ED
P022581,2024,HIGHER_ED
P022582,2024,SCHOOL_VOC
P022589,2024,SCHOOL_VOC
P022592,2024,HIGHER_ED
P022594,2024,HIGHER_ED
P022596,2024,SCHOOL_VOC
P022597,2024,HIGHER_ED
P022602,2024,HIGHER_ED
P022603,2024,SCHOOL_VOC
P022604,2024,SCHOOL_VOC
P022606,2024,SCHOOL_VOC
P022608,2024,SCHOOL_VOC
P022612,2024,HIGHER_ED
P022613,2024,HIGHER_ED
P022614,2024,SCHOOL_VOC
P022618,2024,HIGHER_ED
P022623,2024,HIGHER_ED
P022628,2024,SCHOOL_VOC
P022630,2024,SCHOOL_VOC
P022631,2024,HIGHER_ED
P022632,2024,SCHOOL_VOC
P022633,2024,SCHOOL_VOC
P022638,2024,SCHOOL_VOC
P022642,2024,SCHOOL_VOC
P022646,2024,LOW_NONE
P022650,2024,HIGHER_ED
P022654,2024,HIGHER_ED
P022655,2024,SCHOOL_VOC
P022661,2024,HIGHER_ED
P022663,2024,SCHOOL_VOC
P022664,2024,SCHOOL_VOC
P022665,2024,SCHOOL_VOC
P022670,2024,SCHOOL_VOC
P022672,2024,SCHOOL_VOC
P022673,2024,SCHOOL_VOC
P022674,2024,HIGHER_ED
P022675,2024,HIGHER_ED
P022682,2024,HIGHER_ED
P022683,2024,SCHOOL_VOC
P022685,2024,HIGHER_ED
P022686,2024,SCHOOL_VOC
P022687,2024,SCHOOL_VOC
P022688,2024,SCHOOL_VOC
P022695,2024,HIGHER_ED
P022697,2024,HIGHER_ED
P022701,2024,SCHOOL_VOC
P022706,2024,HIGHER_ED
P022709,2024,HIGHER_ED
P022710,2024,SCHOOL_VOC
P022711,2024,SCHOOL_VOC
P022712,2024,HIGHER_ED
P022714,2024,LOW_NONE
P022716,2024,LOW_NONE
P022717,2024,SCHOOL_VOC
P022721,2024,HIGHER_ED
P022722,2024,HIGHER_ED
P022723,2024,LOW_NONE
P022724,2024,SCHOOL_VOC
P022728,2024,SCHOOL_VOC
P022731,2024,HIGHER_ED
P022733,2024,SCHOOL_VOC
P022734,2024,HIGHER_ED
P022737,2024,SCHOOL_VOC
P022740,2024,HIGHER_ED
P022745,2024,SCHOOL_VOC
P022749,2024,HIGHER_ED
P022751,2024,SCHOOL_VOC
P022756,2024,SCHOOL_VOC
P022759,2024,SCHOOL_VOC
P022763,2024,SCHOOL_VOC
P022766,2024,HIGHER_ED
P022767,2024,SCHOOL_VOC
P022770,2024,SCHOOL_VOC
P022772,2024,HIGHER_ED
P022773,2024,SCHOOL_VOC
P022784,2024,SCHOOL_VOC
P022787,2024,SCHOOL_VOC
P022791,2024,SCHOOL_VOC
P022794,2024,HIGHER_ED
P022797,2024,SCHOOL_VOC
P022798,2024,HIGHER_ED
P022802,2024,SCHOOL_VOC
P022803,2024,LOW_NONE
P022805,2024,SCHOOL_VOC
P022810,2024,SCHOOL_VOC
P022811,2024,LOW_NONE
P022816,2024,SCHOOL_VOC
P022820,2024,SCHOOL_VOC
P022821,2024,SCHOOL_VOC
P022824,2024,SCHOOL_VOC
P022830,2024,SCHOOL_VOC
P022831,2024,LOW_NONE
P022837,2024,SCHOOL_VOC
P022840,2024,SCHOOL_VOC
P022841,2024,SCHOOL_VOC
P022843,2024,SCHOOL_VOC
P022844,2024,SCHOOL_VOC
P022848,2024,LOW_NONE
P022849,2024,SCHOOL_VOC
P022851,2024,SCHOOL_VOC
P022856,2024,SCHOOL_VOC
P022858,2024,HIGHER_ED
P022861,2024,SCHOOL_VOC
P022863,2024,SCHOOL_VOC
P022869,2024,HIGHER_ED
P022872,2024,SCHOOL_VOC
P022878,2024,SCHOOL_VOC
P022879,2024,SCHOOL_VOC
P022881,2024,HIGHER_ED
P022884,2024,
P022888,2024,SCHOOL_VOC
P022889,2024,HIGHER_ED
P022891,2024,HIGHER_ED
P022892,2024,HIGHER_ED
P022893,2024,SCHOOL_VOC
P022897,2024,SCHOOL_VOC
P022898,2024,SCHOOL_VOC
P022908,2024,SCHOOL_VOC
P022911,2024,HIGHER_ED
P022914,2024,SCHOOL_VOC
P022923,2024,SCHOOL_VOC
P022924,2024,SCHOOL_VOC
P022926,2024,HIGHER_ED
P022928,2024,SCHOOL_VOC
P022932,2024,SCHOOL_VOC
P022933,2024,SCHOOL_VOC
P022934,2024,SCHOOL_VOC
P022935,2024,SCHOOL_VOC
P022937,2024,SCHOOL_VOC
P022938,2024,SCHOOL_VOC
P022941,2024,SCHOOL_VOC
P022944,2024,SCHOOL_VOC
P022947,2024,HIGHER_ED
P022950,2024,SCHOOL_VOC
P022953,2024,SCHOOL_VOC
P022955,2024,SCHOOL_VOC
P022956,2024,SCHOOL_VOC
P022958,2024,HIGHER_ED
P022960,2024,SCHOOL_VOC
P022961,2024,HIGHER_ED
P022962,2024,SCHOOL_VOC
P022964,2024,SCHOOL_VOC
P022969,2024,SCHOOL_VOC
P022971,2024,SCHOOL_VOC
P022973,2024,SCHOOL_VOC
P022975,2024,HIGHER_ED
P022977,2024,LOW_NONE
P022985,2024,SCHOOL_VOC
P022986,2024,HIGHER_ED
P022987,2024,HIGHER_ED
P022990,2024,
P022991,2024,HIGHER_ED
P022992,2024,SCHOOL_VOC
P022993,2024,SCHOOL_VOC
P022994,2024,HIGHER_ED
P022996,2024,SCHOOL_VOC
P022998,2024,SCHOOL_VOC
P022999,2024,SCHOOL_VOC
P023001,2024,SCHOOL_VOC
P023002,2024,SCHOOL_VOC
P023005,2024,SCHOOL_VOC
P023008,2024,SCHOOL_VOC
P023011,2024,HIGHER_ED
P023012,2024,HIGHER_ED
P023013,2024,LOW_NONE
P023016,2024,SCHOOL_VOC
P023020,2024,HIGHER_ED
P023026,2024,HIGHER_ED
P023027,2024,HIGHER_ED
P023028,2024,HIGHER_ED
P023031,2024,HIGHER_ED
P023032,2024,HIGHER_ED
P023033,2024,SCHOOL_VOC
P023034,2024,HIGHER_ED
P023037,2024,SCHOOL_VOC
P023039,2024,HIGHER_ED
P023040,2024,SCHOOL_VOC
P023042,2024,SCHOOL_VOC
P023043,2024,SCHOOL_VOC
P023044,2024,
P023045,2024,SCHOOL_VOC
P023046,2024,SCHOOL_VOC
P023049,2024,SCHOOL_VOC
P023050,2024,SCHOOL_VOC
P023051,2024,SCHOOL_VOC
P023052,2024,HIGHER_ED
P023054,2024,LOW_NONE
P023059,2024,HIGHER_ED
P023060,2024,SCHOOL_VOC
P023062,2024,SCHOOL_VOC
P023070,2024,SCHOOL_VOC
P023073,2024,SCHOOL_VOC
P023076,2024,LOW_NONE
P023083,2024,SCHOOL_VOC
P023085,2024,SCHOOL_VOC
P023087,2024,SCHOOL_VOC
P023088,2024,SCHOOL_VOC
P023090,2024,SCHOOL_VOC
P023095,2024,SCHOOL_VOC
P023096,2024,SCHOOL_VOC
P023097,2024,HIGHER_ED
P023098,2024,SCHOOL_VOC
P023099,2024,SCHOOL_VOC
P023100,2024,HIGHER_ED
P023102,2024,SCHOOL_VOC
P023104,2024,SCHOOL_VOC
P023108,2024,HIGHER_ED
P023114,2024,SCHOOL_VOC
P023117,2024,SCHOOL_VOC
P023121,2024,HIGHER_ED
P023123,2024,SCHOOL_VOC
P023124,2024,HIGHER_ED
P023127,2024,SCHOOL_VOC
P023128,2024,LOW_NONE
P023131,2024,HIGHER_ED
P023132,2024,SCHOOL_VOC
P023136,2024,SCHOOL_VOC
P023140,2024,SCHOOL_VOC
P023145,2024,SCHOOL_VOC
P023147,2024,SCHOOL_VOC
P023149,2024,SCHOOL_VOC
P023157,2024,SCHOOL_VOC
P023158,2024,HIGHER_ED
P023161,2024,SCHOOL_VOC
P023164,2024,HIGHER_ED
P023165,2024,SCHOOL_VOC
P023166,2024,LOW_NONE
P023170,2024,SCHOOL_VOC
P023175,2024,SCHOOL_VOC
P023178,2024,SCHOOL_VOC
P023180,2024,SCHOOL_VOC
P023181,2024,HIGHER_ED
P023186,2024,SCHOOL_VOC
P023189,2024,SCHOOL_VOC
P023190,2024,SCHOOL_VOC
P023192,2024,SCHOOL_VOC
P023196,2024,SCHOOL_VOC
P023201,2024,LOW_NONE
P023203,2024,SCHOOL_VOC
P023204,2024,HIGHER_ED
P023207,2024,SCHOOL_VOC
P023208,2024,SCHOOL_VOC
P023210,2024,SCHOOL_VOC
P023211,2024,HIGHER_ED
P023213,2024,HIGHER_ED
P023217,2024,HIGHER_ED
P023220,2024,HIGHER_ED
P023221,2024,SCHOOL_VOC
P023222,2024,SCHOOL_VOC
P023226,2024,HIGHER_ED
P023227,2024,HIGHER_ED
P023229,2024,SCHOOL_VOC
P023231,2024,SCHOOL_VOC
P023232,2024,SCHOOL_VOC
P023234,2024,HIGHER_ED
P023239,2024,HIGHER_ED
P023242,2024,SCHOOL_VOC
P023244,2024,SCHOOL_VOC
P023246,2024,SCHOOL_VOC
P023248,2024,SCHOOL_VOC
P023252,2024,SCHOOL_VOC
P023253,2024,SCHOOL_VOC
P023254,2024,SCHOOL_VOC
P023255,2024,SCHOOL_VOC
P023257,2024,SCHOOL_VOC
P023258,2024,SCHOOL_VOC
P023260,2024,SCHOOL_VOC
P023265,2024,SCHOOL_VOC
P023267,2024,
P023272,2024,SCHOOL_VOC
P023276,2024,LOW_NONE
P023277,2024,SCHOOL_VOC
P023282,2024,HIGHER_ED
P023284,2024,SCHOOL_VOC
P023288,2024,SCHOOL_VOC
P023290,2024,SCHOOL_VOC
P023291,2024,SCHOOL_VOC
P023292,2024,SCHOOL_VOC
P023293,2024,LOW_NONE
P023298,2024,SCHOOL_VOC
P023302,2024,HIGHER_ED
P023304,2024,HIGHER_ED
P023305,2024,LOW_NONE
P023306,2024,SCHOOL_VOC
P023307,2024,HIGHER_ED
P023309,2024,HIGHER_ED
P023312,2024,SCHOOL_VOC
P023313,2024,SCHOOL_VOC
P023316,2024,SCHOOL_VOC
P023318,2024,SCHOOL_VOC
P023321,2024,SCHOOL_VOC
P023329,2024,SCHOOL_VOC
P023330,2024,SCHOOL_VOC
P023334,2024,SCHOOL_VOC
P023335,2024,SCHOOL_VOC
P023342,2024,SCHOOL_VOC
P023343,2023,SCHOOL_VOC
P023344,2024,HIGHER_ED
P023347,2024,SCHOOL_VOC
P023348,2024,SCHOOL_VOC
P023354,2024,LOW_NONE
P023355,2024,SCHOOL_VOC
P023356,2024,SCHOOL_VOC
P023357,2024,
P023359,2024,SCHOOL_VOC
P023360,2024,LOW_NONE
P023362,2024,SCHOOL_VOC
P023365,2024,SCHOOL_VOC
P023367,2024,HIGHER_ED
P023368,2024,HIGHER_ED
P023369,2024,SCHOOL_VOC
P023370,2024,HIGHER_ED
P023372,2024,HIGHER_ED
P023373,2024,SCHOOL_VOC
P023374,2024,SCHOOL_VOC
P023379,2024,SCHOOL_VOC
P023381,2024,SCHOOL_VOC
P023383,2024,SCHOOL_VOC
P023385,2024,HIGHER_ED
P023387,2024,SCHOOL_VOC
P023390,2024,SCHOOL_VOC
P023391,2024,SCHOOL_VOC
P023399,2024,SCHOOL_VOC
P023406,2024,SCHOOL_VOC
P023411,2024,SCHOOL_VOC
P023416,2024,SCHOOL_VOC
P023417,2024,LOW_NONE
P023419,2024,SCHOOL_VOC
P023422,2024,SCHOOL_VOC
P023423,2024,SCHOOL_VOC
P023424,2024,SCHOOL_VOC
P023425,2024,HIGHER_ED
P023428,2024,LOW_NONE
P023435,2024,SCHOOL_VOC
P023437,2024,SCHOOL_VOC
P023441,2024,HIGHER_ED
P023443,2024,SCHOOL_VOC
P023445,2024,SCHOOL_VOC
P023446,2024,SCHOOL_VOC
P023451,2024,SCHOOL_VOC
P023457,2024,LOW_NONE
P023458,2024,SCHOOL_VOC
P023461,2024,LOW_NONE
P023466,2024,SCHOOL_VOC
P023468,2024,SCHOOL_VOC
P023470,2024,LOW_NONE
P023471,2024,HIGHER_ED
P023473,2024,HIGHER_ED
P023475,2024,SCHOOL_VOC
P023477,2024,SCHOOL_VOC
P023478,2024,HIGHER_ED
P023479,2024,HIGHER_ED
P023484,2024,SCHOOL_VOC
P023485,2024,SCHOOL_VOC
P023507,2024,SCHOOL_VOC
P023511,2024,SCHOOL_VOC
P023513,2024,SCHOOL_VOC
P023519,2024,SCHOOL_VOC
P023522,2024,SCHOOL_VOC
P023523,2024,SCHOOL_VOC
P023525,2024,SCHOOL_VOC
P023529,2024,SCHOOL_VOC
P023536,2024,SCHOOL_VOC
P023538,2024,HIGHER_ED
P023539,2024,SCHOOL_VOC
P023542,2024,HIGHER_ED
P023544,2024,HIGHER_ED
P023546,2024,SCHOOL_VOC
P023547,2024,SCHOOL_VOC
P023548,2024,SCHOOL_VOC
P023551,2024,UNMAPPED_GROUP
P023552,2024,SCHOOL_VOC
P023555,2024,HIGHER_ED
P023559,2024,
P023563,2024,SCHOOL_VOC
P023565,2024,HIGHER_ED
P023567,2024,SCHOOL_VOC
P023569,2024,SCHOOL_VOC
P023571,2024,HIGHER_ED
P023575,2024,SCHOOL_VOC
P023577,2024,HIGHER_ED
P023579,2024,SCHOOL_VOC
P023581,2024,HIGHER_ED
P023583,2024,SCHOOL_VOC
P023585,2024,SCHOOL_VOC
P023587,2024,SCHOOL_VOC
P023588,2024,SCHOOL_VOC
P023590,2024,SCHOOL_VOC
P023595,2024,SCHOOL_VOC
P023598,2024,SCHOOL_VOC
P023599,2024,HIGHER_ED
P023604,2024,SCHOOL_VOC
P023606,2024,SCHOOL_VOC
P023615,2024,HIGHER_ED
P023616,2024,SCHOOL_VOC
P023618,2024,HIGHER_ED
P023623,2024,SCHOOL_VOC
P023627,2024,HIGHER_ED
P023628,2024,HIGHER_ED
P023629,2024,SCHOOL_VOC
P023633,2024,SCHOOL_VOC
P023635,2024,LOW_NONE
P023637,2024,SCHOOL_VOC
P023639,2024,SCHOOL_VOC
P023640,2024,HIGHER_ED
P023647,2024,SCHOOL_VOC
P023649,2024,HIGHER_ED
P023650,2024,SCHOOL_VOC
P023657,2024,SCHOOL_VOC
P023659,2024,SCHOOL_VOC
P023661,2024,SCHOOL_VOC
P023663,2024,HIGHER_ED
P023666,2024,
P023667,2024,SCHOOL_VOC
P023670,2024,SCHOOL_VOC
P023671,2024,SCHOOL_VOC
P023672,2024,SCHOOL_VOC
P023677,2024,HIGHER_ED
P023681,2024,SCHOOL_VOC
P023682,2024,UNMAPPED_GROUP
P023683,2024,SCHOOL_VOC
P023688,2024,HIGHER_ED
P023692,2024,HIGHER_ED
P023694,2024,SCHOOL_VOC
P023696,2024,SCHOOL_VOC
P023698,2024,SCHOOL_VOC
P023700,2024,SCHOOL_VOC
P023702,2024,SCHOOL_VOC
P023707,2024,SCHOOL_VOC
P023708,2024,SCHOOL_VOC
P023710,2024,HIGHER_ED
P023712,2024,HIGHER_ED
P023713,2024,SCHOOL_VOC
P023717,2024,SCHOOL_VOC
P023718,2024,LOW_NONE
P023719,2024,HIGHER_ED
P023725,2024,HIGHER_ED
P023728,2024,SCHOOL_VOC
P023733,2024,SCHOOL_VOC
P023734,2024,HIGHER_ED
P023737,2024,HIGHER_ED
P023738,2024,HIGHER_ED
P023740,2024,SCHOOL_VOC
P023743,2024,SCHOOL_VOC
P023744,2024,SCHOOL_VOC
P023748,2024,SCHOOL_VOC
P023749,2024,HIGHER_ED
P023751,2024,HIGHER_ED
P023752,2024,HIGHER_ED
P023757,2024,SCHOOL_VOC
P023760,2024,SCHOOL_VOC
P023761,2024,HIGHER_ED
P023764,2024,SCHOOL_VOC
P023766,2024,SCHOOL_VOC
P023775,2024,HIGHER_ED
P023777,2024,SCHOOL_VOC
P023778,2024,SCHOOL_VOC
P023780,2024,SCHOOL_VOC
P023781,2024,SCHOOL_VOC
P023784,2024,SCHOOL_VOC
P023787,2024,SCHOOL_VOC
P023791,2024,HIGHER_ED
P023793,2024,SCHOOL_VOC
P023797,2024,LOW_NONE
P023810,2024,HIGHER_ED
P023812,2024,HIGHER_ED
P023813,2024,HIGHER_ED
P023814,2023,HIGHER_ED
P023815,2024,SCHOOL_VOC
P023816,2024,SCHOOL_VOC
P023818,2024,SCHOOL_VOC
P023822,2024,SCHOOL_VOC
P023826,2024,HIGHER_ED
P023830,2024,HIGHER_ED
P023834,2024,HIGHER_ED
P023835,2024,SCHOOL_VOC
P023838,2024,HIGHER_ED
P023848,2024,HIGHER_ED
P023850,2024,HIGHER_ED
P023851,2024,SCHOOL_VOC
P023854,2024,SCHOOL_VOC
P023856,2024,HIGHER_ED
P023858,2024,SCHOOL_VOC
P023859,2024,SCHOOL_VOC
P023860,2024,HIGHER_ED
P023861,2024,HIGHER_ED
P023864,2024,SCHOOL_VOC
P023865,2024,SCHOOL_VOC
P023866,2024,SCHOOL_VOC
P023868,2024,SCHOOL_VOC
P023869,2024,HIGHER_ED
P023872,2024,HIGHER_ED
P023873,2024,HIGHER_ED
P023875,2024,SCHOOL_VOC
P023878,2024,HIGHER_ED
P023879,2024,SCHOOL_VOC
P023883,2024,SCHOOL_VOC
P023886,2024,HIGHER_ED
P023888,2024,HIGHER_ED
P023890,2024,HIGHER_ED
P023891,2024,HIGHER_ED
P023897,2024,HIGHER_ED
P023898,2024,HIGHER_ED
P023900,2024,SCHOOL_VOC
P023903,2024,HIGHER_ED
P023906,2024,SCHOOL_VOC
P023907,2024,SCHOOL_VOC
P023910,2024,SCHOOL_VOC
P023914,2024,HIGHER_ED
P023918,2024,HIGHER_ED
P023920,2024,SCHOOL_VOC
P023922,2024,HIGHER_ED
P023923,2024,HIGHER_ED
P023924,2024,HIGHER_ED
P023928,2024,HIGHER_ED
P023931,2024,LOW_NONE
P023934,2024,SCHOOL_VOC
P023935,2024,SCHOOL_VOC
P023938,2024,LOW_NONE
P023939,2024,SCHOOL_VOC
P023941,2024,HIGHER_ED
P023948,2024,SCHOOL_VOC
P023950,2024,HIGHER_ED
P023953,2024,SCHOOL_VOC
P023955,2024,SCHOOL_VOC
P023956,2024,SCHOOL_VOC
P023957,2024,LOW_NONE
P023959,2024,SCHOOL_VOC
P023960,2024,HIGHER_ED
P023962,2024,SCHOOL_VOC
P023967,2024,HIGHER_ED
P023971,2024,LOW_NONE
P023972,2024,LOW_NONE
P023976,2024,HIGHER_ED
P023977,2024,SCHOOL_VOC
P023980,2024,HIGHER_ED
P023982,2024,SCHOOL_VOC
P023985,2024,SCHOOL_VOC
P023993,2024,SCHOOL_VOC
P023996,2024,SCHOOL_VOC
P023997,2024,SCHOOL_VOC
P024002,2023,SCHOOL_VOC
P024007,2024,SCHOOL_VOC
P024008,2024,LOW_NONE
P024010,2024,LOW_NONE
P024014,2024,HIGHER_ED
P024015,2024,HIGHER_ED
P024018,2024,SCHOOL_VOC
P024021,2024,SCHOOL_VOC
P024025,2024,SCHOOL_VOC
P024029,2024,HIGHER_ED
P024030,2024,SCHOOL_VOC
P024032,2024,SCHOOL_VOC
P024039,2024,HIGHER_ED
P024040,2024,HIGHER_ED
P024042,2024,SCHOOL_VOC
P024044,2024,HIGHER_ED
P024050,2024,SCHOOL_VOC
P024056,2024,SCHOOL_VOC
P024057,2024,SCHOOL_VOC
P024060,2024,LOW_NONE
P024061,2024,HIGHER_ED
P024063,2024,SCHOOL_VOC
P024065,2024,SCHOOL_VOC
P024066,2024,SCHOOL_VOC
P024069,2024,HIGHER_ED
P024071,2024,SCHOOL_VOC
P024073,2024,SCHOOL_VOC
P024074,2024,SCHOOL_VOC
P024075,2024,HIGHER_ED
P024078,2024,SCHOOL_VOC
P024079,2024,HIGHER_ED
P024081,2024,HIGHER_ED
P024083,2024,SCHOOL_VOC
P024085,2024,SCHOOL_VOC
P024091,2024,SCHOOL_VOC
P024093,2024,HIGHER_ED
P024096,2024,SCHOOL_VOC
P024097,2024,SCHOOL_VOC
P024098,2024,SCHOOL_VOC
P024099,2024,HIGHER_ED
P024102,2024,HIGHER_ED
P024105,2024,SCHOOL_VOC
P024106,2024,SCHOOL_VOC
P024107,2024,HIGHER_ED
P024113,2024,SCHOOL_VOC
P024114,2024,HIGHER_ED
P024120,2024,SCHOOL_VOC
P024121,2024,SCHOOL_VOC
P024122,2024,SCHOOL_VOC
P024123,2024,HIGHER_ED
P024126,2024,SCHOOL_VOC
P024134,2024,SCHOOL_VOC
P024139,2024,SCHOOL_VOC
P024140,2024,SCHOOL_VOC
P024141,2024,SCHOOL_VOC
P024143,2024,SCHOOL_VOC
P024144,2024,HIGHER_ED
P024146,2024,SCHOOL_VOC
P024150,2024,LOW_NONE
P024151,2024,SCHOOL_VOC
P024153,2024,SCHOOL_VOC
P024155,2024,SCHOOL_VOC
P024159,2024,SCHOOL_VOC
P024160,2024,SCHOOL_VOC
P024162,2024,SCHOOL_VOC
P024164,2024,SCHOOL_VOC
P024166,2024,SCHOOL_VOC
P024167,2024,SCHOOL_VOC
P024170,2024,SCHOOL_VOC
P024178,2024,SCHOOL_VOC
P024187,2024,SCHOOL_VOC
P024191,2024,SCHOOL_VOC
P024192,2024,HIGHER_ED
P024197,2024,SCHOOL_VOC
P024198,2024,SCHOOL_VOC
P024204,2024,SCHOOL_VOC
P024207,2024,SCHOOL_VOC
P024213,2024,HIGHER_ED
P024221,2024,SCHOOL_VOC
P024232,2024,SCHOOL_VOC
P024234,2024,SCHOOL_VOC
P024239,2024,SCHOOL_VOC
P024241,2024,SCHOOL_VOC
P024243,2024,SCHOOL_VOC
P024245,2024,SCHOOL_VOC
P024251,2024,SCHOOL_VOC
P024252,2024,SCHOOL_VOC
P024255,2024,SCHOOL_VOC
P024260,2024,SCHOOL_VOC
P024262,2024,SCHOOL_VOC
P024264,2024,HIGHER_ED
P024265,2024,HIGHER_ED
P024271,2024,SCHOOL_VOC
P024277,2024,HIGHER_ED
P024282,2024,SCHOOL_VOC
P024283,2024,SCHOOL_VOC
P024284,2024,SCHOOL_VOC
P024289,2024,HIGHER_ED
P024296,2024,SCHOOL_VOC
P024299,2024,SCHOOL_VOC
P024304,2024,SCHOOL_VOC
P024305,2024,SCHOOL_VOC
P024306,2024,HIGHER_ED
P024312,2024,SCHOOL_VOC
P024315,2024,HIGHER_ED
P024323,2024,SCHOOL_VOC
P024326,2024,SCHOOL_VOC
P024328,2024,SCHOOL_VOC
P024329,2024,SCHOOL_VOC
P024330,2024,HIGHER_ED
P024335,2024,SCHOOL_VOC
P024346,2024,HIGHER_ED
P024353,2024,HIGHER_ED
P024355,2024,HIGHER_ED
P024357,2024,SCHOOL_VOC
P024360,2024,SCHOOL_VOC
P024365,2024,SCHOOL_VOC
P024366,2024,HIGHER_ED
P024367,2024,SCHOOL_VOC
P024378,2024,SCHOOL_VOC
P024379,2024,SCHOOL_VOC
P024380,2024,SCHOOL_VOC
P024384,2024,HIGHER_ED
P024385,2024,SCHOOL_VOC
P024386,2024,HIGHER_ED
P024387,2024,SCHOOL_VOC
P024390,2024,HIGHER_ED
P024391,2024,HIGHER_ED
P024395,2024,SCHOOL_VOC
P024396,2024,SCHOOL_VOC
P024397,2024,SCHOOL_VOC
P024401,2024,SCHOOL_VOC
P024404,2024,SCHOOL_VOC
P024409,2024,SCHOOL_VOC
P024412,2024,SCHOOL_VOC
P024413,2024,HIGHER_ED
P024415,2024,SCHOOL_VOC
P024416,2024,SCHOOL_VOC
P024417,2024,HIGHER_ED
P024419,2024,SCHOOL_VOC
P024421,2024,HIGHER_ED
P024423,2024,SCHOOL_VOC
P024426,2024,SCHOOL_VOC
P024427,2024,SCHOOL_VOC
P024432,2024,SCHOOL_VOC
P024435,2024,SCHOOL_VOC
P024436,2024,SCHOOL_VOC
P024437,2024,HIGHER_ED
P024440,2024,SCHOOL_VOC
P024446,2024,HIGHER_ED
P024448,2024,SCHOOL_VOC
P024449,2024,SCHOOL_VOC
P024451,2024,SCHOOL_VOC
P024452,2024,HIGHER_ED
P024460,2024,HIGHER_ED
P024461,2024,SCHOOL_VOC
P024462,2024,SCHOOL_VOC
P024464,2024,SCHOOL_VOC
P024465,2024,LOW_NONE
P024469,2024,SCHOOL_VOC
P024470,2024,HIGHER_ED
P024475,2024,HIGHER_ED
P024481,2024,SCHOOL_VOC
P024484,2024,HIGHER_ED
P024487,2024,HIGHER_ED
P024488,2024,SCHOOL_VOC
P024490,2024,SCHOOL_VOC
P024494,2024,SCHOOL_VOC
P024496,2024,LOW_NONE
P024497,2024,SCHOOL_VOC
P024503,2024,SCHOOL_VOC
P024505,2024,SCHOOL_VOC
P024508,2024,SCHOOL_VOC
P024511,2024,UNMAPPED_GROUP
P024515,2024,SCHOOL_VOC
P024520,2024,LOW_NONE
P024522,2024,HIGHER_ED
P024527,2024,SCHOOL_VOC
P024528,2024,LOW_NONE
P024530,2024,SCHOOL_VOC
P024531,2024,SCHOOL_VOC
P024532,2024,SCHOOL_VOC
P024545,2024,SCHOOL_VOC
P024548,2024,SCHOOL_VOC
P024557,2024,SCHOOL_VOC
P024560,2024,HIGHER_ED
P024567,2024,SCHOOL_VOC
P024568,2024,SCHOOL_VOC
P024569,2024,SCHOOL_VOC
P024570,2024,SCHOOL_VOC
P024572,2024,SCHOOL_VOC
P024573,2024,SCHOOL_VOC
P024574,2024,HIGHER_ED
P024577,2024,SCHOOL_VOC
P024579,2024,HIGHER_ED
P024580,2024,HIGHER_ED
P024583,2024,SCHOOL_VOC
P024584,2024,SCHOOL_VOC
P024588,2024,HIGHER_ED
P024592,2024,SCHOOL_VOC
P024597,2024,SCHOOL_VOC
P024598,2024,HIGHER_ED
P024599,2024,SCHOOL_VOC
P024600,2024,SCHOOL_VOC
P024601,2024,SCHOOL_VOC
P024606,2024,HIGHER_ED
P024613,2024,HIGHER_ED
P024614,2024,HIGHER_ED
P024617,2024,SCHOOL_VOC
P024620,2024,HIGHER_ED
P024624,2024,HIGHER_ED
P024625,2024,
P024626,2024,SCHOOL_VOC
P024631,2024,HIGHER_ED
P024634,2024,SCHOOL_VOC
P024636,2024,HIGHER_ED
P024637,2024,SCHOOL_VOC
P024639,2024,SCHOOL_VOC
P024642,2024,SCHOOL_VOC
P024643,2024,SCHOOL_VOC
P024645,2024,SCHOOL_VOC
P024649,2024,SCHOOL_VOC
P024652,2024,SCHOOL_VOC
P024653,2024,SCHOOL_VOC
P024656,2024,LOW_NONE
P024657,2024,HIGHER_ED
P024664,2024,SCHOOL_VOC
P024665,2024,SCHOOL_VOC
P024668,2024,SCHOOL_VOC
P024670,2024,HIGHER_ED
P024672,2024,SCHOOL_VOC
P024677,2024,SCHOOL_VOC
P024678,2024,HIGHER_ED
P024679,2024,SCHOOL_VOC
P024680,2024,SCHOOL_VOC
P024685,2024,SCHOOL_VOC
P024689,2024,HIGHER_ED
P024692,2024,SCHOOL_VOC
P024694,2024,SCHOOL_VOC
P024697,2024,SCHOOL_VOC
P024698,2024,SCHOOL_VOC
P024699,2024,SCHOOL_VOC
P024706,2024,SCHOOL_VOC
P024707,2024,SCHOOL_VOC
P024708,2024,SCHOOL_VOC
P024711,2024,SCHOOL_VOC
P024712,2024,HIGHER_ED
P024713,2024,HIGHER_ED
P024719,2024,HIGHER_ED
P024721,2024,SCHOOL_VOC
P024728,2024,LOW_NONE
P024732,2024,SCHOOL_VOC
P024733,2024,LOW_NONE
P024734,2024,HIGHER_ED
P024737,2024,SCHOOL_VOC
P024739,2024,HIGHER_ED
P024743,2024,SCHOOL_VOC
P024744,2024,SCHOOL_VOC
P024745,2024,SCHOOL_VOC
P024746,2024,SCHOOL_VOC
P024747,2024,SCHOOL_VOC
P024751,2024,SCHOOL_VOC
P024753,2024,SCHOOL_VOC
P024755,2024,HIGHER_ED
P024757,2024,HIGHER_ED
P024758,2024,HIGHER_ED
P024759,2024,SCHOOL_VOC
P024767,2024,LOW_NONE
P024770,2024,UNMAPPED_GROUP
P024772,2024,LOW_NONE
P024773,2024,SCHOOL_VOC
P024775,2024,SCHOOL_VOC
P024779,2024,HIGHER_ED
P024780,2024,SCHOOL_VOC
P024783,2024,SCHOOL_VOC
P024786,2024,LOW_NONE
P024787,2024,SCHOOL_VOC
P024788,2024,SCHOOL_VOC
P024797,2024,SCHOOL_VOC
P024799,2024,HIGHER_ED
P024804,2024,SCHOOL_VOC
P024805,2024,SCHOOL_VOC
P024809,2024,SCHOOL_VOC
P024810,2024,HIGHER_ED
P024813,2024,SCHOOL_VOC
P024814,2024,SCHOOL_VOC
P024815,2024,HIGHER_ED
P024816,2024,SCHOOL_VOC
P024820,2024,SCHOOL_VOC
P024832,2024,SCHOOL_VOC
P024834,2024,SCHOOL_VOC
P024836,2024,
P024840,2024,SCHOOL_VOC
P024844,2024,LOW_NONE
P024845,2024,SCHOOL_VOC
P024849,2024,SCHOOL_VOC
P024850,2024,SCHOOL_VOC
P024853,2024,HIGHER_ED
P024855,2024,SCHOOL_VOC
P024856,2024,SCHOOL_VOC
P024860,2024,SCHOOL_VOC
P024863,2024,HIGHER_ED
P024866,2024,HIGHER_ED
P024869,2024,LOW_NONE
P024871,2024,HIGHER_ED
P024872,2024,HIGHER_ED
P024873,2024,SCHOOL_VOC
P024876,2024,SCHOOL_VOC
P024877,2024,SCHOOL_VOC
P024880,2024,SCHOOL_VOC
P024882,2024,HIGHER_ED
P024889,2024,SCHOOL_VOC
P024892,2024,SCHOOL_VOC
P024899,2024,HIGHER_ED
P024908,2024,HIGHER_ED
P024909,2024,HIGHER_ED
P024910,2024,SCHOOL_VOC
P024915,2024,SCHOOL_VOC
P024917,2024,HIGHER_ED
P024919,2024,SCHOOL_VOC
P024923,2024,SCHOOL_VOC
P024924,2024,SCHOOL_VOC
P024926,2024,SCHOOL_VOC
P024930,2024,HIGHER_ED
P024933,2024,LOW_NONE
P024936,2024,SCHOOL_VOC
P024938,2024,SCHOOL_VOC
P024941,2024,SCHOOL_VOC
P024942,2024,SCHOOL_VOC
P024943,2024,SCHOOL_VOC
P024950,2024,SCHOOL_VOC
P024951,2024,SCHOOL_VOC
P024952,2024,HIGHER_ED
P024956,2024,HIGHER_ED
P024957,2024,SCHOOL_VOC
P024960,2024,SCHOOL_VOC
P024961,2024,HIGHER_ED
P024970,2024,HIGHER_ED
P024972,2024,HIGHER_ED
P024973,2024,SCHOOL_VOC
P024979,2024,SCHOOL_VOC
P024989,2024,HIGHER_ED
P024993,2024,SCHOOL_VOC
P024995,2024,HIGHER_ED
P024999,2024,SCHOOL_VOC
P025002,2024,SCHOOL_VOC
P025004,2024,SCHOOL_VOC
P025005,2024,SCHOOL_VOC
P025009,2024,HIGHER_ED
P025013,2024,HIGHER_ED
P025019,2024,HIGHER_ED
P025025,2024,HIGHER_ED
P025030,2024,SCHOOL_VOC
P025031,2024,SCHOOL_VOC
P025037,2024,SCHOOL_VOC
P025039,2024,SCHOOL_VOC
P025046,2024,HIGHER_ED
P025047,2024,HIGHER_ED
P025054,2024,HIGHER_ED
P025059,2024,LOW_NONE
P025065,2024,HIGHER_ED
P025066,2024,SCHOOL_VOC
P025068,2024,SCHOOL_VOC
P025074,2024,HIGHER_ED
P025082,2024,SCHOOL_VOC
P025084,2024,SCHOOL_VOC
P025088,2024,HIGHER_ED
P025093,2024,SCHOOL_VOC
P025095,2024,SCHOOL_VOC
P025097,2024,SCHOOL_VOC
P025103,2024,SCHOOL_VOC
P025104,2024,HIGHER_ED
P025105,2024,SCHOOL_VOC
P025106,2024,SCHOOL_VOC
P025110,2024,SCHOOL_VOC
P025117,2024,HIGHER_ED
P025119,2024,SCHOOL_VOC
P025123,2024,SCHOOL_VOC
P025124,2024,SCHOOL_VOC
P025126,2024,SCHOOL_VOC
P025128,2024,HIGHER_ED
P025131,2024,SCHOOL_VOC
P025142,2024,SCHOOL_VOC
P025144,2024,HIGHER_ED
P025147,2024,SCHOOL_VOC
P025149,2024,SCHOOL_VOC
P025150,2024,SCHOOL_VOC
P025153,2024,SCHOOL_VOC
P025157,2024,SCHOOL_VOC
P025159,2024,SCHOOL_VOC
P025160,2024,HIGHER_ED
P025162,2024,SCHOOL_VOC
P025165,2024,HIGHER_ED
P025167,2024,SCHOOL_VOC
P025168,2024,SCHOOL_VOC
P025173,2024,HIGHER_ED
P025183,2024,SCHOOL_VOC
P025184,2024,SCHOOL_VOC
P025189,2024,SCHOOL_VOC
P025193,2024,HIGHER_ED
P025195,2024,SCHOOL_VOC
P025199,2024,HIGHER_ED
P025200,2024,SCHOOL_VOC
P025204,2024,SCHOOL_VOC
P025207,2024,SCHOOL_VOC
P025208,2024,HIGHER_ED
P025209,2024,SCHOOL_VOC
P025211,2024,SCHOOL_VOC
P025214,2024,HIGHER_ED
P025215,2024,SCHOOL_VOC
P025216,2024,SCHOOL_VOC
P025218,2024,SCHOOL_VOC
P025219,2024,HIGHER_ED
P025227,2024,HIGHER_ED
P025228,2024,SCHOOL_VOC
P025230,2024,SCHOOL_VOC
P025232,2024,HIGHER_ED
P025235,2024,SCHOOL_VOC
P025236,2024,HIGHER_ED
P025246,2024,SCHOOL_VOC
P025249,2024,HIGHER_ED
P025252,2024,SCHOOL_VOC
P025253,2024,SCHOOL_VOC
P025254,2024,SCHOOL_VOC
P025257,2024,HIGHER_ED
P025267,2024,HIGHER_ED
P025272,2024,HIGHER_ED
P025273,2024,SCHOOL_VOC
P025274,2024,SCHOOL_VOC
P025276,2024,SCHOOL_VOC
P025277,2024,SCHOOL_VOC
P025279,2024,HIGHER_ED
P025287,2024,SCHOOL_VOC
P025288,2024,SCHOOL_VOC
P025289,2024,HIGHER_ED
P025290,2024,SCHOOL_VOC
P025293,2024,LOW_NONE
P025294,2024,SCHOOL_VOC
P025297,2024,HIGHER_ED
P025298,2024,HIGHER_ED
P025304,2024,SCHOOL_VOC
P025305,2024,SCHOOL_VOC
P025308,2024,SCHOOL_VOC
P025309,2024,LOW_NONE
P025312,2024,SCHOOL_VOC
P025314,2024,SCHOOL_VOC
P025319,2024,HIGHER_ED
P025321,2024,SCHOOL_VOC
P025323,2024,SCHOOL_VOC
P025324,2024,SCHOOL_VOC
P025325,2024,HIGHER_ED
P025330,2024,SCHOOL_VOC
P025332,2024,HIGHER_ED
P025334,2024,SCHOOL_VOC
P025341,2024,SCHOOL_VOC
P025350,2024,HIGHER_ED
P025352,2024,HIGHER_ED
P025354,2024,SCHOOL_VOC
P025355,2024,HIGHER_ED
P025357,2024,SCHOOL_VOC
P025361,2024,SCHOOL_VOC
P025362,2024,SCHOOL_VOC
P025365,2024,SCHOOL_VOC
P025366,2024,SCHOOL_VOC
P025368,2024,HIGHER_ED
P025377,2024,SCHOOL_VOC
P025379,2024,SCHOOL_VOC
P025381,2024,SCHOOL_VOC
P025383,2024,SCHOOL_VOC
P025384,2024,SCHOOL_VOC
P025385,2024,SCHOOL_VOC
P025388,2024,HIGHER_ED
P025390,2024,SCHOOL_VOC
P025391,2024,SCHOOL_VOC
P025392,2024,SCHOOL_VOC
P025394,2024,HIGHER_ED
P025395,2024,HIGHER_ED
P025397,2024,SCHOOL_VOC
P025401,2024,SCHOOL_VOC
P025403,2024,SCHOOL_VOC
P025404,2024,SCHOOL_VOC
P025407,2024,SCHOOL_VOC
P025409,2024,SCHOOL_VOC
P025410,2024,SCHOOL_VOC
P025412,2024,SCHOOL_VOC
P025413,2024,SCHOOL_VOC
P025416,2024,SCHOOL_VOC
P025420,2024,SCHOOL_VOC
P025421,2024,SCHOOL_VOC
P025425,2024,HIGHER_ED
P025427,2024,HIGHER_ED
P025433,2024,HIGHER_ED
P025435,2024,SCHOOL_VOC
P025437,2024,HIGHER_ED
P025438,2024,SCHOOL_VOC
P025440,2024,SCHOOL_VOC
P025443,2024,SCHOOL_VOC
P025445,2024,HIGHER_ED
P025447,2024,SCHOOL_VOC
P025455,2024,SCHOOL_VOC
P025459,2024,HIGHER_ED
P025461,2024,SCHOOL_VOC
P025463,2024,SCHOOL_VOC
P025464,2024,SCHOOL_VOC
P025467,2024,SCHOOL_VOC
P025468,2024,SCHOOL_VOC
P025471,2024,SCHOOL_VOC
P025472,2024,SCHOOL_VOC
P025475,2024,SCHOOL_VOC
P025476,2024,HIGHER_ED
P025479,2024,SCHOOL_VOC
P025480,2024,SCHOOL_VOC
P025481,2024,SCHOOL_VOC
P025485,2024,UNMAPPED_GROUP
,2024,SCHOOL_VOC
P025487,2024,SCHOOL_VOC
P025488,2024,HIGHER_ED
P025489,2024,SCHOOL_VOC
P025493,2024,SCHOOL_VOC
P025497,2024,HIGHER_ED
P025499,2024,SCHOOL_VOC
P025502,2024,SCHOOL_VOC
P025503,2024,HIGHER_ED
P025505,2024,SCHOOL_VOC
P025509,2024,SCHOOL_VOC
P025512,2024,HIGHER_ED
P025514,2024,SCHOOL_VOC
P025515,2024,HIGHER_ED
P025519,2024,SCHOOL_VOC
P025523,2024,SCHOOL_VOC
P025524,2024,HIGHER_ED
P025526,2024,HIGHER_ED
P025527,2024,SCHOOL_VOC
P025528,2024,SCHOOL_VOC
P025530,2024,SCHOOL_VOC
P025532,2024,HIGHER_ED
P025534,2024,SCHOOL_VOC
P025535,2024,HIGHER_ED
P025536,2024,SCHOOL_VOC
P025537,2024,SCHOOL_VOC
P025542,2024,LOW_NONE
P025544,2024,HIGHER_ED
P025547,2024,SCHOOL_VOC
P025555,2024,SCHOOL_VOC
P025559,2024,HIGHER_ED
P025563,2024,SCHOOL_VOC
P025564,2024,SCHOOL_VOC
P025567,2024,LOW_NONE
P025570,2024,SCHOOL_VOC
P025574,2024,SCHOOL_VOC
P025575,2024,SCHOOL_VOC
P025577,2024,HIGHER_ED
P025579,2024,SCHOOL_VOC
P025580,2024,SCHOOL_VOC
P025581,2024,SCHOOL_VOC
P025582,2024,HIGHER_ED
P025585,2024,SCHOOL_VOC
P025587,2024,HIGHER_ED
P025588,2024,HIGHER_ED
P025590,2024,SCHOOL_VOC
P025594,2024,SCHOOL_VOC
P025598,2024,HIGHER_ED
P025601,2024,SCHOOL_VOC
P025603,2024,SCHOOL_VOC
P025604,2024,HIGHER_ED
P025611,2024,SCHOOL_VOC
P025614,2024,SCHOOL_VOC
P025617,2024,LOW_NONE
P025619,2024,SCHOOL_VOC
P025621,2024,SCHOOL_VOC
P025625,2024,SCHOOL_VOC
P025626,2024,HIGHER_ED
P025628,2024,SCHOOL_VOC
P025630,2024,UNMAPPED_GROUP
P025631,2024,SCHOOL_VOC
P025633,2024,LOW_NONE
P025638,2024,LOW_NONE
P025641,2024,SCHOOL_VOC
P025642,2024,SCHOOL_VOC
P025645,2024,HIGHER_ED
P025646,2024,SCHOOL_VOC
P025647,2024,SCHOOL_VOC
P025650,2024,SCHOOL_VOC
P025656,2024,SCHOOL_VOC
P025657,2024,HIGHER_ED
P025658,2024,SCHOOL_VOC
P025660,2024,HIGHER_ED
P025667,2024,HIGHER_ED
P025668,2024,HIGHER_ED
P025671,2024,HIGHER_ED
P025672,2024,SCHOOL_VOC
P025673,2024,SCHOOL_VOC
P025677,2024,SCHOOL_VOC
P025680,2024,HIGHER_ED
P025689,2024,HIGHER_ED
P025692,2024,SCHOOL_VOC
P025693,2024,SCHOOL_VOC
P025698,2024,HIGHER_ED
P025714,2024,SCHOOL_VOC
P025719,2024,HIGHER_ED
P025720,2024,SCHOOL_VOC
P025721,2024,HIGHER_ED
P025724,2024,HIGHER_ED
P025727,2024,SCHOOL_VOC
P025729,2024,LOW_NONE
P025731,2024,SCHOOL_VOC
P025740,2024,SCHOOL_VOC
P025742,2024,LOW_NONE
P025745,2024,SCHOOL_VOC
P025746,2024,SCHOOL_VOC
P025754,2024,SCHOOL_VOC
P025755,2024,SCHOOL_VOC
P025756,2024,SCHOOL_VOC
P025757,2024,SCHOOL_VOC
P025758,2024,HIGHER_ED
P025761,2024,SCHOOL_VOC
P025762,2024,SCHOOL_VOC
P025767,2024,SCHOOL_VOC
P025774,2024,SCHOOL_VOC
P025780,2024,SCHOOL_VOC
P025781,2024,SCHOOL_VOC
P025782,2024,SCHOOL_VOC
P025788,2024,HIGHER_ED
P025789,2024,SCHOOL_VOC
P025790,2024,SCHOOL_VOC
P025791,2024,SCHOOL_VOC
P025792,2024,SCHOOL_VOC
P025795,2024,HIGHER_ED
P025797,2024,SCHOOL_VOC
P025798,2024,HIGHER_ED
P025799,2024,SCHOOL_VOC
P025801,2024,SCHOOL_VOC
P025804,2024,HIGHER_ED
P025805,2024,SCHOOL_VOC
P025806,2024,HIGHER_ED
P025811,2024,SCHOOL_VOC
P025812,2024,SCHOOL_VOC
P025814,2024,SCHOOL_VOC
P025815,2024,HIGHER_ED
P025816,2024,HIGHER_ED
P025817,2024,SCHOOL_VOC
P025823,2024,HIGHER_ED
P025825,2024,HIGHER_ED
P025827,2024,HIGHER_ED
P025828,2024,SCHOOL_VOC
P025837,2024,LOW_NONE
P025839,2024,SCHOOL_VOC
P025840,2024,SCHOOL_VOC
P025843,2024,SCHOOL_VOC
P025844,2024,SCHOOL_VOC
P025847,2024,
P025849,2024,HIGHER_ED
P025850,2024,SCHOOL_VOC
P025851,2024,SCHOOL_VOC
P025854,2024,HIGHER_ED
P025855,2024,LOW_NONE
P025864,2024,SCHOOL_VOC
P025866,2024,SCHOOL_VOC
P025869,2024,LOW_NONE
P025870,2024,SCHOOL_VOC
P025871,2024,SCHOOL_VOC
P025875,2024,HIGHER_ED
P025876,2024,SCHOOL_VOC
P025877,2024,LOW_NONE
P025878,2024,SCHOOL_VOC
P025880,2024,SCHOOL_VOC
P025881,2024,SCHOOL_VOC
P025885,2024,SCHOOL_VOC
P025886,2024,SCHOOL_VOC
P025891,2024,SCHOOL_VOC
P025892,2024,SCHOOL_VOC
P025893,2024,SCHOOL_VOC
P025894,2024,LOW_NONE
P025895,2024,SCHOOL_VOC
P025896,2024,HIGHER_ED
P025897,2024,SCHOOL_VOC
P025900,2024,HIGHER_ED
P025901,2024,SCHOOL_VOC
P025906,2024,HIGHER_ED
P025907,2024,SCHOOL_VOC
P025908,2024,SCHOOL_VOC
P025911,2024,SCHOOL_VOC
P025912,2024,SCHOOL_VOC
P025915,2024,SCHOOL_VOC
P025916,2024,LOW_NONE
P025920,2024,SCHOOL_VOC
P025921,2024,SCHOOL_VOC
P025925,2024,SCHOOL_VOC
P025927,2024,SCHOOL_VOC
P025931,2024,SCHOOL_VOC
P025937,2024,SCHOOL_VOC
P025942,2024,HIGHER_ED
P025945,2024,SCHOOL_VOC
P025949,2024,LOW_NONE
P025950,2024,LOW_NONE
P025951,2024,SCHOOL_VOC
P025952,2024,SCHOOL_VOC
P025953,2024,SCHOOL_VOC
P025961,2024,HIGHER_ED
P025962,2024,HIGHER_ED
P025964,2024,HIGHER_ED
P025969,2024,LOW_NONE
P025972,2024,HIGHER_ED
P025977,2024,HIGHER_ED
P025978,2024,SCHOOL_VOC
P025981,2024,SCHOOL_VOC
P025982,2024,SCHOOL_VOC
P025983,2024,SCHOOL_VOC
P025984,2024,SCHOOL_VOC
P025985,2024,SCHOOL_VOC
P025987,2024,SCHOOL_VOC
P025992,2024,SCHOOL_VOC
P025994,2024,HIGHER_ED
P025996,2024,SCHOOL_VOC
P025999,2024,SCHOOL_VOC
P026001,2024,HIGHER_ED
P026003,2024,SCHOOL_VOC
P026006,2024,SCHOOL_VOC
P026008,2024,HIGHER_ED
P026011,2024,SCHOOL_VOC
P026012,2024,HIGHER_ED
P026014,2024,SCHOOL_VOC
P026015,2024,SCHOOL_VOC
P026024,2024,SCHOOL_VOC
P026025,2024,SCHOOL_VOC
P026026,2024,LOW_NONE
P026030,2024,SCHOOL_VOC
P026031,2024,HIGHER_ED
P026034,2024,SCHOOL_VOC
P026041,2024,SCHOOL_VOC
P026045,2024,SCHOOL_VOC
P026047,2024,SCHOOL_VOC
P026050,2024,SCHOOL_VOC
P026051,2024,SCHOOL_VOC
P026060,2024,SCHOOL_VOC
P026073,2024,SCHOOL_VOC
P026074,2024,SCHOOL_VOC
P026079,2024,SCHOOL_VOC
P026081,2024,HIGHER_ED
P026082,2024,SCHOOL_VOC
P026083,2024,SCHOOL_VOC
P026086,2024,SCHOOL_VOC
P026091,2024,SCHOOL_VOC
P026092,2024,SCHOOL_VOC
P026093,2024,SCHOOL_VOC
P026097,2024,LOW_NONE
P026098,2024,HIGHER_ED
P026099,2024,HIGHER_ED
P026103,2024,SCHOOL_VOC
P026105,2024,SCHOOL_VOC
P026106,2024,LOW_NONE
P026108,2024,SCHOOL_VOC
P026109,2024,SCHOOL_VOC
P026114,2024,SCHOOL_VOC
P026117,2024,SCHOOL_VOC
P026118,2024,SCHOOL_VOC
P026119,2024,HIGHER_ED
P026120,2024,SCHOOL_VOC
P026123,2024,SCHOOL_VOC
P026124,2024,SCHOOL_VOC
P026125,2024,SCHOOL_VOC
P026126,2024,SCHOOL_VOC
P026129,2024,HIGHER_ED
P026141,2024,SCHOOL_VOC
P026142,2024,HIGHER_ED
P026152,2024,HIGHER_ED
P026154,2024,SCHOOL_VOC
P026156,2024,SCHOOL_VOC
P026163,2024,LOW_NONE
P026164,2024,HIGHER_ED
P026165,2024,HIGHER_ED
P026166,2024,SCHOOL_VOC
P026167,2024,HIGHER_ED
P026170,2024,HIGHER_ED
P026171,2024,LOW_NONE
P026174,2024,SCHOOL_VOC
P026178,2024,HIGHER_ED
P026179,2024,HIGHER_ED
P026183,2024,SCHOOL_VOC
P026189,2024,HIGHER_ED
P026192,2024,HIGHER_ED
P026194,2024,SCHOOL_VOC
P026195,2024,SCHOOL_VOC
P026197,2024,SCHOOL_VOC
P026199,2024,SCHOOL_VOC
P026204,2024,HIGHER_ED
P026205,2024,HIGHER_ED
P026206,2024,HIGHER_ED
P026207,2024,HIGHER_ED
P026209,2024,SCHOOL_VOC
P026210,2024,SCHOOL_VOC
P026211,2024,SCHOOL_VOC
P026214,2024,SCHOOL_VOC
P026217,2024,SCHOOL_VOC
P026221,2024,SCHOOL_VOC
P026222,2024,SCHOOL_VOC
P026223,2024,HIGHER_ED
P026224,2024,SCHOOL_VOC
P026225,2024,SCHOOL_VOC
P026227,2024,HIGHER_ED
P026231,2024,SCHOOL_VOC
P026232,2024,SCHOOL_VOC
P026234,2024,SCHOOL_VOC
P026238,2024,SCHOOL_VOC
P026241,2024,HIGHER_ED
P026242,2024,HIGHER_ED
P026243,2024,SCHOOL_VOC
P026245,2024,SCHOOL_VOC
P026251,2024,HIGHER_ED
P026255,2024,SCHOOL_VOC
P026256,2024,SCHOOL_VOC
P026257,2024,HIGHER_ED
P026260,2024,SCHOOL_VOC
P026263,2024,SCHOOL_VOC
P026264,2024,SCHOOL_VOC
P026265,2024,SCHOOL_VOC
P026266,2024,HIGHER_ED
P026269,2024,LOW_NONE
P026270,2024,SCHOOL_VOC
P026273,2024,LOW_NONE
P026274,2024,HIGHER_ED
P026276,2024,SCHOOL_VOC
P026278,2024,LOW_NONE
P026279,2024,SCHOOL_VOC
P026283,2024,SCHOOL_VOC
P026285,2024,SCHOOL_VOC
P026286,2024,SCHOOL_VOC
P026292,2024,SCHOOL_VOC
P026293,2024,HIGHER_ED
P026294,2024,SCHOOL_VOC
P026295,2024,HIGHER_ED
P026297,2024,SCHOOL_VOC
P026303,2024,SCHOOL_VOC
P026306,2024,SCHOOL_VOC
P026307,2024,HIGHER_ED
P026310,2024,SCHOOL_VOC
P026311,2024,HIGHER_ED
P026312,2024,HIGHER_ED
P026314,2024,SCHOOL_VOC
P026317,2024,SCHOOL_VOC
P026318,2024,LOW_NONE
P026320,2024,HIGHER_ED
P026321,2024,SCHOOL_VOC
P026322,2024,SCHOOL_VOC
P026324,2024,SCHOOL_VOC
P026333,2024,SCHOOL_VOC
P026334,2024,SCHOOL_VOC
P026336,2024,SCHOOL_VOC
P026339,2024,HIGHER_ED
P026341,2024,HIGHER_ED
P026343,2024,HIGHER_ED
P026344,2024,SCHOOL_VOC
P026349,2024,HIGHER_ED
P026350,2024,SCHOOL_VOC
P026356,2024,LOW_NONE
P026362,2024,SCHOOL_VOC
P026366,2024,LOW_NONE
P026367,2024,SCHOOL_VOC
P026371,2024,HIGHER_ED
P026374,2024,HIGHER_ED
P026378,2024,SCHOOL_VOC
P026389,2024,HIGHER_ED
P026390,2024,SCHOOL_VOC
P026391,2024,SCHOOL_VOC
P026397,2024,SCHOOL_VOC
P026401,2024,HIGHER_ED
P026402,2024,HIGHER_ED
P026403,2024,SCHOOL_VOC
P026406,2024,HIGHER_ED
P026412,2024,HIGHER_ED
P026414,2024,SCHOOL_VOC
P026415,2024,SCHOOL_VOC
P026416,2024,SCHOOL_VOC
P026418,2024,SCHOOL_VOC
P026419,2024,SCHOOL_VOC
P026429,2024,HIGHER_ED
P026430,2024,LOW_NONE
P026431,2024,SCHOOL_VOC
P026434,2024,SCHOOL_VOC
P026435,2024,SCHOOL_VOC
P026439,2024,HIGHER_ED
P026440,2024,HIGHER_ED
P026443,2024,HIGHER_ED
P026447,2024,HIGHER_ED
P026452,2024,SCHOOL_VOC
P026453,2024,HIGHER_ED
P026454,2024,HIGHER_ED
P026455,2024,SCHOOL_VOC
P026460,2024,HIGHER_ED
P026482,2024,SCHOOL_VOC
P026483,2024,HIGHER_ED
P026485,2024,HIGHER_ED
P026489,2024,SCHOOL_VOC
P026490,2024,HIGHER_ED
P026493,2024,LOW_NONE
P026497,2024,UNMAPPED_GROUP
P026499,2024,HIGHER_ED
P026501,2024,SCHOOL_VOC
P026505,2024,HIGHER_ED
P026507,2024,SCHOOL_VOC
P026513,2024,SCHOOL_VOC
P026520,2024,SCHOOL_VOC
P026521,2024,SCHOOL_VOC
P026522,2024,SCHOOL_VOC
P026523,2024,SCHOOL_VOC
P026527,2024,SCHOOL_VOC
P026533,2024,HIGHER_ED
P026536,2024,LOW_NONE
P026538,2024,SCHOOL_VOC
P026541,2024,LOW_NONE
P026545,2024,HIGHER_ED
P026547,2024,SCHOOL_VOC
P026549,2024,LOW_NONE
P026550,2024,SCHOOL_VOC
P026554,2024,SCHOOL_VOC
P026555,2024,HIGHER_ED
P026556,2024,HIGHER_ED
P026558,2024,SCHOOL_VOC
P026559,2024,HIGHER_ED
P026563,2024,SCHOOL_VOC
P026564,2024,SCHOOL_VOC
P026568,2024,SCHOOL_VOC
P026569,2024,SCHOOL_VOC
P026570,2024,SCHOOL_VOC
P026571,2024,SCHOOL_VOC
P026573,2024,SCHOOL_VOC
P026576,2024,SCHOOL_VOC
P026577,2024,HIGHER_ED
P026578,2024,SCHOOL_VOC
P026579,2024,SCHOOL_VOC
P026581,2024,HIGHER_ED
P026582,2024,SCHOOL_VOC
P026586,2024,SCHOOL_VOC
P026588,2024,SCHOOL_VOC
P026593,2024,SCHOOL_VOC
P026594,2024,LOW_NONE
P026597,2024,SCHOOL_VOC
P026600,2024,SCHOOL_VOC
P026607,2024,HIGHER_ED
P026610,2024,HIGHER_ED
P026611,2024,SCHOOL_VOC
P026614,2024,HIGHER_ED
P026615,2024,HIGHER_ED
P026617,2024,SCHOOL_VOC
P026625,2024,SCHOOL_VOC
P026629,2024,SCHOOL_VOC
P026631,2024,SCHOOL_VOC
P026632,2024,SCHOOL_VOC
P026636,2024,SCHOOL_VOC
P026638,2024,SCHOOL_VOC
P026643,2024,SCHOOL_VOC
P026645,2024,HIGHER_ED
P026646,2024,SCHOOL_VOC
P026659,2024,SCHOOL_VOC
P026662,2024,SCHOOL_VOC
P026663,2024,LOW_NONE
P026666,2024,HIGHER_ED
P026668,2024,SCHOOL_VOC
P026672,2024,HIGHER_ED
P026673,2024,SCHOOL_VOC
P026674,2024,HIGHER_ED
P026681,2024,SCHOOL_VOC
P026683,2024,SCHOOL_VOC
P026684,2024,LOW_NONE
P026686,2024,SCHOOL_VOC
P026688,2024,SCHOOL_VOC
P026689,2024,HIGHER_ED
P026691,2024,HIGHER_ED
P026692,2024,SCHOOL_VOC
P026696,2024,
P026700,2024,SCHOOL_VOC
P026701,2024,HIGHER_ED
P026702,2024,HIGHER_ED
P026703,2024,SCHOOL_VOC
P026706,2024,SCHOOL_VOC
P026710,2024,SCHOOL_VOC
P026711,2024,SCHOOL_VOC
P026714,2024,SCHOOL_VOC
P026716,2024,HIGHER_ED
P026718,2024,SCHOOL_VOC
P026721,2024,SCHOOL_VOC
P026723,2024,SCHOOL_VOC
P026728,2024,SCHOOL_VOC
P026729,2024,SCHOOL_VOC
P026730,2024,HIGHER_ED
P026741,2024,SCHOOL_VOC
P026744,2024,SCHOOL_VOC
P026747,2024,SCHOOL_VOC
P026750,2024,HIGHER_ED
P026752,2024,SCHOOL_VOC
P026754,2024,SCHOOL_VOC
P026760,2024,SCHOOL_VOC
P026763,2024,SCHOOL_VOC
P026764,2024,SCHOOL_VOC
P026769,2024,SCHOOL_VOC
P026775,2024,SCHOOL_VOC
P026776,2024,SCHOOL_VOC
P026777,2024,SCHOOL_VOC
P026778,2024,SCHOOL_VOC
P026779,2024,HIGHER_ED
P026780,2024,HIGHER_ED
P026782,2024,SCHOOL_VOC
P026783,2024,SCHOOL_VOC
P026786,2024,SCHOOL_VOC
P026790,2024,SCHOOL_VOC
P026791,2024,SCHOOL_VOC
P026792,2024,LOW_NONE
P026795,2024,SCHOOL_VOC
P026798,2024,LOW_NONE
P026800,2024,HIGHER_ED
P026808,2024,SCHOOL_VOC
P026812,2024,HIGHER_ED
P026814,2024,SCHOOL_VOC
P026815,2024,SCHOOL_VOC
P026817,2024,SCHOOL_VOC
P026820,2024,SCHOOL_VOC
P026822,2024,SCHOOL_VOC
P026825,2024,SCHOOL_VOC
P026834,2024,LOW_NONE
P026840,2024,SCHOOL_VOC
P026841,2024,HIGHER_ED
P026842,2024,SCHOOL_VOC
P026850,2024,HIGHER_ED
P026855,2024,HIGHER_ED
P026856,2024,SCHOOL_VOC
P026860,2024,HIGHER_ED
P026863,2024,SCHOOL_VOC
P026868,2024,SCHOOL_VOC
P026873,2024,SCHOOL_VOC
P026875,2024,HIGHER_ED
P026877,2024,SCHOOL_VOC
P026878,2024,SCHOOL_VOC
P026881,2024,SCHOOL_VOC
P026883,2024,SCHOOL_VOC
P026885,2024,SCHOOL_VOC
P026887,2024,HIGHER_ED
P026889,2024,SCHOOL_VOC
P026892,2024,SCHOOL_VOC
P026893,2024,SCHOOL_VOC
P026894,2024,SCHOOL_VOC
P026895,2024,UNMAPPED_GROUP
P026900,2024,SCHOOL_VOC
P026901,2024,SCHOOL_VOC
P026903,2024,HIGHER_ED
P026904,2024,HIGHER_ED
P026905,2024,SCHOOL_VOC
P026912,2024,SCHOOL_VOC
P026913,2024,HIGHER_ED
P026914,2024,SCHOOL_VOC
P026918,2024,SCHOOL_VOC
P026919,2024,SCHOOL_VOC
P026923,2024,SCHOOL_VOC
P026925,2024,SCHOOL_VOC
P026927,2024,LOW_NONE
P026928,2024,SCHOOL_VOC
P026929,2024,SCHOOL_VOC
P026931,2024,SCHOOL_VOC
P026934,2024,SCHOOL_VOC
P026935,2024,SCHOOL_VOC
P026937,2024,SCHOOL_VOC
P026944,2024,HIGHER_ED
P026945,2024,SCHOOL_VOC
P026946,2024,SCHOOL_VOC
P026947,2024,LOW_NONE
P026950,2024,SCHOOL_VOC
P026951,2024,SCHOOL_VOC
P026953,2024,HIGHER_ED
P026955,2024,SCHOOL_VOC
P026956,2024,SCHOOL_VOC
P026957,2024,SCHOOL_VOC
P026958,2024,HIGHER_ED
P026964,2024,SCHOOL_VOC
P026968,2024,SCHOOL_VOC
P026969,2024,SCHOOL_VOC
P026970,2024,SCHOOL_VOC
P026971,2024,SCHOOL_VOC
P026973,2024,SCHOOL_VOC
P026978,2024,SCHOOL_VOC
P026980,2024,HIGHER_ED
P026983,2024,LOW_NONE
P026984,2024,HIGHER_ED
P026985,2024,SCHOOL_VOC
P026987,2024,SCHOOL_VOC
P026988,2024,SCHOOL_VOC
P026992,2024,HIGHER_ED
P026993,2024,SCHOOL_VOC
P026994,2024,SCHOOL_VOC
P026997,2024,HIGHER_ED
P026998,2024,HIGHER_ED
P026999,2024,HIGHER_ED
P027001,2024,HIGHER_ED
P027004,2024,SCHOOL_VOC
P027008,2024,SCHOOL_VOC
P027010,2024,SCHOOL_VOC
P027016,2024,SCHOOL_VOC
P027017,2024,SCHOOL_VOC
P027019,2024,SCHOOL_VOC
P027021,2024,SCHOOL_VOC
P027023,2024,SCHOOL_VOC
P027024,2024,SCHOOL_VOC
P027025,2024,SCHOOL_VOC
P027034,2024,SCHOOL_VOC
P027035,2024,
P027042,2024,SCHOOL_VOC
P027045,2024,SCHOOL_VOC
P027046,2024,HIGHER_ED
P027047,2024,SCHOOL_VOC
P027048,2024,LOW_NONE
P027049,2024,SCHOOL_VOC
P027053,2024,SCHOOL_VOC
P027060,2024,SCHOOL_VOC
P027063,2024,HIGHER_ED
P027065,2024,LOW_NONE
P027066,2024,SCHOOL_VOC
P027067,2024,SCHOOL_VOC
P027068,2024,SCHOOL_VOC
P027069,2024,HIGHER_ED
P027070,2024,HIGHER_ED
P027072,2024,HIGHER_ED
P027077,2024,SCHOOL_VOC
P027082,2024,SCHOOL_VOC
P027083,2024,SCHOOL_VOC
P027085,2024,
P027086,2024,LOW_NONE
P027091,2024,SCHOOL_VOC
P027093,2024,SCHOOL_VOC
P027096,2024,SCHOOL_VOC
P027098,2024,SCHOOL_VOC
P027099,2024,SCHOOL_VOC
P027103,2024,HIGHER_ED
P027107,2024,SCHOOL_VOC
P027108,2024,HIGHER_ED
P027109,2024,SCHOOL_VOC
P027111,2024,HIGHER_ED
P027113,2024,HIGHER_ED
P027118,2024,SCHOOL_VOC
P027124,2024,SCHOOL_VOC
P027125,2024,LOW_NONE
P027126,2024,SCHOOL_VOC
P027128,2024,SCHOOL_VOC
P027130,2024,SCHOOL_VOC
P027132,2024,HIGHER_ED
P027133,2024,SCHOOL_VOC
P027134,2024,HIGHER_ED
P027135,2024,SCHOOL_VOC
P027138,2024,SCHOOL_VOC
P027139,2024,SCHOOL_VOC
P027144,2024,HIGHER_ED
P027145,2024,LOW_NONE
P027148,2024,HIGHER_ED
P027150,2024,SCHOOL_VOC
P027153,2024,SCHOOL_VOC
P027156,2024,SCHOOL_VOC
P027160,2024,SCHOOL_VOC
P027167,2024,SCHOOL_VOC
P027170,2024,SCHOOL_VOC
P027174,2024,SCHOOL_VOC
P027189,2024,SCHOOL_VOC
P027190,2024,HIGHER_ED
P027194,2024,SCHOOL_VOC
P027195,2024,SCHOOL_VOC
P027196,2024,SCHOOL_VOC
P027202,2024,SCHOOL_VOC
P027205,2024,SCHOOL_VOC
P027206,2024,HIGHER_ED
P027213,2024,HIGHER_ED
P027214,2024,SCHOOL_VOC
P027226,2024,HIGHER_ED
P027227,2024,HIGHER_ED
P027228,2024,LOW_NONE
P027229,2024,HIGHER_ED
P027235,2024,HIGHER_ED
P027236,2024,HIGHER_ED
P027239,2024,SCHOOL_VOC
P027244,2024,SCHOOL_VOC
P027246,2024,SCHOOL_VOC
P027252,2024,HIGHER_ED
P027255,2024,SCHOOL_VOC
P027260,2024,SCHOOL_VOC
P027265,2024,HIGHER_ED
P027266,2024,SCHOOL_VOC
P027267,2024,HIGHER_ED
P027268,2024,HIGHER_ED
P027270,2024,SCHOOL_VOC
P027272,2024,SCHOOL_VOC
P027275,2024,SCHOOL_VOC
P027285,2024,SCHOOL_VOC
P027286,2024,LOW_NONE
P027289,2024,HIGHER_ED
P027294,2024,SCHOOL_VOC
P027295,2024,HIGHER_ED
P027301,2024,SCHOOL_VOC
P027304,2024,SCHOOL_VOC
P027308,2024,SCHOOL_VOC
P027309,2024,SCHOOL_VOC
P027314,2024,SCHOOL_VOC
P027315,2024,SCHOOL_VOC
P027317,2024,SCHOOL_VOC
P027319,2024,SCHOOL_VOC
P027320,2024,SCHOOL_VOC
P027323,2024,HIGHER_ED
P027324,2024,LOW_NONE
P027325,2024,SCHOOL_VOC
P027329,2024,SCHOOL_VOC
P027331,2024,SCHOOL_VOC
P027334,2024,SCHOOL_VOC
P027335,2024,SCHOOL_VOC
P027338,2024,SCHOOL_VOC
P027342,2024,HIGHER_ED
P027344,2024,SCHOOL_VOC
P027352,2024,HIGHER_ED
P027358,2024,SCHOOL_VOC
P027359,2024,SCHOOL_VOC
P027362,2024,HIGHER_ED
P027365,2024,LOW_NONE
P027366,2024,SCHOOL_VOC
P027371,2024,SCHOOL_VOC
P027372,2024,SCHOOL_VOC
P027374,2024,SCHOOL_VOC
P027375,2024,SCHOOL_VOC
P027378,2024,SCHOOL_VOC
P027379,2024,SCHOOL_VOC
P027385,2024,SCHOOL_VOC
P027386,2024,SCHOOL_VOC
P027387,2024,LOW_NONE
P027389,2024,HIGHER_ED
P027396,2024,LOW_NONE
P027400,2024,SCHOOL_VOC
P027401,2024,HIGHER_ED
P027408,2024,SCHOOL_VOC
P027413,2024,SCHOOL_VOC
P027415,2024,SCHOOL_VOC
P027416,2024,LOW_NONE
P027418,2024,LOW_NONE
P027425,2024,SCHOOL_VOC
P027426,2024,SCHOOL_VOC
P027429,2024,SCHOOL_VOC
P027432,2024,SCHOOL_VOC
P027438,2024,SCHOOL_VOC
P027439,2024,SCHOOL_VOC
P027440,2024,SCHOOL_VOC
P027442,2024,SCHOOL_VOC
P027449,2024,SCHOOL_VOC
P027450,2024,LOW_NONE
P027453,2024,SCHOOL_VOC
P027461,2024,SCHOOL_VOC
P027465,2024,SCHOOL_VOC
P027468,2024,SCHOOL_VOC
P027474,2024,SCHOOL_VOC
P027475,2024,SCHOOL_VOC
P027481,2024,LOW_NONE
P027484,2024,HIGHER_ED
P027485,2024,SCHOOL_VOC
P027487,2024,HIGHER_ED
P027488,2024,SCHOOL_VOC
P027491,2024,HIGHER_ED
P027497,2024,SCHOOL_VOC
P027498,2024,SCHOOL_VOC
P027501,2024,HIGHER_ED
P027503,2024,SCHOOL_VOC
P027504,2024,SCHOOL_VOC
P027508,2024,HIGHER_ED
P027509,2024,SCHOOL_VOC
P027511,2024,HIGHER_ED
P027513,2024,SCHOOL_VOC
P027517,2024,LOW_NONE
P027522,2024,LOW_NONE
P027527,2024,SCHOOL_VOC
P027531,2024,SCHOOL_VOC
P027537,2024,SCHOOL_VOC
P027539,2024,SCHOOL_VOC
P027541,2024,SCHOOL_VOC
P027542,2024,SCHOOL_VOC
P027544,2024,SCHOOL_VOC
P027545,2024,SCHOOL_VOC
P027547,2024,HIGHER_ED
P027555,2024,SCHOOL_VOC
P027558,2024,HIGHER_ED
P027560,2024,LOW_NONE
P027561,2024,SCHOOL_VOC
P027567,2024,SCHOOL_VOC
P027569,2024,SCHOOL_VOC
P027575,2024,SCHOOL_VOC
P027584,2024,SCHOOL_VOC
P027587,2024,HIGHER_ED
P027588,2024,HIGHER_ED
P027591,2024,HIGHER_ED
P027604,2024,SCHOOL_VOC
P027605,2024,SCHOOL_VOC
P027608,2024,SCHOOL_VOC
P027611,2024,SCHOOL_VOC
P027613,2024,SCHOOL_VOC
P027614,2024,SCHOOL_VOC
P027617,2024,SCHOOL_VOC
P027618,2024,HIGHER_ED
P027623,2024,SCHOOL_VOC
P027626,2024,SCHOOL_VOC
P027628,2024,HIGHER_ED
P027633,2024,SCHOOL_VOC
P027637,2024,SCHOOL_VOC
P027641,2024,SCHOOL_VOC
P027645,2024,LOW_NONE
P027648,2024,SCHOOL_VOC
P027650,2024,SCHOOL_VOC
P027656,2024,HIGHER_ED
P027657,2024,SCHOOL_VOC
P027659,2024,SCHOOL_VOC
P027662,2024,SCHOOL_VOC
P027665,2024,SCHOOL_VOC
P027666,2024,HIGHER_ED
P027669,2024,HIGHER_ED
P027677,2024,SCHOOL_VOC
P027678,2024,SCHOOL_VOC
P027679,2024,SCHOOL_VOC
P027682,2024,SCHOOL_VOC
P027684,2024,SCHOOL_VOC
P027688,2024,HIGHER_ED
P027694,2024,HIGHER_ED
P027695,2024,HIGHER_ED
P027697,2024,HIGHER_ED
P027698,2024,SCHOOL_VOC
P027701,2024,LOW_NONE
P027705,2024,SCHOOL_VOC
P027706,2024,SCHOOL_VOC
P027707,2024,SCHOOL_VOC
P027708,2024,HIGHER_ED
P027712,2024,SCHOOL_VOC
P027715,2024,SCHOOL_VOC
P027716,2024,HIGHER_ED
P027718,2024,SCHOOL_VOC
P027719,2024,HIGHER_ED
P027723,2024,HIGHER_ED
P027724,2024,HIGHER_ED
P027725,2024,LOW_NONE
P027726,2024,SCHOOL_VOC
P027729,2024,LOW_NONE
P027731,2024,SCHOOL_VOC
P027733,2024,SCHOOL_VOC
P027734,2024,SCHOOL_VOC
P027738,2024,SCHOOL_VOC
P027740,2024,SCHOOL_VOC
P027743,2024,SCHOOL_VOC
P027748,2024,HIGHER_ED
P027753,2024,LOW_NONE
P027755,2024,SCHOOL_VOC
P027756,2024,SCHOOL_VOC
P027759,2024,LOW_NONE
P027762,2024,HIGHER_ED
P027765,2024,SCHOOL_VOC
P027768,2024,HIGHER_ED
P027773,2024,HIGHER_ED
P027774,2024,SCHOOL_VOC
P027776,2024,SCHOOL_VOC
P027780,2024,HIGHER_ED
P027781,2024,LOW_NONE
P027783,2024,SCHOOL_VOC
P027784,2024,HIGHER_ED
P027785,2024,SCHOOL_VOC
P027787,2024,SCHOOL_VOC
P027791,2024,SCHOOL_VOC
P027792,2024,SCHOOL_VOC
P027796,2024,SCHOOL_VOC
P027797,2024,HIGHER_ED
P027800,2024,SCHOOL_VOC
P027802,2024,HIGHER_ED
P027804,2024,HIGHER_ED
P027805,2024,SCHOOL_VOC
P027806,2024,SCHOOL_VOC
P027807,2024,SCHOOL_VOC
P027811,2024,SCHOOL_VOC
P027812,2024,SCHOOL_VOC
P027819,2024,SCHOOL_VOC
P027820,2024,SCHOOL_VOC
P027821,2024,SCHOOL_VOC
P027825,2024,SCHOOL_VOC
P027828,2024,HIGHER_ED
P027834,2024,HIGHER_ED
P027838,2024,SCHOOL_VOC
P027839,2024,SCHOOL_VOC
P027843,2024,SCHOOL_VOC
P027846,2024,LOW_NONE
P027850,2024,SCHOOL_VOC
P027851,2024,SCHOOL_VOC
P027854,2024,LOW_NONE
P027860,2024,SCHOOL_VOC
P027861,2024,HIGHER_ED
P027862,2024,SCHOOL_VOC
P027871,2024,SCHOOL_VOC
P027876,2024,
P027877,2024,SCHOOL_VOC
P027882,2024,HIGHER_ED
P027883,2024,SCHOOL_VOC
P027887,2024,HIGHER_ED
P027892,2024,HIGHER_ED
P027893,2024,SCHOOL_VOC
P027897,2024,SCHOOL_VOC
P027904,2024,SCHOOL_VOC
P027910,2024,SCHOOL_VOC
P027911,2024,LOW_NONE
P027914,2024,HIGHER_ED
P027916,2024,SCHOOL_VOC
P027921,2024,SCHOOL_VOC
P027927,2024,SCHOOL_VOC
P027929,2024,SCHOOL_VOC
P027934,2024,SCHOOL_VOC
P027935,2024,LOW_NONE
P027938,2024,HIGHER_ED
P027941,2024,SCHOOL_VOC
P027943,2024,SCHOOL_VOC
P027950,2024,SCHOOL_VOC
P027952,2024,SCHOOL_VOC
P027953,2024,HIGHER_ED
P027954,2024,SCHOOL_VOC
P027961,2024,SCHOOL_VOC
P027963,2024,SCHOOL_VOC
P027964,2024,HIGHER_ED
P027965,2024,HIGHER_ED
P027966,2024,SCHOOL_VOC
P027967,2024,SCHOOL_VOC
P027975,2024,SCHOOL_VOC
P027983,2024,LOW_NONE
P027987,2024,HIGHER_ED
P027989,2024,HIGHER_ED
P027990,2024,HIGHER_ED
P027991,2024,SCHOOL_VOC
P027994,2024,SCHOOL_VOC
P028006,2024,SCHOOL_VOC
P028012,2024,SCHOOL_VOC
P028019,2024,SCHOOL_VOC
P028021,2024,SCHOOL_VOC
P028022,2024,SCHOOL_VOC
P028024,2024,SCHOOL_VOC
P028025,2024,HIGHER_ED
P028028,2024,HIGHER_ED
P028032,2024,SCHOOL_VOC
P028035,2024,HIGHER_ED
P028037,2024,HIGHER_ED
P028038,2024,SCHOOL_VOC
P028040,2024,SCHOOL_VOC
P028041,2024,SCHOOL_VOC
P028046,2024,SCHOOL_VOC
P028047,2024,HIGHER_ED
P028050,2024,HIGHER_ED
P028054,2024,LOW_NONE
P028055,2024,HIGHER_ED
P028059,2024,SCHOOL_VOC
P028061,2024,SCHOOL_VOC
P028064,2024,SCHOOL_VOC
P028067,2024,SCHOOL_VOC
P028070,2024,HIGHER_ED
P028075,2024,SCHOOL_VOC
P028080,2024,HIGHER_ED
P028082,2024,LOW_NONE
P028083,2024,SCHOOL_VOC
P028084,2024,SCHOOL_VOC
P028087,2024,SCHOOL_VOC
P028088,2024,SCHOOL_VOC
P028089,2024,SCHOOL_VOC
P028092,2023,SCHOOL_VOC
P028093,2024,HIGHER_ED
P028096,2024,SCHOOL_VOC
P028100,2024,SCHOOL_VOC
P028101,2024,SCHOOL_VOC
P028103,2024,HIGHER_ED
P028104,2024,
P028105,2024,HIGHER_ED
P028111,2024,SCHOOL_VOC
P028112,2024,SCHOOL_VOC
P028113,2024,HIGHER_ED
P028116,2024,HIGHER_ED
P028120,2024,SCHOOL_VOC
P028122,2024,SCHOOL_VOC
P028123,2024,SCHOOL_VOC
P028126,2024,SCHOOL_VOC
P028128,2024,SCHOOL_VOC
P028131,2024,HIGHER_ED
P028132,2024,HIGHER_ED
P028135,2024,LOW_NONE
P028139,2024,SCHOOL_VOC
P028140,2024,SCHOOL_VOC
P028141,2024,SCHOOL_VOC
P028142,2024,SCHOOL_VOC
P028148,2024,HIGHER_ED
P028152,2024,SCHOOL_VOC
P028155,2024,HIGHER_ED
P028156,2024,SCHOOL_VOC
P028173,2024,HIGHER_ED
P028174,2024,SCHOOL_VOC
P028179,2024,SCHOOL_VOC
P028180,2024,SCHOOL_VOC
P028182,2024,SCHOOL_VOC
P028183,2024,HIGHER_ED
P028185,2024,LOW_NONE
P028190,2024,SCHOOL_VOC
P028199,2024,SCHOOL_VOC
P028202,2024,HIGHER_ED
P028204,2024,SCHOOL_VOC
P028208,2024,HIGHER_ED
P028211,2024,HIGHER_ED
P028212,2024,SCHOOL_VOC
P028213,2024,HIGHER_ED
P028216,2024,HIGHER_ED
P028230,2024,SCHOOL_VOC
P028231,2024,SCHOOL_VOC
P028233,2024,HIGHER_ED
P028237,2024,SCHOOL_VOC
P028242,2024,SCHOOL_VOC
P028246,2024,HIGHER_ED
P028252,2023,SCHOOL_VOC
P028255,2024,HIGHER_ED
P028257,2024,HIGHER_ED
P028259,2024,HIGHER_ED
P028265,2024,HIGHER_ED
P028267,2024,SCHOOL_VOC
P028272,2024,SCHOOL_VOC
P028273,2024,HIGHER_ED
P028276,2024,SCHOOL_VOC
P028277,2024,HIGHER_ED
P028278,2024,SCHOOL_VOC
P028282,2024,SCHOOL_VOC
P028285,2024,SCHOOL_VOC
P028289,2024,SCHOOL_VOC
P028290,2024,SCHOOL_VOC
P028291,2024,SCHOOL_VOC
P028292,2024,SCHOOL_VOC
P028293,2024,SCHOOL_VOC
P028294,2024,HIGHER_ED
P028295,2024,SCHOOL_VOC
P028297,2024,SCHOOL_VOC
P028298,2024,SCHOOL_VOC
P028300,2024,HIGHER_ED
P028305,2024,SCHOOL_VOC
P028311,2024,HIGHER_ED
P028312,2024,SCHOOL_VOC
P028317,2024,LOW_NONE
P028320,2024,SCHOOL_VOC
P028321,2024,SCHOOL_VOC
P028322,2024,SCHOOL_VOC
P028323,2024,HIGHER_ED
P028325,2024,SCHOOL_VOC
P028330,2024,SCHOOL_VOC
P028337,2024,HIGHER_ED
P028341,2024,SCHOOL_VOC
P028343,2024,SCHOOL_VOC
P028345,2024,SCHOOL_VOC
P028347,2024,SCHOOL_VOC
P028350,2024,SCHOOL_VOC
P028353,2024,SCHOOL_VOC
P028356,2024,SCHOOL_VOC
P028357,2024,SCHOOL_VOC
P028360,2024,HIGHER_ED
P028361,2024,SCHOOL_VOC
P028363,2024,SCHOOL_VOC
P028366,2024,SCHOOL_VOC
P028371,2024,SCHOOL_VOC
P028372,2024,SCHOOL_VOC
P028374,2024,SCHOOL_VOC
P028375,2024,SCHOOL_VOC
P028376,2024,HIGHER_ED
P028383,2024,SCHOOL_VOC
P028384,2024,SCHOOL_VOC
P028388,2024,LOW_NONE
P028391,2024,SCHOOL_VOC
P028395,2024,SCHOOL_VOC
P028396,2024,HIGHER_ED
P028399,2024,SCHOOL_VOC
P028401,2024,SCHOOL_VOC
P028402,2024,HIGHER_ED
P028403,2024,SCHOOL_VOC
P028409,2024,SCHOOL_VOC
P028411,2024,SCHOOL_VOC
P028413,2024,SCHOOL_VOC
P028414,2024,LOW_NONE
P028415,2024,SCHOOL_VOC
P028421,2024,SCHOOL_VOC
P028423,2024,SCHOOL_VOC
P028425,2024,SCHOOL_VOC
P028431,2024,HIGHER_ED
P028434,2024,HIGHER_ED
P028436,2024,HIGHER_ED
P028440,2024,
P028448,2024,SCHOOL_VOC
P028451,2024,SCHOOL_VOC
P028452,2024,SCHOOL_VOC
P028454,2024,SCHOOL_VOC
P028457,2024,HIGHER_ED
P028458,2024,SCHOOL_VOC
P028460,2024,SCHOOL_VOC
P028464,2024,SCHOOL_VOC
P028466,2024,HIGHER_ED
P028471,2024,SCHOOL_VOC
P028473,2024,HIGHER_ED
P028476,2024,HIGHER_ED
P028478,2024,HIGHER_ED
P028482,2024,SCHOOL_VOC
P028483,2024,LOW_NONE
P028485,2024,HIGHER_ED
P028489,2024,SCHOOL_VOC
P028491,2024,SCHOOL_VOC
P028492,2024,HIGHER_ED
P028493,2024,HIGHER_ED
P028494,2024,SCHOOL_VOC
P028496,2024,HIGHER_ED
P028497,2024,SCHOOL_VOC
P028503,2024,HIGHER_ED
P028506,2024,SCHOOL_VOC
P028509,2024,SCHOOL_VOC
P028510,2024,HIGHER_ED
P028513,2024,SCHOOL_VOC
P028519,2024,HIGHER_ED
P028522,2024,SCHOOL_VOC
P028524,2024,SCHOOL_VOC
P028529,2024,SCHOOL_VOC
P028530,2024,HIGHER_ED
P028531,2024,HIGHER_ED
P028538,2024,LOW_NONE
P028539,2024,SCHOOL_VOC
P028541,2024,LOW_NONE
P028545,2024,SCHOOL_VOC
P028547,2024,SCHOOL_VOC
P028549,2024,SCHOOL_VOC
P028554,2024,HIGHER_ED
P028555,2024,HIGHER_ED
P028556,2024,SCHOOL_VOC
P028561,2024,SCHOOL_VOC
P028562,2024,SCHOOL_VOC
P028563,2024,HIGHER_ED
P028564,2024,SCHOOL_VOC
P028567,2024,LOW_NONE
P028572,2024,SCHOOL_VOC
P028577,2024,SCHOOL_VOC
P028578,2024,SCHOOL_VOC
P028581,2024,SCHOOL_VOC
P028583,2024,SCHOOL_VOC
P028586,2024,HIGHER_ED
P028588,2024,SCHOOL_VOC
P028592,2024,SCHOOL_VOC
P028598,2024,LOW_NONE
P028599,2024,HIGHER_ED
P028601,2024,SCHOOL_VOC
P028602,2024,SCHOOL_VOC
P028606,2024,SCHOOL_VOC
P028608,2024,SCHOOL_VOC
P028616,2024,SCHOOL_VOC
P028618,2024,HIGHER_ED
P028619,2024,HIGHER_ED
P028620,2024,SCHOOL_VOC
P028621,2024,SCHOOL_VOC
P028625,2024,HIGHER_ED
P028632,2024,HIGHER_ED
P028633,2024,SCHOOL_VOC
P028634,2024,SCHOOL_VOC
P028635,2024,SCHOOL_VOC
P028638,2024,SCHOOL_VOC
P028640,2024,HIGHER_ED
P028645,2024,LOW_NONE
P028649,2024,SCHOOL_VOC
P028651,2024,SCHOOL_VOC
P028655,2024,SCHOOL_VOC
P028656,2024,HIGHER_ED
P028659,2024,SCHOOL_VOC
P028668,2024,SCHOOL_VOC
P028669,2024,HIGHER_ED
P028676,2024,SCHOOL_VOC
P028677,2024,SCHOOL_VOC
P028684,2024,HIGHER_ED
P028687,2024,SCHOOL_VOC
P028689,2024,SCHOOL_VOC
P028696,2024,SCHOOL_VOC
P028698,2024,SCHOOL_VOC
P028699,2024,SCHOOL_VOC
P028700,2024,SCHOOL_VOC
P028701,2024,LOW_NONE
P028702,2024,HIGHER_ED
P028704,2024,SCHOOL_VOC
P028706,2024,SCHOOL_VOC
P028709,2024,HIGHER_ED
P028710,2024,HIGHER_ED
P028711,2024,SCHOOL_VOC
P028713,2024,SCHOOL_VOC
P028714,2024,LOW_NONE
P028729,2024,SCHOOL_VOC
P028730,2024,
P028731,2024,SCHOOL_VOC
P028733,2024,SCHOOL_VOC
P028734,2024,SCHOOL_VOC
P028735,2024,SCHOOL_VOC
P028738,2024,SCHOOL_VOC
P028739,2024,SCHOOL_VOC
P028747,2024,SCHOOL_VOC
P028749,2024,HIGHER_ED
P028750,2024,SCHOOL_VOC
P028753,2024,SCHOOL_VOC
P028756,2024,SCHOOL_VOC
P028762,2024,SCHOOL_VOC
P028768,2024,HIGHER_ED
P028769,2024,HIGHER_ED
P028770,2024,SCHOOL_VOC
P028771,2024,SCHOOL_VOC
P028773,2024,SCHOOL_VOC
P028775,2024,SCHOOL_VOC
P028777,2024,SCHOOL_VOC
P028778,2024,HIGHER_ED
P028782,2024,SCHOOL_VOC
P028784,2024,HIGHER_ED
P028788,2024,HIGHER_ED
P028795,2024,HIGHER_ED
P028796,2024,HIGHER_ED
P028806,2024,SCHOOL_VOC
P028809,2024,HIGHER_ED
P028811,2024,SCHOOL_VOC
P028815,2024,LOW_NONE
P028816,2024,SCHOOL_VOC
P028821,2024,LOW_NONE
P028822,2024,SCHOOL_VOC
P028823,2024,HIGHER_ED
P028825,2024,SCHOOL_VOC
P028828,2024,SCHOOL_VOC
P028829,2024,SCHOOL_VOC
P028831,2024,SCHOOL_VOC
P028832,2024,SCHOOL_VOC
P028833,2024,HIGHER_ED
P028835,2024,SCHOOL_VOC
P028836,2024,SCHOOL_VOC
P028837,2024,SCHOOL_VOC
P028842,2024,HIGHER_ED
P028843,2024,SCHOOL_VOC
P028844,2024,HIGHER_ED
P028846,2024,HIGHER_ED
P028847,2024,SCHOOL_VOC
P028848,2024,HIGHER_ED
P028849,2024,SCHOOL_VOC
P028851,2024,HIGHER_ED
P028852,2024,SCHOOL_VOC
P028854,2024,HIGHER_ED
P028861,2024,LOW_NONE
P028866,2024,SCHOOL_VOC
P028867,2024,SCHOOL_VOC
P028873,2024,HIGHER_ED
P028877,2024,SCHOOL_VOC
P028878,2024,SCHOOL_VOC
P028879,2024,HIGHER_ED
P028883,2024,HIGHER_ED
P028884,2024,HIGHER_ED
P028890,2024,HIGHER_ED
P028891,2024,
P028893,2024,SCHOOL_VOC
P028899,2024,SCHOOL_VOC
P028903,2024,SCHOOL_VOC
P028905,2024,HIGHER_ED
P028911,2024,SCHOOL_VOC
P028912,2024,SCHOOL_VOC
P028913,2024,SCHOOL_VOC
P028915,2024,HIGHER_ED
P028916,2024,SCHOOL_VOC
P028921,2024,HIGHER_ED
P028923,2024,SCHOOL_VOC
P028924,2024,SCHOOL_VOC
P028926,2024,SCHOOL_VOC
P028927,2024,SCHOOL_VOC
P028929,2024,HIGHER_ED
P028930,2024,HIGHER_ED
P028934,2024,SCHOOL_VOC
P028935,2024,SCHOOL_VOC
P028936,2024,SCHOOL_VOC
P028937,2024,HIGHER_ED
P028940,2024,SCHOOL_VOC
P028942,2024,HIGHER_ED
P028943,2024,SCHOOL_VOC
P028945,2024,HIGHER_ED
P028946,2024,LOW_NONE
P028947,2024,HIGHER_ED
P028948,2024,SCHOOL_VOC
P028950,2024,SCHOOL_VOC
P028958,2024,SCHOOL_VOC
P028963,2024,SCHOOL_VOC
P028967,2024,SCHOOL_VOC
P028970,2024,SCHOOL_VOC
P028971,2024,HIGHER_ED
P028973,2024,HIGHER_ED
P028974,2024,SCHOOL_VOC
P028977,2024,SCHOOL_VOC
P028980,2024,SCHOOL_VOC
P028985,2024,HIGHER_ED
P028986,2024,SCHOOL_VOC
P028988,2024,HIGHER_ED
P028990,2024,SCHOOL_VOC
P028992,2024,SCHOOL_VOC
P028994,2024,SCHOOL_VOC
P029000,2024,HIGHER_ED
P029001,2024,SCHOOL_VOC
P029002,2024,HIGHER_ED
P029003,2024,SCHOOL_VOC
P029004,2024,SCHOOL_VOC
P029005,2024,SCHOOL_VOC
P029008,2024,SCHOOL_VOC
P029010,2024,SCHOOL_VOC
P029011,2024,HIGHER_ED
P029013,2024,HIGHER_ED
P029014,2024,SCHOOL_VOC
P029018,2024,SCHOOL_VOC
P029022,2024,SCHOOL_VOC
P029026,2024,SCHOOL_VOC
P029027,2024,SCHOOL_VOC
P029028,2024,HIGHER_ED
P029037,2024,SCHOOL_VOC
P029039,2024,SCHOOL_VOC
P029042,2024,SCHOOL_VOC
P029045,2024,HIGHER_ED
P029047,2024,HIGHER_ED
P029049,2024,SCHOOL_VOC
P029050,2024,SCHOOL_VOC
P029054,2024,SCHOOL_VOC
P029055,2024,SCHOOL_VOC
P029058,2024,SCHOOL_VOC
P029062,2024,LOW_NONE
P029064,2024,SCHOOL_VOC
P029065,2024,SCHOOL_VOC
P029067,2024,SCHOOL_VOC
P029068,2024,SCHOOL_VOC
P029071,2024,SCHOOL_VOC
P029076,2024,SCHOOL_VOC
P029077,2024,HIGHER_ED
P029081,2024,HIGHER_ED
P029083,2024,HIGHER_ED
P029086,2024,SCHOOL_VOC
P029087,2024,SCHOOL_VOC
P029092,2024,HIGHER_ED
P029093,2024,SCHOOL_VOC
P029094,2024,SCHOOL_VOC
P029095,2024,HIGHER_ED
P029098,2024,HIGHER_ED
P029101,2024,SCHOOL_VOC
P029103,2024,HIGHER_ED
P029106,2024,SCHOOL_VOC
P029108,2024,SCHOOL_VOC
P029109,2024,HIGHER_ED
P029115,2024,SCHOOL_VOC
P029118,2024,SCHOOL_VOC
P029121,2024,SCHOOL_VOC
P029124,2024,SCHOOL_VOC
P029125,2024,SCHOOL_VOC
P029126,2024,SCHOOL_VOC
P029128,2024,HIGHER_ED
P029133,2024,HIGHER_ED
P029135,2024,
P029136,2024,HIGHER_ED
P029138,2024,SCHOOL_VOC
P029140,2024,SCHOOL_VOC
P029146,2024,UNMAPPED_GROUP
P029150,2024,SCHOOL_VOC
P029156,2024,SCHOOL_VOC
P029161,2024,LOW_NONE
P029163,2024,SCHOOL_VOC
P029165,2024,SCHOOL_VOC
P029166,2024,HIGHER_ED
P029167,2024,HIGHER_ED
P029171,2024,SCHOOL_VOC
P029173,2024,HIGHER_ED
P029174,2024,HIGHER_ED
P029175,2024,SCHOOL_VOC
P029177,2024,HIGHER_ED
P029178,2024,SCHOOL_VOC
P029182,2024,SCHOOL_VOC
P029184,2024,SCHOOL_VOC
P029186,2024,LOW_NONE
P029188,2024,HIGHER_ED
P029190,2024,SCHOOL_VOC
P029191,2024,SCHOOL_VOC
P029192,2024,HIGHER_ED
P029206,2024,LOW_NONE
P029208,2024,HIGHER_ED
P029209,2024,SCHOOL_VOC
P029213,2024,HIGHER_ED
P029214,2024,UNMAPPED_GROUP
P029216,2024,SCHOOL_VOC
P029217,2024,SCHOOL_VOC
P029218,2024,SCHOOL_VOC
P029221,2024,SCHOOL_VOC
P029224,2024,HIGHER_ED
P029228,2024,LOW_NONE
P029229,2024,HIGHER_ED
P029230,2024,HIGHER_ED
P029231,2024,HIGHER_ED
P029232,2024,SCHOOL_VOC
P029243,2024,HIGHER_ED
P029244,2024,SCHOOL_VOC
P029248,2024,HIGHER_ED
P029262,2024,SCHOOL_VOC
P029263,2024,HIGHER_ED
P029265,2024,SCHOOL_VOC
P029268,2024,SCHOOL_VOC
P029279,2024,SCHOOL_VOC
P029281,2024,SCHOOL_VOC
P029282,2024,SCHOOL_VOC
P029284,2024,HIGHER_ED
P029285,2024,SCHOOL_VOC
P029287,2024,LOW_NONE
P029294,2024,SCHOOL_VOC
P029296,2024,SCHOOL_VOC
P029297,2024,SCHOOL_VOC
P029301,2024,SCHOOL_VOC
P029306,2024,HIGHER_ED
P029307,2024,SCHOOL_VOC
P029313,2024,SCHOOL_VOC
P029314,2024,SCHOOL_VOC
P029315,2024,SCHOOL_VOC
P029317,2024,SCHOOL_VOC
P029318,2024,SCHOOL_VOC
P029320,2024,SCHOOL_VOC
P029322,2024,LOW_NONE
P029326,2024,SCHOOL_VOC
P029327,2024,LOW_NONE
P029336,2024,HIGHER_ED
P029338,2024,HIGHER_ED
P029340,2024,SCHOOL_VOC
P029342,2024,SCHOOL_VOC
P029345,2024,SCHOOL_VOC
P029349,2024,HIGHER_ED
P029350,2024,LOW_NONE
P029356,2024,SCHOOL_VOC
P029360,2024,SCHOOL_VOC
P029362,2024,HIGHER_ED
P029365,2024,SCHOOL_VOC
P029366,2024,SCHOOL_VOC
P029371,2024,HIGHER_ED
P029373,2024,SCHOOL_VOC
P029375,2024,SCHOOL_VOC
P029378,2024,SCHOOL_VOC
P029383,2024,SCHOOL_VOC
P029384,2024,SCHOOL_VOC
P029387,2024,SCHOOL_VOC
P029390,2024,SCHOOL_VOC
P029396,2024,HIGHER_ED
P029402,2024,SCHOOL_VOC
P029403,2024,SCHOOL_VOC
P029404,2024,HIGHER_ED
P029406,2024,SCHOOL_VOC
P029407,2024,HIGHER_ED
P029410,2024,HIGHER_ED
P029412,2024,LOW_NONE
P029414,2024,HIGHER_ED
P029416,2024,SCHOOL_VOC
P029419,2024,SCHOOL_VOC
P029423,2024,SCHOOL_VOC
P029427,2024,HIGHER_ED
P029429,2024,SCHOOL_VOC
P029430,2024,LOW_NONE
P029435,2024,SCHOOL_VOC
P029436,2024,HIGHER_ED
P029437,2024,SCHOOL_VOC
P029441,2024,HIGHER_ED
P029442,2024,HIGHER_ED
P029443,2024,SCHOOL_VOC
P029444,2024,SCHOOL_VOC
P029445,2024,SCHOOL_VOC
P029446,2024,SCHOOL_VOC
P029447,2024,SCHOOL_VOC
P029448,2024,SCHOOL_VOC
P029449,2024,UNMAPPED_GROUP
P029450,2024,SCHOOL_VOC
P029451,2024,LOW_NONE
P029456,2024,SCHOOL_VOC
P029460,2024,LOW_NONE
P029461,2024,HIGHER_ED
P029462,2024,SCHOOL_VOC
P029464,2024,HIGHER_ED
P029469,2024,SCHOOL_VOC
P029470,2024,SCHOOL_VOC
P029472,2024,SCHOOL_VOC
P029473,2024,SCHOOL_VOC
P029475,2024,SCHOOL_VOC
P029494,2024,HIGHER_ED
P029496,2024,HIGHER_ED
P029498,2024,SCHOOL_VOC
P029503,2024,LOW_NONE
P029505,2024,SCHOOL_VOC
P029506,2024,SCHOOL_VOC
P029509,2024,SCHOOL_VOC
P029516,2024,SCHOOL_VOC
P029517,2024,SCHOOL_VOC
P029520,2024,SCHOOL_VOC
P029521,2024,HIGHER_ED
P029522,2024,HIGHER_ED
P029525,2024,HIGHER_ED
P029530,2024,LOW_NONE
P029532,2024,SCHOOL_VOC
P029534,2024,SCHOOL_VOC
P029538,2024,SCHOOL_VOC
P029540,2024,SCHOOL_VOC
P029542,2024,
P029545,2024,SCHOOL_VOC
P029551,2024,SCHOOL_VOC
P029552,2024,SCHOOL_VOC
P029554,2024,SCHOOL_VOC
P029559,2024,HIGHER_ED
P029565,2024,SCHOOL_VOC
P029567,2024,SCHOOL_VOC
P029572,2024,LOW_NONE
P029574,2024,SCHOOL_VOC
P029575,2024,HIGHER_ED
P029576,2024,SCHOOL_VOC
P029577,2024,
P029580,2024,HIGHER_ED
P029584,2024,HIGHER_ED
P029589,2024,SCHOOL_VOC
P029591,2024,LOW_NONE
P029592,2024,HIGHER_ED
P029593,2024,SCHOOL_VOC
P029595,2024,SCHOOL_VOC
P029597,2024,SCHOOL_VOC
P029598,2024,SCHOOL_VOC
P029599,2024,SCHOOL_VOC
P029601,2024,SCHOOL_VOC
P029602,2024,SCHOOL_VOC
P029604,2024,SCHOOL_VOC
P029605,2024,HIGHER_ED
P029609,2024,SCHOOL_VOC
P029611,2024,SCHOOL_VOC
P029614,2024,HIGHER_ED
P029615,2024,SCHOOL_VOC
P029616,2024,HIGHER_ED
P029618,2024,SCHOOL_VOC
P029619,2024,SCHOOL_VOC
P029623,2024,SCHOOL_VOC
P029625,2024,SCHOOL_VOC
P029630,2024,SCHOOL_VOC
P029635,2024,SCHOOL_VOC
P029639,2024,SCHOOL_VOC
P029643,2024,SCHOOL_VOC
P029646,2024,SCHOOL_VOC
P029649,2024,SCHOOL_VOC
P029651,2024,SCHOOL_VOC
P029652,2024,SCHOOL_VOC
P029653,2024,HIGHER_ED
P029659,2024,SCHOOL_VOC
P029660,2024,SCHOOL_VOC
P029661,2024,SCHOOL_VOC
P029664,2024,SCHOOL_VOC
P029665,2024,LOW_NONE
P029667,2024,SCHOOL_VOC
P029668,2024,SCHOOL_VOC
P029669,2024,SCHOOL_VOC
P029672,2024,HIGHER_ED
P029673,2024,SCHOOL_VOC
P029678,2024,HIGHER_ED
P029679,2024,SCHOOL_VOC
P029685,2024,SCHOOL_VOC
P029693,2024,SCHOOL_VOC
P029694,2024,HIGHER_ED
P029695,2024,HIGHER_ED
P029696,2024,SCHOOL_VOC
P029698,2024,HIGHER_ED
P029699,2024,HIGHER_ED
P029701,2024,SCHOOL_VOC
P029705,2024,SCHOOL_VOC
P029708,2024,LOW_NONE
P029710,2024,HIGHER_ED
P029713,2024,SCHOOL_VOC
P029720,2024,SCHOOL_VOC
P029721,2024,HIGHER_ED
P029724,2024,SCHOOL_VOC
P029725,2024,SCHOOL_VOC
P029732,2024,SCHOOL_VOC
P029738,2024,LOW_NONE
P029742,2024,SCHOOL_VOC
P029743,2024,SCHOOL_VOC
P029746,2024,HIGHER_ED
P029748,2024,SCHOOL_VOC
P029759,2024,LOW_NONE
P029766,2024,SCHOOL_VOC
P029767,2024,LOW_NONE
P029769,2024,SCHOOL_VOC
P029771,2024,SCHOOL_VOC
P029772,2024,HIGHER_ED
P029773,2024,SCHOOL_VOC
P029775,2024,
P029776,2024,HIGHER_ED
P029777,2024,SCHOOL_VOC
P029781,2024,SCHOOL_VOC
P029787,2024,HIGHER_ED
P029791,2024,HIGHER_ED
P029793,2024,SCHOOL_VOC
P029797,2024,LOW_NONE
P029801,2024,SCHOOL_VOC
P029802,2024,HIGHER_ED
P029804,2024,SCHOOL_VOC
P029805,2024,
P029806,2024,HIGHER_ED
P029807,2024,SCHOOL_VOC
P029811,2024,SCHOOL_VOC
P029812,2024,LOW_NONE
P029813,2024,HIGHER_ED
P029820,2024,SCHOOL_VOC
P029822,2024,SCHOOL_VOC
P029823,2024,SCHOOL_VOC
P029826,2024,SCHOOL_VOC
P029829,2024,HIGHER_ED
P029830,2024,LOW_NONE
P029834,2024,SCHOOL_VOC
P029840,2024,HIGHER_ED
P029842,2024,SCHOOL_VOC
P029844,2024,SCHOOL_VOC
P029848,2024,SCHOOL_VOC
P029851,2024,SCHOOL_VOC
P029861,2024,HIGHER_ED
P029865,2024,LOW_NONE
P029866,2024,SCHOOL_VOC
P029874,2024,HIGHER_ED
P029875,2024,SCHOOL_VOC
P029879,2024,LOW_NONE
P029884,2024,SCHOOL_VOC
P029885,2024,HIGHER_ED
P029887,2024,SCHOOL_VOC
P029888,2024,SCHOOL_VOC
P029897,2024,SCHOOL_VOC
P029898,2024,HIGHER_ED
P029899,2024,SCHOOL_VOC
P029900,2024,SCHOOL_VOC
P029902,2024,LOW_NONE
P029904,2024,SCHOOL_VOC
P029906,2024,HIGHER_ED
P029909,2024,SCHOOL_VOC
P029910,2024,SCHOOL_VOC
P029917,2024,HIGHER_ED
P029919,2024,HIGHER_ED
P029924,2024,LOW_NONE
P029930,2024,SCHOOL_VOC
P029934,2024,SCHOOL_VOC
P029938,2024,SCHOOL_VOC
P029939,2024,HIGHER_ED
P029941,2024,SCHOOL_VOC
P029942,2024,SCHOOL_VOC
P029947,2024,SCHOOL_VOC
P029949,2024,SCHOOL_VOC
P029952,2024,SCHOOL_VOC
P029955,2024,SCHOOL_VOC
P029956,2024,SCHOOL_VOC
P029957,2024,LOW_NONE
P029959,2024,HIGHER_ED
P029962,2024,SCHOOL_VOC
P029964,2024,HIGHER_ED
P029966,2024,SCHOOL_VOC
P029970,2024,SCHOOL_VOC
P029976,2024,SCHOOL_VOC
P029977,2024,SCHOOL_VOC
P029985,2024,HIGHER_ED
P029989,2024,SCHOOL_VOC
P029990,2024,HIGHER_ED
P029992,2024,SCHOOL_VOC
P029998,2024,SCHOOL_VOC
P029999,2024,SCHOOL_VOC
P030000,2024,SCHOOL_VOC
P030002,2024,SCHOOL_VOC
P030003,2024,SCHOOL_VOC
P030006,2024,SCHOOL_VOC
P030007,2024,HIGHER_ED
P030008,2024,HIGHER_ED
P030009,2024,HIGHER_ED
P030019,2024,SCHOOL_VOC
P030026,2024,SCHOOL_VOC
P030032,2024,HIGHER_ED
P030037,2024,SCHOOL_VOC
P030038,2024,SCHOOL_VOC
P030039,2024,LOW_NONE
P030041,2024,HIGHER_ED
P030043,2024,SCHOOL_VOC
P030047,2024,LOW_NONE
P030048,2024,SCHOOL_VOC
P030050,2024,SCHOOL_VOC
P030054,2024,HIGHER_ED
P030060,2024,SCHOOL_VOC
P030061,2024,HIGHER_ED
P030062,2024,SCHOOL_VOC
P030068,2024,HIGHER_ED
P030071,2024,SCHOOL_VOC
P030073,2024,SCHOOL_VOC
P030077,2024,SCHOOL_VOC
P030079,2024,SCHOOL_VOC
P030080,2024,SCHOOL_VOC
P030082,2024,SCHOOL_VOC
P030084,2024,SCHOOL_VOC
P030085,2024,HIGHER_ED
P030091,2024,SCHOOL_VOC
P030092,2024,SCHOOL_VOC
P030098,2024,SCHOOL_VOC
P030102,2024,SCHOOL_VOC
P030106,2024,HIGHER_ED
P030107,2024,SCHOOL_VOC
P030108,2024,HIGHER_ED
P030109,2024,SCHOOL_VOC
P030110,2024,SCHOOL_VOC
P030113,2024,SCHOOL_VOC
P030115,2024,SCHOOL_VOC
P030121,2024,SCHOOL_VOC
P030123,2024,HIGHER_ED
P030134,2024,SCHOOL_VOC
P030137,2024,SCHOOL_VOC
P030145,2024,SCHOOL_VOC
P030147,2024,SCHOOL_VOC
P030148,2024,SCHOOL_VOC
P030154,2024,HIGHER_ED
P030156,2024,SCHOOL_VOC
P030157,2024,HIGHER_ED
P030159,2023,SCHOOL_VOC
P030160,2024,SCHOOL_VOC
P030162,2024,SCHOOL_VOC
P030172,2024,SCHOOL_VOC
P030174,2024,HIGHER_ED
P030180,2024,SCHOOL_VOC
P030182,2024,SCHOOL_VOC
P030186,2024,SCHOOL_VOC
P030188,2024,SCHOOL_VOC
P030192,2024,SCHOOL_VOC
P030198,2024,HIGHER_ED
P030202,2024,SCHOOL_VOC
P030203,2024,HIGHER_ED
P030205,2024,SCHOOL_VOC
P030207,2024,HIGHER_ED
P030208,2024,SCHOOL_VOC
P030209,2024,SCHOOL_VOC
P030211,2024,HIGHER_ED
P030215,2024,SCHOOL_VOC
P030218,2024,HIGHER_ED
P030219,2024,SCHOOL_VOC
P030222,2024,HIGHER_ED
P030225,2024,SCHOOL_VOC
P030228,2024,SCHOOL_VOC
P030229,2024,SCHOOL_VOC
P030232,2024,HIGHER_ED
P030236,2024,SCHOOL_VOC
P030237,2024,SCHOOL_VOC
P030239,2024,SCHOOL_VOC
P030240,2024,SCHOOL_VOC
P030241,2024,SCHOOL_VOC
P030244,2024,HIGHER_ED
P030245,2024,SCHOOL_VOC
P030246,2024,SCHOOL_VOC
P030247,2024,SCHOOL_VOC
P030248,2024,SCHOOL_VOC
P030251,2024,SCHOOL_VOC
P030256,2024,HIGHER_ED
P030259,2024,SCHOOL_VOC
P030264,2024,SCHOOL_VOC
P030269,2024,SCHOOL_VOC
P030271,2024,LOW_NONE
P030275,2024,HIGHER_ED
P030277,2024,HIGHER_ED
P030279,2024,SCHOOL_VOC
P030281,2024,SCHOOL_VOC
P030285,2024,LOW_NONE
P030288,2024,SCHOOL_VOC
P030291,2024,SCHOOL_VOC
P030292,2024,SCHOOL_VOC
P030293,2024,LOW_NONE
P030294,2024,HIGHER_ED
P030296,2024,SCHOOL_VOC
P030298,2024,LOW_NONE
P030299,2024,SCHOOL_VOC
P030300,2024,SCHOOL_VOC
P030302,2024,SCHOOL_VOC
P030303,2024,SCHOOL_VOC
P030307,2024,SCHOOL_VOC
P030308,2024,SCHOOL_VOC
P030314,2024,HIGHER_ED
P030315,2024,HIGHER_ED
P030319,2024,SCHOOL_VOC
P030320,2024,HIGHER_ED
P030321,2024,SCHOOL_VOC
P030323,2024,SCHOOL_VOC
P030324,2024,SCHOOL_VOC
P030325,2024,SCHOOL_VOC
P030326,2024,SCHOOL_VOC
P030327,2024,HIGHER_ED
P030328,2024,LOW_NONE
P030332,2024,SCHOOL_VOC
P030337,2024,SCHOOL_VOC
P030338,2024,SCHOOL_VOC
P030339,2024,SCHOOL_VOC
P030341,2024,SCHOOL_VOC
P030342,2024,LOW_NONE
P030343,2024,LOW_NONE
P030344,2024,SCHOOL_VOC
P030345,2024,SCHOOL_VOC
P030348,2024,HIGHER_ED
P030349,2024,LOW_NONE
P030353,2024,SCHOOL_VOC
P030359,2024,SCHOOL_VOC
P030363,2024,HIGHER_ED
P030367,2024,SCHOOL_VOC
P030369,2024,LOW_NONE
P030370,2024,HIGHER_ED
P030371,2024,SCHOOL_VOC
P030374,2024,SCHOOL_VOC
P030377,2024,HIGHER_ED
P030388,2024,SCHOOL_VOC
P030389,2024,SCHOOL_VOC
P030392,2024,SCHOOL_VOC
P030400,2024,SCHOOL_VOC
P030406,2024,SCHOOL_VOC
P030412,2024,SCHOOL_VOC
P030416,2024,SCHOOL_VOC
P030419,2024,SCHOOL_VOC
P030423,2024,SCHOOL_VOC
P030424,2024,SCHOOL_VOC
P030430,2024,LOW_NONE
P030432,2024,SCHOOL_VOC
P030434,2024,SCHOOL_VOC
P030438,2024,SCHOOL_VOC
P030449,2024,HIGHER_ED
P030450,2024,HIGHER_ED
P030456,2024,SCHOOL_VOC
P030459,2024,SCHOOL_VOC
P030463,2024,HIGHER_ED
P030470,2024,HIGHER_ED
P030471,2024,SCHOOL_VOC
P030475,2024,SCHOOL_VOC
P030476,2024,SCHOOL_VOC
P030482,2024,HIGHER_ED
P030487,2024,SCHOOL_VOC
P030488,2024,HIGHER_ED
P030493,2024,SCHOOL_VOC
P030498,2024,SCHOOL_VOC
P030499,2024,SCHOOL_VOC
P030501,2024,LOW_NONE
P030504,2024,SCHOOL_VOC
P030505,2024,SCHOOL_VOC
P030506,2024,HIGHER_ED
P030514,2024,SCHOOL_VOC
P030516,2024,SCHOOL_VOC
P030518,2024,SCHOOL_VOC
P030519,2024,HIGHER_ED
P030522,2024,HIGHER_ED
P030526,2024,SCHOOL_VOC
P030527,2024,SCHOOL_VOC
P030530,2024,HIGHER_ED
P030533,2024,HIGHER_ED
P030542,2024,HIGHER_ED
P030544,2024,SCHOOL_VOC
P030547,2024,HIGHER_ED
P030550,2024,SCHOOL_VOC
P030551,2024,SCHOOL_VOC
P030552,2024,HIGHER_ED
P030555,2024,HIGHER_ED
P030556,2024,HIGHER_ED
P030559,2024,HIGHER_ED
P030560,2024,HIGHER_ED
P030561,2024,SCHOOL_VOC
P030562,2024,SCHOOL_VOC
P030564,2024,UNMAPPED_GROUP
P030565,2024,SCHOOL_VOC
P030567,2024,SCHOOL_VOC
P030569,2024,SCHOOL_VOC
P030571,2024,SCHOOL_VOC
P030572,2024,SCHOOL_VOC
P030573,2024,SCHOOL_VOC
P030574,2024,HIGHER_ED
P030578,2024,HIGHER_ED
P030581,2024,SCHOOL_VOC
P030583,2024,HIGHER_ED
P030588,2024,HIGHER_ED
P030589,2024,SCHOOL_VOC
P030590,2024,SCHOOL_VOC
P030592,2024,SCHOOL_VOC
P030593,2024,HIGHER_ED
P030600,2024,LOW_NONE
P030604,2024,SCHOOL_VOC
P030606,2024,SCHOOL_VOC
P030607,2024,SCHOOL_VOC
P030610,2024,SCHOOL_VOC
P030613,2024,LOW_NONE
P030621,2024,SCHOOL_VOC
P030622,2024,SCHOOL_VOC
P030624,2024,HIGHER_ED
P030628,2024,HIGHER_ED
P030629,2024,LOW_NONE
P030630,2024,LOW_NONE
P030632,2024,SCHOOL_VOC
P030634,2024,SCHOOL_VOC
P030635,2024,SCHOOL_VOC
P030636,2024,SCHOOL_VOC
P030641,2024,SCHOOL_VOC
P030645,2024,SCHOOL_VOC
P030646,2024,HIGHER_ED
P030647,2024,SCHOOL_VOC
P030649,2024,SCHOOL_VOC
P030650,2024,SCHOOL_VOC
P030651,2024,HIGHER_ED
P030652,2024,HIGHER_ED
P030653,2024,SCHOOL_VOC
P030660,2024,HIGHER_ED
P030664,2024,HIGHER_ED
P030665,2024,HIGHER_ED
P030667,2024,LOW_NONE
P030670,2024,HIGHER_ED
P030671,2024,SCHOOL_VOC
P030685,2024,LOW_NONE
P030686,2024,SCHOOL_VOC
P030687,2024,HIGHER_ED
P030689,2024,HIGHER_ED
P030693,2024,SCHOOL_VOC
P030697,2024,SCHOOL_VOC
P030698,2024,SCHOOL_VOC
P030700,2024,SCHOOL_VOC
P030702,2024,SCHOOL_VOC
P030703,2024,SCHOOL_VOC
P030712,2024,HIGHER_ED
P030714,2024,SCHOOL_VOC
P030716,2024,SCHOOL_VOC
P030728,2024,SCHOOL_VOC
P030729,2024,HIGHER_ED
P030730,2024,SCHOOL_VOC
P030736,2024,HIGHER_ED
P030742,2024,SCHOOL_VOC
P030744,2024,SCHOOL_VOC
P030745,2024,HIGHER_ED
P030748,2024,SCHOOL_VOC
P030749,2024,SCHOOL_VOC
P030751,2024,SCHOOL_VOC
P030752,2024,SCHOOL_VOC
P030757,2024,LOW_NONE
P030758,2024,SCHOOL_VOC
P030759,2024,SCHOOL_VOC
P030761,2024,SCHOOL_VOC
P030764,2024,SCHOOL_VOC
P030765,2024,SCHOOL_VOC
P030767,2024,HIGHER_ED
P030768,2024,SCHOOL_VOC
P030775,2024,SCHOOL_VOC
P030781,2024,SCHOOL_VOC
P030783,2024,SCHOOL_VOC
P030785,2024,LOW_NONE
P030786,2024,SCHOOL_VOC
P030790,2024,SCHOOL_VOC
P030793,2024,SCHOOL_VOC
P030794,2024,SCHOOL_VOC
P030795,2024,HIGHER_ED
P030796,2024,HIGHER_ED
P030798,2024,SCHOOL_VOC
P030800,2024,SCHOOL_VOC
P030801,2024,SCHOOL_VOC
P030803,2024,SCHOOL_VOC
P030809,2024,SCHOOL_VOC
P030810,2024,HIGHER_ED
P030812,2024,HIGHER_ED
P030814,2024,SCHOOL_VOC
P030818,2024,HIGHER_ED
P030821,2024,HIGHER_ED
P030822,2024,SCHOOL_VOC
P030824,2024,SCHOOL_VOC
P030827,2024,SCHOOL_VOC
P030828,2024,SCHOOL_VOC
P030829,2024,HIGHER_ED
P030835,2024,SCHOOL_VOC
P030839,2024,
P030840,2024,SCHOOL_VOC
P030841,2024,HIGHER_ED
P030842,2024,SCHOOL_VOC
P030844,2024,HIGHER_ED
P030846,2024,SCHOOL_VOC
P030850,2024,HIGHER_ED
P030852,2024,SCHOOL_VOC
P030862,2024,HIGHER_ED
P030863,2024,SCHOOL_VOC
P030864,2024,SCHOOL_VOC
P030867,2024,SCHOOL_VOC
P030868,2024,HIGHER_ED
P030875,2024,HIGHER_ED
P030876,2024,HIGHER_ED
P030877,2024,SCHOOL_VOC
P030879,2024,HIGHER_ED
P030883,2024,SCHOOL_VOC
P030886,2024,SCHOOL_VOC
P030890,2024,SCHOOL_VOC
P030891,2024,HIGHER_ED
P030892,2024,LOW_NONE
P030894,2024,SCHOOL_VOC
P030899,2024,HIGHER_ED
P030906,2024,SCHOOL_VOC
P030907,2024,SCHOOL_VOC
P030908,2024,SCHOOL_VOC
P030909,2024,SCHOOL_VOC
P030910,2024,UNMAPPED_GROUP
P030916,2024,SCHOOL_VOC
P030918,2024,LOW_NONE
P030921,2024,SCHOOL_VOC
P030924,2024,SCHOOL_VOC
P030935,2024,HIGHER_ED
P030936,2024,SCHOOL_VOC
P030940,2024,SCHOOL_VOC
P030941,2024,SCHOOL_VOC
P030945,2024,SCHOOL_VOC
P030946,2024,SCHOOL_VOC
P030949,2024,SCHOOL_VOC
P030950,2024,SCHOOL_VOC
P030951,2024,SCHOOL_VOC
P030954,2024,HIGHER_ED
P030959,2024,SCHOOL_VOC
P030963,2024,HIGHER_ED
P030968,2024,SCHOOL_VOC
P030969,2024,SCHOOL_VOC
P030972,2024,
P030976,2024,HIGHER_ED
P030980,2024,SCHOOL_VOC
P030984,2024,HIGHER_ED
P030985,2024,SCHOOL_VOC
P030995,2024,SCHOOL_VOC
P030996,2024,SCHOOL_VOC
P031001,2024,HIGHER_ED
P031002,2024,SCHOOL_VOC
P031007,2024,SCHOOL_VOC
P031009,2024,SCHOOL_VOC
P031013,2024,HIGHER_ED
P031017,2024,SCHOOL_VOC
P031019,2024,HIGHER_ED
P031022,2024,SCHOOL_VOC
P031023,2024,UNMAPPED_GROUP
P031025,2024,HIGHER_ED
P031026,2024,HIGHER_ED
P031027,2024,SCHOOL_VOC
P031028,2024,SCHOOL_VOC
P031032,2024,SCHOOL_VOC
P031034,2024,LOW_NONE
P031035,2024,SCHOOL_VOC
P031037,2024,SCHOOL_VOC
P031038,2024,HIGHER_ED
P031045,2024,SCHOOL_VOC
P031046,2024,LOW_NONE
P031047,2024,SCHOOL_VOC
P031048,2024,HIGHER_ED
P031052,2024,SCHOOL_VOC
P031053,2024,HIGHER_ED
P031059,2024,LOW_NONE
P031061,2024,SCHOOL_VOC
P031062,2024,HIGHER_ED
P031063,2024,HIGHER_ED
P031065,2024,SCHOOL_VOC
P031067,2024,SCHOOL_VOC
P031068,2024,SCHOOL_VOC
P031074,2024,SCHOOL_VOC
P031076,2024,SCHOOL_VOC
P031083,2024,HIGHER_ED
P031086,2024,HIGHER_ED
P031095,2024,SCHOOL_VOC
P031097,2024,SCHOOL_VOC
P031099,2024,SCHOOL_VOC
P031101,2024,HIGHER_ED
P031102,2024,HIGHER_ED
P031110,2024,HIGHER_ED
P031111,2024,SCHOOL_VOC
P031114,2024,HIGHER_ED
P031116,2024,SCHOOL_VOC
P031121,2024,LOW_NONE
P031124,2024,HIGHER_ED
P031125,2024,SCHOOL_VOC
P031128,2024,HIGHER_ED
P031130,2024,SCHOOL_VOC
P031135,2024,SCHOOL_VOC
P031136,2024,HIGHER_ED
P031139,2024,LOW_NONE
P031144,2024,HIGHER_ED
P031150,2024,SCHOOL_VOC
P031151,2024,SCHOOL_VOC
P031153,2024,SCHOOL_VOC
P031155,2024,HIGHER_ED
P031156,2024,SCHOOL_VOC
P031160,2024,SCHOOL_VOC
P031161,2024,HIGHER_ED
P031162,2024,HIGHER_ED
P031163,2024,HIGHER_ED
P031164,2024,LOW_NONE
P031166,2024,LOW_NONE
P031167,2024,SCHOOL_VOC
,2024,SCHOOL_VOC
P031171,2024,LOW_NONE
P031174,2024,LOW_NONE
P031175,2024,SCHOOL_VOC
P031177,2024,SCHOOL_VOC
P031181,2024,SCHOOL_VOC
P031183,2024,HIGHER_ED
P031186,2024,SCHOOL_VOC
P031187,2024,SCHOOL_VOC
P031188,2024,HIGHER_ED
P031189,2024,SCHOOL_VOC
P031198,2024,SCHOOL_VOC
P031199,2024,
P031202,2024,SCHOOL_VOC
P031204,2024,SCHOOL_VOC
P031205,2024,SCHOOL_VOC
P031209,2024,SCHOOL_VOC
P031210,2024,SCHOOL_VOC
P031214,2024,LOW_NONE
P031215,2024,LOW_NONE
P031218,2024,HIGHER_ED
P031221,2024,SCHOOL_VOC
P031224,2024,HIGHER_ED
P031229,2024,SCHOOL_VOC
P031232,2024,SCHOOL_VOC
P031238,2024,SCHOOL_VOC
P031240,2024,SCHOOL_VOC
P031241,2024,SCHOOL_VOC
P031242,2024,HIGHER_ED
P031247,2024,SCHOOL_VOC
P031248,2024,HIGHER_ED
P031249,2024,LOW_NONE
P031251,2024,SCHOOL_VOC
P031252,2024,LOW_NONE
P031253,2024,HIGHER_ED
P031255,2024,SCHOOL_VOC
P031257,2024,HIGHER_ED
P031259,2024,HIGHER_ED
P031261,2024,SCHOOL_VOC
P031271,2024,SCHOOL_VOC
P031272,2024,SCHOOL_VOC
P031275,2024,HIGHER_ED
P031277,2024,SCHOOL_VOC
P031285,2024,HIGHER_ED
P031287,2024,SCHOOL_VOC
P031299,2024,SCHOOL_VOC
P031303,2024,SCHOOL_VOC
P031308,2024,LOW_NONE
P031312,2024,SCHOOL_VOC
P031313,2024,SCHOOL_VOC
P031314,2024,HIGHER_ED
P031315,2024,HIGHER_ED
P031316,2024,SCHOOL_VOC
P031318,2024,HIGHER_ED
P031319,2024,SCHOOL_VOC
P031322,2024,HIGHER_ED
P031325,2024,SCHOOL_VOC
P031333,2024,HIGHER_ED
P031334,2024,HIGHER_ED
P031335,2024,HIGHER_ED
P031336,2024,SCHOOL_VOC
P031337,2024,HIGHER_ED
P031340,2024,LOW_NONE
P031345,2024,SCHOOL_VOC
P031347,2024,SCHOOL_VOC
P031349,2024,HIGHER_ED
P031350,2024,HIGHER_ED
P031354,2024,SCHOOL_VOC
P031355,2024,SCHOOL_VOC
P031358,2024,SCHOOL_VOC
P031370,2024,HIGHER_ED
P031374,2024,SCHOOL_VOC
P031375,2024,SCHOOL_VOC
P031379,2024,HIGHER_ED
P031381,2024,HIGHER_ED
P031382,2024,HIGHER_ED
P031383,2024,HIGHER_ED
P031387,2024,SCHOOL_VOC
P031388,2024,SCHOOL_VOC
P031389,2024,HIGHER_ED
P031392,2024,SCHOOL_VOC
P031395,2024,SCHOOL_VOC
P031400,2024,HIGHER_ED
P031401,2024,HIGHER_ED
P031402,2024,HIGHER_ED
P031405,2024,HIGHER_ED
P031406,2024,SCHOOL_VOC
P031408,2024,HIGHER_ED
P031409,2024,SCHOOL_VOC
P031410,2024,
P031411,2024,SCHOOL_VOC
P031412,2024,HIGHER_ED
P031413,2024,SCHOOL_VOC
P031415,2024,SCHOOL_VOC
P031416,2024,SCHOOL_VOC
P031417,2024,HIGHER_ED
P031418,2024,HIGHER_ED
P031425,2024,SCHOOL_VOC
P031426,2024,
P031427,2024,SCHOOL_VOC
P031428,2024,SCHOOL_VOC
P031430,2024,SCHOOL_VOC
P031432,2024,SCHOOL_VOC
P031434,2024,HIGHER_ED
P031438,2024,HIGHER_ED
P031442,2024,HIGHER_ED
P031443,2024,HIGHER_ED
P031444,2024,HIGHER_ED
P031447,2024,SCHOOL_VOC
P031449,2024,SCHOOL_VOC
P031450,2024,SCHOOL_VOC
P031451,2024,LOW_NONE
,2024,SCHOOL_VOC
P031454,2024,SCHOOL_VOC
P031455,2024,HIGHER_ED
P031457,2024,SCHOOL_VOC
P031458,2024,SCHOOL_VOC
P031459,2024,HIGHER_ED
P031460,2024,SCHOOL_VOC
P031462,2024,SCHOOL_VOC
P031465,2024,SCHOOL_VOC
P031467,2024,SCHOOL_VOC
P031468,2024,LOW_NONE
P031471,2024,HIGHER_ED
P031472,2024,SCHOOL_VOC
P031474,2024,HIGHER_ED
P031478,2024,HIGHER_ED
P031479,2024,HIGHER_ED
P031484,2024,SCHOOL_VOC
P031486,2024,SCHOOL_VOC
P031489,2024,HIGHER_ED
P031493,2024,SCHOOL_VOC
P031494,2024,HIGHER_ED
P031496,2024,SCHOOL_VOC
P031499,2024,HIGHER_ED
P031500,2024,HIGHER_ED
P031509,2024,HIGHER_ED
P031513,2024,SCHOOL_VOC
P031516,2024,SCHOOL_VOC
P031517,2024,SCHOOL_VOC
P031518,2024,HIGHER_ED
P031519,2024,SCHOOL_VOC
P031523,2024,HIGHER_ED
P031533,2024,HIGHER_ED
P031537,2024,SCHOOL_VOC
P031540,2024,SCHOOL_VOC
P031545,2024,SCHOOL_VOC
P031549,2024,SCHOOL_VOC
P031552,2024,SCHOOL_VOC
P031554,2024,LOW_NONE
P031556,2024,SCHOOL_VOC
P031557,2024,LOW_NONE
P031558,2024,SCHOOL_VOC
P031564,2024,SCHOOL_VOC
P031567,2024,HIGHER_ED
P031570,2024,HIGHER_ED
P031571,2024,SCHOOL_VOC
P031574,2024,HIGHER_ED
P031575,2024,UNMAPPED_GROUP
P031577,2024,HIGHER_ED
P031583,2024,SCHOOL_VOC
P031584,2024,HIGHER_ED
P031585,2024,HIGHER_ED
P031589,2024,HIGHER_ED
P031593,2024,LOW_NONE
P031594,2024,HIGHER_ED
P031595,2024,SCHOOL_VOC
P031597,2024,HIGHER_ED
P031607,2024,SCHOOL_VOC
P031608,2024,SCHOOL_VOC
P031610,2024,SCHOOL_VOC
P031614,2024,HIGHER_ED
P031615,2024,SCHOOL_VOC
P031619,2024,HIGHER_ED
P031620,2024,HIGHER_ED
P031628,2024,SCHOOL_VOC
P031630,2024,SCHOOL_VOC
P031636,2024,SCHOOL_VOC
P031641,2024,HIGHER_ED
P031644,2024,LOW_NONE
P031647,2024,SCHOOL_VOC
P031648,2024,SCHOOL_VOC
P031649,2024,HIGHER_ED
P031661,2024,HIGHER_ED
P031665,2024,SCHOOL_VOC
P031669,2024,SCHOOL_VOC
P031672,2024,SCHOOL_VOC
P031674,2024,SCHOOL_VOC
P031675,2024,SCHOOL_VOC
P031677,2024,SCHOOL_VOC
P031679,2024,SCHOOL_VOC
P031680,2024,SCHOOL_VOC
P031683,2024,LOW_NONE
P031686,2024,SCHOOL_VOC
P031690,2024,SCHOOL_VOC
P031694,2024,SCHOOL_VOC
P031696,2024,HIGHER_ED
P031697,2024,LOW_NONE
P031698,2024,UNMAPPED_GROUP
P031700,2024,SCHOOL_VOC
P031703,2024,HIGHER_ED
P031707,2024,SCHOOL_VOC
P031708,2024,SCHOOL_VOC
P031711,2024,SCHOOL_VOC
P031712,2024,SCHOOL_VOC
P031713,2024,SCHOOL_VOC
P031715,2024,SCHOOL_VOC
P031717,2024,SCHOOL_VOC
P031719,2024,SCHOOL_VOC
P031720,2024,SCHOOL_VOC
P031721,2024,SCHOOL_VOC
P031722,2024,SCHOOL_VOC
P031724,2024,SCHOOL_VOC
P031726,2024,HIGHER_ED
P031734,2024,SCHOOL_VOC
P031736,2024,HIGHER_ED
P031741,2024,SCHOOL_VOC
P031744,2024,HIGHER_ED
P031747,2024,SCHOOL_VOC
P031748,2024,HIGHER_ED
P031749,2024,SCHOOL_VOC
P031750,2024,SCHOOL_VOC
P031751,2024,SCHOOL_VOC
P031755,2024,SCHOOL_VOC
P031756,2024,SCHOOL_VOC
P031757,2024,SCHOOL_VOC
P031758,2024,SCHOOL_VOC
P031760,2024,SCHOOL_VOC
P031761,2024,SCHOOL_VOC
P031763,2024,HIGHER_ED
P031765,2024,LOW_NONE
P031770,2024,HIGHER_ED
P031772,2024,SCHOOL_VOC
P031777,2024,SCHOOL_VOC
P031781,2024,SCHOOL_VOC
P031784,2024,HIGHER_ED
P031788,2024,SCHOOL_VOC
P031791,2024,SCHOOL_VOC
P031793,2024,SCHOOL_VOC
P031798,2024,SCHOOL_VOC
P031799,2024,SCHOOL_VOC
P031801,2024,SCHOOL_VOC
P031806,2024,SCHOOL_VOC
P031809,2024,SCHOOL_VOC
P031811,2024,HIGHER_ED
P031812,2024,SCHOOL_VOC
P031814,2024,SCHOOL_VOC
P031816,2024,SCHOOL_VOC
P031824,2024,SCHOOL_VOC
P031831,2024,LOW_NONE
P031834,2024,SCHOOL_VOC
P031835,2024,HIGHER_ED
P031840,2024,HIGHER_ED
P031844,2024,HIGHER_ED
P031850,2024,HIGHER_ED
P031851,2024,SCHOOL_VOC
P031853,2024,HIGHER_ED
P031854,2024,SCHOOL_VOC
P031856,2024,SCHOOL_VOC
P031857,2024,HIGHER_ED
P031858,2024,SCHOOL_VOC
P031859,2024,SCHOOL_VOC
P031861,2024,HIGHER_ED
P031863,2024,HIGHER_ED
P031864,2024,SCHOOL_VOC
P031867,2024,SCHOOL_VOC
P031869,2024,HIGHER_ED
P031871,2024,LOW_NONE
P031876,2024,SCHOOL_VOC
P031878,2024,SCHOOL_VOC
P031880,2024,HIGHER_ED
P031891,2024,SCHOOL_VOC
P031892,2024,LOW_NONE
P031893,2024,HIGHER_ED
P031895,2024,HIGHER_ED
P031896,2024,HIGHER_ED
P031900,2024,HIGHER_ED
P031901,2024,SCHOOL_VOC
P031903,2024,SCHOOL_VOC
P031910,2024,HIGHER_ED
P031913,2024,SCHOOL_VOC
P031916,2024,SCHOOL_VOC
P031921,2024,SCHOOL_VOC
P031922,2024,SCHOOL_VOC
P031923,2024,SCHOOL_VOC
P031924,2024,HIGHER_ED
P031929,2024,SCHOOL_VOC
P031932,2024,HIGHER_ED
P031933,2024,SCHOOL_VOC
P031934,2024,SCHOOL_VOC
P031940,2024,SCHOOL_VOC
P031942,2024,SCHOOL_VOC
P031943,2024,SCHOOL_VOC
P031946,2024,SCHOOL_VOC
P031948,2024,SCHOOL_VOC
P031957,2024,LOW_NONE
P031961,2024,SCHOOL_VOC
P031964,2024,HIGHER_ED
P031965,2024,HIGHER_ED
P031967,2024,HIGHER_ED
P031972,2024,SCHOOL_VOC
P031974,2024,SCHOOL_VOC
P031975,2024,SCHOOL_VOC
P031976,2024,SCHOOL_VOC
P031977,2024,SCHOOL_VOC
P031978,2024,SCHOOL_VOC
P031979,2024,SCHOOL_VOC
P031986,2024,SCHOOL_VOC
P031991,2024,SCHOOL_VOC
P032001,2024,SCHOOL_VOC
P032003,2024,SCHOOL_VOC
P032004,2024,
P032005,2024,HIGHER_ED
P032006,2024,LOW_NONE
P032008,2024,SCHOOL_VOC
P032013,2024,SCHOOL_VOC
P032014,2024,HIGHER_ED
P032015,2024,HIGHER_ED
P032016,2024,SCHOOL_VOC
P032020,2024,HIGHER_ED
P032022,2024,HIGHER_ED
P032025,2024,SCHOOL_VOC
P032026,2024,SCHOOL_VOC
P032027,2024,HIGHER_ED
P032032,2024,HIGHER_ED
P032038,2024,HIGHER_ED
P032039,2024,HIGHER_ED
P032041,2024,SCHOOL_VOC
P032042,2024,SCHOOL_VOC
P032045,2024,HIGHER_ED
P032046,2024,SCHOOL_VOC
P032050,2024,SCHOOL_VOC
P032052,2024,SCHOOL_VOC
P032056,2024,SCHOOL_VOC
P032058,2024,SCHOOL_VOC
P032061,2024,SCHOOL_VOC
P032065,2024,SCHOOL_VOC
P032066,2024,SCHOOL_VOC
P032068,2024,SCHOOL_VOC
P032072,2024,HIGHER_ED
P032077,2024,HIGHER_ED
P032078,2024,SCHOOL_VOC
P032081,2024,SCHOOL_VOC
P032082,2024,SCHOOL_VOC
P032084,2024,SCHOOL_VOC
P032085,2024,SCHOOL_VOC
P032091,2024,LOW_NONE
P032097,2024,SCHOOL_VOC
P032098,2024,SCHOOL_VOC
P032099,2024,SCHOOL_VOC
P032101,2024,SCHOOL_VOC
P032102,2024,SCHOOL_VOC
P032108,2024,SCHOOL_VOC
P032110,2024,SCHOOL_VOC
P032112,2024,SCHOOL_VOC
P032113,2024,SCHOOL_VOC
P032114,2024,LOW_NONE
P032117,2024,LOW_NONE
P032125,2024,SCHOOL_VOC
P032130,2024,LOW_NONE
P032132,2024,HIGHER_ED
P032133,2024,UNMAPPED_GROUP
P032136,2024,SCHOOL_VOC
P032137,2024,SCHOOL_VOC
P032143,2024,SCHOOL_VOC
P032148,2024,SCHOOL_VOC
P032151,2024,HIGHER_ED
P032152,2024,SCHOOL_VOC
P032157,2024,LOW_NONE
P032163,2024,LOW_NONE
P032165,2024,SCHOOL_VOC
P032169,2024,SCHOOL_VOC
P032178,2024,HIGHER_ED
P032180,2024,HIGHER_ED
P032183,2024,HIGHER_ED
P032191,2024,SCHOOL_VOC
P032196,2024,HIGHER_ED
P032197,2024,UNMAPPED_GROUP
P032199,2024,SCHOOL_VOC
P032202,2024,HIGHER_ED
P032204,2024,SCHOOL_VOC
P032205,2024,HIGHER_ED
P032206,2024,SCHOOL_VOC
P032207,2024,HIGHER_ED
P032208,2024,SCHOOL_VOC
P032211,2024,HIGHER_ED
P032214,2024,SCHOOL_VOC
P032215,2024,HIGHER_ED
P032221,2024,SCHOOL_VOC
P032223,2024,SCHOOL_VOC
P032224,2024,SCHOOL_VOC
P032226,2024,SCHOOL_VOC
P032228,2024,SCHOOL_VOC
P032233,2024,SCHOOL_VOC
P032235,2024,HIGHER_ED
P032237,2024,HIGHER_ED
P032238,2024,SCHOOL_VOC
P032240,2024,SCHOOL_VOC
P032241,2024,SCHOOL_VOC
P032242,2024,HIGHER_ED
P032243,2024,HIGHER_ED
P032244,2024,SCHOOL_VOC
P032248,2024,SCHOOL_VOC
P032250,2024,SCHOOL_VOC
P032254,2024,SCHOOL_VOC
P032255,2024,SCHOOL_VOC
P032257,2024,HIGHER_ED
P032258,2024,SCHOOL_VOC
P032259,2024,SCHOOL_VOC
P032261,2024,LOW_NONE
P032267,2024,SCHOOL_VOC
P032268,2024,SCHOOL_VOC
P032271,2024,SCHOOL_VOC
P032274,2024,LOW_NONE
P032275,2024,SCHOOL_VOC
P032276,2024,SCHOOL_VOC
P032277,2024,HIGHER_ED
P032281,2024,HIGHER_ED
P032283,2024,SCHOOL_VOC
P032284,2024,SCHOOL_VOC
P032291,2024,HIGHER_ED
P032294,2024,SCHOOL_VOC
P032297,2024,SCHOOL_VOC
P032298,2024,HIGHER_ED
P032299,2024,SCHOOL_VOC
P032305,2024,SCHOOL_VOC
P032306,2024,HIGHER_ED
P032309,2024,SCHOOL_VOC
P032310,2024,HIGHER_ED
P032312,2024,SCHOOL_VOC
P032314,2024,HIGHER_ED
P032315,2024,HIGHER_ED
P032319,2024,SCHOOL_VOC
P032321,2024,HIGHER_ED
P032322,2024,SCHOOL_VOC
P032325,2024,SCHOOL_VOC
P032328,2024,SCHOOL_VOC
P032329,2024,HIGHER_ED
P032331,2024,HIGHER_ED
P032334,2024,HIGHER_ED
P032338,2024,SCHOOL_VOC
P032344,2024,SCHOOL_VOC
P032347,2024,SCHOOL_VOC
P032348,2024,SCHOOL_VOC
P032350,2024,HIGHER_ED
P032354,2024,SCHOOL_VOC
P032357,2024,HIGHER_ED
P032358,2024,HIGHER_ED
P032359,2024,SCHOOL_VOC
P032362,2024,HIGHER_ED
P032363,2024,SCHOOL_VOC
P032364,2024,HIGHER_ED
P032367,2024,HIGHER_ED
P032369,2024,SCHOOL_VOC
P032377,2024,SCHOOL_VOC
P032384,2024,HIGHER_ED
P032386,2024,HIGHER_ED
P032387,2024,SCHOOL_VOC
P032388,2024,HIGHER_ED
P032394,2024,SCHOOL_VOC
P032396,2024,SCHOOL_VOC
P032397,2024,LOW_NONE
P032398,2024,SCHOOL_VOC
P032400,2024,SCHOOL_VOC
P032403,2024,HIGHER_ED
P032405,2024,HIGHER_ED
P032417,2024,SCHOOL_VOC
P032422,2024,HIGHER_ED
P032423,2024,SCHOOL_VOC
P032424,2024,SCHOOL_VOC
P032425,2024,SCHOOL_VOC
P032429,2024,LOW_NONE
P032431,2024,SCHOOL_VOC
P032437,2024,SCHOOL_VOC
P032444,2024,HIGHER_ED
P032448,2024,SCHOOL_VOC
P032450,2024,HIGHER_ED
P032451,2024,HIGHER_ED
P032454,2024,SCHOOL_VOC
P032458,2024,HIGHER_ED
P032465,2024,HIGHER_ED
P032466,2024,SCHOOL_VOC
P032467,2024,HIGHER_ED
P032469,2024,HIGHER_ED
P032470,2024,SCHOOL_VOC
P032473,2024,HIGHER_ED
P032474,2024,HIGHER_ED
P032478,2024,HIGHER_ED
P032479,2024,HIGHER_ED
P032481,2024,HIGHER_ED
P032482,2024,SCHOOL_VOC
P032488,2024,HIGHER_ED
P032489,2024,SCHOOL_VOC
P032495,2024,SCHOOL_VOC
P032497,2024,HIGHER_ED
P032498,2024,SCHOOL_VOC
P032502,2024,LOW_NONE
P032505,2024,SCHOOL_VOC
P032509,2024,SCHOOL_VOC
P032510,2024,SCHOOL_VOC
P032518,2024,SCHOOL_VOC
P032519,2024,SCHOOL_VOC
P032521,2024,HIGHER_ED
P032523,2024,SCHOOL_VOC
P032524,2024,SCHOOL_VOC
P032526,2024,SCHOOL_VOC
P032531,2024,LOW_NONE
P032533,2024,LOW_NONE
P032537,2024,HIGHER_ED
P032539,2024,SCHOOL_VOC
P032540,2024,SCHOOL_VOC
P032542,2024,HIGHER_ED
P032545,2024,SCHOOL_VOC
P032547,2024,HIGHER_ED
P032548,2024,SCHOOL_VOC
P032551,2024,SCHOOL_VOC
P032552,2024,SCHOOL_VOC
P032553,2024,SCHOOL_VOC
P032554,2024,SCHOOL_VOC
P032561,2024,SCHOOL_VOC
P032563,2024,HIGHER_ED
P032570,2024,SCHOOL_VOC
P032571,2024,SCHOOL_VOC
P032577,2024,HIGHER_ED
P032581,2024,LOW_NONE
P032587,2024,SCHOOL_VOC
P032589,2024,SCHOOL_VOC
P032594,2024,SCHOOL_VOC
P032599,2024,SCHOOL_VOC
P032600,2024,HIGHER_ED
P032603,2024,SCHOOL_VOC
P032607,2024,HIGHER_ED
P032609,2024,SCHOOL_VOC
P032610,2024,SCHOOL_VOC
P032613,2024,SCHOOL_VOC
P032616,2024,SCHOOL_VOC
P032619,2024,HIGHER_ED
P032621,2024,SCHOOL_VOC
P032623,2024,SCHOOL_VOC
P032627,2024,SCHOOL_VOC
P032634,2024,HIGHER_ED
P032635,2024,SCHOOL_VOC
P032637,2024,SCHOOL_VOC
P032641,2024,SCHOOL_VOC
P032644,2024,SCHOOL_VOC
P032647,2024,SCHOOL_VOC
P032653,2024,SCHOOL_VOC
P032656,2024,HIGHER_ED
P032658,2024,HIGHER_ED
P032659,2024,SCHOOL_VOC
P032662,2024,SCHOOL_VOC
P032667,2024,LOW_NONE
P032677,2024,SCHOOL_VOC
P032679,2024,SCHOOL_VOC
P032685,2024,HIGHER_ED
P032686,2024,LOW_NONE
P032687,2024,HIGHER_ED
P032688,2024,SCHOOL_VOC
P032691,2024,HIGHER_ED
P032693,2024,SCHOOL_VOC
P032694,2024,SCHOOL_VOC
P032695,2024,HIGHER_ED
P032696,2024,SCHOOL_VOC
P032703,2024,HIGHER_ED
P032704,2024,SCHOOL_VOC
P032706,2024,HIGHER_ED
P032710,2024,HIGHER_ED
P032712,2024,SCHOOL_VOC
P032718,2024,HIGHER_ED
P032719,2024,LOW_NONE
P032723,2024,
P032724,2024,SCHOOL_VOC
P032727,2024,HIGHER_ED
P032728,2024,HIGHER_ED
P032729,2024,LOW_NONE
P032731,2024,LOW_NONE
P032739,2024,SCHOOL_VOC
P032740,2024,SCHOOL_VOC
P032741,2024,SCHOOL_VOC
P032742,2024,HIGHER_ED
P032744,2024,SCHOOL_VOC
P032747,2024,SCHOOL_VOC
P032753,2024,SCHOOL_VOC
P032755,2024,SCHOOL_VOC
P032760,2024,SCHOOL_VOC
P032765,2024,LOW_NONE
P032767,2024,HIGHER_ED
P032771,2024,HIGHER_ED
P032777,2024,HIGHER_ED
P032778,2024,LOW_NONE
P032779,2024,SCHOOL_VOC
P032782,2024,SCHOOL_VOC
P032784,2024,SCHOOL_VOC
P032786,2024,SCHOOL_VOC
P032789,2024,SCHOOL_VOC
P032790,2024,SCHOOL_VOC
P032792,2024,SCHOOL_VOC
P032796,2024,SCHOOL_VOC
P032801,2024,HIGHER_ED
P032802,2024,SCHOOL_VOC
P032805,2024,SCHOOL_VOC
P032806,2024,SCHOOL_VOC
P032811,2024,SCHOOL_VOC
P032813,2024,SCHOOL_VOC
P032814,2024,SCHOOL_VOC
P032815,2024,SCHOOL_VOC
P032818,2024,LOW_NONE
P032819,2024,SCHOOL_VOC
P032820,2024,HIGHER_ED
P032821,2024,SCHOOL_VOC
P032825,2024,SCHOOL_VOC
P032828,2024,SCHOOL_VOC
P032832,2024,LOW_NONE
P032835,2024,SCHOOL_VOC
P032838,2024,SCHOOL_VOC
P032839,2024,SCHOOL_VOC
P032840,2024,HIGHER_ED
P032842,2024,SCHOOL_VOC
P032843,2024,SCHOOL_VOC
P032846,2024,SCHOOL_VOC
P032847,2024,SCHOOL_VOC
P032848,2024,SCHOOL_VOC
P032851,2024,HIGHER_ED
P032855,2024,SCHOOL_VOC
P032856,2024,HIGHER_ED
P032859,2024,SCHOOL_VOC
P032860,2024,HIGHER_ED
P032863,2024,HIGHER_ED
P032865,2024,HIGHER_ED
P032867,2024,SCHOOL_VOC
P032868,2024,LOW_NONE
P032872,2024,SCHOOL_VOC
P032874,2024,SCHOOL_VOC
P032876,2024,SCHOOL_VOC
P032878,2024,HIGHER_ED
P032879,2024,HIGHER_ED
P032886,2024,SCHOOL_VOC
P032887,2024,SCHOOL_VOC
P032888,2024,SCHOOL_VOC
P032892,2024,SCHOOL_VOC
P032896,2024,HIGHER_ED
P032897,2024,HIGHER_ED
P032898,2024,HIGHER_ED
P032900,2024,SCHOOL_VOC
P032901,2024,HIGHER_ED
P032902,2024,SCHOOL_VOC
P032903,2024,LOW_NONE
P032906,2024,SCHOOL_VOC
P032909,2024,SCHOOL_VOC
P032918,2024,UNMAPPED_GROUP
P032924,2024,SCHOOL_VOC
P032925,2024,SCHOOL_VOC
P032929,2024,SCHOOL_VOC
P032930,2024,SCHOOL_VOC
P032933,2024,LOW_NONE
P032934,2024,SCHOOL_VOC
P032936,2024,HIGHER_ED
P032937,2024,HIGHER_ED
P032940,2024,HIGHER_ED
P032942,2024,HIGHER_ED
P032943,2024,SCHOOL_VOC
P032945,2024,HIGHER_ED
P032946,2024,HIGHER_ED
P032947,2024,SCHOOL_VOC
P032948,2024,LOW_NONE
P032949,2024,SCHOOL_VOC
P032952,2024,SCHOOL_VOC
P032953,2024,SCHOOL_VOC
P032956,2024,LOW_NONE
P032958,2024,LOW_NONE
P032959,2024,HIGHER_ED
P032962,2024,SCHOOL_VOC
P032963,2024,SCHOOL_VOC
P032964,2024,HIGHER_ED
P032969,2024,SCHOOL_VOC
P032970,2024,SCHOOL_VOC
P032971,2024,LOW_NONE
P032972,2024,SCHOOL_VOC
P032973,2024,SCHOOL_VOC
P032974,2024,SCHOOL_VOC
P032977,2024,SCHOOL_VOC
P032979,2024,HIGHER_ED
P032980,2024,HIGHER_ED
P032981,2024,SCHOOL_VOC
P032983,2024,SCHOOL_VOC
P032986,2024,SCHOOL_VOC
P032987,2024,SCHOOL_VOC
P032989,2024,HIGHER_ED
P032992,2024,SCHOOL_VOC
P032994,2024,SCHOOL_VOC
P033001,2024,HIGHER_ED
P033002,2024,SCHOOL_VOC
P033006,2024,HIGHER_ED
P033009,2024,SCHOOL_VOC
P033011,2024,HIGHER_ED
P033014,2024,HIGHER_ED
P033015,2024,HIGHER_ED
P033016,2024,SCHOOL_VOC
P033018,2024,LOW_NONE
P033019,2024,LOW_NONE
P033029,2024,SCHOOL_VOC
P033036,2024,HIGHER_ED
P033038,2024,HIGHER_ED
P033040,2024,HIGHER_ED
P033041,2024,SCHOOL_VOC
P033042,2024,LOW_NONE
P033045,2024,SCHOOL_VOC
P033046,2024,SCHOOL_VOC
P033047,2024,HIGHER_ED
P033048,2024,SCHOOL_VOC
P033053,2024,SCHOOL_VOC
P033057,2024,SCHOOL_VOC
P033062,2024,SCHOOL_VOC
P033063,2024,SCHOOL_VOC
P033070,2024,HIGHER_ED
P033074,2024,SCHOOL_VOC
P033078,2024,SCHOOL_VOC
P033080,2024,SCHOOL_VOC
P033082,2024,SCHOOL_VOC
P033086,2024,LOW_NONE
P033088,2024,HIGHER_ED
P033097,2024,SCHOOL_VOC
P033098,2024,HIGHER_ED
P033100,2024,SCHOOL_VOC
P033105,2024,HIGHER_ED
P033107,2024,HIGHER_ED
P033109,2024,HIGHER_ED
P033110,2024,SCHOOL_VOC
P033111,2024,SCHOOL_VOC
P033112,2024,SCHOOL_VOC
P033113,2024,HIGHER_ED
P033114,2024,
P033115,2024,HIGHER_ED
P033116,2024,SCHOOL_VOC
P033117,2024,SCHOOL_VOC
P033123,2024,HIGHER_ED
P033125,2024,HIGHER_ED
P033126,2024,LOW_NONE
P033127,2024,SCHOOL_VOC
P033128,2024,SCHOOL_VOC
P033129,2024,SCHOOL_VOC
P033137,2024,HIGHER_ED
P033142,2024,SCHOOL_VOC
P033143,2024,HIGHER_ED
P033144,2024,SCHOOL_VOC
P033151,2024,SCHOOL_VOC
P033154,2024,HIGHER_ED
P033157,2024,HIGHER_ED
P033160,2024,SCHOOL_VOC
P033162,2024,SCHOOL_VOC
P033164,2024,SCHOOL_VOC
P033165,2024,HIGHER_ED
P033166,2024,HIGHER_ED
P033167,2024,SCHOOL_VOC
P033176,2024,SCHOOL_VOC
P033177,2024,HIGHER_ED
P033181,2024,SCHOOL_VOC
P033187,2024,SCHOOL_VOC
P033188,2024,SCHOOL_VOC
P033190,2024,SCHOOL_VOC
P033192,2024,HIGHER_ED
P033195,2024,SCHOOL_VOC
P033198,2024,SCHOOL_VOC
P033203,2024,SCHOOL_VOC
P033204,2024,LOW_NONE
P033211,2024,SCHOOL_VOC
P033215,2024,HIGHER_ED
P033221,2024,UNMAPPED_GROUP
P033226,2024,HIGHER_ED
P033227,2024,SCHOOL_VOC
P033228,2024,SCHOOL_VOC
P033233,2024,
P033235,2024,HIGHER_ED
P033238,2024,HIGHER_ED
P033240,2024,HIGHER_ED
P033241,2024,SCHOOL_VOC
P033242,2024,SCHOOL_VOC
P033244,2024,HIGHER_ED
P033249,2024,LOW_NONE
P033251,2024,HIGHER_ED
P033253,2024,HIGHER_ED
P033254,2024,LOW_NONE
P033255,2024,SCHOOL_VOC
P033257,2024,HIGHER_ED
P033258,2024,
P033259,2024,SCHOOL_VOC
P033261,2024,SCHOOL_VOC
P033264,2024,SCHOOL_VOC
P033267,2024,SCHOOL_VOC
P033270,2024,SCHOOL_VOC
P033271,2024,HIGHER_ED
P033274,2024,SCHOOL_VOC
P033278,2024,SCHOOL_VOC
P033281,2024,SCHOOL_VOC
P033282,2024,SCHOOL_VOC
P033285,2024,SCHOOL_VOC
P033292,2024,HIGHER_ED
P033294,2024,HIGHER_ED
P033295,2024,HIGHER_ED
P033297,2024,UNMAPPED_GROUP
P033298,2024,SCHOOL_VOC
P033302,2024,SCHOOL_VOC
P033303,2024,HIGHER_ED
P033305,2024,SCHOOL_VOC
P033310,2024,SCHOOL_VOC
P033311,2024,SCHOOL_VOC
P033312,2024,SCHOOL_VOC
P033314,2024,SCHOOL_VOC
P033316,2024,SCHOOL_VOC
P033321,2024,SCHOOL_VOC
P033334,2024,LOW_NONE
,2024,SCHOOL_VOC
P033339,2024,SCHOOL_VOC
P033341,2024,SCHOOL_VOC
P033342,2024,HIGHER_ED
P033343,2024,HIGHER_ED
P033349,2024,LOW_NONE
P033351,2024,HIGHER_ED
P033352,2024,HIGHER_ED
P033353,2024,HIGHER_ED
P033354,2024,HIGHER_ED
P033363,2024,SCHOOL_VOC
P033364,2024,HIGHER_ED
P033368,2024,SCHOOL_VOC
P033369,2024,SCHOOL_VOC
P033374,2024,LOW_NONE
P033376,2024,HIGHER_ED
P033380,2024,HIGHER_ED
P033385,2024,SCHOOL_VOC
P033386,2024,SCHOOL_VOC
P033390,2024,SCHOOL_VOC
P033397,2024,SCHOOL_VOC
P033401,2024,HIGHER_ED
P033403,2024,SCHOOL_VOC
P033405,2024,LOW_NONE
P033410,2024,HIGHER_ED
P033411,2024,HIGHER_ED
P033412,2024,SCHOOL_VOC
P033416,2024,HIGHER_ED
P033417,2024,SCHOOL_VOC
P033418,2024,SCHOOL_VOC
P033421,2024,HIGHER_ED
P033422,2024,HIGHER_ED
P033423,2024,SCHOOL_VOC
P033427,2024,HIGHER_ED
P033430,2024,HIGHER_ED
P033435,2024,HIGHER_ED
P033436,2024,HIGHER_ED
P033437,2024,HIGHER_ED
P033441,2024,SCHOOL_VOC
P033444,2024,SCHOOL_VOC
P033446,2024,SCHOOL_VOC
P033447,2024,SCHOOL_VOC
P033448,2024,HIGHER_ED
P033449,2024,SCHOOL_VOC
P033456,2024,SCHOOL_VOC
P033458,2024,SCHOOL_VOC
P033459,2024,SCHOOL_VOC
P033461,2024,SCHOOL_VOC
P033466,2024,HIGHER_ED
P033473,2024,SCHOOL_VOC
P033474,2024,LOW_NONE
P033475,2024,SCHOOL_VOC
P033477,2024,SCHOOL_VOC
P033480,2024,SCHOOL_VOC
P033481,2024,SCHOOL_VOC
P033490,2024,SCHOOL_VOC
P033493,2024,SCHOOL_VOC
P033494,2024,SCHOOL_VOC
P033495,2023,SCHOOL_VOC
P033496,2024,HIGHER_ED
P033498,2024,LOW_NONE
P033500,2024,HIGHER_ED
P033508,2024,SCHOOL_VOC
P033512,2024,SCHOOL_VOC
P033513,2024,SCHOOL_VOC
P033517,2024,SCHOOL_VOC
P033519,2024,LOW_NONE
P033523,2024,SCHOOL_VOC
P033524,2024,HIGHER_ED
P033527,2024,SCHOOL_VOC
P033528,2024,SCHOOL_VOC
P033532,2024,SCHOOL_VOC
P033535,2024,HIGHER_ED
P033539,2024,HIGHER_ED
P033540,2024,SCHOOL_VOC
P033542,2024,SCHOOL_VOC
P033544,2024,SCHOOL_VOC
P033546,2024,SCHOOL_VOC
P033550,2024,HIGHER_ED
P033552,2024,SCHOOL_VOC
P033553,2024,HIGHER_ED
P033563,2024,SCHOOL_VOC
P033567,2024,SCHOOL_VOC
P033571,2024,SCHOOL_VOC
P033575,2024,SCHOOL_VOC
P033576,2024,HIGHER_ED
P033577,2024,SCHOOL_VOC
P033578,2024,HIGHER_ED
P033579,2024,SCHOOL_VOC
P033581,2024,LOW_NONE
P033586,2024,SCHOOL_VOC
P033588,2024,SCHOOL_VOC
P033592,2024,HIGHER_ED
P033593,2024,LOW_NONE
P033597,2024,HIGHER_ED
P033600,2024,HIGHER_ED
P033604,2024,SCHOOL_VOC
P033605,2024,HIGHER_ED
P033611,2024,SCHOOL_VOC
P033612,2024,SCHOOL_VOC
P033613,2024,LOW_NONE
P033614,2024,HIGHER_ED
P033615,2024,SCHOOL_VOC
P033618,2024,SCHOOL_VOC
P033620,2024,SCHOOL_VOC
P033621,2024,HIGHER_ED
P033625,2024,SCHOOL_VOC
P033628,2024,SCHOOL_VOC
P033630,2024,SCHOOL_VOC
P033632,2024,SCHOOL_VOC
P033633,2024,HIGHER_ED
P033636,2024,HIGHER_ED
P033639,2024,SCHOOL_VOC
P033640,2024,SCHOOL_VOC
P033645,2024,LOW_NONE
P033648,2024,HIGHER_ED
P033649,2024,SCHOOL_VOC
P033652,2024,LOW_NONE
P033661,2024,HIGHER_ED
P033665,2024,SCHOOL_VOC
P033667,2024,SCHOOL_VOC
P033668,2024,SCHOOL_VOC
P033681,2024,LOW_NONE
P033686,2024,SCHOOL_VOC
P033687,2024,LOW_NONE
P033688,2024,SCHOOL_VOC
P033692,2024,LOW_NONE
P033699,2024,LOW_NONE
P033700,2024,SCHOOL_VOC
P033702,2024,HIGHER_ED
P033705,2024,SCHOOL_VOC
P033710,2024,LOW_NONE
P033713,2024,HIGHER_ED
P033714,2024,SCHOOL_VOC
P033715,2024,HIGHER_ED
P033717,2024,HIGHER_ED
P033722,2024,SCHOOL_VOC
P033727,2024,SCHOOL_VOC
P033729,2024,HIGHER_ED
P033731,2024,SCHOOL_VOC
P033732,2024,HIGHER_ED
P033733,2024,LOW_NONE
P033735,2024,SCHOOL_VOC
P033736,2024,HIGHER_ED
P033737,2024,SCHOOL_VOC
P033739,2024,SCHOOL_VOC
P033740,2024,SCHOOL_VOC
P033741,2024,SCHOOL_VOC
P033742,2024,SCHOOL_VOC
P033745,2024,SCHOOL_VOC
P033746,2024,SCHOOL_VOC
P033747,2024,SCHOOL_VOC
P033748,2024,SCHOOL_VOC
P033750,2024,HIGHER_ED
P033751,2024,SCHOOL_VOC
P033754,2024,SCHOOL_VOC
P033755,2024,HIGHER_ED
P033758,2024,SCHOOL_VOC
P033762,2024,SCHOOL_VOC
P033765,2024,HIGHER_ED
P033767,2024,SCHOOL_VOC
P033772,2024,SCHOOL_VOC
P033773,2024,HIGHER_ED
P033776,2024,HIGHER_ED
P033778,2024,SCHOOL_VOC
P033780,2024,SCHOOL_VOC
P033783,2024,SCHOOL_VOC
P033786,2024,SCHOOL_VOC
P033788,2024,HIGHER_ED
P033790,2024,LOW_NONE
P033793,2024,HIGHER_ED
P033795,2024,SCHOOL_VOC
P033797,2024,HIGHER_ED
P033799,2024,HIGHER_ED
P033800,2024,HIGHER_ED
P033802,2024,SCHOOL_VOC
P033804,2024,LOW_NONE
P033805,2024,SCHOOL_VOC
P033815,2024,SCHOOL_VOC
P033816,2024,LOW_NONE
P033820,2024,SCHOOL_VOC
P033826,2024,SCHOOL_VOC
P033830,2024,SCHOOL_VOC
P033832,2024,LOW_NONE
P033835,2024,SCHOOL_VOC
P033836,2024,HIGHER_ED
P033838,2024,HIGHER_ED
P033839,2024,SCHOOL_VOC
P033842,2024,HIGHER_ED
P033845,2024,SCHOOL_VOC
P033847,2024,HIGHER_ED
P033848,2024,SCHOOL_VOC
P033849,2024,SCHOOL_VOC
P033852,2024,SCHOOL_VOC
P033853,2024,SCHOOL_VOC
P033855,2024,SCHOOL_VOC
P033859,2024,SCHOOL_VOC
P033862,2024,SCHOOL_VOC
P033863,2024,SCHOOL_VOC
P033864,2024,SCHOOL_VOC
P033865,2024,SCHOOL_VOC
P033868,2024,HIGHER_ED
P033873,2024,SCHOOL_VOC
P033876,2024,SCHOOL_VOC
P033877,2024,HIGHER_ED
P033878,2024,SCHOOL_VOC
P033880,2024,SCHOOL_VOC
P033883,2024,HIGHER_ED
P033892,2024,SCHOOL_VOC
P033895,2024,SCHOOL_VOC
P033897,2024,HIGHER_ED
P033899,2024,SCHOOL_VOC
P033900,2024,LOW_NONE
P033903,2024,SCHOOL_VOC
P033906,2024,UNMAPPED_GROUP
P033911,2024,SCHOOL_VOC
P033916,2024,HIGHER_ED
P033917,2024,SCHOOL_VOC
P033919,2024,SCHOOL_VOC
P033920,2024,SCHOOL_VOC
P033921,2024,SCHOOL_VOC
P033924,2024,HIGHER_ED
P033925,2024,HIGHER_ED
P033927,2024,SCHOOL_VOC
P033928,2024,HIGHER_ED
P033929,2024,SCHOOL_VOC
P033932,2024,SCHOOL_VOC
P033934,2024,SCHOOL_VOC
P033935,2024,HIGHER_ED
P033938,2024,SCHOOL_VOC
P033939,2024,SCHOOL_VOC
P033945,2024,SCHOOL_VOC
P033946,2024,SCHOOL_VOC
P033947,2024,SCHOOL_VOC
P033949,2024,HIGHER_ED
P033950,2024,HIGHER_ED
P033951,2024,SCHOOL_VOC
P033953,2024,SCHOOL_VOC
P033954,2024,HIGHER_ED
P033955,2024,HIGHER_ED
P033956,2024,HIGHER_ED
P033958,2024,SCHOOL_VOC
P033965,2024,SCHOOL_VOC
P033969,2024,SCHOOL_VOC
P033970,2024,SCHOOL_VOC
P033973,2024,HIGHER_ED
P033977,2024,HIGHER_ED
P033978,2024,HIGHER_ED
P033979,2024,SCHOOL_VOC
P033982,2024,HIGHER_ED
P033986,2024,SCHOOL_VOC
P033989,2024,HIGHER_ED
P033991,2024,SCHOOL_VOC
P033993,2024,SCHOOL_VOC
P033997,2024,
P033999,2024,HIGHER_ED
P034000,2024,SCHOOL_VOC
P034005,2024,HIGHER_ED
P034006,2024,HIGHER_ED
P034007,2024,SCHOOL_VOC
P034010,2024,SCHOOL_VOC
P034011,2024,SCHOOL_VOC
P034012,2024,LOW_NONE
P034014,2024,SCHOOL_VOC
P034019,2024,LOW_NONE
P034020,2024,SCHOOL_VOC
P034028,2024,SCHOOL_VOC
P034030,2024,HIGHER_ED
P034032,2024,HIGHER_ED
P034033,2024,HIGHER_ED
P034036,2024,HIGHER_ED
P034037,2024,HIGHER_ED
P034039,2024,HIGHER_ED
P034040,2024,SCHOOL_VOC
P034041,2024,HIGHER_ED
P034045,2024,SCHOOL_VOC
P034049,2024,HIGHER_ED
P034053,2024,SCHOOL_VOC
P034054,2024,LOW_NONE
P034060,2024,HIGHER_ED
P034061,2024,HIGHER_ED
P034067,2024,SCHOOL_VOC
P034070,2024,SCHOOL_VOC
P034075,2024,SCHOOL_VOC
P034076,2024,HIGHER_ED
P034080,2024,HIGHER_ED
P034082,2024,LOW_NONE
P034084,2024,SCHOOL_VOC
P034086,2024,SCHOOL_VOC
P034087,2024,HIGHER_ED
P034092,2024,HIGHER_ED
P034095,2024,SCHOOL_VOC
P034102,2024,SCHOOL_VOC
P034106,2024,SCHOOL_VOC
P034107,2024,HIGHER_ED
P034108,2024,SCHOOL_VOC
P034109,2024,SCHOOL_VOC
P034112,2024,SCHOOL_VOC
P034116,2024,SCHOOL_VOC
P034117,2024,SCHOOL_VOC
P034118,2024,SCHOOL_VOC
P034119,2024,HIGHER_ED
P034122,2024,HIGHER_ED
P034128,2024,SCHOOL_VOC
P034129,2024,HIGHER_ED
P034131,2024,SCHOOL_VOC
P034132,2024,SCHOOL_VOC
P034134,2024,SCHOOL_VOC
P034135,2024,SCHOOL_VOC
P034138,2024,SCHOOL_VOC
P034140,2024,HIGHER_ED
P034142,2024,SCHOOL_VOC
P034148,2024,SCHOOL_VOC
P034149,2024,SCHOOL_VOC
P034151,2024,SCHOOL_VOC
P034156,2024,SCHOOL_VOC
P034157,2024,SCHOOL_VOC
P034159,2024,SCHOOL_VOC
P034160,2024,HIGHER_ED
P034161,2024,SCHOOL_VOC
P034165,2024,HIGHER_ED
P034168,2024,SCHOOL_VOC
P034169,2024,SCHOOL_VOC
P034171,2024,LOW_NONE
P034172,2024,SCHOOL_VOC
P034174,2024,SCHOOL_VOC
P034175,2024,LOW_NONE
P034185,2024,SCHOOL_VOC
P034186,2024,HIGHER_ED
P034189,2024,HIGHER_ED
P034200,2024,SCHOOL_VOC
P034202,2024,SCHOOL_VOC
P034204,2024,SCHOOL_VOC
P034205,2024,SCHOOL_VOC
P034206,2024,SCHOOL_VOC
P034207,2024,SCHOOL_VOC
P034208,2024,SCHOOL_VOC
P034209,2024,SCHOOL_VOC
P034212,2024,SCHOOL_VOC
P034214,2024,SCHOOL_VOC
P034217,2024,HIGHER_ED
P034219,2024,SCHOOL_VOC
P034221,2024,SCHOOL_VOC
P034228,2024,SCHOOL_VOC
P034230,2024,HIGHER_ED
P034231,2024,HIGHER_ED
P034232,2024,SCHOOL_VOC
P034233,2024,SCHOOL_VOC
P034235,2024,SCHOOL_VOC
P034236,2024,HIGHER_ED
P034240,2024,SCHOOL_VOC
P034241,2024,SCHOOL_VOC
P034242,2024,LOW_NONE
P034244,2024,HIGHER_ED
P034246,2024,SCHOOL_VOC
P034247,2024,HIGHER_ED
P034249,2024,HIGHER_ED
P034253,2024,SCHOOL_VOC
P034255,2024,SCHOOL_VOC
P034258,2024,SCHOOL_VOC
P034260,2024,SCHOOL_VOC
P034261,2024,HIGHER_ED
P034262,2024,SCHOOL_VOC
P034266,2024,SCHOOL_VOC
P034267,2024,SCHOOL_VOC
P034269,2024,SCHOOL_VOC
P034272,2024,HIGHER_ED
P034273,2024,SCHOOL_VOC
P034278,2024,SCHOOL_VOC
P034281,2024,HIGHER_ED
P034284,2024,SCHOOL_VOC
P034285,2024,SCHOOL_VOC
P034290,2024,SCHOOL_VOC
P034291,2024,SCHOOL_VOC
P034295,2024,SCHOOL_VOC
P034296,2024,SCHOOL_VOC
P034297,2024,HIGHER_ED
P034300,2024,SCHOOL_VOC
P034303,2024,SCHOOL_VOC
P034307,2024,SCHOOL_VOC
P034309,2024,HIGHER_ED
P034311,2024,HIGHER_ED
P034314,2024,HIGHER_ED
P034321,2024,SCHOOL_VOC
P034322,2024,SCHOOL_VOC
P034324,2024,HIGHER_ED
P034325,2024,SCHOOL_VOC
P034328,2024,HIGHER_ED
P034329,2024,HIGHER_ED
P034331,2024,HIGHER_ED
P034333,2024,LOW_NONE
P034337,2024,SCHOOL_VOC
P034339,2024,SCHOOL_VOC
P034347,2024,SCHOOL_VOC
P034352,2024,SCHOOL_VOC
P034353,2024,SCHOOL_VOC
P034357,2024,SCHOOL_VOC
P034360,2024,SCHOOL_VOC
P034364,2024,SCHOOL_VOC
P034366,2024,SCHOOL_VOC
P034372,2024,LOW_NONE
P034374,2024,SCHOOL_VOC
P034375,2024,HIGHER_ED
P034378,2024,SCHOOL_VOC
P034381,2024,SCHOOL_VOC
P034384,2024,SCHOOL_VOC
P034389,2024,SCHOOL_VOC
P034392,2024,LOW_NONE
P034395,2024,HIGHER_ED
P034397,2024,SCHOOL_VOC
P034402,2024,HIGHER_ED
P034403,2024,
P034409,2024,SCHOOL_VOC
P034411,2024,HIGHER_ED
P034412,2024,SCHOOL_VOC
P034413,2024,SCHOOL_VOC
P034414,2024,SCHOOL_VOC
P034415,2024,SCHOOL_VOC
P034416,2024,HIGHER_ED
P034417,2024,HIGHER_ED
P034418,2024,SCHOOL_VOC
P034419,2024,SCHOOL_VOC
P034420,2024,HIGHER_ED
P034421,2024,SCHOOL_VOC
P034422,2024,SCHOOL_VOC
P034425,2024,SCHOOL_VOC
P034426,2024,SCHOOL_VOC
P034427,2024,SCHOOL_VOC
P034428,2024,SCHOOL_VOC
P034432,2024,HIGHER_ED
P034434,2024,LOW_NONE
P034440,2024,HIGHER_ED
P034441,2024,SCHOOL_VOC
P034442,2024,SCHOOL_VOC
P034446,2024,SCHOOL_VOC
P034450,2024,SCHOOL_VOC
P034452,2024,HIGHER_ED
P034454,2024,HIGHER_ED
P034455,2024,SCHOOL_VOC
P034456,2024,HIGHER_ED
P034459,2024,SCHOOL_VOC
P034461,2024,HIGHER_ED
P034465,2024,SCHOOL_VOC
P034466,2024,SCHOOL_VOC
P034475,2024,LOW_NONE
P034476,2024,HIGHER_ED
P034482,2024,SCHOOL_VOC
P034485,2024,SCHOOL_VOC
P034486,2024,LOW_NONE
P034487,2024,HIGHER_ED
P034488,2024,HIGHER_ED
P034489,2024,HIGHER_ED
P034495,2024,HIGHER_ED
P034496,2024,HIGHER_ED
P034497,2024,SCHOOL_VOC
P034498,2024,HIGHER_ED
P034500,2024,LOW_NONE
P034505,2024,SCHOOL_VOC
P034506,2024,LOW_NONE
P034510,2024,HIGHER_ED
P034511,2024,SCHOOL_VOC
P034513,2024,HIGHER_ED
P034514,2024,HIGHER_ED
P034518,2024,LOW_NONE
P034521,2024,SCHOOL_VOC
P034527,2024,SCHOOL_VOC
P034530,2024,SCHOOL_VOC
P034531,2024,HIGHER_ED
P034534,2024,HIGHER_ED
P034539,2024,SCHOOL_VOC
P034541,2024,SCHOOL_VOC
P034548,2024,SCHOOL_VOC
P034553,2024,HIGHER_ED
P034555,2024,SCHOOL_VOC
P034556,2024,SCHOOL_VOC
P034559,2024,SCHOOL_VOC
P034561,2024,SCHOOL_VOC
P034563,2024,HIGHER_ED
P034565,2024,HIGHER_ED
P034566,2024,
P034567,2024,HIGHER_ED
P034569,2024,SCHOOL_VOC
P034572,2024,HIGHER_ED
P034573,2024,SCHOOL_VOC
P034574,2024,SCHOOL_VOC
P034576,2024,HIGHER_ED
P034578,2024,HIGHER_ED
P034579,2024,HIGHER_ED
P034581,2024,HIGHER_ED
P034582,2024,HIGHER_ED
P034588,2024,HIGHER_ED
P034589,2024,SCHOOL_VOC
P034591,2024,HIGHER_ED
P034592,2024,SCHOOL_VOC
P034595,2024,HIGHER_ED
P034600,2024,SCHOOL_VOC
P034603,2024,SCHOOL_VOC
P034605,2024,SCHOOL_VOC
P034608,2024,
P034610,2024,HIGHER_ED
P034614,2024,HIGHER_ED
P034615,2024,SCHOOL_VOC
P034618,2024,SCHOOL_VOC
P034620,2024,HIGHER_ED
P034623,2024,LOW_NONE
P034626,2024,SCHOOL_VOC
P034627,2024,HIGHER_ED
P034629,2024,SCHOOL_VOC
P034631,2024,SCHOOL_VOC
P034633,2024,SCHOOL_VOC
P034638,2024,SCHOOL_VOC
P034639,2024,SCHOOL_VOC
P034646,2024,SCHOOL_VOC
P034647,2024,SCHOOL_VOC
P034649,2024,SCHOOL_VOC
P034650,2024,HIGHER_ED
P034651,2024,LOW_NONE
P034657,2024,SCHOOL_VOC
P034660,2024,SCHOOL_VOC
P034661,2024,LOW_NONE
P034666,2024,SCHOOL_VOC
P034668,2024,SCHOOL_VOC
P034670,2024,SCHOOL_VOC
P034676,2024,SCHOOL_VOC
P034679,2024,SCHOOL_VOC
P034683,2024,HIGHER_ED
P034685,2024,HIGHER_ED
P034686,2024,SCHOOL_VOC
P034688,2024,HIGHER_ED
P034689,2024,LOW_NONE
P034690,2024,HIGHER_ED
P034691,2024,HIGHER_ED
P034696,2024,HIGHER_ED
P034697,2024,SCHOOL_VOC
P034699,2024,HIGHER_ED
P034702,2024,SCHOOL_VOC
P034704,2024,SCHOOL_VOC
P034706,2024,HIGHER_ED
P034707,2024,HIGHER_ED
P034710,2024,SCHOOL_VOC
P034711,2024,HIGHER_ED
P034716,2024,SCHOOL_VOC
P034717,2024,SCHOOL_VOC
P034720,2024,HIGHER_ED
P034723,2024,SCHOOL_VOC
P034727,2024,SCHOOL_VOC
P034728,2024,SCHOOL_VOC
P034730,2024,SCHOOL_VOC
P034731,2024,HIGHER_ED
P034734,2024,SCHOOL_VOC
P034736,2024,HIGHER_ED
P034738,2024,SCHOOL_VOC
P034741,2024,SCHOOL_VOC
P034743,2024,SCHOOL_VOC
P034744,2024,SCHOOL_VOC
P034747,2024,HIGHER_ED
P034748,2024,SCHOOL_VOC
P034750,2024,SCHOOL_VOC
P034752,2024,SCHOOL_VOC
P034753,2024,SCHOOL_VOC
P034755,2024,HIGHER_ED
P034761,2024,SCHOOL_VOC
P034762,2024,LOW_NONE
P034765,2024,SCHOOL_VOC
P034768,2024,SCHOOL_VOC
P034776,2024,HIGHER_ED
P034777,2024,LOW_NONE
P034778,2024,HIGHER_ED
P034784,2024,SCHOOL_VOC
P034786,2024,HIGHER_ED
P034789,2024,SCHOOL_VOC
P034790,2024,SCHOOL_VOC
P034791,2024,HIGHER_ED
P034795,2024,HIGHER_ED
P034797,2024,SCHOOL_VOC
P034798,2024,SCHOOL_VOC
P034800,2024,HIGHER_ED
P034804,2024,SCHOOL_VOC
P034805,2024,SCHOOL_VOC
P034813,2024,SCHOOL_VOC
P034822,2024,HIGHER_ED
P034823,2024,SCHOOL_VOC
P034827,2024,SCHOOL_VOC
P034829,2024,SCHOOL_VOC
P034830,2024,HIGHER_ED
P034832,2024,SCHOOL_VOC
P034837,2024,SCHOOL_VOC
P034838,2024,SCHOOL_VOC
P034840,2024,SCHOOL_VOC
P034841,2024,HIGHER_ED
P034842,2024,SCHOOL_VOC
P034846,2024,SCHOOL_VOC
P034850,2024,SCHOOL_VOC
P034860,2024,SCHOOL_VOC
P034863,2024,
P034864,2024,SCHOOL_VOC
P034868,2024,SCHOOL_VOC
P034871,2024,SCHOOL_VOC
P034875,2024,HIGHER_ED
P034876,2024,LOW_NONE
P034881,2024,SCHOOL_VOC
P034884,2024,SCHOOL_VOC
P034886,2024,LOW_NONE
P034888,2024,SCHOOL_VOC
P034892,2024,SCHOOL_VOC
P034894,2024,HIGHER_ED
P034895,2024,SCHOOL_VOC
P034896,2024,SCHOOL_VOC
P034898,2024,SCHOOL_VOC
P034902,2024,SCHOOL_VOC
P034903,2024,LOW_NONE
P034906,2024,SCHOOL_VOC
P034907,2024,SCHOOL_VOC
P034908,2024,HIGHER_ED
P034909,2024,HIGHER_ED
P034911,2024,HIGHER_ED
P034912,2024,HIGHER_ED
P034914,2024,SCHOOL_VOC
P034916,2024,HIGHER_ED
P034920,2024,HIGHER_ED
P034922,2024,SCHOOL_VOC
P034923,2024,HIGHER_ED
P034927,2024,SCHOOL_VOC
P034930,2024,SCHOOL_VOC
P034932,2024,HIGHER_ED
P034939,2024,HIGHER_ED
P034941,2024,SCHOOL_VOC
P034943,2024,SCHOOL_VOC
P034944,2024,SCHOOL_VOC
P034953,2024,HIGHER_ED
P034954,2024,HIGHER_ED
P034955,2024,LOW_NONE
P034957,2024,SCHOOL_VOC
P034958,2024,LOW_NONE
P034962,2024,SCHOOL_VOC
P034964,2024,SCHOOL_VOC
P034967,2024,SCHOOL_VOC
P034972,2024,SCHOOL_VOC
P034974,2024,SCHOOL_VOC
P034977,2024,SCHOOL_VOC
P034980,2024,SCHOOL_VOC
P034984,2024,SCHOOL_VOC
P034988,2024,HIGHER_ED
P034991,2024,SCHOOL_VOC
P034993,2024,SCHOOL_VOC
P034999,2024,SCHOOL_VOC
P035001,2024,HIGHER_ED
P035004,2024,SCHOOL_VOC
P035005,2024,LOW_NONE
P035006,2024,SCHOOL_VOC
P035008,2024,SCHOOL_VOC
P035010,2024,HIGHER_ED
P035011,2024,SCHOOL_VOC
P035018,2024,HIGHER_ED
P035024,2024,HIGHER_ED
P035026,2024,SCHOOL_VOC
P035035,2024,SCHOOL_VOC
P035036,2024,HIGHER_ED
P035037,2024,LOW_NONE
P035040,2024,SCHOOL_VOC
P035042,2024,HIGHER_ED
P035044,2024,SCHOOL_VOC
P035045,2024,SCHOOL_VOC
P035047,2024,LOW_NONE
P035056,2024,SCHOOL_VOC
P035057,2024,SCHOOL_VOC
P035067,2024,SCHOOL_VOC
P035069,2024,SCHOOL_VOC
P035071,2024,SCHOOL_VOC
P035072,2024,LOW_NONE
P035074,2024,SCHOOL_VOC
P035081,2024,SCHOOL_VOC
P035082,2024,HIGHER_ED
P035083,2024,HIGHER_ED
P035086,2024,SCHOOL_VOC
P035088,2024,HIGHER_ED
P035090,2024,HIGHER_ED
P035093,2024,HIGHER_ED
P035095,2024,SCHOOL_VOC
P035098,2024,SCHOOL_VOC
P035099,2024,
P035103,2024,SCHOOL_VOC
P035106,2024,SCHOOL_VOC
P035113,2024,SCHOOL_VOC
P035116,2024,SCHOOL_VOC
P035121,2024,SCHOOL_VOC
P035123,2024,HIGHER_ED
P035124,2024,SCHOOL_VOC
P035127,2024,SCHOOL_VOC
P035130,2024,LOW_NONE
P035134,2024,SCHOOL_VOC
P035135,2024,SCHOOL_VOC
P035136,2024,SCHOOL_VOC
P035138,2024,SCHOOL_VOC
P035139,2024,SCHOOL_VOC
P035141,2024,SCHOOL_VOC
P035146,2024,SCHOOL_VOC
P035149,2024,SCHOOL_VOC
P035150,2024,SCHOOL_VOC
P035154,2024,SCHOOL_VOC
P035156,2024,LOW_NONE
P035158,2024,SCHOOL_VOC
P035161,2024,HIGHER_ED
P035162,2024,HIGHER_ED
P035163,2024,SCHOOL_VOC
P035164,2024,LOW_NONE
P035167,2024,SCHOOL_VOC
P035168,2024,SCHOOL_VOC
P035169,2024,HIGHER_ED
P035173,2024,SCHOOL_VOC
P035177,2024,HIGHER_ED
P035179,2024,SCHOOL_VOC
P035185,2024,SCHOOL_VOC
P035186,2024,HIGHER_ED
P035188,2024,SCHOOL_VOC
P035189,2023,HIGHER_ED
P035191,2024,SCHOOL_VOC
P035195,2024,SCHOOL_VOC
P035197,2024,SCHOOL_VOC
P035198,2024,HIGHER_ED
P035199,2024,SCHOOL_VOC
P035201,2024,LOW_NONE
P035208,2024,SCHOOL_VOC
P035211,2024,SCHOOL_VOC
P035215,2024,SCHOOL_VOC
P035217,2024,SCHOOL_VOC
P035219,2024,SCHOOL_VOC
P035221,2024,SCHOOL_VOC
P035225,2024,SCHOOL_VOC
P035226,2024,HIGHER_ED
P035227,2024,HIGHER_ED
P035236,2024,SCHOOL_VOC
P035238,2024,SCHOOL_VOC
P035241,2024,HIGHER_ED
P035243,2024,LOW_NONE
P035244,2024,HIGHER_ED
P035245,2024,SCHOOL_VOC
P035246,2024,HIGHER_ED
P035247,2024,SCHOOL_VOC
P035248,2024,SCHOOL_VOC
P035251,2024,SCHOOL_VOC
P035254,2024,SCHOOL_VOC
P035255,2024,SCHOOL_VOC
P035256,2024,SCHOOL_VOC
P035257,2024,SCHOOL_VOC
P035260,2024,SCHOOL_VOC
P035266,2024,SCHOOL_VOC
P035268,2024,SCHOOL_VOC
P035270,2024,SCHOOL_VOC
P035273,2024,SCHOOL_VOC
P035274,2024,SCHOOL_VOC
P035275,2024,SCHOOL_VOC
P035277,2024,HIGHER_ED
P035278,2024,HIGHER_ED
P035279,2024,SCHOOL_VOC
P035281,2024,SCHOOL_VOC
P035282,2024,SCHOOL_VOC
P035283,2024,SCHOOL_VOC
P035284,2024,SCHOOL_VOC
P035287,2024,SCHOOL_VOC
P035288,2024,HIGHER_ED
P035289,2024,SCHOOL_VOC
P035291,2024,SCHOOL_VOC
P035292,2024,HIGHER_ED
P035293,2024,
P035295,2024,SCHOOL_VOC
P035296,2024,SCHOOL_VOC
P035297,2024,SCHOOL_VOC
P035298,2024,SCHOOL_VOC
P035300,2024,LOW_NONE
P035302,2024,SCHOOL_VOC
P035303,2024,SCHOOL_VOC
P035304,2024,HIGHER_ED
P035308,2024,LOW_NONE
P035311,2024,SCHOOL_VOC
P035314,2024,LOW_NONE
P035315,2024,HIGHER_ED
P035316,2024,HIGHER_ED
P035317,2024,HIGHER_ED
P035320,2024,SCHOOL_VOC
P035324,2024,HIGHER_ED
P035330,2024,HIGHER_ED
P035334,2024,LOW_NONE
P035337,2024,SCHOOL_VOC
P035346,2024,HIGHER_ED
P035350,2024,HIGHER_ED
P035351,2024,SCHOOL_VOC
P035353,2024,SCHOOL_VOC
P035356,2024,SCHOOL_VOC
P035357,2024,HIGHER_ED
P035358,2024,HIGHER_ED
P035359,2024,HIGHER_ED
P035363,2024,HIGHER_ED
P035365,2024,SCHOOL_VOC
P035369,2024,HIGHER_ED
P035373,2024,SCHOOL_VOC
P035375,2024,SCHOOL_VOC
P035379,2024,SCHOOL_VOC
P035380,2024,HIGHER_ED
P035382,2024,LOW_NONE
P035383,2024,SCHOOL_VOC
P035385,2024,SCHOOL_VOC
P035390,2024,SCHOOL_VOC
P035391,2024,SCHOOL_VOC
P035392,2024,HIGHER_ED
P035395,2024,HIGHER_ED
P035397,2024,HIGHER_ED
P035403,2024,SCHOOL_VOC
P035406,2024,SCHOOL_VOC
P035407,2024,SCHOOL_VOC
P035409,2024,SCHOOL_VOC
P035411,2024,HIGHER_ED
P035412,2024,SCHOOL_VOC
P035413,2024,LOW_NONE
P035414,2024,SCHOOL_VOC
P035416,2024,SCHOOL_VOC
P035419,2024,HIGHER_ED
P035428,2024,HIGHER_ED
P035431,2024,SCHOOL_VOC
P035433,2024,SCHOOL_VOC
P035434,2024,SCHOOL_VOC
P035435,2024,SCHOOL_VOC
,2024,SCHOOL_VOC
P035440,2024,SCHOOL_VOC
P035442,2024,HIGHER_ED
P035446,2024,SCHOOL_VOC
P035447,2024,SCHOOL_VOC
P035448,2024,SCHOOL_VOC
P035451,2024,HIGHER_ED
P035455,2024,HIGHER_ED
P035459,2024,HIGHER_ED
P035460,2024,HIGHER_ED
P035467,2024,HIGHER_ED
P035470,2024,HIGHER_ED
P035475,2024,HIGHER_ED
P035477,2024,HIGHER_ED
P035478,2024,SCHOOL_VOC
P035479,2024,LOW_NONE
P035481,2024,SCHOOL_VOC
P035482,2024,SCHOOL_VOC
P035485,2024,SCHOOL_VOC
P035489,2024,SCHOOL_VOC
P035491,2024,LOW_NONE
P035493,2024,HIGHER_ED
P035495,2024,SCHOOL_VOC
P035501,2024,SCHOOL_VOC
P035503,2024,SCHOOL_VOC
P035505,2024,SCHOOL_VOC
P035506,2024,SCHOOL_VOC
P035508,2024,HIGHER_ED
P035515,2024,SCHOOL_VOC
P035516,2024,SCHOOL_VOC
P035518,2024,SCHOOL_VOC
P035522,2024,HIGHER_ED
P035528,2024,SCHOOL_VOC
P035530,2024,SCHOOL_VOC
P035531,2024,SCHOOL_VOC
P035533,2024,HIGHER_ED
P035539,2024,SCHOOL_VOC
P035541,2024,SCHOOL_VOC
P035546,2024,SCHOOL_VOC
P035556,2024,SCHOOL_VOC
P035558,2024,SCHOOL_VOC
P035559,2024,SCHOOL_VOC
P035562,2024,SCHOOL_VOC
P035564,2024,HIGHER_ED
P035567,2024,HIGHER_ED
P035568,2024,SCHOOL_VOC
P035569,2024,HIGHER_ED
P035570,2024,LOW_NONE
P035574,2024,HIGHER_ED
P035575,2024,SCHOOL_VOC
P035576,2024,HIGHER_ED
P035580,2024,SCHOOL_VOC
P035581,2024,LOW_NONE
P035582,2024,SCHOOL_VOC
P035583,2024,SCHOOL_VOC
P035584,2024,LOW_NONE
P035587,2024,HIGHER_ED
P035588,2024,SCHOOL_VOC
P035594,2024,SCHOOL_VOC
P035597,2024,SCHOOL_VOC
P035599,2024,SCHOOL_VOC
P035603,2024,HIGHER_ED
P035604,2024,SCHOOL_VOC
P035605,2024,SCHOOL_VOC
P035607,2024,SCHOOL_VOC
P035608,2024,
P035610,2024,SCHOOL_VOC
P035625,2024,SCHOOL_VOC
P035627,2024,HIGHER_ED
P035634,2024,SCHOOL_VOC
P035635,2024,SCHOOL_VOC
P035645,2024,SCHOOL_VOC
P035646,2024,SCHOOL_VOC
P035647,2024,SCHOOL_VOC
P035649,2024,HIGHER_ED
P035650,2024,HIGHER_ED
P035653,2024,SCHOOL_VOC
P035657,2024,SCHOOL_VOC
P035661,2024,LOW_NONE
P035662,2024,SCHOOL_VOC
P035665,2024,SCHOOL_VOC
P035666,2024,SCHOOL_VOC
P035667,2024,HIGHER_ED
P035668,2024,SCHOOL_VOC
P035669,2024,SCHOOL_VOC
P035670,2024,HIGHER_ED
P035681,2024,SCHOOL_VOC
P035682,2024,SCHOOL_VOC
P035683,2024,LOW_NONE
P035684,2024,SCHOOL_VOC
P035691,2024,SCHOOL_VOC
P035692,2024,SCHOOL_VOC
P035694,2024,SCHOOL_VOC
P035699,2024,SCHOOL_VOC
P035702,2024,SCHOOL_VOC
P035703,2024,HIGHER_ED
P035705,2024,SCHOOL_VOC
P035709,2024,HIGHER_ED
P035712,2024,HIGHER_ED
P035715,2024,SCHOOL_VOC
P035716,2024,SCHOOL_VOC
P035719,2024,SCHOOL_VOC
P035720,2024,SCHOOL_VOC
P035721,2024,HIGHER_ED
P035725,2024,SCHOOL_VOC
P035726,2024,SCHOOL_VOC
P035727,2024,SCHOOL_VOC
P035729,2024,SCHOOL_VOC
P035730,2024,HIGHER_ED
P035732,2024,SCHOOL_VOC
P035734,2024,SCHOOL_VOC
P035735,2024,SCHOOL_VOC
P035736,2024,SCHOOL_VOC
P035737,2024,HIGHER_ED
P035738,2024,
P035744,2024,HIGHER_ED
P035745,2024,SCHOOL_VOC
P035748,2024,HIGHER_ED
P035750,2024,HIGHER_ED
P035753,2024,SCHOOL_VOC
P035755,2024,HIGHER_ED
P035756,2024,HIGHER_ED
P035759,2024,HIGHER_ED
P035760,2024,SCHOOL_VOC
P035763,2024,HIGHER_ED
P035764,2024,SCHOOL_VOC
P035765,2024,SCHOOL_VOC
P035769,2024,SCHOOL_VOC
P035771,2024,SCHOOL_VOC
P035775,2024,SCHOOL_VOC
P035776,2024,SCHOOL_VOC
P035782,2024,SCHOOL_VOC
P035785,2024,HIGHER_ED
P035786,2024,SCHOOL_VOC
P035791,2024,SCHOOL_VOC
P035792,2024,SCHOOL_VOC
P035793,2024,SCHOOL_VOC
P035794,2024,SCHOOL_VOC
P035796,2024,HIGHER_ED
P035799,2024,SCHOOL_VOC
P035800,2024,LOW_NONE
P035802,2024,SCHOOL_VOC
P035804,2024,SCHOOL_VOC
P035810,2024,HIGHER_ED
P035814,2024,SCHOOL_VOC
P035816,2024,SCHOOL_VOC
P035817,2024,SCHOOL_VOC
P035822,2024,HIGHER_ED
P035825,2024,LOW_NONE
P035827,2024,HIGHER_ED
P035828,2024,
P035831,2024,SCHOOL_VOC
P035835,2024,SCHOOL_VOC
P035845,2024,HIGHER_ED
P035847,2024,HIGHER_ED
P035848,2024,HIGHER_ED
P035851,2024,HIGHER_ED
P035854,2024,SCHOOL_VOC
P035855,2024,SCHOOL_VOC
P035857,2024,SCHOOL_VOC
P035865,2024,HIGHER_ED
P035867,2024,HIGHER_ED
P035869,2024,SCHOOL_VOC
P035870,2024,LOW_NONE
P035879,2024,HIGHER_ED
P035886,2024,HIGHER_ED
P035887,2024,SCHOOL_VOC
P035888,2024,HIGHER_ED
P035889,2024,SCHOOL_VOC
P035890,2024,SCHOOL_VOC
P035891,2024,
P035901,2024,HIGHER_ED
P035902,2024,SCHOOL_VOC
P035906,2024,UNMAPPED_GROUP
P035912,2024,SCHOOL_VOC
P035915,2024,HIGHER_ED
P035917,2024,HIGHER_ED
P035919,2024,HIGHER_ED
P035924,2024,SCHOOL_VOC
P035933,2024,SCHOOL_VOC
P035934,2024,SCHOOL_VOC
P035937,2024,HIGHER_ED
P035938,2024,SCHOOL_VOC
P035941,2024,SCHOOL_VOC
P035942,2024,SCHOOL_VOC
P035943,2024,SCHOOL_VOC
P035945,2024,HIGHER_ED
P035949,2024,SCHOOL_VOC
P035950,2024,SCHOOL_VOC
P035951,2024,SCHOOL_VOC
P035952,2024,SCHOOL_VOC
P035955,2024,HIGHER_ED
P035961,2024,HIGHER_ED
P035964,2024,SCHOOL_VOC
P035965,2024,HIGHER_ED
P035973,2024,HIGHER_ED
P035977,2024,SCHOOL_VOC
P035979,2024,HIGHER_ED
P035981,2024,SCHOOL_VOC
P035982,2024,SCHOOL_VOC
P035983,2024,HIGHER_ED
P035987,2024,SCHOOL_VOC
P035988,2024,LOW_NONE
P035994,2024,HIGHER_ED
P035995,2024,HIGHER_ED
P035999,2024,SCHOOL_VOC
P036000,2024,HIGHER_ED
P036002,2024,SCHOOL_VOC
P036003,2024,HIGHER_ED
P036004,2024,SCHOOL_VOC
P036009,2024,SCHOOL_VOC
P036010,2024,UNMAPPED_GROUP
P036011,2024,HIGHER_ED
P036013,2024,SCHOOL_VOC
P036018,2024,HIGHER_ED
P036021,2024,UNMAPPED_GROUP
P036023,2024,SCHOOL_VOC
P036024,2024,SCHOOL_VOC
P036026,2024,SCHOOL_VOC
P036028,2024,SCHOOL_VOC
P036030,2024,HIGHER_ED
P036031,2024,HIGHER_ED
P036036,2024,SCHOOL_VOC
P036037,2024,SCHOOL_VOC
P036039,2024,HIGHER_ED
P036046,2024,HIGHER_ED
P036047,2024,SCHOOL_VOC
P036049,2024,SCHOOL_VOC
P036054,2024,HIGHER_ED
P036055,2024,LOW_NONE
P036058,2024,SCHOOL_VOC
P036059,2024,HIGHER_ED
P036062,2024,SCHOOL_VOC
P036064,2024,SCHOOL_VOC
P036065,2024,HIGHER_ED
P036066,2024,LOW_NONE
P036068,2024,HIGHER_ED
P036072,2024,
P036073,2024,LOW_NONE
P036074,2024,SCHOOL_VOC
P036076,2024,SCHOOL_VOC
P036081,2024,SCHOOL_VOC
P036082,2024,SCHOOL_VOC
P036083,2024,SCHOOL_VOC
P036087,2024,SCHOOL_VOC
P036088,2024,SCHOOL_VOC
P036089,2024,SCHOOL_VOC
P036090,2024,
P036093,2024,HIGHER_ED
P036094,2024,SCHOOL_VOC
P036095,2024,HIGHER_ED
P036101,2024,SCHOOL_VOC
P036102,2024,SCHOOL_VOC
P036103,2024,SCHOOL_VOC
P036105,2024,SCHOOL_VOC
P036113,2024,HIGHER_ED
P036122,2024,SCHOOL_VOC
P036125,2024,HIGHER_ED
P036126,2024,
P036128,2024,SCHOOL_VOC
P036129,2024,SCHOOL_VOC
P036130,2024,SCHOOL_VOC
P036131,2024,HIGHER_ED
P036132,2024,SCHOOL_VOC
P036133,2024,HIGHER_ED
P036136,2024,SCHOOL_VOC
P036138,2024,HIGHER_ED
P036140,2024,SCHOOL_VOC
P036141,2024,HIGHER_ED
P036144,2024,SCHOOL_VOC
P036145,2024,SCHOOL_VOC
P036149,2024,SCHOOL_VOC
P036150,2024,SCHOOL_VOC
P036157,2024,HIGHER_ED
P036166,2024,SCHOOL_VOC
P036171,2024,HIGHER_ED
P036174,2024,SCHOOL_VOC
P036176,2024,SCHOOL_VOC
P036178,2024,SCHOOL_VOC
P036181,2024,SCHOOL_VOC
P036183,2024,HIGHER_ED
P036184,2024,SCHOOL_VOC
P036187,2024,SCHOOL_VOC
P036191,2024,HIGHER_ED
P036193,2024,SCHOOL_VOC
P036194,2024,SCHOOL_VOC
P036197,2024,HIGHER_ED
P036198,2024,SCHOOL_VOC
P036199,2024,SCHOOL_VOC
P036201,2024,SCHOOL_VOC
P036202,2024,HIGHER_ED
P036217,2024,LOW_NONE
P036220,2024,HIGHER_ED
P036221,2024,SCHOOL_VOC
P036223,2024,LOW_NONE
P036230,2024,SCHOOL_VOC
P036232,2024,SCHOOL_VOC
P036233,2024,SCHOOL_VOC
P036234,2024,SCHOOL_VOC
P036236,2024,SCHOOL_VOC
P036238,2024,LOW_NONE
P036241,2024,HIGHER_ED
P036242,2024,HIGHER_ED
P036246,2024,LOW_NONE
P036252,2024,SCHOOL_VOC
P036253,2024,SCHOOL_VOC
P036257,2024,SCHOOL_VOC
P036258,2024,SCHOOL_VOC
P036259,2024,HIGHER_ED
P036260,2024,HIGHER_ED
P036263,2024,SCHOOL_VOC
P036266,2024,SCHOOL_VOC
P036267,2024,SCHOOL_VOC
P036269,2024,SCHOOL_VOC
P036273,2024,SCHOOL_VOC
P036275,2024,LOW_NONE
P036279,2024,HIGHER_ED
P036286,2024,SCHOOL_VOC
P036287,2024,SCHOOL_VOC
P036289,2024,SCHOOL_VOC
P036294,2024,SCHOOL_VOC
P036296,2024,SCHOOL_VOC
P036298,2024,HIGHER_ED
P036299,2024,SCHOOL_VOC
P036309,2024,SCHOOL_VOC
P036311,2024,SCHOOL_VOC
P036314,2024,LOW_NONE
P036315,2024,SCHOOL_VOC
P036318,2024,HIGHER_ED
P036319,2024,SCHOOL_VOC
P036320,2024,SCHOOL_VOC
P036323,2024,SCHOOL_VOC
P036325,2024,SCHOOL_VOC
P036329,2024,
P036331,2024,HIGHER_ED
P036332,2024,SCHOOL_VOC
P036338,2024,HIGHER_ED
P036339,2024,SCHOOL_VOC
P036341,2024,SCHOOL_VOC
P036347,2024,SCHOOL_VOC
P036349,2024,SCHOOL_VOC
P036351,2024,HIGHER_ED
P036352,2024,SCHOOL_VOC
P036355,2024,SCHOOL_VOC
P036357,2024,SCHOOL_VOC
P036359,2024,
P036365,2024,SCHOOL_VOC
P036368,2024,SCHOOL_VOC
P036369,2024,SCHOOL_VOC
P036372,2024,SCHOOL_VOC
P036373,2024,HIGHER_ED
P036376,2024,HIGHER_ED
P036379,2024,LOW_NONE
P036380,2024,SCHOOL_VOC
P036381,2024,SCHOOL_VOC
P036383,2024,SCHOOL_VOC
P036387,2024,HIGHER_ED
P036390,2024,HIGHER_ED
P036391,2024,HIGHER_ED
P036392,2024,HIGHER_ED
P036395,2024,SCHOOL_VOC
P036397,2024,HIGHER_ED
P036402,2024,HIGHER_ED
P036404,2024,SCHOOL_VOC
P036405,2024,SCHOOL_VOC
P036411,2024,HIGHER_ED
P036417,2024,SCHOOL_VOC
P036425,2024,SCHOOL_VOC
P036432,2024,SCHOOL_VOC
P036435,2024,SCHOOL_VOC
P036438,2024,LOW_NONE
P036439,2024,SCHOOL_VOC
P036441,2024,SCHOOL_VOC
P036442,2024,SCHOOL_VOC
P036447,2024,SCHOOL_VOC
P036452,2024,SCHOOL_VOC
P036453,2024,SCHOOL_VOC
P036455,2024,HIGHER_ED
P036460,2024,SCHOOL_VOC
P036465,2024,HIGHER_ED
P036471,2024,SCHOOL_VOC
P036473,2024,SCHOOL_VOC
P036477,2024,SCHOOL_VOC
P036478,2024,SCHOOL_VOC
P036479,2024,SCHOOL_VOC
P036481,2024,HIGHER_ED
P036490,2024,SCHOOL_VOC
P036496,2024,SCHOOL_VOC
P036497,2024,SCHOOL_VOC
P036498,2024,SCHOOL_VOC
P036502,2024,HIGHER_ED
P036503,2024,SCHOOL_VOC
P036506,2024,HIGHER_ED
P036507,2024,LOW_NONE
P036510,2024,LOW_NONE
P036522,2024,HIGHER_ED
P036523,2024,SCHOOL_VOC
P036524,2024,SCHOOL_VOC
P036525,2024,SCHOOL_VOC
P036535,2024,HIGHER_ED
P036538,2024,SCHOOL_VOC
P036544,2024,SCHOOL_VOC
P036548,2024,SCHOOL_VOC
P036553,2024,SCHOOL_VOC
P036557,2024,HIGHER_ED
P036559,2024,HIGHER_ED
P036561,2024,SCHOOL_VOC
P036567,2024,SCHOOL_VOC
P036569,2024,LOW_NONE
P036574,2024,SCHOOL_VOC
P036575,2024,SCHOOL_VOC
P036576,2024,SCHOOL_VOC
P036580,2024,SCHOOL_VOC
P036582,2024,SCHOOL_VOC
P036584,2024,SCHOOL_VOC
P036585,2024,HIGHER_ED
P036589,2024,HIGHER_ED
P036590,2024,SCHOOL_VOC
P036592,2024,LOW_NONE
P036594,2024,SCHOOL_VOC
P036597,2024,SCHOOL_VOC
P036600,2024,HIGHER_ED
P036601,2024,SCHOOL_VOC
P036606,2024,SCHOOL_VOC
P036608,2024,SCHOOL_VOC
P036609,2024,HIGHER_ED
P036611,2024,SCHOOL_VOC
P036613,2024,HIGHER_ED
P036615,2024,HIGHER_ED
P036616,2024,SCHOOL_VOC
P036618,2024,SCHOOL_VOC
P036619,2024,SCHOOL_VOC
P036635,2024,HIGHER_ED
P036640,2024,SCHOOL_VOC
P036647,2024,SCHOOL_VOC
P036649,2024,SCHOOL_VOC
P036651,2024,SCHOOL_VOC
P036652,2024,SCHOOL_VOC
P036653,2024,SCHOOL_VOC
P036654,2024,HIGHER_ED
P036656,2024,SCHOOL_VOC
P036659,2024,SCHOOL_VOC
P036662,2024,SCHOOL_VOC
P036668,2024,HIGHER_ED
P036670,2024,HIGHER_ED
P036672,2024,SCHOOL_VOC
P036673,2024,SCHOOL_VOC
P036674,2024,SCHOOL_VOC
P036675,2024,SCHOOL_VOC
P036676,2024,SCHOOL_VOC
P036683,2024,SCHOOL_VOC
P036686,2024,SCHOOL_VOC
P036688,2024,HIGHER_ED
P036692,2024,LOW_NONE
P036693,2024,HIGHER_ED
P036701,2024,SCHOOL_VOC
P036703,2024,HIGHER_ED
P036707,2024,HIGHER_ED
P036712,2024,SCHOOL_VOC
P036714,2024,SCHOOL_VOC
P036715,2024,SCHOOL_VOC
P036716,2024,HIGHER_ED
P036717,2024,SCHOOL_VOC
P036718,2024,SCHOOL_VOC
P036723,2024,SCHOOL_VOC
P036726,2024,HIGHER_ED
P036727,2024,LOW_NONE
P036730,2024,SCHOOL_VOC
P036732,2024,HIGHER_ED
P036734,2024,LOW_NONE
P036735,2024,HIGHER_ED
P036736,2024,SCHOOL_VOC
P036737,2024,SCHOOL_VOC
P036739,2024,HIGHER_ED
P036740,2024,HIGHER_ED
P036743,2024,SCHOOL_VOC
P036745,2024,SCHOOL_VOC
P036752,2024,SCHOOL_VOC
P036753,2024,SCHOOL_VOC
P036754,2024,SCHOOL_VOC
P036756,2024,SCHOOL_VOC
P036757,2024,SCHOOL_VOC
P036758,2024,HIGHER_ED
P036759,2024,HIGHER_ED
P036762,2024,HIGHER_ED
P036764,2024,SCHOOL_VOC
P036765,2024,LOW_NONE
P036772,2024,SCHOOL_VOC
P036774,2024,SCHOOL_VOC
P036775,2024,UNMAPPED_GROUP
P036777,2024,HIGHER_ED
P036778,2024,HIGHER_ED
P036780,2024,SCHOOL_VOC
P036783,2024,SCHOOL_VOC
P036795,2024,SCHOOL_VOC
P036797,2024,SCHOOL_VOC
P036798,2024,SCHOOL_VOC
P036799,2024,HIGHER_ED
P036803,2024,SCHOOL_VOC
P036806,2024,HIGHER_ED
P036808,2024,SCHOOL_VOC
P036809,2024,SCHOOL_VOC
P036810,2024,HIGHER_ED
P036811,2024,LOW_NONE
P036812,2024,SCHOOL_VOC
P036813,2024,SCHOOL_VOC
P036817,2024,SCHOOL_VOC
P036819,2024,SCHOOL_VOC
P036820,2024,SCHOOL_VOC
P036822,2024,HIGHER_ED
P036825,2024,LOW_NONE
P036827,2024,SCHOOL_VOC
P036828,2024,HIGHER_ED
P036832,2024,SCHOOL_VOC
P036834,2024,SCHOOL_VOC
P036836,2024,HIGHER_ED
P036841,2024,LOW_NONE
P036843,2024,HIGHER_ED
P036844,2024,LOW_NONE
P036848,2024,SCHOOL_VOC
P036849,2024,SCHOOL_VOC
P036850,2024,SCHOOL_VOC
P036856,2024,SCHOOL_VOC
P036857,2024,SCHOOL_VOC
P036858,2024,SCHOOL_VOC
P036862,2024,SCHOOL_VOC
P036867,2024,UNMAPPED_GROUP
P036873,2024,LOW_NONE
P036876,2024,HIGHER_ED
P036878,2024,SCHOOL_VOC
P036886,2024,LOW_NONE
P036889,2024,LOW_NONE
P036892,2024,HIGHER_ED
P036896,2024,HIGHER_ED
P036898,2024,SCHOOL_VOC
P036899,2024,SCHOOL_VOC
P036901,2024,SCHOOL_VOC
P036903,2024,LOW_NONE
P036910,2024,HIGHER_ED
P036918,2024,SCHOOL_VOC
P036921,2024,SCHOOL_VOC
P036922,2024,SCHOOL_VOC
P036924,2024,SCHOOL_VOC
P036926,2024,HIGHER_ED
P036929,2024,HIGHER_ED
P036934,2024,SCHOOL_VOC
P036935,2024,SCHOOL_VOC
P036936,2024,SCHOOL_VOC
P036937,2024,SCHOOL_VOC
P036939,2024,LOW_NONE
P036940,2024,SCHOOL_VOC
P036943,2024,HIGHER_ED
P036947,2024,HIGHER_ED
P036949,2024,SCHOOL_VOC
P036950,2024,SCHOOL_VOC
P036954,2024,HIGHER_ED
P036955,2024,HIGHER_ED
P036958,2024,HIGHER_ED
P036961,2024,SCHOOL_VOC
P036966,2024,HIGHER_ED
P036969,2024,SCHOOL_VOC
P036970,2024,HIGHER_ED
P036975,2024,SCHOOL_VOC
P036981,2024,SCHOOL_VOC
P036983,2024,SCHOOL_VOC
P036985,2024,SCHOOL_VOC
P036986,2024,HIGHER_ED
P036988,2024,SCHOOL_VOC
P036993,2024,SCHOOL_VOC
P037004,2024,SCHOOL_VOC
P037005,2024,SCHOOL_VOC
P037011,2024,SCHOOL_VOC
P037012,2024,SCHOOL_VOC
P037013,2024,SCHOOL_VOC
P037014,2024,LOW_NONE
P037020,2024,HIGHER_ED
P037021,2024,SCHOOL_VOC
P037023,2024,HIGHER_ED
P037027,2024,HIGHER_ED
P037032,2024,SCHOOL_VOC
P037033,2024,SCHOOL_VOC
P037034,2024,SCHOOL_VOC
P037035,2024,SCHOOL_VOC
P037038,2024,SCHOOL_VOC
P037045,2024,SCHOOL_VOC
P037047,2024,SCHOOL_VOC
P037048,2024,HIGHER_ED
P037056,2024,SCHOOL_VOC
P037059,2024,SCHOOL_VOC
P037060,2024,SCHOOL_VOC
P037066,2024,SCHOOL_VOC
P037069,2024,HIGHER_ED
P037072,2024,HIGHER_ED
P037074,2024,SCHOOL_VOC
P037076,2024,SCHOOL_VOC
P037079,2024,SCHOOL_VOC
P037081,2024,HIGHER_ED
P037082,2024,SCHOOL_VOC
P037090,2024,SCHOOL_VOC
P037092,2024,SCHOOL_VOC
P037094,2024,HIGHER_ED
P037100,2024,SCHOOL_VOC
P037104,2024,HIGHER_ED
P037105,2024,HIGHER_ED
P037112,2024,SCHOOL_VOC
P037115,2024,SCHOOL_VOC
P037120,2024,SCHOOL_VOC
P037122,2024,SCHOOL_VOC
P037126,2024,SCHOOL_VOC
P037142,2024,SCHOOL_VOC
P037146,2024,SCHOOL_VOC
P037147,2024,SCHOOL_VOC
P037148,2024,HIGHER_ED
P037151,2024,SCHOOL_VOC
P037153,2024,UNMAPPED_GROUP
P037156,2024,HIGHER_ED
P037157,2024,SCHOOL_VOC
P037158,2024,SCHOOL_VOC
P037161,2024,HIGHER_ED
P037168,2024,SCHOOL_VOC
P037170,2024,SCHOOL_VOC
P037172,2024,SCHOOL_VOC
P037173,2024,SCHOOL_VOC
P037174,2024,HIGHER_ED
P037179,2024,SCHOOL_VOC
P037183,2024,HIGHER_ED
P037188,2024,SCHOOL_VOC
P037189,2024,HIGHER_ED
P037191,2024,HIGHER_ED
P037195,2024,HIGHER_ED
P037199,2024,SCHOOL_VOC
P037202,2024,SCHOOL_VOC
P037204,2024,SCHOOL_VOC
P037207,2024,HIGHER_ED
P037208,2024,LOW_NONE
P037210,2024,HIGHER_ED
P037214,2024,HIGHER_ED
P037220,2024,LOW_NONE
P037221,2024,HIGHER_ED
P037222,2024,HIGHER_ED
P037225,2024,SCHOOL_VOC
P037237,2024,SCHOOL_VOC
P037238,2024,SCHOOL_VOC
P037239,2023,HIGHER_ED
P037242,2024,SCHOOL_VOC
P037244,2024,SCHOOL_VOC
P037247,2024,HIGHER_ED
P037250,2024,HIGHER_ED
P037252,2024,SCHOOL_VOC
P037253,2024,HIGHER_ED
P037254,2024,SCHOOL_VOC
P037257,2024,SCHOOL_VOC
P037258,2024,LOW_NONE
P037264,2024,SCHOOL_VOC
P037270,2024,SCHOOL_VOC
P037271,2024,SCHOOL_VOC
P037273,2024,HIGHER_ED
P037274,2024,SCHOOL_VOC
P037277,2024,SCHOOL_VOC
P037278,2024,SCHOOL_VOC
P037279,2024,SCHOOL_VOC
P037281,2024,SCHOOL_VOC
P037284,2024,HIGHER_ED
P037285,2024,SCHOOL_VOC
P037289,2024,HIGHER_ED
P037294,2024,SCHOOL_VOC
P037297,2024,SCHOOL_VOC
P037299,2024,HIGHER_ED
P037301,2024,SCHOOL_VOC
P037303,2024,LOW_NONE
P037304,2024,LOW_NONE
P037307,2024,SCHOOL_VOC
P037312,2024,SCHOOL_VOC
P037319,2024,HIGHER_ED
P037321,2024,SCHOOL_VOC
P037331,2024,SCHOOL_VOC
P037334,2024,HIGHER_ED
P037335,2024,SCHOOL_VOC
P037336,2024,SCHOOL_VOC
P037340,2024,SCHOOL_VOC
P037342,2024,SCHOOL_VOC
P037343,2024,HIGHER_ED
P037344,2024,SCHOOL_VOC
P037345,2024,SCHOOL_VOC
P037347,2024,SCHOOL_VOC
P037353,2024,HIGHER_ED
P037354,2024,HIGHER_ED
P037355,2024,HIGHER_ED
P037356,2024,SCHOOL_VOC
P037357,2024,SCHOOL_VOC
P037358,2024,UNMAPPED_GROUP
P037359,2024,SCHOOL_VOC
P037360,2024,SCHOOL_VOC
P037362,2024,SCHOOL_VOC
P037369,2024,HIGHER_ED
P037370,2024,HIGHER_ED
P037372,2024,HIGHER_ED
P037373,2024,SCHOOL_VOC
P037374,2024,SCHOOL_VOC
P037376,2024,SCHOOL_VOC
P037377,2024,HIGHER_ED
P037383,2024,SCHOOL_VOC
P037385,2024,HIGHER_ED
P037387,2024,HIGHER_ED
P037388,2024,HIGHER_ED
P037390,2024,SCHOOL_VOC
P037392,2024,SCHOOL_VOC
P037395,2024,SCHOOL_VOC
P037398,2024,HIGHER_ED
P037399,2024,SCHOOL_VOC
P037400,2024,SCHOOL_VOC
P037404,2024,HIGHER_ED
P037410,2024,HIGHER_ED
P037412,2024,HIGHER_ED
P037413,2024,LOW_NONE
P037418,2024,SCHOOL_VOC
P037420,2024,SCHOOL_VOC
P037423,2024,HIGHER_ED
P037425,2024,LOW_NONE
P037426,2024,SCHOOL_VOC
P037431,2024,LOW_NONE
P037432,2024,SCHOOL_VOC
P037433,2024,SCHOOL_VOC
P037435,2024,SCHOOL_VOC
P037437,2024,SCHOOL_VOC
P037438,2024,HIGHER_ED
P037444,2024,HIGHER_ED
P037453,2024,SCHOOL_VOC
P037454,2024,SCHOOL_VOC
P037462,2024,HIGHER_ED
P037463,2024,HIGHER_ED
P037468,2024,HIGHER_ED
P037470,2024,HIGHER_ED
P037481,2024,SCHOOL_VOC
P037483,2024,HIGHER_ED
P037484,2024,LOW_NONE
P037485,2024,HIGHER_ED
P037487,2024,SCHOOL_VOC
P037490,2024,SCHOOL_VOC
P037494,2024,SCHOOL_VOC
P037495,2024,SCHOOL_VOC
P037496,2024,SCHOOL_VOC
P037498,2024,HIGHER_ED
P037500,2024,
P037501,2024,SCHOOL_VOC
P037502,2024,SCHOOL_VOC
P037504,2024,SCHOOL_VOC
P037506,2024,HIGHER_ED
P037507,2024,HIGHER_ED
P037511,2024,HIGHER_ED
P037512,2024,HIGHER_ED
P037518,2024,SCHOOL_VOC
P037522,2024,SCHOOL_VOC
P037524,2024,SCHOOL_VOC
P037525,2024,SCHOOL_VOC
P037526,2024,SCHOOL_VOC
P037530,2024,SCHOOL_VOC
P037535,2024,LOW_NONE
P037538,2024,LOW_NONE
P037540,2024,HIGHER_ED
P037542,2024,SCHOOL_VOC
P037546,2024,HIGHER_ED
P037548,2024,LOW_NONE
P037549,2024,SCHOOL_VOC
P037550,2024,SCHOOL_VOC
P037556,2024,HIGHER_ED
P037557,2024,HIGHER_ED
P037558,2024,SCHOOL_VOC
P037559,2024,SCHOOL_VOC
P037560,2024,SCHOOL_VOC
P037562,2024,SCHOOL_VOC
P037563,2024,HIGHER_ED
P037564,2024,SCHOOL_VOC
P037566,2024,LOW_NONE
P037568,2024,SCHOOL_VOC
P037570,2024,SCHOOL_VOC
P037572,2024,SCHOOL_VOC
P037573,2024,SCHOOL_VOC
P037574,2024,SCHOOL_VOC
P037577,2024,SCHOOL_VOC
P037579,2024,SCHOOL_VOC
P037582,2024,SCHOOL_VOC
P037585,2024,HIGHER_ED
P037590,2024,HIGHER_ED
P037592,2024,LOW_NONE
P037598,2024,SCHOOL_VOC
P037599,2024,SCHOOL_VOC
P037600,2024,SCHOOL_VOC
P037603,2024,HIGHER_ED
P037604,2024,SCHOOL_VOC
P037606,2024,HIGHER_ED
P037608,2024,LOW_NONE
P037609,2024,SCHOOL_VOC
P037610,2024,SCHOOL_VOC
P037612,2024,SCHOOL_VOC
P037619,2024,SCHOOL_VOC
P037621,2024,SCHOOL_VOC
P037624,2024,SCHOOL_VOC
P037626,2024,LOW_NONE
P037627,2024,SCHOOL_VOC
P037633,2024,SCHOOL_VOC
P037635,2024,HIGHER_ED
P037638,2024,HIGHER_ED
P037639,2024,SCHOOL_VOC
P037646,2024,SCHOOL_VOC
P037647,2024,HIGHER_ED
P037651,2024,HIGHER_ED
P037652,2024,SCHOOL_VOC
P037654,2024,HIGHER_ED
P037656,2024,SCHOOL_VOC
P037657,2024,LOW_NONE
P037658,2024,LOW_NONE
P037660,2024,SCHOOL_VOC
P037662,2024,SCHOOL_VOC
P037666,2024,SCHOOL_VOC
P037667,2024,SCHOOL_VOC
P037670,2024,SCHOOL_VOC
P037675,2024,SCHOOL_VOC
P037676,2024,SCHOOL_VOC
P037680,2024,HIGHER_ED
P037685,2024,SCHOOL_VOC
P037686,2024,SCHOOL_VOC
P037687,2024,HIGHER_ED
P037689,2024,LOW_NONE
P037691,2024,SCHOOL_VOC
P037693,2024,SCHOOL_VOC
P037694,2024,HIGHER_ED
P037695,2024,SCHOOL_VOC
P037696,2024,HIGHER_ED
P037698,2024,HIGHER_ED
P037702,2024,SCHOOL_VOC
P037704,2024,HIGHER_ED
P037709,2024,SCHOOL_VOC
P037712,2024,SCHOOL_VOC
P037713,2024,SCHOOL_VOC
P037715,2024,SCHOOL_VOC
P037716,2024,SCHOOL_VOC
P037723,2024,SCHOOL_VOC
P037725,2024,SCHOOL_VOC
P037728,2024,HIGHER_ED
P037731,2024,SCHOOL_VOC
P037738,2024,HIGHER_ED
P037740,2024,SCHOOL_VOC
P037741,2024,HIGHER_ED
P037743,2024,SCHOOL_VOC
P037746,2024,SCHOOL_VOC
P037750,2024,SCHOOL_VOC
P037754,2024,HIGHER_ED
P037756,2024,HIGHER_ED
P037758,2024,SCHOOL_VOC
P037760,2024,SCHOOL_VOC
P037762,2024,HIGHER_ED
P037767,2024,HIGHER_ED
P037769,2024,SCHOOL_VOC
P037773,2024,SCHOOL_VOC
P037775,2024,SCHOOL_VOC
P037781,2024,SCHOOL_VOC
P037783,2024,SCHOOL_VOC
P037786,2023,SCHOOL_VOC
P037792,2024,
P037801,2024,SCHOOL_VOC
P037802,2024,SCHOOL_VOC
P037807,2024,SCHOOL_VOC
P037813,2024,LOW_NONE
P037814,2024,SCHOOL_VOC
P037815,2024,SCHOOL_VOC
P037825,2024,SCHOOL_VOC
P037826,2024,HIGHER_ED
P037828,2024,SCHOOL_VOC
P037835,2024,LOW_NONE
P037837,2024,LOW_NONE
P037838,2024,SCHOOL_VOC
P037840,2024,SCHOOL_VOC
P037847,2024,SCHOOL_VOC
P037849,2024,SCHOOL_VOC
P037860,2024,LOW_NONE
P037862,2024,SCHOOL_VOC
P037864,2024,HIGHER_ED
P037866,2024,HIGHER_ED
P037868,2024,SCHOOL_VOC
P037870,2024,HIGHER_ED
P037879,2024,SCHOOL_VOC
P037881,2024,HIGHER_ED
P037883,2024,SCHOOL_VOC
P037892,2024,SCHOOL_VOC
P037899,2024,HIGHER_ED
P037906,2024,SCHOOL_VOC
P037909,2024,HIGHER_ED
P037911,2024,HIGHER_ED
P037917,2024,LOW_NONE
P037918,2024,SCHOOL_VOC
P037922,2024,HIGHER_ED
P037923,2024,HIGHER_ED
P037924,2024,SCHOOL_VOC
P037927,2024,SCHOOL_VOC
P037929,2024,SCHOOL_VOC
P037931,2024,HIGHER_ED
P037932,2024,SCHOOL_VOC
P037934,2024,SCHOOL_VOC
P037935,2024,HIGHER_ED
P037941,2024,SCHOOL_VOC
P037942,2024,SCHOOL_VOC
P037943,2024,SCHOOL_VOC
P037944,2024,SCHOOL_VOC
P037951,2024,SCHOOL_VOC
P037953,2024,SCHOOL_VOC
P037954,2024,SCHOOL_VOC
P037957,2024,SCHOOL_VOC
P037960,2024,SCHOOL_VOC
P037963,2024,HIGHER_ED
P037967,2024,HIGHER_ED
P037968,2024,SCHOOL_VOC
P037970,2024,HIGHER_ED
P037973,2024,SCHOOL_VOC
P037974,2023,SCHOOL_VOC
P037977,2024,HIGHER_ED
P037984,2024,HIGHER_ED
P037985,2024,HIGHER_ED
P037988,2024,SCHOOL_VOC
P037991,2024,SCHOOL_VOC
P037993,2024,SCHOOL_VOC
P037994,2024,SCHOOL_VOC
P037998,2024,SCHOOL_VOC
P038005,2024,SCHOOL_VOC
P038006,2024,SCHOOL_VOC
P038007,2024,SCHOOL_VOC
P038009,2024,LOW_NONE
P038010,2024,HIGHER_ED
P038014,2024,SCHOOL_VOC
P038016,2024,HIGHER_ED
P038017,2024,LOW_NONE
P038019,2024,SCHOOL_VOC
P038020,2024,HIGHER_ED
P038028,2024,SCHOOL_VOC
P038034,2024,SCHOOL_VOC
P038036,2024,HIGHER_ED
P038038,2024,SCHOOL_VOC
P038043,2024,SCHOOL_VOC
P038046,2024,SCHOOL_VOC
P038047,2024,HIGHER_ED
P038048,2024,SCHOOL_VOC
P038049,2024,HIGHER_ED
P038051,2024,SCHOOL_VOC
P038053,2024,SCHOOL_VOC
P038060,2024,SCHOOL_VOC
P038064,2024,SCHOOL_VOC
P038067,2024,LOW_NONE
P038069,2024,HIGHER_ED
P038073,2024,SCHOOL_VOC
P038081,2024,HIGHER_ED
P038082,2024,LOW_NONE
P038086,2024,SCHOOL_VOC
P038087,2024,HIGHER_ED
P038088,2024,LOW_NONE
P038093,2024,SCHOOL_VOC
P038098,2024,SCHOOL_VOC
P038099,2024,SCHOOL_VOC
P038101,2024,HIGHER_ED
P038105,2024,LOW_NONE
P038107,2024,SCHOOL_VOC
P038109,2024,SCHOOL_VOC
P038111,2024,UNMAPPED_GROUP
P038114,2024,SCHOOL_VOC
P038117,2024,HIGHER_ED
P038120,2024,LOW_NONE
P038121,2024,HIGHER_ED
P038123,2024,HIGHER_ED
P038126,2024,SCHOOL_VOC
P038127,2024,HIGHER_ED
P038131,2024,SCHOOL_VOC
P038135,2024,SCHOOL_VOC
P038136,2024,SCHOOL_VOC
P038139,2024,HIGHER_ED
P038140,2024,SCHOOL_VOC
P038143,2024,SCHOOL_VOC
P038144,2024,HIGHER_ED
P038147,2024,SCHOOL_VOC
P038148,2024,SCHOOL_VOC
P038149,2024,SCHOOL_VOC
P038150,2024,SCHOOL_VOC
P038151,2024,HIGHER_ED
P038152,2024,HIGHER_ED
P038160,2024,SCHOOL_VOC
P038161,2024,SCHOOL_VOC
P038162,2024,HIGHER_ED
P038164,2024,SCHOOL_VOC
P038166,2024,SCHOOL_VOC
P038168,2024,SCHOOL_VOC
P038171,2024,SCHOOL_VOC
P038172,2024,SCHOOL_VOC
P038173,2024,HIGHER_ED
P038176,2024,SCHOOL_VOC
P038178,2024,SCHOOL_VOC
P038182,2024,HIGHER_ED
P038184,2024,SCHOOL_VOC
P038185,2024,SCHOOL_VOC
P038187,2024,HIGHER_ED
P038188,2024,HIGHER_ED
P038195,2024,HIGHER_ED
P038201,2024,HIGHER_ED
P038202,2024,SCHOOL_VOC
P038203,2024,HIGHER_ED
P038208,2024,SCHOOL_VOC
P038216,2024,SCHOOL_VOC
P038220,2024,HIGHER_ED
P038222,2024,SCHOOL_VOC
P038224,2024,SCHOOL_VOC
P038225,2024,SCHOOL_VOC
P038228,2024,SCHOOL_VOC
P038233,2024,SCHOOL_VOC
P038234,2024,HIGHER_ED
P038236,2024,SCHOOL_VOC
P038237,2024,HIGHER_ED
P038243,2024,HIGHER_ED
P038244,2024,SCHOOL_VOC
P038245,2024,SCHOOL_VOC
P038250,2024,SCHOOL_VOC
P038251,2024,HIGHER_ED
P038256,2024,SCHOOL_VOC
P038258,2024,SCHOOL_VOC
P038259,2024,HIGHER_ED
P038266,2024,SCHOOL_VOC
P038271,2024,SCHOOL_VOC
P038274,2024,SCHOOL_VOC
P038284,2024,SCHOOL_VOC
P038285,2024,HIGHER_ED
P038288,2024,HIGHER_ED
P038291,2024,SCHOOL_VOC
P038292,2024,SCHOOL_VOC
P038294,2024,HIGHER_ED
P038298,2024,HIGHER_ED
P038300,2024,SCHOOL_VOC
P038301,2024,HIGHER_ED
P038302,2024,SCHOOL_VOC
P038308,2024,HIGHER_ED
P038310,2024,SCHOOL_VOC
P038312,2024,SCHOOL_VOC
P038313,2024,SCHOOL_VOC
P038320,2024,LOW_NONE
P038324,2024,SCHOOL_VOC
P038325,2024,LOW_NONE
P038326,2024,SCHOOL_VOC
P038327,2024,SCHOOL_VOC
P038328,2024,SCHOOL_VOC
P038329,2024,HIGHER_ED
P038333,2024,SCHOOL_VOC
P038335,2024,HIGHER_ED
P038336,2024,SCHOOL_VOC
P038340,2024,SCHOOL_VOC
P038341,2024,SCHOOL_VOC
P038346,2024,SCHOOL_VOC
P038349,2024,SCHOOL_VOC
P038353,2024,SCHOOL_VOC
P038355,2024,LOW_NONE
P038356,2024,UNMAPPED_GROUP
P038361,2024,SCHOOL_VOC
P038364,2024,HIGHER_ED
P038369,2024,HIGHER_ED
P038371,2024,SCHOOL_VOC
P038372,2024,HIGHER_ED
P038375,2024,SCHOOL_VOC
P038377,2024,HIGHER_ED
P038385,2024,SCHOOL_VOC
P038386,2024,SCHOOL_VOC
P038389,2024,SCHOOL_VOC
P038390,2024,SCHOOL_VOC
P038395,2024,HIGHER_ED
P038396,2024,SCHOOL_VOC
P038401,2024,LOW_NONE
P038402,2024,SCHOOL_VOC
P038407,2024,HIGHER_ED
P038409,2024,SCHOOL_VOC
P038410,2024,SCHOOL_VOC
P038412,2024,SCHOOL_VOC
P038413,2024,SCHOOL_VOC
P038415,2024,SCHOOL_VOC
P038419,2024,SCHOOL_VOC
P038424,2024,SCHOOL_VOC
P038426,2024,SCHOOL_VOC
P038427,2024,HIGHER_ED
P038428,2024,SCHOOL_VOC
P038429,2024,SCHOOL_VOC
P038430,2024,SCHOOL_VOC
P038435,2024,SCHOOL_VOC
P038438,2024,SCHOOL_VOC
P038441,2024,SCHOOL_VOC
P038442,2024,HIGHER_ED
P038443,2024,LOW_NONE
P038444,2024,LOW_NONE
P038446,2024,SCHOOL_VOC
P038447,2024,SCHOOL_VOC
P038448,2024,SCHOOL_VOC
P038449,2024,LOW_NONE
P038450,2024,SCHOOL_VOC
P038453,2024,SCHOOL_VOC
P038458,2024,SCHOOL_VOC
P038461,2024,SCHOOL_VOC
P038463,2024,SCHOOL_VOC
P038465,2024,SCHOOL_VOC
P038471,2024,SCHOOL_VOC
P038472,2024,HIGHER_ED
P038476,2024,SCHOOL_VOC
P038477,2024,SCHOOL_VOC
P038478,2024,SCHOOL_VOC
P038482,2024,SCHOOL_VOC
P038483,2024,SCHOOL_VOC
P038486,2024,HIGHER_ED
P038487,2024,SCHOOL_VOC
P038490,2024,HIGHER_ED
P038491,2024,SCHOOL_VOC
P038495,2024,SCHOOL_VOC
P038496,2024,SCHOOL_VOC
P038501,2024,SCHOOL_VOC
P038503,2024,HIGHER_ED
P038509,2024,SCHOOL_VOC
P038510,2024,SCHOOL_VOC
P038511,2024,SCHOOL_VOC
P038523,2024,LOW_NONE
P038539,2024,HIGHER_ED
P038547,2024,HIGHER_ED
P038550,2024,HIGHER_ED
P038553,2024,HIGHER_ED
P038556,2024,LOW_NONE
P038557,2024,SCHOOL_VOC
P038558,2024,SCHOOL_VOC
P038564,2024,HIGHER_ED
P038567,2024,HIGHER_ED
P038568,2024,SCHOOL_VOC
P038569,2024,SCHOOL_VOC
P038570,2024,SCHOOL_VOC
P038575,2024,SCHOOL_VOC
P038583,2024,SCHOOL_VOC
P038585,2024,SCHOOL_VOC
P038594,2024,HIGHER_ED
P038595,2024,SCHOOL_VOC
P038603,2024,HIGHER_ED
P038604,2024,SCHOOL_VOC
P038605,2024,LOW_NONE
P038607,2024,HIGHER_ED
P038608,2024,HIGHER_ED
P038609,2024,SCHOOL_VOC
P038611,2024,HIGHER_ED
P038616,2024,SCHOOL_VOC
P038617,2024,SCHOOL_VOC
P038620,2024,SCHOOL_VOC
P038624,2024,HIGHER_ED
P038625,2024,SCHOOL_VOC
P038626,2024,SCHOOL_VOC
P038632,2024,UNMAPPED_GROUP
P038634,2024,SCHOOL_VOC
P038638,2024,LOW_NONE
P038641,2024,SCHOOL_VOC
P038644,2024,SCHOOL_VOC
P038645,2024,SCHOOL_VOC
P038646,2024,SCHOOL_VOC
P038649,2024,HIGHER_ED
P038652,2024,SCHOOL_VOC
P038653,2024,HIGHER_ED
P038656,2024,LOW_NONE
P038657,2024,SCHOOL_VOC
P038659,2024,SCHOOL_VOC
P038664,2024,LOW_NONE
P038669,2024,SCHOOL_VOC
P038671,2024,HIGHER_ED
P038677,2024,SCHOOL_VOC
P038681,2024,HIGHER_ED
P038687,2024,HIGHER_ED
P038688,2024,SCHOOL_VOC
P038691,2024,SCHOOL_VOC
P038692,2024,SCHOOL_VOC
P038694,2024,SCHOOL_VOC
P038698,2024,HIGHER_ED
P038700,2024,SCHOOL_VOC
P038701,2024,SCHOOL_VOC
P038705,2024,SCHOOL_VOC
P038712,2024,HIGHER_ED
P038713,2024,SCHOOL_VOC
P038717,2024,SCHOOL_VOC
P038718,2024,SCHOOL_VOC
P038719,2024,SCHOOL_VOC
P038720,2024,HIGHER_ED
P038723,2024,HIGHER_ED
P038726,2024,SCHOOL_VOC
P038732,2024,SCHOOL_VOC
P038737,2024,SCHOOL_VOC
P038747,2024,HIGHER_ED
P038754,2024,SCHOOL_VOC
P038755,2024,HIGHER_ED
P038756,2024,SCHOOL_VOC
P038763,2024,SCHOOL_VOC
P038767,2024,SCHOOL_VOC
P038769,2024,LOW_NONE
P038771,2024,LOW_NONE
P038774,2024,SCHOOL_VOC
P038776,2024,SCHOOL_VOC
P038785,2024,HIGHER_ED
P038786,2024,SCHOOL_VOC
P038787,2024,SCHOOL_VOC
P038789,2024,SCHOOL_VOC
P038790,2024,HIGHER_ED
P038794,2024,HIGHER_ED
P038796,2024,SCHOOL_VOC
P038798,2024,HIGHER_ED
P038801,2024,HIGHER_ED
P038806,2024,LOW_NONE
P038808,2024,SCHOOL_VOC
P038811,2024,LOW_NONE
P038812,2024,SCHOOL_VOC
P038820,2024,HIGHER_ED
P038821,2024,SCHOOL_VOC
P038824,2024,SCHOOL_VOC
P038825,2024,SCHOOL_VOC
P038831,2024,HIGHER_ED
P038834,2024,HIGHER_ED
P038836,2024,HIGHER_ED
P038839,2024,HIGHER_ED
P038844,2024,SCHOOL_VOC
P038851,2024,HIGHER_ED
P038854,2024,SCHOOL_VOC
P038856,2024,LOW_NONE
P038859,2024,SCHOOL_VOC
P038862,2024,HIGHER_ED
P038865,2024,SCHOOL_VOC
P038868,2024,HIGHER_ED
P038871,2024,HIGHER_ED
P038872,2024,HIGHER_ED
P038874,2024,SCHOOL_VOC
P038879,2024,SCHOOL_VOC
P038882,2024,SCHOOL_VOC
P038884,2024,SCHOOL_VOC
P038886,2024,HIGHER_ED
P038888,2024,HIGHER_ED
P038889,2024,HIGHER_ED
P038891,2024,SCHOOL_VOC
P038892,2024,SCHOOL_VOC
P038895,2024,SCHOOL_VOC
P038900,2024,SCHOOL_VOC
P038903,2024,SCHOOL_VOC
P038904,2024,SCHOOL_VOC
P038908,2024,HIGHER_ED
P038909,2024,HIGHER_ED
P038910,2024,LOW_NONE
P038913,2024,SCHOOL_VOC
P038916,2024,SCHOOL_VOC
P038919,2024,SCHOOL_VOC
P038920,2024,SCHOOL_VOC
P038923,2024,SCHOOL_VOC
P038925,2024,LOW_NONE
P038928,2024,SCHOOL_VOC
P038930,2024,SCHOOL_VOC
P038933,2024,HIGHER_ED
P038934,2024,HIGHER_ED
P038935,2024,HIGHER_ED
P038942,2024,HIGHER_ED
P038943,2024,SCHOOL_VOC
P038944,2024,HIGHER_ED
P038946,2024,HIGHER_ED
P038947,2024,SCHOOL_VOC
P038951,2024,
P038956,2024,HIGHER_ED
P038960,2024,SCHOOL_VOC
P038961,2024,HIGHER_ED
P038962,2024,HIGHER_ED
P038963,2024,HIGHER_ED
P038966,2024,HIGHER_ED
P038969,2024,SCHOOL_VOC
P038973,2024,HIGHER_ED
P038974,2024,SCHOOL_VOC
P038982,2024,SCHOOL_VOC
P038983,2024,SCHOOL_VOC
P038987,2024,SCHOOL_VOC
P038989,2024,SCHOOL_VOC
P038990,2024,HIGHER_ED
P038991,2024,SCHOOL_VOC
P038992,2024,SCHOOL_VOC
P038997,2024,HIGHER_ED
P038998,2024,HIGHER_ED
P039002,2024,SCHOOL_VOC
P039007,2024,SCHOOL_VOC
P039008,2024,HIGHER_ED
P039009,2024,SCHOOL_VOC
P039014,2024,SCHOOL_VOC
P039016,2024,SCHOOL_VOC
P039017,2024,SCHOOL_VOC
P039023,2024,SCHOOL_VOC
P039027,2024,HIGHER_ED
P039029,2024,SCHOOL_VOC
P039031,2024,HIGHER_ED
P039033,2024,SCHOOL_VOC
P039037,2024,SCHOOL_VOC
P039038,2024,SCHOOL_VOC
P039040,2024,SCHOOL_VOC
P039042,2024,HIGHER_ED
P039043,2024,SCHOOL_VOC
P039046,2024,HIGHER_ED
P039048,2024,HIGHER_ED
P039050,2024,LOW_NONE
P039051,2024,SCHOOL_VOC
P039052,2024,LOW_NONE
P039054,2024,HIGHER_ED
P039057,2024,SCHOOL_VOC
P039058,2024,SCHOOL_VOC
P039059,2024,SCHOOL_VOC
P039060,2024,HIGHER_ED
P039061,2024,HIGHER_ED
P039064,2024,SCHOOL_VOC
P039066,2024,SCHOOL_VOC
P039067,2024,SCHOOL_VOC
P039069,2024,SCHOOL_VOC
P039070,2024,SCHOOL_VOC
P039085,2024,SCHOOL_VOC
P039088,2024,SCHOOL_VOC
P039091,2024,HIGHER_ED
P039093,2024,SCHOOL_VOC
P039094,2024,SCHOOL_VOC
P039095,2024,SCHOOL_VOC
P039106,2024,SCHOOL_VOC
P039111,2024,SCHOOL_VOC
P039115,2024,SCHOOL_VOC
P039117,2024,SCHOOL_VOC
P039118,2024,SCHOOL_VOC
P039119,2024,SCHOOL_VOC
P039123,2024,SCHOOL_VOC
P039128,2024,SCHOOL_VOC
P039129,2024,SCHOOL_VOC
P039135,2024,SCHOOL_VOC
P039136,2024,HIGHER_ED
P039138,2024,SCHOOL_VOC
P039139,2024,HIGHER_ED
P039140,2024,SCHOOL_VOC
P039142,2024,SCHOOL_VOC
P039144,2024,HIGHER_ED
P039145,2024,HIGHER_ED
P039151,2024,SCHOOL_VOC
P039153,2024,SCHOOL_VOC
P039157,2024,SCHOOL_VOC
P039158,2024,SCHOOL_VOC
P039167,2024,HIGHER_ED
P039168,2024,SCHOOL_VOC
P039173,2024,HIGHER_ED
P039174,2024,SCHOOL_VOC
P039175,2024,SCHOOL_VOC
P039178,2024,SCHOOL_VOC
P039181,2024,SCHOOL_VOC
P039184,2024,SCHOOL_VOC
P039185,2024,HIGHER_ED
P039186,2024,SCHOOL_VOC
P039187,2024,SCHOOL_VOC
P039194,2024,LOW_NONE
P039197,2024,HIGHER_ED
P039198,2024,SCHOOL_VOC
P039201,2024,SCHOOL_VOC
P039203,2024,HIGHER_ED
P039208,2024,SCHOOL_VOC
P039210,2024,LOW_NONE
P039212,2024,SCHOOL_VOC
P039213,2024,SCHOOL_VOC
P039215,2024,SCHOOL_VOC
P039216,2024,SCHOOL_VOC
P039219,2024,SCHOOL_VOC
P039221,2024,SCHOOL_VOC
P039222,2024,HIGHER_ED
P039227,2024,HIGHER_ED
P039228,2024,HIGHER_ED
P039235,2024,HIGHER_ED
P039241,2024,SCHOOL_VOC
P039243,2024,SCHOOL_VOC
P039244,2024,SCHOOL_VOC
P039246,2024,SCHOOL_VOC
P039253,2024,SCHOOL_VOC
P039258,2024,LOW_NONE
P039267,2024,SCHOOL_VOC
P039270,2024,SCHOOL_VOC
P039273,2024,SCHOOL_VOC
P039274,2024,SCHOOL_VOC
P039275,2024,HIGHER_ED
P039278,2024,SCHOOL_VOC
P039280,2024,SCHOOL_VOC
P039283,2024,SCHOOL_VOC
P039285,2024,SCHOOL_VOC
P039286,2024,HIGHER_ED
P039290,2024,SCHOOL_VOC
P039291,2024,SCHOOL_VOC
P039304,2024,SCHOOL_VOC
P039305,2024,SCHOOL_VOC
P039307,2023,SCHOOL_VOC
P039310,2024,HIGHER_ED
P039313,2024,SCHOOL_VOC
P039314,2024,SCHOOL_VOC
P039315,2024,HIGHER_ED
P039320,2024,SCHOOL_VOC
P039321,2024,SCHOOL_VOC
P039325,2024,SCHOOL_VOC
P039330,2024,SCHOOL_VOC
P039331,2024,HIGHER_ED
P039334,2024,SCHOOL_VOC
P039336,2024,SCHOOL_VOC
P039338,2024,HIGHER_ED
P039340,2024,HIGHER_ED
P039341,2024,LOW_NONE
P039342,2024,SCHOOL_VOC
P039344,2024,SCHOOL_VOC
P039345,2024,SCHOOL_VOC
P039348,2024,SCHOOL_VOC
P039362,2024,HIGHER_ED
P039363,2024,LOW_NONE
P039364,2024,HIGHER_ED
P039365,2024,SCHOOL_VOC
,2024,SCHOOL_VOC
P039368,2024,SCHOOL_VOC
P039369,2024,SCHOOL_VOC
P039375,2024,SCHOOL_VOC
P039380,2024,SCHOOL_VOC
P039383,2024,SCHOOL_VOC
P039384,2024,LOW_NONE
P039385,2024,SCHOOL_VOC
P039387,2024,SCHOOL_VOC
P039388,2024,SCHOOL_VOC
P039393,2024,SCHOOL_VOC
P039397,2024,SCHOOL_VOC
P039402,2024,SCHOOL_VOC
P039403,2024,SCHOOL_VOC
P039406,2024,SCHOOL_VOC
P039408,2024,SCHOOL_VOC
P039413,2024,HIGHER_ED
P039414,2024,LOW_NONE
P039420,2024,
P039425,2024,SCHOOL_VOC
P039427,2024,SCHOOL_VOC
P039433,2024,SCHOOL_VOC
P039434,2024,SCHOOL_VOC
P039435,2024,SCHOOL_VOC
P039436,2024,SCHOOL_VOC
P039437,2024,SCHOOL_VOC
P039441,2024,SCHOOL_VOC
P039442,2024,LOW_NONE
P039443,2024,SCHOOL_VOC
P039445,2024,HIGHER_ED
P039449,2024,HIGHER_ED
P039450,2024,SCHOOL_VOC
P039458,2024,HIGHER_ED
P039460,2024,SCHOOL_VOC
P039461,2024,SCHOOL_VOC
P039463,2024,SCHOOL_VOC
P039467,2024,SCHOOL_VOC
P039470,2024,SCHOOL_VOC
P039475,2024,SCHOOL_VOC
P039476,2024,HIGHER_ED
P039481,2024,SCHOOL_VOC
P039485,2024,HIGHER_ED
P039488,2024,HIGHER_ED
P039491,2024,HIGHER_ED
P039493,2024,SCHOOL_VOC
P039494,2024,HIGHER_ED
P039503,2024,SCHOOL_VOC
P039505,2024,SCHOOL_VOC
P039508,2024,SCHOOL_VOC
P039509,2024,SCHOOL_VOC
P039510,2024,SCHOOL_VOC
P039511,2024,HIGHER_ED
P039512,2024,SCHOOL_VOC
P039513,2024,SCHOOL_VOC
P039514,2024,LOW_NONE
P039516,2024,SCHOOL_VOC
P039519,2024,SCHOOL_VOC
P039520,2024,SCHOOL_VOC
P039521,2024,SCHOOL_VOC
P039523,2024,SCHOOL_VOC
P039525,2024,HIGHER_ED
P039526,2024,SCHOOL_VOC
P039533,2024,SCHOOL_VOC
P039534,2024,
P039535,2024,SCHOOL_VOC
P039537,2024,SCHOOL_VOC
P039539,2024,SCHOOL_VOC
P039542,2024,SCHOOL_VOC
P039544,2024,SCHOOL_VOC
P039548,2024,SCHOOL_VOC
P039552,2024,SCHOOL_VOC
P039555,2024,SCHOOL_VOC
P039556,2024,SCHOOL_VOC
P039560,2024,SCHOOL_VOC
P039562,2024,SCHOOL_VOC
P039566,2024,SCHOOL_VOC
P039567,2024,LOW_NONE
P039568,2024,LOW_NONE
P039571,2024,SCHOOL_VOC
P039573,2024,HIGHER_ED
P039575,2024,LOW_NONE
P039576,2024,LOW_NONE
P039583,2024,LOW_NONE
P039585,2024,HIGHER_ED
P039589,2024,SCHOOL_VOC
P039590,2024,SCHOOL_VOC
P039591,2024,HIGHER_ED
P039596,2024,HIGHER_ED
P039597,2024,SCHOOL_VOC
P039598,2024,HIGHER_ED
P039600,2024,LOW_NONE
P039601,2024,HIGHER_ED
P039603,2024,SCHOOL_VOC
P039608,2024,HIGHER_ED
P039612,2024,SCHOOL_VOC
P039613,2024,HIGHER_ED
P039619,2024,HIGHER_ED
P039620,2024,SCHOOL_VOC
P039624,2024,SCHOOL_VOC
P039627,2024,HIGHER_ED
P039629,2024,SCHOOL_VOC
P039630,2024,HIGHER_ED
P039632,2024,SCHOOL_VOC
P039640,2024,SCHOOL_VOC
P039641,2024,SCHOOL_VOC
P039642,2024,SCHOOL_VOC
P039643,2024,SCHOOL_VOC
P039644,2024,LOW_NONE
P039645,2024,HIGHER_ED
P039649,2023,SCHOOL_VOC
P039658,2024,LOW_NONE
P039660,2024,SCHOOL_VOC
P039672,2024,SCHOOL_VOC
P039673,2024,HIGHER_ED
P039678,2024,SCHOOL_VOC
P039691,2024,SCHOOL_VOC
P039692,2024,HIGHER_ED
P039694,2024,SCHOOL_VOC
P039696,2024,SCHOOL_VOC
P039699,2024,HIGHER_ED
P039700,2024,SCHOOL_VOC
P039703,2024,HIGHER_ED
P039704,2024,SCHOOL_VOC
P039708,2024,SCHOOL_VOC
P039710,2024,SCHOOL_VOC
P039712,2024,SCHOOL_VOC
P039717,2024,SCHOOL_VOC
P039719,2024,SCHOOL_VOC
P039720,2024,HIGHER_ED
P039726,2024,SCHOOL_VOC
P039727,2024,SCHOOL_VOC
P039733,2024,LOW_NONE
P039734,2024,SCHOOL_VOC
P039737,2024,SCHOOL_VOC
P039738,2024,HIGHER_ED
P039743,2024,SCHOOL_VOC
P039744,2024,HIGHER_ED
P039745,2024,SCHOOL_VOC
P039747,2024,HIGHER_ED
P039751,2024,SCHOOL_VOC
P039757,2024,SCHOOL_VOC
P039758,2024,LOW_NONE
P039761,2024,SCHOOL_VOC
P039765,2024,SCHOOL_VOC
P039770,2024,HIGHER_ED
P039771,2024,HIGHER_ED
P039772,2024,SCHOOL_VOC
P039773,2024,SCHOOL_VOC
P039775,2024,SCHOOL_VOC
P039779,2024,SCHOOL_VOC
P039780,2024,SCHOOL_VOC
P039783,2024,SCHOOL_VOC
P039785,2024,SCHOOL_VOC
P039786,2024,SCHOOL_VOC
P039788,2024,SCHOOL_VOC
P039789,2024,HIGHER_ED
P039791,2024,SCHOOL_VOC
P039809,2024,SCHOOL_VOC
P039812,2024,SCHOOL_VOC
P039813,2024,SCHOOL_VOC
P039816,2024,SCHOOL_VOC
P039817,2024,SCHOOL_VOC
P039820,2024,SCHOOL_VOC
P039822,2024,SCHOOL_VOC
P039823,2024,SCHOOL_VOC
P039827,2024,SCHOOL_VOC
P039831,2024,HIGHER_ED
P039833,2024,SCHOOL_VOC
P039837,2024,SCHOOL_VOC
P039842,2024,SCHOOL_VOC
P039844,2024,SCHOOL_VOC
P039850,2024,SCHOOL_VOC
P039851,2024,SCHOOL_VOC
P039852,2024,SCHOOL_VOC
P039854,2024,SCHOOL_VOC
P039857,2024,SCHOOL_VOC
P039858,2024,SCHOOL_VOC
P039860,2024,HIGHER_ED
P039864,2024,LOW_NONE
P039865,2023,SCHOOL_VOC
P039873,2024,HIGHER_ED
P039876,2024,SCHOOL_VOC
P039884,2024,SCHOOL_VOC
P039887,2024,SCHOOL_VOC
P039893,2024,SCHOOL_VOC
P039895,2024,SCHOOL_VOC
P039897,2024,SCHOOL_VOC
P039898,2024,HIGHER_ED
P039901,2024,SCHOOL_VOC
P039902,2024,SCHOOL_VOC
P039903,2024,LOW_NONE
P039908,2024,SCHOOL_VOC
P039914,2024,LOW_NONE
P039926,2024,HIGHER_ED
P039928,2024,SCHOOL_VOC
P039934,2024,HIGHER_ED
P039936,2024,SCHOOL_VOC
P039941,2024,SCHOOL_VOC
P039942,2024,SCHOOL_VOC
P039945,2024,SCHOOL_VOC
P039950,2024,SCHOOL_VOC
P039952,2024,HIGHER_ED
P039954,2024,LOW_NONE
P039959,2024,SCHOOL_VOC
P039961,2024,
P039966,2024,SCHOOL_VOC
P039967,2024,SCHOOL_VOC
P039969,2024,HIGHER_ED
P039970,2024,SCHOOL_VOC
P039973,2024,HIGHER_ED
P039974,2024,SCHOOL_VOC
P039975,2024,SCHOOL_VOC
P039976,2024,SCHOOL_VOC
P039977,2024,SCHOOL_VOC
P039991,2024,HIGHER_ED
P039993,2024,SCHOOL_VOC
P039996,2024,HIGHER_ED
P040003,2024,SCHOOL_VOC
P040004,2024,LOW_NONE
P040007,2024,SCHOOL_VOC
P040011,2024,SCHOOL_VOC
P040012,2024,SCHOOL_VOC
P040015,2024,SCHOOL_VOC
P040016,2024,SCHOOL_VOC
P040017,2024,HIGHER_ED
P040019,2023,SCHOOL_VOC
P040023,2024,SCHOOL_VOC
P040024,2024,HIGHER_ED
P040031,2024,SCHOOL_VOC
P040032,2024,SCHOOL_VOC
P040035,2024,SCHOOL_VOC
P040038,2024,SCHOOL_VOC
P040040,2024,SCHOOL_VOC
P040041,2024,SCHOOL_VOC
P040043,2024,SCHOOL_VOC
P040047,2024,SCHOOL_VOC
P040057,2024,SCHOOL_VOC
P040059,2024,HIGHER_ED
P040061,2024,SCHOOL_VOC
P040065,2024,SCHOOL_VOC
P040068,2024,HIGHER_ED
P040070,2024,SCHOOL_VOC
P040072,2024,SCHOOL_VOC
P040076,2024,HIGHER_ED
P040080,2024,SCHOOL_VOC
P040090,2024,LOW_NONE
P040092,2024,SCHOOL_VOC
P040095,2024,SCHOOL_VOC
P040098,2024,SCHOOL_VOC
P040100,2024,SCHOOL_VOC
P040101,2024,SCHOOL_VOC
P040103,2024,
P040111,2024,SCHOOL_VOC
P040112,2024,SCHOOL_VOC
P040117,2024,SCHOOL_VOC
P040118,2024,SCHOOL_VOC
P040121,2024,SCHOOL_VOC
P040122,2024,SCHOOL_VOC
P040124,2024,HIGHER_ED
P040128,2024,HIGHER_ED
P040133,2024,SCHOOL_VOC
P040135,2024,HIGHER_ED
P040142,2024,HIGHER_ED
P040144,2024,SCHOOL_VOC
P040145,2024,SCHOOL_VOC
P040146,2024,HIGHER_ED
P040147,2024,SCHOOL_VOC
P040149,2024,SCHOOL_VOC
P040151,2024,HIGHER_ED
P040154,2024,SCHOOL_VOC
P040155,2024,SCHOOL_VOC
P040156,2024,SCHOOL_VOC
P040159,2024,HIGHER_ED
P040161,2024,SCHOOL_VOC
P040170,2024,SCHOOL_VOC
P040176,2024,HIGHER_ED
P040177,2024,SCHOOL_VOC
P040180,2024,SCHOOL_VOC
P040181,2024,SCHOOL_VOC
P040183,2024,SCHOOL_VOC
P040186,2024,SCHOOL_VOC
P040188,2024,SCHOOL_VOC
P040189,2024,SCHOOL_VOC
P040190,2024,SCHOOL_VOC
P040192,2024,HIGHER_ED
,2024,SCHOOL_VOC
P040196,2024,SCHOOL_VOC
P040202,2024,SCHOOL_VOC
P040211,2024,SCHOOL_VOC
P040214,2024,HIGHER_ED
P040215,2024,SCHOOL_VOC
P040220,2024,LOW_NONE
P040223,2024,SCHOOL_VOC
P040224,2024,SCHOOL_VOC
P040229,2024,HIGHER_ED
P040230,2024,HIGHER_ED
P040231,2024,HIGHER_ED
P040232,2024,SCHOOL_VOC
P040233,2024,HIGHER_ED
P040234,2024,SCHOOL_VOC
P040236,2024,HIGHER_ED
P040239,2024,SCHOOL_VOC
P040240,2024,SCHOOL_VOC
P040244,2024,SCHOOL_VOC
P040247,2024,HIGHER_ED
P040249,2024,SCHOOL_VOC
P040255,2024,SCHOOL_VOC
P040256,2024,HIGHER_ED
P040259,2024,SCHOOL_VOC
P040261,2024,HIGHER_ED
P040264,2024,SCHOOL_VOC
P040271,2024,SCHOOL_VOC
P040273,2024,SCHOOL_VOC
P040281,2024,SCHOOL_VOC
P040282,2024,UNMAPPED_GROUP
P040284,2024,SCHOOL_VOC
P040285,2024,SCHOOL_VOC
P040287,2024,SCHOOL_VOC
P040290,2024,SCHOOL_VOC
P040293,2024,SCHOOL_VOC
P040296,2024,HIGHER_ED
P040301,2024,SCHOOL_VOC
P040305,2024,SCHOOL_VOC
P040311,2024,HIGHER_ED
P040313,2024,SCHOOL_VOC
P040316,2024,SCHOOL_VOC
P040317,2024,SCHOOL_VOC
P040320,2024,HIGHER_ED
P040327,2024,SCHOOL_VOC
P040328,2024,SCHOOL_VOC
P040332,2024,HIGHER_ED
P040336,2024,SCHOOL_VOC
P040338,2024,HIGHER_ED
P040344,2024,HIGHER_ED
P040345,2024,SCHOOL_VOC
P040347,2024,SCHOOL_VOC
P040350,2024,SCHOOL_VOC
P040354,2024,SCHOOL_VOC
P040355,2024,HIGHER_ED
P040356,2024,LOW_NONE
P040357,2024,LOW_NONE
P040358,2024,SCHOOL_VOC
P040360,2024,HIGHER_ED
P040361,2024,SCHOOL_VOC
P040365,2024,SCHOOL_VOC
P040370,2024,SCHOOL_VOC
P040371,2024,
P040374,2024,SCHOOL_VOC
P040375,2024,SCHOOL_VOC
P040376,2024,HIGHER_ED
P040378,2024,SCHOOL_VOC
P040379,2024,SCHOOL_VOC
P040380,2024,SCHOOL_VOC
P040387,2024,SCHOOL_VOC
P040389,2024,SCHOOL_VOC
P040392,2024,HIGHER_ED
P040393,2024,SCHOOL_VOC
P040396,2024,HIGHER_ED
P040398,2024,SCHOOL_VOC
P040399,2024,HIGHER_ED
P040401,2024,SCHOOL_VOC
P040402,2024,HIGHER_ED
P040407,2024,SCHOOL_VOC
P040408,2024,SCHOOL_VOC
P040410,2024,SCHOOL_VOC
P040412,2024,SCHOOL_VOC
P040415,2024,SCHOOL_VOC
P040416,2024,SCHOOL_VOC
P040417,2024,SCHOOL_VOC
P040420,2024,SCHOOL_VOC
P040426,2024,HIGHER_ED
P040428,2024,SCHOOL_VOC
P040429,2024,HIGHER_ED
P040437,2024,SCHOOL_VOC
P040442,2024,SCHOOL_VOC
P040443,2024,SCHOOL_VOC
P040449,2024,HIGHER_ED
P040450,2024,SCHOOL_VOC
P040452,2024,SCHOOL_VOC
P040456,2024,SCHOOL_VOC
P040458,2024,SCHOOL_VOC
,2024,SCHOOL_VOC
P040464,2024,HIGHER_ED
P040468,2024,SCHOOL_VOC
P040470,2024,SCHOOL_VOC
P040473,2024,SCHOOL_VOC
P040474,2024,HIGHER_ED
P040477,2024,HIGHER_ED
P040481,2024,HIGHER_ED
P040485,2024,HIGHER_ED
P040486,2024,HIGHER_ED
P040487,2024,SCHOOL_VOC
P040491,2024,SCHOOL_VOC
P040494,2024,HIGHER_ED
P040496,2024,SCHOOL_VOC
P040498,2024,SCHOOL_VOC
P040500,2024,HIGHER_ED
P040501,2024,SCHOOL_VOC
P040506,2024,HIGHER_ED
P040507,2024,SCHOOL_VOC
P040512,2024,SCHOOL_VOC
P040514,2024,SCHOOL_VOC
P040517,2024,LOW_NONE
P040520,2024,SCHOOL_VOC
P040521,2024,LOW_NONE
P040525,2024,HIGHER_ED
P040529,2024,SCHOOL_VOC
P040537,2024,HIGHER_ED
P040538,2024,SCHOOL_VOC
P040539,2024,HIGHER_ED
P040541,2024,SCHOOL_VOC
P040543,2024,LOW_NONE
P040549,2024,HIGHER_ED
P040551,2024,LOW_NONE
P040552,2024,SCHOOL_VOC
P040558,2024,SCHOOL_VOC
P040560,2024,HIGHER_ED
P040562,2024,SCHOOL_VOC
P040563,2024,SCHOOL_VOC
P040564,2024,HIGHER_ED
P040565,2024,
P040566,2024,HIGHER_ED
P040568,2024,SCHOOL_VOC
P040572,2024,SCHOOL_VOC
P040574,2024,SCHOOL_VOC
P040577,2024,SCHOOL_VOC
P040579,2024,HIGHER_ED
P040580,2024,HIGHER_ED
P040585,2024,SCHOOL_VOC
P040589,2024,SCHOOL_VOC
P040591,2024,SCHOOL_VOC
P040598,2024,HIGHER_ED
P040599,2024,SCHOOL_VOC
P040602,2024,HIGHER_ED
P040604,2024,SCHOOL_VOC
P040605,2024,LOW_NONE
P040606,2024,HIGHER_ED
P040613,2024,SCHOOL_VOC
P040614,2024,SCHOOL_VOC
P040616,2024,SCHOOL_VOC
P040617,2024,SCHOOL_VOC
P040619,2024,SCHOOL_VOC
P040623,2024,LOW_NONE
P040625,2024,SCHOOL_VOC
P040629,2024,HIGHER_ED
P040633,2024,HIGHER_ED
P040634,2024,HIGHER_ED
P040637,2024,SCHOOL_VOC
P040638,2024,SCHOOL_VOC
P040641,2024,HIGHER_ED
P040647,2024,HIGHER_ED
P040649,2024,HIGHER_ED
P040653,2024,SCHOOL_VOC
P040658,2024,HIGHER_ED
P040667,2024,SCHOOL_VOC
P040671,2024,SCHOOL_VOC
P040673,2024,SCHOOL_VOC
P040674,2024,SCHOOL_VOC
P040677,2024,SCHOOL_VOC
P040680,2024,SCHOOL_VOC
P040683,2024,SCHOOL_VOC
P040686,2024,SCHOOL_VOC
P040688,2024,
P040689,2024,SCHOOL_VOC
P040690,2024,LOW_NONE
P040693,2024,HIGHER_ED
P040694,2024,HIGHER_ED
P040696,2024,SCHOOL_VOC
P040701,2024,HIGHER_ED
P040703,2024,SCHOOL_VOC
P040705,2024,LOW_NONE
P040709,2024,SCHOOL_VOC
P040722,2024,HIGHER_ED
P040726,2024,SCHOOL_VOC
P040733,2024,SCHOOL_VOC
P040739,2024,HIGHER_ED
P040742,2024,SCHOOL_VOC
P040743,2024,HIGHER_ED
P040744,2024,SCHOOL_VOC
P040751,2024,SCHOOL_VOC
P040752,2024,HIGHER_ED
P040755,2024,SCHOOL_VOC
P040757,2024,SCHOOL_VOC
P040758,2024,SCHOOL_VOC
P040759,2024,HIGHER_ED
P040767,2024,SCHOOL_VOC
P040769,2024,SCHOOL_VOC
P040772,2024,HIGHER_ED
P040774,2024,HIGHER_ED
P040776,2024,LOW_NONE
P040778,2024,SCHOOL_VOC
P040781,2024,HIGHER_ED
P040783,2024,SCHOOL_VOC
P040785,2024,HIGHER_ED
P040792,2024,HIGHER_ED
P040797,2024,LOW_NONE
P040798,2024,HIGHER_ED
P040802,2024,LOW_NONE
P040804,2024,HIGHER_ED
P040806,2024,SCHOOL_VOC
P040808,2024,SCHOOL_VOC
P040811,2024,HIGHER_ED
P040812,2024,SCHOOL_VOC
P040814,2024,HIGHER_ED
P040823,2024,SCHOOL_VOC
P040825,2024,SCHOOL_VOC
P040826,2024,SCHOOL_VOC
P040827,2024,SCHOOL_VOC
P040831,2024,SCHOOL_VOC
P040833,2024,SCHOOL_VOC
P040834,2024,HIGHER_ED
P040837,2024,HIGHER_ED
P040839,2024,SCHOOL_VOC
P040844,2024,SCHOOL_VOC
P040853,2024,HIGHER_ED
P040855,2024,SCHOOL_VOC
P040857,2024,SCHOOL_VOC
P040863,2024,SCHOOL_VOC
P040864,2024,LOW_NONE
P040865,2024,HIGHER_ED
P040870,2024,SCHOOL_VOC
P040871,2024,HIGHER_ED
P040873,2024,HIGHER_ED
P040874,2024,HIGHER_ED
P040881,2024,SCHOOL_VOC
P040883,2024,HIGHER_ED
P040890,2024,SCHOOL_VOC
P040891,2024,HIGHER_ED
P040896,2024,SCHOOL_VOC
P040898,2024,HIGHER_ED
P040899,2024,SCHOOL_VOC
P040900,2024,SCHOOL_VOC
P040903,2024,SCHOOL_VOC
P040904,2024,SCHOOL_VOC
P040905,2024,SCHOOL_VOC
P040913,2024,SCHOOL_VOC
P040919,2024,SCHOOL_VOC
P040921,2024,HIGHER_ED
P040924,2024,HIGHER_ED
P040935,2024,HIGHER_ED
P040937,2024,UNMAPPED_GROUP
P040939,2024,HIGHER_ED
P040940,2024,SCHOOL_VOC
P040941,2024,HIGHER_ED
P040943,2024,SCHOOL_VOC
P040944,2024,SCHOOL_VOC
P040945,2024,SCHOOL_VOC
P040946,2024,SCHOOL_VOC
P040947,2024,HIGHER_ED
P040948,2024,HIGHER_ED
P040954,2024,LOW_NONE
P040959,2024,HIGHER_ED
P040960,2024,HIGHER_ED
P040962,2024,LOW_NONE
P040969,2024,HIGHER_ED
P040975,2024,SCHOOL_VOC
P040976,2024,SCHOOL_VOC
P040979,2024,HIGHER_ED
P040982,2024,SCHOOL_VOC
P040984,2024,HIGHER_ED
P040987,2024,SCHOOL_VOC
P040988,2024,HIGHER_ED
P040994,2024,HIGHER_ED
P040997,2024,SCHOOL_VOC
P040998,2024,SCHOOL_VOC
P041008,2024,HIGHER_ED
P041009,2024,HIGHER_ED
P041013,2024,HIGHER_ED
P041016,2024,HIGHER_ED
P041021,2024,HIGHER_ED
P041023,2024,SCHOOL_VOC
P041024,2024,SCHOOL_VOC
P041030,2024,HIGHER_ED
P041032,2024,HIGHER_ED
P041033,2024,SCHOOL_VOC
P041040,2024,SCHOOL_VOC
P041041,2024,HIGHER_ED
P041042,2024,SCHOOL_VOC
P041043,2024,HIGHER_ED
P041045,2024,SCHOOL_VOC
P041046,2024,
P041049,2024,HIGHER_ED
P041051,2024,SCHOOL_VOC
P041052,2024,SCHOOL_VOC
P041055,2024,LOW_NONE
P041058,2024,HIGHER_ED
P041059,2024,HIGHER_ED
P041065,2024,SCHOOL_VOC
P041070,2024,SCHOOL_VOC
P041078,2024,SCHOOL_VOC
P041079,2024,HIGHER_ED
P041085,2024,SCHOOL_VOC
P041086,2024,SCHOOL_VOC
P041088,2024,HIGHER_ED
P041091,2024,HIGHER_ED
P041100,2024,HIGHER_ED
P041102,2024,SCHOOL_VOC
P041105,2024,SCHOOL_VOC
P041107,2024,HIGHER_ED
P041109,2024,SCHOOL_VOC
P041110,2024,SCHOOL_VOC
P041111,2024,HIGHER_ED
P041113,2024,SCHOOL_VOC
P041117,2024,HIGHER_ED
P041119,2024,SCHOOL_VOC
P041121,2024,SCHOOL_VOC
P041126,2024,SCHOOL_VOC
P041128,2024,HIGHER_ED
P041129,2024,HIGHER_ED
P041130,2024,SCHOOL_VOC
P041138,2024,SCHOOL_VOC
P041139,2024,SCHOOL_VOC
P041140,2024,SCHOOL_VOC
P041143,2024,SCHOOL_VOC
P041148,2024,SCHOOL_VOC
P041149,2024,LOW_NONE
P041150,2024,SCHOOL_VOC
P041152,2024,SCHOOL_VOC
P041155,2024,SCHOOL_VOC
P041158,2024,SCHOOL_VOC
P041161,2024,SCHOOL_VOC
P041166,2024,SCHOOL_VOC
P041171,2024,SCHOOL_VOC
P041174,2024,HIGHER_ED
P041175,2024,SCHOOL_VOC
P041178,2024,SCHOOL_VOC
P041180,2024,HIGHER_ED
P041183,2024,HIGHER_ED
P041186,2024,
P041192,2024,LOW_NONE
P041196,2024,SCHOOL_VOC
P041197,2024,SCHOOL_VOC
P041200,2024,SCHOOL_VOC
P041204,2024,SCHOOL_VOC
P041205,2024,HIGHER_ED
P041206,2024,SCHOOL_VOC
P041207,2024,SCHOOL_VOC
P041208,2024,SCHOOL_VOC
P041209,2024,HIGHER_ED
P041210,2024,SCHOOL_VOC
P041213,2024,HIGHER_ED
P041215,2024,HIGHER_ED
P041217,2024,
P041221,2024,SCHOOL_VOC
P041224,2024,HIGHER_ED
P041225,2024,HIGHER_ED
P041226,2024,HIGHER_ED
P041230,2024,LOW_NONE
P041236,2024,SCHOOL_VOC
P041237,2024,SCHOOL_VOC
P041238,2024,SCHOOL_VOC
P041239,2024,SCHOOL_VOC
P041241,2024,HIGHER_ED
P041247,2024,SCHOOL_VOC
P041248,2024,SCHOOL_VOC
P041251,2024,HIGHER_ED
P041254,2024,SCHOOL_VOC
P041255,2024,HIGHER_ED
P041256,2024,SCHOOL_VOC
P041259,2024,SCHOOL_VOC
P041268,2024,HIGHER_ED
P041270,2024,HIGHER_ED
P041274,2024,SCHOOL_VOC
P041276,2024,HIGHER_ED
P041278,2024,LOW_NONE
P041281,2024,SCHOOL_VOC
P041282,2024,SCHOOL_VOC
P041283,2024,LOW_NONE
P041289,2024,SCHOOL_VOC
P041290,2024,SCHOOL_VOC
P041291,2024,SCHOOL_VOC
P041293,2024,SCHOOL_VOC
P041295,2024,SCHOOL_VOC
P041297,2024,SCHOOL_VOC
P041298,2024,LOW_NONE
P041301,2024,SCHOOL_VOC
P041310,2024,SCHOOL_VOC
P041311,2024,SCHOOL_VOC
P041312,2024,SCHOOL_VOC
P041315,2024,SCHOOL_VOC
P041322,2024,SCHOOL_VOC
P041327,2024,HIGHER_ED
P041329,2024,SCHOOL_VOC
P041336,2024,SCHOOL_VOC
P041337,2024,
P041338,2024,SCHOOL_VOC
P041341,2024,SCHOOL_VOC
P041344,2024,HIGHER_ED
P041346,2024,HIGHER_ED
P041349,2024,HIGHER_ED
P041358,2024,SCHOOL_VOC
P041362,2024,HIGHER_ED
P041363,2024,HIGHER_ED
P041364,2024,SCHOOL_VOC
P041366,2024,SCHOOL_VOC
P041368,2024,HIGHER_ED
P041373,2024,LOW_NONE
P041378,2024,SCHOOL_VOC
P041379,2024,HIGHER_ED
P041383,2024,SCHOOL_VOC
P041386,2024,HIGHER_ED
P041387,2024,SCHOOL_VOC
P041395,2024,HIGHER_ED
P041400,2024,HIGHER_ED
P041403,2024,SCHOOL_VOC
P041405,2024,HIGHER_ED
P041409,2024,SCHOOL_VOC
P041410,2024,SCHOOL_VOC
P041411,2024,SCHOOL_VOC
P041413,2024,HIGHER_ED
P041419,2024,HIGHER_ED
P041422,2024,SCHOOL_VOC
P041425,2024,SCHOOL_VOC
P041426,2024,SCHOOL_VOC
P041431,2024,SCHOOL_VOC
P041435,2024,SCHOOL_VOC
P041436,2024,SCHOOL_VOC
P041439,2024,SCHOOL_VOC
P041442,2024,HIGHER_ED
P041444,2024,HIGHER_ED
P041449,2024,HIGHER_ED
P041453,2024,LOW_NONE
P041455,2024,HIGHER_ED
P041456,2024,SCHOOL_VOC
P041457,2024,HIGHER_ED
P041477,2024,SCHOOL_VOC
P041479,2024,SCHOOL_VOC
P041481,2024,SCHOOL_VOC
P041483,2024,SCHOOL_VOC
P041484,2024,SCHOOL_VOC
P041485,2024,HIGHER_ED
P041486,2024,HIGHER_ED
P041488,2024,SCHOOL_VOC
P041492,2024,HIGHER_ED
P041494,2024,SCHOOL_VOC
P041495,2024,SCHOOL_VOC
P041497,2024,SCHOOL_VOC
P041498,2024,HIGHER_ED
P041499,2024,HIGHER_ED
P041504,2024,SCHOOL_VOC
P041505,2024,HIGHER_ED
P041507,2024,SCHOOL_VOC
P041513,2024,
P041515,2024,SCHOOL_VOC
P041516,2024,LOW_NONE
P041520,2024,SCHOOL_VOC
P041521,2024,SCHOOL_VOC
P041524,2024,HIGHER_ED
P041525,2024,SCHOOL_VOC
P041529,2024,LOW_NONE
P041530,2024,SCHOOL_VOC
P041538,2024,HIGHER_ED
P041542,2024,LOW_NONE
P041545,2024,HIGHER_ED
P041549,2024,SCHOOL_VOC
P041554,2024,SCHOOL_VOC
P041555,2024,LOW_NONE
P041560,2024,HIGHER_ED
P041567,2024,SCHOOL_VOC
P041568,2024,SCHOOL_VOC
P041572,2024,SCHOOL_VOC
P041575,2024,SCHOOL_VOC
P041582,2024,HIGHER_ED
P041586,2024,HIGHER_ED
P041589,2024,HIGHER_ED
P041596,2024,SCHOOL_VOC
P041597,2024,SCHOOL_VOC
P041599,2024,SCHOOL_VOC
P041600,2024,SCHOOL_VOC
P041602,2024,SCHOOL_VOC
P041604,2024,SCHOOL_VOC
P041607,2024,SCHOOL_VOC
P041608,2024,SCHOOL_VOC
P041611,2024,HIGHER_ED
P041612,2024,SCHOOL_VOC
P041614,2024,HIGHER_ED
P041615,2024,SCHOOL_VOC
P041617,2024,SCHOOL_VOC
P041619,2024,LOW_NONE
P041623,2024,HIGHER_ED
P041625,2024,SCHOOL_VOC
P041626,2024,SCHOOL_VOC
P041628,2024,HIGHER_ED
P041629,2024,HIGHER_ED
P041635,2024,SCHOOL_VOC
P041636,2024,SCHOOL_VOC
P041638,2024,SCHOOL_VOC
P041642,2024,HIGHER_ED
,2024,HIGHER_ED
P041647,2024,SCHOOL_VOC
P041649,2024,SCHOOL_VOC
P041652,2024,SCHOOL_VOC
P041653,2024,SCHOOL_VOC
P041655,2024,HIGHER_ED
P041657,2024,SCHOOL_VOC
P041668,2024,SCHOOL_VOC
P041671,2024,SCHOOL_VOC
P041673,2024,LOW_NONE
P041681,2024,SCHOOL_VOC
P041684,2024,SCHOOL_VOC
P041686,2024,SCHOOL_VOC
P041687,2024,SCHOOL_VOC
P041689,2024,SCHOOL_VOC
P041693,2024,SCHOOL_VOC
P041695,2024,HIGHER_ED
P041697,2024,SCHOOL_VOC
P041700,2024,HIGHER_ED
P041709,2024,SCHOOL_VOC
P041710,2024,SCHOOL_VOC
P041711,2024,SCHOOL_VOC
P041712,2024,HIGHER_ED
P041714,2024,HIGHER_ED
P041722,2024,LOW_NONE
P041724,2024,SCHOOL_VOC
P041727,2024,LOW_NONE
P041728,2024,SCHOOL_VOC
P041729,2024,SCHOOL_VOC
P041732,2024,SCHOOL_VOC
P041734,2024,HIGHER_ED
P041737,2024,SCHOOL_VOC
P041739,2024,SCHOOL_VOC
P041741,2024,HIGHER_ED
P041746,2024,HIGHER_ED
P041748,2024,SCHOOL_VOC
P041751,2024,SCHOOL_VOC
P041753,2024,SCHOOL_VOC
P041756,2024,SCHOOL_VOC
P041760,2024,HIGHER_ED
P041778,2024,SCHOOL_VOC
P041779,2024,SCHOOL_VOC
P041780,2024,SCHOOL_VOC
P041781,2024,LOW_NONE
P041784,2024,SCHOOL_VOC
P041788,2024,SCHOOL_VOC
P041790,2024,SCHOOL_VOC
P041798,2024,HIGHER_ED
P041803,2024,HIGHER_ED
P041805,2024,SCHOOL_VOC
P041812,2023,SCHOOL_VOC
P041816,2024,SCHOOL_VOC
P041817,2024,SCHOOL_VOC
P041818,2024,HIGHER_ED
P041819,2024,HIGHER_ED
P041820,2024,HIGHER_ED
P041822,2024,SCHOOL_VOC
P041828,2024,SCHOOL_VOC
P041830,2024,SCHOOL_VOC
P041833,2024,HIGHER_ED
P041834,2024,HIGHER_ED
P041839,2024,HIGHER_ED
P041842,2024,SCHOOL_VOC
P041843,2024,HIGHER_ED
P041844,2024,HIGHER_ED
P041845,2024,SCHOOL_VOC
P041846,2024,SCHOOL_VOC
P041847,2024,SCHOOL_VOC
P041849,2024,SCHOOL_VOC
P041850,2024,LOW_NONE
P041855,2024,SCHOOL_VOC
P041860,2024,SCHOOL_VOC
P041863,2024,SCHOOL_VOC
P041864,2024,SCHOOL_VOC
P041867,2024,UNMAPPED_GROUP
P041870,2024,SCHOOL_VOC
P041871,2024,SCHOOL_VOC
P041875,2024,SCHOOL_VOC
P041882,2024,SCHOOL_VOC
P041887,2024,HIGHER_ED
P041888,2024,SCHOOL_VOC
P041892,2024,SCHOOL_VOC
P041893,2024,HIGHER_ED
P041894,2024,SCHOOL_VOC
P041896,2024,SCHOOL_VOC
P041898,2024,SCHOOL_VOC
P041899,2024,SCHOOL_VOC
P041900,2024,LOW_NONE
P041902,2024,HIGHER_ED
P041903,2024,HIGHER_ED
P041906,2024,SCHOOL_VOC
P041910,2024,HIGHER_ED
P041911,2024,SCHOOL_VOC
P041912,2024,SCHOOL_VOC
P041913,2024,SCHOOL_VOC
P041914,2024,SCHOOL_VOC
P041915,2024,SCHOOL_VOC
P041916,2024,SCHOOL_VOC
P041917,2024,SCHOOL_VOC
P041921,2024,LOW_NONE
P041922,2024,SCHOOL_VOC
P041923,2024,SCHOOL_VOC
P041924,2024,HIGHER_ED
P041928,2024,SCHOOL_VOC
P041929,2024,HIGHER_ED
,2024,HIGHER_ED
P041932,2024,SCHOOL_VOC
P041934,2024,SCHOOL_VOC
P041937,2024,SCHOOL_VOC
P041942,2024,HIGHER_ED
P041943,2024,SCHOOL_VOC
P041944,2024,SCHOOL_VOC
P041946,2024,HIGHER_ED
P041947,2024,SCHOOL_VOC
P041948,2024,HIGHER_ED
P041949,2024,SCHOOL_VOC
P041950,2024,HIGHER_ED
P041952,2024,SCHOOL_VOC
P041953,2024,SCHOOL_VOC
P041958,2024,SCHOOL_VOC
P041960,2024,SCHOOL_VOC
P041962,2024,HIGHER_ED
P041964,2024,SCHOOL_VOC
P041968,2024,SCHOOL_VOC
P041969,2024,HIGHER_ED
P041971,2024,SCHOOL_VOC
P041974,2024,HIGHER_ED
P041981,2024,HIGHER_ED
P041983,2024,SCHOOL_VOC
P041984,2024,HIGHER_ED
P041986,2024,HIGHER_ED
P041989,2024,LOW_NONE
P041996,2024,HIGHER_ED
P042000,2024,HIGHER_ED
P042004,2024,HIGHER_ED
P042010,2024,SCHOOL_VOC
P042013,2024,SCHOOL_VOC
P042015,2024,HIGHER_ED
P042018,2024,HIGHER_ED
P042020,2024,SCHOOL_VOC
P042024,2024,SCHOOL_VOC
P042028,2024,HIGHER_ED
P042032,2024,SCHOOL_VOC
P042034,2024,SCHOOL_VOC
P042037,2024,SCHOOL_VOC
P042038,2024,SCHOOL_VOC
P042043,2024,SCHOOL_VOC
P042050,2024,SCHOOL_VOC
P042051,2024,HIGHER_ED
P042052,2024,SCHOOL_VOC
P042055,2024,LOW_NONE
P042057,2024,LOW_NONE
P042058,2024,SCHOOL_VOC
P042059,2024,HIGHER_ED
P042062,2024,HIGHER_ED
P042067,2024,LOW_NONE
P042071,2024,LOW_NONE
P042072,2024,SCHOOL_VOC
P042074,2024,SCHOOL_VOC
P042078,2024,HIGHER_ED
P042081,2024,SCHOOL_VOC
P042082,2024,SCHOOL_VOC
P042083,2024,SCHOOL_VOC
P042095,2024,HIGHER_ED
P042096,2024,SCHOOL_VOC
P042097,2024,SCHOOL_VOC
P042099,2024,SCHOOL_VOC
P042100,2024,SCHOOL_VOC
P042102,2024,SCHOOL_VOC
P042103,2024,SCHOOL_VOC
P042107,2024,HIGHER_ED
P042108,2024,HIGHER_ED
P042110,2024,HIGHER_ED
P042113,2024,LOW_NONE
P042115,2024,LOW_NONE
P042124,2024,SCHOOL_VOC
P042126,2024,SCHOOL_VOC
P042129,2024,SCHOOL_VOC
P042131,2024,HIGHER_ED
P042132,2024,HIGHER_ED
P042133,2024,HIGHER_ED
P042135,2024,SCHOOL_VOC
P042138,2024,SCHOOL_VOC
P042144,2023,HIGHER_ED
P042145,2024,SCHOOL_VOC
P042154,2024,LOW_NONE
P042155,2024,HIGHER_ED
P042157,2024,SCHOOL_VOC
P042161,2024,HIGHER_ED
P042162,2024,SCHOOL_VOC
P042163,2024,HIGHER_ED
P042164,2024,SCHOOL_VOC
P042167,2024,SCHOOL_VOC
P042170,2024,SCHOOL_VOC
P042171,2024,SCHOOL_VOC
P042175,2024,SCHOOL_VOC
P042177,2024,SCHOOL_VOC
P042179,2024,SCHOOL_VOC
P042182,2024,HIGHER_ED
P042183,2024,SCHOOL_VOC
P042184,2024,SCHOOL_VOC
P042187,2024,SCHOOL_VOC
P042188,2024,HIGHER_ED
P042189,2024,HIGHER_ED
P042194,2024,SCHOOL_VOC
P042196,2024,HIGHER_ED
P042198,2024,SCHOOL_VOC
P042204,2024,SCHOOL_VOC
P042205,2024,LOW_NONE
P042207,2024,SCHOOL_VOC
P042210,2024,SCHOOL_VOC
P042211,2024,SCHOOL_VOC
P042214,2024,HIGHER_ED
P042218,2024,SCHOOL_VOC
P042220,2024,SCHOOL_VOC
P042223,2024,SCHOOL_VOC
P042226,2024,SCHOOL_VOC
P042242,2024,SCHOOL_VOC
P042244,2024,SCHOOL_VOC
P042245,2024,SCHOOL_VOC
P042248,2024,SCHOOL_VOC
P042249,2024,SCHOOL_VOC
P042250,2024,SCHOOL_VOC
P042264,2024,HIGHER_ED
P042265,2024,SCHOOL_VOC
P042266,2024,SCHOOL_VOC
P042270,2024,SCHOOL_VOC
P042275,2024,SCHOOL_VOC
P042279,2024,HIGHER_ED
P042284,2024,SCHOOL_VOC
P042286,2024,SCHOOL_VOC
P042287,2024,SCHOOL_VOC
P042289,2024,SCHOOL_VOC
P042290,2024,SCHOOL_VOC
P042292,2024,SCHOOL_VOC
P042296,2024,SCHOOL_VOC
,2024,HIGHER_ED
P042300,2024,SCHOOL_VOC
P042305,2024,LOW_NONE
P042306,2024,HIGHER_ED
P042315,2024,SCHOOL_VOC
P042320,2024,HIGHER_ED
P042323,2024,LOW_NONE
P042328,2024,SCHOOL_VOC
P042329,2024,HIGHER_ED
P042330,2024,SCHOOL_VOC
P042331,2024,SCHOOL_VOC
P042332,2024,SCHOOL_VOC
P042335,2024,LOW_NONE
P042336,2024,SCHOOL_VOC
P042341,2024,LOW_NONE
P042342,2024,SCHOOL_VOC
P042343,2024,SCHOOL_VOC
P042344,2024,SCHOOL_VOC
P042348,2024,HIGHER_ED
P042352,2024,HIGHER_ED
P042353,2024,SCHOOL_VOC
P042354,2024,SCHOOL_VOC
P042359,2024,SCHOOL_VOC
P042363,2024,HIGHER_ED
P042365,2024,HIGHER_ED
P042367,2024,SCHOOL_VOC
P042368,2024,SCHOOL_VOC
P042370,2024,LOW_NONE
P042372,2024,SCHOOL_VOC
P042373,2024,HIGHER_ED
P042375,2024,SCHOOL_VOC
P042379,2024,HIGHER_ED
P042384,2024,HIGHER_ED
P042385,2024,SCHOOL_VOC
P042387,2024,SCHOOL_VOC
P042388,2024,SCHOOL_VOC
P042389,2024,SCHOOL_VOC
P042392,2024,SCHOOL_VOC
P042393,2024,SCHOOL_VOC
P042395,2024,HIGHER_ED
P042403,2024,SCHOOL_VOC
P042405,2024,SCHOOL_VOC
P042408,2024,SCHOOL_VOC
P042410,2024,SCHOOL_VOC
P042414,2024,SCHOOL_VOC
P042418,2024,SCHOOL_VOC
P042424,2024,HIGHER_ED
P042425,2024,SCHOOL_VOC
P042426,2024,SCHOOL_VOC
P042427,2024,SCHOOL_VOC
P042428,2024,SCHOOL_VOC
P042429,2024,HIGHER_ED
P042431,2024,SCHOOL_VOC
P042432,2024,SCHOOL_VOC
P042436,2024,SCHOOL_VOC
P042437,2024,HIGHER_ED
P042440,2024,SCHOOL_VOC
P042441,2024,HIGHER_ED
P042444,2024,SCHOOL_VOC
P042445,2024,SCHOOL_VOC
P042450,2024,HIGHER_ED
P042452,2024,SCHOOL_VOC
P042454,2024,SCHOOL_VOC
P042455,2024,SCHOOL_VOC
P042458,2024,HIGHER_ED
P042461,2024,SCHOOL_VOC
P042464,2024,SCHOOL_VOC
P042470,2024,SCHOOL_VOC
P042472,2024,HIGHER_ED
P042474,2024,HIGHER_ED
P042476,2024,SCHOOL_VOC
P042477,2024,SCHOOL_VOC
P042482,2024,SCHOOL_VOC
P042483,2024,
P042485,2024,SCHOOL_VOC
P042487,2024,SCHOOL_VOC
P042494,2024,SCHOOL_VOC
P042501,2024,SCHOOL_VOC
P042503,2023,SCHOOL_VOC
P042506,2024,SCHOOL_VOC
P042509,2024,HIGHER_ED
P042516,2024,SCHOOL_VOC
P042518,2024,SCHOOL_VOC
P042519,2024,SCHOOL_VOC
P042520,2024,SCHOOL_VOC
P042522,2024,SCHOOL_VOC
P042523,2024,SCHOOL_VOC
P042528,2024,SCHOOL_VOC
P042529,2024,SCHOOL_VOC
P042530,2024,LOW_NONE
P042536,2024,LOW_NONE
P042537,2024,SCHOOL_VOC
P042538,2024,SCHOOL_VOC
P042540,2024,SCHOOL_VOC
P042542,2024,HIGHER_ED
P042545,2024,SCHOOL_VOC
P042547,2024,SCHOOL_VOC
P042549,2024,HIGHER_ED
P042552,2024,SCHOOL_VOC
P042553,2024,SCHOOL_VOC
P042557,2024,LOW_NONE
P042558,2024,SCHOOL_VOC
P042559,2024,SCHOOL_VOC
P042560,2024,SCHOOL_VOC
P042561,2024,SCHOOL_VOC
P042562,2024,HIGHER_ED
P042563,2024,SCHOOL_VOC
P042565,2024,SCHOOL_VOC
P042567,2024,SCHOOL_VOC
P042568,2024,SCHOOL_VOC
P042569,2024,SCHOOL_VOC
P042572,2024,SCHOOL_VOC
P042573,2024,SCHOOL_VOC
P042574,2024,SCHOOL_VOC
P042575,2024,HIGHER_ED
P042577,2024,SCHOOL_VOC
P042579,2024,
P042580,2024,SCHOOL_VOC
P042583,2024,SCHOOL_VOC
P042587,2024,SCHOOL_VOC
P042588,2024,SCHOOL_VOC
P042592,2024,SCHOOL_VOC
P042597,2024,SCHOOL_VOC
P042598,2024,HIGHER_ED
P042601,2024,SCHOOL_VOC
P042612,2024,LOW_NONE
P042613,2024,SCHOOL_VOC
P042615,2024,HIGHER_ED
P042617,2024,HIGHER_ED
P042618,2024,SCHOOL_VOC
P042621,2024,SCHOOL_VOC
P042623,2024,SCHOOL_VOC
P042625,2024,SCHOOL_VOC
P042631,2024,SCHOOL_VOC
P042633,2024,SCHOOL_VOC
P042635,2024,SCHOOL_VOC
P042636,2024,SCHOOL_VOC
P042637,2024,SCHOOL_VOC
P042639,2024,HIGHER_ED
P042641,2024,SCHOOL_VOC
P042643,2024,HIGHER_ED
P042648,2024,SCHOOL_VOC
P042651,2024,SCHOOL_VOC
P042654,2024,SCHOOL_VOC
P042656,2024,HIGHER_ED
P042657,2024,SCHOOL_VOC
P042658,2024,SCHOOL_VOC
P042663,2024,SCHOOL_VOC
P042670,2024,LOW_NONE
P042671,2024,HIGHER_ED
P042673,2024,SCHOOL_VOC
P042674,2024,LOW_NONE
P042676,2024,SCHOOL_VOC
P042677,2024,HIGHER_ED
P042678,2024,HIGHER_ED
P042679,2024,SCHOOL_VOC
P042681,2024,SCHOOL_VOC
P042683,2024,SCHOOL_VOC
P042690,2024,LOW_NONE
P042692,2024,HIGHER_ED
P042696,2024,HIGHER_ED
P042697,2024,HIGHER_ED
P042704,2024,SCHOOL_VOC
P042707,2024,SCHOOL_VOC
P042708,2024,SCHOOL_VOC
P042710,2024,SCHOOL_VOC
P042713,2024,SCHOOL_VOC
P042714,2024,SCHOOL_VOC
P042718,2024,SCHOOL_VOC
P042719,2024,HIGHER_ED
P042720,2024,LOW_NONE
P042721,2024,SCHOOL_VOC
P042723,2024,SCHOOL_VOC
P042730,2024,SCHOOL_VOC
P042732,2024,SCHOOL_VOC
P042736,2024,SCHOOL_VOC
P042737,2024,HIGHER_ED
P042738,2024,SCHOOL_VOC
P042739,2024,SCHOOL_VOC
P042740,2024,SCHOOL_VOC
P042745,2024,SCHOOL_VOC
P042746,2024,HIGHER_ED
P042752,2024,SCHOOL_VOC
P042758,2024,HIGHER_ED
P042760,2024,HIGHER_ED
P042762,2024,SCHOOL_VOC
P042764,2024,SCHOOL_VOC
P042767,2024,SCHOOL_VOC
P042769,2024,HIGHER_ED
P042770,2024,SCHOOL_VOC
P042774,2024,LOW_NONE
P042776,2024,LOW_NONE
P042778,2024,SCHOOL_VOC
P042786,2024,SCHOOL_VOC
P042789,2024,SCHOOL_VOC
,2024,LOW_NONE
P042796,2024,SCHOOL_VOC
P042798,2024,SCHOOL_VOC
P042799,2024,HIGHER_ED
P042803,2024,SCHOOL_VOC
P042809,2024,SCHOOL_VOC
P042812,2024,SCHOOL_VOC
P042817,2024,SCHOOL_VOC
P042821,2024,SCHOOL_VOC
P042822,2024,SCHOOL_VOC
P042827,2024,LOW_NONE
P042830,2024,SCHOOL_VOC
P042833,2024,HIGHER_ED
P042840,2024,SCHOOL_VOC
P042841,2024,HIGHER_ED
P042844,2024,SCHOOL_VOC
P042846,2024,SCHOOL_VOC
P042847,2024,SCHOOL_VOC
P042849,2024,HIGHER_ED
P042851,2024,SCHOOL_VOC
P042852,2024,SCHOOL_VOC
P042854,2024,SCHOOL_VOC
P042855,2024,SCHOOL_VOC
P042861,2024,SCHOOL_VOC
P042865,2024,SCHOOL_VOC
P042866,2024,SCHOOL_VOC
P042868,2024,SCHOOL_VOC
P042872,2024,SCHOOL_VOC
P042876,2024,HIGHER_ED
P042877,2024,HIGHER_ED
P042879,2024,SCHOOL_VOC
P042881,2024,SCHOOL_VOC
P042882,2024,SCHOOL_VOC
P042887,2024,HIGHER_ED
P042890,2024,LOW_NONE
P042897,2024,SCHOOL_VOC
P042903,2024,HIGHER_ED
P042904,2024,SCHOOL_VOC
P042907,2024,SCHOOL_VOC
P042909,2024,SCHOOL_VOC
P042916,2024,HIGHER_ED
P042917,2024,HIGHER_ED
P042928,2024,HIGHER_ED
P042929,2024,SCHOOL_VOC
P042930,2024,LOW_NONE
P042931,2024,SCHOOL_VOC
P042932,2024,SCHOOL_VOC
P042934,2024,SCHOOL_VOC
P042939,2024,SCHOOL_VOC
P042940,2024,SCHOOL_VOC
P042945,2024,SCHOOL_VOC
P042949,2024,SCHOOL_VOC
P042952,2024,SCHOOL_VOC
P042957,2024,HIGHER_ED
P042958,2024,SCHOOL_VOC
P042963,2024,HIGHER_ED
P042964,2024,HIGHER_ED
P042967,2024,LOW_NONE
P042974,2024,HIGHER_ED
P042975,2024,HIGHER_ED
P042981,2024,SCHOOL_VOC
P042983,2024,HIGHER_ED
P042984,2024,SCHOOL_VOC
P042985,2024,SCHOOL_VOC
P042988,2024,SCHOOL_VOC
P042992,2024,HIGHER_ED
P042995,2024,HIGHER_ED
P043000,2024,SCHOOL_VOC
P043002,2024,SCHOOL_VOC
P043004,2024,LOW_NONE
P043005,2024,SCHOOL_VOC
P043006,2024,LOW_NONE
P043008,2024,HIGHER_ED
P043015,2024,HIGHER_ED
P043018,2024,LOW_NONE
P043022,2024,HIGHER_ED
P043024,2024,HIGHER_ED
P043027,2024,SCHOOL_VOC
P043030,2024,HIGHER_ED
P043031,2024,SCHOOL_VOC
P043037,2024,SCHOOL_VOC
P043038,2024,HIGHER_ED
P043039,2024,LOW_NONE
P043047,2024,SCHOOL_VOC
P043049,2024,SCHOOL_VOC
P043051,2024,HIGHER_ED
P043054,2024,LOW_NONE
P043062,2024,HIGHER_ED
P043068,2024,SCHOOL_VOC
P043069,2024,HIGHER_ED
P043078,2024,SCHOOL_VOC
P043079,2024,SCHOOL_VOC
P043081,2024,HIGHER_ED
P043083,2024,HIGHER_ED
P043084,2024,SCHOOL_VOC
P043088,2024,HIGHER_ED
P043090,2024,HIGHER_ED
P043094,2024,SCHOOL_VOC
P043097,2024,SCHOOL_VOC
P043099,2024,SCHOOL_VOC
P043100,2024,SCHOOL_VOC
P043104,2024,SCHOOL_VOC
P043110,2024,SCHOOL_VOC
P043111,2024,SCHOOL_VOC
P043112,2024,HIGHER_ED
P043117,2024,SCHOOL_VOC
P043126,2024,LOW_NONE
P043128,2024,HIGHER_ED
P043129,2024,HIGHER_ED
P043130,2024,SCHOOL_VOC
P043131,2024,SCHOOL_VOC
P043134,2024,LOW_NONE
P043136,2024,SCHOOL_VOC
P043138,2024,HIGHER_ED
P043139,2024,LOW_NONE
P043141,2024,SCHOOL_VOC
P043143,2024,HIGHER_ED
P043145,2024,SCHOOL_VOC
P043146,2024,HIGHER_ED
P043148,2024,HIGHER_ED
P043149,2024,HIGHER_ED
P043153,2024,SCHOOL_VOC
P043156,2024,SCHOOL_VOC
P043158,2024,SCHOOL_VOC
P043159,2024,SCHOOL_VOC
P043160,2024,LOW_NONE
P043161,2024,SCHOOL_VOC
P043175,2024,LOW_NONE
P043176,2024,SCHOOL_VOC
P043179,2024,SCHOOL_VOC
P043180,2024,SCHOOL_VOC
P043184,2024,SCHOOL_VOC
P043185,2024,SCHOOL_VOC
P043186,2024,SCHOOL_VOC
P043188,2024,HIGHER_ED
P043192,2024,SCHOOL_VOC
P043197,2024,LOW_NONE
P043205,2024,SCHOOL_VOC
P043208,2024,HIGHER_ED
P043213,2024,SCHOOL_VOC
P043215,2024,SCHOOL_VOC
P043216,2024,LOW_NONE
P043231,2024,SCHOOL_VOC
P043235,2024,SCHOOL_VOC
P043242,2024,HIGHER_ED
P043243,2024,SCHOOL_VOC
P043244,2024,SCHOOL_VOC
P043250,2024,SCHOOL_VOC
P043255,2024,SCHOOL_VOC
P043258,2024,SCHOOL_VOC
P043261,2024,SCHOOL_VOC
P043265,2024,SCHOOL_VOC
P043276,2024,SCHOOL_VOC
P043277,2024,SCHOOL_VOC
P043279,2024,HIGHER_ED
P043282,2024,SCHOOL_VOC
P043288,2024,SCHOOL_VOC
P043289,2024,SCHOOL_VOC
P043292,2024,SCHOOL_VOC
P043294,2024,SCHOOL_VOC
P043296,2024,LOW_NONE
P043299,2024,SCHOOL_VOC
P043300,2024,SCHOOL_VOC
P043301,2024,SCHOOL_VOC
P043302,2024,HIGHER_ED
P043303,2024,SCHOOL_VOC
P043304,2024,HIGHER_ED
P043306,2024,SCHOOL_VOC
P043309,2024,SCHOOL_VOC
P043310,2024,HIGHER_ED
P043311,2024,HIGHER_ED
P043313,2024,HIGHER_ED
P043314,2024,SCHOOL_VOC
P043315,2024,HIGHER_ED
P043317,2024,SCHOOL_VOC
P043319,2024,SCHOOL_VOC
P043320,2024,LOW_NONE
P043321,2024,SCHOOL_VOC
P043323,2024,HIGHER_ED
P043325,2024,HIGHER_ED
P043329,2024,SCHOOL_VOC
P043335,2024,HIGHER_ED
P043338,2024,SCHOOL_VOC
P043341,2024,SCHOOL_VOC
P043344,2024,SCHOOL_VOC
P043349,2024,SCHOOL_VOC
P043353,2024,SCHOOL_VOC
P043354,2024,HIGHER_ED
P043360,2024,SCHOOL_VOC
P043362,2024,HIGHER_ED
P043363,2024,HIGHER_ED
P043364,2024,HIGHER_ED
P043366,2024,SCHOOL_VOC
P043369,2024,SCHOOL_VOC
P043371,2024,SCHOOL_VOC
P043372,2024,SCHOOL_VOC
P043373,2024,SCHOOL_VOC
P043374,2024,SCHOOL_VOC
P043375,2024,SCHOOL_VOC
P043378,2024,SCHOOL_VOC
P043380,2024,HIGHER_ED
P043382,2024,SCHOOL_VOC
P043383,2024,SCHOOL_VOC
P043384,2024,SCHOOL_VOC
P043390,2024,
P043392,2024,SCHOOL_VOC
P043393,2024,HIGHER_ED
P043395,2024,SCHOOL_VOC
P043396,2024,SCHOOL_VOC
P043398,2024,HIGHER_ED
P043400,2024,SCHOOL_VOC
P043401,2024,HIGHER_ED
P043409,2024,SCHOOL_VOC
P043411,2024,SCHOOL_VOC
P043412,2024,SCHOOL_VOC
P043414,2024,SCHOOL_VOC
P043415,2024,SCHOOL_VOC
P043417,2024,LOW_NONE
P043419,2024,SCHOOL_VOC
P043423,2024,HIGHER_ED
P043427,2024,SCHOOL_VOC
P043430,2024,SCHOOL_VOC
P043433,2024,SCHOOL_VOC
P043437,2024,SCHOOL_VOC
P043440,2024,SCHOOL_VOC
P043443,2024,SCHOOL_VOC
P043448,2024,HIGHER_ED
P043449,2024,UNMAPPED_GROUP
P043451,2024,SCHOOL_VOC
P043458,2024,SCHOOL_VOC
P043462,2024,SCHOOL_VOC
P043466,2024,SCHOOL_VOC
P043467,2024,SCHOOL_VOC
P043470,2024,SCHOOL_VOC
P043472,2024,SCHOOL_VOC
P043480,2024,HIGHER_ED
P043484,2024,SCHOOL_VOC
P043487,2024,HIGHER_ED
P043489,2024,SCHOOL_VOC
P043490,2024,SCHOOL_VOC
P043491,2024,SCHOOL_VOC
P043493,2024,HIGHER_ED
P043500,2024,HIGHER_ED
P043508,2024,HIGHER_ED
P043513,2024,LOW_NONE
P043516,2024,SCHOOL_VOC
P043517,2024,SCHOOL_VOC
P043523,2024,LOW_NONE
P043526,2024,SCHOOL_VOC
P043527,2024,SCHOOL_VOC
P043528,2024,SCHOOL_VOC
P043531,2024,SCHOOL_VOC
P043532,2024,SCHOOL_VOC
P043534,2024,HIGHER_ED
P043536,2024,SCHOOL_VOC
P043537,2024,
P043540,2024,SCHOOL_VOC
P043541,2024,SCHOOL_VOC
P043542,2024,HIGHER_ED
P043545,2024,SCHOOL_VOC
P043547,2024,HIGHER_ED
P043549,2024,SCHOOL_VOC
P043557,2024,HIGHER_ED
P043561,2024,HIGHER_ED
P043563,2024,SCHOOL_VOC
P043564,2024,HIGHER_ED
P043566,2024,HIGHER_ED
P043570,2024,SCHOOL_VOC
P043574,2024,SCHOOL_VOC
P043576,2024,SCHOOL_VOC
P043578,2024,SCHOOL_VOC
P043579,2024,SCHOOL_VOC
P043581,2024,HIGHER_ED
P043585,2024,SCHOOL_VOC
P043593,2024,SCHOOL_VOC
P043595,2024,SCHOOL_VOC
P043596,2024,SCHOOL_VOC
P043598,2024,SCHOOL_VOC
P043608,2024,LOW_NONE
P043610,2024,SCHOOL_VOC
P043613,2024,SCHOOL_VOC
P043614,2024,SCHOOL_VOC
P043615,2024,HIGHER_ED
P043618,2024,SCHOOL_VOC
P043619,2024,SCHOOL_VOC
P043623,2024,SCHOOL_VOC
P043631,2024,SCHOOL_VOC
P043636,2024,HIGHER_ED
P043639,2024,SCHOOL_VOC
P043643,2024,SCHOOL_VOC
P043644,2024,SCHOOL_VOC
P043649,2024,SCHOOL_VOC
P043651,2024,SCHOOL_VOC
P043654,2024,SCHOOL_VOC
P043658,2024,HIGHER_ED
P043659,2024,HIGHER_ED
P043662,2024,SCHOOL_VOC
P043666,2024,HIGHER_ED
P043668,2024,SCHOOL_VOC
P043673,2024,SCHOOL_VOC
P043676,2024,LOW_NONE
P043677,2024,SCHOOL_VOC
P043679,2024,SCHOOL_VOC
P043680,2024,SCHOOL_VOC
P043684,2024,SCHOOL_VOC
P043691,2024,SCHOOL_VOC
P043693,2024,SCHOOL_VOC
P043694,2024,SCHOOL_VOC
P043699,2024,SCHOOL_VOC
P043701,2024,HIGHER_ED
P043704,2024,SCHOOL_VOC
P043707,2024,SCHOOL_VOC
P043709,2024,SCHOOL_VOC
P043711,2024,HIGHER_ED
P043712,2024,SCHOOL_VOC
P043713,2024,SCHOOL_VOC
P043716,2024,HIGHER_ED
P043720,2024,SCHOOL_VOC
P043721,2024,SCHOOL_VOC
P043730,2024,SCHOOL_VOC
P043734,2024,SCHOOL_VOC
P043735,2024,LOW_NONE
P043736,2024,HIGHER_ED
P043737,2024,HIGHER_ED
P043738,2024,SCHOOL_VOC
P043739,2024,SCHOOL_VOC
P043741,2024,SCHOOL_VOC
P043743,2024,HIGHER_ED
P043745,2024,LOW_NONE
P043746,2024,SCHOOL_VOC
P043747,2024,SCHOOL_VOC
P043749,2024,SCHOOL_VOC
P043750,2024,SCHOOL_VOC
P043751,2024,SCHOOL_VOC
P043753,2024,LOW_NONE
P043755,2024,HIGHER_ED
P043759,2024,SCHOOL_VOC
P043764,2024,SCHOOL_VOC
P043769,2024,SCHOOL_VOC
P043770,2024,HIGHER_ED
P043774,2024,HIGHER_ED
P043777,2024,SCHOOL_VOC
P043778,2024,SCHOOL_VOC
P043780,2024,HIGHER_ED
P043781,2024,SCHOOL_VOC
P043786,2024,SCHOOL_VOC
P043790,2024,SCHOOL_VOC
P043793,2024,SCHOOL_VOC
P043797,2024,SCHOOL_VOC
P043798,2024,SCHOOL_VOC
P043800,2024,HIGHER_ED
P043801,2024,LOW_NONE
P043805,2024,SCHOOL_VOC
P043807,2024,SCHOOL_VOC
P043810,2024,SCHOOL_VOC
P043811,2024,SCHOOL_VOC
P043813,2024,SCHOOL_VOC
P043819,2024,SCHOOL_VOC
P043824,2024,SCHOOL_VOC
P043829,2024,HIGHER_ED
P043830,2024,SCHOOL_VOC
P043831,2024,HIGHER_ED
P043834,2024,SCHOOL_VOC
P043835,2024,SCHOOL_VOC
P043836,2024,SCHOOL_VOC
P043838,2024,SCHOOL_VOC
P043839,2024,LOW_NONE
P043840,2024,SCHOOL_VOC
P043841,2024,SCHOOL_VOC
P043842,2024,SCHOOL_VOC
P043845,2024,HIGHER_ED
P043847,2024,SCHOOL_VOC
P043848,2024,HIGHER_ED
P043852,2024,SCHOOL_VOC
P043855,2024,SCHOOL_VOC
P043857,2024,SCHOOL_VOC
P043858,2024,SCHOOL_VOC
P043861,2024,SCHOOL_VOC
P043863,2024,SCHOOL_VOC
P043869,2024,SCHOOL_VOC
P043872,2024,HIGHER_ED
P043874,2024,HIGHER_ED
P043876,2024,HIGHER_ED
P043882,2024,HIGHER_ED
P043884,2024,HIGHER_ED
P043890,2024,SCHOOL_VOC
P043894,2024,SCHOOL_VOC
P043905,2024,SCHOOL_VOC
P043906,2024,SCHOOL_VOC
P043907,2024,HIGHER_ED
P043908,2024,SCHOOL_VOC
P043916,2024,SCHOOL_VOC
P043917,2024,SCHOOL_VOC
P043920,2024,SCHOOL_VOC
P043923,2024,SCHOOL_VOC
P043926,2024,HIGHER_ED
P043931,2024,SCHOOL_VOC
P043932,2024,SCHOOL_VOC
P043933,2024,SCHOOL_VOC
P043935,2024,SCHOOL_VOC
P043944,2024,LOW_NONE
P043954,2024,SCHOOL_VOC
P043956,2024,SCHOOL_VOC
P043962,2024,SCHOOL_VOC
P043963,2024,SCHOOL_VOC
P043964,2024,SCHOOL_VOC
P043967,2024,SCHOOL_VOC
P043974,2024,SCHOOL_VOC
P043975,2024,HIGHER_ED
P043977,2024,SCHOOL_VOC
P043978,2024,SCHOOL_VOC
P043979,2024,SCHOOL_VOC
P043980,2024,SCHOOL_VOC
P043981,2024,SCHOOL_VOC
P043986,2024,HIGHER_ED
P043990,2024,HIGHER_ED
P043994,2024,SCHOOL_VOC
P043997,2024,SCHOOL_VOC
P043998,2024,HIGHER_ED
P044001,2024,SCHOOL_VOC
P044011,2024,HIGHER_ED
P044012,2024,SCHOOL_VOC
P044016,2024,SCHOOL_VOC
P044019,2024,SCHOOL_VOC
P044020,2024,SCHOOL_VOC
P044022,2024,HIGHER_ED
P044027,2024,SCHOOL_VOC
P044033,2024,SCHOOL_VOC
P044037,2024,
P044042,2024,SCHOOL_VOC
P044043,2024,LOW_NONE
P044045,2024,HIGHER_ED
P044046,2024,LOW_NONE
P044049,2024,SCHOOL_VOC
P044050,2024,LOW_NONE
P044052,2024,HIGHER_ED
P044055,2024,HIGHER_ED
P044056,2024,SCHOOL_VOC
P044059,2024,HIGHER_ED
P044060,2024,SCHOOL_VOC
P044062,2024,SCHOOL_VOC
P044064,2024,SCHOOL_VOC
P044065,2024,SCHOOL_VOC
P044066,2024,SCHOOL_VOC
P044067,2024,SCHOOL_VOC
P044071,2024,SCHOOL_VOC
P044075,2024,SCHOOL_VOC
P044076,2024,SCHOOL_VOC
P044079,2024,HIGHER_ED
P044081,2024,HIGHER_ED
P044082,2024,SCHOOL_VOC
P044085,2024,LOW_NONE
P044087,2024,SCHOOL_VOC
P044088,2024,HIGHER_ED
P044090,2024,HIGHER_ED
P044093,2024,SCHOOL_VOC
P044094,2024,SCHOOL_VOC
P044096,2024,SCHOOL_VOC
P044099,2024,SCHOOL_VOC
P044102,2024,SCHOOL_VOC
P044104,2024,SCHOOL_VOC
P044108,2024,SCHOOL_VOC
P044110,2024,SCHOOL_VOC
P044112,2024,SCHOOL_VOC
P044114,2024,SCHOOL_VOC
P044115,2024,HIGHER_ED
P044116,2024,
P044117,2024,SCHOOL_VOC
P044118,2024,HIGHER_ED
P044119,2024,SCHOOL_VOC
P044121,2024,HIGHER_ED
P044125,2024,SCHOOL_VOC
P044127,2024,SCHOOL_VOC
P044133,2024,HIGHER_ED
P044142,2024,SCHOOL_VOC
P044143,2024,SCHOOL_VOC
P044145,2024,SCHOOL_VOC
P044146,2024,HIGHER_ED
P044151,2024,SCHOOL_VOC
P044152,2024,HIGHER_ED
P044155,2024,LOW_NONE
P044159,2024,SCHOOL_VOC
P044160,2024,SCHOOL_VOC
P044161,2024,HIGHER_ED
P044162,2024,SCHOOL_VOC
P044165,2024,HIGHER_ED
P044169,2024,SCHOOL_VOC
P044171,2024,LOW_NONE
P044172,2024,LOW_NONE
P044173,2024,HIGHER_ED
P044177,2024,HIGHER_ED
P044181,2024,HIGHER_ED
P044183,2024,SCHOOL_VOC
P044187,2024,HIGHER_ED
P044188,2024,HIGHER_ED
P044189,2024,HIGHER_ED
P044190,2024,SCHOOL_VOC
P044196,2024,SCHOOL_VOC
P044197,2024,SCHOOL_VOC
P044201,2024,SCHOOL_VOC
P044204,2024,SCHOOL_VOC
P044205,2024,SCHOOL_VOC
P044206,2024,HIGHER_ED
P044207,2024,SCHOOL_VOC
P044208,2024,SCHOOL_VOC
P044209,2024,SCHOOL_VOC
P044210,2024,SCHOOL_VOC
P044211,2024,SCHOOL_VOC
P044213,2024,SCHOOL_VOC
P044215,2024,SCHOOL_VOC
P044218,2024,SCHOOL_VOC
P044219,2024,HIGHER_ED
P044221,2024,LOW_NONE
P044225,2024,SCHOOL_VOC
P044227,2024,SCHOOL_VOC
P044229,2024,HIGHER_ED
P044235,2024,
P044237,2024,LOW_NONE
P044242,2024,SCHOOL_VOC
P044246,2024,SCHOOL_VOC
P044247,2024,SCHOOL_VOC
P044249,2024,SCHOOL_VOC
P044252,2024,SCHOOL_VOC
P044254,2024,SCHOOL_VOC
P044256,2024,HIGHER_ED
P044258,2024,HIGHER_ED
P044260,2024,SCHOOL_VOC
P044267,2024,SCHOOL_VOC
P044268,2024,SCHOOL_VOC
P044269,2024,SCHOOL_VOC
P044272,2024,SCHOOL_VOC
P044274,2024,LOW_NONE
P044275,2024,SCHOOL_VOC
P044276,2024,HIGHER_ED
P044278,2024,SCHOOL_VOC
P044283,2024,SCHOOL_VOC
P044290,2024,SCHOOL_VOC
P044292,2024,LOW_NONE
P044293,2024,SCHOOL_VOC
P044295,2024,SCHOOL_VOC
P044296,2024,SCHOOL_VOC
P044298,2024,HIGHER_ED
P044302,2024,HIGHER_ED
P044305,2024,SCHOOL_VOC
P044310,2024,SCHOOL_VOC
P044311,2024,LOW_NONE
P044312,2024,HIGHER_ED
P044313,2024,SCHOOL_VOC
P044317,2024,SCHOOL_VOC
P044321,2024,HIGHER_ED
P044325,2024,HIGHER_ED
P044331,2024,SCHOOL_VOC
P044336,2024,SCHOOL_VOC
P044337,2024,HIGHER_ED
P044338,2024,SCHOOL_VOC
P044339,2024,LOW_NONE
P044344,2024,HIGHER_ED
P044345,2024,SCHOOL_VOC
P044349,2024,SCHOOL_VOC
P044354,2024,SCHOOL_VOC
P044355,2024,LOW_NONE
P044356,2024,HIGHER_ED
P044357,2024,SCHOOL_VOC
P044359,2024,HIGHER_ED
P044360,2024,HIGHER_ED
P044361,2024,SCHOOL_VOC
,2024,SCHOOL_VOC
P044367,2024,SCHOOL_VOC
P044369,2024,SCHOOL_VOC
P044371,2024,HIGHER_ED
P044378,2024,HIGHER_ED
P044379,2024,LOW_NONE
P044384,2024,SCHOOL_VOC
P044385,2024,SCHOOL_VOC
P044386,2024,HIGHER_ED
P044391,2024,SCHOOL_VOC
P044392,2024,HIGHER_ED
P044396,2024,SCHOOL_VOC
P044399,2024,SCHOOL_VOC
P044401,2024,SCHOOL_VOC
P044403,2024,SCHOOL_VOC
P044404,2024,SCHOOL_VOC
P044405,2024,SCHOOL_VOC
P044407,2024,SCHOOL_VOC
P044413,2024,HIGHER_ED
P044415,2024,SCHOOL_VOC
P044418,2024,SCHOOL_VOC
P044419,2024,SCHOOL_VOC
P044421,2024,SCHOOL_VOC
P044422,2024,SCHOOL_VOC
P044424,2024,SCHOOL_VOC
P044427,2024,HIGHER_ED
P044434,2024,SCHOOL_VOC
P044438,2024,SCHOOL_VOC
P044439,2024,HIGHER_ED
P044440,2024,HIGHER_ED
P044442,2024,SCHOOL_VOC
P044444,2023,SCHOOL_VOC
P044445,2024,SCHOOL_VOC
P044446,2024,HIGHER_ED
P044448,2024,LOW_NONE
P044449,2024,HIGHER_ED
P044456,2024,SCHOOL_VOC
P044457,2024,SCHOOL_VOC
P044461,2024,SCHOOL_VOC
P044464,2024,LOW_NONE
P044469,2024,HIGHER_ED
P044473,2024,LOW_NONE
P044474,2024,SCHOOL_VOC
P044480,2024,SCHOOL_VOC
P044486,2024,HIGHER_ED
P044487,2024,SCHOOL_VOC
P044489,2024,SCHOOL_VOC
P044491,2024,HIGHER_ED
P044493,2024,SCHOOL_VOC
P044500,2024,SCHOOL_VOC
P044503,2024,SCHOOL_VOC
P044504,2024,SCHOOL_VOC
P044509,2024,HIGHER_ED
P044511,2024,SCHOOL_VOC
P044512,2024,SCHOOL_VOC
P044515,2024,SCHOOL_VOC
P044517,2024,SCHOOL_VOC
P044518,2024,HIGHER_ED
P044520,2024,HIGHER_ED
P044522,2024,HIGHER_ED
P044528,2024,SCHOOL_VOC
P044536,2024,HIGHER_ED
P044537,2024,HIGHER_ED
P044539,2024,SCHOOL_VOC
P044543,2024,SCHOOL_VOC
P044544,2024,SCHOOL_VOC
P044550,2024,SCHOOL_VOC
P044552,2024,SCHOOL_VOC
P044553,2024,SCHOOL_VOC
P044557,2024,SCHOOL_VOC
P044559,2024,HIGHER_ED
P044564,2024,HIGHER_ED
P044567,2024,SCHOOL_VOC
P044568,2024,SCHOOL_VOC
P044570,2024,HIGHER_ED
P044571,2024,HIGHER_ED
P044572,2024,SCHOOL_VOC
P044577,2024,SCHOOL_VOC
P044578,2024,SCHOOL_VOC
P044580,2024,LOW_NONE
P044586,2024,SCHOOL_VOC
P044590,2024,SCHOOL_VOC
P044591,2024,LOW_NONE
P044594,2024,
P044596,2024,SCHOOL_VOC
P044597,2024,SCHOOL_VOC
P044601,2024,HIGHER_ED
P044603,2024,SCHOOL_VOC
P044609,2024,LOW_NONE
P044610,2024,SCHOOL_VOC
P044622,2024,HIGHER_ED
P044628,2024,SCHOOL_VOC
P044634,2024,SCHOOL_VOC
P044635,2024,SCHOOL_VOC
P044638,2024,SCHOOL_VOC
P044639,2023,SCHOOL_VOC
P044643,2024,HIGHER_ED
P044644,2024,SCHOOL_VOC
P044646,2024,SCHOOL_VOC
P044648,2024,HIGHER_ED
P044650,2024,HIGHER_ED
P044658,2024,SCHOOL_VOC
P044659,2024,SCHOOL_VOC
P044667,2024,HIGHER_ED
P044668,2024,SCHOOL_VOC
P044670,2024,SCHOOL_VOC
P044672,2024,SCHOOL_VOC
P044674,2024,SCHOOL_VOC
P044675,2024,SCHOOL_VOC
P044680,2024,SCHOOL_VOC
P044682,2024,HIGHER_ED
P044686,2024,HIGHER_ED
P044687,2024,SCHOOL_VOC
P044689,2024,SCHOOL_VOC
P044693,2024,SCHOOL_VOC
P044697,2024,LOW_NONE
P044699,2024,
P044703,2024,HIGHER_ED
P044704,2024,SCHOOL_VOC
P044706,2024,SCHOOL_VOC
P044708,2024,HIGHER_ED
P044709,2024,SCHOOL_VOC
P044711,2024,HIGHER_ED
P044712,2024,LOW_NONE
P044714,2024,HIGHER_ED
P044717,2024,SCHOOL_VOC
P044719,2024,HIGHER_ED
P044720,2024,LOW_NONE
P044723,2024,SCHOOL_VOC
P044724,2024,SCHOOL_VOC
,2024,SCHOOL_VOC
P044727,2024,HIGHER_ED
P044728,2024,LOW_NONE
P044729,2024,HIGHER_ED
P044730,2024,SCHOOL_VOC
P044733,2024,SCHOOL_VOC
P044735,2024,SCHOOL_VOC
P044736,2024,LOW_NONE
P044737,2024,SCHOOL_VOC
P044738,2024,HIGHER_ED
P044743,2024,HIGHER_ED
P044744,2024,HIGHER_ED
P044750,2024,SCHOOL_VOC
P044751,2024,SCHOOL_VOC
P044753,2024,SCHOOL_VOC
P044754,2024,SCHOOL_VOC
P044761,2024,SCHOOL_VOC
P044762,2024,SCHOOL_VOC
P044764,2024,SCHOOL_VOC
P044766,2024,SCHOOL_VOC
P044768,2024,SCHOOL_VOC
P044769,2024,LOW_NONE
P044772,2024,SCHOOL_VOC
P044778,2024,SCHOOL_VOC
P044780,2024,SCHOOL_VOC
P044781,2024,SCHOOL_VOC
P044782,2024,SCHOOL_VOC
P044784,2024,LOW_NONE
P044786,2024,LOW_NONE
P044789,2024,HIGHER_ED
P044790,2024,SCHOOL_VOC
P044791,2024,SCHOOL_VOC
P044801,2024,HIGHER_ED
P044803,2024,SCHOOL_VOC
P044808,2024,HIGHER_ED
P044809,2024,HIGHER_ED
P044812,2024,HIGHER_ED
P044813,2024,SCHOOL_VOC
P044822,2024,HIGHER_ED
P044824,2024,SCHOOL_VOC
P044827,2024,SCHOOL_VOC
P044828,2024,HIGHER_ED
P044829,2024,SCHOOL_VOC
P044830,2024,SCHOOL_VOC
P044831,2024,SCHOOL_VOC
P044832,2024,HIGHER_ED
P044834,2024,SCHOOL_VOC
P044837,2024,SCHOOL_VOC
P044840,2024,HIGHER_ED
P044841,2024,SCHOOL_VOC
P044843,2024,HIGHER_ED
P044844,2024,HIGHER_ED
P044845,2024,SCHOOL_VOC
P044847,2024,SCHOOL_VOC
P044856,2024,HIGHER_ED
P044857,2024,SCHOOL_VOC
P044859,2024,HIGHER_ED
P044861,2024,SCHOOL_VOC
P044862,2024,SCHOOL_VOC
P044865,2024,SCHOOL_VOC
P044866,2024,SCHOOL_VOC
P044869,2024,SCHOOL_VOC
P044871,2024,SCHOOL_VOC
P044873,2024,HIGHER_ED
P044876,2024,SCHOOL_VOC
P044881,2024,SCHOOL_VOC
P044884,2024,HIGHER_ED
P044886,2024,HIGHER_ED
P044887,2024,SCHOOL_VOC
P044889,2024,HIGHER_ED
P044890,2024,LOW_NONE
P044891,2024,SCHOOL_VOC
P044893,2024,SCHOOL_VOC
P044894,2024,HIGHER_ED
P044895,2024,HIGHER_ED
P044897,2024,HIGHER_ED
P044898,2024,SCHOOL_VOC
P044899,2024,SCHOOL_VOC
P044901,2024,HIGHER_ED
P044904,2024,SCHOOL_VOC
P044907,2024,HIGHER_ED
P044908,2024,SCHOOL_VOC
P044909,2024,SCHOOL_VOC
P044910,2024,SCHOOL_VOC
P044911,2024,LOW_NONE
P044916,2024,SCHOOL_VOC
P044919,2024,SCHOOL_VOC
P044923,2024,SCHOOL_VOC
P044927,2024,SCHOOL_VOC
P044930,2024,SCHOOL_VOC
P044932,2024,LOW_NONE
P044937,2024,HIGHER_ED
P044938,2024,SCHOOL_VOC
P044944,2024,SCHOOL_VOC
P044945,2024,SCHOOL_VOC
P044946,2024,SCHOOL_VOC
P044948,2024,SCHOOL_VOC
P044953,2024,SCHOOL_VOC
P044954,2024,SCHOOL_VOC
P044958,2024,SCHOOL_VOC
P044961,2024,SCHOOL_VOC
P044966,2024,SCHOOL_VOC
P044967,2024,SCHOOL_VOC
P044969,2024,SCHOOL_VOC
P044970,2024,SCHOOL_VOC
P044976,2024,SCHOOL_VOC
P044980,2024,LOW_NONE
P044982,2024,HIGHER_ED
P044985,2024,SCHOOL_VOC
P044987,2024,SCHOOL_VOC
P044988,2024,SCHOOL_VOC
P044992,2024,SCHOOL_VOC
P044993,2024,LOW_NONE
P044994,2024,SCHOOL_VOC
P045001,2024,SCHOOL_VOC
P045005,2024,SCHOOL_VOC
P045006,2024,SCHOOL_VOC
P045007,2024,SCHOOL_VOC
P045011,2024,SCHOOL_VOC
P045015,2024,SCHOOL_VOC
P045018,2024,SCHOOL_VOC
P045019,2024,SCHOOL_VOC
P045021,2024,HIGHER_ED
P045023,2024,SCHOOL_VOC
P045027,2024,SCHOOL_VOC
P045029,2024,HIGHER_ED
P045030,2024,HIGHER_ED
P045035,2024,HIGHER_ED
P045036,2024,HIGHER_ED
P045040,2024,SCHOOL_VOC
P045046,2024,SCHOOL_VOC
P045048,2024,SCHOOL_VOC
P045049,2024,HIGHER_ED
P045050,2024,SCHOOL_VOC
P045052,2024,SCHOOL_VOC
P045054,2024,HIGHER_ED
P045057,2024,SCHOOL_VOC
P045062,2024,HIGHER_ED
P045072,2024,SCHOOL_VOC
P045073,2024,HIGHER_ED
P045074,2024,SCHOOL_VOC
P045084,2024,SCHOOL_VOC
P045085,2024,SCHOOL_VOC
P045086,2024,HIGHER_ED
P045089,2024,SCHOOL_VOC
P045094,2024,HIGHER_ED
P045096,2024,SCHOOL_VOC
P045098,2024,SCHOOL_VOC
P045099,2024,SCHOOL_VOC
P045100,2024,HIGHER_ED
P045102,2024,SCHOOL_VOC
P045103,2024,HIGHER_ED
P045104,2024,SCHOOL_VOC
P045107,2024,SCHOOL_VOC
P045113,2024,SCHOOL_VOC
P045116,2024,SCHOOL_VOC
P045119,2024,SCHOOL_VOC
P045121,2024,SCHOOL_VOC
P045122,2024,HIGHER_ED
P045126,2024,HIGHER_ED
P045128,2024,HIGHER_ED
P045134,2024,SCHOOL_VOC
P045138,2024,SCHOOL_VOC
P045140,2024,SCHOOL_VOC
P045146,2024,SCHOOL_VOC
P045147,2024,SCHOOL_VOC
P045148,2024,SCHOOL_VOC
P045149,2024,SCHOOL_VOC
P045153,2024,LOW_NONE
P045155,2024,SCHOOL_VOC
P045158,2024,SCHOOL_VOC
P045159,2024,SCHOOL_VOC
P045167,2024,SCHOOL_VOC
P045169,2024,HIGHER_ED
P045172,2024,HIGHER_ED
P045173,2024,SCHOOL_VOC
P045174,2024,HIGHER_ED
P045175,2024,SCHOOL_VOC
P045178,2024,SCHOOL_VOC
P045180,2024,SCHOOL_VOC
P045181,2024,SCHOOL_VOC
P045184,2024,HIGHER_ED
P045189,2024,SCHOOL_VOC
P045191,2024,LOW_NONE
P045193,2024,SCHOOL_VOC
P045195,2024,SCHOOL_VOC
P045198,2024,HIGHER_ED
P045207,2024,SCHOOL_VOC
P045210,2024,SCHOOL_VOC
P045211,2024,
P045218,2024,SCHOOL_VOC
P045224,2024,SCHOOL_VOC
P045225,2024,HIGHER_ED
P045229,2024,SCHOOL_VOC
P045230,2024,HIGHER_ED
P045238,2024,SCHOOL_VOC
P045240,2024,SCHOOL_VOC
P045249,2024,HIGHER_ED
P045250,2024,SCHOOL_VOC
P045253,2024,SCHOOL_VOC
P045259,2024,HIGHER_ED
P045261,2024,SCHOOL_VOC
P045271,2024,SCHOOL_VOC
P045273,2024,LOW_NONE
P045275,2024,SCHOOL_VOC
P045276,2024,HIGHER_ED
P045278,2024,SCHOOL_VOC
P045279,2024,SCHOOL_VOC
P045285,2024,LOW_NONE
P045288,2024,SCHOOL_VOC
P045290,2024,SCHOOL_VOC
P045294,2024,HIGHER_ED
P045296,2024,SCHOOL_VOC
P045297,2024,SCHOOL_VOC
P045301,2024,SCHOOL_VOC
P045302,2024,SCHOOL_VOC
P045304,2024,HIGHER_ED
P045307,2024,HIGHER_ED
P045308,2024,HIGHER_ED
P045309,2024,SCHOOL_VOC
P045311,2024,SCHOOL_VOC
P045315,2024,SCHOOL_VOC
P045317,2024,SCHOOL_VOC
P045323,2024,SCHOOL_VOC
P045328,2024,HIGHER_ED
P045330,2024,SCHOOL_VOC
P045331,2024,HIGHER_ED
P045332,2024,SCHOOL_VOC
P045334,2024,SCHOOL_VOC
P045338,2024,HIGHER_ED
P045341,2024,SCHOOL_VOC
P045343,2024,SCHOOL_VOC
P045344,2024,LOW_NONE
P045350,2024,HIGHER_ED
P045361,2024,HIGHER_ED
P045366,2024,SCHOOL_VOC
P045368,2024,SCHOOL_VOC
P045371,2024,SCHOOL_VOC
P045375,2024,HIGHER_ED
P045379,2024,HIGHER_ED
P045384,2024,HIGHER_ED
P045386,2024,SCHOOL_VOC
P045388,2024,HIGHER_ED
P045389,2024,HIGHER_ED
P045393,2024,SCHOOL_VOC
P045395,2024,SCHOOL_VOC
P045398,2024,SCHOOL_VOC
P045401,2024,SCHOOL_VOC
P045402,2024,SCHOOL_VOC
P045408,2024,HIGHER_ED
P045410,2024,SCHOOL_VOC
P045412,2024,SCHOOL_VOC
P045413,2024,SCHOOL_VOC
P045415,2024,SCHOOL_VOC
P045418,2024,SCHOOL_VOC
P045420,2024,SCHOOL_VOC
P045422,2024,HIGHER_ED
P045423,2024,SCHOOL_VOC
P045430,2024,SCHOOL_VOC
P045431,2024,HIGHER_ED
P045432,2024,SCHOOL_VOC
P045433,2024,LOW_NONE
P045435,2024,SCHOOL_VOC
P045438,2024,SCHOOL_VOC
P045441,2024,SCHOOL_VOC
P045446,2024,HIGHER_ED
P045447,2024,SCHOOL_VOC
P045450,2024,SCHOOL_VOC
P045452,2024,SCHOOL_VOC
P045455,2024,SCHOOL_VOC
P045457,2024,SCHOOL_VOC
P045463,2024,HIGHER_ED
P045464,2024,LOW_NONE
P045465,2024,SCHOOL_VOC
P045466,2024,HIGHER_ED
P045469,2024,SCHOOL_VOC
P045470,2024,SCHOOL_VOC
P045471,2024,HIGHER_ED
P045474,2024,SCHOOL_VOC
P045476,2024,HIGHER_ED
P045477,2024,SCHOOL_VOC
P045479,2024,LOW_NONE
P045480,2024,SCHOOL_VOC
P045484,2024,SCHOOL_VOC
P045488,2024,SCHOOL_VOC
P045493,2024,SCHOOL_VOC
P045495,2024,HIGHER_ED
P045497,2024,SCHOOL_VOC
P045501,2024,SCHOOL_VOC
P045503,2024,SCHOOL_VOC
P045504,2024,HIGHER_ED
P045507,2024,LOW_NONE
P045509,2024,HIGHER_ED
P045510,2024,SCHOOL_VOC
P045511,2024,LOW_NONE
P045514,2024,SCHOOL_VOC
P045516,2024,SCHOOL_VOC
P045525,2024,HIGHER_ED
P045527,2024,HIGHER_ED
P045528,2024,SCHOOL_VOC
P045537,2024,HIGHER_ED
P045538,2024,SCHOOL_VOC
P045542,2024,SCHOOL_VOC
P045544,2024,SCHOOL_VOC
P045545,2024,SCHOOL_VOC
P045548,2024,SCHOOL_VOC
P045550,2024,SCHOOL_VOC
P045551,2024,HIGHER_ED
P045552,2024,HIGHER_ED
P045555,2024,SCHOOL_VOC
P045558,2024,SCHOOL_VOC
P045560,2024,SCHOOL_VOC
P045565,2024,SCHOOL_VOC
P045566,2024,HIGHER_ED
P045571,2024,HIGHER_ED
P045574,2024,SCHOOL_VOC
P045575,2024,SCHOOL_VOC
P045580,2024,HIGHER_ED
P045584,2024,SCHOOL_VOC
P045585,2024,SCHOOL_VOC
P045591,2024,SCHOOL_VOC
P045592,2024,HIGHER_ED
P045595,2024,SCHOOL_VOC
P045596,2024,HIGHER_ED
P045599,2024,HIGHER_ED
P045601,2024,SCHOOL_VOC
P045604,2024,HIGHER_ED
P045605,2024,SCHOOL_VOC
P045608,2024,HIGHER_ED
P045609,2024,HIGHER_ED
P045619,2024,HIGHER_ED
P045625,2024,LOW_NONE
P045628,2024,SCHOOL_VOC
P045629,2024,SCHOOL_VOC
P045631,2024,LOW_NONE
P045633,2024,HIGHER_ED
P045635,2024,SCHOOL_VOC
P045636,2024,SCHOOL_VOC
P045640,2024,HIGHER_ED
P045642,2024,SCHOOL_VOC
P045643,2024,SCHOOL_VOC
P045648,2024,SCHOOL_VOC
P045650,2024,LOW_NONE
P045653,2024,SCHOOL_VOC
P045656,2024,HIGHER_ED
P045657,2024,LOW_NONE
P045658,2024,HIGHER_ED
P045659,2024,HIGHER_ED
P045660,2024,SCHOOL_VOC
P045665,2024,HIGHER_ED
P045667,2024,SCHOOL_VOC
P045670,2024,SCHOOL_VOC
P045672,2024,SCHOOL_VOC
P045675,2024,SCHOOL_VOC
P045676,2024,HIGHER_ED
P045677,2024,SCHOOL_VOC
P045679,2024,SCHOOL_VOC
P045680,2024,SCHOOL_VOC
P045685,2024,SCHOOL_VOC
P045687,2024,HIGHER_ED
P045689,2024,HIGHER_ED
P045690,2024,SCHOOL_VOC
P045691,2024,HIGHER_ED
P045694,2024,SCHOOL_VOC
P045695,2024,SCHOOL_VOC
P045696,2024,SCHOOL_VOC
P045698,2024,
P045700,2024,SCHOOL_VOC
P045705,2024,SCHOOL_VOC
P045707,2024,HIGHER_ED
P045708,2024,SCHOOL_VOC
P045709,2024,SCHOOL_VOC
P045710,2024,SCHOOL_VOC
P045714,2024,SCHOOL_VOC
P045718,2024,HIGHER_ED
P045721,2024,SCHOOL_VOC
P045723,2024,SCHOOL_VOC
P045724,2024,SCHOOL_VOC
P045726,2024,HIGHER_ED
P045727,2024,SCHOOL_VOC
P045728,2024,SCHOOL_VOC
P045729,2024,SCHOOL_VOC
P045731,2024,HIGHER_ED
P045736,2024,HIGHER_ED
P045738,2024,SCHOOL_VOC
P045741,2024,HIGHER_ED
P045742,2024,SCHOOL_VOC
P045743,2024,SCHOOL_VOC
P045745,2024,HIGHER_ED
P045746,2024,SCHOOL_VOC
P045748,2024,SCHOOL_VOC
P045751,2024,SCHOOL_VOC
P045752,2024,LOW_NONE
P045754,2024,SCHOOL_VOC
P045759,2024,SCHOOL_VOC
P045761,2024,SCHOOL_VOC
P045768,2024,SCHOOL_VOC
P045770,2024,SCHOOL_VOC
P045776,2024,HIGHER_ED
P045779,2024,HIGHER_ED
P045780,2024,SCHOOL_VOC
P045781,2024,SCHOOL_VOC
P045784,2024,HIGHER_ED
P045790,2024,SCHOOL_VOC
P045794,2024,SCHOOL_VOC
P045796,2024,SCHOOL_VOC
P045802,2024,SCHOOL_VOC
P045804,2024,SCHOOL_VOC
P045805,2024,HIGHER_ED
P045806,2024,HIGHER_ED
P045807,2024,SCHOOL_VOC
P045810,2024,HIGHER_ED
P045816,2024,SCHOOL_VOC
P045821,2024,HIGHER_ED
P045822,2024,SCHOOL_VOC
P045828,2024,SCHOOL_VOC
P045829,2024,SCHOOL_VOC
P045834,2024,SCHOOL_VOC
P045836,2024,SCHOOL_VOC
P045838,2024,HIGHER_ED
P045839,2024,SCHOOL_VOC
P045840,2024,SCHOOL_VOC
P045841,2024,SCHOOL_VOC
P045844,2024,LOW_NONE
P045847,2024,SCHOOL_VOC
P045850,2024,SCHOOL_VOC
P045854,2024,SCHOOL_VOC
P045857,2024,HIGHER_ED
P045858,2024,HIGHER_ED
P045860,2024,HIGHER_ED
P045864,2024,HIGHER_ED
P045865,2024,SCHOOL_VOC
P045882,2024,SCHOOL_VOC
P045887,2024,HIGHER_ED
P045892,2024,HIGHER_ED
P045893,2024,SCHOOL_VOC
P045896,2024,HIGHER_ED
P045897,2024,SCHOOL_VOC
P045900,2024,LOW_NONE
P045902,2024,SCHOOL_VOC
P045910,2024,SCHOOL_VOC
P045912,2024,SCHOOL_VOC
P045922,2024,SCHOOL_VOC
P045926,2024,HIGHER_ED
P045932,2024,SCHOOL_VOC
P045943,2024,HIGHER_ED
P045946,2024,LOW_NONE
P045947,2024,SCHOOL_VOC
P045953,2024,SCHOOL_VOC
P045954,2024,HIGHER_ED
P045956,2024,SCHOOL_VOC
P045957,2024,LOW_NONE
P045959,2024,SCHOOL_VOC
P045961,2024,SCHOOL_VOC
P045964,2024,SCHOOL_VOC
P045965,2024,SCHOOL_VOC
P045966,2024,HIGHER_ED
P045969,2024,SCHOOL_VOC
P045977,2024,SCHOOL_VOC
P045978,2024,SCHOOL_VOC
P045979,2024,HIGHER_ED
P045981,2024,SCHOOL_VOC
P045984,2024,SCHOOL_VOC
P045985,2024,HIGHER_ED
P045987,2024,SCHOOL_VOC
P045991,2024,HIGHER_ED
P045993,2024,SCHOOL_VOC
P045999,2024,HIGHER_ED
P046004,2024,LOW_NONE
P046005,2024,LOW_NONE
P046009,2024,SCHOOL_VOC
P046010,2024,SCHOOL_VOC
P046011,2024,SCHOOL_VOC
P046014,2024,LOW_NONE
P046018,2024,SCHOOL_VOC
P046020,2024,HIGHER_ED
P046026,2024,HIGHER_ED
P046027,2024,SCHOOL_VOC
P046029,2024,LOW_NONE
P046032,2024,HIGHER_ED
P046033,2024,SCHOOL_VOC
P046037,2024,HIGHER_ED
P046038,2024,SCHOOL_VOC
P046040,2024,LOW_NONE
P046041,2024,SCHOOL_VOC
P046042,2024,SCHOOL_VOC
P046043,2024,SCHOOL_VOC
P046045,2024,HIGHER_ED
P046052,2024,SCHOOL_VOC
P046054,2024,SCHOOL_VOC
P046061,2024,HIGHER_ED
P046062,2024,SCHOOL_VOC
P046063,2024,LOW_NONE
P046064,2024,SCHOOL_VOC
P046067,2024,SCHOOL_VOC
P046068,2024,SCHOOL_VOC
P046069,2024,HIGHER_ED
P046070,2024,LOW_NONE
P046072,2024,SCHOOL_VOC
P046073,2024,SCHOOL_VOC
P046076,2024,SCHOOL_VOC
P046077,2024,SCHOOL_VOC
P046079,2024,SCHOOL_VOC
P046080,2024,SCHOOL_VOC
P046081,2024,HIGHER_ED
P046083,2024,SCHOOL_VOC
P046084,2024,SCHOOL_VOC
P046089,2024,SCHOOL_VOC
P046093,2024,SCHOOL_VOC
P046094,2024,SCHOOL_VOC
P046095,2024,SCHOOL_VOC
P046098,2024,SCHOOL_VOC
P046100,2024,HIGHER_ED
P046102,2024,HIGHER_ED
P046109,2024,SCHOOL_VOC
P046110,2024,SCHOOL_VOC
P046111,2024,SCHOOL_VOC
P046113,2024,HIGHER_ED
P046118,2024,HIGHER_ED
P046126,2024,
P046127,2024,SCHOOL_VOC
P046133,2024,SCHOOL_VOC
P046136,2024,SCHOOL_VOC
P046141,2024,HIGHER_ED
P046142,2024,SCHOOL_VOC
P046143,2024,SCHOOL_VOC
P046144,2024,LOW_NONE
P046149,2024,HIGHER_ED
P046155,2024,SCHOOL_VOC
P046156,2024,SCHOOL_VOC
P046159,2024,HIGHER_ED
P046162,2024,LOW_NONE
P046164,2024,HIGHER_ED
P046168,2024,SCHOOL_VOC
P046169,2024,SCHOOL_VOC
P046170,2024,SCHOOL_VOC
P046171,2024,SCHOOL_VOC
P046172,2024,SCHOOL_VOC
P046174,2024,SCHOOL_VOC
P046175,2024,SCHOOL_VOC
P046176,2024,SCHOOL_VOC
P046178,2024,LOW_NONE
P046180,2024,SCHOOL_VOC
P046183,2024,SCHOOL_VOC
P046187,2024,SCHOOL_VOC
P046188,2024,SCHOOL_VOC
P046189,2024,SCHOOL_VOC
P046191,2024,HIGHER_ED
P046193,2024,HIGHER_ED
P046194,2024,HIGHER_ED
P046198,2024,HIGHER_ED
P046199,2024,LOW_NONE
P046203,2024,HIGHER_ED
P046204,2024,SCHOOL_VOC
P046207,2024,SCHOOL_VOC
P046208,2024,SCHOOL_VOC
P046212,2024,SCHOOL_VOC
P046213,2024,SCHOOL_VOC
P046216,2024,UNMAPPED_GROUP
P046219,2024,SCHOOL_VOC
P046228,2024,SCHOOL_VOC
P046231,2024,HIGHER_ED
P046233,2024,SCHOOL_VOC
P046234,2024,HIGHER_ED
P046237,2024,SCHOOL_VOC
P046240,2024,SCHOOL_VOC
P046241,2024,HIGHER_ED
P046251,2024,SCHOOL_VOC
P046253,2024,SCHOOL_VOC
P046257,2024,SCHOOL_VOC
P046259,2024,HIGHER_ED
P046264,2024,HIGHER_ED
P046265,2024,HIGHER_ED
P046266,2024,SCHOOL_VOC
P046269,2024,SCHOOL_VOC
P046272,2024,SCHOOL_VOC
P046273,2024,HIGHER_ED
P046274,2024,HIGHER_ED
P046278,2024,HIGHER_ED
P046279,2024,LOW_NONE
P046280,2024,SCHOOL_VOC
P046285,2024,SCHOOL_VOC
P046286,2024,SCHOOL_VOC
P046287,2024,SCHOOL_VOC
P046288,2024,UNMAPPED_GROUP
P046290,2024,HIGHER_ED
P046291,2024,SCHOOL_VOC
P046301,2024,SCHOOL_VOC
P046304,2024,SCHOOL_VOC
P046317,2024,SCHOOL_VOC
P046320,2024,SCHOOL_VOC
P046321,2024,SCHOOL_VOC
P046322,2024,SCHOOL_VOC
P046326,2024,LOW_NONE
P046328,2024,SCHOOL_VOC
P046330,2024,SCHOOL_VOC
P046331,2024,SCHOOL_VOC
P046339,2024,SCHOOL_VOC
P046340,2024,SCHOOL_VOC
P046341,2024,SCHOOL_VOC
P046342,2024,SCHOOL_VOC
P046346,2024,HIGHER_ED
P046347,2024,SCHOOL_VOC
P046353,2024,HIGHER_ED
P046358,2024,SCHOOL_VOC
P046359,2024,SCHOOL_VOC
P046361,2024,SCHOOL_VOC
P046363,2024,HIGHER_ED
P046364,2024,HIGHER_ED
P046365,2024,SCHOOL_VOC
P046370,2024,SCHOOL_VOC
P046372,2024,HIGHER_ED
P046373,2024,SCHOOL_VOC
P046375,2024,SCHOOL_VOC
P046376,2024,SCHOOL_VOC
P046377,2024,SCHOOL_VOC
P046384,2024,HIGHER_ED
P046385,2024,HIGHER_ED
P046386,2024,SCHOOL_VOC
P046392,2024,SCHOOL_VOC
P046393,2024,HIGHER_ED
P046397,2024,HIGHER_ED
P046399,2024,SCHOOL_VOC
P046400,2024,SCHOOL_VOC
P046401,2024,SCHOOL_VOC
P046406,2024,SCHOOL_VOC
P046407,2024,SCHOOL_VOC
P046409,2024,SCHOOL_VOC
P046410,2024,SCHOOL_VOC
P046411,2024,SCHOOL_VOC
P046412,2024,HIGHER_ED
P046415,2024,HIGHER_ED
P046416,2024,SCHOOL_VOC
P046418,2024,LOW_NONE
P046419,2024,HIGHER_ED
P046422,2024,SCHOOL_VOC
P046426,2024,LOW_NONE
P046431,2024,LOW_NONE
P046433,2024,SCHOOL_VOC
P046434,2024,SCHOOL_VOC
P046436,2024,HIGHER_ED
P046438,2024,HIGHER_ED
P046439,2024,SCHOOL_VOC
P046441,2024,SCHOOL_VOC
P046442,2024,SCHOOL_VOC
P046446,2024,SCHOOL_VOC
P046447,2024,SCHOOL_VOC
P046448,2024,HIGHER_ED
P046451,2024,HIGHER_ED
P046452,2024,SCHOOL_VOC
P046454,2024,SCHOOL_VOC
P046455,2024,HIGHER_ED
P046457,2024,HIGHER_ED
P046458,2024,SCHOOL_VOC
P046460,2024,HIGHER_ED
P046462,2024,HIGHER_ED
P046463,2024,LOW_NONE
P046464,2024,HIGHER_ED
P046465,2024,SCHOOL_VOC
P046466,2024,SCHOOL_VOC
P046467,2024,SCHOOL_VOC
P046469,2024,SCHOOL_VOC
P046471,2024,HIGHER_ED
P046473,2024,SCHOOL_VOC
P046479,2024,SCHOOL_VOC
P046481,2024,SCHOOL_VOC
P046484,2024,HIGHER_ED
P046486,2024,SCHOOL_VOC
P046489,2024,HIGHER_ED
P046491,2024,HIGHER_ED
P046492,2024,
P046498,2024,SCHOOL_VOC
P046501,2024,HIGHER_ED
P046505,2024,SCHOOL_VOC
P046506,2024,SCHOOL_VOC
P046507,2024,SCHOOL_VOC
P046510,2024,SCHOOL_VOC
P046515,2024,SCHOOL_VOC
P046517,2024,SCHOOL_VOC
P046519,2024,HIGHER_ED
P046523,2024,SCHOOL_VOC
P046524,2024,HIGHER_ED
P046526,2024,HIGHER_ED
P046529,2024,SCHOOL_VOC
P046531,2024,SCHOOL_VOC
P046535,2024,HIGHER_ED
P046537,2024,SCHOOL_VOC
P046541,2024,HIGHER_ED
P046544,2024,SCHOOL_VOC
P046546,2024,SCHOOL_VOC
P046549,2024,HIGHER_ED
P046551,2024,SCHOOL_VOC
P046555,2024,SCHOOL_VOC
P046559,2024,SCHOOL_VOC
P046561,2024,HIGHER_ED
P046563,2024,HIGHER_ED
P046568,2024,HIGHER_ED
P046571,2024,SCHOOL_VOC
P046573,2024,SCHOOL_VOC
P046577,2024,SCHOOL_VOC
P046580,2024,HIGHER_ED
P046581,2024,HIGHER_ED
P046585,2024,HIGHER_ED
P046588,2024,HIGHER_ED
P046594,2023,HIGHER_ED
P046595,2024,HIGHER_ED
P046596,2024,SCHOOL_VOC
P046600,2024,SCHOOL_VOC
P046605,2024,SCHOOL_VOC
P046606,2024,HIGHER_ED
P046608,2024,HIGHER_ED
P046610,2024,SCHOOL_VOC
P046611,2024,HIGHER_ED
P046612,2024,LOW_NONE
P046613,2024,HIGHER_ED
P046614,2024,SCHOOL_VOC
P046616,2024,HIGHER_ED
P046617,2024,SCHOOL_VOC
P046620,2024,HIGHER_ED
P046621,2024,SCHOOL_VOC
P046623,2024,LOW_NONE
P046626,2024,SCHOOL_VOC
P046628,2024,SCHOOL_VOC
P046631,2024,SCHOOL_VOC
P046633,2024,SCHOOL_VOC
P046634,2024,HIGHER_ED
P046635,2024,SCHOOL_VOC
P046638,2024,SCHOOL_VOC
P046639,2024,HIGHER_ED
P046640,2024,SCHOOL_VOC
P046642,2024,SCHOOL_VOC
P046644,2024,SCHOOL_VOC
P046649,2024,HIGHER_ED
P046653,2024,HIGHER_ED
P046657,2024,SCHOOL_VOC
P046664,2024,SCHOOL_VOC
P046667,2024,HIGHER_ED
P046675,2024,LOW_NONE
P046680,2024,SCHOOL_VOC
P046681,2024,HIGHER_ED
P046682,2024,SCHOOL_VOC
P046687,2024,SCHOOL_VOC
P046689,2024,SCHOOL_VOC
P046690,2024,SCHOOL_VOC
P046695,2024,HIGHER_ED
P046699,2024,HIGHER_ED
P046701,2024,HIGHER_ED
P046702,2024,HIGHER_ED
P046703,2024,HIGHER_ED
P046705,2024,SCHOOL_VOC
P046707,2024,SCHOOL_VOC
P046710,2024,SCHOOL_VOC
P046718,2024,SCHOOL_VOC
P046719,2024,HIGHER_ED
P046720,2024,SCHOOL_VOC
P046721,2024,SCHOOL_VOC
P046722,2024,HIGHER_ED
P046723,2024,SCHOOL_VOC
P046725,2024,HIGHER_ED
P046726,2024,SCHOOL_VOC
P046729,2024,SCHOOL_VOC
P046737,2024,SCHOOL_VOC
P046740,2024,HIGHER_ED
P046744,2024,LOW_NONE
P046751,2024,SCHOOL_VOC
P046752,2024,LOW_NONE
P046753,2024,SCHOOL_VOC
P046756,2024,HIGHER_ED
P046761,2024,SCHOOL_VOC
P046763,2024,SCHOOL_VOC
P046765,2024,SCHOOL_VOC
P046766,2024,SCHOOL_VOC
P046767,2024,SCHOOL_VOC
P046770,2024,HIGHER_ED
P046771,2024,SCHOOL_VOC
P046776,2024,HIGHER_ED
P046785,2024,LOW_NONE
P046787,2024,SCHOOL_VOC
P046789,2024,SCHOOL_VOC
P046790,2024,LOW_NONE
P046791,2024,SCHOOL_VOC
P046795,2024,HIGHER_ED
P046802,2024,SCHOOL_VOC
P046803,2024,SCHOOL_VOC
P046809,2024,HIGHER_ED
P046813,2024,SCHOOL_VOC
P046814,2024,LOW_NONE
P046819,2024,SCHOOL_VOC
P046820,2024,HIGHER_ED
P046821,2024,LOW_NONE
P046823,2024,HIGHER_ED
P046825,2024,LOW_NONE
P046829,2024,HIGHER_ED
P046830,2024,SCHOOL_VOC
P046831,2024,HIGHER_ED
P046832,2024,SCHOOL_VOC
P046835,2024,HIGHER_ED
P046837,2024,SCHOOL_VOC
P046846,2024,HIGHER_ED
P046847,2024,HIGHER_ED
P046848,2024,SCHOOL_VOC
P046850,2024,SCHOOL_VOC
P046853,2024,SCHOOL_VOC
P046854,2024,SCHOOL_VOC
P046856,2024,
P046857,2024,HIGHER_ED
P046864,2024,SCHOOL_VOC
P046867,2024,SCHOOL_VOC
P046868,2024,SCHOOL_VOC
P046873,2024,SCHOOL_VOC
P046876,2024,HIGHER_ED
P046877,2024,HIGHER_ED
P046878,2024,SCHOOL_VOC
P046880,2024,SCHOOL_VOC
P046881,2024,HIGHER_ED
P046882,2024,SCHOOL_VOC
P046887,2024,HIGHER_ED
P046888,2024,SCHOOL_VOC
P046889,2024,HIGHER_ED
P046890,2024,SCHOOL_VOC
P046891,2024,SCHOOL_VOC
P046896,2024,SCHOOL_VOC
P046900,2024,SCHOOL_VOC
P046904,2024,SCHOOL_VOC
P046907,2024,HIGHER_ED
P046909,2024,HIGHER_ED
P046911,2024,HIGHER_ED
P046912,2024,SCHOOL_VOC
P046913,2024,SCHOOL_VOC
P046915,2024,SCHOOL_VOC
P046916,2024,
P046917,2024,SCHOOL_VOC
P046919,2024,SCHOOL_VOC
P046922,2024,SCHOOL_VOC
P046925,2024,SCHOOL_VOC
P046927,2024,SCHOOL_VOC
P046929,2024,HIGHER_ED
P046930,2024,SCHOOL_VOC
P046931,2024,HIGHER_ED
P046932,2024,HIGHER_ED
P046934,2024,HIGHER_ED
P046937,2024,SCHOOL_VOC
P046938,2024,SCHOOL_VOC
P046940,2024,HIGHER_ED
P046942,2024,SCHOOL_VOC
P046944,2024,SCHOOL_VOC
P046945,2024,HIGHER_ED
P046946,2024,HIGHER_ED
P046947,2024,SCHOOL_VOC
P046948,2024,SCHOOL_VOC
P046949,2024,SCHOOL_VOC
P046958,2024,SCHOOL_VOC
P046964,2024,SCHOOL_VOC
P046965,2024,HIGHER_ED
P046966,2024,SCHOOL_VOC
P046969,2024,SCHOOL_VOC
P046970,2024,HIGHER_ED
P046972,2024,SCHOOL_VOC
P046973,2024,SCHOOL_VOC
P046974,2024,SCHOOL_VOC
P046980,2024,SCHOOL_VOC
P046981,2024,SCHOOL_VOC
P046982,2024,SCHOOL_VOC
P046986,2024,SCHOOL_VOC
P046987,2024,HIGHER_ED
P046990,2024,SCHOOL_VOC
P046994,2024,SCHOOL_VOC
P046996,2024,HIGHER_ED
P046998,2024,SCHOOL_VOC
P047003,2024,HIGHER_ED
P047006,2024,SCHOOL_VOC
P047008,2024,SCHOOL_VOC
P047012,2024,LOW_NONE
P047016,2024,HIGHER_ED
P047017,2024,HIGHER_ED
P047020,2024,LOW_NONE
P047024,2024,HIGHER_ED
P047027,2024,SCHOOL_VOC
P047032,2024,SCHOOL_VOC
P047033,2024,SCHOOL_VOC
P047034,2024,HIGHER_ED
P047035,2024,HIGHER_ED
P047036,2024,SCHOOL_VOC
P047037,2024,HIGHER_ED
P047053,2024,HIGHER_ED
P047054,2024,SCHOOL_VOC
P047056,2024,SCHOOL_VOC
P047064,2024,SCHOOL_VOC
P047065,2024,SCHOOL_VOC
P047070,2024,LOW_NONE
P047076,2024,SCHOOL_VOC
P047077,2024,SCHOOL_VOC
P047080,2024,SCHOOL_VOC
P047085,2024,SCHOOL_VOC
P047088,2024,SCHOOL_VOC
P047092,2024,SCHOOL_VOC
P047094,2024,HIGHER_ED
P047098,2024,SCHOOL_VOC
P047106,2024,SCHOOL_VOC
P047107,2024,SCHOOL_VOC
P047108,2024,LOW_NONE
P047110,2024,HIGHER_ED
P047116,2024,HIGHER_ED
P047117,2024,SCHOOL_VOC
P047118,2024,HIGHER_ED
P047119,2024,SCHOOL_VOC
P047120,2024,SCHOOL_VOC
P047122,2024,SCHOOL_VOC
P047123,2024,HIGHER_ED
P047130,2024,SCHOOL_VOC
P047134,2024,LOW_NONE
P047136,2024,SCHOOL_VOC
P047138,2024,HIGHER_ED
P047148,2024,HIGHER_ED
P047149,2024,SCHOOL_VOC
P047150,2024,SCHOOL_VOC
P047153,2024,SCHOOL_VOC
P047154,2024,HIGHER_ED
P047155,2024,HIGHER_ED
P047160,2024,SCHOOL_VOC
P047164,2024,SCHOOL_VOC
P047167,2024,SCHOOL_VOC
P047168,2024,SCHOOL_VOC
P047170,2024,SCHOOL_VOC
P047172,2024,SCHOOL_VOC
P047177,2023,SCHOOL_VOC
P047180,2024,SCHOOL_VOC
P047181,2024,HIGHER_ED
P047183,2024,SCHOOL_VOC
P047184,2024,SCHOOL_VOC
P047192,2024,HIGHER_ED
P047194,2024,SCHOOL_VOC
P047196,2024,SCHOOL_VOC
P047199,2024,SCHOOL_VOC
P047205,2024,SCHOOL_VOC
P047206,2024,LOW_NONE
P047210,2024,HIGHER_ED
P047216,2024,SCHOOL_VOC
P047219,2024,SCHOOL_VOC
P047221,2024,SCHOOL_VOC
P047223,2024,SCHOOL_VOC
P047225,2024,HIGHER_ED
P047228,2024,SCHOOL_VOC
P047232,2024,SCHOOL_VOC
P047233,2024,SCHOOL_VOC
P047237,2024,HIGHER_ED
P047238,2024,SCHOOL_VOC
P047240,2024,HIGHER_ED
P047241,2024,HIGHER_ED
P047242,2024,SCHOOL_VOC
P047243,2024,SCHOOL_VOC
P047244,2024,SCHOOL_VOC
P047245,2024,HIGHER_ED
P047257,2024,HIGHER_ED
P047259,2024,SCHOOL_VOC
P047260,2024,HIGHER_ED
P047262,2024,SCHOOL_VOC
P047277,2024,SCHOOL_VOC
P047278,2024,SCHOOL_VOC
P047282,2024,SCHOOL_VOC
P047284,2024,HIGHER_ED
P047287,2024,SCHOOL_VOC
P047288,2024,SCHOOL_VOC
P047290,2024,UNMAPPED_GROUP
P047291,2024,LOW_NONE
P047292,2024,HIGHER_ED
P047293,2024,SCHOOL_VOC
P047294,2024,HIGHER_ED
P047295,2024,SCHOOL_VOC
P047296,2024,SCHOOL_VOC
P047297,2024,SCHOOL_VOC
P047301,2024,SCHOOL_VOC
P047303,2024,SCHOOL_VOC
P047304,2024,SCHOOL_VOC
P047305,2024,SCHOOL_VOC
P047306,2024,HIGHER_ED
P047309,2024,SCHOOL_VOC
P047311,2024,HIGHER_ED
P047318,2024,LOW_NONE
P047322,2024,HIGHER_ED
P047323,2024,HIGHER_ED
P047327,2024,SCHOOL_VOC
P047331,2024,
P047336,2024,SCHOOL_VOC
P047340,2024,SCHOOL_VOC
P047341,2024,SCHOOL_VOC
P047343,2024,SCHOOL_VOC
P047351,2024,SCHOOL_VOC
P047356,2024,SCHOOL_VOC
P047357,2024,HIGHER_ED
P047360,2024,SCHOOL_VOC
P047362,2024,SCHOOL_VOC
P047363,2024,SCHOOL_VOC
P047365,2024,SCHOOL_VOC
P047367,2024,HIGHER_ED
P047370,2024,LOW_NONE
P047379,2024,HIGHER_ED
P047381,2024,SCHOOL_VOC
P047384,2024,SCHOOL_VOC
P047386,2024,HIGHER_ED
P047389,2024,SCHOOL_VOC
P047394,2024,SCHOOL_VOC
P047396,2024,SCHOOL_VOC
P047399,2024,SCHOOL_VOC
P047400,2024,SCHOOL_VOC
P047401,2024,SCHOOL_VOC
P047403,2024,LOW_NONE
P047405,2024,HIGHER_ED
P047408,2024,SCHOOL_VOC
P047409,2024,SCHOOL_VOC
P047411,2024,HIGHER_ED
P047414,2024,HIGHER_ED
P047415,2024,SCHOOL_VOC
P047417,2024,SCHOOL_VOC
P047419,2024,SCHOOL_VOC
P047429,2024,SCHOOL_VOC
P047430,2024,SCHOOL_VOC
P047433,2024,SCHOOL_VOC
P047437,2024,HIGHER_ED
P047438,2024,SCHOOL_VOC
P047439,2024,SCHOOL_VOC
P047443,2024,SCHOOL_VOC
P047445,2024,SCHOOL_VOC
P047446,2024,HIGHER_ED
P047450,2024,SCHOOL_VOC
P047451,2024,SCHOOL_VOC
P047454,2024,SCHOOL_VOC
P047456,2024,SCHOOL_VOC
P047458,2024,SCHOOL_VOC
P047461,2024,HIGHER_ED
P047462,2024,SCHOOL_VOC
P047464,2024,SCHOOL_VOC
P047465,2024,HIGHER_ED
P047467,2024,HIGHER_ED
P047470,2024,LOW_NONE
P047474,2024,SCHOOL_VOC
P047475,2024,HIGHER_ED
P047476,2024,SCHOOL_VOC
P047478,2024,SCHOOL_VOC
P047480,2024,SCHOOL_VOC
P047485,2024,HIGHER_ED
P047487,2024,SCHOOL_VOC
P047488,2024,HIGHER_ED
P047489,2024,SCHOOL_VOC
P047493,2024,SCHOOL_VOC
P047495,2024,SCHOOL_VOC
P047504,2024,HIGHER_ED
P047511,2024,HIGHER_ED
P047513,2024,SCHOOL_VOC
P047520,2024,HIGHER_ED
P047522,2024,HIGHER_ED
P047523,2024,SCHOOL_VOC
P047526,2024,SCHOOL_VOC
P047529,2024,SCHOOL_VOC
P047530,2024,HIGHER_ED
P047531,2024,SCHOOL_VOC
P047532,2024,HIGHER_ED
P047533,2024,SCHOOL_VOC
P047546,2024,HIGHER_ED
P047547,2024,SCHOOL_VOC
P047548,2024,HIGHER_ED
P047552,2024,SCHOOL_VOC
P047553,2024,HIGHER_ED
P047556,2024,HIGHER_ED
P047563,2024,SCHOOL_VOC
P047567,2024,SCHOOL_VOC
P047570,2024,SCHOOL_VOC
P047571,2024,HIGHER_ED
P047573,2024,SCHOOL_VOC
P047578,2024,HIGHER_ED
P047581,2024,HIGHER_ED
P047582,2024,SCHOOL_VOC
P047585,2024,LOW_NONE
P047586,2024,SCHOOL_VOC
P047589,2024,SCHOOL_VOC
P047591,2024,HIGHER_ED
P047592,2024,SCHOOL_VOC
P047597,2024,HIGHER_ED
P047602,2024,SCHOOL_VOC
P047603,2024,SCHOOL_VOC
P047610,2024,SCHOOL_VOC
P047612,2024,
P047617,2024,SCHOOL_VOC
P047618,2024,SCHOOL_VOC
P047619,2024,SCHOOL_VOC
P047621,2024,SCHOOL_VOC
P047626,2024,SCHOOL_VOC
P047627,2024,SCHOOL_VOC
P047628,2024,HIGHER_ED
P047632,2024,SCHOOL_VOC
P047638,2024,SCHOOL_VOC
P047643,2024,SCHOOL_VOC
P047645,2024,HIGHER_ED
P047648,2024,HIGHER_ED
P047650,2024,SCHOOL_VOC
P047656,2024,SCHOOL_VOC
P047658,2024,HIGHER_ED
P047664,2024,SCHOOL_VOC
P047670,2024,HIGHER_ED
P047672,2024,HIGHER_ED
P047675,2024,SCHOOL_VOC
P047678,2024,SCHOOL_VOC
P047682,2024,LOW_NONE
P047683,2024,HIGHER_ED
P047684,2024,SCHOOL_VOC
P047693,2024,SCHOOL_VOC
P047700,2024,SCHOOL_VOC
P047703,2024,SCHOOL_VOC
P047719,2024,LOW_NONE
P047722,2024,SCHOOL_VOC
P047724,2024,HIGHER_ED
P047725,2024,HIGHER_ED
P047726,2024,SCHOOL_VOC
P047730,2024,SCHOOL_VOC
P047732,2024,SCHOOL_VOC
P047735,2024,SCHOOL_VOC
P047738,2024,SCHOOL_VOC
P047739,2024,SCHOOL_VOC
,2024,SCHOOL_VOC
P047741,2024,SCHOOL_VOC
P047744,2024,HIGHER_ED
P047745,2024,HIGHER_ED
P047750,2024,HIGHER_ED
P047755,2024,SCHOOL_VOC
P047756,2024,SCHOOL_VOC
P047760,2024,SCHOOL_VOC
P047763,2024,SCHOOL_VOC
P047764,2024,SCHOOL_VOC
P047767,2024,SCHOOL_VOC
P047769,2024,SCHOOL_VOC
P047771,2024,SCHOOL_VOC
P047772,2024,HIGHER_ED
P047774,2024,SCHOOL_VOC
P047778,2024,SCHOOL_VOC
P047779,2024,SCHOOL_VOC
P047783,2024,SCHOOL_VOC
P047784,2024,HIGHER_ED
P047785,2024,SCHOOL_VOC
P047787,2024,SCHOOL_VOC
P047788,2024,HIGHER_ED
P047789,2024,SCHOOL_VOC
P047792,2024,HIGHER_ED
P047795,2024,SCHOOL_VOC
P047799,2024,SCHOOL_VOC
P047804,2024,SCHOOL_VOC
P047807,2024,SCHOOL_VOC
P047815,2024,SCHOOL_VOC
P047816,2024,LOW_NONE
P047818,2024,SCHOOL_VOC
P047819,2024,SCHOOL_VOC
P047820,2024,SCHOOL_VOC
P047821,2024,SCHOOL_VOC
P047822,2024,SCHOOL_VOC
P047823,2024,SCHOOL_VOC
P047826,2024,HIGHER_ED
P047827,2024,SCHOOL_VOC
P047830,2024,HIGHER_ED
P047831,2024,SCHOOL_VOC
P047833,2024,HIGHER_ED
P047834,2024,SCHOOL_VOC
P047835,2024,SCHOOL_VOC
P047836,2024,SCHOOL_VOC
P047837,2024,LOW_NONE
P047838,2024,SCHOOL_VOC
P047843,2024,SCHOOL_VOC
P047844,2024,HIGHER_ED
P047845,2024,HIGHER_ED
P047851,2024,HIGHER_ED
P047854,2024,HIGHER_ED
P047856,2024,SCHOOL_VOC
P047870,2024,SCHOOL_VOC
P047877,2024,LOW_NONE
P047878,2024,SCHOOL_VOC
P047883,2024,LOW_NONE
P047886,2024,LOW_NONE
P047893,2024,SCHOOL_VOC
P047894,2024,SCHOOL_VOC
P047899,2024,SCHOOL_VOC
P047900,2024,SCHOOL_VOC
P047903,2024,SCHOOL_VOC
P047909,2024,LOW_NONE
P047910,2024,SCHOOL_VOC
P047911,2024,SCHOOL_VOC
P047915,2024,LOW_NONE
P047916,2024,HIGHER_ED
P047917,2024,HIGHER_ED
P047918,2024,SCHOOL_VOC
P047919,2024,HIGHER_ED
P047920,2024,SCHOOL_VOC
P047923,2024,SCHOOL_VOC
P047924,2024,SCHOOL_VOC
P047925,2024,SCHOOL_VOC
P047926,2024,UNMAPPED_GROUP
P047927,2024,LOW_NONE
P047929,2024,SCHOOL_VOC
P047931,2024,SCHOOL_VOC
P047932,2024,SCHOOL_VOC
P047940,2024,SCHOOL_VOC
P047941,2024,SCHOOL_VOC
P047942,2024,UNMAPPED_GROUP
P047945,2024,SCHOOL_VOC
P047946,2024,HIGHER_ED
P047948,2024,HIGHER_ED
P047950,2024,HIGHER_ED
P047951,2024,SCHOOL_VOC
P047952,2024,SCHOOL_VOC
P047953,2024,SCHOOL_VOC
P047959,2024,SCHOOL_VOC
P047965,2024,HIGHER_ED
P047967,2024,HIGHER_ED
P047968,2024,SCHOOL_VOC
P047971,2024,SCHOOL_VOC
P047972,2024,SCHOOL_VOC
P047973,2024,SCHOOL_VOC
P047974,2024,LOW_NONE
P047977,2024,SCHOOL_VOC
P047978,2024,HIGHER_ED
P047980,2024,SCHOOL_VOC
P047982,2024,SCHOOL_VOC
P047984,2024,LOW_NONE
P047985,2024,SCHOOL_VOC
P047988,2024,SCHOOL_VOC
P047993,2024,HIGHER_ED
P047996,2024,SCHOOL_VOC
P047997,2024,HIGHER_ED
P048002,2024,SCHOOL_VOC
P048004,2024,HIGHER_ED
P048006,2024,HIGHER_ED
P048007,2024,SCHOOL_VOC
P048009,2024,SCHOOL_VOC
P048014,2024,SCHOOL_VOC
P048020,2024,SCHOOL_VOC
P048021,2024,SCHOOL_VOC
P048024,2024,HIGHER_ED
P048027,2024,LOW_NONE
P048028,2024,HIGHER_ED
P048029,2024,LOW_NONE
P048032,2024,SCHOOL_VOC
P048036,2024,SCHOOL_VOC
P048037,2024,SCHOOL_VOC
P048038,2024,HIGHER_ED
P048039,2024,SCHOOL_VOC
P048044,2024,SCHOOL_VOC
P048048,2024,HIGHER_ED
P048057,2024,SCHOOL_VOC
P048062,2024,SCHOOL_VOC
P048065,2024,HIGHER_ED
P048068,2024,SCHOOL_VOC
P048077,2024,SCHOOL_VOC
P048078,2024,SCHOOL_VOC
P048079,2024,SCHOOL_VOC
P048082,2024,SCHOOL_VOC
P048084,2024,SCHOOL_VOC
P048088,2024,SCHOOL_VOC
P048090,2024,SCHOOL_VOC
P048091,2024,SCHOOL_VOC
P048094,2024,HIGHER_ED
P048095,2024,SCHOOL_VOC
P048096,2024,HIGHER_ED
P048102,2024,SCHOOL_VOC
P048111,2024,SCHOOL_VOC
P048113,2024,HIGHER_ED
P048116,2024,HIGHER_ED
P048121,2024,SCHOOL_VOC
P048123,2024,HIGHER_ED
P048125,2024,SCHOOL_VOC
P048126,2024,SCHOOL_VOC
P048130,2024,SCHOOL_VOC
P048136,2024,SCHOOL_VOC
P048137,2024,SCHOOL_VOC
P048139,2024,SCHOOL_VOC
P048140,2024,SCHOOL_VOC
P048147,2024,HIGHER_ED
P048150,2024,LOW_NONE
P048154,2024,HIGHER_ED
P048155,2024,SCHOOL_VOC
P048160,2024,SCHOOL_VOC
P048162,2024,SCHOOL_VOC
P048164,2024,HIGHER_ED
P048167,2024,HIGHER_ED
P048171,2024,SCHOOL_VOC
P048174,2024,HIGHER_ED
P048175,2024,SCHOOL_VOC
P048177,2024,SCHOOL_VOC
P048180,2024,SCHOOL_VOC
P048181,2024,HIGHER_ED
P048182,2024,SCHOOL_VOC
P048186,2024,SCHOOL_VOC
P048187,2024,SCHOOL_VOC
P048196,2024,HIGHER_ED
P048201,2024,SCHOOL_VOC
P048203,2024,SCHOOL_VOC
P048206,2024,SCHOOL_VOC
P048209,2024,SCHOOL_VOC
P048210,2024,SCHOOL_VOC
P048211,2024,HIGHER_ED
P048212,2024,HIGHER_ED
P048216,2024,SCHOOL_VOC
P048218,2024,HIGHER_ED
P048219,2024,SCHOOL_VOC
P048220,2024,
P048222,2024,SCHOOL_VOC
P048224,2024,SCHOOL_VOC
P048225,2024,SCHOOL_VOC
P048234,2024,SCHOOL_VOC
P048235,2024,SCHOOL_VOC
P048238,2024,SCHOOL_VOC
P048240,2024,SCHOOL_VOC
P048244,2024,SCHOOL_VOC
P048249,2024,SCHOOL_VOC
P048252,2024,SCHOOL_VOC
P048258,2024,SCHOOL_VOC
P048262,2024,SCHOOL_VOC
P048263,2024,SCHOOL_VOC
P048269,2024,SCHOOL_VOC
P048270,2024,UNMAPPED_GROUP
P048272,2024,HIGHER_ED
P048273,2024,SCHOOL_VOC
P048275,2024,SCHOOL_VOC
P048280,2024,HIGHER_ED
P048281,2024,SCHOOL_VOC
P048285,2024,SCHOOL_VOC
P048288,2024,SCHOOL_VOC
P048289,2024,SCHOOL_VOC
P048292,2024,LOW_NONE
P048295,2024,SCHOOL_VOC
P048298,2024,HIGHER_ED
P048302,2024,HIGHER_ED
P048304,2024,HIGHER_ED
P048307,2024,SCHOOL_VOC
P048308,2024,HIGHER_ED
P048309,2024,SCHOOL_VOC
P048311,2024,SCHOOL_VOC
P048314,2024,SCHOOL_VOC
P048318,2024,HIGHER_ED
P048319,2024,SCHOOL_VOC
P048326,2024,SCHOOL_VOC
P048328,2024,SCHOOL_VOC
P048333,2024,SCHOOL_VOC
P048334,2024,HIGHER_ED
P048339,2024,SCHOOL_VOC
P048343,2024,LOW_NONE
P048345,2024,SCHOOL_VOC
P048346,2024,SCHOOL_VOC
P048347,2024,SCHOOL_VOC
P048349,2024,SCHOOL_VOC
P048351,2024,SCHOOL_VOC
P048365,2024,HIGHER_ED
P048367,2024,SCHOOL_VOC
P048369,2024,SCHOOL_VOC
P048375,2024,SCHOOL_VOC
P048379,2024,HIGHER_ED
P048382,2024,SCHOOL_VOC
P048383,2024,SCHOOL_VOC
P048384,2024,SCHOOL_VOC
P048386,2024,HIGHER_ED
P048388,2024,SCHOOL_VOC
P048391,2024,LOW_NONE
P048394,2024,SCHOOL_VOC
P048395,2024,SCHOOL_VOC
P048397,2024,SCHOOL_VOC
P048399,2024,HIGHER_ED
P048401,2024,SCHOOL_VOC
P048404,2024,SCHOOL_VOC
P048412,2024,SCHOOL_VOC
P048413,2024,SCHOOL_VOC
P048415,2024,LOW_NONE
P048416,2024,SCHOOL_VOC
P048417,2024,SCHOOL_VOC
P048419,2024,SCHOOL_VOC
P048420,2024,SCHOOL_VOC
P048421,2024,SCHOOL_VOC
P048423,2024,HIGHER_ED
P048425,2024,SCHOOL_VOC
P048426,2024,SCHOOL_VOC
P048428,2024,SCHOOL_VOC
P048429,2024,LOW_NONE
P048434,2024,HIGHER_ED
P048435,2024,SCHOOL_VOC
P048436,2024,SCHOOL_VOC
P048442,2024,LOW_NONE
P048443,2024,SCHOOL_VOC
P048445,2024,SCHOOL_VOC
P048446,2023,HIGHER_ED
P048448,2024,SCHOOL_VOC
P048451,2024,SCHOOL_VOC
P048452,2024,SCHOOL_VOC
P048453,2024,HIGHER_ED
P048454,2024,SCHOOL_VOC
P048456,2024,SCHOOL_VOC
P048458,2024,SCHOOL_VOC
P048461,2024,HIGHER_ED
P048464,2024,SCHOOL_VOC
P048465,2024,HIGHER_ED
P048467,2024,SCHOOL_VOC
P048474,2024,
P048477,2024,SCHOOL_VOC
P048480,2024,HIGHER_ED
P048481,2024,HIGHER_ED
P048482,2024,SCHOOL_VOC
P048488,2024,LOW_NONE
P048489,2024,HIGHER_ED
P048490,2024,SCHOOL_VOC
P048492,2024,SCHOOL_VOC
P048493,2024,SCHOOL_VOC
P048496,2024,SCHOOL_VOC
P048498,2024,SCHOOL_VOC
P048502,2024,SCHOOL_VOC
P048504,2024,SCHOOL_VOC
P048505,2024,SCHOOL_VOC
P048506,2024,SCHOOL_VOC
P048507,2024,SCHOOL_VOC
P048508,2024,SCHOOL_VOC
P048512,2024,SCHOOL_VOC
P048513,2024,SCHOOL_VOC
P048516,2024,HIGHER_ED
P048517,2024,SCHOOL_VOC
P048519,2024,HIGHER_ED
P048520,2024,SCHOOL_VOC
P048523,2024,SCHOOL_VOC
P048525,2024,SCHOOL_VOC
P048526,2024,HIGHER_ED
P048530,2024,SCHOOL_VOC
P048531,2024,SCHOOL_VOC
P048535,2024,SCHOOL_VOC
P048539,2024,SCHOOL_VOC
P048541,2024,HIGHER_ED
P048542,2024,SCHOOL_VOC
P048544,2024,SCHOOL_VOC
P048546,2024,SCHOOL_VOC
P048549,2024,
P048552,2024,SCHOOL_VOC
P048558,2024,SCHOOL_VOC
P048562,2024,SCHOOL_VOC
P048563,2024,SCHOOL_VOC
P048566,2024,SCHOOL_VOC
P048568,2024,HIGHER_ED
P048570,2024,SCHOOL_VOC
P048574,2024,SCHOOL_VOC
P048580,2024,SCHOOL_VOC
P048581,2024,SCHOOL_VOC
P048582,2024,HIGHER_ED
P048585,2024,HIGHER_ED
P048587,2024,SCHOOL_VOC
P048589,2024,SCHOOL_VOC
P048591,2024,
P048593,2024,SCHOOL_VOC
P048595,2024,HIGHER_ED
P048597,2024,SCHOOL_VOC
P048598,2024,SCHOOL_VOC
P048601,2024,SCHOOL_VOC
P048603,2024,HIGHER_ED
P048604,2024,SCHOOL_VOC
P048607,2024,LOW_NONE
P048609,2024,SCHOOL_VOC
P048612,2024,SCHOOL_VOC
P048614,2024,LOW_NONE
P048617,2024,SCHOOL_VOC
P048618,2024,LOW_NONE
P048619,2024,LOW_NONE
P048623,2024,HIGHER_ED
P048626,2024,SCHOOL_VOC
P048628,2024,SCHOOL_VOC
P048630,2024,
P048633,2024,HIGHER_ED
P048636,2024,HIGHER_ED
P048637,2024,SCHOOL_VOC
P048638,2024,HIGHER_ED
P048641,2024,HIGHER_ED
P048643,2024,HIGHER_ED
P048645,2024,SCHOOL_VOC
P048646,2024,LOW_NONE
P048648,2024,SCHOOL_VOC
P048649,2024,SCHOOL_VOC
P048653,2024,HIGHER_ED
P048658,2024,SCHOOL_VOC
P048660,2024,SCHOOL_VOC
P048661,2024,SCHOOL_VOC
P048663,2024,HIGHER_ED
P048664,2024,SCHOOL_VOC
P048666,2024,SCHOOL_VOC
P048667,2024,SCHOOL_VOC
P048677,2024,HIGHER_ED
P048679,2024,HIGHER_ED
P048680,2024,SCHOOL_VOC
P048681,2024,SCHOOL_VOC
P048683,2024,LOW_NONE
P048689,2024,SCHOOL_VOC
P048692,2024,SCHOOL_VOC
P048693,2024,HIGHER_ED
P048694,2024,HIGHER_ED
P048698,2024,SCHOOL_VOC
P048699,2024,HIGHER_ED
P048705,2024,SCHOOL_VOC
P048710,2024,SCHOOL_VOC
P048713,2024,LOW_NONE
P048715,2024,HIGHER_ED
P048721,2024,HIGHER_ED
P048722,2024,SCHOOL_VOC
P048724,2024,HIGHER_ED
P048725,2024,SCHOOL_VOC
P048732,2024,SCHOOL_VOC
P048733,2024,HIGHER_ED
P048736,2024,SCHOOL_VOC
P048737,2024,SCHOOL_VOC
P048738,2024,SCHOOL_VOC
P048739,2024,SCHOOL_VOC
P048742,2024,HIGHER_ED
P048747,2024,SCHOOL_VOC
P048748,2024,HIGHER_ED
P048751,2024,SCHOOL_VOC
P048752,2024,SCHOOL_VOC
P048753,2024,SCHOOL_VOC
P048754,2024,SCHOOL_VOC
P048758,2024,HIGHER_ED
P048761,2024,SCHOOL_VOC
P048762,2024,SCHOOL_VOC
P048765,2024,SCHOOL_VOC
P048766,2024,SCHOOL_VOC
P048767,2024,SCHOOL_VOC
P048772,2024,LOW_NONE
P048777,2024,SCHOOL_VOC
P048779,2024,SCHOOL_VOC
P048782,2024,HIGHER_ED
P048784,2024,SCHOOL_VOC
P048787,2024,SCHOOL_VOC
P048791,2024,SCHOOL_VOC
P048793,2024,LOW_NONE
P048794,2024,SCHOOL_VOC
P048796,2024,SCHOOL_VOC
P048798,2024,SCHOOL_VOC
P048799,2024,HIGHER_ED
P048801,2024,LOW_NONE
P048805,2024,SCHOOL_VOC
P048810,2024,SCHOOL_VOC
P048815,2024,SCHOOL_VOC
P048817,2024,SCHOOL_VOC
P048820,2024,SCHOOL_VOC
P048822,2024,SCHOOL_VOC
P048823,2024,SCHOOL_VOC
P048825,2024,SCHOOL_VOC
P048827,2024,SCHOOL_VOC
P048829,2024,SCHOOL_VOC
P048831,2024,SCHOOL_VOC
P048833,2024,SCHOOL_VOC
P048834,2024,SCHOOL_VOC
P048835,2024,SCHOOL_VOC
P048838,2024,SCHOOL_VOC
P048839,2024,SCHOOL_VOC
P048840,2024,HIGHER_ED
P048841,2024,LOW_NONE
P048845,2024,SCHOOL_VOC
P048846,2024,SCHOOL_VOC
P048847,2024,HIGHER_ED
P048848,2024,SCHOOL_VOC
P048849,2024,LOW_NONE
P048850,2024,HIGHER_ED
P048853,2024,SCHOOL_VOC
P048854,2024,SCHOOL_VOC
P048855,2024,LOW_NONE
P048857,2024,SCHOOL_VOC
P048862,2024,SCHOOL_VOC
P048864,2023,HIGHER_ED
P048866,2024,SCHOOL_VOC
P048867,2024,SCHOOL_VOC
P048869,2024,SCHOOL_VOC
P048870,2024,SCHOOL_VOC
P048875,2024,HIGHER_ED
P048877,2024,SCHOOL_VOC
P048881,2024,SCHOOL_VOC
P048882,2024,SCHOOL_VOC
P048885,2024,SCHOOL_VOC
P048888,2024,SCHOOL_VOC
P048891,2024,SCHOOL_VOC
P048894,2024,HIGHER_ED
P048896,2024,SCHOOL_VOC
P048897,2024,SCHOOL_VOC
P048901,2024,LOW_NONE
P048902,2024,SCHOOL_VOC
P048904,2024,SCHOOL_VOC
P048905,2024,SCHOOL_VOC
P048910,2024,SCHOOL_VOC
P048912,2024,HIGHER_ED
P048913,2024,LOW_NONE
P048917,2024,HIGHER_ED
P048920,2024,SCHOOL_VOC
P048922,2024,SCHOOL_VOC
P048924,2024,HIGHER_ED
P048925,2024,SCHOOL_VOC
P048926,2024,SCHOOL_VOC
P048932,2024,HIGHER_ED
P048941,2024,SCHOOL_VOC
P048942,2024,SCHOOL_VOC
P048951,2024,LOW_NONE
P048958,2024,SCHOOL_VOC
P048959,2024,SCHOOL_VOC
P048960,2024,SCHOOL_VOC
P048970,2024,SCHOOL_VOC
P048971,2024,SCHOOL_VOC
P048972,2024,SCHOOL_VOC
P048976,2024,SCHOOL_VOC
P048979,2024,HIGHER_ED
P048980,2024,SCHOOL_VOC
P048987,2024,HIGHER_ED
P048989,2024,HIGHER_ED
P048999,2024,SCHOOL_VOC
P049011,2024,SCHOOL_VOC
P049015,2024,SCHOOL_VOC
P049020,2024,HIGHER_ED
P049022,2024,SCHOOL_VOC
P049025,2024,SCHOOL_VOC
P049026,2024,SCHOOL_VOC
P049029,2024,HIGHER_ED
P049037,2024,SCHOOL_VOC
P049040,2024,HIGHER_ED
P049041,2024,SCHOOL_VOC
P049043,2024,SCHOOL_VOC
P049045,2024,HIGHER_ED
P049046,2024,HIGHER_ED
P049047,2024,SCHOOL_VOC
P049048,2024,LOW_NONE
P049050,2024,SCHOOL_VOC
P049054,2024,HIGHER_ED
P049057,2024,SCHOOL_VOC
P049058,2024,SCHOOL_VOC
P049059,2024,SCHOOL_VOC
P049062,2024,LOW_NONE
P049063,2024,SCHOOL_VOC
P049066,2024,LOW_NONE
P049067,2024,SCHOOL_VOC
P049070,2024,HIGHER_ED
P049072,2024,SCHOOL_VOC
P049075,2024,HIGHER_ED
P049076,2024,SCHOOL_VOC
P049081,2024,SCHOOL_VOC
P049083,2024,SCHOOL_VOC
P049086,2024,SCHOOL_VOC
P049090,2024,SCHOOL_VOC
P049092,2024,SCHOOL_VOC
P049100,2024,HIGHER_ED
P049101,2024,SCHOOL_VOC
P049102,2024,SCHOOL_VOC
P049105,2024,HIGHER_ED
P049107,2024,SCHOOL_VOC
P049108,2024,LOW_NONE
P049111,2024,SCHOOL_VOC
P049115,2024,SCHOOL_VOC
P049124,2024,HIGHER_ED
P049125,2024,HIGHER_ED
P049127,2024,SCHOOL_VOC
P049129,2024,SCHOOL_VOC
P049130,2024,LOW_NONE
P049131,2024,SCHOOL_VOC
P049133,2024,SCHOOL_VOC
P049135,2024,SCHOOL_VOC
P049136,2024,HIGHER_ED
P049142,2024,SCHOOL_VOC
P049145,2024,HIGHER_ED
P049147,2024,HIGHER_ED
P049149,2024,SCHOOL_VOC
P049151,2024,
P049152,2024,SCHOOL_VOC
P049156,2024,SCHOOL_VOC
P049162,2024,SCHOOL_VOC
P049165,2024,SCHOOL_VOC
P049166,2024,HIGHER_ED
P049167,2024,SCHOOL_VOC
P049170,2024,SCHOOL_VOC
P049171,2024,SCHOOL_VOC
P049176,2024,SCHOOL_VOC
P049177,2024,SCHOOL_VOC
P049182,2024,SCHOOL_VOC
P049183,2024,HIGHER_ED
P049184,2024,HIGHER_ED
P049185,2024,SCHOOL_VOC
P049186,2024,HIGHER_ED
P049187,2024,SCHOOL_VOC
P049190,2024,SCHOOL_VOC
P049194,2024,SCHOOL_VOC
P049199,2024,SCHOOL_VOC
P049203,2024,SCHOOL_VOC
P049208,2024,SCHOOL_VOC
P049211,2024,SCHOOL_VOC
P049213,2024,SCHOOL_VOC
P049214,2024,HIGHER_ED
P049216,2024,LOW_NONE
P049217,2024,SCHOOL_VOC
P049219,2024,SCHOOL_VOC
P049221,2024,SCHOOL_VOC
P049224,2024,SCHOOL_VOC
P049225,2024,SCHOOL_VOC
P049227,2024,HIGHER_ED
P049229,2024,SCHOOL_VOC
P049230,2024,SCHOOL_VOC
P049231,2024,SCHOOL_VOC
P049234,2024,SCHOOL_VOC
P049235,2024,SCHOOL_VOC
P049237,2024,SCHOOL_VOC
P049242,2024,LOW_NONE
P049251,2024,SCHOOL_VOC
P049253,2024,SCHOOL_VOC
P049254,2024,SCHOOL_VOC
P049255,2024,SCHOOL_VOC
P049256,2024,HIGHER_ED
P049257,2024,SCHOOL_VOC
P049258,2024,HIGHER_ED
P049262,2024,SCHOOL_VOC
P049263,2024,SCHOOL_VOC
P049267,2024,HIGHER_ED
P049268,2024,HIGHER_ED
P049271,2024,SCHOOL_VOC
P049272,2024,HIGHER_ED
P049273,2024,SCHOOL_VOC
P049274,2024,SCHOOL_VOC
P049279,2024,HIGHER_ED
P049288,2024,SCHOOL_VOC
P049289,2024,SCHOOL_VOC
P049291,2024,SCHOOL_VOC
P049296,2024,SCHOOL_VOC
P049299,2024,SCHOOL_VOC
P049300,2024,SCHOOL_VOC
P049301,2024,LOW_NONE
P049304,2024,SCHOOL_VOC
P049305,2024,SCHOOL_VOC
P049310,2024,SCHOOL_VOC
P049311,2024,HIGHER_ED
P049315,2024,SCHOOL_VOC
P049316,2024,SCHOOL_VOC
P049319,2024,SCHOOL_VOC
P049322,2024,HIGHER_ED
P049323,2024,SCHOOL_VOC
P049326,2024,SCHOOL_VOC
P049327,2024,SCHOOL_VOC
P049331,2024,SCHOOL_VOC
P049332,2024,HIGHER_ED
P049333,2024,SCHOOL_VOC
P049334,2024,SCHOOL_VOC
P049337,2024,SCHOOL_VOC
P049344,2024,SCHOOL_VOC
P049345,2024,LOW_NONE
P049350,2024,SCHOOL_VOC
P049356,2024,SCHOOL_VOC
P049357,2024,HIGHER_ED
P049361,2024,LOW_NONE
P049363,2024,SCHOOL_VOC
P049364,2024,SCHOOL_VOC
P049365,2024,LOW_NONE
P049366,2024,HIGHER_ED
P049368,2024,HIGHER_ED
P049369,2024,SCHOOL_VOC
P049371,2024,SCHOOL_VOC
P049374,2024,HIGHER_ED
P049376,2024,SCHOOL_VOC
P049383,2024,SCHOOL_VOC
P049384,2024,HIGHER_ED
P049388,2024,SCHOOL_VOC
P049389,2024,HIGHER_ED
P049390,2024,SCHOOL_VOC
P049391,2024,SCHOOL_VOC
P049392,2024,HIGHER_ED
P049395,2024,SCHOOL_VOC
P049400,2024,HIGHER_ED
P049402,2024,HIGHER_ED
P049407,2024,SCHOOL_VOC
P049409,2024,SCHOOL_VOC
P049410,2024,HIGHER_ED
P049411,2024,SCHOOL_VOC
P049415,2024,SCHOOL_VOC
P049416,2024,SCHOOL_VOC
P049418,2024,SCHOOL_VOC
P049423,2024,SCHOOL_VOC
P049426,2024,SCHOOL_VOC
P049433,2024,HIGHER_ED
P049437,2024,SCHOOL_VOC
P049438,2024,SCHOOL_VOC
P049440,2024,LOW_NONE
P049444,2024,LOW_NONE
P049447,2024,SCHOOL_VOC
P049448,2024,SCHOOL_VOC
P049449,2024,HIGHER_ED
P049450,2024,HIGHER_ED
P049455,2024,SCHOOL_VOC
P049456,2024,SCHOOL_VOC
P049465,2024,SCHOOL_VOC
P049466,2024,SCHOOL_VOC
P049472,2024,SCHOOL_VOC
P049474,2024,SCHOOL_VOC
P049475,2024,SCHOOL_VOC
P049478,2024,SCHOOL_VOC
P049479,2024,HIGHER_ED
P049480,2024,HIGHER_ED
P049481,2024,HIGHER_ED
P049483,2024,SCHOOL_VOC
P049490,2024,SCHOOL_VOC
P049491,2024,HIGHER_ED
P049492,2024,SCHOOL_VOC
P049496,2024,SCHOOL_VOC
P049498,2024,SCHOOL_VOC
P049499,2024,HIGHER_ED
P049500,2024,SCHOOL_VOC
P049501,2024,SCHOOL_VOC
P049504,2024,SCHOOL_VOC
P049505,2024,HIGHER_ED
P049507,2024,HIGHER_ED
P049508,2024,SCHOOL_VOC
P049511,2024,LOW_NONE
P049514,2024,SCHOOL_VOC
P049517,2024,SCHOOL_VOC
P049520,2024,HIGHER_ED
P049521,2024,SCHOOL_VOC
P049522,2024,HIGHER_ED
P049523,2024,SCHOOL_VOC
P049527,2024,SCHOOL_VOC
P049529,2024,SCHOOL_VOC
P049536,2024,SCHOOL_VOC
P049540,2024,HIGHER_ED
P049541,2024,SCHOOL_VOC
P049542,2024,SCHOOL_VOC
P049544,2024,SCHOOL_VOC
P049547,2024,SCHOOL_VOC
P049548,2024,HIGHER_ED
P049554,2024,SCHOOL_VOC
P049555,2024,SCHOOL_VOC
P049557,2024,SCHOOL_VOC
P049560,2024,SCHOOL_VOC
P049561,2024,SCHOOL_VOC
P049563,2024,HIGHER_ED
P049564,2024,SCHOOL_VOC
P049565,2024,SCHOOL_VOC
P049572,2024,SCHOOL_VOC
P049578,2024,SCHOOL_VOC
P049579,2024,SCHOOL_VOC
P049581,2024,SCHOOL_VOC
P049582,2024,SCHOOL_VOC
P049585,2024,SCHOOL_VOC
P049589,2024,SCHOOL_VOC
P049590,2024,SCHOOL_VOC
P049592,2024,HIGHER_ED
P049595,2024,HIGHER_ED
P049596,2024,
P049597,2024,
P049598,2024,SCHOOL_VOC
P049599,2024,HIGHER_ED
P049600,2024,HIGHER_ED
P049604,2024,SCHOOL_VOC
P049608,2024,HIGHER_ED
P049610,2024,SCHOOL_VOC
P049615,2024,SCHOOL_VOC
P049616,2024,HIGHER_ED
P049618,2024,HIGHER_ED
P049619,2024,SCHOOL_VOC
P049622,2024,HIGHER_ED
P049623,2024,HIGHER_ED
P049625,2024,SCHOOL_VOC
P049628,2024,HIGHER_ED
P049631,2024,HIGHER_ED
P049632,2024,LOW_NONE
P049634,2024,SCHOOL_VOC
P049638,2024,HIGHER_ED
P049640,2024,SCHOOL_VOC
P049641,2024,HIGHER_ED
P049644,2024,SCHOOL_VOC
P049647,2024,SCHOOL_VOC
P049648,2024,SCHOOL_VOC
P049649,2024,SCHOOL_VOC
P049652,2024,SCHOOL_VOC
P049662,2024,HIGHER_ED
P049667,2024,HIGHER_ED
P049669,2024,SCHOOL_VOC
P049672,2024,HIGHER_ED
P049679,2024,HIGHER_ED
P049681,2024,SCHOOL_VOC
P049682,2024,LOW_NONE
P049683,2024,SCHOOL_VOC
P049689,2024,HIGHER_ED
P049691,2024,HIGHER_ED
P049693,2024,SCHOOL_VOC
P049696,2024,SCHOOL_VOC
P049697,2024,SCHOOL_VOC
P049698,2024,SCHOOL_VOC
P049707,2024,LOW_NONE
P049710,2024,SCHOOL_VOC
P049712,2024,SCHOOL_VOC
P049717,2024,HIGHER_ED
P049723,2024,HIGHER_ED
P049726,2024,
P049727,2024,SCHOOL_VOC
P049728,2024,HIGHER_ED
P049729,2024,HIGHER_ED
P049730,2024,SCHOOL_VOC
P049731,2024,SCHOOL_VOC
P049732,2024,SCHOOL_VOC
P049733,2024,HIGHER_ED
P049738,2024,SCHOOL_VOC
P049742,2024,SCHOOL_VOC
P049743,2024,HIGHER_ED
P049749,2024,HIGHER_ED
P049750,2024,HIGHER_ED
P049751,2024,HIGHER_ED
P049753,2024,SCHOOL_VOC
P049754,2024,HIGHER_ED
P049757,2024,HIGHER_ED
P049760,2024,SCHOOL_VOC
P049765,2024,SCHOOL_VOC
P049766,2024,HIGHER_ED
P049774,2024,SCHOOL_VOC
P049777,2024,LOW_NONE
P049779,2024,HIGHER_ED
P049780,2024,HIGHER_ED
P049784,2024,SCHOOL_VOC
P049785,2024,SCHOOL_VOC
P049786,2024,SCHOOL_VOC
P049787,2024,SCHOOL_VOC
P049789,2024,SCHOOL_VOC
P049796,2024,HIGHER_ED
P049799,2024,LOW_NONE
P049801,2024,SCHOOL_VOC
P049806,2024,SCHOOL_VOC
P049807,2024,SCHOOL_VOC
P049808,2024,SCHOOL_VOC
P049809,2024,SCHOOL_VOC
P049810,2024,SCHOOL_VOC
P049812,2024,SCHOOL_VOC
P049815,2024,SCHOOL_VOC
P049821,2024,HIGHER_ED
P049824,2024,SCHOOL_VOC
P049825,2024,HIGHER_ED
P049830,2024,SCHOOL_VOC
P049832,2024,HIGHER_ED
P049836,2024,SCHOOL_VOC
P049838,2024,SCHOOL_VOC
P049842,2024,SCHOOL_VOC
P049849,2024,SCHOOL_VOC
P049852,2024,SCHOOL_VOC
P049855,2024,SCHOOL_VOC
P049857,2024,HIGHER_ED
P049859,2024,SCHOOL_VOC
P049864,2024,SCHOOL_VOC
P049866,2024,SCHOOL_VOC
P049868,2024,HIGHER_ED
P049877,2024,SCHOOL_VOC
P049879,2024,SCHOOL_VOC
P049880,2024,SCHOOL_VOC
P049881,2024,SCHOOL_VOC
P049884,2024,SCHOOL_VOC
P049885,2024,HIGHER_ED
P049887,2024,SCHOOL_VOC
P049888,2024,SCHOOL_VOC
P049890,2024,SCHOOL_VOC
P049893,2024,HIGHER_ED
P049897,2024,SCHOOL_VOC
P049900,2024,SCHOOL_VOC
P049901,2024,LOW_NONE
P049903,2024,SCHOOL_VOC
P049906,2024,SCHOOL_VOC
P049907,2024,SCHOOL_VOC
P049908,2024,SCHOOL_VOC
P049912,2024,SCHOOL_VOC
P049915,2024,SCHOOL_VOC
P049916,2024,SCHOOL_VOC
P049919,2024,SCHOOL_VOC
P049922,2024,HIGHER_ED
P049926,2024,SCHOOL_VOC
P049928,2024,SCHOOL_VOC
P049931,2024,LOW_NONE
P049936,2024,SCHOOL_VOC
P049938,2024,SCHOOL_VOC
P049945,2024,SCHOOL_VOC
P049948,2024,SCHOOL_VOC
P049953,2024,SCHOOL_VOC
P049956,2024,SCHOOL_VOC
P049957,2024,SCHOOL_VOC
P049958,2024,SCHOOL_VOC
P049959,2024,SCHOOL_VOC
P049961,2024,HIGHER_ED
P049963,2024,SCHOOL_VOC
P049968,2024,SCHOOL_VOC
P049970,2024,SCHOOL_VOC
P049971,2024,HIGHER_ED
P049972,2024,SCHOOL_VOC
P049974,2024,SCHOOL_VOC
P049976,2024,HIGHER_ED
P049983,2024,SCHOOL_VOC
P049985,2024,HIGHER_ED
P049991,2024,SCHOOL_VOC
P049993,2024,SCHOOL_VOC
P049997,2024,HIGHER_ED
P049999,2024,HIGHER_ED
P036926,2024,HIGHER_ED
P016603,2024,SCHOOL_VOC
P015785,2024,SCHOOL_VOC
P007701,2024,SCHOOL_VOC
P006618,2024,SCHOOL_VOC
P009893,2024,HIGHER_ED
P000076,2024,SCHOOL_VOC
P024264,2024,HIGHER_ED
P033773,2024,HIGHER_ED
P027021,2024,SCHOOL_VOC
P020263,2024,HIGHER_ED
P043747,2024,SCHOOL_VOC
P001450,2024,HIGHER_ED
P021451,2024,HIGHER_ED
P025789,2024,SCHOOL_VOC
P010756,2024,SCHOOL_VOC
P014507,2024,LOW_NONE
P039993,2024,SCHOOL_VOC
P032607,2024,HIGHER_ED
P017890,2024,LOW_NONE
P012728,2024,SCHOOL_VOC
P034789,2024,SCHOOL_VOC
P013766,2024,SCHOOL_VOC
P010051,2024,HIGHER_ED
P010940,2024,SCHOOL_VOC
P005548,2024,SCHOOL_VOC
P019149,2024,HIGHER_ED
P003460,2024,SCHOOL_VOC
P039201,2024,SCHOOL_VOC
P026256,2024,SCHOOL_VOC
P026344,2024,SCHOOL_VOC
P012724,2024,HIGHER_ED
P003151,2024,SCHOOL_VOC
P003783,2024,SCHOOL_VOC
P022975,2024,HIGHER_ED
P002587,2024,SCHOOL_VOC
P034347,2024,SCHOOL_VOC
P022271,2024,SCHOOL_VOC
P047675,2024,SCHOOL_VOC
P019486,2024,HIGHER_ED
P046204,2024,SCHOOL_VOC
P044290,2024,SCHOOL_VOC
P018330,2024,SCHOOL_VOC
P002390,2024,SCHOOL_VOC
P033490,2024,SCHOOL_VOC
P014143,2024,SCHOOL_VOC
P045507,2024,LOW_NONE
P034217,2024,HIGHER_ED
P021825,2024,SCHOOL_VOC
P010807,2024,SCHOOL_VOC
P022242,2024,HIGHER_ED
P039365,2024,SCHOOL_VOC
P000027,2024,SCHOOL_VOC
P001117,2024,HIGHER_ED
P001583,2024,SCHOOL_VOC
P046702,2024,HIGHER_ED
P040514,2024,SCHOOL_VOC
P049455,2024,SCHOOL_VOC
P007756,2024,SCHOOL_VOC
P028055,2024,HIGHER_ED
P039783,2024,SCHOOL_VOC
P008359,2024,LOW_NONE
P006438,2024,SCHOOL_VOC
P034649,2024,SCHOOL_VOC
P029801,2024,SCHOOL_VOC
P022289,2024,HIGHER_ED
P047755,2024,SCHOOL_VOC
P035650,2024,HIGHER_ED
P025019,2024,HIGHER_ED
P021847,2024,SCHOOL_VOC
P031401,2024,HIGHER_ED
P014762,2024,SCHOOL_VOC
P040192,2024,HIGHER_ED
P043111,2024,SCHOOL_VOC
P002573,2024,HIGHER_ED
P014061,2024,SCHOOL_VOC
P038811,2024,LOW_NONE
P035736,2024,SCHOOL_VOC
P000172,2024,SCHOOL_VOC
P016640,2024,HIGHER_ED
P013594,2024,SCHOOL_VOC
P042270,2024,SCHOOL_VOC
P001507,2024,HIGHER_ED
P035047,2024,LOW_NONE
P031067,2024,SCHOOL_VOC
P030844,2024,HIGHER_ED
P004487,2024,SCHOOL_VOC
P048798,2024,SCHOOL_VOC
P020015,2024,LOW_NONE
P040759,2024,HIGHER_ED
P013010,2024,SCHOOL_VOC
