person_id,reference_year,highest_qualification
P015976,2022,NONE_LOW
P017972,2022,BACHELOR_EQ
P037468,2022,DOCTORATE
P034655,2022,VOC_POSTSEC
P011452,2022,BACHELOR_EQ
P023431,2022,NONE_LOW
P043276,2022,VOC_POSTSEC
P008476,2022,MASTER_EQ
P017250,2022,NONE_LOW
P008266,2022,BACHELOR_EQ
P022194,2021,VOC_POSTSEC
P003836,2022,VOC_POSTSEC
P028917,2022,SCHOOL
P022432,2022,VOC_POSTSEC
P019597,2022,VOC_POSTSEC
P041864,2022,VOC_POSTSEC
P001279,2022,SCHOOL
P014347,2022,BACHELOR_EQ
P006124,2022,NONE_LOW
P049375,2022,SCHOOL
P008979,2022,SCHOOL
P012566,2022,BACHELOR_EQ
P000169,2022,NONE_LOW
P041535,2022,SCHOOL
P029899,2022,SCHOOL
P002327,2022,SCHOOL
P022709,2022,BACHELOR_EQ
P006541,2022,SCHOOL
P032281,2022,BACHELOR_EQ
P029311,2022,VOC_POSTSEC
P022918,2022,VOC_POSTSEC
P000360,2022,VOC_POSTSEC
P041881,2022,SCHOOL
P023734,2022,BACHELOR_EQ
P036281,2022,SCHOOL
P015322,2022,VOC_POSTSEC
P041212,2022,BACHELOR_EQ
P000713,2022,SCHOOL
P027100,2022,BACHELOR_EQ
P038453,2022,SCHOOL
P015934,2022,SCHOOL
P009062,2022,BACHELOR_EQ
P046982,2022,SCHOOL
P046447,2022,VOC_POSTSEC
P002495,2022,BACHELOR_EQ
P026578,2022,SCHOOL
P001668,2022,MASTER_EQ
P049520,2022,BACHELOR_EQ
P018391,2022,VOC_POSTSEC
P013316,2022,VOC_POSTSEC
P012200,2022,SCHOOL
P003261,2022,BACHELOR_EQ
P016646,2022,SCHOOL
P048102,2022,SCHOOL
P017791,2022,SCHOOL
P021596,2022,VOC_POSTSEC
P016982,2022,BACHELOR_EQ
P013177,2022,NONE_LOW
P009702,2022,VOC_POSTSEC
P042854,2022,SCHOOL
P035043,2022,VOC_POSTSEC
P037197,2022,VOC_POSTSEC
P024907,2022,VOC_POSTSEC
P022260,2022,VOC_POSTSEC
P019399,2022,VOC_POSTSEC
P047584,2022,VOC_POSTSEC
P015039,2022,VOC_POSTSEC
P039412,2022,SCHOOL
P009785,2022,NONE_LOW
P029491,2022,NONE_LOW
P014491,2022,BACHELOR_EQ
P011483,2022,VOC_POSTSEC
P033619,2022,NONE_LOW
P026535,2022,VOC_POSTSEC
P013771,2022,SCHOOL
P044209,2022,VOC_POSTSEC
P041044,2022,NONE_LOW
P045302,2022,VOC_POSTSEC
P046812,2022,SCHOOL
P031007,2022,VOC_POSTSEC
P042426,2022,VOC_POSTSEC
P003369,2022,VOC_POSTSEC
P041874,2022,BACHELOR_EQ
P027884,2022,VOC_POSTSEC
P002712,2022,MASTER_EQ
P037605,2022,BACHELOR_EQ
P020755,2022,VOC_POSTSEC
P048086,2022,SCHOOL
P024982,2022,NONE_LOW
P038089,2022,SCHOOL
P011075,2022,NONE_LOW
P006353,2022,VOC_POSTSEC
P013476,2022,BACHELOR_EQ
P043491,2022,VOC_POSTSEC
P034798,2022,VOC_POSTSEC
P006857,2022,MASTER_EQ
P007221,2022,NONE_LOW
P037938,2022,VOC_POSTSEC
P023753,2022,SCHOOL
P023656,2022,VOC_POSTSEC
P045842,2022,DOCTORATE
P028020,2022,SCHOOL
P048307,2022,SCHOOL
P037285,2022,VOC_POSTSEC
P040322,2022,SCHOOL
P031710,2022,VOC_POSTSEC
P037169,2022,MASTER_EQ
P035238,2022,VOC_POSTSEC
P000708,2022,BACHELOR_EQ
P018667,2022,SCHOOL
P032186,2022,VOC_POSTSEC
P014228,2022,SCHOOL
P003608,2022,SCHOOL
P044010,2022,VOC_POSTSEC
P028000,2022,DOCTORATE
P012729,2022,SCHOOL
P011906,2022,VOC_POSTSEC
P018208,2022,SCHOOL
P022596,2022,SCHOOL
P013514,2022,MASTER_EQ
P037850,2022,VOC_POSTSEC
P049500,2022,SCHOOL
P036391,2022,BACHELOR_EQ
P043369,2022,SCHOOL
P046026,2022,MASTER_EQ
P033345,2022,SCHOOL
P030363,2022,BACHELOR_EQ
P000675,2022,VOC_POSTSEC
P004398,2022,VOC_POSTSEC
P030008,2022,BACHELOR_EQ
P030844,2022,VOC_POSTSEC
P009379,2022,MASTER_EQ
P022274,2022,VOC_POSTSEC
P030339,2022,SCHOOL
P023195,2022,NONE_LOW
P013969,2022,DOCTORATE
P047993,2022,BACHELOR_EQ
P012927,2022,VOC_POSTSEC
P012563,2022,
P023012,2022,BACHELOR_EQ
P019743,2022,SCHOOL
P021307,2022,MASTER_EQ
P001876,2022,VOC_POSTSEC
P042430,2022,VOC_POSTSEC
P007347,2022,VOC_POSTSEC
P044314,2022,SCHOOL
P047783,2022,VOC_POSTSEC
P017619,2022,VOC_POSTSEC
P012585,2022,SCHOOL
P029534,2022,SCHOOL
P000417,2022,BACHELOR_EQ
P016260,2022,VOC_POSTSEC
P039806,2022,SCHOOL
P017088,2022,SCHOOL
P016908,2022,BACHELOR_EQ
P047307,2022,VOC_POSTSEC
P000024,2022,SCHOOL
P027141,2022,SCHOOL
P030618,2022,BACHELOR_EQ
P023441,2022,BACHELOR_EQ
P048851,2022,SCHOOL
P016662,2022,DOCTORATE
P025472,2022,VOC_POSTSEC
P043354,2022,MASTER_EQ
P021253,2022,VOC_POSTSEC
P011939,2022,VOC_POSTSEC
P032351,2022,SCHOOL
P029407,2022,MASTER_EQ
P005897,2022,SCHOOL
P014497,2022,MASTER_EQ
P020669,2022,MASTER_EQ
P001326,2022,SCHOOL
P027613,2022,VOC_POSTSEC
P008342,2022,SCHOOL
P041977,2022,SCHOOL
P002041,2022,SCHOOL
P014128,2022,MASTER_EQ
P048503,2022,VOC_POSTSEC
P030542,2022,BACHELOR_EQ
P018306,2022,NONE_LOW
P047102,2022,VOC_POSTSEC
P003553,2022,MASTER_EQ
P008305,2022,NONE_LOW
P049666,2022,VOC_POSTSEC
P031017,2022,VOC_POSTSEC
P044526,2022,BACHELOR_EQ
P038765,2022,NONE_LOW
P048500,2022,UNKNOWN_CODE
P005319,2022,VOC_POSTSEC
P047074,2022,VOC_POSTSEC
P028408,2022,SCHOOL
P018981,2022,VOC_POSTSEC
P044537,2022,DOCTORATE
P049173,2022,MASTER_EQ
P019019,2022,SCHOOL
P007838,2022,VOC_POSTSEC
P005136,2022,VOC_POSTSEC
P013683,2022,VOC_POSTSEC
P046667,2022,VOC_POSTSEC
P029906,2022,BACHELOR_EQ
P025582,2022,BACHELOR_EQ
P028975,2022,SCHOOL
P019603,2022,VOC_POSTSEC
P008675,2022,VOC_POSTSEC
P000356,2022,SCHOOL
P035302,2022,VOC_POSTSEC
P042248,2022,VOC_POSTSEC
P048174,2022,MASTER_EQ
P041615,2022,SCHOOL
P037374,2022,VOC_POSTSEC
P006859,2022,UNKNOWN_CODE
P035194,2022,SCHOOL
P018742,2022,SCHOOL
P007121,2022,NONE_LOW
P047185,2022,VOC_POSTSEC
P010472,2022,VOC_POSTSEC
P045512,2022,SCHOOL
P016178,2022,VOC_POSTSEC
P012049,2022,NONE_LOW
P010289,2022,VOC_POSTSEC
P040229,2022,BACHELOR_EQ
P013778,2022,SCHOOL
P046492,2022,VOC_POSTSEC
P044969,2022,SCHOOL
P048461,2022,BACHELOR_EQ
P040056,2022,NONE_LOW
P033429,2022,VOC_POSTSEC
P031373,2022,BACHELOR_EQ
P029597,2022,SCHOOL
P027820,2022,SCHOOL
P038879,2021,SCHOOL
P040550,2022,VOC_POSTSEC
P014401,2022,VOC_POSTSEC
P016289,2022,VOC_POSTSEC
P016942,2022,VOC_POSTSEC
P035189,2022,BACHELOR_EQ
P036006,2022,BACHELOR_EQ
P013081,2022,VOC_POSTSEC
P004353,2022,VOC_POSTSEC
P030727,2022,VOC_POSTSEC
P032832,2022,NONE_LOW
P033874,2022,NONE_LOW
P040423,2022,VOC_POSTSEC
P015147,2022,SCHOOL
P045984,2022,SCHOOL
P049065,2022,VOC_POSTSEC
P013000,2022,MASTER_EQ
P017726,2022,VOC_POSTSEC
P046405,2022,VOC_POSTSEC
P040938,2022,BACHELOR_EQ
P000717,2022,SCHOOL
P003383,2022,VOC_POSTSEC
P022255,2022,VOC_POSTSEC
P032668,2022,VOC_POSTSEC
P029973,2022,BACHELOR_EQ
P049854,2022,MASTER_EQ
P049990,2022,VOC_POSTSEC
P012163,2022,VOC_POSTSEC
P025479,2022,SCHOOL
P046412,2022,BACHELOR_EQ
P026610,2022,BACHELOR_EQ
P001191,2022,SCHOOL
P000667,2022,SCHOOL
P019875,2022,SCHOOL
P015450,2022,BACHELOR_EQ
P005809,2022,VOC_POSTSEC
P042847,2022,SCHOOL
P023704,2022,VOC_POSTSEC
P007348,2022,MASTER_EQ
P029677,2022,BACHELOR_EQ
P029015,2022,NONE_LOW
P035650,2022,MASTER_EQ
P035288,2022,MASTER_EQ
P014547,2022,VOC_POSTSEC
P029913,2022,SCHOOL
P009343,2022,VOC_POSTSEC
P030898,2022,BACHELOR_EQ
P044957,2022,VOC_POSTSEC
P028370,2022,VOC_POSTSEC
P000633,2022,BACHELOR_EQ
P041517,2022,SCHOOL
P031200,2022,SCHOOL
P030244,2022,MASTER_EQ
P037220,2022,NONE_LOW
P038735,2022,VOC_POSTSEC
P028692,2022,VOC_POSTSEC
P006522,2022,NONE_LOW
P040170,2022,VOC_POSTSEC
P043747,2022,VOC_POSTSEC
P001247,2022,
P042083,2022,SCHOOL
P000601,2022,VOC_POSTSEC
P014060,2022,BACHELOR_EQ
P037862,2022,SCHOOL
P009078,2022,SCHOOL
P022789,2022,SCHOOL
P009725,2022,VOC_POSTSEC
P008564,2022,SCHOOL
P034378,2022,BACHELOR_EQ
P029428,2022,SCHOOL
P027429,2022,SCHOOL
P014043,2022,VOC_POSTSEC
P016401,2022,VOC_POSTSEC
P015840,2022,BACHELOR_EQ
P000412,2022,VOC_POSTSEC
P007317,2022,VOC_POSTSEC
P020811,2022,VOC_POSTSEC
P045735,2022,VOC_POSTSEC
P022111,2022,SCHOOL
P006175,2022,MASTER_EQ
P004157,2022,NONE_LOW
P026099,2022,MASTER_EQ
P009566,2022,SCHOOL
P048882,2022,VOC_POSTSEC
P042184,2022,SCHOOL
P024534,2022,VOC_POSTSEC
P024584,2022,SCHOOL
P033773,2022,VOC_POSTSEC
P029121,2022,SCHOOL
P028808,2022,NONE_LOW
P015696,2022,SCHOOL
P027566,2022,VOC_POSTSEC
P046549,2022,BACHELOR_EQ
P002223,2022,VOC_POSTSEC
P005091,2022,SCHOOL
P031786,2022,VOC_POSTSEC
P010055,2022,MASTER_EQ
P016191,2022,MASTER_EQ
P033753,2022,VOC_POSTSEC
P016117,2022,BACHELOR_EQ
P008321,2022,BACHELOR_EQ
P034113,2022,VOC_POSTSEC
P003038,2022,VOC_POSTSEC
P011021,2022,MASTER_EQ
P035054,2022,SCHOOL
P017076,2022,SCHOOL
P032933,2022,NONE_LOW
P042837,2022,SCHOOL
P008418,2022,VOC_POSTSEC
P039949,2022,MASTER_EQ
P018123,2022,VOC_POSTSEC
P045237,2022,NONE_LOW
P001319,2022,BACHELOR_EQ
P018514,2022,VOC_POSTSEC
P020154,2022,VOC_POSTSEC
P035371,2022,VOC_POSTSEC
P006123,2022,BACHELOR_EQ
P044740,2022,NONE_LOW
P037878,2022,BACHELOR_EQ
P049022,2022,VOC_POSTSEC
P010665,2022,VOC_POSTSEC
P046033,2022,SCHOOL
P004311,2022,BACHELOR_EQ
P047166,2022,SCHOOL
P046919,2022,VOC_POSTSEC
P027780,2022,BACHELOR_EQ
P033293,2022,
P004344,2022,VOC_POSTSEC
P034659,2022,VOC_POSTSEC
P030276,2022,SCHOOL
P004696,2022,VOC_POSTSEC
P022582,2022,SCHOOL
P040057,2022,VOC_POSTSEC
P047984,2022,NONE_LOW
P019871,2022,BACHELOR_EQ
P000414,2022,VOC_POSTSEC
P025330,2022,SCHOOL
P032189,2022,SCHOOL
P015030,2022,VOC_POSTSEC
P047200,2022,MASTER_EQ
P023691,2022,SCHOOL
P040029,2022,VOC_POSTSEC
P000857,2022,BACHELOR_EQ
P027677,2022,SCHOOL
P020756,2022,MASTER_EQ
P028985,2022,BACHELOR_EQ
P037243,2022,MASTER_EQ
P033645,2022,NONE_LOW
P038127,2022,VOC_POSTSEC
P048689,2022,VOC_POSTSEC
P002169,2022,VOC_POSTSEC
P020640,2022,SCHOOL
P000570,2022,MASTER_EQ
P035688,2022,VOC_POSTSEC
P026283,2022,VOC_POSTSEC
P004429,2022,MASTER_EQ
P006775,2022,BACHELOR_EQ
P044859,2022,VOC_POSTSEC
P042680,2022,MASTER_EQ
P038081,2022,MASTER_EQ
P016220,2022,VOC_POSTSEC
P015325,2022,BACHELOR_EQ
P028114,2022,DOCTORATE
P024700,2022,VOC_POSTSEC
P047488,2022,MASTER_EQ
P009047,2022,SCHOOL
P023971,2022,NONE_LOW
P043947,2022,VOC_POSTSEC
P027862,2022,SCHOOL
P006217,2022,VOC_POSTSEC
P023447,2022,MASTER_EQ
P042338,2022,VOC_POSTSEC
P012370,2022,VOC_POSTSEC
P007840,2022,MASTER_EQ
P012206,2022,SCHOOL
P012872,2022,SCHOOL
P015765,2022,VOC_POSTSEC
P035162,2022,BACHELOR_EQ
P040771,2022,VOC_POSTSEC
P039157,2022,VOC_POSTSEC
P041348,2022,SCHOOL
P027813,2022,VOC_POSTSEC
P048997,2022,VOC_POSTSEC
P014661,2022,VOC_POSTSEC
P034280,2022,NONE_LOW
P021092,2022,VOC_POSTSEC
P016650,2022,BACHELOR_EQ
P033340,2022,SCHOOL
P010118,2022,SCHOOL
P032871,2022,VOC_POSTSEC
P045781,2022,SCHOOL
P006291,2022,BACHELOR_EQ
P045379,2022,BACHELOR_EQ
P045317,2022,VOC_POSTSEC
P039705,2022,NONE_LOW
P000628,2022,MASTER_EQ
P038361,2022,SCHOOL
P036444,2022,SCHOOL
P016434,2022,VOC_POSTSEC
P046122,2022,SCHOOL
P002181,2022,SCHOOL
P026257,2022,MASTER_EQ
P029861,2022,BACHELOR_EQ
P026864,2022,NONE_LOW
P011721,2022,BACHELOR_EQ
P031812,2022,VOC_POSTSEC
P044427,2022,BACHELOR_EQ
P047280,2022,SCHOOL
P020711,2022,VOC_POSTSEC
P041519,2022,VOC_POSTSEC
P046553,2022,MASTER_EQ
P043852,2022,SCHOOL
P047562,2022,MASTER_EQ
P049297,2022,VOC_POSTSEC
P045774,2022,MASTER_EQ
P034623,2022,NONE_LOW
P004074,2022,SCHOOL
P039151,2022,VOC_POSTSEC
P026032,2022,DOCTORATE
P009537,2022,NONE_LOW
P032610,2022,VOC_POSTSEC
P049311,2022,MASTER_EQ
P006725,2022,VOC_POSTSEC
P002541,2022,VOC_POSTSEC
P014706,2022,SCHOOL
P010270,2022,SCHOOL
P007322,2022,BACHELOR_EQ
P023722,2022,NONE_LOW
P022414,2022,VOC_POSTSEC
P028827,2022,SCHOOL
P028905,2022,VOC_POSTSEC
P015560,2022,SCHOOL
P040983,2022,VOC_POSTSEC
P010285,2022,BACHELOR_EQ
P009368,2022,BACHELOR_EQ
P024040,2022,BACHELOR_EQ
P039483,2022,VOC_POSTSEC
P020172,2022,VOC_POSTSEC
P031263,2022,VOC_POSTSEC
P024209,2022,VOC_POSTSEC
P005880,2022,VOC_POSTSEC
P022447,2022,BACHELOR_EQ
P004352,2022,VOC_POSTSEC
P037963,2022,MASTER_EQ
P013144,2022,MASTER_EQ
P043210,2022,VOC_POSTSEC
P025381,2022,VOC_POSTSEC
P019637,2022,VOC_POSTSEC
P037456,2022,BACHELOR_EQ
P011568,2022,VOC_POSTSEC
P018186,2022,BACHELOR_EQ
P032268,2022,VOC_POSTSEC
P035492,2022,SCHOOL
P014084,2022,VOC_POSTSEC
P043311,2022,BACHELOR_EQ
P043099,2022,SCHOOL
P047413,2022,VOC_POSTSEC
P017668,2022,SCHOOL
P031015,2022,NONE_LOW
P000813,2022,VOC_POSTSEC
P007502,2022,MASTER_EQ
P015085,2022,SCHOOL
P004336,2022,BACHELOR_EQ
P049274,2022,VOC_POSTSEC
P032783,2022,SCHOOL
P041251,2022,MASTER_EQ
P001390,2022,SCHOOL
P024936,2022,SCHOOL
P036442,2022,SCHOOL
P044572,2022,NONE_LOW
P046868,2022,SCHOOL
P048050,2022,VOC_POSTSEC
P036331,2022,MASTER_EQ
P020752,2022,VOC_POSTSEC
P004237,2022,VOC_POSTSEC
P037462,2022,MASTER_EQ
P048677,2022,BACHELOR_EQ
P046189,2022,SCHOOL
P010626,2022,BACHELOR_EQ
P048131,2022,DOCTORATE
P042198,2022,SCHOOL
P007129,2022,VOC_POSTSEC
P040197,2022,SCHOOL
P001431,2022,UNKNOWN_CODE
P000112,2022,BACHELOR_EQ
P027824,2022,VOC_POSTSEC
P020100,2022,DOCTORATE
P007728,2022,SCHOOL
P013812,2022,NONE_LOW
P004625,2022,VOC_POSTSEC
P006282,2022,BACHELOR_EQ
P015065,2022,VOC_POSTSEC
P048057,2022,SCHOOL
P009092,2022,SCHOOL
P014276,2022,VOC_POSTSEC
P018856,2022,SCHOOL
P045587,2022,VOC_POSTSEC
P047929,2022,VOC_POSTSEC
P041920,2022,NONE_LOW
P038907,2022,SCHOOL
P038092,2022,VOC_POSTSEC
P046342,2022,SCHOOL
P007861,2022,SCHOOL
P012924,2022,VOC_POSTSEC
P049332,2022,DOCTORATE
P048808,2022,SCHOOL
P015118,2022,VOC_POSTSEC
P011785,2022,VOC_POSTSEC
P010160,2022,VOC_POSTSEC
P010759,2022,NONE_LOW
P004719,2022,VOC_POSTSEC
P032055,2022,BACHELOR_EQ
P039156,2022,VOC_POSTSEC
P024305,2022,SCHOOL
P010343,2022,MASTER_EQ
P030842,2022,SCHOOL
P009550,2022,SCHOOL
P022239,2022,SCHOOL
P037440,2022,BACHELOR_EQ
P019716,2022,VOC_POSTSEC
P019526,2022,BACHELOR_EQ
P014450,2022,VOC_POSTSEC
P026840,2022,SCHOOL
P020240,2022,VOC_POSTSEC
P025091,2022,VOC_POSTSEC
P006941,2022,SCHOOL
P042817,2022,SCHOOL
P036997,2022,VOC_POSTSEC
P024526,2022,SCHOOL
P019079,2022,BACHELOR_EQ
P026228,2022,MASTER_EQ
P005249,2022,SCHOOL
P012710,2022,SCHOOL
P029704,2022,VOC_POSTSEC
P043089,2022,SCHOOL
P025667,2022,MASTER_EQ
P024924,2022,UNKNOWN_CODE
P009924,2022,VOC_POSTSEC
P029728,2022,VOC_POSTSEC
P033267,2022,VOC_POSTSEC
P015557,2022,SCHOOL
P046702,2022,MASTER_EQ
P001322,2022,VOC_POSTSEC
P035722,2022,NONE_LOW
P024663,2022,VOC_POSTSEC
P044804,2022,BACHELOR_EQ
P046262,2022,NONE_LOW
P031617,2022,NONE_LOW
P018686,2022,VOC_POSTSEC
P010643,2022,VOC_POSTSEC
P024643,2022,SCHOOL
P034618,2022,VOC_POSTSEC
P042538,2022,SCHOOL
P026000,2022,VOC_POSTSEC
P014248,2022,SCHOOL
P023214,2022,SCHOOL
P012977,2022,MASTER_EQ
P035252,2022,MASTER_EQ
P013387,2022,SCHOOL
P025777,2022,BACHELOR_EQ
P048403,2022,BACHELOR_EQ
P029110,2022,BACHELOR_EQ
P004829,2022,SCHOOL
P045574,2022,VOC_POSTSEC
P043153,2022,SCHOOL
P031805,2022,BACHELOR_EQ
P025139,2022,SCHOOL
P037818,2022,MASTER_EQ
P007649,2022,SCHOOL
P032026,2022,VOC_POSTSEC
P020724,2022,BACHELOR_EQ
P007104,2022,SCHOOL
P004892,2022,SCHOOL
P035133,2022,VOC_POSTSEC
P005019,2022,SCHOOL
P015615,2022,VOC_POSTSEC
P010162,2022,SCHOOL
P032687,2022,DOCTORATE
P032630,2022,BACHELOR_EQ
P019281,2022,BACHELOR_EQ
P039500,2022,VOC_POSTSEC
P048389,2022,VOC_POSTSEC
P011188,2022,SCHOOL
P019931,2022,VOC_POSTSEC
P035247,2022,VOC_POSTSEC
P019043,2022,DOCTORATE
P021823,2022,BACHELOR_EQ
P007772,2022,VOC_POSTSEC
P041109,2022,SCHOOL
P019504,2022,DOCTORATE
P008981,2022,BACHELOR_EQ
P017086,2022,SCHOOL
P041880,2022,MASTER_EQ
P001241,2022,NONE_LOW
P011832,2022,MASTER_EQ
P025593,2022,SCHOOL
P002750,2022,SCHOOL
P017008,2022,SCHOOL
P020022,2022,BACHELOR_EQ
P035234,2022,BACHELOR_EQ
P029599,2022,SCHOOL
P045905,2022,SCHOOL
P002964,2022,SCHOOL
P002609,2022,BACHELOR_EQ
P004190,2022,VOC_POSTSEC
P026726,2022,VOC_POSTSEC
P004399,2022,BACHELOR_EQ
P004852,2022,VOC_POSTSEC
P006383,2022,SCHOOL
P007111,2022,MASTER_EQ
P036071,2022,VOC_POSTSEC
P048092,2022,SCHOOL
P038618,2022,VOC_POSTSEC
P012211,2022,SCHOOL
P011015,2022,VOC_POSTSEC
P018116,2022,SCHOOL
P015804,2022,VOC_POSTSEC
P034121,2022,VOC_POSTSEC
P032719,2022,NONE_LOW
P015020,2022,VOC_POSTSEC
P045354,2022,MASTER_EQ
P034516,2022,SCHOOL
P027342,2022,BACHELOR_EQ
P003649,2022,VOC_POSTSEC
P017600,2022,DOCTORATE
P049838,2022,VOC_POSTSEC
P014940,2022,VOC_POSTSEC
P039932,2022,VOC_POSTSEC
P026986,2022,BACHELOR_EQ
P037120,2022,SCHOOL
P030332,2022,VOC_POSTSEC
P015793,2022,MASTER_EQ
P004567,2022,SCHOOL
P034456,2022,VOC_POSTSEC
P000819,2022,VOC_POSTSEC
P001100,2022,BACHELOR_EQ
P010049,2022,SCHOOL
P036179,2022,VOC_POSTSEC
P008271,2022,MASTER_EQ
P045304,2022,MASTER_EQ
P013595,2022,VOC_POSTSEC
P043840,2022,SCHOOL
P032110,2022,VOC_POSTSEC
P035384,2022,SCHOOL
P025924,2022,VOC_POSTSEC
P032518,2022,SCHOOL
P040410,2022,VOC_POSTSEC
P025780,2022,SCHOOL
P007415,2022,BACHELOR_EQ
P039492,2022,BACHELOR_EQ
P009422,2022,BACHELOR_EQ
P023574,2022,SCHOOL
P045767,2022,VOC_POSTSEC
P011865,2022,BACHELOR_EQ
P011974,2022,MASTER_EQ
P044720,2022,NONE_LOW
P024552,2022,VOC_POSTSEC
P022880,2022,VOC_POSTSEC
P000871,2022,VOC_POSTSEC
P036711,2022,SCHOOL
P013495,2022,VOC_POSTSEC
P035505,2022,VOC_POSTSEC
P017117,2022,VOC_POSTSEC
P018354,2022,VOC_POSTSEC
P049712,2022,SCHOOL
P023483,2022,SCHOOL
P025875,2022,BACHELOR_EQ
P035073,2022,VOC_POSTSEC
P030183,2022,VOC_POSTSEC
P014374,2022,VOC_POSTSEC
P047810,2022,SCHOOL
P034619,2022,SCHOOL
P018295,2022,BACHELOR_EQ
P030338,2022,VOC_POSTSEC
P016484,2022,VOC_POSTSEC
P033746,2022,SCHOOL
P036918,2022,VOC_POSTSEC
P047357,2022,BACHELOR_EQ
P029928,2022,VOC_POSTSEC
P037180,2022,SCHOOL
P045610,2022,VOC_POSTSEC
P043797,2022,VOC_POSTSEC
P045077,2022,BACHELOR_EQ
P029851,2022,VOC_POSTSEC
P012616,2022,VOC_POSTSEC
P008099,2022,NONE_LOW
P037979,2022,SCHOOL
P026550,2022,SCHOOL
P008652,2022,VOC_POSTSEC
P027548,2022,VOC_POSTSEC
P035226,2022,MASTER_EQ
P007172,2022,NONE_LOW
P026260,2022,NONE_LOW
P041762,2021,VOC_POSTSEC
P027819,2022,VOC_POSTSEC
P011057,2022,DOCTORATE
P040349,2022,BACHELOR_EQ
P023636,2022,VOC_POSTSEC
P021098,2022,SCHOOL
P004856,2022,MASTER_EQ
P043234,2022,VOC_POSTSEC
P029542,2022,BACHELOR_EQ
P022390,2022,SCHOOL
P023772,2022,VOC_POSTSEC
P000704,2022,SCHOOL
P009509,2022,VOC_POSTSEC
P012493,2022,DOCTORATE
P035829,2022,NONE_LOW
,2022,VOC_POSTSEC
P028422,2022,VOC_POSTSEC
P047474,2022,VOC_POSTSEC
P049517,2022,VOC_POSTSEC
P000043,2022,BACHELOR_EQ
P001371,2022,UNKNOWN_CODE
P016375,2022,VOC_POSTSEC
P021468,2022,MASTER_EQ
P022888,2022,VOC_POSTSEC
P003094,2022,NONE_LOW
P003257,2022,VOC_POSTSEC
P025998,2022,NONE_LOW
P025718,2022,NONE_LOW
P003812,2022,VOC_POSTSEC
P021402,2022,VOC_POSTSEC
P049052,2022,MASTER_EQ
P038239,2022,SCHOOL
P000661,2022,VOC_POSTSEC
P020821,2022,VOC_POSTSEC
P014369,2022,BACHELOR_EQ
P002529,2022,SCHOOL
P038741,2022,SCHOOL
P041075,2022,SCHOOL
P007326,2022,BACHELOR_EQ
P011088,2022,VOC_POSTSEC
P026701,2022,MASTER_EQ
P019825,2022,VOC_POSTSEC
P048143,2022,MASTER_EQ
P013313,2022,SCHOOL
P005716,2022,VOC_POSTSEC
P008026,2022,SCHOOL
P023696,2022,VOC_POSTSEC
P010366,2022,NONE_LOW
P039280,2022,SCHOOL
P013278,2022,VOC_POSTSEC
P035428,2022,BACHELOR_EQ
P000503,2022,BACHELOR_EQ
P023906,2022,VOC_POSTSEC
P033617,2022,SCHOOL
P038447,2022,VOC_POSTSEC
P007235,2022,VOC_POSTSEC
P040614,2022,SCHOOL
P044133,2022,BACHELOR_EQ
P041236,2022,SCHOOL
P043401,2022,BACHELOR_EQ
P011104,2022,SCHOOL
P023217,2022,BACHELOR_EQ
P013652,2022,SCHOOL
P028770,2022,VOC_POSTSEC
P036068,2022,BACHELOR_EQ
P035464,2022,VOC_POSTSEC
P040155,2022,VOC_POSTSEC
P009757,2022,
P028191,2022,VOC_POSTSEC
P005030,2022,BACHELOR_EQ
P034056,2022,VOC_POSTSEC
P034329,2022,VOC_POSTSEC
P033295,2022,
P010441,2022,SCHOOL
P004150,2022,NONE_LOW
P026457,2022,BACHELOR_EQ
P048737,2022,SCHOOL
P001727,2022,SCHOOL
P017511,2022,VOC_POSTSEC
P049795,2022,BACHELOR_EQ
P029033,2022,SCHOOL
P045357,2022,SCHOOL
P004979,2022,VOC_POSTSEC
P014695,2022,VOC_POSTSEC
P047897,2022,SCHOOL
P004275,2022,SCHOOL
P004442,2022,VOC_POSTSEC
P046278,2022,BACHELOR_EQ
P029842,2022,SCHOOL
P024243,2022,VOC_POSTSEC
P041209,2022,VOC_POSTSEC
P010166,2022,BACHELOR_EQ
P020951,2022,SCHOOL
P000259,2022,VOC_POSTSEC
P004777,2022,SCHOOL
P008228,2022,VOC_POSTSEC
P016832,2022,NONE_LOW
P045008,2022,SCHOOL
P002434,2022,VOC_POSTSEC
P035670,2022,BACHELOR_EQ
P033628,2022,SCHOOL
P006452,2022,NONE_LOW
P041444,2022,BACHELOR_EQ
P020886,2022,BACHELOR_EQ
P014376,2022,BACHELOR_EQ
P033385,2022,SCHOOL
P005998,2022,SCHOOL
P028555,2022,MASTER_EQ
P023854,2022,VOC_POSTSEC
P048920,2022,SCHOOL
P031502,2022,SCHOOL
P009623,2022,BACHELOR_EQ
P048862,2022,VOC_POSTSEC
P007842,2022,NONE_LOW
P033811,2022,SCHOOL
P044862,2022,VOC_POSTSEC
P019018,2022,VOC_POSTSEC
P049477,2022,MASTER_EQ
P026192,2022,BACHELOR_EQ
P015820,2022,DOCTORATE
P006141,2022,NONE_LOW
P033140,2022,VOC_POSTSEC
P018226,2022,BACHELOR_EQ
P035557,2022,SCHOOL
P000309,2022,SCHOOL
P005438,2022,VOC_POSTSEC
P041941,2022,VOC_POSTSEC
P022083,2022,VOC_POSTSEC
P033353,2022,BACHELOR_EQ
P031023,2022,MASTER_EQ
P027303,2022,MASTER_EQ
P017329,2022,BACHELOR_EQ
P032843,2022,NONE_LOW
P044658,2022,SCHOOL
P028212,2022,VOC_POSTSEC
P035686,2022,BACHELOR_EQ
P001678,2022,SCHOOL
P049681,2022,VOC_POSTSEC
P032444,2022,BACHELOR_EQ
P036837,2022,VOC_POSTSEC
P047440,2022,SCHOOL
P039283,2022,VOC_POSTSEC
P035406,2022,SCHOOL
P006628,2022,SCHOOL
P023800,2022,NONE_LOW
P023030,2022,NONE_LOW
P004421,2022,VOC_POSTSEC
P001970,2022,BACHELOR_EQ
P046094,2022,SCHOOL
P004751,2022,MASTER_EQ
P022043,2022,VOC_POSTSEC
P030653,2022,VOC_POSTSEC
P029262,2022,BACHELOR_EQ
P004060,2022,SCHOOL
P039912,2022,BACHELOR_EQ
P000954,2022,SCHOOL
P011193,2022,VOC_POSTSEC
P027015,2022,VOC_POSTSEC
P047226,2022,SCHOOL
P012221,2022,VOC_POSTSEC
P033473,2022,SCHOOL
P049710,2022,SCHOOL
P044834,2022,SCHOOL
P012254,2022,VOC_POSTSEC
P030314,2022,MASTER_EQ
P018780,2022,SCHOOL
P042612,2022,NONE_LOW
P030198,2022,BACHELOR_EQ
P010416,2022,BACHELOR_EQ
P035756,2022,BACHELOR_EQ
P014203,2022,VOC_POSTSEC
P041112,2022,SCHOOL
P024152,2022,DOCTORATE
P012076,2022,VOC_POSTSEC
P036022,2022,VOC_POSTSEC
P021174,2022,VOC_POSTSEC
P035383,2022,SCHOOL
P012636,2022,SCHOOL
P016550,2022,MASTER_EQ
P003221,2022,BACHELOR_EQ
P041061,2022,VOC_POSTSEC
P033600,2022,BACHELOR_EQ
P012620,2022,
P016283,2022,SCHOOL
P016945,2022,SCHOOL
P017169,2022,SCHOOL
P019522,2022,SCHOOL
P018687,2022,BACHELOR_EQ
P003315,2022,BACHELOR_EQ
P021963,2022,SCHOOL
P034559,2022,VOC_POSTSEC
P028929,2022,BACHELOR_EQ
P033777,2022,VOC_POSTSEC
P032817,2022,SCHOOL
P002920,2022,SCHOOL
P002574,2022,SCHOOL
P022640,2022,BACHELOR_EQ
P023306,2022,SCHOOL
P049016,2022,NONE_LOW
P014833,2022,VOC_POSTSEC
P029995,2022,SCHOOL
P039452,2022,BACHELOR_EQ
P030980,2022,SCHOOL
P040806,2022,SCHOOL
P031883,2022,VOC_POSTSEC
P010157,2022,VOC_POSTSEC
P011091,2022,MASTER_EQ
P012929,2022,SCHOOL
P024107,2022,BACHELOR_EQ
P003732,2022,VOC_POSTSEC
P014431,2022,VOC_POSTSEC
P034129,2022,BACHELOR_EQ
P037770,2022,MASTER_EQ
P036735,2022,BACHELOR_EQ
P043134,2022,NONE_LOW
P003352,2022,VOC_POSTSEC
P031739,2022,SCHOOL
P041643,2022,SCHOOL
P044559,2022,BACHELOR_EQ
P033545,2022,VOC_POSTSEC
P001917,2022,SCHOOL
P042751,2022,SCHOOL
P018093,2022,BACHELOR_EQ
P029549,2022,VOC_POSTSEC
P041404,2022,SCHOOL
P020776,2022,NONE_LOW
P046167,2022,BACHELOR_EQ
P020270,2022,SCHOOL
P040632,2022,SCHOOL
,2022,NONE_LOW
P043612,2022,VOC_POSTSEC
P001023,2022,SCHOOL
P019966,2022,VOC_POSTSEC
P007698,2022,BACHELOR_EQ
P009303,2022,VOC_POSTSEC
P044836,2022,SCHOOL
P030776,2022,SCHOOL
P040870,2022,SCHOOL
P046332,2022,VOC_POSTSEC
P036178,2022,SCHOOL
P024416,2022,SCHOOL
P044528,2022,VOC_POSTSEC
P029189,2022,VOC_POSTSEC
P044923,2022,SCHOOL
P022713,2022,SCHOOL
P037696,2022,VOC_POSTSEC
P019365,2022,BACHELOR_EQ
P048747,2022,VOC_POSTSEC
P042189,2022,VOC_POSTSEC
P007938,2022,BACHELOR_EQ
P031560,2022,BACHELOR_EQ
P049531,2022,SCHOOL
P041231,2022,BACHELOR_EQ
P043240,2022,NONE_LOW
P022024,2022,SCHOOL
P034175,2022,NONE_LOW
P040058,2022,VOC_POSTSEC
P014792,2022,SCHOOL
P038230,2022,SCHOOL
P038573,2022,VOC_POSTSEC
P030808,2022,BACHELOR_EQ
P027450,2022,NONE_LOW
P045978,2022,VOC_POSTSEC
P006023,2022,DOCTORATE
P027219,2022,VOC_POSTSEC
P049938,2022,VOC_POSTSEC
P022236,2022,SCHOOL
P045374,2022,VOC_POSTSEC
P016037,2022,VOC_POSTSEC
P028026,2022,
P008561,2022,BACHELOR_EQ
P014631,2022,SCHOOL
P009914,2022,VOC_POSTSEC
P036046,2022,UNKNOWN_CODE
P010636,2022,VOC_POSTSEC
P045054,2022,BACHELOR_EQ
P001058,2022,MASTER_EQ
P001436,2022,BACHELOR_EQ
P006911,2022,SCHOOL
P045553,2022,VOC_POSTSEC
P016492,2022,VOC_POSTSEC
P012229,2022,NONE_LOW
P008978,2022,VOC_POSTSEC
P008071,2022,SCHOOL
P025392,2022,SCHOOL
P040247,2022,
P042516,2022,SCHOOL
P009761,2022,MASTER_EQ
P012143,2022,VOC_POSTSEC
P036290,2022,VOC_POSTSEC
P045346,2022,VOC_POSTSEC
P037264,2022,SCHOOL
P035126,2022,SCHOOL
P024384,2022,BACHELOR_EQ
P001316,2022,SCHOOL
P018777,2022,VOC_POSTSEC
P014979,2022,SCHOOL
P036345,2022,VOC_POSTSEC
P020236,2022,VOC_POSTSEC
P034349,2022,SCHOOL
P046020,2022,MASTER_EQ
P047283,2022,BACHELOR_EQ
P029530,2022,NONE_LOW
P006307,2022,NONE_LOW
P021986,2022,SCHOOL
P049742,2022,SCHOOL
P040778,2022,VOC_POSTSEC
P019099,2022,SCHOOL
P037575,2022,SCHOOL
P023817,2022,VOC_POSTSEC
P049862,2022,NONE_LOW
P020049,2022,MASTER_EQ
P033889,2022,BACHELOR_EQ
P038740,2022,NONE_LOW
P011421,2022,VOC_POSTSEC
P039029,2022,VOC_POSTSEC
P006187,2022,VOC_POSTSEC
P018877,2022,VOC_POSTSEC
P047534,2022,SCHOOL
P044054,2022,BACHELOR_EQ
P019288,2022,VOC_POSTSEC
P049868,2022,BACHELOR_EQ
P018655,2022,VOC_POSTSEC
P012790,2022,NONE_LOW
P037985,2022,VOC_POSTSEC
P041872,2022,VOC_POSTSEC
P043185,2022,SCHOOL
P044662,2022,MASTER_EQ
P019696,2022,SCHOOL
P023283,2022,SCHOOL
P016579,2022,BACHELOR_EQ
P047859,2022,BACHELOR_EQ
P040613,2022,VOC_POSTSEC
P014567,2022,VOC_POSTSEC
P020990,2022,BACHELOR_EQ
P021221,2022,VOC_POSTSEC
P044454,2022,VOC_POSTSEC
P023946,2022,SCHOOL
P023541,2022,VOC_POSTSEC
P022344,2022,SCHOOL
P010229,2022,VOC_POSTSEC
P034511,2022,SCHOOL
P034868,2022,SCHOOL
P011142,2022,SCHOOL
P003061,2022,SCHOOL
P048963,2022,BACHELOR_EQ
P036780,2022,SCHOOL
P030836,2022,SCHOOL
P015662,2022,BACHELOR_EQ
P023397,2022,SCHOOL
P033877,2022,BACHELOR_EQ
P046770,2022,BACHELOR_EQ
P022021,2022,SCHOOL
P049789,2022,SCHOOL
P020905,2022,SCHOOL
P001190,2022,SCHOOL
P008565,2022,SCHOOL
P000294,2021,NONE_LOW
P026942,2022,SCHOOL
P004619,2022,SCHOOL
P023234,2022,VOC_POSTSEC
P020911,2022,SCHOOL
P005209,2022,VOC_POSTSEC
P014877,2022,VOC_POSTSEC
P003190,2022,SCHOOL
P014656,2022,VOC_POSTSEC
P011041,2022,NONE_LOW
P011604,2022,VOC_POSTSEC
P036619,2022,VOC_POSTSEC
P021305,2022,VOC_POSTSEC
P039056,2022,VOC_POSTSEC
P042920,2022,VOC_POSTSEC
P011857,2022,VOC_POSTSEC
P017552,2022,BACHELOR_EQ
P015314,2022,VOC_POSTSEC
P025578,2022,NONE_LOW
P044175,2022,VOC_POSTSEC
P038585,2022,SCHOOL
P020424,2022,MASTER_EQ
P039885,2022,VOC_POSTSEC
P010881,2022,VOC_POSTSEC
P035745,2022,SCHOOL
P021028,2022,SCHOOL
P049424,2022,BACHELOR_EQ
P040945,2022,SCHOOL
P002711,2022,VOC_POSTSEC
P044474,2022,SCHOOL
P037689,2022,NONE_LOW
P034325,2022,VOC_POSTSEC
P047347,2022,MASTER_EQ
P029579,2022,SCHOOL
P000097,2022,BACHELOR_EQ
P026333,2022,SCHOOL
P026797,2022,MASTER_EQ
P021114,2022,VOC_POSTSEC
P047966,2022,SCHOOL
P019542,2022,VOC_POSTSEC
P003905,2022,VOC_POSTSEC
P045882,2022,SCHOOL
P046525,2022,SCHOOL
P027377,2022,BACHELOR_EQ
P006218,2022,BACHELOR_EQ
P037252,2022,SCHOOL
P020079,2022,NONE_LOW
P034687,2022,NONE_LOW
P012638,2022,NONE_LOW
P041965,2022,VOC_POSTSEC
P028579,2022,SCHOOL
P010028,2022,SCHOOL
P005194,2022,SCHOOL
P043917,2022,VOC_POSTSEC
P029140,2022,VOC_POSTSEC
P048745,2022,VOC_POSTSEC
P029626,2022,SCHOOL
P048100,2022,SCHOOL
P033868,2022,MASTER_EQ
P016463,2022,VOC_POSTSEC
P014240,2022,VOC_POSTSEC
P018747,2022,SCHOOL
P030979,2022,BACHELOR_EQ
P012003,2022,SCHOOL
P023598,2022,VOC_POSTSEC
P009951,2022,VOC_POSTSEC
P019348,2022,VOC_POSTSEC
P014011,2022,MASTER_EQ
P000327,2022,VOC_POSTSEC
P021652,2022,BACHELOR_EQ
P020222,2022,SCHOOL
P020402,2022,SCHOOL
P027720,2022,VOC_POSTSEC
P041878,2022,SCHOOL
P002737,2022,BACHELOR_EQ
P011168,2022,BACHELOR_EQ
P037042,2022,NONE_LOW
P037270,2022,SCHOOL
P022796,2022,BACHELOR_EQ
P045118,2022,SCHOOL
P045532,2022,VOC_POSTSEC
P041030,2022,BACHELOR_EQ
P017554,2022,BACHELOR_EQ
P001476,2022,VOC_POSTSEC
P009777,2022,NONE_LOW
P025772,2022,SCHOOL
P024636,2022,MASTER_EQ
P015930,2022,NONE_LOW
P011811,2022,BACHELOR_EQ
P024299,2022,VOC_POSTSEC
P002943,2022,VOC_POSTSEC
P019997,2022,BACHELOR_EQ
P019623,2022,VOC_POSTSEC
P002619,2022,SCHOOL
P002727,2022,NONE_LOW
P044165,2022,BACHELOR_EQ
P046722,2022,BACHELOR_EQ
P017932,2022,VOC_POSTSEC
P016262,2022,BACHELOR_EQ
P032828,2022,VOC_POSTSEC
P031491,2022,VOC_POSTSEC
P018604,2022,VOC_POSTSEC
P040431,2022,BACHELOR_EQ
P028702,2022,DOCTORATE
P007668,2022,SCHOOL
P021945,2022,SCHOOL
P013774,2022,NONE_LOW
P008749,2022,VOC_POSTSEC
P033453,2022,VOC_POSTSEC
P049784,2022,SCHOOL
P039566,2022,SCHOOL
P009551,2022,VOC_POSTSEC
P037584,2022,NONE_LOW
P040128,2022,DOCTORATE
P003027,2022,BACHELOR_EQ
P017405,2022,NONE_LOW
P015845,2022,BACHELOR_EQ
P010400,2022,NONE_LOW
P018477,2022,
P044282,2022,VOC_POSTSEC
P007984,2022,SCHOOL
P044394,2022,VOC_POSTSEC
P033115,2022,BACHELOR_EQ
P030050,2022,SCHOOL
P002408,2022,VOC_POSTSEC
P044925,2022,NONE_LOW
P011357,2022,SCHOOL
P016944,2022,VOC_POSTSEC
P006994,2022,VOC_POSTSEC
P041532,2022,VOC_POSTSEC
P010054,2022,SCHOOL
P003288,2022,VOC_POSTSEC
P014328,2022,VOC_POSTSEC
P020368,2022,VOC_POSTSEC
P019255,2022,VOC_POSTSEC
P004501,2022,NONE_LOW
P020185,2022,DOCTORATE
P007651,2022,BACHELOR_EQ
P018363,2022,VOC_POSTSEC
P034098,2022,VOC_POSTSEC
P005589,2022,SCHOOL
P031490,2022,BACHELOR_EQ
P045201,2022,NONE_LOW
P005175,2022,VOC_POSTSEC
P001593,2022,MASTER_EQ
P046440,2022,SCHOOL
P026616,2022,NONE_LOW
P035593,2022,VOC_POSTSEC
P046532,2022,NONE_LOW
P021286,2022,SCHOOL
P023000,2022,SCHOOL
P047868,2022,BACHELOR_EQ
P041927,2022,SCHOOL
P043575,2022,VOC_POSTSEC
P000511,2022,VOC_POSTSEC
P004873,2022,VOC_POSTSEC
P012610,2022,SCHOOL
P047067,2022,VOC_POSTSEC
P034845,2022,NONE_LOW
P038520,2022,BACHELOR_EQ
P013704,2022,VOC_POSTSEC
P025672,2022,SCHOOL
P029575,2022,MASTER_EQ
P021615,2022,SCHOOL
P020663,2022,SCHOOL
P048969,2022,SCHOOL
P022032,2022,VOC_POSTSEC
P006459,2022,VOC_POSTSEC
P046103,2022,BACHELOR_EQ
P021585,2022,SCHOOL
P016875,2022,SCHOOL
P034341,2022,VOC_POSTSEC
P016432,2022,BACHELOR_EQ
P048714,2022,SCHOOL
P014506,2022,SCHOOL
P006988,2022,BACHELOR_EQ
P045975,2022,NONE_LOW
P016586,2022,VOC_POSTSEC
P022650,2022,VOC_POSTSEC
P031958,2022,VOC_POSTSEC
P019972,2022,BACHELOR_EQ
P001810,2022,VOC_POSTSEC
P016435,2022,VOC_POSTSEC
P036940,2022,VOC_POSTSEC
P039053,2022,VOC_POSTSEC
P037954,2022,VOC_POSTSEC
P039211,2022,VOC_POSTSEC
P031562,2022,BACHELOR_EQ
P032149,2022,VOC_POSTSEC
P046504,2022,SCHOOL
P017291,2022,SCHOOL
P012492,2022,BACHELOR_EQ
P043428,2022,VOC_POSTSEC
P049176,2022,VOC_POSTSEC
P033490,2022,VOC_POSTSEC
P012330,2022,VOC_POSTSEC
P000826,2022,SCHOOL
P016690,2022,BACHELOR_EQ
P027865,2022,VOC_POSTSEC
P018953,2022,SCHOOL
P007744,2022,SCHOOL
P031296,2022,MASTER_EQ
P011480,2022,VOC_POSTSEC
P022453,2022,BACHELOR_EQ
P025901,2022,VOC_POSTSEC
P025368,2022,BACHELOR_EQ
P019230,2022,SCHOOL
P031411,2022,VOC_POSTSEC
P014391,2022,SCHOOL
P031869,2022,BACHELOR_EQ
P007096,2022,VOC_POSTSEC
P004418,2022,SCHOOL
P013994,2022,BACHELOR_EQ
P003633,2022,SCHOOL
P005188,2022,VOC_POSTSEC
P037847,2022,VOC_POSTSEC
P006270,2022,SCHOOL
P027011,2022,VOC_POSTSEC
P040705,2022,NONE_LOW
P028648,2022,VOC_POSTSEC
P017965,2022,SCHOOL
P001651,2022,VOC_POSTSEC
P045129,2022,BACHELOR_EQ
P003815,2022,
P040261,2022,BACHELOR_EQ
P017100,2022,SCHOOL
P003804,2022,VOC_POSTSEC
P029754,2022,BACHELOR_EQ
P013934,2022,SCHOOL
P021730,2022,VOC_POSTSEC
P045932,2022,VOC_POSTSEC
P030186,2022,SCHOOL
P026271,2022,VOC_POSTSEC
P019840,2022,VOC_POSTSEC
P009211,2022,VOC_POSTSEC
P033851,2022,VOC_POSTSEC
P006532,2022,VOC_POSTSEC
P027360,2022,BACHELOR_EQ
P033845,2022,VOC_POSTSEC
P008553,2022,BACHELOR_EQ
P003096,2022,SCHOOL
P033466,2022,BACHELOR_EQ
P023997,2022,BACHELOR_EQ
P019670,2022,SCHOOL
P047118,2022,MASTER_EQ
P027264,2022,VOC_POSTSEC
P021380,2022,VOC_POSTSEC
P013959,2022,VOC_POSTSEC
P035048,2022,BACHELOR_EQ
P034305,2022,NONE_LOW
P017009,2022,VOC_POSTSEC
P044530,2022,BACHELOR_EQ
P012936,2022,SCHOOL
P036510,2022,NONE_LOW
P005810,2022,VOC_POSTSEC
P039225,2022,VOC_POSTSEC
P015387,2022,VOC_POSTSEC
P025729,2022,NONE_LOW
P039873,2022,VOC_POSTSEC
P046964,2022,VOC_POSTSEC
P035035,2022,VOC_POSTSEC
P009329,2022,VOC_POSTSEC
P047787,2021,SCHOOL
P012000,2022,VOC_POSTSEC
P041225,2022,MASTER_EQ
P018952,2022,BACHELOR_EQ
P016695,2022,SCHOOL
P020849,2022,SCHOOL
P043274,2022,BACHELOR_EQ
P002739,2022,BACHELOR_EQ
P006191,2022,VOC_POSTSEC
P018072,2022,BACHELOR_EQ
P016185,2022,SCHOOL
P048457,2022,MASTER_EQ
P044881,2022,VOC_POSTSEC
P042729,2022,NONE_LOW
P013343,2022,BACHELOR_EQ
P039207,2022,DOCTORATE
P045300,2022,NONE_LOW
P025421,2022,VOC_POSTSEC
P003912,2022,VOC_POSTSEC
P041401,2022,BACHELOR_EQ
P009826,2022,NONE_LOW
P018043,2022,VOC_POSTSEC
P008560,2022,BACHELOR_EQ
P014473,2022,VOC_POSTSEC
P002017,2022,SCHOOL
P027632,2022,SCHOOL
P009884,2022,VOC_POSTSEC
P034807,2022,VOC_POSTSEC
P045904,2022,BACHELOR_EQ
P042480,2022,SCHOOL
P021961,2022,BACHELOR_EQ
P004547,2022,VOC_POSTSEC
P021574,2022,SCHOOL
P009518,2022,NONE_LOW
P023513,2022,SCHOOL
P017346,2022,BACHELOR_EQ
P000521,2022,SCHOOL
P002629,2022,SCHOOL
P013200,2022,MASTER_EQ
P022270,2022,VOC_POSTSEC
P023986,2022,NONE_LOW
P005465,2022,MASTER_EQ
P044053,2022,SCHOOL
P035790,2022,VOC_POSTSEC
P048317,2022,NONE_LOW
P012536,2022,SCHOOL
P025536,2022,NONE_LOW
P003749,2022,VOC_POSTSEC
P021783,2022,SCHOOL
P031298,2022,BACHELOR_EQ
P012618,2022,VOC_POSTSEC
P034459,2022,VOC_POSTSEC
P029900,2022,SCHOOL
P025448,2022,VOC_POSTSEC
P023507,2022,SCHOOL
P047154,2022,BACHELOR_EQ
P034786,2022,BACHELOR_EQ
P014814,2022,SCHOOL
P006361,2022,BACHELOR_EQ
P027278,2022,SCHOOL
P019601,2022,SCHOOL
P039137,2022,VOC_POSTSEC
P016357,2022,VOC_POSTSEC
P006090,2022,SCHOOL
P042465,2022,NONE_LOW
P005074,2022,BACHELOR_EQ
P000982,2022,NONE_LOW
P009076,2022,NONE_LOW
P035740,2022,SCHOOL
P003341,2022,SCHOOL
P003173,2022,VOC_POSTSEC
P036173,2022,MASTER_EQ
P034424,2022,SCHOOL
P009163,2022,VOC_POSTSEC
P031033,2022,VOC_POSTSEC
P015108,2022,NONE_LOW
P022742,2022,SCHOOL
P011434,2022,VOC_POSTSEC
P004814,2022,NONE_LOW
P029933,2022,VOC_POSTSEC
P024688,2022,SCHOOL
P016425,2022,MASTER_EQ
P028369,2022,VOC_POSTSEC
P000265,2022,SCHOOL
P043662,2022,SCHOOL
P014499,2022,NONE_LOW
P006789,2022,BACHELOR_EQ
P023815,2022,SCHOOL
P039913,2022,SCHOOL
P027046,2022,BACHELOR_EQ
P021400,2022,BACHELOR_EQ
P013211,2022,BACHELOR_EQ
P032363,2022,SCHOOL
P032047,2022,DOCTORATE
P004958,2022,VOC_POSTSEC
P041968,2022,SCHOOL
P039364,2022,BACHELOR_EQ
P001368,2022,MASTER_EQ
P001346,2022,NONE_LOW
P038971,2022,NONE_LOW
P048661,2022,VOC_POSTSEC
P016388,2022,VOC_POSTSEC
P022422,2022,VOC_POSTSEC
P041484,2022,SCHOOL
P015605,2022,NONE_LOW
P028829,2022,BACHELOR_EQ
P007799,2022,VOC_POSTSEC
P012084,2022,VOC_POSTSEC
P036522,2022,BACHELOR_EQ
P009330,2022,SCHOOL
P027996,2022,SCHOOL
P048314,2022,SCHOOL
P011570,2022,SCHOOL
P044096,2022,VOC_POSTSEC
P040732,2022,UNKNOWN_CODE
P029001,2022,SCHOOL
P005390,2022,VOC_POSTSEC
P048918,2022,VOC_POSTSEC
P025630,2022,NONE_LOW
P001063,2022,VOC_POSTSEC
P029011,2022,MASTER_EQ
P027651,2022,BACHELOR_EQ
P003790,2022,MASTER_EQ
P038569,2022,VOC_POSTSEC
P000613,2022,SCHOOL
P017096,2022,MASTER_EQ
P044262,2022,VOC_POSTSEC
P021186,2022,VOC_POSTSEC
P033596,2022,VOC_POSTSEC
P033818,2022,VOC_POSTSEC
P014715,2022,NONE_LOW
P014442,2022,
P007158,2022,SCHOOL
P028637,2022,SCHOOL
P042301,2022,VOC_POSTSEC
P007662,2022,DOCTORATE
P010379,2022,VOC_POSTSEC
P024015,2022,MASTER_EQ
P039625,2022,SCHOOL
P000149,2022,SCHOOL
P009637,2022,MASTER_EQ
P029755,2022,VOC_POSTSEC
P031603,2022,VOC_POSTSEC
P049431,2022,SCHOOL
P049790,2022,SCHOOL
P013536,2022,VOC_POSTSEC
P017884,2022,SCHOOL
P014635,2022,BACHELOR_EQ
P047432,2022,BACHELOR_EQ
P040098,2022,SCHOOL
P045507,2022,NONE_LOW
P018387,2022,SCHOOL
P042137,2022,SCHOOL
P028939,2022,VOC_POSTSEC
P020839,2022,VOC_POSTSEC
P013650,2022,VOC_POSTSEC
P012923,2022,VOC_POSTSEC
P011960,2022,VOC_POSTSEC
P009453,2022,VOC_POSTSEC
P045739,2022,NONE_LOW
P041586,2022,DOCTORATE
P001585,2022,VOC_POSTSEC
P037437,2022,VOC_POSTSEC
P037840,2022,VOC_POSTSEC
P021420,2022,SCHOOL
P032831,2022,VOC_POSTSEC
P034246,2022,VOC_POSTSEC
P005582,2022,MASTER_EQ
P006665,2022,SCHOOL
P011348,2022,VOC_POSTSEC
P014951,2022,MASTER_EQ
P014887,2022,VOC_POSTSEC
P007675,2022,BACHELOR_EQ
P001877,2022,SCHOOL
P001792,2022,NONE_LOW
P015602,2022,VOC_POSTSEC
P011144,2022,VOC_POSTSEC
P017049,2022,SCHOOL
P004654,2022,BACHELOR_EQ
P043789,2022,MASTER_EQ
P009130,2022,VOC_POSTSEC
P031806,2022,SCHOOL
P027750,2022,VOC_POSTSEC
P043450,2022,VOC_POSTSEC
P016596,2022,VOC_POSTSEC
P030906,2022,VOC_POSTSEC
P021651,2022,VOC_POSTSEC
P027401,2022,MASTER_EQ
P027784,2022,MASTER_EQ
P000771,2022,SCHOOL
P011523,2022,MASTER_EQ
P001164,2022,SCHOOL
P001150,2022,VOC_POSTSEC
P048566,2022,VOC_POSTSEC
P029318,2022,SCHOOL
P021691,2022,BACHELOR_EQ
P011631,2022,VOC_POSTSEC
P024996,2022,VOC_POSTSEC
P012907,2022,VOC_POSTSEC
P015470,2022,BACHELOR_EQ
P031381,2022,BACHELOR_EQ
P035038,2022,SCHOOL
P044784,2022,NONE_LOW
P030165,2022,VOC_POSTSEC
P049726,2022,BACHELOR_EQ
P010047,2022,NONE_LOW
P044635,2022,SCHOOL
P004947,2022,
P040967,2022,VOC_POSTSEC
P017041,2022,SCHOOL
P042558,2022,VOC_POSTSEC
P003106,2022,SCHOOL
P039510,2022,
P021279,2022,SCHOOL
P013397,2022,VOC_POSTSEC
P019008,2022,SCHOOL
P040923,2022,VOC_POSTSEC
P033217,2022,MASTER_EQ
P024638,2022,SCHOOL
P011261,2022,SCHOOL
P002476,2022,SCHOOL
P033230,2022,NONE_LOW
P013419,2022,SCHOOL
P015160,2022,SCHOOL
P019182,2022,BACHELOR_EQ
P038071,2022,BACHELOR_EQ
P003432,2022,VOC_POSTSEC
P003997,2022,VOC_POSTSEC
P047655,2022,BACHELOR_EQ
P037420,2022,VOC_POSTSEC
P040372,2022,NONE_LOW
P034110,2022,VOC_POSTSEC
P011250,2022,VOC_POSTSEC
P040549,2022,BACHELOR_EQ
P047743,2022,SCHOOL
P040787,2022,BACHELOR_EQ
P043385,2022,BACHELOR_EQ
P007639,2022,BACHELOR_EQ
P042121,2022,VOC_POSTSEC
P030228,2022,VOC_POSTSEC
P009034,2022,VOC_POSTSEC
P034086,2022,VOC_POSTSEC
P011082,2022,VOC_POSTSEC
P000101,2022,
P000818,2022,BACHELOR_EQ
P023279,2022,VOC_POSTSEC
P009677,2022,SCHOOL
P012921,2022,VOC_POSTSEC
P000041,2022,SCHOOL
P002662,2022,SCHOOL
P013962,2022,VOC_POSTSEC
P031605,2022,VOC_POSTSEC
P016022,2022,SCHOOL
P013290,2022,SCHOOL
P040224,2022,VOC_POSTSEC
P019507,2022,BACHELOR_EQ
P029387,2022,VOC_POSTSEC
P026374,2022,BACHELOR_EQ
P046135,2022,VOC_POSTSEC
P030295,2022,NONE_LOW
P042226,2022,SCHOOL
P036325,2022,SCHOOL
P031101,2022,BACHELOR_EQ
P049962,2022,VOC_POSTSEC
P047418,2022,VOC_POSTSEC
P017657,2022,VOC_POSTSEC
P001400,2022,UNKNOWN_CODE
P029834,2022,VOC_POSTSEC
P017232,2022,SCHOOL
P018717,2022,VOC_POSTSEC
P007273,2022,BACHELOR_EQ
P033751,2022,VOC_POSTSEC
P039699,2022,BACHELOR_EQ
P032034,2022,DOCTORATE
P015994,2022,SCHOOL
P036039,2022,MASTER_EQ
P018711,2022,VOC_POSTSEC
P014928,2022,SCHOOL
P019404,2022,VOC_POSTSEC
P020014,2022,UNKNOWN_CODE
P015459,2022,BACHELOR_EQ
P047982,2022,VOC_POSTSEC
P003208,2022,VOC_POSTSEC
P007087,2022,MASTER_EQ
P022969,2022,VOC_POSTSEC
P036399,2022,BACHELOR_EQ
P019956,2022,VOC_POSTSEC
P012623,2022,SCHOOL
P001292,2022,VOC_POSTSEC
P001236,2022,
P041244,2022,BACHELOR_EQ
P023181,2022,BACHELOR_EQ
P002822,2022,NONE_LOW
P005435,2022,UNKNOWN_CODE
P027596,2022,VOC_POSTSEC
P021088,2022,MASTER_EQ
P035164,2022,NONE_LOW
P039502,2022,MASTER_EQ
P026816,2022,VOC_POSTSEC
P012671,2022,NONE_LOW
P049154,2022,VOC_POSTSEC
P035612,2022,VOC_POSTSEC
P044909,2022,VOC_POSTSEC
P049162,2022,
P002341,2022,SCHOOL
P001182,2022,SCHOOL
P018849,2022,SCHOOL
P014270,2022,MASTER_EQ
P003838,2022,SCHOOL
P026494,2022,VOC_POSTSEC
P034133,2022,SCHOOL
P048542,2022,VOC_POSTSEC
P002681,2022,VOC_POSTSEC
P017922,2022,VOC_POSTSEC
P024109,2022,BACHELOR_EQ
P049903,2022,SCHOOL
P019089,2022,SCHOOL
P029555,2022,MASTER_EQ
P012861,2022,BACHELOR_EQ
P022931,2022,SCHOOL
P032204,2022,VOC_POSTSEC
P031156,2022,SCHOOL
P021787,2022,NONE_LOW
P039853,2022,NONE_LOW
P015474,2022,SCHOOL
P037244,2022,SCHOOL
P020932,2022,SCHOOL
P019826,2022,BACHELOR_EQ
P029229,2022,BACHELOR_EQ
P048938,2022,BACHELOR_EQ
P022124,2022,VOC_POSTSEC
P037922,2022,BACHELOR_EQ
P026754,2022,VOC_POSTSEC
P044115,2022,MASTER_EQ
P019493,2022,SCHOOL
P013945,2022,SCHOOL
P038254,2022,VOC_POSTSEC
P045320,2022,NONE_LOW
P027534,2022,VOC_POSTSEC
P025462,2022,VOC_POSTSEC
P012088,2022,BACHELOR_EQ
P013741,2022,SCHOOL
P022192,2022,NONE_LOW
P024234,2022,VOC_POSTSEC
P042217,2022,VOC_POSTSEC
P027415,2022,SCHOOL
P014414,2022,VOC_POSTSEC
P025227,2022,DOCTORATE
P035900,2022,NONE_LOW
P029435,2022,VOC_POSTSEC
P023270,2022,VOC_POSTSEC
P030415,2022,VOC_POSTSEC
P001173,2022,VOC_POSTSEC
P024221,2022,VOC_POSTSEC
P033062,2022,BACHELOR_EQ
P021850,2022,BACHELOR_EQ
P009483,2022,
P040896,2022,SCHOOL
P034087,2022,BACHELOR_EQ
P034572,2022,BACHELOR_EQ
P008267,2022,VOC_POSTSEC
P032374,2022,VOC_POSTSEC
P005975,2022,VOC_POSTSEC
P017155,2022,VOC_POSTSEC
P009465,2022,SCHOOL
P011444,2022,SCHOOL
P029752,2022,BACHELOR_EQ
P045180,2022,VOC_POSTSEC
P039321,2022,VOC_POSTSEC
P012694,2022,VOC_POSTSEC
P028723,2022,SCHOOL
P038487,2022,SCHOOL
P038440,2022,SCHOOL
P030341,2022,SCHOOL
P002968,2022,BACHELOR_EQ
P027441,2022,VOC_POSTSEC
P030130,2022,VOC_POSTSEC
P015834,2022,VOC_POSTSEC
P028718,2022,VOC_POSTSEC
P022428,2022,MASTER_EQ
P002723,2022,NONE_LOW
P045164,2022,SCHOOL
P022244,2022,NONE_LOW
P030672,2022,SCHOOL
P015455,2022,VOC_POSTSEC
P029462,2022,VOC_POSTSEC
P039514,2022,NONE_LOW
P011557,2022,SCHOOL
P017926,2022,SCHOOL
P047555,2022,NONE_LOW
P045076,2022,VOC_POSTSEC
P026715,2022,MASTER_EQ
P032741,2022,VOC_POSTSEC
P032405,2022,BACHELOR_EQ
P011809,2022,VOC_POSTSEC
P014765,2022,DOCTORATE
P025668,2022,VOC_POSTSEC
P025163,2022,SCHOOL
P012121,2022,BACHELOR_EQ
P028378,2022,SCHOOL
P046641,2022,BACHELOR_EQ
P010982,2022,VOC_POSTSEC
P043257,2022,VOC_POSTSEC
P044035,2022,SCHOOL
P044919,2022,VOC_POSTSEC
P047175,2022,VOC_POSTSEC
P044259,2022,VOC_POSTSEC
P001337,2022,MASTER_EQ
P010597,2022,VOC_POSTSEC
P020478,2022,VOC_POSTSEC
P044066,2022,VOC_POSTSEC
P009010,2022,SCHOOL
P041964,2022,SCHOOL
P010730,2022,NONE_LOW
P009588,2022,VOC_POSTSEC
P010975,2022,BACHELOR_EQ
P039549,2022,NONE_LOW
P026957,2022,VOC_POSTSEC
P046106,2022,MASTER_EQ
P004468,2022,SCHOOL
P044431,2022,VOC_POSTSEC
P006990,2022,SCHOOL
P004702,2022,BACHELOR_EQ
P019071,2022,MASTER_EQ
P011748,2022,MASTER_EQ
P039110,2022,SCHOOL
P007114,2022,BACHELOR_EQ
P041171,2022,VOC_POSTSEC
P009549,2022,SCHOOL
P021840,2022,VOC_POSTSEC
P006860,2022,BACHELOR_EQ
P000032,2022,BACHELOR_EQ
P029116,2022,SCHOOL
P000191,2022,VOC_POSTSEC
P045652,2022,SCHOOL
P016540,2022,SCHOOL
P028491,2022,VOC_POSTSEC
P004376,2022,SCHOOL
P038531,2022,BACHELOR_EQ
P037480,2022,VOC_POSTSEC
P027851,2022,VOC_POSTSEC
P003711,2022,SCHOOL
P008424,2022,SCHOOL
P042202,2022,SCHOOL
P009308,2022,BACHELOR_EQ
P025620,2022,VOC_POSTSEC
P038120,2022,NONE_LOW
P009604,2022,VOC_POSTSEC
P036899,2022,SCHOOL
P008345,2022,SCHOOL
P035992,2022,SCHOOL
P024175,2022,VOC_POSTSEC
P041507,2022,VOC_POSTSEC
P048347,2022,SCHOOL
P044206,2022,MASTER_EQ
P044587,2022,SCHOOL
P010189,2022,DOCTORATE
P014461,2022,VOC_POSTSEC
P025671,2022,BACHELOR_EQ
P028366,2022,VOC_POSTSEC
P020953,2022,NONE_LOW
P003141,2022,SCHOOL
P034094,2022,VOC_POSTSEC
P008690,2022,SCHOOL
P009299,2022,BACHELOR_EQ
P026525,2022,BACHELOR_EQ
P041322,2021,SCHOOL
P032367,2022,MASTER_EQ
P001650,2022,VOC_POSTSEC
P009217,2022,VOC_POSTSEC
P025029,2022,MASTER_EQ
P020357,2022,MASTER_EQ
P016567,2022,SCHOOL
P018065,2022,VOC_POSTSEC
P038937,2022,SCHOOL
P009098,2022,VOC_POSTSEC
P043998,2022,BACHELOR_EQ
P027299,2022,SCHOOL
P035659,2022,VOC_POSTSEC
P035521,2022,VOC_POSTSEC
P026603,2022,SCHOOL
P018066,2022,VOC_POSTSEC
P003161,2022,BACHELOR_EQ
P032298,2022,BACHELOR_EQ
P000333,2022,SCHOOL
P033809,2022,MASTER_EQ
P025147,2022,SCHOOL
P006700,2022,SCHOOL
P040090,2022,NONE_LOW
P008582,2022,SCHOOL
P010681,2022,BACHELOR_EQ
P018063,2022,MASTER_EQ
P022612,2022,DOCTORATE
P038826,2022,NONE_LOW
P035074,2022,VOC_POSTSEC
P007498,2022,VOC_POSTSEC
P046632,2022,SCHOOL
P041414,2022,VOC_POSTSEC
P031395,2022,VOC_POSTSEC
P008043,2022,VOC_POSTSEC
P027599,2022,BACHELOR_EQ
P047596,2022,SCHOOL
P007726,2022,NONE_LOW
P032331,2022,BACHELOR_EQ
P048824,2022,VOC_POSTSEC
P035265,2022,VOC_POSTSEC
P047446,2022,BACHELOR_EQ
P031082,2022,NONE_LOW
P023395,2022,NONE_LOW
P000451,2022,SCHOOL
P001846,2022,BACHELOR_EQ
P009662,2022,BACHELOR_EQ
P021624,2022,SCHOOL
P044772,2022,VOC_POSTSEC
P016214,2022,VOC_POSTSEC
P048885,2022,VOC_POSTSEC
P023540,2022,VOC_POSTSEC
P002239,2022,VOC_POSTSEC
P011101,2022,VOC_POSTSEC
P040092,2022,VOC_POSTSEC
P024545,2022,VOC_POSTSEC
P035320,2022,VOC_POSTSEC
P047150,2022,VOC_POSTSEC
P036952,2022,SCHOOL
P016563,2022,UNKNOWN_CODE
P035766,2022,VOC_POSTSEC
P013106,2022,VOC_POSTSEC
P013295,2022,SCHOOL
P021326,2022,NONE_LOW
P009151,2022,VOC_POSTSEC
P032552,2022,SCHOOL
P027690,2022,VOC_POSTSEC
P020271,2022,NONE_LOW
P015192,2022,MASTER_EQ
P047957,2022,BACHELOR_EQ
P032180,2022,BACHELOR_EQ
P027433,2022,SCHOOL
P007943,2022,VOC_POSTSEC
P045321,2022,VOC_POSTSEC
P025325,2022,BACHELOR_EQ
P004268,2022,BACHELOR_EQ
P029201,2022,MASTER_EQ
P044205,2022,VOC_POSTSEC
P043170,2022,NONE_LOW
P037855,2022,SCHOOL
P036717,2022,VOC_POSTSEC
P042509,2022,DOCTORATE
P046220,2022,BACHELOR_EQ
P047470,2022,NONE_LOW
P048609,2022,VOC_POSTSEC
P014539,2022,VOC_POSTSEC
P016986,2022,BACHELOR_EQ
P047959,2022,VOC_POSTSEC
P001544,2022,VOC_POSTSEC
P019095,2022,SCHOOL
P014870,2022,VOC_POSTSEC
P020479,2022,MASTER_EQ
P008764,2022,VOC_POSTSEC
P042419,2022,BACHELOR_EQ
P014751,2022,NONE_LOW
P010582,2022,BACHELOR_EQ
P019881,2022,SCHOOL
P027587,2022,BACHELOR_EQ
P021350,2022,VOC_POSTSEC
P029203,2022,NONE_LOW
P017680,2022,BACHELOR_EQ
P000740,2022,SCHOOL
P012613,2022,SCHOOL
P046682,2022,VOC_POSTSEC
P018314,2022,VOC_POSTSEC
P016497,2022,SCHOOL
P047695,2022,BACHELOR_EQ
P034097,2022,SCHOOL
P002097,2022,VOC_POSTSEC
P006748,2022,BACHELOR_EQ
P033403,2022,VOC_POSTSEC
P036580,2022,SCHOOL
P035582,2022,VOC_POSTSEC
P025910,2022,SCHOOL
P008340,2022,VOC_POSTSEC
P039393,2022,SCHOOL
P028675,2022,VOC_POSTSEC
P009087,2022,DOCTORATE
P023131,2022,DOCTORATE
P046195,2022,VOC_POSTSEC
P031793,2022,SCHOOL
P006774,2022,VOC_POSTSEC
P042112,2022,SCHOOL
P005756,2022,NONE_LOW
P025681,2022,MASTER_EQ
P040518,2022,SCHOOL
P018519,2022,SCHOOL
P000408,2022,BACHELOR_EQ
P022230,2022,NONE_LOW
P028726,2022,MASTER_EQ
P038759,2022,VOC_POSTSEC
P047443,2022,SCHOOL
P010424,2022,VOC_POSTSEC
P039852,2022,SCHOOL
P042450,2022,VOC_POSTSEC
P016336,2022,SCHOOL
P002212,2022,BACHELOR_EQ
P023980,2022,VOC_POSTSEC
P046007,2022,VOC_POSTSEC
P047159,2022,VOC_POSTSEC
P003269,2022,NONE_LOW
P027418,2022,NONE_LOW
P025847,2022,BACHELOR_EQ
P027550,2022,BACHELOR_EQ
P006747,2022,BACHELOR_EQ
P024280,2022,VOC_POSTSEC
P032542,2022,SCHOOL
P027603,2022,MASTER_EQ
P007682,2022,VOC_POSTSEC
P004704,2022,VOC_POSTSEC
P020823,2022,VOC_POSTSEC
P012194,2022,SCHOOL
P043620,2022,SCHOOL
P021136,2022,VOC_POSTSEC
P009571,2022,VOC_POSTSEC
P041545,2022,MASTER_EQ
P005343,2022,VOC_POSTSEC
P010910,2022,NONE_LOW
P039731,2022,MASTER_EQ
P007230,2022,BACHELOR_EQ
P042059,2022,BACHELOR_EQ
P016358,2022,BACHELOR_EQ
P029635,2022,SCHOOL
P017655,2022,BACHELOR_EQ
P002307,2022,SCHOOL
P048758,2022,BACHELOR_EQ
P030610,2022,VOC_POSTSEC
P010209,2022,SCHOOL
P018583,2022,VOC_POSTSEC
P038257,2022,VOC_POSTSEC
P039824,2022,VOC_POSTSEC
P009865,2022,SCHOOL
P048209,2022,VOC_POSTSEC
P034015,2022,VOC_POSTSEC
P028484,2022,VOC_POSTSEC
P025895,2022,BACHELOR_EQ
P002058,2022,NONE_LOW
P026549,2022,NONE_LOW
P012098,2022,VOC_POSTSEC
P048888,2022,VOC_POSTSEC
P031849,2022,VOC_POSTSEC
P025974,2022,VOC_POSTSEC
P047502,2022,BACHELOR_EQ
P041124,2022,VOC_POSTSEC
P011372,2022,SCHOOL
P034153,2022,VOC_POSTSEC
P006656,2022,SCHOOL
P049660,2022,BACHELOR_EQ
P020350,2022,BACHELOR_EQ
P039810,2022,BACHELOR_EQ
P017095,2022,SCHOOL
P026579,2022,SCHOOL
P048922,2022,VOC_POSTSEC
P016630,2022,SCHOOL
P017609,2022,VOC_POSTSEC
P019973,2022,VOC_POSTSEC
P000686,2022,SCHOOL
P045084,2022,SCHOOL
P018264,2022,SCHOOL
P037561,2022,VOC_POSTSEC
P006690,2022,MASTER_EQ
P033499,2022,BACHELOR_EQ
P008862,2022,VOC_POSTSEC
P015822,2022,BACHELOR_EQ
P049511,2022,NONE_LOW
P038152,2022,VOC_POSTSEC
P045504,2022,MASTER_EQ
P037283,2022,VOC_POSTSEC
P029456,2022,VOC_POSTSEC
P001769,2022,VOC_POSTSEC
P040019,2022,SCHOOL
P013907,2022,VOC_POSTSEC
P041504,2022,VOC_POSTSEC
P006096,2022,VOC_POSTSEC
P043847,2022,VOC_POSTSEC
P006053,2022,BACHELOR_EQ
P024042,2022,SCHOOL
P046266,2022,VOC_POSTSEC
P008733,2022,VOC_POSTSEC
P044091,2022,SCHOOL
P026311,2022,BACHELOR_EQ
P040701,2022,BACHELOR_EQ
P037702,2022,SCHOOL
P041516,2022,NONE_LOW
P047662,2022,BACHELOR_EQ
P030412,2022,VOC_POSTSEC
P018937,2022,BACHELOR_EQ
P018862,2022,BACHELOR_EQ
P009478,2022,VOC_POSTSEC
P015589,2022,VOC_POSTSEC
P016211,2022,VOC_POSTSEC
P015019,2022,VOC_POSTSEC
P012830,2022,VOC_POSTSEC
P009609,2022,SCHOOL
P047845,2022,BACHELOR_EQ
P041299,2022,VOC_POSTSEC
P039680,2022,DOCTORATE
P043547,2022,BACHELOR_EQ
P036489,2022,SCHOOL
P048202,2022,VOC_POSTSEC
P038412,2022,NONE_LOW
P037781,2022,VOC_POSTSEC
P002973,2022,VOC_POSTSEC
P009840,2022,VOC_POSTSEC
P021657,2022,VOC_POSTSEC
P042767,2022,VOC_POSTSEC
P012948,2022,SCHOOL
P020419,2022,NONE_LOW
P041320,2022,SCHOOL
P027795,2022,SCHOOL
P019630,2022,SCHOOL
P027462,2022,SCHOOL
P024104,2022,MASTER_EQ
P045060,2022,BACHELOR_EQ
P020050,2022,VOC_POSTSEC
P039507,2022,VOC_POSTSEC
P025004,2022,SCHOOL
P001833,2022,BACHELOR_EQ
P013279,2022,SCHOOL
P041802,2022,SCHOOL
P022898,2022,SCHOOL
P009210,2022,MASTER_EQ
P033400,2022,BACHELOR_EQ
P024995,2022,DOCTORATE
P011646,2022,SCHOOL
P006837,2022,SCHOOL
P028498,2022,MASTER_EQ
P000297,2022,BACHELOR_EQ
P048523,2022,VOC_POSTSEC
P015297,2022,SCHOOL
P007847,2022,VOC_POSTSEC
P023111,2022,SCHOOL
P027409,2022,NONE_LOW
P007046,2022,SCHOOL
P017089,2022,VOC_POSTSEC
P025556,2022,UNKNOWN_CODE
P001537,2022,BACHELOR_EQ
P033559,2022,MASTER_EQ
P023282,2022,VOC_POSTSEC
P027582,2022,SCHOOL
P034148,2022,
P029058,2022,SCHOOL
P040251,2022,VOC_POSTSEC
P040654,2022,VOC_POSTSEC
P019690,2022,BACHELOR_EQ
P029183,2022,BACHELOR_EQ
P032068,2022,SCHOOL
P029929,2022,SCHOOL
P001447,2022,NONE_LOW
P004123,2022,SCHOOL
P049059,2022,SCHOOL
P033476,2022,VOC_POSTSEC
P016114,2022,BACHELOR_EQ
P012156,2022,VOC_POSTSEC
P028777,2022,VOC_POSTSEC
P046548,2022,VOC_POSTSEC
P035964,2022,VOC_POSTSEC
P033430,2022,DOCTORATE
P012661,2022,BACHELOR_EQ
P013797,2022,VOC_POSTSEC
P012050,2022,SCHOOL
P033234,2022,SCHOOL
P044555,2022,VOC_POSTSEC
P033579,2022,SCHOOL
P041930,2022,VOC_POSTSEC
P044413,2022,BACHELOR_EQ
P048971,2022,SCHOOL
P030030,2022,SCHOOL
P046208,2022,SCHOOL
P002209,2022,SCHOOL
P039847,2022,SCHOOL
P023648,2022,BACHELOR_EQ
P017239,2022,SCHOOL
P018542,2022,BACHELOR_EQ
P015581,2022,VOC_POSTSEC
P014577,2022,NONE_LOW
P010703,2022,VOC_POSTSEC
P000942,2022,NONE_LOW
P049968,2022,SCHOOL
P009139,2022,SCHOOL
P000677,2022,VOC_POSTSEC
P032704,2022,SCHOOL
P022004,2022,VOC_POSTSEC
P032116,2022,BACHELOR_EQ
P024096,2022,VOC_POSTSEC
P008833,2022,BACHELOR_EQ
P017367,2022,VOC_POSTSEC
P022016,2022,BACHELOR_EQ
P042405,2022,SCHOOL
P043333,2022,BACHELOR_EQ
P021292,2022,NONE_LOW
P024773,2022,VOC_POSTSEC
P023252,2022,
P014337,2022,VOC_POSTSEC
P007559,2022,VOC_POSTSEC
P009482,2022,BACHELOR_EQ
P042682,2022,VOC_POSTSEC
P012282,2022,BACHELOR_EQ
P015196,2022,VOC_POSTSEC
P005375,2022,SCHOOL
P019469,2022,VOC_POSTSEC
P022131,2022,DOCTORATE
P029315,2022,SCHOOL
P038083,2022,VOC_POSTSEC
P006174,2022,SCHOOL
P030757,2022,NONE_LOW
P042351,2022,SCHOOL
P017595,2022,NONE_LOW
P043168,2022,NONE_LOW
P036561,2022,VOC_POSTSEC
P049226,2022,VOC_POSTSEC
P034554,2022,BACHELOR_EQ
P037081,2022,BACHELOR_EQ
P023692,2022,MASTER_EQ
P047464,2022,SCHOOL
P047222,2022,VOC_POSTSEC
P030632,2022,VOC_POSTSEC
P040749,2022,SCHOOL
P023391,2022,VOC_POSTSEC
P031649,2022,BACHELOR_EQ
P016618,2022,BACHELOR_EQ
P046111,2022,SCHOOL
P029608,2022,SCHOOL
P011247,2022,VOC_POSTSEC
P020987,2022,VOC_POSTSEC
P032515,2022,SCHOOL
P018785,2022,BACHELOR_EQ
P001485,2022,SCHOOL
P007031,2022,SCHOOL
P037505,2022,VOC_POSTSEC
P027468,2022,VOC_POSTSEC
P001011,2022,VOC_POSTSEC
P024722,2022,SCHOOL
P013829,2022,NONE_LOW
P007757,2022,SCHOOL
P015519,2022,BACHELOR_EQ
P006844,2022,SCHOOL
P017361,2022,VOC_POSTSEC
P035023,2022,VOC_POSTSEC
P027758,2022,NONE_LOW
P037049,2022,VOC_POSTSEC
P024662,2022,VOC_POSTSEC
P041046,2022,VOC_POSTSEC
P040320,2022,BACHELOR_EQ
P047591,2022,MASTER_EQ
P003572,2022,NONE_LOW
P037489,2022,BACHELOR_EQ
P025903,2022,BACHELOR_EQ
P025642,2022,SCHOOL
P014837,2022,VOC_POSTSEC
P015385,2022,BACHELOR_EQ
P040651,2022,VOC_POSTSEC
P017648,2022,
P025231,2022,MASTER_EQ
P021033,2022,VOC_POSTSEC
P017593,2022,VOC_POSTSEC
P049582,2022,VOC_POSTSEC
P024511,2022,VOC_POSTSEC
P039545,2022,DOCTORATE
P025117,2022,MASTER_EQ
P045358,2022,SCHOOL
P048408,2022,VOC_POSTSEC
P009938,2022,VOC_POSTSEC
P022874,2022,SCHOOL
P028253,2022,VOC_POSTSEC
P014641,2022,VOC_POSTSEC
P024625,2022,VOC_POSTSEC
P049986,2022,VOC_POSTSEC
P021733,2022,VOC_POSTSEC
P010782,2022,NONE_LOW
P014038,2022,SCHOOL
P014511,2022,BACHELOR_EQ
P036204,2022,BACHELOR_EQ
P020965,2022,BACHELOR_EQ
P037108,2022,SCHOOL
P026760,2022,VOC_POSTSEC
P013367,2022,BACHELOR_EQ
P046932,2022,MASTER_EQ
P012173,2022,NONE_LOW
P027810,2022,VOC_POSTSEC
P040663,2022,NONE_LOW
P049895,2022,SCHOOL
P031421,2022,VOC_POSTSEC
P040008,2022,BACHELOR_EQ
P048912,2022,BACHELOR_EQ
P040166,2022,NONE_LOW
P042483,2022,VOC_POSTSEC
P047274,2022,VOC_POSTSEC
P043346,2022,VOC_POSTSEC
P048966,2022,VOC_POSTSEC
P044755,2022,VOC_POSTSEC
P016597,2022,SCHOOL
P002086,2022,VOC_POSTSEC
P026419,2022,SCHOOL
P002471,2022,NONE_LOW
P006991,2022,NONE_LOW
P024697,2022,SCHOOL
P019066,2022,VOC_POSTSEC
P011842,2022,SCHOOL
P019062,2022,VOC_POSTSEC
P008164,2022,VOC_POSTSEC
P029748,2022,VOC_POSTSEC
P049561,2022,SCHOOL
P042163,2022,BACHELOR_EQ
P019312,2022,VOC_POSTSEC
P031116,2022,VOC_POSTSEC
P049152,2022,SCHOOL
P035233,2022,BACHELOR_EQ
P047161,2022,VOC_POSTSEC
P038559,2022,VOC_POSTSEC
P014351,2022,VOC_POSTSEC
P020996,2022,VOC_POSTSEC
P009038,2022,SCHOOL
P020081,2022,VOC_POSTSEC
P049683,2022,VOC_POSTSEC
P043824,2022,SCHOOL
P014938,2022,VOC_POSTSEC
P025120,2022,BACHELOR_EQ
P006261,2022,BACHELOR_EQ
P044920,2022,MASTER_EQ
P006868,2022,SCHOOL
P016792,2022,SCHOOL
P041849,2022,VOC_POSTSEC
P034852,2022,SCHOOL
P045193,2022,VOC_POSTSEC
P023896,2022,SCHOOL
P024148,2022,VOC_POSTSEC
P049860,2022,DOCTORATE
P048977,2022,VOC_POSTSEC
P005928,2022,VOC_POSTSEC
P032956,2022,NONE_LOW
P011420,2022,VOC_POSTSEC
P030072,2022,VOC_POSTSEC
P013088,2022,VOC_POSTSEC
P024057,2022,SCHOOL
P008493,2022,VOC_POSTSEC
P006907,2022,SCHOOL
P003282,2022,SCHOOL
P030459,2022,VOC_POSTSEC
P007627,2022,DOCTORATE
P028661,2022,NONE_LOW
P007514,2022,VOC_POSTSEC
P039345,2022,SCHOOL
P029454,2022,SCHOOL
P041065,2022,SCHOOL
P021944,2022,VOC_POSTSEC
P010609,2022,VOC_POSTSEC
P046734,2022,BACHELOR_EQ
P040723,2022,VOC_POSTSEC
P046862,2022,NONE_LOW
P033000,2022,SCHOOL
P001148,2022,VOC_POSTSEC
P044987,2022,VOC_POSTSEC
P025271,2022,VOC_POSTSEC
P049758,2022,SCHOOL
P025409,2022,VOC_POSTSEC
P004155,2022,SCHOOL
P032382,2022,NONE_LOW
P005413,2022,SCHOOL
P035891,2022,
P049991,2022,VOC_POSTSEC
P035494,2022,BACHELOR_EQ
P021623,2022,BACHELOR_EQ
P038761,2022,VOC_POSTSEC
P048548,2022,SCHOOL
P028325,2022,NONE_LOW
P023335,2022,SCHOOL
P026691,2022,VOC_POSTSEC
P007967,2022,VOC_POSTSEC
P012380,2022,SCHOOL
P037317,2022,BACHELOR_EQ
P022716,2022,VOC_POSTSEC
P005620,2022,NONE_LOW
P044771,2022,NONE_LOW
P006171,2022,NONE_LOW
P030367,2022,SCHOOL
P019887,2022,NONE_LOW
P033192,2022,BACHELOR_EQ
P041912,2022,NONE_LOW
P046022,2022,SCHOOL
P002498,2022,VOC_POSTSEC
P019619,2022,NONE_LOW
P007147,2022,VOC_POSTSEC
P011345,2022,MASTER_EQ
P018319,2022,SCHOOL
P036474,2022,VOC_POSTSEC
P025655,2022,BACHELOR_EQ
P020667,2022,SCHOOL
P005747,2022,NONE_LOW
P015946,2022,VOC_POSTSEC
P020389,2022,VOC_POSTSEC
P047931,2022,SCHOOL
P006552,2022,BACHELOR_EQ
P014769,2022,VOC_POSTSEC
P017071,2022,SCHOOL
P005836,2022,SCHOOL
P022996,2022,SCHOOL
P049865,2022,NONE_LOW
P011066,2022,SCHOOL
P017440,2022,BACHELOR_EQ
P047310,2022,VOC_POSTSEC
P027131,2022,NONE_LOW
P038333,2022,VOC_POSTSEC
P039491,2022,MASTER_EQ
P014091,2022,VOC_POSTSEC
P032076,2022,SCHOOL
P020177,2022,SCHOOL
P049682,2022,NONE_LOW
P040239,2022,SCHOOL
P034783,2022,VOC_POSTSEC
P045840,2022,VOC_POSTSEC
P024634,2022,
P043155,2022,VOC_POSTSEC
P044387,2022,VOC_POSTSEC
P021142,2022,SCHOOL
P042829,2022,NONE_LOW
P024958,2022,NONE_LOW
P011668,2022,MASTER_EQ
P044477,2022,VOC_POSTSEC
P006135,2022,SCHOOL
P049011,2022,VOC_POSTSEC
P035113,2022,SCHOOL
P009600,2022,SCHOOL
P017734,2022,VOC_POSTSEC
P036925,2022,SCHOOL
P013239,2022,SCHOOL
P023699,2022,MASTER_EQ
P038562,2022,VOC_POSTSEC
P016250,2022,NONE_LOW
P014273,2022,VOC_POSTSEC
P043230,2022,VOC_POSTSEC
P002322,2022,SCHOOL
P041548,2022,SCHOOL
P039144,2022,BACHELOR_EQ
P020051,2022,VOC_POSTSEC
P046293,2022,NONE_LOW
P019579,2022,VOC_POSTSEC
P012606,2022,VOC_POSTSEC
P038589,2022,VOC_POSTSEC
P047189,2022,NONE_LOW
P019684,2022,SCHOOL
P044688,2022,MASTER_EQ
P034892,2022,SCHOOL
P033653,2022,SCHOOL
P031631,2022,VOC_POSTSEC
P000680,2022,BACHELOR_EQ
P043754,2022,MASTER_EQ
P036548,2022,VOC_POSTSEC
P003234,2022,NONE_LOW
P008663,2022,DOCTORATE
P048363,2022,VOC_POSTSEC
P038078,2022,VOC_POSTSEC
P025126,2022,SCHOOL
P046047,2022,NONE_LOW
P040991,2022,SCHOOL
P006438,2022,VOC_POSTSEC
P010957,2022,SCHOOL
P034061,2022,BACHELOR_EQ
P020551,2022,SCHOOL
P007979,2022,VOC_POSTSEC
P015253,2022,SCHOOL
P046325,2022,VOC_POSTSEC
P019995,2022,BACHELOR_EQ
P038878,2022,SCHOOL
P008412,2022,VOC_POSTSEC
P041137,2022,BACHELOR_EQ
P042162,2022,VOC_POSTSEC
P025314,2022,VOC_POSTSEC
P048533,2022,NONE_LOW
P047683,2022,BACHELOR_EQ
P011430,2022,VOC_POSTSEC
P035954,2022,BACHELOR_EQ
P039006,2022,VOC_POSTSEC
P003378,2022,SCHOOL
P007892,2022,BACHELOR_EQ
P007907,2022,BACHELOR_EQ
P006751,2022,BACHELOR_EQ
P007982,2022,MASTER_EQ
P000053,2022,NONE_LOW
P013151,2022,BACHELOR_EQ
P021022,2022,SCHOOL
P042862,2022,NONE_LOW
P031100,2022,BACHELOR_EQ
P010659,2022,SCHOOL
P043055,2022,SCHOOL
P018445,2022,BACHELOR_EQ
P019148,2022,VOC_POSTSEC
P011582,2022,BACHELOR_EQ
P017764,2022,BACHELOR_EQ
P037930,2022,NONE_LOW
P018145,2022,VOC_POSTSEC
P034043,2022,SCHOOL
P005107,2022,VOC_POSTSEC
P025688,2022,VOC_POSTSEC
P009492,2022,BACHELOR_EQ
P009775,2022,MASTER_EQ
P006512,2022,VOC_POSTSEC
P009696,2022,VOC_POSTSEC
P021042,2022,SCHOOL
P024836,2022,VOC_POSTSEC
P023080,2022,BACHELOR_EQ
P012161,2022,SCHOOL
P016757,2022,SCHOOL
P023654,2022,SCHOOL
P003453,2022,BACHELOR_EQ
P010116,2022,VOC_POSTSEC
P003083,2022,NONE_LOW
P022567,2022,BACHELOR_EQ
P019307,2022,NONE_LOW
P002193,2022,SCHOOL
P006355,2022,SCHOOL
P020328,2022,SCHOOL
P030370,2022,BACHELOR_EQ
P027856,2022,MASTER_EQ
P005344,2022,NONE_LOW
P007582,2022,SCHOOL
P011202,2022,VOC_POSTSEC
P046934,2022,BACHELOR_EQ
P009041,2022,NONE_LOW
P014651,2022,DOCTORATE
P040185,2022,MASTER_EQ
P004434,2022,BACHELOR_EQ
P033095,2022,VOC_POSTSEC
P004053,2022,VOC_POSTSEC
P048429,2022,NONE_LOW
P035419,2022,BACHELOR_EQ
P032647,2022,VOC_POSTSEC
P011004,2022,BACHELOR_EQ
P011076,2022,VOC_POSTSEC
P038717,2022,SCHOOL
P005105,2022,VOC_POSTSEC
P038057,2022,BACHELOR_EQ
P022804,2022,BACHELOR_EQ
P016657,2022,VOC_POSTSEC
P031572,2022,MASTER_EQ
P016242,2022,SCHOOL
P007213,2022,VOC_POSTSEC
P011723,2022,MASTER_EQ
P037053,2022,NONE_LOW
P042813,2022,SCHOOL
P047350,2022,VOC_POSTSEC
P041910,2022,BACHELOR_EQ
P044362,2022,BACHELOR_EQ
P030954,2022,VOC_POSTSEC
P040217,2022,SCHOOL
P023941,2022,BACHELOR_EQ
P003401,2022,VOC_POSTSEC
P008196,2022,VOC_POSTSEC
P031768,2022,VOC_POSTSEC
P008386,2022,NONE_LOW
P013949,2022,VOC_POSTSEC
P035791,2022,SCHOOL
P046093,2022,SCHOOL
P047496,2022,NONE_LOW
P042126,2022,VOC_POSTSEC
P017082,2022,SCHOOL
P018231,2022,BACHELOR_EQ
P033648,2022,BACHELOR_EQ
P011126,2022,VOC_POSTSEC
P044099,2022,VOC_POSTSEC
P029069,2022,SCHOOL
P015936,2022,NONE_LOW
P007821,2022,NONE_LOW
P004878,2022,NONE_LOW
P048367,2022,SCHOOL
P036110,2022,VOC_POSTSEC
P002867,2022,SCHOOL
P037013,2022,VOC_POSTSEC
P033976,2022,VOC_POSTSEC
P035152,2022,VOC_POSTSEC
P025411,2022,DOCTORATE
P028199,2022,VOC_POSTSEC
P029171,2022,SCHOOL
P031656,2022,NONE_LOW
P003601,2022,VOC_POSTSEC
P021195,2022,SCHOOL
P015016,2022,VOC_POSTSEC
P036927,2022,BACHELOR_EQ
P029228,2022,NONE_LOW
P010179,2022,MASTER_EQ
P033315,2022,BACHELOR_EQ
P010629,2022,VOC_POSTSEC
P046334,2022,SCHOOL
P010210,2022,SCHOOL
P009634,2022,BACHELOR_EQ
P024799,2022,BACHELOR_EQ
P020275,2022,
P015917,2022,VOC_POSTSEC
P023202,2022,SCHOOL
P023720,2022,NONE_LOW
P041459,2022,NONE_LOW
P015843,2022,VOC_POSTSEC
P005625,2022,SCHOOL
P030347,2022,VOC_POSTSEC
P016312,2022,NONE_LOW
P023517,2022,VOC_POSTSEC
P021988,2022,VOC_POSTSEC
P038905,2022,SCHOOL
P039981,2022,BACHELOR_EQ
P012020,2022,VOC_POSTSEC
P005540,2022,VOC_POSTSEC
P049041,2022,VOC_POSTSEC
P008587,2022,SCHOOL
P014570,2022,VOC_POSTSEC
P048757,2022,MASTER_EQ
P014518,2022,SCHOOL
P021102,2022,VOC_POSTSEC
P046887,2022,BACHELOR_EQ
P010264,2022,VOC_POSTSEC
P000148,2022,SCHOOL
P038086,2022,SCHOOL
P040304,2022,MASTER_EQ
P022559,2022,VOC_POSTSEC
P036787,2022,SCHOOL
P034194,2022,MASTER_EQ
P005733,2022,DOCTORATE
P000213,2022,SCHOOL
P042319,2022,BACHELOR_EQ
P011855,2022,UNKNOWN_CODE
P015286,2022,VOC_POSTSEC
P035397,2022,BACHELOR_EQ
P024287,2022,SCHOOL
P029037,2022,VOC_POSTSEC
P008512,2022,BACHELOR_EQ
P046410,2022,VOC_POSTSEC
P030468,2022,VOC_POSTSEC
P017075,2022,NONE_LOW
P047830,2022,BACHELOR_EQ
P026510,2022,DOCTORATE
P016131,2022,NONE_LOW
P014825,2022,VOC_POSTSEC
P034758,2022,SCHOOL
P014736,2022,SCHOOL
P028229,2022,NONE_LOW
P022669,2022,SCHOOL
P042393,2022,BACHELOR_EQ
P011464,2022,VOC_POSTSEC
P014320,2022,VOC_POSTSEC
P045001,2022,VOC_POSTSEC
P002606,2022,VOC_POSTSEC
P047760,2022,VOC_POSTSEC
P029190,2022,SCHOOL
P032169,2022,SCHOOL
P038391,2022,BACHELOR_EQ
P032606,2022,VOC_POSTSEC
P026394,2022,MASTER_EQ
P032650,2022,SCHOOL
P015046,2022,BACHELOR_EQ
P036811,2022,NONE_LOW
P017437,2022,SCHOOL
P045655,2022,VOC_POSTSEC
P034096,2022,SCHOOL
P005920,2022,VOC_POSTSEC
P011303,2022,BACHELOR_EQ
P027504,2022,VOC_POSTSEC
P020930,2022,MASTER_EQ
P026125,2022,SCHOOL
P012512,2022,VOC_POSTSEC
P039315,2022,BACHELOR_EQ
P020318,2022,SCHOOL
P035225,2022,SCHOOL
P003735,2022,VOC_POSTSEC
P045012,2022,NONE_LOW
P022342,2022,BACHELOR_EQ
P021976,2022,VOC_POSTSEC
P009976,2022,VOC_POSTSEC
P042597,2022,SCHOOL
P049942,2022,SCHOOL
P035148,2022,SCHOOL
P025055,2022,VOC_POSTSEC
P022441,2022,SCHOOL
P027111,2022,MASTER_EQ
P003120,2022,BACHELOR_EQ
P019878,2022,SCHOOL
P038596,2022,SCHOOL
P010970,2022,VOC_POSTSEC
P042769,2022,BACHELOR_EQ
P049227,2022,MASTER_EQ
P013076,2022,VOC_POSTSEC
P044780,2022,SCHOOL
P019741,2022,BACHELOR_EQ
P029802,2022,BACHELOR_EQ
P016790,2022,BACHELOR_EQ
P027789,2022,VOC_POSTSEC
P033034,2022,VOC_POSTSEC
P014863,2022,SCHOOL
P012593,2022,VOC_POSTSEC
P029926,2022,MASTER_EQ
P032429,2022,NONE_LOW
P027904,2022,SCHOOL
P018486,2022,BACHELOR_EQ
P030715,2022,SCHOOL
P049908,2022,SCHOOL
P044789,2022,BACHELOR_EQ
P039358,2022,VOC_POSTSEC
P010686,2022,NONE_LOW
P023511,2022,SCHOOL
P014605,2022,VOC_POSTSEC
P013558,2022,DOCTORATE
P038082,2022,NONE_LOW
P047008,2022,VOC_POSTSEC
P022816,2022,VOC_POSTSEC
P012590,2022,VOC_POSTSEC
P039573,2022,VOC_POSTSEC
P001049,2022,VOC_POSTSEC
P014713,2022,BACHELOR_EQ
P018939,2022,VOC_POSTSEC
P032081,2022,SCHOOL
P001956,2022,MASTER_EQ
P015724,2022,NONE_LOW
P020160,2022,SCHOOL
P043378,2022,SCHOOL
P038028,2022,SCHOOL
P045432,2022,NONE_LOW
P026897,2022,VOC_POSTSEC
P049530,2022,NONE_LOW
P036879,2022,VOC_POSTSEC
P040501,2022,NONE_LOW
P041734,2022,BACHELOR_EQ
P030782,2022,SCHOOL
P002166,2022,VOC_POSTSEC
P026910,2022,VOC_POSTSEC
P000955,2022,VOC_POSTSEC
P049836,2022,VOC_POSTSEC
P032821,2022,VOC_POSTSEC
P042874,2022,VOC_POSTSEC
P009484,2022,VOC_POSTSEC
P030941,2022,VOC_POSTSEC
P031993,2022,NONE_LOW
P027238,2022,VOC_POSTSEC
P000255,2022,VOC_POSTSEC
P006385,2022,SCHOOL
P004149,2022,BACHELOR_EQ
,2022,VOC_POSTSEC
P035570,2022,NONE_LOW
P012453,2022,SCHOOL
P038566,2022,VOC_POSTSEC
P046289,2022,SCHOOL
P042897,2022,SCHOOL
P016015,2022,SCHOOL
P015656,2022,VOC_POSTSEC
P027512,2022,SCHOOL
P017410,2022,VOC_POSTSEC
P013836,2022,BACHELOR_EQ
P033425,2022,VOC_POSTSEC
P016704,2022,VOC_POSTSEC
P007154,2022,VOC_POSTSEC
P023377,2022,VOC_POSTSEC
P011834,2022,BACHELOR_EQ
P049548,2022,MASTER_EQ
P007291,2022,VOC_POSTSEC
P022100,2022,SCHOOL
P016203,2022,VOC_POSTSEC
P010275,2022,SCHOOL
P046030,2022,BACHELOR_EQ
P003704,2022,SCHOOL
P000850,2022,VOC_POSTSEC
P015555,2022,BACHELOR_EQ
P012676,2022,VOC_POSTSEC
P032598,2022,SCHOOL
P041729,2022,VOC_POSTSEC
P000523,2022,BACHELOR_EQ
P009656,2022,BACHELOR_EQ
P049667,2022,VOC_POSTSEC
P029738,2022,NONE_LOW
P003884,2022,MASTER_EQ
P015839,2022,
P014343,2022,BACHELOR_EQ
P002189,2022,VOC_POSTSEC
P000172,2022,VOC_POSTSEC
P015703,2022,SCHOOL
P032272,2022,VOC_POSTSEC
P009944,2022,SCHOOL
P012651,2022,BACHELOR_EQ
P021269,2022,BACHELOR_EQ
P031571,2022,VOC_POSTSEC
P000980,2022,VOC_POSTSEC
P009452,2022,SCHOOL
P004866,2022,BACHELOR_EQ
P049571,2022,VOC_POSTSEC
P029798,2022,VOC_POSTSEC
P031965,2022,DOCTORATE
P003427,2022,VOC_POSTSEC
P025015,2022,SCHOOL
P044087,2022,VOC_POSTSEC
P014996,2022,VOC_POSTSEC
P030366,2022,VOC_POSTSEC
P021905,2022,BACHELOR_EQ
P015151,2022,VOC_POSTSEC
P043636,2022,VOC_POSTSEC
P017919,2022,BACHELOR_EQ
P049573,2022,BACHELOR_EQ
P023226,2022,MASTER_EQ
P038815,2022,VOC_POSTSEC
P043749,2022,VOC_POSTSEC
P003911,2022,VOC_POSTSEC
P032800,2022,VOC_POSTSEC
P019482,2022,MASTER_EQ
P023844,2022,SCHOOL
P037739,2022,NONE_LOW
P033202,2022,BACHELOR_EQ
P044142,2022,SCHOOL
P048939,2022,VOC_POSTSEC
P037772,2022,VOC_POSTSEC
P026765,2022,VOC_POSTSEC
P024411,2022,SCHOOL
P027565,2022,NONE_LOW
P032645,2022,MASTER_EQ
P014096,2022,BACHELOR_EQ
P024606,2022,MASTER_EQ
P031989,2022,NONE_LOW
P003239,2022,BACHELOR_EQ
P028511,2022,VOC_POSTSEC
P049748,2022,SCHOOL
P047167,2022,VOC_POSTSEC
P014181,2022,VOC_POSTSEC
P030248,2022,VOC_POSTSEC
P039655,2022,VOC_POSTSEC
P047323,2022,BACHELOR_EQ
P003435,2022,VOC_POSTSEC
P005026,2022,BACHELOR_EQ
P028753,2022,SCHOOL
P038065,2022,VOC_POSTSEC
P043893,2022,VOC_POSTSEC
P004126,2022,VOC_POSTSEC
P004479,2022,MASTER_EQ
P012699,2022,MASTER_EQ
P032013,2022,VOC_POSTSEC
P028342,2022,NONE_LOW
P003949,2022,VOC_POSTSEC
P034898,2022,VOC_POSTSEC
P011647,2022,VOC_POSTSEC
P003212,2022,MASTER_EQ
P002696,2022,VOC_POSTSEC
P016408,2022,NONE_LOW
P015802,2022,SCHOOL
P005424,2022,VOC_POSTSEC
P045213,2022,SCHOOL
P010808,2022,SCHOOL
P026690,2022,SCHOOL
P006496,2022,NONE_LOW
P019861,2022,MASTER_EQ
P003501,2022,SCHOOL
P010056,2022,VOC_POSTSEC
P029472,2022,VOC_POSTSEC
P008620,2022,VOC_POSTSEC
P003238,2022,MASTER_EQ
P042610,2022,SCHOOL
P030714,2022,VOC_POSTSEC
,2022,MASTER_EQ
P025505,2022,SCHOOL
P044167,2022,VOC_POSTSEC
P021199,2022,VOC_POSTSEC
P033684,2022,VOC_POSTSEC
P037524,2022,SCHOOL
P049050,2022,SCHOOL
P012405,2022,VOC_POSTSEC
P037654,2022,VOC_POSTSEC
P011924,2022,
P000306,2022,BACHELOR_EQ
P007116,2022,BACHELOR_EQ
P025026,2022,VOC_POSTSEC
P025209,2022,VOC_POSTSEC
P038820,2022,BACHELOR_EQ
P017373,2022,SCHOOL
P033956,2022,MASTER_EQ
P007971,2022,NONE_LOW
P034953,2022,BACHELOR_EQ
P037730,2022,SCHOOL
P004502,2022,DOCTORATE
P016284,2022,VOC_POSTSEC
P013830,2022,MASTER_EQ
P045599,2022,VOC_POSTSEC
P009821,2022,SCHOOL
P039227,2022,MASTER_EQ
P000884,2022,SCHOOL
P034967,2022,VOC_POSTSEC
P014821,2022,VOC_POSTSEC
P021158,2022,SCHOOL
P031164,2022,NONE_LOW
P043763,2022,SCHOOL
P043513,2022,NONE_LOW
P021817,2022,DOCTORATE
P006502,2022,DOCTORATE
P048902,2022,SCHOOL
P003593,2022,BACHELOR_EQ
P012473,2022,VOC_POSTSEC
P011171,2022,NONE_LOW
P007769,2022,VOC_POSTSEC
P049803,2022,VOC_POSTSEC
P007344,2022,SCHOOL
P005776,2022,SCHOOL
P026658,2022,SCHOOL
P024896,2022,SCHOOL
P039319,2022,VOC_POSTSEC
P038852,2022,VOC_POSTSEC
P036348,2022,NONE_LOW
P020833,2022,VOC_POSTSEC
P043049,2022,SCHOOL
P040338,2022,MASTER_EQ
P029355,2022,VOC_POSTSEC
P033152,2022,VOC_POSTSEC
P005505,2022,VOC_POSTSEC
P032970,2022,VOC_POSTSEC
P004348,2022,SCHOOL
P021285,2022,SCHOOL
P009328,2022,SCHOOL
P012232,2022,SCHOOL
P027389,2022,MASTER_EQ
P045678,2022,VOC_POSTSEC
P014353,2022,VOC_POSTSEC
P026935,2022,SCHOOL
P017890,2022,NONE_LOW
P026144,2022,MASTER_EQ
P004792,2022,VOC_POSTSEC
P023808,2022,VOC_POSTSEC
P012047,2022,VOC_POSTSEC
P032183,2022,DOCTORATE
P039955,2022,SCHOOL
P000571,2022,BACHELOR_EQ
P002419,2022,SCHOOL
P034202,2022,VOC_POSTSEC
P012747,2022,
P011700,2022,VOC_POSTSEC
P033581,2022,NONE_LOW
P013657,2022,NONE_LOW
P006325,2022,SCHOOL
P001219,2022,VOC_POSTSEC
P033537,2022,MASTER_EQ
P009095,2022,SCHOOL
P038673,2022,BACHELOR_EQ
P043587,2022,SCHOOL
P035748,2022,BACHELOR_EQ
P031952,2022,SCHOOL
P045307,2022,MASTER_EQ
P038197,2022,BACHELOR_EQ
P016318,2022,VOC_POSTSEC
P014389,2022,BACHELOR_EQ
P015618,2022,VOC_POSTSEC
P000090,2022,BACHELOR_EQ
P011496,2022,SCHOOL
P010790,2022,SCHOOL
P047577,2022,SCHOOL
P034766,2022,MASTER_EQ
P041383,2022,VOC_POSTSEC
P047918,2022,VOC_POSTSEC
P019017,2022,SCHOOL
P047606,2022,MASTER_EQ
P014773,2022,VOC_POSTSEC
P035227,2022,VOC_POSTSEC
P017840,2022,BACHELOR_EQ
P012309,2022,NONE_LOW
P028436,2022,BACHELOR_EQ
P029948,2022,SCHOOL
P041188,2022,SCHOOL
P046992,2022,BACHELOR_EQ
P026565,2022,BACHELOR_EQ
P034368,2022,
P042822,2022,VOC_POSTSEC
P012486,2022,SCHOOL
P021856,2022,NONE_LOW
P042949,2022,VOC_POSTSEC
P015899,2022,VOC_POSTSEC
P018926,2022,MASTER_EQ
P019286,2022,SCHOOL
P008167,2022,VOC_POSTSEC
P004084,2022,BACHELOR_EQ
P015833,2022,VOC_POSTSEC
P020159,2022,SCHOOL
P010811,2022,VOC_POSTSEC
P001933,2022,VOC_POSTSEC
P043492,2022,BACHELOR_EQ
P039021,2022,SCHOOL
P039576,2022,NONE_LOW
P000902,2022,
P025103,2022,VOC_POSTSEC
P016688,2022,VOC_POSTSEC
P001979,2022,NONE_LOW
P032376,2022,NONE_LOW
P043899,2022,VOC_POSTSEC
P033740,2022,SCHOOL
P028220,2022,VOC_POSTSEC
P015597,2022,MASTER_EQ
P035635,2022,VOC_POSTSEC
P012578,2022,MASTER_EQ
P007737,2022,VOC_POSTSEC
P042098,2022,VOC_POSTSEC
P010572,2022,
P032082,2022,VOC_POSTSEC
P036221,2022,SCHOOL
P045940,2022,VOC_POSTSEC
P037760,2022,VOC_POSTSEC
P009658,2022,VOC_POSTSEC
P023849,2022,MASTER_EQ
P048746,2022,SCHOOL
P020040,2022,VOC_POSTSEC
P028496,2022,BACHELOR_EQ
P015076,2022,SCHOOL
P018992,2022,BACHELOR_EQ
P018826,2022,VOC_POSTSEC
P029425,2022,SCHOOL
P030594,2022,VOC_POSTSEC
P001525,2022,BACHELOR_EQ
P039091,2022,MASTER_EQ
P009724,2022,VOC_POSTSEC
P047767,2022,VOC_POSTSEC
P049149,2022,NONE_LOW
P015538,2022,SCHOOL
P012342,2022,SCHOOL
P044822,2022,MASTER_EQ
P022942,2022,BACHELOR_EQ
P006796,2022,SCHOOL
P003689,2022,VOC_POSTSEC
P022101,2022,SCHOOL
P005308,2022,VOC_POSTSEC
P018790,2022,NONE_LOW
P001763,2022,SCHOOL
P005894,2022,SCHOOL
P031452,2022,VOC_POSTSEC
P025033,2022,VOC_POSTSEC
P000190,2022,BACHELOR_EQ
P036586,2022,BACHELOR_EQ
P041940,2022,VOC_POSTSEC
P029866,2022,SCHOOL
P032722,2022,BACHELOR_EQ
P021094,2022,SCHOOL
P016723,2022,MASTER_EQ
P038601,2022,SCHOOL
P007255,2022,BACHELOR_EQ
P005180,2022,VOC_POSTSEC
P015848,2022,BACHELOR_EQ
P002524,2022,NONE_LOW
P026049,2022,NONE_LOW
P004902,2022,VOC_POSTSEC
P039896,2022,VOC_POSTSEC
P042842,2022,MASTER_EQ
P029781,2022,VOC_POSTSEC
P015517,2022,SCHOOL
P024255,2022,SCHOOL
P027268,2022,BACHELOR_EQ
P005247,2022,VOC_POSTSEC
P007286,2022,BACHELOR_EQ
P044443,2022,BACHELOR_EQ
P003640,2022,VOC_POSTSEC
P009494,2022,BACHELOR_EQ
P020403,2022,SCHOOL
P030557,2022,NONE_LOW
P047485,2022,MASTER_EQ
P042370,2022,NONE_LOW
P002485,2022,VOC_POSTSEC
P000483,2022,NONE_LOW
P025908,2022,VOC_POSTSEC
P034060,2022,VOC_POSTSEC
P038745,2022,VOC_POSTSEC
P009740,2022,MASTER_EQ
P029836,2022,VOC_POSTSEC
P024138,2022,NONE_LOW
P042903,2022,MASTER_EQ
P049692,2022,MASTER_EQ
P037857,2022,DOCTORATE
P012539,2022,VOC_POSTSEC
P009731,2022,SCHOOL
P009787,2022,VOC_POSTSEC
P006872,2022,NONE_LOW
P013303,2022,VOC_POSTSEC
P043370,2022,SCHOOL
P013889,2022,MASTER_EQ
P030401,2022,SCHOOL
P014970,2022,NONE_LOW
P000051,2022,DOCTORATE
P049639,2022,VOC_POSTSEC
P031504,2022,SCHOOL
P031891,2022,VOC_POSTSEC
P016216,2022,VOC_POSTSEC
P011962,2022,VOC_POSTSEC
P023123,2022,VOC_POSTSEC
P014059,2022,SCHOOL
P016437,2022,VOC_POSTSEC
P022160,2022,SCHOOL
P014452,2022,SCHOOL
P011891,2022,VOC_POSTSEC
P035848,2022,BACHELOR_EQ
P044041,2022,BACHELOR_EQ
P049536,2022,VOC_POSTSEC
P024679,2022,SCHOOL
P019375,2022,BACHELOR_EQ
P030094,2022,DOCTORATE
P048985,2022,DOCTORATE
P004008,2022,VOC_POSTSEC
P024281,2022,NONE_LOW
P010245,2022,VOC_POSTSEC
P006659,2022,BACHELOR_EQ
P044376,2022,VOC_POSTSEC
P000182,2022,BACHELOR_EQ
P008700,2022,SCHOOL
P040779,2022,BACHELOR_EQ
P017823,2022,DOCTORATE
P044112,2022,VOC_POSTSEC
P011957,2022,VOC_POSTSEC
P025394,2022,VOC_POSTSEC
P008655,2022,SCHOOL
P029333,2022,SCHOOL
P040854,2022,VOC_POSTSEC
P041315,2022,VOC_POSTSEC
P017897,2022,MASTER_EQ
P048630,2022,NONE_LOW
P032662,2022,VOC_POSTSEC
P047854,2022,BACHELOR_EQ
P046401,2022,SCHOOL
P016581,2022,VOC_POSTSEC
P019870,2022,SCHOOL
P009893,2022,BACHELOR_EQ
P037188,2022,VOC_POSTSEC
P042821,2022,SCHOOL
P024966,2022,SCHOOL
P015260,2022,NONE_LOW
P005276,2022,SCHOOL
P044560,2022,VOC_POSTSEC
P013860,2022,SCHOOL
P015415,2022,SCHOOL
P015238,2022,VOC_POSTSEC
P032265,2022,NONE_LOW
P046485,2022,NONE_LOW
P037076,2022,SCHOOL
P018563,2022,VOC_POSTSEC
P040153,2022,BACHELOR_EQ
P030811,2022,SCHOOL
P018205,2022,BACHELOR_EQ
P018725,2022,VOC_POSTSEC
P000152,2022,VOC_POSTSEC
P011812,2022,SCHOOL
P023103,2022,VOC_POSTSEC
P012685,2022,BACHELOR_EQ
P048095,2022,VOC_POSTSEC
P030079,2022,VOC_POSTSEC
P005098,2022,VOC_POSTSEC
P027369,2022,VOC_POSTSEC
P048051,2022,BACHELOR_EQ
P028260,2022,SCHOOL
P012568,2022,SCHOOL
P014342,2022,VOC_POSTSEC
P004061,2022,SCHOOL
P026992,2022,BACHELOR_EQ
P015576,2022,VOC_POSTSEC
P038622,2022,MASTER_EQ
P022341,2022,BACHELOR_EQ
P033241,2022,VOC_POSTSEC
P039530,2022,VOC_POSTSEC
P032942,2022,BACHELOR_EQ
P044501,2022,SCHOOL
P011608,2022,VOC_POSTSEC
P024288,2022,VOC_POSTSEC
P046564,2022,VOC_POSTSEC
P039294,2022,VOC_POSTSEC
P019233,2022,VOC_POSTSEC
P031357,2022,NONE_LOW
P031365,2022,BACHELOR_EQ
P023266,2022,BACHELOR_EQ
P049693,2022,SCHOOL
P025613,2022,VOC_POSTSEC
P033112,2022,VOC_POSTSEC
P024764,2022,VOC_POSTSEC
P013285,2022,MASTER_EQ
P039917,2022,VOC_POSTSEC
P032742,2022,BACHELOR_EQ
P006798,2022,BACHELOR_EQ
P027637,2022,VOC_POSTSEC
P000168,2022,BACHELOR_EQ
P014246,2022,NONE_LOW
P012619,2022,VOC_POSTSEC
P006302,2022,DOCTORATE
P049792,2022,SCHOOL
P034441,2022,VOC_POSTSEC
P024356,2022,NONE_LOW
P019012,2022,VOC_POSTSEC
P002695,2022,VOC_POSTSEC
P012472,2022,MASTER_EQ
P025683,2022,SCHOOL
P026514,2022,SCHOOL
P041368,2022,BACHELOR_EQ
P044020,2022,VOC_POSTSEC
P004425,2022,VOC_POSTSEC
P015277,2022,BACHELOR_EQ
P012043,2022,SCHOOL
P047960,2022,VOC_POSTSEC
P032638,2022,BACHELOR_EQ
P018148,2022,SCHOOL
P029791,2022,MASTER_EQ
P041960,2022,VOC_POSTSEC
P048272,2022,BACHELOR_EQ
P030629,2022,NONE_LOW
P033876,2022,VOC_POSTSEC
P007460,2022,VOC_POSTSEC
P049452,2022,DOCTORATE
P001142,2022,VOC_POSTSEC
P046341,2022,SCHOOL
P006882,2022,DOCTORATE
P036106,2022,NONE_LOW
P000891,2022,VOC_POSTSEC
P037854,2022,MASTER_EQ
P030913,2022,VOC_POSTSEC
P032572,2022,SCHOOL
P035119,2022,VOC_POSTSEC
P027831,2022,DOCTORATE
P047618,2021,SCHOOL
P034268,2022,SCHOOL
P007653,2022,BACHELOR_EQ
P005994,2022,BACHELOR_EQ
P034823,2022,SCHOOL
P043833,2022,VOC_POSTSEC
P031119,2022,VOC_POSTSEC
P008405,2022,VOC_POSTSEC
P005185,2022,SCHOOL
P021648,2022,SCHOOL
P042210,2022,VOC_POSTSEC
P028631,2022,VOC_POSTSEC
P023846,2022,VOC_POSTSEC
P010048,2022,SCHOOL
P005949,2022,SCHOOL
P047266,2022,VOC_POSTSEC
P042311,2021,VOC_POSTSEC
P020374,2022,VOC_POSTSEC
P049918,2022,SCHOOL
P046207,2022,VOC_POSTSEC
P044128,2022,MASTER_EQ
P048545,2022,VOC_POSTSEC
P005901,2022,NONE_LOW
P006151,2022,SCHOOL
P035276,2022,VOC_POSTSEC
P022805,2022,SCHOOL
P002561,2022,VOC_POSTSEC
P047684,2022,SCHOOL
P032779,2022,SCHOOL
P028015,2022,MASTER_EQ
P032442,2022,SCHOOL
P023253,2022,VOC_POSTSEC
P021789,2022,BACHELOR_EQ
P004558,2022,VOC_POSTSEC
P004109,2022,BACHELOR_EQ
P040699,2022,BACHELOR_EQ
P026178,2022,VOC_POSTSEC
P026771,2022,VOC_POSTSEC
P037209,2022,SCHOOL
P003405,2022,NONE_LOW
P024155,2022,VOC_POSTSEC
P019672,2022,SCHOOL
P041179,2022,NONE_LOW
P018017,2022,NONE_LOW
P033919,2022,SCHOOL
P045233,2022,SCHOOL
P037667,2022,SCHOOL
P002962,2022,SCHOOL
P046172,2022,SCHOOL
P012580,2022,VOC_POSTSEC
P037249,2022,VOC_POSTSEC
P005676,2022,VOC_POSTSEC
P012369,2022,VOC_POSTSEC
P003334,2022,VOC_POSTSEC
P042256,2022,SCHOOL
P017365,2022,VOC_POSTSEC
P022348,2022,SCHOOL
P022462,2022,BACHELOR_EQ
P045815,2022,BACHELOR_EQ
P035474,2022,SCHOOL
P014540,2022,VOC_POSTSEC
P003779,2022,VOC_POSTSEC
P016915,2022,NONE_LOW
P033958,2022,VOC_POSTSEC
P007290,2022,MASTER_EQ
P006212,2022,VOC_POSTSEC
P031336,2022,VOC_POSTSEC
P048118,2022,SCHOOL
P030778,2022,SCHOOL
P042881,2022,SCHOOL
P027962,2022,
P032923,2022,VOC_POSTSEC
P004510,2022,SCHOOL
P018334,2022,NONE_LOW
P034196,2022,SCHOOL
P047094,2022,MASTER_EQ
P049421,2022,VOC_POSTSEC
P024542,2022,VOC_POSTSEC
P032458,2022,VOC_POSTSEC
P006846,2022,SCHOOL
P022273,2022,VOC_POSTSEC
P003584,2022,MASTER_EQ
P010167,2022,VOC_POSTSEC
P010744,2022,VOC_POSTSEC
P036770,2022,BACHELOR_EQ
P015646,2022,NONE_LOW
P024840,2022,SCHOOL
P031323,2022,SCHOOL
P009605,2022,SCHOOL
P048706,2022,SCHOOL
P017434,2022,BACHELOR_EQ
P047943,2022,VOC_POSTSEC
P035509,2022,DOCTORATE
P037775,2022,SCHOOL
P036400,2022,SCHOOL
P017700,2022,SCHOOL
P009665,2022,VOC_POSTSEC
P008628,2022,SCHOOL
P038304,2022,NONE_LOW
P023552,2022,SCHOOL
P046223,2022,MASTER_EQ
P038131,2022,NONE_LOW
P040004,2022,NONE_LOW
P033352,2022,BACHELOR_EQ
P025343,2022,BACHELOR_EQ
P007960,2022,SCHOOL
P038887,2022,NONE_LOW
P015025,2022,BACHELOR_EQ
P015053,2022,SCHOOL
P017781,2022,SCHOOL
P024087,2022,VOC_POSTSEC
P011211,2022,SCHOOL
P037529,2022,SCHOOL
P029406,2022,SCHOOL
P045029,2022,BACHELOR_EQ
P006714,2022,VOC_POSTSEC
P005981,2022,BACHELOR_EQ
P041806,2022,VOC_POSTSEC
P010117,2022,SCHOOL
P029365,2022,VOC_POSTSEC
P022130,2022,VOC_POSTSEC
P019998,2022,SCHOOL
P004184,2022,SCHOOL
P002814,2022,BACHELOR_EQ
P028531,2022,MASTER_EQ
P023075,2022,SCHOOL
P034900,2022,VOC_POSTSEC
P010369,2022,BACHELOR_EQ
P031070,2022,VOC_POSTSEC
P017011,2022,SCHOOL
P036715,2022,VOC_POSTSEC
P000123,2022,SCHOOL
P031093,2022,VOC_POSTSEC
P046337,2022,SCHOOL
P023880,2022,VOC_POSTSEC
P038032,2022,VOC_POSTSEC
P004273,2022,MASTER_EQ
P030818,2022,BACHELOR_EQ
P006021,2022,BACHELOR_EQ
P018813,2022,VOC_POSTSEC
P037074,2022,SCHOOL
P026777,2022,SCHOOL
P036996,2022,NONE_LOW
P048914,2022,VOC_POSTSEC
P008728,2022,NONE_LOW
P044994,2022,VOC_POSTSEC
P018181,2022,VOC_POSTSEC
P030484,2022,SCHOOL
P049468,2022,NONE_LOW
P015369,2022,SCHOOL
P032603,2022,VOC_POSTSEC
P023926,2022,VOC_POSTSEC
P005047,2022,SCHOOL
P047421,2022,BACHELOR_EQ
P044242,2022,SCHOOL
P034075,2022,VOC_POSTSEC
P043470,2022,VOC_POSTSEC
P034726,2022,SCHOOL
P037644,2022,SCHOOL
P020167,2022,VOC_POSTSEC
P032986,2022,VOC_POSTSEC
P045981,2022,SCHOOL
P003144,2022,NONE_LOW
P021364,2022,SCHOOL
P037785,2022,SCHOOL
P026397,2022,VOC_POSTSEC
P011920,2022,VOC_POSTSEC
P003028,2022,VOC_POSTSEC
P046071,2022,VOC_POSTSEC
P046192,2022,NONE_LOW
P005371,2022,NONE_LOW
P001291,2022,VOC_POSTSEC
P032776,2022,BACHELOR_EQ
P044900,2022,
P018911,2022,NONE_LOW
P039000,2022,NONE_LOW
P006073,2022,SCHOOL
P045518,2022,SCHOOL
P026996,2022,VOC_POSTSEC
P005050,2022,BACHELOR_EQ
P031225,2022,BACHELOR_EQ
P018893,2022,SCHOOL
P002196,2022,MASTER_EQ
P025295,2022,DOCTORATE
P026988,2022,VOC_POSTSEC
P027759,2022,NONE_LOW
P038598,2022,VOC_POSTSEC
P012216,2022,VOC_POSTSEC
P045690,2022,SCHOOL
P004172,2022,VOC_POSTSEC
P011233,2022,SCHOOL
P003993,2022,SCHOOL
P015807,2022,VOC_POSTSEC
P007053,2022,BACHELOR_EQ
P025769,2022,MASTER_EQ
P026719,2022,BACHELOR_EQ
P011509,2022,SCHOOL
P017516,2022,MASTER_EQ
P013424,2022,BACHELOR_EQ
P004120,2022,MASTER_EQ
P005939,2022,VOC_POSTSEC
P037712,2022,SCHOOL
P047232,2022,SCHOOL
P040432,2022,BACHELOR_EQ
P002102,2022,NONE_LOW
P018150,2022,VOC_POSTSEC
P002195,2022,VOC_POSTSEC
P032244,2022,SCHOOL
P033731,2022,VOC_POSTSEC
P020144,2022,VOC_POSTSEC
P014103,2022,BACHELOR_EQ
P029736,2022,SCHOOL
P013678,2022,BACHELOR_EQ
P004584,2022,VOC_POSTSEC
P041871,2022,SCHOOL
P026430,2022,NONE_LOW
P029477,2022,VOC_POSTSEC
P038425,2022,VOC_POSTSEC
P008731,2022,VOC_POSTSEC
P034393,2022,NONE_LOW
P041515,2022,NONE_LOW
P032769,2022,BACHELOR_EQ
P014350,2022,NONE_LOW
P024054,2022,VOC_POSTSEC
P006767,2022,VOC_POSTSEC
P035691,2022,SCHOOL
P039574,2022,NONE_LOW
P043818,2022,SCHOOL
P030092,2022,VOC_POSTSEC
P008559,2022,DOCTORATE
P037239,2022,BACHELOR_EQ
P040125,2022,SCHOOL
P013494,2022,NONE_LOW
P046108,2022,VOC_POSTSEC
P036132,2022,SCHOOL
P040583,2022,VOC_POSTSEC
P046692,2022,BACHELOR_EQ
P043278,2022,VOC_POSTSEC
P038496,2022,SCHOOL
P044084,2022,SCHOOL
P044337,2022,BACHELOR_EQ
P014514,2022,SCHOOL
P030949,2022,SCHOOL
P002124,2022,VOC_POSTSEC
P047099,2022,NONE_LOW
P043912,2022,BACHELOR_EQ
P042130,2022,SCHOOL
P021155,2022,SCHOOL
P040487,2022,SCHOOL
P045966,2022,VOC_POSTSEC
P000994,2022,VOC_POSTSEC
P034291,2022,SCHOOL
P043976,2022,SCHOOL
P026953,2022,MASTER_EQ
P005277,2022,MASTER_EQ
P004477,2022,VOC_POSTSEC
P014673,2022,VOC_POSTSEC
P029938,2022,VOC_POSTSEC
P037332,2022,SCHOOL
P043539,2022,VOC_POSTSEC
P012784,2022,VOC_POSTSEC
P018597,2022,VOC_POSTSEC
P038526,2022,SCHOOL
P010497,2022,VOC_POSTSEC
P011079,2022,SCHOOL
P042950,2022,NONE_LOW
P037370,2022,MASTER_EQ
P005389,2022,VOC_POSTSEC
P015088,2022,VOC_POSTSEC
P036857,2022,SCHOOL
P022997,2022,VOC_POSTSEC
P038791,2022,VOC_POSTSEC
P004198,2022,VOC_POSTSEC
P048931,2022,VOC_POSTSEC
P030963,2022,BACHELOR_EQ
P032900,2022,SCHOOL
P007372,2022,MASTER_EQ
P017771,2022,BACHELOR_EQ
P029905,2022,VOC_POSTSEC
P021872,2022,VOC_POSTSEC
P047599,2022,NONE_LOW
P019379,2022,SCHOOL
P012190,2022,VOC_POSTSEC
P025010,2022,BACHELOR_EQ
P019553,2022,BACHELOR_EQ
P002764,2022,SCHOOL
P036799,2022,BACHELOR_EQ
P005826,2022,VOC_POSTSEC
P021805,2022,VOC_POSTSEC
P027528,2022,SCHOOL
P032733,2022,MASTER_EQ
P011799,2022,SCHOOL
P005023,2022,VOC_POSTSEC
P046684,2022,VOC_POSTSEC
P018642,2022,BACHELOR_EQ
P008434,2022,BACHELOR_EQ
P037260,2022,VOC_POSTSEC
P047043,2022,MASTER_EQ
P002780,2022,DOCTORATE
P044865,2022,SCHOOL
P007750,2022,MASTER_EQ
P019667,2022,BACHELOR_EQ
P045487,2022,SCHOOL
P021484,2022,BACHELOR_EQ
P032617,2022,BACHELOR_EQ
P029200,2022,VOC_POSTSEC
P012911,2022,VOC_POSTSEC
P034736,2022,BACHELOR_EQ
P001796,2022,VOC_POSTSEC
P036694,2022,NONE_LOW
P020021,2022,VOC_POSTSEC
P040903,2022,SCHOOL
P029706,2022,SCHOOL
P009426,2022,VOC_POSTSEC
P034651,2022,NONE_LOW
P047785,2022,SCHOOL
P003330,2022,VOC_POSTSEC
P038207,2022,SCHOOL
P007016,2022,SCHOOL
P015033,2022,BACHELOR_EQ
P004033,2022,BACHELOR_EQ
P021486,2022,VOC_POSTSEC
P025960,2022,SCHOOL
P033422,2022,BACHELOR_EQ
P010591,2022,BACHELOR_EQ
P046754,2022,SCHOOL
P048822,2022,SCHOOL
P009348,2022,VOC_POSTSEC
P028412,2022,NONE_LOW
P025750,2022,SCHOOL
P021829,2022,VOC_POSTSEC
P035375,2022,VOC_POSTSEC
P040298,2022,VOC_POSTSEC
P006833,2022,VOC_POSTSEC
P020103,2022,SCHOOL
P049081,2022,SCHOOL
P004646,2022,SCHOOL
P039928,2022,SCHOOL
P013182,2022,VOC_POSTSEC
P005563,2022,VOC_POSTSEC
P016682,2022,BACHELOR_EQ
P012918,2022,VOC_POSTSEC
P016903,2022,SCHOOL
P009786,2022,SCHOOL
P019310,2022,SCHOOL
P037568,2022,SCHOOL
P018141,2022,SCHOOL
P023827,2022,SCHOOL
P041962,2022,BACHELOR_EQ
P003143,2022,VOC_POSTSEC
P040513,2022,NONE_LOW
P020550,2022,SCHOOL
P016938,2022,VOC_POSTSEC
P046592,2022,VOC_POSTSEC
P044305,2022,VOC_POSTSEC
P037037,2022,VOC_POSTSEC
P038847,2022,VOC_POSTSEC
P011988,2022,VOC_POSTSEC
P025349,2022,VOC_POSTSEC
P008331,2022,VOC_POSTSEC
P029601,2022,SCHOOL
P029810,2022,VOC_POSTSEC
P003725,2022,BACHELOR_EQ
P048187,2022,SCHOOL
P021920,2022,VOC_POSTSEC
P040907,2022,VOC_POSTSEC
P045993,2022,SCHOOL
P044610,2022,VOC_POSTSEC
P024383,2022,SCHOOL
P044854,2022,VOC_POSTSEC
P020583,2022,SCHOOL
P027593,2022,VOC_POSTSEC
P013329,2022,SCHOOL
P048318,2022,MASTER_EQ
P006499,2022,VOC_POSTSEC
P005813,2022,VOC_POSTSEC
P001900,2022,NONE_LOW
P022681,2022,VOC_POSTSEC
P046827,2022,SCHOOL
P018002,2022,UNKNOWN_CODE
P038599,2022,SCHOOL
P010866,2022,SCHOOL
P023291,2022,VOC_POSTSEC
P006519,2022,SCHOOL
P017772,2022,VOC_POSTSEC
P047260,2022,BACHELOR_EQ
P033568,2022,BACHELOR_EQ
P008948,2022,NONE_LOW
P021617,2022,VOC_POSTSEC
P041270,2022,MASTER_EQ
P034591,2022,MASTER_EQ
P042275,2022,SCHOOL
P029104,2022,SCHOOL
P022166,2022,VOC_POSTSEC
P015490,2022,SCHOOL
P020959,2022,BACHELOR_EQ
P005256,2022,SCHOOL
P017822,2022,SCHOOL
P010674,2022,NONE_LOW
P003342,2022,MASTER_EQ
P005408,2022,SCHOOL
P024555,2022,VOC_POSTSEC
P049086,2022,VOC_POSTSEC
P027794,2022,SCHOOL
P010699,2022,SCHOOL
P011630,2022,BACHELOR_EQ
P049559,2022,VOC_POSTSEC
P038369,2022,BACHELOR_EQ
P030147,2022,VOC_POSTSEC
P025059,2022,NONE_LOW
P021535,2022,NONE_LOW
P004757,2022,UNKNOWN_CODE
P013807,2022,SCHOOL
P033969,2022,VOC_POSTSEC
P039637,2022,SCHOOL
P036756,2022,SCHOOL
P021677,2022,BACHELOR_EQ
P017198,2022,MASTER_EQ
P035405,2022,VOC_POSTSEC
P008349,2022,SCHOOL
P022378,2022,SCHOOL
P035681,2022,VOC_POSTSEC
P000560,2022,SCHOOL
P004594,2022,SCHOOL
P015613,2022,VOC_POSTSEC
P005864,2022,SCHOOL
P047290,2022,VOC_POSTSEC
P006997,2022,VOC_POSTSEC
P034990,2022,NONE_LOW
P029979,2022,MASTER_EQ
P000823,2022,SCHOOL
P034045,2022,SCHOOL
P001187,2022,SCHOOL
P046102,2022,MASTER_EQ
P013635,2022,VOC_POSTSEC
P000017,2022,NONE_LOW
P015451,2022,SCHOOL
P043238,2022,SCHOOL
P022745,2022,SCHOOL
P047318,2022,NONE_LOW
P010803,2022,SCHOOL
P020024,2022,BACHELOR_EQ
P003861,2022,VOC_POSTSEC
P037990,2022,SCHOOL
P028323,2022,MASTER_EQ
P008556,2022,MASTER_EQ
P033216,2022,SCHOOL
P025422,2022,VOC_POSTSEC
P008022,2022,VOC_POSTSEC
P004606,2022,SCHOOL
P033200,2022,VOC_POSTSEC
P034482,2022,NONE_LOW
P023595,2022,SCHOOL
P036718,2022,NONE_LOW
P008748,2022,SCHOOL
P007261,2022,SCHOOL
P006620,2022,NONE_LOW
P025426,2022,SCHOOL
P048657,2022,VOC_POSTSEC
P026813,2022,SCHOOL
P009973,2022,VOC_POSTSEC
P022247,2022,BACHELOR_EQ
P005854,2022,VOC_POSTSEC
P025770,2022,VOC_POSTSEC
P040293,2022,VOC_POSTSEC
P036890,2022,SCHOOL
P002885,2022,VOC_POSTSEC
P042535,2022,VOC_POSTSEC
P026677,2022,SCHOOL
P021533,2022,VOC_POSTSEC
P004369,2022,SCHOOL
P000130,2022,BACHELOR_EQ
P025353,2022,VOC_POSTSEC
P036206,2022,VOC_POSTSEC
P012796,2022,VOC_POSTSEC
P035345,2022,BACHELOR_EQ
P015162,2022,VOC_POSTSEC
P000908,2022,SCHOOL
P037450,2022,MASTER_EQ
P043765,2022,VOC_POSTSEC
P047823,2022,VOC_POSTSEC
P042994,2022,VOC_POSTSEC
P019031,2022,SCHOOL
P041596,2022,VOC_POSTSEC
P042831,2022,BACHELOR_EQ
P024681,2022,BACHELOR_EQ
P014965,2022,NONE_LOW
P035507,2022,BACHELOR_EQ
P049891,2022,VOC_POSTSEC
P001094,2022,VOC_POSTSEC
P000758,2022,VOC_POSTSEC
P035200,2022,VOC_POSTSEC
P010524,2022,VOC_POSTSEC
P043024,2022,BACHELOR_EQ
P031890,2022,SCHOOL
P012149,2022,BACHELOR_EQ
P007496,2022,NONE_LOW
P038268,2022,BACHELOR_EQ
P006276,2022,SCHOOL
P036583,2022,VOC_POSTSEC
P018783,2022,VOC_POSTSEC
P022660,2022,SCHOOL
P012269,2022,VOC_POSTSEC
P004607,2022,BACHELOR_EQ
P007430,2022,VOC_POSTSEC
P004668,2022,SCHOOL
P007773,2022,VOC_POSTSEC
P021376,2022,NONE_LOW
P007490,2022,VOC_POSTSEC
P007454,2022,NONE_LOW
P034465,2022,VOC_POSTSEC
P010827,2022,SCHOOL
P004216,2022,SCHOOL
P048477,2022,SCHOOL
P015307,2022,SCHOOL
P021093,2022,VOC_POSTSEC
P037945,2022,VOC_POSTSEC
P010890,2022,NONE_LOW
P019500,2022,VOC_POSTSEC
P010442,2022,NONE_LOW
P041415,2022,VOC_POSTSEC
P014432,2022,VOC_POSTSEC
P034444,2022,VOC_POSTSEC
P041824,2022,VOC_POSTSEC
P032031,2022,VOC_POSTSEC
P000435,2022,BACHELOR_EQ
P008958,2022,BACHELOR_EQ
P031660,2022,SCHOOL
P011013,2022,MASTER_EQ
P035369,2022,BACHELOR_EQ
P023478,2022,BACHELOR_EQ
P048779,2022,VOC_POSTSEC
P037324,2022,MASTER_EQ
P002621,2022,
P027317,2022,NONE_LOW
P048642,2022,DOCTORATE
P039396,2022,SCHOOL
P019021,2022,VOC_POSTSEC
P011115,2022,SCHOOL
P016368,2022,SCHOOL
P019497,2022,SCHOOL
P031860,2022,VOC_POSTSEC
P003616,2022,BACHELOR_EQ
P007953,2022,VOC_POSTSEC
P038704,2022,MASTER_EQ
P042215,2022,NONE_LOW
P047416,2022,SCHOOL
P003681,2022,SCHOOL
P006951,2022,SCHOOL
P011355,2022,VOC_POSTSEC
P047322,2022,MASTER_EQ
P036959,2022,VOC_POSTSEC
P027740,2022,VOC_POSTSEC
P013691,2022,BACHELOR_EQ
P009177,2022,SCHOOL
P043862,2022,SCHOOL
P006745,2022,VOC_POSTSEC
P001748,2022,VOC_POSTSEC
P030038,2022,VOC_POSTSEC
P044746,2022,VOC_POSTSEC
P044863,2022,BACHELOR_EQ
P020430,2022,VOC_POSTSEC
P008010,2022,VOC_POSTSEC
P011864,2022,VOC_POSTSEC
P008713,2022,SCHOOL
P035957,2022,VOC_POSTSEC
P004962,2022,MASTER_EQ
P022521,2022,MASTER_EQ
P038040,2022,VOC_POSTSEC
P001994,2022,SCHOOL
P037320,2022,VOC_POSTSEC
P011366,2022,VOC_POSTSEC
P007696,2022,VOC_POSTSEC
P029451,2022,NONE_LOW
P024110,2022,NONE_LOW
P027320,2022,VOC_POSTSEC
P034975,2022,MASTER_EQ
P029615,2022,VOC_POSTSEC
P015984,2022,SCHOOL
P006449,2022,SCHOOL
P044787,2022,BACHELOR_EQ
P049608,2022,BACHELOR_EQ
P019470,2022,SCHOOL
P048937,2022,BACHELOR_EQ
P021706,2022,BACHELOR_EQ
P007603,2022,BACHELOR_EQ
P003946,2022,NONE_LOW
P003794,2022,VOC_POSTSEC
P039636,2022,BACHELOR_EQ
P001649,2022,VOC_POSTSEC
P022011,2022,SCHOOL
P023429,2022,NONE_LOW
P004081,2022,SCHOOL
P019799,2022,BACHELOR_EQ
P002368,2022,VOC_POSTSEC
P010331,2022,VOC_POSTSEC
P040163,2022,SCHOOL
P048320,2022,NONE_LOW
P019897,2022,BACHELOR_EQ
P040540,2022,NONE_LOW
P049812,2022,SCHOOL
P037019,2022,VOC_POSTSEC
P009753,2022,SCHOOL
P009141,2022,SCHOOL
P009396,2022,SCHOOL
P034272,2022,BACHELOR_EQ
P033168,2022,BACHELOR_EQ
P006148,2022,SCHOOL
P003468,2022,NONE_LOW
P015139,2022,VOC_POSTSEC
P040413,2022,VOC_POSTSEC
P032417,2022,VOC_POSTSEC
P034532,2022,VOC_POSTSEC
P023477,2022,VOC_POSTSEC
P043529,2022,BACHELOR_EQ
P004877,2022,SCHOOL
P022072,2022,SCHOOL
P045111,2022,SCHOOL
P042428,2022,SCHOOL
P022991,2022,BACHELOR_EQ
P045876,2022,VOC_POSTSEC
P003546,2022,
P028247,2022,BACHELOR_EQ
P029030,2022,NONE_LOW
P001229,2022,SCHOOL
P017182,2022,VOC_POSTSEC
P037458,2022,VOC_POSTSEC
P015813,2022,NONE_LOW
P037040,2022,VOC_POSTSEC
P044455,2022,BACHELOR_EQ
P035536,2022,VOC_POSTSEC
P048739,2022,SCHOOL
P045930,2022,SCHOOL
P046897,2022,NONE_LOW
P033070,2022,MASTER_EQ
P038758,2022,SCHOOL
P014764,2022,BACHELOR_EQ
P003164,2022,BACHELOR_EQ
P045705,2022,SCHOOL
P017320,2022,
P046572,2022,BACHELOR_EQ
P017613,2022,SCHOOL
P035833,2022,VOC_POSTSEC
P025994,2022,MASTER_EQ
P017081,2022,VOC_POSTSEC
P021476,2022,VOC_POSTSEC
P033549,2022,BACHELOR_EQ
P018989,2022,VOC_POSTSEC
P016011,2022,VOC_POSTSEC
P009694,2022,VOC_POSTSEC
P004709,2022,VOC_POSTSEC
P016094,2022,MASTER_EQ
P021427,2022,BACHELOR_EQ
P048165,2022,SCHOOL
P044448,2022,NONE_LOW
P028701,2022,NONE_LOW
P032402,2022,MASTER_EQ
P002300,2022,NONE_LOW
P016559,2022,VOC_POSTSEC
P015181,2022,VOC_POSTSEC
P030502,2022,SCHOOL
P018634,2021,SCHOOL
P018508,2022,SCHOOL
P010309,2022,VOC_POSTSEC
P031239,2022,SCHOOL
P016914,2022,VOC_POSTSEC
P042709,2022,VOC_POSTSEC
P008720,2022,VOC_POSTSEC
P018628,2022,VOC_POSTSEC
P042431,2022,VOC_POSTSEC
P034586,2022,MASTER_EQ
P043117,2022,VOC_POSTSEC
P011090,2022,VOC_POSTSEC
P007167,2022,VOC_POSTSEC
P003980,2022,MASTER_EQ
P007237,2022,SCHOOL
P011574,2022,SCHOOL
P028086,2022,MASTER_EQ
P007391,2022,BACHELOR_EQ
P026314,2022,VOC_POSTSEC
P003262,2022,SCHOOL
P006401,2022,VOC_POSTSEC
P032134,2022,VOC_POSTSEC
P005709,2022,SCHOOL
P004231,2022,BACHELOR_EQ
P015472,2022,SCHOOL
P009404,2022,SCHOOL
P035453,2022,MASTER_EQ
P007927,2022,SCHOOL
P010340,2022,SCHOOL
P017064,2022,BACHELOR_EQ
P016148,2022,SCHOOL
P048640,2022,BACHELOR_EQ
P026829,2022,BACHELOR_EQ
P031645,2022,SCHOOL
P023119,2022,VOC_POSTSEC
P048849,2022,NONE_LOW
P008548,2022,VOC_POSTSEC
P037414,2022,VOC_POSTSEC
P039380,2022,VOC_POSTSEC
P040489,2022,NONE_LOW
P011554,2022,VOC_POSTSEC
P048699,2022,BACHELOR_EQ
P029378,2022,SCHOOL
P022663,2022,SCHOOL
P010801,2022,BACHELOR_EQ
P047917,2022,BACHELOR_EQ
P038295,2022,NONE_LOW
P045497,2022,VOC_POSTSEC
P008809,2022,MASTER_EQ
P044552,2022,VOC_POSTSEC
P042557,2022,VOC_POSTSEC
P036355,2022,NONE_LOW
P041242,2022,SCHOOL
P017560,2022,SCHOOL
P032341,2022,SCHOOL
P012666,2022,VOC_POSTSEC
P011044,2022,VOC_POSTSEC
P047723,2022,BACHELOR_EQ
P021206,2022,BACHELOR_EQ
P031495,2022,VOC_POSTSEC
P033139,2022,MASTER_EQ
P008108,2022,SCHOOL
P020845,2022,DOCTORATE
P017439,2022,SCHOOL
P039462,2022,NONE_LOW
P000582,2022,NONE_LOW
P046986,2022,VOC_POSTSEC
P021924,2022,BACHELOR_EQ
P038153,2022,SCHOOL
P021049,2022,BACHELOR_EQ
P002837,2022,BACHELOR_EQ
P042456,2022,NONE_LOW
P022128,2022,VOC_POSTSEC
P035416,2022,SCHOOL
P034253,2022,SCHOOL
P013625,2022,VOC_POSTSEC
P049820,2022,VOC_POSTSEC
P021268,2022,BACHELOR_EQ
P006891,2022,DOCTORATE
P048957,2022,SCHOOL
P016685,2022,BACHELOR_EQ
P010768,2022,SCHOOL
P038216,2022,SCHOOL
P013288,2022,NONE_LOW
P010073,2022,VOC_POSTSEC
P003197,2022,SCHOOL
P040844,2022,SCHOOL
P005887,2022,VOC_POSTSEC
P042284,2022,BACHELOR_EQ
P006067,2022,VOC_POSTSEC
P045391,2022,SCHOOL
P000948,2022,NONE_LOW
P030891,2022,MASTER_EQ
P013576,2022,VOC_POSTSEC
P039216,2022,SCHOOL
P016672,2022,BACHELOR_EQ
P047968,2022,SCHOOL
P030233,2022,SCHOOL
P016151,2022,UNKNOWN_CODE
P003662,2022,BACHELOR_EQ
P037713,2022,VOC_POSTSEC
P044571,2022,VOC_POSTSEC
P007988,2022,BACHELOR_EQ
P021371,2022,BACHELOR_EQ
P023923,2022,BACHELOR_EQ
P022935,2022,VOC_POSTSEC
P041460,2022,SCHOOL
P036417,2022,SCHOOL
P008325,2022,SCHOOL
P008542,2022,SCHOOL
P026367,2022,NONE_LOW
P036112,2022,SCHOOL
P000312,2022,SCHOOL
P039966,2022,VOC_POSTSEC
P005054,2022,VOC_POSTSEC
P043565,2022,BACHELOR_EQ
P007633,2022,VOC_POSTSEC
P007244,2022,VOC_POSTSEC
P006884,2022,VOC_POSTSEC
P031679,2022,SCHOOL
P002845,2022,BACHELOR_EQ
P010886,2022,VOC_POSTSEC
P011329,2022,NONE_LOW
P019907,2022,BACHELOR_EQ
P021188,2022,NONE_LOW
P002911,2022,VOC_POSTSEC
P047981,2022,SCHOOL
P002281,2022,VOC_POSTSEC
P045790,2022,SCHOOL
P046025,2022,BACHELOR_EQ
P026047,2022,SCHOOL
P040284,2022,SCHOOL
P022149,2022,SCHOOL
P038072,2022,MASTER_EQ
P006285,2022,VOC_POSTSEC
P003023,2022,VOC_POSTSEC
P008621,2022,VOC_POSTSEC
P033276,2022,VOC_POSTSEC
P023471,2022,DOCTORATE
P047878,2022,SCHOOL
P010942,2022,VOC_POSTSEC
P003289,2022,NONE_LOW
P044359,2022,BACHELOR_EQ
P036160,2022,VOC_POSTSEC
P049781,2022,VOC_POSTSEC
P042522,2022,BACHELOR_EQ
P001816,2022,VOC_POSTSEC
P037164,2022,BACHELOR_EQ
P020323,2022,VOC_POSTSEC
P027503,2022,
P047627,2022,VOC_POSTSEC
P017705,2022,NONE_LOW
P002456,2022,VOC_POSTSEC
P029640,2022,SCHOOL
P040362,2022,VOC_POSTSEC
P034337,2022,VOC_POSTSEC
P017354,2022,VOC_POSTSEC
P038604,2022,SCHOOL
P021445,2022,BACHELOR_EQ
P010743,2022,SCHOOL
P044543,2022,VOC_POSTSEC
P013894,2022,BACHELOR_EQ
P035857,2022,VOC_POSTSEC
P000228,2022,VOC_POSTSEC
P025513,2022,VOC_POSTSEC
P048109,2022,SCHOOL
P006851,2022,NONE_LOW
P026389,2022,MASTER_EQ
P025419,2022,SCHOOL
P023459,2022,SCHOOL
P035262,2022,BACHELOR_EQ
P038044,2022,VOC_POSTSEC
P017327,2022,VOC_POSTSEC
P035776,2022,SCHOOL
P032497,2022,BACHELOR_EQ
P048454,2022,VOC_POSTSEC
P001486,2022,NONE_LOW
P042153,2022,SCHOOL
P046146,2022,SCHOOL
P043914,2022,SCHOOL
P007856,2022,SCHOOL
P003147,2022,VOC_POSTSEC
P001985,2022,VOC_POSTSEC
P024731,2022,NONE_LOW
P008863,2022,BACHELOR_EQ
P005061,2022,VOC_POSTSEC
P021346,2022,NONE_LOW
P018986,2022,MASTER_EQ
P002655,2022,SCHOOL
P046626,2022,VOC_POSTSEC
P006753,2022,BACHELOR_EQ
P047353,2022,SCHOOL
P002783,2022,VOC_POSTSEC
P006343,2022,BACHELOR_EQ
P006246,2022,SCHOOL
P043111,2022,VOC_POSTSEC
P008224,2022,SCHOOL
P008177,2022,DOCTORATE
P049460,2022,SCHOOL
P038368,2022,VOC_POSTSEC
P016016,2022,SCHOOL
P000288,2022,MASTER_EQ
P013947,2022,SCHOOL
P039688,2022,SCHOOL
P014253,2022,SCHOOL
P002708,2022,VOC_POSTSEC
P041345,2022,VOC_POSTSEC
P032835,2022,SCHOOL
P023070,2022,SCHOOL
P025385,2022,VOC_POSTSEC
P038750,2022,VOC_POSTSEC
P028536,2022,BACHELOR_EQ
P040388,2022,SCHOOL
P008770,2022,SCHOOL
P011111,2022,SCHOOL
P004244,2022,SCHOOL
P026695,2022,SCHOOL
P047745,2022,BACHELOR_EQ
P026012,2022,MASTER_EQ
P017227,2022,MASTER_EQ
P039821,2022,MASTER_EQ
P021874,2022,SCHOOL
P043757,2022,SCHOOL
P044030,2022,VOC_POSTSEC
P001041,2022,VOC_POSTSEC
P020001,2022,VOC_POSTSEC
P016675,2022,VOC_POSTSEC
P046951,2022,VOC_POSTSEC
P034377,2022,NONE_LOW
P026796,2022,SCHOOL
P022005,2022,VOC_POSTSEC
P001759,2022,VOC_POSTSEC
P028836,2022,VOC_POSTSEC
P001513,2022,VOC_POSTSEC
P038592,2022,SCHOOL
P005370,2022,VOC_POSTSEC
P011952,2022,NONE_LOW
P046126,2022,VOC_POSTSEC
P041017,2022,MASTER_EQ
P031135,2022,SCHOOL
P004815,2022,VOC_POSTSEC
P011816,2022,NONE_LOW
P049572,2022,VOC_POSTSEC
P008203,2022,VOC_POSTSEC
P047565,2022,BACHELOR_EQ
P034249,2022,BACHELOR_EQ
P012289,2022,BACHELOR_EQ
P022841,2022,SCHOOL
P033585,2022,MASTER_EQ
P011433,2022,VOC_POSTSEC
P032583,2022,BACHELOR_EQ
P006622,2022,BACHELOR_EQ
P008584,2022,VOC_POSTSEC
P004388,2022,VOC_POSTSEC
P008105,2022,NONE_LOW
P022982,2022,VOC_POSTSEC
P004834,2022,SCHOOL
P013379,2022,VOC_POSTSEC
P008649,2022,VOC_POSTSEC
P032834,2022,VOC_POSTSEC
P046075,2022,MASTER_EQ
P012579,2022,BACHELOR_EQ
P018509,2022,SCHOOL
P035709,2022,DOCTORATE
P013793,2022,BACHELOR_EQ
P000006,2022,SCHOOL
P049933,2022,SCHOOL
P044609,2022,NONE_LOW
P022279,2022,SCHOOL
P004101,2022,SCHOOL
P046437,2022,VOC_POSTSEC
P000438,2022,VOC_POSTSEC
P021622,2022,BACHELOR_EQ
P022683,2022,NONE_LOW
P020986,2022,VOC_POSTSEC
P023031,2022,BACHELOR_EQ
P042140,2022,VOC_POSTSEC
P038109,2022,VOC_POSTSEC
P010695,2022,SCHOOL
P041876,2022,SCHOOL
P003702,2022,SCHOOL
P049005,2022,VOC_POSTSEC
P035160,2022,
P025480,2022,SCHOOL
P019086,2022,SCHOOL
P008419,2022,BACHELOR_EQ
P038458,2022,VOC_POSTSEC
P029871,2022,SCHOOL
P030456,2022,SCHOOL
P002654,2022,VOC_POSTSEC
P047103,2022,SCHOOL
P033346,2022,BACHELOR_EQ
P037159,2022,SCHOOL
P016777,2022,VOC_POSTSEC
P005523,2022,VOC_POSTSEC
P011157,2022,SCHOOL
P001524,2022,SCHOOL
P047814,2022,
P039891,2022,VOC_POSTSEC
P029178,2022,
P028627,2022,SCHOOL
P025828,2022,SCHOOL
P024735,2022,SCHOOL
P020473,2022,SCHOOL
P000176,2022,SCHOOL
P013072,2022,SCHOOL
P042187,2022,SCHOOL
P016814,2022,VOC_POSTSEC
P000216,2022,VOC_POSTSEC
P030916,2022,VOC_POSTSEC
P037876,2022,VOC_POSTSEC
P024374,2022,VOC_POSTSEC
P005052,2022,NONE_LOW
P011490,2022,SCHOOL
P011851,2022,NONE_LOW
P003764,2022,BACHELOR_EQ
P000237,2022,SCHOOL
P010813,2022,VOC_POSTSEC
P024571,2022,BACHELOR_EQ
P033424,2022,BACHELOR_EQ
P044176,2022,VOC_POSTSEC
P044467,2022,VOC_POSTSEC
P026451,2022,VOC_POSTSEC
P029942,2022,SCHOOL
P041360,2022,SCHOOL
P025989,2022,NONE_LOW
P004857,2022,SCHOOL
P031374,2022,SCHOOL
P041603,2022,BACHELOR_EQ
P027263,2022,VOC_POSTSEC
P029222,2022,BACHELOR_EQ
P040935,2022,BACHELOR_EQ
P033953,2022,VOC_POSTSEC
P022042,2022,SCHOOL
P006014,2022,SCHOOL
P035125,2022,NONE_LOW
P000696,2022,SCHOOL
P043128,2022,VOC_POSTSEC
P042379,2022,BACHELOR_EQ
P014072,2022,VOC_POSTSEC
P007980,2022,SCHOOL
P027096,2022,VOC_POSTSEC
P041657,2022,VOC_POSTSEC
P037681,2022,SCHOOL
P009318,2022,NONE_LOW
P006578,2022,SCHOOL
P043243,2022,SCHOOL
P002244,2022,VOC_POSTSEC
P040940,2022,VOC_POSTSEC
P013659,2022,SCHOOL
P029618,2022,SCHOOL
P034653,2022,VOC_POSTSEC
P049965,2022,VOC_POSTSEC
P011152,2022,BACHELOR_EQ
P024163,2022,DOCTORATE
P010671,2022,MASTER_EQ
P026652,2022,VOC_POSTSEC
P047330,2022,BACHELOR_EQ
P019965,2022,NONE_LOW
P030571,2022,SCHOOL
P021818,2022,NONE_LOW
P005739,2022,VOC_POSTSEC
P024171,2022,VOC_POSTSEC
P021319,2022,DOCTORATE
P041316,2022,SCHOOL
P012503,2022,SCHOOL
P035637,2022,VOC_POSTSEC
P001717,2022,NONE_LOW
P025898,2022,MASTER_EQ
P038529,2022,BACHELOR_EQ
P045660,2022,VOC_POSTSEC
P009622,2022,DOCTORATE
P011314,2022,BACHELOR_EQ
P016551,2022,SCHOOL
P043990,2022,MASTER_EQ
P004953,2022,SCHOOL
P031254,2022,VOC_POSTSEC
P039532,2022,VOC_POSTSEC
P041513,2022,SCHOOL
P017001,2022,SCHOOL
P012939,2022,NONE_LOW
P008425,2022,VOC_POSTSEC
P014272,2022,BACHELOR_EQ
P010546,2022,VOC_POSTSEC
P022087,2022,VOC_POSTSEC
P006933,2022,VOC_POSTSEC
P019287,2022,SCHOOL
P047029,2022,SCHOOL
P032316,2022,BACHELOR_EQ
P032812,2022,DOCTORATE
P012542,2022,SCHOOL
P016855,2022,NONE_LOW
P004104,2022,MASTER_EQ
P030760,2022,SCHOOL
P042245,2022,VOC_POSTSEC
P013095,2022,VOC_POSTSEC
P000470,2022,NONE_LOW
P036309,2022,VOC_POSTSEC
P015867,2022,BACHELOR_EQ
P015215,2022,SCHOOL
P009748,2022,VOC_POSTSEC
P016063,2022,VOC_POSTSEC
P020448,2022,BACHELOR_EQ
P004904,2022,NONE_LOW
P016770,2022,SCHOOL
P007028,2022,VOC_POSTSEC
P039869,2022,VOC_POSTSEC
P016061,2022,VOC_POSTSEC
P033736,2022,MASTER_EQ
P004322,2022,VOC_POSTSEC
P003971,2022,VOC_POSTSEC
P011526,2022,NONE_LOW
P042024,2022,BACHELOR_EQ
P034837,2022,SCHOOL
P016039,2022,BACHELOR_EQ
P010621,2022,NONE_LOW
P044857,2022,VOC_POSTSEC
P037067,2022,VOC_POSTSEC
P042337,2022,NONE_LOW
P032886,2022,SCHOOL
P017866,2022,SCHOOL
P047818,2022,VOC_POSTSEC
P026753,2022,SCHOOL
P006863,2022,MASTER_EQ
P017464,2022,NONE_LOW
P028731,2022,SCHOOL
P006409,2022,VOC_POSTSEC
P031488,2022,SCHOOL
P031595,2022,SCHOOL
P007004,2022,SCHOOL
P013545,2022,SCHOOL
P049348,2022,SCHOOL
P042708,2022,VOC_POSTSEC
P039485,2022,BACHELOR_EQ
P044197,2022,SCHOOL
P038063,2022,VOC_POSTSEC
P021936,2022,VOC_POSTSEC
P026589,2022,NONE_LOW
P031312,2022,SCHOOL
P034721,2022,NONE_LOW
P001171,2022,BACHELOR_EQ
P029165,2022,SCHOOL
P037257,2022,VOC_POSTSEC
P047749,2022,VOC_POSTSEC
P044367,2022,SCHOOL
P036859,2022,VOC_POSTSEC
P018187,2022,SCHOOL
P030282,2022,BACHELOR_EQ
P029978,2022,SCHOOL
P048752,2022,VOC_POSTSEC
P016716,2022,SCHOOL
P049625,2022,VOC_POSTSEC
P013855,2022,NONE_LOW
P020865,2022,VOC_POSTSEC
P002027,2022,BACHELOR_EQ
P028316,2022,SCHOOL
P032527,2022,SCHOOL
P003171,2022,SCHOOL
P030133,2022,VOC_POSTSEC
P034335,2022,NONE_LOW
P029192,2022,BACHELOR_EQ
P014704,2022,SCHOOL
P012496,2022,VOC_POSTSEC
P012217,2022,NONE_LOW
P007346,2022,SCHOOL
P010627,2022,VOC_POSTSEC
P037638,2022,MASTER_EQ
P007945,2022,SCHOOL
P043811,2022,VOC_POSTSEC
P049733,2022,BACHELOR_EQ
P014921,2022,SCHOOL
P030959,2022,VOC_POSTSEC
P010984,2022,SCHOOL
P003340,2022,SCHOOL
P027031,2022,VOC_POSTSEC
P006066,2022,DOCTORATE
P015107,2022,VOC_POSTSEC
P028649,2022,VOC_POSTSEC
P016788,2022,NONE_LOW
P022478,2022,NONE_LOW
P049599,2022,MASTER_EQ
P026459,2022,DOCTORATE
P038392,2022,SCHOOL
P012811,2022,VOC_POSTSEC
P047650,2022,SCHOOL
P045408,2022,SCHOOL
P039509,2022,BACHELOR_EQ
P032291,2022,BACHELOR_EQ
P040511,2022,VOC_POSTSEC
P006550,2022,VOC_POSTSEC
P029072,2022,SCHOOL
P046752,2022,NONE_LOW
P001732,2022,MASTER_EQ
P049205,2022,MASTER_EQ
P038720,2022,MASTER_EQ
P016624,2022,SCHOOL
P028087,2022,SCHOOL
P035221,2022,VOC_POSTSEC
P020933,2022,VOC_POSTSEC
P003843,2022,SCHOOL
P041429,2022,MASTER_EQ
P036002,2022,SCHOOL
P020083,2022,SCHOOL
P001604,2022,VOC_POSTSEC
P039725,2022,VOC_POSTSEC
P043380,2022,DOCTORATE
P009977,2022,VOC_POSTSEC
P047863,2022,MASTER_EQ
P033048,2022,VOC_POSTSEC
P049455,2022,SCHOOL
P031355,2022,SCHOOL
P048371,2022,NONE_LOW
P004636,2022,MASTER_EQ
P041980,2022,MASTER_EQ
P015709,2022,VOC_POSTSEC
P046019,2022,VOC_POSTSEC
P033437,2022,VOC_POSTSEC
P007140,2022,SCHOOL
P046420,2022,BACHELOR_EQ
P008526,2022,VOC_POSTSEC
P007921,2022,SCHOOL
P012028,2022,SCHOOL
P046418,2022,NONE_LOW
P008219,2022,SCHOOL
P004617,2022,UNKNOWN_CODE
P034167,2022,SCHOOL
P001249,2022,NONE_LOW
P040912,2022,VOC_POSTSEC
P001773,2022,VOC_POSTSEC
P003822,2022,VOC_POSTSEC
P046008,2022,SCHOOL
P005881,2022,BACHELOR_EQ
P017759,2022,VOC_POSTSEC
P037846,2022,BACHELOR_EQ
P034940,2022,VOC_POSTSEC
P034436,2022,SCHOOL
P035245,2022,SCHOOL
P048984,2022,SCHOOL
P020264,2022,SCHOOL
P026598,2022,SCHOOL
P009164,2022,VOC_POSTSEC
P044228,2022,SCHOOL
P027655,2022,SCHOOL
P017335,2022,BACHELOR_EQ
P044963,2022,SCHOOL
P029787,2022,BACHELOR_EQ
P000140,2022,VOC_POSTSEC
P031800,2022,DOCTORATE
P046836,2022,SCHOOL
P000792,2022,VOC_POSTSEC
P016750,2022,BACHELOR_EQ
P021087,2022,VOC_POSTSEC
P013259,2022,SCHOOL
P007884,2022,SCHOOL
P020087,2022,SCHOOL
P011828,2022,BACHELOR_EQ
P013511,2022,SCHOOL
P001262,2022,VOC_POSTSEC
P015551,2022,MASTER_EQ
P016298,2022,SCHOOL
P015368,2022,SCHOOL
P008436,2022,SCHOOL
P045718,2022,BACHELOR_EQ
P049762,2022,MASTER_EQ
P023676,2022,VOC_POSTSEC
P006344,2022,NONE_LOW
P039555,2022,VOC_POSTSEC
P012502,2022,VOC_POSTSEC
P017927,2022,VOC_POSTSEC
P006757,2022,MASTER_EQ
P040265,2022,VOC_POSTSEC
P041499,2022,DOCTORATE
P012462,2022,SCHOOL
P021620,2022,SCHOOL
P017985,2022,SCHOOL
P023831,2022,SCHOOL
P015074,2022,VOC_POSTSEC
P000544,2022,VOC_POSTSEC
P036276,2022,BACHELOR_EQ
P016872,2022,SCHOOL
P008706,2022,SCHOOL
P002315,2022,VOC_POSTSEC
P047827,2022,SCHOOL
P007783,2022,SCHOOL
P032266,2022,SCHOOL
P021940,2022,VOC_POSTSEC
P039368,2022,SCHOOL
P003362,2022,BACHELOR_EQ
P003019,2022,VOC_POSTSEC
P000666,2022,NONE_LOW
P012744,2022,SCHOOL
P024274,2022,VOC_POSTSEC
P035011,2022,VOC_POSTSEC
P030688,2022,VOC_POSTSEC
P008585,2022,VOC_POSTSEC
P029325,2022,VOC_POSTSEC
P006931,2022,MASTER_EQ
P043086,2022,BACHELOR_EQ
P030053,2022,SCHOOL
P001790,2022,SCHOOL
P019472,2022,VOC_POSTSEC
P020183,2022,BACHELOR_EQ
P027049,2022,SCHOOL
P010530,2022,SCHOOL
P023576,2022,UNKNOWN_CODE
P022345,2022,SCHOOL
P030324,2022,VOC_POSTSEC
P026657,2022,MASTER_EQ
P016438,2022,BACHELOR_EQ
P013266,2022,VOC_POSTSEC
P034810,2022,BACHELOR_EQ
P042103,2022,VOC_POSTSEC
P018095,2022,VOC_POSTSEC
P010923,2022,UNKNOWN_CODE
P040990,2022,NONE_LOW
P022553,2022,SCHOOL
P021717,2022,VOC_POSTSEC
P049717,2022,MASTER_EQ
P018378,2022,VOC_POSTSEC
P021474,2022,SCHOOL
P002118,2022,VOC_POSTSEC
P026040,2022,SCHOOL
P033188,2022,NONE_LOW
P002894,2022,BACHELOR_EQ
P011532,2022,BACHELOR_EQ
P044251,2022,VOC_POSTSEC
P038087,2022,BACHELOR_EQ
P034997,2022,VOC_POSTSEC
P027205,2022,BACHELOR_EQ
P009371,2022,NONE_LOW
P044069,2022,NONE_LOW
P044114,2022,VOC_POSTSEC
P009490,2022,BACHELOR_EQ
P033620,2022,SCHOOL
P043071,2022,NONE_LOW
P029052,2022,SCHOOL
P021698,2022,VOC_POSTSEC
P036635,2022,BACHELOR_EQ
P019200,2022,BACHELOR_EQ
P014156,2022,VOC_POSTSEC
P011556,2022,MASTER_EQ
P040541,2022,VOC_POSTSEC
P042325,2022,VOC_POSTSEC
P032362,2022,BACHELOR_EQ
P028043,2022,SCHOOL
P033597,2022,BACHELOR_EQ
P032925,2022,VOC_POSTSEC
P024961,2022,MASTER_EQ
P014407,2022,BACHELOR_EQ
P005824,2022,MASTER_EQ
P041155,2022,VOC_POSTSEC
P014048,2022,SCHOOL
P017476,2022,VOC_POSTSEC
P028775,2022,VOC_POSTSEC
P038977,2022,NONE_LOW
P029830,2022,NONE_LOW
P022129,2022,VOC_POSTSEC
P041133,2022,MASTER_EQ
P033053,2022,SCHOOL
P032348,2022,SCHOOL
P006835,2022,SCHOOL
P003186,2022,MASTER_EQ
P046907,2022,MASTER_EQ
P046356,2022,DOCTORATE
P020163,2022,VOC_POSTSEC
P026369,2022,VOC_POSTSEC
P033103,2022,SCHOOL
P037232,2022,VOC_POSTSEC
P030601,2022,SCHOOL
P035207,2022,SCHOOL
P040604,2022,VOC_POSTSEC
P032690,2022,VOC_POSTSEC
P006885,2022,VOC_POSTSEC
P016763,2022,VOC_POSTSEC
P010678,2022,NONE_LOW
P034014,2022,VOC_POSTSEC
P017391,2022,SCHOOL
P049215,2022,BACHELOR_EQ
P043405,2022,NONE_LOW
P025978,2022,SCHOOL
P019719,2022,SCHOOL
P025040,2022,SCHOOL
P035426,2022,SCHOOL
P036595,2022,VOC_POSTSEC
P047117,2022,VOC_POSTSEC
P028640,2022,BACHELOR_EQ
P019925,2022,BACHELOR_EQ
P019742,2022,BACHELOR_EQ
P016436,2022,BACHELOR_EQ
P010951,2022,SCHOOL
P019331,2022,VOC_POSTSEC
P042241,2022,SCHOOL
P023784,2022,VOC_POSTSEC
P008481,2022,SCHOOL
P042052,2022,VOC_POSTSEC
P039845,2022,BACHELOR_EQ
P034290,2022,SCHOOL
P030469,2022,VOC_POSTSEC
P003091,2022,VOC_POSTSEC
P040529,2022,VOC_POSTSEC
P019712,2022,VOC_POSTSEC
P044604,2022,VOC_POSTSEC
P031428,2022,SCHOOL
P048183,2022,NONE_LOW
P007671,2022,VOC_POSTSEC
P028359,2022,VOC_POSTSEC
P001754,2022,NONE_LOW
P040011,2022,VOC_POSTSEC
P015399,2022,VOC_POSTSEC
P049997,2022,MASTER_EQ
P015712,2022,BACHELOR_EQ
P044886,2022,MASTER_EQ
P009995,2022,BACHELOR_EQ
P030431,2022,VOC_POSTSEC
P030873,2022,BACHELOR_EQ
P049003,2022,NONE_LOW
P007355,2022,VOC_POSTSEC
P000080,2022,VOC_POSTSEC
P005574,2022,DOCTORATE
P028141,2022,VOC_POSTSEC
P022518,2022,VOC_POSTSEC
P039615,2022,NONE_LOW
P022184,2022,BACHELOR_EQ
P029536,2022,VOC_POSTSEC
P040551,2022,NONE_LOW
P027738,2022,SCHOOL
P020225,2022,VOC_POSTSEC
P018373,2022,NONE_LOW
P024983,2022,NONE_LOW
P002704,2022,
P024183,2022,SCHOOL
P042619,2022,BACHELOR_EQ
P032321,2022,MASTER_EQ
P038156,2022,BACHELOR_EQ
P002098,2022,VOC_POSTSEC
P005779,2022,VOC_POSTSEC
P044416,2022,VOC_POSTSEC
P011982,2022,MASTER_EQ
P048200,2022,VOC_POSTSEC
P024196,2022,SCHOOL
P034910,2022,MASTER_EQ
P018420,2022,NONE_LOW
P034925,2022,NONE_LOW
P018502,2022,BACHELOR_EQ
P015166,2022,BACHELOR_EQ
P003942,2022,MASTER_EQ
P003088,2022,VOC_POSTSEC
P014192,2022,NONE_LOW
P033951,2022,SCHOOL
P044124,2022,SCHOOL
P013542,2022,BACHELOR_EQ
P027559,2022,VOC_POSTSEC
P037694,2022,BACHELOR_EQ
P012495,2022,BACHELOR_EQ
P025801,2022,VOC_POSTSEC
P027176,2022,VOC_POSTSEC
P004511,2022,VOC_POSTSEC
P006738,2022,SCHOOL
P037205,2022,SCHOOL
P002045,2022,NONE_LOW
P020397,2022,VOC_POSTSEC
P026886,2022,MASTER_EQ
P039572,2022,DOCTORATE
P030972,2022,SCHOOL
P015523,2022,VOC_POSTSEC
P046399,2022,VOC_POSTSEC
P030421,2022,NONE_LOW
P029761,2022,VOC_POSTSEC
P027870,2022,VOC_POSTSEC
P040863,2022,VOC_POSTSEC
P020525,2022,SCHOOL
P016890,2022,SCHOOL
,2022,VOC_POSTSEC
P045680,2022,VOC_POSTSEC
P006029,2022,VOC_POSTSEC
P006969,2022,VOC_POSTSEC
P015965,2022,VOC_POSTSEC
P038034,2022,VOC_POSTSEC
,2022,BACHELOR_EQ
P040499,2022,SCHOOL
P008779,2022,BACHELOR_EQ
P003862,2022,NONE_LOW
P006526,2022,UNKNOWN_CODE
P027485,2022,VOC_POSTSEC
P035853,2022,SCHOOL
P046214,2022,UNKNOWN_CODE
P048114,2022,MASTER_EQ
P025157,2022,SCHOOL
P019701,2022,SCHOOL
P019889,2022,
P046927,2022,VOC_POSTSEC
P030175,2022,SCHOOL
P039253,2022,SCHOOL
P002480,2022,VOC_POSTSEC
P017338,2022,BACHELOR_EQ
P002905,2022,VOC_POSTSEC
P009313,2022,SCHOOL
P009277,2022,BACHELOR_EQ
P010231,2022,BACHELOR_EQ
P035385,2022,VOC_POSTSEC
P006946,2022,NONE_LOW
P030428,2022,VOC_POSTSEC
P024179,2022,SCHOOL
P044769,2022,NONE_LOW
P037761,2022,VOC_POSTSEC
P016304,2022,NONE_LOW
P032214,2022,VOC_POSTSEC
P013714,2022,SCHOOL
P028118,2022,SCHOOL
P013687,2022,VOC_POSTSEC
P009597,2022,MASTER_EQ
P036164,2022,DOCTORATE
P049691,2022,
P020769,2022,VOC_POSTSEC
P028586,2022,MASTER_EQ
P035429,2022,SCHOOL
P020526,2022,VOC_POSTSEC
P017199,2022,VOC_POSTSEC
P015249,2022,VOC_POSTSEC
P038269,2022,SCHOOL
P015498,2022,VOC_POSTSEC
P005749,2022,BACHELOR_EQ
P032315,2022,BACHELOR_EQ
P020841,2022,NONE_LOW
P001250,2022,MASTER_EQ
P023851,2022,VOC_POSTSEC
P026543,2022,VOC_POSTSEC
P022351,2022,BACHELOR_EQ
P037789,2022,NONE_LOW
P039083,2022,VOC_POSTSEC
P027195,2022,NONE_LOW
P047540,2022,BACHELOR_EQ
P004133,2022,SCHOOL
P013318,2022,DOCTORATE
P030559,2022,BACHELOR_EQ
P000609,2022,MASTER_EQ
P011931,2022,VOC_POSTSEC
P019257,2022,BACHELOR_EQ
P035965,2022,DOCTORATE
P008851,2022,BACHELOR_EQ
P008076,2022,MASTER_EQ
P019179,2022,VOC_POSTSEC
P003718,2022,MASTER_EQ
P027757,2022,BACHELOR_EQ
P014679,2022,VOC_POSTSEC
P020354,2022,SCHOOL
P004527,2022,VOC_POSTSEC
P044557,2022,VOC_POSTSEC
P024321,2022,BACHELOR_EQ
P044106,2022,MASTER_EQ
P018438,2022,SCHOOL
P039570,2022,SCHOOL
P033909,2022,VOC_POSTSEC
P039676,2022,VOC_POSTSEC
P017004,2022,VOC_POSTSEC
P028415,2022,VOC_POSTSEC
P037778,2022,NONE_LOW
P041084,2022,SCHOOL
P022673,2022,SCHOOL
P020486,2022,DOCTORATE
P024801,2022,VOC_POSTSEC
P036677,2022,BACHELOR_EQ
P042882,2022,SCHOOL
P023028,2022,MASTER_EQ
P021759,2022,VOC_POSTSEC
P001568,2022,VOC_POSTSEC
P002286,2022,VOC_POSTSEC
P036880,2022,VOC_POSTSEC
P005078,2022,BACHELOR_EQ
P041537,2022,SCHOOL
P001328,2022,VOC_POSTSEC
P041174,2022,BACHELOR_EQ
P042397,2022,SCHOOL
P014145,2022,VOC_POSTSEC
P025896,2022,BACHELOR_EQ
P029547,2022,VOC_POSTSEC
P016861,2022,SCHOOL
P045726,2022,DOCTORATE
P020143,2022,VOC_POSTSEC
P045668,2022,MASTER_EQ
P021900,2022,BACHELOR_EQ
P033613,2022,VOC_POSTSEC
P001950,2022,VOC_POSTSEC
P035917,2022,MASTER_EQ
P017475,2022,NONE_LOW
P013508,2022,VOC_POSTSEC
P037994,2022,SCHOOL
P040470,2022,NONE_LOW
P013701,2022,BACHELOR_EQ
P012053,2022,BACHELOR_EQ
P007858,2022,BACHELOR_EQ
P009137,2022,VOC_POSTSEC
P018318,2022,VOC_POSTSEC
P026738,2022,BACHELOR_EQ
P043619,2022,NONE_LOW
P030110,2022,VOC_POSTSEC
P049021,2022,SCHOOL
P038389,2022,VOC_POSTSEC
P021853,2022,BACHELOR_EQ
P016139,2022,VOC_POSTSEC
P016808,2022,DOCTORATE
P006182,2022,VOC_POSTSEC
P043203,2022,SCHOOL
P016186,2022,
P047027,2022,NONE_LOW
P045643,2022,SCHOOL
P016197,2022,MASTER_EQ
P025361,2022,SCHOOL
P049821,2022,BACHELOR_EQ
P044939,2022,VOC_POSTSEC
P009975,2022,DOCTORATE
P014221,2022,VOC_POSTSEC
P000473,2022,VOC_POSTSEC
P049124,2022,BACHELOR_EQ
P049478,2022,VOC_POSTSEC
P009323,2022,SCHOOL
P022090,2022,VOC_POSTSEC
P042806,2022,VOC_POSTSEC
P011265,2022,VOC_POSTSEC
P013209,2022,SCHOOL
P041694,2022,VOC_POSTSEC
P010121,2022,BACHELOR_EQ
P012615,2022,VOC_POSTSEC
P045382,2022,SCHOOL
P024357,2022,SCHOOL
P007908,2022,MASTER_EQ
P001242,2022,NONE_LOW
P033737,2021,SCHOOL
P043414,2022,VOC_POSTSEC
P000988,2022,VOC_POSTSEC
P013098,2022,SCHOOL
P040495,2022,VOC_POSTSEC
P016140,2022,BACHELOR_EQ
P033130,2022,SCHOOL
P046765,2022,SCHOOL
P017887,2022,MASTER_EQ
P009841,2022,VOC_POSTSEC
P037066,2022,SCHOOL
P000469,2022,VOC_POSTSEC
P031171,2022,NONE_LOW
P000825,2022,VOC_POSTSEC
P047883,2022,NONE_LOW
P016418,2022,VOC_POSTSEC
P049551,2022,SCHOOL
P044738,2022,VOC_POSTSEC
P003778,2022,SCHOOL
P044768,2022,VOC_POSTSEC
P024480,2022,SCHOOL
P018478,2022,BACHELOR_EQ
P049540,2022,BACHELOR_EQ
P003226,2022,VOC_POSTSEC
P025272,2022,BACHELOR_EQ
P008894,2022,VOC_POSTSEC
P001239,2022,VOC_POSTSEC
P034980,2022,SCHOOL
P032637,2022,SCHOOL
P016060,2022,SCHOOL
P016459,2022,VOC_POSTSEC
P046335,2022,BACHELOR_EQ
P014265,2022,VOC_POSTSEC
P009018,2022,VOC_POSTSEC
P021927,2022,VOC_POSTSEC
P026435,2022,SCHOOL
P012809,2022,NONE_LOW
P000899,2022,SCHOOL
P004176,2022,VOC_POSTSEC
P013824,2022,BACHELOR_EQ
P031137,2022,SCHOOL
P013429,2022,VOC_POSTSEC
P017507,2022,VOC_POSTSEC
P032002,2022,BACHELOR_EQ
P000139,2022,SCHOOL
P029538,2022,SCHOOL
,2022,NONE_LOW
P030024,2022,VOC_POSTSEC
P045083,2022,VOC_POSTSEC
P005840,2022,SCHOOL
P009117,2022,NONE_LOW
P016219,2022,SCHOOL
P045787,2022,BACHELOR_EQ
P043615,2022,BACHELOR_EQ
P024593,2022,MASTER_EQ
P024834,2022,VOC_POSTSEC
P049480,2022,VOC_POSTSEC
P044306,2022,MASTER_EQ
P002071,2022,SCHOOL
P010611,2022,NONE_LOW
P005547,2022,NONE_LOW
P012401,2022,NONE_LOW
P018338,2022,VOC_POSTSEC
P030416,2022,VOC_POSTSEC
P003254,2022,NONE_LOW
P042633,2022,VOC_POSTSEC
P038478,2022,VOC_POSTSEC
P020595,2022,MASTER_EQ
P031686,2022,SCHOOL
P019769,2022,
P000798,2022,VOC_POSTSEC
P048772,2022,NONE_LOW
P001017,2022,BACHELOR_EQ
P033462,2022,VOC_POSTSEC
P024345,2022,SCHOOL
P015203,2022,SCHOOL
P043329,2022,SCHOOL
P035213,2022,VOC_POSTSEC
P037597,2022,BACHELOR_EQ
P005228,2022,BACHELOR_EQ
P011313,2022,SCHOOL
P027277,2022,SCHOOL
P008183,2022,NONE_LOW
P045244,2022,NONE_LOW
P013101,2022,VOC_POSTSEC
P028231,2022,VOC_POSTSEC
P009798,2022,DOCTORATE
P005748,2022,VOC_POSTSEC
P030899,2022,BACHELOR_EQ
P025471,2022,VOC_POSTSEC
P026766,2022,SCHOOL
P012422,2022,MASTER_EQ
P017580,2022,NONE_LOW
P014810,2022,BACHELOR_EQ
P046064,2022,SCHOOL
P034669,2022,VOC_POSTSEC
P031777,2022,SCHOOL
P049835,2022,MASTER_EQ
P014481,2022,VOC_POSTSEC
P014101,2022,SCHOOL
P007280,2022,VOC_POSTSEC
P041234,2022,BACHELOR_EQ
P002971,2022,MASTER_EQ
P030438,2022,NONE_LOW
P009311,2022,SCHOOL
P034006,2022,VOC_POSTSEC
P040591,2022,VOC_POSTSEC
P047408,2022,SCHOOL
P012276,2022,VOC_POSTSEC
P048834,2022,VOC_POSTSEC
P046994,2022,SCHOOL
P041630,2022,SCHOOL
P004685,2022,VOC_POSTSEC
P011147,2022,SCHOOL
P041369,2022,VOC_POSTSEC
P030285,2022,NONE_LOW
P037162,2022,VOC_POSTSEC
P040882,2022,VOC_POSTSEC
P001882,2022,SCHOOL
P003218,2022,NONE_LOW
P031657,2022,NONE_LOW
P015230,2022,NONE_LOW
P020474,2022,DOCTORATE
P049796,2022,BACHELOR_EQ
P030494,2022,SCHOOL
P019654,2022,VOC_POSTSEC
P004192,2022,NONE_LOW
P037033,2022,SCHOOL
P048594,2022,NONE_LOW
P017230,2022,NONE_LOW
P010841,2022,BACHELOR_EQ
P045616,2022,VOC_POSTSEC
P042146,2022,VOC_POSTSEC
P037864,2022,MASTER_EQ
P049085,2022,VOC_POSTSEC
P046807,2022,MASTER_EQ
P046365,2022,VOC_POSTSEC
P012819,2022,VOC_POSTSEC
P037691,2022,VOC_POSTSEC
P008786,2022,BACHELOR_EQ
P004148,2022,SCHOOL
P041006,2022,SCHOOL
P045096,2022,VOC_POSTSEC
P020843,2022,SCHOOL
P001521,2022,BACHELOR_EQ
P042803,2022,SCHOOL
P035053,2022,VOC_POSTSEC
P037195,2022,BACHELOR_EQ
P032380,2022,VOC_POSTSEC
P039585,2022,BACHELOR_EQ
P021942,2022,NONE_LOW
P016454,2022,BACHELOR_EQ
P046568,2022,BACHELOR_EQ
P045002,2022,BACHELOR_EQ
P005258,2022,BACHELOR_EQ
P015996,2022,NONE_LOW
P044111,2022,VOC_POSTSEC
P015674,2022,VOC_POSTSEC
P036582,2022,SCHOOL
P023104,2022,SCHOOL
P044108,2022,VOC_POSTSEC
P012100,2022,VOC_POSTSEC
P041553,2022,SCHOOL
P032177,2022,SCHOOL
P032208,2022,VOC_POSTSEC
P047270,2022,DOCTORATE
P026365,2022,SCHOOL
P035000,2022,SCHOOL
P044241,2022,SCHOOL
P040584,2022,SCHOOL
P004662,2022,SCHOOL
P013834,2022,VOC_POSTSEC
P028480,2022,VOC_POSTSEC
P009931,2022,SCHOOL
P019166,2022,SCHOOL
P038107,2022,SCHOOL
P032273,2022,VOC_POSTSEC
P004784,2022,SCHOOL
P013469,2022,VOC_POSTSEC
P020171,2022,SCHOOL
P029807,2022,SCHOOL
P010826,2022,VOC_POSTSEC
P008352,2022,VOC_POSTSEC
P015604,2022,BACHELOR_EQ
P022280,2022,VOC_POSTSEC
P032381,2022,VOC_POSTSEC
P048368,2022,VOC_POSTSEC
P037993,2022,SCHOOL
P047643,2022,VOC_POSTSEC
P028262,2022,VOC_POSTSEC
P039976,2022,
P031359,2022,SCHOOL
P041365,2022,VOC_POSTSEC
P013188,2022,BACHELOR_EQ
P035365,2022,SCHOOL
P008929,2022,VOC_POSTSEC
P047775,2022,SCHOOL
P014024,2022,SCHOOL
P021494,2022,SCHOOL
P049413,2022,
P047898,2022,SCHOOL
P020090,2022,VOC_POSTSEC
P049864,2022,VOC_POSTSEC
P034371,2022,VOC_POSTSEC
P032184,2022,SCHOOL
P018263,2022,VOC_POSTSEC
P031473,2022,NONE_LOW
P036146,2022,SCHOOL
P049647,2022,SCHOOL
P024616,2022,SCHOOL
P017665,2022,VOC_POSTSEC
P015999,2022,VOC_POSTSEC
P003860,2022,SCHOOL
P030858,2022,NONE_LOW
P046852,2022,BACHELOR_EQ
P039899,2022,SCHOOL
P035242,2022,NONE_LOW
P001840,2022,VOC_POSTSEC
P039897,2022,SCHOOL
P044778,2022,VOC_POSTSEC
P002251,2022,BACHELOR_EQ
P002381,2022,VOC_POSTSEC
P013556,2022,MASTER_EQ
P035274,2022,MASTER_EQ
P008290,2022,
P046793,2022,BACHELOR_EQ
P046731,2022,SCHOOL
P037771,2022,SCHOOL
P000135,2022,SCHOOL
P039249,2022,VOC_POSTSEC
P019594,2022,VOC_POSTSEC
P037687,2022,MASTER_EQ
P029539,2022,VOC_POSTSEC
P032135,2022,VOC_POSTSEC
P027525,2022,VOC_POSTSEC
P015767,2022,VOC_POSTSEC
P010140,2022,SCHOOL
P021170,2022,MASTER_EQ
P026570,2022,VOC_POSTSEC
P018865,2022,VOC_POSTSEC
P025832,2022,SCHOOL
P045620,2022,SCHOOL
P039890,2022,SCHOOL
P046755,2022,VOC_POSTSEC
P027453,2022,VOC_POSTSEC
P032078,2022,VOC_POSTSEC
P009675,2022,NONE_LOW
P023109,2022,VOC_POSTSEC
P031985,2022,SCHOOL
P030729,2022,BACHELOR_EQ
P035923,2022,SCHOOL
P001357,2022,SCHOOL
P021656,2022,SCHOOL
P018460,2022,SCHOOL
P000862,2022,VOC_POSTSEC
P043352,2022,VOC_POSTSEC
P000249,2022,MASTER_EQ
P045826,2022,BACHELOR_EQ
P007294,2022,VOC_POSTSEC
P025191,2022,VOC_POSTSEC
P014971,2022,BACHELOR_EQ
P031540,2022,SCHOOL
P015986,2022,VOC_POSTSEC
P009689,2022,BACHELOR_EQ
P044381,2022,VOC_POSTSEC
P000466,2022,SCHOOL
P018224,2022,VOC_POSTSEC
P029331,2022,BACHELOR_EQ
P023287,2022,SCHOOL
P042464,2022,VOC_POSTSEC
P020568,2022,BACHELOR_EQ
P024249,2022,VOC_POSTSEC
P038117,2022,DOCTORATE
P039569,2022,VOC_POSTSEC
P011423,2022,MASTER_EQ
P036438,2022,NONE_LOW
P017752,2022,MASTER_EQ
P041760,2022,BACHELOR_EQ
P034047,2022,SCHOOL
P007332,2022,SCHOOL
P000030,2022,DOCTORATE
P041796,2022,NONE_LOW
P010170,2022,VOC_POSTSEC
P031196,2022,SCHOOL
P012267,2022,NONE_LOW
P017027,2022,BACHELOR_EQ
P018390,2022,SCHOOL
P030408,2022,NONE_LOW
P029546,2022,VOC_POSTSEC
P026121,2022,NONE_LOW
P046324,2022,SCHOOL
P002528,2022,SCHOOL
P047031,2022,SCHOOL
P040309,2022,SCHOOL
P017719,2022,NONE_LOW
P008186,2022,SCHOOL
P036511,2022,SCHOOL
P040772,2022,MASTER_EQ
P032796,2022,SCHOOL
P005531,2022,NONE_LOW
P001405,2022,NONE_LOW
P001672,2022,MASTER_EQ
P047795,2022,VOC_POSTSEC
P006063,2022,VOC_POSTSEC
P012709,2022,VOC_POSTSEC
P011786,2022,SCHOOL
P012079,2022,SCHOOL
P024011,2022,BACHELOR_EQ
P001102,2022,VOC_POSTSEC
P011048,2022,SCHOOL
P037731,2022,VOC_POSTSEC
P008192,2022,VOC_POSTSEC
P008392,2022,BACHELOR_EQ
P020423,2022,BACHELOR_EQ
P001893,2022,SCHOOL
P034142,2022,SCHOOL
P046288,2022,SCHOOL
P024823,2022,SCHOOL
P011491,2022,MASTER_EQ
P003542,2022,
P028889,2022,VOC_POSTSEC
P027286,2022,NONE_LOW
P039009,2022,VOC_POSTSEC
P035427,2022,NONE_LOW
P005217,2022,VOC_POSTSEC
P036887,2022,VOC_POSTSEC
P031675,2022,VOC_POSTSEC
P047678,2022,SCHOOL
P012123,2022,BACHELOR_EQ
P039624,2022,VOC_POSTSEC
P007484,2022,SCHOOL
P030292,2022,SCHOOL
P018227,2022,SCHOOL
P025407,2022,VOC_POSTSEC
P048962,2022,MASTER_EQ
P032053,2022,BACHELOR_EQ
P040706,2022,VOC_POSTSEC
P034296,2022,SCHOOL
P023626,2022,VOC_POSTSEC
P023756,2022,BACHELOR_EQ
P011134,2022,VOC_POSTSEC
P030951,2022,SCHOOL
P018193,2022,BACHELOR_EQ
P024899,2022,
P049969,2022,MASTER_EQ
P004712,2022,VOC_POSTSEC
P013416,2022,SCHOOL
P030126,2022,VOC_POSTSEC
P003256,2022,SCHOOL
P048775,2022,SCHOOL
P042289,2022,VOC_POSTSEC
P026906,2022,VOC_POSTSEC
P024178,2022,VOC_POSTSEC
P008650,2022,VOC_POSTSEC
P024938,2022,SCHOOL
P008557,2022,SCHOOL
P047233,2022,SCHOOL
P039910,2022,BACHELOR_EQ
P015245,2022,VOC_POSTSEC
P014667,2022,BACHELOR_EQ
P049359,2022,VOC_POSTSEC
P022405,2022,BACHELOR_EQ
P032067,2022,BACHELOR_EQ
P006730,2022,SCHOOL
P002600,2022,SCHOOL
P040590,2022,BACHELOR_EQ
P007583,2022,BACHELOR_EQ
P016076,2022,SCHOOL
P026879,2022,VOC_POSTSEC
P015628,2022,SCHOOL
P034149,2022,VOC_POSTSEC
P012860,2022,VOC_POSTSEC
P034519,2022,VOC_POSTSEC
P044355,2022,NONE_LOW
P041521,2022,SCHOOL
P000963,2022,VOC_POSTSEC
P019987,2022,BACHELOR_EQ
P046171,2022,VOC_POSTSEC
P033735,2022,SCHOOL
P045449,2022,SCHOOL
P011454,2022,MASTER_EQ
P043874,2022,BACHELOR_EQ
P042253,2022,NONE_LOW
P043288,2022,VOC_POSTSEC
P027811,2022,VOC_POSTSEC
P018629,2022,MASTER_EQ
P000827,2022,MASTER_EQ
P023419,2022,VOC_POSTSEC
P026544,2022,BACHELOR_EQ
P028547,2022,SCHOOL
P036683,2022,SCHOOL
P046704,2022,SCHOOL
P027228,2022,NONE_LOW
P006549,2022,VOC_POSTSEC
P000206,2022,SCHOOL
P017715,2022,SCHOOL
P035400,2022,VOC_POSTSEC
P020926,2022,BACHELOR_EQ
P022658,2022,VOC_POSTSEC
P031757,2022,VOC_POSTSEC
P044706,2022,SCHOOL
P044832,2022,VOC_POSTSEC
P043782,2022,MASTER_EQ
P008401,2022,VOC_POSTSEC
P015423,2022,NONE_LOW
P031227,2022,VOC_POSTSEC
P049773,2022,VOC_POSTSEC
P002325,2022,SCHOOL
P023862,2022,VOC_POSTSEC
P048604,2022,VOC_POSTSEC
P032494,2022,VOC_POSTSEC
P028203,2022,NONE_LOW
P016156,2022,NONE_LOW
P037623,2022,SCHOOL
P046435,2022,SCHOOL
P002961,2022,VOC_POSTSEC
P020765,2022,SCHOOL
P011751,2022,SCHOOL
P041799,2022,SCHOOL
P001621,2022,BACHELOR_EQ
P034401,2022,NONE_LOW
P043924,2022,MASTER_EQ
P007620,2022,VOC_POSTSEC
P032257,2022,DOCTORATE
P016404,2022,SCHOOL
P024866,2022,BACHELOR_EQ
P002883,2022,VOC_POSTSEC
P000689,2022,BACHELOR_EQ
P006092,2022,SCHOOL
P030480,2022,VOC_POSTSEC
P008379,2022,VOC_POSTSEC
P018691,2022,VOC_POSTSEC
P029263,2022,BACHELOR_EQ
P020464,2022,VOC_POSTSEC
P016522,2022,BACHELOR_EQ
P047487,2022,SCHOOL
P034190,2022,VOC_POSTSEC
P002396,2022,NONE_LOW
P039033,2022,SCHOOL
P034961,2022,SCHOOL
P021641,2022,VOC_POSTSEC
P039184,2022,VOC_POSTSEC
P046847,2022,VOC_POSTSEC
P047203,2022,MASTER_EQ
P046806,2022,SCHOOL
P039702,2022,VOC_POSTSEC
P048815,2022,SCHOOL
P039196,2022,VOC_POSTSEC
P028870,2022,SCHOOL
P037843,2022,MASTER_EQ
P045290,2022,SCHOOL
P032151,2022,BACHELOR_EQ
P003970,2022,VOC_POSTSEC
P024592,2022,SCHOOL
P005792,2022,MASTER_EQ
P017960,2022,SCHOOL
P034055,2022,VOC_POSTSEC
P001574,2022,VOC_POSTSEC
P030975,2022,VOC_POSTSEC
P034612,2022,VOC_POSTSEC
P006520,2022,VOC_POSTSEC
P004928,2022,BACHELOR_EQ
P043459,2022,SCHOOL
P028696,2022,UNKNOWN_CODE
P032271,2022,SCHOOL
P003615,2022,VOC_POSTSEC
P003404,2022,DOCTORATE
P010767,2022,UNKNOWN_CODE
P041746,2022,VOC_POSTSEC
P032596,2022,SCHOOL
P027378,2022,VOC_POSTSEC
P031946,2022,VOC_POSTSEC
P035451,2022,BACHELOR_EQ
P041595,2022,VOC_POSTSEC
P024353,2022,BACHELOR_EQ
P042894,2022,VOC_POSTSEC
P030527,2022,VOC_POSTSEC
P035685,2022,VOC_POSTSEC
P049778,2022,MASTER_EQ
P010415,2022,BACHELOR_EQ
P025733,2022,VOC_POSTSEC
P003131,2022,VOC_POSTSEC
P041752,2022,DOCTORATE
P035118,2022,SCHOOL
P008866,2022,VOC_POSTSEC
P041382,2022,SCHOOL
P002183,2022,VOC_POSTSEC
P023001,2022,SCHOOL
P022038,2022,SCHOOL
P046970,2022,BACHELOR_EQ
P017488,2022,SCHOOL
P011989,2022,BACHELOR_EQ
P038605,2022,NONE_LOW
P012459,2022,SCHOOL
P020734,2022,NONE_LOW
P033741,2022,VOC_POSTSEC
P021708,2022,VOC_POSTSEC
P001059,2022,BACHELOR_EQ
P048845,2022,SCHOOL
P036977,2022,SCHOOL
P008396,2022,VOC_POSTSEC
P024203,2022,SCHOOL
P038103,2022,SCHOOL
P046464,2022,MASTER_EQ
P021414,2022,VOC_POSTSEC
P034644,2022,BACHELOR_EQ
P017749,2022,DOCTORATE
P045101,2022,NONE_LOW
P029683,2022,VOC_POSTSEC
P008933,2022,BACHELOR_EQ
P020611,2022,VOC_POSTSEC
P019067,2022,VOC_POSTSEC
P042876,2022,BACHELOR_EQ
P019060,2022,VOC_POSTSEC
,2022,SCHOOL
P032996,2022,VOC_POSTSEC
P009497,2022,VOC_POSTSEC
P007184,2022,SCHOOL
P019373,2022,VOC_POSTSEC
P039012,2022,SCHOOL
P012417,2022,SCHOOL
P045579,2022,VOC_POSTSEC
P012487,2022,SCHOOL
P030861,2022,MASTER_EQ
P008490,2022,NONE_LOW
P024484,2022,
P009374,2022,VOC_POSTSEC
P007823,2022,SCHOOL
P042907,2022,
P003215,2022,SCHOOL
P042313,2022,VOC_POSTSEC
P007262,2022,VOC_POSTSEC
P003471,2022,NONE_LOW
P040280,2022,VOC_POSTSEC
P014941,2022,SCHOOL
P027073,2022,BACHELOR_EQ
P043467,2022,SCHOOL
P016468,2022,VOC_POSTSEC
P019843,2022,VOC_POSTSEC
P039477,2022,VOC_POSTSEC
P046616,2022,BACHELOR_EQ
P024783,2022,VOC_POSTSEC
P049136,2022,BACHELOR_EQ
P041999,2022,SCHOOL
P006032,2022,SCHOOL
P046257,2022,VOC_POSTSEC
P013321,2022,VOC_POSTSEC
P005006,2022,VOC_POSTSEC
P031704,2022,SCHOOL
P005539,2022,VOC_POSTSEC
P020060,2022,BACHELOR_EQ
P017260,2022,VOC_POSTSEC
P037041,2022,VOC_POSTSEC
P044908,2022,VOC_POSTSEC
P029505,2022,NONE_LOW
P001819,2022,VOC_POSTSEC
P040062,2022,VOC_POSTSEC
P048983,2022,BACHELOR_EQ
P024242,2022,SCHOOL
P017952,2022,SCHOOL
P012987,2022,SCHOOL
P010280,2022,VOC_POSTSEC
P014879,2022,MASTER_EQ
P021520,2022,SCHOOL
P029972,2022,VOC_POSTSEC
P040827,2022,VOC_POSTSEC
P036858,2022,VOC_POSTSEC
P034189,2022,BACHELOR_EQ
P038681,2022,BACHELOR_EQ
P017414,2022,
P001204,2022,VOC_POSTSEC
P030553,2022,BACHELOR_EQ
P002353,2022,SCHOOL
P032318,2022,VOC_POSTSEC
P048321,2022,SCHOOL
P017140,2022,SCHOOL
P030961,2022,NONE_LOW
P034906,2022,NONE_LOW
P022929,2022,VOC_POSTSEC
P021542,2022,NONE_LOW
P045207,2022,SCHOOL
P022246,2022,SCHOOL
P013212,2022,MASTER_EQ
P030753,2022,VOC_POSTSEC
P021558,2022,BACHELOR_EQ
P019364,2022,VOC_POSTSEC
P020178,2022,VOC_POSTSEC
P026538,2022,SCHOOL
P004099,2022,VOC_POSTSEC
P026974,2022,BACHELOR_EQ
P047778,2022,VOC_POSTSEC
P045107,2022,SCHOOL
P008118,2022,BACHELOR_EQ
P032152,2022,SCHOOL
P004031,2022,VOC_POSTSEC
P017472,2022,SCHOOL
P013597,2022,NONE_LOW
P034957,2022,VOC_POSTSEC
P014064,2022,NONE_LOW
P045447,2022,VOC_POSTSEC
P004609,2022,NONE_LOW
P024460,2022,MASTER_EQ
P013668,2022,SCHOOL
P049248,2022,DOCTORATE
P012128,2022,VOC_POSTSEC
P017119,2022,VOC_POSTSEC
P046596,2022,VOC_POSTSEC
P036087,2022,SCHOOL
P026918,2022,NONE_LOW
P015093,2022,SCHOOL
P032788,2022,MASTER_EQ
P039430,2022,NONE_LOW
P045178,2022,VOC_POSTSEC
P014075,2022,SCHOOL
P044954,2022,NONE_LOW
P030300,2022,VOC_POSTSEC
P015601,2022,NONE_LOW
P029215,2022,VOC_POSTSEC
P029383,2022,VOC_POSTSEC
P042655,2022,MASTER_EQ
P004916,2022,VOC_POSTSEC
P045161,2022,VOC_POSTSEC
P022268,2022,VOC_POSTSEC
P029806,2022,MASTER_EQ
P032202,2022,MASTER_EQ
P031655,2022,MASTER_EQ
P025631,2022,NONE_LOW
P033215,2022,BACHELOR_EQ
P010284,2022,VOC_POSTSEC
P017810,2022,BACHELOR_EQ
P039014,2022,VOC_POSTSEC
P047294,2022,BACHELOR_EQ
P038786,2022,SCHOOL
P044955,2022,VOC_POSTSEC
P042540,2022,NONE_LOW
P019189,2022,SCHOOL
P043252,2022,NONE_LOW
P032902,2022,SCHOOL
P034801,2022,VOC_POSTSEC
P026802,2022,SCHOOL
P005972,2022,BACHELOR_EQ
P040065,2022,VOC_POSTSEC
P022295,2022,BACHELOR_EQ
P043861,2022,VOC_POSTSEC
P020895,2022,MASTER_EQ
P032897,2022,DOCTORATE
P045040,2022,VOC_POSTSEC
P043689,2022,VOC_POSTSEC
P000962,2022,DOCTORATE
P039630,2022,DOCTORATE
P006495,2022,SCHOOL
P027175,2022,VOC_POSTSEC
P003361,2022,BACHELOR_EQ
P035284,2022,SCHOOL
P042283,2022,VOC_POSTSEC
P029709,2022,SCHOOL
P026253,2022,BACHELOR_EQ
P028321,2022,SCHOOL
P010549,2022,VOC_POSTSEC
P037593,2022,BACHELOR_EQ
P008903,2022,NONE_LOW
P031342,2022,BACHELOR_EQ
P045053,2022,VOC_POSTSEC
P013327,2022,SCHOOL
P045661,2022,VOC_POSTSEC
P008020,2022,VOC_POSTSEC
P046375,2022,VOC_POSTSEC
P043496,2022,VOC_POSTSEC
P039619,2022,DOCTORATE
P027563,2022,VOC_POSTSEC
P008552,2022,VOC_POSTSEC
P038892,2022,VOC_POSTSEC
P046159,2022,BACHELOR_EQ
P041145,2022,VOC_POSTSEC
P029470,2022,SCHOOL
P023146,2022,SCHOOL
P036723,2022,NONE_LOW
P024397,2022,SCHOOL
P017758,2022,VOC_POSTSEC
P025519,2022,VOC_POSTSEC
P041681,2022,VOC_POSTSEC
P045085,2022,SCHOOL
P019958,2022,VOC_POSTSEC
P006976,2022,VOC_POSTSEC
P029809,2022,SCHOOL
P025637,2022,VOC_POSTSEC
P044753,2022,VOC_POSTSEC
P040234,2022,SCHOOL
P029496,2022,BACHELOR_EQ
P044766,2022,SCHOOL
P033960,2022,VOC_POSTSEC
P004930,2022,BACHELOR_EQ
P021895,2022,BACHELOR_EQ
P049232,2022,SCHOOL
P017904,2022,VOC_POSTSEC
P046853,2022,VOC_POSTSEC
P045755,2022,VOC_POSTSEC
P011752,2022,VOC_POSTSEC
P038111,2022,VOC_POSTSEC
P026863,2022,VOC_POSTSEC
P009143,2022,VOC_POSTSEC
P011760,2022,BACHELOR_EQ
P004775,2022,MASTER_EQ
P044946,2022,VOC_POSTSEC
P039135,2022,VOC_POSTSEC
P040900,2022,VOC_POSTSEC
P003907,2022,VOC_POSTSEC
P042580,2022,VOC_POSTSEC
P001730,2022,MASTER_EQ
P048831,2022,SCHOOL
P000432,2022,SCHOOL
P027965,2022,BACHELOR_EQ
P019327,2022,BACHELOR_EQ
P012765,2022,VOC_POSTSEC
P038874,2022,SCHOOL
P041314,2022,VOC_POSTSEC
P025507,2022,DOCTORATE
P021613,2022,SCHOOL
P048765,2022,VOC_POSTSEC
P026034,2022,VOC_POSTSEC
P010657,2022,BACHELOR_EQ
P002283,2022,VOC_POSTSEC
P042861,2022,VOC_POSTSEC
P012695,2022,SCHOOL
P017546,2022,SCHOOL
P029138,2022,VOC_POSTSEC
P049148,2021,BACHELOR_EQ
P008101,2022,MASTER_EQ
P004690,2022,SCHOOL
P018465,2022,VOC_POSTSEC
P039426,2022,VOC_POSTSEC
P001505,2022,VOC_POSTSEC
P002826,2022,SCHOOL
P018698,2022,NONE_LOW
P029499,2022,VOC_POSTSEC
P039958,2022,SCHOOL
P019613,2022,SCHOOL
P013999,2022,VOC_POSTSEC
P044803,2022,SCHOOL
P015652,2022,BACHELOR_EQ
P020860,2022,VOC_POSTSEC
P016536,2022,BACHELOR_EQ
P034297,2022,BACHELOR_EQ
P001610,2022,SCHOOL
P041328,2022,SCHOOL
P008197,2022,NONE_LOW
P002276,2022,SCHOOL
P004134,2022,BACHELOR_EQ
P048192,2022,SCHOOL
P001660,2022,SCHOOL
P019237,2022,VOC_POSTSEC
P043149,2022,MASTER_EQ
P023714,2022,VOC_POSTSEC
P011777,2022,SCHOOL
P015539,2022,SCHOOL
P020394,2022,VOC_POSTSEC
P029560,2022,SCHOOL
P010322,2022,DOCTORATE
P008642,2022,BACHELOR_EQ
P027334,2022,SCHOOL
P003899,2022,NONE_LOW
P018366,2022,NONE_LOW
P031943,2022,VOC_POSTSEC
P025220,2022,SCHOOL
P033262,2022,DOCTORATE
P032297,2022,VOC_POSTSEC
P009912,2022,BACHELOR_EQ
P018268,2022,SCHOOL
P012633,2022,SCHOOL
P030159,2022,VOC_POSTSEC
P042615,2022,BACHELOR_EQ
P011273,2022,MASTER_EQ
P032674,2022,NONE_LOW
P021897,2022,VOC_POSTSEC
P018879,2022,SCHOOL
P012706,2022,VOC_POSTSEC
P021196,2022,VOC_POSTSEC
P030930,2022,SCHOOL
P002932,2022,BACHELOR_EQ
P049364,2022,VOC_POSTSEC
P048989,2022,VOC_POSTSEC
P049595,2022,BACHELOR_EQ
P022907,2022,NONE_LOW
P046388,2022,SCHOOL
P039733,2022,NONE_LOW
P033575,2022,
P001444,2022,VOC_POSTSEC
P028214,2022,BACHELOR_EQ
P017892,2022,VOC_POSTSEC
P004950,2022,BACHELOR_EQ
P029278,2022,SCHOOL
P021543,2022,MASTER_EQ
P016473,2022,SCHOOL
P016263,2022,VOC_POSTSEC
P014254,2022,SCHOOL
P044898,2022,VOC_POSTSEC
P014218,2022,VOC_POSTSEC
P033991,2022,VOC_POSTSEC
P030995,2022,VOC_POSTSEC
P024944,2022,BACHELOR_EQ
P047712,2022,VOC_POSTSEC
P020626,2022,MASTER_EQ
P048361,2022,SCHOOL
P034314,2022,BACHELOR_EQ
P024393,2022,VOC_POSTSEC
P022956,2022,VOC_POSTSEC
P024167,2022,SCHOOL
P034018,2022,VOC_POSTSEC
P012077,2022,VOC_POSTSEC
P041719,2022,SCHOOL
P045756,2022,VOC_POSTSEC
P000299,2022,VOC_POSTSEC
P001786,2022,VOC_POSTSEC
P000119,2022,DOCTORATE
P018154,2022,SCHOOL
P024503,2022,VOC_POSTSEC
P027420,2022,VOC_POSTSEC
P022632,2022,NONE_LOW
P029309,2022,BACHELOR_EQ
P046240,2022,NONE_LOW
P046670,2022,BACHELOR_EQ
P005378,2022,VOC_POSTSEC
P023682,2022,MASTER_EQ
P044170,2022,VOC_POSTSEC
P029241,2022,SCHOOL
P008780,2022,VOC_POSTSEC
P021545,2022,NONE_LOW
P035798,2022,NONE_LOW
P015954,2022,NONE_LOW
P027214,2022,NONE_LOW
P023649,2022,BACHELOR_EQ
P010242,2022,BACHELOR_EQ
P046037,2022,VOC_POSTSEC
P020706,2022,VOC_POSTSEC
P030734,2022,VOC_POSTSEC
P001306,2022,VOC_POSTSEC
P034790,2022,SCHOOL
P043016,2022,BACHELOR_EQ
P000285,2022,BACHELOR_EQ
P038767,2022,SCHOOL
P036421,2022,NONE_LOW
P040484,2022,SCHOOL
P044786,2022,VOC_POSTSEC
P019551,2022,SCHOOL
P016090,2022,VOC_POSTSEC
P033310,2022,VOC_POSTSEC
P008298,2022,NONE_LOW
P017538,2022,MASTER_EQ
P006102,2022,NONE_LOW
P040532,2022,VOC_POSTSEC
P002610,2022,VOC_POSTSEC
P024206,2022,BACHELOR_EQ
P015347,2022,SCHOOL
P046962,2022,SCHOOL
P017548,2022,DOCTORATE
P003080,2022,BACHELOR_EQ
P000744,2022,VOC_POSTSEC
P021517,2022,VOC_POSTSEC
P040914,2022,VOC_POSTSEC
P000437,2022,VOC_POSTSEC
P009278,2022,VOC_POSTSEC
P026681,2022,SCHOOL
P006089,2022,VOC_POSTSEC
P023254,2022,SCHOOL
P031318,2022,BACHELOR_EQ
P049043,2022,VOC_POSTSEC
P014804,2022,DOCTORATE
P048857,2022,VOC_POSTSEC
P005893,2022,SCHOOL
P008375,2022,VOC_POSTSEC
P019569,2022,VOC_POSTSEC
P018133,2022,BACHELOR_EQ
P008678,2022,BACHELOR_EQ
P002334,2022,VOC_POSTSEC
P039825,2022,VOC_POSTSEC
P019807,2022,VOC_POSTSEC
P009866,2022,SCHOOL
P030696,2022,VOC_POSTSEC
P029205,2022,BACHELOR_EQ
P032232,2022,SCHOOL
P043729,2022,NONE_LOW
P002933,2022,SCHOOL
P042161,2022,BACHELOR_EQ
P026732,2022,NONE_LOW
P018114,2021,VOC_POSTSEC
P009621,2022,
P014595,2022,NONE_LOW
P000462,2022,VOC_POSTSEC
P019444,2022,VOC_POSTSEC
P030662,2022,SCHOOL
P026472,2022,VOC_POSTSEC
P041454,2022,BACHELOR_EQ
P031808,2022,VOC_POSTSEC
P029449,2022,SCHOOL
P003692,2022,VOC_POSTSEC
P032359,2022,VOC_POSTSEC
P034251,2022,VOC_POSTSEC
P044496,2022,MASTER_EQ
P027970,2022,VOC_POSTSEC
P048222,2022,SCHOOL
P023585,2022,SCHOOL
P047718,2022,NONE_LOW
P012144,2022,SCHOOL
P004806,2022,BACHELOR_EQ
P016591,2022,VOC_POSTSEC
P024033,2022,VOC_POSTSEC
P017644,2022,VOC_POSTSEC
P031111,2022,VOC_POSTSEC
P034109,2022,SCHOOL
P029584,2022,MASTER_EQ
P039797,2022,SCHOOL
P019511,2022,SCHOOL
P009529,2022,VOC_POSTSEC
P044976,2022,VOC_POSTSEC
P024998,2022,VOC_POSTSEC
P009645,2022,SCHOOL
P033306,2022,VOC_POSTSEC
P004933,2022,MASTER_EQ
P033718,2022,VOC_POSTSEC
P042479,2022,VOC_POSTSEC
P029672,2022,BACHELOR_EQ
P009175,2022,SCHOOL
P045011,2022,SCHOOL
P033071,2022,NONE_LOW
P044948,2022,VOC_POSTSEC
P049211,2022,SCHOOL
P005708,2022,VOC_POSTSEC
P044183,2022,SCHOOL
P030343,2022,NONE_LOW
P002985,2022,
P006558,2022,VOC_POSTSEC
P039788,2022,VOC_POSTSEC
P026471,2022,VOC_POSTSEC
P019414,2022,SCHOOL
P031887,2022,BACHELOR_EQ
P003119,2022,VOC_POSTSEC
P027685,2022,DOCTORATE
P028672,2022,BACHELOR_EQ
P022242,2022,MASTER_EQ
P028497,2022,SCHOOL
P012427,2022,VOC_POSTSEC
P000239,2022,SCHOOL
P003012,2022,VOC_POSTSEC
P031405,2022,BACHELOR_EQ
P029213,2022,VOC_POSTSEC
P017065,2022,DOCTORATE
P011633,2022,VOC_POSTSEC
P047609,2022,VOC_POSTSEC
P003070,2022,SCHOOL
P026209,2022,VOC_POSTSEC
P004145,2022,BACHELOR_EQ
P013629,2022,MASTER_EQ
P005561,2022,SCHOOL
P043596,2022,SCHOOL
P036696,2022,DOCTORATE
P049072,2022,VOC_POSTSEC
P044593,2022,MASTER_EQ
P036835,2022,BACHELOR_EQ
P035590,2022,SCHOOL
P015638,2022,BACHELOR_EQ
P023565,2022,BACHELOR_EQ
P017748,2022,DOCTORATE
P002104,2022,NONE_LOW
P042042,2022,NONE_LOW
P018092,2022,VOC_POSTSEC
P040390,2022,SCHOOL
P020074,2022,VOC_POSTSEC
P005262,2022,SCHOOL
P014789,2022,SCHOOL
P023752,2022,BACHELOR_EQ
P007752,2022,NONE_LOW
P047119,2022,NONE_LOW
P018765,2022,SCHOOL
P032773,2022,SCHOOL
P005119,2022,BACHELOR_EQ
P005431,2022,SCHOOL
P027204,2022,VOC_POSTSEC
P041151,2022,VOC_POSTSEC
P021407,2022,VOC_POSTSEC
P022152,2022,BACHELOR_EQ
P002157,2022,VOC_POSTSEC
P021075,2022,SCHOOL
P038470,2022,BACHELOR_EQ
P022449,2022,BACHELOR_EQ
P001905,2022,VOC_POSTSEC
P001620,2022,BACHELOR_EQ
P040353,2022,DOCTORATE
P041680,2022,SCHOOL
P002323,2022,SCHOOL
P004239,2022,VOC_POSTSEC
P016333,2022,BACHELOR_EQ
P022620,2022,SCHOOL
P046817,2022,VOC_POSTSEC
P010527,2022,VOC_POSTSEC
P033633,2022,BACHELOR_EQ
P009642,2022,NONE_LOW
P019679,2022,NONE_LOW
P035913,2022,VOC_POSTSEC
P019214,2022,VOC_POSTSEC
P027744,2022,SCHOOL
P038609,2022,SCHOOL
P046366,2022,BACHELOR_EQ
P024168,2022,VOC_POSTSEC
P012151,2022,SCHOOL
P032426,2022,MASTER_EQ
P020764,2022,SCHOOL
P015598,2022,MASTER_EQ
P015967,2022,MASTER_EQ
P041047,2022,SCHOOL
P004360,2022,BACHELOR_EQ
P037423,2022,MASTER_EQ
P035812,2022,VOC_POSTSEC
P000716,2022,SCHOOL
P010130,2022,MASTER_EQ
P010232,2022,SCHOOL
P014690,2022,SCHOOL
P046181,2022,SCHOOL
P020969,2022,BACHELOR_EQ
P036155,2022,SCHOOL
P033977,2022,BACHELOR_EQ
P043142,2022,MASTER_EQ
P010878,2022,MASTER_EQ
P030294,2022,BACHELOR_EQ
P036573,2022,VOC_POSTSEC
P040429,2022,BACHELOR_EQ
P039997,2022,DOCTORATE
P042488,2022,UNKNOWN_CODE
P029586,2022,VOC_POSTSEC
P024044,2022,MASTER_EQ
P012906,2022,VOC_POSTSEC
P037106,2022,BACHELOR_EQ
P032972,2022,SCHOOL
P009281,2022,SCHOOL
P003781,2022,VOC_POSTSEC
P027645,2022,NONE_LOW
P003500,2022,SCHOOL
P022191,2022,BACHELOR_EQ
P043303,2022,VOC_POSTSEC
P035370,2022,VOC_POSTSEC
P042520,2022,VOC_POSTSEC
P042645,2022,VOC_POSTSEC
P035532,2022,SCHOOL
P043182,2022,VOC_POSTSEC
P015444,2022,VOC_POSTSEC
P046045,2022,BACHELOR_EQ
P044253,2022,DOCTORATE
P037845,2022,BACHELOR_EQ
P002643,2022,NONE_LOW
P010506,2022,VOC_POSTSEC
P047331,2022,MASTER_EQ
P043228,2022,BACHELOR_EQ
P010141,2022,NONE_LOW
P018506,2022,BACHELOR_EQ
P012581,2022,BACHELOR_EQ
P029081,2022,MASTER_EQ
P009413,2022,SCHOOL
P008842,2022,VOC_POSTSEC
P009772,2022,VOC_POSTSEC
P046221,2022,NONE_LOW
P000365,2022,SCHOOL
P027900,2022,SCHOOL
P049048,2022,NONE_LOW
P005697,2022,SCHOOL
P022765,2022,SCHOOL
P000815,2022,VOC_POSTSEC
P018960,2022,BACHELOR_EQ
P048289,2022,VOC_POSTSEC
P025363,2022,BACHELOR_EQ
P007489,2022,SCHOOL
P046104,2022,VOC_POSTSEC
P039328,2022,
P017591,2022,SCHOOL
P024073,2022,SCHOOL
P040858,2022,VOC_POSTSEC
P009872,2022,VOC_POSTSEC
P046510,2022,VOC_POSTSEC
P030712,2022,BACHELOR_EQ
P028684,2022,BACHELOR_EQ
P015146,2022,SCHOOL
P001683,2022,MASTER_EQ
P033852,2022,SCHOOL
P019076,2022,MASTER_EQ
P029005,2022,VOC_POSTSEC
P039864,2022,SCHOOL
P019937,2022,SCHOOL
P023963,2022,SCHOOL
P021498,2022,VOC_POSTSEC
P046893,2022,VOC_POSTSEC
P023700,2022,VOC_POSTSEC
P025966,2022,VOC_POSTSEC
P008871,2022,SCHOOL
P003241,2022,SCHOOL
P038494,2022,SCHOOL
P029878,2022,VOC_POSTSEC
P027408,2022,SCHOOL
P022690,2022,VOC_POSTSEC
P000107,2022,SCHOOL
P034932,2022,BACHELOR_EQ
P031900,2022,BACHELOR_EQ
P029465,2022,MASTER_EQ
P002390,2022,VOC_POSTSEC
P034584,2022,BACHELOR_EQ
P046327,2022,MASTER_EQ
P004426,2022,VOC_POSTSEC
P009421,2022,DOCTORATE
P034374,2022,SCHOOL
P029065,2022,VOC_POSTSEC
P026403,2022,NONE_LOW
P009780,2022,VOC_POSTSEC
P006813,2022,NONE_LOW
P023615,2022,BACHELOR_EQ
P009363,2022,SCHOOL
P000104,2022,SCHOOL
P046387,2022,VOC_POSTSEC
P014625,2022,BACHELOR_EQ
P048124,2022,DOCTORATE
P011562,2022,VOC_POSTSEC
P003753,2022,SCHOOL
P040932,2022,SCHOOL
P040222,2022,SCHOOL
P025549,2022,VOC_POSTSEC
P001421,2022,VOC_POSTSEC
P023916,2022,VOC_POSTSEC
P039531,2022,SCHOOL
P042838,2022,VOC_POSTSEC
P016168,2022,VOC_POSTSEC
P014501,2022,VOC_POSTSEC
P045361,2022,BACHELOR_EQ
P001826,2022,BACHELOR_EQ
P000271,2022,MASTER_EQ
P025559,2022,MASTER_EQ
P034834,2022,VOC_POSTSEC
P024497,2022,SCHOOL
P021846,2022,VOC_POSTSEC
P016947,2022,SCHOOL
P001866,2022,NONE_LOW
P016101,2022,SCHOOL
P046902,2022,NONE_LOW
P003855,2022,MASTER_EQ
P048646,2022,NONE_LOW
P017035,2022,SCHOOL
P024076,2022,SCHOOL
P002340,2022,UNKNOWN_CODE
P010696,2022,VOC_POSTSEC
P013082,2022,VOC_POSTSEC
P014707,2022,NONE_LOW
P036003,2022,BACHELOR_EQ
P003727,2022,VOC_POSTSEC
P036004,2022,VOC_POSTSEC
P039054,2022,MASTER_EQ
P038004,2022,BACHELOR_EQ
P049217,2022,SCHOOL
P013493,2022,NONE_LOW
P026357,2022,VOC_POSTSEC
P022389,2022,VOC_POSTSEC
P037187,2022,BACHELOR_EQ
P031493,2022,VOC_POSTSEC
P043593,2022,VOC_POSTSEC
P020054,2022,SCHOOL
P039670,2022,NONE_LOW
P019624,2022,SCHOOL
P040201,2022,SCHOOL
P045090,2022,SCHOOL
P017911,2022,SCHOOL
P007056,2022,SCHOOL
P024181,2022,NONE_LOW
P041547,2022,SCHOOL
P004483,2022,VOC_POSTSEC
P008456,2022,VOC_POSTSEC
P003450,2022,VOC_POSTSEC
P034555,2022,SCHOOL
P013283,2022,VOC_POSTSEC
P042406,2022,VOC_POSTSEC
P030503,2022,VOC_POSTSEC
P016491,2022,VOC_POSTSEC
P049171,2022,VOC_POSTSEC
P008400,2022,MASTER_EQ
P001310,2022,SCHOOL
P018521,2022,BACHELOR_EQ
P027569,2022,SCHOOL
P005799,2022,BACHELOR_EQ
P030552,2022,MASTER_EQ
P010234,2022,SCHOOL
P026504,2022,VOC_POSTSEC
P028651,2022,VOC_POSTSEC
P021634,2022,VOC_POSTSEC
P044813,2022,VOC_POSTSEC
P005177,2022,SCHOOL
P032748,2022,VOC_POSTSEC
P031013,2022,BACHELOR_EQ
P025094,2022,
P000525,2022,NONE_LOW
P035887,2022,VOC_POSTSEC
P003317,2022,VOC_POSTSEC
P021808,2022,VOC_POSTSEC
P033343,2022,BACHELOR_EQ
P023309,2022,BACHELOR_EQ
P007343,2022,BACHELOR_EQ
P047082,2022,VOC_POSTSEC
P043516,2022,VOC_POSTSEC
P029448,2022,VOC_POSTSEC
P035353,2022,VOC_POSTSEC
P040612,2022,BACHELOR_EQ
P017495,2022,NONE_LOW
P018872,2022,VOC_POSTSEC
P042670,2022,NONE_LOW
P026037,2022,SCHOOL
P048996,2022,VOC_POSTSEC
P001571,2022,VOC_POSTSEC
P029463,2022,NONE_LOW
P005919,2022,VOC_POSTSEC
P003180,2022,MASTER_EQ
P040571,2022,NONE_LOW
P027003,2022,VOC_POSTSEC
P034578,2022,BACHELOR_EQ
P035850,2022,VOC_POSTSEC
P024683,2022,MASTER_EQ
P007376,2022,SCHOOL
P005419,2022,VOC_POSTSEC
P000784,2022,SCHOOL
P020348,2022,NONE_LOW
P012394,2022,VOC_POSTSEC
P048551,2022,VOC_POSTSEC
P004158,2022,VOC_POSTSEC
P002213,2022,SCHOOL
P048357,2022,SCHOOL
P017605,2022,BACHELOR_EQ
P039130,2022,MASTER_EQ
P021932,2022,VOC_POSTSEC
P028849,2022,VOC_POSTSEC
P044349,2022,SCHOOL
P037577,2022,
P018689,2022,SCHOOL
P002526,2022,SCHOOL
P027253,2022,BACHELOR_EQ
P020696,2022,NONE_LOW
P045548,2022,VOC_POSTSEC
P034911,2022,BACHELOR_EQ
P031597,2022,BACHELOR_EQ
P029661,2022,SCHOOL
P042158,2022,BACHELOR_EQ
P046484,2022,BACHELOR_EQ
P031678,2022,BACHELOR_EQ
P016547,2022,BACHELOR_EQ
P025781,2022,SCHOOL
P001886,2022,MASTER_EQ
P027306,2022,SCHOOL
P015878,2022,SCHOOL
P008496,2022,BACHELOR_EQ
P048311,2022,VOC_POSTSEC
P039317,2022,DOCTORATE
P016879,2022,SCHOOL
P002337,2022,MASTER_EQ
P043027,2022,VOC_POSTSEC
P035281,2022,VOC_POSTSEC
P019810,2022,VOC_POSTSEC
P030256,2022,BACHELOR_EQ
P009405,2022,VOC_POSTSEC
P046740,2022,BACHELOR_EQ
P046637,2022,NONE_LOW
P028129,2022,VOC_POSTSEC
P036188,2022,SCHOOL
P038140,2022,VOC_POSTSEC
P004036,2022,VOC_POSTSEC
P048054,2022,VOC_POSTSEC
P049960,2022,MASTER_EQ
P044309,2022,NONE_LOW
P001409,2022,SCHOOL
P040894,2022,
P022928,2022,VOC_POSTSEC
P037790,2022,SCHOOL
P018928,2022,VOC_POSTSEC
P018940,2022,SCHOOL
P044224,2022,VOC_POSTSEC
P014741,2022,VOC_POSTSEC
P002205,2022,VOC_POSTSEC
P001128,2022,SCHOOL
P004565,2022,NONE_LOW
P039018,2022,SCHOOL
P025326,2022,VOC_POSTSEC
P032755,2022,VOC_POSTSEC
P002584,2022,VOC_POSTSEC
P033716,2022,MASTER_EQ
P042518,2022,SCHOOL
P013551,2022,NONE_LOW
P029893,2022,MASTER_EQ
P026233,2022,VOC_POSTSEC
P044962,2022,SCHOOL
P033689,2022,VOC_POSTSEC
P012433,2022,UNKNOWN_CODE
P041483,2022,VOC_POSTSEC
P011504,2022,NONE_LOW
P019466,2022,SCHOOL
P023096,2022,VOC_POSTSEC
P036305,2022,NONE_LOW
P008343,2022,VOC_POSTSEC
P023049,2022,VOC_POSTSEC
P037532,2022,VOC_POSTSEC
,2022,BACHELOR_EQ
P021442,2022,VOC_POSTSEC
P013548,2022,NONE_LOW
P034544,2022,VOC_POSTSEC
P038670,2022,NONE_LOW
P001280,2022,NONE_LOW
P029345,2022,SCHOOL
P042043,2022,NONE_LOW
P004939,2022,SCHOOL
P032311,2022,BACHELOR_EQ
P047415,2022,SCHOOL
P001707,2022,SCHOOL
P030517,2022,SCHOOL
P026306,2022,NONE_LOW
P037625,2022,
P011307,2022,MASTER_EQ
P000449,2022,VOC_POSTSEC
P049088,2022,VOC_POSTSEC
P001334,2022,SCHOOL
P021707,2022,VOC_POSTSEC
P014729,2022,VOC_POSTSEC
P013376,2022,VOC_POSTSEC
P043004,2022,NONE_LOW
P003086,2022,NONE_LOW
P002127,2022,BACHELOR_EQ
P013093,2022,MASTER_EQ
,2022,VOC_POSTSEC
P026706,2022,VOC_POSTSEC
P013291,2022,BACHELOR_EQ
P040038,2022,SCHOOL
P007893,2022,SCHOOL
P044545,2022,SCHOOL
P036776,2022,BACHELOR_EQ
P018131,2022,MASTER_EQ
P025011,2022,SCHOOL
P024370,2022,SCHOOL
P048070,2022,SCHOOL
P006170,2022,VOC_POSTSEC
P043345,2022,MASTER_EQ
P036946,2022,VOC_POSTSEC
P009972,2022,NONE_LOW
P042996,2022,NONE_LOW
P020176,2022,SCHOOL
P027509,2022,SCHOOL
P046856,2022,VOC_POSTSEC
P022210,2022,VOC_POSTSEC
P022343,2022,VOC_POSTSEC
P008384,2022,NONE_LOW
P013299,2022,SCHOOL
P010133,2022,BACHELOR_EQ
P031066,2022,DOCTORATE
P045706,2022,SCHOOL
P029204,2022,DOCTORATE
P023242,2022,SCHOOL
P020281,2022,SCHOOL
P030373,2022,SCHOOL
P038346,2022,SCHOOL
P009854,2022,VOC_POSTSEC
P024030,2022,VOC_POSTSEC
P021743,2022,VOC_POSTSEC
P016445,2022,MASTER_EQ
P013557,2022,SCHOOL
P040354,2022,VOC_POSTSEC
P045484,2022,BACHELOR_EQ
P041709,2022,VOC_POSTSEC
P021760,2022,BACHELOR_EQ
P026053,2022,BACHELOR_EQ
P034567,2022,BACHELOR_EQ
P045451,2022,MASTER_EQ
P046376,2022,NONE_LOW
P033982,2022,BACHELOR_EQ
P000250,2022,VOC_POSTSEC
P011019,2022,SCHOOL
P025158,2022,VOC_POSTSEC
P021048,2022,DOCTORATE
P000760,2022,VOC_POSTSEC
P020355,2022,BACHELOR_EQ
P025469,2022,SCHOOL
P046491,2022,BACHELOR_EQ
P001579,2022,VOC_POSTSEC
P038188,2022,BACHELOR_EQ
P019211,2022,BACHELOR_EQ
P010758,2022,SCHOOL
P013377,2022,VOC_POSTSEC
P016980,2022,VOC_POSTSEC
P023877,2022,MASTER_EQ
P046249,2022,VOC_POSTSEC
P023408,2022,SCHOOL
P026319,2022,SCHOOL
P019417,2022,VOC_POSTSEC
P010614,2022,MASTER_EQ
P006086,2022,NONE_LOW
P044636,2022,VOC_POSTSEC
P004855,2022,VOC_POSTSEC
P010638,2022,VOC_POSTSEC
P014143,2022,VOC_POSTSEC
P013649,2022,VOC_POSTSEC
P026006,2022,VOC_POSTSEC
P003935,2022,NONE_LOW
P025025,2022,BACHELOR_EQ
P012886,2022,BACHELOR_EQ
P046640,2022,SCHOOL
P040196,2022,SCHOOL
P035907,2022,NONE_LOW
P000204,2022,VOC_POSTSEC
P013731,2022,SCHOOL
P048995,2022,SCHOOL
P026120,2022,SCHOOL
P000640,2022,BACHELOR_EQ
P042099,2022,VOC_POSTSEC
P025804,2022,BACHELOR_EQ
P026573,2022,SCHOOL
P025437,2022,MASTER_EQ
P037124,2022,VOC_POSTSEC
P028756,2022,VOC_POSTSEC
P033974,2022,VOC_POSTSEC
P045372,2022,BACHELOR_EQ
P004448,2022,BACHELOR_EQ
P020934,2022,VOC_POSTSEC
P008055,2022,BACHELOR_EQ
P022058,2022,VOC_POSTSEC
P048141,2022,SCHOOL
P003664,2022,VOC_POSTSEC
P038428,2022,VOC_POSTSEC
P018433,2022,BACHELOR_EQ
P009009,2022,NONE_LOW
P030398,2022,BACHELOR_EQ
P003951,2022,NONE_LOW
P039505,2022,VOC_POSTSEC
P047333,2022,VOC_POSTSEC
P016719,2022,VOC_POSTSEC
P013626,2022,NONE_LOW
P043977,2022,VOC_POSTSEC
P040398,2022,SCHOOL
P049844,2022,VOC_POSTSEC
P005427,2022,BACHELOR_EQ
P031353,2022,VOC_POSTSEC
P023592,2022,SCHOOL
P020770,2022,DOCTORATE
P021917,2022,SCHOOL
P042566,2022,VOC_POSTSEC
P045511,2022,NONE_LOW
P044781,2022,VOC_POSTSEC
P012371,2022,VOC_POSTSEC
P002707,2022,VOC_POSTSEC
P006697,2022,SCHOOL
P026609,2022,SCHOOL
P034704,2022,VOC_POSTSEC
P035974,2022,DOCTORATE
P046987,2022,BACHELOR_EQ
P046358,2022,SCHOOL
P014298,2022,VOC_POSTSEC
P038416,2022,BACHELOR_EQ
P043078,2022,SCHOOL
P037281,2022,SCHOOL
P000657,2022,VOC_POSTSEC
P016857,2022,SCHOOL
P019655,2022,NONE_LOW
P018103,2022,VOC_POSTSEC
P035374,2022,SCHOOL
P029605,2022,BACHELOR_EQ
P010243,2022,SCHOOL
P009519,2022,BACHELOR_EQ
P047240,2022,MASTER_EQ
P021591,2022,VOC_POSTSEC
P013057,2022,SCHOOL
P027120,2022,NONE_LOW
P026999,2022,BACHELOR_EQ
P008531,2022,VOC_POSTSEC
P040035,2022,VOC_POSTSEC
P045280,2022,SCHOOL
P045866,2022,VOC_POSTSEC
P037272,2022,MASTER_EQ
P034226,2022,DOCTORATE
P026135,2022,VOC_POSTSEC
P040068,2022,VOC_POSTSEC
P042307,2022,VOC_POSTSEC
P041559,2022,SCHOOL
P038996,2022,SCHOOL
P011064,2022,MASTER_EQ
P005102,2022,VOC_POSTSEC
P020817,2022,NONE_LOW
P037956,2022,BACHELOR_EQ
P036269,2022,VOC_POSTSEC
P000803,2022,VOC_POSTSEC
P008703,2022,SCHOOL
P034191,2022,MASTER_EQ
P019984,2022,VOC_POSTSEC
P034711,2022,BACHELOR_EQ
P025287,2022,VOC_POSTSEC
P022185,2022,BACHELOR_EQ
P023145,2022,VOC_POSTSEC
P009090,2022,UNKNOWN_CODE
P044271,2022,MASTER_EQ
P032959,2022,MASTER_EQ
P006260,2022,VOC_POSTSEC
P000354,2022,BACHELOR_EQ
P040905,2022,VOC_POSTSEC
P001106,2022,NONE_LOW
P009372,2022,VOC_POSTSEC
P014755,2022,VOC_POSTSEC
P043872,2022,BACHELOR_EQ
P043253,2022,SCHOOL
P016752,2022,BACHELOR_EQ
P031216,2022,VOC_POSTSEC
P036288,2022,VOC_POSTSEC
P012273,2022,VOC_POSTSEC
P017643,2022,VOC_POSTSEC
P013896,2022,SCHOOL
P041167,2022,NONE_LOW
P044844,2022,BACHELOR_EQ
P040440,2022,VOC_POSTSEC
P019726,2022,BACHELOR_EQ
P024112,2022,NONE_LOW
P001989,2022,SCHOOL
P011467,2022,BACHELOR_EQ
P005737,2022,MASTER_EQ
P007867,2022,SCHOOL
P032588,2022,VOC_POSTSEC
P025355,2022,MASTER_EQ
P031770,2022,VOC_POSTSEC
P028248,2022,UNKNOWN_CODE
P044672,2022,SCHOOL
P008919,2022,VOC_POSTSEC
P009508,2022,VOC_POSTSEC
P039863,2022,VOC_POSTSEC
P002683,2022,VOC_POSTSEC
P003713,2022,VOC_POSTSEC
P041946,2022,BACHELOR_EQ
P017418,2022,VOC_POSTSEC
P034162,2022,BACHELOR_EQ
P048593,2022,VOC_POSTSEC
P032563,2022,BACHELOR_EQ
P034716,2022,VOC_POSTSEC
P005535,2022,VOC_POSTSEC
P017504,2022,SCHOOL
P027038,2022,VOC_POSTSEC
P019612,2022,VOC_POSTSEC
P025336,2022,VOC_POSTSEC
P033292,2022,BACHELOR_EQ
P001024,2022,BACHELOR_EQ
P046721,2022,SCHOOL
P046493,2022,VOC_POSTSEC
P027866,2022,VOC_POSTSEC
P041759,2022,NONE_LOW
P014575,2022,VOC_POSTSEC
P000935,2022,SCHOOL
P009072,2022,BACHELOR_EQ
P037292,2022,NONE_LOW
P037242,2022,SCHOOL
P020509,2022,VOC_POSTSEC
P028153,2022,SCHOOL
P000921,2022,VOC_POSTSEC
P029868,2022,VOC_POSTSEC
P010230,2022,VOC_POSTSEC
P029384,2022,VOC_POSTSEC
P034510,2022,MASTER_EQ
P007782,2022,BACHELOR_EQ
P042279,2022,BACHELOR_EQ
P018216,2022,MASTER_EQ
P039700,2022,VOC_POSTSEC
P006599,2022,SCHOOL
P025921,2022,SCHOOL
P033833,2022,NONE_LOW
P023596,2022,NONE_LOW
P015414,2022,VOC_POSTSEC
P041660,2022,BACHELOR_EQ
P046123,2022,SCHOOL
P006337,2022,VOC_POSTSEC
P019333,2022,SCHOOL
P023165,2022,SCHOOL
P033124,2022,VOC_POSTSEC
P049296,2022,SCHOOL
P049909,2022,VOC_POSTSEC
P035026,2022,SCHOOL
P007659,2022,VOC_POSTSEC
P026479,2022,SCHOOL
P033393,2022,SCHOOL
P034398,2022,NONE_LOW
P030614,2022,VOC_POSTSEC
P020906,2022,VOC_POSTSEC
P023204,2022,MASTER_EQ
P035901,2022,BACHELOR_EQ
P047992,2021,NONE_LOW
P034104,2022,VOC_POSTSEC
P028235,2022,SCHOOL
P006906,2022,VOC_POSTSEC
P037657,2022,NONE_LOW
P011334,2022,BACHELOR_EQ
P035014,2022,VOC_POSTSEC
P029495,2022,VOC_POSTSEC
P042237,2022,VOC_POSTSEC
P034089,2022,SCHOOL
P030786,2022,VOC_POSTSEC
P040500,2022,DOCTORATE
P026328,2022,BACHELOR_EQ
P020500,2022,VOC_POSTSEC
P034775,2022,BACHELOR_EQ
P019108,2022,NONE_LOW
P042363,2022,DOCTORATE
P031427,2022,VOC_POSTSEC
P028577,2022,SCHOOL
P005129,2022,VOC_POSTSEC
P045103,2022,MASTER_EQ
P004507,2022,BACHELOR_EQ
P026908,2022,VOC_POSTSEC
P011991,2022,VOC_POSTSEC
P028972,2022,VOC_POSTSEC
P039403,2022,SCHOOL
P006256,2022,BACHELOR_EQ
P013455,2022,NONE_LOW
P043245,2022,BACHELOR_EQ
P049496,2022,SCHOOL
P033630,2022,VOC_POSTSEC
P007506,2022,VOC_POSTSEC
P007253,2022,MASTER_EQ
P046920,2022,BACHELOR_EQ
P021212,2022,MASTER_EQ
P034548,2022,VOC_POSTSEC
P004957,2022,SCHOOL
P021129,2022,VOC_POSTSEC
P041287,2022,VOC_POSTSEC
P035454,2022,SCHOOL
P019244,2022,NONE_LOW
P036267,2022,SCHOOL
P012881,2022,BACHELOR_EQ
P043056,2022,SCHOOL
P043200,2022,VOC_POSTSEC
P036727,2022,NONE_LOW
P018540,2022,BACHELOR_EQ
P035010,2022,MASTER_EQ
P011108,2022,SCHOOL
P032621,2022,VOC_POSTSEC
P030929,2022,SCHOOL
P031986,2022,VOC_POSTSEC
P004925,2022,SCHOOL
P025528,2022,SCHOOL
P022691,2022,VOC_POSTSEC
P000924,2022,SCHOOL
P021152,2022,VOC_POSTSEC
P017929,2022,VOC_POSTSEC
P047295,2022,VOC_POSTSEC
P032579,2022,VOC_POSTSEC
P036128,2022,VOC_POSTSEC
P031279,2022,VOC_POSTSEC
P004813,2022,SCHOOL
P045748,2022,VOC_POSTSEC
P027295,2022,VOC_POSTSEC
P029217,2022,VOC_POSTSEC
P041988,2022,BACHELOR_EQ
P022818,2022,MASTER_EQ
P010817,2022,BACHELOR_EQ
P002736,2022,BACHELOR_EQ
P018719,2022,VOC_POSTSEC
P016810,2022,MASTER_EQ
P027517,2022,NONE_LOW
P043102,2022,SCHOOL
P037868,2022,SCHOOL
P033817,2022,NONE_LOW
P030598,2022,VOC_POSTSEC
P036964,2022,SCHOOL
P024685,2022,SCHOOL
P013503,2022,SCHOOL
P007711,2022,SCHOOL
P018587,2022,NONE_LOW
P007626,2022,VOC_POSTSEC
P004621,2022,BACHELOR_EQ
P024921,2022,VOC_POSTSEC
P036793,2022,BACHELOR_EQ
P014397,2022,NONE_LOW
P040793,2022,VOC_POSTSEC
P035333,2022,SCHOOL
P049521,2022,VOC_POSTSEC
P047354,2022,BACHELOR_EQ
P036153,2022,SCHOOL
P020493,2022,VOC_POSTSEC
P025774,2022,VOC_POSTSEC
P029609,2022,NONE_LOW
P037083,2022,SCHOOL
P038516,2022,NONE_LOW
P000809,2022,NONE_LOW
P023200,2022,VOC_POSTSEC
P031022,2022,SCHOOL
P000508,2022,VOC_POSTSEC
P029520,2022,SCHOOL
P009408,2022,VOC_POSTSEC
P036094,2022,VOC_POSTSEC
P042174,2022,VOC_POSTSEC
P005900,2022,VOC_POSTSEC
P003919,2022,BACHELOR_EQ
P005996,2022,VOC_POSTSEC
P010335,2022,VOC_POSTSEC
P018041,2022,MASTER_EQ
P002758,2022,SCHOOL
P048558,2022,VOC_POSTSEC
P029986,2022,VOC_POSTSEC
P000573,2022,VOC_POSTSEC
P020973,2022,VOC_POSTSEC
P010085,2022,SCHOOL
P013773,2022,VOC_POSTSEC
P000662,2022,SCHOOL
P027701,2022,NONE_LOW
P037304,2022,NONE_LOW
P039867,2022,BACHELOR_EQ
P008886,2022,VOC_POSTSEC
P033321,2022,VOC_POSTSEC
P017883,2022,SCHOOL
P043022,2022,BACHELOR_EQ
P030551,2022,SCHOOL
P027584,2022,VOC_POSTSEC
P012324,2022,VOC_POSTSEC
P028663,2022,SCHOOL
P001624,2022,SCHOOL
P012687,2022,VOC_POSTSEC
P019377,2022,SCHOOL
P031146,2022,SCHOOL
P000160,2022,SCHOOL
P025755,2022,SCHOOL
P016734,2022,VOC_POSTSEC
P001701,2022,MASTER_EQ
P035654,2022,VOC_POSTSEC
P020985,2022,VOC_POSTSEC
P036156,2022,VOC_POSTSEC
P005671,2022,BACHELOR_EQ
P034698,2022,BACHELOR_EQ
P036990,2022,BACHELOR_EQ
P028869,2022,MASTER_EQ
P035477,2022,DOCTORATE
P001751,2022,BACHELOR_EQ
P044261,2022,SCHOOL
P048137,2022,VOC_POSTSEC
P040552,2022,VOC_POSTSEC
P038984,2022,VOC_POSTSEC
P001946,2022,VOC_POSTSEC
P021038,2022,DOCTORATE
P004952,2022,VOC_POSTSEC
P028409,2022,SCHOOL
P025111,2022,VOC_POSTSEC
P043231,2022,SCHOOL
P048502,2022,NONE_LOW
P031276,2022,SCHOOL
P021891,2022,BACHELOR_EQ
P040256,2022,MASTER_EQ
P006238,2022,SCHOOL
P013725,2022,MASTER_EQ
P004401,2022,VOC_POSTSEC
P046928,2022,MASTER_EQ
P006411,2022,VOC_POSTSEC
P023355,2022,VOC_POSTSEC
P024409,2022,SCHOOL
P039324,2022,VOC_POSTSEC
P033073,2022,VOC_POSTSEC
P010871,2022,DOCTORATE
P008848,2022,DOCTORATE
P015028,2022,SCHOOL
P016020,2022,BACHELOR_EQ
P010307,2022,VOC_POSTSEC
P020814,2022,VOC_POSTSEC
P027426,2022,SCHOOL
P027413,2022,VOC_POSTSEC
P043384,2022,SCHOOL
P028828,2022,SCHOOL
P049325,2022,VOC_POSTSEC
P026841,2022,BACHELOR_EQ
P020524,2022,SCHOOL
P018886,2022,SCHOOL
P036376,2022,BACHELOR_EQ
P041349,2022,VOC_POSTSEC
P010938,2022,VOC_POSTSEC
P034390,2022,SCHOOL
P044023,2022,VOC_POSTSEC
P007879,2022,DOCTORATE
P016798,2022,BACHELOR_EQ
P025038,2022,VOC_POSTSEC
P024161,2022,BACHELOR_EQ
P001013,2022,BACHELOR_EQ
P008801,2022,BACHELOR_EQ
P014619,2022,VOC_POSTSEC
P025992,2022,SCHOOL
P046486,2022,VOC_POSTSEC
P046954,2022,SCHOOL
P029025,2022,BACHELOR_EQ
P032243,2022,BACHELOR_EQ
P031608,2022,SCHOOL
P035653,2022,VOC_POSTSEC
P042811,2022,VOC_POSTSEC
,2022,VOC_POSTSEC
P005404,2022,SCHOOL
P004997,2022,DOCTORATE
P038500,2022,BACHELOR_EQ
P013189,2022,
P015005,2022,VOC_POSTSEC
P010649,2022,NONE_LOW
P019138,2022,VOC_POSTSEC
P048212,2022,BACHELOR_EQ
P047035,2022,VOC_POSTSEC
P037779,2021,VOC_POSTSEC
P002451,2022,VOC_POSTSEC
P025814,2022,SCHOOL
P031002,2022,SCHOOL
P002860,2022,SCHOOL
P021631,2022,SCHOOL
P007419,2022,VOC_POSTSEC
P046877,2022,BACHELOR_EQ
P028861,2022,VOC_POSTSEC
P001483,2022,SCHOOL
P000383,2022,NONE_LOW
P042330,2022,VOC_POSTSEC
P046357,2022,VOC_POSTSEC
P040227,2022,BACHELOR_EQ
P030160,2022,VOC_POSTSEC
P007818,2022,BACHELOR_EQ
P030114,2022,NONE_LOW
P015670,2022,SCHOOL
P008092,2022,SCHOOL
P015563,2022,BACHELOR_EQ
P030798,2022,VOC_POSTSEC
P048917,2022,BACHELOR_EQ
P003487,2022,VOC_POSTSEC
P035567,2022,MASTER_EQ
P038783,2022,VOC_POSTSEC
P010371,2022,VOC_POSTSEC
P047165,2022,VOC_POSTSEC
P003784,2022,MASTER_EQ
P016724,2022,SCHOOL
P011287,2022,SCHOOL
P043365,2022,NONE_LOW
P020883,2022,VOC_POSTSEC
P006201,2022,BACHELOR_EQ
P009663,2022,DOCTORATE
P016027,2022,BACHELOR_EQ
P044540,2022,VOC_POSTSEC
P001066,2022,SCHOOL
P045363,2022,SCHOOL
P041095,2022,MASTER_EQ
P008767,2022,NONE_LOW
P044144,2022,VOC_POSTSEC
P033220,2022,SCHOOL
P012734,2022,VOC_POSTSEC
P048235,2022,SCHOOL
P043457,2022,VOC_POSTSEC
P039659,2022,VOC_POSTSEC
P001252,2022,VOC_POSTSEC
P022999,2022,VOC_POSTSEC
P038925,2022,NONE_LOW
P020747,2022,SCHOOL
P038355,2022,NONE_LOW
P027746,2022,VOC_POSTSEC
P019494,2022,SCHOOL
P043207,2022,BACHELOR_EQ
P011333,2022,VOC_POSTSEC
P022292,2022,VOC_POSTSEC
P006061,2022,NONE_LOW
P028308,2022,BACHELOR_EQ
P018697,2022,
P047033,2022,VOC_POSTSEC
P017631,2022,BACHELOR_EQ
P035822,2022,MASTER_EQ
P033060,2022,BACHELOR_EQ
P039706,2022,VOC_POSTSEC
P042322,2022,VOC_POSTSEC
P024551,2022,SCHOOL
P001615,2022,BACHELOR_EQ
P021778,2022,SCHOOL
P041118,2022,BACHELOR_EQ
P016712,2022,NONE_LOW
P035390,2022,VOC_POSTSEC
P040634,2022,MASTER_EQ
P003059,2022,VOC_POSTSEC
P049202,2022,NONE_LOW
P023371,2022,NONE_LOW
P001380,2022,VOC_POSTSEC
P013241,2022,VOC_POSTSEC
P016475,2022,BACHELOR_EQ
P030839,2022,SCHOOL
P022882,2022,BACHELOR_EQ
P043651,2022,SCHOOL
P019276,2022,SCHOOL
P014222,2022,BACHELOR_EQ
P035208,2022,VOC_POSTSEC
P048270,2022,SCHOOL
P020122,2022,VOC_POSTSEC
P031758,2022,VOC_POSTSEC
P006338,2022,NONE_LOW
P000806,2022,VOC_POSTSEC
P047962,2022,SCHOOL
P030677,2022,UNKNOWN_CODE
P032980,2022,VOC_POSTSEC
P034385,2022,VOC_POSTSEC
P041860,2022,VOC_POSTSEC
P004626,2022,VOC_POSTSEC
P031024,2022,SCHOOL
P034009,2022,SCHOOL
P041346,2022,MASTER_EQ
P002563,2022,SCHOOL
P040672,2022,NONE_LOW
P031114,2022,BACHELOR_EQ
P010320,2022,SCHOOL
P017014,2022,VOC_POSTSEC
P017834,2022,DOCTORATE
P042788,2022,SCHOOL
P020859,2022,SCHOOL
P032306,2022,BACHELOR_EQ
P000683,2022,VOC_POSTSEC
P015401,2022,VOC_POSTSEC
P049919,2022,SCHOOL
P030880,2022,BACHELOR_EQ
P037504,2022,VOC_POSTSEC
P023218,2022,VOC_POSTSEC
P029328,2022,MASTER_EQ
P005355,2022,VOC_POSTSEC
P049648,2022,VOC_POSTSEC
P042172,2022,VOC_POSTSEC
P034044,2022,SCHOOL
P004451,2022,SCHOOL
P030863,2022,VOC_POSTSEC
P025918,2022,NONE_LOW
,2022,VOC_POSTSEC
P033087,2022,BACHELOR_EQ
P011410,2022,SCHOOL
P002589,2022,VOC_POSTSEC
P014710,2022,SCHOOL
P022286,2022,VOC_POSTSEC
P012887,2022,NONE_LOW
P039628,2022,NONE_LOW
P018115,2022,SCHOOL
P034303,2022,SCHOOL
P008509,2022,BACHELOR_EQ
P017200,2022,MASTER_EQ
P049915,2022,SCHOOL
P033133,2022,MASTER_EQ
P037198,2022,VOC_POSTSEC
P015841,2022,SCHOOL
P021351,2022,SCHOOL
P046653,2022,BACHELOR_EQ
P036093,2022,BACHELOR_EQ
P043393,2022,BACHELOR_EQ
P034289,2022,VOC_POSTSEC
P011955,2022,BACHELOR_EQ
P036049,2022,VOC_POSTSEC
P041418,2022,NONE_LOW
P001607,2022,VOC_POSTSEC
P046943,2022,MASTER_EQ
P021612,2022,DOCTORATE
P014216,2022,BACHELOR_EQ
P030510,2022,SCHOOL
P042544,2022,VOC_POSTSEC
P025517,2022,SCHOOL
P034211,2022,VOC_POSTSEC
P029181,2022,MASTER_EQ
P032139,2022,VOC_POSTSEC
P006314,2022,DOCTORATE
P008303,2022,VOC_POSTSEC
P046909,2022,BACHELOR_EQ
P007431,2022,SCHOOL
P024626,2022,VOC_POSTSEC
P027490,2022,VOC_POSTSEC
P028523,2022,BACHELOR_EQ
P049809,2022,SCHOOL
P000305,2022,NONE_LOW
P023178,2022,VOC_POSTSEC
P047288,2022,VOC_POSTSEC
P041522,2022,SCHOOL
P047414,2022,VOC_POSTSEC
P024485,2022,BACHELOR_EQ
P043809,2022,VOC_POSTSEC
P030049,2022,SCHOOL
P047545,2022,SCHOOL
P034415,2022,SCHOOL
P020637,2022,BACHELOR_EQ
P031968,2022,BACHELOR_EQ
P041916,2022,SCHOOL
P041397,2022,VOC_POSTSEC
P045314,2022,VOC_POSTSEC
P019724,2022,MASTER_EQ
P029292,2022,VOC_POSTSEC
P009511,2022,BACHELOR_EQ
P033632,2022,SCHOOL
P026822,2022,SCHOOL
P040121,2022,VOC_POSTSEC
P004650,2022,VOC_POSTSEC
P036592,2022,NONE_LOW
P029246,2022,VOC_POSTSEC
P033622,2022,SCHOOL
P012829,2022,SCHOOL
P026964,2022,VOC_POSTSEC
P043420,2022,SCHOOL
P016747,2022,VOC_POSTSEC
P027123,2022,VOC_POSTSEC
P038208,2022,VOC_POSTSEC
P008052,2022,VOC_POSTSEC
P012501,2022,VOC_POSTSEC
P014458,2022,BACHELOR_EQ
P029122,2022,SCHOOL
P000174,2022,NONE_LOW
P023073,2022,SCHOOL
P043741,2022,SCHOOL
P032955,2022,BACHELOR_EQ
P034579,2022,VOC_POSTSEC
P017205,2022,BACHELOR_EQ
P021226,2022,MASTER_EQ
P019087,2022,SCHOOL
P047660,2022,VOC_POSTSEC
P025162,2022,SCHOOL
P027200,2022,BACHELOR_EQ
P002198,2022,SCHOOL
P019536,2022,NONE_LOW
P008845,2022,NONE_LOW
P032248,2022,VOC_POSTSEC
P007812,2022,BACHELOR_EQ
P039993,2022,VOC_POSTSEC
P019817,2022,BACHELOR_EQ
P027868,2022,VOC_POSTSEC
P036189,2022,VOC_POSTSEC
P035683,2022,NONE_LOW
P041111,2022,MASTER_EQ
P019687,2022,NONE_LOW
P002517,2022,SCHOOL
P010401,2022,VOC_POSTSEC
P010106,2022,BACHELOR_EQ
P033088,2022,BACHELOR_EQ
P033816,2022,NONE_LOW
P040394,2022,BACHELOR_EQ
P011103,2022,SCHOOL
P029250,2022,BACHELOR_EQ
P013133,2022,SCHOOL
P038173,2022,MASTER_EQ
P029265,2022,SCHOOL
P008275,2022,VOC_POSTSEC
P048756,2022,SCHOOL
P032877,2022,BACHELOR_EQ
P005441,2022,VOC_POSTSEC
P027529,2022,VOC_POSTSEC
P035393,2022,VOC_POSTSEC
P024223,2022,VOC_POSTSEC
P004571,2022,SCHOOL
P017569,2022,VOC_POSTSEC
P012515,2022,MASTER_EQ
P041846,2022,VOC_POSTSEC
P021644,2022,SCHOOL
P028662,2022,NONE_LOW
P023546,2022,VOC_POSTSEC
P035260,2022,VOC_POSTSEC
P030661,2022,VOC_POSTSEC
P011367,2022,VOC_POSTSEC
P021673,2022,VOC_POSTSEC
P033842,2022,MASTER_EQ
P026828,2022,BACHELOR_EQ
P026180,2022,VOC_POSTSEC
P003132,2022,VOC_POSTSEC
P048686,2022,VOC_POSTSEC
P031594,2022,VOC_POSTSEC
P013066,2022,SCHOOL
P011297,2022,SCHOOL
P029674,2022,MASTER_EQ
P046419,2022,BACHELOR_EQ
P037635,2022,VOC_POSTSEC
P022437,2022,SCHOOL
P022171,2022,VOC_POSTSEC
P018657,2022,SCHOOL
P021714,2022,VOC_POSTSEC
P047899,2022,SCHOOL
P002581,2022,VOC_POSTSEC
P002875,2022,VOC_POSTSEC
P015205,2022,SCHOOL
P029829,2022,BACHELOR_EQ
P003441,2022,SCHOOL
P039820,2022,SCHOOL
P045018,2022,VOC_POSTSEC
P014312,2022,SCHOOL
P040987,2022,SCHOOL
P029489,2022,SCHOOL
P047096,2022,VOC_POSTSEC
P025935,2022,VOC_POSTSEC
P004824,2022,BACHELOR_EQ
P003067,2022,SCHOOL
P045097,2022,MASTER_EQ
P018153,2022,SCHOOL
P020601,2022,SCHOOL
P025013,2022,DOCTORATE
P047570,2022,VOC_POSTSEC
P028266,2022,VOC_POSTSEC
P043206,2022,VOC_POSTSEC
P043305,2022,VOC_POSTSEC
P027949,2022,BACHELOR_EQ
P003677,2022,NONE_LOW
P022356,2022,VOC_POSTSEC
P034566,2022,BACHELOR_EQ
P049699,2022,BACHELOR_EQ
P019284,2022,VOC_POSTSEC
P037118,2022,SCHOOL
P012853,2022,NONE_LOW
P013252,2022,SCHOOL
P023594,2022,SCHOOL
P012543,2022,SCHOOL
P043744,2022,SCHOOL
P011026,2022,BACHELOR_EQ
P004955,2022,VOC_POSTSEC
P042489,2022,DOCTORATE
P005048,2022,BACHELOR_EQ
P037129,2022,SCHOOL
P037126,2022,VOC_POSTSEC
P042240,2022,VOC_POSTSEC
P023232,2022,VOC_POSTSEC
P004985,2022,VOC_POSTSEC
P025189,2022,SCHOOL
P005593,2022,BACHELOR_EQ
P009898,2022,SCHOOL
P046965,2022,MASTER_EQ
P001851,2022,VOC_POSTSEC
P022074,2022,NONE_LOW
P007063,2022,MASTER_EQ
P033766,2022,MASTER_EQ
P006897,2022,VOC_POSTSEC
P002423,2022,VOC_POSTSEC
P015398,2022,BACHELOR_EQ
P022941,2022,MASTER_EQ
P018256,2022,BACHELOR_EQ
P035759,2022,BACHELOR_EQ
P020781,2022,BACHELOR_EQ
P020426,2022,VOC_POSTSEC
P040598,2022,BACHELOR_EQ
P045640,2022,BACHELOR_EQ
P010729,2022,SCHOOL
P023108,2022,BACHELOR_EQ
P022863,2022,VOC_POSTSEC
P013276,2022,BACHELOR_EQ
P029509,2022,VOC_POSTSEC
P004596,2022,VOC_POSTSEC
P032840,2022,BACHELOR_EQ
P036151,2022,SCHOOL
P036253,2022,SCHOOL
P005808,2022,VOC_POSTSEC
P002871,2022,VOC_POSTSEC
P006555,2022,VOC_POSTSEC
P018701,2022,VOC_POSTSEC
P036555,2022,VOC_POSTSEC
P003555,2022,NONE_LOW
P001418,2022,VOC_POSTSEC
P007185,2022,BACHELOR_EQ
P047700,2022,SCHOOL
P033308,2022,VOC_POSTSEC
P039643,2022,VOC_POSTSEC
P019115,2022,BACHELOR_EQ
P016255,2022,BACHELOR_EQ
P013459,2022,NONE_LOW
P006781,2022,SCHOOL
P044109,2022,SCHOOL
P043327,2022,SCHOOL
P044295,2022,VOC_POSTSEC
P024980,2022,SCHOOL
P029910,2022,VOC_POSTSEC
P024531,2022,VOC_POSTSEC
P029860,2022,NONE_LOW
P012231,2022,SCHOOL
P030514,2022,VOC_POSTSEC
P033692,2022,NONE_LOW
P032443,2022,VOC_POSTSEC
P015623,2022,NONE_LOW
P020125,2022,VOC_POSTSEC
P001981,2022,SCHOOL
P040875,2022,VOC_POSTSEC
P025372,2022,BACHELOR_EQ
P017013,2022,VOC_POSTSEC
P012925,2022,SCHOOL
P044667,2022,VOC_POSTSEC
P032028,2022,VOC_POSTSEC
P014288,2022,VOC_POSTSEC
P010235,2022,BACHELOR_EQ
P035414,2022,SCHOOL
P029088,2022,VOC_POSTSEC
P027652,2022,VOC_POSTSEC
P000131,2022,VOC_POSTSEC
P016167,2022,VOC_POSTSEC
P006192,2022,VOC_POSTSEC
P045436,2022,SCHOOL
P002215,2022,SCHOOL
P025758,2022,BACHELOR_EQ
P028835,2022,SCHOOL
P030912,2022,VOC_POSTSEC
P017253,2022,NONE_LOW
P024769,2022,VOC_POSTSEC
P005938,2022,SCHOOL
P003527,2022,VOC_POSTSEC
P026358,2022,BACHELOR_EQ
P039753,2022,MASTER_EQ
P003465,2022,VOC_POSTSEC
P048777,2022,VOC_POSTSEC
P008241,2022,VOC_POSTSEC
P034402,2022,BACHELOR_EQ
P014560,2022,MASTER_EQ
P027187,2022,MASTER_EQ
P018898,2022,VOC_POSTSEC
P030540,2022,VOC_POSTSEC
P046163,2022,BACHELOR_EQ
P008588,2022,NONE_LOW
P040129,2022,VOC_POSTSEC
P049696,2022,VOC_POSTSEC
P029014,2022,VOC_POSTSEC
P029039,2022,NONE_LOW
P004209,2022,SCHOOL
P003975,2022,BACHELOR_EQ
P045560,2022,VOC_POSTSEC
P038732,2022,SCHOOL
P001042,2022,VOC_POSTSEC
P001722,2022,BACHELOR_EQ
P028149,2022,NONE_LOW
P032246,2022,SCHOOL
P002587,2022,SCHOOL
P006341,2022,SCHOOL
P027769,2022,NONE_LOW
P042427,2022,SCHOOL
P021883,2022,SCHOOL
P017147,2022,SCHOOL
P021124,2022,SCHOOL
P028790,2022,SCHOOL
P042734,2022,VOC_POSTSEC
P036347,2022,SCHOOL
P005383,2022,BACHELOR_EQ
P000491,2022,SCHOOL
P034982,2022,SCHOOL
P048651,2022,VOC_POSTSEC
P022339,2022,SCHOOL
P041903,2022,VOC_POSTSEC
P045702,2022,BACHELOR_EQ
,2022,VOC_POSTSEC
P000892,2022,SCHOOL
P040017,2022,
P038881,2022,BACHELOR_EQ
P001108,2022,VOC_POSTSEC
P040243,2022,VOC_POSTSEC
P031054,2022,VOC_POSTSEC
P000283,2022,SCHOOL
P001121,2022,SCHOOL
P014850,2022,VOC_POSTSEC
P031672,2022,SCHOOL
P022161,2022,VOC_POSTSEC
P008656,2022,BACHELOR_EQ
P005628,2022,SCHOOL
P024820,2022,VOC_POSTSEC
P001260,2022,DOCTORATE
P037277,2022,VOC_POSTSEC
P041647,2022,VOC_POSTSEC
P014537,2022,BACHELOR_EQ
P007989,2022,VOC_POSTSEC
P044057,2022,VOC_POSTSEC
P023269,2022,SCHOOL
P012114,2022,BACHELOR_EQ
P019794,2022,VOC_POSTSEC
P000289,2022,SCHOOL
P049728,2022,MASTER_EQ
P045418,2022,SCHOOL
P000655,2022,SCHOOL
P009481,2022,VOC_POSTSEC
P003506,2022,MASTER_EQ
P035485,2022,SCHOOL
P021794,2022,SCHOOL
P018018,2022,
P004186,2022,VOC_POSTSEC
P036124,2022,VOC_POSTSEC
P045614,2022,SCHOOL
P049636,2022,MASTER_EQ
P033910,2022,VOC_POSTSEC
P002601,2022,SCHOOL
P012218,2022,SCHOOL
P017189,2022,VOC_POSTSEC
P002219,2022,BACHELOR_EQ
P012484,2022,BACHELOR_EQ
P005642,2022,VOC_POSTSEC
P047746,2022,VOC_POSTSEC
P043382,2022,NONE_LOW
P040473,2022,VOC_POSTSEC
P041975,2022,SCHOOL
P035781,2022,VOC_POSTSEC
P005514,2022,SCHOOL
P043931,2022,SCHOOL
P030144,2022,NONE_LOW
P034032,2022,BACHELOR_EQ
P017120,2022,SCHOOL
P001775,2022,VOC_POSTSEC
P046461,2022,VOC_POSTSEC
P049133,2022,VOC_POSTSEC
P027282,2022,SCHOOL
P030919,2022,SCHOOL
P016113,2022,SCHOOL
P000848,2022,BACHELOR_EQ
P029286,2022,DOCTORATE
P047793,2022,VOC_POSTSEC
P025297,2022,BACHELOR_EQ
P038459,2022,
P018452,2022,SCHOOL
P031707,2022,VOC_POSTSEC
P021914,2022,SCHOOL
P005827,2022,BACHELOR_EQ
P022431,2022,SCHOOL
P022675,2022,BACHELOR_EQ
P049955,2022,BACHELOR_EQ
P021603,2022,SCHOOL
P011442,2022,BACHELOR_EQ
P017069,2022,SCHOOL
P010787,2022,VOC_POSTSEC
P001597,2022,VOC_POSTSEC
P028475,2022,NONE_LOW
P046067,2022,SCHOOL
P030532,2022,NONE_LOW
P030246,2022,SCHOOL
P025288,2022,SCHOOL
P034176,2022,VOC_POSTSEC
P023225,2022,VOC_POSTSEC
P022036,2022,VOC_POSTSEC
P013529,2022,SCHOOL
P038305,2022,SCHOOL
P002018,2022,VOC_POSTSEC
P034707,2022,BACHELOR_EQ
P027704,2022,NONE_LOW
P005594,2022,VOC_POSTSEC
P022579,2021,MASTER_EQ
P023891,2022,BACHELOR_EQ
P012373,2022,VOC_POSTSEC
P012392,2022,VOC_POSTSEC
P036127,2022,NONE_LOW
P013599,2022,SCHOOL
P041932,2022,SCHOOL
P047192,2022,BACHELOR_EQ
P008344,2022,VOC_POSTSEC
P025942,2022,
P016985,2022,VOC_POSTSEC
P023805,2022,NONE_LOW
P032681,2022,VOC_POSTSEC
P012250,2022,SCHOOL
P017940,2022,BACHELOR_EQ
P005665,2022,VOC_POSTSEC
P022391,2022,SCHOOL
P003644,2022,VOC_POSTSEC
P017145,2022,DOCTORATE
P010902,2022,DOCTORATE
P002594,2022,MASTER_EQ
P039214,2022,MASTER_EQ
P020861,2022,VOC_POSTSEC
P021377,2022,MASTER_EQ
P018910,2022,VOC_POSTSEC
P048707,2022,MASTER_EQ
P006963,2022,VOC_POSTSEC
P005648,2022,
P000196,2022,VOC_POSTSEC
P025892,2022,SCHOOL
P022377,2022,NONE_LOW
P047367,2022,BACHELOR_EQ
P025436,2022,NONE_LOW
P025962,2021,BACHELOR_EQ
P007076,2022,BACHELOR_EQ
P026469,2022,SCHOOL
P032813,2022,VOC_POSTSEC
P019144,2022,VOC_POSTSEC
P009594,2022,BACHELOR_EQ
P020041,2022,SCHOOL
P031783,2022,NONE_LOW
P025473,2022,SCHOOL
P034500,2022,NONE_LOW
P023364,2022,SCHOOL
P042021,2022,VOC_POSTSEC
P035805,2022,MASTER_EQ
P040887,2022,MASTER_EQ
P048419,2022,VOC_POSTSEC
P028295,2022,
P014021,2022,BACHELOR_EQ
P014339,2022,MASTER_EQ
P029347,2022,SCHOOL
P009020,2022,VOC_POSTSEC
P048569,2022,VOC_POSTSEC
P049695,2022,BACHELOR_EQ
P034274,2022,SCHOOL
P043781,2022,SCHOOL
P038571,2022,SCHOOL
P031723,2022,SCHOOL
P001647,2022,BACHELOR_EQ
P036894,2022,BACHELOR_EQ
P006716,2022,SCHOOL
P035240,2022,VOC_POSTSEC
P019001,2022,VOC_POSTSEC
P019490,2022,BACHELOR_EQ
P013196,2022,MASTER_EQ
P017746,2022,VOC_POSTSEC
P043141,2022,SCHOOL
P037557,2022,BACHELOR_EQ
P032801,2022,VOC_POSTSEC
P037343,2022,MASTER_EQ
P033099,2022,DOCTORATE
P036440,2022,VOC_POSTSEC
P030074,2022,BACHELOR_EQ
P039660,2022,VOC_POSTSEC
P022081,2022,VOC_POSTSEC
P046087,2022,VOC_POSTSEC
P039690,2022,BACHELOR_EQ
P035299,2022,DOCTORATE
P022522,2022,MASTER_EQ
P015972,2022,MASTER_EQ
P016439,2022,VOC_POSTSEC
P006864,2022,VOC_POSTSEC
P028425,2022,VOC_POSTSEC
P031984,2022,BACHELOR_EQ
P041164,2022,SCHOOL
P042247,2022,VOC_POSTSEC
P040813,2022,MASTER_EQ
P036500,2022,VOC_POSTSEC
P005571,2022,SCHOOL
P048742,2022,VOC_POSTSEC
P034216,2022,VOC_POSTSEC
P048767,2022,VOC_POSTSEC
P014424,2022,VOC_POSTSEC
P023616,2022,VOC_POSTSEC
P021469,2022,SCHOOL
P009946,2022,UNKNOWN_CODE
P019367,2022,SCHOOL
P035771,2022,VOC_POSTSEC
P006528,2022,VOC_POSTSEC
P008682,2022,MASTER_EQ
P046579,2022,SCHOOL
P041808,2022,MASTER_EQ
P016949,2022,VOC_POSTSEC
P049542,2022,SCHOOL
P001670,2022,BACHELOR_EQ
P044993,2022,NONE_LOW
P049326,2022,SCHOOL
P033132,2022,NONE_LOW
P041976,2022,MASTER_EQ
P034462,2022,VOC_POSTSEC
P038104,2022,VOC_POSTSEC
P005721,2022,VOC_POSTSEC
P032308,2022,VOC_POSTSEC
P034003,2022,VOC_POSTSEC
P043096,2022,SCHOOL
P035721,2022,BACHELOR_EQ
P025574,2022,SCHOOL
P021144,2022,NONE_LOW
P040906,2022,VOC_POSTSEC
P013018,2022,NONE_LOW
P005143,2022,VOC_POSTSEC
P006710,2022,VOC_POSTSEC
P036047,2022,SCHOOL
P028202,2022,MASTER_EQ
P030627,2022,VOC_POSTSEC
P015497,2022,VOC_POSTSEC
P006464,2022,BACHELOR_EQ
P035223,2022,VOC_POSTSEC
P008378,2022,SCHOOL
P040270,2022,SCHOOL
P043473,2022,VOC_POSTSEC
P029548,2022,SCHOOL
P014720,2022,VOC_POSTSEC
P046985,2022,VOC_POSTSEC
P047932,2022,SCHOOL
P007968,2022,BACHELOR_EQ
P010863,2022,SCHOOL
P009516,2022,VOC_POSTSEC
P004020,2022,SCHOOL
P029990,2022,BACHELOR_EQ
P038795,2022,VOC_POSTSEC
P020758,2022,VOC_POSTSEC
P001777,2022,NONE_LOW
P036237,2022,VOC_POSTSEC
P038705,2022,VOC_POSTSEC
P035550,2022,SCHOOL
P037484,2022,NONE_LOW
P001362,2022,NONE_LOW
P041737,2022,VOC_POSTSEC
P023653,2022,VOC_POSTSEC
P022203,2022,VOC_POSTSEC
P012351,2022,VOC_POSTSEC
P008744,2022,BACHELOR_EQ
P010067,2022,NONE_LOW
P035132,2022,BACHELOR_EQ
P000165,2022,VOC_POSTSEC
P042131,2022,MASTER_EQ
P002079,2022,BACHELOR_EQ
P043842,2022,SCHOOL
P004222,2022,NONE_LOW
P005046,2022,VOC_POSTSEC
P019783,2022,BACHELOR_EQ
P036223,2022,NONE_LOW
P011379,2022,VOC_POSTSEC
P042807,2022,BACHELOR_EQ
P010456,2022,NONE_LOW
P014638,2022,SCHOOL
P006724,2022,VOC_POSTSEC
P015339,2022,SCHOOL
P015029,2022,VOC_POSTSEC
P019981,2022,VOC_POSTSEC
P008482,2022,SCHOOL
P043174,2022,SCHOOL
P013097,2022,VOC_POSTSEC
P025274,2022,SCHOOL
P045810,2022,BACHELOR_EQ
P023902,2022,BACHELOR_EQ
P016293,2022,SCHOOL
P027829,2022,MASTER_EQ
P037345,2022,VOC_POSTSEC
P043855,2022,VOC_POSTSEC
P010789,2022,SCHOOL
P022141,2022,VOC_POSTSEC
P033316,2022,VOC_POSTSEC
P006093,2022,SCHOOL
P001538,2022,VOC_POSTSEC
P040406,2022,
P016917,2022,VOC_POSTSEC
P016845,2022,SCHOOL
P036716,2022,BACHELOR_EQ
P048787,2022,SCHOOL
P007071,2022,VOC_POSTSEC
P016180,2022,NONE_LOW
P011762,2022,VOC_POSTSEC
,2022,VOC_POSTSEC
P022957,2022,BACHELOR_EQ
P009116,2022,BACHELOR_EQ
P002264,2022,SCHOOL
P032234,2022,SCHOOL
P029082,2022,SCHOOL
P000490,2022,SCHOOL
P016396,2022,VOC_POSTSEC
P006279,2022,BACHELOR_EQ
P001903,2022,VOC_POSTSEC
P034103,2022,SCHOOL
P025084,2022,VOC_POSTSEC
P029044,2022,SCHOOL
P011882,2022,SCHOOL
P021187,2022,NONE_LOW
P043865,2022,BACHELOR_EQ
P034608,2022,VOC_POSTSEC
P034849,2022,NONE_LOW
P032136,2022,NONE_LOW
P023409,2022,VOC_POSTSEC
P007813,2022,NONE_LOW
P040076,2022,BACHELOR_EQ
P000691,2022,VOC_POSTSEC
P044890,2022,NONE_LOW
P030095,2022,MASTER_EQ
P037810,2022,MASTER_EQ
P026370,2022,BACHELOR_EQ
P009207,2022,DOCTORATE
P029772,2022,BACHELOR_EQ
P038650,2022,SCHOOL
P033381,2022,SCHOOL
P046561,2022,BACHELOR_EQ
P047213,2022,SCHOOL
P008759,2022,DOCTORATE
P013219,2022,SCHOOL
P001427,2022,BACHELOR_EQ
P041206,2022,VOC_POSTSEC
P028502,2022,VOC_POSTSEC
P018809,2022,BACHELOR_EQ
P048701,2022,VOC_POSTSEC
P011719,2022,VOC_POSTSEC
P004044,2022,
P018754,2022,NONE_LOW
P006968,2022,BACHELOR_EQ
P045027,2022,NONE_LOW
P028874,2022,SCHOOL
P001601,2022,NONE_LOW
P035282,2022,VOC_POSTSEC
P013224,2022,VOC_POSTSEC
P022208,2022,SCHOOL
P016665,2022,VOC_POSTSEC
P017204,2022,MASTER_EQ
P009904,2022,SCHOOL
P014767,2022,VOC_POSTSEC
P005489,2022,VOC_POSTSEC
P044978,2022,VOC_POSTSEC
P047234,2022,VOC_POSTSEC
P026998,2022,MASTER_EQ
P025113,2022,VOC_POSTSEC
P022323,2022,SCHOOL
P036752,2022,VOC_POSTSEC
P017846,2022,
P022810,2022,SCHOOL
P041550,2022,VOC_POSTSEC
P040014,2022,BACHELOR_EQ
P014529,2022,MASTER_EQ
P000706,2022,VOC_POSTSEC
P019160,2022,SCHOOL
P046509,2022,BACHELOR_EQ
P046191,2022,BACHELOR_EQ
P033879,2022,DOCTORATE
P038288,2022,MASTER_EQ
P003826,2022,BACHELOR_EQ
P005859,2022,SCHOOL
P020962,2022,BACHELOR_EQ
P035272,2022,SCHOOL
P020164,2022,VOC_POSTSEC
P012828,2022,VOC_POSTSEC
P010163,2022,SCHOOL
P027678,2022,SCHOOL
P046522,2022,NONE_LOW
P036095,2022,MASTER_EQ
P020193,2022,NONE_LOW
P022547,2022,SCHOOL
P005546,2022,BACHELOR_EQ
P041931,2022,MASTER_EQ
P006453,2022,VOC_POSTSEC
P025166,2022,SCHOOL
P001293,2022,MASTER_EQ
P014313,2022,VOC_POSTSEC
P027255,2022,SCHOOL
P017943,2022,BACHELOR_EQ
P032874,2022,SCHOOL
P046904,2022,SCHOOL
P038312,2022,SCHOOL
P032957,2022,VOC_POSTSEC
P029416,2022,VOC_POSTSEC
P001706,2022,VOC_POSTSEC
P029163,2022,VOC_POSTSEC
P039604,2022,VOC_POSTSEC
P043614,2022,VOC_POSTSEC
P002890,2022,VOC_POSTSEC
P027526,2022,SCHOOL
P021719,2022,VOC_POSTSEC
P027008,2022,VOC_POSTSEC
P031455,2022,BACHELOR_EQ
P027987,2022,VOC_POSTSEC
P027183,2022,SCHOOL
P034815,2022,SCHOOL
P000735,2022,SCHOOL
P036197,2022,VOC_POSTSEC
P047542,2022,MASTER_EQ
P023025,2022,MASTER_EQ
P004431,2022,VOC_POSTSEC
P044051,2022,MASTER_EQ
P036136,2022,VOC_POSTSEC
P033082,2022,SCHOOL
P034307,2022,SCHOOL
P034734,2022,VOC_POSTSEC
P001892,2022,VOC_POSTSEC
P012386,2022,BACHELOR_EQ
P016846,2022,NONE_LOW
P032334,2022,BACHELOR_EQ
P024953,2022,SCHOOL
P015009,2022,VOC_POSTSEC
P023083,2022,VOC_POSTSEC
P038049,2022,VOC_POSTSEC
P017645,2022,SCHOOL
P022581,2022,BACHELOR_EQ
P036007,2022,SCHOOL
P030835,2022,VOC_POSTSEC
P002121,2022,VOC_POSTSEC
P049139,2022,VOC_POSTSEC
P011036,2022,VOC_POSTSEC
P011704,2022,MASTER_EQ
P046674,2022,VOC_POSTSEC
P024058,2022,BACHELOR_EQ
P019985,2022,BACHELOR_EQ
P004611,2022,SCHOOL
P003679,2022,SCHOOL
P048418,2022,SCHOOL
P001402,2022,NONE_LOW
P022511,2022,VOC_POSTSEC
P001558,2022,VOC_POSTSEC
P045469,2022,VOC_POSTSEC
P022144,2022,NONE_LOW
P036824,2022,VOC_POSTSEC
P006755,2022,SCHOOL
P043542,2022,MASTER_EQ
P008237,2022,
P029865,2022,NONE_LOW
P045700,2022,SCHOOL
P009559,2022,VOC_POSTSEC
P029737,2022,VOC_POSTSEC
P027902,2022,VOC_POSTSEC
P016360,2022,SCHOOL
P040367,2022,SCHOOL
P046210,2022,BACHELOR_EQ
P043456,2022,SCHOOL
P011745,2022,MASTER_EQ
P024724,2022,SCHOOL
P043034,2022,VOC_POSTSEC
P019056,2022,SCHOOL
P020798,2022,VOC_POSTSEC
P046839,2022,
P046739,2022,VOC_POSTSEC
P049747,2022,SCHOOL
P043098,2022,BACHELOR_EQ
P039448,2022,MASTER_EQ
P003595,2022,VOC_POSTSEC
P024906,2022,DOCTORATE
P012846,2022,VOC_POSTSEC
P030462,2022,SCHOOL
P014545,2022,VOC_POSTSEC
P026601,2022,
P017550,2022,SCHOOL
P016198,2022,BACHELOR_EQ
P032220,2022,BACHELOR_EQ
P038064,2022,BACHELOR_EQ
P000238,2022,NONE_LOW
P018852,2022,MASTER_EQ
P003137,2022,VOC_POSTSEC
P024739,2022,BACHELOR_EQ
P014089,2022,BACHELOR_EQ
P012877,2022,VOC_POSTSEC
P010082,2022,MASTER_EQ
P039220,2022,NONE_LOW
P043295,2022,BACHELOR_EQ
P037608,2022,NONE_LOW
P049981,2022,VOC_POSTSEC
P030230,2022,SCHOOL
P016504,2022,SCHOOL
P036026,2022,SCHOOL
P028553,2022,VOC_POSTSEC
P005537,2022,NONE_LOW
P032962,2022,VOC_POSTSEC
P004774,2022,VOC_POSTSEC
P043830,2022,VOC_POSTSEC
P014826,2022,BACHELOR_EQ
P029074,2022,MASTER_EQ
P012880,2022,SCHOOL
P025563,2022,SCHOOL
P002614,2022,SCHOOL
P010252,2022,BACHELOR_EQ
P047483,2022,VOC_POSTSEC
P025142,2022,VOC_POSTSEC
P038171,2022,SCHOOL
P027578,2022,SCHOOL
P015690,2022,MASTER_EQ
P024156,2022,VOC_POSTSEC
P006034,2022,SCHOOL
P015695,2022,SCHOOL
P016639,2022,VOC_POSTSEC
P005705,2022,BACHELOR_EQ
P019954,2022,VOC_POSTSEC
P025985,2022,VOC_POSTSEC
P020997,2022,SCHOOL
P008784,2022,VOC_POSTSEC
P014047,2022,VOC_POSTSEC
P008743,2022,SCHOOL
P027513,2022,
P047461,2022,MASTER_EQ
P034030,2022,BACHELOR_EQ
P022487,2022,SCHOOL
P022879,2022,SCHOOL
P022048,2022,SCHOOL
P016731,2022,SCHOOL
P001006,2022,BACHELOR_EQ
P001158,2022,MASTER_EQ
P022224,2022,SCHOOL
P044927,2022,SCHOOL
P010112,2022,BACHELOR_EQ
P025362,2022,VOC_POSTSEC
P041181,2022,MASTER_EQ
P033564,2022,NONE_LOW
P013802,2022,BACHELOR_EQ
P008606,2022,VOC_POSTSEC
P045760,2022,MASTER_EQ
P023374,2022,SCHOOL
P021682,2022,BACHELOR_EQ
P004896,2022,SCHOOL
P010708,2022,VOC_POSTSEC
P047972,2022,SCHOOL
P037011,2022,VOC_POSTSEC
P037705,2022,BACHELOR_EQ
P005445,2022,SCHOOL
P001136,2022,SCHOOL
P032673,2022,SCHOOL
P024093,2022,BACHELOR_EQ
P036745,2022,SCHOOL
P004087,2022,VOC_POSTSEC
P023718,2022,VOC_POSTSEC
P036150,2022,VOC_POSTSEC
P021383,2022,SCHOOL
P003485,2022,VOC_POSTSEC
P018011,2022,BACHELOR_EQ
P048094,2022,MASTER_EQ
P007188,2022,MASTER_EQ
P016743,2022,VOC_POSTSEC
P049615,2022,VOC_POSTSEC
P037296,2022,VOC_POSTSEC
P019705,2022,NONE_LOW
P044180,2022,VOC_POSTSEC
P020824,2022,NONE_LOW
P041576,2022,VOC_POSTSEC
P004977,2022,VOC_POSTSEC
P000701,2022,MASTER_EQ
P009341,2022,VOC_POSTSEC
P049456,2022,VOC_POSTSEC
P044275,2022,VOC_POSTSEC
P035430,2022,VOC_POSTSEC
P022221,2022,VOC_POSTSEC
P003928,2022,SCHOOL
P012843,2022,VOC_POSTSEC
P006465,2022,SCHOOL
P015106,2022,VOC_POSTSEC
P039823,2022,SCHOOL
P005348,2022,VOC_POSTSEC
P018645,2022,VOC_POSTSEC
P020445,2022,BACHELOR_EQ
P026177,2022,VOC_POSTSEC
P023559,2022,BACHELOR_EQ
P022233,2022,SCHOOL
P043520,2022,MASTER_EQ
P045566,2022,MASTER_EQ
P008876,2022,SCHOOL
P013371,2022,BACHELOR_EQ
P013958,2022,SCHOOL
P025837,2022,NONE_LOW
P000014,2022,
P019902,2022,SCHOOL
P029420,2022,NONE_LOW
P031630,2022,VOC_POSTSEC
P035021,2022,NONE_LOW
P040861,2022,VOC_POSTSEC
P040899,2022,VOC_POSTSEC
P016158,2022,MASTER_EQ
P000476,2022,BACHELOR_EQ
P022442,2022,SCHOOL
P032457,2022,NONE_LOW
P048928,2022,MASTER_EQ
P027721,2022,BACHELOR_EQ
P022938,2022,BACHELOR_EQ
P009450,2022,VOC_POSTSEC
P010465,2022,SCHOOL
P023953,2022,SCHOOL
P017074,2022,VOC_POSTSEC
P006389,2022,VOC_POSTSEC
P014306,2022,SCHOOL
P020694,2022,SCHOOL
P037565,2022,MASTER_EQ
P004938,2022,SCHOOL
P042789,2022,SCHOOL
P006370,2022,NONE_LOW
P049940,2022,SCHOOL
P009876,2022,VOC_POSTSEC
P005803,2022,BACHELOR_EQ
P027775,2022,NONE_LOW
P025200,2022,SCHOOL
P001947,2022,NONE_LOW
P007736,2022,VOC_POSTSEC
P044178,2022,BACHELOR_EQ
P032934,2022,SCHOOL
P010605,2022,VOC_POSTSEC
P037969,2022,SCHOOL
P047378,2022,VOC_POSTSEC
P016363,2022,BACHELOR_EQ
P006487,2022,BACHELOR_EQ
P037447,2022,BACHELOR_EQ
P045860,2022,VOC_POSTSEC
P002772,2022,VOC_POSTSEC
P035138,2022,SCHOOL
P015289,2022,SCHOOL
P006132,2022,BACHELOR_EQ
P011844,2022,BACHELOR_EQ
P016904,2022,VOC_POSTSEC
P022622,2022,SCHOOL
P032147,2022,NONE_LOW
P020581,2022,VOC_POSTSEC
P000808,2022,BACHELOR_EQ
P019564,2022,SCHOOL
P029531,2022,VOC_POSTSEC
P034076,2022,BACHELOR_EQ
P034048,2022,BACHELOR_EQ
P000993,2022,SCHOOL
P016776,2022,VOC_POSTSEC
P032641,2022,SCHOOL
P018602,2022,
P011854,2022,VOC_POSTSEC
P032326,2022,VOC_POSTSEC
P046942,2022,VOC_POSTSEC
P037226,2022,NONE_LOW
P040161,2022,SCHOOL
P038675,2022,NONE_LOW
P030388,2022,VOC_POSTSEC
P026477,2022,MASTER_EQ
P043458,2022,SCHOOL
P029921,2022,MASTER_EQ
P005980,2022,VOC_POSTSEC
P041026,2022,NONE_LOW
P029876,2022,MASTER_EQ
P014453,2022,VOC_POSTSEC
P013580,2022,SCHOOL
P007149,2022,VOC_POSTSEC
P048039,2022,SCHOOL
P045228,2022,SCHOOL
P002879,2022,SCHOOL
P041182,2022,VOC_POSTSEC
P038136,2022,VOC_POSTSEC
P002062,2022,VOC_POSTSEC
P038450,2022,VOC_POSTSEC
P039870,2022,BACHELOR_EQ
P039805,2022,VOC_POSTSEC
P012938,2022,UNKNOWN_CODE
P045106,2022,NONE_LOW
P043515,2022,SCHOOL
P026725,2022,VOC_POSTSEC
P004693,2022,VOC_POSTSEC
P001123,2022,NONE_LOW
P000664,2022,VOC_POSTSEC
P033917,2022,VOC_POSTSEC
P009921,2022,NONE_LOW
P004271,2022,VOC_POSTSEC
P038344,2022,MASTER_EQ
P029312,2022,VOC_POSTSEC
P020548,2022,VOC_POSTSEC
P005785,2022,VOC_POSTSEC
P011286,2022,SCHOOL
P012426,2022,BACHELOR_EQ
P001131,2022,VOC_POSTSEC
P037875,2022,MASTER_EQ
P041462,2022,SCHOOL
P020020,2022,VOC_POSTSEC
P039340,2022,BACHELOR_EQ
P018666,2022,SCHOOL
P021043,2022,VOC_POSTSEC
P027633,2022,SCHOOL
P009064,2022,BACHELOR_EQ
P047763,2022,VOC_POSTSEC
P038966,2022,BACHELOR_EQ
P023299,2022,VOC_POSTSEC
P031174,2022,NONE_LOW
P018545,2022,BACHELOR_EQ
P033128,2022,SCHOOL
P048709,2022,SCHOOL
P022173,2022,VOC_POSTSEC
P006269,2022,SCHOOL
P014763,2022,VOC_POSTSEC
P039924,2022,BACHELOR_EQ
P034557,2022,VOC_POSTSEC
P040910,2022,VOC_POSTSEC
P048380,2022,BACHELOR_EQ
P034654,2022,SCHOOL
P033166,2022,MASTER_EQ
P040865,2022,VOC_POSTSEC
P017042,2022,MASTER_EQ
P004397,2022,NONE_LOW
P018097,2022,NONE_LOW
P024098,2022,VOC_POSTSEC
P006993,2022,VOC_POSTSEC
P041743,2022,VOC_POSTSEC
P016328,2022,BACHELOR_EQ
P035259,2022,BACHELOR_EQ
P010333,2022,VOC_POSTSEC
P038542,2022,SCHOOL
P036980,2022,SCHOOL
P027486,2022,VOC_POSTSEC
P000222,2022,NONE_LOW
P037258,2022,NONE_LOW
P006019,2022,VOC_POSTSEC
P016268,2022,SCHOOL
P004065,2022,VOC_POSTSEC
P011488,2022,SCHOOL
P017412,2022,VOC_POSTSEC
P039176,2022,NONE_LOW
P028265,2022,DOCTORATE
P018776,2022,VOC_POSTSEC
P000947,2022,SCHOOL
P040814,2022,MASTER_EQ
P015195,2022,DOCTORATE
P047037,2022,BACHELOR_EQ
P019963,2022,SCHOOL
P027748,2022,BACHELOR_EQ
P037408,2022,SCHOOL
P020198,2022,VOC_POSTSEC
P018613,2022,
P010356,2022,VOC_POSTSEC
P021680,2022,SCHOOL
P012372,2022,BACHELOR_EQ
P024142,2022,BACHELOR_EQ
P018905,2022,VOC_POSTSEC
P016877,2022,
P044612,2022,SCHOOL
P045513,2022,SCHOOL
P019009,2022,BACHELOR_EQ
P013845,2022,MASTER_EQ
P039652,2022,SCHOOL
P030027,2022,VOC_POSTSEC
P040503,2022,VOC_POSTSEC
P049174,2022,SCHOOL
P015354,2022,SCHOOL
P006186,2022,SCHOOL
P033590,2022,NONE_LOW
P043791,2022,NONE_LOW
P021041,2022,SCHOOL
P004283,2022,SCHOOL
P047303,2022,VOC_POSTSEC
P047774,2022,VOC_POSTSEC
P035585,2022,MASTER_EQ
P000349,2022,VOC_POSTSEC
P049077,2022,SCHOOL
P031316,2022,VOC_POSTSEC
P023495,2022,BACHELOR_EQ
P037054,2022,SCHOOL
P047916,2022,MASTER_EQ
P006635,2022,SCHOOL
P012168,2022,NONE_LOW
P036340,2022,VOC_POSTSEC
P015321,2022,VOC_POSTSEC
P003976,2022,SCHOOL
P018608,2022,VOC_POSTSEC
P000945,2022,VOC_POSTSEC
P044390,2022,SCHOOL
P018590,2022,VOC_POSTSEC
P043430,2022,VOC_POSTSEC
P007843,2022,VOC_POSTSEC
P044061,2022,VOC_POSTSEC
P026617,2022,VOC_POSTSEC
P003387,2022,SCHOOL
P009669,2022,SCHOOL
P041103,2022,VOC_POSTSEC
P023359,2022,VOC_POSTSEC
P030104,2022,VOC_POSTSEC
P042904,2022,VOC_POSTSEC
P048079,2022,SCHOOL
P002204,2022,SCHOOL
P009326,2022,SCHOOL
P032275,2022,SCHOOL
P018343,2022,BACHELOR_EQ
P015631,2022,VOC_POSTSEC
P016521,2022,VOC_POSTSEC
P027294,2022,SCHOOL
P003620,2022,MASTER_EQ
P043787,2022,VOC_POSTSEC
P026170,2022,MASTER_EQ
P040525,2022,BACHELOR_EQ
P043320,2022,NONE_LOW
P040396,2022,BACHELOR_EQ
P045578,2022,VOC_POSTSEC
P048550,2022,SCHOOL
P046347,2022,VOC_POSTSEC
P040883,2022,BACHELOR_EQ
P037903,2022,SCHOOL
P041665,2022,SCHOOL
P049668,2022,SCHOOL
P042310,2022,DOCTORATE
P040873,2022,MASTER_EQ
P027521,2022,VOC_POSTSEC
P019476,2022,VOC_POSTSEC
P000027,2022,VOC_POSTSEC
P026165,2022,MASTER_EQ
P040957,2022,VOC_POSTSEC
P029199,2022,VOC_POSTSEC
P011584,2022,VOC_POSTSEC
P044691,2022,VOC_POSTSEC
P036286,2022,SCHOOL
P014465,2022,SCHOOL
P037113,2022,SCHOOL
P007418,2022,BACHELOR_EQ
P035072,2022,NONE_LOW
P044101,2022,BACHELOR_EQ
P048435,2022,VOC_POSTSEC
P025953,2022,VOC_POSTSEC
P021316,2022,VOC_POSTSEC
P013795,2022,SCHOOL
P003550,2022,VOC_POSTSEC
P016885,2022,VOC_POSTSEC
P000245,2022,VOC_POSTSEC
P044562,2022,BACHELOR_EQ
P027908,2022,NONE_LOW
P049161,2022,SCHOOL
P019935,2022,VOC_POSTSEC
P043033,2022,VOC_POSTSEC
P022443,2022,BACHELOR_EQ
P026604,2022,MASTER_EQ
P004227,2022,SCHOOL
P015720,2022,MASTER_EQ
P010102,2022,BACHELOR_EQ
P048518,2022,VOC_POSTSEC
P014822,2022,VOC_POSTSEC
P003659,2022,BACHELOR_EQ
P039255,2022,MASTER_EQ
P045901,2022,SCHOOL
P035851,2022,MASTER_EQ
P036458,2022,NONE_LOW
P034245,2022,MASTER_EQ
P031685,2022,VOC_POSTSEC
P002767,2022,VOC_POSTSEC
P035734,2022,VOC_POSTSEC
P010821,2022,VOC_POSTSEC
P001988,2022,VOC_POSTSEC
P042613,2022,VOC_POSTSEC
P026671,2022,VOC_POSTSEC
P014355,2022,VOC_POSTSEC
P020400,2022,BACHELOR_EQ
P011358,2022,NONE_LOW
P028093,2022,BACHELOR_EQ
P024225,2022,
P043579,2022,SCHOOL
P046825,2022,NONE_LOW
P017097,2022,BACHELOR_EQ
P005742,2022,VOC_POSTSEC
P030111,2022,VOC_POSTSEC
P018929,2022,NONE_LOW
P019921,2022,BACHELOR_EQ
P042192,2022,NONE_LOW
P046611,2022,MASTER_EQ
P014014,2022,VOC_POSTSEC
P018159,2022,SCHOOL
P042886,2022,BACHELOR_EQ
P024793,2022,MASTER_EQ
P043841,2022,SCHOOL
P033418,2022,VOC_POSTSEC
P025457,2022,VOC_POSTSEC
P016735,2022,SCHOOL
P001315,2022,VOC_POSTSEC
P042392,2022,SCHOOL
P018595,2022,VOC_POSTSEC
P016228,2022,SCHOOL
P006130,2022,SCHOOL
P041823,2022,BACHELOR_EQ
P039469,2022,SCHOOL
P028615,2022,MASTER_EQ
P041098,2022,MASTER_EQ
P029337,2022,SCHOOL
P038121,2022,MASTER_EQ
P025097,2022,VOC_POSTSEC
P041866,2022,VOC_POSTSEC
P003780,2022,VOC_POSTSEC
P018118,2022,MASTER_EQ
P020950,2022,BACHELOR_EQ
P034180,2022,SCHOOL
P039982,2022,VOC_POSTSEC
P043814,2022,SCHOOL
P036546,2022,VOC_POSTSEC
P048210,2022,VOC_POSTSEC
P000493,2022,VOC_POSTSEC
P049435,2022,NONE_LOW
P005358,2022,BACHELOR_EQ
P005121,2022,VOC_POSTSEC
,2022,VOC_POSTSEC
P033892,2022,SCHOOL
P022168,2022,VOC_POSTSEC
P005569,2022,SCHOOL
P014716,2022,VOC_POSTSEC
P013374,2022,VOC_POSTSEC
P014457,2022,DOCTORATE
P046168,2022,VOC_POSTSEC
P041461,2022,VOC_POSTSEC
P022968,2022,SCHOOL
P016983,2022,SCHOOL
P046286,2022,SCHOOL
P032635,2022,VOC_POSTSEC
P049089,2022,VOC_POSTSEC
P027130,2022,VOC_POSTSEC
P022808,2022,SCHOOL
P034230,2022,MASTER_EQ
P002047,2022,VOC_POSTSEC
P003891,2022,BACHELOR_EQ
P033947,2022,VOC_POSTSEC
P006143,2022,BACHELOR_EQ
P044687,2022,VOC_POSTSEC
P025115,2022,SCHOOL
P010460,2022,VOC_POSTSEC
P038128,2022,VOC_POSTSEC
P025494,2022,SCHOOL
P040502,2022,NONE_LOW
P029689,2022,MASTER_EQ
P018495,2022,VOC_POSTSEC
P023858,2022,VOC_POSTSEC
P045936,2022,BACHELOR_EQ
P045217,2022,NONE_LOW
P008604,2022,MASTER_EQ
P015103,2022,DOCTORATE
P019324,2022,VOC_POSTSEC
P004556,2022,NONE_LOW
P023121,2022,BACHELOR_EQ
P022225,2022,SCHOOL
P019578,2022,SCHOOL
P021112,2022,SCHOOL
P006641,2022,SCHOOL
P048217,2022,BACHELOR_EQ
P047072,2022,SCHOOL
P041706,2022,VOC_POSTSEC
P002965,2022,SCHOOL
P047314,2022,NONE_LOW
P005558,2022,SCHOOL
P029112,2022,NONE_LOW
P041779,2022,SCHOOL
P016179,2022,BACHELOR_EQ
P047614,2022,SCHOOL
P022661,2022,BACHELOR_EQ
P000263,2022,BACHELOR_EQ
P002899,2022,BACHELOR_EQ
P022685,2022,MASTER_EQ
P019842,2022,SCHOOL
P040348,2022,SCHOOL
P038809,2022,BACHELOR_EQ
P044396,2022,SCHOOL
P043460,2022,SCHOOL
P004629,2022,BACHELOR_EQ
P036528,2022,NONE_LOW
P035190,2022,BACHELOR_EQ
P048611,2022,VOC_POSTSEC
P030226,2022,VOC_POSTSEC
P027869,2022,VOC_POSTSEC
P046134,2022,BACHELOR_EQ
P012236,2022,BACHELOR_EQ
P041169,2022,SCHOOL
P019394,2022,SCHOOL
P018016,2022,BACHELOR_EQ
P001935,2022,BACHELOR_EQ
P021198,2022,SCHOOL
P018658,2022,NONE_LOW
P047016,2022,BACHELOR_EQ
P041944,2022,VOC_POSTSEC
P038303,2022,BACHELOR_EQ
,2022,VOC_POSTSEC
P012806,2022,BACHELOR_EQ
P021294,2022,SCHOOL
P020884,2022,SCHOOL
P044785,2022,BACHELOR_EQ
P007231,2022,NONE_LOW
P018134,2022,VOC_POSTSEC
P046400,2022,VOC_POSTSEC
P003748,2022,BACHELOR_EQ
P043507,2022,VOC_POSTSEC
P026963,2022,SCHOOL
P013392,2022,SCHOOL
P004741,2022,VOC_POSTSEC
P009261,2022,MASTER_EQ
P007692,2022,SCHOOL
P016954,2022,VOC_POSTSEC
P011020,2022,BACHELOR_EQ
P026509,2022,MASTER_EQ
P025390,2022,VOC_POSTSEC
P037547,2022,MASTER_EQ
P005511,2022,NONE_LOW
P013441,2022,
P021197,2022,VOC_POSTSEC
P007512,2022,BACHELOR_EQ
P019632,2022,BACHELOR_EQ
P034737,2022,BACHELOR_EQ
P007743,2022,VOC_POSTSEC
P044201,2022,VOC_POSTSEC
P021249,2022,VOC_POSTSEC
P042036,2022,VOC_POSTSEC
P008153,2022,VOC_POSTSEC
P003655,2022,NONE_LOW
P014776,2022,BACHELOR_EQ
P048150,2022,NONE_LOW
P032529,2022,BACHELOR_EQ
P028083,2022,VOC_POSTSEC
P017819,2022,VOC_POSTSEC
P022577,2022,VOC_POSTSEC
P046523,2022,SCHOOL
P028997,2022,BACHELOR_EQ
P031833,2022,VOC_POSTSEC
P043178,2022,NONE_LOW
P006547,2022,SCHOOL
P042442,2022,VOC_POSTSEC
P016604,2022,VOC_POSTSEC
P046478,2022,VOC_POSTSEC
P042830,2022,VOC_POSTSEC
P001117,2022,BACHELOR_EQ
P045650,2022,NONE_LOW
P005973,2022,SCHOOL
P003541,2022,VOC_POSTSEC
P021356,2022,VOC_POSTSEC
P013977,2022,SCHOOL
P044916,2022,VOC_POSTSEC
P031095,2022,SCHOOL
P020511,2022,DOCTORATE
P002242,2022,DOCTORATE
P044075,2022,SCHOOL
P021423,2022,SCHOOL
P048156,2022,SCHOOL
P043315,2022,BACHELOR_EQ
P043877,2022,SCHOOL
P027010,2022,SCHOOL
P032703,2022,MASTER_EQ
P044627,2022,VOC_POSTSEC
P015933,2022,SCHOOL
P018659,2022,BACHELOR_EQ
P011505,2022,SCHOOL
P013768,2022,BACHELOR_EQ
P047250,2022,SCHOOL
P048898,2022,BACHELOR_EQ
P004226,2022,VOC_POSTSEC
P016620,2022,
P049723,2022,BACHELOR_EQ
P031090,2022,MASTER_EQ
P030268,2022,SCHOOL
P009815,2022,NONE_LOW
P009437,2022,BACHELOR_EQ
P011344,2022,BACHELOR_EQ
P001648,2022,NONE_LOW
P040416,2022,SCHOOL
P047647,2022,SCHOOL
P020949,2022,VOC_POSTSEC
P033488,2022,BACHELOR_EQ
P013030,2022,VOC_POSTSEC
P003720,2022,MASTER_EQ
P018127,2022,NONE_LOW
P012031,2022,VOC_POSTSEC
P022608,2022,SCHOOL
P027706,2022,VOC_POSTSEC
P036279,2022,MASTER_EQ
P005654,2022,SCHOOL
P014427,2022,DOCTORATE
P024212,2022,VOC_POSTSEC
P017195,2022,SCHOOL
P037449,2022,VOC_POSTSEC
P026378,2022,SCHOOL
P042447,2022,VOC_POSTSEC
P014735,2022,BACHELOR_EQ
P006732,2022,VOC_POSTSEC
P046688,2022,SCHOOL
P044243,2022,SCHOOL
P045405,2022,VOC_POSTSEC
P025366,2022,VOC_POSTSEC
P017690,2022,SCHOOL
P049450,2022,VOC_POSTSEC
P040915,2022,VOC_POSTSEC
P018766,2022,SCHOOL
P021014,2022,MASTER_EQ
P027151,2022,VOC_POSTSEC
P011859,2022,SCHOOL
P026286,2022,VOC_POSTSEC
P036643,2022,NONE_LOW
P046141,2022,BACHELOR_EQ
P049017,2022,VOC_POSTSEC
P029790,2022,SCHOOL
P037886,2022,BACHELOR_EQ
P018122,2022,MASTER_EQ
P020512,2022,VOC_POSTSEC
P034750,2022,SCHOOL
P031515,2022,BACHELOR_EQ
P012350,2022,UNKNOWN_CODE
P016941,2022,VOC_POSTSEC
P049897,2022,SCHOOL
P024507,2022,SCHOOL
P021055,2022,VOC_POSTSEC
P001012,2022,BACHELOR_EQ
P044072,2022,VOC_POSTSEC
P036672,2022,SCHOOL
P041399,2022,VOC_POSTSEC
P026645,2022,BACHELOR_EQ
P010754,2022,BACHELOR_EQ
P022138,2022,VOC_POSTSEC
P028884,2022,BACHELOR_EQ
P006304,2022,BACHELOR_EQ
P033240,2022,BACHELOR_EQ
P022575,2022,BACHELOR_EQ
P007469,2022,VOC_POSTSEC
P025186,2022,SCHOOL
P018106,2022,SCHOOL
P020503,2022,NONE_LOW
P039308,2022,BACHELOR_EQ
P007183,2022,NONE_LOW
P006309,2022,VOC_POSTSEC
P028401,2022,SCHOOL
P026107,2022,VOC_POSTSEC
P002918,2022,VOC_POSTSEC
P004842,2022,SCHOOL
P034497,2022,SCHOOL
P005167,2022,VOC_POSTSEC
P035640,2022,VOC_POSTSEC
P030500,2022,SCHOOL
P016327,2022,SCHOOL
P046500,2022,VOC_POSTSEC
P006319,2022,SCHOOL
P029057,2022,SCHOOL
P021642,2022,DOCTORATE
P004450,2022,MASTER_EQ
P005673,2022,VOC_POSTSEC
P042576,2022,MASTER_EQ
P047471,2022,VOC_POSTSEC
P034427,2022,SCHOOL
P042981,2022,SCHOOL
P041226,2022,MASTER_EQ
P020584,2022,VOC_POSTSEC
P015658,2022,VOC_POSTSEC
P028058,2022,VOC_POSTSEC
P041613,2022,VOC_POSTSEC
P032855,2022,VOC_POSTSEC
P006036,2022,SCHOOL
P009407,2022,SCHOOL
P023731,2022,VOC_POSTSEC
P023424,2022,VOC_POSTSEC
P008157,2022,VOC_POSTSEC
P005975,2022,VOC_POSTSEC
P035550,2022,SCHOOL
P013266,2022,VOC_POSTSEC
P003091,2022,VOC_POSTSEC
P025578,2022,NONE_LOW
P001935,2022,BACHELOR_EQ
P003975,2022,BACHELOR_EQ
P044946,2022,VOC_POSTSEC
P034790,2022,SCHOOL
P034096,2022,SCHOOL
P038153,2022,SCHOOL
P000815,2022,VOC_POSTSEC
P020962,2022,BACHELOR_EQ
P026053,2022,BACHELOR_EQ
P040390,2022,SCHOOL
P022341,2022,BACHELOR_EQ
P012050,2022,SCHOOL
P018373,2022,NONE_LOW
P032925,2022,VOC_POSTSEC
P012000,2022,VOC_POSTSEC
P004353,2022,VOC_POSTSEC
P003527,2022,VOC_POSTSEC
P041251,2022,MASTER_EQ
P046375,2022,VOC_POSTSEC
P007743,2022,VOC_POSTSEC
P048706,2022,SCHOOL
P039364,2022,BACHELOR_EQ
P035637,2022,VOC_POSTSEC
P019931,2022,VOC_POSTSEC
P021818,2022,NONE_LOW
P032272,2022,VOC_POSTSEC
P006132,2022,BACHELOR_EQ
P006092,2022,SCHOOL
P049981,2022,VOC_POSTSEC
P045432,2022,NONE_LOW
P020163,2022,VOC_POSTSEC
P015368,2022,SCHOOL
P032244,2022,SCHOOL
P004421,2022,VOC_POSTSEC
P012977,2022,MASTER_EQ
