address_id,region_code,region_name,municipality_code,urbanicity,address_type
A000001,R06,River Region,R06-M03,mixed,multi_family
A000002,R12,Metro Region,R12-M03,urban,single_family
A000003,R09,Urban Belt,R09-M02,urban,multi_family
A000004,R09,Urban Belt,R09-M03,urban,multi_family
A000005,R10,Rural Belt,R10-M04,rural,single_family
A000006,R05,Central Region,R05-M01,urban,large_residential
A000007,R04,East District,R04-M03,mixed,single_family
A000008,R06,River Region,R06-M01,mixed,single_family
A000009,R05,Central Region,R05-M01,urban,multi_family
A000010,R07,Mountain Region,R07-M01,rural,single_family
A000011,R10,Rural Belt,R10-M01,rural,single_family
A000012,R08,Lake Region,R08-M04,rural,single_family
A000013,R11,Border Region,R11-M02,mixed,large_residential
A000014,R11,Border Region,R11-M01,mixed,single_family
A000015,R07,Mountain Region,R07-M04,rural,single_family
A000016,R05,Central Region,R05-M04,urban,large_residential
A000017,R09,Urban Belt,R09-M01,urban,single_family
A000018,R10,Rural Belt,R10-M01,rural,single_family
A000019,R02,South City,R02-M03,urban,multi_family
A000020,R04,East District,R04-M04,mixed,large_residential
A000021,R02,South City,R02-M04,urban,multi_family
A000022,R01,North City,R01-M03,urban,large_residential
A000023,R05,Central Region,R05-M04,urban,single_family
A000024,R09,Urban Belt,R09-M03,urban,large_residential
A000025,R10,Rural Belt,R10-M01,rural,single_family
A000026,R09,Urban Belt,R09-M02,urban,large_residential
A000027,R05,Central Region,R05-M03,urban,large_residential
A000028,R01,North City,R01-M03,urban,multi_family
A000029,R03,West District,R03-M01,mixed,multi_family
A000030,R06,River Region,R06-M03,mixed,single_family
A000031,R11,Border Region,R11-M03,mixed,multi_family
A000032,R09,Urban Belt,R09-M04,urban,multi_family
A000033,R07,Mountain Region,R07-M02,rural,single_family
A000034,R08,Lake Region,R08-M01,rural,single_family
A000035,R01,North City,R01-M04,urban,single_family
A000036,R11,Border Region,R11-M03,mixed,multi_family
A000037,R09,Urban Belt,R09-M01,urban,large_residential
A000038,R10,Rural Belt,R10-M03,rural,single_family
A000039,R02,South City,R02-M01,urban,multi_family
A000040,R03,West District,R03-M02,mixed,multi_family
A000041,R03,West District,R03-M03,mixed,large_residential
A000042,R12,Metro Region,R12-M04,urban,large_residential
A000043,R09,Urban Belt,R09-M02,urban,multi_family
A000044,R11,Border Region,R11-M03,mixed,multi_family
A000045,R03,West District,R03-M04,mixed,multi_family
A000046,R12,Metro Region,R12-M04,urban,large_residential
A000047,R09,Urban Belt,R09-M03,urban,multi_family
A000048,R05,Central Region,R05-M02,urban,large_residential
A000049,R08,Lake Region,R08-M04,rural,multi_family
A000050,R08,Lake Region,R08-M04,rural,multi_family
A000051,R12,Metro Region,R12-M04,urban,multi_family
A000052,R02,South City,R02-M04,urban,multi_family
A000053,R05,Central Region,R05-M01,urban,large_residential
A000054,R04,East District,R04-M04,mixed,large_residential
A000055,R02,South City,R02-M02,urban,single_family
A000056,R09,Urban Belt,R09-M03,urban,single_family
A000057,R06,River Region,R06-M02,mixed,multi_family
A000058,R02,South City,R02-M04,urban,multi_family
A000059,R10,Rural Belt,R10-M04,rural,multi_family
A000060,R02,South City,R02-M02,urban,large_residential
A000061,R11,Border Region,R11-M03,mixed,multi_family
A000062,R07,Mountain Region,R07-M02,rural,single_family
A000063,R04,East District,R04-M03,mixed,multi_family
A000064,R09,Urban Belt,R09-M01,urban,multi_family
A000065,R04,East District,R04-M02,mixed,multi_family
A000066,R06,River Region,R06-M01,mixed,multi_family
A000067,R03,West District,R03-M01,mixed,single_family
A000068,R10,Rural Belt,R10-M03,rural,multi_family
A000069,R01,North City,R01-M03,urban,large_residential
A000070,R01,North City,R01-M02,urban,multi_family
A000071,R11,Border Region,R11-M04,mixed,single_family
A000072,R05,Central Region,R05-M01,urban,multi_family
A000073,R12,Metro Region,R12-M01,urban,multi_family
A000074,R11,Border Region,R11-M01,mixed,multi_family
A000075,R06,River Region,R06-M03,mixed,multi_family
A000076,R11,Border Region,R11-M03,mixed,large_residential
A000077,R08,Lake Region,R08-M02,rural,single_family
A000078,R03,West District,R03-M03,mixed,multi_family
A000079,R11,Border Region,R11-M01,mixed,multi_family
A000080,R01,North City,R01-M03,urban,multi_family
A000081,R09,Urban Belt,R09-M03,urban,multi_family
A000082,R06,River Region,R06-M03,mixed,single_family
A000083,R09,Urban Belt,R09-M03,urban,large_residential
A000084,R04,East District,R04-M03,mixed,single_family
A000085,R06,River Region,R06-M02,mixed,multi_family
A000086,R05,Central Region,R05-M01,urban,large_residential
A000087,R09,Urban Belt,R09-M03,urban,single_family
A000088,R06,River Region,R06-M03,mixed,single_family
A000089,R01,North City,R01-M02,urban,multi_family
A000090,R11,Border Region,R11-M03,mixed,multi_family
A000091,R12,Metro Region,R12-M03,urban,large_residential
A000092,R06,River Region,R06-M02,mixed,single_family
A000093,R06,River Region,R06-M04,mixed,multi_family
A000094,R01,North City,R01-M01,urban,single_family
A000095,R04,East District,R04-M01,mixed,single_family
A000096,R06,River Region,R06-M04,mixed,single_family
A000097,R05,Central Region,R05-M01,urban,large_residential
A000098,R07,Mountain Region,R07-M03,rural,large_residential
A000099,R01,North City,R01-M02,urban,multi_family
A000100,R05,Central Region,R05-M04,urban,multi_family
A000101,R03,West District,R03-M03,mixed,single_family
A000102,R01,North City,R01-M01,urban,single_family
A000103,R11,Border Region,R11-M02,mixed,single_family
A000104,R06,River Region,R06-M03,mixed,multi_family
A000105,R02,South City,R02-M04,urban,multi_family
A000106,R03,West District,R03-M04,mixed,multi_family
A000107,R10,Rural Belt,R10-M02,rural,single_family
A000108,R06,River Region,R06-M02,mixed,single_family
A000109,R05,Central Region,R05-M04,urban,multi_family
A000110,R04,East District,R04-M01,mixed,single_family
A000111,R04,East District,R04-M02,mixed,multi_family
A000112,R09,Urban Belt,R09-M03,urban,single_family
A000113,R06,River Region,R06-M03,mixed,single_family
A000114,R01,North City,R01-M01,urban,multi_family
A000115,R12,Metro Region,R12-M01,urban,large_residential
A000116,R07,Mountain Region,R07-M01,rural,multi_family
A000117,R11,Border Region,R11-M03,mixed,multi_family
A000118,R12,Metro Region,R12-M04,urban,multi_family
A000119,R12,Metro Region,R12-M03,urban,multi_family
A000120,R04,East District,R04-M03,mixed,single_family
A000121,R12,Metro Region,R12-M04,urban,multi_family
A000122,R07,Mountain Region,R07-M04,rural,multi_family
A000123,R11,Border Region,R11-M03,mixed,multi_family
A000124,R02,South City,R02-M01,urban,multi_family
A000125,R11,Border Region,R11-M02,mixed,multi_family
A000126,R05,Central Region,R05-M03,urban,single_family
A000127,R01,North City,R01-M03,urban,multi_family
A000128,R01,North City,R01-M02,urban,multi_family
A000129,R01,North City,R01-M01,urban,multi_family
A000130,R09,Urban Belt,R09-M04,urban,single_family
A000131,R04,East District,R04-M02,mixed,multi_family
A000132,R03,West District,R03-M04,mixed,single_family
A000133,R12,Metro Region,R12-M02,urban,large_residential
A000134,R04,East District,R04-M03,mixed,single_family
A000135,R09,Urban Belt,R09-M03,urban,single_family
A000136,R09,Urban Belt,R09-M02,urban,multi_family
A000137,R11,Border Region,R11-M02,mixed,single_family
A000138,R03,West District,R03-M04,mixed,multi_family
A000139,R09,Urban Belt,R09-M04,urban,multi_family
A000140,R07,Mountain Region,R07-M03,rural,multi_family
A000141,R01,North City,R01-M03,urban,large_residential
A000142,R04,East District,R04-M01,mixed,multi_family
A000143,R06,River Region,R06-M04,mixed,single_family
A000144,R04,East District,R04-M02,mixed,single_family
A000145,R10,Rural Belt,R10-M04,rural,large_residential
A000146,R07,Mountain Region,R07-M04,rural,multi_family
A000147,R09,Urban Belt,R09-M04,urban,multi_family
A000148,R05,Central Region,R05-M02,urban,multi_family
A000149,R05,Central Region,R05-M02,urban,multi_family
A000150,R04,East District,R04-M03,mixed,single_family
A000151,R05,Central Region,R05-M01,urban,multi_family
A000152,R12,Metro Region,R12-M04,urban,multi_family
A000153,R11,Border Region,R11-M03,mixed,multi_family
A000154,R11,Border Region,R11-M03,mixed,multi_family
A000155,R09,Urban Belt,R09-M01,urban,single_family
A000156,R05,Central Region,R05-M03,urban,multi_family
A000157,R10,Rural Belt,R10-M03,rural,single_family
A000158,R12,Metro Region,R12-M01,urban,multi_family
A000159,R06,River Region,R06-M03,mixed,multi_family
A000160,R09,Urban Belt,R09-M04,urban,multi_family
A000161,R09,Urban Belt,R09-M04,urban,multi_family
A000162,R02,South City,R02-M04,urban,multi_family
A000163,R10,Rural Belt,R10-M03,rural,single_family
A000164,R07,Mountain Region,R07-M03,rural,single_family
A000165,R08,Lake Region,R08-M03,rural,single_family
A000166,R10,Rural Belt,R10-M02,rural,large_residential
A000167,R04,East District,R04-M03,mixed,single_family
A000168,R03,West District,R03-M04,mixed,multi_family
A000169,R12,Metro Region,R12-M04,urban,single_family
A000170,R03,West District,R03-M04,mixed,multi_family
A000171,R09,Urban Belt,R09-M01,urban,single_family
A000172,R09,Urban Belt,R09-M04,urban,single_family
A000173,R10,Rural Belt,R10-M04,rural,single_family
A000174,R06,River Region,R06-M04,mixed,multi_family
A000175,R06,River Region,R06-M03,mixed,single_family
A000176,R08,Lake Region,R08-M04,rural,single_family
A000177,R08,Lake Region,R08-M04,rural,multi_family
A000178,R06,River Region,R06-M02,mixed,multi_family
A000179,R09,Urban Belt,R09-M01,urban,multi_family
A000180,R11,Border Region,R11-M01,mixed,multi_family
A000181,R12,Metro Region,R12-M01,urban,multi_family
A000182,R07,Mountain Region,R07-M02,rural,single_family
A000183,R11,Border Region,R11-M01,mixed,multi_family
A000184,R02,South City,R02-M04,urban,single_family
A000185,R02,South City,R02-M01,urban,multi_family
A000186,R03,West District,R03-M03,mixed,multi_family
A000187,R01,North City,R01-M04,urban,multi_family
A000188,R09,Urban Belt,R09-M02,urban,multi_family
A000189,R10,Rural Belt,R10-M01,rural,multi_family
A000190,R12,Metro Region,R12-M01,urban,single_family
A000191,R01,North City,R01-M01,urban,multi_family
A000192,R08,Lake Region,R08-M01,rural,single_family
A000193,R01,North City,R01-M03,urban,multi_family
A000194,R10,Rural Belt,R10-M04,rural,multi_family
A000195,R12,Metro Region,R12-M01,urban,multi_family
A000196,R04,East District,R04-M04,mixed,multi_family
A000197,R03,West District,R03-M01,mixed,single_family
A000198,R01,North City,R01-M01,urban,single_family
A000199,R10,Rural Belt,R10-M02,rural,multi_family
A000200,R09,Urban Belt,R09-M01,urban,large_residential
A000201,R09,Urban Belt,R09-M02,urban,multi_family
A000202,R09,Urban Belt,R09-M03,urban,multi_family
A000203,R11,Border Region,R11-M01,mixed,multi_family
A000204,R06,River Region,R06-M02,mixed,large_residential
A000205,R01,North City,R01-M01,urban,large_residential
A000206,R02,South City,R02-M03,urban,multi_family
A000207,R03,West District,R03-M03,mixed,multi_family
A000208,R03,West District,R03-M04,mixed,single_family
A000209,R01,North City,R01-M03,urban,large_residential
A000210,R01,North City,R01-M04,urban,multi_family
A000211,R07,Mountain Region,R07-M04,rural,multi_family
A000212,R09,Urban Belt,R09-M02,urban,single_family
A000213,R09,Urban Belt,R09-M02,urban,multi_family
A000214,R12,Metro Region,R12-M04,urban,multi_family
A000215,R03,West District,R03-M01,mixed,single_family
A000216,R09,Urban Belt,R09-M01,urban,multi_family
A000217,R01,North City,R01-M01,urban,multi_family
A000218,R07,Mountain Region,R07-M03,rural,single_family
A000219,R09,Urban Belt,R09-M03,urban,single_family
A000220,R06,River Region,R06-M01,mixed,single_family
A000221,R11,Border Region,R11-M04,mixed,single_family
A000222,R10,Rural Belt,R10-M01,rural,single_family
A000223,R09,Urban Belt,R09-M04,urban,single_family
A000224,R10,Rural Belt,R10-M01,rural,single_family
A000225,R02,South City,R02-M04,urban,multi_family
A000226,R12,Metro Region,R12-M04,urban,single_family
A000227,R09,Urban Belt,R09-M04,urban,multi_family
A000228,R06,River Region,R06-M03,mixed,multi_family
A000229,R01,North City,R01-M01,urban,single_family
A000230,R05,Central Region,R05-M04,urban,single_family
A000231,R09,Urban Belt,R09-M01,urban,large_residential
A000232,R02,South City,R02-M04,urban,single_family
A000233,R10,Rural Belt,R10-M04,rural,single_family
A000234,R01,North City,R01-M03,urban,large_residential
A000235,R12,Metro Region,R12-M02,urban,single_family
A000236,R08,Lake Region,R08-M01,rural,single_family
A000237,R05,Central Region,R05-M01,urban,multi_family
A000238,R05,Central Region,R05-M01,urban,multi_family
A000239,R04,East District,R04-M01,mixed,large_residential
A000240,R01,North City,R01-M01,urban,multi_family
A000241,R05,Central Region,R05-M02,urban,multi_family
A000242,R04,East District,R04-M01,mixed,large_residential
A000243,R10,Rural Belt,R10-M01,rural,single_family
A000244,R09,Urban Belt,R09-M01,urban,multi_family
A000245,R05,Central Region,R05-M04,urban,multi_family
A000246,R01,North City,R01-M01,urban,multi_family
A000247,R07,Mountain Region,R07-M04,rural,single_family
A000248,R06,River Region,R06-M01,mixed,multi_family
A000249,R01,North City,R01-M03,urban,single_family
A000250,R01,North City,R01-M01,urban,multi_family
A000251,R07,Mountain Region,R07-M01,rural,single_family
A000252,R11,Border Region,R11-M01,mixed,multi_family
A000253,R05,Central Region,R05-M03,urban,multi_family
A000254,R01,North City,R01-M04,urban,large_residential
A000255,R08,Lake Region,R08-M03,rural,multi_family
A000256,R05,Central Region,R05-M04,urban,multi_family
A000257,R07,Mountain Region,R07-M01,rural,multi_family
A000258,R06,River Region,R06-M01,mixed,multi_family
A000259,R03,West District,R03-M04,mixed,single_family
A000260,R06,River Region,R06-M03,mixed,single_family
A000261,R02,South City,R02-M03,urban,large_residential
A000262,R01,North City,R01-M02,urban,single_family
A000263,R09,Urban Belt,R09-M04,urban,single_family
A000264,R10,Rural Belt,R10-M02,rural,single_family
A000265,R12,Metro Region,R12-M01,urban,multi_family
A000266,R05,Central Region,R05-M04,urban,multi_family
A000267,R01,North City,R01-M04,urban,multi_family
A000268,R09,Urban Belt,R09-M02,urban,multi_family
A000269,R02,South City,R02-M04,urban,multi_family
A000270,R10,Rural Belt,R10-M03,rural,single_family
A000271,R01,North City,R01-M03,urban,multi_family
A000272,R07,Mountain Region,R07-M01,rural,single_family
A000273,R12,Metro Region,R12-M03,urban,multi_family
A000274,R03,West District,R03-M03,mixed,multi_family
A000275,R03,West District,R03-M01,mixed,single_family
A000276,R12,Metro Region,R12-M04,urban,multi_family
A000277,R11,Border Region,R11-M03,mixed,multi_family
A000278,R01,North City,R01-M01,urban,multi_family
A000279,R03,West District,R03-M01,mixed,multi_family
A000280,R12,Metro Region,R12-M01,urban,large_residential
A000281,R12,Metro Region,R12-M03,urban,multi_family
A000282,R03,West District,R03-M03,mixed,single_family
A000283,R04,East District,R04-M01,mixed,single_family
A000284,R12,Metro Region,R12-M04,urban,single_family
A000285,R05,Central Region,R05-M04,urban,multi_family
A000286,R09,Urban Belt,R09-M03,urban,large_residential
A000287,R08,Lake Region,R08-M03,rural,single_family
A000288,R11,Border Region,R11-M03,mixed,single_family
A000289,R12,Metro Region,R12-M03,urban,single_family
A000290,R10,Rural Belt,R10-M01,rural,multi_family
A000291,R10,Rural Belt,R10-M03,rural,multi_family
A000292,R01,North City,R01-M01,urban,large_residential
A000293,R03,West District,R03-M04,mixed,large_residential
A000294,R06,River Region,R06-M02,mixed,single_family
A000295,R09,Urban Belt,R09-M01,urban,single_family
A000296,R09,Urban Belt,R09-M04,urban,multi_family
A000297,R08,Lake Region,R08-M04,rural,single_family
A000298,R01,North City,R01-M01,urban,multi_family
A000299,R01,North City,R01-M02,urban,single_family
A000300,R03,West District,R03-M01,mixed,single_family
A000301,R04,East District,R04-M04,mixed,single_family
A000302,R02,South City,R02-M04,urban,multi_family
A000303,R02,South City,R02-M01,urban,multi_family
A000304,R01,North City,R01-M04,urban,multi_family
A000305,R03,West District,R03-M02,mixed,single_family
A000306,R04,East District,R04-M04,mixed,large_residential
A000307,R10,Rural Belt,R10-M03,rural,multi_family
A000308,R09,Urban Belt,R09-M04,urban,multi_family
A000309,R06,River Region,R06-M03,mixed,single_family
A000310,R12,Metro Region,R12-M01,urban,multi_family
A000311,R01,North City,R01-M02,urban,multi_family
A000312,R12,Metro Region,R12-M04,urban,multi_family
A000313,R10,Rural Belt,R10-M04,rural,single_family
A000314,R10,Rural Belt,R10-M02,rural,single_family
A000315,R02,South City,R02-M03,urban,multi_family
A000316,R10,Rural Belt,R10-M04,rural,single_family
A000317,R02,South City,R02-M04,urban,multi_family
A000318,R06,River Region,R06-M04,mixed,multi_family
A000319,R03,West District,R03-M03,mixed,single_family
A000320,R06,River Region,R06-M04,mixed,multi_family
A000321,R10,Rural Belt,R10-M03,rural,multi_family
A000322,R04,East District,R04-M01,mixed,multi_family
A000323,R01,North City,R01-M02,urban,single_family
A000324,R02,South City,R02-M02,urban,single_family
A000325,R12,Metro Region,R12-M01,urban,multi_family
A000326,R05,Central Region,R05-M01,urban,multi_family
A000327,R05,Central Region,R05-M03,urban,single_family
A000328,R12,Metro Region,R12-M04,urban,multi_family
A000329,R07,Mountain Region,R07-M04,rural,single_family
A000330,R03,West District,R03-M04,mixed,multi_family
A000331,R09,Urban Belt,R09-M04,urban,multi_family
A000332,R04,East District,R04-M03,mixed,large_residential
A000333,R12,Metro Region,R12-M02,urban,multi_family
A000334,R03,West District,R03-M02,mixed,large_residential
A000335,R12,Metro Region,R12-M04,urban,multi_family
A000336,R05,Central Region,R05-M01,urban,multi_family
A000337,R01,North City,R01-M03,urban,multi_family
A000338,R07,Mountain Region,R07-M03,rural,multi_family
A000339,R06,River Region,R06-M04,mixed,multi_family
A000340,R03,West District,R03-M03,mixed,single_family
A000341,R08,Lake Region,R08-M03,rural,single_family
A000342,R10,Rural Belt,R10-M04,rural,single_family
A000343,R12,Metro Region,R12-M03,urban,multi_family
A000344,R12,Metro Region,R12-M03,urban,single_family
A000345,R09,Urban Belt,R09-M01,urban,large_residential
A000346,R02,South City,R02-M01,urban,multi_family
A000347,R01,North City,R01-M01,urban,single_family
A000348,R09,Urban Belt,R09-M02,urban,multi_family
A000349,R09,Urban Belt,R09-M04,urban,multi_family
A000350,R10,Rural Belt,R10-M04,rural,single_family
A000351,R02,South City,R02-M03,urban,multi_family
A000352,R09,Urban Belt,R09-M02,urban,multi_family
A000353,R11,Border Region,R11-M01,mixed,multi_family
A000354,R05,Central Region,R05-M02,urban,multi_family
A000355,R04,East District,R04-M01,mixed,single_family
A000356,R09,Urban Belt,R09-M04,urban,large_residential
A000357,R12,Metro Region,R12-M03,urban,multi_family
A000358,R10,Rural Belt,R10-M01,rural,single_family
A000359,R10,Rural Belt,R10-M01,rural,single_family
A000360,R12,Metro Region,R12-M03,urban,single_family
A000361,R04,East District,R04-M03,mixed,multi_family
A000362,R02,South City,R02-M04,urban,multi_family
A000363,R01,North City,R01-M01,urban,multi_family
A000364,R09,Urban Belt,R09-M01,urban,multi_family
A000365,R03,West District,R03-M04,mixed,multi_family
A000366,R05,Central Region,R05-M04,urban,multi_family
A000367,R10,Rural Belt,R10-M04,rural,single_family
A000368,R07,Mountain Region,R07-M01,rural,single_family
A000369,R05,Central Region,R05-M03,urban,multi_family
A000370,R04,East District,R04-M04,mixed,single_family
A000371,R05,Central Region,R05-M02,urban,large_residential
A000372,R06,River Region,R06-M02,mixed,single_family
A000373,R05,Central Region,R05-M01,urban,multi_family
A000374,R08,Lake Region,R08-M04,rural,single_family
A000375,R12,Metro Region,R12-M04,urban,single_family
A000376,R04,East District,R04-M04,mixed,single_family
A000377,R02,South City,R02-M03,urban,multi_family
A000378,R07,Mountain Region,R07-M01,rural,single_family
A000379,R11,Border Region,R11-M03,mixed,single_family
A000380,R02,South City,R02-M04,urban,multi_family
A000381,R09,Urban Belt,R09-M02,urban,multi_family
A000382,R01,North City,R01-M03,urban,large_residential
A000383,R03,West District,R03-M03,mixed,large_residential
A000384,R08,Lake Region,R08-M02,rural,single_family
A000385,R02,South City,R02-M04,urban,multi_family
A000386,R07,Mountain Region,R07-M01,rural,single_family
A000387,R01,North City,R01-M02,urban,single_family
A000388,R05,Central Region,R05-M02,urban,multi_family
A000389,R11,Border Region,R11-M02,mixed,multi_family
A000390,R04,East District,R04-M04,mixed,single_family
A000391,R09,Urban Belt,R09-M04,urban,single_family
A000392,R05,Central Region,R05-M01,urban,large_residential
A000393,R04,East District,R04-M04,mixed,multi_family
A000394,R12,Metro Region,R12-M02,urban,large_residential
A000395,R05,Central Region,R05-M04,urban,multi_family
A000396,R06,River Region,R06-M03,mixed,multi_family
A000397,R10,Rural Belt,R10-M01,rural,single_family
A000398,R01,North City,R01-M03,urban,large_residential
A000399,R02,South City,R02-M01,urban,large_residential
A000400,R07,Mountain Region,R07-M03,rural,multi_family
A000401,R02,South City,R02-M02,urban,multi_family
A000402,R01,North City,R01-M01,urban,multi_family
A000403,R09,Urban Belt,R09-M01,urban,large_residential
A000404,R02,South City,R02-M03,urban,multi_family
A000405,R02,South City,R02-M04,urban,large_residential
A000406,R12,Metro Region,R12-M04,urban,multi_family
A000407,R01,North City,R01-M02,urban,multi_family
A000408,R02,South City,R02-M02,urban,multi_family
A000409,R06,River Region,R06-M03,mixed,single_family
A000410,R07,Mountain Region,R07-M01,rural,single_family
A000411,R09,Urban Belt,R09-M02,urban,large_residential
A000412,R09,Urban Belt,R09-M03,urban,large_residential
A000413,R04,East District,R04-M04,mixed,single_family
A000414,R01,North City,R01-M03,urban,multi_family
A000415,R12,Metro Region,R12-M01,urban,multi_family
A000416,R06,River Region,R06-M03,mixed,single_family
A000417,R09,Urban Belt,R09-M03,urban,single_family
A000418,R02,South City,R02-M03,urban,single_family
A000419,R09,Urban Belt,R09-M03,urban,multi_family
A000420,R05,Central Region,R05-M01,urban,multi_family
A000421,R01,North City,R01-M02,urban,single_family
A000422,R02,South City,R02-M03,urban,multi_family
A000423,R08,Lake Region,R08-M04,rural,single_family
A000424,R12,Metro Region,R12-M01,urban,single_family
A000425,R01,North City,R01-M04,urban,large_residential
A000426,R05,Central Region,R05-M01,urban,large_residential
A000427,R03,West District,R03-M02,mixed,multi_family
A000428,R02,South City,R02-M04,urban,single_family
A000429,R01,North City,R01-M04,urban,multi_family
A000430,R02,South City,R02-M02,urban,single_family
A000431,R05,Central Region,R05-M01,urban,multi_family
A000432,R02,South City,R02-M02,urban,large_residential
A000433,R11,Border Region,R11-M02,mixed,single_family
A000434,R08,Lake Region,R08-M02,rural,single_family
A000435,R09,Urban Belt,R09-M04,urban,multi_family
A000436,R01,North City,R01-M03,urban,multi_family
A000437,R07,Mountain Region,R07-M02,rural,single_family
A000438,R02,South City,R02-M01,urban,multi_family
A000439,R06,River Region,R06-M04,mixed,multi_family
A000440,R12,Metro Region,R12-M01,urban,multi_family
A000441,R03,West District,R03-M02,mixed,single_family
A000442,R10,Rural Belt,R10-M02,rural,single_family
A000443,R10,Rural Belt,R10-M03,rural,single_family
A000444,R06,River Region,R06-M01,mixed,large_residential
A000445,R03,West District,R03-M02,mixed,multi_family
A000446,R04,East District,R04-M04,mixed,single_family
A000447,R01,North City,R01-M04,urban,single_family
A000448,R09,Urban Belt,R09-M04,urban,multi_family
A000449,R03,West District,R03-M02,mixed,multi_family
A000450,R04,East District,R04-M03,mixed,multi_family
A000451,R02,South City,R02-M01,urban,multi_family
A000452,R12,Metro Region,R12-M02,urban,multi_family
A000453,R04,East District,R04-M03,mixed,single_family
A000454,R10,Rural Belt,R10-M01,rural,single_family
A000455,R08,Lake Region,R08-M04,rural,single_family
A000456,R04,East District,R04-M04,mixed,single_family
A000457,R10,Rural Belt,R10-M01,rural,single_family
A000458,R02,South City,R02-M03,urban,multi_family
A000459,R04,East District,R04-M04,mixed,multi_family
A000460,R10,Rural Belt,R10-M04,rural,multi_family
A000461,R01,North City,R01-M03,urban,multi_family
A000462,R02,South City,R02-M01,urban,multi_family
A000463,R10,Rural Belt,R10-M02,rural,single_family
A000464,R05,Central Region,R05-M01,urban,multi_family
A000465,R07,Mountain Region,R07-M04,rural,multi_family
A000466,R12,Metro Region,R12-M01,urban,single_family
A000467,R01,North City,R01-M03,urban,multi_family
A000468,R05,Central Region,R05-M04,urban,multi_family
A000469,R05,Central Region,R05-M04,urban,multi_family
A000470,R01,North City,R01-M04,urban,single_family
A000471,R05,Central Region,R05-M01,urban,single_family
A000472,R09,Urban Belt,R09-M01,urban,multi_family
A000473,R05,Central Region,R05-M01,urban,multi_family
A000474,R08,Lake Region,R08-M03,rural,single_family
A000475,R10,Rural Belt,R10-M03,rural,multi_family
A000476,R02,South City,R02-M01,urban,large_residential
A000477,R02,South City,R02-M01,urban,large_residential
A000478,R10,Rural Belt,R10-M03,rural,single_family
A000479,R07,Mountain Region,R07-M02,rural,single_family
A000480,R01,North City,R01-M04,urban,multi_family
A000481,R07,Mountain Region,R07-M03,rural,single_family
A000482,R07,Mountain Region,R07-M02,rural,single_family
A000483,R12,Metro Region,R12-M03,urban,single_family
A000484,R03,West District,R03-M03,mixed,single_family
A000485,R02,South City,R02-M03,urban,multi_family
A000486,R05,Central Region,R05-M04,urban,multi_family
A000487,R10,Rural Belt,R10-M02,rural,multi_family
A000488,R06,River Region,R06-M02,mixed,single_family
A000489,R10,Rural Belt,R10-M02,rural,single_family
A000490,R04,East District,R04-M04,mixed,multi_family
A000491,R10,Rural Belt,R10-M03,rural,single_family
A000492,R07,Mountain Region,R07-M03,rural,single_family
A000493,R09,Urban Belt,R09-M04,urban,large_residential
A000494,R11,Border Region,R11-M02,mixed,multi_family
A000495,R08,Lake Region,R08-M03,rural,single_family
A000496,R12,Metro Region,R12-M04,urban,multi_family
A000497,R01,North City,R01-M03,urban,multi_family
A000498,R11,Border Region,R11-M04,mixed,single_family
A000499,R05,Central Region,R05-M01,urban,single_family
A000500,R05,Central Region,R05-M01,urban,single_family
A000501,R12,Metro Region,R12-M03,urban,multi_family
A000502,R09,Urban Belt,R09-M03,urban,single_family
A000503,R04,East District,R04-M04,mixed,single_family
A000504,R03,West District,R03-M03,mixed,multi_family
A000505,R06,River Region,R06-M02,mixed,single_family
A000506,R03,West District,R03-M02,mixed,multi_family
A000507,R12,Metro Region,R12-M03,urban,multi_family
A000508,R01,North City,R01-M04,urban,multi_family
A000509,R02,South City,R02-M04,urban,large_residential
A000510,R03,West District,R03-M02,mixed,large_residential
A000511,R10,Rural Belt,R10-M01,rural,single_family
A000512,R01,North City,R01-M03,urban,multi_family
A000513,R09,Urban Belt,R09-M01,urban,multi_family
A000514,R09,Urban Belt,R09-M04,urban,multi_family
A000515,R11,Border Region,R11-M01,mixed,single_family
A000516,R01,North City,R01-M04,urban,single_family
A000517,R09,Urban Belt,R09-M03,urban,single_family
A000518,R04,East District,R04-M01,mixed,single_family
A000519,R12,Metro Region,R12-M02,urban,large_residential
A000520,R04,East District,R04-M04,mixed,single_family
A000521,R02,South City,R02-M03,urban,large_residential
A000522,R08,Lake Region,R08-M02,rural,multi_family
A000523,R09,Urban Belt,R09-M02,urban,single_family
A000524,R10,Rural Belt,R10-M04,rural,single_family
A000525,R06,River Region,R06-M02,mixed,single_family
A000526,R02,South City,R02-M02,urban,single_family
A000527,R02,South City,R02-M04,urban,multi_family
A000528,R11,Border Region,R11-M01,mixed,single_family
A000529,R06,River Region,R06-M04,mixed,multi_family
A000530,R01,North City,R01-M01,urban,multi_family
A000531,R09,Urban Belt,R09-M02,urban,large_residential
A000532,R05,Central Region,R05-M02,urban,single_family
A000533,R10,Rural Belt,R10-M01,rural,multi_family
A000534,R04,East District,R04-M04,mixed,large_residential
A000535,R05,Central Region,R05-M01,urban,multi_family
A000536,R01,North City,R01-M02,urban,multi_family
A000537,R12,Metro Region,R12-M03,urban,single_family
A000538,R04,East District,R04-M02,mixed,multi_family
A000539,R12,Metro Region,R12-M02,urban,multi_family
A000540,R07,Mountain Region,R07-M03,rural,multi_family
A000541,R01,North City,R01-M03,urban,multi_family
A000542,R09,Urban Belt,R09-M03,urban,multi_family
A000543,R11,Border Region,R11-M01,mixed,multi_family
A000544,R05,Central Region,R05-M02,urban,multi_family
A000545,R12,Metro Region,R12-M03,urban,multi_family
A000546,R03,West District,R03-M01,mixed,large_residential
A000547,R06,River Region,R06-M03,mixed,multi_family
A000548,R11,Border Region,R11-M02,mixed,large_residential
A000549,R09,Urban Belt,R09-M01,urban,multi_family
A000550,R12,Metro Region,R12-M03,urban,multi_family
A000551,R08,Lake Region,R08-M03,rural,single_family
A000552,R04,East District,R04-M04,mixed,single_family
A000553,R09,Urban Belt,R09-M01,urban,multi_family
A000554,R11,Border Region,R11-M04,mixed,large_residential
A000555,R04,East District,R04-M02,mixed,single_family
A000556,R02,South City,R02-M02,urban,large_residential
A000557,R03,West District,R03-M01,mixed,multi_family
A000558,R12,Metro Region,R12-M03,urban,multi_family
A000559,R04,East District,R04-M03,mixed,single_family
A000560,R04,East District,R04-M04,mixed,large_residential
A000561,R07,Mountain Region,R07-M03,rural,single_family
A000562,R05,Central Region,R05-M02,urban,multi_family
A000563,R11,Border Region,R11-M03,mixed,multi_family
A000564,R02,South City,R02-M01,urban,multi_family
A000565,R11,Border Region,R11-M02,mixed,single_family
A000566,R02,South City,R02-M03,urban,single_family
A000567,R08,Lake Region,R08-M02,rural,multi_family
A000568,R08,Lake Region,R08-M01,rural,multi_family
A000569,R11,Border Region,R11-M02,mixed,single_family
A000570,R03,West District,R03-M02,mixed,single_family
A000571,R06,River Region,R06-M03,mixed,multi_family
A000572,R04,East District,R04-M04,mixed,large_residential
A000573,R12,Metro Region,R12-M02,urban,multi_family
A000574,R06,River Region,R06-M01,mixed,single_family
A000575,R08,Lake Region,R08-M03,rural,single_family
A000576,R06,River Region,R06-M04,mixed,multi_family
A000577,R10,Rural Belt,R10-M01,rural,single_family
A000578,R02,South City,R02-M04,urban,large_residential
A000579,R12,Metro Region,R12-M03,urban,large_residential
A000580,R05,Central Region,R05-M03,urban,multi_family
A000581,R11,Border Region,R11-M03,mixed,multi_family
A000582,R08,Lake Region,R08-M02,rural,single_family
A000583,R01,North City,R01-M01,urban,single_family
A000584,R12,Metro Region,R12-M04,urban,multi_family
A000585,R07,Mountain Region,R07-M01,rural,single_family
A000586,R04,East District,R04-M01,mixed,multi_family
A000587,R07,Mountain Region,R07-M01,rural,single_family
A000588,R11,Border Region,R11-M01,mixed,large_residential
A000589,R08,Lake Region,R08-M03,rural,multi_family
A000590,R09,Urban Belt,R09-M04,urban,multi_family
A000591,R08,Lake Region,R08-M04,rural,single_family
A000592,R04,East District,R04-M02,mixed,large_residential
A000593,R02,South City,R02-M02,urban,single_family
A000594,R01,North City,R01-M02,urban,multi_family
A000595,R04,East District,R04-M02,mixed,multi_family
A000596,R10,Rural Belt,R10-M04,rural,single_family
A000597,R04,East District,R04-M02,mixed,single_family
A000598,R07,Mountain Region,R07-M03,rural,single_family
A000599,R03,West District,R03-M03,mixed,multi_family
A000600,R06,River Region,R06-M02,mixed,multi_family
A000601,R04,East District,R04-M02,mixed,single_family
A000602,R01,North City,R01-M02,urban,multi_family
A000603,R12,Metro Region,R12-M04,urban,multi_family
A000604,R02,South City,R02-M03,urban,multi_family
A000605,R03,West District,R03-M02,mixed,single_family
A000606,R12,Metro Region,R12-M03,urban,large_residential
A000607,R07,Mountain Region,R07-M02,rural,single_family
A000608,R01,North City,R01-M04,urban,large_residential
A000609,R01,North City,R01-M03,urban,multi_family
A000610,R07,Mountain Region,R07-M03,rural,single_family
A000611,R05,Central Region,R05-M01,urban,large_residential
A000612,R05,Central Region,R05-M02,urban,multi_family
A000613,R04,East District,R04-M02,mixed,large_residential
A000614,R06,River Region,R06-M02,mixed,large_residential
A000615,R01,North City,R01-M03,urban,single_family
A000616,R05,Central Region,R05-M03,urban,multi_family
A000617,R01,North City,R01-M01,urban,multi_family
A000618,R10,Rural Belt,R10-M01,rural,multi_family
A000619,R11,Border Region,R11-M03,mixed,single_family
A000620,R09,Urban Belt,R09-M04,urban,multi_family
A000621,R06,River Region,R06-M01,mixed,single_family
A000622,R02,South City,R02-M04,urban,large_residential
A000623,R09,Urban Belt,R09-M02,urban,large_residential
A000624,R07,Mountain Region,R07-M02,rural,single_family
A000625,R05,Central Region,R05-M02,urban,single_family
A000626,R11,Border Region,R11-M02,mixed,single_family
A000627,R09,Urban Belt,R09-M01,urban,single_family
A000628,R08,Lake Region,R08-M03,rural,single_family
A000629,R06,River Region,R06-M01,mixed,single_family
A000630,R09,Urban Belt,R09-M03,urban,multi_family
A000631,R10,Rural Belt,R10-M01,rural,single_family
A000632,R05,Central Region,R05-M04,urban,multi_family
A000633,R11,Border Region,R11-M01,mixed,multi_family
A000634,R03,West District,R03-M04,mixed,single_family
A000635,R10,Rural Belt,R10-M03,rural,single_family
A000636,R03,West District,R03-M01,mixed,single_family
A000637,R01,North City,R01-M01,urban,single_family
A000638,R06,River Region,R06-M04,mixed,multi_family
A000639,R05,Central Region,R05-M01,urban,multi_family
A000640,R10,Rural Belt,R10-M03,rural,single_family
A000641,R05,Central Region,R05-M01,urban,large_residential
A000642,R09,Urban Belt,R09-M04,urban,multi_family
A000643,R01,North City,R01-M03,urban,multi_family
A000644,R01,North City,R01-M03,urban,large_residential
A000645,R06,River Region,R06-M01,mixed,multi_family
A000646,R04,East District,R04-M02,mixed,multi_family
A000647,R04,East District,R04-M02,mixed,large_residential
A000648,R08,Lake Region,R08-M01,rural,multi_family
A000649,R10,Rural Belt,R10-M01,rural,single_family
A000650,R02,South City,R02-M03,urban,multi_family
A000651,R12,Metro Region,R12-M03,urban,large_residential
A000652,R10,Rural Belt,R10-M04,rural,single_family
A000653,R12,Metro Region,R12-M03,urban,large_residential
A000654,R08,Lake Region,R08-M02,rural,single_family
A000655,R12,Metro Region,R12-M01,urban,multi_family
A000656,R02,South City,R02-M03,urban,large_residential
A000657,R01,North City,R01-M04,urban,large_residential
A000658,R08,Lake Region,R08-M04,rural,single_family
A000659,R03,West District,R03-M01,mixed,multi_family
A000660,R08,Lake Region,R08-M03,rural,single_family
A000661,R02,South City,R02-M04,urban,multi_family
A000662,R06,River Region,R06-M04,mixed,multi_family
A000663,R08,Lake Region,R08-M01,rural,single_family
A000664,R10,Rural Belt,R10-M01,rural,single_family
A000665,R10,Rural Belt,R10-M04,rural,single_family
A000666,R10,Rural Belt,R10-M04,rural,multi_family
A000667,R10,Rural Belt,R10-M04,rural,single_family
A000668,R02,South City,R02-M04,urban,multi_family
A000669,R12,Metro Region,R12-M01,urban,multi_family
A000670,R08,Lake Region,R08-M02,rural,single_family
A000671,R10,Rural Belt,R10-M02,rural,multi_family
A000672,R03,West District,R03-M04,mixed,single_family
A000673,R02,South City,R02-M01,urban,multi_family
A000674,R02,South City,R02-M02,urban,multi_family
A000675,R02,South City,R02-M01,urban,multi_family
A000676,R06,River Region,R06-M03,mixed,multi_family
A000677,R02,South City,R02-M03,urban,multi_family
A000678,R01,North City,R01-M03,urban,single_family
A000679,R09,Urban Belt,R09-M03,urban,single_family
A000680,R06,River Region,R06-M01,mixed,multi_family
A000681,R01,North City,R01-M04,urban,multi_family
A000682,R01,North City,R01-M04,urban,single_family
A000683,R01,North City,R01-M02,urban,multi_family
A000684,R10,Rural Belt,R10-M02,rural,multi_family
A000685,R04,East District,R04-M04,mixed,single_family
A000686,R01,North City,R01-M04,urban,multi_family
A000687,R09,Urban Belt,R09-M02,urban,multi_family
A000688,R04,East District,R04-M01,mixed,single_family
A000689,R07,Mountain Region,R07-M02,rural,multi_family
A000690,R04,East District,R04-M01,mixed,large_residential
A000691,R07,Mountain Region,R07-M03,rural,multi_family
A000692,R08,Lake Region,R08-M02,rural,single_family
A000693,R01,North City,R01-M03,urban,multi_family
A000694,R07,Mountain Region,R07-M01,rural,multi_family
A000695,R01,North City,R01-M04,urban,multi_family
A000696,R11,Border Region,R11-M03,mixed,multi_family
A000697,R12,Metro Region,R12-M02,urban,multi_family
A000698,R10,Rural Belt,R10-M02,rural,single_family
A000699,R01,North City,R01-M04,urban,multi_family
A000700,R02,South City,R02-M02,urban,multi_family
A000701,R07,Mountain Region,R07-M03,rural,single_family
A000702,R03,West District,R03-M02,mixed,single_family
A000703,R05,Central Region,R05-M03,urban,multi_family
A000704,R04,East District,R04-M02,mixed,multi_family
A000705,R09,Urban Belt,R09-M04,urban,multi_family
A000706,R09,Urban Belt,R09-M01,urban,single_family
A000707,R03,West District,R03-M03,mixed,multi_family
A000708,R03,West District,R03-M01,mixed,multi_family
A000709,R02,South City,R02-M02,urban,large_residential
A000710,R06,River Region,R06-M02,mixed,multi_family
A000711,R08,Lake Region,R08-M01,rural,single_family
A000712,R09,Urban Belt,R09-M02,urban,large_residential
A000713,R12,Metro Region,R12-M02,urban,multi_family
A000714,R05,Central Region,R05-M03,urban,single_family
A000715,R01,North City,R01-M02,urban,multi_family
A000716,R09,Urban Belt,R09-M02,urban,single_family
A000717,R11,Border Region,R11-M03,mixed,multi_family
A000718,R10,Rural Belt,R10-M02,rural,single_family
A000719,R03,West District,R03-M04,mixed,single_family
A000720,R06,River Region,R06-M03,mixed,single_family
A000721,R02,South City,R02-M01,urban,multi_family
A000722,R07,Mountain Region,R07-M03,rural,single_family
A000723,R12,Metro Region,R12-M03,urban,single_family
A000724,R07,Mountain Region,R07-M01,rural,single_family
A000725,R12,Metro Region,R12-M01,urban,multi_family
A000726,R06,River Region,R06-M02,mixed,multi_family
A000727,R12,Metro Region,R12-M02,urban,multi_family
A000728,R10,Rural Belt,R10-M03,rural,large_residential
A000729,R09,Urban Belt,R09-M02,urban,multi_family
A000730,R12,Metro Region,R12-M02,urban,multi_family
A000731,R05,Central Region,R05-M01,urban,large_residential
A000732,R02,South City,R02-M03,urban,single_family
A000733,R04,East District,R04-M03,mixed,single_family
A000734,R03,West District,R03-M02,mixed,large_residential
A000735,R09,Urban Belt,R09-M02,urban,multi_family
A000736,R07,Mountain Region,R07-M02,rural,single_family
A000737,R01,North City,R01-M01,urban,single_family
A000738,R03,West District,R03-M02,mixed,large_residential
A000739,R05,Central Region,R05-M03,urban,single_family
A000740,R11,Border Region,R11-M01,mixed,single_family
A000741,R02,South City,R02-M04,urban,single_family
A000742,R01,North City,R01-M02,urban,multi_family
A000743,R04,East District,R04-M03,mixed,multi_family
A000744,R11,Border Region,R11-M01,mixed,multi_family
A000745,R09,Urban Belt,R09-M03,urban,multi_family
A000746,R01,North City,R01-M04,urban,multi_family
A000747,R07,Mountain Region,R07-M04,rural,single_family
A000748,R10,Rural Belt,R10-M03,rural,single_family
A000749,R08,Lake Region,R08-M03,rural,single_family
A000750,R09,Urban Belt,R09-M01,urban,large_residential
A000751,R12,Metro Region,R12-M03,urban,multi_family
A000752,R05,Central Region,R05-M02,urban,single_family
A000753,R04,East District,R04-M01,mixed,single_family
A000754,R04,East District,R04-M02,mixed,multi_family
A000755,R10,Rural Belt,R10-M02,rural,single_family
A000756,R01,North City,R01-M04,urban,multi_family
A000757,R02,South City,R02-M04,urban,single_family
A000758,R05,Central Region,R05-M02,urban,multi_family
A000759,R07,Mountain Region,R07-M02,rural,single_family
A000760,R05,Central Region,R05-M03,urban,multi_family
A000761,R02,South City,R02-M03,urban,single_family
A000762,R05,Central Region,R05-M01,urban,multi_family
A000763,R07,Mountain Region,R07-M01,rural,multi_family
A000764,R09,Urban Belt,R09-M02,urban,multi_family
A000765,R03,West District,R03-M02,mixed,multi_family
A000766,R12,Metro Region,R12-M01,urban,single_family
A000767,R02,South City,R02-M02,urban,multi_family
A000768,R10,Rural Belt,R10-M03,rural,single_family
A000769,R12,Metro Region,R12-M03,urban,multi_family
A000770,R01,North City,R01-M04,urban,multi_family
A000771,R12,Metro Region,R12-M02,urban,large_residential
A000772,R01,North City,R01-M03,urban,large_residential
A000773,R03,West District,R03-M04,mixed,multi_family
A000774,R01,North City,R01-M02,urban,single_family
A000775,R03,West District,R03-M01,mixed,multi_family
A000776,R09,Urban Belt,R09-M03,urban,large_residential
A000777,R12,Metro Region,R12-M01,urban,multi_family
A000778,R10,Rural Belt,R10-M04,rural,multi_family
A000779,R11,Border Region,R11-M02,mixed,single_family
A000780,R05,Central Region,R05-M03,urban,multi_family
A000781,R09,Urban Belt,R09-M03,urban,multi_family
A000782,R02,South City,R02-M01,urban,multi_family
A000783,R09,Urban Belt,R09-M02,urban,single_family
A000784,R09,Urban Belt,R09-M01,urban,single_family
A000785,R12,Metro Region,R12-M03,urban,multi_family
A000786,R09,Urban Belt,R09-M01,urban,single_family
A000787,R01,North City,R01-M01,urban,multi_family
A000788,R02,South City,R02-M02,urban,multi_family
A000789,R02,South City,R02-M01,urban,multi_family
A000790,R12,Metro Region,R12-M04,urban,multi_family
A000791,R10,Rural Belt,R10-M03,rural,multi_family
A000792,R02,South City,R02-M04,urban,single_family
A000793,R02,South City,R02-M02,urban,multi_family
A000794,R06,River Region,R06-M01,mixed,multi_family
A000795,R06,River Region,R06-M04,mixed,multi_family
A000796,R12,Metro Region,R12-M03,urban,multi_family
A000797,R09,Urban Belt,R09-M01,urban,multi_family
A000798,R10,Rural Belt,R10-M01,rural,single_family
A000799,R10,Rural Belt,R10-M01,rural,single_family
A000800,R12,Metro Region,R12-M03,urban,large_residential
A000801,R12,Metro Region,R12-M01,urban,large_residential
A000802,R05,Central Region,R05-M01,urban,multi_family
A000803,R05,Central Region,R05-M02,urban,multi_family
A000804,R05,Central Region,R05-M01,urban,single_family
A000805,R12,Metro Region,R12-M01,urban,multi_family
A000806,R01,North City,R01-M04,urban,multi_family
A000807,R12,Metro Region,R12-M02,urban,large_residential
A000808,R06,River Region,R06-M01,mixed,multi_family
A000809,R12,Metro Region,R12-M04,urban,multi_family
A000810,R12,Metro Region,R12-M04,urban,multi_family
A000811,R10,Rural Belt,R10-M03,rural,multi_family
A000812,R12,Metro Region,R12-M04,urban,single_family
A000813,R01,North City,R01-M01,urban,single_family
A000814,R12,Metro Region,R12-M04,urban,multi_family
A000815,R05,Central Region,R05-M04,urban,large_residential
A000816,R05,Central Region,R05-M03,urban,multi_family
A000817,R04,East District,R04-M01,mixed,single_family
A000818,R04,East District,R04-M04,mixed,single_family
A000819,R12,Metro Region,R12-M01,urban,multi_family
A000820,R04,East District,R04-M04,mixed,large_residential
A000821,R06,River Region,R06-M04,mixed,single_family
A000822,R07,Mountain Region,R07-M02,rural,multi_family
A000823,R05,Central Region,R05-M03,urban,large_residential
A000824,R05,Central Region,R05-M01,urban,single_family
A000825,R09,Urban Belt,R09-M03,urban,multi_family
A000826,R10,Rural Belt,R10-M03,rural,single_family
A000827,R03,West District,R03-M01,mixed,large_residential
A000828,R07,Mountain Region,R07-M02,rural,single_family
A000829,R09,Urban Belt,R09-M01,urban,multi_family
A000830,R09,Urban Belt,R09-M04,urban,multi_family
A000831,R05,Central Region,R05-M04,urban,multi_family
A000832,R05,Central Region,R05-M01,urban,single_family
A000833,R05,Central Region,R05-M03,urban,multi_family
A000834,R09,Urban Belt,R09-M03,urban,single_family
A000835,R09,Urban Belt,R09-M04,urban,single_family
A000836,R11,Border Region,R11-M03,mixed,single_family
A000837,R02,South City,R02-M03,urban,single_family
A000838,R06,River Region,R06-M04,mixed,multi_family
A000839,R12,Metro Region,R12-M02,urban,multi_family
A000840,R07,Mountain Region,R07-M03,rural,single_family
A000841,R10,Rural Belt,R10-M03,rural,single_family
A000842,R01,North City,R01-M03,urban,multi_family
A000843,R12,Metro Region,R12-M02,urban,multi_family
A000844,R03,West District,R03-M02,mixed,single_family
A000845,R05,Central Region,R05-M01,urban,multi_family
A000846,R07,Mountain Region,R07-M03,rural,single_family
A000847,R07,Mountain Region,R07-M03,rural,single_family
A000848,R10,Rural Belt,R10-M01,rural,single_family
A000849,R07,Mountain Region,R07-M04,rural,single_family
A000850,R02,South City,R02-M03,urban,large_residential
A000851,R02,South City,R02-M03,urban,multi_family
A000852,R05,Central Region,R05-M04,urban,multi_family
A000853,R06,River Region,R06-M01,mixed,single_family
A000854,R10,Rural Belt,R10-M03,rural,single_family
A000855,R01,North City,R01-M03,urban,multi_family
A000856,R04,East District,R04-M02,mixed,single_family
A000857,R03,West District,R03-M03,mixed,multi_family
A000858,R06,River Region,R06-M04,mixed,single_family
A000859,R05,Central Region,R05-M03,urban,large_residential
A000860,R08,Lake Region,R08-M04,rural,single_family
A000861,R11,Border Region,R11-M01,mixed,single_family
A000862,R01,North City,R01-M02,urban,multi_family
A000863,R12,Metro Region,R12-M03,urban,multi_family
A000864,R09,Urban Belt,R09-M01,urban,multi_family
A000865,R03,West District,R03-M01,mixed,single_family
A000866,R07,Mountain Region,R07-M01,rural,multi_family
A000867,R05,Central Region,R05-M01,urban,multi_family
A000868,R02,South City,R02-M04,urban,multi_family
A000869,R07,Mountain Region,R07-M02,rural,multi_family
A000870,R04,East District,R04-M03,mixed,single_family
A000871,R03,West District,R03-M02,mixed,single_family
A000872,R03,West District,R03-M02,mixed,single_family
A000873,R07,Mountain Region,R07-M01,rural,single_family
A000874,R02,South City,R02-M02,urban,single_family
A000875,R10,Rural Belt,R10-M02,rural,single_family
A000876,R07,Mountain Region,R07-M01,rural,single_family
A000877,R05,Central Region,R05-M03,urban,multi_family
A000878,R10,Rural Belt,R10-M01,rural,single_family
A000879,R10,Rural Belt,R10-M02,rural,single_family
A000880,R08,Lake Region,R08-M02,rural,single_family
A000881,R12,Metro Region,R12-M03,urban,large_residential
A000882,R08,Lake Region,R08-M02,rural,single_family
A000883,R05,Central Region,R05-M01,urban,multi_family
A000884,R05,Central Region,R05-M01,urban,large_residential
A000885,R12,Metro Region,R12-M03,urban,large_residential
A000886,R01,North City,R01-M03,urban,multi_family
A000887,R02,South City,R02-M04,urban,multi_family
A000888,R03,West District,R03-M03,mixed,single_family
A000889,R02,South City,R02-M02,urban,multi_family
A000890,R10,Rural Belt,R10-M04,rural,multi_family
A000891,R12,Metro Region,R12-M02,urban,multi_family
A000892,R07,Mountain Region,R07-M01,rural,multi_family
A000893,R10,Rural Belt,R10-M02,rural,multi_family
A000894,R10,Rural Belt,R10-M01,rural,single_family
A000895,R11,Border Region,R11-M01,mixed,multi_family
A000896,R09,Urban Belt,R09-M02,urban,single_family
A000897,R05,Central Region,R05-M03,urban,large_residential
A000898,R10,Rural Belt,R10-M04,rural,single_family
A000899,R06,River Region,R06-M03,mixed,multi_family
A000900,R05,Central Region,R05-M01,urban,multi_family
A000901,R05,Central Region,R05-M03,urban,multi_family
A000902,R01,North City,R01-M01,urban,multi_family
A000903,R09,Urban Belt,R09-M03,urban,multi_family
A000904,R07,Mountain Region,R07-M04,rural,single_family
A000905,R12,Metro Region,R12-M03,urban,single_family
A000906,R03,West District,R03-M01,mixed,single_family
A000907,R01,North City,R01-M01,urban,multi_family
A000908,R10,Rural Belt,R10-M03,rural,single_family
A000909,R04,East District,R04-M04,mixed,multi_family
A000910,R04,East District,R04-M03,mixed,single_family
A000911,R07,Mountain Region,R07-M03,rural,single_family
A000912,R04,East District,R04-M04,mixed,large_residential
A000913,R12,Metro Region,R12-M01,urban,large_residential
A000914,R01,North City,R01-M02,urban,multi_family
A000915,R09,Urban Belt,R09-M02,urban,multi_family
A000916,R01,North City,R01-M01,urban,large_residential
A000917,R12,Metro Region,R12-M03,urban,large_residential
A000918,R03,West District,R03-M01,mixed,large_residential
A000919,R02,South City,R02-M04,urban,multi_family
A000920,R09,Urban Belt,R09-M04,urban,multi_family
A000921,R03,West District,R03-M01,mixed,single_family
A000922,R07,Mountain Region,R07-M03,rural,single_family
A000923,R10,Rural Belt,R10-M04,rural,multi_family
A000924,R09,Urban Belt,R09-M03,urban,multi_family
A000925,R10,Rural Belt,R10-M03,rural,single_family
A000926,R04,East District,R04-M02,mixed,single_family
A000927,R11,Border Region,R11-M01,mixed,multi_family
A000928,R09,Urban Belt,R09-M04,urban,single_family
A000929,R05,Central Region,R05-M01,urban,multi_family
A000930,R10,Rural Belt,R10-M03,rural,large_residential
A000931,R12,Metro Region,R12-M03,urban,multi_family
A000932,R01,North City,R01-M01,urban,multi_family
A000933,R04,East District,R04-M03,mixed,single_family
A000934,R05,Central Region,R05-M03,urban,multi_family
A000935,R03,West District,R03-M01,mixed,multi_family
A000936,R06,River Region,R06-M02,mixed,single_family
A000937,R10,Rural Belt,R10-M03,rural,single_family
A000938,R06,River Region,R06-M04,mixed,single_family
A000939,R12,Metro Region,R12-M04,urban,single_family
A000940,R08,Lake Region,R08-M04,rural,single_family
A000941,R01,North City,R01-M04,urban,multi_family
A000942,R01,North City,R01-M02,urban,single_family
A000943,R08,Lake Region,R08-M03,rural,multi_family
A000944,R05,Central Region,R05-M02,urban,multi_family
A000945,R05,Central Region,R05-M01,urban,multi_family
A000946,R05,Central Region,R05-M03,urban,multi_family
A000947,R02,South City,R02-M01,urban,multi_family
A000948,R03,West District,R03-M01,mixed,multi_family
A000949,R07,Mountain Region,R07-M03,rural,single_family
A000950,R10,Rural Belt,R10-M03,rural,single_family
A000951,R05,Central Region,R05-M04,urban,multi_family
A000952,R05,Central Region,R05-M04,urban,large_residential
A000953,R09,Urban Belt,R09-M02,urban,multi_family
A000954,R06,River Region,R06-M03,mixed,multi_family
A000955,R10,Rural Belt,R10-M01,rural,multi_family
A000956,R06,River Region,R06-M01,mixed,single_family
A000957,R01,North City,R01-M02,urban,multi_family
A000958,R12,Metro Region,R12-M02,urban,multi_family
A000959,R04,East District,R04-M04,mixed,multi_family
A000960,R10,Rural Belt,R10-M04,rural,single_family
A000961,R12,Metro Region,R12-M02,urban,multi_family
A000962,R12,Metro Region,R12-M01,urban,single_family
A000963,R11,Border Region,R11-M02,mixed,single_family
A000964,R11,Border Region,R11-M04,mixed,multi_family
A000965,R04,East District,R04-M01,mixed,multi_family
A000966,R07,Mountain Region,R07-M02,rural,single_family
A000967,R07,Mountain Region,R07-M02,rural,single_family
A000968,R07,Mountain Region,R07-M02,rural,single_family
A000969,R06,River Region,R06-M03,mixed,multi_family
A000970,R08,Lake Region,R08-M04,rural,single_family
A000971,R08,Lake Region,R08-M01,rural,single_family
A000972,R02,South City,R02-M04,urban,multi_family
A000973,R10,Rural Belt,R10-M03,rural,single_family
A000974,R09,Urban Belt,R09-M01,urban,single_family
A000975,R03,West District,R03-M02,mixed,multi_family
A000976,R12,Metro Region,R12-M02,urban,large_residential
A000977,R12,Metro Region,R12-M01,urban,multi_family
A000978,R11,Border Region,R11-M02,mixed,multi_family
A000979,R10,Rural Belt,R10-M04,rural,multi_family
A000980,R01,North City,R01-M01,urban,multi_family
A000981,R11,Border Region,R11-M02,mixed,multi_family
A000982,R04,East District,R04-M03,mixed,single_family
A000983,R08,Lake Region,R08-M03,rural,single_family
A000984,R04,East District,R04-M03,mixed,single_family
A000985,R03,West District,R03-M01,mixed,single_family
A000986,R05,Central Region,R05-M01,urban,large_residential
A000987,R01,North City,R01-M03,urban,large_residential
A000988,R12,Metro Region,R12-M04,urban,single_family
A000989,R09,Urban Belt,R09-M02,urban,large_residential
A000990,R03,West District,R03-M03,mixed,single_family
A000991,R01,North City,R01-M02,urban,large_residential
A000992,R03,West District,R03-M04,mixed,multi_family
A000993,R01,North City,R01-M04,urban,large_residential
A000994,R02,South City,R02-M02,urban,multi_family
A000995,R07,Mountain Region,R07-M04,rural,single_family
A000996,R05,Central Region,R05-M02,urban,large_residential
A000997,R07,Mountain Region,R07-M01,rural,single_family
A000998,R02,South City,R02-M02,urban,multi_family
A000999,R04,East District,R04-M02,mixed,single_family
A001000,R06,River Region,R06-M01,mixed,single_family
A001001,R03,West District,R03-M04,mixed,multi_family
A001002,R04,East District,R04-M04,mixed,multi_family
A001003,R05,Central Region,R05-M04,urban,multi_family
A001004,R05,Central Region,R05-M01,urban,multi_family
A001005,R09,Urban Belt,R09-M03,urban,multi_family
A001006,R08,Lake Region,R08-M02,rural,large_residential
A001007,R06,River Region,R06-M04,mixed,single_family
A001008,R12,Metro Region,R12-M02,urban,multi_family
A001009,R12,Metro Region,R12-M01,urban,single_family
A001010,R06,River Region,R06-M03,mixed,large_residential
A001011,R04,East District,R04-M03,mixed,multi_family
A001012,R11,Border Region,R11-M02,mixed,single_family
A001013,R10,Rural Belt,R10-M01,rural,multi_family
A001014,R09,Urban Belt,R09-M01,urban,multi_family
A001015,R01,North City,R01-M01,urban,single_family
A001016,R05,Central Region,R05-M04,urban,single_family
A001017,R10,Rural Belt,R10-M02,rural,single_family
A001018,R11,Border Region,R11-M01,mixed,single_family
A001019,R11,Border Region,R11-M01,mixed,multi_family
A001020,R06,River Region,R06-M04,mixed,single_family
A001021,R03,West District,R03-M04,mixed,single_family
A001022,R01,North City,R01-M02,urban,single_family
A001023,R01,North City,R01-M01,urban,multi_family
A001024,R01,North City,R01-M02,urban,large_residential
A001025,R03,West District,R03-M02,mixed,large_residential
A001026,R02,South City,R02-M03,urban,multi_family
A001027,R11,Border Region,R11-M04,mixed,multi_family
A001028,R03,West District,R03-M03,mixed,single_family
A001029,R10,Rural Belt,R10-M02,rural,single_family
A001030,R02,South City,R02-M02,urban,multi_family
A001031,R08,Lake Region,R08-M02,rural,multi_family
A001032,R11,Border Region,R11-M02,mixed,multi_family
A001033,R11,Border Region,R11-M04,mixed,single_family
A001034,R06,River Region,R06-M04,mixed,single_family
A001035,R12,Metro Region,R12-M03,urban,multi_family
A001036,R02,South City,R02-M04,urban,large_residential
A001037,R02,South City,R02-M01,urban,multi_family
A001038,R12,Metro Region,R12-M02,urban,large_residential
A001039,R02,South City,R02-M03,urban,large_residential
A001040,R12,Metro Region,R12-M01,urban,multi_family
A001041,R05,Central Region,R05-M04,urban,large_residential
A001042,R12,Metro Region,R12-M01,urban,multi_family
A001043,R01,North City,R01-M01,urban,single_family
A001044,R01,North City,R01-M02,urban,multi_family
A001045,R08,Lake Region,R08-M02,rural,multi_family
A001046,R09,Urban Belt,R09-M01,urban,single_family
A001047,R02,South City,R02-M03,urban,large_residential
A001048,R04,East District,R04-M03,mixed,single_family
A001049,R06,River Region,R06-M04,mixed,multi_family
A001050,R10,Rural Belt,R10-M03,rural,single_family
A001051,R01,North City,R01-M04,urban,multi_family
A001052,R10,Rural Belt,R10-M01,rural,single_family
A001053,R07,Mountain Region,R07-M02,rural,multi_family
A001054,R01,North City,R01-M04,urban,large_residential
A001055,R05,Central Region,R05-M04,urban,single_family
A001056,R09,Urban Belt,R09-M01,urban,multi_family
A001057,R09,Urban Belt,R09-M02,urban,single_family
A001058,R01,North City,R01-M03,urban,large_residential
A001059,R01,North City,R01-M02,urban,multi_family
A001060,R08,Lake Region,R08-M03,rural,single_family
A001061,R07,Mountain Region,R07-M04,rural,single_family
A001062,R10,Rural Belt,R10-M02,rural,single_family
A001063,R06,River Region,R06-M03,mixed,multi_family
A001064,R09,Urban Belt,R09-M01,urban,single_family
A001065,R09,Urban Belt,R09-M03,urban,single_family
A001066,R04,East District,R04-M01,mixed,single_family
A001067,R09,Urban Belt,R09-M03,urban,multi_family
A001068,R04,East District,R04-M04,mixed,single_family
A001069,R01,North City,R01-M02,urban,multi_family
A001070,R10,Rural Belt,R10-M04,rural,multi_family
A001071,R09,Urban Belt,R09-M01,urban,multi_family
A001072,R06,River Region,R06-M02,mixed,multi_family
A001073,R09,Urban Belt,R09-M04,urban,single_family
A001074,R05,Central Region,R05-M01,urban,single_family
A001075,R05,Central Region,R05-M01,urban,multi_family
A001076,R07,Mountain Region,R07-M04,rural,single_family
A001077,R09,Urban Belt,R09-M03,urban,single_family
A001078,R02,South City,R02-M04,urban,multi_family
A001079,R01,North City,R01-M02,urban,large_residential
A001080,R12,Metro Region,R12-M03,urban,multi_family
A001081,R06,River Region,R06-M04,mixed,single_family
A001082,R01,North City,R01-M04,urban,multi_family
A001083,R12,Metro Region,R12-M02,urban,single_family
A001084,R04,East District,R04-M01,mixed,multi_family
A001085,R06,River Region,R06-M03,mixed,single_family
A001086,R06,River Region,R06-M04,mixed,large_residential
A001087,R12,Metro Region,R12-M01,urban,multi_family
A001088,R08,Lake Region,R08-M01,rural,single_family
A001089,R05,Central Region,R05-M01,urban,single_family
A001090,R02,South City,R02-M04,urban,multi_family
A001091,R09,Urban Belt,R09-M04,urban,single_family
A001092,R04,East District,R04-M01,mixed,single_family
A001093,R10,Rural Belt,R10-M02,rural,single_family
A001094,R06,River Region,R06-M03,mixed,single_family
A001095,R03,West District,R03-M02,mixed,single_family
A001096,R01,North City,R01-M04,urban,large_residential
A001097,R02,South City,R02-M03,urban,multi_family
A001098,R07,Mountain Region,R07-M01,rural,single_family
A001099,R11,Border Region,R11-M02,mixed,multi_family
A001100,R11,Border Region,R11-M03,mixed,single_family
A001101,R01,North City,R01-M03,urban,multi_family
A001102,R12,Metro Region,R12-M03,urban,multi_family
A001103,R03,West District,R03-M02,mixed,multi_family
A001104,R10,Rural Belt,R10-M04,rural,single_family
A001105,R11,Border Region,R11-M01,mixed,large_residential
A001106,R06,River Region,R06-M02,mixed,multi_family
A001107,R06,River Region,R06-M04,mixed,single_family
A001108,R12,Metro Region,R12-M02,urban,multi_family
A001109,R05,Central Region,R05-M01,urban,large_residential
A001110,R08,Lake Region,R08-M02,rural,multi_family
A001111,R04,East District,R04-M02,mixed,large_residential
A001112,R05,Central Region,R05-M03,urban,large_residential
A001113,R02,South City,R02-M04,urban,multi_family
A001114,R10,Rural Belt,R10-M01,rural,single_family
A001115,R06,River Region,R06-M02,mixed,single_family
A001116,R09,Urban Belt,R09-M02,urban,multi_family
A001117,R05,Central Region,R05-M01,urban,large_residential
A001118,R09,Urban Belt,R09-M01,urban,multi_family
A001119,R05,Central Region,R05-M02,urban,multi_family
A001120,R01,North City,R01-M01,urban,multi_family
A001121,R05,Central Region,R05-M02,urban,large_residential
A001122,R02,South City,R02-M04,urban,single_family
A001123,R10,Rural Belt,R10-M04,rural,single_family
A001124,R12,Metro Region,R12-M01,urban,single_family
A001125,R09,Urban Belt,R09-M01,urban,multi_family
A001126,R05,Central Region,R05-M04,urban,multi_family
A001127,R12,Metro Region,R12-M02,urban,single_family
A001128,R11,Border Region,R11-M02,mixed,multi_family
A001129,R01,North City,R01-M01,urban,multi_family
A001130,R06,River Region,R06-M02,mixed,multi_family
A001131,R04,East District,R04-M04,mixed,multi_family
A001132,R08,Lake Region,R08-M01,rural,single_family
A001133,R07,Mountain Region,R07-M03,rural,multi_family
A001134,R03,West District,R03-M04,mixed,multi_family
A001135,R09,Urban Belt,R09-M04,urban,large_residential
A001136,R12,Metro Region,R12-M04,urban,single_family
A001137,R01,North City,R01-M04,urban,large_residential
A001138,R11,Border Region,R11-M03,mixed,multi_family
A001139,R10,Rural Belt,R10-M02,rural,multi_family
A001140,R01,North City,R01-M02,urban,single_family
A001141,R02,South City,R02-M02,urban,single_family
A001142,R04,East District,R04-M02,mixed,single_family
A001143,R01,North City,R01-M02,urban,single_family
A001144,R04,East District,R04-M02,mixed,single_family
A001145,R06,River Region,R06-M02,mixed,multi_family
A001146,R12,Metro Region,R12-M04,urban,large_residential
A001147,R04,East District,R04-M01,mixed,single_family
A001148,R07,Mountain Region,R07-M03,rural,multi_family
A001149,R04,East District,R04-M01,mixed,large_residential
A001150,R02,South City,R02-M03,urban,large_residential
A001151,R10,Rural Belt,R10-M02,rural,single_family
A001152,R05,Central Region,R05-M01,urban,multi_family
A001153,R05,Central Region,R05-M01,urban,single_family
A001154,R09,Urban Belt,R09-M01,urban,multi_family
A001155,R05,Central Region,R05-M04,urban,multi_family
A001156,R12,Metro Region,R12-M01,urban,large_residential
A001157,R03,West District,R03-M03,mixed,single_family
A001158,R01,North City,R01-M03,urban,single_family
A001159,R12,Metro Region,R12-M03,urban,multi_family
A001160,R10,Rural Belt,R10-M04,rural,single_family
A001161,R08,Lake Region,R08-M02,rural,single_family
A001162,R11,Border Region,R11-M02,mixed,multi_family
A001163,R05,Central Region,R05-M01,urban,large_residential
A001164,R11,Border Region,R11-M02,mixed,multi_family
A001165,R01,North City,R01-M02,urban,single_family
A001166,R12,Metro Region,R12-M04,urban,multi_family
A001167,R02,South City,R02-M02,urban,multi_family
A001168,R03,West District,R03-M03,mixed,single_family
A001169,R05,Central Region,R05-M04,urban,single_family
A001170,R05,Central Region,R05-M01,urban,multi_family
A001171,R01,North City,R01-M01,urban,multi_family
A001172,R01,North City,R01-M03,urban,single_family
A001173,R11,Border Region,R11-M01,mixed,single_family
A001174,R06,River Region,R06-M01,mixed,single_family
A001175,R11,Border Region,R11-M03,mixed,single_family
A001176,R04,East District,R04-M01,mixed,single_family
A001177,R10,Rural Belt,R10-M04,rural,single_family
A001178,R07,Mountain Region,R07-M02,rural,multi_family
A001179,R11,Border Region,R11-M01,mixed,single_family
A001180,R07,Mountain Region,R07-M04,rural,single_family
A001181,R05,Central Region,R05-M04,urban,multi_family
A001182,R11,Border Region,R11-M03,mixed,single_family
A001183,R10,Rural Belt,R10-M02,rural,single_family
A001184,R11,Border Region,R11-M04,mixed,single_family
A001185,R07,Mountain Region,R07-M03,rural,multi_family
A001186,R09,Urban Belt,R09-M04,urban,large_residential
A001187,R09,Urban Belt,R09-M02,urban,multi_family
A001188,R01,North City,R01-M03,urban,large_residential
A001189,R07,Mountain Region,R07-M03,rural,single_family
A001190,R02,South City,R02-M03,urban,multi_family
A001191,R04,East District,R04-M03,mixed,multi_family
A001192,R04,East District,R04-M02,mixed,single_family
A001193,R12,Metro Region,R12-M01,urban,multi_family
A001194,R12,Metro Region,R12-M02,urban,single_family
A001195,R05,Central Region,R05-M04,urban,multi_family
A001196,R07,Mountain Region,R07-M04,rural,single_family
A001197,R07,Mountain Region,R07-M01,rural,multi_family
A001198,R12,Metro Region,R12-M03,urban,multi_family
A001199,R09,Urban Belt,R09-M03,urban,single_family
A001200,R09,Urban Belt,R09-M03,urban,multi_family
A001201,R05,Central Region,R05-M01,urban,single_family
A001202,R01,North City,R01-M01,urban,single_family
A001203,R01,North City,R01-M01,urban,single_family
A001204,R11,Border Region,R11-M04,mixed,single_family
A001205,R10,Rural Belt,R10-M03,rural,multi_family
A001206,R03,West District,R03-M02,mixed,multi_family
A001207,R01,North City,R01-M04,urban,large_residential
A001208,R12,Metro Region,R12-M03,urban,multi_family
A001209,R06,River Region,R06-M01,mixed,single_family
A001210,R04,East District,R04-M04,mixed,multi_family
A001211,R08,Lake Region,R08-M04,rural,multi_family
A001212,R01,North City,R01-M04,urban,large_residential
A001213,R03,West District,R03-M01,mixed,multi_family
A001214,R02,South City,R02-M01,urban,multi_family
A001215,R07,Mountain Region,R07-M02,rural,multi_family
A001216,R02,South City,R02-M01,urban,multi_family
A001217,R12,Metro Region,R12-M01,urban,large_residential
A001218,R11,Border Region,R11-M02,mixed,single_family
A001219,R02,South City,R02-M04,urban,single_family
A001220,R04,East District,R04-M04,mixed,single_family
A001221,R01,North City,R01-M04,urban,single_family
A001222,R10,Rural Belt,R10-M01,rural,single_family
A001223,R10,Rural Belt,R10-M03,rural,single_family
A001224,R07,Mountain Region,R07-M03,rural,multi_family
A001225,R08,Lake Region,R08-M02,rural,multi_family
A001226,R09,Urban Belt,R09-M03,urban,multi_family
A001227,R07,Mountain Region,R07-M02,rural,single_family
A001228,R12,Metro Region,R12-M01,urban,single_family
A001229,R01,North City,R01-M03,urban,large_residential
A001230,R06,River Region,R06-M03,mixed,single_family
A001231,R03,West District,R03-M02,mixed,multi_family
A001232,R11,Border Region,R11-M02,mixed,multi_family
A001233,R05,Central Region,R05-M01,urban,single_family
A001234,R09,Urban Belt,R09-M01,urban,single_family
A001235,R12,Metro Region,R12-M02,urban,multi_family
A001236,R01,North City,R01-M02,urban,large_residential
A001237,R11,Border Region,R11-M01,mixed,single_family
A001238,R05,Central Region,R05-M03,urban,single_family
A001239,R12,Metro Region,R12-M03,urban,single_family
A001240,R07,Mountain Region,R07-M02,rural,single_family
A001241,R09,Urban Belt,R09-M03,urban,large_residential
A001242,R01,North City,R01-M04,urban,multi_family
A001243,R12,Metro Region,R12-M01,urban,single_family
A001244,R01,North City,R01-M03,urban,single_family
A001245,R02,South City,R02-M01,urban,multi_family
A001246,R12,Metro Region,R12-M03,urban,multi_family
A001247,R09,Urban Belt,R09-M02,urban,single_family
A001248,R05,Central Region,R05-M01,urban,multi_family
A001249,R05,Central Region,R05-M01,urban,single_family
A001250,R12,Metro Region,R12-M01,urban,large_residential
A001251,R06,River Region,R06-M02,mixed,single_family
A001252,R05,Central Region,R05-M03,urban,large_residential
A001253,R07,Mountain Region,R07-M03,rural,single_family
A001254,R12,Metro Region,R12-M01,urban,single_family
A001255,R07,Mountain Region,R07-M01,rural,single_family
A001256,R05,Central Region,R05-M04,urban,single_family
A001257,R10,Rural Belt,R10-M02,rural,single_family
A001258,R05,Central Region,R05-M03,urban,single_family
A001259,R09,Urban Belt,R09-M03,urban,multi_family
A001260,R12,Metro Region,R12-M04,urban,single_family
A001261,R12,Metro Region,R12-M01,urban,multi_family
A001262,R12,Metro Region,R12-M04,urban,multi_family
A001263,R11,Border Region,R11-M02,mixed,multi_family
A001264,R09,Urban Belt,R09-M03,urban,large_residential
A001265,R02,South City,R02-M01,urban,multi_family
A001266,R05,Central Region,R05-M04,urban,single_family
A001267,R12,Metro Region,R12-M01,urban,multi_family
A001268,R03,West District,R03-M02,mixed,single_family
A001269,R10,Rural Belt,R10-M01,rural,multi_family
A001270,R11,Border Region,R11-M02,mixed,single_family
A001271,R03,West District,R03-M01,mixed,single_family
A001272,R03,West District,R03-M01,mixed,single_family
A001273,R03,West District,R03-M01,mixed,multi_family
A001274,R05,Central Region,R05-M02,urban,multi_family
A001275,R01,North City,R01-M03,urban,single_family
A001276,R03,West District,R03-M04,mixed,multi_family
A001277,R09,Urban Belt,R09-M03,urban,multi_family
A001278,R05,Central Region,R05-M02,urban,multi_family
A001279,R08,Lake Region,R08-M04,rural,single_family
A001280,R08,Lake Region,R08-M02,rural,multi_family
A001281,R09,Urban Belt,R09-M02,urban,multi_family
A001282,R06,River Region,R06-M01,mixed,single_family
A001283,R02,South City,R02-M01,urban,multi_family
A001284,R06,River Region,R06-M01,mixed,multi_family
A001285,R03,West District,R03-M02,mixed,multi_family
A001286,R03,West District,R03-M01,mixed,multi_family
A001287,R05,Central Region,R05-M04,urban,single_family
A001288,R03,West District,R03-M04,mixed,single_family
A001289,R05,Central Region,R05-M02,urban,large_residential
A001290,R06,River Region,R06-M01,mixed,multi_family
A001291,R03,West District,R03-M02,mixed,multi_family
A001292,R10,Rural Belt,R10-M03,rural,single_family
A001293,R02,South City,R02-M04,urban,multi_family
A001294,R10,Rural Belt,R10-M03,rural,single_family
A001295,R06,River Region,R06-M04,mixed,multi_family
A001296,R09,Urban Belt,R09-M04,urban,single_family
A001297,R12,Metro Region,R12-M03,urban,multi_family
A001298,R07,Mountain Region,R07-M01,rural,single_family
A001299,R01,North City,R01-M04,urban,large_residential
A001300,R10,Rural Belt,R10-M02,rural,multi_family
A001301,R09,Urban Belt,R09-M02,urban,multi_family
A001302,R04,East District,R04-M03,mixed,multi_family
A001303,R09,Urban Belt,R09-M04,urban,single_family
A001304,R05,Central Region,R05-M02,urban,multi_family
A001305,R07,Mountain Region,R07-M03,rural,large_residential
A001306,R03,West District,R03-M02,mixed,multi_family
A001307,R06,River Region,R06-M01,mixed,single_family
A001308,R10,Rural Belt,R10-M04,rural,multi_family
A001309,R01,North City,R01-M02,urban,multi_family
A001310,R01,North City,R01-M04,urban,single_family
A001311,R10,Rural Belt,R10-M02,rural,single_family
A001312,R08,Lake Region,R08-M02,rural,multi_family
A001313,R05,Central Region,R05-M03,urban,multi_family
A001314,R09,Urban Belt,R09-M01,urban,multi_family
A001315,R09,Urban Belt,R09-M03,urban,large_residential
A001316,R06,River Region,R06-M04,mixed,multi_family
A001317,R08,Lake Region,R08-M01,rural,single_family
A001318,R02,South City,R02-M04,urban,multi_family
A001319,R12,Metro Region,R12-M04,urban,single_family
A001320,R03,West District,R03-M04,mixed,multi_family
A001321,R03,West District,R03-M04,mixed,multi_family
A001322,R05,Central Region,R05-M01,urban,multi_family
A001323,R01,North City,R01-M02,urban,multi_family
A001324,R11,Border Region,R11-M02,mixed,single_family
A001325,R11,Border Region,R11-M04,mixed,multi_family
A001326,R03,West District,R03-M04,mixed,multi_family
A001327,R07,Mountain Region,R07-M04,rural,single_family
A001328,R12,Metro Region,R12-M02,urban,multi_family
A001329,R02,South City,R02-M04,urban,multi_family
A001330,R04,East District,R04-M04,mixed,multi_family
A001331,R10,Rural Belt,R10-M04,rural,multi_family
A001332,R12,Metro Region,R12-M03,urban,multi_family
A001333,R11,Border Region,R11-M01,mixed,single_family
A001334,R06,River Region,R06-M02,mixed,single_family
A001335,R01,North City,R01-M03,urban,single_family
A001336,R12,Metro Region,R12-M04,urban,multi_family
A001337,R02,South City,R02-M01,urban,multi_family
A001338,R12,Metro Region,R12-M01,urban,single_family
A001339,R09,Urban Belt,R09-M01,urban,large_residential
A001340,R04,East District,R04-M04,mixed,multi_family
A001341,R11,Border Region,R11-M03,mixed,multi_family
A001342,R05,Central Region,R05-M03,urban,multi_family
A001343,R06,River Region,R06-M02,mixed,multi_family
A001344,R04,East District,R04-M04,mixed,large_residential
A001345,R05,Central Region,R05-M03,urban,multi_family
A001346,R01,North City,R01-M01,urban,multi_family
A001347,R10,Rural Belt,R10-M03,rural,single_family
A001348,R07,Mountain Region,R07-M03,rural,single_family
A001349,R09,Urban Belt,R09-M02,urban,large_residential
A001350,R10,Rural Belt,R10-M03,rural,multi_family
A001351,R06,River Region,R06-M04,mixed,multi_family
A001352,R01,North City,R01-M01,urban,multi_family
A001353,R09,Urban Belt,R09-M01,urban,single_family
A001354,R08,Lake Region,R08-M01,rural,single_family
A001355,R10,Rural Belt,R10-M02,rural,multi_family
A001356,R08,Lake Region,R08-M03,rural,multi_family
A001357,R06,River Region,R06-M02,mixed,single_family
A001358,R05,Central Region,R05-M01,urban,multi_family
A001359,R05,Central Region,R05-M04,urban,multi_family
A001360,R02,South City,R02-M01,urban,multi_family
A001361,R12,Metro Region,R12-M01,urban,single_family
A001362,R09,Urban Belt,R09-M01,urban,multi_family
A001363,R02,South City,R02-M03,urban,large_residential
A001364,R04,East District,R04-M02,mixed,large_residential
A001365,R06,River Region,R06-M01,mixed,multi_family
A001366,R09,Urban Belt,R09-M03,urban,multi_family
A001367,R05,Central Region,R05-M02,urban,multi_family
A001368,R06,River Region,R06-M04,mixed,single_family
A001369,R04,East District,R04-M01,mixed,single_family
A001370,R05,Central Region,R05-M04,urban,multi_family
A001371,R02,South City,R02-M04,urban,large_residential
A001372,R12,Metro Region,R12-M03,urban,large_residential
A001373,R11,Border Region,R11-M02,mixed,large_residential
A001374,R02,South City,R02-M01,urban,large_residential
A001375,R05,Central Region,R05-M01,urban,single_family
A001376,R06,River Region,R06-M03,mixed,single_family
A001377,R10,Rural Belt,R10-M03,rural,single_family
A001378,R11,Border Region,R11-M02,mixed,single_family
A001379,R09,Urban Belt,R09-M04,urban,multi_family
A001380,R03,West District,R03-M02,mixed,single_family
A001381,R04,East District,R04-M02,mixed,multi_family
A001382,R07,Mountain Region,R07-M03,rural,single_family
A001383,R03,West District,R03-M01,mixed,multi_family
A001384,R12,Metro Region,R12-M02,urban,multi_family
A001385,R07,Mountain Region,R07-M03,rural,single_family
A001386,R03,West District,R03-M01,mixed,multi_family
A001387,R06,River Region,R06-M04,mixed,multi_family
A001388,R12,Metro Region,R12-M03,urban,multi_family
A001389,R08,Lake Region,R08-M02,rural,single_family
A001390,R08,Lake Region,R08-M03,rural,multi_family
A001391,R11,Border Region,R11-M03,mixed,multi_family
A001392,R11,Border Region,R11-M04,mixed,single_family
A001393,R02,South City,R02-M03,urban,multi_family
A001394,R09,Urban Belt,R09-M01,urban,large_residential
A001395,R07,Mountain Region,R07-M01,rural,single_family
A001396,R01,North City,R01-M03,urban,large_residential
A001397,R03,West District,R03-M01,mixed,multi_family
A001398,R02,South City,R02-M03,urban,multi_family
A001399,R01,North City,R01-M01,urban,single_family
A001400,R09,Urban Belt,R09-M01,urban,multi_family
A001401,R03,West District,R03-M02,mixed,single_family
A001402,R02,South City,R02-M03,urban,large_residential
A001403,R01,North City,R01-M04,urban,large_residential
A001404,R11,Border Region,R11-M02,mixed,multi_family
A001405,R04,East District,R04-M02,mixed,single_family
A001406,R09,Urban Belt,R09-M04,urban,multi_family
A001407,R06,River Region,R06-M04,mixed,single_family
A001408,R01,North City,R01-M02,urban,multi_family
A001409,R06,River Region,R06-M01,mixed,multi_family
A001410,R09,Urban Belt,R09-M01,urban,large_residential
A001411,R10,Rural Belt,R10-M02,rural,multi_family
A001412,R03,West District,R03-M01,mixed,single_family
A001413,R03,West District,R03-M04,mixed,multi_family
A001414,R02,South City,R02-M02,urban,large_residential
A001415,R08,Lake Region,R08-M04,rural,multi_family
A001416,R11,Border Region,R11-M01,mixed,single_family
A001417,R09,Urban Belt,R09-M01,urban,large_residential
A001418,R03,West District,R03-M03,mixed,single_family
A001419,R09,Urban Belt,R09-M02,urban,multi_family
A001420,R01,North City,R01-M03,urban,single_family
A001421,R06,River Region,R06-M03,mixed,single_family
A001422,R12,Metro Region,R12-M02,urban,multi_family
A001423,R06,River Region,R06-M02,mixed,single_family
A001424,R03,West District,R03-M04,mixed,single_family
A001425,R07,Mountain Region,R07-M03,rural,single_family
A001426,R12,Metro Region,R12-M03,urban,multi_family
A001427,R04,East District,R04-M01,mixed,single_family
A001428,R02,South City,R02-M04,urban,single_family
A001429,R02,South City,R02-M04,urban,large_residential
A001430,R08,Lake Region,R08-M01,rural,large_residential
A001431,R11,Border Region,R11-M03,mixed,single_family
A001432,R01,North City,R01-M03,urban,multi_family
A001433,R10,Rural Belt,R10-M02,rural,multi_family
A001434,R09,Urban Belt,R09-M03,urban,single_family
A001435,R12,Metro Region,R12-M02,urban,multi_family
A001436,R10,Rural Belt,R10-M01,rural,single_family
A001437,R03,West District,R03-M01,mixed,multi_family
A001438,R02,South City,R02-M03,urban,large_residential
A001439,R09,Urban Belt,R09-M02,urban,large_residential
A001440,R05,Central Region,R05-M04,urban,single_family
A001441,R10,Rural Belt,R10-M01,rural,multi_family
A001442,R10,Rural Belt,R10-M01,rural,single_family
A001443,R04,East District,R04-M03,mixed,multi_family
A001444,R02,South City,R02-M03,urban,multi_family
A001445,R07,Mountain Region,R07-M01,rural,multi_family
A001446,R01,North City,R01-M02,urban,single_family
A001447,R03,West District,R03-M04,mixed,multi_family
A001448,R04,East District,R04-M03,mixed,single_family
A001449,R10,Rural Belt,R10-M04,rural,multi_family
A001450,R09,Urban Belt,R09-M04,urban,multi_family
A001451,R05,Central Region,R05-M04,urban,multi_family
A001452,R12,Metro Region,R12-M03,urban,single_family
A001453,R10,Rural Belt,R10-M02,rural,single_family
A001454,R06,River Region,R06-M04,mixed,single_family
A001455,R01,North City,R01-M04,urban,multi_family
A001456,R01,North City,R01-M04,urban,multi_family
A001457,R11,Border Region,R11-M02,mixed,single_family
A001458,R03,West District,R03-M04,mixed,multi_family
A001459,R09,Urban Belt,R09-M01,urban,large_residential
A001460,R02,South City,R02-M04,urban,large_residential
A001461,R01,North City,R01-M02,urban,large_residential
A001462,R06,River Region,R06-M04,mixed,multi_family
A001463,R08,Lake Region,R08-M04,rural,single_family
A001464,R10,Rural Belt,R10-M03,rural,single_family
A001465,R02,South City,R02-M03,urban,single_family
A001466,R04,East District,R04-M01,mixed,single_family
A001467,R09,Urban Belt,R09-M04,urban,single_family
A001468,R06,River Region,R06-M03,mixed,single_family
A001469,R02,South City,R02-M03,urban,single_family
A001470,R12,Metro Region,R12-M01,urban,large_residential
A001471,R04,East District,R04-M01,mixed,multi_family
A001472,R05,Central Region,R05-M03,urban,multi_family
A001473,R01,North City,R01-M02,urban,large_residential
A001474,R04,East District,R04-M04,mixed,multi_family
A001475,R01,North City,R01-M03,urban,multi_family
A001476,R07,Mountain Region,R07-M01,rural,multi_family
A001477,R08,Lake Region,R08-M04,rural,single_family
A001478,R07,Mountain Region,R07-M02,rural,multi_family
A001479,R07,Mountain Region,R07-M04,rural,single_family
A001480,R10,Rural Belt,R10-M01,rural,single_family
A001481,R02,South City,R02-M04,urban,single_family
A001482,R04,East District,R04-M02,mixed,multi_family
A001483,R09,Urban Belt,R09-M02,urban,large_residential
A001484,R01,North City,R01-M02,urban,multi_family
A001485,R02,South City,R02-M03,urban,single_family
A001486,R04,East District,R04-M01,mixed,multi_family
A001487,R11,Border Region,R11-M02,mixed,multi_family
A001488,R04,East District,R04-M01,mixed,single_family
A001489,R07,Mountain Region,R07-M04,rural,single_family
A001490,R04,East District,R04-M02,mixed,multi_family
A001491,R09,Urban Belt,R09-M03,urban,single_family
A001492,R09,Urban Belt,R09-M02,urban,multi_family
A001493,R12,Metro Region,R12-M03,urban,multi_family
A001494,R05,Central Region,R05-M04,urban,single_family
A001495,R03,West District,R03-M03,mixed,large_residential
A001496,R10,Rural Belt,R10-M04,rural,single_family
A001497,R06,River Region,R06-M04,mixed,multi_family
A001498,R06,River Region,R06-M01,mixed,multi_family
A001499,R01,North City,R01-M01,urban,large_residential
A001500,R01,North City,R01-M04,urban,single_family
A001501,R10,Rural Belt,R10-M03,rural,multi_family
A001502,R10,Rural Belt,R10-M04,rural,single_family
A001503,R07,Mountain Region,R07-M04,rural,single_family
A001504,R03,West District,R03-M02,mixed,multi_family
A001505,R02,South City,R02-M03,urban,single_family
A001506,R08,Lake Region,R08-M02,rural,single_family
A001507,R01,North City,R01-M03,urban,multi_family
A001508,R01,North City,R01-M03,urban,single_family
A001509,R12,Metro Region,R12-M01,urban,multi_family
A001510,R04,East District,R04-M03,mixed,large_residential
A001511,R12,Metro Region,R12-M04,urban,single_family
A001512,R04,East District,R04-M01,mixed,multi_family
A001513,R02,South City,R02-M02,urban,single_family
A001514,R12,Metro Region,R12-M01,urban,multi_family
A001515,R02,South City,R02-M03,urban,large_residential
A001516,R03,West District,R03-M03,mixed,large_residential
A001517,R02,South City,R02-M04,urban,single_family
A001518,R05,Central Region,R05-M02,urban,large_residential
A001519,R06,River Region,R06-M03,mixed,large_residential
A001520,R09,Urban Belt,R09-M01,urban,large_residential
A001521,R12,Metro Region,R12-M03,urban,multi_family
A001522,R08,Lake Region,R08-M04,rural,single_family
A001523,R03,West District,R03-M01,mixed,single_family
A001524,R06,River Region,R06-M02,mixed,multi_family
A001525,R12,Metro Region,R12-M02,urban,single_family
A001526,R04,East District,R04-M03,mixed,large_residential
A001527,R05,Central Region,R05-M03,urban,large_residential
A001528,R05,Central Region,R05-M04,urban,multi_family
A001529,R10,Rural Belt,R10-M02,rural,multi_family
A001530,R09,Urban Belt,R09-M04,urban,multi_family
A001531,R12,Metro Region,R12-M03,urban,large_residential
A001532,R11,Border Region,R11-M02,mixed,multi_family
A001533,R07,Mountain Region,R07-M02,rural,multi_family
A001534,R09,Urban Belt,R09-M01,urban,multi_family
A001535,R06,River Region,R06-M03,mixed,multi_family
A001536,R09,Urban Belt,R09-M04,urban,single_family
A001537,R04,East District,R04-M03,mixed,multi_family
A001538,R02,South City,R02-M02,urban,single_family
A001539,R02,South City,R02-M04,urban,large_residential
A001540,R04,East District,R04-M02,mixed,single_family
A001541,R09,Urban Belt,R09-M02,urban,single_family
A001542,R06,River Region,R06-M04,mixed,multi_family
A001543,R12,Metro Region,R12-M03,urban,large_residential
A001544,R11,Border Region,R11-M02,mixed,multi_family
A001545,R08,Lake Region,R08-M02,rural,single_family
A001546,R08,Lake Region,R08-M01,rural,multi_family
A001547,R12,Metro Region,R12-M02,urban,single_family
A001548,R11,Border Region,R11-M03,mixed,multi_family
A001549,R09,Urban Belt,R09-M04,urban,multi_family
A001550,R07,Mountain Region,R07-M04,rural,single_family
A001551,R02,South City,R02-M04,urban,multi_family
A001552,R06,River Region,R06-M01,mixed,single_family
A001553,R07,Mountain Region,R07-M01,rural,single_family
A001554,R08,Lake Region,R08-M01,rural,single_family
A001555,R01,North City,R01-M02,urban,large_residential
A001556,R10,Rural Belt,R10-M01,rural,multi_family
A001557,R10,Rural Belt,R10-M03,rural,single_family
A001558,R10,Rural Belt,R10-M01,rural,multi_family
A001559,R05,Central Region,R05-M03,urban,multi_family
A001560,R12,Metro Region,R12-M03,urban,multi_family
A001561,R01,North City,R01-M04,urban,multi_family
A001562,R01,North City,R01-M01,urban,multi_family
A001563,R11,Border Region,R11-M02,mixed,multi_family
A001564,R02,South City,R02-M04,urban,multi_family
A001565,R05,Central Region,R05-M02,urban,large_residential
A001566,R10,Rural Belt,R10-M03,rural,single_family
A001567,R08,Lake Region,R08-M04,rural,single_family
A001568,R09,Urban Belt,R09-M04,urban,multi_family
A001569,R01,North City,R01-M04,urban,multi_family
A001570,R11,Border Region,R11-M04,mixed,multi_family
A001571,R12,Metro Region,R12-M04,urban,multi_family
A001572,R10,Rural Belt,R10-M03,rural,single_family
A001573,R01,North City,R01-M01,urban,single_family
A001574,R01,North City,R01-M04,urban,single_family
A001575,R03,West District,R03-M01,mixed,single_family
A001576,R06,River Region,R06-M02,mixed,multi_family
A001577,R03,West District,R03-M03,mixed,multi_family
A001578,R01,North City,R01-M04,urban,multi_family
A001579,R03,West District,R03-M01,mixed,large_residential
A001580,R07,Mountain Region,R07-M04,rural,single_family
A001581,R12,Metro Region,R12-M04,urban,single_family
A001582,R09,Urban Belt,R09-M03,urban,multi_family
A001583,R06,River Region,R06-M02,mixed,multi_family
A001584,R07,Mountain Region,R07-M04,rural,single_family
A001585,R11,Border Region,R11-M04,mixed,large_residential
A001586,R02,South City,R02-M01,urban,large_residential
A001587,R02,South City,R02-M02,urban,multi_family
A001588,R12,Metro Region,R12-M03,urban,multi_family
A001589,R06,River Region,R06-M04,mixed,single_family
A001590,R04,East District,R04-M04,mixed,multi_family
A001591,R08,Lake Region,R08-M04,rural,multi_family
A001592,R01,North City,R01-M01,urban,multi_family
A001593,R11,Border Region,R11-M02,mixed,single_family
A001594,R12,Metro Region,R12-M02,urban,multi_family
A001595,R09,Urban Belt,R09-M02,urban,multi_family
A001596,R11,Border Region,R11-M01,mixed,single_family
A001597,R10,Rural Belt,R10-M01,rural,single_family
A001598,R01,North City,R01-M02,urban,single_family
A001599,R02,South City,R02-M04,urban,single_family
A001600,R04,East District,R04-M04,mixed,single_family
A001601,R08,Lake Region,R08-M01,rural,multi_family
A001602,R01,North City,R01-M02,urban,multi_family
A001603,R08,Lake Region,R08-M04,rural,multi_family
A001604,R05,Central Region,R05-M01,urban,large_residential
A001605,R02,South City,R02-M01,urban,single_family
A001606,R06,River Region,R06-M02,mixed,single_family
A001607,R05,Central Region,R05-M01,urban,multi_family
A001608,R08,Lake Region,R08-M03,rural,single_family
A001609,R05,Central Region,R05-M02,urban,large_residential
A001610,R02,South City,R02-M01,urban,single_family
A001611,R02,South City,R02-M02,urban,large_residential
A001612,R01,North City,R01-M04,urban,single_family
A001613,R02,South City,R02-M03,urban,large_residential
A001614,R04,East District,R04-M01,mixed,large_residential
A001615,R10,Rural Belt,R10-M04,rural,single_family
A001616,R10,Rural Belt,R10-M03,rural,single_family
A001617,R12,Metro Region,R12-M02,urban,multi_family
A001618,R06,River Region,R06-M01,mixed,single_family
A001619,R08,Lake Region,R08-M03,rural,single_family
A001620,R01,North City,R01-M01,urban,multi_family
A001621,R02,South City,R02-M02,urban,large_residential
A001622,R01,North City,R01-M04,urban,single_family
A001623,R06,River Region,R06-M02,mixed,single_family
A001624,R02,South City,R02-M03,urban,large_residential
A001625,R05,Central Region,R05-M03,urban,large_residential
A001626,R10,Rural Belt,R10-M01,rural,single_family
A001627,R09,Urban Belt,R09-M04,urban,single_family
A001628,R04,East District,R04-M03,mixed,single_family
A001629,R01,North City,R01-M01,urban,single_family
A001630,R05,Central Region,R05-M04,urban,large_residential
A001631,R05,Central Region,R05-M02,urban,multi_family
A001632,R07,Mountain Region,R07-M03,rural,multi_family
A001633,R07,Mountain Region,R07-M02,rural,single_family
A001634,R04,East District,R04-M01,mixed,single_family
A001635,R04,East District,R04-M01,mixed,single_family
A001636,R12,Metro Region,R12-M03,urban,multi_family
A001637,R12,Metro Region,R12-M04,urban,multi_family
A001638,R03,West District,R03-M01,mixed,single_family
A001639,R04,East District,R04-M03,mixed,multi_family
A001640,R09,Urban Belt,R09-M01,urban,single_family
A001641,R07,Mountain Region,R07-M02,rural,single_family
A001642,R10,Rural Belt,R10-M02,rural,single_family
A001643,R07,Mountain Region,R07-M04,rural,single_family
A001644,R03,West District,R03-M02,mixed,large_residential
A001645,R03,West District,R03-M03,mixed,multi_family
A001646,R02,South City,R02-M04,urban,single_family
A001647,R07,Mountain Region,R07-M02,rural,single_family
A001648,R07,Mountain Region,R07-M04,rural,single_family
A001649,R12,Metro Region,R12-M02,urban,multi_family
A001650,R03,West District,R03-M02,mixed,single_family
A001651,R12,Metro Region,R12-M04,urban,single_family
A001652,R10,Rural Belt,R10-M02,rural,multi_family
A001653,R01,North City,R01-M04,urban,single_family
A001654,R11,Border Region,R11-M01,mixed,large_residential
A001655,R05,Central Region,R05-M04,urban,single_family
A001656,R12,Metro Region,R12-M04,urban,single_family
A001657,R11,Border Region,R11-M02,mixed,single_family
A001658,R12,Metro Region,R12-M01,urban,single_family
A001659,R09,Urban Belt,R09-M01,urban,multi_family
A001660,R05,Central Region,R05-M04,urban,single_family
A001661,R07,Mountain Region,R07-M01,rural,multi_family
A001662,R02,South City,R02-M03,urban,single_family
A001663,R11,Border Region,R11-M04,mixed,multi_family
A001664,R06,River Region,R06-M01,mixed,multi_family
A001665,R02,South City,R02-M01,urban,single_family
A001666,R01,North City,R01-M01,urban,single_family
A001667,R02,South City,R02-M01,urban,multi_family
A001668,R02,South City,R02-M01,urban,multi_family
A001669,R05,Central Region,R05-M04,urban,multi_family
A001670,R11,Border Region,R11-M02,mixed,large_residential
A001671,R11,Border Region,R11-M04,mixed,multi_family
A001672,R06,River Region,R06-M02,mixed,multi_family
A001673,R02,South City,R02-M01,urban,multi_family
A001674,R02,South City,R02-M03,urban,multi_family
A001675,R09,Urban Belt,R09-M04,urban,single_family
A001676,R03,West District,R03-M03,mixed,single_family
A001677,R06,River Region,R06-M03,mixed,multi_family
A001678,R10,Rural Belt,R10-M04,rural,multi_family
A001679,R01,North City,R01-M03,urban,single_family
A001680,R01,North City,R01-M03,urban,multi_family
A001681,R03,West District,R03-M02,mixed,multi_family
A001682,R04,East District,R04-M04,mixed,multi_family
A001683,R09,Urban Belt,R09-M04,urban,multi_family
A001684,R02,South City,R02-M03,urban,single_family
A001685,R02,South City,R02-M04,urban,multi_family
A001686,R10,Rural Belt,R10-M02,rural,single_family
A001687,R02,South City,R02-M04,urban,multi_family
A001688,R08,Lake Region,R08-M02,rural,single_family
A001689,R03,West District,R03-M03,mixed,multi_family
A001690,R01,North City,R01-M04,urban,multi_family
A001691,R08,Lake Region,R08-M02,rural,single_family
A001692,R09,Urban Belt,R09-M02,urban,single_family
A001693,R12,Metro Region,R12-M04,urban,multi_family
A001694,R12,Metro Region,R12-M01,urban,single_family
A001695,R12,Metro Region,R12-M01,urban,multi_family
A001696,R12,Metro Region,R12-M02,urban,multi_family
A001697,R07,Mountain Region,R07-M04,rural,single_family
A001698,R12,Metro Region,R12-M01,urban,single_family
A001699,R12,Metro Region,R12-M04,urban,multi_family
A001700,R12,Metro Region,R12-M04,urban,multi_family
A001701,R09,Urban Belt,R09-M01,urban,multi_family
A001702,R10,Rural Belt,R10-M04,rural,multi_family
A001703,R01,North City,R01-M01,urban,single_family
A001704,R07,Mountain Region,R07-M01,rural,single_family
A001705,R04,East District,R04-M03,mixed,large_residential
A001706,R08,Lake Region,R08-M01,rural,large_residential
A001707,R11,Border Region,R11-M02,mixed,single_family
A001708,R09,Urban Belt,R09-M04,urban,multi_family
A001709,R12,Metro Region,R12-M01,urban,multi_family
A001710,R01,North City,R01-M02,urban,multi_family
A001711,R12,Metro Region,R12-M03,urban,multi_family
A001712,R02,South City,R02-M01,urban,single_family
A001713,R11,Border Region,R11-M04,mixed,multi_family
A001714,R04,East District,R04-M02,mixed,multi_family
A001715,R02,South City,R02-M03,urban,multi_family
A001716,R04,East District,R04-M02,mixed,single_family
A001717,R10,Rural Belt,R10-M04,rural,single_family
A001718,R06,River Region,R06-M02,mixed,single_family
A001719,R05,Central Region,R05-M04,urban,multi_family
A001720,R02,South City,R02-M03,urban,single_family
A001721,R09,Urban Belt,R09-M03,urban,multi_family
A001722,R08,Lake Region,R08-M03,rural,single_family
A001723,R05,Central Region,R05-M04,urban,large_residential
A001724,R12,Metro Region,R12-M01,urban,multi_family
A001725,R03,West District,R03-M03,mixed,single_family
A001726,R03,West District,R03-M01,mixed,multi_family
A001727,R02,South City,R02-M02,urban,multi_family
A001728,R12,Metro Region,R12-M02,urban,multi_family
A001729,R05,Central Region,R05-M03,urban,large_residential
A001730,R07,Mountain Region,R07-M02,rural,single_family
A001731,R07,Mountain Region,R07-M03,rural,single_family
A001732,R09,Urban Belt,R09-M04,urban,single_family
A001733,R01,North City,R01-M01,urban,single_family
A001734,R03,West District,R03-M03,mixed,single_family
A001735,R02,South City,R02-M02,urban,single_family
A001736,R04,East District,R04-M03,mixed,large_residential
A001737,R04,East District,R04-M02,mixed,multi_family
A001738,R12,Metro Region,R12-M01,urban,single_family
A001739,R09,Urban Belt,R09-M01,urban,large_residential
A001740,R04,East District,R04-M04,mixed,multi_family
A001741,R11,Border Region,R11-M02,mixed,multi_family
A001742,R07,Mountain Region,R07-M01,rural,single_family
A001743,R10,Rural Belt,R10-M02,rural,single_family
A001744,R01,North City,R01-M01,urban,multi_family
A001745,R04,East District,R04-M04,mixed,large_residential
A001746,R03,West District,R03-M02,mixed,single_family
A001747,R09,Urban Belt,R09-M04,urban,single_family
A001748,R02,South City,R02-M04,urban,single_family
A001749,R06,River Region,R06-M02,mixed,large_residential
A001750,R05,Central Region,R05-M02,urban,multi_family
A001751,R08,Lake Region,R08-M03,rural,single_family
A001752,R01,North City,R01-M01,urban,multi_family
A001753,R07,Mountain Region,R07-M01,rural,single_family
A001754,R03,West District,R03-M01,mixed,multi_family
A001755,R01,North City,R01-M01,urban,multi_family
A001756,R12,Metro Region,R12-M04,urban,multi_family
A001757,R06,River Region,R06-M04,mixed,multi_family
A001758,R12,Metro Region,R12-M03,urban,single_family
A001759,R09,Urban Belt,R09-M01,urban,multi_family
A001760,R04,East District,R04-M01,mixed,multi_family
A001761,R08,Lake Region,R08-M04,rural,single_family
A001762,R01,North City,R01-M04,urban,large_residential
A001763,R07,Mountain Region,R07-M03,rural,single_family
A001764,R06,River Region,R06-M01,mixed,single_family
A001765,R01,North City,R01-M02,urban,multi_family
A001766,R07,Mountain Region,R07-M03,rural,multi_family
A001767,R01,North City,R01-M03,urban,large_residential
A001768,R09,Urban Belt,R09-M03,urban,single_family
A001769,R09,Urban Belt,R09-M04,urban,single_family
A001770,R01,North City,R01-M01,urban,single_family
A001771,R03,West District,R03-M01,mixed,single_family
A001772,R12,Metro Region,R12-M01,urban,single_family
A001773,R09,Urban Belt,R09-M01,urban,single_family
A001774,R04,East District,R04-M03,mixed,multi_family
A001775,R05,Central Region,R05-M03,urban,single_family
A001776,R11,Border Region,R11-M04,mixed,single_family
A001777,R11,Border Region,R11-M01,mixed,multi_family
A001778,R09,Urban Belt,R09-M02,urban,multi_family
A001779,R10,Rural Belt,R10-M02,rural,single_family
A001780,R11,Border Region,R11-M01,mixed,single_family
A001781,R08,Lake Region,R08-M03,rural,multi_family
A001782,R05,Central Region,R05-M01,urban,single_family
A001783,R03,West District,R03-M04,mixed,multi_family
A001784,R07,Mountain Region,R07-M02,rural,multi_family
A001785,R08,Lake Region,R08-M02,rural,single_family
A001786,R05,Central Region,R05-M01,urban,single_family
A001787,R07,Mountain Region,R07-M04,rural,single_family
A001788,R12,Metro Region,R12-M04,urban,multi_family
A001789,R06,River Region,R06-M04,mixed,multi_family
A001790,R08,Lake Region,R08-M03,rural,single_family
A001791,R04,East District,R04-M04,mixed,multi_family
A001792,R04,East District,R04-M03,mixed,single_family
A001793,R05,Central Region,R05-M04,urban,multi_family
A001794,R07,Mountain Region,R07-M04,rural,single_family
A001795,R09,Urban Belt,R09-M02,urban,single_family
A001796,R02,South City,R02-M04,urban,single_family
A001797,R11,Border Region,R11-M02,mixed,multi_family
A001798,R05,Central Region,R05-M03,urban,multi_family
A001799,R11,Border Region,R11-M03,mixed,multi_family
A001800,R06,River Region,R06-M02,mixed,multi_family
A001801,R09,Urban Belt,R09-M04,urban,single_family
A001802,R02,South City,R02-M03,urban,multi_family
A001803,R09,Urban Belt,R09-M04,urban,single_family
A001804,R10,Rural Belt,R10-M03,rural,single_family
A001805,R04,East District,R04-M01,mixed,multi_family
A001806,R02,South City,R02-M02,urban,multi_family
A001807,R12,Metro Region,R12-M02,urban,single_family
A001808,R10,Rural Belt,R10-M03,rural,multi_family
A001809,R11,Border Region,R11-M02,mixed,multi_family
A001810,R05,Central Region,R05-M02,urban,multi_family
A001811,R01,North City,R01-M02,urban,multi_family
A001812,R04,East District,R04-M02,mixed,multi_family
A001813,R06,River Region,R06-M02,mixed,single_family
A001814,R01,North City,R01-M04,urban,multi_family
A001815,R12,Metro Region,R12-M03,urban,multi_family
A001816,R12,Metro Region,R12-M01,urban,multi_family
A001817,R10,Rural Belt,R10-M02,rural,single_family
A001818,R12,Metro Region,R12-M03,urban,large_residential
A001819,R11,Border Region,R11-M02,mixed,large_residential
A001820,R09,Urban Belt,R09-M03,urban,large_residential
A001821,R12,Metro Region,R12-M03,urban,multi_family
A001822,R10,Rural Belt,R10-M02,rural,single_family
A001823,R12,Metro Region,R12-M04,urban,single_family
A001824,R08,Lake Region,R08-M04,rural,multi_family
A001825,R02,South City,R02-M02,urban,multi_family
A001826,R05,Central Region,R05-M02,urban,large_residential
A001827,R04,East District,R04-M01,mixed,single_family
A001828,R09,Urban Belt,R09-M01,urban,single_family
A001829,R08,Lake Region,R08-M03,rural,single_family
A001830,R09,Urban Belt,R09-M01,urban,single_family
A001831,R05,Central Region,R05-M01,urban,multi_family
A001832,R05,Central Region,R05-M01,urban,multi_family
A001833,R06,River Region,R06-M04,mixed,single_family
A001834,R05,Central Region,R05-M04,urban,multi_family
A001835,R01,North City,R01-M03,urban,large_residential
A001836,R10,Rural Belt,R10-M01,rural,single_family
A001837,R02,South City,R02-M02,urban,multi_family
A001838,R10,Rural Belt,R10-M01,rural,large_residential
A001839,R12,Metro Region,R12-M03,urban,multi_family
A001840,R02,South City,R02-M01,urban,multi_family
A001841,R10,Rural Belt,R10-M04,rural,single_family
A001842,R12,Metro Region,R12-M04,urban,single_family
A001843,R11,Border Region,R11-M01,mixed,multi_family
A001844,R12,Metro Region,R12-M01,urban,large_residential
A001845,R03,West District,R03-M01,mixed,multi_family
A001846,R03,West District,R03-M02,mixed,multi_family
A001847,R02,South City,R02-M01,urban,multi_family
A001848,R09,Urban Belt,R09-M04,urban,multi_family
A001849,R10,Rural Belt,R10-M04,rural,single_family
A001850,R08,Lake Region,R08-M01,rural,large_residential
A001851,R09,Urban Belt,R09-M03,urban,multi_family
A001852,R11,Border Region,R11-M02,mixed,single_family
A001853,R02,South City,R02-M01,urban,single_family
A001854,R05,Central Region,R05-M02,urban,single_family
A001855,R01,North City,R01-M04,urban,multi_family
A001856,R07,Mountain Region,R07-M04,rural,multi_family
A001857,R05,Central Region,R05-M01,urban,single_family
A001858,R09,Urban Belt,R09-M02,urban,large_residential
A001859,R03,West District,R03-M02,mixed,multi_family
A001860,R01,North City,R01-M03,urban,large_residential
A001861,R09,Urban Belt,R09-M03,urban,multi_family
A001862,R12,Metro Region,R12-M04,urban,multi_family
A001863,R01,North City,R01-M04,urban,multi_family
A001864,R06,River Region,R06-M03,mixed,single_family
A001865,R12,Metro Region,R12-M01,urban,multi_family
A001866,R09,Urban Belt,R09-M03,urban,multi_family
A001867,R01,North City,R01-M01,urban,multi_family
A001868,R12,Metro Region,R12-M01,urban,large_residential
A001869,R02,South City,R02-M04,urban,large_residential
A001870,R06,River Region,R06-M01,mixed,single_family
A001871,R10,Rural Belt,R10-M03,rural,single_family
A001872,R05,Central Region,R05-M03,urban,single_family
A001873,R06,River Region,R06-M01,mixed,multi_family
A001874,R11,Border Region,R11-M02,mixed,large_residential
A001875,R07,Mountain Region,R07-M02,rural,single_family
A001876,R09,Urban Belt,R09-M02,urban,multi_family
A001877,R12,Metro Region,R12-M03,urban,multi_family
A001878,R09,Urban Belt,R09-M04,urban,multi_family
A001879,R12,Metro Region,R12-M02,urban,multi_family
A001880,R02,South City,R02-M03,urban,single_family
A001881,R03,West District,R03-M01,mixed,single_family
A001882,R12,Metro Region,R12-M03,urban,multi_family
A001883,R10,Rural Belt,R10-M02,rural,multi_family
A001884,R01,North City,R01-M01,urban,multi_family
A001885,R04,East District,R04-M04,mixed,multi_family
A001886,R05,Central Region,R05-M02,urban,multi_family
A001887,R09,Urban Belt,R09-M03,urban,multi_family
A001888,R09,Urban Belt,R09-M04,urban,large_residential
A001889,R02,South City,R02-M04,urban,large_residential
A001890,R05,Central Region,R05-M03,urban,large_residential
A001891,R08,Lake Region,R08-M01,rural,single_family
A001892,R11,Border Region,R11-M03,mixed,multi_family
A001893,R05,Central Region,R05-M01,urban,multi_family
A001894,R09,Urban Belt,R09-M01,urban,large_residential
A001895,R05,Central Region,R05-M01,urban,single_family
A001896,R12,Metro Region,R12-M04,urban,multi_family
A001897,R12,Metro Region,R12-M04,urban,multi_family
A001898,R05,Central Region,R05-M04,urban,large_residential
A001899,R05,Central Region,R05-M04,urban,large_residential
A001900,R10,Rural Belt,R10-M01,rural,multi_family
A001901,R06,River Region,R06-M04,mixed,multi_family
A001902,R06,River Region,R06-M02,mixed,single_family
A001903,R09,Urban Belt,R09-M04,urban,large_residential
A001904,R10,Rural Belt,R10-M04,rural,single_family
A001905,R03,West District,R03-M01,mixed,single_family
A001906,R12,Metro Region,R12-M03,urban,large_residential
A001907,R07,Mountain Region,R07-M01,rural,single_family
A001908,R06,River Region,R06-M01,mixed,single_family
A001909,R08,Lake Region,R08-M01,rural,single_family
A001910,R03,West District,R03-M04,mixed,multi_family
A001911,R09,Urban Belt,R09-M03,urban,multi_family
A001912,R12,Metro Region,R12-M03,urban,single_family
A001913,R07,Mountain Region,R07-M03,rural,single_family
A001914,R01,North City,R01-M03,urban,multi_family
A001915,R02,South City,R02-M04,urban,multi_family
A001916,R09,Urban Belt,R09-M03,urban,single_family
A001917,R01,North City,R01-M04,urban,large_residential
A001918,R02,South City,R02-M02,urban,multi_family
A001919,R08,Lake Region,R08-M01,rural,single_family
A001920,R11,Border Region,R11-M03,mixed,multi_family
A001921,R12,Metro Region,R12-M04,urban,multi_family
A001922,R09,Urban Belt,R09-M02,urban,multi_family
A001923,R08,Lake Region,R08-M04,rural,single_family
A001924,R05,Central Region,R05-M02,urban,multi_family
A001925,R12,Metro Region,R12-M01,urban,large_residential
A001926,R12,Metro Region,R12-M01,urban,multi_family
A001927,R03,West District,R03-M03,mixed,multi_family
A001928,R03,West District,R03-M01,mixed,single_family
A001929,R09,Urban Belt,R09-M04,urban,single_family
A001930,R12,Metro Region,R12-M01,urban,large_residential
A001931,R07,Mountain Region,R07-M02,rural,single_family
A001932,R04,East District,R04-M01,mixed,single_family
A001933,R02,South City,R02-M03,urban,single_family
A001934,R09,Urban Belt,R09-M02,urban,multi_family
A001935,R02,South City,R02-M03,urban,multi_family
A001936,R06,River Region,R06-M04,mixed,single_family
A001937,R03,West District,R03-M01,mixed,multi_family
A001938,R06,River Region,R06-M04,mixed,multi_family
A001939,R09,Urban Belt,R09-M04,urban,multi_family
A001940,R01,North City,R01-M01,urban,multi_family
A001941,R09,Urban Belt,R09-M03,urban,large_residential
A001942,R01,North City,R01-M02,urban,single_family
A001943,R09,Urban Belt,R09-M03,urban,multi_family
A001944,R06,River Region,R06-M04,mixed,multi_family
A001945,R01,North City,R01-M04,urban,multi_family
A001946,R12,Metro Region,R12-M01,urban,multi_family
A001947,R02,South City,R02-M01,urban,multi_family
A001948,R11,Border Region,R11-M03,mixed,multi_family
A001949,R06,River Region,R06-M01,mixed,single_family
A001950,R11,Border Region,R11-M01,mixed,multi_family
A001951,R03,West District,R03-M02,mixed,multi_family
A001952,R11,Border Region,R11-M04,mixed,multi_family
A001953,R06,River Region,R06-M02,mixed,single_family
A001954,R09,Urban Belt,R09-M02,urban,multi_family
A001955,R02,South City,R02-M03,urban,large_residential
A001956,R01,North City,R01-M02,urban,multi_family
A001957,R01,North City,R01-M03,urban,multi_family
A001958,R12,Metro Region,R12-M01,urban,multi_family
A001959,R05,Central Region,R05-M04,urban,multi_family
A001960,R12,Metro Region,R12-M04,urban,multi_family
A001961,R11,Border Region,R11-M02,mixed,single_family
A001962,R02,South City,R02-M01,urban,multi_family
A001963,R02,South City,R02-M02,urban,large_residential
A001964,R01,North City,R01-M03,urban,single_family
A001965,R05,Central Region,R05-M01,urban,large_residential
A001966,R12,Metro Region,R12-M03,urban,multi_family
A001967,R02,South City,R02-M02,urban,multi_family
A001968,R09,Urban Belt,R09-M02,urban,single_family
A001969,R04,East District,R04-M03,mixed,single_family
A001970,R04,East District,R04-M03,mixed,multi_family
A001971,R06,River Region,R06-M01,mixed,single_family
A001972,R09,Urban Belt,R09-M01,urban,multi_family
A001973,R12,Metro Region,R12-M01,urban,multi_family
A001974,R11,Border Region,R11-M03,mixed,single_family
A001975,R05,Central Region,R05-M03,urban,multi_family
A001976,R12,Metro Region,R12-M03,urban,multi_family
A001977,R04,East District,R04-M03,mixed,single_family
A001978,R03,West District,R03-M01,mixed,single_family
A001979,R07,Mountain Region,R07-M04,rural,single_family
A001980,R06,River Region,R06-M03,mixed,single_family
A001981,R07,Mountain Region,R07-M02,rural,single_family
A001982,R07,Mountain Region,R07-M04,rural,single_family
A001983,R09,Urban Belt,R09-M01,urban,multi_family
A001984,R12,Metro Region,R12-M04,urban,large_residential
A001985,R02,South City,R02-M03,urban,multi_family
A001986,R04,East District,R04-M01,mixed,single_family
A001987,R08,Lake Region,R08-M01,rural,single_family
A001988,R05,Central Region,R05-M03,urban,single_family
A001989,R12,Metro Region,R12-M02,urban,multi_family
A001990,R10,Rural Belt,R10-M02,rural,multi_family
A001991,R02,South City,R02-M03,urban,single_family
A001992,R12,Metro Region,R12-M02,urban,large_residential
A001993,R10,Rural Belt,R10-M04,rural,multi_family
A001994,R03,West District,R03-M04,mixed,multi_family
A001995,R10,Rural Belt,R10-M04,rural,single_family
A001996,R02,South City,R02-M03,urban,multi_family
A001997,R03,West District,R03-M04,mixed,multi_family
A001998,R10,Rural Belt,R10-M03,rural,multi_family
A001999,R01,North City,R01-M04,urban,multi_family
A002000,R09,Urban Belt,R09-M03,urban,large_residential
A002001,R03,West District,R03-M02,mixed,multi_family
A002002,R09,Urban Belt,R09-M03,urban,large_residential
A002003,R04,East District,R04-M03,mixed,single_family
A002004,R07,Mountain Region,R07-M03,rural,single_family
A002005,R02,South City,R02-M03,urban,multi_family
A002006,R06,River Region,R06-M04,mixed,multi_family
A002007,R12,Metro Region,R12-M04,urban,large_residential
A002008,R01,North City,R01-M01,urban,single_family
A002009,R10,Rural Belt,R10-M02,rural,single_family
A002010,R04,East District,R04-M03,mixed,multi_family
A002011,R09,Urban Belt,R09-M04,urban,multi_family
A002012,R05,Central Region,R05-M04,urban,large_residential
A002013,R12,Metro Region,R12-M01,urban,multi_family
A002014,R08,Lake Region,R08-M02,rural,multi_family
A002015,R02,South City,R02-M04,urban,multi_family
A002016,R09,Urban Belt,R09-M01,urban,multi_family
A002017,R04,East District,R04-M04,mixed,multi_family
A002018,R10,Rural Belt,R10-M03,rural,single_family
A002019,R01,North City,R01-M03,urban,large_residential
A002020,R01,North City,R01-M04,urban,single_family
A002021,R04,East District,R04-M02,mixed,multi_family
A002022,R06,River Region,R06-M02,mixed,multi_family
A002023,R06,River Region,R06-M03,mixed,single_family
A002024,R06,River Region,R06-M01,mixed,single_family
A002025,R12,Metro Region,R12-M01,urban,single_family
A002026,R01,North City,R01-M02,urban,multi_family
A002027,R03,West District,R03-M01,mixed,multi_family
A002028,R09,Urban Belt,R09-M02,urban,large_residential
A002029,R05,Central Region,R05-M03,urban,multi_family
A002030,R12,Metro Region,R12-M03,urban,large_residential
A002031,R05,Central Region,R05-M02,urban,single_family
A002032,R01,North City,R01-M01,urban,multi_family
A002033,R11,Border Region,R11-M04,mixed,large_residential
A002034,R06,River Region,R06-M03,mixed,multi_family
A002035,R08,Lake Region,R08-M04,rural,multi_family
A002036,R02,South City,R02-M02,urban,single_family
A002037,R10,Rural Belt,R10-M01,rural,single_family
A002038,R06,River Region,R06-M03,mixed,single_family
A002039,R01,North City,R01-M01,urban,multi_family
A002040,R07,Mountain Region,R07-M04,rural,large_residential
A002041,R04,East District,R04-M01,mixed,single_family
A002042,R04,East District,R04-M01,mixed,single_family
A002043,R02,South City,R02-M03,urban,large_residential
A002044,R02,South City,R02-M03,urban,multi_family
A002045,R01,North City,R01-M01,urban,single_family
A002046,R01,North City,R01-M02,urban,multi_family
A002047,R02,South City,R02-M01,urban,multi_family
A002048,R03,West District,R03-M01,mixed,multi_family
A002049,R05,Central Region,R05-M04,urban,multi_family
A002050,R03,West District,R03-M02,mixed,multi_family
A002051,R01,North City,R01-M04,urban,large_residential
A002052,R01,North City,R01-M04,urban,single_family
A002053,R02,South City,R02-M02,urban,large_residential
A002054,R05,Central Region,R05-M03,urban,multi_family
A002055,R09,Urban Belt,R09-M01,urban,multi_family
A002056,R03,West District,R03-M04,mixed,single_family
A002057,R03,West District,R03-M04,mixed,single_family
A002058,R12,Metro Region,R12-M02,urban,multi_family
A002059,R04,East District,R04-M02,mixed,single_family
A002060,R07,Mountain Region,R07-M03,rural,single_family
A002061,R12,Metro Region,R12-M04,urban,single_family
A002062,R05,Central Region,R05-M04,urban,single_family
A002063,R05,Central Region,R05-M02,urban,multi_family
A002064,R10,Rural Belt,R10-M01,rural,single_family
A002065,R02,South City,R02-M02,urban,single_family
A002066,R03,West District,R03-M02,mixed,multi_family
A002067,R01,North City,R01-M01,urban,large_residential
A002068,R07,Mountain Region,R07-M02,rural,single_family
A002069,R08,Lake Region,R08-M04,rural,single_family
A002070,R05,Central Region,R05-M03,urban,multi_family
A002071,R03,West District,R03-M03,mixed,large_residential
A002072,R08,Lake Region,R08-M03,rural,multi_family
A002073,R02,South City,R02-M04,urban,large_residential
A002074,R06,River Region,R06-M04,mixed,single_family
A002075,R12,Metro Region,R12-M03,urban,single_family
A002076,R01,North City,R01-M02,urban,multi_family
A002077,R10,Rural Belt,R10-M04,rural,single_family
A002078,R10,Rural Belt,R10-M03,rural,single_family
A002079,R08,Lake Region,R08-M01,rural,multi_family
A002080,R06,River Region,R06-M04,mixed,single_family
A002081,R12,Metro Region,R12-M01,urban,multi_family
A002082,R09,Urban Belt,R09-M03,urban,multi_family
A002083,R08,Lake Region,R08-M04,rural,single_family
A002084,R11,Border Region,R11-M04,mixed,multi_family
A002085,R10,Rural Belt,R10-M01,rural,single_family
A002086,R01,North City,R01-M03,urban,multi_family
A002087,R07,Mountain Region,R07-M04,rural,single_family
A002088,R01,North City,R01-M01,urban,large_residential
A002089,R03,West District,R03-M01,mixed,large_residential
A002090,R02,South City,R02-M01,urban,multi_family
A002091,R10,Rural Belt,R10-M01,rural,single_family
A002092,R03,West District,R03-M02,mixed,single_family
A002093,R04,East District,R04-M04,mixed,single_family
A002094,R09,Urban Belt,R09-M04,urban,multi_family
A002095,R12,Metro Region,R12-M04,urban,large_residential
A002096,R02,South City,R02-M03,urban,multi_family
A002097,R05,Central Region,R05-M02,urban,single_family
A002098,R05,Central Region,R05-M04,urban,large_residential
A002099,R10,Rural Belt,R10-M02,rural,single_family
A002100,R11,Border Region,R11-M04,mixed,multi_family
A002101,R01,North City,R01-M04,urban,multi_family
A002102,R11,Border Region,R11-M02,mixed,single_family
A002103,R12,Metro Region,R12-M02,urban,multi_family
A002104,R09,Urban Belt,R09-M01,urban,single_family
A002105,R12,Metro Region,R12-M02,urban,multi_family
A002106,R02,South City,R02-M04,urban,multi_family
A002107,R07,Mountain Region,R07-M04,rural,single_family
A002108,R11,Border Region,R11-M01,mixed,large_residential
A002109,R04,East District,R04-M03,mixed,single_family
A002110,R01,North City,R01-M03,urban,single_family
A002111,R10,Rural Belt,R10-M03,rural,single_family
A002112,R06,River Region,R06-M03,mixed,large_residential
A002113,R03,West District,R03-M02,mixed,multi_family
A002114,R02,South City,R02-M02,urban,single_family
A002115,R02,South City,R02-M02,urban,multi_family
A002116,R04,East District,R04-M03,mixed,single_family
A002117,R03,West District,R03-M02,mixed,single_family
A002118,R10,Rural Belt,R10-M04,rural,multi_family
A002119,R06,River Region,R06-M04,mixed,multi_family
A002120,R12,Metro Region,R12-M02,urban,large_residential
A002121,R12,Metro Region,R12-M03,urban,multi_family
A002122,R09,Urban Belt,R09-M01,urban,multi_family
A002123,R08,Lake Region,R08-M01,rural,single_family
A002124,R12,Metro Region,R12-M02,urban,multi_family
A002125,R04,East District,R04-M03,mixed,multi_family
A002126,R06,River Region,R06-M04,mixed,single_family
A002127,R08,Lake Region,R08-M02,rural,multi_family
A002128,R12,Metro Region,R12-M01,urban,multi_family
A002129,R10,Rural Belt,R10-M01,rural,single_family
A002130,R01,North City,R01-M01,urban,multi_family
A002131,R02,South City,R02-M03,urban,multi_family
A002132,R10,Rural Belt,R10-M01,rural,single_family
A002133,R02,South City,R02-M02,urban,large_residential
A002134,R09,Urban Belt,R09-M01,urban,single_family
A002135,R09,Urban Belt,R09-M02,urban,single_family
A002136,R12,Metro Region,R12-M04,urban,multi_family
A002137,R09,Urban Belt,R09-M03,urban,multi_family
A002138,R07,Mountain Region,R07-M03,rural,single_family
A002139,R09,Urban Belt,R09-M03,urban,multi_family
A002140,R01,North City,R01-M03,urban,multi_family
A002141,R06,River Region,R06-M02,mixed,large_residential
A002142,R12,Metro Region,R12-M03,urban,multi_family
A002143,R04,East District,R04-M03,mixed,single_family
A002144,R07,Mountain Region,R07-M03,rural,large_residential
A002145,R08,Lake Region,R08-M03,rural,single_family
A002146,R06,River Region,R06-M01,mixed,single_family
A002147,R07,Mountain Region,R07-M01,rural,single_family
A002148,R10,Rural Belt,R10-M04,rural,single_family
A002149,R06,River Region,R06-M01,mixed,multi_family
A002150,R08,Lake Region,R08-M01,rural,single_family
A002151,R01,North City,R01-M03,urban,large_residential
A002152,R12,Metro Region,R12-M01,urban,multi_family
A002153,R11,Border Region,R11-M01,mixed,multi_family
A002154,R07,Mountain Region,R07-M01,rural,single_family
A002155,R04,East District,R04-M02,mixed,large_residential
A002156,R04,East District,R04-M02,mixed,multi_family
A002157,R08,Lake Region,R08-M04,rural,multi_family
A002158,R12,Metro Region,R12-M01,urban,multi_family
A002159,R12,Metro Region,R12-M04,urban,multi_family
A002160,R05,Central Region,R05-M03,urban,single_family
A002161,R02,South City,R02-M04,urban,multi_family
A002162,R01,North City,R01-M02,urban,multi_family
A002163,R05,Central Region,R05-M03,urban,large_residential
A002164,R02,South City,R02-M02,urban,multi_family
A002165,R09,Urban Belt,R09-M01,urban,single_family
A002166,R05,Central Region,R05-M02,urban,single_family
A002167,R07,Mountain Region,R07-M02,rural,single_family
A002168,R02,South City,R02-M04,urban,multi_family
A002169,R05,Central Region,R05-M03,urban,large_residential
A002170,R09,Urban Belt,R09-M04,urban,large_residential
A002171,R11,Border Region,R11-M04,mixed,large_residential
A002172,R04,East District,R04-M02,mixed,multi_family
A002173,R03,West District,R03-M02,mixed,multi_family
A002174,R02,South City,R02-M03,urban,multi_family
A002175,R12,Metro Region,R12-M03,urban,multi_family
A002176,R01,North City,R01-M03,urban,multi_family
A002177,R05,Central Region,R05-M04,urban,single_family
A002178,R03,West District,R03-M04,mixed,multi_family
A002179,R10,Rural Belt,R10-M04,rural,multi_family
A002180,R05,Central Region,R05-M04,urban,single_family
A002181,R03,West District,R03-M03,mixed,multi_family
A002182,R09,Urban Belt,R09-M04,urban,single_family
A002183,R04,East District,R04-M03,mixed,multi_family
A002184,R09,Urban Belt,R09-M03,urban,multi_family
A002185,R04,East District,R04-M04,mixed,multi_family
A002186,R01,North City,R01-M04,urban,large_residential
A002187,R01,North City,R01-M03,urban,multi_family
A002188,R07,Mountain Region,R07-M04,rural,single_family
A002189,R05,Central Region,R05-M01,urban,single_family
A002190,R10,Rural Belt,R10-M01,rural,single_family
A002191,R07,Mountain Region,R07-M02,rural,single_family
A002192,R12,Metro Region,R12-M01,urban,single_family
A002193,R09,Urban Belt,R09-M02,urban,multi_family
A002194,R09,Urban Belt,R09-M04,urban,multi_family
A002195,R12,Metro Region,R12-M03,urban,multi_family
A002196,R12,Metro Region,R12-M01,urban,multi_family
A002197,R09,Urban Belt,R09-M04,urban,large_residential
A002198,R08,Lake Region,R08-M04,rural,single_family
A002199,R02,South City,R02-M02,urban,multi_family
A002200,R11,Border Region,R11-M02,mixed,multi_family
A002201,R10,Rural Belt,R10-M01,rural,single_family
A002202,R09,Urban Belt,R09-M02,urban,multi_family
A002203,R04,East District,R04-M03,mixed,multi_family
A002204,R03,West District,R03-M03,mixed,multi_family
A002205,R04,East District,R04-M04,mixed,multi_family
A002206,R07,Mountain Region,R07-M02,rural,single_family
A002207,R07,Mountain Region,R07-M01,rural,single_family
A002208,R04,East District,R04-M03,mixed,single_family
A002209,R09,Urban Belt,R09-M01,urban,multi_family
A002210,R01,North City,R01-M02,urban,large_residential
A002211,R12,Metro Region,R12-M03,urban,single_family
A002212,R03,West District,R03-M03,mixed,multi_family
A002213,R09,Urban Belt,R09-M03,urban,single_family
A002214,R10,Rural Belt,R10-M04,rural,single_family
A002215,R02,South City,R02-M04,urban,multi_family
A002216,R03,West District,R03-M04,mixed,multi_family
A002217,R09,Urban Belt,R09-M01,urban,multi_family
A002218,R05,Central Region,R05-M01,urban,multi_family
A002219,R09,Urban Belt,R09-M02,urban,large_residential
A002220,R02,South City,R02-M01,urban,single_family
A002221,R04,East District,R04-M03,mixed,single_family
A002222,R06,River Region,R06-M02,mixed,large_residential
A002223,R11,Border Region,R11-M04,mixed,single_family
A002224,R02,South City,R02-M03,urban,multi_family
A002225,R12,Metro Region,R12-M02,urban,single_family
A002226,R02,South City,R02-M04,urban,multi_family
A002227,R02,South City,R02-M01,urban,single_family
A002228,R11,Border Region,R11-M03,mixed,single_family
A002229,R05,Central Region,R05-M03,urban,large_residential
A002230,R01,North City,R01-M01,urban,single_family
A002231,R02,South City,R02-M02,urban,multi_family
A002232,R04,East District,R04-M04,mixed,large_residential
A002233,R08,Lake Region,R08-M01,rural,multi_family
A002234,R10,Rural Belt,R10-M04,rural,single_family
A002235,R05,Central Region,R05-M04,urban,single_family
A002236,R11,Border Region,R11-M02,mixed,multi_family
A002237,R12,Metro Region,R12-M04,urban,single_family
A002238,R02,South City,R02-M04,urban,single_family
A002239,R05,Central Region,R05-M04,urban,single_family
A002240,R08,Lake Region,R08-M02,rural,multi_family
A002241,R12,Metro Region,R12-M02,urban,multi_family
A002242,R03,West District,R03-M02,mixed,multi_family
A002243,R06,River Region,R06-M03,mixed,single_family
A002244,R02,South City,R02-M02,urban,multi_family
A002245,R08,Lake Region,R08-M02,rural,multi_family
A002246,R11,Border Region,R11-M02,mixed,single_family
A002247,R03,West District,R03-M02,mixed,multi_family
A002248,R06,River Region,R06-M03,mixed,multi_family
A002249,R10,Rural Belt,R10-M03,rural,single_family
A002250,R03,West District,R03-M01,mixed,single_family
A002251,R06,River Region,R06-M04,mixed,large_residential
A002252,R09,Urban Belt,R09-M01,urban,large_residential
A002253,R10,Rural Belt,R10-M02,rural,single_family
A002254,R02,South City,R02-M01,urban,multi_family
A002255,R01,North City,R01-M01,urban,multi_family
A002256,R05,Central Region,R05-M04,urban,large_residential
A002257,R04,East District,R04-M04,mixed,multi_family
A002258,R06,River Region,R06-M02,mixed,multi_family
A002259,R05,Central Region,R05-M03,urban,single_family
A002260,R12,Metro Region,R12-M04,urban,multi_family
A002261,R01,North City,R01-M02,urban,multi_family
A002262,R04,East District,R04-M02,mixed,single_family
A002263,R07,Mountain Region,R07-M03,rural,single_family
A002264,R11,Border Region,R11-M01,mixed,single_family
A002265,R01,North City,R01-M02,urban,large_residential
A002266,R02,South City,R02-M01,urban,large_residential
A002267,R05,Central Region,R05-M02,urban,large_residential
A002268,R05,Central Region,R05-M04,urban,multi_family
A002269,R07,Mountain Region,R07-M03,rural,single_family
A002270,R01,North City,R01-M02,urban,multi_family
A002271,R10,Rural Belt,R10-M04,rural,single_family
A002272,R03,West District,R03-M01,mixed,large_residential
A002273,R04,East District,R04-M01,mixed,single_family
A002274,R07,Mountain Region,R07-M03,rural,multi_family
A002275,R12,Metro Region,R12-M04,urban,multi_family
A002276,R03,West District,R03-M03,mixed,single_family
A002277,R03,West District,R03-M04,mixed,multi_family
A002278,R03,West District,R03-M04,mixed,multi_family
A002279,R12,Metro Region,R12-M01,urban,multi_family
A002280,R09,Urban Belt,R09-M01,urban,large_residential
A002281,R09,Urban Belt,R09-M02,urban,single_family
A002282,R01,North City,R01-M04,urban,multi_family
A002283,R02,South City,R02-M02,urban,single_family
A002284,R01,North City,R01-M01,urban,single_family
A002285,R02,South City,R02-M02,urban,single_family
A002286,R12,Metro Region,R12-M02,urban,large_residential
A002287,R05,Central Region,R05-M04,urban,large_residential
A002288,R10,Rural Belt,R10-M03,rural,single_family
A002289,R03,West District,R03-M03,mixed,single_family
A002290,R05,Central Region,R05-M02,urban,multi_family
A002291,R12,Metro Region,R12-M03,urban,multi_family
A002292,R10,Rural Belt,R10-M04,rural,single_family
A002293,R07,Mountain Region,R07-M01,rural,single_family
A002294,R12,Metro Region,R12-M04,urban,multi_family
A002295,R07,Mountain Region,R07-M01,rural,single_family
A002296,R02,South City,R02-M01,urban,multi_family
A002297,R02,South City,R02-M02,urban,large_residential
A002298,R05,Central Region,R05-M02,urban,multi_family
A002299,R03,West District,R03-M02,mixed,single_family
A002300,R02,South City,R02-M01,urban,multi_family
A002301,R07,Mountain Region,R07-M01,rural,single_family
A002302,R12,Metro Region,R12-M02,urban,multi_family
A002303,R09,Urban Belt,R09-M04,urban,large_residential
A002304,R06,River Region,R06-M04,mixed,multi_family
A002305,R06,River Region,R06-M03,mixed,multi_family
A002306,R01,North City,R01-M03,urban,single_family
A002307,R02,South City,R02-M03,urban,single_family
A002308,R01,North City,R01-M03,urban,multi_family
A002309,R10,Rural Belt,R10-M04,rural,single_family
A002310,R08,Lake Region,R08-M03,rural,single_family
A002311,R04,East District,R04-M01,mixed,single_family
A002312,R11,Border Region,R11-M04,mixed,large_residential
A002313,R02,South City,R02-M04,urban,large_residential
A002314,R01,North City,R01-M03,urban,multi_family
A002315,R11,Border Region,R11-M04,mixed,multi_family
A002316,R03,West District,R03-M03,mixed,single_family
A002317,R08,Lake Region,R08-M04,rural,single_family
A002318,R12,Metro Region,R12-M01,urban,single_family
A002319,R12,Metro Region,R12-M02,urban,single_family
A002320,R09,Urban Belt,R09-M04,urban,multi_family
A002321,R08,Lake Region,R08-M02,rural,multi_family
A002322,R12,Metro Region,R12-M03,urban,single_family
A002323,R03,West District,R03-M04,mixed,single_family
A002324,R08,Lake Region,R08-M01,rural,multi_family
A002325,R05,Central Region,R05-M01,urban,large_residential
A002326,R06,River Region,R06-M04,mixed,large_residential
A002327,R11,Border Region,R11-M02,mixed,single_family
A002328,R11,Border Region,R11-M04,mixed,multi_family
A002329,R11,Border Region,R11-M03,mixed,multi_family
A002330,R11,Border Region,R11-M04,mixed,single_family
A002331,R01,North City,R01-M03,urban,multi_family
A002332,R05,Central Region,R05-M02,urban,large_residential
A002333,R09,Urban Belt,R09-M03,urban,multi_family
A002334,R10,Rural Belt,R10-M03,rural,multi_family
A002335,R08,Lake Region,R08-M04,rural,single_family
A002336,R09,Urban Belt,R09-M02,urban,multi_family
A002337,R10,Rural Belt,R10-M04,rural,single_family
A002338,R07,Mountain Region,R07-M02,rural,multi_family
A002339,R03,West District,R03-M03,mixed,multi_family
A002340,R09,Urban Belt,R09-M01,urban,multi_family
A002341,R03,West District,R03-M02,mixed,single_family
A002342,R07,Mountain Region,R07-M02,rural,single_family
A002343,R09,Urban Belt,R09-M02,urban,large_residential
A002344,R01,North City,R01-M01,urban,single_family
A002345,R07,Mountain Region,R07-M02,rural,single_family
A002346,R12,Metro Region,R12-M01,urban,large_residential
A002347,R04,East District,R04-M03,mixed,multi_family
A002348,R06,River Region,R06-M04,mixed,multi_family
A002349,R09,Urban Belt,R09-M01,urban,single_family
A002350,R12,Metro Region,R12-M04,urban,multi_family
A002351,R08,Lake Region,R08-M04,rural,single_family
A002352,R07,Mountain Region,R07-M02,rural,single_family
A002353,R12,Metro Region,R12-M01,urban,multi_family
A002354,R12,Metro Region,R12-M01,urban,single_family
A002355,R09,Urban Belt,R09-M02,urban,large_residential
A002356,R06,River Region,R06-M01,mixed,multi_family
A002357,R05,Central Region,R05-M03,urban,multi_family
A002358,R03,West District,R03-M04,mixed,multi_family
A002359,R12,Metro Region,R12-M04,urban,single_family
A002360,R07,Mountain Region,R07-M01,rural,single_family
A002361,R11,Border Region,R11-M02,mixed,single_family
A002362,R02,South City,R02-M03,urban,large_residential
A002363,R02,South City,R02-M04,urban,large_residential
A002364,R06,River Region,R06-M02,mixed,multi_family
A002365,R10,Rural Belt,R10-M03,rural,single_family
A002366,R01,North City,R01-M01,urban,multi_family
A002367,R11,Border Region,R11-M01,mixed,large_residential
A002368,R07,Mountain Region,R07-M03,rural,single_family
A002369,R06,River Region,R06-M04,mixed,multi_family
A002370,R03,West District,R03-M04,mixed,single_family
A002371,R09,Urban Belt,R09-M02,urban,multi_family
A002372,R09,Urban Belt,R09-M01,urban,multi_family
A002373,R04,East District,R04-M03,mixed,single_family
A002374,R05,Central Region,R05-M01,urban,large_residential
A002375,R09,Urban Belt,R09-M02,urban,multi_family
A002376,R01,North City,R01-M04,urban,single_family
A002377,R11,Border Region,R11-M02,mixed,single_family
A002378,R02,South City,R02-M01,urban,large_residential
A002379,R02,South City,R02-M03,urban,single_family
A002380,R12,Metro Region,R12-M02,urban,multi_family
A002381,R05,Central Region,R05-M04,urban,single_family
A002382,R05,Central Region,R05-M02,urban,multi_family
A002383,R12,Metro Region,R12-M02,urban,single_family
A002384,R12,Metro Region,R12-M01,urban,multi_family
A002385,R06,River Region,R06-M04,mixed,multi_family
A002386,R12,Metro Region,R12-M02,urban,multi_family
A002387,R05,Central Region,R05-M02,urban,single_family
A002388,R12,Metro Region,R12-M04,urban,large_residential
A002389,R09,Urban Belt,R09-M04,urban,large_residential
A002390,R03,West District,R03-M03,mixed,multi_family
A002391,R10,Rural Belt,R10-M01,rural,multi_family
A002392,R10,Rural Belt,R10-M04,rural,single_family
A002393,R01,North City,R01-M03,urban,large_residential
A002394,R01,North City,R01-M01,urban,single_family
A002395,R04,East District,R04-M02,mixed,single_family
A002396,R06,River Region,R06-M01,mixed,multi_family
A002397,R05,Central Region,R05-M02,urban,multi_family
A002398,R12,Metro Region,R12-M04,urban,multi_family
A002399,R05,Central Region,R05-M04,urban,single_family
A002400,R08,Lake Region,R08-M01,rural,multi_family
A002401,R08,Lake Region,R08-M02,rural,multi_family
A002402,R03,West District,R03-M01,mixed,multi_family
A002403,R03,West District,R03-M01,mixed,multi_family
A002404,R10,Rural Belt,R10-M01,rural,single_family
A002405,R06,River Region,R06-M01,mixed,multi_family
A002406,R11,Border Region,R11-M01,mixed,single_family
A002407,R04,East District,R04-M01,mixed,multi_family
A002408,R06,River Region,R06-M01,mixed,single_family
A002409,R02,South City,R02-M01,urban,single_family
A002410,R01,North City,R01-M02,urban,large_residential
A002411,R12,Metro Region,R12-M04,urban,multi_family
A002412,R01,North City,R01-M01,urban,multi_family
A002413,R12,Metro Region,R12-M04,urban,multi_family
A002414,R04,East District,R04-M03,mixed,large_residential
A002415,R01,North City,R01-M03,urban,large_residential
A002416,R09,Urban Belt,R09-M02,urban,multi_family
A002417,R02,South City,R02-M02,urban,multi_family
A002418,R04,East District,R04-M02,mixed,large_residential
A002419,R12,Metro Region,R12-M03,urban,multi_family
A002420,R09,Urban Belt,R09-M01,urban,multi_family
A002421,R05,Central Region,R05-M03,urban,multi_family
A002422,R07,Mountain Region,R07-M03,rural,single_family
A002423,R03,West District,R03-M01,mixed,multi_family
A002424,R07,Mountain Region,R07-M03,rural,single_family
A002425,R05,Central Region,R05-M02,urban,multi_family
A002426,R08,Lake Region,R08-M02,rural,large_residential
A002427,R08,Lake Region,R08-M01,rural,multi_family
A002428,R06,River Region,R06-M04,mixed,large_residential
A002429,R11,Border Region,R11-M04,mixed,single_family
A002430,R01,North City,R01-M02,urban,single_family
A002431,R09,Urban Belt,R09-M01,urban,multi_family
A002432,R09,Urban Belt,R09-M04,urban,large_residential
A002433,R05,Central Region,R05-M01,urban,large_residential
A002434,R09,Urban Belt,R09-M02,urban,large_residential
A002435,R03,West District,R03-M03,mixed,single_family
A002436,R04,East District,R04-M04,mixed,multi_family
A002437,R01,North City,R01-M04,urban,multi_family
A002438,R06,River Region,R06-M01,mixed,multi_family
A002439,R07,Mountain Region,R07-M04,rural,single_family
A002440,R02,South City,R02-M01,urban,multi_family
A002441,R05,Central Region,R05-M02,urban,multi_family
A002442,R10,Rural Belt,R10-M01,rural,single_family
A002443,R01,North City,R01-M02,urban,multi_family
A002444,R03,West District,R03-M02,mixed,multi_family
A002445,R10,Rural Belt,R10-M03,rural,multi_family
A002446,R02,South City,R02-M03,urban,multi_family
A002447,R03,West District,R03-M02,mixed,large_residential
A002448,R10,Rural Belt,R10-M03,rural,single_family
A002449,R04,East District,R04-M04,mixed,multi_family
A002450,R03,West District,R03-M01,mixed,single_family
A002451,R02,South City,R02-M01,urban,multi_family
A002452,R05,Central Region,R05-M02,urban,large_residential
A002453,R05,Central Region,R05-M02,urban,large_residential
A002454,R05,Central Region,R05-M01,urban,multi_family
A002455,R12,Metro Region,R12-M04,urban,multi_family
A002456,R07,Mountain Region,R07-M02,rural,large_residential
A002457,R12,Metro Region,R12-M03,urban,single_family
A002458,R06,River Region,R06-M01,mixed,multi_family
A002459,R12,Metro Region,R12-M01,urban,single_family
A002460,R05,Central Region,R05-M04,urban,multi_family
A002461,R09,Urban Belt,R09-M04,urban,large_residential
A002462,R01,North City,R01-M02,urban,multi_family
A002463,R07,Mountain Region,R07-M02,rural,single_family
A002464,R12,Metro Region,R12-M01,urban,single_family
A002465,R12,Metro Region,R12-M02,urban,multi_family
A002466,R06,River Region,R06-M01,mixed,single_family
A002467,R01,North City,R01-M01,urban,multi_family
A002468,R02,South City,R02-M04,urban,large_residential
A002469,R03,West District,R03-M04,mixed,multi_family
A002470,R09,Urban Belt,R09-M02,urban,large_residential
A002471,R02,South City,R02-M02,urban,multi_family
A002472,R09,Urban Belt,R09-M03,urban,large_residential
A002473,R03,West District,R03-M01,mixed,single_family
A002474,R11,Border Region,R11-M03,mixed,multi_family
A002475,R10,Rural Belt,R10-M04,rural,single_family
A002476,R05,Central Region,R05-M04,urban,multi_family
A002477,R01,North City,R01-M04,urban,large_residential
A002478,R02,South City,R02-M03,urban,single_family
A002479,R04,East District,R04-M02,mixed,large_residential
A002480,R03,West District,R03-M01,mixed,multi_family
A002481,R04,East District,R04-M02,mixed,single_family
A002482,R04,East District,R04-M03,mixed,single_family
A002483,R08,Lake Region,R08-M04,rural,single_family
A002484,R04,East District,R04-M03,mixed,single_family
A002485,R03,West District,R03-M01,mixed,multi_family
A002486,R08,Lake Region,R08-M02,rural,single_family
A002487,R06,River Region,R06-M04,mixed,single_family
A002488,R01,North City,R01-M04,urban,multi_family
A002489,R05,Central Region,R05-M04,urban,multi_family
A002490,R02,South City,R02-M04,urban,single_family
A002491,R02,South City,R02-M04,urban,multi_family
A002492,R02,South City,R02-M03,urban,large_residential
A002493,R09,Urban Belt,R09-M04,urban,multi_family
A002494,R06,River Region,R06-M01,mixed,single_family
A002495,R06,River Region,R06-M02,mixed,single_family
A002496,R02,South City,R02-M01,urban,large_residential
A002497,R08,Lake Region,R08-M01,rural,single_family
A002498,R04,East District,R04-M01,mixed,large_residential
A002499,R03,West District,R03-M01,mixed,single_family
A002500,R05,Central Region,R05-M01,urban,multi_family
A002501,R09,Urban Belt,R09-M01,urban,multi_family
A002502,R01,North City,R01-M04,urban,large_residential
A002503,R06,River Region,R06-M01,mixed,single_family
A002504,R10,Rural Belt,R10-M04,rural,single_family
A002505,R03,West District,R03-M01,mixed,multi_family
A002506,R03,West District,R03-M02,mixed,multi_family
A002507,R02,South City,R02-M04,urban,multi_family
A002508,R01,North City,R01-M04,urban,large_residential
A002509,R10,Rural Belt,R10-M03,rural,single_family
A002510,R09,Urban Belt,R09-M02,urban,multi_family
A002511,R12,Metro Region,R12-M04,urban,multi_family
A002512,R10,Rural Belt,R10-M02,rural,single_family
A002513,R04,East District,R04-M02,mixed,single_family
A002514,R04,East District,R04-M01,mixed,single_family
A002515,R02,South City,R02-M01,urban,single_family
A002516,R04,East District,R04-M02,mixed,single_family
A002517,R03,West District,R03-M03,mixed,single_family
A002518,R05,Central Region,R05-M02,urban,multi_family
A002519,R12,Metro Region,R12-M04,urban,single_family
A002520,R06,River Region,R06-M04,mixed,single_family
A002521,R06,River Region,R06-M01,mixed,multi_family
A002522,R09,Urban Belt,R09-M02,urban,large_residential
A002523,R10,Rural Belt,R10-M04,rural,multi_family
A002524,R06,River Region,R06-M04,mixed,multi_family
A002525,R01,North City,R01-M04,urban,single_family
A002526,R05,Central Region,R05-M04,urban,large_residential
A002527,R03,West District,R03-M01,mixed,single_family
A002528,R11,Border Region,R11-M02,mixed,single_family
A002529,R12,Metro Region,R12-M03,urban,multi_family
A002530,R02,South City,R02-M02,urban,multi_family
A002531,R03,West District,R03-M04,mixed,single_family
A002532,R05,Central Region,R05-M02,urban,multi_family
A002533,R10,Rural Belt,R10-M02,rural,multi_family
A002534,R10,Rural Belt,R10-M04,rural,multi_family
A002535,R05,Central Region,R05-M03,urban,multi_family
A002536,R09,Urban Belt,R09-M01,urban,single_family
A002537,R12,Metro Region,R12-M04,urban,multi_family
A002538,R10,Rural Belt,R10-M03,rural,single_family
A002539,R01,North City,R01-M02,urban,multi_family
A002540,R03,West District,R03-M02,mixed,large_residential
A002541,R11,Border Region,R11-M03,mixed,multi_family
A002542,R12,Metro Region,R12-M04,urban,large_residential
A002543,R07,Mountain Region,R07-M03,rural,large_residential
A002544,R01,North City,R01-M02,urban,multi_family
A002545,R05,Central Region,R05-M04,urban,single_family
A002546,R06,River Region,R06-M03,mixed,multi_family
A002547,R05,Central Region,R05-M02,urban,large_residential
A002548,R07,Mountain Region,R07-M02,rural,multi_family
A002549,R02,South City,R02-M04,urban,single_family
A002550,R02,South City,R02-M04,urban,multi_family
A002551,R11,Border Region,R11-M02,mixed,multi_family
A002552,R09,Urban Belt,R09-M03,urban,multi_family
A002553,R01,North City,R01-M02,urban,multi_family
A002554,R01,North City,R01-M04,urban,multi_family
A002555,R09,Urban Belt,R09-M01,urban,multi_family
A002556,R03,West District,R03-M02,mixed,multi_family
A002557,R08,Lake Region,R08-M03,rural,single_family
A002558,R10,Rural Belt,R10-M04,rural,single_family
A002559,R12,Metro Region,R12-M03,urban,large_residential
A002560,R10,Rural Belt,R10-M02,rural,single_family
A002561,R03,West District,R03-M01,mixed,single_family
A002562,R11,Border Region,R11-M02,mixed,large_residential
A002563,R06,River Region,R06-M04,mixed,large_residential
A002564,R04,East District,R04-M03,mixed,multi_family
A002565,R06,River Region,R06-M01,mixed,single_family
A002566,R12,Metro Region,R12-M01,urban,single_family
A002567,R01,North City,R01-M03,urban,single_family
A002568,R12,Metro Region,R12-M03,urban,multi_family
A002569,R02,South City,R02-M03,urban,single_family
A002570,R06,River Region,R06-M02,mixed,single_family
A002571,R09,Urban Belt,R09-M02,urban,large_residential
A002572,R12,Metro Region,R12-M04,urban,multi_family
A002573,R04,East District,R04-M04,mixed,multi_family
A002574,R12,Metro Region,R12-M02,urban,single_family
A002575,R01,North City,R01-M03,urban,single_family
A002576,R03,West District,R03-M01,mixed,single_family
A002577,R09,Urban Belt,R09-M04,urban,large_residential
A002578,R07,Mountain Region,R07-M04,rural,single_family
A002579,R06,River Region,R06-M03,mixed,single_family
A002580,R08,Lake Region,R08-M01,rural,single_family
A002581,R06,River Region,R06-M01,mixed,multi_family
A002582,R01,North City,R01-M03,urban,multi_family
A002583,R11,Border Region,R11-M01,mixed,single_family
A002584,R01,North City,R01-M03,urban,multi_family
A002585,R03,West District,R03-M02,mixed,multi_family
A002586,R11,Border Region,R11-M04,mixed,single_family
A002587,R12,Metro Region,R12-M01,urban,multi_family
A002588,R01,North City,R01-M03,urban,large_residential
A002589,R01,North City,R01-M03,urban,large_residential
A002590,R08,Lake Region,R08-M01,rural,single_family
A002591,R09,Urban Belt,R09-M01,urban,single_family
A002592,R12,Metro Region,R12-M03,urban,multi_family
A002593,R07,Mountain Region,R07-M03,rural,multi_family
A002594,R10,Rural Belt,R10-M02,rural,single_family
A002595,R12,Metro Region,R12-M04,urban,large_residential
A002596,R04,East District,R04-M03,mixed,multi_family
A002597,R02,South City,R02-M01,urban,single_family
A002598,R06,River Region,R06-M04,mixed,multi_family
A002599,R03,West District,R03-M01,mixed,multi_family
A002600,R01,North City,R01-M01,urban,multi_family
A002601,R09,Urban Belt,R09-M03,urban,single_family
A002602,R10,Rural Belt,R10-M04,rural,single_family
A002603,R01,North City,R01-M02,urban,single_family
A002604,R02,South City,R02-M01,urban,multi_family
A002605,R11,Border Region,R11-M03,mixed,large_residential
A002606,R02,South City,R02-M02,urban,single_family
A002607,R12,Metro Region,R12-M04,urban,multi_family
A002608,R09,Urban Belt,R09-M04,urban,multi_family
A002609,R09,Urban Belt,R09-M02,urban,large_residential
A002610,R09,Urban Belt,R09-M01,urban,single_family
A002611,R12,Metro Region,R12-M04,urban,multi_family
A002612,R01,North City,R01-M01,urban,single_family
A002613,R05,Central Region,R05-M01,urban,single_family
A002614,R07,Mountain Region,R07-M02,rural,single_family
A002615,R02,South City,R02-M01,urban,multi_family
A002616,R06,River Region,R06-M03,mixed,single_family
A002617,R10,Rural Belt,R10-M03,rural,single_family
A002618,R04,East District,R04-M03,mixed,multi_family
A002619,R04,East District,R04-M01,mixed,large_residential
A002620,R09,Urban Belt,R09-M02,urban,multi_family
A002621,R12,Metro Region,R12-M04,urban,multi_family
A002622,R04,East District,R04-M01,mixed,multi_family
A002623,R06,River Region,R06-M02,mixed,multi_family
A002624,R04,East District,R04-M02,mixed,multi_family
A002625,R03,West District,R03-M02,mixed,multi_family
A002626,R11,Border Region,R11-M02,mixed,single_family
A002627,R01,North City,R01-M03,urban,multi_family
A002628,R12,Metro Region,R12-M02,urban,single_family
A002629,R10,Rural Belt,R10-M03,rural,single_family
A002630,R12,Metro Region,R12-M01,urban,multi_family
A002631,R07,Mountain Region,R07-M03,rural,single_family
A002632,R09,Urban Belt,R09-M01,urban,large_residential
A002633,R06,River Region,R06-M03,mixed,large_residential
A002634,R10,Rural Belt,R10-M01,rural,single_family
A002635,R05,Central Region,R05-M03,urban,multi_family
A002636,R12,Metro Region,R12-M04,urban,multi_family
A002637,R09,Urban Belt,R09-M04,urban,multi_family
A002638,R11,Border Region,R11-M03,mixed,multi_family
A002639,R01,North City,R01-M03,urban,large_residential
A002640,R09,Urban Belt,R09-M03,urban,single_family
A002641,R02,South City,R02-M04,urban,large_residential
A002642,R10,Rural Belt,R10-M04,rural,single_family
A002643,R03,West District,R03-M02,mixed,large_residential
A002644,R09,Urban Belt,R09-M03,urban,single_family
A002645,R12,Metro Region,R12-M01,urban,multi_family
A002646,R06,River Region,R06-M01,mixed,multi_family
A002647,R02,South City,R02-M01,urban,large_residential
A002648,R08,Lake Region,R08-M04,rural,single_family
A002649,R12,Metro Region,R12-M03,urban,multi_family
A002650,R04,East District,R04-M02,mixed,multi_family
A002651,R02,South City,R02-M03,urban,single_family
A002652,R05,Central Region,R05-M03,urban,multi_family
A002653,R01,North City,R01-M02,urban,multi_family
A002654,R03,West District,R03-M03,mixed,single_family
A002655,R03,West District,R03-M02,mixed,single_family
A002656,R12,Metro Region,R12-M01,urban,multi_family
A002657,R06,River Region,R06-M04,mixed,single_family
A002658,R11,Border Region,R11-M01,mixed,single_family
A002659,R07,Mountain Region,R07-M04,rural,multi_family
A002660,R06,River Region,R06-M04,mixed,large_residential
A002661,R07,Mountain Region,R07-M03,rural,large_residential
A002662,R06,River Region,R06-M02,mixed,single_family
A002663,R05,Central Region,R05-M02,urban,single_family
A002664,R01,North City,R01-M04,urban,multi_family
A002665,R03,West District,R03-M01,mixed,multi_family
A002666,R08,Lake Region,R08-M02,rural,single_family
A002667,R02,South City,R02-M03,urban,large_residential
A002668,R06,River Region,R06-M01,mixed,single_family
A002669,R05,Central Region,R05-M02,urban,single_family
A002670,R01,North City,R01-M04,urban,multi_family
A002671,R09,Urban Belt,R09-M03,urban,large_residential
A002672,R06,River Region,R06-M03,mixed,multi_family
A002673,R12,Metro Region,R12-M02,urban,large_residential
A002674,R06,River Region,R06-M04,mixed,multi_family
A002675,R08,Lake Region,R08-M03,rural,single_family
A002676,R09,Urban Belt,R09-M02,urban,multi_family
A002677,R04,East District,R04-M02,mixed,single_family
A002678,R01,North City,R01-M01,urban,multi_family
A002679,R11,Border Region,R11-M04,mixed,multi_family
A002680,R05,Central Region,R05-M01,urban,multi_family
A002681,R12,Metro Region,R12-M01,urban,single_family
A002682,R09,Urban Belt,R09-M03,urban,multi_family
A002683,R01,North City,R01-M02,urban,multi_family
A002684,R08,Lake Region,R08-M04,rural,single_family
A002685,R06,River Region,R06-M01,mixed,single_family
A002686,R04,East District,R04-M01,mixed,large_residential
A002687,R01,North City,R01-M03,urban,multi_family
A002688,R02,South City,R02-M01,urban,single_family
A002689,R03,West District,R03-M01,mixed,large_residential
A002690,R05,Central Region,R05-M03,urban,multi_family
A002691,R03,West District,R03-M02,mixed,single_family
A002692,R01,North City,R01-M02,urban,multi_family
A002693,R06,River Region,R06-M02,mixed,multi_family
A002694,R04,East District,R04-M04,mixed,large_residential
A002695,R02,South City,R02-M02,urban,large_residential
A002696,R05,Central Region,R05-M04,urban,multi_family
A002697,R05,Central Region,R05-M03,urban,large_residential
A002698,R06,River Region,R06-M02,mixed,multi_family
A002699,R07,Mountain Region,R07-M03,rural,single_family
A002700,R10,Rural Belt,R10-M03,rural,single_family
A002701,R12,Metro Region,R12-M04,urban,multi_family
A002702,R02,South City,R02-M02,urban,multi_family
A002703,R03,West District,R03-M04,mixed,single_family
A002704,R07,Mountain Region,R07-M02,rural,single_family
A002705,R01,North City,R01-M04,urban,multi_family
A002706,R02,South City,R02-M04,urban,large_residential
A002707,R11,Border Region,R11-M04,mixed,single_family
A002708,R05,Central Region,R05-M01,urban,single_family
A002709,R04,East District,R04-M02,mixed,single_family
A002710,R06,River Region,R06-M04,mixed,multi_family
A002711,R03,West District,R03-M02,mixed,single_family
A002712,R08,Lake Region,R08-M01,rural,single_family
A002713,R10,Rural Belt,R10-M01,rural,multi_family
A002714,R03,West District,R03-M01,mixed,single_family
A002715,R05,Central Region,R05-M04,urban,multi_family
A002716,R10,Rural Belt,R10-M03,rural,single_family
A002717,R09,Urban Belt,R09-M02,urban,single_family
A002718,R01,North City,R01-M01,urban,multi_family
A002719,R10,Rural Belt,R10-M03,rural,single_family
A002720,R11,Border Region,R11-M01,mixed,single_family
A002721,R03,West District,R03-M04,mixed,large_residential
A002722,R12,Metro Region,R12-M02,urban,single_family
A002723,R10,Rural Belt,R10-M03,rural,single_family
A002724,R01,North City,R01-M03,urban,large_residential
A002725,R10,Rural Belt,R10-M02,rural,single_family
A002726,R08,Lake Region,R08-M04,rural,large_residential
A002727,R11,Border Region,R11-M04,mixed,single_family
A002728,R02,South City,R02-M03,urban,multi_family
A002729,R04,East District,R04-M03,mixed,multi_family
A002730,R08,Lake Region,R08-M01,rural,single_family
A002731,R10,Rural Belt,R10-M01,rural,multi_family
A002732,R08,Lake Region,R08-M03,rural,multi_family
A002733,R07,Mountain Region,R07-M03,rural,single_family
A002734,R02,South City,R02-M03,urban,single_family
A002735,R10,Rural Belt,R10-M03,rural,single_family
A002736,R11,Border Region,R11-M03,mixed,single_family
A002737,R01,North City,R01-M02,urban,multi_family
A002738,R02,South City,R02-M01,urban,large_residential
A002739,R11,Border Region,R11-M03,mixed,multi_family
A002740,R12,Metro Region,R12-M03,urban,large_residential
A002741,R12,Metro Region,R12-M02,urban,multi_family
A002742,R06,River Region,R06-M04,mixed,large_residential
A002743,R06,River Region,R06-M02,mixed,large_residential
A002744,R02,South City,R02-M04,urban,single_family
A002745,R09,Urban Belt,R09-M03,urban,large_residential
A002746,R08,Lake Region,R08-M03,rural,single_family
A002747,R06,River Region,R06-M04,mixed,multi_family
A002748,R02,South City,R02-M04,urban,multi_family
A002749,R06,River Region,R06-M03,mixed,large_residential
A002750,R03,West District,R03-M01,mixed,single_family
A002751,R04,East District,R04-M03,mixed,large_residential
A002752,R12,Metro Region,R12-M02,urban,single_family
A002753,R06,River Region,R06-M02,mixed,single_family
A002754,R10,Rural Belt,R10-M04,rural,single_family
A002755,R01,North City,R01-M01,urban,large_residential
A002756,R03,West District,R03-M02,mixed,large_residential
A002757,R01,North City,R01-M04,urban,multi_family
A002758,R08,Lake Region,R08-M04,rural,single_family
A002759,R12,Metro Region,R12-M03,urban,single_family
A002760,R03,West District,R03-M02,mixed,multi_family
A002761,R12,Metro Region,R12-M03,urban,large_residential
A002762,R12,Metro Region,R12-M02,urban,multi_family
A002763,R11,Border Region,R11-M04,mixed,single_family
A002764,R03,West District,R03-M04,mixed,single_family
A002765,R02,South City,R02-M03,urban,multi_family
A002766,R01,North City,R01-M02,urban,multi_family
A002767,R09,Urban Belt,R09-M02,urban,large_residential
A002768,R04,East District,R04-M02,mixed,multi_family
A002769,R01,North City,R01-M04,urban,single_family
A002770,R04,East District,R04-M03,mixed,single_family
A002771,R12,Metro Region,R12-M03,urban,multi_family
A002772,R01,North City,R01-M02,urban,multi_family
A002773,R08,Lake Region,R08-M04,rural,single_family
A002774,R06,River Region,R06-M03,mixed,single_family
A002775,R02,South City,R02-M04,urban,multi_family
A002776,R03,West District,R03-M03,mixed,single_family
A002777,R09,Urban Belt,R09-M04,urban,multi_family
A002778,R03,West District,R03-M04,mixed,single_family
A002779,R07,Mountain Region,R07-M02,rural,single_family
A002780,R04,East District,R04-M03,mixed,multi_family
A002781,R10,Rural Belt,R10-M02,rural,multi_family
A002782,R05,Central Region,R05-M03,urban,multi_family
A002783,R02,South City,R02-M04,urban,single_family
A002784,R03,West District,R03-M03,mixed,multi_family
A002785,R12,Metro Region,R12-M02,urban,multi_family
A002786,R09,Urban Belt,R09-M04,urban,single_family
A002787,R05,Central Region,R05-M04,urban,large_residential
A002788,R06,River Region,R06-M01,mixed,multi_family
A002789,R08,Lake Region,R08-M01,rural,single_family
A002790,R09,Urban Belt,R09-M02,urban,multi_family
A002791,R06,River Region,R06-M02,mixed,multi_family
A002792,R09,Urban Belt,R09-M04,urban,large_residential
A002793,R12,Metro Region,R12-M04,urban,multi_family
A002794,R03,West District,R03-M02,mixed,multi_family
A002795,R10,Rural Belt,R10-M03,rural,multi_family
A002796,R05,Central Region,R05-M04,urban,multi_family
A002797,R01,North City,R01-M04,urban,single_family
A002798,R05,Central Region,R05-M02,urban,large_residential
A002799,R03,West District,R03-M03,mixed,multi_family
A002800,R05,Central Region,R05-M02,urban,multi_family
A002801,R07,Mountain Region,R07-M04,rural,multi_family
A002802,R02,South City,R02-M01,urban,multi_family
A002803,R01,North City,R01-M02,urban,single_family
A002804,R01,North City,R01-M01,urban,multi_family
A002805,R01,North City,R01-M01,urban,multi_family
A002806,R01,North City,R01-M01,urban,single_family
A002807,R09,Urban Belt,R09-M01,urban,multi_family
A002808,R03,West District,R03-M03,mixed,multi_family
A002809,R10,Rural Belt,R10-M02,rural,single_family
A002810,R10,Rural Belt,R10-M02,rural,single_family
A002811,R09,Urban Belt,R09-M01,urban,multi_family
A002812,R06,River Region,R06-M02,mixed,multi_family
A002813,R05,Central Region,R05-M02,urban,single_family
A002814,R03,West District,R03-M04,mixed,multi_family
A002815,R11,Border Region,R11-M03,mixed,multi_family
A002816,R01,North City,R01-M01,urban,single_family
A002817,R04,East District,R04-M02,mixed,multi_family
A002818,R05,Central Region,R05-M03,urban,single_family
A002819,R05,Central Region,R05-M02,urban,large_residential
A002820,R01,North City,R01-M03,urban,multi_family
A002821,R02,South City,R02-M04,urban,single_family
A002822,R12,Metro Region,R12-M01,urban,multi_family
A002823,R10,Rural Belt,R10-M04,rural,single_family
A002824,R12,Metro Region,R12-M04,urban,multi_family
A002825,R05,Central Region,R05-M01,urban,multi_family
A002826,R06,River Region,R06-M04,mixed,multi_family
A002827,R12,Metro Region,R12-M01,urban,multi_family
A002828,R11,Border Region,R11-M04,mixed,single_family
A002829,R10,Rural Belt,R10-M01,rural,single_family
A002830,R10,Rural Belt,R10-M02,rural,multi_family
A002831,R05,Central Region,R05-M04,urban,single_family
A002832,R04,East District,R04-M01,mixed,single_family
A002833,R12,Metro Region,R12-M01,urban,large_residential
A002834,R12,Metro Region,R12-M03,urban,multi_family
A002835,R08,Lake Region,R08-M02,rural,single_family
A002836,R11,Border Region,R11-M02,mixed,single_family
A002837,R09,Urban Belt,R09-M01,urban,multi_family
A002838,R01,North City,R01-M04,urban,large_residential
A002839,R04,East District,R04-M03,mixed,multi_family
A002840,R07,Mountain Region,R07-M04,rural,single_family
A002841,R09,Urban Belt,R09-M01,urban,large_residential
A002842,R05,Central Region,R05-M03,urban,multi_family
A002843,R04,East District,R04-M01,mixed,single_family
A002844,R06,River Region,R06-M02,mixed,single_family
A002845,R06,River Region,R06-M04,mixed,multi_family
A002846,R03,West District,R03-M01,mixed,single_family
A002847,R09,Urban Belt,R09-M01,urban,multi_family
A002848,R02,South City,R02-M04,urban,large_residential
A002849,R06,River Region,R06-M04,mixed,multi_family
A002850,R06,River Region,R06-M02,mixed,multi_family
A002851,R09,Urban Belt,R09-M01,urban,large_residential
A002852,R03,West District,R03-M01,mixed,large_residential
A002853,R10,Rural Belt,R10-M04,rural,multi_family
A002854,R12,Metro Region,R12-M02,urban,large_residential
A002855,R02,South City,R02-M03,urban,large_residential
A002856,R03,West District,R03-M01,mixed,single_family
A002857,R04,East District,R04-M04,mixed,single_family
A002858,R04,East District,R04-M02,mixed,multi_family
A002859,R10,Rural Belt,R10-M02,rural,multi_family
A002860,R02,South City,R02-M03,urban,single_family
A002861,R09,Urban Belt,R09-M03,urban,multi_family
A002862,R04,East District,R04-M04,mixed,multi_family
A002863,R07,Mountain Region,R07-M04,rural,multi_family
A002864,R01,North City,R01-M02,urban,single_family
A002865,R01,North City,R01-M01,urban,single_family
A002866,R04,East District,R04-M02,mixed,multi_family
A002867,R11,Border Region,R11-M02,mixed,multi_family
A002868,R07,Mountain Region,R07-M03,rural,single_family
A002869,R03,West District,R03-M01,mixed,single_family
A002870,R05,Central Region,R05-M02,urban,large_residential
A002871,R12,Metro Region,R12-M03,urban,large_residential
A002872,R06,River Region,R06-M03,mixed,multi_family
A002873,R05,Central Region,R05-M02,urban,multi_family
A002874,R10,Rural Belt,R10-M01,rural,multi_family
A002875,R09,Urban Belt,R09-M03,urban,large_residential
A002876,R03,West District,R03-M01,mixed,multi_family
A002877,R01,North City,R01-M02,urban,single_family
A002878,R02,South City,R02-M04,urban,multi_family
A002879,R01,North City,R01-M02,urban,large_residential
A002880,R08,Lake Region,R08-M03,rural,single_family
A002881,R01,North City,R01-M01,urban,large_residential
A002882,R10,Rural Belt,R10-M02,rural,single_family
A002883,R03,West District,R03-M02,mixed,single_family
A002884,R06,River Region,R06-M02,mixed,single_family
A002885,R02,South City,R02-M01,urban,multi_family
A002886,R01,North City,R01-M04,urban,single_family
A002887,R03,West District,R03-M03,mixed,multi_family
A002888,R02,South City,R02-M01,urban,multi_family
A002889,R05,Central Region,R05-M01,urban,multi_family
A002890,R03,West District,R03-M01,mixed,single_family
A002891,R06,River Region,R06-M02,mixed,single_family
A002892,R09,Urban Belt,R09-M01,urban,multi_family
A002893,R05,Central Region,R05-M02,urban,multi_family
A002894,R01,North City,R01-M03,urban,multi_family
A002895,R05,Central Region,R05-M03,urban,single_family
A002896,R06,River Region,R06-M01,mixed,multi_family
A002897,R04,East District,R04-M01,mixed,multi_family
A002898,R09,Urban Belt,R09-M02,urban,multi_family
A002899,R02,South City,R02-M03,urban,multi_family
A002900,R04,East District,R04-M01,mixed,single_family
A002901,R07,Mountain Region,R07-M02,rural,single_family
A002902,R01,North City,R01-M02,urban,multi_family
A002903,R04,East District,R04-M01,mixed,multi_family
A002904,R06,River Region,R06-M03,mixed,multi_family
A002905,R07,Mountain Region,R07-M03,rural,single_family
A002906,R11,Border Region,R11-M02,mixed,multi_family
A002907,R11,Border Region,R11-M01,mixed,single_family
A002908,R09,Urban Belt,R09-M03,urban,single_family
A002909,R05,Central Region,R05-M04,urban,multi_family
A002910,R09,Urban Belt,R09-M02,urban,large_residential
A002911,R01,North City,R01-M01,urban,multi_family
A002912,R03,West District,R03-M04,mixed,large_residential
A002913,R01,North City,R01-M04,urban,single_family
A002914,R04,East District,R04-M01,mixed,multi_family
A002915,R12,Metro Region,R12-M03,urban,large_residential
A002916,R01,North City,R01-M01,urban,single_family
A002917,R02,South City,R02-M03,urban,multi_family
A002918,R01,North City,R01-M01,urban,multi_family
A002919,R12,Metro Region,R12-M04,urban,multi_family
A002920,R10,Rural Belt,R10-M01,rural,single_family
A002921,R06,River Region,R06-M03,mixed,single_family
A002922,R01,North City,R01-M03,urban,single_family
A002923,R12,Metro Region,R12-M03,urban,single_family
A002924,R08,Lake Region,R08-M03,rural,single_family
A002925,R07,Mountain Region,R07-M02,rural,multi_family
A002926,R07,Mountain Region,R07-M03,rural,single_family
A002927,R09,Urban Belt,R09-M01,urban,multi_family
A002928,R10,Rural Belt,R10-M02,rural,single_family
A002929,R09,Urban Belt,R09-M03,urban,multi_family
A002930,R05,Central Region,R05-M04,urban,multi_family
A002931,R01,North City,R01-M03,urban,multi_family
A002932,R09,Urban Belt,R09-M03,urban,multi_family
A002933,R11,Border Region,R11-M04,mixed,multi_family
A002934,R05,Central Region,R05-M01,urban,single_family
A002935,R01,North City,R01-M02,urban,multi_family
A002936,R03,West District,R03-M01,mixed,multi_family
A002937,R02,South City,R02-M01,urban,single_family
A002938,R05,Central Region,R05-M04,urban,single_family
A002939,R02,South City,R02-M02,urban,multi_family
A002940,R08,Lake Region,R08-M02,rural,single_family
A002941,R01,North City,R01-M01,urban,large_residential
A002942,R09,Urban Belt,R09-M03,urban,single_family
A002943,R02,South City,R02-M02,urban,multi_family
A002944,R04,East District,R04-M01,mixed,multi_family
A002945,R02,South City,R02-M02,urban,multi_family
A002946,R09,Urban Belt,R09-M04,urban,single_family
A002947,R06,River Region,R06-M03,mixed,single_family
A002948,R10,Rural Belt,R10-M03,rural,single_family
A002949,R08,Lake Region,R08-M04,rural,multi_family
A002950,R01,North City,R01-M04,urban,single_family
A002951,R06,River Region,R06-M03,mixed,multi_family
A002952,R02,South City,R02-M03,urban,multi_family
A002953,R06,River Region,R06-M02,mixed,large_residential
A002954,R06,River Region,R06-M02,mixed,multi_family
A002955,R09,Urban Belt,R09-M04,urban,single_family
A002956,R05,Central Region,R05-M03,urban,multi_family
A002957,R01,North City,R01-M04,urban,multi_family
A002958,R10,Rural Belt,R10-M03,rural,single_family
A002959,R01,North City,R01-M01,urban,large_residential
A002960,R05,Central Region,R05-M03,urban,multi_family
A002961,R09,Urban Belt,R09-M02,urban,multi_family
A002962,R02,South City,R02-M02,urban,multi_family
A002963,R10,Rural Belt,R10-M01,rural,multi_family
A002964,R10,Rural Belt,R10-M03,rural,single_family
A002965,R05,Central Region,R05-M02,urban,single_family
A002966,R07,Mountain Region,R07-M04,rural,multi_family
A002967,R11,Border Region,R11-M03,mixed,multi_family
A002968,R04,East District,R04-M03,mixed,single_family
A002969,R02,South City,R02-M04,urban,multi_family
A002970,R06,River Region,R06-M03,mixed,large_residential
A002971,R06,River Region,R06-M01,mixed,single_family
A002972,R02,South City,R02-M01,urban,multi_family
A002973,R01,North City,R01-M04,urban,single_family
A002974,R01,North City,R01-M04,urban,multi_family
A002975,R09,Urban Belt,R09-M04,urban,multi_family
A002976,R04,East District,R04-M02,mixed,single_family
A002977,R04,East District,R04-M04,mixed,single_family
A002978,R05,Central Region,R05-M02,urban,large_residential
A002979,R01,North City,R01-M03,urban,large_residential
A002980,R05,Central Region,R05-M01,urban,single_family
A002981,R09,Urban Belt,R09-M01,urban,single_family
A002982,R02,South City,R02-M01,urban,single_family
A002983,R09,Urban Belt,R09-M03,urban,multi_family
A002984,R09,Urban Belt,R09-M02,urban,multi_family
A002985,R06,River Region,R06-M04,mixed,single_family
A002986,R05,Central Region,R05-M03,urban,multi_family
A002987,R01,North City,R01-M03,urban,multi_family
A002988,R12,Metro Region,R12-M04,urban,single_family
A002989,R02,South City,R02-M01,urban,multi_family
A002990,R01,North City,R01-M03,urban,single_family
A002991,R08,Lake Region,R08-M03,rural,single_family
A002992,R01,North City,R01-M02,urban,multi_family
A002993,R10,Rural Belt,R10-M03,rural,large_residential
A002994,R11,Border Region,R11-M02,mixed,large_residential
A002995,R05,Central Region,R05-M02,urban,large_residential
A002996,R03,West District,R03-M01,mixed,large_residential
A002997,R01,North City,R01-M02,urban,single_family
A002998,R01,North City,R01-M03,urban,large_residential
A002999,R05,Central Region,R05-M02,urban,large_residential
A003000,R09,Urban Belt,R09-M03,urban,multi_family
A003001,R11,Border Region,R11-M01,mixed,single_family
A003002,R10,Rural Belt,R10-M01,rural,multi_family
A003003,R02,South City,R02-M03,urban,multi_family
A003004,R01,North City,R01-M02,urban,large_residential
A003005,R05,Central Region,R05-M04,urban,large_residential
A003006,R12,Metro Region,R12-M02,urban,multi_family
A003007,R04,East District,R04-M03,mixed,large_residential
A003008,R11,Border Region,R11-M01,mixed,single_family
A003009,R07,Mountain Region,R07-M01,rural,single_family
A003010,R09,Urban Belt,R09-M01,urban,multi_family
A003011,R06,River Region,R06-M04,mixed,single_family
A003012,R05,Central Region,R05-M03,urban,large_residential
A003013,R03,West District,R03-M03,mixed,single_family
A003014,R09,Urban Belt,R09-M01,urban,large_residential
A003015,R10,Rural Belt,R10-M02,rural,single_family
A003016,R05,Central Region,R05-M02,urban,multi_family
A003017,R09,Urban Belt,R09-M02,urban,multi_family
A003018,R05,Central Region,R05-M04,urban,single_family
A003019,R10,Rural Belt,R10-M03,rural,single_family
A003020,R11,Border Region,R11-M02,mixed,multi_family
A003021,R08,Lake Region,R08-M04,rural,single_family
A003022,R11,Border Region,R11-M01,mixed,multi_family
A003023,R10,Rural Belt,R10-M04,rural,single_family
A003024,R11,Border Region,R11-M02,mixed,large_residential
A003025,R11,Border Region,R11-M04,mixed,multi_family
A003026,R05,Central Region,R05-M02,urban,multi_family
A003027,R01,North City,R01-M03,urban,multi_family
A003028,R04,East District,R04-M03,mixed,multi_family
A003029,R02,South City,R02-M04,urban,single_family
A003030,R02,South City,R02-M04,urban,multi_family
A003031,R04,East District,R04-M03,mixed,multi_family
A003032,R03,West District,R03-M01,mixed,single_family
A003033,R11,Border Region,R11-M01,mixed,single_family
A003034,R06,River Region,R06-M01,mixed,multi_family
A003035,R07,Mountain Region,R07-M01,rural,single_family
A003036,R01,North City,R01-M02,urban,multi_family
A003037,R01,North City,R01-M02,urban,multi_family
A003038,R08,Lake Region,R08-M03,rural,single_family
A003039,R06,River Region,R06-M03,mixed,multi_family
A003040,R10,Rural Belt,R10-M01,rural,single_family
A003041,R01,North City,R01-M01,urban,large_residential
A003042,R11,Border Region,R11-M03,mixed,multi_family
A003043,R12,Metro Region,R12-M01,urban,multi_family
A003044,R05,Central Region,R05-M03,urban,multi_family
A003045,R12,Metro Region,R12-M01,urban,multi_family
A003046,R05,Central Region,R05-M03,urban,single_family
A003047,R02,South City,R02-M02,urban,multi_family
A003048,R09,Urban Belt,R09-M02,urban,single_family
A003049,R06,River Region,R06-M03,mixed,multi_family
A003050,R08,Lake Region,R08-M04,rural,single_family
A003051,R01,North City,R01-M03,urban,multi_family
A003052,R10,Rural Belt,R10-M02,rural,multi_family
A003053,R12,Metro Region,R12-M03,urban,multi_family
A003054,R12,Metro Region,R12-M03,urban,multi_family
A003055,R05,Central Region,R05-M02,urban,multi_family
A003056,R05,Central Region,R05-M03,urban,multi_family
A003057,R10,Rural Belt,R10-M01,rural,multi_family
A003058,R02,South City,R02-M04,urban,large_residential
A003059,R05,Central Region,R05-M02,urban,single_family
A003060,R01,North City,R01-M04,urban,multi_family
A003061,R12,Metro Region,R12-M01,urban,large_residential
A003062,R05,Central Region,R05-M03,urban,single_family
A003063,R01,North City,R01-M02,urban,single_family
A003064,R06,River Region,R06-M04,mixed,single_family
A003065,R01,North City,R01-M04,urban,large_residential
A003066,R07,Mountain Region,R07-M04,rural,single_family
A003067,R04,East District,R04-M01,mixed,large_residential
A003068,R09,Urban Belt,R09-M04,urban,multi_family
A003069,R02,South City,R02-M04,urban,single_family
A003070,R04,East District,R04-M02,mixed,multi_family
A003071,R11,Border Region,R11-M01,mixed,single_family
A003072,R01,North City,R01-M03,urban,multi_family
A003073,R08,Lake Region,R08-M02,rural,multi_family
A003074,R12,Metro Region,R12-M03,urban,multi_family
A003075,R03,West District,R03-M04,mixed,single_family
A003076,R03,West District,R03-M03,mixed,single_family
A003077,R12,Metro Region,R12-M01,urban,single_family
A003078,R10,Rural Belt,R10-M02,rural,single_family
A003079,R06,River Region,R06-M01,mixed,single_family
A003080,R03,West District,R03-M02,mixed,single_family
A003081,R02,South City,R02-M04,urban,single_family
A003082,R07,Mountain Region,R07-M03,rural,multi_family
A003083,R08,Lake Region,R08-M02,rural,single_family
A003084,R01,North City,R01-M03,urban,single_family
A003085,R04,East District,R04-M03,mixed,single_family
A003086,R09,Urban Belt,R09-M04,urban,multi_family
A003087,R08,Lake Region,R08-M02,rural,multi_family
A003088,R02,South City,R02-M01,urban,multi_family
A003089,R11,Border Region,R11-M04,mixed,single_family
A003090,R09,Urban Belt,R09-M03,urban,single_family
A003091,R10,Rural Belt,R10-M04,rural,multi_family
A003092,R12,Metro Region,R12-M02,urban,large_residential
A003093,R04,East District,R04-M02,mixed,multi_family
A003094,R07,Mountain Region,R07-M01,rural,multi_family
A003095,R02,South City,R02-M04,urban,multi_family
A003096,R07,Mountain Region,R07-M03,rural,single_family
A003097,R02,South City,R02-M02,urban,multi_family
A003098,R09,Urban Belt,R09-M04,urban,single_family
A003099,R02,South City,R02-M02,urban,multi_family
A003100,R04,East District,R04-M04,mixed,multi_family
A003101,R01,North City,R01-M04,urban,single_family
A003102,R09,Urban Belt,R09-M04,urban,single_family
A003103,R10,Rural Belt,R10-M04,rural,single_family
A003104,R04,East District,R04-M02,mixed,single_family
A003105,R01,North City,R01-M04,urban,multi_family
A003106,R06,River Region,R06-M04,mixed,single_family
A003107,R05,Central Region,R05-M03,urban,multi_family
A003108,R04,East District,R04-M04,mixed,large_residential
A003109,R12,Metro Region,R12-M01,urban,single_family
A003110,R09,Urban Belt,R09-M01,urban,multi_family
A003111,R10,Rural Belt,R10-M02,rural,single_family
A003112,R02,South City,R02-M03,urban,multi_family
A003113,R10,Rural Belt,R10-M04,rural,single_family
A003114,R04,East District,R04-M02,mixed,single_family
A003115,R01,North City,R01-M01,urban,large_residential
A003116,R10,Rural Belt,R10-M04,rural,single_family
A003117,R04,East District,R04-M02,mixed,single_family
A003118,R12,Metro Region,R12-M04,urban,single_family
A003119,R03,West District,R03-M04,mixed,large_residential
A003120,R02,South City,R02-M01,urban,single_family
A003121,R02,South City,R02-M02,urban,multi_family
A003122,R09,Urban Belt,R09-M03,urban,multi_family
A003123,R04,East District,R04-M01,mixed,single_family
A003124,R01,North City,R01-M01,urban,single_family
A003125,R07,Mountain Region,R07-M03,rural,single_family
A003126,R07,Mountain Region,R07-M02,rural,single_family
A003127,R03,West District,R03-M02,mixed,single_family
A003128,R09,Urban Belt,R09-M03,urban,single_family
A003129,R01,North City,R01-M03,urban,large_residential
A003130,R11,Border Region,R11-M04,mixed,multi_family
A003131,R01,North City,R01-M01,urban,large_residential
A003132,R06,River Region,R06-M03,mixed,single_family
A003133,R05,Central Region,R05-M02,urban,multi_family
A003134,R10,Rural Belt,R10-M03,rural,single_family
A003135,R06,River Region,R06-M02,mixed,multi_family
A003136,R12,Metro Region,R12-M04,urban,single_family
A003137,R01,North City,R01-M01,urban,multi_family
A003138,R03,West District,R03-M04,mixed,multi_family
A003139,R07,Mountain Region,R07-M04,rural,single_family
A003140,R04,East District,R04-M02,mixed,single_family
A003141,R09,Urban Belt,R09-M03,urban,large_residential
A003142,R12,Metro Region,R12-M01,urban,single_family
A003143,R02,South City,R02-M03,urban,multi_family
A003144,R01,North City,R01-M03,urban,large_residential
A003145,R10,Rural Belt,R10-M04,rural,multi_family
A003146,R09,Urban Belt,R09-M04,urban,large_residential
A003147,R12,Metro Region,R12-M03,urban,multi_family
A003148,R07,Mountain Region,R07-M01,rural,single_family
A003149,R03,West District,R03-M02,mixed,single_family
A003150,R03,West District,R03-M03,mixed,multi_family
A003151,R01,North City,R01-M04,urban,single_family
A003152,R08,Lake Region,R08-M01,rural,single_family
A003153,R01,North City,R01-M02,urban,single_family
A003154,R10,Rural Belt,R10-M01,rural,single_family
A003155,R02,South City,R02-M04,urban,single_family
A003156,R06,River Region,R06-M04,mixed,single_family
A003157,R07,Mountain Region,R07-M04,rural,single_family
A003158,R03,West District,R03-M03,mixed,multi_family
A003159,R03,West District,R03-M01,mixed,single_family
A003160,R12,Metro Region,R12-M01,urban,multi_family
A003161,R06,River Region,R06-M01,mixed,multi_family
A003162,R05,Central Region,R05-M01,urban,multi_family
A003163,R05,Central Region,R05-M01,urban,large_residential
A003164,R01,North City,R01-M02,urban,multi_family
A003165,R12,Metro Region,R12-M03,urban,multi_family
A003166,R06,River Region,R06-M01,mixed,single_family
A003167,R03,West District,R03-M02,mixed,multi_family
A003168,R12,Metro Region,R12-M01,urban,large_residential
A003169,R12,Metro Region,R12-M03,urban,multi_family
A003170,R10,Rural Belt,R10-M01,rural,multi_family
A003171,R04,East District,R04-M04,mixed,single_family
A003172,R09,Urban Belt,R09-M04,urban,multi_family
A003173,R10,Rural Belt,R10-M01,rural,multi_family
A003174,R07,Mountain Region,R07-M02,rural,single_family
A003175,R01,North City,R01-M01,urban,single_family
A003176,R04,East District,R04-M04,mixed,multi_family
A003177,R10,Rural Belt,R10-M02,rural,single_family
A003178,R01,North City,R01-M01,urban,multi_family
A003179,R11,Border Region,R11-M01,mixed,multi_family
A003180,R01,North City,R01-M01,urban,large_residential
A003181,R04,East District,R04-M02,mixed,single_family
A003182,R08,Lake Region,R08-M02,rural,single_family
A003183,R01,North City,R01-M04,urban,large_residential
A003184,R01,North City,R01-M04,urban,multi_family
A003185,R09,Urban Belt,R09-M02,urban,single_family
A003186,R08,Lake Region,R08-M04,rural,single_family
A003187,R03,West District,R03-M02,mixed,multi_family
A003188,R11,Border Region,R11-M04,mixed,single_family
A003189,R02,South City,R02-M04,urban,multi_family
A003190,R12,Metro Region,R12-M02,urban,single_family
A003191,R04,East District,R04-M03,mixed,multi_family
A003192,R09,Urban Belt,R09-M01,urban,single_family
A003193,R10,Rural Belt,R10-M01,rural,single_family
A003194,R03,West District,R03-M03,mixed,multi_family
A003195,R12,Metro Region,R12-M04,urban,multi_family
A003196,R01,North City,R01-M01,urban,multi_family
A003197,R12,Metro Region,R12-M01,urban,multi_family
A003198,R05,Central Region,R05-M04,urban,multi_family
A003199,R08,Lake Region,R08-M02,rural,multi_family
A003200,R10,Rural Belt,R10-M03,rural,single_family
A003201,R11,Border Region,R11-M02,mixed,multi_family
A003202,R12,Metro Region,R12-M04,urban,large_residential
A003203,R04,East District,R04-M03,mixed,single_family
A003204,R02,South City,R02-M02,urban,large_residential
A003205,R12,Metro Region,R12-M03,urban,multi_family
A003206,R12,Metro Region,R12-M03,urban,multi_family
A003207,R05,Central Region,R05-M04,urban,single_family
A003208,R02,South City,R02-M01,urban,multi_family
A003209,R09,Urban Belt,R09-M03,urban,multi_family
A003210,R05,Central Region,R05-M04,urban,multi_family
A003211,R08,Lake Region,R08-M03,rural,single_family
A003212,R06,River Region,R06-M01,mixed,single_family
A003213,R02,South City,R02-M04,urban,single_family
A003214,R07,Mountain Region,R07-M01,rural,single_family
A003215,R07,Mountain Region,R07-M04,rural,single_family
A003216,R11,Border Region,R11-M03,mixed,multi_family
A003217,R09,Urban Belt,R09-M04,urban,multi_family
A003218,R02,South City,R02-M01,urban,multi_family
A003219,R10,Rural Belt,R10-M02,rural,single_family
A003220,R03,West District,R03-M03,mixed,multi_family
A003221,R06,River Region,R06-M04,mixed,multi_family
A003222,R05,Central Region,R05-M02,urban,multi_family
A003223,R10,Rural Belt,R10-M03,rural,single_family
A003224,R09,Urban Belt,R09-M02,urban,multi_family
A003225,R04,East District,R04-M03,mixed,large_residential
A003226,R07,Mountain Region,R07-M01,rural,single_family
A003227,R11,Border Region,R11-M04,mixed,multi_family
A003228,R01,North City,R01-M02,urban,multi_family
A003229,R04,East District,R04-M04,mixed,large_residential
A003230,R06,River Region,R06-M01,mixed,multi_family
A003231,R07,Mountain Region,R07-M02,rural,multi_family
A003232,R02,South City,R02-M03,urban,multi_family
A003233,R06,River Region,R06-M03,mixed,large_residential
A003234,R05,Central Region,R05-M01,urban,multi_family
A003235,R01,North City,R01-M03,urban,multi_family
A003236,R09,Urban Belt,R09-M02,urban,single_family
A003237,R04,East District,R04-M03,mixed,multi_family
A003238,R03,West District,R03-M04,mixed,multi_family
A003239,R08,Lake Region,R08-M01,rural,multi_family
A003240,R06,River Region,R06-M03,mixed,multi_family
A003241,R10,Rural Belt,R10-M01,rural,single_family
A003242,R04,East District,R04-M04,mixed,multi_family
A003243,R06,River Region,R06-M03,mixed,large_residential
A003244,R12,Metro Region,R12-M02,urban,multi_family
A003245,R04,East District,R04-M01,mixed,multi_family
A003246,R06,River Region,R06-M01,mixed,multi_family
A003247,R09,Urban Belt,R09-M01,urban,single_family
A003248,R08,Lake Region,R08-M03,rural,single_family
A003249,R09,Urban Belt,R09-M04,urban,multi_family
A003250,R09,Urban Belt,R09-M01,urban,large_residential
A003251,R06,River Region,R06-M03,mixed,single_family
A003252,R02,South City,R02-M04,urban,large_residential
A003253,R12,Metro Region,R12-M03,urban,large_residential
A003254,R09,Urban Belt,R09-M01,urban,multi_family
A003255,R11,Border Region,R11-M01,mixed,single_family
A003256,R03,West District,R03-M04,mixed,multi_family
A003257,R12,Metro Region,R12-M01,urban,large_residential
A003258,R10,Rural Belt,R10-M04,rural,single_family
A003259,R04,East District,R04-M02,mixed,large_residential
A003260,R02,South City,R02-M01,urban,single_family
A003261,R06,River Region,R06-M01,mixed,single_family
A003262,R09,Urban Belt,R09-M02,urban,multi_family
A003263,R03,West District,R03-M01,mixed,single_family
A003264,R02,South City,R02-M02,urban,multi_family
A003265,R11,Border Region,R11-M04,mixed,single_family
A003266,R11,Border Region,R11-M01,mixed,single_family
A003267,R03,West District,R03-M04,mixed,multi_family
A003268,R09,Urban Belt,R09-M03,urban,single_family
A003269,R03,West District,R03-M04,mixed,single_family
A003270,R09,Urban Belt,R09-M04,urban,single_family
A003271,R04,East District,R04-M04,mixed,multi_family
A003272,R04,East District,R04-M03,mixed,single_family
A003273,R12,Metro Region,R12-M03,urban,multi_family
A003274,R10,Rural Belt,R10-M04,rural,multi_family
A003275,R12,Metro Region,R12-M04,urban,multi_family
A003276,R05,Central Region,R05-M04,urban,multi_family
A003277,R10,Rural Belt,R10-M03,rural,single_family
A003278,R09,Urban Belt,R09-M03,urban,single_family
A003279,R10,Rural Belt,R10-M01,rural,single_family
A003280,R09,Urban Belt,R09-M02,urban,multi_family
A003281,R05,Central Region,R05-M03,urban,multi_family
A003282,R10,Rural Belt,R10-M04,rural,single_family
A003283,R08,Lake Region,R08-M03,rural,multi_family
A003284,R04,East District,R04-M01,mixed,single_family
A003285,R08,Lake Region,R08-M03,rural,single_family
A003286,R02,South City,R02-M04,urban,multi_family
A003287,R02,South City,R02-M02,urban,multi_family
A003288,R11,Border Region,R11-M01,mixed,multi_family
A003289,R04,East District,R04-M01,mixed,multi_family
A003290,R12,Metro Region,R12-M01,urban,multi_family
A003291,R05,Central Region,R05-M04,urban,large_residential
A003292,R07,Mountain Region,R07-M03,rural,single_family
A003293,R06,River Region,R06-M01,mixed,single_family
A003294,R09,Urban Belt,R09-M03,urban,multi_family
A003295,R12,Metro Region,R12-M04,urban,multi_family
A003296,R10,Rural Belt,R10-M03,rural,multi_family
A003297,R01,North City,R01-M04,urban,multi_family
A003298,R07,Mountain Region,R07-M04,rural,multi_family
A003299,R03,West District,R03-M03,mixed,multi_family
A003300,R03,West District,R03-M03,mixed,multi_family
A003301,R05,Central Region,R05-M03,urban,multi_family
A003302,R08,Lake Region,R08-M02,rural,single_family
A003303,R12,Metro Region,R12-M04,urban,multi_family
A003304,R09,Urban Belt,R09-M02,urban,multi_family
A003305,R03,West District,R03-M01,mixed,single_family
A003306,R01,North City,R01-M01,urban,large_residential
A003307,R03,West District,R03-M03,mixed,multi_family
A003308,R03,West District,R03-M03,mixed,single_family
A003309,R09,Urban Belt,R09-M01,urban,multi_family
A003310,R07,Mountain Region,R07-M01,rural,single_family
A003311,R08,Lake Region,R08-M02,rural,multi_family
A003312,R04,East District,R04-M04,mixed,single_family
A003313,R07,Mountain Region,R07-M02,rural,single_family
A003314,R09,Urban Belt,R09-M03,urban,multi_family
A003315,R05,Central Region,R05-M01,urban,multi_family
A003316,R06,River Region,R06-M02,mixed,multi_family
A003317,R01,North City,R01-M03,urban,multi_family
A003318,R08,Lake Region,R08-M01,rural,single_family
A003319,R10,Rural Belt,R10-M03,rural,multi_family
A003320,R09,Urban Belt,R09-M03,urban,multi_family
A003321,R05,Central Region,R05-M04,urban,large_residential
A003322,R10,Rural Belt,R10-M03,rural,multi_family
A003323,R07,Mountain Region,R07-M02,rural,single_family
A003324,R11,Border Region,R11-M01,mixed,large_residential
A003325,R03,West District,R03-M04,mixed,single_family
A003326,R10,Rural Belt,R10-M01,rural,multi_family
A003327,R09,Urban Belt,R09-M03,urban,multi_family
A003328,R03,West District,R03-M04,mixed,single_family
A003329,R08,Lake Region,R08-M01,rural,single_family
A003330,R02,South City,R02-M03,urban,multi_family
A003331,R05,Central Region,R05-M03,urban,multi_family
A003332,R02,South City,R02-M02,urban,single_family
A003333,R10,Rural Belt,R10-M03,rural,single_family
A003334,R07,Mountain Region,R07-M01,rural,single_family
A003335,R05,Central Region,R05-M03,urban,single_family
A003336,R05,Central Region,R05-M04,urban,multi_family
A003337,R08,Lake Region,R08-M01,rural,single_family
A003338,R01,North City,R01-M03,urban,multi_family
A003339,R02,South City,R02-M01,urban,multi_family
A003340,R09,Urban Belt,R09-M02,urban,single_family
A003341,R04,East District,R04-M02,mixed,multi_family
A003342,R03,West District,R03-M03,mixed,single_family
A003343,R10,Rural Belt,R10-M01,rural,large_residential
A003344,R04,East District,R04-M03,mixed,multi_family
A003345,R05,Central Region,R05-M01,urban,large_residential
A003346,R04,East District,R04-M01,mixed,multi_family
A003347,R03,West District,R03-M02,mixed,single_family
A003348,R10,Rural Belt,R10-M04,rural,single_family
A003349,R02,South City,R02-M04,urban,large_residential
A003350,R10,Rural Belt,R10-M03,rural,single_family
A003351,R03,West District,R03-M04,mixed,multi_family
A003352,R01,North City,R01-M03,urban,single_family
A003353,R01,North City,R01-M02,urban,multi_family
A003354,R12,Metro Region,R12-M01,urban,single_family
A003355,R09,Urban Belt,R09-M04,urban,single_family
A003356,R09,Urban Belt,R09-M03,urban,large_residential
A003357,R12,Metro Region,R12-M01,urban,multi_family
A003358,R11,Border Region,R11-M03,mixed,multi_family
A003359,R09,Urban Belt,R09-M04,urban,multi_family
A003360,R09,Urban Belt,R09-M01,urban,multi_family
A003361,R02,South City,R02-M04,urban,multi_family
A003362,R01,North City,R01-M04,urban,multi_family
A003363,R12,Metro Region,R12-M01,urban,single_family
A003364,R08,Lake Region,R08-M01,rural,single_family
A003365,R01,North City,R01-M01,urban,large_residential
A003366,R12,Metro Region,R12-M04,urban,single_family
A003367,R05,Central Region,R05-M03,urban,multi_family
A003368,R08,Lake Region,R08-M04,rural,single_family
A003369,R01,North City,R01-M03,urban,single_family
A003370,R02,South City,R02-M01,urban,large_residential
A003371,R06,River Region,R06-M02,mixed,multi_family
A003372,R12,Metro Region,R12-M02,urban,multi_family
A003373,R02,South City,R02-M04,urban,large_residential
A003374,R02,South City,R02-M02,urban,multi_family
A003375,R09,Urban Belt,R09-M01,urban,large_residential
A003376,R02,South City,R02-M01,urban,single_family
A003377,R09,Urban Belt,R09-M02,urban,multi_family
A003378,R02,South City,R02-M01,urban,multi_family
A003379,R08,Lake Region,R08-M02,rural,single_family
A003380,R09,Urban Belt,R09-M04,urban,single_family
A003381,R03,West District,R03-M04,mixed,single_family
A003382,R03,West District,R03-M01,mixed,multi_family
A003383,R01,North City,R01-M03,urban,large_residential
A003384,R12,Metro Region,R12-M02,urban,large_residential
A003385,R12,Metro Region,R12-M01,urban,multi_family
A003386,R11,Border Region,R11-M02,mixed,single_family
A003387,R04,East District,R04-M01,mixed,single_family
A003388,R09,Urban Belt,R09-M03,urban,single_family
A003389,R04,East District,R04-M04,mixed,single_family
A003390,R03,West District,R03-M03,mixed,single_family
A003391,R01,North City,R01-M01,urban,large_residential
A003392,R04,East District,R04-M04,mixed,single_family
A003393,R12,Metro Region,R12-M04,urban,multi_family
A003394,R04,East District,R04-M04,mixed,multi_family
A003395,R08,Lake Region,R08-M02,rural,single_family
A003396,R04,East District,R04-M01,mixed,single_family
A003397,R01,North City,R01-M01,urban,multi_family
A003398,R01,North City,R01-M02,urban,multi_family
A003399,R12,Metro Region,R12-M01,urban,large_residential
A003400,R07,Mountain Region,R07-M03,rural,single_family
A003401,R01,North City,R01-M03,urban,multi_family
A003402,R08,Lake Region,R08-M04,rural,single_family
A003403,R12,Metro Region,R12-M02,urban,multi_family
A003404,R01,North City,R01-M01,urban,single_family
A003405,R01,North City,R01-M01,urban,single_family
A003406,R10,Rural Belt,R10-M01,rural,single_family
A003407,R01,North City,R01-M02,urban,multi_family
A003408,R05,Central Region,R05-M01,urban,multi_family
A003409,R09,Urban Belt,R09-M01,urban,single_family
A003410,R02,South City,R02-M02,urban,multi_family
A003411,R08,Lake Region,R08-M01,rural,multi_family
A003412,R01,North City,R01-M04,urban,multi_family
A003413,R01,North City,R01-M04,urban,large_residential
A003414,R01,North City,R01-M03,urban,multi_family
A003415,R11,Border Region,R11-M04,mixed,multi_family
A003416,R12,Metro Region,R12-M02,urban,multi_family
A003417,R10,Rural Belt,R10-M01,rural,single_family
A003418,R09,Urban Belt,R09-M04,urban,multi_family
A003419,R01,North City,R01-M04,urban,large_residential
A003420,R12,Metro Region,R12-M03,urban,multi_family
A003421,R05,Central Region,R05-M02,urban,multi_family
A003422,R01,North City,R01-M04,urban,multi_family
A003423,R11,Border Region,R11-M02,mixed,multi_family
A003424,R03,West District,R03-M02,mixed,large_residential
A003425,R11,Border Region,R11-M04,mixed,single_family
A003426,R01,North City,R01-M02,urban,multi_family
A003427,R09,Urban Belt,R09-M02,urban,single_family
A003428,R04,East District,R04-M02,mixed,multi_family
A003429,R07,Mountain Region,R07-M02,rural,single_family
A003430,R01,North City,R01-M02,urban,single_family
A003431,R10,Rural Belt,R10-M01,rural,single_family
A003432,R04,East District,R04-M02,mixed,multi_family
A003433,R09,Urban Belt,R09-M04,urban,multi_family
A003434,R11,Border Region,R11-M02,mixed,single_family
A003435,R02,South City,R02-M02,urban,large_residential
A003436,R06,River Region,R06-M03,mixed,multi_family
A003437,R08,Lake Region,R08-M02,rural,single_family
A003438,R04,East District,R04-M03,mixed,multi_family
A003439,R10,Rural Belt,R10-M01,rural,single_family
A003440,R09,Urban Belt,R09-M01,urban,single_family
A003441,R03,West District,R03-M04,mixed,single_family
A003442,R12,Metro Region,R12-M04,urban,large_residential
A003443,R08,Lake Region,R08-M01,rural,single_family
A003444,R03,West District,R03-M02,mixed,single_family
A003445,R09,Urban Belt,R09-M01,urban,large_residential
A003446,R06,River Region,R06-M03,mixed,single_family
A003447,R01,North City,R01-M02,urban,large_residential
A003448,R11,Border Region,R11-M01,mixed,single_family
A003449,R01,North City,R01-M03,urban,large_residential
A003450,R02,South City,R02-M03,urban,multi_family
A003451,R06,River Region,R06-M01,mixed,large_residential
A003452,R11,Border Region,R11-M01,mixed,multi_family
A003453,R04,East District,R04-M01,mixed,single_family
A003454,R10,Rural Belt,R10-M01,rural,single_family
A003455,R06,River Region,R06-M04,mixed,single_family
A003456,R02,South City,R02-M01,urban,single_family
A003457,R02,South City,R02-M03,urban,single_family
A003458,R05,Central Region,R05-M02,urban,multi_family
A003459,R12,Metro Region,R12-M01,urban,single_family
A003460,R12,Metro Region,R12-M04,urban,large_residential
A003461,R01,North City,R01-M02,urban,large_residential
A003462,R04,East District,R04-M02,mixed,multi_family
A003463,R08,Lake Region,R08-M01,rural,single_family
A003464,R03,West District,R03-M04,mixed,single_family
A003465,R01,North City,R01-M01,urban,large_residential
A003466,R09,Urban Belt,R09-M03,urban,multi_family
A003467,R06,River Region,R06-M03,mixed,multi_family
A003468,R05,Central Region,R05-M03,urban,multi_family
A003469,R07,Mountain Region,R07-M01,rural,single_family
A003470,R01,North City,R01-M04,urban,multi_family
A003471,R04,East District,R04-M03,mixed,single_family
A003472,R02,South City,R02-M03,urban,multi_family
A003473,R03,West District,R03-M02,mixed,multi_family
A003474,R10,Rural Belt,R10-M01,rural,multi_family
A003475,R08,Lake Region,R08-M04,rural,multi_family
A003476,R12,Metro Region,R12-M01,urban,single_family
A003477,R01,North City,R01-M01,urban,single_family
A003478,R01,North City,R01-M03,urban,single_family
A003479,R01,North City,R01-M04,urban,multi_family
A003480,R11,Border Region,R11-M03,mixed,multi_family
A003481,R09,Urban Belt,R09-M01,urban,multi_family
A003482,R02,South City,R02-M04,urban,multi_family
A003483,R01,North City,R01-M01,urban,multi_family
A003484,R12,Metro Region,R12-M03,urban,large_residential
A003485,R02,South City,R02-M04,urban,multi_family
A003486,R11,Border Region,R11-M04,mixed,multi_family
A003487,R03,West District,R03-M02,mixed,large_residential
A003488,R10,Rural Belt,R10-M03,rural,single_family
A003489,R06,River Region,R06-M04,mixed,multi_family
A003490,R03,West District,R03-M01,mixed,multi_family
A003491,R09,Urban Belt,R09-M02,urban,multi_family
A003492,R03,West District,R03-M01,mixed,multi_family
A003493,R11,Border Region,R11-M01,mixed,multi_family
A003494,R07,Mountain Region,R07-M03,rural,multi_family
A003495,R05,Central Region,R05-M02,urban,multi_family
A003496,R03,West District,R03-M04,mixed,multi_family
A003497,R08,Lake Region,R08-M02,rural,single_family
A003498,R10,Rural Belt,R10-M03,rural,single_family
A003499,R12,Metro Region,R12-M02,urban,multi_family
A003500,R03,West District,R03-M03,mixed,multi_family
A003501,R06,River Region,R06-M01,mixed,single_family
A003502,R08,Lake Region,R08-M03,rural,single_family
A003503,R10,Rural Belt,R10-M02,rural,single_family
A003504,R09,Urban Belt,R09-M02,urban,multi_family
A003505,R02,South City,R02-M04,urban,multi_family
A003506,R06,River Region,R06-M03,mixed,multi_family
A003507,R06,River Region,R06-M04,mixed,large_residential
A003508,R03,West District,R03-M03,mixed,multi_family
A003509,R07,Mountain Region,R07-M02,rural,single_family
A003510,R10,Rural Belt,R10-M04,rural,single_family
A003511,R05,Central Region,R05-M01,urban,multi_family
A003512,R04,East District,R04-M02,mixed,large_residential
A003513,R02,South City,R02-M02,urban,single_family
A003514,R02,South City,R02-M03,urban,single_family
A003515,R09,Urban Belt,R09-M03,urban,multi_family
A003516,R11,Border Region,R11-M01,mixed,single_family
A003517,R07,Mountain Region,R07-M01,rural,single_family
A003518,R07,Mountain Region,R07-M02,rural,multi_family
A003519,R04,East District,R04-M04,mixed,single_family
A003520,R12,Metro Region,R12-M01,urban,multi_family
A003521,R10,Rural Belt,R10-M02,rural,multi_family
A003522,R09,Urban Belt,R09-M02,urban,single_family
A003523,R04,East District,R04-M02,mixed,large_residential
A003524,R08,Lake Region,R08-M03,rural,single_family
A003525,R08,Lake Region,R08-M03,rural,multi_family
A003526,R12,Metro Region,R12-M04,urban,large_residential
A003527,R04,East District,R04-M01,mixed,multi_family
A003528,R10,Rural Belt,R10-M03,rural,multi_family
A003529,R01,North City,R01-M03,urban,multi_family
A003530,R08,Lake Region,R08-M04,rural,single_family
A003531,R06,River Region,R06-M02,mixed,multi_family
A003532,R09,Urban Belt,R09-M04,urban,multi_family
A003533,R08,Lake Region,R08-M02,rural,multi_family
A003534,R05,Central Region,R05-M03,urban,single_family
A003535,R10,Rural Belt,R10-M03,rural,single_family
A003536,R03,West District,R03-M01,mixed,single_family
A003537,R03,West District,R03-M03,mixed,multi_family
A003538,R12,Metro Region,R12-M01,urban,multi_family
A003539,R09,Urban Belt,R09-M02,urban,multi_family
A003540,R05,Central Region,R05-M03,urban,single_family
A003541,R07,Mountain Region,R07-M01,rural,single_family
A003542,R02,South City,R02-M03,urban,single_family
A003543,R11,Border Region,R11-M04,mixed,multi_family
A003544,R02,South City,R02-M04,urban,multi_family
A003545,R05,Central Region,R05-M04,urban,large_residential
A003546,R05,Central Region,R05-M02,urban,large_residential
A003547,R09,Urban Belt,R09-M03,urban,multi_family
A003548,R06,River Region,R06-M01,mixed,single_family
A003549,R12,Metro Region,R12-M04,urban,multi_family
A003550,R04,East District,R04-M01,mixed,large_residential
A003551,R05,Central Region,R05-M01,urban,large_residential
A003552,R08,Lake Region,R08-M03,rural,multi_family
A003553,R08,Lake Region,R08-M03,rural,multi_family
A003554,R05,Central Region,R05-M01,urban,single_family
A003555,R06,River Region,R06-M02,mixed,single_family
A003556,R12,Metro Region,R12-M01,urban,single_family
A003557,R09,Urban Belt,R09-M02,urban,multi_family
A003558,R04,East District,R04-M02,mixed,single_family
A003559,R05,Central Region,R05-M02,urban,multi_family
A003560,R07,Mountain Region,R07-M02,rural,single_family
A003561,R03,West District,R03-M01,mixed,large_residential
A003562,R12,Metro Region,R12-M01,urban,multi_family
A003563,R11,Border Region,R11-M02,mixed,multi_family
A003564,R09,Urban Belt,R09-M01,urban,multi_family
A003565,R01,North City,R01-M03,urban,multi_family
A003566,R07,Mountain Region,R07-M02,rural,single_family
A003567,R09,Urban Belt,R09-M03,urban,multi_family
A003568,R02,South City,R02-M04,urban,single_family
A003569,R10,Rural Belt,R10-M02,rural,single_family
A003570,R09,Urban Belt,R09-M03,urban,large_residential
A003571,R06,River Region,R06-M03,mixed,large_residential
A003572,R10,Rural Belt,R10-M02,rural,single_family
A003573,R02,South City,R02-M02,urban,single_family
A003574,R08,Lake Region,R08-M03,rural,multi_family
A003575,R12,Metro Region,R12-M03,urban,single_family
A003576,R07,Mountain Region,R07-M02,rural,multi_family
A003577,R05,Central Region,R05-M04,urban,multi_family
A003578,R04,East District,R04-M02,mixed,multi_family
A003579,R02,South City,R02-M02,urban,multi_family
A003580,R09,Urban Belt,R09-M04,urban,single_family
A003581,R08,Lake Region,R08-M03,rural,single_family
A003582,R12,Metro Region,R12-M03,urban,single_family
A003583,R02,South City,R02-M02,urban,multi_family
A003584,R10,Rural Belt,R10-M03,rural,single_family
A003585,R10,Rural Belt,R10-M04,rural,single_family
A003586,R06,River Region,R06-M04,mixed,single_family
A003587,R04,East District,R04-M01,mixed,multi_family
A003588,R09,Urban Belt,R09-M03,urban,multi_family
A003589,R09,Urban Belt,R09-M01,urban,multi_family
A003590,R05,Central Region,R05-M03,urban,single_family
A003591,R12,Metro Region,R12-M04,urban,single_family
A003592,R09,Urban Belt,R09-M01,urban,multi_family
A003593,R02,South City,R02-M03,urban,multi_family
A003594,R12,Metro Region,R12-M01,urban,multi_family
A003595,R05,Central Region,R05-M04,urban,multi_family
A003596,R07,Mountain Region,R07-M04,rural,multi_family
A003597,R03,West District,R03-M03,mixed,multi_family
A003598,R02,South City,R02-M02,urban,single_family
A003599,R11,Border Region,R11-M02,mixed,large_residential
A003600,R01,North City,R01-M03,urban,single_family
A003601,R09,Urban Belt,R09-M03,urban,multi_family
A003602,R11,Border Region,R11-M03,mixed,multi_family
A003603,R03,West District,R03-M04,mixed,large_residential
A003604,R08,Lake Region,R08-M03,rural,single_family
A003605,R10,Rural Belt,R10-M03,rural,multi_family
A003606,R02,South City,R02-M02,urban,large_residential
A003607,R02,South City,R02-M02,urban,single_family
A003608,R06,River Region,R06-M01,mixed,single_family
A003609,R03,West District,R03-M01,mixed,multi_family
A003610,R09,Urban Belt,R09-M02,urban,multi_family
A003611,R03,West District,R03-M02,mixed,multi_family
A003612,R04,East District,R04-M03,mixed,single_family
A003613,R10,Rural Belt,R10-M04,rural,large_residential
A003614,R06,River Region,R06-M03,mixed,multi_family
A003615,R12,Metro Region,R12-M01,urban,multi_family
A003616,R09,Urban Belt,R09-M01,urban,single_family
A003617,R04,East District,R04-M02,mixed,large_residential
A003618,R05,Central Region,R05-M02,urban,multi_family
A003619,R09,Urban Belt,R09-M02,urban,large_residential
A003620,R11,Border Region,R11-M01,mixed,single_family
A003621,R08,Lake Region,R08-M04,rural,single_family
A003622,R09,Urban Belt,R09-M03,urban,multi_family
A003623,R08,Lake Region,R08-M01,rural,multi_family
A003624,R12,Metro Region,R12-M04,urban,multi_family
A003625,R06,River Region,R06-M02,mixed,multi_family
A003626,R01,North City,R01-M03,urban,single_family
A003627,R03,West District,R03-M01,mixed,single_family
A003628,R12,Metro Region,R12-M02,urban,multi_family
A003629,R07,Mountain Region,R07-M04,rural,single_family
A003630,R06,River Region,R06-M01,mixed,large_residential
A003631,R10,Rural Belt,R10-M01,rural,multi_family
A003632,R12,Metro Region,R12-M03,urban,single_family
A003633,R02,South City,R02-M02,urban,multi_family
A003634,R04,East District,R04-M04,mixed,multi_family
A003635,R03,West District,R03-M04,mixed,multi_family
A003636,R01,North City,R01-M01,urban,multi_family
A003637,R02,South City,R02-M04,urban,large_residential
A003638,R02,South City,R02-M02,urban,multi_family
A003639,R05,Central Region,R05-M04,urban,multi_family
A003640,R11,Border Region,R11-M03,mixed,large_residential
A003641,R09,Urban Belt,R09-M02,urban,multi_family
A003642,R09,Urban Belt,R09-M01,urban,large_residential
A003643,R12,Metro Region,R12-M04,urban,large_residential
A003644,R12,Metro Region,R12-M03,urban,large_residential
A003645,R05,Central Region,R05-M01,urban,multi_family
A003646,R03,West District,R03-M02,mixed,large_residential
A003647,R04,East District,R04-M04,mixed,multi_family
A003648,R07,Mountain Region,R07-M04,rural,single_family
A003649,R01,North City,R01-M02,urban,large_residential
A003650,R04,East District,R04-M03,mixed,single_family
A003651,R02,South City,R02-M03,urban,large_residential
A003652,R10,Rural Belt,R10-M02,rural,large_residential
A003653,R07,Mountain Region,R07-M02,rural,multi_family
A003654,R07,Mountain Region,R07-M02,rural,single_family
A003655,R05,Central Region,R05-M02,urban,large_residential
A003656,R07,Mountain Region,R07-M01,rural,single_family
A003657,R12,Metro Region,R12-M01,urban,multi_family
A003658,R06,River Region,R06-M03,mixed,single_family
A003659,R06,River Region,R06-M04,mixed,single_family
A003660,R10,Rural Belt,R10-M02,rural,single_family
A003661,R05,Central Region,R05-M01,urban,large_residential
A003662,R11,Border Region,R11-M02,mixed,single_family
A003663,R04,East District,R04-M04,mixed,large_residential
A003664,R02,South City,R02-M04,urban,single_family
A003665,R08,Lake Region,R08-M03,rural,multi_family
A003666,R07,Mountain Region,R07-M03,rural,multi_family
A003667,R01,North City,R01-M01,urban,multi_family
A003668,R08,Lake Region,R08-M02,rural,single_family
A003669,R02,South City,R02-M04,urban,multi_family
A003670,R01,North City,R01-M02,urban,multi_family
A003671,R06,River Region,R06-M04,mixed,multi_family
A003672,R07,Mountain Region,R07-M04,rural,single_family
A003673,R12,Metro Region,R12-M02,urban,large_residential
A003674,R02,South City,R02-M04,urban,multi_family
A003675,R03,West District,R03-M01,mixed,single_family
A003676,R02,South City,R02-M03,urban,large_residential
A003677,R07,Mountain Region,R07-M03,rural,single_family
A003678,R11,Border Region,R11-M01,mixed,single_family
A003679,R06,River Region,R06-M04,mixed,large_residential
A003680,R09,Urban Belt,R09-M04,urban,multi_family
A003681,R06,River Region,R06-M02,mixed,single_family
A003682,R02,South City,R02-M04,urban,large_residential
A003683,R09,Urban Belt,R09-M02,urban,large_residential
A003684,R01,North City,R01-M03,urban,multi_family
A003685,R10,Rural Belt,R10-M02,rural,single_family
A003686,R12,Metro Region,R12-M01,urban,multi_family
A003687,R02,South City,R02-M03,urban,multi_family
A003688,R01,North City,R01-M03,urban,multi_family
A003689,R09,Urban Belt,R09-M04,urban,single_family
A003690,R09,Urban Belt,R09-M04,urban,single_family
A003691,R11,Border Region,R11-M03,mixed,multi_family
A003692,R10,Rural Belt,R10-M01,rural,multi_family
A003693,R08,Lake Region,R08-M01,rural,multi_family
A003694,R03,West District,R03-M01,mixed,single_family
A003695,R01,North City,R01-M04,urban,multi_family
A003696,R09,Urban Belt,R09-M03,urban,single_family
A003697,R08,Lake Region,R08-M02,rural,single_family
A003698,R07,Mountain Region,R07-M03,rural,multi_family
A003699,R04,East District,R04-M03,mixed,multi_family
A003700,R09,Urban Belt,R09-M02,urban,multi_family
A003701,R08,Lake Region,R08-M03,rural,multi_family
A003702,R04,East District,R04-M04,mixed,multi_family
A003703,R07,Mountain Region,R07-M04,rural,single_family
A003704,R05,Central Region,R05-M04,urban,single_family
A003705,R07,Mountain Region,R07-M02,rural,single_family
A003706,R09,Urban Belt,R09-M03,urban,multi_family
A003707,R05,Central Region,R05-M03,urban,multi_family
A003708,R09,Urban Belt,R09-M03,urban,multi_family
A003709,R12,Metro Region,R12-M03,urban,multi_family
A003710,R05,Central Region,R05-M03,urban,multi_family
A003711,R04,East District,R04-M02,mixed,multi_family
A003712,R12,Metro Region,R12-M04,urban,single_family
A003713,R06,River Region,R06-M02,mixed,multi_family
A003714,R07,Mountain Region,R07-M04,rural,multi_family
A003715,R02,South City,R02-M01,urban,single_family
A003716,R01,North City,R01-M02,urban,multi_family
A003717,R01,North City,R01-M03,urban,large_residential
A003718,R02,South City,R02-M01,urban,single_family
A003719,R06,River Region,R06-M02,mixed,large_residential
A003720,R05,Central Region,R05-M01,urban,multi_family
A003721,R05,Central Region,R05-M04,urban,multi_family
A003722,R01,North City,R01-M04,urban,large_residential
A003723,R10,Rural Belt,R10-M04,rural,single_family
A003724,R06,River Region,R06-M02,mixed,single_family
A003725,R11,Border Region,R11-M04,mixed,multi_family
A003726,R06,River Region,R06-M02,mixed,multi_family
A003727,R01,North City,R01-M03,urban,multi_family
A003728,R09,Urban Belt,R09-M02,urban,large_residential
A003729,R01,North City,R01-M01,urban,multi_family
A003730,R03,West District,R03-M04,mixed,large_residential
A003731,R03,West District,R03-M03,mixed,single_family
A003732,R07,Mountain Region,R07-M03,rural,multi_family
A003733,R10,Rural Belt,R10-M02,rural,single_family
A003734,R02,South City,R02-M03,urban,single_family
A003735,R06,River Region,R06-M04,mixed,large_residential
A003736,R09,Urban Belt,R09-M04,urban,multi_family
A003737,R06,River Region,R06-M04,mixed,single_family
A003738,R03,West District,R03-M03,mixed,single_family
A003739,R12,Metro Region,R12-M04,urban,large_residential
A003740,R07,Mountain Region,R07-M02,rural,multi_family
A003741,R05,Central Region,R05-M01,urban,large_residential
A003742,R02,South City,R02-M02,urban,multi_family
A003743,R10,Rural Belt,R10-M01,rural,multi_family
A003744,R02,South City,R02-M02,urban,multi_family
A003745,R06,River Region,R06-M03,mixed,multi_family
A003746,R02,South City,R02-M03,urban,multi_family
A003747,R07,Mountain Region,R07-M01,rural,single_family
A003748,R12,Metro Region,R12-M04,urban,multi_family
A003749,R03,West District,R03-M04,mixed,single_family
A003750,R06,River Region,R06-M01,mixed,single_family
A003751,R01,North City,R01-M03,urban,multi_family
A003752,R03,West District,R03-M01,mixed,multi_family
A003753,R09,Urban Belt,R09-M01,urban,single_family
A003754,R09,Urban Belt,R09-M03,urban,single_family
A003755,R06,River Region,R06-M01,mixed,multi_family
A003756,R02,South City,R02-M01,urban,single_family
A003757,R12,Metro Region,R12-M02,urban,single_family
A003758,R01,North City,R01-M02,urban,large_residential
A003759,R01,North City,R01-M03,urban,multi_family
A003760,R09,Urban Belt,R09-M02,urban,multi_family
A003761,R06,River Region,R06-M04,mixed,single_family
A003762,R12,Metro Region,R12-M03,urban,large_residential
A003763,R09,Urban Belt,R09-M02,urban,large_residential
A003764,R10,Rural Belt,R10-M04,rural,single_family
A003765,R09,Urban Belt,R09-M02,urban,multi_family
A003766,R04,East District,R04-M02,mixed,single_family
A003767,R08,Lake Region,R08-M03,rural,multi_family
A003768,R01,North City,R01-M01,urban,single_family
A003769,R01,North City,R01-M01,urban,large_residential
A003770,R02,South City,R02-M04,urban,single_family
A003771,R03,West District,R03-M01,mixed,multi_family
A003772,R01,North City,R01-M02,urban,multi_family
A003773,R04,East District,R04-M01,mixed,single_family
A003774,R12,Metro Region,R12-M01,urban,multi_family
A003775,R05,Central Region,R05-M01,urban,multi_family
A003776,R05,Central Region,R05-M02,urban,large_residential
A003777,R02,South City,R02-M03,urban,large_residential
A003778,R05,Central Region,R05-M02,urban,multi_family
A003779,R10,Rural Belt,R10-M04,rural,single_family
A003780,R07,Mountain Region,R07-M03,rural,multi_family
A003781,R03,West District,R03-M03,mixed,single_family
A003782,R04,East District,R04-M04,mixed,single_family
A003783,R10,Rural Belt,R10-M02,rural,large_residential
A003784,R10,Rural Belt,R10-M01,rural,single_family
A003785,R10,Rural Belt,R10-M04,rural,single_family
A003786,R08,Lake Region,R08-M02,rural,multi_family
A003787,R12,Metro Region,R12-M01,urban,multi_family
A003788,R09,Urban Belt,R09-M02,urban,multi_family
A003789,R09,Urban Belt,R09-M03,urban,multi_family
A003790,R09,Urban Belt,R09-M03,urban,multi_family
A003791,R12,Metro Region,R12-M01,urban,large_residential
A003792,R12,Metro Region,R12-M02,urban,large_residential
A003793,R03,West District,R03-M02,mixed,single_family
A003794,R12,Metro Region,R12-M02,urban,multi_family
A003795,R03,West District,R03-M02,mixed,multi_family
A003796,R07,Mountain Region,R07-M04,rural,single_family
A003797,R12,Metro Region,R12-M03,urban,multi_family
A003798,R05,Central Region,R05-M02,urban,multi_family
A003799,R12,Metro Region,R12-M03,urban,large_residential
A003800,R06,River Region,R06-M04,mixed,multi_family
A003801,R01,North City,R01-M03,urban,single_family
A003802,R05,Central Region,R05-M02,urban,multi_family
A003803,R05,Central Region,R05-M03,urban,large_residential
A003804,R08,Lake Region,R08-M01,rural,large_residential
A003805,R05,Central Region,R05-M02,urban,multi_family
A003806,R01,North City,R01-M02,urban,single_family
A003807,R05,Central Region,R05-M01,urban,single_family
A003808,R04,East District,R04-M02,mixed,single_family
A003809,R12,Metro Region,R12-M03,urban,single_family
A003810,R02,South City,R02-M04,urban,multi_family
A003811,R01,North City,R01-M02,urban,single_family
A003812,R02,South City,R02-M04,urban,single_family
A003813,R02,South City,R02-M02,urban,large_residential
A003814,R10,Rural Belt,R10-M01,rural,single_family
A003815,R10,Rural Belt,R10-M03,rural,single_family
A003816,R06,River Region,R06-M04,mixed,single_family
A003817,R01,North City,R01-M01,urban,large_residential
A003818,R12,Metro Region,R12-M04,urban,single_family
A003819,R12,Metro Region,R12-M02,urban,single_family
A003820,R03,West District,R03-M04,mixed,multi_family
A003821,R12,Metro Region,R12-M02,urban,single_family
A003822,R05,Central Region,R05-M03,urban,single_family
A003823,R01,North City,R01-M01,urban,multi_family
A003824,R09,Urban Belt,R09-M02,urban,multi_family
A003825,R04,East District,R04-M01,mixed,multi_family
A003826,R09,Urban Belt,R09-M02,urban,large_residential
A003827,R09,Urban Belt,R09-M02,urban,multi_family
A003828,R03,West District,R03-M04,mixed,multi_family
A003829,R10,Rural Belt,R10-M02,rural,single_family
A003830,R06,River Region,R06-M04,mixed,multi_family
A003831,R06,River Region,R06-M01,mixed,single_family
A003832,R06,River Region,R06-M01,mixed,large_residential
A003833,R02,South City,R02-M02,urban,single_family
A003834,R03,West District,R03-M02,mixed,single_family
A003835,R06,River Region,R06-M01,mixed,multi_family
A003836,R02,South City,R02-M04,urban,multi_family
A003837,R02,South City,R02-M01,urban,single_family
A003838,R08,Lake Region,R08-M02,rural,single_family
A003839,R04,East District,R04-M04,mixed,multi_family
A003840,R05,Central Region,R05-M02,urban,multi_family
A003841,R09,Urban Belt,R09-M02,urban,multi_family
A003842,R03,West District,R03-M02,mixed,large_residential
A003843,R09,Urban Belt,R09-M01,urban,multi_family
A003844,R04,East District,R04-M04,mixed,single_family
A003845,R03,West District,R03-M02,mixed,single_family
A003846,R08,Lake Region,R08-M04,rural,single_family
A003847,R10,Rural Belt,R10-M01,rural,single_family
A003848,R06,River Region,R06-M03,mixed,multi_family
A003849,R06,River Region,R06-M01,mixed,single_family
A003850,R12,Metro Region,R12-M04,urban,single_family
A003851,R02,South City,R02-M03,urban,single_family
A003852,R03,West District,R03-M01,mixed,large_residential
A003853,R01,North City,R01-M02,urban,multi_family
A003854,R12,Metro Region,R12-M03,urban,multi_family
A003855,R12,Metro Region,R12-M01,urban,multi_family
A003856,R05,Central Region,R05-M03,urban,single_family
A003857,R07,Mountain Region,R07-M03,rural,multi_family
A003858,R06,River Region,R06-M01,mixed,single_family
A003859,R02,South City,R02-M04,urban,single_family
A003860,R09,Urban Belt,R09-M04,urban,multi_family
A003861,R10,Rural Belt,R10-M03,rural,single_family
A003862,R11,Border Region,R11-M04,mixed,multi_family
A003863,R10,Rural Belt,R10-M01,rural,single_family
A003864,R12,Metro Region,R12-M04,urban,multi_family
A003865,R07,Mountain Region,R07-M01,rural,single_family
A003866,R02,South City,R02-M02,urban,multi_family
A003867,R05,Central Region,R05-M02,urban,multi_family
A003868,R06,River Region,R06-M03,mixed,single_family
A003869,R07,Mountain Region,R07-M02,rural,single_family
A003870,R09,Urban Belt,R09-M04,urban,multi_family
A003871,R10,Rural Belt,R10-M01,rural,single_family
A003872,R12,Metro Region,R12-M02,urban,multi_family
A003873,R12,Metro Region,R12-M01,urban,multi_family
A003874,R06,River Region,R06-M03,mixed,single_family
A003875,R11,Border Region,R11-M03,mixed,single_family
A003876,R04,East District,R04-M01,mixed,single_family
A003877,R12,Metro Region,R12-M04,urban,single_family
A003878,R08,Lake Region,R08-M02,rural,single_family
A003879,R09,Urban Belt,R09-M02,urban,single_family
A003880,R02,South City,R02-M04,urban,multi_family
A003881,R08,Lake Region,R08-M04,rural,single_family
A003882,R12,Metro Region,R12-M01,urban,single_family
A003883,R05,Central Region,R05-M03,urban,large_residential
A003884,R07,Mountain Region,R07-M02,rural,single_family
A003885,R06,River Region,R06-M03,mixed,single_family
A003886,R01,North City,R01-M03,urban,single_family
A003887,R01,North City,R01-M01,urban,multi_family
A003888,R09,Urban Belt,R09-M04,urban,single_family
A003889,R12,Metro Region,R12-M04,urban,single_family
A003890,R01,North City,R01-M04,urban,multi_family
A003891,R01,North City,R01-M01,urban,multi_family
A003892,R08,Lake Region,R08-M04,rural,single_family
A003893,R09,Urban Belt,R09-M02,urban,multi_family
A003894,R09,Urban Belt,R09-M01,urban,single_family
A003895,R10,Rural Belt,R10-M01,rural,single_family
A003896,R03,West District,R03-M01,mixed,multi_family
A003897,R10,Rural Belt,R10-M03,rural,single_family
A003898,R08,Lake Region,R08-M02,rural,multi_family
A003899,R07,Mountain Region,R07-M04,rural,single_family
A003900,R10,Rural Belt,R10-M02,rural,multi_family
A003901,R06,River Region,R06-M03,mixed,multi_family
A003902,R03,West District,R03-M01,mixed,multi_family
A003903,R04,East District,R04-M01,mixed,single_family
A003904,R02,South City,R02-M01,urban,large_residential
A003905,R06,River Region,R06-M04,mixed,multi_family
A003906,R10,Rural Belt,R10-M03,rural,single_family
A003907,R02,South City,R02-M02,urban,large_residential
A003908,R09,Urban Belt,R09-M01,urban,large_residential
A003909,R12,Metro Region,R12-M03,urban,multi_family
A003910,R01,North City,R01-M02,urban,large_residential
A003911,R09,Urban Belt,R09-M02,urban,single_family
A003912,R02,South City,R02-M04,urban,multi_family
A003913,R12,Metro Region,R12-M02,urban,large_residential
A003914,R01,North City,R01-M02,urban,single_family
A003915,R10,Rural Belt,R10-M03,rural,single_family
A003916,R07,Mountain Region,R07-M03,rural,multi_family
A003917,R10,Rural Belt,R10-M01,rural,single_family
A003918,R05,Central Region,R05-M02,urban,large_residential
A003919,R10,Rural Belt,R10-M01,rural,single_family
A003920,R02,South City,R02-M04,urban,multi_family
A003921,R01,North City,R01-M03,urban,single_family
A003922,R01,North City,R01-M01,urban,multi_family
A003923,R03,West District,R03-M03,mixed,single_family
A003924,R08,Lake Region,R08-M01,rural,single_family
A003925,R08,Lake Region,R08-M01,rural,single_family
A003926,R07,Mountain Region,R07-M04,rural,single_family
A003927,R07,Mountain Region,R07-M03,rural,single_family
A003928,R04,East District,R04-M03,mixed,single_family
A003929,R12,Metro Region,R12-M02,urban,large_residential
A003930,R02,South City,R02-M02,urban,multi_family
A003931,R05,Central Region,R05-M01,urban,single_family
A003932,R03,West District,R03-M03,mixed,single_family
A003933,R02,South City,R02-M01,urban,multi_family
A003934,R01,North City,R01-M01,urban,multi_family
A003935,R10,Rural Belt,R10-M01,rural,single_family
A003936,R12,Metro Region,R12-M04,urban,multi_family
A003937,R08,Lake Region,R08-M03,rural,single_family
A003938,R03,West District,R03-M03,mixed,multi_family
A003939,R01,North City,R01-M02,urban,multi_family
A003940,R05,Central Region,R05-M02,urban,large_residential
A003941,R02,South City,R02-M04,urban,multi_family
A003942,R02,South City,R02-M02,urban,multi_family
A003943,R06,River Region,R06-M01,mixed,multi_family
A003944,R01,North City,R01-M02,urban,single_family
A003945,R01,North City,R01-M03,urban,single_family
A003946,R03,West District,R03-M03,mixed,multi_family
A003947,R11,Border Region,R11-M02,mixed,multi_family
A003948,R09,Urban Belt,R09-M01,urban,multi_family
A003949,R01,North City,R01-M02,urban,large_residential
A003950,R02,South City,R02-M03,urban,single_family
A003951,R09,Urban Belt,R09-M04,urban,multi_family
A003952,R10,Rural Belt,R10-M04,rural,single_family
A003953,R01,North City,R01-M01,urban,multi_family
A003954,R04,East District,R04-M04,mixed,single_family
A003955,R05,Central Region,R05-M03,urban,multi_family
A003956,R04,East District,R04-M04,mixed,single_family
A003957,R09,Urban Belt,R09-M02,urban,multi_family
A003958,R09,Urban Belt,R09-M02,urban,multi_family
A003959,R10,Rural Belt,R10-M03,rural,single_family
A003960,R06,River Region,R06-M01,mixed,multi_family
A003961,R02,South City,R02-M04,urban,multi_family
A003962,R02,South City,R02-M01,urban,single_family
A003963,R02,South City,R02-M02,urban,multi_family
A003964,R09,Urban Belt,R09-M02,urban,multi_family
A003965,R02,South City,R02-M01,urban,multi_family
A003966,R04,East District,R04-M03,mixed,single_family
A003967,R08,Lake Region,R08-M03,rural,single_family
A003968,R06,River Region,R06-M01,mixed,single_family
A003969,R12,Metro Region,R12-M01,urban,multi_family
A003970,R09,Urban Belt,R09-M01,urban,multi_family
A003971,R07,Mountain Region,R07-M02,rural,single_family
A003972,R09,Urban Belt,R09-M01,urban,multi_family
A003973,R09,Urban Belt,R09-M03,urban,multi_family
A003974,R05,Central Region,R05-M03,urban,multi_family
A003975,R09,Urban Belt,R09-M04,urban,large_residential
A003976,R03,West District,R03-M04,mixed,multi_family
A003977,R01,North City,R01-M04,urban,multi_family
A003978,R10,Rural Belt,R10-M04,rural,single_family
A003979,R01,North City,R01-M03,urban,large_residential
A003980,R05,Central Region,R05-M04,urban,multi_family
A003981,R02,South City,R02-M04,urban,large_residential
A003982,R12,Metro Region,R12-M02,urban,multi_family
A003983,R04,East District,R04-M01,mixed,single_family
A003984,R07,Mountain Region,R07-M02,rural,single_family
A003985,R09,Urban Belt,R09-M02,urban,multi_family
A003986,R08,Lake Region,R08-M01,rural,single_family
A003987,R02,South City,R02-M03,urban,multi_family
A003988,R09,Urban Belt,R09-M02,urban,multi_family
A003989,R05,Central Region,R05-M04,urban,multi_family
A003990,R12,Metro Region,R12-M02,urban,multi_family
A003991,R03,West District,R03-M02,mixed,multi_family
A003992,R02,South City,R02-M02,urban,multi_family
A003993,R06,River Region,R06-M02,mixed,single_family
A003994,R05,Central Region,R05-M02,urban,multi_family
A003995,R02,South City,R02-M02,urban,single_family
A003996,R06,River Region,R06-M03,mixed,single_family
A003997,R01,North City,R01-M04,urban,single_family
A003998,R02,South City,R02-M01,urban,large_residential
A003999,R06,River Region,R06-M03,mixed,multi_family
A004000,R04,East District,R04-M03,mixed,large_residential
A004001,R05,Central Region,R05-M03,urban,single_family
A004002,R09,Urban Belt,R09-M01,urban,multi_family
A004003,R06,River Region,R06-M04,mixed,single_family
A004004,R10,Rural Belt,R10-M01,rural,multi_family
A004005,R07,Mountain Region,R07-M02,rural,single_family
A004006,R08,Lake Region,R08-M01,rural,single_family
A004007,R06,River Region,R06-M03,mixed,single_family
A004008,R05,Central Region,R05-M02,urban,multi_family
A004009,R04,East District,R04-M04,mixed,single_family
A004010,R09,Urban Belt,R09-M01,urban,multi_family
A004011,R03,West District,R03-M04,mixed,multi_family
A004012,R03,West District,R03-M03,mixed,single_family
A004013,R04,East District,R04-M01,mixed,single_family
A004014,R09,Urban Belt,R09-M03,urban,multi_family
A004015,R07,Mountain Region,R07-M04,rural,single_family
A004016,R03,West District,R03-M01,mixed,single_family
A004017,R05,Central Region,R05-M03,urban,single_family
A004018,R06,River Region,R06-M03,mixed,single_family
A004019,R09,Urban Belt,R09-M03,urban,multi_family
A004020,R06,River Region,R06-M03,mixed,single_family
A004021,R07,Mountain Region,R07-M01,rural,single_family
A004022,R06,River Region,R06-M03,mixed,multi_family
A004023,R06,River Region,R06-M03,mixed,single_family
A004024,R03,West District,R03-M02,mixed,single_family
A004025,R12,Metro Region,R12-M01,urban,multi_family
A004026,R07,Mountain Region,R07-M02,rural,single_family
A004027,R07,Mountain Region,R07-M01,rural,multi_family
A004028,R10,Rural Belt,R10-M02,rural,single_family
A004029,R12,Metro Region,R12-M04,urban,multi_family
A004030,R01,North City,R01-M04,urban,multi_family
A004031,R05,Central Region,R05-M01,urban,multi_family
A004032,R03,West District,R03-M03,mixed,multi_family
A004033,R10,Rural Belt,R10-M01,rural,single_family
A004034,R01,North City,R01-M02,urban,large_residential
A004035,R04,East District,R04-M01,mixed,single_family
A004036,R03,West District,R03-M01,mixed,multi_family
A004037,R08,Lake Region,R08-M02,rural,single_family
A004038,R05,Central Region,R05-M02,urban,multi_family
A004039,R06,River Region,R06-M04,mixed,single_family
A004040,R02,South City,R02-M01,urban,single_family
A004041,R05,Central Region,R05-M04,urban,single_family
A004042,R07,Mountain Region,R07-M03,rural,single_family
A004043,R03,West District,R03-M02,mixed,single_family
A004044,R02,South City,R02-M04,urban,single_family
A004045,R06,River Region,R06-M04,mixed,multi_family
A004046,R02,South City,R02-M01,urban,large_residential
A004047,R12,Metro Region,R12-M02,urban,large_residential
A004048,R09,Urban Belt,R09-M02,urban,single_family
A004049,R04,East District,R04-M01,mixed,multi_family
A004050,R09,Urban Belt,R09-M02,urban,single_family
A004051,R02,South City,R02-M01,urban,large_residential
A004052,R10,Rural Belt,R10-M04,rural,multi_family
A004053,R01,North City,R01-M02,urban,multi_family
A004054,R08,Lake Region,R08-M04,rural,single_family
A004055,R02,South City,R02-M02,urban,multi_family
A004056,R01,North City,R01-M02,urban,single_family
A004057,R08,Lake Region,R08-M01,rural,single_family
A004058,R05,Central Region,R05-M03,urban,multi_family
A004059,R06,River Region,R06-M02,mixed,multi_family
A004060,R09,Urban Belt,R09-M04,urban,multi_family
A004061,R01,North City,R01-M01,urban,multi_family
A004062,R10,Rural Belt,R10-M03,rural,single_family
A004063,R03,West District,R03-M04,mixed,multi_family
A004064,R01,North City,R01-M02,urban,multi_family
A004065,R04,East District,R04-M01,mixed,multi_family
A004066,R03,West District,R03-M02,mixed,multi_family
A004067,R10,Rural Belt,R10-M01,rural,single_family
A004068,R03,West District,R03-M04,mixed,single_family
A004069,R03,West District,R03-M04,mixed,large_residential
A004070,R03,West District,R03-M01,mixed,multi_family
A004071,R10,Rural Belt,R10-M04,rural,single_family
A004072,R07,Mountain Region,R07-M01,rural,single_family
A004073,R12,Metro Region,R12-M01,urban,large_residential
A004074,R12,Metro Region,R12-M03,urban,multi_family
A004075,R02,South City,R02-M03,urban,multi_family
A004076,R04,East District,R04-M04,mixed,multi_family
A004077,R08,Lake Region,R08-M01,rural,multi_family
A004078,R05,Central Region,R05-M02,urban,multi_family
A004079,R12,Metro Region,R12-M03,urban,multi_family
A004080,R06,River Region,R06-M02,mixed,multi_family
A004081,R03,West District,R03-M03,mixed,multi_family
A004082,R06,River Region,R06-M02,mixed,multi_family
A004083,R05,Central Region,R05-M02,urban,large_residential
A004084,R07,Mountain Region,R07-M03,rural,single_family
A004085,R06,River Region,R06-M03,mixed,single_family
A004086,R06,River Region,R06-M02,mixed,single_family
A004087,R12,Metro Region,R12-M04,urban,single_family
A004088,R05,Central Region,R05-M02,urban,large_residential
A004089,R12,Metro Region,R12-M03,urban,multi_family
A004090,R09,Urban Belt,R09-M03,urban,single_family
A004091,R01,North City,R01-M03,urban,multi_family
A004092,R10,Rural Belt,R10-M04,rural,single_family
A004093,R01,North City,R01-M02,urban,multi_family
A004094,R10,Rural Belt,R10-M04,rural,single_family
A004095,R08,Lake Region,R08-M01,rural,single_family
A004096,R12,Metro Region,R12-M04,urban,large_residential
A004097,R02,South City,R02-M02,urban,multi_family
A004098,R10,Rural Belt,R10-M04,rural,single_family
A004099,R03,West District,R03-M02,mixed,multi_family
A004100,R09,Urban Belt,R09-M02,urban,multi_family
A004101,R12,Metro Region,R12-M03,urban,single_family
A004102,R01,North City,R01-M01,urban,multi_family
A004103,R05,Central Region,R05-M04,urban,large_residential
A004104,R09,Urban Belt,R09-M04,urban,large_residential
A004105,R02,South City,R02-M01,urban,single_family
A004106,R05,Central Region,R05-M04,urban,multi_family
A004107,R06,River Region,R06-M03,mixed,multi_family
A004108,R09,Urban Belt,R09-M02,urban,large_residential
A004109,R02,South City,R02-M04,urban,large_residential
A004110,R02,South City,R02-M03,urban,multi_family
A004111,R12,Metro Region,R12-M03,urban,large_residential
A004112,R07,Mountain Region,R07-M03,rural,single_family
A004113,R05,Central Region,R05-M01,urban,large_residential
A004114,R07,Mountain Region,R07-M02,rural,multi_family
A004115,R03,West District,R03-M02,mixed,single_family
A004116,R01,North City,R01-M02,urban,single_family
A004117,R01,North City,R01-M02,urban,single_family
A004118,R08,Lake Region,R08-M04,rural,single_family
A004119,R09,Urban Belt,R09-M02,urban,single_family
A004120,R06,River Region,R06-M02,mixed,single_family
A004121,R06,River Region,R06-M02,mixed,multi_family
A004122,R03,West District,R03-M02,mixed,single_family
A004123,R04,East District,R04-M02,mixed,single_family
A004124,R09,Urban Belt,R09-M01,urban,large_residential
A004125,R09,Urban Belt,R09-M04,urban,single_family
A004126,R09,Urban Belt,R09-M04,urban,multi_family
A004127,R10,Rural Belt,R10-M03,rural,single_family
A004128,R12,Metro Region,R12-M02,urban,multi_family
A004129,R07,Mountain Region,R07-M01,rural,single_family
A004130,R06,River Region,R06-M01,mixed,multi_family
A004131,R03,West District,R03-M04,mixed,multi_family
A004132,R02,South City,R02-M04,urban,single_family
A004133,R10,Rural Belt,R10-M04,rural,multi_family
A004134,R01,North City,R01-M02,urban,multi_family
A004135,R12,Metro Region,R12-M04,urban,single_family
A004136,R07,Mountain Region,R07-M01,rural,single_family
A004137,R09,Urban Belt,R09-M02,urban,single_family
A004138,R01,North City,R01-M03,urban,large_residential
A004139,R05,Central Region,R05-M01,urban,multi_family
A004140,R08,Lake Region,R08-M02,rural,single_family
A004141,R03,West District,R03-M01,mixed,single_family
A004142,R05,Central Region,R05-M01,urban,multi_family
A004143,R09,Urban Belt,R09-M04,urban,single_family
A004144,R02,South City,R02-M03,urban,single_family
A004145,R03,West District,R03-M04,mixed,multi_family
A004146,R12,Metro Region,R12-M02,urban,large_residential
A004147,R05,Central Region,R05-M02,urban,multi_family
A004148,R12,Metro Region,R12-M04,urban,multi_family
A004149,R05,Central Region,R05-M03,urban,multi_family
A004150,R05,Central Region,R05-M03,urban,single_family
A004151,R02,South City,R02-M03,urban,multi_family
A004152,R05,Central Region,R05-M04,urban,multi_family
A004153,R05,Central Region,R05-M01,urban,single_family
A004154,R05,Central Region,R05-M01,urban,multi_family
A004155,R10,Rural Belt,R10-M03,rural,large_residential
A004156,R06,River Region,R06-M04,mixed,large_residential
A004157,R01,North City,R01-M03,urban,multi_family
A004158,R09,Urban Belt,R09-M02,urban,multi_family
A004159,R01,North City,R01-M03,urban,multi_family
A004160,R12,Metro Region,R12-M04,urban,multi_family
A004161,R11,Border Region,R11-M04,mixed,large_residential
A004162,R02,South City,R02-M02,urban,multi_family
A004163,R06,River Region,R06-M04,mixed,single_family
A004164,R09,Urban Belt,R09-M02,urban,large_residential
A004165,R12,Metro Region,R12-M02,urban,multi_family
A004166,R08,Lake Region,R08-M03,rural,single_family
A004167,R12,Metro Region,R12-M01,urban,multi_family
A004168,R09,Urban Belt,R09-M02,urban,multi_family
A004169,R08,Lake Region,R08-M03,rural,single_family
A004170,R02,South City,R02-M01,urban,multi_family
A004171,R12,Metro Region,R12-M04,urban,multi_family
A004172,R08,Lake Region,R08-M01,rural,single_family
A004173,R09,Urban Belt,R09-M01,urban,multi_family
A004174,R02,South City,R02-M02,urban,multi_family
A004175,R01,North City,R01-M01,urban,multi_family
A004176,R12,Metro Region,R12-M04,urban,multi_family
A004177,R10,Rural Belt,R10-M02,rural,single_family
A004178,R02,South City,R02-M03,urban,multi_family
A004179,R11,Border Region,R11-M03,mixed,multi_family
A004180,R05,Central Region,R05-M03,urban,multi_family
A004181,R10,Rural Belt,R10-M04,rural,multi_family
A004182,R11,Border Region,R11-M02,mixed,large_residential
A004183,R04,East District,R04-M02,mixed,multi_family
A004184,R11,Border Region,R11-M01,mixed,multi_family
A004185,R12,Metro Region,R12-M02,urban,multi_family
A004186,R07,Mountain Region,R07-M02,rural,single_family
A004187,R12,Metro Region,R12-M02,urban,single_family
A004188,R01,North City,R01-M03,urban,multi_family
A004189,R01,North City,R01-M02,urban,large_residential
A004190,R05,Central Region,R05-M01,urban,large_residential
A004191,R12,Metro Region,R12-M04,urban,multi_family
A004192,R07,Mountain Region,R07-M03,rural,single_family
A004193,R09,Urban Belt,R09-M02,urban,multi_family
A004194,R07,Mountain Region,R07-M02,rural,single_family
A004195,R05,Central Region,R05-M01,urban,multi_family
A004196,R12,Metro Region,R12-M04,urban,single_family
A004197,R03,West District,R03-M04,mixed,single_family
A004198,R12,Metro Region,R12-M02,urban,multi_family
A004199,R09,Urban Belt,R09-M01,urban,multi_family
A004200,R01,North City,R01-M03,urban,multi_family
A004201,R12,Metro Region,R12-M01,urban,single_family
A004202,R02,South City,R02-M04,urban,large_residential
A004203,R06,River Region,R06-M02,mixed,single_family
A004204,R05,Central Region,R05-M02,urban,large_residential
A004205,R02,South City,R02-M03,urban,multi_family
A004206,R09,Urban Belt,R09-M04,urban,single_family
A004207,R01,North City,R01-M03,urban,single_family
A004208,R07,Mountain Region,R07-M02,rural,multi_family
A004209,R02,South City,R02-M01,urban,multi_family
A004210,R09,Urban Belt,R09-M01,urban,multi_family
A004211,R03,West District,R03-M01,mixed,single_family
A004212,R02,South City,R02-M01,urban,multi_family
A004213,R09,Urban Belt,R09-M04,urban,multi_family
A004214,R09,Urban Belt,R09-M04,urban,multi_family
A004215,R06,River Region,R06-M04,mixed,single_family
A004216,R05,Central Region,R05-M03,urban,multi_family
A004217,R08,Lake Region,R08-M02,rural,multi_family
A004218,R01,North City,R01-M01,urban,single_family
A004219,R10,Rural Belt,R10-M04,rural,single_family
A004220,R10,Rural Belt,R10-M02,rural,single_family
A004221,R07,Mountain Region,R07-M01,rural,single_family
A004222,R10,Rural Belt,R10-M04,rural,single_family
A004223,R05,Central Region,R05-M03,urban,multi_family
A004224,R03,West District,R03-M03,mixed,single_family
A004225,R06,River Region,R06-M01,mixed,single_family
A004226,R01,North City,R01-M03,urban,multi_family
A004227,R03,West District,R03-M04,mixed,multi_family
A004228,R12,Metro Region,R12-M03,urban,large_residential
A004229,R12,Metro Region,R12-M04,urban,multi_family
A004230,R11,Border Region,R11-M02,mixed,single_family
A004231,R09,Urban Belt,R09-M01,urban,single_family
A004232,R01,North City,R01-M04,urban,single_family
A004233,R01,North City,R01-M01,urban,large_residential
A004234,R09,Urban Belt,R09-M04,urban,single_family
A004235,R06,River Region,R06-M01,mixed,large_residential
A004236,R03,West District,R03-M01,mixed,multi_family
A004237,R04,East District,R04-M04,mixed,multi_family
A004238,R05,Central Region,R05-M02,urban,multi_family
A004239,R10,Rural Belt,R10-M04,rural,multi_family
A004240,R09,Urban Belt,R09-M03,urban,multi_family
A004241,R03,West District,R03-M03,mixed,multi_family
A004242,R09,Urban Belt,R09-M01,urban,single_family
A004243,R02,South City,R02-M04,urban,multi_family
A004244,R12,Metro Region,R12-M01,urban,multi_family
A004245,R09,Urban Belt,R09-M02,urban,single_family
A004246,R09,Urban Belt,R09-M04,urban,multi_family
A004247,R11,Border Region,R11-M04,mixed,single_family
A004248,R06,River Region,R06-M02,mixed,large_residential
A004249,R12,Metro Region,R12-M04,urban,multi_family
A004250,R10,Rural Belt,R10-M03,rural,single_family
A004251,R01,North City,R01-M04,urban,single_family
A004252,R02,South City,R02-M02,urban,multi_family
A004253,R08,Lake Region,R08-M01,rural,single_family
A004254,R10,Rural Belt,R10-M02,rural,multi_family
A004255,R08,Lake Region,R08-M03,rural,single_family
A004256,R01,North City,R01-M04,urban,single_family
A004257,R11,Border Region,R11-M04,mixed,large_residential
A004258,R03,West District,R03-M04,mixed,multi_family
A004259,R06,River Region,R06-M02,mixed,single_family
A004260,R03,West District,R03-M01,mixed,single_family
A004261,R10,Rural Belt,R10-M03,rural,multi_family
A004262,R03,West District,R03-M02,mixed,single_family
A004263,R05,Central Region,R05-M04,urban,large_residential
A004264,R08,Lake Region,R08-M04,rural,single_family
A004265,R04,East District,R04-M02,mixed,single_family
A004266,R09,Urban Belt,R09-M02,urban,multi_family
A004267,R09,Urban Belt,R09-M03,urban,multi_family
A004268,R12,Metro Region,R12-M04,urban,single_family
A004269,R01,North City,R01-M02,urban,single_family
A004270,R02,South City,R02-M04,urban,multi_family
A004271,R07,Mountain Region,R07-M04,rural,single_family
A004272,R10,Rural Belt,R10-M01,rural,single_family
A004273,R06,River Region,R06-M02,mixed,multi_family
A004274,R12,Metro Region,R12-M04,urban,multi_family
A004275,R09,Urban Belt,R09-M03,urban,single_family
A004276,R09,Urban Belt,R09-M01,urban,single_family
A004277,R09,Urban Belt,R09-M02,urban,multi_family
A004278,R04,East District,R04-M03,mixed,multi_family
A004279,R12,Metro Region,R12-M02,urban,multi_family
A004280,R10,Rural Belt,R10-M02,rural,single_family
A004281,R03,West District,R03-M01,mixed,multi_family
A004282,R12,Metro Region,R12-M02,urban,multi_family
A004283,R03,West District,R03-M01,mixed,multi_family
A004284,R11,Border Region,R11-M01,mixed,multi_family
A004285,R03,West District,R03-M01,mixed,single_family
A004286,R06,River Region,R06-M01,mixed,large_residential
A004287,R09,Urban Belt,R09-M03,urban,single_family
A004288,R03,West District,R03-M04,mixed,multi_family
A004289,R04,East District,R04-M01,mixed,single_family
A004290,R09,Urban Belt,R09-M02,urban,multi_family
A004291,R04,East District,R04-M04,mixed,large_residential
A004292,R12,Metro Region,R12-M03,urban,single_family
A004293,R11,Border Region,R11-M02,mixed,single_family
A004294,R09,Urban Belt,R09-M01,urban,single_family
A004295,R05,Central Region,R05-M02,urban,multi_family
A004296,R07,Mountain Region,R07-M03,rural,multi_family
A004297,R04,East District,R04-M02,mixed,single_family
A004298,R01,North City,R01-M01,urban,single_family
A004299,R09,Urban Belt,R09-M02,urban,single_family
A004300,R12,Metro Region,R12-M04,urban,single_family
A004301,R06,River Region,R06-M02,mixed,multi_family
A004302,R02,South City,R02-M03,urban,multi_family
A004303,R12,Metro Region,R12-M03,urban,large_residential
A004304,R09,Urban Belt,R09-M04,urban,multi_family
A004305,R10,Rural Belt,R10-M03,rural,single_family
A004306,R10,Rural Belt,R10-M04,rural,multi_family
A004307,R11,Border Region,R11-M01,mixed,large_residential
A004308,R04,East District,R04-M01,mixed,multi_family
A004309,R12,Metro Region,R12-M01,urban,single_family
A004310,R06,River Region,R06-M01,mixed,multi_family
A004311,R06,River Region,R06-M04,mixed,single_family
A004312,R01,North City,R01-M04,urban,multi_family
A004313,R07,Mountain Region,R07-M04,rural,single_family
A004314,R02,South City,R02-M01,urban,multi_family
A004315,R06,River Region,R06-M04,mixed,multi_family
A004316,R07,Mountain Region,R07-M04,rural,multi_family
A004317,R02,South City,R02-M02,urban,large_residential
A004318,R04,East District,R04-M02,mixed,single_family
A004319,R10,Rural Belt,R10-M03,rural,single_family
A004320,R05,Central Region,R05-M03,urban,multi_family
A004321,R12,Metro Region,R12-M04,urban,multi_family
A004322,R02,South City,R02-M01,urban,multi_family
A004323,R01,North City,R01-M03,urban,large_residential
A004324,R09,Urban Belt,R09-M04,urban,large_residential
A004325,R04,East District,R04-M01,mixed,single_family
A004326,R10,Rural Belt,R10-M01,rural,single_family
A004327,R01,North City,R01-M01,urban,multi_family
A004328,R02,South City,R02-M02,urban,multi_family
A004329,R03,West District,R03-M04,mixed,large_residential
A004330,R10,Rural Belt,R10-M02,rural,multi_family
A004331,R10,Rural Belt,R10-M01,rural,multi_family
A004332,R06,River Region,R06-M01,mixed,single_family
A004333,R11,Border Region,R11-M04,mixed,multi_family
A004334,R12,Metro Region,R12-M03,urban,multi_family
A004335,R04,East District,R04-M03,mixed,multi_family
A004336,R12,Metro Region,R12-M04,urban,large_residential
A004337,R06,River Region,R06-M04,mixed,single_family
A004338,R05,Central Region,R05-M02,urban,large_residential
A004339,R04,East District,R04-M01,mixed,single_family
A004340,R02,South City,R02-M01,urban,multi_family
A004341,R05,Central Region,R05-M02,urban,large_residential
A004342,R10,Rural Belt,R10-M02,rural,single_family
A004343,R05,Central Region,R05-M01,urban,single_family
A004344,R10,Rural Belt,R10-M02,rural,single_family
A004345,R02,South City,R02-M03,urban,multi_family
A004346,R03,West District,R03-M02,mixed,single_family
A004347,R10,Rural Belt,R10-M02,rural,single_family
A004348,R09,Urban Belt,R09-M02,urban,multi_family
A004349,R11,Border Region,R11-M01,mixed,multi_family
A004350,R05,Central Region,R05-M03,urban,multi_family
A004351,R12,Metro Region,R12-M03,urban,multi_family
A004352,R05,Central Region,R05-M01,urban,single_family
A004353,R12,Metro Region,R12-M01,urban,multi_family
A004354,R02,South City,R02-M04,urban,large_residential
A004355,R10,Rural Belt,R10-M01,rural,single_family
A004356,R07,Mountain Region,R07-M04,rural,single_family
A004357,R10,Rural Belt,R10-M03,rural,multi_family
A004358,R06,River Region,R06-M01,mixed,single_family
A004359,R12,Metro Region,R12-M02,urban,multi_family
A004360,R06,River Region,R06-M03,mixed,multi_family
A004361,R11,Border Region,R11-M01,mixed,multi_family
A004362,R01,North City,R01-M02,urban,large_residential
A004363,R12,Metro Region,R12-M02,urban,multi_family
A004364,R12,Metro Region,R12-M04,urban,large_residential
A004365,R02,South City,R02-M02,urban,multi_family
A004366,R09,Urban Belt,R09-M01,urban,multi_family
A004367,R12,Metro Region,R12-M02,urban,multi_family
A004368,R08,Lake Region,R08-M02,rural,single_family
A004369,R09,Urban Belt,R09-M04,urban,multi_family
A004370,R04,East District,R04-M03,mixed,single_family
A004371,R12,Metro Region,R12-M01,urban,multi_family
A004372,R01,North City,R01-M02,urban,single_family
A004373,R06,River Region,R06-M02,mixed,multi_family
A004374,R05,Central Region,R05-M02,urban,multi_family
A004375,R05,Central Region,R05-M01,urban,single_family
A004376,R06,River Region,R06-M02,mixed,single_family
A004377,R04,East District,R04-M04,mixed,multi_family
A004378,R06,River Region,R06-M04,mixed,multi_family
A004379,R09,Urban Belt,R09-M02,urban,multi_family
A004380,R09,Urban Belt,R09-M04,urban,multi_family
A004381,R06,River Region,R06-M03,mixed,single_family
A004382,R07,Mountain Region,R07-M02,rural,single_family
A004383,R10,Rural Belt,R10-M03,rural,single_family
A004384,R12,Metro Region,R12-M02,urban,multi_family
A004385,R04,East District,R04-M02,mixed,multi_family
A004386,R03,West District,R03-M04,mixed,single_family
A004387,R09,Urban Belt,R09-M04,urban,single_family
A004388,R03,West District,R03-M03,mixed,large_residential
A004389,R05,Central Region,R05-M04,urban,multi_family
A004390,R07,Mountain Region,R07-M04,rural,single_family
A004391,R12,Metro Region,R12-M01,urban,single_family
A004392,R03,West District,R03-M01,mixed,single_family
A004393,R09,Urban Belt,R09-M03,urban,multi_family
A004394,R12,Metro Region,R12-M03,urban,single_family
A004395,R09,Urban Belt,R09-M04,urban,single_family
A004396,R08,Lake Region,R08-M02,rural,multi_family
A004397,R06,River Region,R06-M01,mixed,single_family
A004398,R02,South City,R02-M03,urban,multi_family
A004399,R10,Rural Belt,R10-M03,rural,single_family
A004400,R06,River Region,R06-M01,mixed,large_residential
A004401,R02,South City,R02-M03,urban,large_residential
A004402,R08,Lake Region,R08-M02,rural,single_family
A004403,R04,East District,R04-M02,mixed,large_residential
A004404,R02,South City,R02-M04,urban,multi_family
A004405,R07,Mountain Region,R07-M03,rural,single_family
A004406,R03,West District,R03-M02,mixed,single_family
A004407,R01,North City,R01-M02,urban,multi_family
A004408,R12,Metro Region,R12-M03,urban,multi_family
A004409,R02,South City,R02-M01,urban,multi_family
A004410,R10,Rural Belt,R10-M03,rural,single_family
A004411,R12,Metro Region,R12-M04,urban,large_residential
A004412,R05,Central Region,R05-M01,urban,large_residential
A004413,R12,Metro Region,R12-M04,urban,multi_family
A004414,R07,Mountain Region,R07-M04,rural,multi_family
A004415,R04,East District,R04-M01,mixed,multi_family
A004416,R02,South City,R02-M03,urban,large_residential
A004417,R08,Lake Region,R08-M03,rural,multi_family
A004418,R08,Lake Region,R08-M02,rural,single_family
A004419,R02,South City,R02-M02,urban,multi_family
A004420,R09,Urban Belt,R09-M02,urban,multi_family
A004421,R06,River Region,R06-M02,mixed,single_family
A004422,R05,Central Region,R05-M03,urban,single_family
A004423,R09,Urban Belt,R09-M03,urban,large_residential
A004424,R03,West District,R03-M04,mixed,single_family
A004425,R07,Mountain Region,R07-M02,rural,multi_family
A004426,R08,Lake Region,R08-M01,rural,single_family
A004427,R02,South City,R02-M04,urban,multi_family
A004428,R06,River Region,R06-M01,mixed,single_family
A004429,R03,West District,R03-M03,mixed,multi_family
A004430,R12,Metro Region,R12-M03,urban,single_family
A004431,R09,Urban Belt,R09-M01,urban,large_residential
A004432,R01,North City,R01-M01,urban,single_family
A004433,R01,North City,R01-M02,urban,single_family
A004434,R09,Urban Belt,R09-M03,urban,multi_family
A004435,R05,Central Region,R05-M02,urban,large_residential
A004436,R01,North City,R01-M04,urban,multi_family
A004437,R01,North City,R01-M01,urban,multi_family
A004438,R08,Lake Region,R08-M02,rural,single_family
A004439,R09,Urban Belt,R09-M04,urban,multi_family
A004440,R04,East District,R04-M02,mixed,multi_family
A004441,R05,Central Region,R05-M04,urban,large_residential
A004442,R07,Mountain Region,R07-M01,rural,single_family
A004443,R09,Urban Belt,R09-M01,urban,multi_family
A004444,R05,Central Region,R05-M03,urban,large_residential
A004445,R12,Metro Region,R12-M04,urban,large_residential
A004446,R09,Urban Belt,R09-M04,urban,multi_family
A004447,R12,Metro Region,R12-M02,urban,multi_family
A004448,R02,South City,R02-M04,urban,multi_family
A004449,R10,Rural Belt,R10-M03,rural,single_family
A004450,R04,East District,R04-M03,mixed,multi_family
A004451,R10,Rural Belt,R10-M01,rural,multi_family
A004452,R05,Central Region,R05-M01,urban,multi_family
A004453,R02,South City,R02-M01,urban,multi_family
A004454,R09,Urban Belt,R09-M01,urban,single_family
A004455,R10,Rural Belt,R10-M03,rural,multi_family
A004456,R02,South City,R02-M01,urban,single_family
A004457,R03,West District,R03-M03,mixed,single_family
A004458,R10,Rural Belt,R10-M02,rural,single_family
A004459,R09,Urban Belt,R09-M02,urban,multi_family
A004460,R01,North City,R01-M01,urban,multi_family
A004461,R10,Rural Belt,R10-M01,rural,single_family
A004462,R12,Metro Region,R12-M04,urban,multi_family
A004463,R04,East District,R04-M02,mixed,single_family
A004464,R02,South City,R02-M04,urban,large_residential
A004465,R11,Border Region,R11-M01,mixed,single_family
A004466,R05,Central Region,R05-M03,urban,multi_family
A004467,R02,South City,R02-M01,urban,multi_family
A004468,R05,Central Region,R05-M03,urban,single_family
A004469,R09,Urban Belt,R09-M02,urban,single_family
A004470,R09,Urban Belt,R09-M03,urban,single_family
A004471,R02,South City,R02-M02,urban,single_family
A004472,R06,River Region,R06-M04,mixed,large_residential
A004473,R09,Urban Belt,R09-M02,urban,large_residential
A004474,R03,West District,R03-M02,mixed,multi_family
A004475,R09,Urban Belt,R09-M02,urban,single_family
A004476,R07,Mountain Region,R07-M01,rural,single_family
A004477,R10,Rural Belt,R10-M02,rural,multi_family
A004478,R06,River Region,R06-M04,mixed,single_family
A004479,R03,West District,R03-M01,mixed,multi_family
A004480,R09,Urban Belt,R09-M02,urban,single_family
A004481,R05,Central Region,R05-M01,urban,large_residential
A004482,R08,Lake Region,R08-M02,rural,single_family
A004483,R08,Lake Region,R08-M02,rural,single_family
A004484,R05,Central Region,R05-M04,urban,single_family
A004485,R02,South City,R02-M04,urban,single_family
A004486,R03,West District,R03-M03,mixed,multi_family
A004487,R12,Metro Region,R12-M01,urban,multi_family
A004488,R10,Rural Belt,R10-M02,rural,multi_family
A004489,R03,West District,R03-M04,mixed,multi_family
A004490,R05,Central Region,R05-M01,urban,multi_family
A004491,R05,Central Region,R05-M02,urban,multi_family
A004492,R05,Central Region,R05-M02,urban,multi_family
A004493,R02,South City,R02-M01,urban,multi_family
A004494,R07,Mountain Region,R07-M01,rural,single_family
A004495,R02,South City,R02-M03,urban,large_residential
A004496,R06,River Region,R06-M01,mixed,single_family
A004497,R10,Rural Belt,R10-M02,rural,multi_family
A004498,R03,West District,R03-M02,mixed,single_family
A004499,R01,North City,R01-M02,urban,multi_family
A004500,R03,West District,R03-M04,mixed,large_residential
A004501,R09,Urban Belt,R09-M03,urban,large_residential
A004502,R01,North City,R01-M04,urban,multi_family
A004503,R12,Metro Region,R12-M04,urban,multi_family
A004504,R02,South City,R02-M03,urban,multi_family
A004505,R01,North City,R01-M02,urban,multi_family
A004506,R10,Rural Belt,R10-M04,rural,multi_family
A004507,R08,Lake Region,R08-M04,rural,single_family
A004508,R09,Urban Belt,R09-M01,urban,multi_family
A004509,R05,Central Region,R05-M03,urban,multi_family
A004510,R09,Urban Belt,R09-M03,urban,multi_family
A004511,R06,River Region,R06-M01,mixed,multi_family
A004512,R12,Metro Region,R12-M02,urban,multi_family
A004513,R02,South City,R02-M04,urban,multi_family
A004514,R03,West District,R03-M02,mixed,single_family
A004515,R05,Central Region,R05-M03,urban,large_residential
A004516,R01,North City,R01-M04,urban,single_family
A004517,R06,River Region,R06-M03,mixed,large_residential
A004518,R12,Metro Region,R12-M01,urban,single_family
A004519,R06,River Region,R06-M01,mixed,single_family
A004520,R07,Mountain Region,R07-M04,rural,multi_family
A004521,R05,Central Region,R05-M02,urban,single_family
A004522,R09,Urban Belt,R09-M02,urban,large_residential
A004523,R10,Rural Belt,R10-M03,rural,single_family
A004524,R09,Urban Belt,R09-M01,urban,multi_family
A004525,R07,Mountain Region,R07-M03,rural,multi_family
A004526,R11,Border Region,R11-M04,mixed,single_family
A004527,R02,South City,R02-M01,urban,large_residential
A004528,R06,River Region,R06-M03,mixed,large_residential
A004529,R08,Lake Region,R08-M03,rural,single_family
A004530,R05,Central Region,R05-M04,urban,multi_family
A004531,R07,Mountain Region,R07-M01,rural,single_family
A004532,R10,Rural Belt,R10-M02,rural,multi_family
A004533,R04,East District,R04-M02,mixed,multi_family
A004534,R11,Border Region,R11-M01,mixed,single_family
A004535,R05,Central Region,R05-M04,urban,single_family
A004536,R06,River Region,R06-M01,mixed,single_family
A004537,R03,West District,R03-M01,mixed,large_residential
A004538,R02,South City,R02-M04,urban,multi_family
A004539,R09,Urban Belt,R09-M02,urban,multi_family
A004540,R07,Mountain Region,R07-M04,rural,single_family
A004541,R11,Border Region,R11-M03,mixed,single_family
A004542,R11,Border Region,R11-M02,mixed,single_family
A004543,R04,East District,R04-M01,mixed,single_family
A004544,R02,South City,R02-M04,urban,multi_family
A004545,R05,Central Region,R05-M02,urban,large_residential
A004546,R05,Central Region,R05-M03,urban,large_residential
A004547,R09,Urban Belt,R09-M01,urban,multi_family
A004548,R11,Border Region,R11-M02,mixed,multi_family
A004549,R12,Metro Region,R12-M02,urban,multi_family
A004550,R12,Metro Region,R12-M03,urban,multi_family
A004551,R08,Lake Region,R08-M03,rural,single_family
A004552,R10,Rural Belt,R10-M03,rural,single_family
A004553,R06,River Region,R06-M02,mixed,multi_family
A004554,R10,Rural Belt,R10-M02,rural,multi_family
A004555,R07,Mountain Region,R07-M03,rural,single_family
A004556,R03,West District,R03-M03,mixed,large_residential
A004557,R07,Mountain Region,R07-M02,rural,multi_family
A004558,R02,South City,R02-M01,urban,multi_family
A004559,R03,West District,R03-M04,mixed,large_residential
A004560,R01,North City,R01-M02,urban,large_residential
A004561,R06,River Region,R06-M03,mixed,multi_family
A004562,R09,Urban Belt,R09-M03,urban,single_family
A004563,R05,Central Region,R05-M03,urban,large_residential
A004564,R09,Urban Belt,R09-M03,urban,multi_family
A004565,R09,Urban Belt,R09-M01,urban,multi_family
A004566,R02,South City,R02-M01,urban,multi_family
A004567,R01,North City,R01-M01,urban,multi_family
A004568,R04,East District,R04-M02,mixed,large_residential
A004569,R05,Central Region,R05-M02,urban,multi_family
A004570,R09,Urban Belt,R09-M01,urban,multi_family
A004571,R09,Urban Belt,R09-M04,urban,multi_family
A004572,R09,Urban Belt,R09-M01,urban,multi_family
A004573,R10,Rural Belt,R10-M02,rural,multi_family
A004574,R02,South City,R02-M02,urban,multi_family
A004575,R06,River Region,R06-M01,mixed,single_family
A004576,R01,North City,R01-M01,urban,multi_family
A004577,R03,West District,R03-M04,mixed,multi_family
A004578,R06,River Region,R06-M01,mixed,single_family
A004579,R11,Border Region,R11-M01,mixed,single_family
A004580,R07,Mountain Region,R07-M04,rural,single_family
A004581,R02,South City,R02-M01,urban,multi_family
A004582,R10,Rural Belt,R10-M02,rural,single_family
A004583,R09,Urban Belt,R09-M03,urban,multi_family
A004584,R02,South City,R02-M03,urban,single_family
A004585,R12,Metro Region,R12-M01,urban,multi_family
A004586,R12,Metro Region,R12-M03,urban,large_residential
A004587,R06,River Region,R06-M04,mixed,large_residential
A004588,R03,West District,R03-M02,mixed,single_family
A004589,R01,North City,R01-M04,urban,multi_family
A004590,R02,South City,R02-M02,urban,single_family
A004591,R03,West District,R03-M03,mixed,single_family
A004592,R01,North City,R01-M02,urban,multi_family
A004593,R04,East District,R04-M03,mixed,single_family
A004594,R07,Mountain Region,R07-M02,rural,single_family
A004595,R12,Metro Region,R12-M04,urban,multi_family
A004596,R04,East District,R04-M01,mixed,single_family
A004597,R09,Urban Belt,R09-M03,urban,multi_family
A004598,R08,Lake Region,R08-M04,rural,multi_family
A004599,R07,Mountain Region,R07-M04,rural,single_family
A004600,R09,Urban Belt,R09-M03,urban,single_family
A004601,R11,Border Region,R11-M02,mixed,multi_family
A004602,R09,Urban Belt,R09-M04,urban,multi_family
A004603,R11,Border Region,R11-M01,mixed,single_family
A004604,R12,Metro Region,R12-M01,urban,multi_family
A004605,R02,South City,R02-M04,urban,multi_family
A004606,R09,Urban Belt,R09-M03,urban,multi_family
A004607,R01,North City,R01-M01,urban,multi_family
A004608,R06,River Region,R06-M02,mixed,single_family
A004609,R02,South City,R02-M04,urban,large_residential
A004610,R08,Lake Region,R08-M03,rural,single_family
A004611,R03,West District,R03-M02,mixed,multi_family
A004612,R12,Metro Region,R12-M01,urban,single_family
A004613,R12,Metro Region,R12-M03,urban,multi_family
A004614,R09,Urban Belt,R09-M01,urban,multi_family
A004615,R09,Urban Belt,R09-M03,urban,single_family
A004616,R05,Central Region,R05-M03,urban,large_residential
A004617,R09,Urban Belt,R09-M04,urban,multi_family
A004618,R12,Metro Region,R12-M04,urban,multi_family
A004619,R12,Metro Region,R12-M03,urban,single_family
A004620,R09,Urban Belt,R09-M04,urban,multi_family
A004621,R02,South City,R02-M03,urban,multi_family
A004622,R01,North City,R01-M01,urban,multi_family
A004623,R03,West District,R03-M02,mixed,multi_family
A004624,R02,South City,R02-M03,urban,multi_family
A004625,R05,Central Region,R05-M01,urban,multi_family
A004626,R04,East District,R04-M04,mixed,single_family
A004627,R09,Urban Belt,R09-M03,urban,large_residential
A004628,R03,West District,R03-M04,mixed,multi_family
A004629,R06,River Region,R06-M04,mixed,single_family
A004630,R12,Metro Region,R12-M04,urban,single_family
A004631,R07,Mountain Region,R07-M02,rural,multi_family
A004632,R11,Border Region,R11-M01,mixed,single_family
A004633,R10,Rural Belt,R10-M04,rural,single_family
A004634,R03,West District,R03-M01,mixed,single_family
A004635,R05,Central Region,R05-M02,urban,multi_family
A004636,R12,Metro Region,R12-M04,urban,large_residential
A004637,R10,Rural Belt,R10-M03,rural,multi_family
A004638,R05,Central Region,R05-M02,urban,large_residential
A004639,R06,River Region,R06-M04,mixed,multi_family
A004640,R02,South City,R02-M02,urban,multi_family
A004641,R10,Rural Belt,R10-M04,rural,multi_family
A004642,R12,Metro Region,R12-M02,urban,multi_family
A004643,R12,Metro Region,R12-M03,urban,multi_family
A004644,R05,Central Region,R05-M04,urban,large_residential
A004645,R04,East District,R04-M01,mixed,single_family
A004646,R04,East District,R04-M01,mixed,large_residential
A004647,R08,Lake Region,R08-M04,rural,single_family
A004648,R11,Border Region,R11-M04,mixed,multi_family
A004649,R11,Border Region,R11-M02,mixed,large_residential
A004650,R06,River Region,R06-M02,mixed,single_family
A004651,R08,Lake Region,R08-M03,rural,single_family
A004652,R04,East District,R04-M04,mixed,multi_family
A004653,R03,West District,R03-M01,mixed,single_family
A004654,R03,West District,R03-M02,mixed,multi_family
A004655,R05,Central Region,R05-M03,urban,single_family
A004656,R03,West District,R03-M03,mixed,single_family
A004657,R10,Rural Belt,R10-M01,rural,single_family
A004658,R01,North City,R01-M03,urban,multi_family
A004659,R09,Urban Belt,R09-M03,urban,single_family
A004660,R07,Mountain Region,R07-M04,rural,single_family
A004661,R04,East District,R04-M01,mixed,large_residential
A004662,R09,Urban Belt,R09-M04,urban,multi_family
A004663,R03,West District,R03-M04,mixed,single_family
A004664,R08,Lake Region,R08-M02,rural,single_family
A004665,R03,West District,R03-M04,mixed,multi_family
A004666,R02,South City,R02-M04,urban,large_residential
A004667,R07,Mountain Region,R07-M01,rural,multi_family
A004668,R04,East District,R04-M01,mixed,multi_family
A004669,R09,Urban Belt,R09-M02,urban,multi_family
A004670,R08,Lake Region,R08-M02,rural,single_family
A004671,R09,Urban Belt,R09-M04,urban,multi_family
A004672,R09,Urban Belt,R09-M04,urban,multi_family
A004673,R01,North City,R01-M02,urban,multi_family
A004674,R03,West District,R03-M02,mixed,multi_family
A004675,R06,River Region,R06-M01,mixed,multi_family
A004676,R09,Urban Belt,R09-M04,urban,single_family
A004677,R05,Central Region,R05-M04,urban,multi_family
A004678,R12,Metro Region,R12-M01,urban,large_residential
A004679,R12,Metro Region,R12-M02,urban,large_residential
A004680,R02,South City,R02-M03,urban,multi_family
A004681,R06,River Region,R06-M03,mixed,multi_family
A004682,R10,Rural Belt,R10-M02,rural,multi_family
A004683,R09,Urban Belt,R09-M03,urban,large_residential
A004684,R12,Metro Region,R12-M01,urban,multi_family
A004685,R02,South City,R02-M01,urban,multi_family
A004686,R11,Border Region,R11-M01,mixed,single_family
A004687,R03,West District,R03-M04,mixed,single_family
A004688,R07,Mountain Region,R07-M02,rural,multi_family
A004689,R09,Urban Belt,R09-M02,urban,multi_family
A004690,R02,South City,R02-M02,urban,multi_family
A004691,R09,Urban Belt,R09-M01,urban,multi_family
A004692,R05,Central Region,R05-M04,urban,multi_family
A004693,R12,Metro Region,R12-M03,urban,multi_family
A004694,R07,Mountain Region,R07-M03,rural,multi_family
A004695,R09,Urban Belt,R09-M03,urban,single_family
A004696,R12,Metro Region,R12-M02,urban,large_residential
A004697,R04,East District,R04-M03,mixed,multi_family
A004698,R05,Central Region,R05-M04,urban,multi_family
A004699,R04,East District,R04-M02,mixed,single_family
A004700,R04,East District,R04-M03,mixed,large_residential
A004701,R06,River Region,R06-M03,mixed,multi_family
A004702,R11,Border Region,R11-M04,mixed,single_family
A004703,R01,North City,R01-M03,urban,single_family
A004704,R05,Central Region,R05-M03,urban,multi_family
A004705,R02,South City,R02-M03,urban,multi_family
A004706,R09,Urban Belt,R09-M03,urban,multi_family
A004707,R10,Rural Belt,R10-M02,rural,single_family
A004708,R12,Metro Region,R12-M04,urban,large_residential
A004709,R07,Mountain Region,R07-M01,rural,single_family
A004710,R07,Mountain Region,R07-M04,rural,single_family
A004711,R03,West District,R03-M02,mixed,multi_family
A004712,R02,South City,R02-M01,urban,multi_family
A004713,R02,South City,R02-M04,urban,multi_family
A004714,R02,South City,R02-M03,urban,multi_family
A004715,R12,Metro Region,R12-M03,urban,multi_family
A004716,R03,West District,R03-M04,mixed,single_family
A004717,R05,Central Region,R05-M01,urban,large_residential
A004718,R10,Rural Belt,R10-M03,rural,multi_family
A004719,R09,Urban Belt,R09-M01,urban,multi_family
A004720,R09,Urban Belt,R09-M04,urban,multi_family
A004721,R09,Urban Belt,R09-M03,urban,multi_family
A004722,R05,Central Region,R05-M01,urban,single_family
A004723,R09,Urban Belt,R09-M03,urban,multi_family
A004724,R04,East District,R04-M03,mixed,single_family
A004725,R09,Urban Belt,R09-M01,urban,multi_family
A004726,R01,North City,R01-M01,urban,multi_family
A004727,R10,Rural Belt,R10-M02,rural,single_family
A004728,R11,Border Region,R11-M01,mixed,single_family
A004729,R01,North City,R01-M02,urban,multi_family
A004730,R12,Metro Region,R12-M03,urban,single_family
A004731,R11,Border Region,R11-M04,mixed,large_residential
A004732,R05,Central Region,R05-M04,urban,single_family
A004733,R05,Central Region,R05-M01,urban,multi_family
A004734,R02,South City,R02-M02,urban,large_residential
A004735,R12,Metro Region,R12-M02,urban,multi_family
A004736,R07,Mountain Region,R07-M04,rural,single_family
A004737,R03,West District,R03-M04,mixed,multi_family
A004738,R02,South City,R02-M02,urban,multi_family
A004739,R02,South City,R02-M01,urban,large_residential
A004740,R02,South City,R02-M04,urban,single_family
A004741,R02,South City,R02-M04,urban,multi_family
A004742,R03,West District,R03-M04,mixed,multi_family
A004743,R03,West District,R03-M02,mixed,single_family
A004744,R08,Lake Region,R08-M04,rural,single_family
A004745,R01,North City,R01-M03,urban,large_residential
A004746,R08,Lake Region,R08-M04,rural,single_family
A004747,R12,Metro Region,R12-M02,urban,large_residential
A004748,R10,Rural Belt,R10-M02,rural,single_family
A004749,R09,Urban Belt,R09-M02,urban,multi_family
A004750,R07,Mountain Region,R07-M01,rural,single_family
A004751,R12,Metro Region,R12-M04,urban,large_residential
A004752,R02,South City,R02-M01,urban,single_family
A004753,R09,Urban Belt,R09-M02,urban,multi_family
A004754,R09,Urban Belt,R09-M04,urban,large_residential
A004755,R04,East District,R04-M02,mixed,single_family
A004756,R09,Urban Belt,R09-M02,urban,large_residential
A004757,R02,South City,R02-M02,urban,large_residential
A004758,R02,South City,R02-M03,urban,large_residential
A004759,R12,Metro Region,R12-M01,urban,single_family
A004760,R06,River Region,R06-M03,mixed,multi_family
A004761,R02,South City,R02-M02,urban,large_residential
A004762,R10,Rural Belt,R10-M01,rural,single_family
A004763,R01,North City,R01-M01,urban,multi_family
A004764,R12,Metro Region,R12-M04,urban,single_family
A004765,R01,North City,R01-M04,urban,multi_family
A004766,R04,East District,R04-M03,mixed,single_family
A004767,R08,Lake Region,R08-M02,rural,single_family
A004768,R04,East District,R04-M03,mixed,multi_family
A004769,R10,Rural Belt,R10-M01,rural,multi_family
A004770,R04,East District,R04-M01,mixed,single_family
A004771,R02,South City,R02-M02,urban,multi_family
A004772,R01,North City,R01-M03,urban,multi_family
A004773,R02,South City,R02-M01,urban,multi_family
A004774,R12,Metro Region,R12-M03,urban,large_residential
A004775,R01,North City,R01-M04,urban,multi_family
A004776,R09,Urban Belt,R09-M03,urban,multi_family
A004777,R05,Central Region,R05-M04,urban,multi_family
A004778,R01,North City,R01-M03,urban,multi_family
A004779,R01,North City,R01-M04,urban,large_residential
A004780,R10,Rural Belt,R10-M03,rural,single_family
A004781,R01,North City,R01-M01,urban,multi_family
A004782,R11,Border Region,R11-M02,mixed,single_family
A004783,R10,Rural Belt,R10-M04,rural,single_family
A004784,R04,East District,R04-M02,mixed,multi_family
A004785,R09,Urban Belt,R09-M01,urban,multi_family
A004786,R09,Urban Belt,R09-M04,urban,multi_family
A004787,R01,North City,R01-M01,urban,single_family
A004788,R09,Urban Belt,R09-M02,urban,multi_family
A004789,R10,Rural Belt,R10-M02,rural,single_family
A004790,R08,Lake Region,R08-M04,rural,single_family
A004791,R08,Lake Region,R08-M02,rural,multi_family
A004792,R02,South City,R02-M01,urban,single_family
A004793,R05,Central Region,R05-M04,urban,multi_family
A004794,R03,West District,R03-M03,mixed,large_residential
A004795,R05,Central Region,R05-M03,urban,single_family
A004796,R01,North City,R01-M04,urban,large_residential
A004797,R08,Lake Region,R08-M01,rural,single_family
A004798,R05,Central Region,R05-M02,urban,single_family
A004799,R06,River Region,R06-M01,mixed,multi_family
A004800,R06,River Region,R06-M03,mixed,multi_family
A004801,R08,Lake Region,R08-M02,rural,single_family
A004802,R03,West District,R03-M04,mixed,multi_family
A004803,R05,Central Region,R05-M03,urban,large_residential
A004804,R02,South City,R02-M02,urban,large_residential
A004805,R03,West District,R03-M01,mixed,multi_family
A004806,R09,Urban Belt,R09-M04,urban,multi_family
A004807,R04,East District,R04-M03,mixed,multi_family
A004808,R11,Border Region,R11-M04,mixed,single_family
A004809,R06,River Region,R06-M02,mixed,large_residential
A004810,R02,South City,R02-M01,urban,multi_family
A004811,R05,Central Region,R05-M03,urban,multi_family
A004812,R09,Urban Belt,R09-M04,urban,multi_family
A004813,R11,Border Region,R11-M01,mixed,multi_family
A004814,R05,Central Region,R05-M04,urban,multi_family
A004815,R04,East District,R04-M04,mixed,single_family
A004816,R08,Lake Region,R08-M01,rural,multi_family
A004817,R12,Metro Region,R12-M04,urban,multi_family
A004818,R09,Urban Belt,R09-M01,urban,multi_family
A004819,R08,Lake Region,R08-M03,rural,single_family
A004820,R03,West District,R03-M01,mixed,single_family
A004821,R06,River Region,R06-M04,mixed,single_family
A004822,R12,Metro Region,R12-M03,urban,multi_family
A004823,R01,North City,R01-M04,urban,multi_family
A004824,R06,River Region,R06-M04,mixed,single_family
A004825,R07,Mountain Region,R07-M03,rural,single_family
A004826,R03,West District,R03-M01,mixed,multi_family
A004827,R03,West District,R03-M01,mixed,multi_family
A004828,R04,East District,R04-M01,mixed,large_residential
A004829,R05,Central Region,R05-M03,urban,multi_family
A004830,R10,Rural Belt,R10-M04,rural,multi_family
A004831,R12,Metro Region,R12-M04,urban,multi_family
A004832,R11,Border Region,R11-M04,mixed,single_family
A004833,R04,East District,R04-M04,mixed,large_residential
A004834,R09,Urban Belt,R09-M04,urban,multi_family
A004835,R10,Rural Belt,R10-M01,rural,multi_family
A004836,R12,Metro Region,R12-M03,urban,multi_family
A004837,R02,South City,R02-M03,urban,single_family
A004838,R10,Rural Belt,R10-M01,rural,single_family
A004839,R08,Lake Region,R08-M04,rural,single_family
A004840,R09,Urban Belt,R09-M01,urban,single_family
A004841,R07,Mountain Region,R07-M04,rural,multi_family
A004842,R02,South City,R02-M03,urban,multi_family
A004843,R08,Lake Region,R08-M02,rural,single_family
A004844,R12,Metro Region,R12-M04,urban,multi_family
A004845,R05,Central Region,R05-M03,urban,multi_family
A004846,R05,Central Region,R05-M03,urban,multi_family
A004847,R12,Metro Region,R12-M01,urban,multi_family
A004848,R05,Central Region,R05-M04,urban,multi_family
A004849,R03,West District,R03-M02,mixed,multi_family
A004850,R12,Metro Region,R12-M03,urban,multi_family
A004851,R09,Urban Belt,R09-M01,urban,multi_family
A004852,R01,North City,R01-M01,urban,large_residential
A004853,R08,Lake Region,R08-M01,rural,single_family
A004854,R10,Rural Belt,R10-M02,rural,single_family
A004855,R06,River Region,R06-M01,mixed,multi_family
A004856,R12,Metro Region,R12-M03,urban,large_residential
A004857,R07,Mountain Region,R07-M02,rural,single_family
A004858,R09,Urban Belt,R09-M01,urban,multi_family
A004859,R12,Metro Region,R12-M01,urban,single_family
A004860,R04,East District,R04-M01,mixed,large_residential
A004861,R10,Rural Belt,R10-M01,rural,single_family
A004862,R01,North City,R01-M02,urban,single_family
A004863,R04,East District,R04-M01,mixed,multi_family
A004864,R12,Metro Region,R12-M03,urban,large_residential
A004865,R01,North City,R01-M03,urban,multi_family
A004866,R12,Metro Region,R12-M03,urban,multi_family
A004867,R07,Mountain Region,R07-M02,rural,multi_family
A004868,R07,Mountain Region,R07-M01,rural,single_family
A004869,R07,Mountain Region,R07-M04,rural,multi_family
A004870,R06,River Region,R06-M01,mixed,multi_family
A004871,R01,North City,R01-M01,urban,multi_family
A004872,R09,Urban Belt,R09-M02,urban,large_residential
A004873,R11,Border Region,R11-M04,mixed,multi_family
A004874,R11,Border Region,R11-M03,mixed,large_residential
A004875,R04,East District,R04-M03,mixed,multi_family
A004876,R07,Mountain Region,R07-M04,rural,single_family
A004877,R09,Urban Belt,R09-M04,urban,large_residential
A004878,R10,Rural Belt,R10-M01,rural,multi_family
A004879,R12,Metro Region,R12-M04,urban,multi_family
A004880,R05,Central Region,R05-M02,urban,multi_family
A004881,R07,Mountain Region,R07-M01,rural,single_family
A004882,R02,South City,R02-M04,urban,multi_family
A004883,R03,West District,R03-M01,mixed,single_family
A004884,R02,South City,R02-M03,urban,large_residential
A004885,R05,Central Region,R05-M04,urban,single_family
A004886,R05,Central Region,R05-M04,urban,large_residential
A004887,R02,South City,R02-M04,urban,single_family
A004888,R03,West District,R03-M04,mixed,large_residential
A004889,R10,Rural Belt,R10-M04,rural,multi_family
A004890,R03,West District,R03-M04,mixed,single_family
A004891,R12,Metro Region,R12-M02,urban,multi_family
A004892,R11,Border Region,R11-M02,mixed,multi_family
A004893,R11,Border Region,R11-M04,mixed,single_family
A004894,R12,Metro Region,R12-M02,urban,large_residential
A004895,R09,Urban Belt,R09-M01,urban,multi_family
A004896,R09,Urban Belt,R09-M01,urban,large_residential
A004897,R09,Urban Belt,R09-M02,urban,multi_family
A004898,R12,Metro Region,R12-M01,urban,large_residential
A004899,R05,Central Region,R05-M04,urban,single_family
A004900,R03,West District,R03-M02,mixed,single_family
A004901,R03,West District,R03-M03,mixed,multi_family
A004902,R11,Border Region,R11-M03,mixed,single_family
A004903,R10,Rural Belt,R10-M03,rural,single_family
A004904,R07,Mountain Region,R07-M03,rural,multi_family
A004905,R11,Border Region,R11-M01,mixed,single_family
A004906,R09,Urban Belt,R09-M02,urban,single_family
A004907,R06,River Region,R06-M01,mixed,multi_family
A004908,R11,Border Region,R11-M04,mixed,single_family
A004909,R06,River Region,R06-M03,mixed,single_family
A004910,R05,Central Region,R05-M01,urban,multi_family
A004911,R07,Mountain Region,R07-M04,rural,single_family
A004912,R09,Urban Belt,R09-M04,urban,multi_family
A004913,R12,Metro Region,R12-M03,urban,single_family
A004914,R12,Metro Region,R12-M02,urban,multi_family
A004915,R09,Urban Belt,R09-M01,urban,large_residential
A004916,R05,Central Region,R05-M04,urban,single_family
A004917,R05,Central Region,R05-M01,urban,multi_family
A004918,R03,West District,R03-M01,mixed,single_family
A004919,R08,Lake Region,R08-M01,rural,single_family
A004920,R11,Border Region,R11-M01,mixed,multi_family
A004921,R04,East District,R04-M02,mixed,multi_family
A004922,R08,Lake Region,R08-M03,rural,single_family
A004923,R02,South City,R02-M04,urban,multi_family
A004924,R12,Metro Region,R12-M03,urban,single_family
A004925,R09,Urban Belt,R09-M03,urban,large_residential
A004926,R02,South City,R02-M01,urban,large_residential
A004927,R12,Metro Region,R12-M01,urban,multi_family
A004928,R04,East District,R04-M01,mixed,single_family
A004929,R03,West District,R03-M02,mixed,single_family
A004930,R04,East District,R04-M03,mixed,multi_family
A004931,R01,North City,R01-M02,urban,multi_family
A004932,R07,Mountain Region,R07-M02,rural,single_family
A004933,R01,North City,R01-M02,urban,multi_family
A004934,R03,West District,R03-M03,mixed,multi_family
A004935,R07,Mountain Region,R07-M03,rural,single_family
A004936,R02,South City,R02-M03,urban,multi_family
A004937,R08,Lake Region,R08-M04,rural,single_family
A004938,R04,East District,R04-M02,mixed,single_family
A004939,R12,Metro Region,R12-M01,urban,multi_family
A004940,R12,Metro Region,R12-M02,urban,single_family
A004941,R09,Urban Belt,R09-M04,urban,single_family
A004942,R03,West District,R03-M04,mixed,multi_family
A004943,R06,River Region,R06-M03,mixed,single_family
A004944,R08,Lake Region,R08-M02,rural,single_family
A004945,R06,River Region,R06-M04,mixed,multi_family
A004946,R09,Urban Belt,R09-M01,urban,multi_family
A004947,R05,Central Region,R05-M01,urban,multi_family
A004948,R11,Border Region,R11-M01,mixed,single_family
A004949,R06,River Region,R06-M01,mixed,single_family
A004950,R04,East District,R04-M03,mixed,single_family
A004951,R11,Border Region,R11-M03,mixed,multi_family
A004952,R02,South City,R02-M02,urban,multi_family
A004953,R01,North City,R01-M03,urban,multi_family
A004954,R12,Metro Region,R12-M04,urban,multi_family
A004955,R09,Urban Belt,R09-M03,urban,single_family
A004956,R03,West District,R03-M01,mixed,multi_family
A004957,R02,South City,R02-M02,urban,multi_family
A004958,R09,Urban Belt,R09-M01,urban,multi_family
A004959,R06,River Region,R06-M04,mixed,multi_family
A004960,R12,Metro Region,R12-M02,urban,single_family
A004961,R09,Urban Belt,R09-M04,urban,single_family
A004962,R06,River Region,R06-M03,mixed,single_family
A004963,R01,North City,R01-M03,urban,single_family
A004964,R02,South City,R02-M01,urban,single_family
A004965,R07,Mountain Region,R07-M04,rural,multi_family
A004966,R03,West District,R03-M01,mixed,multi_family
A004967,R09,Urban Belt,R09-M04,urban,single_family
A004968,R09,Urban Belt,R09-M01,urban,large_residential
A004969,R02,South City,R02-M04,urban,multi_family
A004970,R05,Central Region,R05-M04,urban,multi_family
A004971,R04,East District,R04-M01,mixed,multi_family
A004972,R10,Rural Belt,R10-M04,rural,single_family
A004973,R01,North City,R01-M01,urban,single_family
A004974,R10,Rural Belt,R10-M01,rural,single_family
A004975,R03,West District,R03-M04,mixed,multi_family
A004976,R02,South City,R02-M02,urban,multi_family
A004977,R04,East District,R04-M04,mixed,multi_family
A004978,R12,Metro Region,R12-M04,urban,multi_family
A004979,R04,East District,R04-M03,mixed,single_family
A004980,R12,Metro Region,R12-M01,urban,large_residential
A004981,R02,South City,R02-M02,urban,multi_family
A004982,R12,Metro Region,R12-M03,urban,single_family
A004983,R06,River Region,R06-M01,mixed,multi_family
A004984,R03,West District,R03-M03,mixed,single_family
A004985,R10,Rural Belt,R10-M01,rural,single_family
A004986,R05,Central Region,R05-M02,urban,multi_family
A004987,R01,North City,R01-M04,urban,multi_family
A004988,R07,Mountain Region,R07-M03,rural,multi_family
A004989,R02,South City,R02-M02,urban,multi_family
A004990,R08,Lake Region,R08-M04,rural,single_family
A004991,R08,Lake Region,R08-M01,rural,multi_family
A004992,R08,Lake Region,R08-M01,rural,single_family
A004993,R09,Urban Belt,R09-M02,urban,multi_family
A004994,R11,Border Region,R11-M02,mixed,large_residential
A004995,R09,Urban Belt,R09-M04,urban,multi_family
A004996,R01,North City,R01-M02,urban,single_family
A004997,R03,West District,R03-M04,mixed,single_family
A004998,R05,Central Region,R05-M04,urban,large_residential
A004999,R07,Mountain Region,R07-M03,rural,single_family
A005000,R04,East District,R04-M03,mixed,multi_family
A005001,R09,Urban Belt,R09-M04,urban,large_residential
A005002,R10,Rural Belt,R10-M04,rural,single_family
A005003,R08,Lake Region,R08-M04,rural,single_family
A005004,R04,East District,R04-M03,mixed,single_family
A005005,R02,South City,R02-M01,urban,multi_family
A005006,R01,North City,R01-M03,urban,multi_family
A005007,R06,River Region,R06-M03,mixed,single_family
A005008,R11,Border Region,R11-M02,mixed,single_family
A005009,R05,Central Region,R05-M04,urban,single_family
A005010,R03,West District,R03-M01,mixed,single_family
A005011,R05,Central Region,R05-M03,urban,multi_family
A005012,R03,West District,R03-M03,mixed,multi_family
A005013,R06,River Region,R06-M02,mixed,single_family
A005014,R05,Central Region,R05-M02,urban,multi_family
A005015,R11,Border Region,R11-M04,mixed,single_family
A005016,R12,Metro Region,R12-M04,urban,single_family
A005017,R08,Lake Region,R08-M01,rural,single_family
A005018,R12,Metro Region,R12-M01,urban,multi_family
A005019,R07,Mountain Region,R07-M01,rural,single_family
A005020,R01,North City,R01-M04,urban,multi_family
A005021,R05,Central Region,R05-M02,urban,large_residential
A005022,R06,River Region,R06-M01,mixed,multi_family
A005023,R09,Urban Belt,R09-M01,urban,large_residential
A005024,R01,North City,R01-M02,urban,large_residential
A005025,R05,Central Region,R05-M03,urban,multi_family
A005026,R01,North City,R01-M02,urban,single_family
A005027,R09,Urban Belt,R09-M03,urban,multi_family
A005028,R04,East District,R04-M03,mixed,single_family
A005029,R02,South City,R02-M03,urban,multi_family
A005030,R04,East District,R04-M03,mixed,multi_family
A005031,R01,North City,R01-M03,urban,large_residential
A005032,R08,Lake Region,R08-M04,rural,single_family
A005033,R04,East District,R04-M02,mixed,single_family
A005034,R01,North City,R01-M03,urban,multi_family
A005035,R07,Mountain Region,R07-M02,rural,single_family
A005036,R11,Border Region,R11-M04,mixed,multi_family
A005037,R09,Urban Belt,R09-M01,urban,multi_family
A005038,R03,West District,R03-M03,mixed,single_family
A005039,R04,East District,R04-M01,mixed,single_family
A005040,R01,North City,R01-M01,urban,multi_family
A005041,R12,Metro Region,R12-M03,urban,single_family
A005042,R01,North City,R01-M02,urban,single_family
A005043,R02,South City,R02-M02,urban,multi_family
A005044,R04,East District,R04-M03,mixed,multi_family
A005045,R10,Rural Belt,R10-M04,rural,single_family
A005046,R02,South City,R02-M02,urban,single_family
A005047,R12,Metro Region,R12-M04,urban,single_family
A005048,R12,Metro Region,R12-M04,urban,multi_family
A005049,R06,River Region,R06-M03,mixed,multi_family
A005050,R06,River Region,R06-M04,mixed,single_family
A005051,R10,Rural Belt,R10-M04,rural,single_family
A005052,R06,River Region,R06-M03,mixed,multi_family
A005053,R08,Lake Region,R08-M02,rural,multi_family
A005054,R05,Central Region,R05-M01,urban,multi_family
A005055,R12,Metro Region,R12-M01,urban,multi_family
A005056,R10,Rural Belt,R10-M03,rural,single_family
A005057,R07,Mountain Region,R07-M01,rural,single_family
A005058,R03,West District,R03-M01,mixed,single_family
A005059,R03,West District,R03-M04,mixed,multi_family
A005060,R01,North City,R01-M02,urban,multi_family
A005061,R02,South City,R02-M02,urban,multi_family
A005062,R07,Mountain Region,R07-M02,rural,single_family
A005063,R02,South City,R02-M03,urban,single_family
A005064,R03,West District,R03-M01,mixed,large_residential
A005065,R09,Urban Belt,R09-M01,urban,large_residential
A005066,R10,Rural Belt,R10-M02,rural,multi_family
A005067,R07,Mountain Region,R07-M01,rural,single_family
A005068,R03,West District,R03-M02,mixed,single_family
A005069,R11,Border Region,R11-M04,mixed,single_family
A005070,R10,Rural Belt,R10-M02,rural,single_family
A005071,R10,Rural Belt,R10-M04,rural,single_family
A005072,R04,East District,R04-M04,mixed,large_residential
A005073,R07,Mountain Region,R07-M04,rural,single_family
A005074,R10,Rural Belt,R10-M04,rural,single_family
A005075,R02,South City,R02-M02,urban,multi_family
A005076,R08,Lake Region,R08-M02,rural,multi_family
A005077,R02,South City,R02-M01,urban,single_family
A005078,R02,South City,R02-M04,urban,single_family
A005079,R05,Central Region,R05-M03,urban,multi_family
A005080,R06,River Region,R06-M03,mixed,single_family
A005081,R10,Rural Belt,R10-M03,rural,multi_family
A005082,R02,South City,R02-M02,urban,multi_family
A005083,R02,South City,R02-M01,urban,multi_family
A005084,R03,West District,R03-M02,mixed,multi_family
A005085,R09,Urban Belt,R09-M02,urban,large_residential
A005086,R09,Urban Belt,R09-M04,urban,single_family
A005087,R09,Urban Belt,R09-M02,urban,large_residential
A005088,R12,Metro Region,R12-M03,urban,multi_family
A005089,R11,Border Region,R11-M04,mixed,single_family
A005090,R06,River Region,R06-M03,mixed,multi_family
A005091,R09,Urban Belt,R09-M03,urban,multi_family
A005092,R02,South City,R02-M01,urban,multi_family
A005093,R10,Rural Belt,R10-M04,rural,multi_family
A005094,R09,Urban Belt,R09-M03,urban,single_family
A005095,R12,Metro Region,R12-M02,urban,multi_family
A005096,R03,West District,R03-M01,mixed,multi_family
A005097,R09,Urban Belt,R09-M03,urban,multi_family
A005098,R03,West District,R03-M01,mixed,multi_family
A005099,R09,Urban Belt,R09-M01,urban,large_residential
A005100,R02,South City,R02-M01,urban,large_residential
A005101,R10,Rural Belt,R10-M04,rural,multi_family
A005102,R09,Urban Belt,R09-M04,urban,large_residential
A005103,R07,Mountain Region,R07-M03,rural,single_family
A005104,R05,Central Region,R05-M03,urban,single_family
A005105,R12,Metro Region,R12-M04,urban,multi_family
A005106,R06,River Region,R06-M04,mixed,multi_family
A005107,R03,West District,R03-M02,mixed,single_family
A005108,R03,West District,R03-M01,mixed,single_family
A005109,R02,South City,R02-M04,urban,single_family
A005110,R04,East District,R04-M02,mixed,multi_family
A005111,R05,Central Region,R05-M04,urban,large_residential
A005112,R11,Border Region,R11-M03,mixed,single_family
A005113,R09,Urban Belt,R09-M03,urban,large_residential
A005114,R09,Urban Belt,R09-M04,urban,single_family
A005115,R02,South City,R02-M04,urban,multi_family
A005116,R02,South City,R02-M02,urban,multi_family
A005117,R02,South City,R02-M01,urban,multi_family
A005118,R11,Border Region,R11-M02,mixed,single_family
A005119,R02,South City,R02-M01,urban,multi_family
A005120,R09,Urban Belt,R09-M04,urban,multi_family
A005121,R02,South City,R02-M04,urban,multi_family
A005122,R07,Mountain Region,R07-M02,rural,multi_family
A005123,R02,South City,R02-M04,urban,multi_family
A005124,R09,Urban Belt,R09-M04,urban,large_residential
A005125,R09,Urban Belt,R09-M04,urban,multi_family
A005126,R01,North City,R01-M04,urban,large_residential
A005127,R09,Urban Belt,R09-M01,urban,multi_family
A005128,R06,River Region,R06-M04,mixed,multi_family
A005129,R06,River Region,R06-M03,mixed,single_family
A005130,R10,Rural Belt,R10-M01,rural,single_family
A005131,R04,East District,R04-M03,mixed,multi_family
A005132,R09,Urban Belt,R09-M03,urban,single_family
A005133,R04,East District,R04-M02,mixed,single_family
A005134,R11,Border Region,R11-M04,mixed,single_family
A005135,R10,Rural Belt,R10-M01,rural,multi_family
A005136,R03,West District,R03-M01,mixed,multi_family
A005137,R12,Metro Region,R12-M04,urban,multi_family
A005138,R08,Lake Region,R08-M03,rural,single_family
A005139,R09,Urban Belt,R09-M02,urban,multi_family
A005140,R03,West District,R03-M01,mixed,multi_family
A005141,R05,Central Region,R05-M04,urban,multi_family
A005142,R11,Border Region,R11-M02,mixed,large_residential
A005143,R02,South City,R02-M03,urban,multi_family
A005144,R10,Rural Belt,R10-M02,rural,single_family
A005145,R04,East District,R04-M03,mixed,single_family
A005146,R12,Metro Region,R12-M02,urban,multi_family
A005147,R10,Rural Belt,R10-M01,rural,single_family
A005148,R02,South City,R02-M02,urban,single_family
A005149,R10,Rural Belt,R10-M04,rural,single_family
A005150,R03,West District,R03-M02,mixed,multi_family
A005151,R08,Lake Region,R08-M02,rural,multi_family
A005152,R01,North City,R01-M04,urban,multi_family
A005153,R11,Border Region,R11-M02,mixed,single_family
A005154,R10,Rural Belt,R10-M02,rural,single_family
A005155,R11,Border Region,R11-M01,mixed,multi_family
A005156,R06,River Region,R06-M03,mixed,large_residential
A005157,R01,North City,R01-M04,urban,multi_family
A005158,R01,North City,R01-M04,urban,single_family
A005159,R09,Urban Belt,R09-M02,urban,large_residential
A005160,R08,Lake Region,R08-M03,rural,single_family
A005161,R08,Lake Region,R08-M02,rural,multi_family
A005162,R02,South City,R02-M04,urban,multi_family
A005163,R02,South City,R02-M03,urban,multi_family
A005164,R06,River Region,R06-M01,mixed,multi_family
A005165,R10,Rural Belt,R10-M02,rural,single_family
A005166,R11,Border Region,R11-M02,mixed,single_family
A005167,R07,Mountain Region,R07-M01,rural,single_family
A005168,R05,Central Region,R05-M01,urban,multi_family
A005169,R04,East District,R04-M01,mixed,multi_family
A005170,R12,Metro Region,R12-M03,urban,multi_family
A005171,R02,South City,R02-M03,urban,multi_family
A005172,R02,South City,R02-M01,urban,large_residential
A005173,R05,Central Region,R05-M04,urban,large_residential
A005174,R09,Urban Belt,R09-M02,urban,large_residential
A005175,R01,North City,R01-M04,urban,multi_family
A005176,R02,South City,R02-M04,urban,multi_family
A005177,R12,Metro Region,R12-M03,urban,large_residential
A005178,R09,Urban Belt,R09-M04,urban,multi_family
A005179,R03,West District,R03-M04,mixed,multi_family
A005180,R02,South City,R02-M01,urban,multi_family
A005181,R02,South City,R02-M03,urban,single_family
A005182,R10,Rural Belt,R10-M03,rural,single_family
A005183,R07,Mountain Region,R07-M02,rural,multi_family
A005184,R07,Mountain Region,R07-M03,rural,multi_family
A005185,R03,West District,R03-M04,mixed,single_family
A005186,R06,River Region,R06-M03,mixed,multi_family
A005187,R09,Urban Belt,R09-M03,urban,multi_family
A005188,R12,Metro Region,R12-M04,urban,multi_family
A005189,R01,North City,R01-M02,urban,multi_family
A005190,R03,West District,R03-M02,mixed,single_family
A005191,R05,Central Region,R05-M03,urban,single_family
A005192,R02,South City,R02-M03,urban,multi_family
A005193,R06,River Region,R06-M03,mixed,multi_family
A005194,R02,South City,R02-M01,urban,multi_family
A005195,R02,South City,R02-M04,urban,large_residential
A005196,R01,North City,R01-M03,urban,multi_family
A005197,R03,West District,R03-M02,mixed,single_family
A005198,R12,Metro Region,R12-M02,urban,multi_family
A005199,R04,East District,R04-M04,mixed,multi_family
A005200,R12,Metro Region,R12-M02,urban,multi_family
A005201,R01,North City,R01-M02,urban,multi_family
A005202,R02,South City,R02-M02,urban,multi_family
A005203,R10,Rural Belt,R10-M02,rural,single_family
A005204,R01,North City,R01-M02,urban,multi_family
A005205,R08,Lake Region,R08-M04,rural,single_family
A005206,R12,Metro Region,R12-M03,urban,large_residential
A005207,R09,Urban Belt,R09-M04,urban,single_family
A005208,R08,Lake Region,R08-M03,rural,single_family
A005209,R05,Central Region,R05-M03,urban,large_residential
A005210,R07,Mountain Region,R07-M01,rural,single_family
A005211,R06,River Region,R06-M02,mixed,multi_family
A005212,R02,South City,R02-M04,urban,large_residential
A005213,R09,Urban Belt,R09-M01,urban,multi_family
A005214,R03,West District,R03-M02,mixed,multi_family
A005215,R12,Metro Region,R12-M04,urban,single_family
A005216,R09,Urban Belt,R09-M02,urban,multi_family
A005217,R10,Rural Belt,R10-M03,rural,single_family
A005218,R12,Metro Region,R12-M01,urban,single_family
A005219,R12,Metro Region,R12-M01,urban,multi_family
A005220,R06,River Region,R06-M04,mixed,single_family
A005221,R07,Mountain Region,R07-M01,rural,single_family
A005222,R11,Border Region,R11-M01,mixed,large_residential
A005223,R07,Mountain Region,R07-M04,rural,multi_family
A005224,R09,Urban Belt,R09-M04,urban,multi_family
A005225,R08,Lake Region,R08-M04,rural,single_family
A005226,R03,West District,R03-M03,mixed,single_family
A005227,R01,North City,R01-M03,urban,large_residential
A005228,R12,Metro Region,R12-M03,urban,multi_family
A005229,R04,East District,R04-M04,mixed,multi_family
A005230,R04,East District,R04-M04,mixed,multi_family
A005231,R05,Central Region,R05-M02,urban,multi_family
A005232,R02,South City,R02-M02,urban,large_residential
A005233,R06,River Region,R06-M02,mixed,single_family
A005234,R12,Metro Region,R12-M02,urban,multi_family
A005235,R03,West District,R03-M02,mixed,multi_family
A005236,R07,Mountain Region,R07-M03,rural,single_family
A005237,R11,Border Region,R11-M02,mixed,single_family
A005238,R09,Urban Belt,R09-M01,urban,multi_family
A005239,R01,North City,R01-M03,urban,large_residential
A005240,R01,North City,R01-M01,urban,multi_family
A005241,R01,North City,R01-M01,urban,multi_family
A005242,R02,South City,R02-M02,urban,multi_family
A005243,R02,South City,R02-M03,urban,multi_family
A005244,R07,Mountain Region,R07-M03,rural,single_family
A005245,R06,River Region,R06-M04,mixed,multi_family
A005246,R06,River Region,R06-M04,mixed,large_residential
A005247,R11,Border Region,R11-M04,mixed,single_family
A005248,R02,South City,R02-M04,urban,multi_family
A005249,R01,North City,R01-M04,urban,large_residential
A005250,R11,Border Region,R11-M01,mixed,single_family
A005251,R03,West District,R03-M04,mixed,multi_family
A005252,R01,North City,R01-M04,urban,multi_family
A005253,R06,River Region,R06-M04,mixed,large_residential
A005254,R02,South City,R02-M04,urban,single_family
A005255,R09,Urban Belt,R09-M02,urban,single_family
A005256,R12,Metro Region,R12-M04,urban,single_family
A005257,R03,West District,R03-M04,mixed,multi_family
A005258,R09,Urban Belt,R09-M01,urban,multi_family
A005259,R12,Metro Region,R12-M04,urban,multi_family
A005260,R02,South City,R02-M01,urban,multi_family
A005261,R11,Border Region,R11-M04,mixed,single_family
A005262,R01,North City,R01-M01,urban,multi_family
A005263,R11,Border Region,R11-M01,mixed,multi_family
A005264,R09,Urban Belt,R09-M03,urban,multi_family
A005265,R06,River Region,R06-M04,mixed,single_family
A005266,R02,South City,R02-M02,urban,single_family
A005267,R02,South City,R02-M03,urban,single_family
A005268,R01,North City,R01-M03,urban,multi_family
A005269,R01,North City,R01-M04,urban,multi_family
A005270,R09,Urban Belt,R09-M03,urban,large_residential
A005271,R02,South City,R02-M01,urban,single_family
A005272,R10,Rural Belt,R10-M02,rural,multi_family
A005273,R06,River Region,R06-M01,mixed,multi_family
A005274,R10,Rural Belt,R10-M03,rural,single_family
A005275,R11,Border Region,R11-M04,mixed,multi_family
A005276,R10,Rural Belt,R10-M03,rural,multi_family
A005277,R04,East District,R04-M03,mixed,large_residential
A005278,R04,East District,R04-M01,mixed,large_residential
A005279,R03,West District,R03-M03,mixed,single_family
A005280,R02,South City,R02-M03,urban,large_residential
A005281,R05,Central Region,R05-M02,urban,multi_family
A005282,R02,South City,R02-M04,urban,large_residential
A005283,R07,Mountain Region,R07-M02,rural,single_family
A005284,R03,West District,R03-M04,mixed,multi_family
A005285,R07,Mountain Region,R07-M01,rural,single_family
A005286,R12,Metro Region,R12-M02,urban,multi_family
A005287,R05,Central Region,R05-M04,urban,single_family
A005288,R01,North City,R01-M02,urban,multi_family
A005289,R09,Urban Belt,R09-M03,urban,single_family
A005290,R12,Metro Region,R12-M01,urban,multi_family
A005291,R02,South City,R02-M01,urban,large_residential
A005292,R05,Central Region,R05-M01,urban,multi_family
A005293,R09,Urban Belt,R09-M04,urban,single_family
A005294,R02,South City,R02-M03,urban,large_residential
A005295,R11,Border Region,R11-M04,mixed,multi_family
A005296,R08,Lake Region,R08-M03,rural,single_family
A005297,R10,Rural Belt,R10-M02,rural,single_family
A005298,R10,Rural Belt,R10-M02,rural,multi_family
A005299,R05,Central Region,R05-M04,urban,multi_family
A005300,R12,Metro Region,R12-M04,urban,multi_family
A005301,R03,West District,R03-M04,mixed,single_family
A005302,R10,Rural Belt,R10-M04,rural,single_family
A005303,R10,Rural Belt,R10-M01,rural,single_family
A005304,R10,Rural Belt,R10-M02,rural,multi_family
A005305,R12,Metro Region,R12-M02,urban,multi_family
A005306,R09,Urban Belt,R09-M04,urban,large_residential
A005307,R12,Metro Region,R12-M03,urban,multi_family
A005308,R07,Mountain Region,R07-M01,rural,multi_family
A005309,R12,Metro Region,R12-M04,urban,multi_family
A005310,R08,Lake Region,R08-M03,rural,single_family
A005311,R08,Lake Region,R08-M04,rural,multi_family
A005312,R12,Metro Region,R12-M04,urban,multi_family
A005313,R12,Metro Region,R12-M03,urban,large_residential
A005314,R12,Metro Region,R12-M04,urban,multi_family
A005315,R08,Lake Region,R08-M01,rural,multi_family
A005316,R09,Urban Belt,R09-M03,urban,large_residential
A005317,R06,River Region,R06-M03,mixed,multi_family
A005318,R02,South City,R02-M04,urban,single_family
A005319,R01,North City,R01-M01,urban,large_residential
A005320,R05,Central Region,R05-M03,urban,single_family
A005321,R02,South City,R02-M04,urban,large_residential
A005322,R06,River Region,R06-M02,mixed,single_family
A005323,R01,North City,R01-M01,urban,multi_family
A005324,R07,Mountain Region,R07-M03,rural,multi_family
A005325,R10,Rural Belt,R10-M02,rural,multi_family
A005326,R05,Central Region,R05-M04,urban,multi_family
A005327,R09,Urban Belt,R09-M02,urban,multi_family
A005328,R01,North City,R01-M03,urban,large_residential
A005329,R05,Central Region,R05-M02,urban,single_family
A005330,R05,Central Region,R05-M03,urban,large_residential
A005331,R06,River Region,R06-M03,mixed,large_residential
A005332,R04,East District,R04-M03,mixed,single_family
A005333,R12,Metro Region,R12-M03,urban,multi_family
A005334,R12,Metro Region,R12-M01,urban,single_family
A005335,R09,Urban Belt,R09-M03,urban,large_residential
A005336,R07,Mountain Region,R07-M03,rural,single_family
A005337,R05,Central Region,R05-M01,urban,multi_family
A005338,R02,South City,R02-M04,urban,multi_family
A005339,R06,River Region,R06-M03,mixed,multi_family
A005340,R04,East District,R04-M01,mixed,multi_family
A005341,R01,North City,R01-M02,urban,multi_family
A005342,R02,South City,R02-M01,urban,single_family
A005343,R12,Metro Region,R12-M02,urban,single_family
A005344,R10,Rural Belt,R10-M04,rural,single_family
A005345,R04,East District,R04-M01,mixed,single_family
A005346,R06,River Region,R06-M04,mixed,single_family
A005347,R12,Metro Region,R12-M04,urban,multi_family
A005348,R05,Central Region,R05-M03,urban,large_residential
A005349,R04,East District,R04-M01,mixed,multi_family
A005350,R09,Urban Belt,R09-M03,urban,single_family
A005351,R10,Rural Belt,R10-M04,rural,single_family
A005352,R10,Rural Belt,R10-M04,rural,multi_family
A005353,R04,East District,R04-M04,mixed,single_family
A005354,R10,Rural Belt,R10-M04,rural,multi_family
A005355,R01,North City,R01-M03,urban,single_family
A005356,R06,River Region,R06-M01,mixed,multi_family
A005357,R04,East District,R04-M02,mixed,multi_family
A005358,R12,Metro Region,R12-M03,urban,multi_family
A005359,R05,Central Region,R05-M02,urban,multi_family
A005360,R11,Border Region,R11-M02,mixed,single_family
A005361,R11,Border Region,R11-M02,mixed,single_family
A005362,R11,Border Region,R11-M02,mixed,single_family
A005363,R09,Urban Belt,R09-M04,urban,large_residential
A005364,R01,North City,R01-M04,urban,single_family
A005365,R09,Urban Belt,R09-M01,urban,multi_family
A005366,R11,Border Region,R11-M04,mixed,single_family
A005367,R06,River Region,R06-M01,mixed,multi_family
A005368,R10,Rural Belt,R10-M01,rural,single_family
A005369,R05,Central Region,R05-M02,urban,large_residential
A005370,R08,Lake Region,R08-M04,rural,single_family
A005371,R04,East District,R04-M02,mixed,multi_family
A005372,R03,West District,R03-M01,mixed,multi_family
A005373,R03,West District,R03-M01,mixed,single_family
A005374,R01,North City,R01-M04,urban,single_family
A005375,R01,North City,R01-M04,urban,multi_family
A005376,R03,West District,R03-M03,mixed,single_family
A005377,R11,Border Region,R11-M04,mixed,multi_family
A005378,R09,Urban Belt,R09-M04,urban,single_family
A005379,R09,Urban Belt,R09-M03,urban,multi_family
A005380,R11,Border Region,R11-M01,mixed,large_residential
A005381,R01,North City,R01-M04,urban,multi_family
A005382,R12,Metro Region,R12-M01,urban,single_family
A005383,R06,River Region,R06-M02,mixed,single_family
A005384,R08,Lake Region,R08-M04,rural,multi_family
A005385,R03,West District,R03-M01,mixed,single_family
A005386,R06,River Region,R06-M04,mixed,multi_family
A005387,R06,River Region,R06-M03,mixed,single_family
A005388,R02,South City,R02-M01,urban,multi_family
A005389,R02,South City,R02-M04,urban,multi_family
A005390,R10,Rural Belt,R10-M01,rural,single_family
A005391,R05,Central Region,R05-M04,urban,multi_family
A005392,R10,Rural Belt,R10-M03,rural,single_family
A005393,R09,Urban Belt,R09-M04,urban,large_residential
A005394,R03,West District,R03-M04,mixed,single_family
A005395,R06,River Region,R06-M02,mixed,multi_family
A005396,R10,Rural Belt,R10-M04,rural,single_family
A005397,R05,Central Region,R05-M04,urban,single_family
A005398,R10,Rural Belt,R10-M04,rural,single_family
A005399,R05,Central Region,R05-M03,urban,multi_family
A005400,R10,Rural Belt,R10-M03,rural,single_family
A005401,R08,Lake Region,R08-M03,rural,single_family
A005402,R06,River Region,R06-M02,mixed,multi_family
A005403,R11,Border Region,R11-M03,mixed,single_family
A005404,R02,South City,R02-M01,urban,multi_family
A005405,R03,West District,R03-M01,mixed,single_family
A005406,R01,North City,R01-M01,urban,multi_family
A005407,R01,North City,R01-M02,urban,single_family
A005408,R03,West District,R03-M01,mixed,multi_family
A005409,R02,South City,R02-M03,urban,multi_family
A005410,R01,North City,R01-M02,urban,multi_family
A005411,R07,Mountain Region,R07-M01,rural,large_residential
A005412,R03,West District,R03-M03,mixed,single_family
A005413,R04,East District,R04-M01,mixed,single_family
A005414,R09,Urban Belt,R09-M01,urban,single_family
A005415,R10,Rural Belt,R10-M01,rural,single_family
A005416,R02,South City,R02-M03,urban,multi_family
A005417,R11,Border Region,R11-M01,mixed,multi_family
A005418,R01,North City,R01-M04,urban,multi_family
A005419,R07,Mountain Region,R07-M04,rural,single_family
A005420,R02,South City,R02-M02,urban,single_family
A005421,R12,Metro Region,R12-M03,urban,large_residential
A005422,R02,South City,R02-M03,urban,single_family
A005423,R11,Border Region,R11-M04,mixed,multi_family
A005424,R01,North City,R01-M02,urban,single_family
A005425,R11,Border Region,R11-M01,mixed,large_residential
A005426,R04,East District,R04-M03,mixed,large_residential
A005427,R02,South City,R02-M01,urban,multi_family
A005428,R03,West District,R03-M02,mixed,single_family
A005429,R08,Lake Region,R08-M01,rural,multi_family
A005430,R07,Mountain Region,R07-M01,rural,single_family
A005431,R09,Urban Belt,R09-M01,urban,multi_family
A005432,R10,Rural Belt,R10-M03,rural,single_family
A005433,R07,Mountain Region,R07-M04,rural,single_family
A005434,R05,Central Region,R05-M01,urban,multi_family
A005435,R04,East District,R04-M03,mixed,single_family
A005436,R05,Central Region,R05-M02,urban,single_family
A005437,R04,East District,R04-M04,mixed,multi_family
A005438,R03,West District,R03-M01,mixed,single_family
A005439,R03,West District,R03-M01,mixed,multi_family
A005440,R12,Metro Region,R12-M01,urban,single_family
A005441,R08,Lake Region,R08-M04,rural,single_family
A005442,R08,Lake Region,R08-M01,rural,single_family
A005443,R12,Metro Region,R12-M04,urban,multi_family
A005444,R06,River Region,R06-M04,mixed,multi_family
A005445,R05,Central Region,R05-M01,urban,large_residential
A005446,R12,Metro Region,R12-M01,urban,multi_family
A005447,R05,Central Region,R05-M01,urban,large_residential
A005448,R03,West District,R03-M04,mixed,single_family
A005449,R01,North City,R01-M01,urban,single_family
A005450,R02,South City,R02-M03,urban,multi_family
A005451,R09,Urban Belt,R09-M02,urban,large_residential
A005452,R04,East District,R04-M02,mixed,single_family
A005453,R08,Lake Region,R08-M04,rural,multi_family
A005454,R10,Rural Belt,R10-M01,rural,single_family
A005455,R02,South City,R02-M01,urban,multi_family
A005456,R01,North City,R01-M04,urban,single_family
A005457,R10,Rural Belt,R10-M03,rural,single_family
A005458,R02,South City,R02-M04,urban,multi_family
A005459,R05,Central Region,R05-M02,urban,large_residential
A005460,R04,East District,R04-M01,mixed,single_family
A005461,R10,Rural Belt,R10-M03,rural,single_family
A005462,R02,South City,R02-M03,urban,single_family
A005463,R03,West District,R03-M03,mixed,multi_family
A005464,R02,South City,R02-M03,urban,multi_family
A005465,R05,Central Region,R05-M02,urban,single_family
A005466,R05,Central Region,R05-M03,urban,multi_family
A005467,R04,East District,R04-M02,mixed,large_residential
A005468,R01,North City,R01-M03,urban,multi_family
A005469,R10,Rural Belt,R10-M02,rural,single_family
A005470,R09,Urban Belt,R09-M02,urban,multi_family
A005471,R01,North City,R01-M04,urban,multi_family
A005472,R01,North City,R01-M04,urban,single_family
A005473,R09,Urban Belt,R09-M03,urban,single_family
A005474,R03,West District,R03-M04,mixed,multi_family
A005475,R09,Urban Belt,R09-M04,urban,multi_family
A005476,R07,Mountain Region,R07-M01,rural,single_family
A005477,R01,North City,R01-M03,urban,multi_family
A005478,R06,River Region,R06-M04,mixed,single_family
A005479,R02,South City,R02-M03,urban,multi_family
A005480,R09,Urban Belt,R09-M04,urban,multi_family
A005481,R08,Lake Region,R08-M02,rural,single_family
A005482,R04,East District,R04-M01,mixed,multi_family
A005483,R03,West District,R03-M03,mixed,multi_family
A005484,R10,Rural Belt,R10-M04,rural,single_family
A005485,R09,Urban Belt,R09-M03,urban,multi_family
A005486,R09,Urban Belt,R09-M02,urban,single_family
A005487,R01,North City,R01-M01,urban,multi_family
A005488,R02,South City,R02-M02,urban,multi_family
A005489,R12,Metro Region,R12-M02,urban,multi_family
A005490,R01,North City,R01-M03,urban,multi_family
A005491,R05,Central Region,R05-M04,urban,multi_family
A005492,R12,Metro Region,R12-M01,urban,single_family
A005493,R02,South City,R02-M04,urban,multi_family
A005494,R04,East District,R04-M03,mixed,large_residential
A005495,R10,Rural Belt,R10-M04,rural,single_family
A005496,R02,South City,R02-M02,urban,multi_family
A005497,R08,Lake Region,R08-M04,rural,single_family
A005498,R09,Urban Belt,R09-M02,urban,large_residential
A005499,R03,West District,R03-M02,mixed,single_family
A005500,R12,Metro Region,R12-M01,urban,single_family
A005501,R09,Urban Belt,R09-M02,urban,multi_family
A005502,R02,South City,R02-M01,urban,large_residential
A005503,R08,Lake Region,R08-M04,rural,single_family
A005504,R04,East District,R04-M01,mixed,large_residential
A005505,R09,Urban Belt,R09-M04,urban,multi_family
A005506,R10,Rural Belt,R10-M01,rural,multi_family
A005507,R03,West District,R03-M01,mixed,multi_family
A005508,R05,Central Region,R05-M01,urban,multi_family
A005509,R04,East District,R04-M02,mixed,multi_family
A005510,R02,South City,R02-M03,urban,multi_family
A005511,R04,East District,R04-M02,mixed,multi_family
A005512,R09,Urban Belt,R09-M04,urban,multi_family
A005513,R05,Central Region,R05-M03,urban,large_residential
A005514,R08,Lake Region,R08-M04,rural,single_family
A005515,R10,Rural Belt,R10-M04,rural,multi_family
A005516,R12,Metro Region,R12-M02,urban,multi_family
A005517,R09,Urban Belt,R09-M01,urban,multi_family
A005518,R11,Border Region,R11-M01,mixed,single_family
A005519,R10,Rural Belt,R10-M02,rural,single_family
A005520,R12,Metro Region,R12-M04,urban,large_residential
A005521,R04,East District,R04-M02,mixed,single_family
A005522,R09,Urban Belt,R09-M02,urban,multi_family
A005523,R07,Mountain Region,R07-M04,rural,single_family
A005524,R03,West District,R03-M03,mixed,multi_family
A005525,R06,River Region,R06-M02,mixed,single_family
A005526,R07,Mountain Region,R07-M01,rural,single_family
A005527,R06,River Region,R06-M01,mixed,multi_family
A005528,R02,South City,R02-M03,urban,single_family
A005529,R09,Urban Belt,R09-M03,urban,multi_family
A005530,R02,South City,R02-M02,urban,multi_family
A005531,R08,Lake Region,R08-M02,rural,single_family
A005532,R03,West District,R03-M04,mixed,multi_family
A005533,R01,North City,R01-M01,urban,multi_family
A005534,R12,Metro Region,R12-M01,urban,single_family
A005535,R07,Mountain Region,R07-M03,rural,single_family
A005536,R06,River Region,R06-M02,mixed,multi_family
A005537,R08,Lake Region,R08-M04,rural,single_family
A005538,R02,South City,R02-M01,urban,multi_family
A005539,R07,Mountain Region,R07-M03,rural,single_family
A005540,R12,Metro Region,R12-M04,urban,single_family
A005541,R02,South City,R02-M02,urban,multi_family
A005542,R09,Urban Belt,R09-M04,urban,large_residential
A005543,R09,Urban Belt,R09-M03,urban,large_residential
A005544,R02,South City,R02-M04,urban,single_family
A005545,R01,North City,R01-M02,urban,large_residential
A005546,R06,River Region,R06-M04,mixed,single_family
A005547,R02,South City,R02-M03,urban,multi_family
A005548,R07,Mountain Region,R07-M01,rural,single_family
A005549,R02,South City,R02-M01,urban,multi_family
A005550,R11,Border Region,R11-M02,mixed,single_family
A005551,R12,Metro Region,R12-M02,urban,multi_family
A005552,R10,Rural Belt,R10-M01,rural,single_family
A005553,R09,Urban Belt,R09-M04,urban,multi_family
A005554,R02,South City,R02-M04,urban,single_family
A005555,R06,River Region,R06-M04,mixed,single_family
A005556,R09,Urban Belt,R09-M03,urban,multi_family
A005557,R09,Urban Belt,R09-M04,urban,large_residential
A005558,R12,Metro Region,R12-M01,urban,single_family
A005559,R07,Mountain Region,R07-M01,rural,single_family
A005560,R05,Central Region,R05-M03,urban,large_residential
A005561,R05,Central Region,R05-M02,urban,multi_family
A005562,R05,Central Region,R05-M04,urban,single_family
A005563,R12,Metro Region,R12-M04,urban,single_family
A005564,R05,Central Region,R05-M02,urban,multi_family
A005565,R09,Urban Belt,R09-M03,urban,multi_family
A005566,R11,Border Region,R11-M04,mixed,multi_family
A005567,R04,East District,R04-M02,mixed,single_family
A005568,R03,West District,R03-M02,mixed,single_family
A005569,R04,East District,R04-M01,mixed,multi_family
A005570,R11,Border Region,R11-M01,mixed,large_residential
A005571,R09,Urban Belt,R09-M01,urban,multi_family
A005572,R04,East District,R04-M02,mixed,single_family
A005573,R06,River Region,R06-M03,mixed,single_family
A005574,R03,West District,R03-M01,mixed,single_family
A005575,R10,Rural Belt,R10-M02,rural,large_residential
A005576,R10,Rural Belt,R10-M02,rural,single_family
A005577,R03,West District,R03-M02,mixed,multi_family
A005578,R03,West District,R03-M04,mixed,single_family
A005579,R12,Metro Region,R12-M02,urban,multi_family
A005580,R12,Metro Region,R12-M04,urban,multi_family
A005581,R05,Central Region,R05-M02,urban,multi_family
A005582,R10,Rural Belt,R10-M02,rural,multi_family
A005583,R06,River Region,R06-M04,mixed,single_family
A005584,R05,Central Region,R05-M03,urban,single_family
A005585,R06,River Region,R06-M02,mixed,multi_family
A005586,R10,Rural Belt,R10-M04,rural,single_family
A005587,R04,East District,R04-M02,mixed,large_residential
A005588,R12,Metro Region,R12-M03,urban,multi_family
A005589,R06,River Region,R06-M01,mixed,multi_family
A005590,R09,Urban Belt,R09-M02,urban,single_family
A005591,R01,North City,R01-M03,urban,multi_family
A005592,R03,West District,R03-M03,mixed,multi_family
A005593,R04,East District,R04-M04,mixed,multi_family
A005594,R01,North City,R01-M03,urban,multi_family
A005595,R07,Mountain Region,R07-M04,rural,multi_family
A005596,R12,Metro Region,R12-M04,urban,single_family
A005597,R09,Urban Belt,R09-M04,urban,multi_family
A005598,R05,Central Region,R05-M01,urban,multi_family
A005599,R02,South City,R02-M03,urban,multi_family
A005600,R03,West District,R03-M01,mixed,single_family
A005601,R11,Border Region,R11-M03,mixed,multi_family
A005602,R03,West District,R03-M03,mixed,single_family
A005603,R10,Rural Belt,R10-M04,rural,single_family
A005604,R08,Lake Region,R08-M04,rural,multi_family
A005605,R12,Metro Region,R12-M04,urban,large_residential
A005606,R01,North City,R01-M04,urban,multi_family
A005607,R08,Lake Region,R08-M03,rural,multi_family
A005608,R10,Rural Belt,R10-M01,rural,multi_family
A005609,R09,Urban Belt,R09-M04,urban,multi_family
A005610,R11,Border Region,R11-M03,mixed,multi_family
A005611,R01,North City,R01-M02,urban,large_residential
A005612,R01,North City,R01-M02,urban,single_family
A005613,R04,East District,R04-M03,mixed,multi_family
A005614,R06,River Region,R06-M03,mixed,multi_family
A005615,R09,Urban Belt,R09-M01,urban,multi_family
A005616,R12,Metro Region,R12-M04,urban,single_family
A005617,R09,Urban Belt,R09-M01,urban,multi_family
A005618,R12,Metro Region,R12-M03,urban,single_family
A005619,R06,River Region,R06-M01,mixed,single_family
A005620,R01,North City,R01-M04,urban,multi_family
A005621,R06,River Region,R06-M01,mixed,large_residential
A005622,R11,Border Region,R11-M01,mixed,multi_family
A005623,R05,Central Region,R05-M04,urban,multi_family
A005624,R03,West District,R03-M03,mixed,single_family
A005625,R05,Central Region,R05-M03,urban,single_family
A005626,R06,River Region,R06-M04,mixed,multi_family
A005627,R02,South City,R02-M01,urban,multi_family
A005628,R02,South City,R02-M01,urban,single_family
A005629,R09,Urban Belt,R09-M03,urban,multi_family
A005630,R11,Border Region,R11-M01,mixed,large_residential
A005631,R07,Mountain Region,R07-M03,rural,single_family
A005632,R09,Urban Belt,R09-M03,urban,single_family
A005633,R09,Urban Belt,R09-M02,urban,multi_family
A005634,R02,South City,R02-M03,urban,multi_family
A005635,R01,North City,R01-M03,urban,multi_family
A005636,R01,North City,R01-M04,urban,multi_family
A005637,R04,East District,R04-M04,mixed,multi_family
A005638,R07,Mountain Region,R07-M02,rural,single_family
A005639,R01,North City,R01-M04,urban,multi_family
A005640,R05,Central Region,R05-M02,urban,large_residential
A005641,R01,North City,R01-M04,urban,large_residential
A005642,R03,West District,R03-M03,mixed,multi_family
A005643,R10,Rural Belt,R10-M02,rural,single_family
A005644,R04,East District,R04-M04,mixed,single_family
A005645,R09,Urban Belt,R09-M01,urban,single_family
A005646,R05,Central Region,R05-M04,urban,single_family
A005647,R06,River Region,R06-M01,mixed,single_family
A005648,R04,East District,R04-M04,mixed,multi_family
A005649,R09,Urban Belt,R09-M01,urban,multi_family
A005650,R05,Central Region,R05-M03,urban,large_residential
A005651,R09,Urban Belt,R09-M03,urban,large_residential
A005652,R05,Central Region,R05-M03,urban,multi_family
A005653,R07,Mountain Region,R07-M03,rural,multi_family
A005654,R05,Central Region,R05-M04,urban,multi_family
A005655,R04,East District,R04-M04,mixed,multi_family
A005656,R12,Metro Region,R12-M04,urban,multi_family
A005657,R04,East District,R04-M01,mixed,multi_family
A005658,R03,West District,R03-M03,mixed,single_family
A005659,R11,Border Region,R11-M01,mixed,multi_family
A005660,R07,Mountain Region,R07-M03,rural,single_family
A005661,R05,Central Region,R05-M01,urban,large_residential
A005662,R08,Lake Region,R08-M01,rural,single_family
A005663,R06,River Region,R06-M01,mixed,single_family
A005664,R10,Rural Belt,R10-M01,rural,multi_family
A005665,R02,South City,R02-M01,urban,multi_family
A005666,R04,East District,R04-M04,mixed,multi_family
A005667,R09,Urban Belt,R09-M02,urban,large_residential
A005668,R03,West District,R03-M04,mixed,large_residential
A005669,R04,East District,R04-M04,mixed,multi_family
A005670,R02,South City,R02-M01,urban,single_family
A005671,R09,Urban Belt,R09-M03,urban,large_residential
A005672,R01,North City,R01-M02,urban,multi_family
A005673,R01,North City,R01-M03,urban,large_residential
A005674,R05,Central Region,R05-M02,urban,multi_family
A005675,R12,Metro Region,R12-M03,urban,single_family
A005676,R02,South City,R02-M01,urban,large_residential
A005677,R01,North City,R01-M02,urban,multi_family
A005678,R08,Lake Region,R08-M02,rural,single_family
A005679,R11,Border Region,R11-M01,mixed,multi_family
A005680,R02,South City,R02-M01,urban,single_family
A005681,R10,Rural Belt,R10-M04,rural,multi_family
A005682,R01,North City,R01-M01,urban,multi_family
A005683,R04,East District,R04-M01,mixed,multi_family
A005684,R01,North City,R01-M03,urban,multi_family
A005685,R12,Metro Region,R12-M02,urban,single_family
A005686,R04,East District,R04-M03,mixed,single_family
A005687,R03,West District,R03-M02,mixed,multi_family
A005688,R12,Metro Region,R12-M04,urban,large_residential
A005689,R01,North City,R01-M01,urban,multi_family
A005690,R07,Mountain Region,R07-M01,rural,multi_family
A005691,R12,Metro Region,R12-M02,urban,multi_family
A005692,R01,North City,R01-M01,urban,single_family
A005693,R06,River Region,R06-M01,mixed,single_family
A005694,R01,North City,R01-M04,urban,single_family
A005695,R12,Metro Region,R12-M01,urban,multi_family
A005696,R12,Metro Region,R12-M03,urban,large_residential
A005697,R03,West District,R03-M04,mixed,multi_family
A005698,R02,South City,R02-M02,urban,multi_family
A005699,R02,South City,R02-M01,urban,multi_family
A005700,R02,South City,R02-M04,urban,multi_family
A005701,R01,North City,R01-M04,urban,large_residential
A005702,R12,Metro Region,R12-M04,urban,multi_family
A005703,R11,Border Region,R11-M02,mixed,single_family
A005704,R12,Metro Region,R12-M01,urban,multi_family
A005705,R05,Central Region,R05-M04,urban,multi_family
A005706,R01,North City,R01-M03,urban,multi_family
A005707,R10,Rural Belt,R10-M02,rural,single_family
A005708,R06,River Region,R06-M04,mixed,large_residential
A005709,R09,Urban Belt,R09-M03,urban,single_family
A005710,R04,East District,R04-M04,mixed,multi_family
A005711,R07,Mountain Region,R07-M04,rural,multi_family
A005712,R11,Border Region,R11-M01,mixed,large_residential
A005713,R03,West District,R03-M01,mixed,large_residential
A005714,R12,Metro Region,R12-M03,urban,multi_family
A005715,R05,Central Region,R05-M04,urban,large_residential
A005716,R05,Central Region,R05-M01,urban,multi_family
A005717,R09,Urban Belt,R09-M03,urban,single_family
A005718,R12,Metro Region,R12-M01,urban,multi_family
A005719,R11,Border Region,R11-M04,mixed,single_family
A005720,R08,Lake Region,R08-M02,rural,single_family
A005721,R08,Lake Region,R08-M02,rural,multi_family
A005722,R09,Urban Belt,R09-M01,urban,multi_family
A005723,R04,East District,R04-M02,mixed,large_residential
A005724,R03,West District,R03-M04,mixed,multi_family
A005725,R07,Mountain Region,R07-M03,rural,single_family
A005726,R01,North City,R01-M02,urban,multi_family
A005727,R01,North City,R01-M02,urban,single_family
A005728,R07,Mountain Region,R07-M03,rural,single_family
A005729,R07,Mountain Region,R07-M02,rural,single_family
A005730,R10,Rural Belt,R10-M03,rural,single_family
A005731,R10,Rural Belt,R10-M04,rural,single_family
A005732,R11,Border Region,R11-M02,mixed,single_family
A005733,R01,North City,R01-M01,urban,multi_family
A005734,R12,Metro Region,R12-M03,urban,multi_family
A005735,R09,Urban Belt,R09-M04,urban,multi_family
A005736,R03,West District,R03-M04,mixed,multi_family
A005737,R02,South City,R02-M02,urban,single_family
A005738,R11,Border Region,R11-M01,mixed,large_residential
A005739,R04,East District,R04-M03,mixed,multi_family
A005740,R07,Mountain Region,R07-M01,rural,single_family
A005741,R09,Urban Belt,R09-M02,urban,large_residential
A005742,R07,Mountain Region,R07-M03,rural,single_family
A005743,R02,South City,R02-M04,urban,large_residential
A005744,R12,Metro Region,R12-M04,urban,multi_family
A005745,R12,Metro Region,R12-M01,urban,multi_family
A005746,R01,North City,R01-M01,urban,multi_family
A005747,R12,Metro Region,R12-M02,urban,multi_family
A005748,R07,Mountain Region,R07-M03,rural,multi_family
A005749,R10,Rural Belt,R10-M01,rural,multi_family
A005750,R04,East District,R04-M02,mixed,multi_family
A005751,R07,Mountain Region,R07-M01,rural,single_family
A005752,R01,North City,R01-M02,urban,large_residential
A005753,R04,East District,R04-M01,mixed,large_residential
A005754,R02,South City,R02-M04,urban,multi_family
A005755,R04,East District,R04-M04,mixed,multi_family
A005756,R08,Lake Region,R08-M04,rural,single_family
A005757,R02,South City,R02-M01,urban,large_residential
A005758,R06,River Region,R06-M03,mixed,single_family
A005759,R02,South City,R02-M04,urban,single_family
A005760,R12,Metro Region,R12-M04,urban,single_family
A005761,R06,River Region,R06-M01,mixed,single_family
A005762,R02,South City,R02-M03,urban,multi_family
A005763,R06,River Region,R06-M02,mixed,single_family
A005764,R09,Urban Belt,R09-M01,urban,multi_family
A005765,R12,Metro Region,R12-M04,urban,multi_family
A005766,R09,Urban Belt,R09-M01,urban,multi_family
A005767,R03,West District,R03-M03,mixed,single_family
A005768,R12,Metro Region,R12-M03,urban,multi_family
A005769,R02,South City,R02-M02,urban,multi_family
A005770,R05,Central Region,R05-M04,urban,multi_family
A005771,R12,Metro Region,R12-M01,urban,single_family
A005772,R02,South City,R02-M03,urban,single_family
A005773,R11,Border Region,R11-M03,mixed,single_family
A005774,R12,Metro Region,R12-M03,urban,single_family
A005775,R12,Metro Region,R12-M01,urban,single_family
A005776,R01,North City,R01-M03,urban,large_residential
A005777,R03,West District,R03-M01,mixed,multi_family
A005778,R01,North City,R01-M04,urban,multi_family
A005779,R02,South City,R02-M03,urban,multi_family
A005780,R09,Urban Belt,R09-M02,urban,large_residential
A005781,R09,Urban Belt,R09-M04,urban,multi_family
A005782,R01,North City,R01-M02,urban,multi_family
A005783,R02,South City,R02-M03,urban,multi_family
A005784,R09,Urban Belt,R09-M03,urban,multi_family
A005785,R02,South City,R02-M01,urban,multi_family
A005786,R06,River Region,R06-M01,mixed,single_family
A005787,R07,Mountain Region,R07-M02,rural,single_family
A005788,R10,Rural Belt,R10-M04,rural,single_family
A005789,R11,Border Region,R11-M04,mixed,large_residential
A005790,R09,Urban Belt,R09-M02,urban,single_family
A005791,R06,River Region,R06-M03,mixed,single_family
A005792,R08,Lake Region,R08-M03,rural,single_family
A005793,R04,East District,R04-M01,mixed,large_residential
A005794,R07,Mountain Region,R07-M02,rural,single_family
A005795,R09,Urban Belt,R09-M01,urban,large_residential
A005796,R02,South City,R02-M02,urban,multi_family
A005797,R02,South City,R02-M03,urban,single_family
A005798,R09,Urban Belt,R09-M01,urban,multi_family
A005799,R04,East District,R04-M02,mixed,multi_family
A005800,R01,North City,R01-M03,urban,multi_family
A005801,R09,Urban Belt,R09-M03,urban,multi_family
A005802,R11,Border Region,R11-M03,mixed,multi_family
A005803,R04,East District,R04-M04,mixed,single_family
A005804,R05,Central Region,R05-M04,urban,single_family
A005805,R08,Lake Region,R08-M03,rural,single_family
A005806,R10,Rural Belt,R10-M03,rural,single_family
A005807,R06,River Region,R06-M02,mixed,single_family
A005808,R10,Rural Belt,R10-M03,rural,single_family
A005809,R06,River Region,R06-M04,mixed,single_family
A005810,R07,Mountain Region,R07-M03,rural,single_family
A005811,R05,Central Region,R05-M01,urban,large_residential
A005812,R05,Central Region,R05-M02,urban,multi_family
A005813,R06,River Region,R06-M02,mixed,single_family
A005814,R05,Central Region,R05-M04,urban,multi_family
A005815,R08,Lake Region,R08-M04,rural,single_family
A005816,R11,Border Region,R11-M02,mixed,single_family
A005817,R02,South City,R02-M03,urban,multi_family
A005818,R09,Urban Belt,R09-M02,urban,large_residential
A005819,R05,Central Region,R05-M04,urban,multi_family
A005820,R06,River Region,R06-M03,mixed,single_family
A005821,R02,South City,R02-M03,urban,multi_family
A005822,R05,Central Region,R05-M01,urban,multi_family
A005823,R07,Mountain Region,R07-M04,rural,single_family
A005824,R06,River Region,R06-M03,mixed,large_residential
A005825,R04,East District,R04-M04,mixed,multi_family
A005826,R06,River Region,R06-M01,mixed,single_family
A005827,R10,Rural Belt,R10-M03,rural,single_family
A005828,R05,Central Region,R05-M02,urban,large_residential
A005829,R01,North City,R01-M04,urban,multi_family
A005830,R02,South City,R02-M02,urban,large_residential
A005831,R02,South City,R02-M02,urban,multi_family
A005832,R10,Rural Belt,R10-M03,rural,multi_family
A005833,R09,Urban Belt,R09-M03,urban,multi_family
A005834,R01,North City,R01-M02,urban,multi_family
A005835,R09,Urban Belt,R09-M01,urban,multi_family
A005836,R02,South City,R02-M03,urban,large_residential
A005837,R09,Urban Belt,R09-M01,urban,single_family
A005838,R02,South City,R02-M03,urban,multi_family
A005839,R03,West District,R03-M01,mixed,single_family
A005840,R05,Central Region,R05-M02,urban,multi_family
A005841,R04,East District,R04-M04,mixed,single_family
A005842,R06,River Region,R06-M01,mixed,single_family
A005843,R11,Border Region,R11-M02,mixed,large_residential
A005844,R02,South City,R02-M01,urban,multi_family
A005845,R01,North City,R01-M04,urban,single_family
A005846,R05,Central Region,R05-M02,urban,multi_family
A005847,R09,Urban Belt,R09-M02,urban,multi_family
A005848,R11,Border Region,R11-M03,mixed,multi_family
A005849,R08,Lake Region,R08-M02,rural,single_family
A005850,R03,West District,R03-M02,mixed,single_family
A005851,R02,South City,R02-M01,urban,large_residential
A005852,R02,South City,R02-M03,urban,multi_family
A005853,R09,Urban Belt,R09-M04,urban,single_family
A005854,R05,Central Region,R05-M03,urban,large_residential
A005855,R05,Central Region,R05-M01,urban,large_residential
A005856,R08,Lake Region,R08-M01,rural,single_family
A005857,R02,South City,R02-M01,urban,multi_family
A005858,R09,Urban Belt,R09-M04,urban,large_residential
A005859,R04,East District,R04-M03,mixed,single_family
A005860,R11,Border Region,R11-M03,mixed,single_family
A005861,R01,North City,R01-M03,urban,large_residential
A005862,R02,South City,R02-M03,urban,large_residential
A005863,R03,West District,R03-M03,mixed,multi_family
A005864,R09,Urban Belt,R09-M03,urban,multi_family
A005865,R05,Central Region,R05-M03,urban,large_residential
A005866,R05,Central Region,R05-M03,urban,multi_family
A005867,R09,Urban Belt,R09-M01,urban,multi_family
A005868,R05,Central Region,R05-M04,urban,multi_family
A005869,R07,Mountain Region,R07-M01,rural,single_family
A005870,R04,East District,R04-M02,mixed,large_residential
A005871,R04,East District,R04-M03,mixed,single_family
A005872,R10,Rural Belt,R10-M04,rural,multi_family
A005873,R09,Urban Belt,R09-M01,urban,multi_family
A005874,R10,Rural Belt,R10-M03,rural,single_family
A005875,R09,Urban Belt,R09-M03,urban,single_family
A005876,R12,Metro Region,R12-M02,urban,multi_family
A005877,R09,Urban Belt,R09-M02,urban,single_family
A005878,R02,South City,R02-M01,urban,multi_family
A005879,R02,South City,R02-M02,urban,multi_family
A005880,R02,South City,R02-M03,urban,multi_family
A005881,R10,Rural Belt,R10-M04,rural,multi_family
A005882,R04,East District,R04-M02,mixed,single_family
A005883,R05,Central Region,R05-M02,urban,large_residential
A005884,R03,West District,R03-M04,mixed,large_residential
A005885,R08,Lake Region,R08-M03,rural,single_family
A005886,R07,Mountain Region,R07-M03,rural,single_family
A005887,R12,Metro Region,R12-M02,urban,large_residential
A005888,R10,Rural Belt,R10-M01,rural,single_family
A005889,R01,North City,R01-M02,urban,large_residential
A005890,R01,North City,R01-M02,urban,single_family
A005891,R12,Metro Region,R12-M03,urban,large_residential
A005892,R02,South City,R02-M03,urban,single_family
A005893,R12,Metro Region,R12-M03,urban,multi_family
A005894,R03,West District,R03-M01,mixed,single_family
A005895,R10,Rural Belt,R10-M03,rural,single_family
A005896,R10,Rural Belt,R10-M04,rural,single_family
A005897,R06,River Region,R06-M02,mixed,multi_family
A005898,R04,East District,R04-M01,mixed,single_family
A005899,R06,River Region,R06-M03,mixed,multi_family
A005900,R07,Mountain Region,R07-M03,rural,single_family
A005901,R08,Lake Region,R08-M03,rural,single_family
A005902,R03,West District,R03-M02,mixed,single_family
A005903,R06,River Region,R06-M03,mixed,single_family
A005904,R07,Mountain Region,R07-M04,rural,multi_family
A005905,R02,South City,R02-M03,urban,large_residential
A005906,R10,Rural Belt,R10-M04,rural,single_family
A005907,R09,Urban Belt,R09-M02,urban,multi_family
A005908,R09,Urban Belt,R09-M03,urban,large_residential
A005909,R01,North City,R01-M03,urban,large_residential
A005910,R12,Metro Region,R12-M02,urban,single_family
A005911,R09,Urban Belt,R09-M01,urban,single_family
A005912,R01,North City,R01-M02,urban,multi_family
A005913,R03,West District,R03-M03,mixed,multi_family
A005914,R08,Lake Region,R08-M03,rural,single_family
A005915,R03,West District,R03-M01,mixed,multi_family
A005916,R03,West District,R03-M04,mixed,multi_family
A005917,R08,Lake Region,R08-M02,rural,multi_family
A005918,R03,West District,R03-M03,mixed,single_family
A005919,R09,Urban Belt,R09-M02,urban,multi_family
A005920,R09,Urban Belt,R09-M01,urban,large_residential
A005921,R12,Metro Region,R12-M04,urban,multi_family
A005922,R04,East District,R04-M04,mixed,multi_family
A005923,R12,Metro Region,R12-M03,urban,multi_family
A005924,R12,Metro Region,R12-M01,urban,single_family
A005925,R04,East District,R04-M03,mixed,multi_family
A005926,R04,East District,R04-M02,mixed,single_family
A005927,R02,South City,R02-M03,urban,multi_family
A005928,R08,Lake Region,R08-M04,rural,single_family
A005929,R01,North City,R01-M02,urban,multi_family
A005930,R06,River Region,R06-M02,mixed,multi_family
A005931,R05,Central Region,R05-M03,urban,multi_family
A005932,R05,Central Region,R05-M03,urban,single_family
A005933,R08,Lake Region,R08-M02,rural,single_family
A005934,R09,Urban Belt,R09-M02,urban,single_family
A005935,R06,River Region,R06-M01,mixed,multi_family
A005936,R06,River Region,R06-M03,mixed,multi_family
A005937,R05,Central Region,R05-M03,urban,multi_family
A005938,R06,River Region,R06-M04,mixed,multi_family
A005939,R12,Metro Region,R12-M03,urban,multi_family
A005940,R12,Metro Region,R12-M04,urban,large_residential
A005941,R03,West District,R03-M03,mixed,multi_family
A005942,R02,South City,R02-M03,urban,large_residential
A005943,R02,South City,R02-M04,urban,single_family
A005944,R08,Lake Region,R08-M02,rural,multi_family
A005945,R12,Metro Region,R12-M02,urban,multi_family
A005946,R06,River Region,R06-M01,mixed,multi_family
A005947,R02,South City,R02-M01,urban,multi_family
A005948,R09,Urban Belt,R09-M02,urban,multi_family
A005949,R12,Metro Region,R12-M02,urban,single_family
A005950,R05,Central Region,R05-M02,urban,large_residential
A005951,R09,Urban Belt,R09-M03,urban,single_family
A005952,R09,Urban Belt,R09-M01,urban,large_residential
A005953,R03,West District,R03-M03,mixed,multi_family
A005954,R10,Rural Belt,R10-M04,rural,multi_family
A005955,R01,North City,R01-M01,urban,single_family
A005956,R03,West District,R03-M01,mixed,multi_family
A005957,R03,West District,R03-M01,mixed,large_residential
A005958,R04,East District,R04-M03,mixed,multi_family
A005959,R05,Central Region,R05-M02,urban,large_residential
A005960,R05,Central Region,R05-M02,urban,single_family
A005961,R10,Rural Belt,R10-M02,rural,single_family
A005962,R01,North City,R01-M01,urban,large_residential
A005963,R03,West District,R03-M02,mixed,single_family
A005964,R03,West District,R03-M04,mixed,multi_family
A005965,R01,North City,R01-M03,urban,single_family
A005966,R06,River Region,R06-M04,mixed,multi_family
A005967,R10,Rural Belt,R10-M04,rural,single_family
A005968,R04,East District,R04-M04,mixed,large_residential
A005969,R12,Metro Region,R12-M01,urban,multi_family
A005970,R05,Central Region,R05-M01,urban,multi_family
A005971,R03,West District,R03-M03,mixed,multi_family
A005972,R06,River Region,R06-M04,mixed,single_family
A005973,R07,Mountain Region,R07-M02,rural,single_family
A005974,R12,Metro Region,R12-M04,urban,large_residential
A005975,R04,East District,R04-M02,mixed,multi_family
A005976,R04,East District,R04-M01,mixed,multi_family
A005977,R11,Border Region,R11-M03,mixed,multi_family
A005978,R02,South City,R02-M03,urban,multi_family
A005979,R11,Border Region,R11-M02,mixed,multi_family
A005980,R05,Central Region,R05-M04,urban,multi_family
A005981,R02,South City,R02-M01,urban,multi_family
A005982,R10,Rural Belt,R10-M02,rural,multi_family
A005983,R02,South City,R02-M01,urban,multi_family
A005984,R06,River Region,R06-M03,mixed,multi_family
A005985,R07,Mountain Region,R07-M02,rural,single_family
A005986,R01,North City,R01-M02,urban,large_residential
A005987,R08,Lake Region,R08-M03,rural,single_family
A005988,R01,North City,R01-M02,urban,multi_family
A005989,R02,South City,R02-M04,urban,single_family
A005990,R06,River Region,R06-M02,mixed,single_family
A005991,R09,Urban Belt,R09-M03,urban,multi_family
A005992,R11,Border Region,R11-M01,mixed,multi_family
A005993,R10,Rural Belt,R10-M03,rural,single_family
A005994,R07,Mountain Region,R07-M02,rural,multi_family
A005995,R07,Mountain Region,R07-M03,rural,single_family
A005996,R09,Urban Belt,R09-M03,urban,multi_family
A005997,R12,Metro Region,R12-M02,urban,single_family
A005998,R04,East District,R04-M01,mixed,single_family
A005999,R07,Mountain Region,R07-M02,rural,single_family
A006000,R10,Rural Belt,R10-M03,rural,single_family
A006001,R06,River Region,R06-M01,mixed,single_family
A006002,R01,North City,R01-M04,urban,multi_family
A006003,R03,West District,R03-M01,mixed,single_family
A006004,R03,West District,R03-M03,mixed,single_family
A006005,R09,Urban Belt,R09-M01,urban,multi_family
A006006,R09,Urban Belt,R09-M04,urban,single_family
A006007,R08,Lake Region,R08-M01,rural,single_family
A006008,R11,Border Region,R11-M04,mixed,single_family
A006009,R04,East District,R04-M03,mixed,multi_family
A006010,R09,Urban Belt,R09-M02,urban,single_family
A006011,R12,Metro Region,R12-M02,urban,multi_family
A006012,R09,Urban Belt,R09-M03,urban,multi_family
A006013,R07,Mountain Region,R07-M01,rural,multi_family
A006014,R10,Rural Belt,R10-M01,rural,single_family
A006015,R04,East District,R04-M03,mixed,large_residential
A006016,R09,Urban Belt,R09-M01,urban,multi_family
A006017,R06,River Region,R06-M04,mixed,single_family
A006018,R03,West District,R03-M04,mixed,multi_family
A006019,R07,Mountain Region,R07-M02,rural,single_family
A006020,R03,West District,R03-M01,mixed,single_family
A006021,R07,Mountain Region,R07-M03,rural,single_family
A006022,R09,Urban Belt,R09-M03,urban,large_residential
A006023,R08,Lake Region,R08-M01,rural,single_family
A006024,R05,Central Region,R05-M01,urban,multi_family
A006025,R01,North City,R01-M02,urban,large_residential
A006026,R11,Border Region,R11-M01,mixed,large_residential
A006027,R09,Urban Belt,R09-M02,urban,multi_family
A006028,R05,Central Region,R05-M04,urban,multi_family
A006029,R07,Mountain Region,R07-M02,rural,single_family
A006030,R07,Mountain Region,R07-M02,rural,multi_family
A006031,R09,Urban Belt,R09-M01,urban,large_residential
A006032,R02,South City,R02-M02,urban,single_family
A006033,R03,West District,R03-M02,mixed,single_family
A006034,R12,Metro Region,R12-M04,urban,single_family
A006035,R05,Central Region,R05-M04,urban,single_family
A006036,R09,Urban Belt,R09-M03,urban,single_family
A006037,R04,East District,R04-M02,mixed,large_residential
A006038,R09,Urban Belt,R09-M04,urban,multi_family
A006039,R02,South City,R02-M03,urban,large_residential
A006040,R01,North City,R01-M02,urban,multi_family
A006041,R06,River Region,R06-M04,mixed,single_family
A006042,R09,Urban Belt,R09-M01,urban,multi_family
A006043,R03,West District,R03-M01,mixed,single_family
A006044,R12,Metro Region,R12-M01,urban,multi_family
A006045,R01,North City,R01-M01,urban,multi_family
A006046,R09,Urban Belt,R09-M02,urban,large_residential
A006047,R12,Metro Region,R12-M01,urban,multi_family
A006048,R06,River Region,R06-M04,mixed,single_family
A006049,R02,South City,R02-M04,urban,multi_family
A006050,R09,Urban Belt,R09-M03,urban,multi_family
A006051,R08,Lake Region,R08-M04,rural,single_family
A006052,R03,West District,R03-M04,mixed,multi_family
A006053,R05,Central Region,R05-M03,urban,large_residential
A006054,R03,West District,R03-M04,mixed,multi_family
A006055,R05,Central Region,R05-M04,urban,multi_family
A006056,R02,South City,R02-M01,urban,multi_family
A006057,R09,Urban Belt,R09-M04,urban,multi_family
A006058,R10,Rural Belt,R10-M04,rural,single_family
A006059,R02,South City,R02-M04,urban,single_family
A006060,R09,Urban Belt,R09-M02,urban,multi_family
A006061,R07,Mountain Region,R07-M03,rural,single_family
A006062,R05,Central Region,R05-M01,urban,multi_family
A006063,R01,North City,R01-M01,urban,single_family
A006064,R11,Border Region,R11-M01,mixed,single_family
A006065,R01,North City,R01-M01,urban,multi_family
A006066,R01,North City,R01-M02,urban,multi_family
A006067,R07,Mountain Region,R07-M04,rural,multi_family
A006068,R05,Central Region,R05-M03,urban,single_family
A006069,R07,Mountain Region,R07-M02,rural,single_family
A006070,R12,Metro Region,R12-M01,urban,multi_family
A006071,R01,North City,R01-M02,urban,multi_family
A006072,R09,Urban Belt,R09-M01,urban,multi_family
A006073,R02,South City,R02-M02,urban,multi_family
A006074,R02,South City,R02-M03,urban,multi_family
A006075,R10,Rural Belt,R10-M01,rural,single_family
A006076,R10,Rural Belt,R10-M02,rural,multi_family
A006077,R05,Central Region,R05-M02,urban,multi_family
A006078,R07,Mountain Region,R07-M03,rural,single_family
A006079,R02,South City,R02-M02,urban,multi_family
A006080,R02,South City,R02-M03,urban,single_family
A006081,R11,Border Region,R11-M02,mixed,single_family
A006082,R05,Central Region,R05-M04,urban,multi_family
A006083,R05,Central Region,R05-M04,urban,multi_family
A006084,R06,River Region,R06-M01,mixed,large_residential
A006085,R10,Rural Belt,R10-M01,rural,multi_family
A006086,R12,Metro Region,R12-M02,urban,multi_family
A006087,R01,North City,R01-M03,urban,multi_family
A006088,R10,Rural Belt,R10-M01,rural,single_family
A006089,R12,Metro Region,R12-M04,urban,multi_family
A006090,R09,Urban Belt,R09-M02,urban,large_residential
A006091,R12,Metro Region,R12-M03,urban,single_family
A006092,R06,River Region,R06-M03,mixed,single_family
A006093,R12,Metro Region,R12-M04,urban,large_residential
A006094,R08,Lake Region,R08-M01,rural,single_family
A006095,R08,Lake Region,R08-M02,rural,single_family
A006096,R07,Mountain Region,R07-M02,rural,single_family
A006097,R07,Mountain Region,R07-M01,rural,single_family
A006098,R02,South City,R02-M04,urban,multi_family
A006099,R06,River Region,R06-M01,mixed,large_residential
A006100,R11,Border Region,R11-M01,mixed,single_family
A006101,R01,North City,R01-M04,urban,multi_family
A006102,R01,North City,R01-M03,urban,single_family
A006103,R02,South City,R02-M04,urban,single_family
A006104,R01,North City,R01-M01,urban,multi_family
A006105,R03,West District,R03-M03,mixed,multi_family
A006106,R01,North City,R01-M02,urban,multi_family
A006107,R01,North City,R01-M04,urban,multi_family
A006108,R05,Central Region,R05-M04,urban,large_residential
A006109,R01,North City,R01-M04,urban,multi_family
A006110,R05,Central Region,R05-M02,urban,multi_family
A006111,R11,Border Region,R11-M01,mixed,multi_family
A006112,R09,Urban Belt,R09-M03,urban,single_family
A006113,R12,Metro Region,R12-M03,urban,multi_family
A006114,R01,North City,R01-M03,urban,multi_family
A006115,R11,Border Region,R11-M02,mixed,single_family
A006116,R02,South City,R02-M03,urban,large_residential
A006117,R04,East District,R04-M03,mixed,multi_family
A006118,R02,South City,R02-M04,urban,multi_family
A006119,R02,South City,R02-M03,urban,multi_family
A006120,R03,West District,R03-M03,mixed,single_family
A006121,R08,Lake Region,R08-M02,rural,single_family
A006122,R06,River Region,R06-M02,mixed,single_family
A006123,R12,Metro Region,R12-M03,urban,multi_family
A006124,R02,South City,R02-M03,urban,multi_family
A006125,R05,Central Region,R05-M02,urban,single_family
A006126,R01,North City,R01-M01,urban,multi_family
A006127,R04,East District,R04-M04,mixed,multi_family
A006128,R09,Urban Belt,R09-M02,urban,multi_family
A006129,R06,River Region,R06-M01,mixed,single_family
A006130,R07,Mountain Region,R07-M02,rural,multi_family
A006131,R12,Metro Region,R12-M04,urban,multi_family
A006132,R05,Central Region,R05-M02,urban,multi_family
A006133,R01,North City,R01-M04,urban,multi_family
A006134,R11,Border Region,R11-M01,mixed,large_residential
A006135,R05,Central Region,R05-M02,urban,multi_family
A006136,R07,Mountain Region,R07-M03,rural,single_family
A006137,R09,Urban Belt,R09-M01,urban,multi_family
A006138,R10,Rural Belt,R10-M03,rural,single_family
A006139,R10,Rural Belt,R10-M04,rural,single_family
A006140,R08,Lake Region,R08-M03,rural,multi_family
A006141,R05,Central Region,R05-M03,urban,single_family
A006142,R12,Metro Region,R12-M03,urban,large_residential
A006143,R12,Metro Region,R12-M04,urban,large_residential
A006144,R09,Urban Belt,R09-M03,urban,large_residential
A006145,R02,South City,R02-M02,urban,large_residential
A006146,R09,Urban Belt,R09-M03,urban,multi_family
A006147,R07,Mountain Region,R07-M03,rural,large_residential
A006148,R04,East District,R04-M02,mixed,multi_family
A006149,R04,East District,R04-M03,mixed,single_family
A006150,R01,North City,R01-M02,urban,large_residential
A006151,R02,South City,R02-M04,urban,multi_family
A006152,R12,Metro Region,R12-M03,urban,multi_family
A006153,R04,East District,R04-M03,mixed,multi_family
A006154,R09,Urban Belt,R09-M02,urban,multi_family
A006155,R03,West District,R03-M03,mixed,single_family
A006156,R05,Central Region,R05-M03,urban,multi_family
A006157,R04,East District,R04-M04,mixed,multi_family
A006158,R11,Border Region,R11-M01,mixed,single_family
A006159,R10,Rural Belt,R10-M03,rural,single_family
A006160,R06,River Region,R06-M03,mixed,single_family
A006161,R02,South City,R02-M02,urban,multi_family
A006162,R01,North City,R01-M04,urban,multi_family
A006163,R01,North City,R01-M04,urban,large_residential
A006164,R09,Urban Belt,R09-M02,urban,multi_family
A006165,R01,North City,R01-M03,urban,multi_family
A006166,R03,West District,R03-M01,mixed,single_family
A006167,R09,Urban Belt,R09-M04,urban,multi_family
A006168,R11,Border Region,R11-M01,mixed,single_family
A006169,R04,East District,R04-M02,mixed,multi_family
A006170,R09,Urban Belt,R09-M03,urban,multi_family
A006171,R06,River Region,R06-M03,mixed,multi_family
A006172,R12,Metro Region,R12-M03,urban,large_residential
A006173,R12,Metro Region,R12-M04,urban,single_family
A006174,R02,South City,R02-M04,urban,large_residential
A006175,R01,North City,R01-M02,urban,multi_family
A006176,R06,River Region,R06-M04,mixed,single_family
A006177,R02,South City,R02-M02,urban,single_family
A006178,R08,Lake Region,R08-M04,rural,multi_family
A006179,R12,Metro Region,R12-M01,urban,large_residential
A006180,R10,Rural Belt,R10-M03,rural,large_residential
A006181,R07,Mountain Region,R07-M04,rural,large_residential
A006182,R12,Metro Region,R12-M01,urban,single_family
A006183,R12,Metro Region,R12-M02,urban,single_family
A006184,R01,North City,R01-M04,urban,multi_family
A006185,R05,Central Region,R05-M04,urban,large_residential
A006186,R07,Mountain Region,R07-M03,rural,single_family
A006187,R09,Urban Belt,R09-M04,urban,multi_family
A006188,R06,River Region,R06-M01,mixed,single_family
A006189,R10,Rural Belt,R10-M01,rural,single_family
A006190,R02,South City,R02-M01,urban,multi_family
A006191,R08,Lake Region,R08-M04,rural,single_family
A006192,R08,Lake Region,R08-M01,rural,single_family
A006193,R06,River Region,R06-M04,mixed,multi_family
A006194,R11,Border Region,R11-M04,mixed,single_family
A006195,R09,Urban Belt,R09-M02,urban,multi_family
A006196,R12,Metro Region,R12-M03,urban,multi_family
A006197,R09,Urban Belt,R09-M03,urban,multi_family
A006198,R06,River Region,R06-M01,mixed,multi_family
A006199,R02,South City,R02-M01,urban,multi_family
A006200,R07,Mountain Region,R07-M04,rural,single_family
A006201,R10,Rural Belt,R10-M01,rural,single_family
A006202,R01,North City,R01-M03,urban,multi_family
A006203,R02,South City,R02-M03,urban,multi_family
A006204,R08,Lake Region,R08-M01,rural,single_family
A006205,R09,Urban Belt,R09-M01,urban,multi_family
A006206,R12,Metro Region,R12-M02,urban,multi_family
A006207,R12,Metro Region,R12-M04,urban,large_residential
A006208,R12,Metro Region,R12-M01,urban,large_residential
A006209,R12,Metro Region,R12-M04,urban,multi_family
A006210,R02,South City,R02-M01,urban,multi_family
A006211,R02,South City,R02-M04,urban,single_family
A006212,R03,West District,R03-M03,mixed,single_family
A006213,R12,Metro Region,R12-M04,urban,multi_family
A006214,R12,Metro Region,R12-M02,urban,multi_family
A006215,R03,West District,R03-M01,mixed,multi_family
A006216,R11,Border Region,R11-M01,mixed,single_family
A006217,R12,Metro Region,R12-M01,urban,multi_family
A006218,R02,South City,R02-M04,urban,large_residential
A006219,R10,Rural Belt,R10-M04,rural,multi_family
A006220,R09,Urban Belt,R09-M01,urban,multi_family
A006221,R06,River Region,R06-M04,mixed,single_family
A006222,R02,South City,R02-M03,urban,multi_family
A006223,R09,Urban Belt,R09-M04,urban,multi_family
A006224,R09,Urban Belt,R09-M02,urban,large_residential
A006225,R02,South City,R02-M03,urban,multi_family
A006226,R09,Urban Belt,R09-M03,urban,multi_family
A006227,R09,Urban Belt,R09-M04,urban,large_residential
A006228,R11,Border Region,R11-M04,mixed,single_family
A006229,R12,Metro Region,R12-M04,urban,multi_family
A006230,R06,River Region,R06-M01,mixed,large_residential
A006231,R11,Border Region,R11-M02,mixed,multi_family
A006232,R03,West District,R03-M02,mixed,single_family
A006233,R04,East District,R04-M04,mixed,single_family
A006234,R01,North City,R01-M03,urban,multi_family
A006235,R01,North City,R01-M04,urban,multi_family
A006236,R03,West District,R03-M03,mixed,single_family
A006237,R05,Central Region,R05-M01,urban,multi_family
A006238,R06,River Region,R06-M03,mixed,single_family
A006239,R10,Rural Belt,R10-M01,rural,single_family
A006240,R11,Border Region,R11-M02,mixed,multi_family
A006241,R01,North City,R01-M03,urban,single_family
A006242,R01,North City,R01-M01,urban,multi_family
A006243,R10,Rural Belt,R10-M03,rural,single_family
A006244,R12,Metro Region,R12-M03,urban,multi_family
A006245,R02,South City,R02-M01,urban,single_family
A006246,R01,North City,R01-M04,urban,large_residential
A006247,R04,East District,R04-M02,mixed,multi_family
A006248,R10,Rural Belt,R10-M03,rural,single_family
A006249,R06,River Region,R06-M01,mixed,multi_family
A006250,R05,Central Region,R05-M03,urban,large_residential
A006251,R06,River Region,R06-M01,mixed,single_family
A006252,R06,River Region,R06-M02,mixed,large_residential
A006253,R12,Metro Region,R12-M02,urban,single_family
A006254,R03,West District,R03-M02,mixed,multi_family
A006255,R02,South City,R02-M02,urban,multi_family
A006256,R05,Central Region,R05-M02,urban,multi_family
A006257,R10,Rural Belt,R10-M02,rural,single_family
A006258,R05,Central Region,R05-M04,urban,single_family
A006259,R04,East District,R04-M04,mixed,multi_family
A006260,R02,South City,R02-M02,urban,large_residential
A006261,R09,Urban Belt,R09-M03,urban,multi_family
A006262,R10,Rural Belt,R10-M01,rural,multi_family
A006263,R09,Urban Belt,R09-M02,urban,multi_family
A006264,R01,North City,R01-M01,urban,multi_family
A006265,R01,North City,R01-M04,urban,multi_family
A006266,R09,Urban Belt,R09-M02,urban,single_family
A006267,R09,Urban Belt,R09-M01,urban,large_residential
A006268,R05,Central Region,R05-M01,urban,multi_family
A006269,R07,Mountain Region,R07-M02,rural,single_family
A006270,R01,North City,R01-M03,urban,large_residential
A006271,R12,Metro Region,R12-M03,urban,multi_family
A006272,R04,East District,R04-M04,mixed,single_family
A006273,R03,West District,R03-M01,mixed,multi_family
A006274,R10,Rural Belt,R10-M03,rural,single_family
A006275,R09,Urban Belt,R09-M02,urban,multi_family
A006276,R08,Lake Region,R08-M01,rural,large_residential
A006277,R06,River Region,R06-M01,mixed,multi_family
A006278,R05,Central Region,R05-M03,urban,multi_family
A006279,R12,Metro Region,R12-M02,urban,large_residential
A006280,R08,Lake Region,R08-M03,rural,single_family
A006281,R10,Rural Belt,R10-M04,rural,single_family
A006282,R01,North City,R01-M04,urban,single_family
A006283,R01,North City,R01-M04,urban,multi_family
A006284,R01,North City,R01-M04,urban,single_family
A006285,R05,Central Region,R05-M02,urban,multi_family
A006286,R06,River Region,R06-M04,mixed,large_residential
A006287,R07,Mountain Region,R07-M04,rural,single_family
A006288,R01,North City,R01-M01,urban,multi_family
A006289,R12,Metro Region,R12-M02,urban,large_residential
A006290,R11,Border Region,R11-M04,mixed,multi_family
A006291,R07,Mountain Region,R07-M01,rural,multi_family
A006292,R03,West District,R03-M03,mixed,multi_family
A006293,R12,Metro Region,R12-M03,urban,multi_family
A006294,R02,South City,R02-M04,urban,multi_family
A006295,R06,River Region,R06-M04,mixed,single_family
A006296,R11,Border Region,R11-M03,mixed,multi_family
A006297,R02,South City,R02-M03,urban,large_residential
A006298,R05,Central Region,R05-M04,urban,multi_family
A006299,R04,East District,R04-M02,mixed,single_family
A006300,R01,North City,R01-M02,urban,large_residential
A006301,R12,Metro Region,R12-M04,urban,multi_family
A006302,R10,Rural Belt,R10-M01,rural,multi_family
A006303,R03,West District,R03-M03,mixed,multi_family
A006304,R01,North City,R01-M04,urban,multi_family
A006305,R04,East District,R04-M03,mixed,multi_family
A006306,R11,Border Region,R11-M02,mixed,multi_family
A006307,R10,Rural Belt,R10-M03,rural,multi_family
A006308,R07,Mountain Region,R07-M04,rural,single_family
A006309,R11,Border Region,R11-M03,mixed,multi_family
A006310,R07,Mountain Region,R07-M03,rural,single_family
A006311,R12,Metro Region,R12-M01,urban,multi_family
A006312,R10,Rural Belt,R10-M01,rural,single_family
A006313,R12,Metro Region,R12-M04,urban,single_family
A006314,R09,Urban Belt,R09-M02,urban,large_residential
A006315,R12,Metro Region,R12-M03,urban,multi_family
A006316,R02,South City,R02-M01,urban,large_residential
A006317,R01,North City,R01-M02,urban,large_residential
A006318,R09,Urban Belt,R09-M04,urban,single_family
A006319,R02,South City,R02-M04,urban,multi_family
A006320,R12,Metro Region,R12-M01,urban,large_residential
A006321,R08,Lake Region,R08-M03,rural,single_family
A006322,R02,South City,R02-M02,urban,multi_family
A006323,R02,South City,R02-M03,urban,single_family
A006324,R12,Metro Region,R12-M02,urban,multi_family
A006325,R10,Rural Belt,R10-M02,rural,single_family
A006326,R09,Urban Belt,R09-M01,urban,single_family
A006327,R10,Rural Belt,R10-M01,rural,single_family
A006328,R12,Metro Region,R12-M01,urban,multi_family
A006329,R01,North City,R01-M03,urban,single_family
A006330,R01,North City,R01-M04,urban,multi_family
A006331,R03,West District,R03-M02,mixed,multi_family
A006332,R10,Rural Belt,R10-M02,rural,single_family
A006333,R06,River Region,R06-M01,mixed,multi_family
A006334,R05,Central Region,R05-M03,urban,multi_family
A006335,R02,South City,R02-M03,urban,multi_family
A006336,R05,Central Region,R05-M02,urban,single_family
A006337,R12,Metro Region,R12-M04,urban,multi_family
A006338,R12,Metro Region,R12-M03,urban,multi_family
A006339,R06,River Region,R06-M02,mixed,large_residential
A006340,R01,North City,R01-M01,urban,multi_family
A006341,R09,Urban Belt,R09-M01,urban,single_family
A006342,R06,River Region,R06-M01,mixed,single_family
A006343,R02,South City,R02-M03,urban,multi_family
A006344,R03,West District,R03-M02,mixed,multi_family
A006345,R02,South City,R02-M02,urban,large_residential
A006346,R02,South City,R02-M01,urban,multi_family
A006347,R05,Central Region,R05-M02,urban,multi_family
A006348,R12,Metro Region,R12-M04,urban,large_residential
A006349,R08,Lake Region,R08-M04,rural,single_family
A006350,R05,Central Region,R05-M04,urban,single_family
A006351,R09,Urban Belt,R09-M03,urban,large_residential
A006352,R10,Rural Belt,R10-M03,rural,multi_family
A006353,R07,Mountain Region,R07-M04,rural,single_family
A006354,R02,South City,R02-M01,urban,large_residential
A006355,R02,South City,R02-M03,urban,single_family
A006356,R08,Lake Region,R08-M02,rural,single_family
A006357,R10,Rural Belt,R10-M04,rural,large_residential
A006358,R03,West District,R03-M02,mixed,single_family
A006359,R06,River Region,R06-M02,mixed,multi_family
A006360,R08,Lake Region,R08-M01,rural,multi_family
A006361,R05,Central Region,R05-M03,urban,multi_family
A006362,R09,Urban Belt,R09-M03,urban,multi_family
A006363,R03,West District,R03-M01,mixed,multi_family
A006364,R04,East District,R04-M04,mixed,multi_family
A006365,R08,Lake Region,R08-M03,rural,single_family
A006366,R10,Rural Belt,R10-M04,rural,multi_family
A006367,R02,South City,R02-M02,urban,multi_family
A006368,R01,North City,R01-M04,urban,single_family
A006369,R08,Lake Region,R08-M04,rural,single_family
A006370,R02,South City,R02-M02,urban,single_family
A006371,R05,Central Region,R05-M02,urban,large_residential
A006372,R04,East District,R04-M02,mixed,multi_family
A006373,R11,Border Region,R11-M03,mixed,single_family
A006374,R05,Central Region,R05-M03,urban,multi_family
A006375,R06,River Region,R06-M02,mixed,multi_family
A006376,R09,Urban Belt,R09-M03,urban,multi_family
A006377,R10,Rural Belt,R10-M04,rural,multi_family
A006378,R01,North City,R01-M02,urban,multi_family
A006379,R03,West District,R03-M02,mixed,multi_family
A006380,R01,North City,R01-M02,urban,multi_family
A006381,R06,River Region,R06-M03,mixed,multi_family
A006382,R10,Rural Belt,R10-M01,rural,single_family
A006383,R01,North City,R01-M01,urban,single_family
A006384,R05,Central Region,R05-M03,urban,multi_family
A006385,R09,Urban Belt,R09-M04,urban,multi_family
A006386,R07,Mountain Region,R07-M03,rural,single_family
A006387,R04,East District,R04-M03,mixed,single_family
A006388,R09,Urban Belt,R09-M02,urban,large_residential
A006389,R11,Border Region,R11-M03,mixed,large_residential
A006390,R01,North City,R01-M04,urban,single_family
A006391,R10,Rural Belt,R10-M02,rural,multi_family
A006392,R09,Urban Belt,R09-M01,urban,single_family
A006393,R12,Metro Region,R12-M02,urban,single_family
A006394,R05,Central Region,R05-M02,urban,single_family
A006395,R02,South City,R02-M02,urban,large_residential
A006396,R01,North City,R01-M04,urban,multi_family
A006397,R12,Metro Region,R12-M04,urban,multi_family
A006398,R01,North City,R01-M02,urban,multi_family
A006399,R12,Metro Region,R12-M04,urban,single_family
A006400,R02,South City,R02-M02,urban,multi_family
A006401,R05,Central Region,R05-M01,urban,multi_family
A006402,R05,Central Region,R05-M01,urban,multi_family
A006403,R01,North City,R01-M03,urban,large_residential
A006404,R12,Metro Region,R12-M01,urban,multi_family
A006405,R02,South City,R02-M02,urban,multi_family
A006406,R11,Border Region,R11-M01,mixed,multi_family
A006407,R12,Metro Region,R12-M02,urban,multi_family
A006408,R03,West District,R03-M04,mixed,single_family
A006409,R06,River Region,R06-M02,mixed,large_residential
A006410,R07,Mountain Region,R07-M04,rural,single_family
A006411,R11,Border Region,R11-M02,mixed,multi_family
A006412,R01,North City,R01-M03,urban,multi_family
A006413,R12,Metro Region,R12-M03,urban,multi_family
A006414,R05,Central Region,R05-M04,urban,multi_family
A006415,R03,West District,R03-M03,mixed,multi_family
A006416,R12,Metro Region,R12-M04,urban,multi_family
A006417,R02,South City,R02-M03,urban,single_family
A006418,R08,Lake Region,R08-M03,rural,single_family
A006419,R10,Rural Belt,R10-M04,rural,single_family
A006420,R04,East District,R04-M02,mixed,multi_family
A006421,R04,East District,R04-M01,mixed,single_family
A006422,R05,Central Region,R05-M03,urban,multi_family
A006423,R03,West District,R03-M03,mixed,large_residential
A006424,R03,West District,R03-M03,mixed,multi_family
A006425,R05,Central Region,R05-M04,urban,large_residential
A006426,R09,Urban Belt,R09-M03,urban,multi_family
A006427,R09,Urban Belt,R09-M03,urban,single_family
A006428,R03,West District,R03-M02,mixed,single_family
A006429,R05,Central Region,R05-M03,urban,single_family
A006430,R08,Lake Region,R08-M03,rural,multi_family
A006431,R05,Central Region,R05-M03,urban,single_family
A006432,R12,Metro Region,R12-M03,urban,multi_family
A006433,R11,Border Region,R11-M01,mixed,single_family
A006434,R10,Rural Belt,R10-M04,rural,single_family
A006435,R02,South City,R02-M01,urban,multi_family
A006436,R01,North City,R01-M03,urban,single_family
A006437,R09,Urban Belt,R09-M04,urban,multi_family
A006438,R09,Urban Belt,R09-M01,urban,large_residential
A006439,R03,West District,R03-M04,mixed,large_residential
A006440,R08,Lake Region,R08-M01,rural,single_family
A006441,R01,North City,R01-M03,urban,multi_family
A006442,R05,Central Region,R05-M03,urban,multi_family
A006443,R05,Central Region,R05-M01,urban,multi_family
A006444,R05,Central Region,R05-M02,urban,multi_family
A006445,R09,Urban Belt,R09-M01,urban,single_family
A006446,R01,North City,R01-M01,urban,multi_family
A006447,R09,Urban Belt,R09-M02,urban,large_residential
A006448,R01,North City,R01-M01,urban,multi_family
A006449,R03,West District,R03-M01,mixed,multi_family
A006450,R03,West District,R03-M04,mixed,multi_family
A006451,R12,Metro Region,R12-M04,urban,multi_family
A006452,R01,North City,R01-M04,urban,single_family
A006453,R03,West District,R03-M02,mixed,single_family
A006454,R09,Urban Belt,R09-M03,urban,multi_family
A006455,R05,Central Region,R05-M01,urban,large_residential
A006456,R09,Urban Belt,R09-M01,urban,single_family
A006457,R02,South City,R02-M02,urban,multi_family
A006458,R04,East District,R04-M02,mixed,single_family
A006459,R02,South City,R02-M01,urban,multi_family
A006460,R02,South City,R02-M01,urban,multi_family
A006461,R06,River Region,R06-M02,mixed,multi_family
A006462,R05,Central Region,R05-M02,urban,multi_family
A006463,R04,East District,R04-M03,mixed,single_family
A006464,R09,Urban Belt,R09-M01,urban,single_family
A006465,R12,Metro Region,R12-M04,urban,single_family
A006466,R04,East District,R04-M02,mixed,single_family
A006467,R04,East District,R04-M04,mixed,multi_family
A006468,R04,East District,R04-M03,mixed,multi_family
A006469,R08,Lake Region,R08-M01,rural,single_family
A006470,R06,River Region,R06-M04,mixed,single_family
A006471,R10,Rural Belt,R10-M04,rural,multi_family
A006472,R06,River Region,R06-M02,mixed,large_residential
A006473,R10,Rural Belt,R10-M01,rural,multi_family
A006474,R09,Urban Belt,R09-M01,urban,single_family
A006475,R06,River Region,R06-M03,mixed,multi_family
A006476,R05,Central Region,R05-M01,urban,multi_family
A006477,R01,North City,R01-M02,urban,multi_family
A006478,R11,Border Region,R11-M03,mixed,single_family
A006479,R03,West District,R03-M02,mixed,single_family
A006480,R04,East District,R04-M03,mixed,single_family
A006481,R05,Central Region,R05-M03,urban,multi_family
A006482,R05,Central Region,R05-M01,urban,large_residential
A006483,R01,North City,R01-M04,urban,single_family
A006484,R03,West District,R03-M01,mixed,single_family
A006485,R12,Metro Region,R12-M03,urban,single_family
A006486,R04,East District,R04-M03,mixed,single_family
A006487,R09,Urban Belt,R09-M04,urban,single_family
A006488,R07,Mountain Region,R07-M04,rural,single_family
A006489,R10,Rural Belt,R10-M03,rural,single_family
A006490,R04,East District,R04-M04,mixed,multi_family
A006491,R08,Lake Region,R08-M02,rural,multi_family
A006492,R08,Lake Region,R08-M04,rural,multi_family
A006493,R11,Border Region,R11-M01,mixed,single_family
A006494,R06,River Region,R06-M03,mixed,multi_family
A006495,R05,Central Region,R05-M01,urban,multi_family
A006496,R11,Border Region,R11-M02,mixed,single_family
A006497,R04,East District,R04-M02,mixed,single_family
A006498,R12,Metro Region,R12-M02,urban,multi_family
A006499,R05,Central Region,R05-M01,urban,multi_family
A006500,R12,Metro Region,R12-M02,urban,multi_family
A006501,R11,Border Region,R11-M01,mixed,multi_family
A006502,R01,North City,R01-M03,urban,multi_family
A006503,R01,North City,R01-M02,urban,multi_family
A006504,R06,River Region,R06-M03,mixed,multi_family
A006505,R02,South City,R02-M01,urban,multi_family
A006506,R02,South City,R02-M02,urban,multi_family
A006507,R09,Urban Belt,R09-M01,urban,single_family
A006508,R06,River Region,R06-M01,mixed,multi_family
A006509,R02,South City,R02-M02,urban,multi_family
A006510,R05,Central Region,R05-M02,urban,multi_family
A006511,R09,Urban Belt,R09-M03,urban,large_residential
A006512,R09,Urban Belt,R09-M01,urban,large_residential
A006513,R09,Urban Belt,R09-M03,urban,single_family
A006514,R07,Mountain Region,R07-M02,rural,multi_family
A006515,R09,Urban Belt,R09-M01,urban,multi_family
A006516,R01,North City,R01-M04,urban,multi_family
A006517,R10,Rural Belt,R10-M01,rural,single_family
A006518,R12,Metro Region,R12-M02,urban,multi_family
A006519,R12,Metro Region,R12-M02,urban,large_residential
A006520,R12,Metro Region,R12-M01,urban,multi_family
A006521,R12,Metro Region,R12-M03,urban,large_residential
A006522,R05,Central Region,R05-M04,urban,multi_family
A006523,R06,River Region,R06-M02,mixed,single_family
A006524,R03,West District,R03-M01,mixed,multi_family
A006525,R06,River Region,R06-M04,mixed,single_family
A006526,R07,Mountain Region,R07-M04,rural,single_family
A006527,R05,Central Region,R05-M01,urban,single_family
A006528,R02,South City,R02-M03,urban,multi_family
A006529,R12,Metro Region,R12-M04,urban,multi_family
A006530,R06,River Region,R06-M04,mixed,single_family
A006531,R11,Border Region,R11-M02,mixed,multi_family
A006532,R08,Lake Region,R08-M01,rural,single_family
A006533,R01,North City,R01-M02,urban,single_family
A006534,R12,Metro Region,R12-M03,urban,multi_family
A006535,R10,Rural Belt,R10-M03,rural,single_family
A006536,R11,Border Region,R11-M02,mixed,single_family
A006537,R07,Mountain Region,R07-M01,rural,single_family
A006538,R06,River Region,R06-M01,mixed,single_family
A006539,R06,River Region,R06-M01,mixed,large_residential
A006540,R06,River Region,R06-M03,mixed,multi_family
A006541,R12,Metro Region,R12-M02,urban,multi_family
A006542,R02,South City,R02-M03,urban,large_residential
A006543,R05,Central Region,R05-M01,urban,large_residential
A006544,R06,River Region,R06-M02,mixed,multi_family
A006545,R10,Rural Belt,R10-M04,rural,single_family
A006546,R07,Mountain Region,R07-M03,rural,multi_family
A006547,R09,Urban Belt,R09-M03,urban,multi_family
A006548,R01,North City,R01-M01,urban,multi_family
A006549,R06,River Region,R06-M02,mixed,multi_family
A006550,R09,Urban Belt,R09-M04,urban,multi_family
A006551,R07,Mountain Region,R07-M02,rural,single_family
A006552,R11,Border Region,R11-M02,mixed,single_family
A006553,R09,Urban Belt,R09-M02,urban,single_family
A006554,R02,South City,R02-M01,urban,multi_family
A006555,R01,North City,R01-M04,urban,multi_family
A006556,R07,Mountain Region,R07-M01,rural,single_family
A006557,R06,River Region,R06-M01,mixed,multi_family
A006558,R09,Urban Belt,R09-M02,urban,multi_family
A006559,R02,South City,R02-M02,urban,multi_family
A006560,R03,West District,R03-M04,mixed,single_family
A006561,R07,Mountain Region,R07-M01,rural,single_family
A006562,R12,Metro Region,R12-M03,urban,single_family
A006563,R02,South City,R02-M01,urban,single_family
A006564,R12,Metro Region,R12-M04,urban,single_family
A006565,R03,West District,R03-M01,mixed,large_residential
A006566,R04,East District,R04-M01,mixed,multi_family
A006567,R02,South City,R02-M04,urban,large_residential
A006568,R09,Urban Belt,R09-M01,urban,large_residential
A006569,R03,West District,R03-M01,mixed,multi_family
A006570,R05,Central Region,R05-M02,urban,single_family
A006571,R02,South City,R02-M01,urban,multi_family
A006572,R06,River Region,R06-M01,mixed,large_residential
A006573,R12,Metro Region,R12-M04,urban,multi_family
A006574,R07,Mountain Region,R07-M03,rural,single_family
A006575,R03,West District,R03-M03,mixed,multi_family
A006576,R09,Urban Belt,R09-M04,urban,single_family
A006577,R05,Central Region,R05-M02,urban,multi_family
A006578,R10,Rural Belt,R10-M02,rural,single_family
A006579,R12,Metro Region,R12-M04,urban,multi_family
A006580,R02,South City,R02-M01,urban,multi_family
A006581,R08,Lake Region,R08-M02,rural,single_family
A006582,R09,Urban Belt,R09-M03,urban,multi_family
A006583,R02,South City,R02-M02,urban,multi_family
A006584,R12,Metro Region,R12-M02,urban,multi_family
A006585,R02,South City,R02-M04,urban,large_residential
A006586,R01,North City,R01-M03,urban,multi_family
A006587,R08,Lake Region,R08-M02,rural,single_family
A006588,R02,South City,R02-M04,urban,single_family
A006589,R01,North City,R01-M01,urban,multi_family
A006590,R01,North City,R01-M01,urban,multi_family
A006591,R07,Mountain Region,R07-M02,rural,single_family
A006592,R12,Metro Region,R12-M01,urban,single_family
A006593,R08,Lake Region,R08-M01,rural,single_family
A006594,R02,South City,R02-M04,urban,multi_family
A006595,R05,Central Region,R05-M01,urban,multi_family
A006596,R09,Urban Belt,R09-M02,urban,multi_family
A006597,R06,River Region,R06-M01,mixed,large_residential
A006598,R07,Mountain Region,R07-M01,rural,single_family
A006599,R01,North City,R01-M04,urban,single_family
A006600,R02,South City,R02-M03,urban,large_residential
A006601,R01,North City,R01-M02,urban,multi_family
A006602,R02,South City,R02-M03,urban,multi_family
A006603,R06,River Region,R06-M04,mixed,single_family
A006604,R09,Urban Belt,R09-M02,urban,multi_family
A006605,R10,Rural Belt,R10-M02,rural,multi_family
A006606,R01,North City,R01-M04,urban,single_family
A006607,R04,East District,R04-M01,mixed,large_residential
A006608,R12,Metro Region,R12-M03,urban,multi_family
A006609,R10,Rural Belt,R10-M04,rural,single_family
A006610,R07,Mountain Region,R07-M03,rural,single_family
A006611,R11,Border Region,R11-M04,mixed,single_family
A006612,R03,West District,R03-M01,mixed,single_family
A006613,R07,Mountain Region,R07-M01,rural,single_family
A006614,R09,Urban Belt,R09-M04,urban,single_family
A006615,R12,Metro Region,R12-M04,urban,single_family
A006616,R03,West District,R03-M01,mixed,single_family
A006617,R10,Rural Belt,R10-M01,rural,single_family
A006618,R04,East District,R04-M03,mixed,multi_family
A006619,R03,West District,R03-M04,mixed,single_family
A006620,R07,Mountain Region,R07-M01,rural,single_family
A006621,R11,Border Region,R11-M03,mixed,multi_family
A006622,R06,River Region,R06-M02,mixed,large_residential
A006623,R03,West District,R03-M04,mixed,multi_family
A006624,R08,Lake Region,R08-M01,rural,single_family
A006625,R06,River Region,R06-M02,mixed,multi_family
A006626,R09,Urban Belt,R09-M04,urban,single_family
A006627,R10,Rural Belt,R10-M01,rural,single_family
A006628,R09,Urban Belt,R09-M03,urban,single_family
A006629,R12,Metro Region,R12-M04,urban,single_family
A006630,R03,West District,R03-M02,mixed,single_family
A006631,R11,Border Region,R11-M04,mixed,multi_family
A006632,R01,North City,R01-M03,urban,multi_family
A006633,R12,Metro Region,R12-M01,urban,multi_family
A006634,R10,Rural Belt,R10-M01,rural,single_family
A006635,R10,Rural Belt,R10-M02,rural,single_family
A006636,R05,Central Region,R05-M04,urban,large_residential
A006637,R04,East District,R04-M03,mixed,multi_family
A006638,R09,Urban Belt,R09-M04,urban,large_residential
A006639,R01,North City,R01-M02,urban,multi_family
A006640,R12,Metro Region,R12-M04,urban,multi_family
A006641,R09,Urban Belt,R09-M01,urban,multi_family
A006642,R12,Metro Region,R12-M01,urban,multi_family
A006643,R12,Metro Region,R12-M04,urban,multi_family
A006644,R06,River Region,R06-M04,mixed,single_family
A006645,R06,River Region,R06-M04,mixed,multi_family
A006646,R09,Urban Belt,R09-M04,urban,single_family
A006647,R05,Central Region,R05-M03,urban,large_residential
A006648,R04,East District,R04-M01,mixed,single_family
A006649,R06,River Region,R06-M03,mixed,single_family
A006650,R12,Metro Region,R12-M02,urban,multi_family
A006651,R12,Metro Region,R12-M02,urban,multi_family
A006652,R04,East District,R04-M02,mixed,single_family
A006653,R10,Rural Belt,R10-M03,rural,single_family
A006654,R08,Lake Region,R08-M01,rural,single_family
A006655,R09,Urban Belt,R09-M02,urban,large_residential
A006656,R04,East District,R04-M03,mixed,single_family
A006657,R03,West District,R03-M01,mixed,single_family
A006658,R04,East District,R04-M04,mixed,single_family
A006659,R10,Rural Belt,R10-M01,rural,single_family
A006660,R09,Urban Belt,R09-M02,urban,multi_family
A006661,R06,River Region,R06-M01,mixed,single_family
A006662,R09,Urban Belt,R09-M04,urban,multi_family
A006663,R05,Central Region,R05-M03,urban,large_residential
A006664,R09,Urban Belt,R09-M02,urban,large_residential
A006665,R01,North City,R01-M04,urban,single_family
A006666,R07,Mountain Region,R07-M04,rural,single_family
A006667,R10,Rural Belt,R10-M04,rural,single_family
A006668,R04,East District,R04-M02,mixed,multi_family
A006669,R02,South City,R02-M03,urban,large_residential
A006670,R06,River Region,R06-M02,mixed,single_family
A006671,R12,Metro Region,R12-M03,urban,multi_family
A006672,R09,Urban Belt,R09-M04,urban,multi_family
A006673,R12,Metro Region,R12-M04,urban,large_residential
A006674,R01,North City,R01-M04,urban,multi_family
A006675,R05,Central Region,R05-M01,urban,multi_family
A006676,R05,Central Region,R05-M02,urban,large_residential
A006677,R06,River Region,R06-M04,mixed,single_family
A006678,R05,Central Region,R05-M03,urban,single_family
A006679,R04,East District,R04-M03,mixed,single_family
A006680,R12,Metro Region,R12-M02,urban,single_family
A006681,R02,South City,R02-M04,urban,multi_family
A006682,R09,Urban Belt,R09-M04,urban,single_family
A006683,R04,East District,R04-M01,mixed,multi_family
A006684,R08,Lake Region,R08-M02,rural,single_family
A006685,R05,Central Region,R05-M01,urban,single_family
A006686,R01,North City,R01-M01,urban,single_family
A006687,R08,Lake Region,R08-M01,rural,single_family
A006688,R09,Urban Belt,R09-M04,urban,multi_family
A006689,R12,Metro Region,R12-M04,urban,single_family
A006690,R04,East District,R04-M03,mixed,multi_family
A006691,R09,Urban Belt,R09-M02,urban,multi_family
A006692,R04,East District,R04-M02,mixed,single_family
A006693,R12,Metro Region,R12-M01,urban,multi_family
A006694,R11,Border Region,R11-M01,mixed,multi_family
A006695,R10,Rural Belt,R10-M04,rural,single_family
A006696,R01,North City,R01-M03,urban,large_residential
A006697,R02,South City,R02-M03,urban,large_residential
A006698,R01,North City,R01-M01,urban,multi_family
A006699,R01,North City,R01-M02,urban,large_residential
A006700,R05,Central Region,R05-M04,urban,multi_family
A006701,R01,North City,R01-M01,urban,multi_family
A006702,R02,South City,R02-M03,urban,multi_family
A006703,R04,East District,R04-M02,mixed,single_family
A006704,R02,South City,R02-M01,urban,large_residential
A006705,R11,Border Region,R11-M02,mixed,multi_family
A006706,R04,East District,R04-M01,mixed,single_family
A006707,R08,Lake Region,R08-M03,rural,large_residential
A006708,R12,Metro Region,R12-M04,urban,single_family
A006709,R01,North City,R01-M02,urban,multi_family
A006710,R07,Mountain Region,R07-M01,rural,single_family
A006711,R11,Border Region,R11-M04,mixed,multi_family
A006712,R03,West District,R03-M04,mixed,single_family
A006713,R02,South City,R02-M02,urban,multi_family
A006714,R02,South City,R02-M02,urban,single_family
A006715,R09,Urban Belt,R09-M03,urban,single_family
A006716,R12,Metro Region,R12-M03,urban,multi_family
A006717,R05,Central Region,R05-M04,urban,single_family
A006718,R01,North City,R01-M01,urban,multi_family
A006719,R09,Urban Belt,R09-M02,urban,multi_family
A006720,R02,South City,R02-M02,urban,large_residential
A006721,R04,East District,R04-M01,mixed,large_residential
A006722,R05,Central Region,R05-M04,urban,multi_family
A006723,R06,River Region,R06-M02,mixed,multi_family
A006724,R03,West District,R03-M01,mixed,single_family
A006725,R05,Central Region,R05-M04,urban,multi_family
A006726,R07,Mountain Region,R07-M04,rural,multi_family
A006727,R02,South City,R02-M01,urban,multi_family
A006728,R09,Urban Belt,R09-M04,urban,large_residential
A006729,R02,South City,R02-M02,urban,single_family
A006730,R08,Lake Region,R08-M04,rural,single_family
A006731,R09,Urban Belt,R09-M03,urban,large_residential
A006732,R10,Rural Belt,R10-M04,rural,single_family
A006733,R09,Urban Belt,R09-M02,urban,multi_family
A006734,R09,Urban Belt,R09-M03,urban,large_residential
A006735,R04,East District,R04-M01,mixed,multi_family
A006736,R06,River Region,R06-M01,mixed,large_residential
A006737,R08,Lake Region,R08-M02,rural,single_family
A006738,R12,Metro Region,R12-M03,urban,multi_family
A006739,R12,Metro Region,R12-M02,urban,multi_family
A006740,R08,Lake Region,R08-M01,rural,single_family
A006741,R06,River Region,R06-M02,mixed,multi_family
A006742,R01,North City,R01-M03,urban,single_family
A006743,R06,River Region,R06-M01,mixed,large_residential
A006744,R05,Central Region,R05-M04,urban,large_residential
A006745,R02,South City,R02-M03,urban,multi_family
A006746,R09,Urban Belt,R09-M04,urban,multi_family
A006747,R02,South City,R02-M02,urban,multi_family
A006748,R09,Urban Belt,R09-M03,urban,multi_family
A006749,R06,River Region,R06-M01,mixed,single_family
A006750,R03,West District,R03-M03,mixed,single_family
A006751,R10,Rural Belt,R10-M02,rural,multi_family
A006752,R09,Urban Belt,R09-M02,urban,large_residential
A006753,R04,East District,R04-M03,mixed,single_family
A006754,R03,West District,R03-M04,mixed,multi_family
A006755,R04,East District,R04-M03,mixed,multi_family
A006756,R11,Border Region,R11-M01,mixed,single_family
A006757,R11,Border Region,R11-M04,mixed,single_family
A006758,R09,Urban Belt,R09-M01,urban,multi_family
A006759,R01,North City,R01-M03,urban,single_family
A006760,R12,Metro Region,R12-M02,urban,multi_family
A006761,R07,Mountain Region,R07-M01,rural,single_family
A006762,R11,Border Region,R11-M04,mixed,single_family
A006763,R08,Lake Region,R08-M01,rural,single_family
A006764,R12,Metro Region,R12-M04,urban,multi_family
A006765,R05,Central Region,R05-M01,urban,large_residential
A006766,R02,South City,R02-M02,urban,multi_family
A006767,R12,Metro Region,R12-M01,urban,multi_family
A006768,R02,South City,R02-M03,urban,multi_family
A006769,R03,West District,R03-M04,mixed,single_family
A006770,R06,River Region,R06-M04,mixed,single_family
A006771,R12,Metro Region,R12-M02,urban,large_residential
A006772,R12,Metro Region,R12-M04,urban,multi_family
A006773,R04,East District,R04-M04,mixed,multi_family
A006774,R02,South City,R02-M02,urban,multi_family
A006775,R12,Metro Region,R12-M03,urban,large_residential
A006776,R08,Lake Region,R08-M03,rural,single_family
A006777,R09,Urban Belt,R09-M01,urban,single_family
A006778,R12,Metro Region,R12-M02,urban,single_family
A006779,R12,Metro Region,R12-M03,urban,single_family
A006780,R07,Mountain Region,R07-M04,rural,multi_family
A006781,R10,Rural Belt,R10-M03,rural,single_family
A006782,R11,Border Region,R11-M01,mixed,single_family
A006783,R02,South City,R02-M04,urban,multi_family
A006784,R12,Metro Region,R12-M03,urban,multi_family
A006785,R09,Urban Belt,R09-M02,urban,multi_family
A006786,R03,West District,R03-M02,mixed,multi_family
A006787,R02,South City,R02-M04,urban,large_residential
A006788,R12,Metro Region,R12-M03,urban,single_family
A006789,R02,South City,R02-M01,urban,single_family
A006790,R08,Lake Region,R08-M02,rural,multi_family
A006791,R09,Urban Belt,R09-M01,urban,multi_family
A006792,R02,South City,R02-M03,urban,large_residential
A006793,R06,River Region,R06-M02,mixed,single_family
A006794,R01,North City,R01-M01,urban,multi_family
A006795,R07,Mountain Region,R07-M02,rural,single_family
A006796,R07,Mountain Region,R07-M01,rural,large_residential
A006797,R07,Mountain Region,R07-M04,rural,single_family
A006798,R12,Metro Region,R12-M03,urban,multi_family
A006799,R02,South City,R02-M03,urban,multi_family
A006800,R04,East District,R04-M01,mixed,single_family
A006801,R11,Border Region,R11-M03,mixed,single_family
A006802,R04,East District,R04-M03,mixed,multi_family
A006803,R12,Metro Region,R12-M02,urban,large_residential
A006804,R05,Central Region,R05-M04,urban,multi_family
A006805,R11,Border Region,R11-M01,mixed,multi_family
A006806,R10,Rural Belt,R10-M04,rural,single_family
A006807,R02,South City,R02-M01,urban,large_residential
A006808,R06,River Region,R06-M04,mixed,multi_family
A006809,R07,Mountain Region,R07-M04,rural,single_family
A006810,R01,North City,R01-M01,urban,multi_family
A006811,R09,Urban Belt,R09-M03,urban,large_residential
A006812,R11,Border Region,R11-M01,mixed,single_family
A006813,R12,Metro Region,R12-M04,urban,multi_family
A006814,R07,Mountain Region,R07-M03,rural,single_family
A006815,R04,East District,R04-M03,mixed,multi_family
A006816,R08,Lake Region,R08-M03,rural,single_family
A006817,R05,Central Region,R05-M03,urban,single_family
A006818,R02,South City,R02-M01,urban,multi_family
A006819,R01,North City,R01-M02,urban,multi_family
A006820,R09,Urban Belt,R09-M02,urban,large_residential
A006821,R05,Central Region,R05-M04,urban,large_residential
A006822,R12,Metro Region,R12-M04,urban,multi_family
A006823,R12,Metro Region,R12-M04,urban,single_family
A006824,R01,North City,R01-M02,urban,multi_family
A006825,R02,South City,R02-M04,urban,multi_family
A006826,R11,Border Region,R11-M03,mixed,single_family
A006827,R01,North City,R01-M02,urban,single_family
A006828,R03,West District,R03-M04,mixed,single_family
A006829,R04,East District,R04-M04,mixed,large_residential
A006830,R03,West District,R03-M02,mixed,large_residential
A006831,R03,West District,R03-M04,mixed,multi_family
A006832,R01,North City,R01-M03,urban,multi_family
A006833,R07,Mountain Region,R07-M04,rural,single_family
A006834,R04,East District,R04-M04,mixed,large_residential
A006835,R11,Border Region,R11-M01,mixed,single_family
A006836,R12,Metro Region,R12-M02,urban,multi_family
A006837,R05,Central Region,R05-M02,urban,multi_family
A006838,R10,Rural Belt,R10-M03,rural,single_family
A006839,R01,North City,R01-M04,urban,multi_family
A006840,R03,West District,R03-M01,mixed,single_family
A006841,R04,East District,R04-M01,mixed,multi_family
A006842,R06,River Region,R06-M03,mixed,large_residential
A006843,R03,West District,R03-M04,mixed,large_residential
A006844,R12,Metro Region,R12-M04,urban,large_residential
A006845,R12,Metro Region,R12-M03,urban,large_residential
A006846,R09,Urban Belt,R09-M04,urban,multi_family
A006847,R12,Metro Region,R12-M04,urban,single_family
A006848,R10,Rural Belt,R10-M02,rural,single_family
A006849,R05,Central Region,R05-M01,urban,single_family
A006850,R02,South City,R02-M03,urban,large_residential
A006851,R07,Mountain Region,R07-M02,rural,multi_family
A006852,R12,Metro Region,R12-M03,urban,multi_family
A006853,R05,Central Region,R05-M02,urban,single_family
A006854,R04,East District,R04-M01,mixed,single_family
A006855,R04,East District,R04-M02,mixed,multi_family
A006856,R04,East District,R04-M01,mixed,multi_family
A006857,R05,Central Region,R05-M03,urban,large_residential
A006858,R05,Central Region,R05-M03,urban,single_family
A006859,R10,Rural Belt,R10-M01,rural,multi_family
A006860,R02,South City,R02-M03,urban,multi_family
A006861,R12,Metro Region,R12-M01,urban,multi_family
A006862,R03,West District,R03-M02,mixed,multi_family
A006863,R01,North City,R01-M03,urban,multi_family
A006864,R09,Urban Belt,R09-M03,urban,single_family
A006865,R10,Rural Belt,R10-M02,rural,single_family
A006866,R09,Urban Belt,R09-M01,urban,single_family
A006867,R02,South City,R02-M02,urban,large_residential
A006868,R04,East District,R04-M02,mixed,multi_family
A006869,R02,South City,R02-M02,urban,large_residential
A006870,R09,Urban Belt,R09-M02,urban,multi_family
A006871,R11,Border Region,R11-M02,mixed,single_family
A006872,R09,Urban Belt,R09-M01,urban,multi_family
A006873,R09,Urban Belt,R09-M02,urban,multi_family
A006874,R12,Metro Region,R12-M03,urban,multi_family
A006875,R03,West District,R03-M03,mixed,multi_family
A006876,R04,East District,R04-M02,mixed,single_family
A006877,R09,Urban Belt,R09-M04,urban,multi_family
A006878,R02,South City,R02-M01,urban,single_family
A006879,R04,East District,R04-M02,mixed,multi_family
A006880,R10,Rural Belt,R10-M01,rural,single_family
A006881,R01,North City,R01-M03,urban,large_residential
A006882,R03,West District,R03-M04,mixed,large_residential
A006883,R09,Urban Belt,R09-M02,urban,large_residential
A006884,R05,Central Region,R05-M02,urban,multi_family
A006885,R12,Metro Region,R12-M02,urban,multi_family
A006886,R10,Rural Belt,R10-M01,rural,single_family
A006887,R10,Rural Belt,R10-M03,rural,single_family
A006888,R02,South City,R02-M02,urban,multi_family
A006889,R02,South City,R02-M02,urban,single_family
A006890,R09,Urban Belt,R09-M03,urban,single_family
A006891,R05,Central Region,R05-M03,urban,multi_family
A006892,R04,East District,R04-M01,mixed,multi_family
A006893,R05,Central Region,R05-M01,urban,large_residential
A006894,R04,East District,R04-M02,mixed,multi_family
A006895,R07,Mountain Region,R07-M01,rural,single_family
A006896,R03,West District,R03-M04,mixed,multi_family
A006897,R02,South City,R02-M02,urban,multi_family
A006898,R05,Central Region,R05-M01,urban,large_residential
A006899,R06,River Region,R06-M03,mixed,multi_family
A006900,R01,North City,R01-M01,urban,multi_family
A006901,R08,Lake Region,R08-M02,rural,single_family
A006902,R06,River Region,R06-M04,mixed,single_family
A006903,R06,River Region,R06-M02,mixed,single_family
A006904,R07,Mountain Region,R07-M01,rural,single_family
A006905,R02,South City,R02-M03,urban,multi_family
A006906,R01,North City,R01-M01,urban,multi_family
A006907,R09,Urban Belt,R09-M04,urban,multi_family
A006908,R08,Lake Region,R08-M04,rural,multi_family
A006909,R10,Rural Belt,R10-M03,rural,single_family
A006910,R04,East District,R04-M01,mixed,large_residential
A006911,R09,Urban Belt,R09-M03,urban,large_residential
A006912,R09,Urban Belt,R09-M04,urban,multi_family
A006913,R02,South City,R02-M03,urban,large_residential
A006914,R07,Mountain Region,R07-M03,rural,single_family
A006915,R01,North City,R01-M01,urban,large_residential
A006916,R03,West District,R03-M01,mixed,multi_family
A006917,R08,Lake Region,R08-M02,rural,single_family
A006918,R11,Border Region,R11-M01,mixed,single_family
A006919,R09,Urban Belt,R09-M03,urban,single_family
A006920,R01,North City,R01-M04,urban,single_family
A006921,R09,Urban Belt,R09-M01,urban,multi_family
A006922,R03,West District,R03-M04,mixed,single_family
A006923,R03,West District,R03-M03,mixed,single_family
A006924,R10,Rural Belt,R10-M04,rural,single_family
A006925,R05,Central Region,R05-M03,urban,multi_family
A006926,R09,Urban Belt,R09-M03,urban,multi_family
A006927,R06,River Region,R06-M03,mixed,large_residential
A006928,R05,Central Region,R05-M03,urban,multi_family
A006929,R09,Urban Belt,R09-M01,urban,multi_family
A006930,R05,Central Region,R05-M03,urban,multi_family
A006931,R06,River Region,R06-M04,mixed,large_residential
A006932,R09,Urban Belt,R09-M03,urban,multi_family
A006933,R12,Metro Region,R12-M04,urban,multi_family
A006934,R07,Mountain Region,R07-M02,rural,single_family
A006935,R12,Metro Region,R12-M04,urban,large_residential
A006936,R09,Urban Belt,R09-M02,urban,multi_family
A006937,R03,West District,R03-M01,mixed,single_family
A006938,R01,North City,R01-M01,urban,multi_family
A006939,R09,Urban Belt,R09-M02,urban,multi_family
A006940,R12,Metro Region,R12-M04,urban,multi_family
A006941,R05,Central Region,R05-M04,urban,large_residential
A006942,R10,Rural Belt,R10-M04,rural,single_family
A006943,R04,East District,R04-M03,mixed,single_family
A006944,R05,Central Region,R05-M02,urban,single_family
A006945,R05,Central Region,R05-M03,urban,multi_family
A006946,R09,Urban Belt,R09-M04,urban,multi_family
A006947,R01,North City,R01-M04,urban,multi_family
A006948,R06,River Region,R06-M02,mixed,single_family
A006949,R09,Urban Belt,R09-M04,urban,multi_family
A006950,R07,Mountain Region,R07-M02,rural,single_family
A006951,R03,West District,R03-M03,mixed,multi_family
A006952,R02,South City,R02-M04,urban,multi_family
A006953,R12,Metro Region,R12-M04,urban,multi_family
A006954,R05,Central Region,R05-M01,urban,multi_family
A006955,R01,North City,R01-M03,urban,multi_family
A006956,R08,Lake Region,R08-M04,rural,multi_family
A006957,R04,East District,R04-M04,mixed,large_residential
A006958,R06,River Region,R06-M01,mixed,multi_family
A006959,R11,Border Region,R11-M04,mixed,single_family
A006960,R09,Urban Belt,R09-M04,urban,single_family
A006961,R09,Urban Belt,R09-M03,urban,single_family
A006962,R02,South City,R02-M03,urban,multi_family
A006963,R05,Central Region,R05-M01,urban,multi_family
A006964,R08,Lake Region,R08-M04,rural,single_family
A006965,R09,Urban Belt,R09-M04,urban,multi_family
A006966,R12,Metro Region,R12-M04,urban,multi_family
A006967,R12,Metro Region,R12-M03,urban,multi_family
A006968,R05,Central Region,R05-M02,urban,large_residential
A006969,R05,Central Region,R05-M03,urban,large_residential
A006970,R10,Rural Belt,R10-M01,rural,single_family
A006971,R12,Metro Region,R12-M01,urban,single_family
A006972,R11,Border Region,R11-M04,mixed,single_family
A006973,R06,River Region,R06-M04,mixed,single_family
A006974,R10,Rural Belt,R10-M01,rural,single_family
A006975,R04,East District,R04-M03,mixed,multi_family
A006976,R08,Lake Region,R08-M02,rural,single_family
A006977,R06,River Region,R06-M02,mixed,single_family
A006978,R03,West District,R03-M01,mixed,single_family
A006979,R09,Urban Belt,R09-M01,urban,single_family
A006980,R11,Border Region,R11-M01,mixed,multi_family
A006981,R05,Central Region,R05-M01,urban,single_family
A006982,R12,Metro Region,R12-M01,urban,multi_family
A006983,R10,Rural Belt,R10-M03,rural,single_family
A006984,R01,North City,R01-M02,urban,multi_family
A006985,R06,River Region,R06-M01,mixed,multi_family
A006986,R05,Central Region,R05-M02,urban,multi_family
A006987,R04,East District,R04-M04,mixed,multi_family
A006988,R01,North City,R01-M03,urban,multi_family
A006989,R06,River Region,R06-M04,mixed,single_family
A006990,R10,Rural Belt,R10-M04,rural,multi_family
A006991,R02,South City,R02-M01,urban,single_family
A006992,R03,West District,R03-M01,mixed,multi_family
A006993,R06,River Region,R06-M04,mixed,multi_family
A006994,R02,South City,R02-M01,urban,multi_family
A006995,R12,Metro Region,R12-M03,urban,multi_family
A006996,R02,South City,R02-M01,urban,multi_family
A006997,R12,Metro Region,R12-M01,urban,multi_family
A006998,R02,South City,R02-M01,urban,multi_family
A006999,R05,Central Region,R05-M03,urban,multi_family
A007000,R06,River Region,R06-M01,mixed,single_family
A007001,R10,Rural Belt,R10-M03,rural,single_family
A007002,R05,Central Region,R05-M04,urban,large_residential
A007003,R10,Rural Belt,R10-M04,rural,single_family
A007004,R08,Lake Region,R08-M03,rural,single_family
A007005,R09,Urban Belt,R09-M01,urban,single_family
A007006,R10,Rural Belt,R10-M03,rural,single_family
A007007,R10,Rural Belt,R10-M04,rural,single_family
A007008,R04,East District,R04-M04,mixed,single_family
A007009,R01,North City,R01-M03,urban,large_residential
A007010,R03,West District,R03-M04,mixed,multi_family
A007011,R03,West District,R03-M01,mixed,single_family
A007012,R02,South City,R02-M03,urban,large_residential
A007013,R01,North City,R01-M02,urban,multi_family
A007014,R05,Central Region,R05-M04,urban,multi_family
A007015,R08,Lake Region,R08-M01,rural,single_family
A007016,R09,Urban Belt,R09-M01,urban,multi_family
A007017,R08,Lake Region,R08-M02,rural,multi_family
A007018,R02,South City,R02-M02,urban,large_residential
A007019,R09,Urban Belt,R09-M01,urban,multi_family
A007020,R09,Urban Belt,R09-M01,urban,single_family
A007021,R08,Lake Region,R08-M03,rural,multi_family
A007022,R05,Central Region,R05-M04,urban,multi_family
A007023,R11,Border Region,R11-M04,mixed,single_family
A007024,R09,Urban Belt,R09-M04,urban,large_residential
A007025,R07,Mountain Region,R07-M04,rural,multi_family
A007026,R11,Border Region,R11-M04,mixed,multi_family
A007027,R09,Urban Belt,R09-M01,urban,single_family
A007028,R09,Urban Belt,R09-M01,urban,multi_family
A007029,R07,Mountain Region,R07-M01,rural,single_family
A007030,R05,Central Region,R05-M01,urban,single_family
A007031,R03,West District,R03-M04,mixed,single_family
A007032,R01,North City,R01-M03,urban,multi_family
A007033,R05,Central Region,R05-M04,urban,large_residential
A007034,R07,Mountain Region,R07-M01,rural,multi_family
A007035,R08,Lake Region,R08-M04,rural,single_family
A007036,R09,Urban Belt,R09-M04,urban,multi_family
A007037,R05,Central Region,R05-M03,urban,multi_family
A007038,R05,Central Region,R05-M04,urban,single_family
A007039,R03,West District,R03-M01,mixed,multi_family
A007040,R03,West District,R03-M03,mixed,multi_family
A007041,R10,Rural Belt,R10-M02,rural,multi_family
A007042,R05,Central Region,R05-M04,urban,multi_family
A007043,R02,South City,R02-M01,urban,large_residential
A007044,R02,South City,R02-M04,urban,multi_family
A007045,R09,Urban Belt,R09-M02,urban,multi_family
A007046,R09,Urban Belt,R09-M01,urban,multi_family
A007047,R07,Mountain Region,R07-M02,rural,single_family
A007048,R01,North City,R01-M04,urban,large_residential
A007049,R06,River Region,R06-M02,mixed,single_family
A007050,R06,River Region,R06-M01,mixed,single_family
A007051,R05,Central Region,R05-M01,urban,multi_family
A007052,R03,West District,R03-M04,mixed,multi_family
A007053,R12,Metro Region,R12-M04,urban,large_residential
A007054,R02,South City,R02-M01,urban,multi_family
A007055,R09,Urban Belt,R09-M04,urban,multi_family
A007056,R02,South City,R02-M03,urban,large_residential
A007057,R03,West District,R03-M03,mixed,multi_family
A007058,R04,East District,R04-M02,mixed,single_family
A007059,R02,South City,R02-M01,urban,single_family
A007060,R12,Metro Region,R12-M02,urban,multi_family
A007061,R05,Central Region,R05-M04,urban,multi_family
A007062,R09,Urban Belt,R09-M03,urban,multi_family
A007063,R09,Urban Belt,R09-M04,urban,multi_family
A007064,R04,East District,R04-M03,mixed,multi_family
A007065,R12,Metro Region,R12-M02,urban,large_residential
A007066,R10,Rural Belt,R10-M04,rural,single_family
A007067,R01,North City,R01-M01,urban,multi_family
A007068,R10,Rural Belt,R10-M04,rural,single_family
A007069,R11,Border Region,R11-M04,mixed,single_family
A007070,R12,Metro Region,R12-M02,urban,multi_family
A007071,R07,Mountain Region,R07-M03,rural,single_family
A007072,R02,South City,R02-M03,urban,multi_family
A007073,R03,West District,R03-M02,mixed,single_family
A007074,R08,Lake Region,R08-M03,rural,single_family
A007075,R09,Urban Belt,R09-M03,urban,multi_family
A007076,R10,Rural Belt,R10-M02,rural,single_family
A007077,R08,Lake Region,R08-M01,rural,single_family
A007078,R06,River Region,R06-M04,mixed,multi_family
A007079,R03,West District,R03-M04,mixed,large_residential
A007080,R06,River Region,R06-M01,mixed,multi_family
A007081,R10,Rural Belt,R10-M04,rural,single_family
A007082,R09,Urban Belt,R09-M02,urban,single_family
A007083,R10,Rural Belt,R10-M01,rural,single_family
A007084,R03,West District,R03-M01,mixed,single_family
A007085,R10,Rural Belt,R10-M01,rural,multi_family
A007086,R09,Urban Belt,R09-M01,urban,multi_family
A007087,R11,Border Region,R11-M04,mixed,single_family
A007088,R07,Mountain Region,R07-M01,rural,single_family
A007089,R05,Central Region,R05-M04,urban,large_residential
A007090,R10,Rural Belt,R10-M01,rural,single_family
A007091,R12,Metro Region,R12-M03,urban,single_family
A007092,R04,East District,R04-M02,mixed,large_residential
A007093,R12,Metro Region,R12-M04,urban,single_family
A007094,R04,East District,R04-M01,mixed,single_family
A007095,R10,Rural Belt,R10-M04,rural,single_family
A007096,R12,Metro Region,R12-M03,urban,multi_family
A007097,R05,Central Region,R05-M04,urban,multi_family
A007098,R09,Urban Belt,R09-M03,urban,multi_family
A007099,R12,Metro Region,R12-M01,urban,multi_family
A007100,R07,Mountain Region,R07-M02,rural,single_family
A007101,R01,North City,R01-M03,urban,multi_family
A007102,R06,River Region,R06-M04,mixed,multi_family
A007103,R12,Metro Region,R12-M04,urban,multi_family
A007104,R09,Urban Belt,R09-M03,urban,large_residential
A007105,R06,River Region,R06-M02,mixed,multi_family
A007106,R12,Metro Region,R12-M04,urban,multi_family
A007107,R10,Rural Belt,R10-M01,rural,single_family
A007108,R09,Urban Belt,R09-M03,urban,large_residential
A007109,R07,Mountain Region,R07-M01,rural,single_family
A007110,R09,Urban Belt,R09-M02,urban,large_residential
A007111,R11,Border Region,R11-M03,mixed,multi_family
A007112,R03,West District,R03-M03,mixed,multi_family
A007113,R10,Rural Belt,R10-M04,rural,single_family
A007114,R09,Urban Belt,R09-M03,urban,multi_family
A007115,R07,Mountain Region,R07-M03,rural,single_family
A007116,R08,Lake Region,R08-M02,rural,multi_family
A007117,R02,South City,R02-M01,urban,multi_family
A007118,R12,Metro Region,R12-M01,urban,multi_family
A007119,R07,Mountain Region,R07-M03,rural,multi_family
A007120,R12,Metro Region,R12-M01,urban,multi_family
A007121,R09,Urban Belt,R09-M01,urban,multi_family
A007122,R04,East District,R04-M02,mixed,multi_family
A007123,R02,South City,R02-M03,urban,single_family
A007124,R02,South City,R02-M02,urban,multi_family
A007125,R05,Central Region,R05-M04,urban,multi_family
A007126,R07,Mountain Region,R07-M04,rural,single_family
A007127,R03,West District,R03-M04,mixed,multi_family
A007128,R03,West District,R03-M04,mixed,multi_family
A007129,R12,Metro Region,R12-M02,urban,multi_family
A007130,R05,Central Region,R05-M04,urban,large_residential
A007131,R06,River Region,R06-M04,mixed,multi_family
A007132,R10,Rural Belt,R10-M03,rural,single_family
A007133,R09,Urban Belt,R09-M01,urban,multi_family
A007134,R02,South City,R02-M02,urban,large_residential
A007135,R06,River Region,R06-M03,mixed,large_residential
A007136,R02,South City,R02-M01,urban,multi_family
A007137,R07,Mountain Region,R07-M03,rural,single_family
A007138,R06,River Region,R06-M03,mixed,large_residential
A007139,R06,River Region,R06-M01,mixed,multi_family
A007140,R05,Central Region,R05-M03,urban,multi_family
A007141,R01,North City,R01-M04,urban,multi_family
A007142,R02,South City,R02-M02,urban,single_family
A007143,R03,West District,R03-M02,mixed,multi_family
A007144,R04,East District,R04-M02,mixed,single_family
A007145,R09,Urban Belt,R09-M03,urban,multi_family
A007146,R10,Rural Belt,R10-M04,rural,multi_family
A007147,R10,Rural Belt,R10-M01,rural,single_family
A007148,R08,Lake Region,R08-M04,rural,single_family
A007149,R05,Central Region,R05-M02,urban,multi_family
A007150,R09,Urban Belt,R09-M04,urban,single_family
A007151,R06,River Region,R06-M02,mixed,single_family
A007152,R06,River Region,R06-M02,mixed,multi_family
A007153,R09,Urban Belt,R09-M03,urban,single_family
A007154,R04,East District,R04-M03,mixed,single_family
A007155,R03,West District,R03-M02,mixed,single_family
A007156,R05,Central Region,R05-M02,urban,multi_family
A007157,R07,Mountain Region,R07-M04,rural,single_family
A007158,R07,Mountain Region,R07-M04,rural,single_family
A007159,R04,East District,R04-M02,mixed,single_family
A007160,R01,North City,R01-M02,urban,multi_family
A007161,R09,Urban Belt,R09-M02,urban,large_residential
A007162,R05,Central Region,R05-M02,urban,multi_family
A007163,R10,Rural Belt,R10-M02,rural,multi_family
A007164,R07,Mountain Region,R07-M03,rural,single_family
A007165,R05,Central Region,R05-M02,urban,large_residential
A007166,R08,Lake Region,R08-M01,rural,single_family
A007167,R02,South City,R02-M01,urban,large_residential
A007168,R06,River Region,R06-M01,mixed,multi_family
A007169,R07,Mountain Region,R07-M04,rural,multi_family
A007170,R05,Central Region,R05-M04,urban,multi_family
A007171,R11,Border Region,R11-M01,mixed,single_family
A007172,R09,Urban Belt,R09-M02,urban,multi_family
A007173,R02,South City,R02-M03,urban,multi_family
A007174,R10,Rural Belt,R10-M02,rural,single_family
A007175,R03,West District,R03-M03,mixed,multi_family
A007176,R01,North City,R01-M03,urban,large_residential
A007177,R09,Urban Belt,R09-M02,urban,multi_family
A007178,R02,South City,R02-M02,urban,single_family
A007179,R04,East District,R04-M01,mixed,single_family
A007180,R10,Rural Belt,R10-M01,rural,single_family
A007181,R09,Urban Belt,R09-M04,urban,multi_family
A007182,R11,Border Region,R11-M01,mixed,multi_family
A007183,R12,Metro Region,R12-M02,urban,multi_family
A007184,R09,Urban Belt,R09-M04,urban,single_family
A007185,R10,Rural Belt,R10-M04,rural,multi_family
A007186,R12,Metro Region,R12-M02,urban,multi_family
A007187,R09,Urban Belt,R09-M02,urban,multi_family
A007188,R09,Urban Belt,R09-M01,urban,multi_family
A007189,R01,North City,R01-M03,urban,multi_family
A007190,R09,Urban Belt,R09-M01,urban,multi_family
A007191,R03,West District,R03-M01,mixed,single_family
A007192,R05,Central Region,R05-M01,urban,multi_family
A007193,R02,South City,R02-M02,urban,multi_family
A007194,R09,Urban Belt,R09-M02,urban,multi_family
A007195,R09,Urban Belt,R09-M03,urban,multi_family
A007196,R03,West District,R03-M03,mixed,single_family
A007197,R03,West District,R03-M04,mixed,multi_family
A007198,R12,Metro Region,R12-M04,urban,multi_family
A007199,R07,Mountain Region,R07-M02,rural,multi_family
A007200,R09,Urban Belt,R09-M01,urban,multi_family
A007201,R12,Metro Region,R12-M02,urban,multi_family
A007202,R06,River Region,R06-M01,mixed,multi_family
A007203,R05,Central Region,R05-M01,urban,single_family
A007204,R05,Central Region,R05-M04,urban,single_family
A007205,R03,West District,R03-M01,mixed,large_residential
A007206,R01,North City,R01-M02,urban,multi_family
A007207,R01,North City,R01-M02,urban,multi_family
A007208,R05,Central Region,R05-M02,urban,single_family
A007209,R12,Metro Region,R12-M04,urban,large_residential
A007210,R05,Central Region,R05-M02,urban,multi_family
A007211,R03,West District,R03-M02,mixed,multi_family
A007212,R06,River Region,R06-M01,mixed,single_family
A007213,R05,Central Region,R05-M02,urban,large_residential
A007214,R11,Border Region,R11-M03,mixed,multi_family
A007215,R05,Central Region,R05-M04,urban,single_family
A007216,R06,River Region,R06-M03,mixed,multi_family
A007217,R09,Urban Belt,R09-M01,urban,multi_family
A007218,R03,West District,R03-M01,mixed,multi_family
A007219,R12,Metro Region,R12-M01,urban,single_family
A007220,R12,Metro Region,R12-M02,urban,multi_family
A007221,R12,Metro Region,R12-M02,urban,multi_family
A007222,R03,West District,R03-M04,mixed,large_residential
A007223,R01,North City,R01-M01,urban,multi_family
A007224,R09,Urban Belt,R09-M01,urban,multi_family
A007225,R01,North City,R01-M04,urban,single_family
A007226,R01,North City,R01-M02,urban,large_residential
A007227,R09,Urban Belt,R09-M02,urban,multi_family
A007228,R07,Mountain Region,R07-M01,rural,single_family
A007229,R08,Lake Region,R08-M01,rural,multi_family
A007230,R05,Central Region,R05-M04,urban,single_family
A007231,R11,Border Region,R11-M04,mixed,single_family
A007232,R09,Urban Belt,R09-M02,urban,large_residential
A007233,R01,North City,R01-M02,urban,large_residential
A007234,R09,Urban Belt,R09-M02,urban,multi_family
A007235,R09,Urban Belt,R09-M01,urban,multi_family
A007236,R04,East District,R04-M03,mixed,multi_family
A007237,R02,South City,R02-M01,urban,multi_family
A007238,R04,East District,R04-M02,mixed,single_family
A007239,R12,Metro Region,R12-M01,urban,single_family
A007240,R10,Rural Belt,R10-M02,rural,single_family
A007241,R11,Border Region,R11-M02,mixed,multi_family
A007242,R11,Border Region,R11-M03,mixed,multi_family
A007243,R04,East District,R04-M01,mixed,single_family
A007244,R10,Rural Belt,R10-M01,rural,single_family
A007245,R10,Rural Belt,R10-M03,rural,single_family
A007246,R10,Rural Belt,R10-M02,rural,multi_family
A007247,R05,Central Region,R05-M03,urban,multi_family
A007248,R02,South City,R02-M02,urban,multi_family
A007249,R04,East District,R04-M04,mixed,single_family
A007250,R09,Urban Belt,R09-M04,urban,single_family
A007251,R11,Border Region,R11-M01,mixed,single_family
A007252,R04,East District,R04-M01,mixed,single_family
A007253,R05,Central Region,R05-M03,urban,large_residential
A007254,R03,West District,R03-M04,mixed,multi_family
A007255,R01,North City,R01-M04,urban,multi_family
A007256,R02,South City,R02-M03,urban,multi_family
A007257,R09,Urban Belt,R09-M04,urban,single_family
A007258,R11,Border Region,R11-M02,mixed,multi_family
A007259,R01,North City,R01-M02,urban,multi_family
A007260,R06,River Region,R06-M03,mixed,single_family
A007261,R09,Urban Belt,R09-M01,urban,multi_family
A007262,R01,North City,R01-M02,urban,multi_family
A007263,R01,North City,R01-M03,urban,multi_family
A007264,R01,North City,R01-M04,urban,multi_family
A007265,R05,Central Region,R05-M02,urban,large_residential
A007266,R03,West District,R03-M01,mixed,single_family
A007267,R06,River Region,R06-M03,mixed,multi_family
A007268,R05,Central Region,R05-M02,urban,single_family
A007269,R02,South City,R02-M02,urban,single_family
A007270,R09,Urban Belt,R09-M04,urban,multi_family
A007271,R10,Rural Belt,R10-M04,rural,multi_family
A007272,R04,East District,R04-M04,mixed,single_family
A007273,R02,South City,R02-M01,urban,single_family
A007274,R06,River Region,R06-M03,mixed,multi_family
A007275,R07,Mountain Region,R07-M04,rural,single_family
A007276,R07,Mountain Region,R07-M03,rural,single_family
A007277,R12,Metro Region,R12-M03,urban,multi_family
A007278,R07,Mountain Region,R07-M03,rural,single_family
A007279,R10,Rural Belt,R10-M04,rural,multi_family
A007280,R11,Border Region,R11-M03,mixed,single_family
A007281,R11,Border Region,R11-M04,mixed,multi_family
A007282,R08,Lake Region,R08-M01,rural,single_family
A007283,R09,Urban Belt,R09-M02,urban,single_family
A007284,R09,Urban Belt,R09-M01,urban,large_residential
A007285,R02,South City,R02-M01,urban,multi_family
A007286,R09,Urban Belt,R09-M02,urban,multi_family
A007287,R03,West District,R03-M03,mixed,single_family
A007288,R01,North City,R01-M02,urban,multi_family
A007289,R01,North City,R01-M04,urban,multi_family
A007290,R01,North City,R01-M01,urban,large_residential
A007291,R05,Central Region,R05-M02,urban,single_family
A007292,R02,South City,R02-M04,urban,multi_family
A007293,R02,South City,R02-M01,urban,single_family
A007294,R03,West District,R03-M02,mixed,single_family
A007295,R11,Border Region,R11-M04,mixed,multi_family
A007296,R09,Urban Belt,R09-M02,urban,large_residential
A007297,R05,Central Region,R05-M01,urban,multi_family
A007298,R12,Metro Region,R12-M03,urban,multi_family
A007299,R05,Central Region,R05-M04,urban,multi_family
A007300,R09,Urban Belt,R09-M01,urban,multi_family
A007301,R04,East District,R04-M01,mixed,large_residential
A007302,R06,River Region,R06-M04,mixed,multi_family
A007303,R05,Central Region,R05-M03,urban,multi_family
A007304,R01,North City,R01-M04,urban,multi_family
A007305,R11,Border Region,R11-M03,mixed,single_family
A007306,R02,South City,R02-M01,urban,multi_family
A007307,R11,Border Region,R11-M02,mixed,multi_family
A007308,R08,Lake Region,R08-M03,rural,single_family
A007309,R02,South City,R02-M02,urban,multi_family
A007310,R01,North City,R01-M01,urban,multi_family
A007311,R10,Rural Belt,R10-M01,rural,single_family
A007312,R05,Central Region,R05-M02,urban,multi_family
A007313,R01,North City,R01-M02,urban,large_residential
A007314,R02,South City,R02-M03,urban,single_family
A007315,R09,Urban Belt,R09-M04,urban,large_residential
A007316,R02,South City,R02-M01,urban,multi_family
A007317,R04,East District,R04-M01,mixed,single_family
A007318,R03,West District,R03-M03,mixed,multi_family
A007319,R06,River Region,R06-M03,mixed,multi_family
A007320,R02,South City,R02-M04,urban,large_residential
A007321,R06,River Region,R06-M03,mixed,single_family
A007322,R02,South City,R02-M02,urban,multi_family
A007323,R09,Urban Belt,R09-M03,urban,multi_family
A007324,R01,North City,R01-M02,urban,multi_family
A007325,R09,Urban Belt,R09-M02,urban,large_residential
A007326,R02,South City,R02-M03,urban,single_family
A007327,R01,North City,R01-M03,urban,multi_family
A007328,R04,East District,R04-M03,mixed,single_family
A007329,R04,East District,R04-M03,mixed,multi_family
A007330,R10,Rural Belt,R10-M01,rural,multi_family
A007331,R12,Metro Region,R12-M02,urban,multi_family
A007332,R02,South City,R02-M01,urban,large_residential
A007333,R09,Urban Belt,R09-M02,urban,multi_family
A007334,R11,Border Region,R11-M04,mixed,single_family
A007335,R08,Lake Region,R08-M04,rural,single_family
A007336,R08,Lake Region,R08-M04,rural,large_residential
A007337,R06,River Region,R06-M01,mixed,multi_family
A007338,R10,Rural Belt,R10-M01,rural,single_family
A007339,R06,River Region,R06-M01,mixed,multi_family
A007340,R01,North City,R01-M03,urban,multi_family
A007341,R06,River Region,R06-M04,mixed,single_family
A007342,R09,Urban Belt,R09-M02,urban,multi_family
A007343,R10,Rural Belt,R10-M04,rural,multi_family
A007344,R01,North City,R01-M04,urban,large_residential
A007345,R09,Urban Belt,R09-M02,urban,multi_family
A007346,R11,Border Region,R11-M01,mixed,multi_family
A007347,R06,River Region,R06-M02,mixed,single_family
A007348,R03,West District,R03-M01,mixed,single_family
A007349,R12,Metro Region,R12-M01,urban,multi_family
A007350,R10,Rural Belt,R10-M02,rural,single_family
A007351,R12,Metro Region,R12-M01,urban,multi_family
A007352,R10,Rural Belt,R10-M02,rural,multi_family
A007353,R12,Metro Region,R12-M04,urban,single_family
A007354,R11,Border Region,R11-M03,mixed,multi_family
A007355,R02,South City,R02-M04,urban,large_residential
A007356,R12,Metro Region,R12-M02,urban,multi_family
A007357,R02,South City,R02-M04,urban,multi_family
A007358,R10,Rural Belt,R10-M01,rural,multi_family
A007359,R08,Lake Region,R08-M02,rural,single_family
A007360,R05,Central Region,R05-M03,urban,single_family
A007361,R12,Metro Region,R12-M04,urban,single_family
A007362,R01,North City,R01-M01,urban,single_family
A007363,R01,North City,R01-M03,urban,multi_family
A007364,R12,Metro Region,R12-M04,urban,multi_family
A007365,R05,Central Region,R05-M03,urban,single_family
A007366,R06,River Region,R06-M04,mixed,single_family
A007367,R11,Border Region,R11-M04,mixed,multi_family
A007368,R02,South City,R02-M02,urban,multi_family
A007369,R10,Rural Belt,R10-M02,rural,single_family
A007370,R01,North City,R01-M01,urban,single_family
A007371,R05,Central Region,R05-M03,urban,multi_family
A007372,R02,South City,R02-M02,urban,multi_family
A007373,R08,Lake Region,R08-M01,rural,single_family
A007374,R01,North City,R01-M04,urban,multi_family
A007375,R10,Rural Belt,R10-M01,rural,multi_family
A007376,R12,Metro Region,R12-M01,urban,single_family
A007377,R01,North City,R01-M04,urban,single_family
A007378,R04,East District,R04-M02,mixed,multi_family
A007379,R12,Metro Region,R12-M02,urban,multi_family
A007380,R02,South City,R02-M04,urban,large_residential
A007381,R09,Urban Belt,R09-M01,urban,multi_family
A007382,R03,West District,R03-M01,mixed,multi_family
A007383,R02,South City,R02-M03,urban,multi_family
A007384,R09,Urban Belt,R09-M02,urban,multi_family
A007385,R09,Urban Belt,R09-M03,urban,multi_family
A007386,R04,East District,R04-M03,mixed,multi_family
A007387,R02,South City,R02-M03,urban,multi_family
A007388,R12,Metro Region,R12-M02,urban,multi_family
A007389,R03,West District,R03-M03,mixed,large_residential
A007390,R12,Metro Region,R12-M03,urban,multi_family
A007391,R09,Urban Belt,R09-M03,urban,large_residential
A007392,R01,North City,R01-M02,urban,large_residential
A007393,R11,Border Region,R11-M01,mixed,single_family
A007394,R09,Urban Belt,R09-M04,urban,multi_family
A007395,R08,Lake Region,R08-M01,rural,single_family
A007396,R05,Central Region,R05-M04,urban,multi_family
A007397,R05,Central Region,R05-M03,urban,multi_family
A007398,R04,East District,R04-M02,mixed,single_family
A007399,R05,Central Region,R05-M02,urban,multi_family
A007400,R10,Rural Belt,R10-M01,rural,single_family
A007401,R09,Urban Belt,R09-M01,urban,large_residential
A007402,R07,Mountain Region,R07-M04,rural,multi_family
A007403,R06,River Region,R06-M03,mixed,single_family
A007404,R07,Mountain Region,R07-M03,rural,single_family
A007405,R07,Mountain Region,R07-M03,rural,single_family
A007406,R05,Central Region,R05-M04,urban,multi_family
A007407,R04,East District,R04-M02,mixed,multi_family
A007408,R10,Rural Belt,R10-M03,rural,single_family
A007409,R06,River Region,R06-M04,mixed,multi_family
A007410,R09,Urban Belt,R09-M02,urban,multi_family
A007411,R06,River Region,R06-M01,mixed,large_residential
A007412,R03,West District,R03-M03,mixed,single_family
A007413,R09,Urban Belt,R09-M02,urban,large_residential
A007414,R10,Rural Belt,R10-M01,rural,single_family
A007415,R01,North City,R01-M02,urban,large_residential
A007416,R03,West District,R03-M01,mixed,single_family
A007417,R07,Mountain Region,R07-M02,rural,single_family
A007418,R09,Urban Belt,R09-M01,urban,multi_family
A007419,R04,East District,R04-M03,mixed,multi_family
A007420,R05,Central Region,R05-M04,urban,multi_family
A007421,R10,Rural Belt,R10-M03,rural,single_family
A007422,R09,Urban Belt,R09-M03,urban,single_family
A007423,R09,Urban Belt,R09-M02,urban,multi_family
A007424,R12,Metro Region,R12-M04,urban,single_family
A007425,R06,River Region,R06-M02,mixed,multi_family
A007426,R08,Lake Region,R08-M03,rural,large_residential
A007427,R04,East District,R04-M03,mixed,multi_family
A007428,R05,Central Region,R05-M02,urban,multi_family
A007429,R07,Mountain Region,R07-M02,rural,large_residential
A007430,R03,West District,R03-M02,mixed,single_family
A007431,R07,Mountain Region,R07-M02,rural,multi_family
A007432,R02,South City,R02-M03,urban,single_family
A007433,R01,North City,R01-M04,urban,multi_family
A007434,R05,Central Region,R05-M01,urban,multi_family
A007435,R09,Urban Belt,R09-M03,urban,multi_family
A007436,R02,South City,R02-M02,urban,large_residential
A007437,R07,Mountain Region,R07-M02,rural,single_family
A007438,R12,Metro Region,R12-M03,urban,large_residential
A007439,R01,North City,R01-M02,urban,multi_family
A007440,R09,Urban Belt,R09-M04,urban,multi_family
A007441,R03,West District,R03-M01,mixed,single_family
A007442,R04,East District,R04-M03,mixed,single_family
A007443,R01,North City,R01-M02,urban,large_residential
A007444,R02,South City,R02-M02,urban,multi_family
A007445,R07,Mountain Region,R07-M04,rural,multi_family
A007446,R10,Rural Belt,R10-M04,rural,single_family
A007447,R11,Border Region,R11-M02,mixed,multi_family
A007448,R12,Metro Region,R12-M04,urban,multi_family
A007449,R06,River Region,R06-M01,mixed,multi_family
A007450,R09,Urban Belt,R09-M02,urban,single_family
A007451,R12,Metro Region,R12-M04,urban,multi_family
A007452,R02,South City,R02-M03,urban,multi_family
A007453,R04,East District,R04-M03,mixed,single_family
A007454,R09,Urban Belt,R09-M04,urban,multi_family
A007455,R06,River Region,R06-M03,mixed,single_family
A007456,R03,West District,R03-M04,mixed,multi_family
A007457,R02,South City,R02-M04,urban,multi_family
A007458,R10,Rural Belt,R10-M03,rural,single_family
A007459,R03,West District,R03-M04,mixed,single_family
A007460,R12,Metro Region,R12-M01,urban,large_residential
A007461,R12,Metro Region,R12-M01,urban,single_family
A007462,R02,South City,R02-M04,urban,multi_family
A007463,R09,Urban Belt,R09-M01,urban,large_residential
A007464,R05,Central Region,R05-M04,urban,multi_family
A007465,R02,South City,R02-M04,urban,large_residential
A007466,R12,Metro Region,R12-M04,urban,multi_family
A007467,R02,South City,R02-M02,urban,large_residential
A007468,R10,Rural Belt,R10-M02,rural,single_family
A007469,R02,South City,R02-M01,urban,multi_family
A007470,R09,Urban Belt,R09-M02,urban,single_family
A007471,R08,Lake Region,R08-M01,rural,large_residential
A007472,R09,Urban Belt,R09-M03,urban,multi_family
A007473,R03,West District,R03-M03,mixed,multi_family
A007474,R03,West District,R03-M02,mixed,single_family
A007475,R05,Central Region,R05-M02,urban,single_family
A007476,R03,West District,R03-M02,mixed,large_residential
A007477,R09,Urban Belt,R09-M02,urban,multi_family
A007478,R09,Urban Belt,R09-M02,urban,multi_family
A007479,R12,Metro Region,R12-M03,urban,multi_family
A007480,R09,Urban Belt,R09-M02,urban,single_family
A007481,R09,Urban Belt,R09-M02,urban,large_residential
A007482,R10,Rural Belt,R10-M02,rural,single_family
A007483,R10,Rural Belt,R10-M03,rural,single_family
A007484,R07,Mountain Region,R07-M04,rural,single_family
A007485,R09,Urban Belt,R09-M01,urban,multi_family
A007486,R06,River Region,R06-M04,mixed,single_family
A007487,R12,Metro Region,R12-M04,urban,large_residential
A007488,R09,Urban Belt,R09-M02,urban,multi_family
A007489,R07,Mountain Region,R07-M02,rural,single_family
A007490,R08,Lake Region,R08-M02,rural,single_family
A007491,R07,Mountain Region,R07-M03,rural,large_residential
A007492,R06,River Region,R06-M01,mixed,single_family
A007493,R08,Lake Region,R08-M01,rural,single_family
A007494,R07,Mountain Region,R07-M03,rural,single_family
A007495,R09,Urban Belt,R09-M04,urban,multi_family
A007496,R05,Central Region,R05-M03,urban,multi_family
A007497,R05,Central Region,R05-M02,urban,large_residential
A007498,R02,South City,R02-M02,urban,multi_family
A007499,R02,South City,R02-M01,urban,large_residential
A007500,R10,Rural Belt,R10-M04,rural,single_family
A007501,R10,Rural Belt,R10-M02,rural,single_family
A007502,R11,Border Region,R11-M03,mixed,multi_family
A007503,R11,Border Region,R11-M04,mixed,multi_family
A007504,R09,Urban Belt,R09-M02,urban,single_family
A007505,R07,Mountain Region,R07-M04,rural,multi_family
A007506,R05,Central Region,R05-M02,urban,multi_family
A007507,R01,North City,R01-M01,urban,single_family
A007508,R06,River Region,R06-M02,mixed,multi_family
A007509,R06,River Region,R06-M04,mixed,multi_family
A007510,R08,Lake Region,R08-M04,rural,single_family
A007511,R04,East District,R04-M03,mixed,multi_family
A007512,R07,Mountain Region,R07-M02,rural,multi_family
A007513,R09,Urban Belt,R09-M02,urban,multi_family
A007514,R12,Metro Region,R12-M02,urban,multi_family
A007515,R11,Border Region,R11-M02,mixed,single_family
A007516,R05,Central Region,R05-M03,urban,multi_family
A007517,R10,Rural Belt,R10-M03,rural,multi_family
A007518,R12,Metro Region,R12-M02,urban,single_family
A007519,R08,Lake Region,R08-M04,rural,single_family
A007520,R09,Urban Belt,R09-M01,urban,large_residential
A007521,R08,Lake Region,R08-M01,rural,single_family
A007522,R06,River Region,R06-M01,mixed,single_family
A007523,R01,North City,R01-M04,urban,single_family
A007524,R11,Border Region,R11-M04,mixed,multi_family
A007525,R07,Mountain Region,R07-M02,rural,single_family
A007526,R12,Metro Region,R12-M02,urban,single_family
A007527,R03,West District,R03-M03,mixed,multi_family
A007528,R10,Rural Belt,R10-M02,rural,single_family
A007529,R02,South City,R02-M02,urban,multi_family
A007530,R04,East District,R04-M01,mixed,single_family
A007531,R09,Urban Belt,R09-M02,urban,large_residential
A007532,R02,South City,R02-M01,urban,multi_family
A007533,R04,East District,R04-M01,mixed,multi_family
A007534,R02,South City,R02-M04,urban,multi_family
A007535,R02,South City,R02-M03,urban,multi_family
A007536,R12,Metro Region,R12-M02,urban,single_family
A007537,R09,Urban Belt,R09-M02,urban,multi_family
A007538,R03,West District,R03-M03,mixed,multi_family
A007539,R12,Metro Region,R12-M02,urban,multi_family
A007540,R05,Central Region,R05-M03,urban,single_family
A007541,R01,North City,R01-M04,urban,multi_family
A007542,R10,Rural Belt,R10-M04,rural,single_family
A007543,R11,Border Region,R11-M02,mixed,large_residential
A007544,R10,Rural Belt,R10-M03,rural,single_family
A007545,R08,Lake Region,R08-M04,rural,single_family
A007546,R07,Mountain Region,R07-M01,rural,single_family
A007547,R07,Mountain Region,R07-M03,rural,single_family
A007548,R04,East District,R04-M01,mixed,multi_family
A007549,R05,Central Region,R05-M02,urban,multi_family
A007550,R12,Metro Region,R12-M01,urban,single_family
A007551,R09,Urban Belt,R09-M03,urban,multi_family
A007552,R02,South City,R02-M01,urban,single_family
A007553,R04,East District,R04-M01,mixed,single_family
A007554,R01,North City,R01-M04,urban,large_residential
A007555,R01,North City,R01-M03,urban,multi_family
A007556,R02,South City,R02-M02,urban,multi_family
A007557,R04,East District,R04-M02,mixed,multi_family
A007558,R10,Rural Belt,R10-M03,rural,single_family
A007559,R06,River Region,R06-M01,mixed,single_family
A007560,R06,River Region,R06-M01,mixed,multi_family
A007561,R12,Metro Region,R12-M04,urban,single_family
A007562,R04,East District,R04-M03,mixed,single_family
A007563,R09,Urban Belt,R09-M01,urban,single_family
A007564,R12,Metro Region,R12-M03,urban,multi_family
A007565,R04,East District,R04-M02,mixed,large_residential
A007566,R11,Border Region,R11-M04,mixed,single_family
A007567,R01,North City,R01-M03,urban,multi_family
A007568,R01,North City,R01-M02,urban,multi_family
A007569,R05,Central Region,R05-M01,urban,large_residential
A007570,R06,River Region,R06-M03,mixed,multi_family
A007571,R04,East District,R04-M02,mixed,multi_family
A007572,R09,Urban Belt,R09-M02,urban,multi_family
A007573,R04,East District,R04-M04,mixed,single_family
A007574,R12,Metro Region,R12-M02,urban,multi_family
A007575,R05,Central Region,R05-M04,urban,single_family
A007576,R09,Urban Belt,R09-M02,urban,multi_family
A007577,R12,Metro Region,R12-M04,urban,single_family
A007578,R05,Central Region,R05-M02,urban,single_family
A007579,R02,South City,R02-M03,urban,multi_family
A007580,R09,Urban Belt,R09-M02,urban,single_family
A007581,R04,East District,R04-M02,mixed,multi_family
A007582,R05,Central Region,R05-M03,urban,multi_family
A007583,R12,Metro Region,R12-M03,urban,large_residential
A007584,R05,Central Region,R05-M01,urban,multi_family
A007585,R03,West District,R03-M03,mixed,multi_family
A007586,R07,Mountain Region,R07-M03,rural,multi_family
A007587,R10,Rural Belt,R10-M04,rural,multi_family
A007588,R08,Lake Region,R08-M02,rural,single_family
A007589,R02,South City,R02-M02,urban,multi_family
A007590,R01,North City,R01-M01,urban,multi_family
A007591,R09,Urban Belt,R09-M01,urban,single_family
A007592,R12,Metro Region,R12-M02,urban,multi_family
A007593,R03,West District,R03-M01,mixed,single_family
A007594,R10,Rural Belt,R10-M02,rural,single_family
A007595,R09,Urban Belt,R09-M03,urban,single_family
A007596,R06,River Region,R06-M04,mixed,single_family
A007597,R02,South City,R02-M04,urban,multi_family
A007598,R02,South City,R02-M01,urban,multi_family
A007599,R07,Mountain Region,R07-M01,rural,single_family
A007600,R03,West District,R03-M04,mixed,single_family
A007601,R03,West District,R03-M01,mixed,single_family
A007602,R03,West District,R03-M01,mixed,single_family
A007603,R09,Urban Belt,R09-M02,urban,multi_family
A007604,R09,Urban Belt,R09-M03,urban,multi_family
A007605,R11,Border Region,R11-M04,mixed,single_family
A007606,R05,Central Region,R05-M03,urban,large_residential
A007607,R03,West District,R03-M04,mixed,multi_family
A007608,R12,Metro Region,R12-M04,urban,multi_family
A007609,R12,Metro Region,R12-M02,urban,large_residential
A007610,R03,West District,R03-M01,mixed,single_family
A007611,R05,Central Region,R05-M03,urban,multi_family
A007612,R01,North City,R01-M04,urban,large_residential
A007613,R03,West District,R03-M03,mixed,single_family
A007614,R01,North City,R01-M01,urban,single_family
A007615,R12,Metro Region,R12-M03,urban,single_family
A007616,R10,Rural Belt,R10-M03,rural,single_family
A007617,R12,Metro Region,R12-M03,urban,large_residential
A007618,R10,Rural Belt,R10-M01,rural,single_family
A007619,R05,Central Region,R05-M03,urban,single_family
A007620,R03,West District,R03-M02,mixed,single_family
A007621,R03,West District,R03-M04,mixed,single_family
A007622,R01,North City,R01-M04,urban,multi_family
A007623,R06,River Region,R06-M04,mixed,multi_family
A007624,R11,Border Region,R11-M04,mixed,multi_family
A007625,R08,Lake Region,R08-M03,rural,multi_family
A007626,R01,North City,R01-M04,urban,multi_family
A007627,R07,Mountain Region,R07-M03,rural,single_family
A007628,R02,South City,R02-M02,urban,multi_family
A007629,R10,Rural Belt,R10-M02,rural,multi_family
A007630,R01,North City,R01-M04,urban,multi_family
A007631,R10,Rural Belt,R10-M02,rural,single_family
A007632,R06,River Region,R06-M04,mixed,large_residential
A007633,R09,Urban Belt,R09-M03,urban,multi_family
A007634,R10,Rural Belt,R10-M02,rural,large_residential
A007635,R06,River Region,R06-M04,mixed,single_family
A007636,R09,Urban Belt,R09-M01,urban,multi_family
A007637,R01,North City,R01-M03,urban,large_residential
A007638,R02,South City,R02-M01,urban,multi_family
A007639,R11,Border Region,R11-M03,mixed,single_family
A007640,R09,Urban Belt,R09-M01,urban,large_residential
A007641,R09,Urban Belt,R09-M02,urban,large_residential
A007642,R12,Metro Region,R12-M03,urban,multi_family
A007643,R07,Mountain Region,R07-M03,rural,single_family
A007644,R10,Rural Belt,R10-M01,rural,single_family
A007645,R10,Rural Belt,R10-M04,rural,single_family
A007646,R01,North City,R01-M02,urban,single_family
A007647,R12,Metro Region,R12-M01,urban,multi_family
A007648,R01,North City,R01-M04,urban,multi_family
A007649,R06,River Region,R06-M03,mixed,multi_family
A007650,R09,Urban Belt,R09-M02,urban,multi_family
A007651,R12,Metro Region,R12-M01,urban,single_family
A007652,R08,Lake Region,R08-M02,rural,single_family
A007653,R11,Border Region,R11-M03,mixed,single_family
A007654,R05,Central Region,R05-M02,urban,multi_family
A007655,R05,Central Region,R05-M04,urban,multi_family
A007656,R12,Metro Region,R12-M03,urban,multi_family
A007657,R05,Central Region,R05-M04,urban,multi_family
A007658,R06,River Region,R06-M03,mixed,multi_family
A007659,R03,West District,R03-M01,mixed,large_residential
A007660,R04,East District,R04-M02,mixed,single_family
A007661,R12,Metro Region,R12-M04,urban,single_family
A007662,R01,North City,R01-M02,urban,single_family
A007663,R01,North City,R01-M02,urban,multi_family
A007664,R11,Border Region,R11-M01,mixed,single_family
A007665,R06,River Region,R06-M03,mixed,multi_family
A007666,R06,River Region,R06-M02,mixed,single_family
A007667,R10,Rural Belt,R10-M03,rural,multi_family
A007668,R02,South City,R02-M02,urban,single_family
A007669,R12,Metro Region,R12-M03,urban,single_family
A007670,R03,West District,R03-M02,mixed,single_family
A007671,R11,Border Region,R11-M01,mixed,multi_family
A007672,R05,Central Region,R05-M03,urban,multi_family
A007673,R12,Metro Region,R12-M01,urban,large_residential
A007674,R02,South City,R02-M04,urban,large_residential
A007675,R07,Mountain Region,R07-M02,rural,single_family
A007676,R04,East District,R04-M04,mixed,single_family
A007677,R10,Rural Belt,R10-M02,rural,single_family
A007678,R12,Metro Region,R12-M01,urban,multi_family
A007679,R01,North City,R01-M04,urban,single_family
A007680,R03,West District,R03-M01,mixed,single_family
A007681,R01,North City,R01-M01,urban,single_family
A007682,R03,West District,R03-M03,mixed,multi_family
A007683,R03,West District,R03-M04,mixed,single_family
A007684,R11,Border Region,R11-M03,mixed,multi_family
A007685,R04,East District,R04-M01,mixed,multi_family
A007686,R04,East District,R04-M02,mixed,single_family
A007687,R09,Urban Belt,R09-M04,urban,single_family
A007688,R07,Mountain Region,R07-M04,rural,large_residential
A007689,R12,Metro Region,R12-M03,urban,single_family
A007690,R09,Urban Belt,R09-M02,urban,multi_family
A007691,R09,Urban Belt,R09-M03,urban,multi_family
A007692,R12,Metro Region,R12-M04,urban,single_family
A007693,R05,Central Region,R05-M03,urban,single_family
A007694,R03,West District,R03-M03,mixed,multi_family
A007695,R07,Mountain Region,R07-M02,rural,single_family
A007696,R06,River Region,R06-M01,mixed,single_family
A007697,R02,South City,R02-M02,urban,large_residential
A007698,R09,Urban Belt,R09-M04,urban,large_residential
A007699,R06,River Region,R06-M04,mixed,single_family
A007700,R10,Rural Belt,R10-M03,rural,multi_family
A007701,R01,North City,R01-M03,urban,single_family
A007702,R10,Rural Belt,R10-M03,rural,single_family
A007703,R11,Border Region,R11-M01,mixed,multi_family
A007704,R09,Urban Belt,R09-M04,urban,single_family
A007705,R11,Border Region,R11-M03,mixed,single_family
A007706,R06,River Region,R06-M03,mixed,single_family
A007707,R09,Urban Belt,R09-M04,urban,single_family
A007708,R09,Urban Belt,R09-M04,urban,large_residential
A007709,R02,South City,R02-M03,urban,multi_family
A007710,R05,Central Region,R05-M02,urban,multi_family
A007711,R06,River Region,R06-M04,mixed,multi_family
A007712,R10,Rural Belt,R10-M04,rural,single_family
A007713,R02,South City,R02-M03,urban,large_residential
A007714,R12,Metro Region,R12-M04,urban,multi_family
A007715,R11,Border Region,R11-M01,mixed,single_family
A007716,R09,Urban Belt,R09-M03,urban,multi_family
A007717,R03,West District,R03-M04,mixed,single_family
A007718,R07,Mountain Region,R07-M01,rural,single_family
A007719,R12,Metro Region,R12-M02,urban,multi_family
A007720,R06,River Region,R06-M02,mixed,large_residential
A007721,R09,Urban Belt,R09-M03,urban,large_residential
A007722,R02,South City,R02-M03,urban,multi_family
A007723,R11,Border Region,R11-M03,mixed,single_family
A007724,R09,Urban Belt,R09-M01,urban,multi_family
A007725,R01,North City,R01-M04,urban,single_family
A007726,R07,Mountain Region,R07-M04,rural,multi_family
A007727,R06,River Region,R06-M03,mixed,multi_family
A007728,R08,Lake Region,R08-M03,rural,single_family
A007729,R01,North City,R01-M02,urban,large_residential
A007730,R12,Metro Region,R12-M01,urban,large_residential
A007731,R04,East District,R04-M03,mixed,single_family
A007732,R06,River Region,R06-M04,mixed,single_family
A007733,R03,West District,R03-M03,mixed,single_family
A007734,R04,East District,R04-M03,mixed,single_family
A007735,R12,Metro Region,R12-M03,urban,multi_family
A007736,R09,Urban Belt,R09-M01,urban,multi_family
A007737,R08,Lake Region,R08-M04,rural,multi_family
A007738,R01,North City,R01-M01,urban,large_residential
A007739,R02,South City,R02-M01,urban,single_family
A007740,R11,Border Region,R11-M01,mixed,large_residential
A007741,R09,Urban Belt,R09-M04,urban,multi_family
A007742,R03,West District,R03-M03,mixed,single_family
A007743,R02,South City,R02-M02,urban,multi_family
A007744,R12,Metro Region,R12-M01,urban,single_family
A007745,R07,Mountain Region,R07-M01,rural,single_family
A007746,R05,Central Region,R05-M04,urban,single_family
A007747,R03,West District,R03-M02,mixed,single_family
A007748,R09,Urban Belt,R09-M03,urban,multi_family
A007749,R08,Lake Region,R08-M03,rural,single_family
A007750,R03,West District,R03-M02,mixed,multi_family
A007751,R01,North City,R01-M01,urban,large_residential
A007752,R02,South City,R02-M02,urban,multi_family
A007753,R06,River Region,R06-M02,mixed,multi_family
A007754,R05,Central Region,R05-M02,urban,single_family
A007755,R11,Border Region,R11-M01,mixed,multi_family
A007756,R04,East District,R04-M04,mixed,single_family
A007757,R02,South City,R02-M02,urban,single_family
A007758,R03,West District,R03-M04,mixed,large_residential
A007759,R12,Metro Region,R12-M04,urban,multi_family
A007760,R10,Rural Belt,R10-M03,rural,multi_family
A007761,R12,Metro Region,R12-M04,urban,single_family
A007762,R05,Central Region,R05-M02,urban,single_family
A007763,R10,Rural Belt,R10-M01,rural,single_family
A007764,R01,North City,R01-M02,urban,multi_family
A007765,R10,Rural Belt,R10-M02,rural,multi_family
A007766,R09,Urban Belt,R09-M04,urban,single_family
A007767,R10,Rural Belt,R10-M03,rural,multi_family
A007768,R03,West District,R03-M02,mixed,single_family
A007769,R04,East District,R04-M02,mixed,multi_family
A007770,R12,Metro Region,R12-M01,urban,single_family
A007771,R04,East District,R04-M04,mixed,single_family
A007772,R04,East District,R04-M01,mixed,multi_family
A007773,R01,North City,R01-M04,urban,multi_family
A007774,R01,North City,R01-M02,urban,multi_family
A007775,R01,North City,R01-M04,urban,large_residential
A007776,R04,East District,R04-M03,mixed,single_family
A007777,R02,South City,R02-M04,urban,multi_family
A007778,R11,Border Region,R11-M04,mixed,single_family
A007779,R05,Central Region,R05-M04,urban,multi_family
A007780,R09,Urban Belt,R09-M02,urban,large_residential
A007781,R04,East District,R04-M03,mixed,multi_family
A007782,R09,Urban Belt,R09-M01,urban,multi_family
A007783,R06,River Region,R06-M01,mixed,multi_family
A007784,R04,East District,R04-M04,mixed,multi_family
A007785,R08,Lake Region,R08-M01,rural,large_residential
A007786,R03,West District,R03-M01,mixed,multi_family
A007787,R12,Metro Region,R12-M01,urban,multi_family
A007788,R05,Central Region,R05-M01,urban,multi_family
A007789,R06,River Region,R06-M01,mixed,multi_family
A007790,R08,Lake Region,R08-M04,rural,single_family
A007791,R12,Metro Region,R12-M02,urban,multi_family
A007792,R10,Rural Belt,R10-M01,rural,single_family
A007793,R07,Mountain Region,R07-M01,rural,multi_family
A007794,R01,North City,R01-M04,urban,large_residential
A007795,R01,North City,R01-M03,urban,single_family
A007796,R02,South City,R02-M04,urban,large_residential
A007797,R07,Mountain Region,R07-M03,rural,multi_family
A007798,R07,Mountain Region,R07-M01,rural,single_family
A007799,R10,Rural Belt,R10-M04,rural,single_family
A007800,R01,North City,R01-M02,urban,multi_family
A007801,R02,South City,R02-M04,urban,large_residential
A007802,R08,Lake Region,R08-M03,rural,single_family
A007803,R07,Mountain Region,R07-M03,rural,single_family
A007804,R10,Rural Belt,R10-M04,rural,single_family
A007805,R05,Central Region,R05-M03,urban,multi_family
A007806,R04,East District,R04-M02,mixed,single_family
A007807,R11,Border Region,R11-M01,mixed,multi_family
A007808,R02,South City,R02-M03,urban,single_family
A007809,R12,Metro Region,R12-M03,urban,multi_family
A007810,R09,Urban Belt,R09-M03,urban,multi_family
A007811,R11,Border Region,R11-M01,mixed,single_family
A007812,R10,Rural Belt,R10-M01,rural,single_family
A007813,R09,Urban Belt,R09-M02,urban,multi_family
A007814,R10,Rural Belt,R10-M04,rural,multi_family
A007815,R02,South City,R02-M01,urban,multi_family
A007816,R03,West District,R03-M02,mixed,large_residential
A007817,R01,North City,R01-M03,urban,multi_family
A007818,R12,Metro Region,R12-M01,urban,multi_family
A007819,R05,Central Region,R05-M04,urban,multi_family
A007820,R06,River Region,R06-M02,mixed,multi_family
A007821,R07,Mountain Region,R07-M02,rural,single_family
A007822,R04,East District,R04-M03,mixed,single_family
A007823,R07,Mountain Region,R07-M03,rural,single_family
A007824,R11,Border Region,R11-M02,mixed,multi_family
A007825,R12,Metro Region,R12-M03,urban,single_family
A007826,R12,Metro Region,R12-M03,urban,multi_family
A007827,R06,River Region,R06-M04,mixed,multi_family
A007828,R01,North City,R01-M02,urban,multi_family
A007829,R09,Urban Belt,R09-M01,urban,multi_family
A007830,R06,River Region,R06-M01,mixed,single_family
A007831,R01,North City,R01-M04,urban,large_residential
A007832,R08,Lake Region,R08-M03,rural,single_family
A007833,R01,North City,R01-M02,urban,large_residential
A007834,R09,Urban Belt,R09-M02,urban,multi_family
A007835,R08,Lake Region,R08-M02,rural,single_family
A007836,R10,Rural Belt,R10-M03,rural,multi_family
A007837,R06,River Region,R06-M01,mixed,single_family
A007838,R10,Rural Belt,R10-M04,rural,single_family
A007839,R03,West District,R03-M01,mixed,multi_family
A007840,R10,Rural Belt,R10-M01,rural,single_family
A007841,R02,South City,R02-M03,urban,large_residential
A007842,R05,Central Region,R05-M04,urban,single_family
A007843,R03,West District,R03-M01,mixed,multi_family
A007844,R06,River Region,R06-M02,mixed,single_family
A007845,R03,West District,R03-M03,mixed,multi_family
A007846,R01,North City,R01-M02,urban,multi_family
A007847,R09,Urban Belt,R09-M04,urban,single_family
A007848,R12,Metro Region,R12-M04,urban,large_residential
A007849,R02,South City,R02-M03,urban,multi_family
A007850,R02,South City,R02-M02,urban,multi_family
A007851,R05,Central Region,R05-M04,urban,multi_family
A007852,R04,East District,R04-M01,mixed,single_family
A007853,R08,Lake Region,R08-M02,rural,single_family
A007854,R07,Mountain Region,R07-M03,rural,multi_family
A007855,R04,East District,R04-M02,mixed,single_family
A007856,R12,Metro Region,R12-M03,urban,multi_family
A007857,R12,Metro Region,R12-M02,urban,multi_family
A007858,R12,Metro Region,R12-M04,urban,multi_family
A007859,R12,Metro Region,R12-M03,urban,multi_family
A007860,R01,North City,R01-M04,urban,large_residential
A007861,R01,North City,R01-M02,urban,large_residential
A007862,R10,Rural Belt,R10-M03,rural,single_family
A007863,R10,Rural Belt,R10-M02,rural,single_family
A007864,R01,North City,R01-M04,urban,large_residential
A007865,R01,North City,R01-M03,urban,multi_family
A007866,R09,Urban Belt,R09-M01,urban,multi_family
A007867,R10,Rural Belt,R10-M03,rural,single_family
A007868,R12,Metro Region,R12-M04,urban,multi_family
A007869,R12,Metro Region,R12-M01,urban,large_residential
A007870,R01,North City,R01-M04,urban,multi_family
A007871,R01,North City,R01-M04,urban,large_residential
A007872,R11,Border Region,R11-M03,mixed,multi_family
A007873,R09,Urban Belt,R09-M02,urban,multi_family
A007874,R12,Metro Region,R12-M04,urban,multi_family
A007875,R01,North City,R01-M01,urban,multi_family
A007876,R05,Central Region,R05-M02,urban,multi_family
A007877,R11,Border Region,R11-M03,mixed,multi_family
A007878,R09,Urban Belt,R09-M01,urban,multi_family
A007879,R11,Border Region,R11-M03,mixed,multi_family
A007880,R09,Urban Belt,R09-M02,urban,single_family
A007881,R12,Metro Region,R12-M04,urban,large_residential
A007882,R01,North City,R01-M03,urban,single_family
A007883,R03,West District,R03-M02,mixed,multi_family
A007884,R10,Rural Belt,R10-M04,rural,multi_family
A007885,R08,Lake Region,R08-M04,rural,single_family
A007886,R04,East District,R04-M02,mixed,single_family
A007887,R04,East District,R04-M03,mixed,single_family
A007888,R08,Lake Region,R08-M03,rural,single_family
A007889,R09,Urban Belt,R09-M04,urban,multi_family
A007890,R03,West District,R03-M04,mixed,multi_family
A007891,R05,Central Region,R05-M03,urban,multi_family
A007892,R01,North City,R01-M03,urban,large_residential
A007893,R06,River Region,R06-M02,mixed,single_family
A007894,R09,Urban Belt,R09-M03,urban,multi_family
A007895,R07,Mountain Region,R07-M04,rural,single_family
A007896,R07,Mountain Region,R07-M04,rural,single_family
A007897,R11,Border Region,R11-M04,mixed,multi_family
A007898,R03,West District,R03-M02,mixed,multi_family
A007899,R09,Urban Belt,R09-M04,urban,multi_family
A007900,R04,East District,R04-M02,mixed,large_residential
A007901,R05,Central Region,R05-M02,urban,single_family
A007902,R10,Rural Belt,R10-M02,rural,multi_family
A007903,R12,Metro Region,R12-M01,urban,multi_family
A007904,R07,Mountain Region,R07-M04,rural,multi_family
A007905,R02,South City,R02-M04,urban,single_family
A007906,R01,North City,R01-M02,urban,single_family
A007907,R02,South City,R02-M04,urban,multi_family
A007908,R03,West District,R03-M01,mixed,large_residential
A007909,R12,Metro Region,R12-M04,urban,multi_family
A007910,R11,Border Region,R11-M01,mixed,single_family
A007911,R05,Central Region,R05-M03,urban,large_residential
A007912,R07,Mountain Region,R07-M04,rural,single_family
A007913,R11,Border Region,R11-M04,mixed,multi_family
A007914,R02,South City,R02-M01,urban,multi_family
A007915,R01,North City,R01-M03,urban,single_family
A007916,R05,Central Region,R05-M03,urban,large_residential
A007917,R12,Metro Region,R12-M04,urban,multi_family
A007918,R07,Mountain Region,R07-M04,rural,multi_family
A007919,R06,River Region,R06-M01,mixed,multi_family
A007920,R04,East District,R04-M01,mixed,single_family
A007921,R01,North City,R01-M04,urban,large_residential
A007922,R10,Rural Belt,R10-M03,rural,multi_family
A007923,R12,Metro Region,R12-M04,urban,large_residential
A007924,R02,South City,R02-M03,urban,single_family
A007925,R07,Mountain Region,R07-M04,rural,single_family
A007926,R04,East District,R04-M03,mixed,multi_family
A007927,R12,Metro Region,R12-M04,urban,large_residential
A007928,R12,Metro Region,R12-M02,urban,single_family
A007929,R05,Central Region,R05-M01,urban,multi_family
A007930,R05,Central Region,R05-M04,urban,multi_family
A007931,R08,Lake Region,R08-M02,rural,single_family
A007932,R10,Rural Belt,R10-M01,rural,single_family
A007933,R04,East District,R04-M03,mixed,multi_family
A007934,R09,Urban Belt,R09-M01,urban,multi_family
A007935,R06,River Region,R06-M04,mixed,single_family
A007936,R08,Lake Region,R08-M03,rural,multi_family
A007937,R12,Metro Region,R12-M03,urban,single_family
A007938,R02,South City,R02-M01,urban,large_residential
A007939,R03,West District,R03-M02,mixed,single_family
A007940,R01,North City,R01-M04,urban,multi_family
A007941,R08,Lake Region,R08-M03,rural,single_family
A007942,R02,South City,R02-M01,urban,multi_family
A007943,R06,River Region,R06-M02,mixed,single_family
A007944,R12,Metro Region,R12-M02,urban,multi_family
A007945,R09,Urban Belt,R09-M02,urban,large_residential
A007946,R08,Lake Region,R08-M01,rural,single_family
A007947,R10,Rural Belt,R10-M02,rural,large_residential
A007948,R07,Mountain Region,R07-M04,rural,multi_family
A007949,R07,Mountain Region,R07-M01,rural,single_family
A007950,R11,Border Region,R11-M04,mixed,single_family
A007951,R07,Mountain Region,R07-M03,rural,single_family
A007952,R07,Mountain Region,R07-M03,rural,single_family
A007953,R12,Metro Region,R12-M03,urban,single_family
A007954,R12,Metro Region,R12-M02,urban,single_family
A007955,R11,Border Region,R11-M02,mixed,single_family
A007956,R07,Mountain Region,R07-M01,rural,multi_family
A007957,R05,Central Region,R05-M02,urban,multi_family
A007958,R05,Central Region,R05-M03,urban,multi_family
A007959,R01,North City,R01-M02,urban,large_residential
A007960,R09,Urban Belt,R09-M04,urban,single_family
A007961,R01,North City,R01-M01,urban,multi_family
A007962,R07,Mountain Region,R07-M02,rural,single_family
A007963,R08,Lake Region,R08-M03,rural,single_family
A007964,R12,Metro Region,R12-M03,urban,single_family
A007965,R05,Central Region,R05-M01,urban,multi_family
A007966,R10,Rural Belt,R10-M01,rural,single_family
A007967,R11,Border Region,R11-M03,mixed,single_family
A007968,R06,River Region,R06-M03,mixed,multi_family
A007969,R05,Central Region,R05-M01,urban,single_family
A007970,R02,South City,R02-M04,urban,multi_family
A007971,R08,Lake Region,R08-M03,rural,single_family
A007972,R04,East District,R04-M02,mixed,multi_family
A007973,R12,Metro Region,R12-M03,urban,multi_family
A007974,R12,Metro Region,R12-M03,urban,single_family
A007975,R01,North City,R01-M03,urban,multi_family
A007976,R12,Metro Region,R12-M01,urban,single_family
A007977,R12,Metro Region,R12-M02,urban,large_residential
A007978,R02,South City,R02-M02,urban,multi_family
A007979,R12,Metro Region,R12-M02,urban,multi_family
A007980,R12,Metro Region,R12-M02,urban,large_residential
A007981,R11,Border Region,R11-M01,mixed,single_family
A007982,R08,Lake Region,R08-M02,rural,single_family
A007983,R12,Metro Region,R12-M03,urban,multi_family
A007984,R01,North City,R01-M01,urban,multi_family
A007985,R09,Urban Belt,R09-M04,urban,large_residential
A007986,R10,Rural Belt,R10-M03,rural,multi_family
A007987,R12,Metro Region,R12-M02,urban,multi_family
A007988,R12,Metro Region,R12-M04,urban,multi_family
A007989,R04,East District,R04-M03,mixed,single_family
A007990,R07,Mountain Region,R07-M02,rural,single_family
A007991,R10,Rural Belt,R10-M04,rural,multi_family
A007992,R09,Urban Belt,R09-M04,urban,single_family
A007993,R04,East District,R04-M02,mixed,multi_family
A007994,R09,Urban Belt,R09-M02,urban,large_residential
A007995,R01,North City,R01-M01,urban,multi_family
A007996,R12,Metro Region,R12-M03,urban,multi_family
A007997,R10,Rural Belt,R10-M02,rural,single_family
A007998,R01,North City,R01-M04,urban,single_family
A007999,R03,West District,R03-M03,mixed,large_residential
A008000,R02,South City,R02-M03,urban,large_residential
A008001,R02,South City,R02-M02,urban,multi_family
A008002,R03,West District,R03-M02,mixed,multi_family
A008003,R12,Metro Region,R12-M03,urban,single_family
A008004,R10,Rural Belt,R10-M01,rural,single_family
A008005,R05,Central Region,R05-M03,urban,multi_family
A008006,R12,Metro Region,R12-M04,urban,single_family
A008007,R03,West District,R03-M01,mixed,multi_family
A008008,R09,Urban Belt,R09-M02,urban,multi_family
A008009,R09,Urban Belt,R09-M04,urban,large_residential
A008010,R06,River Region,R06-M04,mixed,single_family
A008011,R02,South City,R02-M04,urban,single_family
A008012,R02,South City,R02-M04,urban,single_family
A008013,R01,North City,R01-M03,urban,single_family
A008014,R06,River Region,R06-M01,mixed,single_family
A008015,R03,West District,R03-M03,mixed,single_family
A008016,R07,Mountain Region,R07-M04,rural,single_family
A008017,R10,Rural Belt,R10-M02,rural,multi_family
A008018,R12,Metro Region,R12-M03,urban,multi_family
A008019,R04,East District,R04-M01,mixed,multi_family
A008020,R05,Central Region,R05-M04,urban,multi_family
A008021,R12,Metro Region,R12-M02,urban,single_family
A008022,R04,East District,R04-M03,mixed,single_family
A008023,R02,South City,R02-M02,urban,multi_family
A008024,R12,Metro Region,R12-M02,urban,multi_family
A008025,R09,Urban Belt,R09-M04,urban,large_residential
A008026,R10,Rural Belt,R10-M02,rural,single_family
A008027,R03,West District,R03-M03,mixed,multi_family
A008028,R03,West District,R03-M03,mixed,single_family
A008029,R09,Urban Belt,R09-M03,urban,multi_family
A008030,R10,Rural Belt,R10-M01,rural,multi_family
A008031,R09,Urban Belt,R09-M02,urban,multi_family
A008032,R09,Urban Belt,R09-M02,urban,single_family
A008033,R10,Rural Belt,R10-M03,rural,single_family
A008034,R03,West District,R03-M01,mixed,single_family
A008035,R01,North City,R01-M02,urban,large_residential
A008036,R01,North City,R01-M02,urban,single_family
A008037,R09,Urban Belt,R09-M02,urban,large_residential
A008038,R12,Metro Region,R12-M01,urban,multi_family
A008039,R05,Central Region,R05-M03,urban,multi_family
A008040,R01,North City,R01-M03,urban,multi_family
A008041,R05,Central Region,R05-M04,urban,multi_family
A008042,R01,North City,R01-M04,urban,single_family
A008043,R03,West District,R03-M01,mixed,single_family
A008044,R04,East District,R04-M01,mixed,multi_family
A008045,R11,Border Region,R11-M04,mixed,single_family
A008046,R11,Border Region,R11-M02,mixed,single_family
A008047,R03,West District,R03-M04,mixed,multi_family
A008048,R09,Urban Belt,R09-M02,urban,multi_family
A008049,R09,Urban Belt,R09-M03,urban,single_family
A008050,R12,Metro Region,R12-M04,urban,multi_family
A008051,R02,South City,R02-M03,urban,multi_family
A008052,R02,South City,R02-M01,urban,multi_family
A008053,R11,Border Region,R11-M04,mixed,single_family
A008054,R08,Lake Region,R08-M01,rural,large_residential
A008055,R08,Lake Region,R08-M03,rural,single_family
A008056,R01,North City,R01-M04,urban,multi_family
A008057,R10,Rural Belt,R10-M01,rural,single_family
A008058,R04,East District,R04-M04,mixed,multi_family
A008059,R05,Central Region,R05-M02,urban,multi_family
A008060,R06,River Region,R06-M03,mixed,multi_family
A008061,R08,Lake Region,R08-M04,rural,multi_family
A008062,R09,Urban Belt,R09-M02,urban,single_family
A008063,R03,West District,R03-M03,mixed,single_family
A008064,R02,South City,R02-M04,urban,multi_family
A008065,R03,West District,R03-M03,mixed,multi_family
A008066,R02,South City,R02-M04,urban,multi_family
A008067,R06,River Region,R06-M03,mixed,single_family
A008068,R06,River Region,R06-M03,mixed,single_family
A008069,R01,North City,R01-M01,urban,multi_family
A008070,R11,Border Region,R11-M04,mixed,multi_family
A008071,R06,River Region,R06-M01,mixed,single_family
A008072,R07,Mountain Region,R07-M03,rural,single_family
A008073,R06,River Region,R06-M01,mixed,single_family
A008074,R09,Urban Belt,R09-M01,urban,multi_family
A008075,R05,Central Region,R05-M03,urban,multi_family
A008076,R03,West District,R03-M01,mixed,single_family
A008077,R11,Border Region,R11-M04,mixed,multi_family
A008078,R01,North City,R01-M03,urban,multi_family
A008079,R11,Border Region,R11-M02,mixed,multi_family
A008080,R08,Lake Region,R08-M04,rural,large_residential
A008081,R12,Metro Region,R12-M02,urban,multi_family
A008082,R04,East District,R04-M03,mixed,single_family
A008083,R05,Central Region,R05-M04,urban,multi_family
A008084,R09,Urban Belt,R09-M03,urban,large_residential
A008085,R03,West District,R03-M01,mixed,single_family
A008086,R08,Lake Region,R08-M02,rural,single_family
A008087,R11,Border Region,R11-M01,mixed,single_family
A008088,R02,South City,R02-M01,urban,large_residential
A008089,R05,Central Region,R05-M04,urban,multi_family
A008090,R05,Central Region,R05-M04,urban,multi_family
A008091,R01,North City,R01-M02,urban,single_family
A008092,R05,Central Region,R05-M01,urban,single_family
A008093,R03,West District,R03-M02,mixed,multi_family
A008094,R02,South City,R02-M01,urban,single_family
A008095,R04,East District,R04-M03,mixed,single_family
A008096,R03,West District,R03-M03,mixed,multi_family
A008097,R08,Lake Region,R08-M01,rural,single_family
A008098,R05,Central Region,R05-M04,urban,multi_family
A008099,R10,Rural Belt,R10-M03,rural,single_family
A008100,R03,West District,R03-M04,mixed,large_residential
A008101,R08,Lake Region,R08-M03,rural,single_family
A008102,R03,West District,R03-M04,mixed,single_family
A008103,R04,East District,R04-M01,mixed,single_family
A008104,R10,Rural Belt,R10-M02,rural,single_family
A008105,R06,River Region,R06-M02,mixed,single_family
A008106,R02,South City,R02-M01,urban,single_family
A008107,R04,East District,R04-M02,mixed,single_family
A008108,R05,Central Region,R05-M01,urban,single_family
A008109,R10,Rural Belt,R10-M03,rural,single_family
A008110,R03,West District,R03-M04,mixed,single_family
A008111,R09,Urban Belt,R09-M03,urban,multi_family
A008112,R06,River Region,R06-M03,mixed,multi_family
A008113,R10,Rural Belt,R10-M01,rural,multi_family
A008114,R06,River Region,R06-M03,mixed,single_family
A008115,R05,Central Region,R05-M03,urban,large_residential
A008116,R12,Metro Region,R12-M03,urban,large_residential
A008117,R09,Urban Belt,R09-M02,urban,multi_family
A008118,R10,Rural Belt,R10-M04,rural,single_family
A008119,R07,Mountain Region,R07-M03,rural,multi_family
A008120,R03,West District,R03-M01,mixed,multi_family
A008121,R05,Central Region,R05-M04,urban,single_family
A008122,R06,River Region,R06-M02,mixed,single_family
A008123,R07,Mountain Region,R07-M02,rural,single_family
A008124,R02,South City,R02-M04,urban,large_residential
A008125,R09,Urban Belt,R09-M01,urban,large_residential
A008126,R03,West District,R03-M03,mixed,single_family
A008127,R06,River Region,R06-M01,mixed,single_family
A008128,R10,Rural Belt,R10-M02,rural,single_family
A008129,R01,North City,R01-M02,urban,large_residential
A008130,R10,Rural Belt,R10-M03,rural,large_residential
A008131,R05,Central Region,R05-M02,urban,multi_family
A008132,R02,South City,R02-M02,urban,multi_family
A008133,R10,Rural Belt,R10-M03,rural,multi_family
A008134,R07,Mountain Region,R07-M04,rural,multi_family
A008135,R02,South City,R02-M03,urban,multi_family
A008136,R02,South City,R02-M01,urban,multi_family
A008137,R09,Urban Belt,R09-M01,urban,multi_family
A008138,R05,Central Region,R05-M01,urban,single_family
A008139,R09,Urban Belt,R09-M04,urban,large_residential
A008140,R07,Mountain Region,R07-M04,rural,single_family
A008141,R11,Border Region,R11-M04,mixed,multi_family
A008142,R01,North City,R01-M02,urban,single_family
A008143,R01,North City,R01-M02,urban,single_family
A008144,R07,Mountain Region,R07-M01,rural,multi_family
A008145,R11,Border Region,R11-M01,mixed,single_family
A008146,R09,Urban Belt,R09-M01,urban,single_family
A008147,R03,West District,R03-M04,mixed,single_family
A008148,R01,North City,R01-M02,urban,multi_family
A008149,R03,West District,R03-M02,mixed,single_family
A008150,R09,Urban Belt,R09-M02,urban,multi_family
A008151,R07,Mountain Region,R07-M02,rural,single_family
A008152,R01,North City,R01-M01,urban,large_residential
A008153,R12,Metro Region,R12-M03,urban,single_family
A008154,R09,Urban Belt,R09-M01,urban,large_residential
A008155,R10,Rural Belt,R10-M04,rural,single_family
A008156,R12,Metro Region,R12-M02,urban,large_residential
A008157,R09,Urban Belt,R09-M03,urban,large_residential
A008158,R03,West District,R03-M03,mixed,single_family
A008159,R09,Urban Belt,R09-M02,urban,single_family
A008160,R10,Rural Belt,R10-M01,rural,multi_family
A008161,R06,River Region,R06-M01,mixed,single_family
A008162,R07,Mountain Region,R07-M04,rural,single_family
A008163,R01,North City,R01-M02,urban,single_family
A008164,R01,North City,R01-M04,urban,single_family
A008165,R05,Central Region,R05-M01,urban,multi_family
A008166,R07,Mountain Region,R07-M01,rural,multi_family
A008167,R08,Lake Region,R08-M03,rural,multi_family
A008168,R12,Metro Region,R12-M03,urban,large_residential
A008169,R05,Central Region,R05-M01,urban,single_family
A008170,R08,Lake Region,R08-M02,rural,multi_family
A008171,R06,River Region,R06-M02,mixed,large_residential
A008172,R10,Rural Belt,R10-M04,rural,single_family
A008173,R01,North City,R01-M04,urban,large_residential
A008174,R10,Rural Belt,R10-M03,rural,single_family
A008175,R06,River Region,R06-M03,mixed,multi_family
A008176,R04,East District,R04-M03,mixed,single_family
A008177,R06,River Region,R06-M03,mixed,single_family
A008178,R01,North City,R01-M01,urban,large_residential
A008179,R07,Mountain Region,R07-M04,rural,single_family
A008180,R07,Mountain Region,R07-M02,rural,single_family
A008181,R11,Border Region,R11-M04,mixed,multi_family
A008182,R09,Urban Belt,R09-M01,urban,multi_family
A008183,R03,West District,R03-M01,mixed,single_family
A008184,R06,River Region,R06-M04,mixed,single_family
A008185,R04,East District,R04-M01,mixed,multi_family
A008186,R05,Central Region,R05-M03,urban,multi_family
A008187,R10,Rural Belt,R10-M04,rural,single_family
A008188,R11,Border Region,R11-M03,mixed,single_family
A008189,R06,River Region,R06-M02,mixed,multi_family
A008190,R11,Border Region,R11-M03,mixed,multi_family
A008191,R01,North City,R01-M02,urban,multi_family
A008192,R05,Central Region,R05-M01,urban,multi_family
A008193,R10,Rural Belt,R10-M03,rural,single_family
A008194,R09,Urban Belt,R09-M02,urban,large_residential
A008195,R05,Central Region,R05-M01,urban,multi_family
A008196,R08,Lake Region,R08-M03,rural,single_family
A008197,R04,East District,R04-M04,mixed,multi_family
A008198,R09,Urban Belt,R09-M01,urban,large_residential
A008199,R01,North City,R01-M02,urban,single_family
A008200,R11,Border Region,R11-M03,mixed,single_family
A008201,R12,Metro Region,R12-M02,urban,multi_family
A008202,R08,Lake Region,R08-M01,rural,single_family
A008203,R09,Urban Belt,R09-M03,urban,multi_family
A008204,R01,North City,R01-M02,urban,multi_family
A008205,R08,Lake Region,R08-M03,rural,single_family
A008206,R12,Metro Region,R12-M04,urban,large_residential
A008207,R02,South City,R02-M01,urban,multi_family
A008208,R02,South City,R02-M04,urban,multi_family
A008209,R09,Urban Belt,R09-M02,urban,single_family
A008210,R09,Urban Belt,R09-M03,urban,multi_family
A008211,R08,Lake Region,R08-M03,rural,single_family
A008212,R08,Lake Region,R08-M03,rural,multi_family
A008213,R08,Lake Region,R08-M01,rural,single_family
A008214,R08,Lake Region,R08-M04,rural,single_family
A008215,R11,Border Region,R11-M02,mixed,single_family
A008216,R01,North City,R01-M01,urban,multi_family
A008217,R05,Central Region,R05-M04,urban,multi_family
A008218,R10,Rural Belt,R10-M04,rural,single_family
A008219,R04,East District,R04-M03,mixed,single_family
A008220,R11,Border Region,R11-M01,mixed,large_residential
A008221,R09,Urban Belt,R09-M02,urban,large_residential
A008222,R12,Metro Region,R12-M04,urban,multi_family
A008223,R06,River Region,R06-M04,mixed,multi_family
A008224,R09,Urban Belt,R09-M02,urban,single_family
A008225,R02,South City,R02-M01,urban,multi_family
A008226,R07,Mountain Region,R07-M03,rural,single_family
A008227,R04,East District,R04-M02,mixed,single_family
A008228,R07,Mountain Region,R07-M01,rural,single_family
A008229,R10,Rural Belt,R10-M01,rural,single_family
A008230,R09,Urban Belt,R09-M04,urban,multi_family
A008231,R09,Urban Belt,R09-M04,urban,single_family
A008232,R09,Urban Belt,R09-M03,urban,single_family
A008233,R08,Lake Region,R08-M04,rural,multi_family
A008234,R01,North City,R01-M01,urban,large_residential
A008235,R01,North City,R01-M04,urban,multi_family
A008236,R03,West District,R03-M02,mixed,single_family
A008237,R02,South City,R02-M03,urban,multi_family
A008238,R02,South City,R02-M04,urban,multi_family
A008239,R03,West District,R03-M03,mixed,multi_family
A008240,R06,River Region,R06-M03,mixed,large_residential
A008241,R04,East District,R04-M01,mixed,multi_family
A008242,R09,Urban Belt,R09-M02,urban,multi_family
A008243,R06,River Region,R06-M04,mixed,multi_family
A008244,R01,North City,R01-M04,urban,single_family
A008245,R08,Lake Region,R08-M04,rural,large_residential
A008246,R04,East District,R04-M02,mixed,single_family
A008247,R12,Metro Region,R12-M01,urban,multi_family
A008248,R09,Urban Belt,R09-M04,urban,multi_family
A008249,R01,North City,R01-M01,urban,large_residential
A008250,R01,North City,R01-M01,urban,large_residential
A008251,R03,West District,R03-M04,mixed,multi_family
A008252,R01,North City,R01-M04,urban,large_residential
A008253,R10,Rural Belt,R10-M02,rural,single_family
A008254,R08,Lake Region,R08-M03,rural,multi_family
A008255,R02,South City,R02-M02,urban,multi_family
A008256,R08,Lake Region,R08-M01,rural,large_residential
A008257,R07,Mountain Region,R07-M03,rural,single_family
A008258,R12,Metro Region,R12-M03,urban,multi_family
A008259,R06,River Region,R06-M02,mixed,multi_family
A008260,R06,River Region,R06-M03,mixed,multi_family
A008261,R04,East District,R04-M01,mixed,large_residential
A008262,R09,Urban Belt,R09-M04,urban,single_family
A008263,R09,Urban Belt,R09-M01,urban,single_family
A008264,R11,Border Region,R11-M02,mixed,single_family
A008265,R07,Mountain Region,R07-M01,rural,single_family
A008266,R01,North City,R01-M04,urban,multi_family
A008267,R09,Urban Belt,R09-M01,urban,single_family
A008268,R11,Border Region,R11-M02,mixed,large_residential
A008269,R11,Border Region,R11-M02,mixed,multi_family
A008270,R07,Mountain Region,R07-M04,rural,multi_family
A008271,R02,South City,R02-M02,urban,single_family
A008272,R09,Urban Belt,R09-M04,urban,multi_family
A008273,R03,West District,R03-M04,mixed,multi_family
A008274,R03,West District,R03-M04,mixed,single_family
A008275,R12,Metro Region,R12-M01,urban,large_residential
A008276,R12,Metro Region,R12-M04,urban,multi_family
A008277,R11,Border Region,R11-M03,mixed,multi_family
A008278,R02,South City,R02-M01,urban,multi_family
A008279,R11,Border Region,R11-M03,mixed,multi_family
A008280,R04,East District,R04-M02,mixed,multi_family
A008281,R08,Lake Region,R08-M04,rural,single_family
A008282,R10,Rural Belt,R10-M01,rural,multi_family
A008283,R12,Metro Region,R12-M01,urban,large_residential
A008284,R02,South City,R02-M02,urban,large_residential
A008285,R09,Urban Belt,R09-M01,urban,multi_family
A008286,R11,Border Region,R11-M02,mixed,large_residential
A008287,R03,West District,R03-M04,mixed,single_family
A008288,R09,Urban Belt,R09-M03,urban,single_family
A008289,R09,Urban Belt,R09-M03,urban,multi_family
A008290,R06,River Region,R06-M01,mixed,multi_family
A008291,R09,Urban Belt,R09-M03,urban,large_residential
A008292,R09,Urban Belt,R09-M04,urban,multi_family
A008293,R07,Mountain Region,R07-M03,rural,single_family
A008294,R02,South City,R02-M01,urban,multi_family
A008295,R09,Urban Belt,R09-M02,urban,multi_family
A008296,R06,River Region,R06-M01,mixed,single_family
A008297,R01,North City,R01-M01,urban,multi_family
A008298,R10,Rural Belt,R10-M02,rural,single_family
A008299,R01,North City,R01-M03,urban,single_family
A008300,R01,North City,R01-M03,urban,single_family
A008301,R07,Mountain Region,R07-M02,rural,single_family
A008302,R05,Central Region,R05-M01,urban,multi_family
A008303,R01,North City,R01-M03,urban,multi_family
A008304,R06,River Region,R06-M02,mixed,multi_family
A008305,R09,Urban Belt,R09-M04,urban,large_residential
A008306,R05,Central Region,R05-M04,urban,multi_family
A008307,R09,Urban Belt,R09-M04,urban,large_residential
A008308,R03,West District,R03-M01,mixed,single_family
A008309,R01,North City,R01-M03,urban,multi_family
A008310,R10,Rural Belt,R10-M04,rural,single_family
A008311,R09,Urban Belt,R09-M03,urban,large_residential
A008312,R09,Urban Belt,R09-M01,urban,multi_family
A008313,R06,River Region,R06-M02,mixed,multi_family
A008314,R12,Metro Region,R12-M02,urban,multi_family
A008315,R06,River Region,R06-M03,mixed,single_family
A008316,R09,Urban Belt,R09-M04,urban,multi_family
A008317,R06,River Region,R06-M02,mixed,single_family
A008318,R09,Urban Belt,R09-M02,urban,multi_family
A008319,R04,East District,R04-M02,mixed,multi_family
A008320,R05,Central Region,R05-M02,urban,single_family
A008321,R05,Central Region,R05-M01,urban,large_residential
A008322,R06,River Region,R06-M03,mixed,single_family
A008323,R06,River Region,R06-M02,mixed,multi_family
A008324,R07,Mountain Region,R07-M02,rural,multi_family
A008325,R04,East District,R04-M02,mixed,single_family
A008326,R05,Central Region,R05-M02,urban,multi_family
A008327,R03,West District,R03-M02,mixed,single_family
A008328,R06,River Region,R06-M02,mixed,single_family
A008329,R10,Rural Belt,R10-M02,rural,single_family
A008330,R12,Metro Region,R12-M04,urban,large_residential
A008331,R02,South City,R02-M03,urban,single_family
A008332,R10,Rural Belt,R10-M01,rural,multi_family
A008333,R12,Metro Region,R12-M04,urban,large_residential
A008334,R09,Urban Belt,R09-M03,urban,multi_family
A008335,R06,River Region,R06-M03,mixed,large_residential
A008336,R11,Border Region,R11-M02,mixed,single_family
A008337,R08,Lake Region,R08-M04,rural,single_family
A008338,R06,River Region,R06-M03,mixed,multi_family
A008339,R02,South City,R02-M02,urban,multi_family
A008340,R01,North City,R01-M03,urban,large_residential
A008341,R06,River Region,R06-M01,mixed,multi_family
A008342,R05,Central Region,R05-M02,urban,single_family
A008343,R01,North City,R01-M01,urban,multi_family
A008344,R03,West District,R03-M04,mixed,large_residential
A008345,R07,Mountain Region,R07-M03,rural,multi_family
A008346,R05,Central Region,R05-M03,urban,multi_family
A008347,R04,East District,R04-M03,mixed,multi_family
A008348,R05,Central Region,R05-M03,urban,multi_family
A008349,R06,River Region,R06-M02,mixed,large_residential
A008350,R09,Urban Belt,R09-M01,urban,multi_family
A008351,R03,West District,R03-M01,mixed,multi_family
A008352,R02,South City,R02-M03,urban,large_residential
A008353,R10,Rural Belt,R10-M02,rural,multi_family
A008354,R12,Metro Region,R12-M02,urban,multi_family
A008355,R01,North City,R01-M03,urban,large_residential
A008356,R12,Metro Region,R12-M01,urban,single_family
A008357,R09,Urban Belt,R09-M01,urban,multi_family
A008358,R08,Lake Region,R08-M01,rural,multi_family
A008359,R01,North City,R01-M03,urban,multi_family
A008360,R08,Lake Region,R08-M02,rural,single_family
A008361,R07,Mountain Region,R07-M02,rural,single_family
A008362,R02,South City,R02-M03,urban,multi_family
A008363,R02,South City,R02-M01,urban,multi_family
A008364,R04,East District,R04-M03,mixed,single_family
A008365,R01,North City,R01-M01,urban,multi_family
A008366,R05,Central Region,R05-M03,urban,multi_family
A008367,R01,North City,R01-M02,urban,multi_family
A008368,R03,West District,R03-M03,mixed,multi_family
A008369,R02,South City,R02-M02,urban,large_residential
A008370,R10,Rural Belt,R10-M02,rural,single_family
A008371,R08,Lake Region,R08-M04,rural,multi_family
A008372,R07,Mountain Region,R07-M02,rural,multi_family
A008373,R12,Metro Region,R12-M04,urban,large_residential
A008374,R10,Rural Belt,R10-M02,rural,single_family
A008375,R05,Central Region,R05-M01,urban,large_residential
A008376,R12,Metro Region,R12-M04,urban,large_residential
A008377,R10,Rural Belt,R10-M03,rural,single_family
A008378,R11,Border Region,R11-M03,mixed,single_family
A008379,R07,Mountain Region,R07-M04,rural,multi_family
A008380,R02,South City,R02-M03,urban,multi_family
A008381,R12,Metro Region,R12-M03,urban,multi_family
A008382,R12,Metro Region,R12-M02,urban,single_family
A008383,R04,East District,R04-M01,mixed,single_family
A008384,R11,Border Region,R11-M04,mixed,multi_family
A008385,R09,Urban Belt,R09-M02,urban,single_family
A008386,R09,Urban Belt,R09-M01,urban,multi_family
A008387,R11,Border Region,R11-M02,mixed,multi_family
A008388,R02,South City,R02-M02,urban,multi_family
A008389,R02,South City,R02-M04,urban,multi_family
A008390,R10,Rural Belt,R10-M02,rural,single_family
A008391,R04,East District,R04-M01,mixed,multi_family
A008392,R05,Central Region,R05-M01,urban,large_residential
A008393,R01,North City,R01-M02,urban,multi_family
A008394,R04,East District,R04-M03,mixed,multi_family
A008395,R04,East District,R04-M02,mixed,multi_family
A008396,R09,Urban Belt,R09-M03,urban,multi_family
A008397,R12,Metro Region,R12-M02,urban,single_family
A008398,R09,Urban Belt,R09-M03,urban,large_residential
A008399,R05,Central Region,R05-M04,urban,multi_family
A008400,R07,Mountain Region,R07-M03,rural,single_family
A008401,R02,South City,R02-M02,urban,multi_family
A008402,R02,South City,R02-M03,urban,multi_family
A008403,R01,North City,R01-M02,urban,multi_family
A008404,R05,Central Region,R05-M03,urban,multi_family
A008405,R01,North City,R01-M01,urban,single_family
A008406,R02,South City,R02-M03,urban,multi_family
A008407,R02,South City,R02-M03,urban,multi_family
A008408,R12,Metro Region,R12-M01,urban,multi_family
A008409,R10,Rural Belt,R10-M01,rural,multi_family
A008410,R01,North City,R01-M03,urban,multi_family
A008411,R12,Metro Region,R12-M03,urban,multi_family
A008412,R09,Urban Belt,R09-M04,urban,multi_family
A008413,R07,Mountain Region,R07-M04,rural,single_family
A008414,R01,North City,R01-M02,urban,multi_family
A008415,R12,Metro Region,R12-M01,urban,multi_family
A008416,R01,North City,R01-M01,urban,large_residential
A008417,R03,West District,R03-M04,mixed,single_family
A008418,R02,South City,R02-M02,urban,multi_family
A008419,R04,East District,R04-M02,mixed,multi_family
A008420,R10,Rural Belt,R10-M01,rural,single_family
A008421,R06,River Region,R06-M04,mixed,single_family
A008422,R01,North City,R01-M04,urban,multi_family
A008423,R06,River Region,R06-M01,mixed,single_family
A008424,R07,Mountain Region,R07-M03,rural,single_family
A008425,R12,Metro Region,R12-M01,urban,multi_family
A008426,R03,West District,R03-M04,mixed,multi_family
A008427,R02,South City,R02-M03,urban,multi_family
A008428,R08,Lake Region,R08-M03,rural,single_family
A008429,R04,East District,R04-M01,mixed,single_family
A008430,R01,North City,R01-M02,urban,multi_family
A008431,R09,Urban Belt,R09-M01,urban,single_family
A008432,R06,River Region,R06-M01,mixed,large_residential
A008433,R08,Lake Region,R08-M03,rural,multi_family
A008434,R09,Urban Belt,R09-M01,urban,large_residential
A008435,R05,Central Region,R05-M04,urban,single_family
A008436,R10,Rural Belt,R10-M03,rural,single_family
A008437,R08,Lake Region,R08-M01,rural,single_family
A008438,R09,Urban Belt,R09-M03,urban,single_family
A008439,R11,Border Region,R11-M03,mixed,multi_family
A008440,R08,Lake Region,R08-M02,rural,single_family
A008441,R04,East District,R04-M03,mixed,large_residential
A008442,R02,South City,R02-M01,urban,single_family
A008443,R05,Central Region,R05-M01,urban,single_family
A008444,R11,Border Region,R11-M01,mixed,single_family
A008445,R02,South City,R02-M02,urban,multi_family
A008446,R02,South City,R02-M01,urban,single_family
A008447,R12,Metro Region,R12-M03,urban,large_residential
A008448,R06,River Region,R06-M01,mixed,multi_family
A008449,R12,Metro Region,R12-M04,urban,large_residential
A008450,R06,River Region,R06-M03,mixed,multi_family
A008451,R09,Urban Belt,R09-M01,urban,multi_family
A008452,R08,Lake Region,R08-M04,rural,large_residential
A008453,R01,North City,R01-M01,urban,single_family
A008454,R09,Urban Belt,R09-M01,urban,single_family
A008455,R09,Urban Belt,R09-M03,urban,single_family
A008456,R02,South City,R02-M04,urban,single_family
A008457,R02,South City,R02-M03,urban,single_family
A008458,R03,West District,R03-M03,mixed,multi_family
A008459,R12,Metro Region,R12-M03,urban,large_residential
A008460,R04,East District,R04-M04,mixed,single_family
A008461,R05,Central Region,R05-M01,urban,large_residential
A008462,R04,East District,R04-M04,mixed,single_family
A008463,R09,Urban Belt,R09-M03,urban,multi_family
A008464,R02,South City,R02-M01,urban,multi_family
A008465,R04,East District,R04-M02,mixed,large_residential
A008466,R03,West District,R03-M03,mixed,multi_family
A008467,R11,Border Region,R11-M01,mixed,single_family
A008468,R02,South City,R02-M01,urban,single_family
A008469,R01,North City,R01-M02,urban,single_family
A008470,R11,Border Region,R11-M03,mixed,single_family
A008471,R05,Central Region,R05-M03,urban,multi_family
A008472,R02,South City,R02-M03,urban,large_residential
A008473,R12,Metro Region,R12-M03,urban,single_family
A008474,R04,East District,R04-M02,mixed,single_family
A008475,R06,River Region,R06-M04,mixed,multi_family
A008476,R05,Central Region,R05-M03,urban,multi_family
A008477,R08,Lake Region,R08-M03,rural,multi_family
A008478,R05,Central Region,R05-M02,urban,multi_family
A008479,R05,Central Region,R05-M03,urban,multi_family
A008480,R07,Mountain Region,R07-M04,rural,single_family
A008481,R10,Rural Belt,R10-M01,rural,single_family
A008482,R12,Metro Region,R12-M01,urban,large_residential
A008483,R10,Rural Belt,R10-M04,rural,single_family
A008484,R02,South City,R02-M04,urban,multi_family
A008485,R10,Rural Belt,R10-M03,rural,single_family
A008486,R07,Mountain Region,R07-M01,rural,single_family
A008487,R10,Rural Belt,R10-M02,rural,multi_family
A008488,R10,Rural Belt,R10-M02,rural,single_family
A008489,R03,West District,R03-M01,mixed,multi_family
A008490,R07,Mountain Region,R07-M01,rural,multi_family
A008491,R01,North City,R01-M03,urban,multi_family
A008492,R09,Urban Belt,R09-M03,urban,single_family
A008493,R04,East District,R04-M03,mixed,single_family
A008494,R07,Mountain Region,R07-M04,rural,single_family
A008495,R10,Rural Belt,R10-M04,rural,single_family
A008496,R11,Border Region,R11-M01,mixed,multi_family
A008497,R02,South City,R02-M02,urban,multi_family
A008498,R09,Urban Belt,R09-M04,urban,multi_family
A008499,R10,Rural Belt,R10-M03,rural,single_family
A008500,R01,North City,R01-M01,urban,multi_family
A008501,R02,South City,R02-M01,urban,multi_family
A008502,R12,Metro Region,R12-M02,urban,large_residential
A008503,R04,East District,R04-M04,mixed,multi_family
A008504,R05,Central Region,R05-M04,urban,large_residential
A008505,R01,North City,R01-M02,urban,single_family
A008506,R09,Urban Belt,R09-M01,urban,multi_family
A008507,R01,North City,R01-M04,urban,multi_family
A008508,R04,East District,R04-M04,mixed,single_family
A008509,R02,South City,R02-M04,urban,single_family
A008510,R06,River Region,R06-M03,mixed,multi_family
A008511,R04,East District,R04-M02,mixed,multi_family
A008512,R06,River Region,R06-M01,mixed,single_family
A008513,R01,North City,R01-M02,urban,multi_family
A008514,R07,Mountain Region,R07-M04,rural,single_family
A008515,R05,Central Region,R05-M04,urban,single_family
A008516,R09,Urban Belt,R09-M02,urban,multi_family
A008517,R11,Border Region,R11-M02,mixed,large_residential
A008518,R09,Urban Belt,R09-M03,urban,multi_family
A008519,R05,Central Region,R05-M01,urban,multi_family
A008520,R08,Lake Region,R08-M03,rural,single_family
A008521,R10,Rural Belt,R10-M03,rural,multi_family
A008522,R10,Rural Belt,R10-M04,rural,single_family
A008523,R10,Rural Belt,R10-M01,rural,single_family
A008524,R04,East District,R04-M03,mixed,large_residential
A008525,R02,South City,R02-M04,urban,multi_family
A008526,R09,Urban Belt,R09-M02,urban,single_family
A008527,R11,Border Region,R11-M01,mixed,single_family
A008528,R05,Central Region,R05-M04,urban,single_family
A008529,R02,South City,R02-M04,urban,multi_family
A008530,R12,Metro Region,R12-M03,urban,multi_family
A008531,R12,Metro Region,R12-M01,urban,multi_family
A008532,R06,River Region,R06-M01,mixed,single_family
A008533,R04,East District,R04-M03,mixed,multi_family
A008534,R04,East District,R04-M01,mixed,single_family
A008535,R05,Central Region,R05-M01,urban,multi_family
A008536,R05,Central Region,R05-M03,urban,multi_family
A008537,R04,East District,R04-M03,mixed,multi_family
A008538,R10,Rural Belt,R10-M01,rural,single_family
A008539,R08,Lake Region,R08-M01,rural,single_family
A008540,R11,Border Region,R11-M01,mixed,multi_family
A008541,R02,South City,R02-M01,urban,multi_family
A008542,R01,North City,R01-M02,urban,multi_family
A008543,R09,Urban Belt,R09-M01,urban,large_residential
A008544,R04,East District,R04-M03,mixed,large_residential
A008545,R08,Lake Region,R08-M02,rural,single_family
A008546,R06,River Region,R06-M02,mixed,multi_family
A008547,R02,South City,R02-M01,urban,multi_family
A008548,R03,West District,R03-M03,mixed,multi_family
A008549,R07,Mountain Region,R07-M01,rural,single_family
A008550,R11,Border Region,R11-M02,mixed,large_residential
A008551,R02,South City,R02-M04,urban,multi_family
A008552,R05,Central Region,R05-M04,urban,multi_family
A008553,R02,South City,R02-M03,urban,multi_family
A008554,R05,Central Region,R05-M03,urban,single_family
A008555,R09,Urban Belt,R09-M02,urban,multi_family
A008556,R08,Lake Region,R08-M04,rural,single_family
A008557,R06,River Region,R06-M03,mixed,multi_family
A008558,R02,South City,R02-M04,urban,large_residential
A008559,R09,Urban Belt,R09-M02,urban,single_family
A008560,R09,Urban Belt,R09-M03,urban,single_family
A008561,R01,North City,R01-M04,urban,multi_family
A008562,R03,West District,R03-M02,mixed,multi_family
A008563,R01,North City,R01-M02,urban,large_residential
A008564,R01,North City,R01-M04,urban,multi_family
A008565,R09,Urban Belt,R09-M01,urban,multi_family
A008566,R06,River Region,R06-M03,mixed,multi_family
A008567,R10,Rural Belt,R10-M02,rural,single_family
A008568,R01,North City,R01-M04,urban,single_family
A008569,R01,North City,R01-M03,urban,multi_family
A008570,R08,Lake Region,R08-M03,rural,large_residential
A008571,R01,North City,R01-M04,urban,multi_family
A008572,R03,West District,R03-M01,mixed,single_family
A008573,R09,Urban Belt,R09-M04,urban,large_residential
A008574,R02,South City,R02-M02,urban,large_residential
A008575,R02,South City,R02-M02,urban,single_family
A008576,R08,Lake Region,R08-M04,rural,multi_family
A008577,R09,Urban Belt,R09-M02,urban,single_family
A008578,R05,Central Region,R05-M02,urban,large_residential
A008579,R02,South City,R02-M03,urban,multi_family
A008580,R06,River Region,R06-M04,mixed,multi_family
A008581,R12,Metro Region,R12-M01,urban,single_family
A008582,R05,Central Region,R05-M04,urban,single_family
A008583,R12,Metro Region,R12-M02,urban,multi_family
A008584,R11,Border Region,R11-M01,mixed,single_family
A008585,R06,River Region,R06-M02,mixed,large_residential
A008586,R05,Central Region,R05-M04,urban,multi_family
A008587,R06,River Region,R06-M02,mixed,multi_family
A008588,R09,Urban Belt,R09-M04,urban,single_family
A008589,R06,River Region,R06-M02,mixed,multi_family
A008590,R10,Rural Belt,R10-M04,rural,single_family
A008591,R06,River Region,R06-M01,mixed,multi_family
A008592,R04,East District,R04-M03,mixed,multi_family
A008593,R05,Central Region,R05-M03,urban,single_family
A008594,R06,River Region,R06-M02,mixed,single_family
A008595,R12,Metro Region,R12-M02,urban,multi_family
A008596,R01,North City,R01-M03,urban,multi_family
A008597,R12,Metro Region,R12-M03,urban,single_family
A008598,R06,River Region,R06-M04,mixed,multi_family
A008599,R10,Rural Belt,R10-M01,rural,single_family
A008600,R03,West District,R03-M04,mixed,single_family
A008601,R12,Metro Region,R12-M04,urban,large_residential
A008602,R09,Urban Belt,R09-M02,urban,single_family
A008603,R11,Border Region,R11-M02,mixed,multi_family
A008604,R05,Central Region,R05-M03,urban,large_residential
A008605,R01,North City,R01-M03,urban,multi_family
A008606,R11,Border Region,R11-M02,mixed,multi_family
A008607,R02,South City,R02-M01,urban,single_family
A008608,R11,Border Region,R11-M03,mixed,multi_family
A008609,R01,North City,R01-M01,urban,multi_family
A008610,R12,Metro Region,R12-M04,urban,large_residential
A008611,R11,Border Region,R11-M01,mixed,multi_family
A008612,R03,West District,R03-M03,mixed,multi_family
A008613,R09,Urban Belt,R09-M01,urban,multi_family
A008614,R09,Urban Belt,R09-M04,urban,single_family
A008615,R07,Mountain Region,R07-M04,rural,single_family
A008616,R09,Urban Belt,R09-M04,urban,multi_family
A008617,R02,South City,R02-M03,urban,multi_family
A008618,R06,River Region,R06-M02,mixed,single_family
A008619,R11,Border Region,R11-M01,mixed,multi_family
A008620,R12,Metro Region,R12-M01,urban,single_family
A008621,R06,River Region,R06-M03,mixed,multi_family
A008622,R03,West District,R03-M02,mixed,large_residential
A008623,R04,East District,R04-M02,mixed,multi_family
A008624,R05,Central Region,R05-M01,urban,multi_family
A008625,R02,South City,R02-M04,urban,multi_family
A008626,R03,West District,R03-M04,mixed,single_family
A008627,R02,South City,R02-M03,urban,large_residential
A008628,R04,East District,R04-M03,mixed,single_family
A008629,R01,North City,R01-M01,urban,multi_family
A008630,R03,West District,R03-M01,mixed,single_family
A008631,R10,Rural Belt,R10-M01,rural,multi_family
A008632,R05,Central Region,R05-M04,urban,multi_family
A008633,R01,North City,R01-M04,urban,multi_family
A008634,R09,Urban Belt,R09-M02,urban,large_residential
A008635,R12,Metro Region,R12-M03,urban,single_family
A008636,R05,Central Region,R05-M02,urban,single_family
A008637,R12,Metro Region,R12-M02,urban,multi_family
A008638,R02,South City,R02-M03,urban,multi_family
A008639,R05,Central Region,R05-M01,urban,multi_family
A008640,R02,South City,R02-M04,urban,single_family
A008641,R05,Central Region,R05-M03,urban,single_family
A008642,R09,Urban Belt,R09-M01,urban,multi_family
A008643,R12,Metro Region,R12-M04,urban,multi_family
A008644,R04,East District,R04-M03,mixed,multi_family
A008645,R01,North City,R01-M02,urban,multi_family
A008646,R12,Metro Region,R12-M03,urban,large_residential
A008647,R06,River Region,R06-M01,mixed,multi_family
A008648,R11,Border Region,R11-M04,mixed,single_family
A008649,R10,Rural Belt,R10-M04,rural,single_family
A008650,R08,Lake Region,R08-M04,rural,single_family
A008651,R10,Rural Belt,R10-M02,rural,single_family
A008652,R07,Mountain Region,R07-M03,rural,single_family
A008653,R05,Central Region,R05-M02,urban,single_family
A008654,R10,Rural Belt,R10-M04,rural,single_family
A008655,R05,Central Region,R05-M01,urban,single_family
A008656,R10,Rural Belt,R10-M04,rural,single_family
A008657,R03,West District,R03-M03,mixed,single_family
A008658,R10,Rural Belt,R10-M01,rural,single_family
A008659,R12,Metro Region,R12-M02,urban,multi_family
A008660,R01,North City,R01-M03,urban,large_residential
A008661,R06,River Region,R06-M03,mixed,single_family
A008662,R02,South City,R02-M04,urban,multi_family
A008663,R12,Metro Region,R12-M02,urban,single_family
A008664,R12,Metro Region,R12-M03,urban,large_residential
A008665,R12,Metro Region,R12-M02,urban,single_family
A008666,R10,Rural Belt,R10-M02,rural,single_family
A008667,R09,Urban Belt,R09-M03,urban,large_residential
A008668,R01,North City,R01-M02,urban,large_residential
A008669,R02,South City,R02-M02,urban,multi_family
A008670,R05,Central Region,R05-M01,urban,multi_family
A008671,R06,River Region,R06-M01,mixed,single_family
A008672,R01,North City,R01-M04,urban,multi_family
A008673,R07,Mountain Region,R07-M04,rural,multi_family
A008674,R01,North City,R01-M03,urban,single_family
A008675,R09,Urban Belt,R09-M03,urban,multi_family
A008676,R01,North City,R01-M04,urban,single_family
A008677,R12,Metro Region,R12-M02,urban,multi_family
A008678,R02,South City,R02-M03,urban,multi_family
A008679,R11,Border Region,R11-M03,mixed,multi_family
A008680,R12,Metro Region,R12-M01,urban,large_residential
A008681,R05,Central Region,R05-M01,urban,multi_family
A008682,R10,Rural Belt,R10-M02,rural,multi_family
A008683,R06,River Region,R06-M03,mixed,multi_family
A008684,R04,East District,R04-M04,mixed,multi_family
A008685,R02,South City,R02-M02,urban,multi_family
A008686,R03,West District,R03-M03,mixed,multi_family
A008687,R06,River Region,R06-M03,mixed,multi_family
A008688,R07,Mountain Region,R07-M03,rural,single_family
A008689,R06,River Region,R06-M03,mixed,single_family
A008690,R06,River Region,R06-M02,mixed,large_residential
A008691,R12,Metro Region,R12-M03,urban,multi_family
A008692,R07,Mountain Region,R07-M02,rural,single_family
A008693,R09,Urban Belt,R09-M04,urban,multi_family
A008694,R02,South City,R02-M01,urban,multi_family
A008695,R03,West District,R03-M03,mixed,multi_family
A008696,R09,Urban Belt,R09-M03,urban,large_residential
A008697,R06,River Region,R06-M04,mixed,multi_family
A008698,R02,South City,R02-M03,urban,multi_family
A008699,R04,East District,R04-M03,mixed,single_family
A008700,R11,Border Region,R11-M04,mixed,single_family
A008701,R12,Metro Region,R12-M04,urban,single_family
A008702,R05,Central Region,R05-M01,urban,multi_family
A008703,R08,Lake Region,R08-M02,rural,single_family
A008704,R03,West District,R03-M04,mixed,multi_family
A008705,R08,Lake Region,R08-M02,rural,single_family
A008706,R03,West District,R03-M04,mixed,multi_family
A008707,R01,North City,R01-M01,urban,single_family
A008708,R12,Metro Region,R12-M04,urban,multi_family
A008709,R10,Rural Belt,R10-M02,rural,single_family
A008710,R03,West District,R03-M04,mixed,single_family
A008711,R05,Central Region,R05-M01,urban,single_family
A008712,R05,Central Region,R05-M04,urban,large_residential
A008713,R01,North City,R01-M03,urban,large_residential
A008714,R07,Mountain Region,R07-M03,rural,single_family
A008715,R10,Rural Belt,R10-M02,rural,multi_family
A008716,R02,South City,R02-M04,urban,multi_family
A008717,R10,Rural Belt,R10-M04,rural,single_family
A008718,R05,Central Region,R05-M03,urban,multi_family
A008719,R04,East District,R04-M01,mixed,single_family
A008720,R05,Central Region,R05-M01,urban,multi_family
A008721,R05,Central Region,R05-M03,urban,large_residential
A008722,R02,South City,R02-M04,urban,multi_family
A008723,R08,Lake Region,R08-M04,rural,single_family
A008724,R04,East District,R04-M02,mixed,multi_family
A008725,R10,Rural Belt,R10-M04,rural,multi_family
A008726,R01,North City,R01-M04,urban,multi_family
A008727,R02,South City,R02-M04,urban,multi_family
A008728,R01,North City,R01-M02,urban,single_family
A008729,R04,East District,R04-M03,mixed,large_residential
A008730,R09,Urban Belt,R09-M04,urban,multi_family
A008731,R05,Central Region,R05-M02,urban,single_family
A008732,R10,Rural Belt,R10-M02,rural,single_family
A008733,R03,West District,R03-M02,mixed,single_family
A008734,R02,South City,R02-M04,urban,large_residential
A008735,R12,Metro Region,R12-M03,urban,multi_family
A008736,R03,West District,R03-M02,mixed,single_family
A008737,R01,North City,R01-M02,urban,multi_family
A008738,R01,North City,R01-M03,urban,single_family
A008739,R02,South City,R02-M02,urban,multi_family
A008740,R10,Rural Belt,R10-M01,rural,single_family
A008741,R01,North City,R01-M04,urban,multi_family
A008742,R05,Central Region,R05-M04,urban,multi_family
A008743,R04,East District,R04-M02,mixed,multi_family
A008744,R12,Metro Region,R12-M03,urban,single_family
A008745,R09,Urban Belt,R09-M01,urban,multi_family
A008746,R02,South City,R02-M02,urban,large_residential
A008747,R03,West District,R03-M02,mixed,single_family
A008748,R02,South City,R02-M02,urban,large_residential
A008749,R06,River Region,R06-M01,mixed,multi_family
A008750,R02,South City,R02-M03,urban,multi_family
A008751,R11,Border Region,R11-M02,mixed,multi_family
A008752,R08,Lake Region,R08-M04,rural,multi_family
A008753,R04,East District,R04-M01,mixed,single_family
A008754,R09,Urban Belt,R09-M01,urban,multi_family
A008755,R02,South City,R02-M01,urban,single_family
A008756,R04,East District,R04-M02,mixed,single_family
A008757,R12,Metro Region,R12-M01,urban,multi_family
A008758,R02,South City,R02-M02,urban,single_family
A008759,R01,North City,R01-M02,urban,multi_family
A008760,R09,Urban Belt,R09-M03,urban,single_family
A008761,R03,West District,R03-M02,mixed,multi_family
A008762,R07,Mountain Region,R07-M03,rural,single_family
A008763,R05,Central Region,R05-M04,urban,multi_family
A008764,R09,Urban Belt,R09-M03,urban,multi_family
A008765,R06,River Region,R06-M02,mixed,single_family
A008766,R09,Urban Belt,R09-M04,urban,multi_family
A008767,R09,Urban Belt,R09-M02,urban,multi_family
A008768,R07,Mountain Region,R07-M02,rural,single_family
A008769,R04,East District,R04-M01,mixed,single_family
A008770,R10,Rural Belt,R10-M03,rural,single_family
A008771,R03,West District,R03-M02,mixed,single_family
A008772,R07,Mountain Region,R07-M03,rural,single_family
A008773,R06,River Region,R06-M01,mixed,single_family
A008774,R01,North City,R01-M04,urban,multi_family
A008775,R01,North City,R01-M01,urban,multi_family
A008776,R04,East District,R04-M02,mixed,single_family
A008777,R08,Lake Region,R08-M03,rural,single_family
A008778,R03,West District,R03-M02,mixed,large_residential
A008779,R12,Metro Region,R12-M02,urban,multi_family
A008780,R04,East District,R04-M04,mixed,single_family
A008781,R06,River Region,R06-M01,mixed,single_family
A008782,R02,South City,R02-M01,urban,single_family
A008783,R03,West District,R03-M01,mixed,multi_family
A008784,R10,Rural Belt,R10-M03,rural,single_family
A008785,R09,Urban Belt,R09-M02,urban,multi_family
A008786,R06,River Region,R06-M03,mixed,single_family
A008787,R01,North City,R01-M04,urban,large_residential
A008788,R09,Urban Belt,R09-M04,urban,large_residential
A008789,R06,River Region,R06-M04,mixed,multi_family
A008790,R05,Central Region,R05-M04,urban,multi_family
A008791,R03,West District,R03-M02,mixed,single_family
A008792,R12,Metro Region,R12-M02,urban,multi_family
A008793,R07,Mountain Region,R07-M02,rural,single_family
A008794,R02,South City,R02-M04,urban,large_residential
A008795,R10,Rural Belt,R10-M04,rural,single_family
A008796,R01,North City,R01-M01,urban,multi_family
A008797,R01,North City,R01-M01,urban,multi_family
A008798,R03,West District,R03-M01,mixed,single_family
A008799,R05,Central Region,R05-M04,urban,multi_family
A008800,R09,Urban Belt,R09-M03,urban,multi_family
A008801,R08,Lake Region,R08-M04,rural,single_family
A008802,R06,River Region,R06-M02,mixed,multi_family
A008803,R02,South City,R02-M03,urban,large_residential
A008804,R03,West District,R03-M01,mixed,multi_family
A008805,R03,West District,R03-M04,mixed,multi_family
A008806,R10,Rural Belt,R10-M01,rural,single_family
A008807,R08,Lake Region,R08-M03,rural,single_family
A008808,R09,Urban Belt,R09-M02,urban,multi_family
A008809,R03,West District,R03-M04,mixed,multi_family
A008810,R09,Urban Belt,R09-M01,urban,multi_family
A008811,R01,North City,R01-M02,urban,multi_family
A008812,R06,River Region,R06-M03,mixed,single_family
A008813,R05,Central Region,R05-M01,urban,single_family
A008814,R12,Metro Region,R12-M01,urban,single_family
A008815,R05,Central Region,R05-M02,urban,multi_family
A008816,R04,East District,R04-M02,mixed,large_residential
A008817,R01,North City,R01-M02,urban,multi_family
A008818,R03,West District,R03-M03,mixed,large_residential
A008819,R02,South City,R02-M04,urban,multi_family
A008820,R05,Central Region,R05-M03,urban,multi_family
A008821,R02,South City,R02-M03,urban,multi_family
A008822,R09,Urban Belt,R09-M01,urban,single_family
A008823,R08,Lake Region,R08-M03,rural,single_family
A008824,R05,Central Region,R05-M04,urban,large_residential
A008825,R05,Central Region,R05-M01,urban,multi_family
A008826,R01,North City,R01-M03,urban,multi_family
A008827,R01,North City,R01-M04,urban,single_family
A008828,R06,River Region,R06-M04,mixed,multi_family
A008829,R01,North City,R01-M03,urban,multi_family
A008830,R01,North City,R01-M01,urban,multi_family
A008831,R07,Mountain Region,R07-M02,rural,single_family
A008832,R06,River Region,R06-M01,mixed,single_family
A008833,R05,Central Region,R05-M02,urban,single_family
A008834,R05,Central Region,R05-M01,urban,large_residential
A008835,R09,Urban Belt,R09-M03,urban,single_family
A008836,R02,South City,R02-M04,urban,single_family
A008837,R04,East District,R04-M02,mixed,multi_family
A008838,R12,Metro Region,R12-M03,urban,large_residential
A008839,R02,South City,R02-M04,urban,single_family
A008840,R02,South City,R02-M03,urban,multi_family
A008841,R01,North City,R01-M01,urban,multi_family
A008842,R12,Metro Region,R12-M01,urban,multi_family
A008843,R11,Border Region,R11-M04,mixed,single_family
A008844,R12,Metro Region,R12-M01,urban,large_residential
A008845,R03,West District,R03-M01,mixed,multi_family
A008846,R10,Rural Belt,R10-M02,rural,single_family
A008847,R05,Central Region,R05-M01,urban,large_residential
A008848,R09,Urban Belt,R09-M04,urban,multi_family
A008849,R03,West District,R03-M01,mixed,single_family
A008850,R07,Mountain Region,R07-M01,rural,single_family
A008851,R12,Metro Region,R12-M02,urban,single_family
A008852,R05,Central Region,R05-M03,urban,single_family
A008853,R05,Central Region,R05-M02,urban,single_family
A008854,R12,Metro Region,R12-M03,urban,large_residential
A008855,R03,West District,R03-M01,mixed,single_family
A008856,R06,River Region,R06-M02,mixed,single_family
A008857,R10,Rural Belt,R10-M04,rural,multi_family
A008858,R03,West District,R03-M04,mixed,multi_family
A008859,R12,Metro Region,R12-M03,urban,multi_family
A008860,R06,River Region,R06-M04,mixed,single_family
A008861,R05,Central Region,R05-M02,urban,multi_family
A008862,R12,Metro Region,R12-M01,urban,multi_family
A008863,R03,West District,R03-M03,mixed,single_family
A008864,R02,South City,R02-M01,urban,single_family
A008865,R03,West District,R03-M03,mixed,large_residential
A008866,R08,Lake Region,R08-M02,rural,single_family
A008867,R12,Metro Region,R12-M04,urban,multi_family
A008868,R01,North City,R01-M02,urban,multi_family
A008869,R07,Mountain Region,R07-M01,rural,multi_family
A008870,R06,River Region,R06-M01,mixed,single_family
A008871,R11,Border Region,R11-M01,mixed,single_family
A008872,R01,North City,R01-M04,urban,multi_family
A008873,R02,South City,R02-M01,urban,single_family
A008874,R05,Central Region,R05-M03,urban,multi_family
A008875,R05,Central Region,R05-M03,urban,multi_family
A008876,R08,Lake Region,R08-M01,rural,single_family
A008877,R01,North City,R01-M02,urban,multi_family
A008878,R11,Border Region,R11-M04,mixed,multi_family
A008879,R11,Border Region,R11-M01,mixed,multi_family
A008880,R10,Rural Belt,R10-M03,rural,single_family
A008881,R02,South City,R02-M03,urban,large_residential
A008882,R01,North City,R01-M03,urban,single_family
A008883,R04,East District,R04-M01,mixed,single_family
A008884,R10,Rural Belt,R10-M02,rural,single_family
A008885,R08,Lake Region,R08-M01,rural,single_family
A008886,R06,River Region,R06-M02,mixed,single_family
A008887,R09,Urban Belt,R09-M02,urban,multi_family
A008888,R04,East District,R04-M01,mixed,multi_family
A008889,R09,Urban Belt,R09-M01,urban,multi_family
A008890,R04,East District,R04-M03,mixed,multi_family
A008891,R07,Mountain Region,R07-M01,rural,single_family
A008892,R03,West District,R03-M02,mixed,single_family
A008893,R02,South City,R02-M02,urban,large_residential
A008894,R06,River Region,R06-M03,mixed,single_family
A008895,R06,River Region,R06-M04,mixed,single_family
A008896,R04,East District,R04-M02,mixed,single_family
A008897,R12,Metro Region,R12-M01,urban,single_family
A008898,R04,East District,R04-M03,mixed,multi_family
A008899,R01,North City,R01-M04,urban,multi_family
A008900,R02,South City,R02-M03,urban,single_family
A008901,R03,West District,R03-M01,mixed,multi_family
A008902,R10,Rural Belt,R10-M04,rural,multi_family
A008903,R09,Urban Belt,R09-M02,urban,multi_family
A008904,R06,River Region,R06-M02,mixed,multi_family
A008905,R06,River Region,R06-M02,mixed,single_family
A008906,R09,Urban Belt,R09-M04,urban,multi_family
A008907,R06,River Region,R06-M03,mixed,single_family
A008908,R05,Central Region,R05-M01,urban,single_family
A008909,R02,South City,R02-M03,urban,single_family
A008910,R08,Lake Region,R08-M03,rural,single_family
A008911,R01,North City,R01-M04,urban,multi_family
A008912,R01,North City,R01-M03,urban,multi_family
A008913,R06,River Region,R06-M03,mixed,multi_family
A008914,R03,West District,R03-M02,mixed,multi_family
A008915,R01,North City,R01-M03,urban,multi_family
A008916,R03,West District,R03-M04,mixed,single_family
A008917,R10,Rural Belt,R10-M04,rural,single_family
A008918,R08,Lake Region,R08-M02,rural,multi_family
A008919,R12,Metro Region,R12-M04,urban,multi_family
A008920,R04,East District,R04-M02,mixed,single_family
A008921,R12,Metro Region,R12-M03,urban,single_family
A008922,R06,River Region,R06-M02,mixed,single_family
A008923,R06,River Region,R06-M03,mixed,multi_family
A008924,R12,Metro Region,R12-M04,urban,multi_family
A008925,R09,Urban Belt,R09-M01,urban,multi_family
A008926,R11,Border Region,R11-M03,mixed,multi_family
A008927,R04,East District,R04-M02,mixed,multi_family
A008928,R06,River Region,R06-M02,mixed,multi_family
A008929,R02,South City,R02-M02,urban,multi_family
A008930,R06,River Region,R06-M01,mixed,large_residential
A008931,R06,River Region,R06-M02,mixed,multi_family
A008932,R01,North City,R01-M02,urban,multi_family
A008933,R08,Lake Region,R08-M04,rural,single_family
A008934,R09,Urban Belt,R09-M03,urban,large_residential
A008935,R12,Metro Region,R12-M01,urban,multi_family
A008936,R06,River Region,R06-M02,mixed,multi_family
A008937,R07,Mountain Region,R07-M01,rural,single_family
A008938,R11,Border Region,R11-M04,mixed,single_family
A008939,R05,Central Region,R05-M03,urban,single_family
A008940,R09,Urban Belt,R09-M04,urban,single_family
A008941,R03,West District,R03-M03,mixed,single_family
A008942,R04,East District,R04-M02,mixed,single_family
A008943,R05,Central Region,R05-M04,urban,single_family
A008944,R12,Metro Region,R12-M04,urban,multi_family
A008945,R07,Mountain Region,R07-M03,rural,single_family
A008946,R10,Rural Belt,R10-M03,rural,multi_family
A008947,R07,Mountain Region,R07-M02,rural,single_family
A008948,R10,Rural Belt,R10-M04,rural,single_family
A008949,R02,South City,R02-M04,urban,large_residential
A008950,R10,Rural Belt,R10-M04,rural,single_family
A008951,R09,Urban Belt,R09-M02,urban,single_family
A008952,R05,Central Region,R05-M02,urban,single_family
A008953,R03,West District,R03-M03,mixed,single_family
A008954,R10,Rural Belt,R10-M04,rural,single_family
A008955,R02,South City,R02-M04,urban,large_residential
A008956,R05,Central Region,R05-M04,urban,multi_family
A008957,R11,Border Region,R11-M03,mixed,single_family
A008958,R03,West District,R03-M02,mixed,single_family
A008959,R12,Metro Region,R12-M04,urban,multi_family
A008960,R05,Central Region,R05-M02,urban,multi_family
A008961,R12,Metro Region,R12-M02,urban,single_family
A008962,R02,South City,R02-M04,urban,multi_family
A008963,R12,Metro Region,R12-M04,urban,multi_family
A008964,R02,South City,R02-M01,urban,multi_family
A008965,R04,East District,R04-M02,mixed,multi_family
A008966,R05,Central Region,R05-M04,urban,large_residential
A008967,R05,Central Region,R05-M01,urban,large_residential
A008968,R09,Urban Belt,R09-M02,urban,single_family
A008969,R06,River Region,R06-M03,mixed,multi_family
A008970,R02,South City,R02-M03,urban,multi_family
A008971,R07,Mountain Region,R07-M01,rural,single_family
A008972,R10,Rural Belt,R10-M02,rural,multi_family
A008973,R04,East District,R04-M02,mixed,multi_family
A008974,R06,River Region,R06-M04,mixed,multi_family
A008975,R06,River Region,R06-M04,mixed,multi_family
A008976,R08,Lake Region,R08-M02,rural,single_family
A008977,R12,Metro Region,R12-M02,urban,large_residential
A008978,R06,River Region,R06-M01,mixed,single_family
A008979,R12,Metro Region,R12-M02,urban,multi_family
A008980,R12,Metro Region,R12-M01,urban,multi_family
A008981,R11,Border Region,R11-M02,mixed,multi_family
A008982,R03,West District,R03-M02,mixed,multi_family
A008983,R11,Border Region,R11-M03,mixed,single_family
A008984,R01,North City,R01-M03,urban,large_residential
A008985,R06,River Region,R06-M03,mixed,multi_family
A008986,R06,River Region,R06-M03,mixed,multi_family
A008987,R02,South City,R02-M01,urban,multi_family
A008988,R05,Central Region,R05-M04,urban,large_residential
A008989,R10,Rural Belt,R10-M03,rural,single_family
A008990,R03,West District,R03-M04,mixed,single_family
A008991,R06,River Region,R06-M03,mixed,single_family
A008992,R12,Metro Region,R12-M04,urban,multi_family
A008993,R04,East District,R04-M03,mixed,multi_family
A008994,R10,Rural Belt,R10-M01,rural,single_family
A008995,R12,Metro Region,R12-M04,urban,multi_family
A008996,R05,Central Region,R05-M01,urban,multi_family
A008997,R09,Urban Belt,R09-M02,urban,single_family
A008998,R12,Metro Region,R12-M04,urban,multi_family
A008999,R08,Lake Region,R08-M04,rural,single_family
A009000,R11,Border Region,R11-M01,mixed,multi_family
A009001,R01,North City,R01-M03,urban,single_family
A009002,R12,Metro Region,R12-M01,urban,large_residential
A009003,R04,East District,R04-M04,mixed,multi_family
A009004,R07,Mountain Region,R07-M02,rural,single_family
A009005,R09,Urban Belt,R09-M02,urban,single_family
A009006,R05,Central Region,R05-M03,urban,single_family
A009007,R09,Urban Belt,R09-M01,urban,multi_family
A009008,R10,Rural Belt,R10-M01,rural,single_family
A009009,R11,Border Region,R11-M03,mixed,single_family
A009010,R12,Metro Region,R12-M04,urban,multi_family
A009011,R04,East District,R04-M03,mixed,large_residential
A009012,R07,Mountain Region,R07-M04,rural,multi_family
A009013,R04,East District,R04-M02,mixed,multi_family
A009014,R09,Urban Belt,R09-M03,urban,single_family
A009015,R10,Rural Belt,R10-M03,rural,multi_family
A009016,R04,East District,R04-M01,mixed,multi_family
A009017,R10,Rural Belt,R10-M01,rural,multi_family
A009018,R01,North City,R01-M02,urban,single_family
A009019,R09,Urban Belt,R09-M01,urban,multi_family
A009020,R06,River Region,R06-M02,mixed,multi_family
A009021,R01,North City,R01-M02,urban,single_family
A009022,R04,East District,R04-M02,mixed,single_family
A009023,R02,South City,R02-M03,urban,large_residential
A009024,R10,Rural Belt,R10-M02,rural,single_family
A009025,R12,Metro Region,R12-M03,urban,multi_family
A009026,R01,North City,R01-M01,urban,multi_family
A009027,R06,River Region,R06-M04,mixed,single_family
A009028,R01,North City,R01-M03,urban,multi_family
A009029,R05,Central Region,R05-M01,urban,large_residential
A009030,R10,Rural Belt,R10-M02,rural,multi_family
A009031,R10,Rural Belt,R10-M01,rural,multi_family
A009032,R07,Mountain Region,R07-M03,rural,single_family
A009033,R11,Border Region,R11-M02,mixed,multi_family
A009034,R07,Mountain Region,R07-M02,rural,single_family
A009035,R12,Metro Region,R12-M02,urban,multi_family
A009036,R03,West District,R03-M02,mixed,multi_family
A009037,R02,South City,R02-M02,urban,large_residential
A009038,R03,West District,R03-M04,mixed,multi_family
A009039,R07,Mountain Region,R07-M01,rural,multi_family
A009040,R12,Metro Region,R12-M04,urban,multi_family
A009041,R08,Lake Region,R08-M02,rural,single_family
A009042,R07,Mountain Region,R07-M04,rural,single_family
A009043,R07,Mountain Region,R07-M02,rural,single_family
A009044,R01,North City,R01-M04,urban,single_family
A009045,R03,West District,R03-M01,mixed,large_residential
A009046,R05,Central Region,R05-M02,urban,multi_family
A009047,R05,Central Region,R05-M02,urban,multi_family
A009048,R06,River Region,R06-M02,mixed,multi_family
A009049,R12,Metro Region,R12-M04,urban,large_residential
A009050,R12,Metro Region,R12-M01,urban,multi_family
A009051,R01,North City,R01-M04,urban,multi_family
A009052,R09,Urban Belt,R09-M04,urban,large_residential
A009053,R04,East District,R04-M01,mixed,multi_family
A009054,R09,Urban Belt,R09-M04,urban,large_residential
A009055,R01,North City,R01-M03,urban,large_residential
A009056,R02,South City,R02-M02,urban,single_family
A009057,R09,Urban Belt,R09-M01,urban,multi_family
A009058,R01,North City,R01-M03,urban,single_family
A009059,R05,Central Region,R05-M03,urban,multi_family
A009060,R05,Central Region,R05-M03,urban,multi_family
A009061,R09,Urban Belt,R09-M01,urban,multi_family
A009062,R06,River Region,R06-M04,mixed,multi_family
A009063,R10,Rural Belt,R10-M04,rural,multi_family
A009064,R09,Urban Belt,R09-M04,urban,single_family
A009065,R04,East District,R04-M03,mixed,single_family
A009066,R02,South City,R02-M04,urban,multi_family
A009067,R08,Lake Region,R08-M01,rural,single_family
A009068,R09,Urban Belt,R09-M02,urban,multi_family
A009069,R12,Metro Region,R12-M03,urban,multi_family
A009070,R03,West District,R03-M03,mixed,multi_family
A009071,R12,Metro Region,R12-M02,urban,multi_family
A009072,R10,Rural Belt,R10-M02,rural,single_family
A009073,R09,Urban Belt,R09-M02,urban,multi_family
A009074,R02,South City,R02-M01,urban,multi_family
A009075,R10,Rural Belt,R10-M01,rural,multi_family
A009076,R05,Central Region,R05-M03,urban,single_family
A009077,R12,Metro Region,R12-M01,urban,multi_family
A009078,R01,North City,R01-M03,urban,multi_family
A009079,R09,Urban Belt,R09-M04,urban,multi_family
A009080,R12,Metro Region,R12-M02,urban,multi_family
A009081,R05,Central Region,R05-M01,urban,multi_family
A009082,R11,Border Region,R11-M02,mixed,single_family
A009083,R01,North City,R01-M03,urban,single_family
A009084,R02,South City,R02-M01,urban,multi_family
A009085,R09,Urban Belt,R09-M03,urban,large_residential
A009086,R08,Lake Region,R08-M04,rural,single_family
A009087,R02,South City,R02-M04,urban,multi_family
A009088,R10,Rural Belt,R10-M02,rural,single_family
A009089,R04,East District,R04-M03,mixed,single_family
A009090,R11,Border Region,R11-M04,mixed,multi_family
A009091,R12,Metro Region,R12-M01,urban,single_family
A009092,R10,Rural Belt,R10-M03,rural,multi_family
A009093,R06,River Region,R06-M04,mixed,single_family
A009094,R03,West District,R03-M01,mixed,single_family
A009095,R04,East District,R04-M02,mixed,multi_family
A009096,R06,River Region,R06-M02,mixed,single_family
A009097,R08,Lake Region,R08-M02,rural,single_family
A009098,R02,South City,R02-M01,urban,large_residential
A009099,R05,Central Region,R05-M01,urban,single_family
A009100,R07,Mountain Region,R07-M03,rural,single_family
A009101,R02,South City,R02-M02,urban,multi_family
A009102,R10,Rural Belt,R10-M04,rural,single_family
A009103,R09,Urban Belt,R09-M01,urban,multi_family
A009104,R09,Urban Belt,R09-M04,urban,multi_family
A009105,R02,South City,R02-M04,urban,multi_family
A009106,R10,Rural Belt,R10-M03,rural,single_family
A009107,R12,Metro Region,R12-M01,urban,multi_family
A009108,R12,Metro Region,R12-M04,urban,single_family
A009109,R07,Mountain Region,R07-M01,rural,single_family
A009110,R06,River Region,R06-M01,mixed,single_family
A009111,R05,Central Region,R05-M02,urban,multi_family
A009112,R11,Border Region,R11-M01,mixed,multi_family
A009113,R02,South City,R02-M01,urban,multi_family
A009114,R01,North City,R01-M01,urban,multi_family
A009115,R05,Central Region,R05-M02,urban,multi_family
A009116,R10,Rural Belt,R10-M04,rural,single_family
A009117,R09,Urban Belt,R09-M04,urban,multi_family
A009118,R09,Urban Belt,R09-M04,urban,multi_family
A009119,R05,Central Region,R05-M02,urban,single_family
A009120,R08,Lake Region,R08-M02,rural,multi_family
A009121,R04,East District,R04-M04,mixed,multi_family
A009122,R06,River Region,R06-M03,mixed,multi_family
A009123,R10,Rural Belt,R10-M04,rural,single_family
A009124,R02,South City,R02-M02,urban,multi_family
A009125,R04,East District,R04-M01,mixed,large_residential
A009126,R11,Border Region,R11-M03,mixed,single_family
A009127,R06,River Region,R06-M03,mixed,single_family
A009128,R06,River Region,R06-M04,mixed,single_family
A009129,R12,Metro Region,R12-M02,urban,multi_family
A009130,R10,Rural Belt,R10-M04,rural,single_family
A009131,R12,Metro Region,R12-M01,urban,single_family
A009132,R03,West District,R03-M01,mixed,single_family
A009133,R06,River Region,R06-M01,mixed,single_family
A009134,R09,Urban Belt,R09-M01,urban,single_family
A009135,R07,Mountain Region,R07-M01,rural,single_family
A009136,R01,North City,R01-M03,urban,multi_family
A009137,R02,South City,R02-M01,urban,multi_family
A009138,R04,East District,R04-M03,mixed,large_residential
A009139,R12,Metro Region,R12-M01,urban,multi_family
A009140,R08,Lake Region,R08-M03,rural,single_family
A009141,R09,Urban Belt,R09-M01,urban,multi_family
A009142,R05,Central Region,R05-M04,urban,multi_family
A009143,R06,River Region,R06-M02,mixed,single_family
A009144,R09,Urban Belt,R09-M04,urban,multi_family
A009145,R05,Central Region,R05-M01,urban,large_residential
A009146,R05,Central Region,R05-M03,urban,single_family
A009147,R07,Mountain Region,R07-M01,rural,single_family
A009148,R12,Metro Region,R12-M02,urban,multi_family
A009149,R09,Urban Belt,R09-M02,urban,multi_family
A009150,R09,Urban Belt,R09-M02,urban,multi_family
A009151,R09,Urban Belt,R09-M04,urban,multi_family
A009152,R09,Urban Belt,R09-M04,urban,large_residential
A009153,R10,Rural Belt,R10-M01,rural,single_family
A009154,R04,East District,R04-M03,mixed,single_family
A009155,R01,North City,R01-M03,urban,multi_family
A009156,R05,Central Region,R05-M02,urban,multi_family
A009157,R03,West District,R03-M02,mixed,single_family
A009158,R12,Metro Region,R12-M01,urban,single_family
A009159,R02,South City,R02-M04,urban,multi_family
A009160,R07,Mountain Region,R07-M02,rural,single_family
A009161,R09,Urban Belt,R09-M03,urban,multi_family
A009162,R06,River Region,R06-M02,mixed,multi_family
A009163,R07,Mountain Region,R07-M01,rural,multi_family
A009164,R03,West District,R03-M03,mixed,large_residential
A009165,R08,Lake Region,R08-M01,rural,single_family
A009166,R02,South City,R02-M03,urban,large_residential
A009167,R02,South City,R02-M03,urban,multi_family
A009168,R07,Mountain Region,R07-M02,rural,single_family
A009169,R09,Urban Belt,R09-M03,urban,multi_family
A009170,R03,West District,R03-M01,mixed,single_family
A009171,R07,Mountain Region,R07-M02,rural,single_family
A009172,R01,North City,R01-M03,urban,multi_family
A009173,R01,North City,R01-M02,urban,single_family
A009174,R01,North City,R01-M01,urban,multi_family
A009175,R12,Metro Region,R12-M03,urban,large_residential
A009176,R09,Urban Belt,R09-M01,urban,multi_family
A009177,R05,Central Region,R05-M01,urban,multi_family
A009178,R09,Urban Belt,R09-M01,urban,multi_family
A009179,R09,Urban Belt,R09-M01,urban,single_family
A009180,R01,North City,R01-M03,urban,single_family
A009181,R10,Rural Belt,R10-M01,rural,single_family
A009182,R12,Metro Region,R12-M03,urban,multi_family
A009183,R06,River Region,R06-M02,mixed,multi_family
A009184,R09,Urban Belt,R09-M01,urban,single_family
A009185,R06,River Region,R06-M01,mixed,single_family
A009186,R11,Border Region,R11-M02,mixed,single_family
A009187,R09,Urban Belt,R09-M01,urban,multi_family
A009188,R09,Urban Belt,R09-M01,urban,large_residential
A009189,R06,River Region,R06-M02,mixed,single_family
A009190,R06,River Region,R06-M03,mixed,multi_family
A009191,R01,North City,R01-M03,urban,large_residential
A009192,R06,River Region,R06-M02,mixed,single_family
A009193,R08,Lake Region,R08-M04,rural,multi_family
A009194,R09,Urban Belt,R09-M03,urban,single_family
A009195,R11,Border Region,R11-M04,mixed,single_family
A009196,R03,West District,R03-M03,mixed,multi_family
A009197,R01,North City,R01-M02,urban,single_family
A009198,R09,Urban Belt,R09-M04,urban,multi_family
A009199,R07,Mountain Region,R07-M01,rural,multi_family
A009200,R12,Metro Region,R12-M04,urban,large_residential
A009201,R12,Metro Region,R12-M02,urban,single_family
A009202,R04,East District,R04-M01,mixed,single_family
A009203,R09,Urban Belt,R09-M03,urban,single_family
A009204,R09,Urban Belt,R09-M04,urban,multi_family
A009205,R04,East District,R04-M01,mixed,single_family
A009206,R09,Urban Belt,R09-M02,urban,multi_family
A009207,R12,Metro Region,R12-M03,urban,multi_family
A009208,R11,Border Region,R11-M01,mixed,multi_family
A009209,R02,South City,R02-M03,urban,multi_family
A009210,R07,Mountain Region,R07-M01,rural,multi_family
A009211,R01,North City,R01-M01,urban,multi_family
A009212,R01,North City,R01-M03,urban,single_family
A009213,R02,South City,R02-M01,urban,large_residential
A009214,R02,South City,R02-M04,urban,multi_family
A009215,R04,East District,R04-M04,mixed,single_family
A009216,R06,River Region,R06-M03,mixed,single_family
A009217,R05,Central Region,R05-M02,urban,single_family
A009218,R09,Urban Belt,R09-M04,urban,large_residential
A009219,R11,Border Region,R11-M01,mixed,single_family
A009220,R09,Urban Belt,R09-M03,urban,multi_family
A009221,R10,Rural Belt,R10-M01,rural,multi_family
A009222,R09,Urban Belt,R09-M02,urban,multi_family
A009223,R10,Rural Belt,R10-M04,rural,single_family
A009224,R10,Rural Belt,R10-M01,rural,single_family
A009225,R12,Metro Region,R12-M04,urban,single_family
A009226,R09,Urban Belt,R09-M01,urban,multi_family
A009227,R02,South City,R02-M04,urban,large_residential
A009228,R07,Mountain Region,R07-M02,rural,single_family
A009229,R03,West District,R03-M03,mixed,single_family
A009230,R04,East District,R04-M01,mixed,single_family
A009231,R09,Urban Belt,R09-M02,urban,single_family
A009232,R02,South City,R02-M04,urban,large_residential
A009233,R05,Central Region,R05-M03,urban,single_family
A009234,R12,Metro Region,R12-M01,urban,multi_family
A009235,R04,East District,R04-M04,mixed,multi_family
A009236,R04,East District,R04-M04,mixed,single_family
A009237,R12,Metro Region,R12-M04,urban,single_family
A009238,R07,Mountain Region,R07-M03,rural,multi_family
A009239,R04,East District,R04-M02,mixed,multi_family
A009240,R12,Metro Region,R12-M01,urban,single_family
A009241,R10,Rural Belt,R10-M02,rural,multi_family
A009242,R12,Metro Region,R12-M03,urban,multi_family
A009243,R02,South City,R02-M01,urban,large_residential
A009244,R05,Central Region,R05-M01,urban,single_family
A009245,R01,North City,R01-M01,urban,single_family
A009246,R09,Urban Belt,R09-M03,urban,multi_family
A009247,R09,Urban Belt,R09-M01,urban,large_residential
A009248,R02,South City,R02-M04,urban,multi_family
A009249,R09,Urban Belt,R09-M04,urban,large_residential
A009250,R08,Lake Region,R08-M04,rural,single_family
A009251,R05,Central Region,R05-M02,urban,multi_family
A009252,R05,Central Region,R05-M01,urban,multi_family
A009253,R01,North City,R01-M03,urban,multi_family
A009254,R05,Central Region,R05-M01,urban,multi_family
A009255,R04,East District,R04-M04,mixed,multi_family
A009256,R06,River Region,R06-M01,mixed,multi_family
A009257,R04,East District,R04-M03,mixed,single_family
A009258,R08,Lake Region,R08-M02,rural,single_family
A009259,R12,Metro Region,R12-M01,urban,multi_family
A009260,R07,Mountain Region,R07-M01,rural,multi_family
A009261,R03,West District,R03-M01,mixed,multi_family
A009262,R04,East District,R04-M02,mixed,multi_family
A009263,R09,Urban Belt,R09-M01,urban,multi_family
A009264,R02,South City,R02-M03,urban,large_residential
A009265,R02,South City,R02-M03,urban,multi_family
A009266,R02,South City,R02-M02,urban,large_residential
A009267,R04,East District,R04-M01,mixed,multi_family
A009268,R11,Border Region,R11-M03,mixed,multi_family
A009269,R12,Metro Region,R12-M04,urban,multi_family
A009270,R11,Border Region,R11-M02,mixed,large_residential
A009271,R01,North City,R01-M01,urban,large_residential
A009272,R04,East District,R04-M01,mixed,multi_family
A009273,R04,East District,R04-M02,mixed,single_family
A009274,R09,Urban Belt,R09-M01,urban,multi_family
A009275,R03,West District,R03-M03,mixed,single_family
A009276,R06,River Region,R06-M01,mixed,single_family
A009277,R11,Border Region,R11-M04,mixed,single_family
A009278,R01,North City,R01-M03,urban,multi_family
A009279,R08,Lake Region,R08-M03,rural,single_family
A009280,R01,North City,R01-M04,urban,single_family
A009281,R07,Mountain Region,R07-M03,rural,single_family
A009282,R09,Urban Belt,R09-M02,urban,single_family
A009283,R02,South City,R02-M01,urban,multi_family
A009284,R07,Mountain Region,R07-M02,rural,multi_family
A009285,R05,Central Region,R05-M02,urban,single_family
A009286,R09,Urban Belt,R09-M03,urban,multi_family
A009287,R09,Urban Belt,R09-M01,urban,multi_family
A009288,R07,Mountain Region,R07-M03,rural,multi_family
A009289,R10,Rural Belt,R10-M01,rural,single_family
A009290,R03,West District,R03-M03,mixed,multi_family
A009291,R05,Central Region,R05-M02,urban,multi_family
A009292,R02,South City,R02-M02,urban,multi_family
A009293,R09,Urban Belt,R09-M01,urban,single_family
A009294,R10,Rural Belt,R10-M02,rural,multi_family
A009295,R07,Mountain Region,R07-M03,rural,single_family
A009296,R08,Lake Region,R08-M04,rural,single_family
A009297,R11,Border Region,R11-M02,mixed,single_family
A009298,R03,West District,R03-M03,mixed,large_residential
A009299,R12,Metro Region,R12-M01,urban,multi_family
A009300,R09,Urban Belt,R09-M03,urban,multi_family
A009301,R07,Mountain Region,R07-M02,rural,single_family
A009302,R10,Rural Belt,R10-M01,rural,single_family
A009303,R12,Metro Region,R12-M01,urban,single_family
A009304,R06,River Region,R06-M03,mixed,multi_family
A009305,R02,South City,R02-M01,urban,large_residential
A009306,R10,Rural Belt,R10-M03,rural,single_family
A009307,R05,Central Region,R05-M04,urban,single_family
A009308,R01,North City,R01-M04,urban,multi_family
A009309,R08,Lake Region,R08-M01,rural,single_family
A009310,R07,Mountain Region,R07-M04,rural,single_family
A009311,R12,Metro Region,R12-M04,urban,single_family
A009312,R10,Rural Belt,R10-M02,rural,single_family
A009313,R07,Mountain Region,R07-M04,rural,single_family
A009314,R05,Central Region,R05-M03,urban,multi_family
A009315,R09,Urban Belt,R09-M03,urban,single_family
A009316,R07,Mountain Region,R07-M02,rural,single_family
A009317,R05,Central Region,R05-M04,urban,single_family
A009318,R06,River Region,R06-M04,mixed,single_family
A009319,R11,Border Region,R11-M04,mixed,multi_family
A009320,R05,Central Region,R05-M01,urban,multi_family
A009321,R07,Mountain Region,R07-M03,rural,large_residential
A009322,R09,Urban Belt,R09-M04,urban,multi_family
A009323,R06,River Region,R06-M03,mixed,multi_family
A009324,R09,Urban Belt,R09-M04,urban,multi_family
A009325,R09,Urban Belt,R09-M02,urban,multi_family
A009326,R10,Rural Belt,R10-M04,rural,multi_family
A009327,R09,Urban Belt,R09-M01,urban,multi_family
A009328,R01,North City,R01-M04,urban,large_residential
A009329,R09,Urban Belt,R09-M01,urban,multi_family
A009330,R01,North City,R01-M04,urban,multi_family
A009331,R12,Metro Region,R12-M01,urban,multi_family
A009332,R08,Lake Region,R08-M04,rural,multi_family
A009333,R02,South City,R02-M03,urban,multi_family
A009334,R07,Mountain Region,R07-M03,rural,single_family
A009335,R12,Metro Region,R12-M01,urban,multi_family
A009336,R03,West District,R03-M04,mixed,single_family
A009337,R02,South City,R02-M01,urban,multi_family
A009338,R04,East District,R04-M03,mixed,single_family
A009339,R12,Metro Region,R12-M02,urban,single_family
A009340,R05,Central Region,R05-M04,urban,multi_family
A009341,R11,Border Region,R11-M02,mixed,multi_family
A009342,R02,South City,R02-M02,urban,multi_family
A009343,R11,Border Region,R11-M01,mixed,multi_family
A009344,R05,Central Region,R05-M02,urban,multi_family
A009345,R03,West District,R03-M01,mixed,multi_family
A009346,R06,River Region,R06-M04,mixed,single_family
A009347,R05,Central Region,R05-M02,urban,multi_family
A009348,R10,Rural Belt,R10-M01,rural,single_family
A009349,R01,North City,R01-M04,urban,multi_family
A009350,R06,River Region,R06-M04,mixed,multi_family
A009351,R10,Rural Belt,R10-M01,rural,single_family
A009352,R12,Metro Region,R12-M02,urban,single_family
A009353,R02,South City,R02-M02,urban,multi_family
A009354,R08,Lake Region,R08-M02,rural,single_family
A009355,R10,Rural Belt,R10-M02,rural,single_family
A009356,R07,Mountain Region,R07-M03,rural,single_family
A009357,R03,West District,R03-M02,mixed,single_family
A009358,R02,South City,R02-M01,urban,multi_family
A009359,R08,Lake Region,R08-M03,rural,multi_family
A009360,R03,West District,R03-M04,mixed,single_family
A009361,R08,Lake Region,R08-M03,rural,single_family
A009362,R05,Central Region,R05-M02,urban,large_residential
A009363,R10,Rural Belt,R10-M02,rural,single_family
A009364,R06,River Region,R06-M02,mixed,multi_family
A009365,R04,East District,R04-M02,mixed,single_family
A009366,R06,River Region,R06-M02,mixed,multi_family
A009367,R02,South City,R02-M04,urban,large_residential
A009368,R03,West District,R03-M04,mixed,multi_family
A009369,R07,Mountain Region,R07-M04,rural,single_family
A009370,R10,Rural Belt,R10-M04,rural,single_family
A009371,R06,River Region,R06-M01,mixed,multi_family
A009372,R11,Border Region,R11-M01,mixed,single_family
A009373,R09,Urban Belt,R09-M02,urban,multi_family
A009374,R09,Urban Belt,R09-M02,urban,multi_family
A009375,R06,River Region,R06-M01,mixed,single_family
A009376,R10,Rural Belt,R10-M02,rural,single_family
A009377,R09,Urban Belt,R09-M01,urban,multi_family
A009378,R07,Mountain Region,R07-M03,rural,multi_family
A009379,R05,Central Region,R05-M04,urban,multi_family
A009380,R10,Rural Belt,R10-M04,rural,multi_family
A009381,R02,South City,R02-M03,urban,multi_family
A009382,R01,North City,R01-M01,urban,large_residential
A009383,R08,Lake Region,R08-M02,rural,single_family
A009384,R08,Lake Region,R08-M02,rural,multi_family
A009385,R09,Urban Belt,R09-M04,urban,multi_family
A009386,R06,River Region,R06-M04,mixed,single_family
A009387,R09,Urban Belt,R09-M04,urban,single_family
A009388,R05,Central Region,R05-M01,urban,single_family
A009389,R01,North City,R01-M01,urban,large_residential
A009390,R06,River Region,R06-M04,mixed,single_family
A009391,R04,East District,R04-M04,mixed,multi_family
A009392,R01,North City,R01-M02,urban,multi_family
A009393,R02,South City,R02-M01,urban,multi_family
A009394,R07,Mountain Region,R07-M03,rural,single_family
A009395,R06,River Region,R06-M02,mixed,multi_family
A009396,R10,Rural Belt,R10-M03,rural,multi_family
A009397,R01,North City,R01-M04,urban,large_residential
A009398,R10,Rural Belt,R10-M01,rural,single_family
A009399,R10,Rural Belt,R10-M01,rural,single_family
A009400,R04,East District,R04-M02,mixed,single_family
A009401,R01,North City,R01-M03,urban,single_family
A009402,R07,Mountain Region,R07-M04,rural,single_family
A009403,R10,Rural Belt,R10-M04,rural,single_family
A009404,R03,West District,R03-M01,mixed,multi_family
A009405,R10,Rural Belt,R10-M02,rural,single_family
A009406,R01,North City,R01-M03,urban,multi_family
A009407,R01,North City,R01-M04,urban,multi_family
A009408,R01,North City,R01-M02,urban,single_family
A009409,R01,North City,R01-M01,urban,multi_family
A009410,R02,South City,R02-M02,urban,single_family
A009411,R03,West District,R03-M04,mixed,single_family
A009412,R04,East District,R04-M03,mixed,multi_family
A009413,R06,River Region,R06-M02,mixed,multi_family
A009414,R12,Metro Region,R12-M01,urban,multi_family
A009415,R02,South City,R02-M02,urban,multi_family
A009416,R03,West District,R03-M02,mixed,multi_family
A009417,R05,Central Region,R05-M04,urban,multi_family
A009418,R07,Mountain Region,R07-M03,rural,single_family
A009419,R09,Urban Belt,R09-M03,urban,single_family
A009420,R03,West District,R03-M04,mixed,single_family
A009421,R09,Urban Belt,R09-M03,urban,multi_family
A009422,R04,East District,R04-M04,mixed,single_family
A009423,R05,Central Region,R05-M03,urban,multi_family
A009424,R10,Rural Belt,R10-M03,rural,large_residential
A009425,R11,Border Region,R11-M02,mixed,multi_family
A009426,R09,Urban Belt,R09-M01,urban,single_family
A009427,R09,Urban Belt,R09-M02,urban,multi_family
A009428,R07,Mountain Region,R07-M01,rural,single_family
A009429,R12,Metro Region,R12-M01,urban,single_family
A009430,R01,North City,R01-M01,urban,multi_family
A009431,R03,West District,R03-M03,mixed,multi_family
A009432,R09,Urban Belt,R09-M04,urban,large_residential
A009433,R04,East District,R04-M03,mixed,multi_family
A009434,R07,Mountain Region,R07-M03,rural,single_family
A009435,R05,Central Region,R05-M04,urban,multi_family
A009436,R03,West District,R03-M02,mixed,multi_family
A009437,R07,Mountain Region,R07-M03,rural,single_family
A009438,R04,East District,R04-M01,mixed,multi_family
A009439,R03,West District,R03-M04,mixed,large_residential
A009440,R01,North City,R01-M03,urban,large_residential
A009441,R09,Urban Belt,R09-M03,urban,large_residential
A009442,R02,South City,R02-M04,urban,multi_family
A009443,R02,South City,R02-M03,urban,multi_family
A009444,R02,South City,R02-M02,urban,large_residential
A009445,R01,North City,R01-M04,urban,multi_family
A009446,R04,East District,R04-M02,mixed,multi_family
A009447,R12,Metro Region,R12-M02,urban,multi_family
A009448,R12,Metro Region,R12-M04,urban,multi_family
A009449,R09,Urban Belt,R09-M03,urban,large_residential
A009450,R03,West District,R03-M02,mixed,multi_family
A009451,R01,North City,R01-M01,urban,multi_family
A009452,R02,South City,R02-M03,urban,large_residential
A009453,R05,Central Region,R05-M04,urban,multi_family
A009454,R10,Rural Belt,R10-M01,rural,single_family
A009455,R05,Central Region,R05-M01,urban,multi_family
A009456,R10,Rural Belt,R10-M01,rural,single_family
A009457,R01,North City,R01-M01,urban,multi_family
A009458,R09,Urban Belt,R09-M01,urban,large_residential
A009459,R02,South City,R02-M04,urban,multi_family
A009460,R04,East District,R04-M04,mixed,multi_family
A009461,R05,Central Region,R05-M04,urban,single_family
A009462,R02,South City,R02-M01,urban,single_family
A009463,R04,East District,R04-M02,mixed,multi_family
A009464,R08,Lake Region,R08-M02,rural,multi_family
A009465,R03,West District,R03-M04,mixed,multi_family
A009466,R05,Central Region,R05-M01,urban,large_residential
A009467,R12,Metro Region,R12-M01,urban,multi_family
A009468,R04,East District,R04-M01,mixed,single_family
A009469,R06,River Region,R06-M02,mixed,large_residential
A009470,R02,South City,R02-M04,urban,multi_family
A009471,R04,East District,R04-M04,mixed,multi_family
A009472,R01,North City,R01-M03,urban,large_residential
A009473,R06,River Region,R06-M04,mixed,large_residential
A009474,R07,Mountain Region,R07-M02,rural,multi_family
A009475,R05,Central Region,R05-M03,urban,single_family
A009476,R05,Central Region,R05-M02,urban,single_family
A009477,R10,Rural Belt,R10-M03,rural,single_family
A009478,R05,Central Region,R05-M04,urban,multi_family
A009479,R01,North City,R01-M04,urban,multi_family
A009480,R01,North City,R01-M04,urban,large_residential
A009481,R03,West District,R03-M02,mixed,multi_family
A009482,R11,Border Region,R11-M01,mixed,single_family
A009483,R01,North City,R01-M01,urban,multi_family
A009484,R06,River Region,R06-M03,mixed,single_family
A009485,R05,Central Region,R05-M01,urban,multi_family
A009486,R10,Rural Belt,R10-M04,rural,single_family
A009487,R07,Mountain Region,R07-M02,rural,single_family
A009488,R04,East District,R04-M04,mixed,large_residential
A009489,R02,South City,R02-M03,urban,large_residential
A009490,R06,River Region,R06-M04,mixed,single_family
A009491,R02,South City,R02-M02,urban,multi_family
A009492,R06,River Region,R06-M04,mixed,multi_family
A009493,R11,Border Region,R11-M01,mixed,single_family
A009494,R09,Urban Belt,R09-M04,urban,single_family
A009495,R09,Urban Belt,R09-M01,urban,multi_family
A009496,R05,Central Region,R05-M02,urban,multi_family
A009497,R07,Mountain Region,R07-M04,rural,multi_family
A009498,R02,South City,R02-M01,urban,single_family
A009499,R09,Urban Belt,R09-M04,urban,large_residential
A009500,R06,River Region,R06-M04,mixed,single_family
A009501,R08,Lake Region,R08-M04,rural,single_family
A009502,R11,Border Region,R11-M02,mixed,single_family
A009503,R12,Metro Region,R12-M02,urban,multi_family
A009504,R03,West District,R03-M01,mixed,single_family
A009505,R07,Mountain Region,R07-M02,rural,single_family
A009506,R02,South City,R02-M01,urban,large_residential
A009507,R06,River Region,R06-M03,mixed,single_family
A009508,R03,West District,R03-M03,mixed,single_family
A009509,R09,Urban Belt,R09-M03,urban,large_residential
A009510,R05,Central Region,R05-M01,urban,multi_family
A009511,R04,East District,R04-M04,mixed,single_family
A009512,R10,Rural Belt,R10-M03,rural,single_family
A009513,R06,River Region,R06-M01,mixed,single_family
A009514,R11,Border Region,R11-M04,mixed,multi_family
A009515,R10,Rural Belt,R10-M01,rural,multi_family
A009516,R05,Central Region,R05-M04,urban,multi_family
A009517,R08,Lake Region,R08-M02,rural,single_family
A009518,R09,Urban Belt,R09-M02,urban,multi_family
A009519,R02,South City,R02-M04,urban,multi_family
A009520,R10,Rural Belt,R10-M04,rural,multi_family
A009521,R12,Metro Region,R12-M04,urban,multi_family
A009522,R07,Mountain Region,R07-M01,rural,single_family
A009523,R03,West District,R03-M04,mixed,single_family
A009524,R06,River Region,R06-M01,mixed,multi_family
A009525,R09,Urban Belt,R09-M04,urban,single_family
A009526,R01,North City,R01-M03,urban,single_family
A009527,R04,East District,R04-M02,mixed,large_residential
A009528,R05,Central Region,R05-M04,urban,multi_family
A009529,R04,East District,R04-M02,mixed,multi_family
A009530,R05,Central Region,R05-M03,urban,multi_family
A009531,R07,Mountain Region,R07-M02,rural,multi_family
A009532,R11,Border Region,R11-M04,mixed,multi_family
A009533,R11,Border Region,R11-M04,mixed,single_family
A009534,R04,East District,R04-M04,mixed,multi_family
A009535,R05,Central Region,R05-M01,urban,multi_family
A009536,R02,South City,R02-M04,urban,large_residential
A009537,R03,West District,R03-M04,mixed,multi_family
A009538,R08,Lake Region,R08-M04,rural,single_family
A009539,R06,River Region,R06-M03,mixed,multi_family
A009540,R04,East District,R04-M01,mixed,single_family
A009541,R10,Rural Belt,R10-M02,rural,single_family
A009542,R04,East District,R04-M03,mixed,single_family
A009543,R06,River Region,R06-M02,mixed,multi_family
A009544,R06,River Region,R06-M04,mixed,multi_family
A009545,R10,Rural Belt,R10-M04,rural,multi_family
A009546,R09,Urban Belt,R09-M04,urban,multi_family
A009547,R02,South City,R02-M03,urban,multi_family
A009548,R01,North City,R01-M01,urban,multi_family
A009549,R11,Border Region,R11-M03,mixed,multi_family
A009550,R11,Border Region,R11-M04,mixed,single_family
A009551,R06,River Region,R06-M02,mixed,large_residential
A009552,R10,Rural Belt,R10-M02,rural,multi_family
A009553,R12,Metro Region,R12-M04,urban,multi_family
A009554,R07,Mountain Region,R07-M04,rural,single_family
A009555,R05,Central Region,R05-M01,urban,multi_family
A009556,R02,South City,R02-M04,urban,large_residential
A009557,R09,Urban Belt,R09-M02,urban,large_residential
A009558,R03,West District,R03-M04,mixed,single_family
A009559,R10,Rural Belt,R10-M02,rural,single_family
A009560,R09,Urban Belt,R09-M03,urban,single_family
A009561,R10,Rural Belt,R10-M02,rural,single_family
A009562,R09,Urban Belt,R09-M03,urban,multi_family
A009563,R11,Border Region,R11-M04,mixed,multi_family
A009564,R06,River Region,R06-M03,mixed,large_residential
A009565,R11,Border Region,R11-M02,mixed,single_family
A009566,R04,East District,R04-M01,mixed,single_family
A009567,R05,Central Region,R05-M03,urban,multi_family
A009568,R09,Urban Belt,R09-M02,urban,single_family
A009569,R04,East District,R04-M04,mixed,single_family
A009570,R06,River Region,R06-M02,mixed,multi_family
A009571,R12,Metro Region,R12-M04,urban,multi_family
A009572,R04,East District,R04-M02,mixed,single_family
A009573,R04,East District,R04-M03,mixed,multi_family
A009574,R05,Central Region,R05-M03,urban,multi_family
A009575,R06,River Region,R06-M01,mixed,multi_family
A009576,R09,Urban Belt,R09-M03,urban,single_family
A009577,R02,South City,R02-M02,urban,multi_family
A009578,R03,West District,R03-M03,mixed,multi_family
A009579,R12,Metro Region,R12-M02,urban,single_family
A009580,R09,Urban Belt,R09-M04,urban,single_family
A009581,R08,Lake Region,R08-M01,rural,single_family
A009582,R09,Urban Belt,R09-M04,urban,single_family
A009583,R03,West District,R03-M03,mixed,multi_family
A009584,R01,North City,R01-M03,urban,multi_family
A009585,R08,Lake Region,R08-M03,rural,single_family
A009586,R01,North City,R01-M03,urban,multi_family
A009587,R04,East District,R04-M03,mixed,single_family
A009588,R10,Rural Belt,R10-M02,rural,multi_family
A009589,R09,Urban Belt,R09-M02,urban,large_residential
A009590,R07,Mountain Region,R07-M02,rural,single_family
A009591,R10,Rural Belt,R10-M04,rural,single_family
A009592,R06,River Region,R06-M02,mixed,single_family
A009593,R07,Mountain Region,R07-M04,rural,single_family
A009594,R07,Mountain Region,R07-M03,rural,single_family
A009595,R10,Rural Belt,R10-M01,rural,single_family
A009596,R04,East District,R04-M01,mixed,single_family
A009597,R01,North City,R01-M02,urban,large_residential
A009598,R04,East District,R04-M02,mixed,multi_family
A009599,R11,Border Region,R11-M02,mixed,multi_family
A009600,R03,West District,R03-M01,mixed,multi_family
A009601,R08,Lake Region,R08-M03,rural,single_family
A009602,R12,Metro Region,R12-M01,urban,multi_family
A009603,R03,West District,R03-M04,mixed,single_family
A009604,R08,Lake Region,R08-M01,rural,single_family
A009605,R09,Urban Belt,R09-M02,urban,multi_family
A009606,R01,North City,R01-M03,urban,large_residential
A009607,R10,Rural Belt,R10-M04,rural,single_family
A009608,R03,West District,R03-M01,mixed,large_residential
A009609,R04,East District,R04-M01,mixed,single_family
A009610,R12,Metro Region,R12-M04,urban,large_residential
A009611,R03,West District,R03-M04,mixed,multi_family
A009612,R05,Central Region,R05-M03,urban,large_residential
A009613,R06,River Region,R06-M04,mixed,multi_family
A009614,R08,Lake Region,R08-M01,rural,single_family
A009615,R02,South City,R02-M02,urban,multi_family
A009616,R10,Rural Belt,R10-M03,rural,single_family
A009617,R06,River Region,R06-M04,mixed,single_family
A009618,R12,Metro Region,R12-M01,urban,multi_family
A009619,R04,East District,R04-M04,mixed,multi_family
A009620,R12,Metro Region,R12-M03,urban,large_residential
A009621,R06,River Region,R06-M02,mixed,single_family
A009622,R09,Urban Belt,R09-M03,urban,multi_family
A009623,R08,Lake Region,R08-M02,rural,single_family
A009624,R09,Urban Belt,R09-M04,urban,large_residential
A009625,R01,North City,R01-M04,urban,single_family
A009626,R03,West District,R03-M04,mixed,multi_family
A009627,R01,North City,R01-M04,urban,single_family
A009628,R06,River Region,R06-M02,mixed,large_residential
A009629,R09,Urban Belt,R09-M03,urban,multi_family
A009630,R09,Urban Belt,R09-M03,urban,multi_family
A009631,R09,Urban Belt,R09-M01,urban,multi_family
A009632,R06,River Region,R06-M01,mixed,multi_family
A009633,R09,Urban Belt,R09-M02,urban,multi_family
A009634,R03,West District,R03-M04,mixed,multi_family
A009635,R02,South City,R02-M03,urban,single_family
A009636,R11,Border Region,R11-M01,mixed,multi_family
A009637,R02,South City,R02-M03,urban,multi_family
A009638,R09,Urban Belt,R09-M03,urban,large_residential
A009639,R09,Urban Belt,R09-M03,urban,large_residential
A009640,R03,West District,R03-M03,mixed,multi_family
A009641,R09,Urban Belt,R09-M02,urban,multi_family
A009642,R09,Urban Belt,R09-M04,urban,single_family
A009643,R12,Metro Region,R12-M03,urban,multi_family
A009644,R02,South City,R02-M03,urban,multi_family
A009645,R08,Lake Region,R08-M01,rural,single_family
A009646,R12,Metro Region,R12-M03,urban,multi_family
A009647,R09,Urban Belt,R09-M02,urban,multi_family
A009648,R12,Metro Region,R12-M03,urban,single_family
A009649,R07,Mountain Region,R07-M01,rural,single_family
A009650,R07,Mountain Region,R07-M04,rural,single_family
A009651,R07,Mountain Region,R07-M02,rural,single_family
A009652,R01,North City,R01-M02,urban,single_family
A009653,R07,Mountain Region,R07-M01,rural,multi_family
A009654,R11,Border Region,R11-M01,mixed,single_family
A009655,R05,Central Region,R05-M04,urban,large_residential
A009656,R05,Central Region,R05-M03,urban,multi_family
A009657,R05,Central Region,R05-M01,urban,single_family
A009658,R09,Urban Belt,R09-M02,urban,multi_family
A009659,R09,Urban Belt,R09-M01,urban,large_residential
A009660,R09,Urban Belt,R09-M04,urban,multi_family
A009661,R10,Rural Belt,R10-M02,rural,single_family
A009662,R10,Rural Belt,R10-M01,rural,multi_family
A009663,R12,Metro Region,R12-M03,urban,single_family
A009664,R05,Central Region,R05-M01,urban,single_family
A009665,R07,Mountain Region,R07-M01,rural,single_family
A009666,R02,South City,R02-M02,urban,single_family
A009667,R12,Metro Region,R12-M02,urban,single_family
A009668,R11,Border Region,R11-M04,mixed,single_family
A009669,R11,Border Region,R11-M01,mixed,single_family
A009670,R02,South City,R02-M01,urban,large_residential
A009671,R05,Central Region,R05-M04,urban,single_family
A009672,R01,North City,R01-M02,urban,multi_family
A009673,R12,Metro Region,R12-M03,urban,large_residential
A009674,R09,Urban Belt,R09-M04,urban,large_residential
A009675,R12,Metro Region,R12-M03,urban,single_family
A009676,R05,Central Region,R05-M03,urban,multi_family
A009677,R09,Urban Belt,R09-M03,urban,multi_family
A009678,R06,River Region,R06-M02,mixed,large_residential
A009679,R02,South City,R02-M03,urban,multi_family
A009680,R09,Urban Belt,R09-M01,urban,single_family
A009681,R04,East District,R04-M04,mixed,multi_family
A009682,R02,South City,R02-M04,urban,single_family
A009683,R10,Rural Belt,R10-M01,rural,single_family
A009684,R04,East District,R04-M02,mixed,single_family
A009685,R05,Central Region,R05-M01,urban,multi_family
A009686,R03,West District,R03-M03,mixed,multi_family
A009687,R01,North City,R01-M04,urban,multi_family
A009688,R05,Central Region,R05-M02,urban,multi_family
A009689,R12,Metro Region,R12-M03,urban,multi_family
A009690,R09,Urban Belt,R09-M01,urban,multi_family
A009691,R06,River Region,R06-M02,mixed,multi_family
A009692,R01,North City,R01-M02,urban,large_residential
A009693,R12,Metro Region,R12-M01,urban,single_family
A009694,R03,West District,R03-M04,mixed,multi_family
A009695,R11,Border Region,R11-M02,mixed,single_family
A009696,R08,Lake Region,R08-M01,rural,single_family
A009697,R07,Mountain Region,R07-M04,rural,multi_family
A009698,R02,South City,R02-M01,urban,large_residential
A009699,R03,West District,R03-M04,mixed,single_family
A009700,R05,Central Region,R05-M03,urban,single_family
A009701,R09,Urban Belt,R09-M04,urban,multi_family
A009702,R03,West District,R03-M02,mixed,single_family
A009703,R05,Central Region,R05-M01,urban,single_family
A009704,R10,Rural Belt,R10-M02,rural,single_family
A009705,R09,Urban Belt,R09-M03,urban,large_residential
A009706,R05,Central Region,R05-M02,urban,multi_family
A009707,R04,East District,R04-M03,mixed,large_residential
A009708,R05,Central Region,R05-M02,urban,multi_family
A009709,R12,Metro Region,R12-M03,urban,multi_family
A009710,R05,Central Region,R05-M02,urban,multi_family
A009711,R09,Urban Belt,R09-M03,urban,single_family
A009712,R12,Metro Region,R12-M01,urban,multi_family
A009713,R10,Rural Belt,R10-M03,rural,single_family
A009714,R05,Central Region,R05-M03,urban,single_family
A009715,R04,East District,R04-M03,mixed,single_family
A009716,R01,North City,R01-M04,urban,large_residential
A009717,R08,Lake Region,R08-M01,rural,single_family
A009718,R10,Rural Belt,R10-M03,rural,single_family
A009719,R01,North City,R01-M01,urban,multi_family
A009720,R09,Urban Belt,R09-M04,urban,multi_family
A009721,R09,Urban Belt,R09-M04,urban,multi_family
A009722,R03,West District,R03-M02,mixed,single_family
A009723,R10,Rural Belt,R10-M01,rural,multi_family
A009724,R03,West District,R03-M04,mixed,multi_family
A009725,R01,North City,R01-M02,urban,multi_family
A009726,R06,River Region,R06-M03,mixed,single_family
A009727,R03,West District,R03-M02,mixed,single_family
A009728,R09,Urban Belt,R09-M01,urban,single_family
A009729,R06,River Region,R06-M01,mixed,multi_family
A009730,R06,River Region,R06-M02,mixed,single_family
A009731,R04,East District,R04-M02,mixed,multi_family
A009732,R11,Border Region,R11-M04,mixed,multi_family
A009733,R05,Central Region,R05-M02,urban,multi_family
A009734,R09,Urban Belt,R09-M02,urban,single_family
A009735,R10,Rural Belt,R10-M04,rural,single_family
A009736,R12,Metro Region,R12-M01,urban,multi_family
A009737,R06,River Region,R06-M02,mixed,multi_family
A009738,R05,Central Region,R05-M03,urban,multi_family
A009739,R02,South City,R02-M03,urban,single_family
A009740,R04,East District,R04-M02,mixed,multi_family
A009741,R10,Rural Belt,R10-M01,rural,single_family
A009742,R06,River Region,R06-M04,mixed,single_family
A009743,R05,Central Region,R05-M01,urban,large_residential
A009744,R10,Rural Belt,R10-M03,rural,single_family
A009745,R09,Urban Belt,R09-M02,urban,multi_family
A009746,R05,Central Region,R05-M01,urban,large_residential
A009747,R05,Central Region,R05-M04,urban,large_residential
A009748,R10,Rural Belt,R10-M04,rural,single_family
A009749,R02,South City,R02-M01,urban,large_residential
A009750,R07,Mountain Region,R07-M04,rural,single_family
A009751,R02,South City,R02-M01,urban,multi_family
A009752,R04,East District,R04-M04,mixed,single_family
A009753,R09,Urban Belt,R09-M03,urban,multi_family
A009754,R04,East District,R04-M01,mixed,multi_family
A009755,R09,Urban Belt,R09-M02,urban,large_residential
A009756,R08,Lake Region,R08-M03,rural,single_family
A009757,R01,North City,R01-M01,urban,multi_family
A009758,R10,Rural Belt,R10-M04,rural,multi_family
A009759,R12,Metro Region,R12-M01,urban,single_family
A009760,R12,Metro Region,R12-M02,urban,multi_family
A009761,R02,South City,R02-M02,urban,single_family
A009762,R07,Mountain Region,R07-M01,rural,multi_family
A009763,R01,North City,R01-M01,urban,single_family
A009764,R02,South City,R02-M02,urban,multi_family
A009765,R12,Metro Region,R12-M04,urban,multi_family
A009766,R05,Central Region,R05-M01,urban,large_residential
A009767,R04,East District,R04-M01,mixed,multi_family
A009768,R04,East District,R04-M02,mixed,single_family
A009769,R10,Rural Belt,R10-M03,rural,multi_family
A009770,R07,Mountain Region,R07-M03,rural,single_family
A009771,R09,Urban Belt,R09-M04,urban,multi_family
A009772,R02,South City,R02-M04,urban,multi_family
A009773,R05,Central Region,R05-M01,urban,multi_family
A009774,R03,West District,R03-M04,mixed,single_family
A009775,R09,Urban Belt,R09-M03,urban,single_family
A009776,R10,Rural Belt,R10-M03,rural,single_family
A009777,R01,North City,R01-M02,urban,multi_family
A009778,R05,Central Region,R05-M04,urban,multi_family
A009779,R04,East District,R04-M04,mixed,multi_family
A009780,R12,Metro Region,R12-M01,urban,multi_family
A009781,R02,South City,R02-M02,urban,multi_family
A009782,R03,West District,R03-M01,mixed,large_residential
A009783,R04,East District,R04-M03,mixed,multi_family
A009784,R09,Urban Belt,R09-M04,urban,single_family
A009785,R05,Central Region,R05-M02,urban,multi_family
A009786,R02,South City,R02-M01,urban,multi_family
A009787,R09,Urban Belt,R09-M01,urban,multi_family
A009788,R07,Mountain Region,R07-M01,rural,single_family
A009789,R02,South City,R02-M02,urban,multi_family
A009790,R11,Border Region,R11-M02,mixed,large_residential
A009791,R07,Mountain Region,R07-M01,rural,multi_family
A009792,R10,Rural Belt,R10-M03,rural,single_family
A009793,R09,Urban Belt,R09-M03,urban,large_residential
A009794,R05,Central Region,R05-M02,urban,multi_family
A009795,R02,South City,R02-M04,urban,multi_family
A009796,R10,Rural Belt,R10-M03,rural,single_family
A009797,R09,Urban Belt,R09-M03,urban,large_residential
A009798,R09,Urban Belt,R09-M02,urban,single_family
A009799,R02,South City,R02-M02,urban,single_family
A009800,R08,Lake Region,R08-M02,rural,single_family
A009801,R10,Rural Belt,R10-M01,rural,single_family
A009802,R01,North City,R01-M04,urban,single_family
A009803,R10,Rural Belt,R10-M03,rural,multi_family
A009804,R12,Metro Region,R12-M04,urban,multi_family
A009805,R02,South City,R02-M03,urban,single_family
A009806,R05,Central Region,R05-M03,urban,multi_family
A009807,R04,East District,R04-M01,mixed,large_residential
A009808,R02,South City,R02-M02,urban,single_family
A009809,R01,North City,R01-M02,urban,single_family
A009810,R02,South City,R02-M04,urban,multi_family
A009811,R11,Border Region,R11-M04,mixed,multi_family
A009812,R01,North City,R01-M04,urban,multi_family
A009813,R03,West District,R03-M04,mixed,large_residential
A009814,R12,Metro Region,R12-M03,urban,multi_family
A009815,R05,Central Region,R05-M02,urban,single_family
A009816,R12,Metro Region,R12-M04,urban,multi_family
A009817,R03,West District,R03-M03,mixed,single_family
A009818,R02,South City,R02-M03,urban,multi_family
A009819,R09,Urban Belt,R09-M01,urban,multi_family
A009820,R02,South City,R02-M01,urban,multi_family
A009821,R05,Central Region,R05-M01,urban,large_residential
A009822,R12,Metro Region,R12-M04,urban,multi_family
A009823,R01,North City,R01-M03,urban,large_residential
A009824,R08,Lake Region,R08-M01,rural,single_family
A009825,R02,South City,R02-M02,urban,multi_family
A009826,R09,Urban Belt,R09-M01,urban,multi_family
A009827,R09,Urban Belt,R09-M02,urban,multi_family
A009828,R01,North City,R01-M01,urban,multi_family
A009829,R06,River Region,R06-M02,mixed,large_residential
A009830,R10,Rural Belt,R10-M04,rural,multi_family
A009831,R04,East District,R04-M02,mixed,multi_family
A009832,R04,East District,R04-M02,mixed,multi_family
A009833,R12,Metro Region,R12-M01,urban,large_residential
A009834,R01,North City,R01-M04,urban,large_residential
A009835,R10,Rural Belt,R10-M03,rural,single_family
A009836,R02,South City,R02-M04,urban,multi_family
A009837,R08,Lake Region,R08-M03,rural,multi_family
A009838,R03,West District,R03-M02,mixed,large_residential
A009839,R02,South City,R02-M02,urban,multi_family
A009840,R12,Metro Region,R12-M02,urban,single_family
A009841,R05,Central Region,R05-M04,urban,large_residential
A009842,R06,River Region,R06-M04,mixed,large_residential
A009843,R08,Lake Region,R08-M03,rural,single_family
A009844,R05,Central Region,R05-M03,urban,single_family
A009845,R05,Central Region,R05-M01,urban,multi_family
A009846,R06,River Region,R06-M03,mixed,multi_family
A009847,R03,West District,R03-M04,mixed,large_residential
A009848,R08,Lake Region,R08-M04,rural,single_family
A009849,R12,Metro Region,R12-M01,urban,multi_family
A009850,R09,Urban Belt,R09-M02,urban,single_family
A009851,R12,Metro Region,R12-M02,urban,multi_family
A009852,R07,Mountain Region,R07-M01,rural,single_family
A009853,R05,Central Region,R05-M04,urban,multi_family
A009854,R01,North City,R01-M02,urban,large_residential
A009855,R06,River Region,R06-M04,mixed,single_family
A009856,R03,West District,R03-M01,mixed,multi_family
A009857,R09,Urban Belt,R09-M01,urban,multi_family
A009858,R05,Central Region,R05-M01,urban,single_family
A009859,R10,Rural Belt,R10-M03,rural,single_family
A009860,R01,North City,R01-M04,urban,multi_family
A009861,R03,West District,R03-M01,mixed,single_family
A009862,R01,North City,R01-M02,urban,multi_family
A009863,R06,River Region,R06-M02,mixed,single_family
A009864,R12,Metro Region,R12-M02,urban,multi_family
A009865,R11,Border Region,R11-M02,mixed,multi_family
A009866,R09,Urban Belt,R09-M01,urban,single_family
A009867,R10,Rural Belt,R10-M01,rural,single_family
A009868,R01,North City,R01-M01,urban,multi_family
A009869,R06,River Region,R06-M03,mixed,single_family
A009870,R05,Central Region,R05-M03,urban,large_residential
A009871,R05,Central Region,R05-M01,urban,multi_family
A009872,R01,North City,R01-M04,urban,multi_family
A009873,R03,West District,R03-M03,mixed,single_family
A009874,R12,Metro Region,R12-M03,urban,multi_family
A009875,R02,South City,R02-M01,urban,large_residential
A009876,R03,West District,R03-M04,mixed,single_family
A009877,R01,North City,R01-M04,urban,single_family
A009878,R03,West District,R03-M03,mixed,single_family
A009879,R12,Metro Region,R12-M04,urban,multi_family
A009880,R03,West District,R03-M01,mixed,single_family
A009881,R01,North City,R01-M01,urban,single_family
A009882,R10,Rural Belt,R10-M03,rural,multi_family
A009883,R03,West District,R03-M04,mixed,multi_family
A009884,R02,South City,R02-M01,urban,multi_family
A009885,R11,Border Region,R11-M04,mixed,multi_family
A009886,R11,Border Region,R11-M03,mixed,single_family
A009887,R12,Metro Region,R12-M04,urban,single_family
A009888,R12,Metro Region,R12-M04,urban,large_residential
A009889,R06,River Region,R06-M04,mixed,single_family
A009890,R12,Metro Region,R12-M04,urban,multi_family
A009891,R10,Rural Belt,R10-M04,rural,single_family
A009892,R10,Rural Belt,R10-M01,rural,single_family
A009893,R04,East District,R04-M03,mixed,multi_family
A009894,R01,North City,R01-M02,urban,large_residential
A009895,R05,Central Region,R05-M03,urban,multi_family
A009896,R09,Urban Belt,R09-M04,urban,single_family
A009897,R02,South City,R02-M01,urban,multi_family
A009898,R07,Mountain Region,R07-M02,rural,single_family
A009899,R07,Mountain Region,R07-M02,rural,single_family
A009900,R05,Central Region,R05-M02,urban,multi_family
A009901,R03,West District,R03-M01,mixed,single_family
A009902,R02,South City,R02-M03,urban,multi_family
A009903,R10,Rural Belt,R10-M02,rural,single_family
A009904,R09,Urban Belt,R09-M03,urban,multi_family
A009905,R12,Metro Region,R12-M03,urban,multi_family
A009906,R01,North City,R01-M01,urban,single_family
A009907,R12,Metro Region,R12-M01,urban,large_residential
A009908,R11,Border Region,R11-M04,mixed,multi_family
A009909,R09,Urban Belt,R09-M04,urban,multi_family
A009910,R10,Rural Belt,R10-M01,rural,multi_family
A009911,R01,North City,R01-M04,urban,single_family
A009912,R05,Central Region,R05-M01,urban,single_family
A009913,R10,Rural Belt,R10-M03,rural,multi_family
A009914,R02,South City,R02-M02,urban,single_family
A009915,R06,River Region,R06-M02,mixed,multi_family
A009916,R03,West District,R03-M04,mixed,single_family
A009917,R12,Metro Region,R12-M03,urban,multi_family
A009918,R06,River Region,R06-M03,mixed,large_residential
A009919,R05,Central Region,R05-M04,urban,single_family
A009920,R12,Metro Region,R12-M04,urban,single_family
A009921,R12,Metro Region,R12-M03,urban,large_residential
A009922,R07,Mountain Region,R07-M02,rural,single_family
A009923,R06,River Region,R06-M01,mixed,multi_family
A009924,R01,North City,R01-M02,urban,single_family
A009925,R05,Central Region,R05-M03,urban,multi_family
A009926,R07,Mountain Region,R07-M01,rural,single_family
A009927,R07,Mountain Region,R07-M01,rural,multi_family
A009928,R02,South City,R02-M03,urban,multi_family
A009929,R05,Central Region,R05-M04,urban,multi_family
A009930,R02,South City,R02-M02,urban,large_residential
A009931,R02,South City,R02-M01,urban,large_residential
A009932,R09,Urban Belt,R09-M03,urban,multi_family
A009933,R10,Rural Belt,R10-M03,rural,single_family
A009934,R05,Central Region,R05-M01,urban,single_family
A009935,R08,Lake Region,R08-M02,rural,single_family
A009936,R10,Rural Belt,R10-M03,rural,single_family
A009937,R06,River Region,R06-M04,mixed,single_family
A009938,R09,Urban Belt,R09-M04,urban,multi_family
A009939,R06,River Region,R06-M02,mixed,large_residential
A009940,R09,Urban Belt,R09-M04,urban,multi_family
A009941,R02,South City,R02-M02,urban,single_family
A009942,R03,West District,R03-M04,mixed,multi_family
A009943,R10,Rural Belt,R10-M02,rural,single_family
A009944,R12,Metro Region,R12-M03,urban,multi_family
A009945,R09,Urban Belt,R09-M03,urban,multi_family
A009946,R09,Urban Belt,R09-M01,urban,multi_family
A009947,R12,Metro Region,R12-M04,urban,large_residential
A009948,R07,Mountain Region,R07-M01,rural,single_family
A009949,R05,Central Region,R05-M03,urban,large_residential
A009950,R02,South City,R02-M01,urban,multi_family
A009951,R12,Metro Region,R12-M03,urban,single_family
A009952,R07,Mountain Region,R07-M04,rural,multi_family
A009953,R02,South City,R02-M04,urban,multi_family
A009954,R06,River Region,R06-M01,mixed,single_family
A009955,R12,Metro Region,R12-M03,urban,large_residential
A009956,R03,West District,R03-M01,mixed,single_family
A009957,R12,Metro Region,R12-M03,urban,multi_family
A009958,R02,South City,R02-M03,urban,large_residential
A009959,R01,North City,R01-M04,urban,multi_family
A009960,R05,Central Region,R05-M01,urban,multi_family
A009961,R06,River Region,R06-M01,mixed,multi_family
A009962,R07,Mountain Region,R07-M03,rural,single_family
A009963,R11,Border Region,R11-M02,mixed,multi_family
A009964,R11,Border Region,R11-M02,mixed,multi_family
A009965,R06,River Region,R06-M03,mixed,large_residential
A009966,R08,Lake Region,R08-M01,rural,multi_family
A009967,R10,Rural Belt,R10-M01,rural,single_family
A009968,R01,North City,R01-M01,urban,multi_family
A009969,R09,Urban Belt,R09-M04,urban,large_residential
A009970,R05,Central Region,R05-M03,urban,single_family
A009971,R12,Metro Region,R12-M04,urban,multi_family
A009972,R03,West District,R03-M04,mixed,multi_family
A009973,R03,West District,R03-M03,mixed,single_family
A009974,R03,West District,R03-M04,mixed,multi_family
A009975,R01,North City,R01-M04,urban,large_residential
A009976,R05,Central Region,R05-M04,urban,multi_family
A009977,R08,Lake Region,R08-M03,rural,single_family
A009978,R08,Lake Region,R08-M02,rural,multi_family
A009979,R01,North City,R01-M02,urban,multi_family
A009980,R02,South City,R02-M02,urban,multi_family
A009981,R12,Metro Region,R12-M02,urban,multi_family
A009982,R04,East District,R04-M02,mixed,single_family
A009983,R02,South City,R02-M01,urban,large_residential
A009984,R09,Urban Belt,R09-M04,urban,large_residential
A009985,R05,Central Region,R05-M02,urban,large_residential
A009986,R05,Central Region,R05-M04,urban,single_family
A009987,R12,Metro Region,R12-M03,urban,large_residential
A009988,R10,Rural Belt,R10-M03,rural,single_family
A009989,R11,Border Region,R11-M02,mixed,multi_family
A009990,R05,Central Region,R05-M04,urban,single_family
A009991,R05,Central Region,R05-M01,urban,large_residential
A009992,R06,River Region,R06-M01,mixed,multi_family
A009993,R03,West District,R03-M04,mixed,single_family
A009994,R03,West District,R03-M04,mixed,multi_family
A009995,R07,Mountain Region,R07-M01,rural,single_family
A009996,R01,North City,R01-M01,urban,multi_family
A009997,R02,South City,R02-M01,urban,single_family
A009998,R12,Metro Region,R12-M03,urban,single_family
A009999,R08,Lake Region,R08-M04,rural,single_family
A010000,R06,River Region,R06-M02,mixed,single_family
A010001,R09,Urban Belt,R09-M04,urban,single_family
A010002,R11,Border Region,R11-M02,mixed,single_family
A010003,R03,West District,R03-M03,mixed,multi_family
A010004,R02,South City,R02-M02,urban,multi_family
A010005,R09,Urban Belt,R09-M02,urban,single_family
A010006,R04,East District,R04-M04,mixed,single_family
A010007,R03,West District,R03-M02,mixed,large_residential
A010008,R12,Metro Region,R12-M04,urban,single_family
A010009,R06,River Region,R06-M02,mixed,single_family
A010010,R07,Mountain Region,R07-M04,rural,single_family
A010011,R05,Central Region,R05-M03,urban,multi_family
A010012,R03,West District,R03-M03,mixed,multi_family
A010013,R09,Urban Belt,R09-M04,urban,multi_family
A010014,R07,Mountain Region,R07-M04,rural,single_family
A010015,R12,Metro Region,R12-M02,urban,multi_family
A010016,R08,Lake Region,R08-M01,rural,multi_family
A010017,R02,South City,R02-M02,urban,single_family
A010018,R12,Metro Region,R12-M04,urban,multi_family
A010019,R12,Metro Region,R12-M02,urban,multi_family
A010020,R08,Lake Region,R08-M04,rural,single_family
A010021,R12,Metro Region,R12-M04,urban,multi_family
A010022,R10,Rural Belt,R10-M04,rural,single_family
A010023,R12,Metro Region,R12-M04,urban,multi_family
A010024,R02,South City,R02-M04,urban,multi_family
A010025,R03,West District,R03-M02,mixed,multi_family
A010026,R11,Border Region,R11-M01,mixed,multi_family
A010027,R04,East District,R04-M01,mixed,single_family
A010028,R10,Rural Belt,R10-M02,rural,single_family
A010029,R09,Urban Belt,R09-M02,urban,single_family
A010030,R07,Mountain Region,R07-M04,rural,multi_family
A010031,R07,Mountain Region,R07-M01,rural,single_family
A010032,R04,East District,R04-M01,mixed,single_family
A010033,R05,Central Region,R05-M02,urban,large_residential
A010034,R06,River Region,R06-M04,mixed,multi_family
A010035,R01,North City,R01-M03,urban,multi_family
A010036,R03,West District,R03-M04,mixed,single_family
A010037,R05,Central Region,R05-M03,urban,large_residential
A010038,R10,Rural Belt,R10-M04,rural,large_residential
A010039,R07,Mountain Region,R07-M03,rural,multi_family
A010040,R02,South City,R02-M03,urban,multi_family
A010041,R04,East District,R04-M04,mixed,large_residential
A010042,R08,Lake Region,R08-M01,rural,single_family
A010043,R01,North City,R01-M01,urban,large_residential
A010044,R03,West District,R03-M04,mixed,single_family
A010045,R05,Central Region,R05-M04,urban,multi_family
A010046,R03,West District,R03-M03,mixed,single_family
A010047,R09,Urban Belt,R09-M04,urban,multi_family
A010048,R10,Rural Belt,R10-M02,rural,multi_family
A010049,R02,South City,R02-M01,urban,single_family
A010050,R01,North City,R01-M03,urban,large_residential
A010051,R11,Border Region,R11-M03,mixed,multi_family
A010052,R08,Lake Region,R08-M04,rural,single_family
A010053,R09,Urban Belt,R09-M02,urban,single_family
A010054,R01,North City,R01-M01,urban,large_residential
A010055,R02,South City,R02-M01,urban,large_residential
A010056,R10,Rural Belt,R10-M01,rural,single_family
A010057,R03,West District,R03-M02,mixed,multi_family
A010058,R03,West District,R03-M04,mixed,single_family
A010059,R09,Urban Belt,R09-M04,urban,multi_family
A010060,R08,Lake Region,R08-M02,rural,single_family
A010061,R10,Rural Belt,R10-M04,rural,single_family
A010062,R05,Central Region,R05-M03,urban,single_family
A010063,R07,Mountain Region,R07-M01,rural,single_family
A010064,R11,Border Region,R11-M04,mixed,multi_family
A010065,R06,River Region,R06-M03,mixed,multi_family
A010066,R03,West District,R03-M03,mixed,single_family
A010067,R05,Central Region,R05-M01,urban,multi_family
A010068,R02,South City,R02-M04,urban,large_residential
A010069,R04,East District,R04-M04,mixed,multi_family
A010070,R10,Rural Belt,R10-M03,rural,single_family
A010071,R07,Mountain Region,R07-M01,rural,multi_family
A010072,R08,Lake Region,R08-M02,rural,single_family
A010073,R12,Metro Region,R12-M02,urban,single_family
A010074,R04,East District,R04-M02,mixed,single_family
A010075,R03,West District,R03-M01,mixed,single_family
A010076,R12,Metro Region,R12-M01,urban,large_residential
A010077,R01,North City,R01-M01,urban,multi_family
A010078,R06,River Region,R06-M02,mixed,large_residential
A010079,R03,West District,R03-M01,mixed,single_family
A010080,R10,Rural Belt,R10-M04,rural,single_family
A010081,R01,North City,R01-M03,urban,multi_family
A010082,R07,Mountain Region,R07-M02,rural,single_family
A010083,R04,East District,R04-M02,mixed,multi_family
A010084,R01,North City,R01-M04,urban,single_family
A010085,R01,North City,R01-M04,urban,single_family
A010086,R02,South City,R02-M01,urban,multi_family
A010087,R04,East District,R04-M02,mixed,multi_family
A010088,R02,South City,R02-M01,urban,multi_family
A010089,R08,Lake Region,R08-M01,rural,single_family
A010090,R12,Metro Region,R12-M04,urban,large_residential
A010091,R02,South City,R02-M01,urban,multi_family
A010092,R03,West District,R03-M04,mixed,multi_family
A010093,R09,Urban Belt,R09-M03,urban,large_residential
A010094,R10,Rural Belt,R10-M04,rural,single_family
A010095,R09,Urban Belt,R09-M02,urban,multi_family
A010096,R03,West District,R03-M04,mixed,single_family
A010097,R03,West District,R03-M03,mixed,multi_family
A010098,R09,Urban Belt,R09-M02,urban,single_family
A010099,R03,West District,R03-M03,mixed,multi_family
A010100,R09,Urban Belt,R09-M02,urban,multi_family
A010101,R01,North City,R01-M02,urban,multi_family
A010102,R08,Lake Region,R08-M03,rural,single_family
A010103,R06,River Region,R06-M04,mixed,single_family
A010104,R02,South City,R02-M02,urban,large_residential
A010105,R03,West District,R03-M01,mixed,single_family
A010106,R01,North City,R01-M04,urban,multi_family
A010107,R03,West District,R03-M03,mixed,single_family
A010108,R10,Rural Belt,R10-M02,rural,single_family
A010109,R07,Mountain Region,R07-M02,rural,single_family
A010110,R12,Metro Region,R12-M01,urban,large_residential
A010111,R09,Urban Belt,R09-M01,urban,multi_family
A010112,R09,Urban Belt,R09-M04,urban,multi_family
A010113,R03,West District,R03-M01,mixed,large_residential
A010114,R05,Central Region,R05-M03,urban,single_family
A010115,R01,North City,R01-M02,urban,large_residential
A010116,R07,Mountain Region,R07-M01,rural,single_family
A010117,R11,Border Region,R11-M01,mixed,multi_family
A010118,R08,Lake Region,R08-M02,rural,multi_family
A010119,R09,Urban Belt,R09-M04,urban,multi_family
A010120,R10,Rural Belt,R10-M01,rural,single_family
A010121,R04,East District,R04-M01,mixed,multi_family
A010122,R10,Rural Belt,R10-M04,rural,single_family
A010123,R03,West District,R03-M02,mixed,single_family
A010124,R01,North City,R01-M01,urban,multi_family
A010125,R01,North City,R01-M02,urban,multi_family
A010126,R12,Metro Region,R12-M01,urban,multi_family
A010127,R09,Urban Belt,R09-M03,urban,multi_family
A010128,R06,River Region,R06-M02,mixed,single_family
A010129,R02,South City,R02-M01,urban,multi_family
A010130,R07,Mountain Region,R07-M03,rural,single_family
A010131,R02,South City,R02-M01,urban,multi_family
A010132,R02,South City,R02-M04,urban,single_family
A010133,R04,East District,R04-M04,mixed,single_family
A010134,R07,Mountain Region,R07-M04,rural,single_family
A010135,R05,Central Region,R05-M03,urban,multi_family
A010136,R07,Mountain Region,R07-M04,rural,single_family
A010137,R09,Urban Belt,R09-M02,urban,single_family
A010138,R09,Urban Belt,R09-M03,urban,large_residential
A010139,R04,East District,R04-M03,mixed,large_residential
A010140,R02,South City,R02-M04,urban,multi_family
A010141,R10,Rural Belt,R10-M03,rural,single_family
A010142,R06,River Region,R06-M04,mixed,single_family
A010143,R07,Mountain Region,R07-M01,rural,multi_family
A010144,R05,Central Region,R05-M02,urban,large_residential
A010145,R01,North City,R01-M02,urban,multi_family
A010146,R02,South City,R02-M04,urban,single_family
A010147,R04,East District,R04-M04,mixed,multi_family
A010148,R12,Metro Region,R12-M03,urban,single_family
A010149,R09,Urban Belt,R09-M02,urban,large_residential
A010150,R10,Rural Belt,R10-M02,rural,multi_family
A010151,R05,Central Region,R05-M02,urban,multi_family
A010152,R10,Rural Belt,R10-M03,rural,single_family
A010153,R05,Central Region,R05-M04,urban,multi_family
A010154,R06,River Region,R06-M03,mixed,single_family
A010155,R01,North City,R01-M01,urban,multi_family
A010156,R04,East District,R04-M01,mixed,multi_family
A010157,R03,West District,R03-M01,mixed,large_residential
A010158,R09,Urban Belt,R09-M02,urban,single_family
A010159,R10,Rural Belt,R10-M01,rural,single_family
A010160,R12,Metro Region,R12-M04,urban,multi_family
A010161,R04,East District,R04-M03,mixed,multi_family
A010162,R04,East District,R04-M03,mixed,single_family
A010163,R02,South City,R02-M04,urban,single_family
A010164,R06,River Region,R06-M01,mixed,single_family
A010165,R08,Lake Region,R08-M02,rural,multi_family
A010166,R06,River Region,R06-M01,mixed,single_family
A010167,R09,Urban Belt,R09-M04,urban,multi_family
A010168,R06,River Region,R06-M04,mixed,single_family
A010169,R09,Urban Belt,R09-M02,urban,multi_family
A010170,R05,Central Region,R05-M02,urban,multi_family
A010171,R06,River Region,R06-M02,mixed,multi_family
A010172,R07,Mountain Region,R07-M01,rural,multi_family
A010173,R02,South City,R02-M01,urban,multi_family
A010174,R07,Mountain Region,R07-M04,rural,single_family
A010175,R09,Urban Belt,R09-M04,urban,multi_family
A010176,R09,Urban Belt,R09-M01,urban,multi_family
A010177,R11,Border Region,R11-M03,mixed,multi_family
A010178,R12,Metro Region,R12-M03,urban,large_residential
A010179,R10,Rural Belt,R10-M03,rural,multi_family
A010180,R02,South City,R02-M03,urban,multi_family
A010181,R11,Border Region,R11-M02,mixed,multi_family
A010182,R05,Central Region,R05-M03,urban,large_residential
A010183,R07,Mountain Region,R07-M04,rural,multi_family
A010184,R09,Urban Belt,R09-M04,urban,multi_family
A010185,R05,Central Region,R05-M02,urban,large_residential
A010186,R09,Urban Belt,R09-M02,urban,single_family
A010187,R09,Urban Belt,R09-M04,urban,single_family
A010188,R02,South City,R02-M03,urban,large_residential
A010189,R10,Rural Belt,R10-M01,rural,single_family
A010190,R08,Lake Region,R08-M04,rural,single_family
A010191,R01,North City,R01-M01,urban,single_family
A010192,R02,South City,R02-M04,urban,multi_family
A010193,R01,North City,R01-M02,urban,large_residential
A010194,R10,Rural Belt,R10-M03,rural,single_family
A010195,R12,Metro Region,R12-M03,urban,multi_family
A010196,R06,River Region,R06-M02,mixed,single_family
A010197,R01,North City,R01-M04,urban,large_residential
A010198,R12,Metro Region,R12-M04,urban,multi_family
A010199,R02,South City,R02-M03,urban,single_family
A010200,R08,Lake Region,R08-M04,rural,single_family
A010201,R12,Metro Region,R12-M01,urban,multi_family
A010202,R04,East District,R04-M01,mixed,single_family
A010203,R10,Rural Belt,R10-M04,rural,single_family
A010204,R06,River Region,R06-M01,mixed,multi_family
A010205,R05,Central Region,R05-M02,urban,single_family
A010206,R12,Metro Region,R12-M01,urban,multi_family
A010207,R03,West District,R03-M02,mixed,multi_family
A010208,R11,Border Region,R11-M01,mixed,multi_family
A010209,R09,Urban Belt,R09-M02,urban,multi_family
A010210,R12,Metro Region,R12-M02,urban,multi_family
A010211,R10,Rural Belt,R10-M03,rural,multi_family
A010212,R05,Central Region,R05-M04,urban,large_residential
A010213,R07,Mountain Region,R07-M04,rural,multi_family
A010214,R08,Lake Region,R08-M03,rural,single_family
A010215,R02,South City,R02-M04,urban,multi_family
A010216,R09,Urban Belt,R09-M01,urban,multi_family
A010217,R11,Border Region,R11-M04,mixed,single_family
A010218,R02,South City,R02-M04,urban,multi_family
A010219,R10,Rural Belt,R10-M03,rural,single_family
A010220,R09,Urban Belt,R09-M04,urban,multi_family
A010221,R12,Metro Region,R12-M03,urban,large_residential
A010222,R03,West District,R03-M01,mixed,single_family
A010223,R01,North City,R01-M02,urban,large_residential
A010224,R07,Mountain Region,R07-M02,rural,single_family
A010225,R12,Metro Region,R12-M04,urban,single_family
A010226,R01,North City,R01-M02,urban,large_residential
A010227,R03,West District,R03-M02,mixed,single_family
A010228,R05,Central Region,R05-M02,urban,large_residential
A010229,R04,East District,R04-M03,mixed,large_residential
A010230,R10,Rural Belt,R10-M02,rural,single_family
A010231,R06,River Region,R06-M04,mixed,multi_family
A010232,R10,Rural Belt,R10-M01,rural,single_family
A010233,R09,Urban Belt,R09-M04,urban,multi_family
A010234,R09,Urban Belt,R09-M03,urban,multi_family
A010235,R12,Metro Region,R12-M01,urban,multi_family
A010236,R08,Lake Region,R08-M04,rural,single_family
A010237,R01,North City,R01-M04,urban,multi_family
A010238,R03,West District,R03-M02,mixed,single_family
A010239,R02,South City,R02-M04,urban,single_family
A010240,R09,Urban Belt,R09-M01,urban,single_family
A010241,R09,Urban Belt,R09-M04,urban,single_family
A010242,R06,River Region,R06-M04,mixed,multi_family
A010243,R01,North City,R01-M01,urban,single_family
A010244,R09,Urban Belt,R09-M02,urban,large_residential
A010245,R11,Border Region,R11-M01,mixed,large_residential
A010246,R10,Rural Belt,R10-M01,rural,large_residential
A010247,R01,North City,R01-M01,urban,multi_family
A010248,R09,Urban Belt,R09-M03,urban,multi_family
A010249,R01,North City,R01-M02,urban,large_residential
A010250,R08,Lake Region,R08-M03,rural,single_family
A010251,R03,West District,R03-M03,mixed,large_residential
A010252,R02,South City,R02-M02,urban,single_family
A010253,R01,North City,R01-M03,urban,single_family
A010254,R10,Rural Belt,R10-M03,rural,single_family
A010255,R12,Metro Region,R12-M01,urban,multi_family
A010256,R05,Central Region,R05-M01,urban,single_family
A010257,R09,Urban Belt,R09-M01,urban,single_family
A010258,R12,Metro Region,R12-M01,urban,single_family
A010259,R08,Lake Region,R08-M02,rural,single_family
A010260,R05,Central Region,R05-M01,urban,multi_family
A010261,R12,Metro Region,R12-M02,urban,large_residential
A010262,R04,East District,R04-M01,mixed,single_family
A010263,R05,Central Region,R05-M02,urban,multi_family
A010264,R11,Border Region,R11-M03,mixed,multi_family
A010265,R07,Mountain Region,R07-M03,rural,large_residential
A010266,R01,North City,R01-M01,urban,multi_family
A010267,R08,Lake Region,R08-M02,rural,single_family
A010268,R05,Central Region,R05-M03,urban,multi_family
A010269,R05,Central Region,R05-M04,urban,multi_family
A010270,R12,Metro Region,R12-M04,urban,multi_family
A010271,R09,Urban Belt,R09-M04,urban,large_residential
A010272,R03,West District,R03-M02,mixed,multi_family
A010273,R09,Urban Belt,R09-M02,urban,multi_family
A010274,R09,Urban Belt,R09-M03,urban,multi_family
A010275,R04,East District,R04-M03,mixed,single_family
A010276,R12,Metro Region,R12-M04,urban,multi_family
A010277,R09,Urban Belt,R09-M03,urban,multi_family
A010278,R09,Urban Belt,R09-M01,urban,large_residential
A010279,R05,Central Region,R05-M01,urban,large_residential
A010280,R02,South City,R02-M03,urban,multi_family
A010281,R06,River Region,R06-M01,mixed,multi_family
A010282,R08,Lake Region,R08-M03,rural,multi_family
A010283,R11,Border Region,R11-M04,mixed,single_family
A010284,R01,North City,R01-M01,urban,multi_family
A010285,R05,Central Region,R05-M03,urban,multi_family
A010286,R02,South City,R02-M04,urban,multi_family
A010287,R01,North City,R01-M02,urban,large_residential
A010288,R07,Mountain Region,R07-M04,rural,multi_family
A010289,R05,Central Region,R05-M04,urban,multi_family
A010290,R09,Urban Belt,R09-M03,urban,single_family
A010291,R09,Urban Belt,R09-M02,urban,multi_family
A010292,R10,Rural Belt,R10-M02,rural,single_family
A010293,R10,Rural Belt,R10-M02,rural,single_family
A010294,R07,Mountain Region,R07-M04,rural,single_family
A010295,R11,Border Region,R11-M01,mixed,multi_family
A010296,R03,West District,R03-M01,mixed,multi_family
A010297,R11,Border Region,R11-M01,mixed,single_family
A010298,R09,Urban Belt,R09-M04,urban,large_residential
A010299,R08,Lake Region,R08-M01,rural,multi_family
A010300,R04,East District,R04-M04,mixed,single_family
A010301,R05,Central Region,R05-M01,urban,single_family
A010302,R06,River Region,R06-M02,mixed,multi_family
A010303,R06,River Region,R06-M01,mixed,single_family
A010304,R02,South City,R02-M04,urban,multi_family
A010305,R03,West District,R03-M04,mixed,multi_family
A010306,R03,West District,R03-M01,mixed,single_family
A010307,R05,Central Region,R05-M01,urban,multi_family
A010308,R06,River Region,R06-M04,mixed,large_residential
A010309,R09,Urban Belt,R09-M04,urban,single_family
A010310,R11,Border Region,R11-M04,mixed,single_family
A010311,R02,South City,R02-M01,urban,large_residential
A010312,R07,Mountain Region,R07-M03,rural,multi_family
A010313,R12,Metro Region,R12-M04,urban,single_family
A010314,R03,West District,R03-M03,mixed,multi_family
A010315,R06,River Region,R06-M04,mixed,single_family
A010316,R04,East District,R04-M03,mixed,single_family
A010317,R06,River Region,R06-M02,mixed,multi_family
A010318,R05,Central Region,R05-M02,urban,single_family
A010319,R12,Metro Region,R12-M02,urban,single_family
A010320,R09,Urban Belt,R09-M02,urban,multi_family
A010321,R10,Rural Belt,R10-M03,rural,single_family
A010322,R05,Central Region,R05-M03,urban,multi_family
A010323,R01,North City,R01-M02,urban,single_family
A010324,R04,East District,R04-M04,mixed,multi_family
A010325,R01,North City,R01-M04,urban,multi_family
A010326,R03,West District,R03-M02,mixed,single_family
A010327,R04,East District,R04-M01,mixed,single_family
A010328,R06,River Region,R06-M02,mixed,single_family
A010329,R07,Mountain Region,R07-M03,rural,single_family
A010330,R09,Urban Belt,R09-M03,urban,large_residential
A010331,R06,River Region,R06-M02,mixed,multi_family
A010332,R01,North City,R01-M02,urban,single_family
A010333,R05,Central Region,R05-M01,urban,single_family
A010334,R05,Central Region,R05-M01,urban,large_residential
A010335,R01,North City,R01-M03,urban,multi_family
A010336,R05,Central Region,R05-M01,urban,single_family
A010337,R09,Urban Belt,R09-M01,urban,large_residential
A010338,R11,Border Region,R11-M02,mixed,multi_family
A010339,R01,North City,R01-M03,urban,multi_family
A010340,R12,Metro Region,R12-M04,urban,single_family
A010341,R03,West District,R03-M04,mixed,single_family
A010342,R05,Central Region,R05-M04,urban,single_family
A010343,R05,Central Region,R05-M01,urban,large_residential
A010344,R10,Rural Belt,R10-M04,rural,single_family
A010345,R09,Urban Belt,R09-M04,urban,single_family
A010346,R03,West District,R03-M01,mixed,multi_family
A010347,R03,West District,R03-M02,mixed,multi_family
A010348,R12,Metro Region,R12-M02,urban,multi_family
A010349,R06,River Region,R06-M02,mixed,multi_family
A010350,R12,Metro Region,R12-M01,urban,single_family
A010351,R02,South City,R02-M03,urban,multi_family
A010352,R06,River Region,R06-M02,mixed,multi_family
A010353,R02,South City,R02-M01,urban,large_residential
A010354,R11,Border Region,R11-M01,mixed,single_family
A010355,R04,East District,R04-M02,mixed,multi_family
A010356,R09,Urban Belt,R09-M02,urban,single_family
A010357,R02,South City,R02-M04,urban,multi_family
A010358,R01,North City,R01-M01,urban,multi_family
A010359,R04,East District,R04-M02,mixed,multi_family
A010360,R01,North City,R01-M02,urban,single_family
A010361,R04,East District,R04-M03,mixed,multi_family
A010362,R09,Urban Belt,R09-M03,urban,multi_family
A010363,R05,Central Region,R05-M03,urban,single_family
A010364,R01,North City,R01-M04,urban,single_family
A010365,R08,Lake Region,R08-M01,rural,single_family
A010366,R08,Lake Region,R08-M01,rural,single_family
A010367,R09,Urban Belt,R09-M02,urban,multi_family
A010368,R09,Urban Belt,R09-M03,urban,large_residential
A010369,R01,North City,R01-M03,urban,single_family
A010370,R03,West District,R03-M03,mixed,single_family
A010371,R06,River Region,R06-M01,mixed,multi_family
A010372,R06,River Region,R06-M01,mixed,single_family
A010373,R09,Urban Belt,R09-M02,urban,single_family
A010374,R01,North City,R01-M03,urban,multi_family
A010375,R09,Urban Belt,R09-M04,urban,multi_family
A010376,R10,Rural Belt,R10-M02,rural,single_family
A010377,R12,Metro Region,R12-M02,urban,multi_family
A010378,R02,South City,R02-M04,urban,large_residential
A010379,R02,South City,R02-M03,urban,single_family
A010380,R07,Mountain Region,R07-M01,rural,single_family
A010381,R06,River Region,R06-M01,mixed,single_family
A010382,R09,Urban Belt,R09-M04,urban,multi_family
A010383,R08,Lake Region,R08-M04,rural,single_family
A010384,R06,River Region,R06-M04,mixed,single_family
A010385,R03,West District,R03-M01,mixed,single_family
A010386,R02,South City,R02-M04,urban,large_residential
A010387,R06,River Region,R06-M01,mixed,single_family
A010388,R08,Lake Region,R08-M01,rural,single_family
A010389,R01,North City,R01-M03,urban,large_residential
A010390,R03,West District,R03-M04,mixed,large_residential
A010391,R01,North City,R01-M01,urban,single_family
A010392,R12,Metro Region,R12-M02,urban,multi_family
A010393,R05,Central Region,R05-M03,urban,large_residential
A010394,R06,River Region,R06-M02,mixed,large_residential
A010395,R12,Metro Region,R12-M04,urban,multi_family
A010396,R06,River Region,R06-M01,mixed,multi_family
A010397,R10,Rural Belt,R10-M02,rural,multi_family
A010398,R07,Mountain Region,R07-M04,rural,multi_family
A010399,R04,East District,R04-M02,mixed,multi_family
A010400,R05,Central Region,R05-M03,urban,single_family
A010401,R09,Urban Belt,R09-M02,urban,multi_family
A010402,R01,North City,R01-M02,urban,multi_family
A010403,R06,River Region,R06-M01,mixed,large_residential
A010404,R02,South City,R02-M02,urban,multi_family
A010405,R01,North City,R01-M04,urban,single_family
A010406,R04,East District,R04-M04,mixed,large_residential
A010407,R02,South City,R02-M02,urban,single_family
A010408,R08,Lake Region,R08-M04,rural,multi_family
A010409,R02,South City,R02-M04,urban,multi_family
A010410,R04,East District,R04-M03,mixed,single_family
A010411,R07,Mountain Region,R07-M01,rural,single_family
A010412,R08,Lake Region,R08-M02,rural,single_family
A010413,R11,Border Region,R11-M03,mixed,multi_family
A010414,R12,Metro Region,R12-M01,urban,single_family
A010415,R12,Metro Region,R12-M01,urban,multi_family
A010416,R12,Metro Region,R12-M03,urban,large_residential
A010417,R10,Rural Belt,R10-M04,rural,multi_family
A010418,R03,West District,R03-M02,mixed,large_residential
A010419,R11,Border Region,R11-M01,mixed,single_family
A010420,R10,Rural Belt,R10-M01,rural,multi_family
A010421,R12,Metro Region,R12-M04,urban,large_residential
A010422,R09,Urban Belt,R09-M04,urban,multi_family
A010423,R02,South City,R02-M03,urban,single_family
A010424,R09,Urban Belt,R09-M02,urban,multi_family
A010425,R06,River Region,R06-M01,mixed,large_residential
A010426,R08,Lake Region,R08-M04,rural,multi_family
A010427,R08,Lake Region,R08-M02,rural,multi_family
A010428,R02,South City,R02-M03,urban,multi_family
A010429,R05,Central Region,R05-M03,urban,multi_family
A010430,R06,River Region,R06-M01,mixed,single_family
A010431,R06,River Region,R06-M04,mixed,single_family
A010432,R09,Urban Belt,R09-M04,urban,multi_family
A010433,R09,Urban Belt,R09-M02,urban,multi_family
A010434,R08,Lake Region,R08-M01,rural,multi_family
A010435,R03,West District,R03-M02,mixed,large_residential
A010436,R05,Central Region,R05-M01,urban,multi_family
A010437,R09,Urban Belt,R09-M01,urban,single_family
A010438,R06,River Region,R06-M04,mixed,single_family
A010439,R08,Lake Region,R08-M01,rural,single_family
A010440,R05,Central Region,R05-M03,urban,multi_family
A010441,R01,North City,R01-M03,urban,large_residential
A010442,R01,North City,R01-M03,urban,single_family
A010443,R02,South City,R02-M04,urban,multi_family
A010444,R12,Metro Region,R12-M04,urban,multi_family
A010445,R12,Metro Region,R12-M03,urban,multi_family
A010446,R03,West District,R03-M03,mixed,single_family
A010447,R09,Urban Belt,R09-M03,urban,multi_family
A010448,R04,East District,R04-M02,mixed,single_family
A010449,R10,Rural Belt,R10-M02,rural,single_family
A010450,R02,South City,R02-M02,urban,single_family
A010451,R02,South City,R02-M04,urban,multi_family
A010452,R09,Urban Belt,R09-M04,urban,multi_family
A010453,R11,Border Region,R11-M03,mixed,single_family
A010454,R02,South City,R02-M03,urban,large_residential
A010455,R09,Urban Belt,R09-M02,urban,multi_family
A010456,R05,Central Region,R05-M02,urban,multi_family
A010457,R04,East District,R04-M02,mixed,large_residential
A010458,R05,Central Region,R05-M01,urban,multi_family
A010459,R08,Lake Region,R08-M04,rural,single_family
A010460,R06,River Region,R06-M03,mixed,multi_family
A010461,R03,West District,R03-M02,mixed,single_family
A010462,R04,East District,R04-M04,mixed,single_family
A010463,R05,Central Region,R05-M02,urban,single_family
A010464,R03,West District,R03-M03,mixed,multi_family
A010465,R03,West District,R03-M01,mixed,single_family
A010466,R02,South City,R02-M03,urban,multi_family
A010467,R10,Rural Belt,R10-M03,rural,single_family
A010468,R09,Urban Belt,R09-M04,urban,single_family
A010469,R01,North City,R01-M02,urban,multi_family
A010470,R06,River Region,R06-M01,mixed,multi_family
A010471,R02,South City,R02-M04,urban,single_family
A010472,R09,Urban Belt,R09-M04,urban,multi_family
A010473,R09,Urban Belt,R09-M03,urban,multi_family
A010474,R09,Urban Belt,R09-M01,urban,large_residential
A010475,R03,West District,R03-M01,mixed,single_family
A010476,R05,Central Region,R05-M03,urban,single_family
A010477,R02,South City,R02-M02,urban,single_family
A010478,R05,Central Region,R05-M04,urban,large_residential
A010479,R11,Border Region,R11-M02,mixed,single_family
A010480,R12,Metro Region,R12-M04,urban,multi_family
A010481,R01,North City,R01-M04,urban,single_family
A010482,R05,Central Region,R05-M02,urban,multi_family
A010483,R01,North City,R01-M03,urban,multi_family
A010484,R09,Urban Belt,R09-M01,urban,single_family
A010485,R05,Central Region,R05-M04,urban,multi_family
A010486,R04,East District,R04-M03,mixed,single_family
A010487,R02,South City,R02-M01,urban,single_family
A010488,R03,West District,R03-M01,mixed,single_family
A010489,R03,West District,R03-M01,mixed,single_family
A010490,R09,Urban Belt,R09-M03,urban,single_family
A010491,R12,Metro Region,R12-M02,urban,single_family
A010492,R03,West District,R03-M04,mixed,multi_family
A010493,R09,Urban Belt,R09-M04,urban,multi_family
A010494,R09,Urban Belt,R09-M01,urban,single_family
A010495,R05,Central Region,R05-M03,urban,large_residential
A010496,R01,North City,R01-M04,urban,large_residential
A010497,R02,South City,R02-M01,urban,multi_family
A010498,R03,West District,R03-M04,mixed,multi_family
A010499,R12,Metro Region,R12-M04,urban,single_family
A010500,R06,River Region,R06-M01,mixed,multi_family
A010501,R12,Metro Region,R12-M01,urban,multi_family
A010502,R01,North City,R01-M02,urban,multi_family
A010503,R02,South City,R02-M02,urban,multi_family
A010504,R01,North City,R01-M03,urban,multi_family
A010505,R03,West District,R03-M03,mixed,multi_family
A010506,R06,River Region,R06-M02,mixed,single_family
A010507,R06,River Region,R06-M02,mixed,single_family
A010508,R02,South City,R02-M02,urban,multi_family
A010509,R01,North City,R01-M02,urban,multi_family
A010510,R09,Urban Belt,R09-M03,urban,single_family
A010511,R11,Border Region,R11-M03,mixed,multi_family
A010512,R05,Central Region,R05-M02,urban,single_family
A010513,R02,South City,R02-M03,urban,multi_family
A010514,R03,West District,R03-M03,mixed,multi_family
A010515,R09,Urban Belt,R09-M03,urban,multi_family
A010516,R05,Central Region,R05-M02,urban,multi_family
A010517,R04,East District,R04-M04,mixed,single_family
A010518,R03,West District,R03-M04,mixed,multi_family
A010519,R11,Border Region,R11-M04,mixed,single_family
A010520,R01,North City,R01-M02,urban,multi_family
A010521,R05,Central Region,R05-M02,urban,multi_family
A010522,R03,West District,R03-M01,mixed,single_family
A010523,R05,Central Region,R05-M03,urban,large_residential
A010524,R09,Urban Belt,R09-M03,urban,multi_family
A010525,R09,Urban Belt,R09-M01,urban,multi_family
A010526,R09,Urban Belt,R09-M02,urban,multi_family
A010527,R09,Urban Belt,R09-M01,urban,multi_family
A010528,R05,Central Region,R05-M04,urban,multi_family
A010529,R01,North City,R01-M02,urban,multi_family
A010530,R09,Urban Belt,R09-M03,urban,large_residential
A010531,R09,Urban Belt,R09-M02,urban,multi_family
A010532,R06,River Region,R06-M02,mixed,single_family
A010533,R10,Rural Belt,R10-M01,rural,multi_family
A010534,R02,South City,R02-M01,urban,multi_family
A010535,R05,Central Region,R05-M02,urban,single_family
A010536,R11,Border Region,R11-M03,mixed,large_residential
A010537,R09,Urban Belt,R09-M02,urban,single_family
A010538,R02,South City,R02-M01,urban,single_family
A010539,R01,North City,R01-M03,urban,multi_family
A010540,R10,Rural Belt,R10-M02,rural,single_family
A010541,R03,West District,R03-M02,mixed,multi_family
A010542,R03,West District,R03-M03,mixed,single_family
A010543,R04,East District,R04-M03,mixed,multi_family
A010544,R04,East District,R04-M04,mixed,single_family
A010545,R09,Urban Belt,R09-M03,urban,large_residential
A010546,R01,North City,R01-M04,urban,single_family
A010547,R09,Urban Belt,R09-M04,urban,multi_family
A010548,R11,Border Region,R11-M02,mixed,single_family
A010549,R01,North City,R01-M01,urban,large_residential
A010550,R01,North City,R01-M04,urban,multi_family
A010551,R08,Lake Region,R08-M01,rural,multi_family
A010552,R04,East District,R04-M02,mixed,multi_family
A010553,R09,Urban Belt,R09-M04,urban,large_residential
A010554,R10,Rural Belt,R10-M01,rural,multi_family
A010555,R12,Metro Region,R12-M01,urban,single_family
A010556,R08,Lake Region,R08-M04,rural,single_family
A010557,R12,Metro Region,R12-M03,urban,large_residential
A010558,R02,South City,R02-M04,urban,large_residential
A010559,R10,Rural Belt,R10-M03,rural,single_family
A010560,R09,Urban Belt,R09-M01,urban,multi_family
A010561,R09,Urban Belt,R09-M01,urban,multi_family
A010562,R01,North City,R01-M04,urban,single_family
A010563,R03,West District,R03-M03,mixed,large_residential
A010564,R01,North City,R01-M01,urban,single_family
A010565,R02,South City,R02-M04,urban,multi_family
A010566,R05,Central Region,R05-M02,urban,multi_family
A010567,R07,Mountain Region,R07-M02,rural,single_family
A010568,R06,River Region,R06-M04,mixed,single_family
A010569,R10,Rural Belt,R10-M04,rural,multi_family
A010570,R11,Border Region,R11-M04,mixed,single_family
A010571,R04,East District,R04-M03,mixed,single_family
A010572,R05,Central Region,R05-M02,urban,multi_family
A010573,R12,Metro Region,R12-M04,urban,multi_family
A010574,R02,South City,R02-M02,urban,multi_family
A010575,R06,River Region,R06-M04,mixed,multi_family
A010576,R04,East District,R04-M04,mixed,multi_family
A010577,R06,River Region,R06-M01,mixed,single_family
A010578,R11,Border Region,R11-M03,mixed,multi_family
A010579,R11,Border Region,R11-M01,mixed,single_family
A010580,R06,River Region,R06-M03,mixed,multi_family
A010581,R02,South City,R02-M01,urban,single_family
A010582,R09,Urban Belt,R09-M04,urban,multi_family
A010583,R08,Lake Region,R08-M04,rural,single_family
A010584,R03,West District,R03-M01,mixed,multi_family
A010585,R12,Metro Region,R12-M03,urban,multi_family
A010586,R08,Lake Region,R08-M03,rural,large_residential
A010587,R11,Border Region,R11-M02,mixed,single_family
A010588,R04,East District,R04-M02,mixed,multi_family
A010589,R02,South City,R02-M01,urban,large_residential
A010590,R03,West District,R03-M04,mixed,single_family
A010591,R09,Urban Belt,R09-M01,urban,large_residential
A010592,R09,Urban Belt,R09-M02,urban,large_residential
A010593,R10,Rural Belt,R10-M04,rural,single_family
A010594,R11,Border Region,R11-M04,mixed,single_family
A010595,R06,River Region,R06-M01,mixed,multi_family
A010596,R10,Rural Belt,R10-M04,rural,single_family
A010597,R11,Border Region,R11-M02,mixed,multi_family
A010598,R02,South City,R02-M02,urban,single_family
A010599,R01,North City,R01-M02,urban,multi_family
A010600,R06,River Region,R06-M01,mixed,single_family
A010601,R06,River Region,R06-M02,mixed,single_family
A010602,R12,Metro Region,R12-M01,urban,single_family
A010603,R03,West District,R03-M02,mixed,single_family
A010604,R09,Urban Belt,R09-M03,urban,single_family
A010605,R11,Border Region,R11-M03,mixed,single_family
A010606,R11,Border Region,R11-M02,mixed,single_family
A010607,R05,Central Region,R05-M02,urban,single_family
A010608,R05,Central Region,R05-M04,urban,multi_family
A010609,R09,Urban Belt,R09-M01,urban,multi_family
A010610,R03,West District,R03-M03,mixed,single_family
A010611,R05,Central Region,R05-M03,urban,multi_family
A010612,R07,Mountain Region,R07-M01,rural,single_family
A010613,R03,West District,R03-M01,mixed,single_family
A010614,R01,North City,R01-M04,urban,large_residential
A010615,R09,Urban Belt,R09-M02,urban,multi_family
A010616,R06,River Region,R06-M02,mixed,single_family
A010617,R09,Urban Belt,R09-M02,urban,single_family
A010618,R04,East District,R04-M03,mixed,single_family
A010619,R04,East District,R04-M03,mixed,single_family
A010620,R12,Metro Region,R12-M04,urban,multi_family
A010621,R08,Lake Region,R08-M03,rural,multi_family
A010622,R12,Metro Region,R12-M04,urban,large_residential
A010623,R02,South City,R02-M01,urban,large_residential
A010624,R01,North City,R01-M04,urban,large_residential
A010625,R01,North City,R01-M02,urban,single_family
A010626,R06,River Region,R06-M01,mixed,single_family
A010627,R09,Urban Belt,R09-M01,urban,large_residential
A010628,R09,Urban Belt,R09-M03,urban,multi_family
A010629,R12,Metro Region,R12-M04,urban,single_family
A010630,R06,River Region,R06-M04,mixed,large_residential
A010631,R10,Rural Belt,R10-M03,rural,multi_family
A010632,R04,East District,R04-M03,mixed,multi_family
A010633,R01,North City,R01-M04,urban,multi_family
A010634,R09,Urban Belt,R09-M01,urban,large_residential
A010635,R06,River Region,R06-M04,mixed,multi_family
A010636,R11,Border Region,R11-M02,mixed,single_family
A010637,R01,North City,R01-M04,urban,single_family
A010638,R08,Lake Region,R08-M01,rural,single_family
A010639,R02,South City,R02-M03,urban,multi_family
A010640,R09,Urban Belt,R09-M03,urban,single_family
A010641,R01,North City,R01-M01,urban,multi_family
A010642,R05,Central Region,R05-M02,urban,single_family
A010643,R03,West District,R03-M04,mixed,multi_family
A010644,R07,Mountain Region,R07-M03,rural,multi_family
A010645,R05,Central Region,R05-M01,urban,multi_family
A010646,R08,Lake Region,R08-M01,rural,single_family
A010647,R02,South City,R02-M03,urban,multi_family
A010648,R10,Rural Belt,R10-M03,rural,single_family
A010649,R01,North City,R01-M03,urban,single_family
A010650,R01,North City,R01-M03,urban,large_residential
A010651,R09,Urban Belt,R09-M04,urban,large_residential
A010652,R09,Urban Belt,R09-M02,urban,multi_family
A010653,R06,River Region,R06-M01,mixed,single_family
A010654,R03,West District,R03-M01,mixed,single_family
A010655,R02,South City,R02-M04,urban,multi_family
A010656,R10,Rural Belt,R10-M01,rural,single_family
A010657,R02,South City,R02-M04,urban,single_family
A010658,R12,Metro Region,R12-M03,urban,multi_family
A010659,R05,Central Region,R05-M02,urban,multi_family
A010660,R07,Mountain Region,R07-M01,rural,multi_family
A010661,R02,South City,R02-M03,urban,multi_family
A010662,R01,North City,R01-M03,urban,large_residential
A010663,R04,East District,R04-M04,mixed,single_family
A010664,R09,Urban Belt,R09-M03,urban,multi_family
A010665,R06,River Region,R06-M04,mixed,multi_family
A010666,R10,Rural Belt,R10-M03,rural,single_family
A010667,R02,South City,R02-M03,urban,multi_family
A010668,R08,Lake Region,R08-M02,rural,multi_family
A010669,R11,Border Region,R11-M01,mixed,large_residential
A010670,R01,North City,R01-M03,urban,single_family
A010671,R08,Lake Region,R08-M01,rural,large_residential
A010672,R01,North City,R01-M02,urban,single_family
A010673,R10,Rural Belt,R10-M02,rural,single_family
A010674,R05,Central Region,R05-M02,urban,multi_family
A010675,R02,South City,R02-M02,urban,large_residential
A010676,R08,Lake Region,R08-M03,rural,multi_family
A010677,R12,Metro Region,R12-M04,urban,large_residential
A010678,R05,Central Region,R05-M03,urban,single_family
A010679,R12,Metro Region,R12-M04,urban,multi_family
A010680,R05,Central Region,R05-M01,urban,multi_family
A010681,R03,West District,R03-M03,mixed,single_family
A010682,R12,Metro Region,R12-M01,urban,multi_family
A010683,R08,Lake Region,R08-M02,rural,single_family
A010684,R07,Mountain Region,R07-M01,rural,single_family
A010685,R11,Border Region,R11-M04,mixed,multi_family
A010686,R01,North City,R01-M04,urban,large_residential
A010687,R10,Rural Belt,R10-M03,rural,single_family
A010688,R04,East District,R04-M04,mixed,multi_family
A010689,R04,East District,R04-M03,mixed,multi_family
A010690,R10,Rural Belt,R10-M02,rural,single_family
A010691,R05,Central Region,R05-M02,urban,single_family
A010692,R05,Central Region,R05-M03,urban,multi_family
A010693,R08,Lake Region,R08-M02,rural,single_family
A010694,R03,West District,R03-M02,mixed,large_residential
A010695,R12,Metro Region,R12-M04,urban,multi_family
A010696,R09,Urban Belt,R09-M03,urban,multi_family
A010697,R11,Border Region,R11-M04,mixed,single_family
A010698,R12,Metro Region,R12-M03,urban,multi_family
A010699,R09,Urban Belt,R09-M04,urban,large_residential
A010700,R12,Metro Region,R12-M01,urban,multi_family
A010701,R06,River Region,R06-M01,mixed,multi_family
A010702,R04,East District,R04-M03,mixed,single_family
A010703,R01,North City,R01-M01,urban,single_family
A010704,R02,South City,R02-M02,urban,large_residential
A010705,R06,River Region,R06-M04,mixed,multi_family
A010706,R11,Border Region,R11-M01,mixed,single_family
A010707,R01,North City,R01-M03,urban,multi_family
A010708,R11,Border Region,R11-M04,mixed,multi_family
A010709,R04,East District,R04-M03,mixed,single_family
A010710,R07,Mountain Region,R07-M01,rural,multi_family
A010711,R11,Border Region,R11-M01,mixed,single_family
A010712,R09,Urban Belt,R09-M02,urban,large_residential
A010713,R09,Urban Belt,R09-M03,urban,multi_family
A010714,R07,Mountain Region,R07-M04,rural,multi_family
A010715,R02,South City,R02-M03,urban,large_residential
A010716,R03,West District,R03-M01,mixed,multi_family
A010717,R04,East District,R04-M02,mixed,single_family
A010718,R10,Rural Belt,R10-M04,rural,single_family
A010719,R11,Border Region,R11-M04,mixed,multi_family
A010720,R11,Border Region,R11-M04,mixed,multi_family
A010721,R09,Urban Belt,R09-M01,urban,large_residential
A010722,R10,Rural Belt,R10-M03,rural,single_family
A010723,R12,Metro Region,R12-M02,urban,multi_family
A010724,R05,Central Region,R05-M03,urban,single_family
A010725,R12,Metro Region,R12-M01,urban,multi_family
A010726,R03,West District,R03-M02,mixed,large_residential
A010727,R02,South City,R02-M03,urban,multi_family
A010728,R02,South City,R02-M01,urban,large_residential
A010729,R03,West District,R03-M04,mixed,multi_family
A010730,R03,West District,R03-M01,mixed,single_family
A010731,R06,River Region,R06-M04,mixed,single_family
A010732,R01,North City,R01-M02,urban,multi_family
A010733,R02,South City,R02-M01,urban,multi_family
A010734,R01,North City,R01-M04,urban,large_residential
A010735,R01,North City,R01-M01,urban,single_family
A010736,R09,Urban Belt,R09-M03,urban,multi_family
A010737,R12,Metro Region,R12-M04,urban,multi_family
A010738,R11,Border Region,R11-M01,mixed,multi_family
A010739,R08,Lake Region,R08-M03,rural,single_family
A010740,R03,West District,R03-M04,mixed,multi_family
A010741,R11,Border Region,R11-M02,mixed,multi_family
A010742,R02,South City,R02-M04,urban,multi_family
A010743,R01,North City,R01-M02,urban,single_family
A010744,R06,River Region,R06-M01,mixed,single_family
A010745,R12,Metro Region,R12-M02,urban,multi_family
A010746,R01,North City,R01-M02,urban,single_family
A010747,R08,Lake Region,R08-M04,rural,single_family
A010748,R11,Border Region,R11-M03,mixed,multi_family
A010749,R12,Metro Region,R12-M03,urban,multi_family
A010750,R02,South City,R02-M03,urban,multi_family
A010751,R05,Central Region,R05-M03,urban,multi_family
A010752,R06,River Region,R06-M01,mixed,multi_family
A010753,R09,Urban Belt,R09-M03,urban,single_family
A010754,R07,Mountain Region,R07-M04,rural,single_family
A010755,R05,Central Region,R05-M01,urban,single_family
A010756,R04,East District,R04-M02,mixed,single_family
A010757,R12,Metro Region,R12-M03,urban,multi_family
A010758,R01,North City,R01-M03,urban,multi_family
A010759,R06,River Region,R06-M02,mixed,single_family
A010760,R04,East District,R04-M02,mixed,multi_family
A010761,R12,Metro Region,R12-M02,urban,multi_family
A010762,R04,East District,R04-M02,mixed,single_family
A010763,R10,Rural Belt,R10-M03,rural,single_family
A010764,R07,Mountain Region,R07-M02,rural,multi_family
A010765,R10,Rural Belt,R10-M01,rural,single_family
A010766,R07,Mountain Region,R07-M03,rural,single_family
A010767,R07,Mountain Region,R07-M02,rural,single_family
A010768,R10,Rural Belt,R10-M03,rural,single_family
A010769,R07,Mountain Region,R07-M03,rural,multi_family
A010770,R09,Urban Belt,R09-M04,urban,multi_family
A010771,R04,East District,R04-M04,mixed,single_family
A010772,R01,North City,R01-M03,urban,multi_family
A010773,R03,West District,R03-M02,mixed,single_family
A010774,R12,Metro Region,R12-M03,urban,multi_family
A010775,R10,Rural Belt,R10-M01,rural,single_family
A010776,R01,North City,R01-M02,urban,multi_family
A010777,R03,West District,R03-M01,mixed,multi_family
A010778,R05,Central Region,R05-M02,urban,multi_family
A010779,R03,West District,R03-M03,mixed,single_family
A010780,R05,Central Region,R05-M02,urban,multi_family
A010781,R05,Central Region,R05-M01,urban,multi_family
A010782,R04,East District,R04-M01,mixed,multi_family
A010783,R04,East District,R04-M02,mixed,single_family
A010784,R03,West District,R03-M04,mixed,multi_family
A010785,R07,Mountain Region,R07-M02,rural,single_family
A010786,R04,East District,R04-M04,mixed,single_family
A010787,R01,North City,R01-M01,urban,large_residential
A010788,R08,Lake Region,R08-M03,rural,single_family
A010789,R02,South City,R02-M03,urban,large_residential
A010790,R03,West District,R03-M03,mixed,multi_family
A010791,R10,Rural Belt,R10-M02,rural,single_family
A010792,R06,River Region,R06-M03,mixed,single_family
A010793,R02,South City,R02-M04,urban,multi_family
A010794,R12,Metro Region,R12-M04,urban,single_family
A010795,R05,Central Region,R05-M03,urban,multi_family
A010796,R12,Metro Region,R12-M01,urban,single_family
A010797,R10,Rural Belt,R10-M01,rural,single_family
A010798,R07,Mountain Region,R07-M04,rural,single_family
A010799,R10,Rural Belt,R10-M01,rural,single_family
A010800,R06,River Region,R06-M02,mixed,large_residential
A010801,R02,South City,R02-M04,urban,single_family
A010802,R05,Central Region,R05-M02,urban,multi_family
A010803,R02,South City,R02-M03,urban,multi_family
A010804,R12,Metro Region,R12-M01,urban,single_family
A010805,R07,Mountain Region,R07-M04,rural,large_residential
A010806,R02,South City,R02-M03,urban,single_family
A010807,R09,Urban Belt,R09-M01,urban,large_residential
A010808,R11,Border Region,R11-M01,mixed,single_family
A010809,R04,East District,R04-M04,mixed,multi_family
A010810,R09,Urban Belt,R09-M02,urban,multi_family
A010811,R12,Metro Region,R12-M01,urban,multi_family
A010812,R01,North City,R01-M04,urban,single_family
A010813,R10,Rural Belt,R10-M02,rural,multi_family
A010814,R01,North City,R01-M04,urban,large_residential
A010815,R08,Lake Region,R08-M01,rural,single_family
A010816,R12,Metro Region,R12-M02,urban,single_family
A010817,R06,River Region,R06-M03,mixed,single_family
A010818,R12,Metro Region,R12-M03,urban,single_family
A010819,R06,River Region,R06-M03,mixed,single_family
A010820,R01,North City,R01-M04,urban,multi_family
A010821,R01,North City,R01-M03,urban,multi_family
A010822,R06,River Region,R06-M04,mixed,multi_family
A010823,R04,East District,R04-M02,mixed,single_family
A010824,R05,Central Region,R05-M01,urban,multi_family
A010825,R02,South City,R02-M01,urban,single_family
A010826,R01,North City,R01-M02,urban,single_family
A010827,R06,River Region,R06-M04,mixed,multi_family
A010828,R09,Urban Belt,R09-M04,urban,multi_family
A010829,R01,North City,R01-M02,urban,single_family
A010830,R02,South City,R02-M04,urban,multi_family
A010831,R06,River Region,R06-M04,mixed,single_family
A010832,R05,Central Region,R05-M02,urban,multi_family
A010833,R09,Urban Belt,R09-M04,urban,single_family
A010834,R09,Urban Belt,R09-M02,urban,multi_family
A010835,R05,Central Region,R05-M01,urban,multi_family
A010836,R10,Rural Belt,R10-M01,rural,multi_family
A010837,R07,Mountain Region,R07-M02,rural,single_family
A010838,R08,Lake Region,R08-M03,rural,single_family
A010839,R12,Metro Region,R12-M03,urban,multi_family
A010840,R03,West District,R03-M03,mixed,multi_family
A010841,R07,Mountain Region,R07-M04,rural,multi_family
A010842,R09,Urban Belt,R09-M04,urban,large_residential
A010843,R09,Urban Belt,R09-M02,urban,multi_family
A010844,R07,Mountain Region,R07-M02,rural,single_family
A010845,R01,North City,R01-M03,urban,large_residential
A010846,R12,Metro Region,R12-M03,urban,single_family
A010847,R04,East District,R04-M04,mixed,multi_family
A010848,R09,Urban Belt,R09-M03,urban,multi_family
A010849,R12,Metro Region,R12-M02,urban,single_family
A010850,R02,South City,R02-M03,urban,multi_family
A010851,R05,Central Region,R05-M03,urban,multi_family
A010852,R02,South City,R02-M02,urban,multi_family
A010853,R05,Central Region,R05-M02,urban,single_family
A010854,R06,River Region,R06-M03,mixed,multi_family
A010855,R04,East District,R04-M01,mixed,single_family
A010856,R12,Metro Region,R12-M02,urban,single_family
A010857,R01,North City,R01-M04,urban,multi_family
A010858,R12,Metro Region,R12-M01,urban,large_residential
A010859,R05,Central Region,R05-M02,urban,single_family
A010860,R04,East District,R04-M02,mixed,multi_family
A010861,R09,Urban Belt,R09-M04,urban,multi_family
A010862,R10,Rural Belt,R10-M01,rural,single_family
A010863,R09,Urban Belt,R09-M04,urban,multi_family
A010864,R11,Border Region,R11-M03,mixed,single_family
A010865,R12,Metro Region,R12-M04,urban,multi_family
A010866,R04,East District,R04-M03,mixed,multi_family
A010867,R07,Mountain Region,R07-M03,rural,single_family
A010868,R09,Urban Belt,R09-M01,urban,large_residential
A010869,R12,Metro Region,R12-M04,urban,multi_family
A010870,R03,West District,R03-M01,mixed,single_family
A010871,R09,Urban Belt,R09-M02,urban,multi_family
A010872,R01,North City,R01-M01,urban,multi_family
A010873,R06,River Region,R06-M01,mixed,single_family
A010874,R11,Border Region,R11-M02,mixed,multi_family
A010875,R02,South City,R02-M01,urban,multi_family
A010876,R11,Border Region,R11-M03,mixed,single_family
A010877,R07,Mountain Region,R07-M03,rural,single_family
A010878,R02,South City,R02-M03,urban,multi_family
A010879,R11,Border Region,R11-M03,mixed,multi_family
A010880,R05,Central Region,R05-M04,urban,large_residential
A010881,R02,South City,R02-M04,urban,multi_family
A010882,R09,Urban Belt,R09-M02,urban,multi_family
A010883,R03,West District,R03-M03,mixed,multi_family
A010884,R01,North City,R01-M01,urban,multi_family
A010885,R05,Central Region,R05-M03,urban,multi_family
A010886,R03,West District,R03-M01,mixed,multi_family
A010887,R08,Lake Region,R08-M03,rural,multi_family
A010888,R10,Rural Belt,R10-M03,rural,multi_family
A010889,R08,Lake Region,R08-M01,rural,multi_family
A010890,R11,Border Region,R11-M01,mixed,multi_family
A010891,R06,River Region,R06-M03,mixed,single_family
A010892,R08,Lake Region,R08-M01,rural,multi_family
A010893,R05,Central Region,R05-M02,urban,single_family
A010894,R09,Urban Belt,R09-M01,urban,multi_family
A010895,R12,Metro Region,R12-M02,urban,large_residential
A010896,R04,East District,R04-M02,mixed,multi_family
A010897,R01,North City,R01-M03,urban,single_family
A010898,R12,Metro Region,R12-M04,urban,multi_family
A010899,R02,South City,R02-M01,urban,single_family
A010900,R05,Central Region,R05-M03,urban,large_residential
A010901,R11,Border Region,R11-M03,mixed,multi_family
A010902,R04,East District,R04-M04,mixed,multi_family
A010903,R07,Mountain Region,R07-M03,rural,single_family
A010904,R10,Rural Belt,R10-M04,rural,multi_family
A010905,R10,Rural Belt,R10-M03,rural,single_family
A010906,R01,North City,R01-M03,urban,large_residential
A010907,R01,North City,R01-M03,urban,multi_family
A010908,R09,Urban Belt,R09-M01,urban,large_residential
A010909,R07,Mountain Region,R07-M02,rural,single_family
A010910,R05,Central Region,R05-M01,urban,multi_family
A010911,R10,Rural Belt,R10-M03,rural,multi_family
A010912,R02,South City,R02-M01,urban,multi_family
A010913,R06,River Region,R06-M04,mixed,large_residential
A010914,R09,Urban Belt,R09-M04,urban,large_residential
A010915,R02,South City,R02-M01,urban,single_family
A010916,R06,River Region,R06-M03,mixed,large_residential
A010917,R04,East District,R04-M03,mixed,single_family
A010918,R01,North City,R01-M02,urban,large_residential
A010919,R06,River Region,R06-M04,mixed,multi_family
A010920,R12,Metro Region,R12-M03,urban,multi_family
A010921,R07,Mountain Region,R07-M01,rural,single_family
A010922,R05,Central Region,R05-M01,urban,multi_family
A010923,R06,River Region,R06-M01,mixed,single_family
A010924,R01,North City,R01-M04,urban,multi_family
A010925,R01,North City,R01-M04,urban,multi_family
A010926,R06,River Region,R06-M04,mixed,single_family
A010927,R03,West District,R03-M01,mixed,single_family
A010928,R04,East District,R04-M04,mixed,multi_family
A010929,R02,South City,R02-M04,urban,multi_family
A010930,R02,South City,R02-M01,urban,single_family
A010931,R09,Urban Belt,R09-M02,urban,multi_family
A010932,R07,Mountain Region,R07-M02,rural,single_family
A010933,R01,North City,R01-M04,urban,single_family
A010934,R06,River Region,R06-M01,mixed,single_family
A010935,R10,Rural Belt,R10-M03,rural,multi_family
A010936,R09,Urban Belt,R09-M01,urban,multi_family
A010937,R04,East District,R04-M03,mixed,single_family
A010938,R10,Rural Belt,R10-M04,rural,multi_family
A010939,R07,Mountain Region,R07-M03,rural,large_residential
A010940,R06,River Region,R06-M02,mixed,multi_family
A010941,R10,Rural Belt,R10-M02,rural,single_family
A010942,R12,Metro Region,R12-M03,urban,large_residential
A010943,R07,Mountain Region,R07-M03,rural,large_residential
A010944,R10,Rural Belt,R10-M01,rural,single_family
A010945,R09,Urban Belt,R09-M03,urban,multi_family
A010946,R12,Metro Region,R12-M01,urban,large_residential
A010947,R03,West District,R03-M02,mixed,single_family
A010948,R08,Lake Region,R08-M01,rural,single_family
A010949,R02,South City,R02-M03,urban,large_residential
A010950,R08,Lake Region,R08-M02,rural,single_family
A010951,R03,West District,R03-M02,mixed,multi_family
A010952,R10,Rural Belt,R10-M04,rural,single_family
A010953,R05,Central Region,R05-M01,urban,multi_family
A010954,R09,Urban Belt,R09-M02,urban,multi_family
A010955,R12,Metro Region,R12-M04,urban,multi_family
A010956,R08,Lake Region,R08-M04,rural,single_family
A010957,R07,Mountain Region,R07-M03,rural,single_family
A010958,R09,Urban Belt,R09-M04,urban,multi_family
A010959,R09,Urban Belt,R09-M04,urban,multi_family
A010960,R05,Central Region,R05-M01,urban,multi_family
A010961,R10,Rural Belt,R10-M03,rural,single_family
A010962,R09,Urban Belt,R09-M03,urban,multi_family
A010963,R05,Central Region,R05-M03,urban,multi_family
A010964,R09,Urban Belt,R09-M03,urban,multi_family
A010965,R08,Lake Region,R08-M01,rural,single_family
A010966,R09,Urban Belt,R09-M04,urban,multi_family
A010967,R10,Rural Belt,R10-M04,rural,multi_family
A010968,R05,Central Region,R05-M03,urban,single_family
A010969,R12,Metro Region,R12-M01,urban,single_family
A010970,R07,Mountain Region,R07-M02,rural,single_family
A010971,R04,East District,R04-M04,mixed,single_family
A010972,R04,East District,R04-M01,mixed,multi_family
A010973,R03,West District,R03-M01,mixed,single_family
A010974,R01,North City,R01-M02,urban,single_family
A010975,R02,South City,R02-M03,urban,multi_family
A010976,R04,East District,R04-M04,mixed,multi_family
A010977,R07,Mountain Region,R07-M04,rural,multi_family
A010978,R09,Urban Belt,R09-M02,urban,large_residential
A010979,R07,Mountain Region,R07-M02,rural,single_family
A010980,R02,South City,R02-M01,urban,large_residential
A010981,R11,Border Region,R11-M02,mixed,multi_family
A010982,R09,Urban Belt,R09-M04,urban,single_family
A010983,R03,West District,R03-M01,mixed,multi_family
A010984,R09,Urban Belt,R09-M04,urban,single_family
A010985,R09,Urban Belt,R09-M03,urban,large_residential
A010986,R06,River Region,R06-M04,mixed,multi_family
A010987,R01,North City,R01-M04,urban,single_family
A010988,R06,River Region,R06-M02,mixed,multi_family
A010989,R03,West District,R03-M01,mixed,multi_family
A010990,R02,South City,R02-M04,urban,multi_family
A010991,R01,North City,R01-M02,urban,multi_family
A010992,R07,Mountain Region,R07-M02,rural,multi_family
A010993,R01,North City,R01-M03,urban,multi_family
A010994,R07,Mountain Region,R07-M03,rural,single_family
A010995,R02,South City,R02-M03,urban,multi_family
A010996,R01,North City,R01-M03,urban,single_family
A010997,R06,River Region,R06-M03,mixed,multi_family
A010998,R02,South City,R02-M02,urban,large_residential
A010999,R09,Urban Belt,R09-M02,urban,single_family
A011000,R02,South City,R02-M04,urban,large_residential
A011001,R04,East District,R04-M03,mixed,single_family
A011002,R05,Central Region,R05-M03,urban,single_family
A011003,R08,Lake Region,R08-M02,rural,multi_family
A011004,R05,Central Region,R05-M02,urban,single_family
A011005,R04,East District,R04-M02,mixed,single_family
A011006,R08,Lake Region,R08-M03,rural,single_family
A011007,R09,Urban Belt,R09-M01,urban,large_residential
A011008,R11,Border Region,R11-M02,mixed,multi_family
A011009,R09,Urban Belt,R09-M02,urban,multi_family
A011010,R05,Central Region,R05-M01,urban,large_residential
A011011,R11,Border Region,R11-M02,mixed,multi_family
A011012,R01,North City,R01-M03,urban,single_family
A011013,R01,North City,R01-M02,urban,single_family
A011014,R10,Rural Belt,R10-M01,rural,single_family
A011015,R09,Urban Belt,R09-M04,urban,single_family
A011016,R01,North City,R01-M02,urban,multi_family
A011017,R10,Rural Belt,R10-M03,rural,single_family
A011018,R11,Border Region,R11-M04,mixed,multi_family
A011019,R12,Metro Region,R12-M01,urban,multi_family
A011020,R12,Metro Region,R12-M01,urban,multi_family
A011021,R07,Mountain Region,R07-M03,rural,single_family
A011022,R12,Metro Region,R12-M02,urban,multi_family
A011023,R12,Metro Region,R12-M02,urban,multi_family
A011024,R11,Border Region,R11-M02,mixed,single_family
A011025,R11,Border Region,R11-M04,mixed,single_family
A011026,R01,North City,R01-M03,urban,single_family
A011027,R03,West District,R03-M01,mixed,single_family
A011028,R05,Central Region,R05-M04,urban,single_family
A011029,R06,River Region,R06-M03,mixed,multi_family
A011030,R04,East District,R04-M04,mixed,single_family
A011031,R12,Metro Region,R12-M04,urban,single_family
A011032,R05,Central Region,R05-M02,urban,single_family
A011033,R08,Lake Region,R08-M01,rural,single_family
A011034,R02,South City,R02-M02,urban,multi_family
A011035,R05,Central Region,R05-M01,urban,single_family
A011036,R06,River Region,R06-M03,mixed,single_family
A011037,R09,Urban Belt,R09-M02,urban,large_residential
A011038,R09,Urban Belt,R09-M04,urban,multi_family
A011039,R03,West District,R03-M03,mixed,multi_family
A011040,R03,West District,R03-M02,mixed,multi_family
A011041,R09,Urban Belt,R09-M02,urban,large_residential
A011042,R10,Rural Belt,R10-M04,rural,single_family
A011043,R05,Central Region,R05-M03,urban,single_family
A011044,R01,North City,R01-M04,urban,multi_family
A011045,R05,Central Region,R05-M02,urban,large_residential
A011046,R12,Metro Region,R12-M04,urban,multi_family
A011047,R05,Central Region,R05-M04,urban,large_residential
A011048,R02,South City,R02-M02,urban,multi_family
A011049,R04,East District,R04-M02,mixed,multi_family
A011050,R08,Lake Region,R08-M02,rural,single_family
A011051,R08,Lake Region,R08-M03,rural,multi_family
A011052,R07,Mountain Region,R07-M03,rural,single_family
A011053,R09,Urban Belt,R09-M04,urban,multi_family
A011054,R01,North City,R01-M04,urban,multi_family
A011055,R09,Urban Belt,R09-M03,urban,large_residential
A011056,R11,Border Region,R11-M04,mixed,single_family
A011057,R09,Urban Belt,R09-M01,urban,single_family
A011058,R04,East District,R04-M02,mixed,multi_family
A011059,R03,West District,R03-M02,mixed,multi_family
A011060,R11,Border Region,R11-M04,mixed,large_residential
A011061,R05,Central Region,R05-M01,urban,large_residential
A011062,R09,Urban Belt,R09-M03,urban,multi_family
A011063,R09,Urban Belt,R09-M03,urban,multi_family
A011064,R10,Rural Belt,R10-M03,rural,multi_family
A011065,R03,West District,R03-M02,mixed,single_family
A011066,R04,East District,R04-M02,mixed,large_residential
A011067,R01,North City,R01-M02,urban,single_family
A011068,R05,Central Region,R05-M04,urban,multi_family
A011069,R10,Rural Belt,R10-M02,rural,multi_family
A011070,R07,Mountain Region,R07-M04,rural,single_family
A011071,R02,South City,R02-M03,urban,single_family
A011072,R02,South City,R02-M01,urban,multi_family
A011073,R12,Metro Region,R12-M03,urban,multi_family
A011074,R04,East District,R04-M01,mixed,multi_family
A011075,R12,Metro Region,R12-M01,urban,multi_family
A011076,R04,East District,R04-M03,mixed,single_family
A011077,R11,Border Region,R11-M03,mixed,single_family
A011078,R05,Central Region,R05-M01,urban,single_family
A011079,R12,Metro Region,R12-M02,urban,multi_family
A011080,R08,Lake Region,R08-M02,rural,single_family
A011081,R09,Urban Belt,R09-M01,urban,single_family
A011082,R10,Rural Belt,R10-M04,rural,single_family
A011083,R03,West District,R03-M02,mixed,multi_family
A011084,R01,North City,R01-M04,urban,multi_family
A011085,R10,Rural Belt,R10-M04,rural,single_family
A011086,R09,Urban Belt,R09-M03,urban,multi_family
A011087,R12,Metro Region,R12-M01,urban,single_family
A011088,R07,Mountain Region,R07-M01,rural,single_family
A011089,R02,South City,R02-M04,urban,multi_family
A011090,R05,Central Region,R05-M04,urban,multi_family
A011091,R12,Metro Region,R12-M04,urban,multi_family
A011092,R02,South City,R02-M03,urban,multi_family
A011093,R05,Central Region,R05-M01,urban,single_family
A011094,R04,East District,R04-M02,mixed,multi_family
A011095,R12,Metro Region,R12-M04,urban,multi_family
A011096,R07,Mountain Region,R07-M01,rural,single_family
A011097,R04,East District,R04-M03,mixed,large_residential
A011098,R05,Central Region,R05-M03,urban,single_family
A011099,R08,Lake Region,R08-M03,rural,single_family
A011100,R10,Rural Belt,R10-M01,rural,single_family
A011101,R12,Metro Region,R12-M03,urban,multi_family
A011102,R11,Border Region,R11-M01,mixed,single_family
A011103,R09,Urban Belt,R09-M02,urban,multi_family
A011104,R04,East District,R04-M01,mixed,large_residential
A011105,R05,Central Region,R05-M02,urban,single_family
A011106,R03,West District,R03-M04,mixed,single_family
A011107,R04,East District,R04-M04,mixed,multi_family
A011108,R03,West District,R03-M04,mixed,single_family
A011109,R06,River Region,R06-M04,mixed,multi_family
A011110,R09,Urban Belt,R09-M03,urban,multi_family
A011111,R12,Metro Region,R12-M03,urban,multi_family
A011112,R03,West District,R03-M01,mixed,multi_family
A011113,R10,Rural Belt,R10-M03,rural,single_family
A011114,R03,West District,R03-M02,mixed,single_family
A011115,R07,Mountain Region,R07-M01,rural,single_family
A011116,R05,Central Region,R05-M02,urban,single_family
A011117,R09,Urban Belt,R09-M03,urban,single_family
A011118,R06,River Region,R06-M01,mixed,single_family
A011119,R09,Urban Belt,R09-M01,urban,single_family
A011120,R12,Metro Region,R12-M02,urban,multi_family
A011121,R10,Rural Belt,R10-M04,rural,multi_family
A011122,R01,North City,R01-M02,urban,large_residential
A011123,R11,Border Region,R11-M03,mixed,multi_family
A011124,R02,South City,R02-M02,urban,single_family
A011125,R09,Urban Belt,R09-M02,urban,multi_family
A011126,R06,River Region,R06-M02,mixed,multi_family
A011127,R08,Lake Region,R08-M03,rural,single_family
A011128,R09,Urban Belt,R09-M04,urban,multi_family
A011129,R12,Metro Region,R12-M03,urban,multi_family
A011130,R03,West District,R03-M03,mixed,multi_family
A011131,R01,North City,R01-M03,urban,multi_family
A011132,R02,South City,R02-M01,urban,multi_family
A011133,R06,River Region,R06-M04,mixed,single_family
A011134,R10,Rural Belt,R10-M04,rural,large_residential
A011135,R09,Urban Belt,R09-M02,urban,single_family
A011136,R05,Central Region,R05-M01,urban,multi_family
A011137,R01,North City,R01-M02,urban,multi_family
A011138,R05,Central Region,R05-M04,urban,multi_family
A011139,R10,Rural Belt,R10-M02,rural,multi_family
A011140,R01,North City,R01-M02,urban,large_residential
A011141,R07,Mountain Region,R07-M01,rural,multi_family
A011142,R05,Central Region,R05-M01,urban,single_family
A011143,R10,Rural Belt,R10-M01,rural,single_family
A011144,R06,River Region,R06-M02,mixed,single_family
A011145,R02,South City,R02-M03,urban,single_family
A011146,R09,Urban Belt,R09-M04,urban,multi_family
A011147,R12,Metro Region,R12-M03,urban,single_family
A011148,R07,Mountain Region,R07-M04,rural,multi_family
A011149,R02,South City,R02-M01,urban,multi_family
A011150,R12,Metro Region,R12-M02,urban,large_residential
A011151,R08,Lake Region,R08-M03,rural,single_family
A011152,R06,River Region,R06-M02,mixed,single_family
A011153,R01,North City,R01-M01,urban,large_residential
A011154,R06,River Region,R06-M04,mixed,multi_family
A011155,R07,Mountain Region,R07-M03,rural,single_family
A011156,R09,Urban Belt,R09-M02,urban,single_family
A011157,R02,South City,R02-M03,urban,multi_family
A011158,R12,Metro Region,R12-M04,urban,multi_family
A011159,R03,West District,R03-M02,mixed,single_family
A011160,R08,Lake Region,R08-M01,rural,large_residential
A011161,R05,Central Region,R05-M02,urban,single_family
A011162,R04,East District,R04-M01,mixed,single_family
A011163,R03,West District,R03-M02,mixed,single_family
A011164,R01,North City,R01-M03,urban,multi_family
A011165,R11,Border Region,R11-M03,mixed,multi_family
A011166,R09,Urban Belt,R09-M01,urban,multi_family
A011167,R09,Urban Belt,R09-M04,urban,multi_family
A011168,R11,Border Region,R11-M03,mixed,multi_family
A011169,R10,Rural Belt,R10-M03,rural,single_family
A011170,R08,Lake Region,R08-M03,rural,single_family
A011171,R01,North City,R01-M02,urban,multi_family
A011172,R07,Mountain Region,R07-M02,rural,multi_family
A011173,R10,Rural Belt,R10-M04,rural,large_residential
A011174,R05,Central Region,R05-M02,urban,multi_family
A011175,R12,Metro Region,R12-M03,urban,multi_family
A011176,R09,Urban Belt,R09-M04,urban,single_family
A011177,R03,West District,R03-M01,mixed,single_family
A011178,R08,Lake Region,R08-M04,rural,single_family
A011179,R11,Border Region,R11-M01,mixed,single_family
A011180,R09,Urban Belt,R09-M03,urban,multi_family
A011181,R01,North City,R01-M02,urban,multi_family
A011182,R05,Central Region,R05-M04,urban,multi_family
A011183,R03,West District,R03-M03,mixed,single_family
A011184,R12,Metro Region,R12-M03,urban,multi_family
A011185,R04,East District,R04-M03,mixed,single_family
A011186,R05,Central Region,R05-M02,urban,multi_family
A011187,R03,West District,R03-M01,mixed,multi_family
A011188,R07,Mountain Region,R07-M03,rural,single_family
A011189,R11,Border Region,R11-M01,mixed,single_family
A011190,R02,South City,R02-M02,urban,multi_family
A011191,R12,Metro Region,R12-M04,urban,multi_family
A011192,R02,South City,R02-M01,urban,single_family
A011193,R01,North City,R01-M04,urban,multi_family
A011194,R05,Central Region,R05-M02,urban,large_residential
A011195,R06,River Region,R06-M01,mixed,multi_family
A011196,R04,East District,R04-M04,mixed,single_family
A011197,R02,South City,R02-M02,urban,multi_family
A011198,R10,Rural Belt,R10-M01,rural,large_residential
A011199,R03,West District,R03-M01,mixed,multi_family
A011200,R06,River Region,R06-M04,mixed,single_family
A011201,R04,East District,R04-M01,mixed,single_family
A011202,R05,Central Region,R05-M03,urban,single_family
A011203,R01,North City,R01-M03,urban,large_residential
A011204,R08,Lake Region,R08-M04,rural,single_family
A011205,R05,Central Region,R05-M01,urban,multi_family
A011206,R06,River Region,R06-M04,mixed,multi_family
A011207,R10,Rural Belt,R10-M04,rural,multi_family
A011208,R10,Rural Belt,R10-M03,rural,multi_family
A011209,R09,Urban Belt,R09-M03,urban,single_family
A011210,R02,South City,R02-M01,urban,multi_family
A011211,R01,North City,R01-M04,urban,multi_family
A011212,R05,Central Region,R05-M02,urban,single_family
A011213,R02,South City,R02-M01,urban,single_family
A011214,R12,Metro Region,R12-M02,urban,multi_family
A011215,R01,North City,R01-M01,urban,multi_family
A011216,R12,Metro Region,R12-M03,urban,multi_family
A011217,R09,Urban Belt,R09-M04,urban,multi_family
A011218,R10,Rural Belt,R10-M02,rural,single_family
A011219,R07,Mountain Region,R07-M03,rural,single_family
A011220,R12,Metro Region,R12-M01,urban,multi_family
A011221,R09,Urban Belt,R09-M04,urban,large_residential
A011222,R06,River Region,R06-M04,mixed,multi_family
A011223,R12,Metro Region,R12-M04,urban,single_family
A011224,R06,River Region,R06-M03,mixed,multi_family
A011225,R03,West District,R03-M04,mixed,multi_family
A011226,R09,Urban Belt,R09-M04,urban,multi_family
A011227,R06,River Region,R06-M03,mixed,large_residential
A011228,R03,West District,R03-M03,mixed,single_family
A011229,R01,North City,R01-M02,urban,multi_family
A011230,R05,Central Region,R05-M04,urban,multi_family
A011231,R01,North City,R01-M01,urban,large_residential
A011232,R05,Central Region,R05-M04,urban,multi_family
A011233,R01,North City,R01-M01,urban,large_residential
A011234,R01,North City,R01-M04,urban,single_family
A011235,R02,South City,R02-M03,urban,multi_family
A011236,R05,Central Region,R05-M02,urban,multi_family
A011237,R07,Mountain Region,R07-M04,rural,single_family
A011238,R10,Rural Belt,R10-M04,rural,single_family
A011239,R03,West District,R03-M03,mixed,multi_family
A011240,R01,North City,R01-M02,urban,multi_family
A011241,R08,Lake Region,R08-M04,rural,single_family
A011242,R02,South City,R02-M03,urban,large_residential
A011243,R10,Rural Belt,R10-M04,rural,multi_family
A011244,R10,Rural Belt,R10-M01,rural,single_family
A011245,R12,Metro Region,R12-M04,urban,multi_family
A011246,R01,North City,R01-M02,urban,multi_family
A011247,R07,Mountain Region,R07-M02,rural,single_family
A011248,R12,Metro Region,R12-M01,urban,multi_family
A011249,R10,Rural Belt,R10-M02,rural,single_family
A011250,R04,East District,R04-M02,mixed,single_family
A011251,R03,West District,R03-M02,mixed,single_family
A011252,R07,Mountain Region,R07-M01,rural,multi_family
A011253,R05,Central Region,R05-M01,urban,single_family
A011254,R09,Urban Belt,R09-M02,urban,multi_family
A011255,R12,Metro Region,R12-M02,urban,multi_family
A011256,R01,North City,R01-M02,urban,single_family
A011257,R09,Urban Belt,R09-M02,urban,single_family
A011258,R01,North City,R01-M01,urban,single_family
A011259,R10,Rural Belt,R10-M04,rural,single_family
A011260,R12,Metro Region,R12-M03,urban,single_family
A011261,R02,South City,R02-M03,urban,large_residential
A011262,R10,Rural Belt,R10-M03,rural,multi_family
A011263,R10,Rural Belt,R10-M04,rural,single_family
A011264,R05,Central Region,R05-M02,urban,multi_family
A011265,R11,Border Region,R11-M02,mixed,single_family
A011266,R06,River Region,R06-M04,mixed,multi_family
A011267,R06,River Region,R06-M03,mixed,multi_family
A011268,R06,River Region,R06-M04,mixed,multi_family
A011269,R05,Central Region,R05-M02,urban,multi_family
A011270,R02,South City,R02-M01,urban,multi_family
A011271,R05,Central Region,R05-M04,urban,single_family
A011272,R05,Central Region,R05-M01,urban,multi_family
A011273,R02,South City,R02-M03,urban,multi_family
A011274,R06,River Region,R06-M04,mixed,multi_family
A011275,R05,Central Region,R05-M02,urban,multi_family
A011276,R02,South City,R02-M02,urban,multi_family
A011277,R09,Urban Belt,R09-M04,urban,multi_family
A011278,R03,West District,R03-M02,mixed,large_residential
A011279,R12,Metro Region,R12-M02,urban,multi_family
A011280,R06,River Region,R06-M01,mixed,multi_family
A011281,R05,Central Region,R05-M02,urban,single_family
A011282,R12,Metro Region,R12-M03,urban,multi_family
A011283,R08,Lake Region,R08-M03,rural,single_family
A011284,R01,North City,R01-M01,urban,multi_family
A011285,R07,Mountain Region,R07-M01,rural,single_family
A011286,R07,Mountain Region,R07-M03,rural,single_family
A011287,R10,Rural Belt,R10-M02,rural,single_family
A011288,R05,Central Region,R05-M04,urban,single_family
A011289,R11,Border Region,R11-M01,mixed,multi_family
A011290,R04,East District,R04-M01,mixed,multi_family
A011291,R12,Metro Region,R12-M01,urban,multi_family
A011292,R09,Urban Belt,R09-M04,urban,multi_family
A011293,R07,Mountain Region,R07-M02,rural,single_family
A011294,R11,Border Region,R11-M04,mixed,multi_family
A011295,R02,South City,R02-M03,urban,multi_family
A011296,R01,North City,R01-M02,urban,single_family
A011297,R07,Mountain Region,R07-M01,rural,single_family
A011298,R08,Lake Region,R08-M01,rural,multi_family
A011299,R08,Lake Region,R08-M04,rural,multi_family
A011300,R12,Metro Region,R12-M02,urban,single_family
A011301,R06,River Region,R06-M04,mixed,single_family
A011302,R12,Metro Region,R12-M04,urban,multi_family
A011303,R09,Urban Belt,R09-M01,urban,single_family
A011304,R12,Metro Region,R12-M01,urban,multi_family
A011305,R06,River Region,R06-M04,mixed,multi_family
A011306,R08,Lake Region,R08-M03,rural,single_family
A011307,R04,East District,R04-M03,mixed,single_family
A011308,R08,Lake Region,R08-M03,rural,single_family
A011309,R01,North City,R01-M03,urban,single_family
A011310,R10,Rural Belt,R10-M03,rural,single_family
A011311,R09,Urban Belt,R09-M01,urban,multi_family
A011312,R02,South City,R02-M01,urban,multi_family
A011313,R05,Central Region,R05-M01,urban,multi_family
A011314,R12,Metro Region,R12-M01,urban,multi_family
A011315,R06,River Region,R06-M01,mixed,multi_family
A011316,R03,West District,R03-M02,mixed,multi_family
A011317,R01,North City,R01-M02,urban,single_family
A011318,R11,Border Region,R11-M04,mixed,large_residential
A011319,R02,South City,R02-M02,urban,multi_family
A011320,R09,Urban Belt,R09-M04,urban,multi_family
A011321,R10,Rural Belt,R10-M04,rural,single_family
A011322,R05,Central Region,R05-M03,urban,multi_family
A011323,R12,Metro Region,R12-M03,urban,multi_family
A011324,R09,Urban Belt,R09-M04,urban,multi_family
A011325,R09,Urban Belt,R09-M02,urban,single_family
A011326,R09,Urban Belt,R09-M02,urban,large_residential
A011327,R07,Mountain Region,R07-M02,rural,multi_family
A011328,R11,Border Region,R11-M03,mixed,multi_family
A011329,R07,Mountain Region,R07-M03,rural,single_family
A011330,R03,West District,R03-M02,mixed,single_family
A011331,R06,River Region,R06-M02,mixed,large_residential
A011332,R05,Central Region,R05-M01,urban,large_residential
A011333,R02,South City,R02-M04,urban,multi_family
A011334,R02,South City,R02-M04,urban,single_family
A011335,R03,West District,R03-M04,mixed,multi_family
A011336,R09,Urban Belt,R09-M03,urban,large_residential
A011337,R07,Mountain Region,R07-M03,rural,multi_family
A011338,R06,River Region,R06-M03,mixed,single_family
A011339,R03,West District,R03-M01,mixed,large_residential
A011340,R10,Rural Belt,R10-M02,rural,single_family
A011341,R10,Rural Belt,R10-M02,rural,multi_family
A011342,R07,Mountain Region,R07-M01,rural,multi_family
A011343,R06,River Region,R06-M03,mixed,multi_family
A011344,R02,South City,R02-M04,urban,large_residential
A011345,R04,East District,R04-M01,mixed,single_family
A011346,R02,South City,R02-M04,urban,single_family
A011347,R02,South City,R02-M04,urban,large_residential
A011348,R03,West District,R03-M04,mixed,multi_family
A011349,R10,Rural Belt,R10-M01,rural,multi_family
A011350,R11,Border Region,R11-M03,mixed,single_family
A011351,R12,Metro Region,R12-M04,urban,multi_family
A011352,R05,Central Region,R05-M03,urban,multi_family
A011353,R12,Metro Region,R12-M01,urban,multi_family
A011354,R12,Metro Region,R12-M03,urban,multi_family
A011355,R03,West District,R03-M02,mixed,single_family
A011356,R01,North City,R01-M04,urban,single_family
A011357,R11,Border Region,R11-M01,mixed,single_family
A011358,R01,North City,R01-M04,urban,multi_family
A011359,R09,Urban Belt,R09-M01,urban,multi_family
A011360,R11,Border Region,R11-M04,mixed,single_family
A011361,R05,Central Region,R05-M02,urban,single_family
A011362,R10,Rural Belt,R10-M01,rural,single_family
A011363,R04,East District,R04-M02,mixed,single_family
A011364,R06,River Region,R06-M02,mixed,multi_family
A011365,R01,North City,R01-M04,urban,single_family
A011366,R07,Mountain Region,R07-M01,rural,single_family
A011367,R04,East District,R04-M03,mixed,multi_family
A011368,R03,West District,R03-M02,mixed,single_family
A011369,R01,North City,R01-M04,urban,multi_family
A011370,R07,Mountain Region,R07-M04,rural,single_family
A011371,R09,Urban Belt,R09-M03,urban,single_family
A011372,R05,Central Region,R05-M01,urban,single_family
A011373,R08,Lake Region,R08-M04,rural,single_family
A011374,R05,Central Region,R05-M01,urban,single_family
A011375,R05,Central Region,R05-M04,urban,multi_family
A011376,R03,West District,R03-M01,mixed,large_residential
A011377,R06,River Region,R06-M03,mixed,single_family
A011378,R03,West District,R03-M04,mixed,multi_family
A011379,R06,River Region,R06-M02,mixed,single_family
A011380,R07,Mountain Region,R07-M01,rural,single_family
A011381,R04,East District,R04-M03,mixed,multi_family
A011382,R04,East District,R04-M03,mixed,single_family
A011383,R03,West District,R03-M03,mixed,multi_family
A011384,R01,North City,R01-M03,urban,multi_family
A011385,R08,Lake Region,R08-M02,rural,single_family
A011386,R09,Urban Belt,R09-M01,urban,large_residential
A011387,R06,River Region,R06-M01,mixed,single_family
A011388,R08,Lake Region,R08-M02,rural,multi_family
A011389,R08,Lake Region,R08-M02,rural,single_family
A011390,R09,Urban Belt,R09-M04,urban,multi_family
A011391,R10,Rural Belt,R10-M03,rural,single_family
A011392,R09,Urban Belt,R09-M01,urban,multi_family
A011393,R09,Urban Belt,R09-M04,urban,large_residential
A011394,R10,Rural Belt,R10-M02,rural,multi_family
A011395,R03,West District,R03-M03,mixed,multi_family
A011396,R12,Metro Region,R12-M02,urban,multi_family
A011397,R10,Rural Belt,R10-M04,rural,single_family
A011398,R07,Mountain Region,R07-M01,rural,single_family
A011399,R02,South City,R02-M02,urban,large_residential
A011400,R03,West District,R03-M02,mixed,multi_family
A011401,R05,Central Region,R05-M02,urban,multi_family
A011402,R09,Urban Belt,R09-M01,urban,multi_family
A011403,R08,Lake Region,R08-M01,rural,single_family
A011404,R07,Mountain Region,R07-M01,rural,single_family
A011405,R05,Central Region,R05-M01,urban,large_residential
A011406,R12,Metro Region,R12-M02,urban,large_residential
A011407,R04,East District,R04-M02,mixed,multi_family
A011408,R07,Mountain Region,R07-M04,rural,single_family
A011409,R12,Metro Region,R12-M02,urban,multi_family
A011410,R02,South City,R02-M01,urban,single_family
A011411,R07,Mountain Region,R07-M03,rural,single_family
A011412,R09,Urban Belt,R09-M01,urban,multi_family
A011413,R08,Lake Region,R08-M04,rural,single_family
A011414,R06,River Region,R06-M01,mixed,single_family
A011415,R11,Border Region,R11-M02,mixed,large_residential
A011416,R04,East District,R04-M03,mixed,single_family
A011417,R08,Lake Region,R08-M03,rural,single_family
A011418,R05,Central Region,R05-M01,urban,large_residential
A011419,R09,Urban Belt,R09-M03,urban,multi_family
A011420,R08,Lake Region,R08-M04,rural,single_family
A011421,R10,Rural Belt,R10-M01,rural,single_family
A011422,R03,West District,R03-M01,mixed,multi_family
A011423,R09,Urban Belt,R09-M04,urban,multi_family
A011424,R05,Central Region,R05-M01,urban,large_residential
A011425,R12,Metro Region,R12-M03,urban,multi_family
A011426,R06,River Region,R06-M02,mixed,multi_family
A011427,R09,Urban Belt,R09-M04,urban,multi_family
A011428,R01,North City,R01-M01,urban,multi_family
A011429,R08,Lake Region,R08-M01,rural,multi_family
A011430,R09,Urban Belt,R09-M03,urban,multi_family
A011431,R10,Rural Belt,R10-M03,rural,single_family
A011432,R04,East District,R04-M02,mixed,single_family
A011433,R02,South City,R02-M04,urban,multi_family
A011434,R03,West District,R03-M02,mixed,multi_family
A011435,R09,Urban Belt,R09-M02,urban,multi_family
A011436,R12,Metro Region,R12-M04,urban,multi_family
A011437,R03,West District,R03-M01,mixed,single_family
A011438,R01,North City,R01-M03,urban,multi_family
A011439,R12,Metro Region,R12-M04,urban,multi_family
A011440,R11,Border Region,R11-M02,mixed,multi_family
A011441,R06,River Region,R06-M01,mixed,multi_family
A011442,R12,Metro Region,R12-M02,urban,single_family
A011443,R01,North City,R01-M03,urban,multi_family
A011444,R11,Border Region,R11-M01,mixed,large_residential
A011445,R12,Metro Region,R12-M02,urban,multi_family
A011446,R06,River Region,R06-M03,mixed,multi_family
A011447,R04,East District,R04-M03,mixed,multi_family
A011448,R02,South City,R02-M04,urban,multi_family
A011449,R06,River Region,R06-M02,mixed,multi_family
A011450,R12,Metro Region,R12-M04,urban,multi_family
A011451,R11,Border Region,R11-M02,mixed,single_family
A011452,R08,Lake Region,R08-M04,rural,single_family
A011453,R10,Rural Belt,R10-M02,rural,single_family
A011454,R09,Urban Belt,R09-M03,urban,single_family
A011455,R02,South City,R02-M02,urban,single_family
A011456,R03,West District,R03-M01,mixed,multi_family
A011457,R01,North City,R01-M04,urban,single_family
A011458,R06,River Region,R06-M02,mixed,multi_family
A011459,R08,Lake Region,R08-M02,rural,single_family
A011460,R08,Lake Region,R08-M02,rural,single_family
A011461,R01,North City,R01-M02,urban,multi_family
A011462,R03,West District,R03-M02,mixed,multi_family
A011463,R01,North City,R01-M02,urban,single_family
A011464,R11,Border Region,R11-M03,mixed,multi_family
A011465,R01,North City,R01-M03,urban,multi_family
A011466,R10,Rural Belt,R10-M02,rural,multi_family
A011467,R01,North City,R01-M04,urban,large_residential
A011468,R09,Urban Belt,R09-M02,urban,single_family
A011469,R12,Metro Region,R12-M01,urban,multi_family
A011470,R10,Rural Belt,R10-M02,rural,single_family
A011471,R03,West District,R03-M01,mixed,large_residential
A011472,R09,Urban Belt,R09-M02,urban,multi_family
A011473,R03,West District,R03-M01,mixed,multi_family
A011474,R11,Border Region,R11-M01,mixed,large_residential
A011475,R05,Central Region,R05-M01,urban,multi_family
A011476,R05,Central Region,R05-M03,urban,single_family
A011477,R02,South City,R02-M01,urban,multi_family
A011478,R12,Metro Region,R12-M01,urban,large_residential
A011479,R05,Central Region,R05-M01,urban,large_residential
A011480,R10,Rural Belt,R10-M03,rural,single_family
A011481,R10,Rural Belt,R10-M02,rural,multi_family
A011482,R03,West District,R03-M02,mixed,multi_family
A011483,R01,North City,R01-M01,urban,multi_family
A011484,R09,Urban Belt,R09-M03,urban,large_residential
A011485,R12,Metro Region,R12-M03,urban,single_family
A011486,R02,South City,R02-M04,urban,multi_family
A011487,R08,Lake Region,R08-M03,rural,single_family
A011488,R05,Central Region,R05-M03,urban,multi_family
A011489,R09,Urban Belt,R09-M01,urban,single_family
A011490,R09,Urban Belt,R09-M03,urban,multi_family
A011491,R10,Rural Belt,R10-M04,rural,single_family
A011492,R11,Border Region,R11-M01,mixed,single_family
A011493,R10,Rural Belt,R10-M01,rural,multi_family
A011494,R03,West District,R03-M01,mixed,single_family
A011495,R02,South City,R02-M03,urban,multi_family
A011496,R04,East District,R04-M04,mixed,single_family
A011497,R07,Mountain Region,R07-M02,rural,multi_family
A011498,R10,Rural Belt,R10-M02,rural,multi_family
A011499,R02,South City,R02-M04,urban,multi_family
A011500,R12,Metro Region,R12-M03,urban,multi_family
A011501,R09,Urban Belt,R09-M01,urban,large_residential
A011502,R08,Lake Region,R08-M03,rural,single_family
A011503,R04,East District,R04-M04,mixed,single_family
A011504,R08,Lake Region,R08-M03,rural,single_family
A011505,R04,East District,R04-M02,mixed,multi_family
A011506,R02,South City,R02-M04,urban,multi_family
A011507,R07,Mountain Region,R07-M01,rural,single_family
A011508,R09,Urban Belt,R09-M03,urban,multi_family
A011509,R12,Metro Region,R12-M03,urban,multi_family
A011510,R02,South City,R02-M01,urban,multi_family
A011511,R03,West District,R03-M03,mixed,single_family
A011512,R10,Rural Belt,R10-M04,rural,single_family
A011513,R06,River Region,R06-M02,mixed,multi_family
A011514,R11,Border Region,R11-M03,mixed,multi_family
A011515,R04,East District,R04-M02,mixed,multi_family
A011516,R12,Metro Region,R12-M02,urban,multi_family
A011517,R09,Urban Belt,R09-M03,urban,multi_family
A011518,R12,Metro Region,R12-M02,urban,single_family
A011519,R10,Rural Belt,R10-M03,rural,single_family
A011520,R03,West District,R03-M04,mixed,single_family
A011521,R02,South City,R02-M01,urban,large_residential
A011522,R02,South City,R02-M02,urban,large_residential
A011523,R02,South City,R02-M04,urban,multi_family
A011524,R02,South City,R02-M04,urban,multi_family
A011525,R05,Central Region,R05-M01,urban,multi_family
A011526,R01,North City,R01-M02,urban,multi_family
A011527,R01,North City,R01-M02,urban,multi_family
A011528,R08,Lake Region,R08-M04,rural,single_family
A011529,R09,Urban Belt,R09-M04,urban,single_family
A011530,R01,North City,R01-M03,urban,multi_family
A011531,R02,South City,R02-M04,urban,multi_family
A011532,R02,South City,R02-M03,urban,multi_family
A011533,R06,River Region,R06-M03,mixed,large_residential
A011534,R10,Rural Belt,R10-M01,rural,single_family
A011535,R08,Lake Region,R08-M04,rural,single_family
A011536,R08,Lake Region,R08-M04,rural,multi_family
A011537,R04,East District,R04-M04,mixed,multi_family
A011538,R09,Urban Belt,R09-M01,urban,multi_family
A011539,R12,Metro Region,R12-M02,urban,multi_family
A011540,R10,Rural Belt,R10-M02,rural,single_family
A011541,R09,Urban Belt,R09-M01,urban,multi_family
A011542,R03,West District,R03-M04,mixed,single_family
A011543,R01,North City,R01-M04,urban,multi_family
A011544,R09,Urban Belt,R09-M02,urban,large_residential
A011545,R01,North City,R01-M04,urban,single_family
A011546,R01,North City,R01-M01,urban,single_family
A011547,R07,Mountain Region,R07-M03,rural,single_family
A011548,R05,Central Region,R05-M03,urban,multi_family
A011549,R02,South City,R02-M03,urban,large_residential
A011550,R05,Central Region,R05-M02,urban,single_family
A011551,R04,East District,R04-M01,mixed,multi_family
A011552,R12,Metro Region,R12-M04,urban,large_residential
A011553,R01,North City,R01-M02,urban,large_residential
A011554,R07,Mountain Region,R07-M01,rural,multi_family
A011555,R10,Rural Belt,R10-M04,rural,large_residential
A011556,R04,East District,R04-M01,mixed,single_family
A011557,R06,River Region,R06-M04,mixed,multi_family
A011558,R11,Border Region,R11-M02,mixed,single_family
A011559,R07,Mountain Region,R07-M04,rural,single_family
A011560,R10,Rural Belt,R10-M03,rural,single_family
A011561,R07,Mountain Region,R07-M03,rural,single_family
A011562,R02,South City,R02-M01,urban,large_residential
A011563,R01,North City,R01-M01,urban,multi_family
A011564,R12,Metro Region,R12-M01,urban,single_family
A011565,R10,Rural Belt,R10-M03,rural,single_family
A011566,R02,South City,R02-M03,urban,large_residential
A011567,R10,Rural Belt,R10-M03,rural,single_family
A011568,R02,South City,R02-M01,urban,large_residential
A011569,R05,Central Region,R05-M02,urban,multi_family
A011570,R05,Central Region,R05-M02,urban,large_residential
A011571,R11,Border Region,R11-M01,mixed,multi_family
A011572,R01,North City,R01-M04,urban,single_family
A011573,R03,West District,R03-M01,mixed,multi_family
A011574,R11,Border Region,R11-M03,mixed,single_family
A011575,R04,East District,R04-M02,mixed,multi_family
A011576,R09,Urban Belt,R09-M02,urban,single_family
A011577,R07,Mountain Region,R07-M02,rural,single_family
A011578,R07,Mountain Region,R07-M04,rural,single_family
A011579,R03,West District,R03-M03,mixed,multi_family
A011580,R01,North City,R01-M03,urban,multi_family
A011581,R09,Urban Belt,R09-M03,urban,single_family
A011582,R01,North City,R01-M04,urban,multi_family
A011583,R07,Mountain Region,R07-M01,rural,single_family
A011584,R07,Mountain Region,R07-M04,rural,single_family
A011585,R02,South City,R02-M01,urban,single_family
A011586,R03,West District,R03-M01,mixed,large_residential
A011587,R01,North City,R01-M02,urban,single_family
A011588,R12,Metro Region,R12-M01,urban,large_residential
A011589,R02,South City,R02-M03,urban,multi_family
A011590,R01,North City,R01-M04,urban,single_family
A011591,R09,Urban Belt,R09-M01,urban,multi_family
A011592,R05,Central Region,R05-M02,urban,single_family
A011593,R03,West District,R03-M03,mixed,large_residential
A011594,R12,Metro Region,R12-M01,urban,single_family
A011595,R08,Lake Region,R08-M01,rural,multi_family
A011596,R05,Central Region,R05-M01,urban,multi_family
A011597,R09,Urban Belt,R09-M03,urban,large_residential
A011598,R06,River Region,R06-M03,mixed,single_family
A011599,R05,Central Region,R05-M04,urban,multi_family
A011600,R05,Central Region,R05-M04,urban,single_family
A011601,R06,River Region,R06-M02,mixed,single_family
A011602,R03,West District,R03-M04,mixed,multi_family
A011603,R08,Lake Region,R08-M02,rural,single_family
A011604,R01,North City,R01-M02,urban,single_family
A011605,R06,River Region,R06-M02,mixed,multi_family
A011606,R12,Metro Region,R12-M04,urban,single_family
A011607,R12,Metro Region,R12-M03,urban,multi_family
A011608,R10,Rural Belt,R10-M03,rural,single_family
A011609,R09,Urban Belt,R09-M02,urban,single_family
A011610,R07,Mountain Region,R07-M02,rural,single_family
A011611,R06,River Region,R06-M03,mixed,single_family
A011612,R01,North City,R01-M01,urban,multi_family
A011613,R05,Central Region,R05-M03,urban,multi_family
A011614,R07,Mountain Region,R07-M01,rural,single_family
A011615,R01,North City,R01-M02,urban,single_family
A011616,R05,Central Region,R05-M02,urban,large_residential
A011617,R05,Central Region,R05-M01,urban,multi_family
A011618,R09,Urban Belt,R09-M01,urban,multi_family
A011619,R09,Urban Belt,R09-M04,urban,large_residential
A011620,R01,North City,R01-M04,urban,large_residential
A011621,R01,North City,R01-M02,urban,single_family
A011622,R10,Rural Belt,R10-M04,rural,multi_family
A011623,R05,Central Region,R05-M02,urban,multi_family
A011624,R01,North City,R01-M04,urban,large_residential
A011625,R04,East District,R04-M04,mixed,single_family
A011626,R12,Metro Region,R12-M03,urban,single_family
A011627,R11,Border Region,R11-M02,mixed,single_family
A011628,R02,South City,R02-M04,urban,single_family
A011629,R10,Rural Belt,R10-M02,rural,multi_family
A011630,R10,Rural Belt,R10-M01,rural,single_family
A011631,R02,South City,R02-M03,urban,multi_family
A011632,R03,West District,R03-M01,mixed,single_family
A011633,R12,Metro Region,R12-M03,urban,multi_family
A011634,R06,River Region,R06-M01,mixed,single_family
A011635,R11,Border Region,R11-M01,mixed,large_residential
A011636,R03,West District,R03-M04,mixed,multi_family
A011637,R07,Mountain Region,R07-M02,rural,single_family
A011638,R11,Border Region,R11-M04,mixed,single_family
A011639,R03,West District,R03-M04,mixed,multi_family
A011640,R04,East District,R04-M03,mixed,large_residential
A011641,R04,East District,R04-M02,mixed,single_family
A011642,R09,Urban Belt,R09-M01,urban,multi_family
A011643,R09,Urban Belt,R09-M04,urban,single_family
A011644,R01,North City,R01-M04,urban,single_family
A011645,R01,North City,R01-M02,urban,multi_family
A011646,R11,Border Region,R11-M03,mixed,single_family
A011647,R02,South City,R02-M01,urban,multi_family
A011648,R10,Rural Belt,R10-M02,rural,single_family
A011649,R03,West District,R03-M02,mixed,single_family
A011650,R05,Central Region,R05-M04,urban,single_family
A011651,R08,Lake Region,R08-M03,rural,multi_family
A011652,R06,River Region,R06-M04,mixed,multi_family
A011653,R01,North City,R01-M04,urban,large_residential
A011654,R11,Border Region,R11-M03,mixed,large_residential
A011655,R02,South City,R02-M03,urban,multi_family
A011656,R09,Urban Belt,R09-M02,urban,single_family
A011657,R01,North City,R01-M03,urban,multi_family
A011658,R12,Metro Region,R12-M02,urban,multi_family
A011659,R09,Urban Belt,R09-M01,urban,large_residential
A011660,R03,West District,R03-M03,mixed,multi_family
A011661,R09,Urban Belt,R09-M02,urban,multi_family
A011662,R02,South City,R02-M04,urban,single_family
A011663,R05,Central Region,R05-M02,urban,multi_family
A011664,R04,East District,R04-M02,mixed,multi_family
A011665,R05,Central Region,R05-M04,urban,large_residential
A011666,R11,Border Region,R11-M03,mixed,multi_family
A011667,R08,Lake Region,R08-M01,rural,single_family
A011668,R12,Metro Region,R12-M04,urban,large_residential
A011669,R03,West District,R03-M02,mixed,large_residential
A011670,R09,Urban Belt,R09-M01,urban,large_residential
A011671,R11,Border Region,R11-M04,mixed,multi_family
A011672,R06,River Region,R06-M03,mixed,single_family
A011673,R03,West District,R03-M02,mixed,single_family
A011674,R12,Metro Region,R12-M02,urban,large_residential
A011675,R02,South City,R02-M02,urban,multi_family
A011676,R09,Urban Belt,R09-M02,urban,single_family
A011677,R03,West District,R03-M02,mixed,multi_family
A011678,R04,East District,R04-M01,mixed,single_family
A011679,R03,West District,R03-M01,mixed,single_family
A011680,R01,North City,R01-M01,urban,large_residential
A011681,R04,East District,R04-M04,mixed,multi_family
A011682,R09,Urban Belt,R09-M04,urban,single_family
A011683,R03,West District,R03-M03,mixed,multi_family
A011684,R05,Central Region,R05-M01,urban,large_residential
A011685,R02,South City,R02-M03,urban,multi_family
A011686,R01,North City,R01-M03,urban,large_residential
A011687,R07,Mountain Region,R07-M03,rural,single_family
A011688,R01,North City,R01-M01,urban,single_family
A011689,R05,Central Region,R05-M03,urban,multi_family
A011690,R10,Rural Belt,R10-M01,rural,single_family
A011691,R12,Metro Region,R12-M04,urban,single_family
A011692,R10,Rural Belt,R10-M01,rural,single_family
A011693,R06,River Region,R06-M03,mixed,single_family
A011694,R05,Central Region,R05-M01,urban,single_family
A011695,R05,Central Region,R05-M03,urban,multi_family
A011696,R06,River Region,R06-M04,mixed,single_family
A011697,R03,West District,R03-M02,mixed,multi_family
A011698,R04,East District,R04-M04,mixed,multi_family
A011699,R09,Urban Belt,R09-M03,urban,single_family
A011700,R05,Central Region,R05-M03,urban,multi_family
A011701,R12,Metro Region,R12-M02,urban,multi_family
A011702,R09,Urban Belt,R09-M04,urban,multi_family
A011703,R04,East District,R04-M01,mixed,multi_family
A011704,R05,Central Region,R05-M01,urban,large_residential
A011705,R05,Central Region,R05-M01,urban,single_family
A011706,R05,Central Region,R05-M04,urban,multi_family
A011707,R12,Metro Region,R12-M03,urban,single_family
A011708,R04,East District,R04-M02,mixed,single_family
A011709,R02,South City,R02-M04,urban,multi_family
A011710,R03,West District,R03-M03,mixed,large_residential
A011711,R05,Central Region,R05-M04,urban,multi_family
A011712,R10,Rural Belt,R10-M03,rural,single_family
A011713,R09,Urban Belt,R09-M04,urban,multi_family
A011714,R12,Metro Region,R12-M02,urban,large_residential
A011715,R11,Border Region,R11-M03,mixed,single_family
A011716,R02,South City,R02-M02,urban,large_residential
A011717,R07,Mountain Region,R07-M03,rural,multi_family
A011718,R03,West District,R03-M02,mixed,single_family
A011719,R12,Metro Region,R12-M04,urban,single_family
A011720,R04,East District,R04-M02,mixed,single_family
A011721,R04,East District,R04-M04,mixed,single_family
A011722,R04,East District,R04-M03,mixed,multi_family
A011723,R02,South City,R02-M02,urban,single_family
A011724,R04,East District,R04-M01,mixed,multi_family
A011725,R06,River Region,R06-M04,mixed,single_family
A011726,R06,River Region,R06-M01,mixed,multi_family
A011727,R03,West District,R03-M01,mixed,multi_family
A011728,R01,North City,R01-M02,urban,large_residential
A011729,R02,South City,R02-M03,urban,large_residential
A011730,R02,South City,R02-M01,urban,multi_family
A011731,R12,Metro Region,R12-M02,urban,single_family
A011732,R04,East District,R04-M02,mixed,single_family
A011733,R06,River Region,R06-M01,mixed,multi_family
A011734,R12,Metro Region,R12-M01,urban,multi_family
A011735,R12,Metro Region,R12-M02,urban,multi_family
A011736,R04,East District,R04-M03,mixed,single_family
A011737,R04,East District,R04-M02,mixed,single_family
A011738,R11,Border Region,R11-M01,mixed,multi_family
A011739,R10,Rural Belt,R10-M04,rural,single_family
A011740,R10,Rural Belt,R10-M01,rural,single_family
A011741,R02,South City,R02-M01,urban,single_family
A011742,R12,Metro Region,R12-M02,urban,multi_family
A011743,R07,Mountain Region,R07-M02,rural,single_family
A011744,R10,Rural Belt,R10-M02,rural,multi_family
A011745,R09,Urban Belt,R09-M01,urban,multi_family
A011746,R03,West District,R03-M03,mixed,single_family
A011747,R03,West District,R03-M03,mixed,multi_family
A011748,R11,Border Region,R11-M01,mixed,single_family
A011749,R05,Central Region,R05-M03,urban,multi_family
A011750,R05,Central Region,R05-M02,urban,large_residential
A011751,R07,Mountain Region,R07-M01,rural,single_family
A011752,R07,Mountain Region,R07-M01,rural,multi_family
A011753,R10,Rural Belt,R10-M01,rural,single_family
A011754,R06,River Region,R06-M02,mixed,single_family
A011755,R01,North City,R01-M01,urban,multi_family
A011756,R03,West District,R03-M04,mixed,single_family
A011757,R09,Urban Belt,R09-M02,urban,single_family
A011758,R05,Central Region,R05-M02,urban,multi_family
A011759,R08,Lake Region,R08-M03,rural,single_family
A011760,R02,South City,R02-M04,urban,large_residential
A011761,R01,North City,R01-M01,urban,large_residential
A011762,R06,River Region,R06-M04,mixed,multi_family
A011763,R09,Urban Belt,R09-M01,urban,single_family
A011764,R09,Urban Belt,R09-M04,urban,multi_family
A011765,R12,Metro Region,R12-M01,urban,single_family
A011766,R02,South City,R02-M03,urban,single_family
A011767,R01,North City,R01-M02,urban,multi_family
A011768,R04,East District,R04-M02,mixed,multi_family
A011769,R10,Rural Belt,R10-M03,rural,single_family
A011770,R07,Mountain Region,R07-M04,rural,single_family
A011771,R07,Mountain Region,R07-M04,rural,multi_family
A011772,R05,Central Region,R05-M02,urban,single_family
A011773,R02,South City,R02-M03,urban,single_family
A011774,R09,Urban Belt,R09-M02,urban,large_residential
A011775,R08,Lake Region,R08-M01,rural,large_residential
A011776,R02,South City,R02-M01,urban,multi_family
A011777,R06,River Region,R06-M04,mixed,single_family
A011778,R03,West District,R03-M03,mixed,multi_family
A011779,R11,Border Region,R11-M01,mixed,single_family
A011780,R06,River Region,R06-M01,mixed,single_family
A011781,R05,Central Region,R05-M03,urban,multi_family
A011782,R05,Central Region,R05-M02,urban,multi_family
A011783,R04,East District,R04-M01,mixed,large_residential
A011784,R02,South City,R02-M02,urban,multi_family
A011785,R02,South City,R02-M01,urban,multi_family
A011786,R12,Metro Region,R12-M04,urban,large_residential
A011787,R10,Rural Belt,R10-M02,rural,single_family
A011788,R01,North City,R01-M01,urban,multi_family
A011789,R05,Central Region,R05-M01,urban,multi_family
A011790,R05,Central Region,R05-M03,urban,multi_family
A011791,R06,River Region,R06-M04,mixed,multi_family
A011792,R06,River Region,R06-M04,mixed,single_family
A011793,R09,Urban Belt,R09-M04,urban,single_family
A011794,R07,Mountain Region,R07-M02,rural,multi_family
A011795,R01,North City,R01-M04,urban,single_family
A011796,R02,South City,R02-M01,urban,multi_family
A011797,R03,West District,R03-M02,mixed,single_family
A011798,R07,Mountain Region,R07-M03,rural,multi_family
A011799,R10,Rural Belt,R10-M04,rural,single_family
A011800,R02,South City,R02-M03,urban,single_family
A011801,R08,Lake Region,R08-M02,rural,single_family
A011802,R06,River Region,R06-M04,mixed,multi_family
A011803,R05,Central Region,R05-M03,urban,multi_family
A011804,R03,West District,R03-M01,mixed,multi_family
A011805,R10,Rural Belt,R10-M02,rural,single_family
A011806,R05,Central Region,R05-M01,urban,multi_family
A011807,R09,Urban Belt,R09-M01,urban,multi_family
A011808,R01,North City,R01-M04,urban,multi_family
A011809,R08,Lake Region,R08-M04,rural,single_family
A011810,R06,River Region,R06-M04,mixed,multi_family
A011811,R01,North City,R01-M03,urban,large_residential
A011812,R06,River Region,R06-M03,mixed,single_family
A011813,R06,River Region,R06-M03,mixed,single_family
A011814,R03,West District,R03-M03,mixed,multi_family
A011815,R02,South City,R02-M02,urban,single_family
A011816,R05,Central Region,R05-M02,urban,multi_family
A011817,R03,West District,R03-M03,mixed,single_family
A011818,R04,East District,R04-M01,mixed,multi_family
A011819,R02,South City,R02-M03,urban,multi_family
A011820,R05,Central Region,R05-M02,urban,multi_family
A011821,R10,Rural Belt,R10-M02,rural,large_residential
A011822,R06,River Region,R06-M04,mixed,multi_family
A011823,R06,River Region,R06-M01,mixed,multi_family
A011824,R05,Central Region,R05-M04,urban,multi_family
A011825,R01,North City,R01-M02,urban,single_family
A011826,R08,Lake Region,R08-M03,rural,large_residential
A011827,R03,West District,R03-M01,mixed,large_residential
A011828,R01,North City,R01-M04,urban,multi_family
A011829,R06,River Region,R06-M02,mixed,single_family
A011830,R01,North City,R01-M01,urban,large_residential
A011831,R04,East District,R04-M02,mixed,large_residential
A011832,R05,Central Region,R05-M04,urban,single_family
A011833,R07,Mountain Region,R07-M04,rural,single_family
A011834,R06,River Region,R06-M04,mixed,multi_family
A011835,R04,East District,R04-M03,mixed,single_family
A011836,R02,South City,R02-M01,urban,multi_family
A011837,R02,South City,R02-M04,urban,single_family
A011838,R11,Border Region,R11-M04,mixed,single_family
A011839,R01,North City,R01-M04,urban,multi_family
A011840,R09,Urban Belt,R09-M04,urban,single_family
A011841,R10,Rural Belt,R10-M03,rural,single_family
A011842,R02,South City,R02-M01,urban,multi_family
A011843,R01,North City,R01-M02,urban,multi_family
A011844,R08,Lake Region,R08-M03,rural,multi_family
A011845,R04,East District,R04-M01,mixed,single_family
A011846,R10,Rural Belt,R10-M02,rural,multi_family
A011847,R12,Metro Region,R12-M01,urban,single_family
A011848,R12,Metro Region,R12-M04,urban,large_residential
A011849,R09,Urban Belt,R09-M04,urban,multi_family
A011850,R02,South City,R02-M04,urban,multi_family
A011851,R05,Central Region,R05-M01,urban,large_residential
A011852,R07,Mountain Region,R07-M03,rural,single_family
A011853,R01,North City,R01-M03,urban,large_residential
A011854,R02,South City,R02-M04,urban,single_family
A011855,R09,Urban Belt,R09-M01,urban,single_family
A011856,R09,Urban Belt,R09-M02,urban,multi_family
A011857,R12,Metro Region,R12-M01,urban,large_residential
A011858,R01,North City,R01-M04,urban,multi_family
A011859,R10,Rural Belt,R10-M02,rural,single_family
A011860,R12,Metro Region,R12-M01,urban,large_residential
A011861,R01,North City,R01-M02,urban,large_residential
A011862,R05,Central Region,R05-M04,urban,single_family
A011863,R07,Mountain Region,R07-M03,rural,multi_family
A011864,R01,North City,R01-M01,urban,large_residential
A011865,R02,South City,R02-M01,urban,large_residential
A011866,R02,South City,R02-M01,urban,large_residential
A011867,R06,River Region,R06-M03,mixed,single_family
A011868,R02,South City,R02-M04,urban,large_residential
A011869,R07,Mountain Region,R07-M04,rural,multi_family
A011870,R07,Mountain Region,R07-M03,rural,single_family
A011871,R11,Border Region,R11-M03,mixed,single_family
A011872,R09,Urban Belt,R09-M03,urban,multi_family
A011873,R09,Urban Belt,R09-M02,urban,multi_family
A011874,R09,Urban Belt,R09-M01,urban,multi_family
A011875,R01,North City,R01-M01,urban,multi_family
A011876,R04,East District,R04-M02,mixed,large_residential
A011877,R09,Urban Belt,R09-M04,urban,multi_family
A011878,R12,Metro Region,R12-M01,urban,multi_family
A011879,R08,Lake Region,R08-M01,rural,multi_family
A011880,R01,North City,R01-M04,urban,multi_family
A011881,R10,Rural Belt,R10-M02,rural,single_family
A011882,R01,North City,R01-M03,urban,single_family
A011883,R01,North City,R01-M02,urban,multi_family
A011884,R02,South City,R02-M01,urban,large_residential
A011885,R10,Rural Belt,R10-M02,rural,single_family
A011886,R09,Urban Belt,R09-M04,urban,multi_family
A011887,R09,Urban Belt,R09-M02,urban,single_family
A011888,R10,Rural Belt,R10-M03,rural,single_family
A011889,R01,North City,R01-M03,urban,multi_family
A011890,R04,East District,R04-M03,mixed,multi_family
A011891,R04,East District,R04-M01,mixed,multi_family
A011892,R02,South City,R02-M03,urban,multi_family
A011893,R07,Mountain Region,R07-M03,rural,single_family
A011894,R05,Central Region,R05-M04,urban,single_family
A011895,R08,Lake Region,R08-M04,rural,single_family
A011896,R12,Metro Region,R12-M01,urban,multi_family
A011897,R10,Rural Belt,R10-M01,rural,single_family
A011898,R10,Rural Belt,R10-M02,rural,multi_family
A011899,R01,North City,R01-M03,urban,single_family
A011900,R07,Mountain Region,R07-M03,rural,single_family
A011901,R02,South City,R02-M02,urban,large_residential
A011902,R08,Lake Region,R08-M03,rural,single_family
A011903,R02,South City,R02-M04,urban,multi_family
A011904,R09,Urban Belt,R09-M02,urban,large_residential
A011905,R01,North City,R01-M03,urban,multi_family
A011906,R07,Mountain Region,R07-M02,rural,multi_family
A011907,R05,Central Region,R05-M02,urban,single_family
A011908,R02,South City,R02-M03,urban,single_family
A011909,R01,North City,R01-M03,urban,single_family
A011910,R01,North City,R01-M03,urban,multi_family
A011911,R09,Urban Belt,R09-M04,urban,multi_family
A011912,R02,South City,R02-M01,urban,single_family
A011913,R06,River Region,R06-M03,mixed,multi_family
A011914,R01,North City,R01-M03,urban,multi_family
A011915,R10,Rural Belt,R10-M03,rural,single_family
A011916,R01,North City,R01-M04,urban,single_family
A011917,R09,Urban Belt,R09-M02,urban,large_residential
A011918,R01,North City,R01-M03,urban,large_residential
A011919,R02,South City,R02-M04,urban,multi_family
A011920,R02,South City,R02-M01,urban,single_family
A011921,R05,Central Region,R05-M01,urban,multi_family
A011922,R09,Urban Belt,R09-M03,urban,single_family
A011923,R12,Metro Region,R12-M01,urban,multi_family
A011924,R04,East District,R04-M02,mixed,single_family
A011925,R01,North City,R01-M02,urban,large_residential
A011926,R05,Central Region,R05-M03,urban,multi_family
A011927,R05,Central Region,R05-M03,urban,single_family
A011928,R09,Urban Belt,R09-M03,urban,single_family
A011929,R12,Metro Region,R12-M01,urban,single_family
A011930,R01,North City,R01-M03,urban,single_family
A011931,R08,Lake Region,R08-M01,rural,multi_family
A011932,R08,Lake Region,R08-M02,rural,single_family
A011933,R10,Rural Belt,R10-M01,rural,single_family
A011934,R01,North City,R01-M03,urban,single_family
A011935,R08,Lake Region,R08-M04,rural,single_family
A011936,R09,Urban Belt,R09-M03,urban,multi_family
A011937,R01,North City,R01-M02,urban,multi_family
A011938,R01,North City,R01-M02,urban,multi_family
A011939,R01,North City,R01-M02,urban,single_family
A011940,R10,Rural Belt,R10-M04,rural,single_family
A011941,R09,Urban Belt,R09-M02,urban,multi_family
A011942,R11,Border Region,R11-M04,mixed,single_family
A011943,R03,West District,R03-M01,mixed,single_family
A011944,R02,South City,R02-M03,urban,single_family
A011945,R09,Urban Belt,R09-M03,urban,multi_family
A011946,R03,West District,R03-M03,mixed,single_family
A011947,R01,North City,R01-M03,urban,single_family
A011948,R12,Metro Region,R12-M04,urban,multi_family
A011949,R04,East District,R04-M03,mixed,single_family
A011950,R10,Rural Belt,R10-M03,rural,single_family
A011951,R12,Metro Region,R12-M04,urban,multi_family
A011952,R05,Central Region,R05-M02,urban,multi_family
A011953,R11,Border Region,R11-M02,mixed,single_family
A011954,R06,River Region,R06-M01,mixed,multi_family
A011955,R01,North City,R01-M03,urban,multi_family
A011956,R10,Rural Belt,R10-M04,rural,single_family
A011957,R05,Central Region,R05-M02,urban,single_family
A011958,R04,East District,R04-M01,mixed,multi_family
A011959,R03,West District,R03-M04,mixed,single_family
A011960,R01,North City,R01-M03,urban,multi_family
A011961,R05,Central Region,R05-M04,urban,multi_family
A011962,R09,Urban Belt,R09-M03,urban,multi_family
A011963,R09,Urban Belt,R09-M02,urban,multi_family
A011964,R06,River Region,R06-M03,mixed,single_family
A011965,R03,West District,R03-M01,mixed,multi_family
A011966,R12,Metro Region,R12-M01,urban,multi_family
A011967,R11,Border Region,R11-M02,mixed,large_residential
A011968,R01,North City,R01-M03,urban,multi_family
A011969,R09,Urban Belt,R09-M01,urban,multi_family
A011970,R05,Central Region,R05-M02,urban,single_family
A011971,R02,South City,R02-M03,urban,single_family
A011972,R10,Rural Belt,R10-M03,rural,single_family
A011973,R09,Urban Belt,R09-M04,urban,large_residential
A011974,R01,North City,R01-M01,urban,single_family
A011975,R06,River Region,R06-M04,mixed,large_residential
A011976,R05,Central Region,R05-M02,urban,large_residential
A011977,R03,West District,R03-M04,mixed,multi_family
A011978,R03,West District,R03-M02,mixed,large_residential
A011979,R01,North City,R01-M01,urban,multi_family
A011980,R05,Central Region,R05-M01,urban,large_residential
A011981,R03,West District,R03-M02,mixed,large_residential
A011982,R09,Urban Belt,R09-M02,urban,single_family
A011983,R06,River Region,R06-M02,mixed,single_family
A011984,R08,Lake Region,R08-M03,rural,single_family
A011985,R05,Central Region,R05-M01,urban,multi_family
A011986,R06,River Region,R06-M04,mixed,single_family
A011987,R09,Urban Belt,R09-M01,urban,multi_family
A011988,R12,Metro Region,R12-M01,urban,large_residential
A011989,R12,Metro Region,R12-M01,urban,multi_family
A011990,R10,Rural Belt,R10-M01,rural,multi_family
A011991,R05,Central Region,R05-M02,urban,large_residential
A011992,R03,West District,R03-M01,mixed,single_family
A011993,R11,Border Region,R11-M01,mixed,single_family
A011994,R07,Mountain Region,R07-M03,rural,single_family
A011995,R12,Metro Region,R12-M01,urban,multi_family
A011996,R02,South City,R02-M04,urban,multi_family
A011997,R02,South City,R02-M02,urban,multi_family
A011998,R09,Urban Belt,R09-M01,urban,large_residential
A011999,R05,Central Region,R05-M03,urban,multi_family
A012000,R05,Central Region,R05-M03,urban,multi_family
A012001,R06,River Region,R06-M03,mixed,multi_family
A012002,R03,West District,R03-M01,mixed,single_family
A012003,R10,Rural Belt,R10-M01,rural,single_family
A012004,R03,West District,R03-M04,mixed,multi_family
A012005,R01,North City,R01-M03,urban,multi_family
A012006,R02,South City,R02-M01,urban,single_family
A012007,R05,Central Region,R05-M03,urban,large_residential
A012008,R01,North City,R01-M01,urban,multi_family
A012009,R09,Urban Belt,R09-M04,urban,single_family
A012010,R06,River Region,R06-M03,mixed,multi_family
A012011,R03,West District,R03-M02,mixed,multi_family
A012012,R06,River Region,R06-M01,mixed,multi_family
A012013,R03,West District,R03-M02,mixed,single_family
A012014,R11,Border Region,R11-M04,mixed,multi_family
A012015,R01,North City,R01-M01,urban,single_family
A012016,R04,East District,R04-M01,mixed,multi_family
A012017,R12,Metro Region,R12-M01,urban,multi_family
A012018,R07,Mountain Region,R07-M03,rural,multi_family
A012019,R10,Rural Belt,R10-M04,rural,multi_family
A012020,R12,Metro Region,R12-M01,urban,large_residential
A012021,R05,Central Region,R05-M04,urban,multi_family
A012022,R02,South City,R02-M01,urban,multi_family
A012023,R01,North City,R01-M03,urban,single_family
A012024,R08,Lake Region,R08-M01,rural,single_family
A012025,R02,South City,R02-M04,urban,large_residential
A012026,R12,Metro Region,R12-M02,urban,large_residential
A012027,R02,South City,R02-M03,urban,multi_family
A012028,R11,Border Region,R11-M01,mixed,multi_family
A012029,R12,Metro Region,R12-M01,urban,large_residential
A012030,R06,River Region,R06-M01,mixed,multi_family
A012031,R07,Mountain Region,R07-M02,rural,multi_family
A012032,R04,East District,R04-M03,mixed,multi_family
A012033,R11,Border Region,R11-M01,mixed,multi_family
A012034,R08,Lake Region,R08-M02,rural,single_family
A012035,R02,South City,R02-M02,urban,multi_family
A012036,R04,East District,R04-M04,mixed,multi_family
A012037,R02,South City,R02-M01,urban,multi_family
A012038,R12,Metro Region,R12-M04,urban,multi_family
A012039,R05,Central Region,R05-M02,urban,single_family
A012040,R09,Urban Belt,R09-M04,urban,multi_family
A012041,R11,Border Region,R11-M04,mixed,single_family
A012042,R04,East District,R04-M03,mixed,multi_family
A012043,R12,Metro Region,R12-M02,urban,multi_family
A012044,R08,Lake Region,R08-M02,rural,single_family
A012045,R06,River Region,R06-M02,mixed,multi_family
A012046,R10,Rural Belt,R10-M01,rural,single_family
A012047,R05,Central Region,R05-M03,urban,multi_family
A012048,R01,North City,R01-M01,urban,large_residential
A012049,R05,Central Region,R05-M03,urban,large_residential
A012050,R05,Central Region,R05-M02,urban,multi_family
A012051,R03,West District,R03-M03,mixed,multi_family
A012052,R02,South City,R02-M02,urban,multi_family
A012053,R04,East District,R04-M03,mixed,multi_family
A012054,R11,Border Region,R11-M04,mixed,multi_family
A012055,R05,Central Region,R05-M01,urban,large_residential
A012056,R05,Central Region,R05-M02,urban,multi_family
A012057,R09,Urban Belt,R09-M02,urban,multi_family
A012058,R10,Rural Belt,R10-M02,rural,single_family
A012059,R06,River Region,R06-M03,mixed,multi_family
A012060,R01,North City,R01-M02,urban,multi_family
A012061,R06,River Region,R06-M01,mixed,large_residential
A012062,R03,West District,R03-M02,mixed,single_family
A012063,R08,Lake Region,R08-M03,rural,single_family
A012064,R03,West District,R03-M03,mixed,multi_family
A012065,R08,Lake Region,R08-M03,rural,single_family
A012066,R02,South City,R02-M02,urban,multi_family
A012067,R07,Mountain Region,R07-M01,rural,single_family
A012068,R05,Central Region,R05-M04,urban,multi_family
A012069,R05,Central Region,R05-M03,urban,multi_family
A012070,R09,Urban Belt,R09-M04,urban,large_residential
A012071,R10,Rural Belt,R10-M04,rural,single_family
A012072,R07,Mountain Region,R07-M03,rural,multi_family
A012073,R12,Metro Region,R12-M02,urban,single_family
A012074,R12,Metro Region,R12-M03,urban,large_residential
A012075,R10,Rural Belt,R10-M02,rural,single_family
A012076,R10,Rural Belt,R10-M04,rural,single_family
A012077,R01,North City,R01-M03,urban,single_family
A012078,R03,West District,R03-M03,mixed,multi_family
A012079,R04,East District,R04-M01,mixed,single_family
A012080,R07,Mountain Region,R07-M04,rural,single_family
A012081,R04,East District,R04-M03,mixed,single_family
A012082,R09,Urban Belt,R09-M04,urban,multi_family
A012083,R03,West District,R03-M01,mixed,large_residential
A012084,R06,River Region,R06-M04,mixed,large_residential
A012085,R01,North City,R01-M01,urban,single_family
A012086,R10,Rural Belt,R10-M02,rural,single_family
A012087,R03,West District,R03-M04,mixed,multi_family
A012088,R11,Border Region,R11-M04,mixed,large_residential
A012089,R12,Metro Region,R12-M03,urban,large_residential
A012090,R06,River Region,R06-M02,mixed,large_residential
A012091,R09,Urban Belt,R09-M04,urban,single_family
A012092,R01,North City,R01-M01,urban,multi_family
A012093,R03,West District,R03-M03,mixed,single_family
A012094,R01,North City,R01-M01,urban,single_family
A012095,R05,Central Region,R05-M01,urban,single_family
A012096,R12,Metro Region,R12-M04,urban,single_family
A012097,R09,Urban Belt,R09-M01,urban,multi_family
A012098,R12,Metro Region,R12-M01,urban,multi_family
A012099,R01,North City,R01-M03,urban,multi_family
A012100,R02,South City,R02-M04,urban,multi_family
A012101,R10,Rural Belt,R10-M01,rural,single_family
A012102,R09,Urban Belt,R09-M02,urban,large_residential
A012103,R04,East District,R04-M03,mixed,multi_family
A012104,R03,West District,R03-M01,mixed,large_residential
A012105,R04,East District,R04-M02,mixed,large_residential
A012106,R03,West District,R03-M02,mixed,multi_family
A012107,R11,Border Region,R11-M03,mixed,single_family
A012108,R11,Border Region,R11-M01,mixed,single_family
A012109,R05,Central Region,R05-M03,urban,single_family
A012110,R03,West District,R03-M04,mixed,single_family
A012111,R03,West District,R03-M03,mixed,multi_family
A012112,R01,North City,R01-M01,urban,multi_family
A012113,R09,Urban Belt,R09-M03,urban,multi_family
A012114,R10,Rural Belt,R10-M02,rural,multi_family
A012115,R04,East District,R04-M03,mixed,multi_family
A012116,R01,North City,R01-M04,urban,multi_family
A012117,R09,Urban Belt,R09-M02,urban,large_residential
A012118,R04,East District,R04-M04,mixed,multi_family
A012119,R12,Metro Region,R12-M04,urban,large_residential
A012120,R05,Central Region,R05-M03,urban,large_residential
A012121,R01,North City,R01-M04,urban,large_residential
A012122,R12,Metro Region,R12-M02,urban,multi_family
A012123,R02,South City,R02-M04,urban,single_family
A012124,R02,South City,R02-M03,urban,multi_family
A012125,R05,Central Region,R05-M04,urban,multi_family
A012126,R05,Central Region,R05-M03,urban,multi_family
A012127,R09,Urban Belt,R09-M02,urban,multi_family
A012128,R03,West District,R03-M03,mixed,large_residential
A012129,R09,Urban Belt,R09-M04,urban,multi_family
A012130,R02,South City,R02-M03,urban,single_family
A012131,R06,River Region,R06-M03,mixed,single_family
A012132,R09,Urban Belt,R09-M03,urban,multi_family
A012133,R09,Urban Belt,R09-M01,urban,multi_family
A012134,R03,West District,R03-M03,mixed,single_family
A012135,R02,South City,R02-M01,urban,single_family
A012136,R09,Urban Belt,R09-M01,urban,multi_family
A012137,R12,Metro Region,R12-M03,urban,multi_family
A012138,R01,North City,R01-M01,urban,multi_family
A012139,R12,Metro Region,R12-M01,urban,single_family
A012140,R01,North City,R01-M02,urban,multi_family
A012141,R05,Central Region,R05-M04,urban,multi_family
A012142,R01,North City,R01-M02,urban,multi_family
A012143,R03,West District,R03-M01,mixed,single_family
A012144,R09,Urban Belt,R09-M02,urban,multi_family
A012145,R06,River Region,R06-M03,mixed,single_family
A012146,R01,North City,R01-M03,urban,multi_family
A012147,R04,East District,R04-M01,mixed,single_family
A012148,R06,River Region,R06-M03,mixed,single_family
A012149,R06,River Region,R06-M01,mixed,single_family
A012150,R01,North City,R01-M03,urban,multi_family
A012151,R04,East District,R04-M03,mixed,large_residential
A012152,R07,Mountain Region,R07-M04,rural,single_family
A012153,R07,Mountain Region,R07-M02,rural,single_family
A012154,R05,Central Region,R05-M03,urban,multi_family
A012155,R03,West District,R03-M03,mixed,multi_family
A012156,R09,Urban Belt,R09-M03,urban,single_family
A012157,R04,East District,R04-M01,mixed,multi_family
A012158,R06,River Region,R06-M02,mixed,multi_family
A012159,R10,Rural Belt,R10-M01,rural,multi_family
A012160,R08,Lake Region,R08-M02,rural,single_family
A012161,R05,Central Region,R05-M01,urban,large_residential
A012162,R01,North City,R01-M02,urban,multi_family
A012163,R03,West District,R03-M04,mixed,multi_family
A012164,R03,West District,R03-M03,mixed,multi_family
A012165,R01,North City,R01-M01,urban,multi_family
A012166,R01,North City,R01-M01,urban,single_family
A012167,R10,Rural Belt,R10-M01,rural,single_family
A012168,R01,North City,R01-M03,urban,multi_family
A012169,R04,East District,R04-M01,mixed,multi_family
A012170,R02,South City,R02-M04,urban,multi_family
A012171,R05,Central Region,R05-M01,urban,multi_family
A012172,R05,Central Region,R05-M02,urban,large_residential
A012173,R01,North City,R01-M02,urban,multi_family
A012174,R12,Metro Region,R12-M04,urban,single_family
A012175,R08,Lake Region,R08-M01,rural,single_family
A012176,R09,Urban Belt,R09-M03,urban,multi_family
A012177,R01,North City,R01-M04,urban,multi_family
A012178,R07,Mountain Region,R07-M02,rural,single_family
A012179,R06,River Region,R06-M01,mixed,multi_family
A012180,R01,North City,R01-M02,urban,multi_family
A012181,R06,River Region,R06-M02,mixed,single_family
A012182,R09,Urban Belt,R09-M02,urban,multi_family
A012183,R09,Urban Belt,R09-M03,urban,large_residential
A012184,R02,South City,R02-M03,urban,multi_family
A012185,R06,River Region,R06-M01,mixed,large_residential
A012186,R03,West District,R03-M02,mixed,large_residential
A012187,R07,Mountain Region,R07-M03,rural,multi_family
A012188,R01,North City,R01-M03,urban,multi_family
A012189,R10,Rural Belt,R10-M02,rural,single_family
A012190,R10,Rural Belt,R10-M03,rural,single_family
A012191,R06,River Region,R06-M04,mixed,multi_family
A012192,R07,Mountain Region,R07-M04,rural,multi_family
A012193,R05,Central Region,R05-M01,urban,multi_family
A012194,R08,Lake Region,R08-M02,rural,single_family
A012195,R06,River Region,R06-M01,mixed,multi_family
A012196,R05,Central Region,R05-M03,urban,multi_family
A012197,R05,Central Region,R05-M02,urban,large_residential
A012198,R04,East District,R04-M01,mixed,single_family
A012199,R08,Lake Region,R08-M01,rural,single_family
A012200,R09,Urban Belt,R09-M02,urban,large_residential
A012201,R03,West District,R03-M04,mixed,multi_family
A012202,R05,Central Region,R05-M02,urban,multi_family
A012203,R04,East District,R04-M04,mixed,multi_family
A012204,R06,River Region,R06-M04,mixed,single_family
A012205,R04,East District,R04-M02,mixed,multi_family
A012206,R03,West District,R03-M04,mixed,multi_family
A012207,R09,Urban Belt,R09-M03,urban,multi_family
A012208,R07,Mountain Region,R07-M04,rural,single_family
A012209,R10,Rural Belt,R10-M04,rural,single_family
A012210,R03,West District,R03-M03,mixed,multi_family
A012211,R02,South City,R02-M02,urban,multi_family
A012212,R03,West District,R03-M04,mixed,large_residential
A012213,R08,Lake Region,R08-M02,rural,single_family
A012214,R07,Mountain Region,R07-M04,rural,multi_family
A012215,R03,West District,R03-M04,mixed,multi_family
A012216,R06,River Region,R06-M02,mixed,large_residential
A012217,R08,Lake Region,R08-M02,rural,single_family
A012218,R05,Central Region,R05-M02,urban,single_family
A012219,R01,North City,R01-M02,urban,large_residential
A012220,R11,Border Region,R11-M03,mixed,single_family
A012221,R02,South City,R02-M01,urban,single_family
A012222,R09,Urban Belt,R09-M03,urban,single_family
A012223,R12,Metro Region,R12-M02,urban,multi_family
A012224,R11,Border Region,R11-M02,mixed,single_family
A012225,R09,Urban Belt,R09-M01,urban,multi_family
A012226,R04,East District,R04-M04,mixed,single_family
A012227,R02,South City,R02-M01,urban,multi_family
A012228,R01,North City,R01-M02,urban,multi_family
A012229,R05,Central Region,R05-M04,urban,large_residential
A012230,R11,Border Region,R11-M04,mixed,multi_family
A012231,R07,Mountain Region,R07-M02,rural,single_family
A012232,R04,East District,R04-M02,mixed,large_residential
A012233,R05,Central Region,R05-M03,urban,single_family
A012234,R10,Rural Belt,R10-M03,rural,multi_family
A012235,R09,Urban Belt,R09-M01,urban,multi_family
A012236,R06,River Region,R06-M03,mixed,single_family
A012237,R03,West District,R03-M01,mixed,single_family
A012238,R08,Lake Region,R08-M01,rural,single_family
A012239,R12,Metro Region,R12-M01,urban,multi_family
A012240,R07,Mountain Region,R07-M02,rural,single_family
A012241,R03,West District,R03-M02,mixed,multi_family
A012242,R05,Central Region,R05-M02,urban,single_family
A012243,R12,Metro Region,R12-M04,urban,multi_family
A012244,R04,East District,R04-M02,mixed,multi_family
A012245,R06,River Region,R06-M01,mixed,multi_family
A012246,R07,Mountain Region,R07-M01,rural,multi_family
A012247,R04,East District,R04-M02,mixed,single_family
A012248,R01,North City,R01-M02,urban,single_family
A012249,R06,River Region,R06-M01,mixed,single_family
A012250,R12,Metro Region,R12-M02,urban,large_residential
A012251,R09,Urban Belt,R09-M01,urban,single_family
A012252,R01,North City,R01-M01,urban,large_residential
A012253,R02,South City,R02-M03,urban,multi_family
A012254,R01,North City,R01-M02,urban,multi_family
A012255,R05,Central Region,R05-M01,urban,single_family
A012256,R10,Rural Belt,R10-M01,rural,single_family
A012257,R02,South City,R02-M04,urban,single_family
A012258,R01,North City,R01-M01,urban,multi_family
A012259,R01,North City,R01-M03,urban,multi_family
A012260,R02,South City,R02-M03,urban,multi_family
A012261,R05,Central Region,R05-M02,urban,single_family
A012262,R05,Central Region,R05-M01,urban,multi_family
A012263,R09,Urban Belt,R09-M02,urban,multi_family
A012264,R04,East District,R04-M01,mixed,single_family
A012265,R12,Metro Region,R12-M04,urban,single_family
A012266,R02,South City,R02-M03,urban,single_family
A012267,R01,North City,R01-M02,urban,multi_family
A012268,R09,Urban Belt,R09-M01,urban,multi_family
A012269,R12,Metro Region,R12-M03,urban,multi_family
A012270,R03,West District,R03-M02,mixed,multi_family
A012271,R10,Rural Belt,R10-M03,rural,single_family
A012272,R02,South City,R02-M03,urban,multi_family
A012273,R10,Rural Belt,R10-M04,rural,multi_family
A012274,R07,Mountain Region,R07-M02,rural,multi_family
A012275,R01,North City,R01-M01,urban,multi_family
A012276,R01,North City,R01-M01,urban,multi_family
A012277,R10,Rural Belt,R10-M02,rural,single_family
A012278,R03,West District,R03-M03,mixed,single_family
A012279,R05,Central Region,R05-M03,urban,multi_family
A012280,R10,Rural Belt,R10-M03,rural,multi_family
A012281,R02,South City,R02-M02,urban,multi_family
A012282,R12,Metro Region,R12-M02,urban,multi_family
A012283,R05,Central Region,R05-M01,urban,multi_family
A012284,R10,Rural Belt,R10-M03,rural,single_family
A012285,R01,North City,R01-M02,urban,multi_family
A012286,R04,East District,R04-M02,mixed,large_residential
A012287,R06,River Region,R06-M03,mixed,multi_family
A012288,R12,Metro Region,R12-M02,urban,single_family
A012289,R12,Metro Region,R12-M03,urban,large_residential
A012290,R02,South City,R02-M02,urban,multi_family
A012291,R02,South City,R02-M01,urban,single_family
A012292,R06,River Region,R06-M01,mixed,single_family
A012293,R10,Rural Belt,R10-M02,rural,single_family
A012294,R08,Lake Region,R08-M03,rural,single_family
A012295,R03,West District,R03-M01,mixed,multi_family
A012296,R03,West District,R03-M01,mixed,single_family
A012297,R12,Metro Region,R12-M03,urban,multi_family
A012298,R01,North City,R01-M01,urban,single_family
A012299,R08,Lake Region,R08-M02,rural,single_family
A012300,R10,Rural Belt,R10-M03,rural,single_family
A012301,R10,Rural Belt,R10-M01,rural,single_family
A012302,R01,North City,R01-M01,urban,single_family
A012303,R05,Central Region,R05-M01,urban,multi_family
A012304,R04,East District,R04-M02,mixed,single_family
A012305,R09,Urban Belt,R09-M03,urban,single_family
A012306,R04,East District,R04-M03,mixed,single_family
A012307,R04,East District,R04-M03,mixed,single_family
A012308,R05,Central Region,R05-M04,urban,multi_family
A012309,R01,North City,R01-M04,urban,multi_family
A012310,R01,North City,R01-M03,urban,multi_family
A012311,R04,East District,R04-M01,mixed,large_residential
A012312,R12,Metro Region,R12-M03,urban,multi_family
A012313,R04,East District,R04-M01,mixed,multi_family
A012314,R06,River Region,R06-M01,mixed,single_family
A012315,R05,Central Region,R05-M03,urban,single_family
A012316,R12,Metro Region,R12-M03,urban,multi_family
A012317,R10,Rural Belt,R10-M01,rural,single_family
A012318,R08,Lake Region,R08-M04,rural,single_family
A012319,R06,River Region,R06-M01,mixed,multi_family
A012320,R07,Mountain Region,R07-M04,rural,single_family
A012321,R07,Mountain Region,R07-M02,rural,multi_family
A012322,R10,Rural Belt,R10-M04,rural,single_family
A012323,R08,Lake Region,R08-M02,rural,single_family
A012324,R02,South City,R02-M01,urban,single_family
A012325,R01,North City,R01-M01,urban,multi_family
A012326,R05,Central Region,R05-M03,urban,multi_family
A012327,R01,North City,R01-M04,urban,large_residential
A012328,R03,West District,R03-M03,mixed,single_family
A012329,R09,Urban Belt,R09-M01,urban,multi_family
A012330,R04,East District,R04-M03,mixed,multi_family
A012331,R04,East District,R04-M01,mixed,single_family
A012332,R02,South City,R02-M04,urban,multi_family
A012333,R05,Central Region,R05-M03,urban,large_residential
A012334,R02,South City,R02-M03,urban,multi_family
A012335,R11,Border Region,R11-M02,mixed,multi_family
A012336,R01,North City,R01-M04,urban,large_residential
A012337,R09,Urban Belt,R09-M02,urban,multi_family
A012338,R11,Border Region,R11-M02,mixed,large_residential
A012339,R05,Central Region,R05-M02,urban,multi_family
A012340,R09,Urban Belt,R09-M03,urban,large_residential
A012341,R09,Urban Belt,R09-M04,urban,large_residential
A012342,R05,Central Region,R05-M01,urban,single_family
A012343,R10,Rural Belt,R10-M03,rural,multi_family
A012344,R08,Lake Region,R08-M02,rural,single_family
A012345,R06,River Region,R06-M01,mixed,large_residential
A012346,R01,North City,R01-M01,urban,multi_family
A012347,R10,Rural Belt,R10-M02,rural,single_family
A012348,R02,South City,R02-M04,urban,multi_family
A012349,R08,Lake Region,R08-M02,rural,single_family
A012350,R11,Border Region,R11-M02,mixed,single_family
A012351,R04,East District,R04-M01,mixed,multi_family
A012352,R06,River Region,R06-M04,mixed,multi_family
A012353,R10,Rural Belt,R10-M01,rural,single_family
A012354,R10,Rural Belt,R10-M01,rural,single_family
A012355,R12,Metro Region,R12-M03,urban,single_family
A012356,R09,Urban Belt,R09-M02,urban,single_family
A012357,R03,West District,R03-M04,mixed,multi_family
A012358,R12,Metro Region,R12-M04,urban,multi_family
A012359,R11,Border Region,R11-M01,mixed,single_family
A012360,R02,South City,R02-M01,urban,large_residential
A012361,R09,Urban Belt,R09-M04,urban,multi_family
A012362,R09,Urban Belt,R09-M03,urban,multi_family
A012363,R07,Mountain Region,R07-M02,rural,single_family
A012364,R09,Urban Belt,R09-M04,urban,single_family
A012365,R01,North City,R01-M03,urban,multi_family
A012366,R10,Rural Belt,R10-M01,rural,single_family
A012367,R06,River Region,R06-M02,mixed,single_family
A012368,R03,West District,R03-M02,mixed,large_residential
A012369,R03,West District,R03-M04,mixed,single_family
A012370,R11,Border Region,R11-M01,mixed,single_family
A012371,R01,North City,R01-M02,urban,multi_family
A012372,R09,Urban Belt,R09-M01,urban,multi_family
A012373,R11,Border Region,R11-M04,mixed,single_family
A012374,R08,Lake Region,R08-M02,rural,single_family
A012375,R07,Mountain Region,R07-M01,rural,multi_family
A012376,R11,Border Region,R11-M04,mixed,single_family
A012377,R12,Metro Region,R12-M01,urban,large_residential
A012378,R08,Lake Region,R08-M04,rural,single_family
A012379,R06,River Region,R06-M03,mixed,single_family
A012380,R08,Lake Region,R08-M02,rural,single_family
A012381,R10,Rural Belt,R10-M03,rural,multi_family
A012382,R02,South City,R02-M02,urban,multi_family
A012383,R01,North City,R01-M01,urban,single_family
A012384,R05,Central Region,R05-M04,urban,large_residential
A012385,R04,East District,R04-M03,mixed,multi_family
A012386,R12,Metro Region,R12-M03,urban,multi_family
A012387,R12,Metro Region,R12-M04,urban,large_residential
A012388,R02,South City,R02-M04,urban,single_family
A012389,R03,West District,R03-M04,mixed,large_residential
A012390,R11,Border Region,R11-M02,mixed,multi_family
A012391,R01,North City,R01-M02,urban,multi_family
A012392,R09,Urban Belt,R09-M04,urban,large_residential
A012393,R12,Metro Region,R12-M01,urban,single_family
A012394,R04,East District,R04-M02,mixed,single_family
A012395,R12,Metro Region,R12-M03,urban,multi_family
A012396,R06,River Region,R06-M04,mixed,multi_family
A012397,R11,Border Region,R11-M02,mixed,multi_family
A012398,R11,Border Region,R11-M03,mixed,single_family
A012399,R02,South City,R02-M03,urban,single_family
A012400,R12,Metro Region,R12-M01,urban,single_family
A012401,R06,River Region,R06-M03,mixed,large_residential
A012402,R07,Mountain Region,R07-M01,rural,single_family
A012403,R05,Central Region,R05-M02,urban,single_family
A012404,R06,River Region,R06-M02,mixed,multi_family
A012405,R03,West District,R03-M03,mixed,single_family
A012406,R05,Central Region,R05-M01,urban,single_family
A012407,R06,River Region,R06-M01,mixed,multi_family
A012408,R01,North City,R01-M02,urban,multi_family
A012409,R02,South City,R02-M03,urban,multi_family
A012410,R12,Metro Region,R12-M01,urban,multi_family
A012411,R09,Urban Belt,R09-M01,urban,multi_family
A012412,R06,River Region,R06-M02,mixed,single_family
A012413,R07,Mountain Region,R07-M01,rural,single_family
A012414,R02,South City,R02-M03,urban,multi_family
A012415,R03,West District,R03-M01,mixed,single_family
A012416,R10,Rural Belt,R10-M01,rural,single_family
A012417,R01,North City,R01-M04,urban,multi_family
A012418,R12,Metro Region,R12-M04,urban,large_residential
A012419,R02,South City,R02-M03,urban,single_family
A012420,R10,Rural Belt,R10-M03,rural,single_family
A012421,R06,River Region,R06-M04,mixed,multi_family
A012422,R05,Central Region,R05-M02,urban,single_family
A012423,R05,Central Region,R05-M01,urban,multi_family
A012424,R05,Central Region,R05-M03,urban,large_residential
A012425,R02,South City,R02-M03,urban,single_family
A012426,R02,South City,R02-M02,urban,large_residential
A012427,R08,Lake Region,R08-M03,rural,large_residential
A012428,R09,Urban Belt,R09-M03,urban,multi_family
A012429,R07,Mountain Region,R07-M03,rural,single_family
A012430,R04,East District,R04-M03,mixed,multi_family
A012431,R06,River Region,R06-M04,mixed,multi_family
A012432,R12,Metro Region,R12-M02,urban,multi_family
A012433,R06,River Region,R06-M04,mixed,large_residential
A012434,R01,North City,R01-M03,urban,large_residential
A012435,R09,Urban Belt,R09-M01,urban,single_family
A012436,R10,Rural Belt,R10-M01,rural,single_family
A012437,R10,Rural Belt,R10-M03,rural,large_residential
A012438,R06,River Region,R06-M03,mixed,single_family
A012439,R07,Mountain Region,R07-M01,rural,single_family
A012440,R01,North City,R01-M02,urban,single_family
A012441,R04,East District,R04-M03,mixed,single_family
A012442,R02,South City,R02-M01,urban,single_family
A012443,R02,South City,R02-M01,urban,large_residential
A012444,R07,Mountain Region,R07-M03,rural,single_family
A012445,R08,Lake Region,R08-M04,rural,single_family
A012446,R05,Central Region,R05-M03,urban,multi_family
A012447,R11,Border Region,R11-M01,mixed,multi_family
A012448,R09,Urban Belt,R09-M03,urban,single_family
A012449,R04,East District,R04-M02,mixed,single_family
A012450,R10,Rural Belt,R10-M04,rural,multi_family
A012451,R02,South City,R02-M04,urban,single_family
A012452,R10,Rural Belt,R10-M03,rural,multi_family
A012453,R04,East District,R04-M02,mixed,single_family
A012454,R05,Central Region,R05-M01,urban,single_family
A012455,R12,Metro Region,R12-M02,urban,single_family
A012456,R12,Metro Region,R12-M01,urban,multi_family
A012457,R12,Metro Region,R12-M03,urban,multi_family
A012458,R08,Lake Region,R08-M02,rural,single_family
A012459,R01,North City,R01-M03,urban,multi_family
A012460,R10,Rural Belt,R10-M03,rural,multi_family
A012461,R10,Rural Belt,R10-M01,rural,single_family
A012462,R12,Metro Region,R12-M03,urban,single_family
A012463,R05,Central Region,R05-M01,urban,multi_family
A012464,R09,Urban Belt,R09-M02,urban,single_family
A012465,R05,Central Region,R05-M03,urban,multi_family
A012466,R02,South City,R02-M02,urban,multi_family
A012467,R12,Metro Region,R12-M02,urban,single_family
A012468,R09,Urban Belt,R09-M02,urban,single_family
A012469,R01,North City,R01-M04,urban,multi_family
A012470,R01,North City,R01-M01,urban,multi_family
A012471,R04,East District,R04-M01,mixed,single_family
A012472,R10,Rural Belt,R10-M04,rural,multi_family
A012473,R06,River Region,R06-M02,mixed,single_family
A012474,R12,Metro Region,R12-M03,urban,multi_family
A012475,R09,Urban Belt,R09-M04,urban,large_residential
A012476,R11,Border Region,R11-M03,mixed,multi_family
A012477,R02,South City,R02-M02,urban,multi_family
A012478,R02,South City,R02-M01,urban,multi_family
A012479,R11,Border Region,R11-M04,mixed,single_family
A012480,R06,River Region,R06-M02,mixed,single_family
A012481,R07,Mountain Region,R07-M01,rural,single_family
A012482,R03,West District,R03-M04,mixed,multi_family
A012483,R10,Rural Belt,R10-M04,rural,single_family
A012484,R06,River Region,R06-M03,mixed,multi_family
A012485,R02,South City,R02-M02,urban,multi_family
A012486,R06,River Region,R06-M04,mixed,large_residential
A012487,R02,South City,R02-M01,urban,multi_family
A012488,R10,Rural Belt,R10-M01,rural,single_family
A012489,R03,West District,R03-M03,mixed,single_family
A012490,R11,Border Region,R11-M04,mixed,multi_family
A012491,R03,West District,R03-M03,mixed,single_family
A012492,R05,Central Region,R05-M01,urban,multi_family
A012493,R12,Metro Region,R12-M03,urban,multi_family
A012494,R10,Rural Belt,R10-M04,rural,single_family
A012495,R03,West District,R03-M01,mixed,single_family
A012496,R10,Rural Belt,R10-M04,rural,single_family
A012497,R08,Lake Region,R08-M01,rural,single_family
A012498,R07,Mountain Region,R07-M02,rural,single_family
A012499,R11,Border Region,R11-M01,mixed,single_family
A012500,R03,West District,R03-M03,mixed,multi_family
A012501,R02,South City,R02-M02,urban,multi_family
A012502,R09,Urban Belt,R09-M03,urban,single_family
A012503,R09,Urban Belt,R09-M01,urban,large_residential
A012504,R09,Urban Belt,R09-M04,urban,single_family
A012505,R08,Lake Region,R08-M02,rural,single_family
A012506,R05,Central Region,R05-M01,urban,multi_family
A012507,R12,Metro Region,R12-M03,urban,large_residential
A012508,R01,North City,R01-M01,urban,multi_family
A012509,R06,River Region,R06-M02,mixed,multi_family
A012510,R01,North City,R01-M02,urban,single_family
A012511,R02,South City,R02-M03,urban,single_family
A012512,R05,Central Region,R05-M04,urban,multi_family
A012513,R05,Central Region,R05-M02,urban,single_family
A012514,R08,Lake Region,R08-M04,rural,multi_family
A012515,R05,Central Region,R05-M02,urban,single_family
A012516,R07,Mountain Region,R07-M01,rural,single_family
A012517,R09,Urban Belt,R09-M01,urban,multi_family
A012518,R10,Rural Belt,R10-M04,rural,single_family
A012519,R10,Rural Belt,R10-M01,rural,multi_family
A012520,R07,Mountain Region,R07-M03,rural,single_family
A012521,R08,Lake Region,R08-M01,rural,single_family
A012522,R08,Lake Region,R08-M04,rural,multi_family
A012523,R05,Central Region,R05-M01,urban,large_residential
A012524,R03,West District,R03-M02,mixed,multi_family
A012525,R06,River Region,R06-M02,mixed,single_family
A012526,R08,Lake Region,R08-M03,rural,single_family
A012527,R07,Mountain Region,R07-M03,rural,multi_family
A012528,R12,Metro Region,R12-M04,urban,single_family
A012529,R05,Central Region,R05-M01,urban,large_residential
A012530,R09,Urban Belt,R09-M04,urban,multi_family
A012531,R08,Lake Region,R08-M02,rural,multi_family
A012532,R04,East District,R04-M02,mixed,multi_family
A012533,R12,Metro Region,R12-M04,urban,single_family
A012534,R11,Border Region,R11-M03,mixed,multi_family
A012535,R11,Border Region,R11-M01,mixed,multi_family
A012536,R07,Mountain Region,R07-M02,rural,single_family
A012537,R07,Mountain Region,R07-M02,rural,multi_family
A012538,R12,Metro Region,R12-M01,urban,single_family
A012539,R02,South City,R02-M01,urban,multi_family
A012540,R12,Metro Region,R12-M01,urban,single_family
A012541,R02,South City,R02-M03,urban,large_residential
A012542,R09,Urban Belt,R09-M02,urban,single_family
A012543,R06,River Region,R06-M03,mixed,multi_family
A012544,R05,Central Region,R05-M03,urban,multi_family
A012545,R02,South City,R02-M02,urban,multi_family
A012546,R05,Central Region,R05-M02,urban,multi_family
A012547,R11,Border Region,R11-M03,mixed,multi_family
A012548,R12,Metro Region,R12-M03,urban,multi_family
A012549,R12,Metro Region,R12-M04,urban,large_residential
A012550,R03,West District,R03-M04,mixed,single_family
A012551,R05,Central Region,R05-M04,urban,multi_family
A012552,R11,Border Region,R11-M02,mixed,single_family
A012553,R09,Urban Belt,R09-M03,urban,large_residential
A012554,R06,River Region,R06-M03,mixed,large_residential
A012555,R05,Central Region,R05-M03,urban,multi_family
A012556,R01,North City,R01-M03,urban,multi_family
A012557,R11,Border Region,R11-M04,mixed,single_family
A012558,R02,South City,R02-M01,urban,large_residential
A012559,R11,Border Region,R11-M04,mixed,single_family
A012560,R04,East District,R04-M02,mixed,single_family
A012561,R05,Central Region,R05-M02,urban,single_family
A012562,R06,River Region,R06-M03,mixed,multi_family
A012563,R09,Urban Belt,R09-M02,urban,multi_family
A012564,R02,South City,R02-M01,urban,multi_family
A012565,R05,Central Region,R05-M01,urban,multi_family
A012566,R03,West District,R03-M04,mixed,single_family
A012567,R07,Mountain Region,R07-M04,rural,single_family
A012568,R05,Central Region,R05-M01,urban,multi_family
A012569,R06,River Region,R06-M04,mixed,single_family
A012570,R01,North City,R01-M02,urban,multi_family
A012571,R10,Rural Belt,R10-M01,rural,single_family
A012572,R09,Urban Belt,R09-M01,urban,multi_family
A012573,R02,South City,R02-M02,urban,multi_family
A012574,R05,Central Region,R05-M02,urban,multi_family
A012575,R12,Metro Region,R12-M02,urban,single_family
A012576,R06,River Region,R06-M02,mixed,single_family
A012577,R12,Metro Region,R12-M04,urban,single_family
A012578,R04,East District,R04-M02,mixed,large_residential
A012579,R08,Lake Region,R08-M02,rural,single_family
A012580,R01,North City,R01-M03,urban,large_residential
A012581,R01,North City,R01-M04,urban,single_family
A012582,R05,Central Region,R05-M03,urban,single_family
A012583,R05,Central Region,R05-M04,urban,multi_family
A012584,R01,North City,R01-M02,urban,multi_family
A012585,R05,Central Region,R05-M04,urban,multi_family
A012586,R09,Urban Belt,R09-M03,urban,multi_family
A012587,R02,South City,R02-M04,urban,multi_family
A012588,R07,Mountain Region,R07-M02,rural,single_family
A012589,R09,Urban Belt,R09-M02,urban,large_residential
A012590,R03,West District,R03-M01,mixed,single_family
A012591,R03,West District,R03-M01,mixed,single_family
A012592,R02,South City,R02-M04,urban,multi_family
A012593,R08,Lake Region,R08-M04,rural,single_family
A012594,R01,North City,R01-M03,urban,multi_family
A012595,R11,Border Region,R11-M01,mixed,single_family
A012596,R07,Mountain Region,R07-M01,rural,multi_family
A012597,R02,South City,R02-M01,urban,single_family
A012598,R02,South City,R02-M01,urban,single_family
A012599,R12,Metro Region,R12-M04,urban,large_residential
A012600,R09,Urban Belt,R09-M01,urban,multi_family
A012601,R08,Lake Region,R08-M02,rural,single_family
A012602,R10,Rural Belt,R10-M01,rural,single_family
A012603,R02,South City,R02-M01,urban,multi_family
A012604,R09,Urban Belt,R09-M03,urban,large_residential
A012605,R04,East District,R04-M03,mixed,multi_family
A012606,R01,North City,R01-M01,urban,single_family
A012607,R01,North City,R01-M03,urban,single_family
A012608,R09,Urban Belt,R09-M04,urban,single_family
A012609,R07,Mountain Region,R07-M01,rural,multi_family
A012610,R01,North City,R01-M04,urban,multi_family
A012611,R04,East District,R04-M03,mixed,single_family
A012612,R02,South City,R02-M04,urban,multi_family
A012613,R11,Border Region,R11-M01,mixed,multi_family
A012614,R02,South City,R02-M02,urban,single_family
A012615,R09,Urban Belt,R09-M04,urban,single_family
A012616,R08,Lake Region,R08-M02,rural,single_family
A012617,R09,Urban Belt,R09-M01,urban,single_family
A012618,R12,Metro Region,R12-M03,urban,multi_family
A012619,R10,Rural Belt,R10-M01,rural,multi_family
A012620,R03,West District,R03-M01,mixed,single_family
A012621,R06,River Region,R06-M01,mixed,large_residential
A012622,R05,Central Region,R05-M03,urban,single_family
A012623,R04,East District,R04-M03,mixed,single_family
A012624,R05,Central Region,R05-M04,urban,large_residential
A012625,R04,East District,R04-M04,mixed,single_family
A012626,R04,East District,R04-M04,mixed,multi_family
A012627,R09,Urban Belt,R09-M01,urban,large_residential
A012628,R05,Central Region,R05-M04,urban,single_family
A012629,R12,Metro Region,R12-M04,urban,single_family
A012630,R08,Lake Region,R08-M02,rural,single_family
A012631,R01,North City,R01-M03,urban,multi_family
A012632,R05,Central Region,R05-M02,urban,multi_family
A012633,R09,Urban Belt,R09-M03,urban,single_family
A012634,R03,West District,R03-M01,mixed,large_residential
A012635,R09,Urban Belt,R09-M04,urban,single_family
A012636,R04,East District,R04-M03,mixed,multi_family
A012637,R01,North City,R01-M01,urban,multi_family
A012638,R06,River Region,R06-M03,mixed,single_family
A012639,R09,Urban Belt,R09-M01,urban,multi_family
A012640,R11,Border Region,R11-M03,mixed,multi_family
A012641,R03,West District,R03-M01,mixed,multi_family
A012642,R08,Lake Region,R08-M02,rural,large_residential
A012643,R04,East District,R04-M01,mixed,single_family
A012644,R07,Mountain Region,R07-M03,rural,single_family
A012645,R08,Lake Region,R08-M01,rural,single_family
A012646,R01,North City,R01-M01,urban,multi_family
A012647,R03,West District,R03-M01,mixed,single_family
A012648,R02,South City,R02-M04,urban,multi_family
A012649,R03,West District,R03-M04,mixed,multi_family
A012650,R09,Urban Belt,R09-M02,urban,large_residential
A012651,R09,Urban Belt,R09-M03,urban,large_residential
A012652,R06,River Region,R06-M02,mixed,single_family
A012653,R07,Mountain Region,R07-M02,rural,multi_family
A012654,R08,Lake Region,R08-M02,rural,multi_family
A012655,R07,Mountain Region,R07-M04,rural,multi_family
A012656,R09,Urban Belt,R09-M01,urban,large_residential
A012657,R02,South City,R02-M02,urban,multi_family
A012658,R06,River Region,R06-M04,mixed,multi_family
A012659,R10,Rural Belt,R10-M01,rural,single_family
A012660,R05,Central Region,R05-M04,urban,single_family
A012661,R08,Lake Region,R08-M02,rural,single_family
A012662,R12,Metro Region,R12-M02,urban,single_family
A012663,R05,Central Region,R05-M02,urban,multi_family
A012664,R03,West District,R03-M04,mixed,multi_family
A012665,R11,Border Region,R11-M04,mixed,multi_family
A012666,R12,Metro Region,R12-M03,urban,large_residential
A012667,R04,East District,R04-M04,mixed,multi_family
A012668,R07,Mountain Region,R07-M02,rural,single_family
A012669,R11,Border Region,R11-M03,mixed,single_family
A012670,R09,Urban Belt,R09-M03,urban,multi_family
A012671,R07,Mountain Region,R07-M01,rural,single_family
A012672,R09,Urban Belt,R09-M03,urban,multi_family
A012673,R03,West District,R03-M04,mixed,single_family
A012674,R01,North City,R01-M01,urban,large_residential
A012675,R10,Rural Belt,R10-M04,rural,single_family
A012676,R06,River Region,R06-M04,mixed,single_family
A012677,R12,Metro Region,R12-M03,urban,multi_family
A012678,R03,West District,R03-M03,mixed,multi_family
A012679,R10,Rural Belt,R10-M01,rural,single_family
A012680,R03,West District,R03-M04,mixed,single_family
A012681,R10,Rural Belt,R10-M04,rural,single_family
A012682,R07,Mountain Region,R07-M03,rural,single_family
A012683,R02,South City,R02-M02,urban,single_family
A012684,R11,Border Region,R11-M03,mixed,multi_family
A012685,R09,Urban Belt,R09-M03,urban,multi_family
A012686,R10,Rural Belt,R10-M03,rural,single_family
A012687,R06,River Region,R06-M04,mixed,single_family
A012688,R03,West District,R03-M02,mixed,single_family
A012689,R01,North City,R01-M03,urban,multi_family
A012690,R03,West District,R03-M02,mixed,multi_family
A012691,R04,East District,R04-M04,mixed,large_residential
A012692,R05,Central Region,R05-M04,urban,multi_family
A012693,R05,Central Region,R05-M03,urban,single_family
A012694,R02,South City,R02-M04,urban,large_residential
A012695,R06,River Region,R06-M01,mixed,single_family
A012696,R09,Urban Belt,R09-M04,urban,single_family
A012697,R01,North City,R01-M04,urban,multi_family
A012698,R02,South City,R02-M02,urban,multi_family
A012699,R01,North City,R01-M04,urban,multi_family
A012700,R08,Lake Region,R08-M03,rural,single_family
A012701,R12,Metro Region,R12-M04,urban,large_residential
A012702,R05,Central Region,R05-M04,urban,multi_family
A012703,R06,River Region,R06-M04,mixed,multi_family
A012704,R04,East District,R04-M02,mixed,large_residential
A012705,R11,Border Region,R11-M02,mixed,single_family
A012706,R05,Central Region,R05-M03,urban,large_residential
A012707,R03,West District,R03-M02,mixed,single_family
A012708,R07,Mountain Region,R07-M02,rural,single_family
A012709,R07,Mountain Region,R07-M03,rural,large_residential
A012710,R06,River Region,R06-M04,mixed,large_residential
A012711,R05,Central Region,R05-M01,urban,multi_family
A012712,R05,Central Region,R05-M01,urban,multi_family
A012713,R12,Metro Region,R12-M01,urban,single_family
A012714,R04,East District,R04-M02,mixed,single_family
A012715,R05,Central Region,R05-M03,urban,multi_family
A012716,R05,Central Region,R05-M04,urban,large_residential
A012717,R09,Urban Belt,R09-M02,urban,multi_family
A012718,R06,River Region,R06-M01,mixed,single_family
A012719,R07,Mountain Region,R07-M03,rural,single_family
A012720,R01,North City,R01-M04,urban,single_family
A012721,R12,Metro Region,R12-M01,urban,multi_family
A012722,R11,Border Region,R11-M03,mixed,single_family
A012723,R01,North City,R01-M01,urban,multi_family
A012724,R07,Mountain Region,R07-M02,rural,single_family
A012725,R06,River Region,R06-M02,mixed,multi_family
A012726,R05,Central Region,R05-M03,urban,large_residential
A012727,R09,Urban Belt,R09-M04,urban,multi_family
A012728,R05,Central Region,R05-M04,urban,large_residential
A012729,R05,Central Region,R05-M03,urban,multi_family
A012730,R12,Metro Region,R12-M04,urban,large_residential
A012731,R09,Urban Belt,R09-M01,urban,single_family
A012732,R04,East District,R04-M04,mixed,multi_family
A012733,R02,South City,R02-M01,urban,single_family
A012734,R01,North City,R01-M01,urban,single_family
A012735,R06,River Region,R06-M03,mixed,multi_family
A012736,R01,North City,R01-M04,urban,multi_family
A012737,R11,Border Region,R11-M04,mixed,multi_family
A012738,R06,River Region,R06-M01,mixed,single_family
A012739,R07,Mountain Region,R07-M03,rural,single_family
A012740,R05,Central Region,R05-M02,urban,multi_family
A012741,R10,Rural Belt,R10-M03,rural,single_family
A012742,R02,South City,R02-M01,urban,multi_family
A012743,R10,Rural Belt,R10-M04,rural,multi_family
A012744,R06,River Region,R06-M01,mixed,multi_family
A012745,R06,River Region,R06-M04,mixed,large_residential
A012746,R10,Rural Belt,R10-M04,rural,single_family
A012747,R01,North City,R01-M01,urban,multi_family
A012748,R09,Urban Belt,R09-M04,urban,multi_family
A012749,R05,Central Region,R05-M02,urban,single_family
A012750,R03,West District,R03-M01,mixed,multi_family
A012751,R11,Border Region,R11-M02,mixed,single_family
A012752,R09,Urban Belt,R09-M04,urban,multi_family
A012753,R03,West District,R03-M01,mixed,multi_family
A012754,R04,East District,R04-M02,mixed,single_family
A012755,R09,Urban Belt,R09-M04,urban,multi_family
A012756,R09,Urban Belt,R09-M03,urban,multi_family
A012757,R12,Metro Region,R12-M03,urban,single_family
A012758,R12,Metro Region,R12-M01,urban,multi_family
A012759,R04,East District,R04-M02,mixed,multi_family
A012760,R01,North City,R01-M04,urban,large_residential
A012761,R07,Mountain Region,R07-M03,rural,single_family
A012762,R02,South City,R02-M02,urban,multi_family
A012763,R02,South City,R02-M04,urban,single_family
A012764,R07,Mountain Region,R07-M01,rural,multi_family
A012765,R05,Central Region,R05-M04,urban,multi_family
A012766,R10,Rural Belt,R10-M01,rural,single_family
A012767,R05,Central Region,R05-M01,urban,multi_family
A012768,R04,East District,R04-M04,mixed,multi_family
A012769,R09,Urban Belt,R09-M04,urban,multi_family
A012770,R01,North City,R01-M01,urban,single_family
A012771,R12,Metro Region,R12-M02,urban,multi_family
A012772,R09,Urban Belt,R09-M02,urban,multi_family
A012773,R07,Mountain Region,R07-M02,rural,single_family
A012774,R01,North City,R01-M01,urban,multi_family
A012775,R12,Metro Region,R12-M02,urban,large_residential
A012776,R02,South City,R02-M01,urban,multi_family
A012777,R12,Metro Region,R12-M01,urban,multi_family
A012778,R05,Central Region,R05-M01,urban,multi_family
A012779,R07,Mountain Region,R07-M02,rural,multi_family
A012780,R10,Rural Belt,R10-M01,rural,multi_family
A012781,R05,Central Region,R05-M03,urban,multi_family
A012782,R10,Rural Belt,R10-M04,rural,multi_family
A012783,R09,Urban Belt,R09-M02,urban,multi_family
A012784,R01,North City,R01-M04,urban,large_residential
A012785,R06,River Region,R06-M04,mixed,single_family
A012786,R02,South City,R02-M02,urban,large_residential
A012787,R05,Central Region,R05-M02,urban,multi_family
A012788,R01,North City,R01-M01,urban,multi_family
A012789,R08,Lake Region,R08-M03,rural,single_family
A012790,R09,Urban Belt,R09-M02,urban,multi_family
A012791,R02,South City,R02-M04,urban,multi_family
A012792,R11,Border Region,R11-M01,mixed,single_family
A012793,R03,West District,R03-M02,mixed,multi_family
A012794,R01,North City,R01-M02,urban,multi_family
A012795,R07,Mountain Region,R07-M03,rural,single_family
A012796,R09,Urban Belt,R09-M03,urban,large_residential
A012797,R02,South City,R02-M03,urban,multi_family
A012798,R08,Lake Region,R08-M02,rural,multi_family
A012799,R06,River Region,R06-M02,mixed,multi_family
A012800,R06,River Region,R06-M02,mixed,multi_family
A012801,R12,Metro Region,R12-M04,urban,multi_family
A012802,R10,Rural Belt,R10-M02,rural,single_family
A012803,R10,Rural Belt,R10-M01,rural,multi_family
A012804,R12,Metro Region,R12-M04,urban,multi_family
A012805,R05,Central Region,R05-M03,urban,multi_family
A012806,R11,Border Region,R11-M02,mixed,single_family
A012807,R09,Urban Belt,R09-M01,urban,large_residential
A012808,R12,Metro Region,R12-M04,urban,multi_family
A012809,R11,Border Region,R11-M01,mixed,single_family
A012810,R06,River Region,R06-M04,mixed,single_family
A012811,R09,Urban Belt,R09-M02,urban,single_family
A012812,R12,Metro Region,R12-M03,urban,multi_family
A012813,R01,North City,R01-M04,urban,multi_family
A012814,R06,River Region,R06-M04,mixed,large_residential
A012815,R09,Urban Belt,R09-M04,urban,multi_family
A012816,R01,North City,R01-M02,urban,single_family
A012817,R05,Central Region,R05-M02,urban,multi_family
A012818,R06,River Region,R06-M02,mixed,single_family
A012819,R01,North City,R01-M04,urban,single_family
A012820,R09,Urban Belt,R09-M04,urban,single_family
A012821,R01,North City,R01-M02,urban,single_family
A012822,R12,Metro Region,R12-M04,urban,single_family
A012823,R06,River Region,R06-M04,mixed,multi_family
A012824,R04,East District,R04-M02,mixed,multi_family
A012825,R12,Metro Region,R12-M02,urban,large_residential
A012826,R07,Mountain Region,R07-M02,rural,single_family
A012827,R05,Central Region,R05-M03,urban,single_family
A012828,R10,Rural Belt,R10-M04,rural,single_family
A012829,R03,West District,R03-M02,mixed,single_family
A012830,R01,North City,R01-M02,urban,multi_family
A012831,R03,West District,R03-M02,mixed,single_family
A012832,R10,Rural Belt,R10-M01,rural,single_family
A012833,R12,Metro Region,R12-M01,urban,large_residential
A012834,R09,Urban Belt,R09-M03,urban,multi_family
A012835,R03,West District,R03-M04,mixed,multi_family
A012836,R09,Urban Belt,R09-M01,urban,single_family
A012837,R12,Metro Region,R12-M02,urban,multi_family
A012838,R06,River Region,R06-M02,mixed,single_family
A012839,R08,Lake Region,R08-M04,rural,multi_family
A012840,R10,Rural Belt,R10-M03,rural,multi_family
A012841,R06,River Region,R06-M02,mixed,multi_family
A012842,R09,Urban Belt,R09-M02,urban,multi_family
A012843,R11,Border Region,R11-M03,mixed,single_family
A012844,R12,Metro Region,R12-M03,urban,multi_family
A012845,R06,River Region,R06-M03,mixed,multi_family
A012846,R06,River Region,R06-M02,mixed,multi_family
A012847,R01,North City,R01-M04,urban,single_family
A012848,R04,East District,R04-M03,mixed,multi_family
A012849,R12,Metro Region,R12-M04,urban,multi_family
A012850,R01,North City,R01-M02,urban,single_family
A012851,R08,Lake Region,R08-M01,rural,single_family
A012852,R09,Urban Belt,R09-M04,urban,multi_family
A012853,R10,Rural Belt,R10-M01,rural,multi_family
A012854,R09,Urban Belt,R09-M04,urban,multi_family
A012855,R10,Rural Belt,R10-M01,rural,single_family
A012856,R09,Urban Belt,R09-M04,urban,multi_family
A012857,R06,River Region,R06-M02,mixed,multi_family
A012858,R07,Mountain Region,R07-M01,rural,single_family
A012859,R04,East District,R04-M03,mixed,large_residential
A012860,R11,Border Region,R11-M03,mixed,single_family
A012861,R07,Mountain Region,R07-M01,rural,single_family
A012862,R12,Metro Region,R12-M03,urban,single_family
A012863,R07,Mountain Region,R07-M01,rural,single_family
A012864,R05,Central Region,R05-M02,urban,multi_family
A012865,R02,South City,R02-M01,urban,single_family
A012866,R09,Urban Belt,R09-M01,urban,large_residential
A012867,R03,West District,R03-M03,mixed,multi_family
A012868,R01,North City,R01-M04,urban,single_family
A012869,R11,Border Region,R11-M04,mixed,single_family
A012870,R03,West District,R03-M04,mixed,multi_family
A012871,R01,North City,R01-M03,urban,single_family
A012872,R02,South City,R02-M03,urban,multi_family
A012873,R08,Lake Region,R08-M03,rural,multi_family
A012874,R07,Mountain Region,R07-M03,rural,single_family
A012875,R04,East District,R04-M02,mixed,multi_family
A012876,R11,Border Region,R11-M03,mixed,multi_family
A012877,R12,Metro Region,R12-M03,urban,multi_family
A012878,R05,Central Region,R05-M04,urban,multi_family
A012879,R03,West District,R03-M04,mixed,multi_family
A012880,R05,Central Region,R05-M03,urban,multi_family
A012881,R09,Urban Belt,R09-M02,urban,single_family
A012882,R12,Metro Region,R12-M01,urban,multi_family
A012883,R05,Central Region,R05-M04,urban,multi_family
A012884,R01,North City,R01-M03,urban,single_family
A012885,R09,Urban Belt,R09-M02,urban,large_residential
A012886,R04,East District,R04-M01,mixed,multi_family
A012887,R01,North City,R01-M02,urban,multi_family
A012888,R12,Metro Region,R12-M03,urban,multi_family
A012889,R09,Urban Belt,R09-M01,urban,single_family
A012890,R04,East District,R04-M04,mixed,large_residential
A012891,R05,Central Region,R05-M02,urban,large_residential
A012892,R08,Lake Region,R08-M01,rural,multi_family
A012893,R09,Urban Belt,R09-M03,urban,multi_family
A012894,R06,River Region,R06-M01,mixed,multi_family
A012895,R02,South City,R02-M03,urban,multi_family
A012896,R06,River Region,R06-M01,mixed,single_family
A012897,R09,Urban Belt,R09-M02,urban,multi_family
A012898,R09,Urban Belt,R09-M04,urban,multi_family
A012899,R10,Rural Belt,R10-M04,rural,single_family
A012900,R09,Urban Belt,R09-M02,urban,multi_family
A012901,R05,Central Region,R05-M04,urban,multi_family
A012902,R10,Rural Belt,R10-M02,rural,single_family
A012903,R04,East District,R04-M02,mixed,large_residential
A012904,R05,Central Region,R05-M03,urban,single_family
A012905,R04,East District,R04-M03,mixed,single_family
A012906,R06,River Region,R06-M03,mixed,multi_family
A012907,R03,West District,R03-M03,mixed,single_family
A012908,R09,Urban Belt,R09-M02,urban,multi_family
A012909,R07,Mountain Region,R07-M02,rural,multi_family
A012910,R03,West District,R03-M01,mixed,single_family
A012911,R01,North City,R01-M03,urban,single_family
A012912,R04,East District,R04-M02,mixed,multi_family
A012913,R06,River Region,R06-M02,mixed,single_family
A012914,R10,Rural Belt,R10-M03,rural,multi_family
A012915,R04,East District,R04-M01,mixed,single_family
A012916,R09,Urban Belt,R09-M04,urban,multi_family
A012917,R08,Lake Region,R08-M04,rural,single_family
A012918,R10,Rural Belt,R10-M04,rural,multi_family
A012919,R07,Mountain Region,R07-M01,rural,single_family
A012920,R03,West District,R03-M01,mixed,single_family
A012921,R02,South City,R02-M01,urban,single_family
A012922,R12,Metro Region,R12-M01,urban,multi_family
A012923,R01,North City,R01-M03,urban,large_residential
A012924,R07,Mountain Region,R07-M01,rural,single_family
A012925,R06,River Region,R06-M03,mixed,multi_family
A012926,R04,East District,R04-M02,mixed,single_family
A012927,R10,Rural Belt,R10-M04,rural,multi_family
A012928,R04,East District,R04-M04,mixed,single_family
A012929,R04,East District,R04-M02,mixed,multi_family
A012930,R05,Central Region,R05-M04,urban,single_family
A012931,R10,Rural Belt,R10-M03,rural,single_family
A012932,R06,River Region,R06-M01,mixed,large_residential
A012933,R06,River Region,R06-M03,mixed,single_family
A012934,R08,Lake Region,R08-M03,rural,multi_family
A012935,R12,Metro Region,R12-M02,urban,large_residential
A012936,R09,Urban Belt,R09-M02,urban,multi_family
A012937,R10,Rural Belt,R10-M02,rural,single_family
A012938,R07,Mountain Region,R07-M01,rural,single_family
A012939,R09,Urban Belt,R09-M03,urban,single_family
A012940,R09,Urban Belt,R09-M04,urban,multi_family
A012941,R03,West District,R03-M03,mixed,multi_family
A012942,R12,Metro Region,R12-M02,urban,multi_family
A012943,R01,North City,R01-M01,urban,multi_family
A012944,R08,Lake Region,R08-M03,rural,single_family
A012945,R02,South City,R02-M01,urban,single_family
A012946,R07,Mountain Region,R07-M02,rural,single_family
A012947,R07,Mountain Region,R07-M03,rural,single_family
A012948,R03,West District,R03-M04,mixed,single_family
A012949,R10,Rural Belt,R10-M04,rural,multi_family
A012950,R05,Central Region,R05-M04,urban,large_residential
A012951,R12,Metro Region,R12-M04,urban,multi_family
A012952,R07,Mountain Region,R07-M02,rural,single_family
A012953,R12,Metro Region,R12-M03,urban,multi_family
A012954,R05,Central Region,R05-M02,urban,single_family
A012955,R09,Urban Belt,R09-M02,urban,multi_family
A012956,R02,South City,R02-M02,urban,multi_family
A012957,R01,North City,R01-M04,urban,large_residential
A012958,R10,Rural Belt,R10-M01,rural,single_family
A012959,R10,Rural Belt,R10-M03,rural,multi_family
A012960,R09,Urban Belt,R09-M04,urban,single_family
A012961,R05,Central Region,R05-M04,urban,multi_family
A012962,R06,River Region,R06-M01,mixed,single_family
A012963,R09,Urban Belt,R09-M02,urban,single_family
A012964,R06,River Region,R06-M02,mixed,single_family
A012965,R12,Metro Region,R12-M01,urban,large_residential
A012966,R05,Central Region,R05-M03,urban,multi_family
A012967,R03,West District,R03-M04,mixed,multi_family
A012968,R05,Central Region,R05-M02,urban,multi_family
A012969,R09,Urban Belt,R09-M04,urban,multi_family
A012970,R07,Mountain Region,R07-M02,rural,single_family
A012971,R06,River Region,R06-M04,mixed,large_residential
A012972,R05,Central Region,R05-M04,urban,single_family
A012973,R11,Border Region,R11-M02,mixed,single_family
A012974,R04,East District,R04-M03,mixed,multi_family
A012975,R12,Metro Region,R12-M04,urban,single_family
A012976,R09,Urban Belt,R09-M03,urban,multi_family
A012977,R12,Metro Region,R12-M03,urban,multi_family
A012978,R05,Central Region,R05-M02,urban,single_family
A012979,R05,Central Region,R05-M02,urban,large_residential
A012980,R04,East District,R04-M03,mixed,single_family
A012981,R09,Urban Belt,R09-M04,urban,single_family
A012982,R12,Metro Region,R12-M01,urban,single_family
A012983,R12,Metro Region,R12-M03,urban,multi_family
A012984,R06,River Region,R06-M02,mixed,multi_family
A012985,R09,Urban Belt,R09-M03,urban,multi_family
A012986,R09,Urban Belt,R09-M02,urban,multi_family
A012987,R04,East District,R04-M01,mixed,single_family
A012988,R10,Rural Belt,R10-M01,rural,single_family
A012989,R11,Border Region,R11-M01,mixed,multi_family
A012990,R12,Metro Region,R12-M03,urban,multi_family
A012991,R05,Central Region,R05-M01,urban,large_residential
A012992,R03,West District,R03-M02,mixed,single_family
A012993,R01,North City,R01-M04,urban,multi_family
A012994,R12,Metro Region,R12-M01,urban,multi_family
A012995,R09,Urban Belt,R09-M04,urban,multi_family
A012996,R06,River Region,R06-M01,mixed,multi_family
A012997,R02,South City,R02-M03,urban,single_family
A012998,R09,Urban Belt,R09-M01,urban,multi_family
A012999,R09,Urban Belt,R09-M02,urban,single_family
A013000,R09,Urban Belt,R09-M02,urban,single_family
A013001,R11,Border Region,R11-M02,mixed,single_family
A013002,R06,River Region,R06-M03,mixed,large_residential
A013003,R07,Mountain Region,R07-M03,rural,multi_family
A013004,R12,Metro Region,R12-M04,urban,single_family
A013005,R05,Central Region,R05-M04,urban,multi_family
A013006,R12,Metro Region,R12-M03,urban,single_family
A013007,R07,Mountain Region,R07-M01,rural,single_family
A013008,R10,Rural Belt,R10-M01,rural,single_family
A013009,R06,River Region,R06-M03,mixed,single_family
A013010,R02,South City,R02-M02,urban,large_residential
A013011,R03,West District,R03-M04,mixed,multi_family
A013012,R04,East District,R04-M03,mixed,multi_family
A013013,R04,East District,R04-M02,mixed,single_family
A013014,R11,Border Region,R11-M04,mixed,single_family
A013015,R05,Central Region,R05-M03,urban,multi_family
A013016,R03,West District,R03-M04,mixed,multi_family
A013017,R03,West District,R03-M02,mixed,multi_family
A013018,R02,South City,R02-M01,urban,multi_family
A013019,R07,Mountain Region,R07-M02,rural,multi_family
A013020,R05,Central Region,R05-M03,urban,multi_family
A013021,R04,East District,R04-M04,mixed,multi_family
A013022,R06,River Region,R06-M03,mixed,single_family
A013023,R12,Metro Region,R12-M04,urban,single_family
A013024,R09,Urban Belt,R09-M03,urban,multi_family
A013025,R01,North City,R01-M01,urban,multi_family
A013026,R02,South City,R02-M04,urban,multi_family
A013027,R08,Lake Region,R08-M03,rural,single_family
A013028,R09,Urban Belt,R09-M02,urban,multi_family
A013029,R11,Border Region,R11-M04,mixed,single_family
A013030,R05,Central Region,R05-M03,urban,large_residential
A013031,R06,River Region,R06-M01,mixed,multi_family
A013032,R02,South City,R02-M03,urban,multi_family
A013033,R08,Lake Region,R08-M01,rural,single_family
A013034,R03,West District,R03-M04,mixed,single_family
A013035,R04,East District,R04-M01,mixed,single_family
A013036,R01,North City,R01-M02,urban,multi_family
A013037,R08,Lake Region,R08-M01,rural,single_family
A013038,R05,Central Region,R05-M03,urban,single_family
A013039,R11,Border Region,R11-M01,mixed,large_residential
A013040,R12,Metro Region,R12-M04,urban,multi_family
A013041,R05,Central Region,R05-M03,urban,multi_family
A013042,R12,Metro Region,R12-M01,urban,large_residential
A013043,R11,Border Region,R11-M02,mixed,single_family
A013044,R09,Urban Belt,R09-M02,urban,multi_family
A013045,R03,West District,R03-M01,mixed,multi_family
A013046,R01,North City,R01-M04,urban,single_family
A013047,R09,Urban Belt,R09-M01,urban,large_residential
A013048,R02,South City,R02-M04,urban,large_residential
A013049,R08,Lake Region,R08-M01,rural,single_family
A013050,R05,Central Region,R05-M03,urban,multi_family
A013051,R02,South City,R02-M04,urban,large_residential
A013052,R07,Mountain Region,R07-M02,rural,single_family
A013053,R04,East District,R04-M04,mixed,single_family
A013054,R08,Lake Region,R08-M03,rural,single_family
A013055,R05,Central Region,R05-M03,urban,multi_family
A013056,R04,East District,R04-M02,mixed,single_family
A013057,R01,North City,R01-M03,urban,multi_family
A013058,R09,Urban Belt,R09-M01,urban,large_residential
A013059,R08,Lake Region,R08-M03,rural,single_family
A013060,R10,Rural Belt,R10-M01,rural,single_family
A013061,R04,East District,R04-M01,mixed,single_family
A013062,R06,River Region,R06-M04,mixed,multi_family
A013063,R06,River Region,R06-M02,mixed,single_family
A013064,R02,South City,R02-M01,urban,multi_family
A013065,R05,Central Region,R05-M01,urban,multi_family
A013066,R09,Urban Belt,R09-M03,urban,multi_family
A013067,R03,West District,R03-M02,mixed,single_family
A013068,R05,Central Region,R05-M04,urban,multi_family
A013069,R02,South City,R02-M04,urban,large_residential
A013070,R01,North City,R01-M01,urban,single_family
A013071,R01,North City,R01-M02,urban,multi_family
A013072,R05,Central Region,R05-M01,urban,multi_family
A013073,R09,Urban Belt,R09-M04,urban,multi_family
A013074,R01,North City,R01-M04,urban,single_family
A013075,R09,Urban Belt,R09-M03,urban,large_residential
A013076,R04,East District,R04-M01,mixed,multi_family
A013077,R06,River Region,R06-M02,mixed,single_family
A013078,R05,Central Region,R05-M01,urban,multi_family
A013079,R06,River Region,R06-M04,mixed,single_family
A013080,R08,Lake Region,R08-M01,rural,single_family
A013081,R12,Metro Region,R12-M01,urban,large_residential
A013082,R07,Mountain Region,R07-M01,rural,multi_family
A013083,R02,South City,R02-M04,urban,multi_family
A013084,R02,South City,R02-M04,urban,multi_family
A013085,R06,River Region,R06-M03,mixed,single_family
A013086,R07,Mountain Region,R07-M04,rural,multi_family
A013087,R08,Lake Region,R08-M03,rural,single_family
A013088,R09,Urban Belt,R09-M01,urban,single_family
A013089,R06,River Region,R06-M02,mixed,single_family
A013090,R01,North City,R01-M01,urban,large_residential
A013091,R10,Rural Belt,R10-M04,rural,multi_family
A013092,R06,River Region,R06-M01,mixed,single_family
A013093,R05,Central Region,R05-M03,urban,large_residential
A013094,R12,Metro Region,R12-M03,urban,multi_family
A013095,R09,Urban Belt,R09-M03,urban,multi_family
A013096,R06,River Region,R06-M02,mixed,single_family
A013097,R02,South City,R02-M04,urban,single_family
A013098,R03,West District,R03-M03,mixed,single_family
A013099,R03,West District,R03-M01,mixed,multi_family
A013100,R01,North City,R01-M04,urban,single_family
A013101,R09,Urban Belt,R09-M02,urban,multi_family
A013102,R04,East District,R04-M02,mixed,single_family
A013103,R11,Border Region,R11-M03,mixed,single_family
A013104,R01,North City,R01-M03,urban,multi_family
A013105,R02,South City,R02-M04,urban,multi_family
A013106,R09,Urban Belt,R09-M02,urban,single_family
A013107,R06,River Region,R06-M03,mixed,multi_family
A013108,R11,Border Region,R11-M01,mixed,single_family
A013109,R08,Lake Region,R08-M02,rural,single_family
A013110,R09,Urban Belt,R09-M03,urban,single_family
A013111,R08,Lake Region,R08-M01,rural,multi_family
A013112,R11,Border Region,R11-M02,mixed,large_residential
A013113,R04,East District,R04-M04,mixed,single_family
A013114,R09,Urban Belt,R09-M01,urban,multi_family
A013115,R01,North City,R01-M02,urban,large_residential
A013116,R09,Urban Belt,R09-M04,urban,large_residential
A013117,R12,Metro Region,R12-M01,urban,multi_family
A013118,R01,North City,R01-M03,urban,multi_family
A013119,R10,Rural Belt,R10-M02,rural,multi_family
A013120,R07,Mountain Region,R07-M03,rural,single_family
A013121,R02,South City,R02-M01,urban,multi_family
A013122,R03,West District,R03-M03,mixed,multi_family
A013123,R05,Central Region,R05-M04,urban,multi_family
A013124,R05,Central Region,R05-M03,urban,single_family
A013125,R03,West District,R03-M03,mixed,single_family
A013126,R09,Urban Belt,R09-M03,urban,multi_family
A013127,R05,Central Region,R05-M02,urban,multi_family
A013128,R11,Border Region,R11-M01,mixed,multi_family
A013129,R07,Mountain Region,R07-M03,rural,multi_family
A013130,R05,Central Region,R05-M01,urban,multi_family
A013131,R01,North City,R01-M01,urban,single_family
A013132,R05,Central Region,R05-M01,urban,multi_family
A013133,R09,Urban Belt,R09-M03,urban,single_family
A013134,R07,Mountain Region,R07-M03,rural,single_family
A013135,R01,North City,R01-M04,urban,multi_family
A013136,R01,North City,R01-M02,urban,multi_family
A013137,R01,North City,R01-M03,urban,multi_family
A013138,R08,Lake Region,R08-M04,rural,single_family
A013139,R12,Metro Region,R12-M04,urban,multi_family
A013140,R04,East District,R04-M02,mixed,multi_family
A013141,R07,Mountain Region,R07-M02,rural,single_family
A013142,R04,East District,R04-M03,mixed,multi_family
A013143,R09,Urban Belt,R09-M02,urban,single_family
A013144,R06,River Region,R06-M02,mixed,single_family
A013145,R11,Border Region,R11-M02,mixed,large_residential
A013146,R05,Central Region,R05-M02,urban,single_family
A013147,R01,North City,R01-M03,urban,multi_family
A013148,R07,Mountain Region,R07-M01,rural,single_family
A013149,R08,Lake Region,R08-M03,rural,multi_family
A013150,R12,Metro Region,R12-M02,urban,multi_family
A013151,R09,Urban Belt,R09-M03,urban,multi_family
A013152,R10,Rural Belt,R10-M03,rural,single_family
A013153,R07,Mountain Region,R07-M03,rural,single_family
A013154,R10,Rural Belt,R10-M03,rural,single_family
A013155,R01,North City,R01-M04,urban,single_family
A013156,R03,West District,R03-M01,mixed,multi_family
A013157,R07,Mountain Region,R07-M01,rural,single_family
A013158,R12,Metro Region,R12-M04,urban,multi_family
A013159,R06,River Region,R06-M02,mixed,multi_family
A013160,R03,West District,R03-M03,mixed,multi_family
A013161,R10,Rural Belt,R10-M02,rural,single_family
A013162,R02,South City,R02-M01,urban,multi_family
A013163,R12,Metro Region,R12-M03,urban,single_family
A013164,R06,River Region,R06-M04,mixed,multi_family
A013165,R02,South City,R02-M04,urban,multi_family
A013166,R09,Urban Belt,R09-M04,urban,large_residential
A013167,R06,River Region,R06-M01,mixed,single_family
A013168,R04,East District,R04-M01,mixed,multi_family
A013169,R09,Urban Belt,R09-M04,urban,multi_family
A013170,R06,River Region,R06-M01,mixed,large_residential
A013171,R07,Mountain Region,R07-M01,rural,single_family
A013172,R02,South City,R02-M03,urban,multi_family
A013173,R05,Central Region,R05-M04,urban,multi_family
A013174,R05,Central Region,R05-M02,urban,large_residential
A013175,R05,Central Region,R05-M02,urban,single_family
A013176,R12,Metro Region,R12-M04,urban,multi_family
A013177,R02,South City,R02-M04,urban,large_residential
A013178,R07,Mountain Region,R07-M01,rural,single_family
A013179,R09,Urban Belt,R09-M01,urban,large_residential
A013180,R08,Lake Region,R08-M01,rural,single_family
A013181,R06,River Region,R06-M01,mixed,multi_family
A013182,R06,River Region,R06-M04,mixed,multi_family
A013183,R05,Central Region,R05-M02,urban,large_residential
A013184,R01,North City,R01-M02,urban,single_family
A013185,R01,North City,R01-M03,urban,multi_family
A013186,R07,Mountain Region,R07-M01,rural,single_family
A013187,R01,North City,R01-M04,urban,multi_family
A013188,R01,North City,R01-M02,urban,single_family
A013189,R07,Mountain Region,R07-M02,rural,multi_family
A013190,R05,Central Region,R05-M03,urban,multi_family
A013191,R12,Metro Region,R12-M03,urban,multi_family
A013192,R01,North City,R01-M03,urban,single_family
A013193,R01,North City,R01-M02,urban,multi_family
A013194,R07,Mountain Region,R07-M04,rural,single_family
A013195,R05,Central Region,R05-M01,urban,single_family
A013196,R09,Urban Belt,R09-M03,urban,single_family
A013197,R09,Urban Belt,R09-M03,urban,large_residential
A013198,R10,Rural Belt,R10-M03,rural,single_family
A013199,R06,River Region,R06-M02,mixed,multi_family
A013200,R10,Rural Belt,R10-M01,rural,multi_family
A013201,R10,Rural Belt,R10-M03,rural,single_family
A013202,R01,North City,R01-M04,urban,single_family
A013203,R08,Lake Region,R08-M02,rural,multi_family
A013204,R11,Border Region,R11-M01,mixed,multi_family
A013205,R12,Metro Region,R12-M01,urban,multi_family
A013206,R10,Rural Belt,R10-M03,rural,single_family
A013207,R09,Urban Belt,R09-M03,urban,single_family
A013208,R08,Lake Region,R08-M04,rural,single_family
A013209,R04,East District,R04-M01,mixed,multi_family
A013210,R05,Central Region,R05-M03,urban,multi_family
A013211,R01,North City,R01-M01,urban,multi_family
A013212,R10,Rural Belt,R10-M03,rural,single_family
A013213,R04,East District,R04-M04,mixed,single_family
A013214,R10,Rural Belt,R10-M02,rural,single_family
A013215,R07,Mountain Region,R07-M01,rural,single_family
A013216,R11,Border Region,R11-M03,mixed,single_family
A013217,R03,West District,R03-M01,mixed,single_family
A013218,R12,Metro Region,R12-M02,urban,multi_family
A013219,R05,Central Region,R05-M02,urban,multi_family
A013220,R09,Urban Belt,R09-M03,urban,multi_family
A013221,R09,Urban Belt,R09-M02,urban,single_family
A013222,R03,West District,R03-M04,mixed,single_family
A013223,R09,Urban Belt,R09-M02,urban,multi_family
A013224,R05,Central Region,R05-M03,urban,multi_family
A013225,R01,North City,R01-M02,urban,large_residential
A013226,R02,South City,R02-M02,urban,multi_family
A013227,R07,Mountain Region,R07-M01,rural,single_family
A013228,R11,Border Region,R11-M01,mixed,single_family
A013229,R05,Central Region,R05-M01,urban,single_family
A013230,R11,Border Region,R11-M04,mixed,multi_family
A013231,R04,East District,R04-M02,mixed,single_family
A013232,R06,River Region,R06-M02,mixed,large_residential
A013233,R01,North City,R01-M01,urban,single_family
A013234,R01,North City,R01-M03,urban,multi_family
A013235,R01,North City,R01-M03,urban,multi_family
A013236,R06,River Region,R06-M01,mixed,multi_family
A013237,R03,West District,R03-M02,mixed,single_family
A013238,R04,East District,R04-M02,mixed,single_family
A013239,R10,Rural Belt,R10-M04,rural,multi_family
A013240,R08,Lake Region,R08-M03,rural,single_family
A013241,R09,Urban Belt,R09-M03,urban,multi_family
A013242,R04,East District,R04-M02,mixed,single_family
A013243,R11,Border Region,R11-M01,mixed,single_family
A013244,R06,River Region,R06-M02,mixed,multi_family
A013245,R03,West District,R03-M04,mixed,single_family
A013246,R07,Mountain Region,R07-M04,rural,multi_family
A013247,R06,River Region,R06-M04,mixed,large_residential
A013248,R06,River Region,R06-M02,mixed,single_family
A013249,R09,Urban Belt,R09-M01,urban,multi_family
A013250,R05,Central Region,R05-M02,urban,large_residential
A013251,R07,Mountain Region,R07-M03,rural,single_family
A013252,R10,Rural Belt,R10-M02,rural,single_family
A013253,R10,Rural Belt,R10-M02,rural,single_family
A013254,R01,North City,R01-M02,urban,single_family
A013255,R05,Central Region,R05-M03,urban,multi_family
A013256,R01,North City,R01-M02,urban,single_family
A013257,R07,Mountain Region,R07-M04,rural,multi_family
A013258,R12,Metro Region,R12-M04,urban,multi_family
A013259,R09,Urban Belt,R09-M03,urban,large_residential
A013260,R09,Urban Belt,R09-M03,urban,multi_family
A013261,R10,Rural Belt,R10-M04,rural,single_family
A013262,R04,East District,R04-M02,mixed,single_family
A013263,R09,Urban Belt,R09-M02,urban,multi_family
A013264,R11,Border Region,R11-M03,mixed,multi_family
A013265,R05,Central Region,R05-M04,urban,single_family
A013266,R06,River Region,R06-M04,mixed,single_family
A013267,R12,Metro Region,R12-M01,urban,single_family
A013268,R12,Metro Region,R12-M01,urban,multi_family
A013269,R07,Mountain Region,R07-M01,rural,multi_family
A013270,R03,West District,R03-M01,mixed,multi_family
A013271,R10,Rural Belt,R10-M04,rural,single_family
A013272,R12,Metro Region,R12-M01,urban,multi_family
A013273,R10,Rural Belt,R10-M02,rural,multi_family
A013274,R09,Urban Belt,R09-M01,urban,single_family
A013275,R12,Metro Region,R12-M01,urban,large_residential
A013276,R06,River Region,R06-M03,mixed,multi_family
A013277,R09,Urban Belt,R09-M02,urban,multi_family
A013278,R12,Metro Region,R12-M03,urban,multi_family
A013279,R09,Urban Belt,R09-M03,urban,large_residential
A013280,R08,Lake Region,R08-M01,rural,single_family
A013281,R06,River Region,R06-M03,mixed,single_family
A013282,R01,North City,R01-M04,urban,single_family
A013283,R02,South City,R02-M02,urban,multi_family
A013284,R05,Central Region,R05-M04,urban,multi_family
A013285,R12,Metro Region,R12-M02,urban,multi_family
A013286,R02,South City,R02-M03,urban,multi_family
A013287,R02,South City,R02-M03,urban,single_family
A013288,R09,Urban Belt,R09-M01,urban,single_family
A013289,R01,North City,R01-M04,urban,large_residential
A013290,R05,Central Region,R05-M01,urban,multi_family
A013291,R08,Lake Region,R08-M02,rural,single_family
A013292,R10,Rural Belt,R10-M03,rural,multi_family
A013293,R09,Urban Belt,R09-M03,urban,single_family
A013294,R04,East District,R04-M04,mixed,large_residential
A013295,R05,Central Region,R05-M03,urban,single_family
A013296,R08,Lake Region,R08-M04,rural,single_family
A013297,R03,West District,R03-M01,mixed,multi_family
A013298,R04,East District,R04-M04,mixed,single_family
A013299,R08,Lake Region,R08-M02,rural,single_family
A013300,R10,Rural Belt,R10-M03,rural,single_family
A013301,R09,Urban Belt,R09-M02,urban,large_residential
A013302,R10,Rural Belt,R10-M01,rural,single_family
A013303,R04,East District,R04-M02,mixed,multi_family
A013304,R04,East District,R04-M03,mixed,multi_family
A013305,R10,Rural Belt,R10-M04,rural,single_family
A013306,R09,Urban Belt,R09-M02,urban,single_family
A013307,R10,Rural Belt,R10-M03,rural,single_family
A013308,R12,Metro Region,R12-M03,urban,single_family
A013309,R09,Urban Belt,R09-M03,urban,single_family
A013310,R02,South City,R02-M03,urban,single_family
A013311,R04,East District,R04-M03,mixed,single_family
A013312,R08,Lake Region,R08-M04,rural,single_family
A013313,R05,Central Region,R05-M01,urban,single_family
A013314,R12,Metro Region,R12-M04,urban,multi_family
A013315,R03,West District,R03-M01,mixed,multi_family
A013316,R01,North City,R01-M04,urban,single_family
A013317,R11,Border Region,R11-M04,mixed,large_residential
A013318,R04,East District,R04-M01,mixed,single_family
A013319,R12,Metro Region,R12-M01,urban,single_family
A013320,R07,Mountain Region,R07-M04,rural,single_family
A013321,R04,East District,R04-M04,mixed,multi_family
A013322,R02,South City,R02-M01,urban,multi_family
A013323,R11,Border Region,R11-M01,mixed,multi_family
A013324,R11,Border Region,R11-M04,mixed,multi_family
A013325,R12,Metro Region,R12-M02,urban,multi_family
A013326,R03,West District,R03-M04,mixed,single_family
A013327,R10,Rural Belt,R10-M04,rural,single_family
A013328,R01,North City,R01-M01,urban,multi_family
A013329,R01,North City,R01-M03,urban,large_residential
A013330,R05,Central Region,R05-M04,urban,large_residential
A013331,R04,East District,R04-M04,mixed,single_family
A013332,R01,North City,R01-M02,urban,multi_family
A013333,R04,East District,R04-M04,mixed,multi_family
A013334,R02,South City,R02-M03,urban,single_family
A013335,R02,South City,R02-M01,urban,multi_family
A013336,R05,Central Region,R05-M01,urban,multi_family
A013337,R07,Mountain Region,R07-M01,rural,multi_family
A013338,R09,Urban Belt,R09-M04,urban,large_residential
A013339,R07,Mountain Region,R07-M03,rural,single_family
A013340,R09,Urban Belt,R09-M04,urban,single_family
A013341,R04,East District,R04-M03,mixed,single_family
A013342,R06,River Region,R06-M01,mixed,multi_family
A013343,R05,Central Region,R05-M04,urban,multi_family
A013344,R02,South City,R02-M04,urban,multi_family
A013345,R06,River Region,R06-M03,mixed,multi_family
A013346,R09,Urban Belt,R09-M04,urban,multi_family
A013347,R04,East District,R04-M01,mixed,single_family
A013348,R11,Border Region,R11-M02,mixed,multi_family
A013349,R02,South City,R02-M04,urban,multi_family
A013350,R10,Rural Belt,R10-M01,rural,multi_family
A013351,R02,South City,R02-M03,urban,large_residential
A013352,R06,River Region,R06-M02,mixed,multi_family
A013353,R02,South City,R02-M02,urban,multi_family
A013354,R03,West District,R03-M01,mixed,single_family
A013355,R01,North City,R01-M04,urban,multi_family
A013356,R02,South City,R02-M04,urban,multi_family
A013357,R04,East District,R04-M01,mixed,multi_family
A013358,R05,Central Region,R05-M02,urban,large_residential
A013359,R02,South City,R02-M04,urban,multi_family
A013360,R09,Urban Belt,R09-M02,urban,single_family
A013361,R02,South City,R02-M01,urban,multi_family
A013362,R08,Lake Region,R08-M01,rural,multi_family
A013363,R06,River Region,R06-M03,mixed,multi_family
A013364,R02,South City,R02-M01,urban,single_family
A013365,R10,Rural Belt,R10-M03,rural,single_family
A013366,R06,River Region,R06-M04,mixed,single_family
A013367,R02,South City,R02-M02,urban,single_family
A013368,R02,South City,R02-M04,urban,multi_family
A013369,R01,North City,R01-M01,urban,large_residential
A013370,R05,Central Region,R05-M03,urban,single_family
A013371,R09,Urban Belt,R09-M04,urban,single_family
A013372,R04,East District,R04-M02,mixed,multi_family
A013373,R02,South City,R02-M03,urban,single_family
A013374,R09,Urban Belt,R09-M02,urban,single_family
A013375,R12,Metro Region,R12-M02,urban,large_residential
A013376,R07,Mountain Region,R07-M03,rural,single_family
A013377,R10,Rural Belt,R10-M03,rural,single_family
A013378,R01,North City,R01-M03,urban,single_family
A013379,R03,West District,R03-M04,mixed,multi_family
A013380,R05,Central Region,R05-M01,urban,multi_family
A013381,R04,East District,R04-M03,mixed,single_family
A013382,R01,North City,R01-M03,urban,multi_family
A013383,R09,Urban Belt,R09-M01,urban,multi_family
A013384,R04,East District,R04-M02,mixed,single_family
A013385,R10,Rural Belt,R10-M01,rural,multi_family
A013386,R02,South City,R02-M03,urban,multi_family
A013387,R11,Border Region,R11-M01,mixed,single_family
A013388,R04,East District,R04-M03,mixed,multi_family
A013389,R01,North City,R01-M03,urban,single_family
A013390,R01,North City,R01-M02,urban,multi_family
A013391,R04,East District,R04-M04,mixed,single_family
A013392,R01,North City,R01-M01,urban,multi_family
A013393,R08,Lake Region,R08-M02,rural,multi_family
A013394,R02,South City,R02-M02,urban,multi_family
A013395,R02,South City,R02-M03,urban,large_residential
A013396,R02,South City,R02-M03,urban,multi_family
A013397,R03,West District,R03-M02,mixed,single_family
A013398,R04,East District,R04-M03,mixed,single_family
A013399,R05,Central Region,R05-M03,urban,multi_family
A013400,R03,West District,R03-M02,mixed,multi_family
A013401,R04,East District,R04-M03,mixed,single_family
A013402,R12,Metro Region,R12-M03,urban,single_family
A013403,R06,River Region,R06-M02,mixed,single_family
A013404,R01,North City,R01-M02,urban,multi_family
A013405,R01,North City,R01-M02,urban,multi_family
A013406,R03,West District,R03-M02,mixed,single_family
A013407,R10,Rural Belt,R10-M04,rural,single_family
A013408,R11,Border Region,R11-M03,mixed,multi_family
A013409,R07,Mountain Region,R07-M03,rural,single_family
A013410,R01,North City,R01-M02,urban,large_residential
A013411,R12,Metro Region,R12-M04,urban,single_family
A013412,R07,Mountain Region,R07-M03,rural,single_family
A013413,R04,East District,R04-M01,mixed,multi_family
A013414,R03,West District,R03-M04,mixed,large_residential
A013415,R12,Metro Region,R12-M03,urban,single_family
A013416,R03,West District,R03-M03,mixed,single_family
A013417,R07,Mountain Region,R07-M04,rural,single_family
A013418,R09,Urban Belt,R09-M03,urban,large_residential
A013419,R06,River Region,R06-M01,mixed,single_family
A013420,R07,Mountain Region,R07-M03,rural,single_family
A013421,R01,North City,R01-M01,urban,multi_family
A013422,R01,North City,R01-M01,urban,single_family
A013423,R12,Metro Region,R12-M02,urban,single_family
A013424,R06,River Region,R06-M02,mixed,multi_family
A013425,R06,River Region,R06-M01,mixed,multi_family
A013426,R04,East District,R04-M03,mixed,multi_family
A013427,R02,South City,R02-M04,urban,large_residential
A013428,R10,Rural Belt,R10-M03,rural,single_family
A013429,R05,Central Region,R05-M03,urban,multi_family
A013430,R05,Central Region,R05-M01,urban,multi_family
A013431,R03,West District,R03-M04,mixed,single_family
A013432,R04,East District,R04-M04,mixed,large_residential
A013433,R01,North City,R01-M02,urban,large_residential
A013434,R01,North City,R01-M02,urban,single_family
A013435,R07,Mountain Region,R07-M02,rural,single_family
A013436,R09,Urban Belt,R09-M03,urban,multi_family
A013437,R10,Rural Belt,R10-M02,rural,single_family
A013438,R04,East District,R04-M01,mixed,single_family
A013439,R09,Urban Belt,R09-M04,urban,multi_family
A013440,R01,North City,R01-M01,urban,large_residential
A013441,R07,Mountain Region,R07-M04,rural,single_family
A013442,R03,West District,R03-M04,mixed,multi_family
A013443,R01,North City,R01-M02,urban,multi_family
A013444,R12,Metro Region,R12-M03,urban,multi_family
A013445,R09,Urban Belt,R09-M02,urban,multi_family
A013446,R06,River Region,R06-M02,mixed,large_residential
A013447,R01,North City,R01-M01,urban,multi_family
A013448,R03,West District,R03-M01,mixed,single_family
A013449,R04,East District,R04-M02,mixed,multi_family
A013450,R01,North City,R01-M02,urban,multi_family
A013451,R09,Urban Belt,R09-M04,urban,multi_family
A013452,R07,Mountain Region,R07-M04,rural,single_family
A013453,R01,North City,R01-M04,urban,multi_family
A013454,R12,Metro Region,R12-M04,urban,multi_family
A013455,R01,North City,R01-M02,urban,multi_family
A013456,R09,Urban Belt,R09-M03,urban,multi_family
A013457,R05,Central Region,R05-M02,urban,large_residential
A013458,R06,River Region,R06-M01,mixed,single_family
A013459,R03,West District,R03-M03,mixed,single_family
A013460,R04,East District,R04-M02,mixed,single_family
A013461,R02,South City,R02-M02,urban,multi_family
A013462,R01,North City,R01-M04,urban,large_residential
A013463,R05,Central Region,R05-M02,urban,multi_family
A013464,R02,South City,R02-M01,urban,large_residential
A013465,R02,South City,R02-M02,urban,large_residential
A013466,R05,Central Region,R05-M02,urban,single_family
A013467,R11,Border Region,R11-M03,mixed,single_family
A013468,R09,Urban Belt,R09-M01,urban,multi_family
A013469,R02,South City,R02-M03,urban,multi_family
A013470,R05,Central Region,R05-M03,urban,multi_family
A013471,R09,Urban Belt,R09-M03,urban,single_family
A013472,R06,River Region,R06-M02,mixed,multi_family
A013473,R02,South City,R02-M04,urban,single_family
A013474,R03,West District,R03-M01,mixed,large_residential
A013475,R06,River Region,R06-M04,mixed,single_family
A013476,R12,Metro Region,R12-M02,urban,multi_family
A013477,R06,River Region,R06-M01,mixed,multi_family
A013478,R12,Metro Region,R12-M02,urban,large_residential
A013479,R02,South City,R02-M04,urban,multi_family
A013480,R03,West District,R03-M03,mixed,single_family
A013481,R09,Urban Belt,R09-M04,urban,single_family
A013482,R05,Central Region,R05-M02,urban,large_residential
A013483,R05,Central Region,R05-M04,urban,large_residential
A013484,R03,West District,R03-M01,mixed,multi_family
A013485,R02,South City,R02-M02,urban,multi_family
A013486,R01,North City,R01-M02,urban,single_family
A013487,R11,Border Region,R11-M03,mixed,single_family
A013488,R11,Border Region,R11-M01,mixed,single_family
A013489,R07,Mountain Region,R07-M03,rural,single_family
A013490,R08,Lake Region,R08-M01,rural,multi_family
A013491,R01,North City,R01-M04,urban,single_family
A013492,R04,East District,R04-M04,mixed,single_family
A013493,R02,South City,R02-M01,urban,single_family
A013494,R09,Urban Belt,R09-M01,urban,multi_family
A013495,R05,Central Region,R05-M02,urban,multi_family
A013496,R12,Metro Region,R12-M02,urban,multi_family
A013497,R04,East District,R04-M03,mixed,multi_family
A013498,R12,Metro Region,R12-M03,urban,multi_family
A013499,R09,Urban Belt,R09-M03,urban,multi_family
A013500,R10,Rural Belt,R10-M02,rural,multi_family
A013501,R09,Urban Belt,R09-M02,urban,multi_family
A013502,R08,Lake Region,R08-M02,rural,multi_family
A013503,R02,South City,R02-M01,urban,large_residential
A013504,R08,Lake Region,R08-M01,rural,multi_family
A013505,R09,Urban Belt,R09-M02,urban,single_family
A013506,R08,Lake Region,R08-M02,rural,multi_family
A013507,R10,Rural Belt,R10-M03,rural,single_family
A013508,R06,River Region,R06-M03,mixed,single_family
A013509,R11,Border Region,R11-M03,mixed,single_family
A013510,R08,Lake Region,R08-M03,rural,single_family
A013511,R01,North City,R01-M03,urban,multi_family
A013512,R02,South City,R02-M03,urban,multi_family
A013513,R03,West District,R03-M03,mixed,single_family
A013514,R06,River Region,R06-M01,mixed,large_residential
A013515,R12,Metro Region,R12-M02,urban,multi_family
A013516,R06,River Region,R06-M03,mixed,single_family
A013517,R10,Rural Belt,R10-M02,rural,single_family
A013518,R10,Rural Belt,R10-M02,rural,multi_family
A013519,R05,Central Region,R05-M01,urban,multi_family
A013520,R08,Lake Region,R08-M02,rural,single_family
A013521,R11,Border Region,R11-M01,mixed,single_family
A013522,R06,River Region,R06-M03,mixed,single_family
A013523,R05,Central Region,R05-M01,urban,multi_family
A013524,R05,Central Region,R05-M02,urban,multi_family
A013525,R01,North City,R01-M03,urban,multi_family
A013526,R11,Border Region,R11-M04,mixed,multi_family
A013527,R05,Central Region,R05-M02,urban,large_residential
A013528,R10,Rural Belt,R10-M03,rural,single_family
A013529,R02,South City,R02-M02,urban,multi_family
A013530,R05,Central Region,R05-M03,urban,multi_family
A013531,R02,South City,R02-M01,urban,multi_family
A013532,R01,North City,R01-M04,urban,large_residential
A013533,R08,Lake Region,R08-M03,rural,single_family
A013534,R05,Central Region,R05-M02,urban,multi_family
A013535,R01,North City,R01-M04,urban,single_family
A013536,R02,South City,R02-M04,urban,multi_family
A013537,R04,East District,R04-M02,mixed,single_family
A013538,R03,West District,R03-M01,mixed,multi_family
A013539,R09,Urban Belt,R09-M04,urban,multi_family
A013540,R01,North City,R01-M04,urban,multi_family
A013541,R05,Central Region,R05-M02,urban,multi_family
A013542,R03,West District,R03-M01,mixed,single_family
A013543,R11,Border Region,R11-M01,mixed,multi_family
A013544,R04,East District,R04-M02,mixed,multi_family
A013545,R09,Urban Belt,R09-M03,urban,multi_family
A013546,R03,West District,R03-M01,mixed,single_family
A013547,R11,Border Region,R11-M04,mixed,multi_family
A013548,R12,Metro Region,R12-M03,urban,single_family
A013549,R01,North City,R01-M01,urban,multi_family
A013550,R07,Mountain Region,R07-M04,rural,single_family
A013551,R01,North City,R01-M04,urban,single_family
A013552,R07,Mountain Region,R07-M04,rural,multi_family
A013553,R04,East District,R04-M03,mixed,multi_family
A013554,R07,Mountain Region,R07-M01,rural,single_family
A013555,R05,Central Region,R05-M02,urban,single_family
A013556,R09,Urban Belt,R09-M03,urban,multi_family
A013557,R05,Central Region,R05-M03,urban,multi_family
A013558,R06,River Region,R06-M01,mixed,multi_family
A013559,R08,Lake Region,R08-M01,rural,single_family
A013560,R05,Central Region,R05-M04,urban,multi_family
A013561,R04,East District,R04-M03,mixed,large_residential
A013562,R07,Mountain Region,R07-M04,rural,multi_family
A013563,R05,Central Region,R05-M03,urban,multi_family
A013564,R11,Border Region,R11-M01,mixed,large_residential
A013565,R04,East District,R04-M03,mixed,multi_family
A013566,R07,Mountain Region,R07-M04,rural,single_family
A013567,R07,Mountain Region,R07-M04,rural,single_family
A013568,R04,East District,R04-M02,mixed,single_family
A013569,R05,Central Region,R05-M03,urban,large_residential
A013570,R01,North City,R01-M02,urban,single_family
A013571,R12,Metro Region,R12-M01,urban,single_family
A013572,R11,Border Region,R11-M02,mixed,single_family
A013573,R11,Border Region,R11-M03,mixed,single_family
A013574,R12,Metro Region,R12-M02,urban,multi_family
A013575,R01,North City,R01-M01,urban,multi_family
A013576,R08,Lake Region,R08-M03,rural,single_family
A013577,R02,South City,R02-M02,urban,multi_family
A013578,R03,West District,R03-M02,mixed,single_family
A013579,R02,South City,R02-M01,urban,multi_family
A013580,R07,Mountain Region,R07-M03,rural,multi_family
A013581,R01,North City,R01-M02,urban,multi_family
A013582,R04,East District,R04-M03,mixed,multi_family
A013583,R09,Urban Belt,R09-M03,urban,multi_family
A013584,R06,River Region,R06-M04,mixed,single_family
A013585,R02,South City,R02-M01,urban,multi_family
A013586,R01,North City,R01-M02,urban,large_residential
A013587,R01,North City,R01-M04,urban,single_family
A013588,R02,South City,R02-M01,urban,single_family
A013589,R01,North City,R01-M03,urban,single_family
A013590,R01,North City,R01-M03,urban,multi_family
A013591,R12,Metro Region,R12-M02,urban,multi_family
A013592,R09,Urban Belt,R09-M02,urban,large_residential
A013593,R05,Central Region,R05-M01,urban,multi_family
A013594,R06,River Region,R06-M04,mixed,single_family
A013595,R02,South City,R02-M01,urban,single_family
A013596,R06,River Region,R06-M01,mixed,multi_family
A013597,R11,Border Region,R11-M04,mixed,single_family
A013598,R04,East District,R04-M04,mixed,multi_family
A013599,R04,East District,R04-M03,mixed,multi_family
A013600,R08,Lake Region,R08-M04,rural,multi_family
A013601,R01,North City,R01-M01,urban,multi_family
A013602,R06,River Region,R06-M02,mixed,multi_family
A013603,R05,Central Region,R05-M03,urban,large_residential
A013604,R03,West District,R03-M02,mixed,single_family
A013605,R05,Central Region,R05-M01,urban,multi_family
A013606,R04,East District,R04-M03,mixed,large_residential
A013607,R02,South City,R02-M04,urban,large_residential
A013608,R12,Metro Region,R12-M01,urban,multi_family
A013609,R01,North City,R01-M03,urban,single_family
A013610,R06,River Region,R06-M04,mixed,single_family
A013611,R02,South City,R02-M01,urban,multi_family
A013612,R05,Central Region,R05-M02,urban,multi_family
A013613,R01,North City,R01-M02,urban,multi_family
A013614,R07,Mountain Region,R07-M03,rural,single_family
A013615,R12,Metro Region,R12-M01,urban,multi_family
A013616,R12,Metro Region,R12-M01,urban,single_family
A013617,R11,Border Region,R11-M02,mixed,multi_family
A013618,R06,River Region,R06-M04,mixed,multi_family
A013619,R09,Urban Belt,R09-M01,urban,large_residential
A013620,R01,North City,R01-M01,urban,multi_family
A013621,R07,Mountain Region,R07-M03,rural,single_family
A013622,R02,South City,R02-M01,urban,multi_family
A013623,R11,Border Region,R11-M01,mixed,large_residential
A013624,R12,Metro Region,R12-M03,urban,large_residential
A013625,R06,River Region,R06-M04,mixed,large_residential
A013626,R04,East District,R04-M01,mixed,multi_family
A013627,R01,North City,R01-M01,urban,multi_family
A013628,R01,North City,R01-M01,urban,single_family
A013629,R12,Metro Region,R12-M02,urban,single_family
A013630,R03,West District,R03-M01,mixed,single_family
A013631,R05,Central Region,R05-M03,urban,large_residential
A013632,R09,Urban Belt,R09-M03,urban,multi_family
A013633,R08,Lake Region,R08-M01,rural,multi_family
A013634,R01,North City,R01-M03,urban,single_family
A013635,R03,West District,R03-M04,mixed,multi_family
A013636,R01,North City,R01-M02,urban,multi_family
A013637,R01,North City,R01-M04,urban,single_family
A013638,R04,East District,R04-M01,mixed,multi_family
A013639,R12,Metro Region,R12-M01,urban,single_family
A013640,R06,River Region,R06-M01,mixed,multi_family
A013641,R06,River Region,R06-M02,mixed,single_family
A013642,R01,North City,R01-M04,urban,multi_family
A013643,R02,South City,R02-M02,urban,single_family
A013644,R04,East District,R04-M01,mixed,large_residential
A013645,R06,River Region,R06-M04,mixed,single_family
A013646,R01,North City,R01-M01,urban,single_family
A013647,R07,Mountain Region,R07-M02,rural,single_family
A013648,R02,South City,R02-M01,urban,multi_family
A013649,R09,Urban Belt,R09-M01,urban,single_family
A013650,R06,River Region,R06-M02,mixed,single_family
A013651,R09,Urban Belt,R09-M02,urban,multi_family
A013652,R12,Metro Region,R12-M03,urban,single_family
A013653,R05,Central Region,R05-M04,urban,multi_family
A013654,R07,Mountain Region,R07-M02,rural,multi_family
A013655,R01,North City,R01-M04,urban,multi_family
A013656,R04,East District,R04-M03,mixed,single_family
A013657,R11,Border Region,R11-M03,mixed,single_family
A013658,R09,Urban Belt,R09-M03,urban,multi_family
A013659,R10,Rural Belt,R10-M02,rural,single_family
A013660,R12,Metro Region,R12-M04,urban,single_family
A013661,R07,Mountain Region,R07-M01,rural,single_family
A013662,R02,South City,R02-M04,urban,multi_family
A013663,R04,East District,R04-M01,mixed,large_residential
A013664,R07,Mountain Region,R07-M04,rural,single_family
A013665,R03,West District,R03-M01,mixed,single_family
A013666,R04,East District,R04-M04,mixed,single_family
A013667,R02,South City,R02-M04,urban,multi_family
A013668,R08,Lake Region,R08-M03,rural,multi_family
A013669,R01,North City,R01-M03,urban,large_residential
A013670,R10,Rural Belt,R10-M02,rural,single_family
A013671,R12,Metro Region,R12-M01,urban,single_family
A013672,R08,Lake Region,R08-M01,rural,single_family
A013673,R03,West District,R03-M02,mixed,single_family
A013674,R09,Urban Belt,R09-M01,urban,multi_family
A013675,R02,South City,R02-M03,urban,multi_family
A013676,R08,Lake Region,R08-M02,rural,single_family
A013677,R09,Urban Belt,R09-M01,urban,multi_family
A013678,R05,Central Region,R05-M04,urban,multi_family
A013679,R01,North City,R01-M01,urban,single_family
A013680,R05,Central Region,R05-M02,urban,large_residential
A013681,R09,Urban Belt,R09-M03,urban,multi_family
A013682,R10,Rural Belt,R10-M03,rural,single_family
A013683,R07,Mountain Region,R07-M04,rural,multi_family
A013684,R10,Rural Belt,R10-M03,rural,single_family
A013685,R09,Urban Belt,R09-M03,urban,multi_family
A013686,R11,Border Region,R11-M01,mixed,multi_family
A013687,R06,River Region,R06-M01,mixed,multi_family
A013688,R09,Urban Belt,R09-M03,urban,multi_family
A013689,R08,Lake Region,R08-M03,rural,single_family
A013690,R03,West District,R03-M02,mixed,single_family
A013691,R09,Urban Belt,R09-M04,urban,multi_family
A013692,R05,Central Region,R05-M04,urban,multi_family
A013693,R03,West District,R03-M04,mixed,multi_family
A013694,R09,Urban Belt,R09-M04,urban,single_family
A013695,R04,East District,R04-M04,mixed,single_family
A013696,R06,River Region,R06-M03,mixed,large_residential
A013697,R03,West District,R03-M02,mixed,single_family
A013698,R10,Rural Belt,R10-M02,rural,single_family
A013699,R08,Lake Region,R08-M01,rural,multi_family
A013700,R01,North City,R01-M02,urban,single_family
A013701,R09,Urban Belt,R09-M02,urban,large_residential
A013702,R10,Rural Belt,R10-M02,rural,multi_family
A013703,R03,West District,R03-M01,mixed,multi_family
A013704,R09,Urban Belt,R09-M04,urban,multi_family
A013705,R03,West District,R03-M04,mixed,single_family
A013706,R12,Metro Region,R12-M04,urban,single_family
A013707,R06,River Region,R06-M03,mixed,single_family
A013708,R06,River Region,R06-M03,mixed,single_family
A013709,R05,Central Region,R05-M02,urban,multi_family
A013710,R12,Metro Region,R12-M01,urban,single_family
A013711,R01,North City,R01-M01,urban,large_residential
A013712,R06,River Region,R06-M01,mixed,multi_family
A013713,R05,Central Region,R05-M03,urban,single_family
A013714,R06,River Region,R06-M03,mixed,multi_family
A013715,R10,Rural Belt,R10-M01,rural,single_family
A013716,R06,River Region,R06-M03,mixed,multi_family
A013717,R10,Rural Belt,R10-M02,rural,single_family
A013718,R10,Rural Belt,R10-M03,rural,single_family
A013719,R02,South City,R02-M01,urban,large_residential
A013720,R03,West District,R03-M01,mixed,multi_family
A013721,R01,North City,R01-M04,urban,large_residential
A013722,R09,Urban Belt,R09-M03,urban,large_residential
A013723,R06,River Region,R06-M02,mixed,multi_family
A013724,R10,Rural Belt,R10-M01,rural,single_family
A013725,R02,South City,R02-M04,urban,multi_family
A013726,R12,Metro Region,R12-M04,urban,large_residential
A013727,R10,Rural Belt,R10-M03,rural,single_family
A013728,R02,South City,R02-M02,urban,single_family
A013729,R05,Central Region,R05-M04,urban,large_residential
A013730,R12,Metro Region,R12-M03,urban,single_family
A013731,R12,Metro Region,R12-M01,urban,multi_family
A013732,R01,North City,R01-M02,urban,multi_family
A013733,R05,Central Region,R05-M03,urban,multi_family
A013734,R02,South City,R02-M01,urban,multi_family
A013735,R08,Lake Region,R08-M01,rural,single_family
A013736,R08,Lake Region,R08-M02,rural,multi_family
A013737,R02,South City,R02-M01,urban,single_family
A013738,R01,North City,R01-M01,urban,multi_family
A013739,R06,River Region,R06-M02,mixed,single_family
A013740,R02,South City,R02-M03,urban,single_family
A013741,R12,Metro Region,R12-M03,urban,large_residential
A013742,R02,South City,R02-M02,urban,multi_family
A013743,R04,East District,R04-M04,mixed,multi_family
A013744,R05,Central Region,R05-M04,urban,multi_family
A013745,R04,East District,R04-M01,mixed,multi_family
A013746,R05,Central Region,R05-M02,urban,large_residential
A013747,R01,North City,R01-M03,urban,multi_family
A013748,R10,Rural Belt,R10-M02,rural,single_family
A013749,R02,South City,R02-M02,urban,multi_family
A013750,R01,North City,R01-M01,urban,single_family
A013751,R04,East District,R04-M04,mixed,multi_family
A013752,R09,Urban Belt,R09-M03,urban,multi_family
A013753,R01,North City,R01-M02,urban,multi_family
A013754,R07,Mountain Region,R07-M02,rural,single_family
A013755,R11,Border Region,R11-M04,mixed,single_family
A013756,R09,Urban Belt,R09-M02,urban,multi_family
A013757,R09,Urban Belt,R09-M03,urban,single_family
A013758,R12,Metro Region,R12-M02,urban,multi_family
A013759,R12,Metro Region,R12-M01,urban,large_residential
A013760,R02,South City,R02-M02,urban,single_family
A013761,R07,Mountain Region,R07-M01,rural,single_family
A013762,R09,Urban Belt,R09-M03,urban,large_residential
A013763,R09,Urban Belt,R09-M03,urban,multi_family
A013764,R07,Mountain Region,R07-M03,rural,single_family
A013765,R10,Rural Belt,R10-M04,rural,single_family
A013766,R04,East District,R04-M03,mixed,single_family
A013767,R10,Rural Belt,R10-M04,rural,single_family
A013768,R12,Metro Region,R12-M04,urban,single_family
A013769,R02,South City,R02-M04,urban,multi_family
A013770,R09,Urban Belt,R09-M02,urban,multi_family
A013771,R06,River Region,R06-M02,mixed,multi_family
A013772,R01,North City,R01-M02,urban,multi_family
A013773,R02,South City,R02-M04,urban,multi_family
A013774,R02,South City,R02-M03,urban,single_family
A013775,R08,Lake Region,R08-M02,rural,single_family
A013776,R09,Urban Belt,R09-M02,urban,multi_family
A013777,R08,Lake Region,R08-M01,rural,single_family
A013778,R10,Rural Belt,R10-M02,rural,single_family
A013779,R04,East District,R04-M03,mixed,multi_family
A013780,R09,Urban Belt,R09-M02,urban,single_family
A013781,R02,South City,R02-M02,urban,multi_family
A013782,R08,Lake Region,R08-M02,rural,single_family
A013783,R05,Central Region,R05-M02,urban,multi_family
A013784,R10,Rural Belt,R10-M02,rural,single_family
A013785,R03,West District,R03-M04,mixed,multi_family
A013786,R06,River Region,R06-M01,mixed,single_family
A013787,R06,River Region,R06-M02,mixed,multi_family
A013788,R09,Urban Belt,R09-M03,urban,multi_family
A013789,R04,East District,R04-M01,mixed,multi_family
A013790,R03,West District,R03-M02,mixed,single_family
A013791,R08,Lake Region,R08-M02,rural,single_family
A013792,R09,Urban Belt,R09-M02,urban,large_residential
A013793,R02,South City,R02-M01,urban,multi_family
A013794,R10,Rural Belt,R10-M01,rural,single_family
A013795,R10,Rural Belt,R10-M03,rural,multi_family
A013796,R02,South City,R02-M02,urban,multi_family
A013797,R11,Border Region,R11-M02,mixed,multi_family
A013798,R02,South City,R02-M01,urban,multi_family
A013799,R11,Border Region,R11-M01,mixed,single_family
A013800,R02,South City,R02-M02,urban,multi_family
A013801,R10,Rural Belt,R10-M04,rural,single_family
A013802,R03,West District,R03-M01,mixed,single_family
A013803,R08,Lake Region,R08-M04,rural,single_family
A013804,R09,Urban Belt,R09-M02,urban,single_family
A013805,R11,Border Region,R11-M03,mixed,multi_family
A013806,R10,Rural Belt,R10-M02,rural,single_family
A013807,R04,East District,R04-M04,mixed,single_family
A013808,R12,Metro Region,R12-M01,urban,multi_family
A013809,R09,Urban Belt,R09-M03,urban,large_residential
A013810,R03,West District,R03-M01,mixed,multi_family
A013811,R11,Border Region,R11-M03,mixed,multi_family
A013812,R02,South City,R02-M01,urban,multi_family
A013813,R06,River Region,R06-M02,mixed,single_family
A013814,R04,East District,R04-M01,mixed,single_family
A013815,R01,North City,R01-M03,urban,multi_family
A013816,R03,West District,R03-M04,mixed,multi_family
A013817,R08,Lake Region,R08-M04,rural,multi_family
A013818,R11,Border Region,R11-M03,mixed,large_residential
A013819,R09,Urban Belt,R09-M01,urban,multi_family
A013820,R01,North City,R01-M03,urban,large_residential
A013821,R03,West District,R03-M03,mixed,multi_family
A013822,R10,Rural Belt,R10-M01,rural,single_family
A013823,R12,Metro Region,R12-M02,urban,multi_family
A013824,R10,Rural Belt,R10-M01,rural,multi_family
A013825,R05,Central Region,R05-M04,urban,single_family
A013826,R10,Rural Belt,R10-M01,rural,single_family
A013827,R01,North City,R01-M03,urban,large_residential
A013828,R05,Central Region,R05-M03,urban,single_family
A013829,R10,Rural Belt,R10-M01,rural,single_family
A013830,R02,South City,R02-M04,urban,multi_family
A013831,R09,Urban Belt,R09-M03,urban,multi_family
A013832,R07,Mountain Region,R07-M04,rural,multi_family
A013833,R08,Lake Region,R08-M01,rural,multi_family
A013834,R02,South City,R02-M04,urban,single_family
A013835,R12,Metro Region,R12-M03,urban,multi_family
A013836,R01,North City,R01-M04,urban,multi_family
A013837,R12,Metro Region,R12-M02,urban,multi_family
A013838,R07,Mountain Region,R07-M03,rural,large_residential
A013839,R05,Central Region,R05-M03,urban,large_residential
A013840,R03,West District,R03-M03,mixed,multi_family
A013841,R04,East District,R04-M03,mixed,multi_family
A013842,R10,Rural Belt,R10-M04,rural,single_family
A013843,R04,East District,R04-M03,mixed,multi_family
A013844,R09,Urban Belt,R09-M02,urban,multi_family
A013845,R03,West District,R03-M04,mixed,single_family
A013846,R05,Central Region,R05-M04,urban,single_family
A013847,R11,Border Region,R11-M02,mixed,large_residential
A013848,R03,West District,R03-M03,mixed,multi_family
A013849,R04,East District,R04-M03,mixed,multi_family
A013850,R11,Border Region,R11-M03,mixed,single_family
A013851,R01,North City,R01-M04,urban,multi_family
A013852,R01,North City,R01-M04,urban,multi_family
A013853,R04,East District,R04-M04,mixed,single_family
A013854,R05,Central Region,R05-M01,urban,multi_family
A013855,R10,Rural Belt,R10-M04,rural,multi_family
A013856,R03,West District,R03-M01,mixed,single_family
A013857,R02,South City,R02-M02,urban,large_residential
A013858,R06,River Region,R06-M03,mixed,single_family
A013859,R12,Metro Region,R12-M02,urban,multi_family
A013860,R03,West District,R03-M04,mixed,single_family
A013861,R12,Metro Region,R12-M04,urban,multi_family
A013862,R01,North City,R01-M04,urban,large_residential
A013863,R09,Urban Belt,R09-M01,urban,single_family
A013864,R12,Metro Region,R12-M04,urban,single_family
A013865,R05,Central Region,R05-M01,urban,single_family
A013866,R01,North City,R01-M02,urban,single_family
A013867,R09,Urban Belt,R09-M01,urban,multi_family
A013868,R02,South City,R02-M01,urban,multi_family
A013869,R05,Central Region,R05-M02,urban,single_family
A013870,R02,South City,R02-M03,urban,single_family
A013871,R04,East District,R04-M02,mixed,single_family
A013872,R06,River Region,R06-M04,mixed,single_family
A013873,R03,West District,R03-M02,mixed,single_family
A013874,R03,West District,R03-M04,mixed,large_residential
A013875,R03,West District,R03-M03,mixed,single_family
A013876,R02,South City,R02-M04,urban,single_family
A013877,R12,Metro Region,R12-M03,urban,multi_family
A013878,R05,Central Region,R05-M03,urban,single_family
A013879,R06,River Region,R06-M04,mixed,single_family
A013880,R06,River Region,R06-M03,mixed,single_family
A013881,R09,Urban Belt,R09-M01,urban,multi_family
A013882,R02,South City,R02-M01,urban,large_residential
A013883,R05,Central Region,R05-M01,urban,single_family
A013884,R10,Rural Belt,R10-M03,rural,single_family
A013885,R05,Central Region,R05-M01,urban,large_residential
A013886,R03,West District,R03-M04,mixed,single_family
A013887,R08,Lake Region,R08-M02,rural,single_family
A013888,R12,Metro Region,R12-M01,urban,multi_family
A013889,R07,Mountain Region,R07-M03,rural,single_family
A013890,R02,South City,R02-M04,urban,single_family
A013891,R12,Metro Region,R12-M01,urban,single_family
A013892,R11,Border Region,R11-M02,mixed,multi_family
A013893,R02,South City,R02-M02,urban,multi_family
A013894,R03,West District,R03-M03,mixed,multi_family
A013895,R10,Rural Belt,R10-M03,rural,multi_family
A013896,R11,Border Region,R11-M03,mixed,large_residential
A013897,R04,East District,R04-M02,mixed,multi_family
A013898,R05,Central Region,R05-M03,urban,multi_family
A013899,R08,Lake Region,R08-M02,rural,single_family
A013900,R12,Metro Region,R12-M02,urban,multi_family
A013901,R03,West District,R03-M02,mixed,multi_family
A013902,R06,River Region,R06-M02,mixed,multi_family
A013903,R12,Metro Region,R12-M04,urban,multi_family
A013904,R01,North City,R01-M03,urban,single_family
A013905,R02,South City,R02-M02,urban,large_residential
A013906,R04,East District,R04-M02,mixed,large_residential
A013907,R12,Metro Region,R12-M01,urban,large_residential
A013908,R07,Mountain Region,R07-M03,rural,single_family
A013909,R09,Urban Belt,R09-M01,urban,multi_family
A013910,R09,Urban Belt,R09-M04,urban,large_residential
A013911,R08,Lake Region,R08-M01,rural,multi_family
A013912,R01,North City,R01-M01,urban,multi_family
A013913,R06,River Region,R06-M03,mixed,large_residential
A013914,R04,East District,R04-M02,mixed,large_residential
A013915,R07,Mountain Region,R07-M04,rural,single_family
A013916,R11,Border Region,R11-M03,mixed,single_family
A013917,R01,North City,R01-M03,urban,multi_family
A013918,R06,River Region,R06-M03,mixed,multi_family
A013919,R03,West District,R03-M04,mixed,multi_family
A013920,R12,Metro Region,R12-M04,urban,single_family
A013921,R05,Central Region,R05-M02,urban,large_residential
A013922,R08,Lake Region,R08-M01,rural,multi_family
A013923,R11,Border Region,R11-M04,mixed,large_residential
A013924,R06,River Region,R06-M01,mixed,multi_family
A013925,R09,Urban Belt,R09-M02,urban,large_residential
A013926,R12,Metro Region,R12-M04,urban,multi_family
A013927,R06,River Region,R06-M02,mixed,single_family
A013928,R06,River Region,R06-M04,mixed,single_family
A013929,R02,South City,R02-M04,urban,large_residential
A013930,R04,East District,R04-M01,mixed,multi_family
A013931,R01,North City,R01-M04,urban,multi_family
A013932,R04,East District,R04-M04,mixed,multi_family
A013933,R08,Lake Region,R08-M03,rural,multi_family
A013934,R12,Metro Region,R12-M02,urban,single_family
A013935,R02,South City,R02-M02,urban,large_residential
A013936,R06,River Region,R06-M02,mixed,single_family
A013937,R05,Central Region,R05-M01,urban,single_family
A013938,R08,Lake Region,R08-M01,rural,multi_family
A013939,R09,Urban Belt,R09-M03,urban,multi_family
A013940,R04,East District,R04-M03,mixed,large_residential
A013941,R01,North City,R01-M03,urban,multi_family
A013942,R09,Urban Belt,R09-M03,urban,single_family
A013943,R01,North City,R01-M02,urban,single_family
A013944,R01,North City,R01-M03,urban,multi_family
A013945,R09,Urban Belt,R09-M01,urban,single_family
A013946,R06,River Region,R06-M04,mixed,multi_family
A013947,R03,West District,R03-M04,mixed,single_family
A013948,R09,Urban Belt,R09-M02,urban,large_residential
A013949,R05,Central Region,R05-M04,urban,multi_family
A013950,R03,West District,R03-M02,mixed,multi_family
A013951,R05,Central Region,R05-M02,urban,multi_family
A013952,R09,Urban Belt,R09-M03,urban,multi_family
A013953,R07,Mountain Region,R07-M02,rural,single_family
A013954,R07,Mountain Region,R07-M01,rural,multi_family
A013955,R01,North City,R01-M03,urban,large_residential
A013956,R05,Central Region,R05-M03,urban,single_family
A013957,R11,Border Region,R11-M02,mixed,single_family
A013958,R01,North City,R01-M02,urban,multi_family
A013959,R09,Urban Belt,R09-M02,urban,multi_family
A013960,R05,Central Region,R05-M02,urban,multi_family
A013961,R10,Rural Belt,R10-M01,rural,multi_family
A013962,R04,East District,R04-M04,mixed,single_family
A013963,R03,West District,R03-M04,mixed,single_family
A013964,R01,North City,R01-M03,urban,large_residential
A013965,R10,Rural Belt,R10-M03,rural,large_residential
A013966,R01,North City,R01-M02,urban,multi_family
A013967,R04,East District,R04-M04,mixed,multi_family
A013968,R06,River Region,R06-M01,mixed,multi_family
A013969,R02,South City,R02-M02,urban,single_family
A013970,R05,Central Region,R05-M01,urban,multi_family
A013971,R09,Urban Belt,R09-M04,urban,single_family
A013972,R06,River Region,R06-M03,mixed,multi_family
A013973,R03,West District,R03-M03,mixed,multi_family
A013974,R06,River Region,R06-M02,mixed,single_family
A013975,R05,Central Region,R05-M01,urban,multi_family
A013976,R07,Mountain Region,R07-M03,rural,single_family
A013977,R12,Metro Region,R12-M03,urban,large_residential
A013978,R12,Metro Region,R12-M03,urban,multi_family
A013979,R12,Metro Region,R12-M02,urban,large_residential
A013980,R05,Central Region,R05-M03,urban,large_residential
A013981,R01,North City,R01-M02,urban,single_family
A013982,R07,Mountain Region,R07-M01,rural,single_family
A013983,R08,Lake Region,R08-M04,rural,single_family
A013984,R06,River Region,R06-M03,mixed,single_family
A013985,R01,North City,R01-M04,urban,multi_family
A013986,R12,Metro Region,R12-M04,urban,multi_family
A013987,R08,Lake Region,R08-M04,rural,multi_family
A013988,R09,Urban Belt,R09-M01,urban,single_family
A013989,R03,West District,R03-M03,mixed,multi_family
A013990,R01,North City,R01-M03,urban,multi_family
A013991,R05,Central Region,R05-M03,urban,multi_family
A013992,R12,Metro Region,R12-M01,urban,large_residential
A013993,R08,Lake Region,R08-M01,rural,single_family
A013994,R03,West District,R03-M03,mixed,large_residential
A013995,R09,Urban Belt,R09-M02,urban,multi_family
A013996,R11,Border Region,R11-M03,mixed,multi_family
A013997,R09,Urban Belt,R09-M01,urban,multi_family
A013998,R05,Central Region,R05-M01,urban,single_family
A013999,R04,East District,R04-M04,mixed,multi_family
A014000,R03,West District,R03-M01,mixed,multi_family
A014001,R01,North City,R01-M02,urban,multi_family
A014002,R06,River Region,R06-M01,mixed,single_family
A014003,R05,Central Region,R05-M04,urban,multi_family
A014004,R08,Lake Region,R08-M03,rural,single_family
A014005,R09,Urban Belt,R09-M01,urban,multi_family
A014006,R06,River Region,R06-M02,mixed,single_family
A014007,R05,Central Region,R05-M03,urban,multi_family
A014008,R05,Central Region,R05-M03,urban,multi_family
A014009,R04,East District,R04-M01,mixed,large_residential
A014010,R08,Lake Region,R08-M03,rural,single_family
A014011,R01,North City,R01-M02,urban,multi_family
A014012,R03,West District,R03-M03,mixed,multi_family
A014013,R09,Urban Belt,R09-M01,urban,multi_family
A014014,R11,Border Region,R11-M01,mixed,multi_family
A014015,R11,Border Region,R11-M03,mixed,multi_family
A014016,R11,Border Region,R11-M02,mixed,multi_family
A014017,R05,Central Region,R05-M04,urban,large_residential
A014018,R06,River Region,R06-M01,mixed,multi_family
A014019,R01,North City,R01-M02,urban,multi_family
A014020,R01,North City,R01-M04,urban,multi_family
A014021,R02,South City,R02-M03,urban,single_family
A014022,R12,Metro Region,R12-M01,urban,single_family
A014023,R08,Lake Region,R08-M02,rural,single_family
A014024,R09,Urban Belt,R09-M02,urban,multi_family
A014025,R05,Central Region,R05-M03,urban,large_residential
A014026,R02,South City,R02-M01,urban,large_residential
A014027,R02,South City,R02-M04,urban,multi_family
A014028,R07,Mountain Region,R07-M02,rural,single_family
A014029,R07,Mountain Region,R07-M04,rural,multi_family
A014030,R09,Urban Belt,R09-M01,urban,multi_family
A014031,R11,Border Region,R11-M02,mixed,single_family
A014032,R02,South City,R02-M03,urban,large_residential
A014033,R03,West District,R03-M01,mixed,multi_family
A014034,R02,South City,R02-M03,urban,large_residential
A014035,R08,Lake Region,R08-M03,rural,single_family
A014036,R11,Border Region,R11-M03,mixed,single_family
A014037,R10,Rural Belt,R10-M01,rural,single_family
A014038,R01,North City,R01-M03,urban,large_residential
A014039,R06,River Region,R06-M04,mixed,single_family
A014040,R09,Urban Belt,R09-M02,urban,multi_family
A014041,R02,South City,R02-M03,urban,single_family
A014042,R09,Urban Belt,R09-M01,urban,multi_family
A014043,R03,West District,R03-M02,mixed,multi_family
A014044,R10,Rural Belt,R10-M03,rural,single_family
A014045,R04,East District,R04-M02,mixed,large_residential
A014046,R09,Urban Belt,R09-M03,urban,single_family
A014047,R11,Border Region,R11-M03,mixed,multi_family
A014048,R11,Border Region,R11-M04,mixed,single_family
A014049,R12,Metro Region,R12-M03,urban,multi_family
A014050,R09,Urban Belt,R09-M02,urban,multi_family
A014051,R03,West District,R03-M02,mixed,multi_family
A014052,R12,Metro Region,R12-M04,urban,single_family
A014053,R09,Urban Belt,R09-M03,urban,single_family
A014054,R10,Rural Belt,R10-M03,rural,multi_family
A014055,R03,West District,R03-M01,mixed,multi_family
A014056,R06,River Region,R06-M02,mixed,single_family
A014057,R04,East District,R04-M02,mixed,multi_family
A014058,R08,Lake Region,R08-M01,rural,single_family
A014059,R01,North City,R01-M03,urban,multi_family
A014060,R01,North City,R01-M02,urban,multi_family
A014061,R08,Lake Region,R08-M01,rural,single_family
A014062,R06,River Region,R06-M03,mixed,large_residential
A014063,R02,South City,R02-M03,urban,multi_family
A014064,R10,Rural Belt,R10-M04,rural,multi_family
A014065,R07,Mountain Region,R07-M02,rural,large_residential
A014066,R06,River Region,R06-M01,mixed,multi_family
A014067,R02,South City,R02-M03,urban,multi_family
A014068,R04,East District,R04-M02,mixed,multi_family
A014069,R11,Border Region,R11-M04,mixed,large_residential
A014070,R04,East District,R04-M03,mixed,multi_family
A014071,R02,South City,R02-M02,urban,multi_family
A014072,R09,Urban Belt,R09-M04,urban,multi_family
A014073,R02,South City,R02-M01,urban,large_residential
A014074,R05,Central Region,R05-M04,urban,single_family
A014075,R08,Lake Region,R08-M04,rural,single_family
A014076,R12,Metro Region,R12-M03,urban,large_residential
A014077,R11,Border Region,R11-M01,mixed,single_family
A014078,R12,Metro Region,R12-M01,urban,multi_family
A014079,R01,North City,R01-M03,urban,multi_family
A014080,R07,Mountain Region,R07-M02,rural,single_family
A014081,R04,East District,R04-M03,mixed,single_family
A014082,R09,Urban Belt,R09-M02,urban,multi_family
A014083,R06,River Region,R06-M03,mixed,multi_family
A014084,R11,Border Region,R11-M04,mixed,single_family
A014085,R02,South City,R02-M03,urban,large_residential
A014086,R05,Central Region,R05-M04,urban,large_residential
A014087,R02,South City,R02-M01,urban,multi_family
A014088,R01,North City,R01-M03,urban,multi_family
A014089,R10,Rural Belt,R10-M04,rural,single_family
A014090,R01,North City,R01-M01,urban,single_family
A014091,R10,Rural Belt,R10-M01,rural,single_family
A014092,R01,North City,R01-M04,urban,multi_family
A014093,R12,Metro Region,R12-M01,urban,single_family
A014094,R02,South City,R02-M01,urban,multi_family
A014095,R03,West District,R03-M01,mixed,single_family
A014096,R09,Urban Belt,R09-M04,urban,multi_family
A014097,R02,South City,R02-M04,urban,single_family
A014098,R01,North City,R01-M01,urban,multi_family
A014099,R09,Urban Belt,R09-M02,urban,multi_family
A014100,R02,South City,R02-M02,urban,single_family
A014101,R01,North City,R01-M03,urban,large_residential
A014102,R05,Central Region,R05-M03,urban,multi_family
A014103,R01,North City,R01-M01,urban,multi_family
A014104,R02,South City,R02-M01,urban,large_residential
A014105,R01,North City,R01-M04,urban,large_residential
A014106,R12,Metro Region,R12-M02,urban,single_family
A014107,R11,Border Region,R11-M04,mixed,large_residential
A014108,R09,Urban Belt,R09-M04,urban,large_residential
A014109,R01,North City,R01-M03,urban,large_residential
A014110,R05,Central Region,R05-M02,urban,single_family
A014111,R10,Rural Belt,R10-M04,rural,single_family
A014112,R05,Central Region,R05-M02,urban,multi_family
A014113,R02,South City,R02-M01,urban,multi_family
A014114,R03,West District,R03-M04,mixed,single_family
A014115,R09,Urban Belt,R09-M03,urban,large_residential
A014116,R04,East District,R04-M01,mixed,multi_family
A014117,R05,Central Region,R05-M04,urban,single_family
A014118,R03,West District,R03-M02,mixed,multi_family
A014119,R10,Rural Belt,R10-M03,rural,single_family
A014120,R12,Metro Region,R12-M03,urban,multi_family
A014121,R07,Mountain Region,R07-M03,rural,multi_family
A014122,R02,South City,R02-M01,urban,large_residential
A014123,R04,East District,R04-M01,mixed,single_family
A014124,R11,Border Region,R11-M02,mixed,multi_family
A014125,R07,Mountain Region,R07-M03,rural,single_family
A014126,R01,North City,R01-M02,urban,multi_family
A014127,R02,South City,R02-M03,urban,multi_family
A014128,R02,South City,R02-M03,urban,multi_family
A014129,R12,Metro Region,R12-M01,urban,multi_family
A014130,R09,Urban Belt,R09-M04,urban,multi_family
A014131,R05,Central Region,R05-M04,urban,multi_family
A014132,R12,Metro Region,R12-M01,urban,multi_family
A014133,R12,Metro Region,R12-M04,urban,large_residential
A014134,R01,North City,R01-M01,urban,single_family
A014135,R12,Metro Region,R12-M03,urban,multi_family
A014136,R12,Metro Region,R12-M01,urban,multi_family
A014137,R05,Central Region,R05-M04,urban,multi_family
A014138,R02,South City,R02-M01,urban,multi_family
A014139,R12,Metro Region,R12-M04,urban,single_family
A014140,R01,North City,R01-M01,urban,single_family
A014141,R06,River Region,R06-M01,mixed,large_residential
A014142,R01,North City,R01-M01,urban,multi_family
A014143,R03,West District,R03-M03,mixed,multi_family
A014144,R04,East District,R04-M03,mixed,multi_family
A014145,R09,Urban Belt,R09-M03,urban,multi_family
A014146,R02,South City,R02-M04,urban,single_family
A014147,R02,South City,R02-M04,urban,single_family
A014148,R06,River Region,R06-M04,mixed,single_family
A014149,R03,West District,R03-M02,mixed,multi_family
A014150,R05,Central Region,R05-M02,urban,multi_family
A014151,R01,North City,R01-M03,urban,multi_family
A014152,R05,Central Region,R05-M04,urban,multi_family
A014153,R09,Urban Belt,R09-M01,urban,multi_family
A014154,R03,West District,R03-M02,mixed,large_residential
A014155,R03,West District,R03-M01,mixed,multi_family
A014156,R05,Central Region,R05-M03,urban,multi_family
A014157,R02,South City,R02-M01,urban,single_family
A014158,R08,Lake Region,R08-M04,rural,single_family
A014159,R01,North City,R01-M02,urban,multi_family
A014160,R06,River Region,R06-M03,mixed,multi_family
A014161,R07,Mountain Region,R07-M01,rural,single_family
A014162,R07,Mountain Region,R07-M03,rural,single_family
A014163,R09,Urban Belt,R09-M03,urban,multi_family
A014164,R02,South City,R02-M03,urban,large_residential
A014165,R04,East District,R04-M02,mixed,single_family
A014166,R05,Central Region,R05-M01,urban,multi_family
A014167,R09,Urban Belt,R09-M03,urban,single_family
A014168,R01,North City,R01-M04,urban,multi_family
A014169,R05,Central Region,R05-M01,urban,single_family
A014170,R07,Mountain Region,R07-M01,rural,multi_family
A014171,R01,North City,R01-M01,urban,multi_family
A014172,R04,East District,R04-M01,mixed,single_family
A014173,R03,West District,R03-M02,mixed,single_family
A014174,R07,Mountain Region,R07-M03,rural,single_family
A014175,R02,South City,R02-M01,urban,single_family
A014176,R06,River Region,R06-M04,mixed,single_family
A014177,R12,Metro Region,R12-M01,urban,multi_family
A014178,R09,Urban Belt,R09-M01,urban,large_residential
A014179,R01,North City,R01-M02,urban,single_family
A014180,R04,East District,R04-M01,mixed,single_family
A014181,R02,South City,R02-M04,urban,multi_family
A014182,R06,River Region,R06-M04,mixed,single_family
A014183,R02,South City,R02-M04,urban,single_family
A014184,R09,Urban Belt,R09-M02,urban,large_residential
A014185,R12,Metro Region,R12-M02,urban,multi_family
A014186,R12,Metro Region,R12-M04,urban,single_family
A014187,R09,Urban Belt,R09-M03,urban,multi_family
A014188,R06,River Region,R06-M01,mixed,multi_family
A014189,R05,Central Region,R05-M04,urban,large_residential
A014190,R10,Rural Belt,R10-M01,rural,multi_family
A014191,R06,River Region,R06-M02,mixed,multi_family
A014192,R07,Mountain Region,R07-M02,rural,single_family
A014193,R07,Mountain Region,R07-M04,rural,single_family
A014194,R12,Metro Region,R12-M02,urban,multi_family
A014195,R09,Urban Belt,R09-M04,urban,multi_family
A014196,R03,West District,R03-M04,mixed,multi_family
A014197,R04,East District,R04-M04,mixed,multi_family
A014198,R03,West District,R03-M03,mixed,single_family
A014199,R02,South City,R02-M03,urban,single_family
A014200,R06,River Region,R06-M02,mixed,single_family
A014201,R04,East District,R04-M02,mixed,single_family
A014202,R07,Mountain Region,R07-M04,rural,single_family
A014203,R10,Rural Belt,R10-M04,rural,single_family
A014204,R08,Lake Region,R08-M02,rural,multi_family
A014205,R11,Border Region,R11-M04,mixed,single_family
A014206,R02,South City,R02-M03,urban,multi_family
A014207,R02,South City,R02-M04,urban,multi_family
A014208,R05,Central Region,R05-M03,urban,multi_family
A014209,R04,East District,R04-M01,mixed,single_family
A014210,R03,West District,R03-M03,mixed,single_family
A014211,R10,Rural Belt,R10-M04,rural,single_family
A014212,R05,Central Region,R05-M03,urban,multi_family
A014213,R09,Urban Belt,R09-M04,urban,large_residential
A014214,R09,Urban Belt,R09-M01,urban,multi_family
A014215,R09,Urban Belt,R09-M03,urban,multi_family
A014216,R03,West District,R03-M01,mixed,single_family
A014217,R02,South City,R02-M03,urban,single_family
A014218,R03,West District,R03-M04,mixed,large_residential
A014219,R09,Urban Belt,R09-M01,urban,single_family
A014220,R09,Urban Belt,R09-M02,urban,multi_family
A014221,R03,West District,R03-M02,mixed,single_family
A014222,R01,North City,R01-M03,urban,single_family
A014223,R10,Rural Belt,R10-M03,rural,single_family
A014224,R05,Central Region,R05-M03,urban,single_family
A014225,R12,Metro Region,R12-M04,urban,multi_family
A014226,R04,East District,R04-M04,mixed,single_family
A014227,R02,South City,R02-M03,urban,multi_family
A014228,R09,Urban Belt,R09-M03,urban,large_residential
A014229,R01,North City,R01-M04,urban,multi_family
A014230,R09,Urban Belt,R09-M02,urban,large_residential
A014231,R10,Rural Belt,R10-M02,rural,single_family
A014232,R10,Rural Belt,R10-M01,rural,large_residential
A014233,R01,North City,R01-M04,urban,large_residential
A014234,R04,East District,R04-M04,mixed,multi_family
A014235,R07,Mountain Region,R07-M04,rural,single_family
A014236,R10,Rural Belt,R10-M01,rural,single_family
A014237,R09,Urban Belt,R09-M01,urban,multi_family
A014238,R10,Rural Belt,R10-M04,rural,multi_family
A014239,R09,Urban Belt,R09-M02,urban,large_residential
A014240,R06,River Region,R06-M01,mixed,multi_family
A014241,R04,East District,R04-M03,mixed,single_family
A014242,R05,Central Region,R05-M02,urban,multi_family
A014243,R02,South City,R02-M04,urban,multi_family
A014244,R01,North City,R01-M02,urban,multi_family
A014245,R01,North City,R01-M04,urban,multi_family
A014246,R01,North City,R01-M03,urban,large_residential
A014247,R01,North City,R01-M03,urban,multi_family
A014248,R01,North City,R01-M01,urban,multi_family
A014249,R02,South City,R02-M01,urban,single_family
A014250,R04,East District,R04-M04,mixed,single_family
A014251,R08,Lake Region,R08-M04,rural,single_family
A014252,R01,North City,R01-M04,urban,single_family
A014253,R06,River Region,R06-M01,mixed,multi_family
A014254,R09,Urban Belt,R09-M04,urban,multi_family
A014255,R07,Mountain Region,R07-M02,rural,single_family
A014256,R12,Metro Region,R12-M03,urban,multi_family
A014257,R09,Urban Belt,R09-M04,urban,multi_family
A014258,R06,River Region,R06-M04,mixed,large_residential
A014259,R11,Border Region,R11-M04,mixed,multi_family
A014260,R05,Central Region,R05-M03,urban,single_family
A014261,R05,Central Region,R05-M02,urban,multi_family
A014262,R12,Metro Region,R12-M04,urban,multi_family
A014263,R05,Central Region,R05-M01,urban,large_residential
A014264,R03,West District,R03-M04,mixed,multi_family
A014265,R03,West District,R03-M01,mixed,multi_family
A014266,R09,Urban Belt,R09-M03,urban,large_residential
A014267,R05,Central Region,R05-M04,urban,single_family
A014268,R02,South City,R02-M01,urban,large_residential
A014269,R01,North City,R01-M01,urban,large_residential
A014270,R12,Metro Region,R12-M01,urban,single_family
A014271,R12,Metro Region,R12-M01,urban,multi_family
A014272,R06,River Region,R06-M01,mixed,large_residential
A014273,R02,South City,R02-M04,urban,multi_family
A014274,R07,Mountain Region,R07-M04,rural,multi_family
A014275,R10,Rural Belt,R10-M02,rural,multi_family
A014276,R01,North City,R01-M04,urban,single_family
A014277,R01,North City,R01-M04,urban,large_residential
A014278,R02,South City,R02-M03,urban,large_residential
A014279,R04,East District,R04-M02,mixed,single_family
A014280,R09,Urban Belt,R09-M04,urban,multi_family
A014281,R12,Metro Region,R12-M02,urban,single_family
A014282,R05,Central Region,R05-M04,urban,multi_family
A014283,R02,South City,R02-M01,urban,multi_family
A014284,R02,South City,R02-M02,urban,multi_family
A014285,R09,Urban Belt,R09-M02,urban,multi_family
A014286,R10,Rural Belt,R10-M03,rural,multi_family
A014287,R07,Mountain Region,R07-M03,rural,single_family
A014288,R10,Rural Belt,R10-M01,rural,single_family
A014289,R11,Border Region,R11-M04,mixed,single_family
A014290,R03,West District,R03-M04,mixed,single_family
A014291,R05,Central Region,R05-M03,urban,multi_family
A014292,R02,South City,R02-M01,urban,multi_family
A014293,R04,East District,R04-M02,mixed,multi_family
A014294,R09,Urban Belt,R09-M01,urban,multi_family
A014295,R02,South City,R02-M04,urban,large_residential
A014296,R02,South City,R02-M01,urban,multi_family
A014297,R05,Central Region,R05-M02,urban,multi_family
A014298,R03,West District,R03-M03,mixed,multi_family
A014299,R11,Border Region,R11-M02,mixed,multi_family
A014300,R05,Central Region,R05-M02,urban,multi_family
A014301,R09,Urban Belt,R09-M01,urban,multi_family
A014302,R05,Central Region,R05-M04,urban,single_family
A014303,R06,River Region,R06-M04,mixed,single_family
A014304,R10,Rural Belt,R10-M03,rural,multi_family
A014305,R02,South City,R02-M01,urban,large_residential
A014306,R09,Urban Belt,R09-M02,urban,multi_family
A014307,R12,Metro Region,R12-M04,urban,multi_family
A014308,R06,River Region,R06-M04,mixed,single_family
A014309,R10,Rural Belt,R10-M02,rural,single_family
A014310,R04,East District,R04-M01,mixed,multi_family
A014311,R09,Urban Belt,R09-M01,urban,multi_family
A014312,R12,Metro Region,R12-M03,urban,multi_family
A014313,R12,Metro Region,R12-M02,urban,large_residential
A014314,R02,South City,R02-M01,urban,multi_family
A014315,R06,River Region,R06-M01,mixed,single_family
A014316,R07,Mountain Region,R07-M03,rural,single_family
A014317,R02,South City,R02-M02,urban,single_family
A014318,R09,Urban Belt,R09-M02,urban,multi_family
A014319,R08,Lake Region,R08-M01,rural,single_family
A014320,R04,East District,R04-M04,mixed,multi_family
A014321,R03,West District,R03-M03,mixed,large_residential
A014322,R04,East District,R04-M01,mixed,single_family
A014323,R09,Urban Belt,R09-M02,urban,single_family
A014324,R02,South City,R02-M02,urban,multi_family
A014325,R03,West District,R03-M03,mixed,large_residential
A014326,R05,Central Region,R05-M01,urban,multi_family
A014327,R01,North City,R01-M01,urban,single_family
A014328,R04,East District,R04-M03,mixed,multi_family
A014329,R02,South City,R02-M01,urban,multi_family
A014330,R08,Lake Region,R08-M01,rural,single_family
A014331,R03,West District,R03-M02,mixed,single_family
A014332,R05,Central Region,R05-M01,urban,multi_family
A014333,R08,Lake Region,R08-M04,rural,multi_family
A014334,R07,Mountain Region,R07-M02,rural,single_family
A014335,R11,Border Region,R11-M03,mixed,multi_family
A014336,R04,East District,R04-M04,mixed,single_family
A014337,R03,West District,R03-M01,mixed,single_family
A014338,R11,Border Region,R11-M02,mixed,single_family
A014339,R06,River Region,R06-M02,mixed,multi_family
A014340,R12,Metro Region,R12-M04,urban,single_family
A014341,R10,Rural Belt,R10-M03,rural,single_family
A014342,R09,Urban Belt,R09-M02,urban,multi_family
A014343,R09,Urban Belt,R09-M01,urban,multi_family
A014344,R07,Mountain Region,R07-M01,rural,single_family
A014345,R12,Metro Region,R12-M02,urban,single_family
A014346,R09,Urban Belt,R09-M03,urban,single_family
A014347,R12,Metro Region,R12-M03,urban,multi_family
A014348,R04,East District,R04-M04,mixed,single_family
A014349,R08,Lake Region,R08-M04,rural,single_family
A014350,R11,Border Region,R11-M01,mixed,multi_family
A014351,R02,South City,R02-M03,urban,multi_family
A014352,R01,North City,R01-M02,urban,multi_family
A014353,R11,Border Region,R11-M04,mixed,multi_family
A014354,R07,Mountain Region,R07-M01,rural,single_family
A014355,R09,Urban Belt,R09-M01,urban,multi_family
A014356,R09,Urban Belt,R09-M02,urban,single_family
A014357,R07,Mountain Region,R07-M02,rural,single_family
A014358,R07,Mountain Region,R07-M02,rural,single_family
A014359,R04,East District,R04-M04,mixed,single_family
A014360,R09,Urban Belt,R09-M01,urban,multi_family
A014361,R07,Mountain Region,R07-M02,rural,multi_family
A014362,R12,Metro Region,R12-M02,urban,single_family
A014363,R04,East District,R04-M04,mixed,single_family
A014364,R06,River Region,R06-M03,mixed,single_family
A014365,R11,Border Region,R11-M01,mixed,single_family
A014366,R04,East District,R04-M01,mixed,single_family
A014367,R02,South City,R02-M01,urban,single_family
A014368,R01,North City,R01-M01,urban,multi_family
A014369,R10,Rural Belt,R10-M03,rural,multi_family
A014370,R02,South City,R02-M03,urban,single_family
A014371,R02,South City,R02-M04,urban,large_residential
A014372,R12,Metro Region,R12-M04,urban,multi_family
A014373,R01,North City,R01-M03,urban,multi_family
A014374,R10,Rural Belt,R10-M03,rural,large_residential
A014375,R04,East District,R04-M02,mixed,large_residential
A014376,R05,Central Region,R05-M02,urban,single_family
A014377,R06,River Region,R06-M04,mixed,multi_family
A014378,R03,West District,R03-M04,mixed,large_residential
A014379,R05,Central Region,R05-M01,urban,multi_family
A014380,R01,North City,R01-M01,urban,multi_family
A014381,R11,Border Region,R11-M02,mixed,single_family
A014382,R02,South City,R02-M03,urban,single_family
A014383,R08,Lake Region,R08-M03,rural,single_family
A014384,R01,North City,R01-M04,urban,single_family
A014385,R02,South City,R02-M04,urban,single_family
A014386,R10,Rural Belt,R10-M01,rural,single_family
A014387,R06,River Region,R06-M02,mixed,multi_family
A014388,R01,North City,R01-M03,urban,single_family
A014389,R01,North City,R01-M02,urban,multi_family
A014390,R09,Urban Belt,R09-M03,urban,multi_family
A014391,R02,South City,R02-M03,urban,multi_family
A014392,R09,Urban Belt,R09-M03,urban,single_family
A014393,R02,South City,R02-M01,urban,multi_family
A014394,R10,Rural Belt,R10-M02,rural,single_family
A014395,R05,Central Region,R05-M02,urban,multi_family
A014396,R01,North City,R01-M03,urban,multi_family
A014397,R12,Metro Region,R12-M02,urban,multi_family
A014398,R12,Metro Region,R12-M01,urban,multi_family
A014399,R04,East District,R04-M04,mixed,single_family
A014400,R09,Urban Belt,R09-M02,urban,multi_family
A014401,R01,North City,R01-M03,urban,large_residential
A014402,R05,Central Region,R05-M02,urban,large_residential
A014403,R12,Metro Region,R12-M03,urban,single_family
A014404,R01,North City,R01-M04,urban,multi_family
A014405,R02,South City,R02-M03,urban,multi_family
A014406,R06,River Region,R06-M04,mixed,multi_family
A014407,R01,North City,R01-M04,urban,single_family
A014408,R12,Metro Region,R12-M03,urban,large_residential
A014409,R10,Rural Belt,R10-M02,rural,single_family
A014410,R02,South City,R02-M04,urban,single_family
A014411,R01,North City,R01-M03,urban,multi_family
A014412,R02,South City,R02-M03,urban,multi_family
A014413,R07,Mountain Region,R07-M04,rural,single_family
A014414,R04,East District,R04-M04,mixed,single_family
A014415,R11,Border Region,R11-M02,mixed,single_family
A014416,R02,South City,R02-M03,urban,multi_family
A014417,R01,North City,R01-M04,urban,multi_family
A014418,R01,North City,R01-M02,urban,large_residential
A014419,R04,East District,R04-M04,mixed,single_family
A014420,R09,Urban Belt,R09-M04,urban,multi_family
A014421,R09,Urban Belt,R09-M01,urban,multi_family
A014422,R04,East District,R04-M03,mixed,single_family
A014423,R03,West District,R03-M03,mixed,large_residential
A014424,R05,Central Region,R05-M03,urban,large_residential
A014425,R04,East District,R04-M01,mixed,single_family
A014426,R02,South City,R02-M03,urban,multi_family
A014427,R01,North City,R01-M01,urban,single_family
A014428,R06,River Region,R06-M03,mixed,multi_family
A014429,R12,Metro Region,R12-M03,urban,large_residential
A014430,R09,Urban Belt,R09-M03,urban,multi_family
A014431,R05,Central Region,R05-M01,urban,multi_family
A014432,R10,Rural Belt,R10-M03,rural,single_family
A014433,R03,West District,R03-M01,mixed,single_family
A014434,R03,West District,R03-M04,mixed,single_family
A014435,R12,Metro Region,R12-M01,urban,large_residential
A014436,R02,South City,R02-M04,urban,multi_family
A014437,R12,Metro Region,R12-M02,urban,single_family
A014438,R04,East District,R04-M01,mixed,multi_family
A014439,R07,Mountain Region,R07-M01,rural,multi_family
A014440,R10,Rural Belt,R10-M02,rural,single_family
A014441,R09,Urban Belt,R09-M04,urban,multi_family
A014442,R05,Central Region,R05-M01,urban,multi_family
A014443,R12,Metro Region,R12-M03,urban,single_family
A014444,R04,East District,R04-M01,mixed,large_residential
A014445,R04,East District,R04-M03,mixed,multi_family
A014446,R10,Rural Belt,R10-M03,rural,single_family
A014447,R05,Central Region,R05-M02,urban,multi_family
A014448,R01,North City,R01-M03,urban,large_residential
A014449,R10,Rural Belt,R10-M01,rural,single_family
A014450,R01,North City,R01-M03,urban,multi_family
A014451,R03,West District,R03-M01,mixed,multi_family
A014452,R01,North City,R01-M03,urban,single_family
A014453,R09,Urban Belt,R09-M01,urban,multi_family
A014454,R11,Border Region,R11-M02,mixed,single_family
A014455,R09,Urban Belt,R09-M02,urban,multi_family
A014456,R05,Central Region,R05-M02,urban,multi_family
A014457,R11,Border Region,R11-M01,mixed,multi_family
A014458,R05,Central Region,R05-M04,urban,large_residential
A014459,R05,Central Region,R05-M03,urban,large_residential
A014460,R01,North City,R01-M03,urban,single_family
A014461,R01,North City,R01-M02,urban,single_family
A014462,R02,South City,R02-M02,urban,multi_family
A014463,R01,North City,R01-M01,urban,large_residential
A014464,R01,North City,R01-M04,urban,large_residential
A014465,R12,Metro Region,R12-M01,urban,single_family
A014466,R02,South City,R02-M04,urban,multi_family
A014467,R06,River Region,R06-M04,mixed,single_family
A014468,R02,South City,R02-M01,urban,single_family
A014469,R02,South City,R02-M01,urban,single_family
A014470,R01,North City,R01-M04,urban,single_family
A014471,R12,Metro Region,R12-M02,urban,multi_family
A014472,R08,Lake Region,R08-M02,rural,single_family
A014473,R01,North City,R01-M04,urban,large_residential
A014474,R09,Urban Belt,R09-M01,urban,multi_family
A014475,R04,East District,R04-M02,mixed,single_family
A014476,R12,Metro Region,R12-M04,urban,multi_family
A014477,R06,River Region,R06-M02,mixed,multi_family
A014478,R06,River Region,R06-M04,mixed,single_family
A014479,R09,Urban Belt,R09-M01,urban,large_residential
A014480,R04,East District,R04-M01,mixed,multi_family
A014481,R02,South City,R02-M02,urban,multi_family
A014482,R06,River Region,R06-M01,mixed,multi_family
A014483,R04,East District,R04-M01,mixed,multi_family
A014484,R12,Metro Region,R12-M02,urban,multi_family
A014485,R05,Central Region,R05-M02,urban,large_residential
A014486,R09,Urban Belt,R09-M03,urban,multi_family
A014487,R01,North City,R01-M01,urban,single_family
A014488,R02,South City,R02-M02,urban,large_residential
A014489,R01,North City,R01-M01,urban,multi_family
A014490,R02,South City,R02-M02,urban,multi_family
A014491,R04,East District,R04-M01,mixed,single_family
A014492,R03,West District,R03-M01,mixed,multi_family
A014493,R01,North City,R01-M02,urban,single_family
A014494,R09,Urban Belt,R09-M02,urban,large_residential
A014495,R02,South City,R02-M01,urban,multi_family
A014496,R09,Urban Belt,R09-M02,urban,large_residential
A014497,R06,River Region,R06-M03,mixed,single_family
A014498,R11,Border Region,R11-M02,mixed,single_family
A014499,R09,Urban Belt,R09-M03,urban,single_family
A014500,R09,Urban Belt,R09-M04,urban,multi_family
A014501,R12,Metro Region,R12-M03,urban,large_residential
A014502,R12,Metro Region,R12-M04,urban,multi_family
A014503,R06,River Region,R06-M02,mixed,multi_family
A014504,R02,South City,R02-M04,urban,multi_family
A014505,R01,North City,R01-M01,urban,large_residential
A014506,R12,Metro Region,R12-M01,urban,large_residential
A014507,R12,Metro Region,R12-M01,urban,large_residential
A014508,R06,River Region,R06-M01,mixed,multi_family
A014509,R01,North City,R01-M04,urban,multi_family
A014510,R04,East District,R04-M02,mixed,single_family
A014511,R01,North City,R01-M01,urban,multi_family
A014512,R09,Urban Belt,R09-M04,urban,multi_family
A014513,R05,Central Region,R05-M04,urban,large_residential
A014514,R09,Urban Belt,R09-M01,urban,multi_family
A014515,R11,Border Region,R11-M01,mixed,single_family
A014516,R07,Mountain Region,R07-M04,rural,multi_family
A014517,R03,West District,R03-M02,mixed,single_family
A014518,R08,Lake Region,R08-M01,rural,single_family
A014519,R05,Central Region,R05-M02,urban,multi_family
A014520,R12,Metro Region,R12-M01,urban,large_residential
A014521,R05,Central Region,R05-M03,urban,multi_family
A014522,R07,Mountain Region,R07-M03,rural,large_residential
A014523,R12,Metro Region,R12-M02,urban,multi_family
A014524,R10,Rural Belt,R10-M02,rural,single_family
A014525,R05,Central Region,R05-M01,urban,multi_family
A014526,R09,Urban Belt,R09-M02,urban,large_residential
A014527,R10,Rural Belt,R10-M04,rural,single_family
A014528,R11,Border Region,R11-M04,mixed,large_residential
A014529,R10,Rural Belt,R10-M04,rural,single_family
A014530,R03,West District,R03-M02,mixed,multi_family
A014531,R07,Mountain Region,R07-M04,rural,single_family
A014532,R07,Mountain Region,R07-M04,rural,multi_family
A014533,R06,River Region,R06-M02,mixed,multi_family
A014534,R01,North City,R01-M03,urban,multi_family
A014535,R09,Urban Belt,R09-M01,urban,single_family
A014536,R09,Urban Belt,R09-M03,urban,large_residential
A014537,R04,East District,R04-M04,mixed,single_family
A014538,R10,Rural Belt,R10-M01,rural,single_family
A014539,R02,South City,R02-M02,urban,single_family
A014540,R03,West District,R03-M04,mixed,large_residential
A014541,R09,Urban Belt,R09-M01,urban,large_residential
A014542,R10,Rural Belt,R10-M02,rural,single_family
A014543,R11,Border Region,R11-M03,mixed,multi_family
A014544,R01,North City,R01-M04,urban,multi_family
A014545,R09,Urban Belt,R09-M04,urban,multi_family
A014546,R01,North City,R01-M01,urban,multi_family
A014547,R11,Border Region,R11-M01,mixed,single_family
A014548,R02,South City,R02-M04,urban,multi_family
A014549,R07,Mountain Region,R07-M04,rural,large_residential
A014550,R06,River Region,R06-M02,mixed,single_family
A014551,R09,Urban Belt,R09-M04,urban,multi_family
A014552,R09,Urban Belt,R09-M01,urban,multi_family
A014553,R01,North City,R01-M03,urban,single_family
A014554,R09,Urban Belt,R09-M04,urban,single_family
A014555,R12,Metro Region,R12-M02,urban,large_residential
A014556,R07,Mountain Region,R07-M04,rural,single_family
A014557,R12,Metro Region,R12-M04,urban,large_residential
A014558,R05,Central Region,R05-M02,urban,multi_family
A014559,R02,South City,R02-M01,urban,multi_family
A014560,R12,Metro Region,R12-M03,urban,multi_family
A014561,R01,North City,R01-M02,urban,multi_family
A014562,R02,South City,R02-M04,urban,multi_family
A014563,R08,Lake Region,R08-M04,rural,single_family
A014564,R08,Lake Region,R08-M02,rural,single_family
A014565,R01,North City,R01-M04,urban,multi_family
A014566,R02,South City,R02-M01,urban,multi_family
A014567,R11,Border Region,R11-M03,mixed,single_family
A014568,R08,Lake Region,R08-M04,rural,single_family
A014569,R02,South City,R02-M02,urban,single_family
A014570,R10,Rural Belt,R10-M03,rural,single_family
A014571,R11,Border Region,R11-M01,mixed,multi_family
A014572,R08,Lake Region,R08-M02,rural,single_family
A014573,R09,Urban Belt,R09-M02,urban,multi_family
A014574,R03,West District,R03-M03,mixed,multi_family
A014575,R03,West District,R03-M03,mixed,single_family
A014576,R01,North City,R01-M02,urban,large_residential
A014577,R10,Rural Belt,R10-M02,rural,single_family
A014578,R11,Border Region,R11-M04,mixed,large_residential
A014579,R01,North City,R01-M02,urban,multi_family
A014580,R09,Urban Belt,R09-M02,urban,large_residential
A014581,R10,Rural Belt,R10-M01,rural,single_family
A014582,R06,River Region,R06-M04,mixed,single_family
A014583,R06,River Region,R06-M01,mixed,single_family
A014584,R12,Metro Region,R12-M02,urban,multi_family
A014585,R11,Border Region,R11-M01,mixed,single_family
A014586,R06,River Region,R06-M03,mixed,multi_family
A014587,R10,Rural Belt,R10-M03,rural,single_family
A014588,R10,Rural Belt,R10-M03,rural,single_family
A014589,R12,Metro Region,R12-M02,urban,multi_family
A014590,R03,West District,R03-M01,mixed,large_residential
A014591,R10,Rural Belt,R10-M01,rural,single_family
A014592,R10,Rural Belt,R10-M02,rural,single_family
A014593,R02,South City,R02-M03,urban,single_family
A014594,R08,Lake Region,R08-M04,rural,single_family
A014595,R04,East District,R04-M04,mixed,multi_family
A014596,R01,North City,R01-M02,urban,multi_family
A014597,R03,West District,R03-M01,mixed,multi_family
A014598,R05,Central Region,R05-M02,urban,multi_family
A014599,R03,West District,R03-M04,mixed,single_family
A014600,R10,Rural Belt,R10-M03,rural,single_family
A014601,R09,Urban Belt,R09-M01,urban,multi_family
A014602,R12,Metro Region,R12-M03,urban,multi_family
A014603,R02,South City,R02-M03,urban,multi_family
A014604,R03,West District,R03-M02,mixed,single_family
A014605,R05,Central Region,R05-M04,urban,single_family
A014606,R09,Urban Belt,R09-M01,urban,multi_family
A014607,R01,North City,R01-M04,urban,multi_family
A014608,R03,West District,R03-M04,mixed,single_family
A014609,R09,Urban Belt,R09-M04,urban,large_residential
A014610,R12,Metro Region,R12-M03,urban,multi_family
A014611,R03,West District,R03-M04,mixed,multi_family
A014612,R06,River Region,R06-M01,mixed,single_family
A014613,R09,Urban Belt,R09-M02,urban,multi_family
A014614,R02,South City,R02-M04,urban,large_residential
A014615,R08,Lake Region,R08-M04,rural,single_family
A014616,R06,River Region,R06-M04,mixed,multi_family
A014617,R01,North City,R01-M01,urban,multi_family
A014618,R09,Urban Belt,R09-M01,urban,large_residential
A014619,R09,Urban Belt,R09-M02,urban,large_residential
A014620,R07,Mountain Region,R07-M02,rural,single_family
A014621,R04,East District,R04-M04,mixed,single_family
A014622,R10,Rural Belt,R10-M01,rural,single_family
A014623,R06,River Region,R06-M01,mixed,multi_family
A014624,R11,Border Region,R11-M02,mixed,multi_family
A014625,R01,North City,R01-M01,urban,multi_family
A014626,R03,West District,R03-M04,mixed,single_family
A014627,R12,Metro Region,R12-M03,urban,multi_family
A014628,R09,Urban Belt,R09-M02,urban,multi_family
A014629,R10,Rural Belt,R10-M02,rural,single_family
A014630,R10,Rural Belt,R10-M02,rural,single_family
A014631,R11,Border Region,R11-M03,mixed,large_residential
A014632,R08,Lake Region,R08-M01,rural,single_family
A014633,R11,Border Region,R11-M01,mixed,single_family
A014634,R03,West District,R03-M04,mixed,multi_family
A014635,R03,West District,R03-M04,mixed,single_family
A014636,R07,Mountain Region,R07-M03,rural,single_family
A014637,R08,Lake Region,R08-M04,rural,single_family
A014638,R05,Central Region,R05-M02,urban,large_residential
A014639,R12,Metro Region,R12-M03,urban,multi_family
A014640,R03,West District,R03-M02,mixed,single_family
A014641,R01,North City,R01-M04,urban,large_residential
A014642,R11,Border Region,R11-M02,mixed,multi_family
A014643,R05,Central Region,R05-M02,urban,single_family
A014644,R07,Mountain Region,R07-M04,rural,single_family
A014645,R09,Urban Belt,R09-M01,urban,single_family
A014646,R08,Lake Region,R08-M02,rural,multi_family
A014647,R08,Lake Region,R08-M02,rural,single_family
A014648,R04,East District,R04-M04,mixed,large_residential
A014649,R03,West District,R03-M01,mixed,multi_family
A014650,R02,South City,R02-M04,urban,multi_family
A014651,R03,West District,R03-M04,mixed,single_family
A014652,R10,Rural Belt,R10-M03,rural,single_family
A014653,R09,Urban Belt,R09-M01,urban,multi_family
A014654,R02,South City,R02-M04,urban,single_family
A014655,R12,Metro Region,R12-M01,urban,large_residential
A014656,R12,Metro Region,R12-M04,urban,multi_family
A014657,R11,Border Region,R11-M02,mixed,single_family
A014658,R06,River Region,R06-M01,mixed,multi_family
A014659,R08,Lake Region,R08-M01,rural,large_residential
A014660,R11,Border Region,R11-M04,mixed,single_family
A014661,R02,South City,R02-M01,urban,large_residential
A014662,R05,Central Region,R05-M01,urban,multi_family
A014663,R05,Central Region,R05-M02,urban,large_residential
A014664,R12,Metro Region,R12-M02,urban,multi_family
A014665,R04,East District,R04-M04,mixed,single_family
A014666,R08,Lake Region,R08-M01,rural,single_family
A014667,R09,Urban Belt,R09-M04,urban,multi_family
A014668,R10,Rural Belt,R10-M03,rural,single_family
A014669,R12,Metro Region,R12-M01,urban,multi_family
A014670,R09,Urban Belt,R09-M04,urban,large_residential
A014671,R03,West District,R03-M02,mixed,multi_family
A014672,R12,Metro Region,R12-M02,urban,large_residential
A014673,R03,West District,R03-M01,mixed,single_family
A014674,R01,North City,R01-M03,urban,multi_family
A014675,R06,River Region,R06-M01,mixed,single_family
A014676,R10,Rural Belt,R10-M03,rural,multi_family
A014677,R04,East District,R04-M04,mixed,large_residential
A014678,R08,Lake Region,R08-M04,rural,single_family
A014679,R02,South City,R02-M03,urban,single_family
A014680,R09,Urban Belt,R09-M02,urban,single_family
A014681,R12,Metro Region,R12-M01,urban,large_residential
A014682,R05,Central Region,R05-M01,urban,multi_family
A014683,R04,East District,R04-M01,mixed,single_family
A014684,R05,Central Region,R05-M03,urban,multi_family
A014685,R06,River Region,R06-M04,mixed,single_family
A014686,R05,Central Region,R05-M04,urban,large_residential
A014687,R01,North City,R01-M04,urban,large_residential
A014688,R03,West District,R03-M01,mixed,single_family
A014689,R10,Rural Belt,R10-M02,rural,single_family
A014690,R04,East District,R04-M03,mixed,single_family
A014691,R11,Border Region,R11-M04,mixed,multi_family
A014692,R05,Central Region,R05-M02,urban,multi_family
A014693,R02,South City,R02-M02,urban,multi_family
A014694,R11,Border Region,R11-M02,mixed,single_family
A014695,R12,Metro Region,R12-M03,urban,single_family
A014696,R09,Urban Belt,R09-M03,urban,multi_family
A014697,R07,Mountain Region,R07-M01,rural,multi_family
A014698,R04,East District,R04-M04,mixed,multi_family
A014699,R12,Metro Region,R12-M02,urban,large_residential
A014700,R04,East District,R04-M02,mixed,large_residential
A014701,R09,Urban Belt,R09-M01,urban,large_residential
A014702,R09,Urban Belt,R09-M01,urban,single_family
A014703,R09,Urban Belt,R09-M02,urban,single_family
A014704,R08,Lake Region,R08-M01,rural,single_family
A014705,R03,West District,R03-M04,mixed,multi_family
A014706,R06,River Region,R06-M04,mixed,multi_family
A014707,R03,West District,R03-M03,mixed,multi_family
A014708,R02,South City,R02-M03,urban,multi_family
A014709,R08,Lake Region,R08-M03,rural,multi_family
A014710,R05,Central Region,R05-M01,urban,large_residential
A014711,R01,North City,R01-M03,urban,large_residential
A014712,R04,East District,R04-M01,mixed,single_family
A014713,R02,South City,R02-M03,urban,multi_family
A014714,R01,North City,R01-M01,urban,large_residential
A014715,R02,South City,R02-M03,urban,multi_family
A014716,R09,Urban Belt,R09-M03,urban,multi_family
A014717,R11,Border Region,R11-M03,mixed,multi_family
A014718,R05,Central Region,R05-M01,urban,single_family
A014719,R09,Urban Belt,R09-M01,urban,multi_family
A014720,R06,River Region,R06-M04,mixed,large_residential
A014721,R05,Central Region,R05-M01,urban,multi_family
A014722,R09,Urban Belt,R09-M03,urban,single_family
A014723,R10,Rural Belt,R10-M01,rural,single_family
A014724,R12,Metro Region,R12-M04,urban,large_residential
A014725,R01,North City,R01-M04,urban,multi_family
A014726,R05,Central Region,R05-M02,urban,multi_family
A014727,R07,Mountain Region,R07-M03,rural,single_family
A014728,R12,Metro Region,R12-M01,urban,multi_family
A014729,R02,South City,R02-M04,urban,multi_family
A014730,R05,Central Region,R05-M01,urban,single_family
A014731,R08,Lake Region,R08-M01,rural,single_family
A014732,R01,North City,R01-M02,urban,multi_family
A014733,R06,River Region,R06-M03,mixed,single_family
A014734,R09,Urban Belt,R09-M02,urban,single_family
A014735,R09,Urban Belt,R09-M02,urban,single_family
A014736,R05,Central Region,R05-M03,urban,multi_family
A014737,R03,West District,R03-M03,mixed,multi_family
A014738,R12,Metro Region,R12-M02,urban,large_residential
A014739,R01,North City,R01-M01,urban,multi_family
A014740,R06,River Region,R06-M04,mixed,single_family
A014741,R07,Mountain Region,R07-M03,rural,single_family
A014742,R11,Border Region,R11-M01,mixed,multi_family
A014743,R06,River Region,R06-M01,mixed,multi_family
A014744,R05,Central Region,R05-M01,urban,large_residential
A014745,R01,North City,R01-M01,urban,multi_family
A014746,R04,East District,R04-M01,mixed,single_family
A014747,R09,Urban Belt,R09-M01,urban,multi_family
A014748,R09,Urban Belt,R09-M01,urban,large_residential
A014749,R09,Urban Belt,R09-M04,urban,multi_family
A014750,R02,South City,R02-M01,urban,single_family
A014751,R04,East District,R04-M03,mixed,multi_family
A014752,R12,Metro Region,R12-M03,urban,single_family
A014753,R10,Rural Belt,R10-M03,rural,single_family
A014754,R10,Rural Belt,R10-M03,rural,multi_family
A014755,R05,Central Region,R05-M04,urban,multi_family
A014756,R09,Urban Belt,R09-M03,urban,multi_family
A014757,R10,Rural Belt,R10-M03,rural,single_family
A014758,R08,Lake Region,R08-M02,rural,single_family
A014759,R05,Central Region,R05-M02,urban,multi_family
A014760,R10,Rural Belt,R10-M01,rural,single_family
A014761,R03,West District,R03-M02,mixed,large_residential
A014762,R10,Rural Belt,R10-M01,rural,multi_family
A014763,R03,West District,R03-M01,mixed,single_family
A014764,R04,East District,R04-M03,mixed,single_family
A014765,R08,Lake Region,R08-M01,rural,single_family
A014766,R04,East District,R04-M04,mixed,multi_family
A014767,R07,Mountain Region,R07-M02,rural,single_family
A014768,R07,Mountain Region,R07-M02,rural,multi_family
A014769,R05,Central Region,R05-M02,urban,large_residential
A014770,R03,West District,R03-M03,mixed,multi_family
A014771,R02,South City,R02-M03,urban,multi_family
A014772,R09,Urban Belt,R09-M03,urban,large_residential
A014773,R09,Urban Belt,R09-M03,urban,multi_family
A014774,R11,Border Region,R11-M03,mixed,multi_family
A014775,R05,Central Region,R05-M01,urban,large_residential
A014776,R11,Border Region,R11-M04,mixed,multi_family
A014777,R07,Mountain Region,R07-M03,rural,multi_family
A014778,R04,East District,R04-M04,mixed,multi_family
A014779,R05,Central Region,R05-M03,urban,multi_family
A014780,R03,West District,R03-M01,mixed,single_family
A014781,R09,Urban Belt,R09-M01,urban,multi_family
A014782,R06,River Region,R06-M01,mixed,single_family
A014783,R03,West District,R03-M04,mixed,single_family
A014784,R01,North City,R01-M03,urban,large_residential
A014785,R02,South City,R02-M04,urban,single_family
A014786,R05,Central Region,R05-M04,urban,single_family
A014787,R12,Metro Region,R12-M02,urban,single_family
A014788,R10,Rural Belt,R10-M01,rural,multi_family
A014789,R07,Mountain Region,R07-M04,rural,single_family
A014790,R01,North City,R01-M04,urban,multi_family
A014791,R05,Central Region,R05-M01,urban,multi_family
A014792,R07,Mountain Region,R07-M03,rural,single_family
A014793,R06,River Region,R06-M02,mixed,large_residential
A014794,R02,South City,R02-M04,urban,large_residential
A014795,R06,River Region,R06-M02,mixed,single_family
A014796,R05,Central Region,R05-M01,urban,multi_family
A014797,R02,South City,R02-M03,urban,single_family
A014798,R05,Central Region,R05-M04,urban,multi_family
A014799,R06,River Region,R06-M02,mixed,multi_family
A014800,R09,Urban Belt,R09-M01,urban,multi_family
A014801,R12,Metro Region,R12-M03,urban,large_residential
A014802,R02,South City,R02-M01,urban,single_family
A014803,R10,Rural Belt,R10-M01,rural,multi_family
A014804,R03,West District,R03-M04,mixed,multi_family
A014805,R03,West District,R03-M03,mixed,single_family
A014806,R03,West District,R03-M03,mixed,multi_family
A014807,R02,South City,R02-M01,urban,single_family
A014808,R06,River Region,R06-M03,mixed,large_residential
A014809,R11,Border Region,R11-M01,mixed,single_family
A014810,R09,Urban Belt,R09-M02,urban,multi_family
A014811,R08,Lake Region,R08-M03,rural,single_family
A014812,R05,Central Region,R05-M01,urban,multi_family
A014813,R10,Rural Belt,R10-M02,rural,multi_family
A014814,R08,Lake Region,R08-M03,rural,single_family
A014815,R09,Urban Belt,R09-M02,urban,single_family
A014816,R01,North City,R01-M04,urban,multi_family
A014817,R08,Lake Region,R08-M03,rural,single_family
A014818,R03,West District,R03-M03,mixed,single_family
A014819,R07,Mountain Region,R07-M03,rural,single_family
A014820,R09,Urban Belt,R09-M03,urban,multi_family
A014821,R04,East District,R04-M01,mixed,large_residential
A014822,R02,South City,R02-M01,urban,multi_family
A014823,R12,Metro Region,R12-M04,urban,large_residential
A014824,R08,Lake Region,R08-M03,rural,single_family
A014825,R10,Rural Belt,R10-M02,rural,single_family
A014826,R11,Border Region,R11-M01,mixed,large_residential
A014827,R10,Rural Belt,R10-M03,rural,multi_family
A014828,R10,Rural Belt,R10-M02,rural,single_family
A014829,R12,Metro Region,R12-M02,urban,large_residential
A014830,R07,Mountain Region,R07-M03,rural,large_residential
A014831,R12,Metro Region,R12-M04,urban,single_family
A014832,R05,Central Region,R05-M04,urban,multi_family
A014833,R07,Mountain Region,R07-M03,rural,single_family
A014834,R02,South City,R02-M01,urban,multi_family
A014835,R04,East District,R04-M04,mixed,single_family
A014836,R02,South City,R02-M01,urban,multi_family
A014837,R01,North City,R01-M03,urban,multi_family
A014838,R05,Central Region,R05-M04,urban,single_family
A014839,R05,Central Region,R05-M01,urban,single_family
A014840,R08,Lake Region,R08-M02,rural,multi_family
A014841,R01,North City,R01-M03,urban,multi_family
A014842,R07,Mountain Region,R07-M03,rural,single_family
A014843,R04,East District,R04-M04,mixed,single_family
A014844,R08,Lake Region,R08-M01,rural,multi_family
A014845,R11,Border Region,R11-M03,mixed,multi_family
A014846,R09,Urban Belt,R09-M04,urban,multi_family
A014847,R01,North City,R01-M02,urban,single_family
A014848,R06,River Region,R06-M03,mixed,multi_family
A014849,R03,West District,R03-M04,mixed,single_family
A014850,R06,River Region,R06-M04,mixed,single_family
A014851,R07,Mountain Region,R07-M01,rural,single_family
A014852,R08,Lake Region,R08-M03,rural,multi_family
A014853,R12,Metro Region,R12-M03,urban,multi_family
A014854,R06,River Region,R06-M03,mixed,single_family
A014855,R07,Mountain Region,R07-M02,rural,multi_family
A014856,R10,Rural Belt,R10-M04,rural,multi_family
A014857,R09,Urban Belt,R09-M03,urban,multi_family
A014858,R10,Rural Belt,R10-M02,rural,single_family
A014859,R01,North City,R01-M03,urban,single_family
A014860,R07,Mountain Region,R07-M04,rural,single_family
A014861,R03,West District,R03-M04,mixed,multi_family
A014862,R09,Urban Belt,R09-M02,urban,multi_family
A014863,R10,Rural Belt,R10-M01,rural,single_family
A014864,R12,Metro Region,R12-M03,urban,multi_family
A014865,R10,Rural Belt,R10-M03,rural,single_family
A014866,R12,Metro Region,R12-M02,urban,multi_family
A014867,R09,Urban Belt,R09-M03,urban,large_residential
A014868,R06,River Region,R06-M03,mixed,multi_family
A014869,R10,Rural Belt,R10-M03,rural,large_residential
A014870,R10,Rural Belt,R10-M04,rural,multi_family
A014871,R03,West District,R03-M02,mixed,multi_family
A014872,R10,Rural Belt,R10-M01,rural,multi_family
A014873,R05,Central Region,R05-M03,urban,multi_family
A014874,R09,Urban Belt,R09-M03,urban,multi_family
A014875,R06,River Region,R06-M01,mixed,single_family
A014876,R07,Mountain Region,R07-M04,rural,single_family
A014877,R11,Border Region,R11-M01,mixed,multi_family
A014878,R12,Metro Region,R12-M01,urban,multi_family
A014879,R04,East District,R04-M03,mixed,multi_family
A014880,R03,West District,R03-M03,mixed,multi_family
A014881,R03,West District,R03-M01,mixed,single_family
A014882,R01,North City,R01-M04,urban,large_residential
A014883,R07,Mountain Region,R07-M03,rural,single_family
A014884,R03,West District,R03-M03,mixed,single_family
A014885,R12,Metro Region,R12-M03,urban,large_residential
A014886,R01,North City,R01-M03,urban,single_family
A014887,R08,Lake Region,R08-M04,rural,single_family
A014888,R09,Urban Belt,R09-M03,urban,multi_family
A014889,R03,West District,R03-M02,mixed,multi_family
A014890,R09,Urban Belt,R09-M03,urban,multi_family
A014891,R05,Central Region,R05-M01,urban,multi_family
A014892,R09,Urban Belt,R09-M02,urban,large_residential
A014893,R12,Metro Region,R12-M04,urban,multi_family
A014894,R05,Central Region,R05-M04,urban,multi_family
A014895,R03,West District,R03-M01,mixed,single_family
A014896,R02,South City,R02-M01,urban,single_family
A014897,R10,Rural Belt,R10-M03,rural,single_family
A014898,R09,Urban Belt,R09-M03,urban,single_family
A014899,R05,Central Region,R05-M01,urban,multi_family
A014900,R10,Rural Belt,R10-M03,rural,single_family
A014901,R06,River Region,R06-M04,mixed,single_family
A014902,R06,River Region,R06-M02,mixed,large_residential
A014903,R04,East District,R04-M03,mixed,multi_family
A014904,R10,Rural Belt,R10-M04,rural,single_family
A014905,R05,Central Region,R05-M02,urban,large_residential
A014906,R10,Rural Belt,R10-M02,rural,multi_family
A014907,R05,Central Region,R05-M04,urban,large_residential
A014908,R01,North City,R01-M01,urban,multi_family
A014909,R08,Lake Region,R08-M04,rural,single_family
A014910,R02,South City,R02-M01,urban,single_family
A014911,R06,River Region,R06-M02,mixed,single_family
A014912,R06,River Region,R06-M03,mixed,single_family
A014913,R09,Urban Belt,R09-M02,urban,multi_family
A014914,R11,Border Region,R11-M04,mixed,single_family
A014915,R04,East District,R04-M04,mixed,single_family
A014916,R08,Lake Region,R08-M03,rural,single_family
A014917,R01,North City,R01-M04,urban,multi_family
A014918,R03,West District,R03-M02,mixed,multi_family
A014919,R12,Metro Region,R12-M02,urban,large_residential
A014920,R03,West District,R03-M04,mixed,multi_family
A014921,R12,Metro Region,R12-M02,urban,single_family
A014922,R05,Central Region,R05-M01,urban,single_family
A014923,R04,East District,R04-M03,mixed,single_family
A014924,R02,South City,R02-M04,urban,single_family
A014925,R09,Urban Belt,R09-M02,urban,large_residential
A014926,R09,Urban Belt,R09-M01,urban,multi_family
A014927,R03,West District,R03-M03,mixed,single_family
A014928,R01,North City,R01-M04,urban,multi_family
A014929,R12,Metro Region,R12-M01,urban,multi_family
A014930,R12,Metro Region,R12-M03,urban,multi_family
A014931,R11,Border Region,R11-M02,mixed,single_family
A014932,R05,Central Region,R05-M03,urban,multi_family
A014933,R11,Border Region,R11-M01,mixed,multi_family
A014934,R03,West District,R03-M02,mixed,multi_family
A014935,R11,Border Region,R11-M04,mixed,single_family
A014936,R06,River Region,R06-M01,mixed,large_residential
A014937,R05,Central Region,R05-M03,urban,multi_family
A014938,R11,Border Region,R11-M03,mixed,multi_family
A014939,R01,North City,R01-M01,urban,multi_family
A014940,R09,Urban Belt,R09-M02,urban,multi_family
A014941,R09,Urban Belt,R09-M02,urban,multi_family
A014942,R02,South City,R02-M01,urban,multi_family
A014943,R09,Urban Belt,R09-M04,urban,multi_family
A014944,R06,River Region,R06-M03,mixed,single_family
A014945,R11,Border Region,R11-M04,mixed,large_residential
A014946,R02,South City,R02-M02,urban,multi_family
A014947,R07,Mountain Region,R07-M04,rural,single_family
A014948,R12,Metro Region,R12-M01,urban,single_family
A014949,R01,North City,R01-M04,urban,large_residential
A014950,R04,East District,R04-M02,mixed,single_family
A014951,R12,Metro Region,R12-M01,urban,large_residential
A014952,R10,Rural Belt,R10-M02,rural,single_family
A014953,R09,Urban Belt,R09-M04,urban,multi_family
A014954,R05,Central Region,R05-M01,urban,large_residential
A014955,R05,Central Region,R05-M04,urban,large_residential
A014956,R11,Border Region,R11-M01,mixed,single_family
A014957,R03,West District,R03-M04,mixed,multi_family
A014958,R12,Metro Region,R12-M03,urban,multi_family
A014959,R03,West District,R03-M01,mixed,single_family
A014960,R09,Urban Belt,R09-M02,urban,multi_family
A014961,R04,East District,R04-M04,mixed,multi_family
A014962,R01,North City,R01-M04,urban,large_residential
A014963,R02,South City,R02-M02,urban,single_family
A014964,R05,Central Region,R05-M02,urban,single_family
A014965,R05,Central Region,R05-M04,urban,multi_family
A014966,R06,River Region,R06-M03,mixed,multi_family
A014967,R01,North City,R01-M03,urban,multi_family
A014968,R01,North City,R01-M04,urban,multi_family
A014969,R01,North City,R01-M03,urban,multi_family
A014970,R03,West District,R03-M01,mixed,single_family
A014971,R02,South City,R02-M01,urban,multi_family
A014972,R01,North City,R01-M03,urban,multi_family
A014973,R12,Metro Region,R12-M04,urban,single_family
A014974,R09,Urban Belt,R09-M04,urban,multi_family
A014975,R11,Border Region,R11-M03,mixed,single_family
A014976,R05,Central Region,R05-M01,urban,multi_family
A014977,R10,Rural Belt,R10-M03,rural,single_family
A014978,R10,Rural Belt,R10-M02,rural,single_family
A014979,R11,Border Region,R11-M02,mixed,single_family
A014980,R04,East District,R04-M03,mixed,single_family
A014981,R12,Metro Region,R12-M01,urban,multi_family
A014982,R06,River Region,R06-M03,mixed,large_residential
A014983,R06,River Region,R06-M02,mixed,multi_family
A014984,R01,North City,R01-M04,urban,large_residential
A014985,R12,Metro Region,R12-M04,urban,large_residential
A014986,R05,Central Region,R05-M02,urban,single_family
A014987,R10,Rural Belt,R10-M02,rural,single_family
A014988,R01,North City,R01-M01,urban,multi_family
A014989,R09,Urban Belt,R09-M01,urban,single_family
A014990,R06,River Region,R06-M03,mixed,multi_family
A014991,R08,Lake Region,R08-M03,rural,single_family
A014992,R01,North City,R01-M04,urban,multi_family
A014993,R02,South City,R02-M03,urban,large_residential
A014994,R02,South City,R02-M01,urban,multi_family
A014995,R02,South City,R02-M04,urban,single_family
A014996,R03,West District,R03-M02,mixed,multi_family
A014997,R04,East District,R04-M01,mixed,single_family
A014998,R11,Border Region,R11-M02,mixed,single_family
A014999,R12,Metro Region,R12-M02,urban,single_family
A015000,R05,Central Region,R05-M04,urban,large_residential
A015001,R12,Metro Region,R12-M03,urban,large_residential
A015002,R04,East District,R04-M03,mixed,multi_family
A015003,R06,River Region,R06-M01,mixed,single_family
A015004,R10,Rural Belt,R10-M02,rural,single_family
A015005,R02,South City,R02-M01,urban,multi_family
A015006,R02,South City,R02-M01,urban,multi_family
A015007,R06,River Region,R06-M03,mixed,single_family
A015008,R11,Border Region,R11-M03,mixed,large_residential
A015009,R05,Central Region,R05-M01,urban,multi_family
A015010,R09,Urban Belt,R09-M02,urban,large_residential
A015011,R05,Central Region,R05-M04,urban,single_family
A015012,R01,North City,R01-M01,urban,large_residential
A015013,R09,Urban Belt,R09-M01,urban,single_family
A015014,R09,Urban Belt,R09-M04,urban,large_residential
A015015,R12,Metro Region,R12-M01,urban,multi_family
A015016,R06,River Region,R06-M02,mixed,single_family
A015017,R05,Central Region,R05-M04,urban,multi_family
A015018,R03,West District,R03-M03,mixed,multi_family
A015019,R01,North City,R01-M02,urban,single_family
A015020,R05,Central Region,R05-M02,urban,multi_family
A015021,R05,Central Region,R05-M01,urban,large_residential
A015022,R01,North City,R01-M01,urban,large_residential
A015023,R12,Metro Region,R12-M01,urban,large_residential
A015024,R09,Urban Belt,R09-M03,urban,large_residential
A015025,R12,Metro Region,R12-M01,urban,multi_family
A015026,R11,Border Region,R11-M02,mixed,multi_family
A015027,R09,Urban Belt,R09-M03,urban,single_family
A015028,R02,South City,R02-M03,urban,multi_family
A015029,R02,South City,R02-M02,urban,multi_family
A015030,R01,North City,R01-M03,urban,large_residential
A015031,R03,West District,R03-M02,mixed,multi_family
A015032,R02,South City,R02-M03,urban,large_residential
A015033,R08,Lake Region,R08-M02,rural,single_family
A015034,R11,Border Region,R11-M04,mixed,single_family
A015035,R07,Mountain Region,R07-M03,rural,single_family
A015036,R03,West District,R03-M04,mixed,multi_family
A015037,R12,Metro Region,R12-M01,urban,large_residential
A015038,R01,North City,R01-M03,urban,single_family
A015039,R12,Metro Region,R12-M02,urban,multi_family
A015040,R08,Lake Region,R08-M02,rural,single_family
A015041,R04,East District,R04-M02,mixed,multi_family
A015042,R12,Metro Region,R12-M04,urban,large_residential
A015043,R05,Central Region,R05-M02,urban,multi_family
A015044,R11,Border Region,R11-M03,mixed,multi_family
A015045,R09,Urban Belt,R09-M04,urban,large_residential
A015046,R03,West District,R03-M04,mixed,multi_family
A015047,R01,North City,R01-M01,urban,multi_family
A015048,R09,Urban Belt,R09-M04,urban,multi_family
A015049,R12,Metro Region,R12-M04,urban,multi_family
A015050,R10,Rural Belt,R10-M03,rural,single_family
A015051,R04,East District,R04-M02,mixed,multi_family
A015052,R09,Urban Belt,R09-M03,urban,large_residential
A015053,R04,East District,R04-M03,mixed,single_family
A015054,R04,East District,R04-M01,mixed,single_family
A015055,R09,Urban Belt,R09-M04,urban,multi_family
A015056,R06,River Region,R06-M04,mixed,single_family
A015057,R01,North City,R01-M02,urban,large_residential
A015058,R11,Border Region,R11-M02,mixed,single_family
A015059,R09,Urban Belt,R09-M03,urban,single_family
A015060,R07,Mountain Region,R07-M04,rural,single_family
A015061,R09,Urban Belt,R09-M04,urban,large_residential
A015062,R01,North City,R01-M01,urban,large_residential
A015063,R10,Rural Belt,R10-M01,rural,single_family
A015064,R11,Border Region,R11-M03,mixed,multi_family
A015065,R08,Lake Region,R08-M03,rural,single_family
A015066,R12,Metro Region,R12-M01,urban,large_residential
A015067,R11,Border Region,R11-M04,mixed,multi_family
A015068,R02,South City,R02-M01,urban,multi_family
A015069,R01,North City,R01-M02,urban,multi_family
A015070,R05,Central Region,R05-M03,urban,single_family
A015071,R07,Mountain Region,R07-M03,rural,single_family
A015072,R06,River Region,R06-M02,mixed,single_family
A015073,R09,Urban Belt,R09-M03,urban,single_family
A015074,R05,Central Region,R05-M04,urban,single_family
A015075,R05,Central Region,R05-M04,urban,large_residential
A015076,R05,Central Region,R05-M04,urban,single_family
A015077,R01,North City,R01-M04,urban,single_family
A015078,R01,North City,R01-M04,urban,large_residential
A015079,R05,Central Region,R05-M03,urban,multi_family
A015080,R01,North City,R01-M01,urban,multi_family
A015081,R12,Metro Region,R12-M04,urban,large_residential
A015082,R07,Mountain Region,R07-M04,rural,single_family
A015083,R03,West District,R03-M01,mixed,single_family
A015084,R10,Rural Belt,R10-M03,rural,single_family
A015085,R02,South City,R02-M03,urban,large_residential
A015086,R09,Urban Belt,R09-M04,urban,multi_family
A015087,R04,East District,R04-M02,mixed,multi_family
A015088,R10,Rural Belt,R10-M01,rural,single_family
A015089,R03,West District,R03-M02,mixed,single_family
A015090,R12,Metro Region,R12-M04,urban,single_family
A015091,R09,Urban Belt,R09-M02,urban,single_family
A015092,R05,Central Region,R05-M03,urban,multi_family
A015093,R11,Border Region,R11-M02,mixed,multi_family
A015094,R05,Central Region,R05-M03,urban,multi_family
A015095,R01,North City,R01-M02,urban,single_family
A015096,R10,Rural Belt,R10-M01,rural,single_family
A015097,R01,North City,R01-M04,urban,multi_family
A015098,R12,Metro Region,R12-M02,urban,single_family
A015099,R12,Metro Region,R12-M03,urban,multi_family
A015100,R06,River Region,R06-M03,mixed,single_family
A015101,R07,Mountain Region,R07-M03,rural,single_family
A015102,R10,Rural Belt,R10-M04,rural,multi_family
A015103,R05,Central Region,R05-M01,urban,multi_family
A015104,R01,North City,R01-M02,urban,large_residential
A015105,R08,Lake Region,R08-M02,rural,single_family
A015106,R09,Urban Belt,R09-M01,urban,large_residential
A015107,R12,Metro Region,R12-M03,urban,single_family
A015108,R09,Urban Belt,R09-M04,urban,large_residential
A015109,R03,West District,R03-M04,mixed,single_family
A015110,R11,Border Region,R11-M02,mixed,multi_family
A015111,R10,Rural Belt,R10-M04,rural,single_family
A015112,R06,River Region,R06-M03,mixed,multi_family
A015113,R04,East District,R04-M01,mixed,single_family
A015114,R05,Central Region,R05-M03,urban,multi_family
A015115,R04,East District,R04-M02,mixed,multi_family
A015116,R02,South City,R02-M04,urban,multi_family
A015117,R12,Metro Region,R12-M02,urban,multi_family
A015118,R01,North City,R01-M01,urban,multi_family
A015119,R12,Metro Region,R12-M02,urban,single_family
A015120,R04,East District,R04-M03,mixed,single_family
A015121,R06,River Region,R06-M01,mixed,single_family
A015122,R12,Metro Region,R12-M03,urban,multi_family
A015123,R06,River Region,R06-M01,mixed,multi_family
A015124,R03,West District,R03-M02,mixed,single_family
A015125,R04,East District,R04-M04,mixed,single_family
A015126,R09,Urban Belt,R09-M02,urban,multi_family
A015127,R06,River Region,R06-M01,mixed,multi_family
A015128,R05,Central Region,R05-M03,urban,single_family
A015129,R04,East District,R04-M02,mixed,multi_family
A015130,R01,North City,R01-M01,urban,multi_family
A015131,R04,East District,R04-M03,mixed,single_family
A015132,R09,Urban Belt,R09-M01,urban,multi_family
A015133,R09,Urban Belt,R09-M01,urban,single_family
A015134,R04,East District,R04-M03,mixed,multi_family
A015135,R05,Central Region,R05-M04,urban,single_family
A015136,R11,Border Region,R11-M03,mixed,single_family
A015137,R01,North City,R01-M04,urban,multi_family
A015138,R06,River Region,R06-M03,mixed,multi_family
A015139,R06,River Region,R06-M03,mixed,single_family
A015140,R10,Rural Belt,R10-M04,rural,single_family
A015141,R04,East District,R04-M02,mixed,large_residential
A015142,R10,Rural Belt,R10-M02,rural,single_family
A015143,R12,Metro Region,R12-M02,urban,single_family
A015144,R12,Metro Region,R12-M02,urban,multi_family
A015145,R02,South City,R02-M02,urban,single_family
A015146,R12,Metro Region,R12-M01,urban,single_family
A015147,R01,North City,R01-M02,urban,multi_family
A015148,R03,West District,R03-M01,mixed,single_family
A015149,R07,Mountain Region,R07-M03,rural,multi_family
A015150,R01,North City,R01-M02,urban,multi_family
A015151,R05,Central Region,R05-M02,urban,multi_family
A015152,R07,Mountain Region,R07-M02,rural,single_family
A015153,R03,West District,R03-M04,mixed,multi_family
A015154,R07,Mountain Region,R07-M02,rural,single_family
A015155,R03,West District,R03-M01,mixed,multi_family
A015156,R11,Border Region,R11-M02,mixed,single_family
A015157,R12,Metro Region,R12-M01,urban,multi_family
A015158,R05,Central Region,R05-M04,urban,single_family
A015159,R12,Metro Region,R12-M01,urban,large_residential
A015160,R05,Central Region,R05-M04,urban,multi_family
A015161,R02,South City,R02-M01,urban,large_residential
A015162,R06,River Region,R06-M02,mixed,single_family
A015163,R02,South City,R02-M04,urban,multi_family
A015164,R04,East District,R04-M02,mixed,large_residential
A015165,R02,South City,R02-M02,urban,multi_family
A015166,R01,North City,R01-M04,urban,large_residential
A015167,R05,Central Region,R05-M02,urban,single_family
A015168,R01,North City,R01-M01,urban,single_family
A015169,R06,River Region,R06-M02,mixed,multi_family
A015170,R05,Central Region,R05-M02,urban,multi_family
A015171,R09,Urban Belt,R09-M02,urban,single_family
A015172,R09,Urban Belt,R09-M03,urban,single_family
A015173,R05,Central Region,R05-M02,urban,large_residential
A015174,R08,Lake Region,R08-M01,rural,single_family
A015175,R02,South City,R02-M04,urban,multi_family
A015176,R04,East District,R04-M02,mixed,single_family
A015177,R06,River Region,R06-M02,mixed,multi_family
A015178,R09,Urban Belt,R09-M02,urban,single_family
A015179,R07,Mountain Region,R07-M02,rural,single_family
A015180,R08,Lake Region,R08-M01,rural,single_family
A015181,R11,Border Region,R11-M03,mixed,single_family
A015182,R05,Central Region,R05-M04,urban,multi_family
A015183,R04,East District,R04-M04,mixed,multi_family
A015184,R01,North City,R01-M01,urban,large_residential
A015185,R03,West District,R03-M04,mixed,multi_family
A015186,R01,North City,R01-M04,urban,single_family
A015187,R06,River Region,R06-M03,mixed,multi_family
A015188,R08,Lake Region,R08-M03,rural,multi_family
A015189,R05,Central Region,R05-M03,urban,multi_family
A015190,R02,South City,R02-M03,urban,multi_family
A015191,R10,Rural Belt,R10-M04,rural,single_family
A015192,R12,Metro Region,R12-M01,urban,multi_family
A015193,R10,Rural Belt,R10-M02,rural,multi_family
A015194,R05,Central Region,R05-M03,urban,multi_family
A015195,R10,Rural Belt,R10-M01,rural,multi_family
A015196,R01,North City,R01-M04,urban,multi_family
A015197,R04,East District,R04-M03,mixed,single_family
A015198,R12,Metro Region,R12-M03,urban,multi_family
A015199,R02,South City,R02-M04,urban,single_family
A015200,R01,North City,R01-M02,urban,multi_family
A015201,R03,West District,R03-M01,mixed,multi_family
A015202,R03,West District,R03-M02,mixed,multi_family
A015203,R03,West District,R03-M04,mixed,large_residential
A015204,R01,North City,R01-M03,urban,multi_family
A015205,R09,Urban Belt,R09-M02,urban,large_residential
A015206,R09,Urban Belt,R09-M03,urban,multi_family
A015207,R09,Urban Belt,R09-M01,urban,multi_family
A015208,R05,Central Region,R05-M01,urban,multi_family
A015209,R01,North City,R01-M01,urban,single_family
A015210,R01,North City,R01-M03,urban,large_residential
A015211,R05,Central Region,R05-M01,urban,multi_family
A015212,R03,West District,R03-M01,mixed,multi_family
A015213,R07,Mountain Region,R07-M02,rural,large_residential
A015214,R02,South City,R02-M01,urban,single_family
A015215,R04,East District,R04-M02,mixed,large_residential
A015216,R04,East District,R04-M03,mixed,multi_family
A015217,R03,West District,R03-M03,mixed,multi_family
A015218,R02,South City,R02-M03,urban,multi_family
A015219,R08,Lake Region,R08-M02,rural,single_family
A015220,R06,River Region,R06-M02,mixed,multi_family
A015221,R04,East District,R04-M03,mixed,single_family
A015222,R10,Rural Belt,R10-M04,rural,single_family
A015223,R03,West District,R03-M03,mixed,multi_family
A015224,R10,Rural Belt,R10-M04,rural,single_family
A015225,R03,West District,R03-M04,mixed,single_family
A015226,R04,East District,R04-M04,mixed,single_family
A015227,R09,Urban Belt,R09-M03,urban,single_family
A015228,R10,Rural Belt,R10-M01,rural,multi_family
A015229,R08,Lake Region,R08-M02,rural,multi_family
A015230,R09,Urban Belt,R09-M02,urban,multi_family
A015231,R03,West District,R03-M04,mixed,single_family
A015232,R03,West District,R03-M03,mixed,multi_family
A015233,R01,North City,R01-M01,urban,multi_family
A015234,R08,Lake Region,R08-M04,rural,single_family
A015235,R09,Urban Belt,R09-M03,urban,multi_family
A015236,R04,East District,R04-M04,mixed,multi_family
A015237,R12,Metro Region,R12-M01,urban,multi_family
A015238,R07,Mountain Region,R07-M01,rural,multi_family
A015239,R09,Urban Belt,R09-M04,urban,large_residential
A015240,R02,South City,R02-M04,urban,multi_family
A015241,R04,East District,R04-M02,mixed,multi_family
A015242,R01,North City,R01-M03,urban,large_residential
A015243,R01,North City,R01-M02,urban,multi_family
A015244,R03,West District,R03-M03,mixed,single_family
A015245,R03,West District,R03-M01,mixed,large_residential
A015246,R01,North City,R01-M02,urban,large_residential
A015247,R05,Central Region,R05-M01,urban,multi_family
A015248,R04,East District,R04-M02,mixed,multi_family
A015249,R07,Mountain Region,R07-M04,rural,single_family
A015250,R04,East District,R04-M02,mixed,single_family
A015251,R08,Lake Region,R08-M03,rural,multi_family
A015252,R02,South City,R02-M01,urban,large_residential
A015253,R06,River Region,R06-M04,mixed,large_residential
A015254,R05,Central Region,R05-M01,urban,single_family
A015255,R08,Lake Region,R08-M01,rural,single_family
A015256,R09,Urban Belt,R09-M04,urban,large_residential
A015257,R10,Rural Belt,R10-M02,rural,single_family
A015258,R08,Lake Region,R08-M03,rural,single_family
A015259,R06,River Region,R06-M04,mixed,single_family
A015260,R01,North City,R01-M04,urban,single_family
A015261,R04,East District,R04-M02,mixed,multi_family
A015262,R10,Rural Belt,R10-M01,rural,multi_family
A015263,R12,Metro Region,R12-M01,urban,multi_family
A015264,R04,East District,R04-M01,mixed,single_family
A015265,R05,Central Region,R05-M01,urban,single_family
A015266,R09,Urban Belt,R09-M03,urban,multi_family
A015267,R01,North City,R01-M01,urban,single_family
A015268,R10,Rural Belt,R10-M02,rural,multi_family
A015269,R06,River Region,R06-M02,mixed,multi_family
A015270,R05,Central Region,R05-M02,urban,multi_family
A015271,R01,North City,R01-M04,urban,single_family
A015272,R07,Mountain Region,R07-M04,rural,large_residential
A015273,R09,Urban Belt,R09-M01,urban,multi_family
A015274,R10,Rural Belt,R10-M01,rural,multi_family
A015275,R12,Metro Region,R12-M02,urban,multi_family
A015276,R12,Metro Region,R12-M03,urban,multi_family
A015277,R12,Metro Region,R12-M04,urban,multi_family
A015278,R09,Urban Belt,R09-M02,urban,large_residential
A015279,R05,Central Region,R05-M04,urban,single_family
A015280,R12,Metro Region,R12-M02,urban,multi_family
A015281,R05,Central Region,R05-M01,urban,multi_family
A015282,R09,Urban Belt,R09-M04,urban,large_residential
A015283,R09,Urban Belt,R09-M04,urban,multi_family
A015284,R02,South City,R02-M02,urban,multi_family
A015285,R04,East District,R04-M02,mixed,single_family
A015286,R02,South City,R02-M02,urban,single_family
A015287,R04,East District,R04-M01,mixed,single_family
A015288,R09,Urban Belt,R09-M01,urban,large_residential
A015289,R10,Rural Belt,R10-M01,rural,single_family
A015290,R12,Metro Region,R12-M02,urban,multi_family
A015291,R04,East District,R04-M02,mixed,multi_family
A015292,R05,Central Region,R05-M03,urban,single_family
A015293,R06,River Region,R06-M03,mixed,multi_family
A015294,R09,Urban Belt,R09-M04,urban,multi_family
A015295,R08,Lake Region,R08-M02,rural,single_family
A015296,R01,North City,R01-M02,urban,large_residential
A015297,R09,Urban Belt,R09-M02,urban,multi_family
A015298,R08,Lake Region,R08-M03,rural,single_family
A015299,R10,Rural Belt,R10-M02,rural,multi_family
A015300,R01,North City,R01-M02,urban,multi_family
A015301,R09,Urban Belt,R09-M01,urban,large_residential
A015302,R03,West District,R03-M04,mixed,multi_family
A015303,R06,River Region,R06-M03,mixed,multi_family
A015304,R02,South City,R02-M04,urban,multi_family
A015305,R09,Urban Belt,R09-M04,urban,multi_family
A015306,R12,Metro Region,R12-M03,urban,multi_family
A015307,R01,North City,R01-M03,urban,multi_family
A015308,R12,Metro Region,R12-M03,urban,multi_family
A015309,R05,Central Region,R05-M03,urban,multi_family
A015310,R03,West District,R03-M02,mixed,single_family
A015311,R09,Urban Belt,R09-M02,urban,multi_family
A015312,R05,Central Region,R05-M01,urban,multi_family
A015313,R12,Metro Region,R12-M03,urban,single_family
A015314,R12,Metro Region,R12-M02,urban,single_family
A015315,R02,South City,R02-M03,urban,multi_family
A015316,R06,River Region,R06-M02,mixed,single_family
A015317,R09,Urban Belt,R09-M04,urban,large_residential
A015318,R10,Rural Belt,R10-M01,rural,single_family
A015319,R02,South City,R02-M01,urban,multi_family
A015320,R04,East District,R04-M01,mixed,multi_family
A015321,R01,North City,R01-M02,urban,multi_family
A015322,R10,Rural Belt,R10-M03,rural,large_residential
A015323,R10,Rural Belt,R10-M04,rural,single_family
A015324,R12,Metro Region,R12-M04,urban,multi_family
A015325,R05,Central Region,R05-M03,urban,multi_family
A015326,R02,South City,R02-M02,urban,multi_family
A015327,R03,West District,R03-M04,mixed,multi_family
A015328,R09,Urban Belt,R09-M03,urban,single_family
A015329,R01,North City,R01-M03,urban,multi_family
A015330,R05,Central Region,R05-M01,urban,single_family
A015331,R05,Central Region,R05-M02,urban,single_family
A015332,R11,Border Region,R11-M03,mixed,single_family
A015333,R07,Mountain Region,R07-M03,rural,single_family
A015334,R06,River Region,R06-M04,mixed,multi_family
A015335,R09,Urban Belt,R09-M01,urban,multi_family
A015336,R05,Central Region,R05-M03,urban,single_family
A015337,R01,North City,R01-M04,urban,multi_family
A015338,R05,Central Region,R05-M04,urban,multi_family
A015339,R10,Rural Belt,R10-M04,rural,single_family
A015340,R08,Lake Region,R08-M04,rural,multi_family
A015341,R04,East District,R04-M04,mixed,single_family
A015342,R11,Border Region,R11-M04,mixed,single_family
A015343,R08,Lake Region,R08-M03,rural,single_family
A015344,R02,South City,R02-M03,urban,multi_family
A015345,R06,River Region,R06-M03,mixed,single_family
A015346,R09,Urban Belt,R09-M02,urban,multi_family
A015347,R05,Central Region,R05-M03,urban,multi_family
A015348,R09,Urban Belt,R09-M04,urban,single_family
A015349,R05,Central Region,R05-M03,urban,multi_family
A015350,R08,Lake Region,R08-M04,rural,single_family
A015351,R05,Central Region,R05-M03,urban,large_residential
A015352,R02,South City,R02-M04,urban,multi_family
A015353,R03,West District,R03-M03,mixed,large_residential
A015354,R01,North City,R01-M01,urban,single_family
A015355,R02,South City,R02-M02,urban,multi_family
A015356,R10,Rural Belt,R10-M03,rural,single_family
A015357,R04,East District,R04-M03,mixed,multi_family
A015358,R03,West District,R03-M01,mixed,single_family
A015359,R09,Urban Belt,R09-M04,urban,multi_family
A015360,R05,Central Region,R05-M04,urban,large_residential
A015361,R07,Mountain Region,R07-M02,rural,single_family
A015362,R07,Mountain Region,R07-M01,rural,single_family
A015363,R06,River Region,R06-M02,mixed,single_family
A015364,R12,Metro Region,R12-M04,urban,single_family
A015365,R12,Metro Region,R12-M03,urban,large_residential
A015366,R11,Border Region,R11-M04,mixed,single_family
A015367,R02,South City,R02-M01,urban,large_residential
A015368,R09,Urban Belt,R09-M03,urban,large_residential
A015369,R05,Central Region,R05-M02,urban,multi_family
A015370,R08,Lake Region,R08-M01,rural,single_family
A015371,R10,Rural Belt,R10-M02,rural,single_family
A015372,R01,North City,R01-M02,urban,multi_family
A015373,R04,East District,R04-M04,mixed,large_residential
A015374,R07,Mountain Region,R07-M02,rural,single_family
A015375,R05,Central Region,R05-M02,urban,single_family
A015376,R12,Metro Region,R12-M03,urban,single_family
A015377,R04,East District,R04-M03,mixed,multi_family
A015378,R08,Lake Region,R08-M01,rural,single_family
A015379,R09,Urban Belt,R09-M01,urban,multi_family
A015380,R03,West District,R03-M04,mixed,multi_family
A015381,R11,Border Region,R11-M03,mixed,multi_family
A015382,R05,Central Region,R05-M02,urban,multi_family
A015383,R06,River Region,R06-M03,mixed,single_family
A015384,R12,Metro Region,R12-M04,urban,single_family
A015385,R09,Urban Belt,R09-M01,urban,multi_family
A015386,R07,Mountain Region,R07-M04,rural,single_family
A015387,R12,Metro Region,R12-M01,urban,single_family
A015388,R10,Rural Belt,R10-M03,rural,multi_family
A015389,R09,Urban Belt,R09-M03,urban,multi_family
A015390,R04,East District,R04-M02,mixed,multi_family
A015391,R07,Mountain Region,R07-M03,rural,single_family
A015392,R12,Metro Region,R12-M01,urban,multi_family
A015393,R10,Rural Belt,R10-M02,rural,large_residential
A015394,R05,Central Region,R05-M04,urban,single_family
A015395,R04,East District,R04-M03,mixed,single_family
A015396,R10,Rural Belt,R10-M01,rural,single_family
A015397,R04,East District,R04-M04,mixed,multi_family
A015398,R02,South City,R02-M03,urban,multi_family
A015399,R05,Central Region,R05-M01,urban,large_residential
A015400,R07,Mountain Region,R07-M01,rural,multi_family
A015401,R08,Lake Region,R08-M02,rural,single_family
A015402,R08,Lake Region,R08-M02,rural,single_family
A015403,R04,East District,R04-M04,mixed,single_family
A015404,R05,Central Region,R05-M03,urban,single_family
A015405,R08,Lake Region,R08-M04,rural,single_family
A015406,R02,South City,R02-M04,urban,single_family
A015407,R09,Urban Belt,R09-M03,urban,multi_family
A015408,R06,River Region,R06-M01,mixed,large_residential
A015409,R01,North City,R01-M03,urban,multi_family
A015410,R07,Mountain Region,R07-M02,rural,single_family
A015411,R02,South City,R02-M03,urban,large_residential
A015412,R12,Metro Region,R12-M03,urban,multi_family
A015413,R03,West District,R03-M02,mixed,single_family
A015414,R02,South City,R02-M01,urban,single_family
A015415,R04,East District,R04-M03,mixed,multi_family
A015416,R01,North City,R01-M03,urban,single_family
A015417,R01,North City,R01-M04,urban,multi_family
A015418,R02,South City,R02-M03,urban,multi_family
A015419,R10,Rural Belt,R10-M02,rural,multi_family
A015420,R07,Mountain Region,R07-M03,rural,single_family
A015421,R10,Rural Belt,R10-M03,rural,multi_family
A015422,R09,Urban Belt,R09-M04,urban,large_residential
A015423,R10,Rural Belt,R10-M02,rural,single_family
A015424,R06,River Region,R06-M02,mixed,large_residential
A015425,R05,Central Region,R05-M03,urban,large_residential
A015426,R08,Lake Region,R08-M02,rural,single_family
A015427,R02,South City,R02-M01,urban,single_family
A015428,R02,South City,R02-M03,urban,multi_family
A015429,R08,Lake Region,R08-M01,rural,multi_family
A015430,R08,Lake Region,R08-M04,rural,multi_family
A015431,R07,Mountain Region,R07-M02,rural,multi_family
A015432,R12,Metro Region,R12-M01,urban,single_family
A015433,R09,Urban Belt,R09-M02,urban,multi_family
A015434,R01,North City,R01-M02,urban,single_family
A015435,R01,North City,R01-M01,urban,large_residential
A015436,R10,Rural Belt,R10-M04,rural,single_family
A015437,R03,West District,R03-M03,mixed,large_residential
A015438,R12,Metro Region,R12-M02,urban,large_residential
A015439,R02,South City,R02-M02,urban,multi_family
A015440,R01,North City,R01-M02,urban,single_family
A015441,R06,River Region,R06-M04,mixed,single_family
A015442,R09,Urban Belt,R09-M01,urban,large_residential
A015443,R12,Metro Region,R12-M04,urban,single_family
A015444,R12,Metro Region,R12-M03,urban,multi_family
A015445,R01,North City,R01-M04,urban,single_family
A015446,R08,Lake Region,R08-M03,rural,single_family
A015447,R07,Mountain Region,R07-M04,rural,single_family
A015448,R05,Central Region,R05-M01,urban,multi_family
A015449,R07,Mountain Region,R07-M01,rural,multi_family
A015450,R09,Urban Belt,R09-M03,urban,single_family
A015451,R01,North City,R01-M02,urban,multi_family
A015452,R05,Central Region,R05-M02,urban,multi_family
A015453,R11,Border Region,R11-M04,mixed,multi_family
A015454,R02,South City,R02-M04,urban,multi_family
A015455,R12,Metro Region,R12-M04,urban,multi_family
A015456,R12,Metro Region,R12-M04,urban,single_family
A015457,R05,Central Region,R05-M03,urban,multi_family
A015458,R01,North City,R01-M04,urban,multi_family
A015459,R01,North City,R01-M03,urban,multi_family
A015460,R08,Lake Region,R08-M03,rural,single_family
A015461,R08,Lake Region,R08-M03,rural,single_family
A015462,R05,Central Region,R05-M04,urban,multi_family
A015463,R04,East District,R04-M02,mixed,multi_family
A015464,R08,Lake Region,R08-M03,rural,single_family
A015465,R09,Urban Belt,R09-M01,urban,multi_family
A015466,R10,Rural Belt,R10-M02,rural,multi_family
A015467,R12,Metro Region,R12-M04,urban,large_residential
A015468,R05,Central Region,R05-M04,urban,multi_family
A015469,R07,Mountain Region,R07-M01,rural,large_residential
A015470,R04,East District,R04-M03,mixed,single_family
A015471,R07,Mountain Region,R07-M02,rural,single_family
A015472,R03,West District,R03-M02,mixed,single_family
A015473,R06,River Region,R06-M03,mixed,multi_family
A015474,R10,Rural Belt,R10-M02,rural,multi_family
A015475,R04,East District,R04-M04,mixed,single_family
A015476,R09,Urban Belt,R09-M03,urban,large_residential
A015477,R12,Metro Region,R12-M03,urban,multi_family
A015478,R01,North City,R01-M04,urban,multi_family
A015479,R12,Metro Region,R12-M03,urban,single_family
A015480,R05,Central Region,R05-M02,urban,single_family
A015481,R01,North City,R01-M01,urban,single_family
A015482,R01,North City,R01-M01,urban,multi_family
A015483,R04,East District,R04-M02,mixed,multi_family
A015484,R08,Lake Region,R08-M04,rural,multi_family
A015485,R08,Lake Region,R08-M04,rural,single_family
A015486,R07,Mountain Region,R07-M03,rural,multi_family
A015487,R05,Central Region,R05-M04,urban,large_residential
A015488,R02,South City,R02-M01,urban,single_family
A015489,R03,West District,R03-M04,mixed,multi_family
A015490,R11,Border Region,R11-M02,mixed,single_family
A015491,R06,River Region,R06-M04,mixed,single_family
A015492,R12,Metro Region,R12-M03,urban,large_residential
A015493,R02,South City,R02-M04,urban,multi_family
A015494,R01,North City,R01-M01,urban,single_family
A015495,R10,Rural Belt,R10-M01,rural,multi_family
A015496,R04,East District,R04-M04,mixed,multi_family
A015497,R11,Border Region,R11-M01,mixed,multi_family
A015498,R11,Border Region,R11-M03,mixed,single_family
A015499,R10,Rural Belt,R10-M04,rural,single_family
A015500,R05,Central Region,R05-M02,urban,multi_family
A015501,R09,Urban Belt,R09-M03,urban,large_residential
A015502,R04,East District,R04-M01,mixed,single_family
A015503,R04,East District,R04-M02,mixed,multi_family
A015504,R07,Mountain Region,R07-M03,rural,large_residential
A015505,R02,South City,R02-M02,urban,multi_family
A015506,R09,Urban Belt,R09-M01,urban,large_residential
A015507,R02,South City,R02-M04,urban,large_residential
A015508,R03,West District,R03-M01,mixed,single_family
A015509,R10,Rural Belt,R10-M01,rural,multi_family
A015510,R09,Urban Belt,R09-M01,urban,single_family
A015511,R06,River Region,R06-M04,mixed,single_family
A015512,R02,South City,R02-M01,urban,single_family
A015513,R04,East District,R04-M04,mixed,single_family
A015514,R02,South City,R02-M03,urban,single_family
A015515,R03,West District,R03-M02,mixed,multi_family
A015516,R12,Metro Region,R12-M01,urban,multi_family
A015517,R04,East District,R04-M04,mixed,multi_family
A015518,R03,West District,R03-M04,mixed,multi_family
A015519,R12,Metro Region,R12-M01,urban,single_family
A015520,R09,Urban Belt,R09-M03,urban,single_family
A015521,R03,West District,R03-M02,mixed,single_family
A015522,R12,Metro Region,R12-M01,urban,multi_family
A015523,R11,Border Region,R11-M04,mixed,single_family
A015524,R09,Urban Belt,R09-M03,urban,large_residential
A015525,R05,Central Region,R05-M03,urban,single_family
A015526,R08,Lake Region,R08-M02,rural,multi_family
A015527,R01,North City,R01-M01,urban,multi_family
A015528,R05,Central Region,R05-M03,urban,multi_family
A015529,R02,South City,R02-M03,urban,large_residential
A015530,R03,West District,R03-M04,mixed,multi_family
A015531,R12,Metro Region,R12-M03,urban,single_family
A015532,R10,Rural Belt,R10-M02,rural,single_family
A015533,R08,Lake Region,R08-M04,rural,single_family
A015534,R10,Rural Belt,R10-M03,rural,single_family
A015535,R11,Border Region,R11-M03,mixed,large_residential
A015536,R05,Central Region,R05-M04,urban,multi_family
A015537,R12,Metro Region,R12-M02,urban,large_residential
A015538,R05,Central Region,R05-M03,urban,large_residential
A015539,R01,North City,R01-M03,urban,large_residential
A015540,R01,North City,R01-M03,urban,multi_family
A015541,R06,River Region,R06-M04,mixed,multi_family
A015542,R07,Mountain Region,R07-M01,rural,multi_family
A015543,R05,Central Region,R05-M04,urban,multi_family
A015544,R05,Central Region,R05-M04,urban,multi_family
A015545,R10,Rural Belt,R10-M03,rural,single_family
A015546,R01,North City,R01-M02,urban,large_residential
A015547,R04,East District,R04-M03,mixed,multi_family
A015548,R03,West District,R03-M02,mixed,large_residential
A015549,R09,Urban Belt,R09-M02,urban,multi_family
A015550,R07,Mountain Region,R07-M04,rural,single_family
A015551,R02,South City,R02-M03,urban,large_residential
A015552,R04,East District,R04-M02,mixed,multi_family
A015553,R11,Border Region,R11-M03,mixed,single_family
A015554,R02,South City,R02-M04,urban,multi_family
A015555,R06,River Region,R06-M03,mixed,multi_family
A015556,R01,North City,R01-M02,urban,multi_family
A015557,R01,North City,R01-M04,urban,large_residential
A015558,R05,Central Region,R05-M01,urban,large_residential
A015559,R01,North City,R01-M03,urban,multi_family
A015560,R02,South City,R02-M01,urban,multi_family
A015561,R05,Central Region,R05-M04,urban,multi_family
A015562,R11,Border Region,R11-M02,mixed,multi_family
A015563,R01,North City,R01-M04,urban,multi_family
A015564,R01,North City,R01-M04,urban,single_family
A015565,R12,Metro Region,R12-M04,urban,multi_family
A015566,R01,North City,R01-M03,urban,multi_family
A015567,R02,South City,R02-M01,urban,single_family
A015568,R08,Lake Region,R08-M02,rural,multi_family
A015569,R11,Border Region,R11-M04,mixed,multi_family
A015570,R07,Mountain Region,R07-M02,rural,single_family
A015571,R01,North City,R01-M02,urban,multi_family
A015572,R12,Metro Region,R12-M04,urban,multi_family
A015573,R09,Urban Belt,R09-M01,urban,single_family
A015574,R12,Metro Region,R12-M03,urban,multi_family
A015575,R06,River Region,R06-M04,mixed,multi_family
A015576,R04,East District,R04-M04,mixed,large_residential
A015577,R09,Urban Belt,R09-M02,urban,multi_family
A015578,R05,Central Region,R05-M04,urban,single_family
A015579,R12,Metro Region,R12-M03,urban,multi_family
A015580,R02,South City,R02-M03,urban,multi_family
A015581,R08,Lake Region,R08-M04,rural,multi_family
A015582,R05,Central Region,R05-M03,urban,large_residential
A015583,R01,North City,R01-M02,urban,multi_family
A015584,R02,South City,R02-M02,urban,multi_family
A015585,R08,Lake Region,R08-M01,rural,single_family
A015586,R12,Metro Region,R12-M03,urban,large_residential
A015587,R08,Lake Region,R08-M02,rural,single_family
A015588,R05,Central Region,R05-M03,urban,multi_family
A015589,R04,East District,R04-M02,mixed,multi_family
A015590,R10,Rural Belt,R10-M02,rural,single_family
A015591,R12,Metro Region,R12-M03,urban,multi_family
A015592,R04,East District,R04-M01,mixed,large_residential
A015593,R12,Metro Region,R12-M02,urban,single_family
A015594,R06,River Region,R06-M03,mixed,multi_family
A015595,R07,Mountain Region,R07-M02,rural,single_family
A015596,R05,Central Region,R05-M04,urban,multi_family
A015597,R12,Metro Region,R12-M03,urban,multi_family
A015598,R07,Mountain Region,R07-M04,rural,multi_family
A015599,R06,River Region,R06-M04,mixed,single_family
A015600,R09,Urban Belt,R09-M03,urban,multi_family
A015601,R04,East District,R04-M04,mixed,multi_family
A015602,R08,Lake Region,R08-M01,rural,single_family
A015603,R12,Metro Region,R12-M04,urban,large_residential
A015604,R11,Border Region,R11-M04,mixed,large_residential
A015605,R08,Lake Region,R08-M03,rural,single_family
A015606,R01,North City,R01-M03,urban,multi_family
A015607,R09,Urban Belt,R09-M03,urban,single_family
A015608,R02,South City,R02-M03,urban,single_family
A015609,R02,South City,R02-M04,urban,multi_family
A015610,R12,Metro Region,R12-M02,urban,single_family
A015611,R04,East District,R04-M02,mixed,multi_family
A015612,R04,East District,R04-M02,mixed,single_family
A015613,R06,River Region,R06-M02,mixed,large_residential
A015614,R05,Central Region,R05-M03,urban,single_family
A015615,R04,East District,R04-M04,mixed,single_family
A015616,R02,South City,R02-M02,urban,multi_family
A015617,R05,Central Region,R05-M01,urban,large_residential
A015618,R04,East District,R04-M02,mixed,single_family
A015619,R11,Border Region,R11-M01,mixed,single_family
A015620,R11,Border Region,R11-M01,mixed,large_residential
A015621,R09,Urban Belt,R09-M04,urban,multi_family
A015622,R11,Border Region,R11-M01,mixed,single_family
A015623,R04,East District,R04-M02,mixed,multi_family
A015624,R06,River Region,R06-M02,mixed,large_residential
A015625,R01,North City,R01-M03,urban,single_family
A015626,R03,West District,R03-M02,mixed,single_family
A015627,R09,Urban Belt,R09-M04,urban,large_residential
A015628,R05,Central Region,R05-M02,urban,large_residential
A015629,R04,East District,R04-M03,mixed,single_family
A015630,R04,East District,R04-M03,mixed,multi_family
A015631,R01,North City,R01-M02,urban,multi_family
A015632,R01,North City,R01-M02,urban,single_family
A015633,R02,South City,R02-M01,urban,multi_family
A015634,R08,Lake Region,R08-M02,rural,single_family
A015635,R05,Central Region,R05-M01,urban,large_residential
A015636,R05,Central Region,R05-M03,urban,multi_family
A015637,R02,South City,R02-M04,urban,multi_family
A015638,R04,East District,R04-M04,mixed,large_residential
A015639,R01,North City,R01-M02,urban,multi_family
A015640,R05,Central Region,R05-M04,urban,multi_family
A015641,R04,East District,R04-M04,mixed,multi_family
A015642,R03,West District,R03-M04,mixed,single_family
A015643,R03,West District,R03-M03,mixed,multi_family
A015644,R07,Mountain Region,R07-M01,rural,multi_family
A015645,R07,Mountain Region,R07-M01,rural,single_family
A015646,R02,South City,R02-M03,urban,large_residential
A015647,R12,Metro Region,R12-M01,urban,large_residential
A015648,R03,West District,R03-M04,mixed,single_family
A015649,R04,East District,R04-M03,mixed,multi_family
A015650,R05,Central Region,R05-M03,urban,multi_family
A015651,R09,Urban Belt,R09-M03,urban,single_family
A015652,R03,West District,R03-M02,mixed,multi_family
A015653,R04,East District,R04-M01,mixed,single_family
A015654,R02,South City,R02-M02,urban,multi_family
A015655,R12,Metro Region,R12-M01,urban,multi_family
A015656,R03,West District,R03-M01,mixed,large_residential
A015657,R10,Rural Belt,R10-M02,rural,single_family
A015658,R11,Border Region,R11-M03,mixed,large_residential
A015659,R09,Urban Belt,R09-M04,urban,single_family
A015660,R03,West District,R03-M03,mixed,single_family
A015661,R12,Metro Region,R12-M03,urban,multi_family
A015662,R06,River Region,R06-M03,mixed,single_family
A015663,R02,South City,R02-M04,urban,large_residential
A015664,R04,East District,R04-M01,mixed,multi_family
A015665,R11,Border Region,R11-M01,mixed,single_family
A015666,R04,East District,R04-M03,mixed,single_family
A015667,R08,Lake Region,R08-M04,rural,single_family
A015668,R11,Border Region,R11-M03,mixed,multi_family
A015669,R09,Urban Belt,R09-M02,urban,multi_family
A015670,R04,East District,R04-M02,mixed,single_family
A015671,R01,North City,R01-M01,urban,large_residential
A015672,R04,East District,R04-M01,mixed,multi_family
A015673,R08,Lake Region,R08-M04,rural,single_family
A015674,R09,Urban Belt,R09-M04,urban,multi_family
A015675,R09,Urban Belt,R09-M02,urban,large_residential
A015676,R05,Central Region,R05-M02,urban,large_residential
A015677,R01,North City,R01-M03,urban,multi_family
A015678,R09,Urban Belt,R09-M01,urban,single_family
A015679,R12,Metro Region,R12-M02,urban,multi_family
A015680,R09,Urban Belt,R09-M04,urban,multi_family
A015681,R07,Mountain Region,R07-M03,rural,single_family
A015682,R01,North City,R01-M04,urban,single_family
A015683,R05,Central Region,R05-M04,urban,large_residential
A015684,R01,North City,R01-M01,urban,single_family
A015685,R08,Lake Region,R08-M01,rural,single_family
A015686,R03,West District,R03-M04,mixed,multi_family
A015687,R09,Urban Belt,R09-M04,urban,single_family
A015688,R04,East District,R04-M04,mixed,single_family
A015689,R06,River Region,R06-M03,mixed,multi_family
A015690,R06,River Region,R06-M04,mixed,large_residential
A015691,R09,Urban Belt,R09-M04,urban,multi_family
A015692,R11,Border Region,R11-M02,mixed,multi_family
A015693,R09,Urban Belt,R09-M02,urban,large_residential
A015694,R01,North City,R01-M01,urban,multi_family
A015695,R02,South City,R02-M01,urban,multi_family
A015696,R04,East District,R04-M03,mixed,multi_family
A015697,R03,West District,R03-M02,mixed,multi_family
A015698,R07,Mountain Region,R07-M02,rural,multi_family
A015699,R11,Border Region,R11-M04,mixed,multi_family
A015700,R12,Metro Region,R12-M04,urban,single_family
A015701,R06,River Region,R06-M02,mixed,single_family
A015702,R01,North City,R01-M04,urban,multi_family
A015703,R09,Urban Belt,R09-M02,urban,multi_family
A015704,R12,Metro Region,R12-M01,urban,multi_family
A015705,R09,Urban Belt,R09-M03,urban,multi_family
A015706,R12,Metro Region,R12-M03,urban,single_family
A015707,R10,Rural Belt,R10-M03,rural,single_family
A015708,R07,Mountain Region,R07-M04,rural,multi_family
A015709,R12,Metro Region,R12-M01,urban,multi_family
A015710,R09,Urban Belt,R09-M04,urban,multi_family
A015711,R07,Mountain Region,R07-M02,rural,multi_family
A015712,R02,South City,R02-M01,urban,large_residential
A015713,R10,Rural Belt,R10-M04,rural,multi_family
A015714,R03,West District,R03-M02,mixed,single_family
A015715,R05,Central Region,R05-M01,urban,large_residential
A015716,R02,South City,R02-M03,urban,multi_family
A015717,R05,Central Region,R05-M02,urban,multi_family
A015718,R08,Lake Region,R08-M02,rural,large_residential
A015719,R11,Border Region,R11-M01,mixed,single_family
A015720,R06,River Region,R06-M02,mixed,multi_family
A015721,R11,Border Region,R11-M03,mixed,multi_family
A015722,R05,Central Region,R05-M04,urban,large_residential
A015723,R01,North City,R01-M02,urban,single_family
A015724,R09,Urban Belt,R09-M03,urban,single_family
A015725,R10,Rural Belt,R10-M02,rural,single_family
A015726,R06,River Region,R06-M03,mixed,multi_family
A015727,R11,Border Region,R11-M04,mixed,multi_family
A015728,R11,Border Region,R11-M02,mixed,large_residential
A015729,R10,Rural Belt,R10-M04,rural,single_family
A015730,R02,South City,R02-M01,urban,multi_family
A015731,R02,South City,R02-M03,urban,multi_family
A015732,R01,North City,R01-M02,urban,large_residential
A015733,R04,East District,R04-M03,mixed,large_residential
A015734,R06,River Region,R06-M03,mixed,single_family
A015735,R12,Metro Region,R12-M04,urban,multi_family
A015736,R09,Urban Belt,R09-M01,urban,multi_family
A015737,R04,East District,R04-M01,mixed,single_family
A015738,R03,West District,R03-M03,mixed,multi_family
A015739,R11,Border Region,R11-M04,mixed,multi_family
A015740,R10,Rural Belt,R10-M02,rural,single_family
A015741,R08,Lake Region,R08-M04,rural,single_family
A015742,R09,Urban Belt,R09-M03,urban,single_family
A015743,R07,Mountain Region,R07-M04,rural,single_family
A015744,R04,East District,R04-M02,mixed,multi_family
A015745,R09,Urban Belt,R09-M03,urban,large_residential
A015746,R08,Lake Region,R08-M01,rural,single_family
A015747,R11,Border Region,R11-M04,mixed,single_family
A015748,R01,North City,R01-M02,urban,multi_family
A015749,R05,Central Region,R05-M01,urban,multi_family
A015750,R03,West District,R03-M01,mixed,multi_family
A015751,R06,River Region,R06-M01,mixed,multi_family
A015752,R02,South City,R02-M04,urban,single_family
A015753,R10,Rural Belt,R10-M01,rural,single_family
A015754,R02,South City,R02-M03,urban,large_residential
A015755,R07,Mountain Region,R07-M04,rural,single_family
A015756,R03,West District,R03-M03,mixed,single_family
A015757,R01,North City,R01-M02,urban,single_family
A015758,R03,West District,R03-M04,mixed,multi_family
A015759,R06,River Region,R06-M03,mixed,multi_family
A015760,R06,River Region,R06-M02,mixed,multi_family
A015761,R08,Lake Region,R08-M02,rural,single_family
A015762,R07,Mountain Region,R07-M01,rural,single_family
A015763,R02,South City,R02-M04,urban,single_family
A015764,R10,Rural Belt,R10-M03,rural,multi_family
A015765,R09,Urban Belt,R09-M02,urban,single_family
A015766,R02,South City,R02-M02,urban,multi_family
A015767,R05,Central Region,R05-M01,urban,large_residential
A015768,R02,South City,R02-M01,urban,multi_family
A015769,R02,South City,R02-M04,urban,multi_family
A015770,R10,Rural Belt,R10-M04,rural,single_family
A015771,R07,Mountain Region,R07-M04,rural,multi_family
A015772,R06,River Region,R06-M02,mixed,single_family
A015773,R04,East District,R04-M04,mixed,single_family
A015774,R04,East District,R04-M04,mixed,multi_family
A015775,R04,East District,R04-M04,mixed,single_family
A015776,R01,North City,R01-M03,urban,large_residential
A015777,R10,Rural Belt,R10-M01,rural,single_family
A015778,R02,South City,R02-M04,urban,multi_family
A015779,R06,River Region,R06-M02,mixed,multi_family
A015780,R03,West District,R03-M02,mixed,multi_family
A015781,R07,Mountain Region,R07-M03,rural,single_family
A015782,R07,Mountain Region,R07-M02,rural,single_family
A015783,R07,Mountain Region,R07-M02,rural,single_family
A015784,R04,East District,R04-M04,mixed,multi_family
A015785,R11,Border Region,R11-M03,mixed,single_family
A015786,R11,Border Region,R11-M03,mixed,multi_family
A015787,R09,Urban Belt,R09-M02,urban,multi_family
A015788,R06,River Region,R06-M01,mixed,single_family
A015789,R05,Central Region,R05-M01,urban,multi_family
A015790,R08,Lake Region,R08-M02,rural,single_family
A015791,R10,Rural Belt,R10-M01,rural,single_family
A015792,R11,Border Region,R11-M02,mixed,single_family
A015793,R01,North City,R01-M02,urban,multi_family
A015794,R01,North City,R01-M04,urban,multi_family
A015795,R04,East District,R04-M03,mixed,multi_family
A015796,R09,Urban Belt,R09-M02,urban,multi_family
A015797,R03,West District,R03-M01,mixed,single_family
A015798,R10,Rural Belt,R10-M01,rural,single_family
A015799,R10,Rural Belt,R10-M04,rural,single_family
A015800,R12,Metro Region,R12-M01,urban,single_family
A015801,R04,East District,R04-M04,mixed,single_family
A015802,R01,North City,R01-M03,urban,multi_family
A015803,R04,East District,R04-M03,mixed,multi_family
A015804,R01,North City,R01-M02,urban,large_residential
A015805,R01,North City,R01-M01,urban,large_residential
A015806,R05,Central Region,R05-M01,urban,multi_family
A015807,R11,Border Region,R11-M02,mixed,large_residential
A015808,R12,Metro Region,R12-M04,urban,multi_family
A015809,R03,West District,R03-M02,mixed,multi_family
A015810,R11,Border Region,R11-M02,mixed,multi_family
A015811,R01,North City,R01-M01,urban,large_residential
A015812,R11,Border Region,R11-M04,mixed,multi_family
A015813,R01,North City,R01-M03,urban,multi_family
A015814,R09,Urban Belt,R09-M01,urban,multi_family
A015815,R09,Urban Belt,R09-M04,urban,large_residential
A015816,R09,Urban Belt,R09-M04,urban,multi_family
A015817,R05,Central Region,R05-M01,urban,single_family
A015818,R01,North City,R01-M02,urban,multi_family
A015819,R11,Border Region,R11-M04,mixed,large_residential
A015820,R09,Urban Belt,R09-M02,urban,multi_family
A015821,R02,South City,R02-M04,urban,multi_family
A015822,R10,Rural Belt,R10-M04,rural,multi_family
A015823,R03,West District,R03-M01,mixed,single_family
A015824,R01,North City,R01-M01,urban,single_family
A015825,R09,Urban Belt,R09-M02,urban,large_residential
A015826,R06,River Region,R06-M01,mixed,multi_family
A015827,R08,Lake Region,R08-M03,rural,single_family
A015828,R07,Mountain Region,R07-M04,rural,single_family
A015829,R06,River Region,R06-M02,mixed,single_family
A015830,R09,Urban Belt,R09-M02,urban,single_family
A015831,R12,Metro Region,R12-M02,urban,multi_family
A015832,R02,South City,R02-M04,urban,large_residential
A015833,R01,North City,R01-M02,urban,multi_family
A015834,R03,West District,R03-M04,mixed,single_family
A015835,R12,Metro Region,R12-M03,urban,multi_family
A015836,R03,West District,R03-M02,mixed,multi_family
A015837,R05,Central Region,R05-M02,urban,large_residential
A015838,R06,River Region,R06-M02,mixed,single_family
A015839,R02,South City,R02-M02,urban,single_family
A015840,R09,Urban Belt,R09-M02,urban,large_residential
A015841,R05,Central Region,R05-M02,urban,multi_family
A015842,R01,North City,R01-M04,urban,multi_family
A015843,R12,Metro Region,R12-M02,urban,large_residential
A015844,R06,River Region,R06-M03,mixed,single_family
A015845,R12,Metro Region,R12-M01,urban,multi_family
A015846,R11,Border Region,R11-M03,mixed,large_residential
A015847,R01,North City,R01-M03,urban,single_family
A015848,R01,North City,R01-M04,urban,multi_family
A015849,R04,East District,R04-M03,mixed,multi_family
A015850,R02,South City,R02-M04,urban,single_family
A015851,R07,Mountain Region,R07-M03,rural,single_family
A015852,R01,North City,R01-M03,urban,large_residential
A015853,R12,Metro Region,R12-M03,urban,single_family
A015854,R02,South City,R02-M01,urban,multi_family
A015855,R09,Urban Belt,R09-M02,urban,multi_family
A015856,R08,Lake Region,R08-M04,rural,single_family
A015857,R05,Central Region,R05-M02,urban,large_residential
A015858,R10,Rural Belt,R10-M03,rural,single_family
A015859,R02,South City,R02-M01,urban,multi_family
A015860,R10,Rural Belt,R10-M03,rural,single_family
A015861,R09,Urban Belt,R09-M02,urban,large_residential
A015862,R03,West District,R03-M03,mixed,single_family
A015863,R05,Central Region,R05-M01,urban,large_residential
A015864,R05,Central Region,R05-M02,urban,single_family
A015865,R12,Metro Region,R12-M03,urban,multi_family
A015866,R06,River Region,R06-M01,mixed,single_family
A015867,R07,Mountain Region,R07-M03,rural,single_family
A015868,R02,South City,R02-M02,urban,multi_family
A015869,R07,Mountain Region,R07-M02,rural,single_family
A015870,R04,East District,R04-M02,mixed,single_family
A015871,R03,West District,R03-M02,mixed,single_family
A015872,R12,Metro Region,R12-M02,urban,large_residential
A015873,R04,East District,R04-M02,mixed,multi_family
A015874,R10,Rural Belt,R10-M01,rural,single_family
A015875,R03,West District,R03-M04,mixed,single_family
A015876,R05,Central Region,R05-M02,urban,multi_family
A015877,R06,River Region,R06-M01,mixed,single_family
A015878,R03,West District,R03-M02,mixed,multi_family
A015879,R06,River Region,R06-M04,mixed,single_family
A015880,R09,Urban Belt,R09-M03,urban,large_residential
A015881,R05,Central Region,R05-M02,urban,multi_family
A015882,R04,East District,R04-M04,mixed,large_residential
A015883,R01,North City,R01-M03,urban,multi_family
A015884,R07,Mountain Region,R07-M03,rural,single_family
A015885,R04,East District,R04-M03,mixed,single_family
A015886,R06,River Region,R06-M01,mixed,multi_family
A015887,R04,East District,R04-M02,mixed,single_family
A015888,R02,South City,R02-M02,urban,multi_family
A015889,R05,Central Region,R05-M01,urban,single_family
A015890,R05,Central Region,R05-M03,urban,large_residential
A015891,R09,Urban Belt,R09-M02,urban,large_residential
A015892,R01,North City,R01-M03,urban,large_residential
A015893,R07,Mountain Region,R07-M02,rural,multi_family
A015894,R10,Rural Belt,R10-M04,rural,single_family
A015895,R10,Rural Belt,R10-M01,rural,single_family
A015896,R09,Urban Belt,R09-M02,urban,single_family
A015897,R05,Central Region,R05-M04,urban,single_family
A015898,R06,River Region,R06-M04,mixed,multi_family
A015899,R09,Urban Belt,R09-M01,urban,multi_family
A015900,R07,Mountain Region,R07-M02,rural,single_family
A015901,R03,West District,R03-M01,mixed,multi_family
A015902,R03,West District,R03-M03,mixed,single_family
A015903,R01,North City,R01-M02,urban,large_residential
A015904,R11,Border Region,R11-M04,mixed,multi_family
A015905,R02,South City,R02-M02,urban,multi_family
A015906,R11,Border Region,R11-M03,mixed,multi_family
A015907,R05,Central Region,R05-M01,urban,multi_family
A015908,R08,Lake Region,R08-M02,rural,single_family
A015909,R09,Urban Belt,R09-M03,urban,multi_family
A015910,R05,Central Region,R05-M04,urban,multi_family
A015911,R02,South City,R02-M01,urban,multi_family
A015912,R08,Lake Region,R08-M04,rural,single_family
A015913,R09,Urban Belt,R09-M02,urban,single_family
A015914,R05,Central Region,R05-M03,urban,multi_family
A015915,R01,North City,R01-M02,urban,multi_family
A015916,R12,Metro Region,R12-M02,urban,multi_family
A015917,R11,Border Region,R11-M03,mixed,single_family
A015918,R10,Rural Belt,R10-M04,rural,single_family
A015919,R01,North City,R01-M01,urban,multi_family
A015920,R01,North City,R01-M01,urban,large_residential
A015921,R01,North City,R01-M04,urban,multi_family
A015922,R11,Border Region,R11-M02,mixed,single_family
A015923,R11,Border Region,R11-M04,mixed,multi_family
A015924,R09,Urban Belt,R09-M04,urban,multi_family
A015925,R06,River Region,R06-M03,mixed,single_family
A015926,R10,Rural Belt,R10-M04,rural,single_family
A015927,R08,Lake Region,R08-M03,rural,single_family
A015928,R01,North City,R01-M02,urban,multi_family
A015929,R09,Urban Belt,R09-M03,urban,single_family
A015930,R07,Mountain Region,R07-M03,rural,multi_family
A015931,R10,Rural Belt,R10-M03,rural,single_family
A015932,R07,Mountain Region,R07-M03,rural,multi_family
A015933,R08,Lake Region,R08-M03,rural,single_family
A015934,R11,Border Region,R11-M04,mixed,multi_family
A015935,R03,West District,R03-M02,mixed,multi_family
A015936,R07,Mountain Region,R07-M01,rural,single_family
A015937,R10,Rural Belt,R10-M04,rural,single_family
A015938,R06,River Region,R06-M03,mixed,multi_family
A015939,R02,South City,R02-M01,urban,multi_family
A015940,R01,North City,R01-M01,urban,multi_family
A015941,R07,Mountain Region,R07-M02,rural,multi_family
A015942,R05,Central Region,R05-M01,urban,single_family
A015943,R02,South City,R02-M02,urban,multi_family
A015944,R09,Urban Belt,R09-M01,urban,single_family
A015945,R08,Lake Region,R08-M03,rural,multi_family
A015946,R08,Lake Region,R08-M02,rural,single_family
A015947,R09,Urban Belt,R09-M02,urban,multi_family
A015948,R07,Mountain Region,R07-M01,rural,multi_family
A015949,R07,Mountain Region,R07-M02,rural,single_family
A015950,R02,South City,R02-M04,urban,multi_family
A015951,R07,Mountain Region,R07-M04,rural,multi_family
A015952,R05,Central Region,R05-M03,urban,large_residential
A015953,R04,East District,R04-M01,mixed,single_family
A015954,R12,Metro Region,R12-M02,urban,multi_family
A015955,R09,Urban Belt,R09-M03,urban,single_family
A015956,R09,Urban Belt,R09-M02,urban,multi_family
A015957,R09,Urban Belt,R09-M02,urban,multi_family
A015958,R06,River Region,R06-M02,mixed,single_family
A015959,R01,North City,R01-M02,urban,multi_family
A015960,R10,Rural Belt,R10-M01,rural,multi_family
A015961,R01,North City,R01-M02,urban,multi_family
A015962,R02,South City,R02-M04,urban,single_family
A015963,R07,Mountain Region,R07-M02,rural,multi_family
A015964,R02,South City,R02-M02,urban,large_residential
A015965,R05,Central Region,R05-M03,urban,large_residential
A015966,R04,East District,R04-M02,mixed,single_family
A015967,R04,East District,R04-M04,mixed,multi_family
A015968,R09,Urban Belt,R09-M03,urban,multi_family
A015969,R11,Border Region,R11-M04,mixed,multi_family
A015970,R10,Rural Belt,R10-M01,rural,single_family
A015971,R04,East District,R04-M04,mixed,large_residential
A015972,R01,North City,R01-M01,urban,multi_family
A015973,R12,Metro Region,R12-M04,urban,large_residential
A015974,R03,West District,R03-M04,mixed,multi_family
A015975,R02,South City,R02-M02,urban,multi_family
A015976,R06,River Region,R06-M03,mixed,multi_family
A015977,R01,North City,R01-M03,urban,multi_family
A015978,R11,Border Region,R11-M01,mixed,single_family
A015979,R06,River Region,R06-M01,mixed,multi_family
A015980,R09,Urban Belt,R09-M03,urban,multi_family
A015981,R02,South City,R02-M03,urban,multi_family
A015982,R05,Central Region,R05-M03,urban,single_family
A015983,R09,Urban Belt,R09-M01,urban,multi_family
A015984,R04,East District,R04-M01,mixed,single_family
A015985,R01,North City,R01-M03,urban,single_family
A015986,R09,Urban Belt,R09-M03,urban,large_residential
A015987,R08,Lake Region,R08-M04,rural,single_family
A015988,R05,Central Region,R05-M03,urban,multi_family
A015989,R04,East District,R04-M03,mixed,large_residential
A015990,R03,West District,R03-M03,mixed,multi_family
A015991,R12,Metro Region,R12-M01,urban,multi_family
A015992,R09,Urban Belt,R09-M02,urban,multi_family
A015993,R02,South City,R02-M03,urban,large_residential
A015994,R04,East District,R04-M01,mixed,multi_family
A015995,R04,East District,R04-M02,mixed,single_family
A015996,R07,Mountain Region,R07-M03,rural,multi_family
A015997,R03,West District,R03-M02,mixed,large_residential
A015998,R06,River Region,R06-M03,mixed,multi_family
A015999,R10,Rural Belt,R10-M01,rural,single_family
A016000,R03,West District,R03-M02,mixed,multi_family
A016001,R06,River Region,R06-M02,mixed,single_family
A016002,R10,Rural Belt,R10-M01,rural,single_family
A016003,R12,Metro Region,R12-M04,urban,single_family
A016004,R07,Mountain Region,R07-M03,rural,single_family
A016005,R05,Central Region,R05-M02,urban,single_family
A016006,R08,Lake Region,R08-M03,rural,single_family
A016007,R01,North City,R01-M03,urban,large_residential
A016008,R04,East District,R04-M04,mixed,large_residential
A016009,R09,Urban Belt,R09-M04,urban,single_family
A016010,R08,Lake Region,R08-M01,rural,multi_family
A016011,R10,Rural Belt,R10-M04,rural,single_family
A016012,R04,East District,R04-M02,mixed,multi_family
A016013,R04,East District,R04-M04,mixed,large_residential
A016014,R05,Central Region,R05-M04,urban,large_residential
A016015,R03,West District,R03-M04,mixed,large_residential
A016016,R12,Metro Region,R12-M04,urban,large_residential
A016017,R03,West District,R03-M03,mixed,single_family
A016018,R12,Metro Region,R12-M03,urban,multi_family
A016019,R01,North City,R01-M03,urban,large_residential
A016020,R10,Rural Belt,R10-M04,rural,single_family
A016021,R05,Central Region,R05-M03,urban,multi_family
A016022,R09,Urban Belt,R09-M02,urban,multi_family
A016023,R01,North City,R01-M02,urban,multi_family
A016024,R02,South City,R02-M01,urban,single_family
A016025,R02,South City,R02-M01,urban,single_family
A016026,R01,North City,R01-M04,urban,large_residential
A016027,R02,South City,R02-M01,urban,single_family
A016028,R10,Rural Belt,R10-M03,rural,multi_family
A016029,R04,East District,R04-M04,mixed,single_family
A016030,R06,River Region,R06-M02,mixed,multi_family
A016031,R06,River Region,R06-M02,mixed,single_family
A016032,R10,Rural Belt,R10-M03,rural,single_family
A016033,R11,Border Region,R11-M04,mixed,multi_family
A016034,R03,West District,R03-M03,mixed,multi_family
A016035,R10,Rural Belt,R10-M03,rural,single_family
A016036,R01,North City,R01-M01,urban,single_family
A016037,R09,Urban Belt,R09-M02,urban,multi_family
A016038,R12,Metro Region,R12-M04,urban,multi_family
A016039,R12,Metro Region,R12-M04,urban,single_family
A016040,R09,Urban Belt,R09-M01,urban,single_family
A016041,R04,East District,R04-M04,mixed,large_residential
A016042,R04,East District,R04-M04,mixed,single_family
A016043,R12,Metro Region,R12-M01,urban,multi_family
A016044,R12,Metro Region,R12-M03,urban,multi_family
A016045,R05,Central Region,R05-M02,urban,large_residential
A016046,R09,Urban Belt,R09-M04,urban,single_family
A016047,R07,Mountain Region,R07-M01,rural,large_residential
A016048,R01,North City,R01-M02,urban,multi_family
A016049,R09,Urban Belt,R09-M01,urban,multi_family
A016050,R12,Metro Region,R12-M03,urban,multi_family
A016051,R10,Rural Belt,R10-M04,rural,single_family
A016052,R06,River Region,R06-M01,mixed,single_family
A016053,R01,North City,R01-M03,urban,multi_family
A016054,R09,Urban Belt,R09-M01,urban,multi_family
A016055,R05,Central Region,R05-M02,urban,single_family
A016056,R06,River Region,R06-M01,mixed,multi_family
A016057,R02,South City,R02-M01,urban,multi_family
A016058,R07,Mountain Region,R07-M04,rural,multi_family
A016059,R01,North City,R01-M01,urban,multi_family
A016060,R11,Border Region,R11-M02,mixed,single_family
A016061,R11,Border Region,R11-M03,mixed,multi_family
A016062,R01,North City,R01-M03,urban,multi_family
A016063,R09,Urban Belt,R09-M01,urban,single_family
A016064,R12,Metro Region,R12-M04,urban,multi_family
A016065,R07,Mountain Region,R07-M02,rural,single_family
A016066,R02,South City,R02-M03,urban,large_residential
A016067,R02,South City,R02-M04,urban,single_family
A016068,R03,West District,R03-M02,mixed,single_family
A016069,R05,Central Region,R05-M01,urban,multi_family
A016070,R03,West District,R03-M04,mixed,single_family
A016071,R10,Rural Belt,R10-M04,rural,single_family
A016072,R07,Mountain Region,R07-M04,rural,single_family
A016073,R04,East District,R04-M03,mixed,single_family
A016074,R02,South City,R02-M02,urban,multi_family
A016075,R08,Lake Region,R08-M02,rural,single_family
A016076,R08,Lake Region,R08-M03,rural,multi_family
A016077,R04,East District,R04-M04,mixed,large_residential
A016078,R10,Rural Belt,R10-M03,rural,single_family
A016079,R11,Border Region,R11-M01,mixed,multi_family
A016080,R08,Lake Region,R08-M02,rural,single_family
A016081,R02,South City,R02-M01,urban,single_family
A016082,R08,Lake Region,R08-M01,rural,single_family
A016083,R01,North City,R01-M03,urban,multi_family
A016084,R03,West District,R03-M01,mixed,multi_family
A016085,R06,River Region,R06-M03,mixed,single_family
A016086,R02,South City,R02-M04,urban,single_family
A016087,R09,Urban Belt,R09-M02,urban,single_family
A016088,R10,Rural Belt,R10-M03,rural,single_family
A016089,R04,East District,R04-M01,mixed,single_family
A016090,R08,Lake Region,R08-M02,rural,single_family
A016091,R06,River Region,R06-M03,mixed,single_family
A016092,R12,Metro Region,R12-M03,urban,single_family
A016093,R08,Lake Region,R08-M04,rural,single_family
A016094,R08,Lake Region,R08-M02,rural,multi_family
A016095,R12,Metro Region,R12-M04,urban,single_family
A016096,R05,Central Region,R05-M04,urban,single_family
A016097,R01,North City,R01-M03,urban,single_family
A016098,R07,Mountain Region,R07-M04,rural,multi_family
A016099,R03,West District,R03-M02,mixed,single_family
A016100,R10,Rural Belt,R10-M03,rural,multi_family
A016101,R02,South City,R02-M03,urban,multi_family
A016102,R01,North City,R01-M01,urban,multi_family
A016103,R10,Rural Belt,R10-M02,rural,single_family
A016104,R07,Mountain Region,R07-M01,rural,single_family
A016105,R01,North City,R01-M03,urban,multi_family
A016106,R05,Central Region,R05-M02,urban,multi_family
A016107,R09,Urban Belt,R09-M03,urban,large_residential
A016108,R02,South City,R02-M02,urban,multi_family
A016109,R11,Border Region,R11-M03,mixed,single_family
A016110,R01,North City,R01-M01,urban,multi_family
A016111,R02,South City,R02-M03,urban,large_residential
A016112,R12,Metro Region,R12-M04,urban,single_family
A016113,R09,Urban Belt,R09-M04,urban,multi_family
A016114,R11,Border Region,R11-M03,mixed,multi_family
A016115,R05,Central Region,R05-M02,urban,multi_family
A016116,R02,South City,R02-M04,urban,multi_family
A016117,R07,Mountain Region,R07-M04,rural,single_family
A016118,R06,River Region,R06-M02,mixed,single_family
A016119,R10,Rural Belt,R10-M03,rural,single_family
A016120,R05,Central Region,R05-M04,urban,multi_family
A016121,R05,Central Region,R05-M03,urban,single_family
A016122,R12,Metro Region,R12-M03,urban,large_residential
A016123,R10,Rural Belt,R10-M04,rural,single_family
A016124,R08,Lake Region,R08-M01,rural,single_family
A016125,R12,Metro Region,R12-M04,urban,multi_family
A016126,R09,Urban Belt,R09-M02,urban,large_residential
A016127,R10,Rural Belt,R10-M04,rural,single_family
A016128,R05,Central Region,R05-M03,urban,multi_family
A016129,R08,Lake Region,R08-M02,rural,single_family
A016130,R09,Urban Belt,R09-M03,urban,multi_family
A016131,R03,West District,R03-M02,mixed,multi_family
A016132,R01,North City,R01-M03,urban,multi_family
A016133,R10,Rural Belt,R10-M02,rural,single_family
A016134,R01,North City,R01-M02,urban,single_family
A016135,R05,Central Region,R05-M04,urban,multi_family
A016136,R05,Central Region,R05-M01,urban,multi_family
A016137,R10,Rural Belt,R10-M03,rural,single_family
A016138,R10,Rural Belt,R10-M02,rural,single_family
A016139,R01,North City,R01-M02,urban,multi_family
A016140,R02,South City,R02-M01,urban,multi_family
A016141,R09,Urban Belt,R09-M01,urban,single_family
A016142,R12,Metro Region,R12-M04,urban,large_residential
A016143,R02,South City,R02-M03,urban,multi_family
A016144,R08,Lake Region,R08-M02,rural,single_family
A016145,R11,Border Region,R11-M02,mixed,large_residential
A016146,R10,Rural Belt,R10-M03,rural,single_family
A016147,R02,South City,R02-M03,urban,multi_family
A016148,R08,Lake Region,R08-M01,rural,single_family
A016149,R10,Rural Belt,R10-M04,rural,multi_family
A016150,R08,Lake Region,R08-M03,rural,single_family
A016151,R10,Rural Belt,R10-M02,rural,single_family
A016152,R02,South City,R02-M03,urban,multi_family
A016153,R09,Urban Belt,R09-M04,urban,multi_family
A016154,R11,Border Region,R11-M04,mixed,single_family
A016155,R07,Mountain Region,R07-M01,rural,single_family
A016156,R09,Urban Belt,R09-M04,urban,large_residential
A016157,R10,Rural Belt,R10-M02,rural,single_family
A016158,R12,Metro Region,R12-M03,urban,single_family
A016159,R05,Central Region,R05-M02,urban,single_family
A016160,R07,Mountain Region,R07-M01,rural,large_residential
A016161,R08,Lake Region,R08-M01,rural,multi_family
A016162,R03,West District,R03-M04,mixed,multi_family
A016163,R06,River Region,R06-M03,mixed,single_family
A016164,R09,Urban Belt,R09-M04,urban,large_residential
A016165,R05,Central Region,R05-M04,urban,large_residential
A016166,R02,South City,R02-M02,urban,multi_family
A016167,R03,West District,R03-M03,mixed,single_family
A016168,R02,South City,R02-M03,urban,multi_family
A016169,R07,Mountain Region,R07-M03,rural,single_family
A016170,R07,Mountain Region,R07-M01,rural,single_family
A016171,R09,Urban Belt,R09-M04,urban,multi_family
A016172,R04,East District,R04-M01,mixed,large_residential
A016173,R01,North City,R01-M01,urban,multi_family
A016174,R02,South City,R02-M03,urban,large_residential
A016175,R09,Urban Belt,R09-M03,urban,multi_family
A016176,R11,Border Region,R11-M04,mixed,single_family
A016177,R03,West District,R03-M01,mixed,multi_family
A016178,R04,East District,R04-M04,mixed,multi_family
A016179,R09,Urban Belt,R09-M01,urban,multi_family
A016180,R02,South City,R02-M02,urban,multi_family
A016181,R11,Border Region,R11-M03,mixed,multi_family
A016182,R02,South City,R02-M04,urban,multi_family
A016183,R10,Rural Belt,R10-M01,rural,multi_family
A016184,R02,South City,R02-M02,urban,multi_family
A016185,R12,Metro Region,R12-M03,urban,large_residential
A016186,R02,South City,R02-M03,urban,multi_family
A016187,R03,West District,R03-M01,mixed,multi_family
A016188,R02,South City,R02-M04,urban,multi_family
A016189,R09,Urban Belt,R09-M04,urban,multi_family
A016190,R09,Urban Belt,R09-M02,urban,multi_family
A016191,R03,West District,R03-M02,mixed,single_family
A016192,R05,Central Region,R05-M04,urban,multi_family
A016193,R03,West District,R03-M03,mixed,multi_family
A016194,R02,South City,R02-M04,urban,multi_family
A016195,R01,North City,R01-M04,urban,multi_family
A016196,R12,Metro Region,R12-M02,urban,multi_family
A016197,R02,South City,R02-M03,urban,multi_family
A016198,R05,Central Region,R05-M01,urban,multi_family
A016199,R06,River Region,R06-M01,mixed,single_family
A016200,R03,West District,R03-M04,mixed,single_family
A016201,R01,North City,R01-M04,urban,multi_family
A016202,R08,Lake Region,R08-M02,rural,single_family
A016203,R11,Border Region,R11-M01,mixed,single_family
A016204,R12,Metro Region,R12-M01,urban,multi_family
A016205,R09,Urban Belt,R09-M01,urban,multi_family
A016206,R05,Central Region,R05-M01,urban,multi_family
A016207,R12,Metro Region,R12-M02,urban,multi_family
A016208,R05,Central Region,R05-M01,urban,single_family
A016209,R06,River Region,R06-M01,mixed,single_family
A016210,R07,Mountain Region,R07-M02,rural,single_family
A016211,R12,Metro Region,R12-M04,urban,multi_family
A016212,R12,Metro Region,R12-M01,urban,single_family
A016213,R01,North City,R01-M04,urban,single_family
A016214,R08,Lake Region,R08-M04,rural,single_family
A016215,R01,North City,R01-M03,urban,single_family
A016216,R06,River Region,R06-M03,mixed,multi_family
A016217,R09,Urban Belt,R09-M03,urban,multi_family
A016218,R05,Central Region,R05-M03,urban,multi_family
A016219,R01,North City,R01-M03,urban,multi_family
A016220,R09,Urban Belt,R09-M03,urban,multi_family
A016221,R09,Urban Belt,R09-M02,urban,large_residential
A016222,R01,North City,R01-M03,urban,single_family
A016223,R12,Metro Region,R12-M03,urban,large_residential
A016224,R07,Mountain Region,R07-M03,rural,single_family
A016225,R05,Central Region,R05-M04,urban,multi_family
A016226,R07,Mountain Region,R07-M03,rural,single_family
A016227,R09,Urban Belt,R09-M02,urban,large_residential
A016228,R05,Central Region,R05-M02,urban,multi_family
A016229,R10,Rural Belt,R10-M03,rural,single_family
A016230,R03,West District,R03-M04,mixed,multi_family
A016231,R11,Border Region,R11-M04,mixed,single_family
A016232,R10,Rural Belt,R10-M02,rural,single_family
A016233,R10,Rural Belt,R10-M03,rural,multi_family
A016234,R05,Central Region,R05-M04,urban,multi_family
A016235,R10,Rural Belt,R10-M02,rural,single_family
A016236,R05,Central Region,R05-M01,urban,multi_family
A016237,R06,River Region,R06-M03,mixed,single_family
A016238,R01,North City,R01-M03,urban,multi_family
A016239,R01,North City,R01-M04,urban,single_family
A016240,R12,Metro Region,R12-M02,urban,multi_family
A016241,R06,River Region,R06-M01,mixed,multi_family
A016242,R05,Central Region,R05-M04,urban,single_family
A016243,R12,Metro Region,R12-M02,urban,multi_family
A016244,R09,Urban Belt,R09-M02,urban,multi_family
A016245,R07,Mountain Region,R07-M04,rural,multi_family
A016246,R05,Central Region,R05-M02,urban,multi_family
A016247,R10,Rural Belt,R10-M01,rural,single_family
A016248,R12,Metro Region,R12-M01,urban,multi_family
A016249,R07,Mountain Region,R07-M02,rural,multi_family
A016250,R09,Urban Belt,R09-M01,urban,multi_family
A016251,R06,River Region,R06-M04,mixed,multi_family
A016252,R04,East District,R04-M02,mixed,single_family
A016253,R08,Lake Region,R08-M01,rural,single_family
A016254,R03,West District,R03-M02,mixed,multi_family
A016255,R06,River Region,R06-M03,mixed,single_family
A016256,R07,Mountain Region,R07-M03,rural,multi_family
A016257,R06,River Region,R06-M01,mixed,multi_family
A016258,R08,Lake Region,R08-M01,rural,single_family
A016259,R06,River Region,R06-M02,mixed,single_family
A016260,R01,North City,R01-M02,urban,multi_family
A016261,R02,South City,R02-M01,urban,multi_family
A016262,R12,Metro Region,R12-M01,urban,multi_family
A016263,R09,Urban Belt,R09-M03,urban,multi_family
A016264,R05,Central Region,R05-M02,urban,single_family
A016265,R06,River Region,R06-M02,mixed,multi_family
A016266,R10,Rural Belt,R10-M04,rural,single_family
A016267,R05,Central Region,R05-M01,urban,multi_family
A016268,R12,Metro Region,R12-M02,urban,large_residential
A016269,R01,North City,R01-M04,urban,large_residential
A016270,R08,Lake Region,R08-M01,rural,single_family
A016271,R07,Mountain Region,R07-M04,rural,single_family
A016272,R05,Central Region,R05-M01,urban,large_residential
A016273,R02,South City,R02-M03,urban,multi_family
A016274,R09,Urban Belt,R09-M04,urban,multi_family
A016275,R09,Urban Belt,R09-M02,urban,multi_family
A016276,R08,Lake Region,R08-M03,rural,single_family
A016277,R12,Metro Region,R12-M04,urban,multi_family
A016278,R05,Central Region,R05-M04,urban,multi_family
A016279,R04,East District,R04-M03,mixed,multi_family
A016280,R01,North City,R01-M03,urban,multi_family
A016281,R03,West District,R03-M04,mixed,single_family
A016282,R05,Central Region,R05-M03,urban,multi_family
A016283,R05,Central Region,R05-M02,urban,multi_family
A016284,R09,Urban Belt,R09-M03,urban,large_residential
A016285,R11,Border Region,R11-M03,mixed,single_family
A016286,R07,Mountain Region,R07-M03,rural,single_family
A016287,R07,Mountain Region,R07-M02,rural,single_family
A016288,R04,East District,R04-M04,mixed,single_family
A016289,R01,North City,R01-M02,urban,multi_family
A016290,R05,Central Region,R05-M02,urban,multi_family
A016291,R04,East District,R04-M01,mixed,multi_family
A016292,R09,Urban Belt,R09-M03,urban,multi_family
A016293,R03,West District,R03-M04,mixed,multi_family
A016294,R05,Central Region,R05-M01,urban,large_residential
A016295,R02,South City,R02-M02,urban,single_family
A016296,R01,North City,R01-M01,urban,multi_family
A016297,R01,North City,R01-M03,urban,multi_family
A016298,R02,South City,R02-M03,urban,single_family
A016299,R05,Central Region,R05-M03,urban,large_residential
A016300,R11,Border Region,R11-M04,mixed,large_residential
A016301,R02,South City,R02-M04,urban,multi_family
A016302,R09,Urban Belt,R09-M04,urban,multi_family
A016303,R03,West District,R03-M01,mixed,multi_family
A016304,R02,South City,R02-M01,urban,multi_family
A016305,R06,River Region,R06-M02,mixed,single_family
A016306,R10,Rural Belt,R10-M02,rural,single_family
A016307,R09,Urban Belt,R09-M01,urban,multi_family
A016308,R09,Urban Belt,R09-M04,urban,multi_family
A016309,R03,West District,R03-M03,mixed,single_family
A016310,R09,Urban Belt,R09-M02,urban,large_residential
A016311,R05,Central Region,R05-M01,urban,multi_family
A016312,R09,Urban Belt,R09-M01,urban,single_family
A016313,R06,River Region,R06-M04,mixed,large_residential
A016314,R10,Rural Belt,R10-M02,rural,single_family
A016315,R05,Central Region,R05-M01,urban,single_family
A016316,R09,Urban Belt,R09-M04,urban,single_family
A016317,R08,Lake Region,R08-M02,rural,multi_family
A016318,R04,East District,R04-M04,mixed,multi_family
A016319,R12,Metro Region,R12-M01,urban,multi_family
A016320,R11,Border Region,R11-M04,mixed,multi_family
A016321,R04,East District,R04-M03,mixed,multi_family
A016322,R10,Rural Belt,R10-M03,rural,multi_family
A016323,R03,West District,R03-M03,mixed,multi_family
A016324,R02,South City,R02-M03,urban,single_family
A016325,R02,South City,R02-M04,urban,multi_family
A016326,R08,Lake Region,R08-M01,rural,multi_family
A016327,R08,Lake Region,R08-M04,rural,single_family
A016328,R06,River Region,R06-M01,mixed,single_family
A016329,R12,Metro Region,R12-M03,urban,multi_family
A016330,R03,West District,R03-M02,mixed,multi_family
A016331,R09,Urban Belt,R09-M01,urban,multi_family
A016332,R02,South City,R02-M01,urban,multi_family
A016333,R01,North City,R01-M04,urban,single_family
A016334,R07,Mountain Region,R07-M02,rural,single_family
A016335,R12,Metro Region,R12-M04,urban,multi_family
A016336,R09,Urban Belt,R09-M03,urban,single_family
A016337,R07,Mountain Region,R07-M04,rural,single_family
A016338,R01,North City,R01-M02,urban,large_residential
A016339,R10,Rural Belt,R10-M04,rural,single_family
A016340,R06,River Region,R06-M02,mixed,multi_family
A016341,R10,Rural Belt,R10-M02,rural,single_family
A016342,R01,North City,R01-M03,urban,multi_family
A016343,R09,Urban Belt,R09-M03,urban,multi_family
A016344,R12,Metro Region,R12-M03,urban,large_residential
A016345,R01,North City,R01-M04,urban,multi_family
A016346,R01,North City,R01-M04,urban,single_family
A016347,R12,Metro Region,R12-M03,urban,large_residential
A016348,R04,East District,R04-M03,mixed,multi_family
A016349,R01,North City,R01-M01,urban,single_family
A016350,R01,North City,R01-M02,urban,large_residential
A016351,R12,Metro Region,R12-M04,urban,multi_family
A016352,R02,South City,R02-M03,urban,multi_family
A016353,R12,Metro Region,R12-M02,urban,single_family
A016354,R03,West District,R03-M02,mixed,large_residential
A016355,R11,Border Region,R11-M01,mixed,single_family
A016356,R02,South City,R02-M03,urban,multi_family
A016357,R11,Border Region,R11-M03,mixed,multi_family
A016358,R11,Border Region,R11-M04,mixed,multi_family
A016359,R03,West District,R03-M02,mixed,single_family
A016360,R04,East District,R04-M01,mixed,single_family
A016361,R12,Metro Region,R12-M02,urban,multi_family
A016362,R02,South City,R02-M01,urban,large_residential
A016363,R03,West District,R03-M03,mixed,single_family
A016364,R04,East District,R04-M03,mixed,multi_family
A016365,R02,South City,R02-M03,urban,multi_family
A016366,R07,Mountain Region,R07-M04,rural,single_family
A016367,R09,Urban Belt,R09-M01,urban,single_family
A016368,R02,South City,R02-M01,urban,multi_family
A016369,R05,Central Region,R05-M03,urban,multi_family
A016370,R08,Lake Region,R08-M02,rural,single_family
A016371,R09,Urban Belt,R09-M02,urban,large_residential
A016372,R03,West District,R03-M04,mixed,single_family
A016373,R04,East District,R04-M03,mixed,single_family
A016374,R07,Mountain Region,R07-M03,rural,single_family
A016375,R08,Lake Region,R08-M03,rural,single_family
A016376,R02,South City,R02-M01,urban,large_residential
A016377,R01,North City,R01-M01,urban,multi_family
A016378,R12,Metro Region,R12-M03,urban,multi_family
A016379,R10,Rural Belt,R10-M04,rural,multi_family
A016380,R11,Border Region,R11-M03,mixed,single_family
A016381,R10,Rural Belt,R10-M03,rural,large_residential
A016382,R05,Central Region,R05-M04,urban,multi_family
A016383,R05,Central Region,R05-M01,urban,single_family
A016384,R05,Central Region,R05-M03,urban,large_residential
A016385,R01,North City,R01-M04,urban,multi_family
A016386,R08,Lake Region,R08-M01,rural,single_family
A016387,R01,North City,R01-M01,urban,multi_family
A016388,R09,Urban Belt,R09-M02,urban,multi_family
A016389,R06,River Region,R06-M03,mixed,multi_family
A016390,R05,Central Region,R05-M02,urban,single_family
A016391,R12,Metro Region,R12-M01,urban,multi_family
A016392,R06,River Region,R06-M02,mixed,multi_family
A016393,R04,East District,R04-M03,mixed,multi_family
A016394,R08,Lake Region,R08-M04,rural,single_family
A016395,R06,River Region,R06-M04,mixed,multi_family
A016396,R12,Metro Region,R12-M02,urban,single_family
A016397,R12,Metro Region,R12-M04,urban,single_family
A016398,R04,East District,R04-M01,mixed,multi_family
A016399,R03,West District,R03-M02,mixed,multi_family
A016400,R02,South City,R02-M02,urban,single_family
A016401,R09,Urban Belt,R09-M02,urban,large_residential
A016402,R10,Rural Belt,R10-M02,rural,single_family
A016403,R10,Rural Belt,R10-M03,rural,single_family
A016404,R09,Urban Belt,R09-M03,urban,multi_family
A016405,R10,Rural Belt,R10-M03,rural,multi_family
A016406,R05,Central Region,R05-M02,urban,multi_family
A016407,R05,Central Region,R05-M03,urban,multi_family
A016408,R03,West District,R03-M01,mixed,single_family
A016409,R06,River Region,R06-M02,mixed,multi_family
A016410,R04,East District,R04-M02,mixed,multi_family
A016411,R09,Urban Belt,R09-M02,urban,single_family
A016412,R03,West District,R03-M02,mixed,multi_family
A016413,R12,Metro Region,R12-M01,urban,multi_family
A016414,R12,Metro Region,R12-M02,urban,large_residential
A016415,R03,West District,R03-M03,mixed,multi_family
A016416,R11,Border Region,R11-M03,mixed,single_family
A016417,R06,River Region,R06-M04,mixed,multi_family
A016418,R01,North City,R01-M04,urban,multi_family
A016419,R07,Mountain Region,R07-M02,rural,single_family
A016420,R08,Lake Region,R08-M02,rural,single_family
A016421,R09,Urban Belt,R09-M03,urban,single_family
A016422,R03,West District,R03-M03,mixed,multi_family
A016423,R12,Metro Region,R12-M02,urban,multi_family
A016424,R06,River Region,R06-M01,mixed,multi_family
A016425,R01,North City,R01-M02,urban,single_family
A016426,R09,Urban Belt,R09-M01,urban,large_residential
A016427,R01,North City,R01-M02,urban,multi_family
A016428,R12,Metro Region,R12-M02,urban,single_family
A016429,R01,North City,R01-M02,urban,multi_family
A016430,R04,East District,R04-M02,mixed,multi_family
A016431,R05,Central Region,R05-M03,urban,multi_family
A016432,R12,Metro Region,R12-M01,urban,single_family
A016433,R03,West District,R03-M03,mixed,multi_family
A016434,R09,Urban Belt,R09-M03,urban,multi_family
A016435,R05,Central Region,R05-M01,urban,single_family
A016436,R05,Central Region,R05-M03,urban,single_family
A016437,R09,Urban Belt,R09-M02,urban,large_residential
A016438,R09,Urban Belt,R09-M03,urban,single_family
A016439,R02,South City,R02-M03,urban,single_family
A016440,R08,Lake Region,R08-M02,rural,single_family
A016441,R04,East District,R04-M02,mixed,single_family
A016442,R05,Central Region,R05-M01,urban,multi_family
A016443,R05,Central Region,R05-M03,urban,multi_family
A016444,R10,Rural Belt,R10-M03,rural,multi_family
A016445,R08,Lake Region,R08-M03,rural,single_family
A016446,R06,River Region,R06-M02,mixed,single_family
A016447,R05,Central Region,R05-M02,urban,multi_family
A016448,R02,South City,R02-M04,urban,large_residential
A016449,R06,River Region,R06-M01,mixed,multi_family
A016450,R12,Metro Region,R12-M03,urban,multi_family
A016451,R10,Rural Belt,R10-M03,rural,multi_family
A016452,R10,Rural Belt,R10-M04,rural,single_family
A016453,R09,Urban Belt,R09-M01,urban,multi_family
A016454,R02,South City,R02-M04,urban,large_residential
A016455,R09,Urban Belt,R09-M03,urban,single_family
A016456,R09,Urban Belt,R09-M02,urban,single_family
A016457,R05,Central Region,R05-M03,urban,multi_family
A016458,R06,River Region,R06-M03,mixed,multi_family
A016459,R09,Urban Belt,R09-M03,urban,large_residential
A016460,R08,Lake Region,R08-M03,rural,single_family
A016461,R09,Urban Belt,R09-M02,urban,large_residential
A016462,R02,South City,R02-M04,urban,multi_family
A016463,R09,Urban Belt,R09-M02,urban,multi_family
A016464,R10,Rural Belt,R10-M02,rural,multi_family
A016465,R05,Central Region,R05-M03,urban,multi_family
A016466,R09,Urban Belt,R09-M03,urban,multi_family
A016467,R04,East District,R04-M04,mixed,multi_family
A016468,R03,West District,R03-M04,mixed,large_residential
A016469,R12,Metro Region,R12-M01,urban,large_residential
A016470,R07,Mountain Region,R07-M03,rural,single_family
A016471,R05,Central Region,R05-M01,urban,single_family
A016472,R09,Urban Belt,R09-M03,urban,multi_family
A016473,R12,Metro Region,R12-M01,urban,multi_family
A016474,R12,Metro Region,R12-M04,urban,single_family
A016475,R10,Rural Belt,R10-M03,rural,multi_family
A016476,R10,Rural Belt,R10-M01,rural,multi_family
A016477,R09,Urban Belt,R09-M02,urban,large_residential
A016478,R09,Urban Belt,R09-M02,urban,multi_family
A016479,R05,Central Region,R05-M02,urban,multi_family
A016480,R09,Urban Belt,R09-M01,urban,single_family
A016481,R11,Border Region,R11-M03,mixed,large_residential
A016482,R12,Metro Region,R12-M01,urban,multi_family
A016483,R06,River Region,R06-M03,mixed,single_family
A016484,R02,South City,R02-M01,urban,multi_family
A016485,R02,South City,R02-M03,urban,multi_family
A016486,R02,South City,R02-M03,urban,single_family
A016487,R11,Border Region,R11-M03,mixed,single_family
A016488,R02,South City,R02-M04,urban,multi_family
A016489,R10,Rural Belt,R10-M02,rural,single_family
A016490,R09,Urban Belt,R09-M03,urban,multi_family
A016491,R07,Mountain Region,R07-M03,rural,single_family
A016492,R10,Rural Belt,R10-M01,rural,multi_family
A016493,R10,Rural Belt,R10-M04,rural,single_family
A016494,R01,North City,R01-M03,urban,single_family
A016495,R09,Urban Belt,R09-M02,urban,multi_family
A016496,R02,South City,R02-M01,urban,multi_family
A016497,R09,Urban Belt,R09-M03,urban,multi_family
A016498,R06,River Region,R06-M04,mixed,multi_family
A016499,R09,Urban Belt,R09-M02,urban,single_family
A016500,R08,Lake Region,R08-M01,rural,multi_family
A016501,R05,Central Region,R05-M03,urban,multi_family
A016502,R06,River Region,R06-M01,mixed,large_residential
A016503,R09,Urban Belt,R09-M02,urban,multi_family
A016504,R07,Mountain Region,R07-M04,rural,single_family
A016505,R12,Metro Region,R12-M03,urban,multi_family
A016506,R12,Metro Region,R12-M04,urban,large_residential
A016507,R02,South City,R02-M02,urban,multi_family
A016508,R01,North City,R01-M03,urban,multi_family
A016509,R09,Urban Belt,R09-M03,urban,single_family
A016510,R05,Central Region,R05-M01,urban,single_family
A016511,R09,Urban Belt,R09-M01,urban,multi_family
A016512,R02,South City,R02-M01,urban,large_residential
A016513,R04,East District,R04-M02,mixed,single_family
A016514,R09,Urban Belt,R09-M02,urban,multi_family
A016515,R05,Central Region,R05-M03,urban,single_family
A016516,R06,River Region,R06-M03,mixed,multi_family
A016517,R07,Mountain Region,R07-M03,rural,single_family
A016518,R04,East District,R04-M02,mixed,single_family
A016519,R09,Urban Belt,R09-M01,urban,multi_family
A016520,R05,Central Region,R05-M03,urban,multi_family
A016521,R10,Rural Belt,R10-M02,rural,multi_family
A016522,R07,Mountain Region,R07-M02,rural,single_family
A016523,R05,Central Region,R05-M04,urban,multi_family
A016524,R06,River Region,R06-M04,mixed,single_family
A016525,R02,South City,R02-M04,urban,multi_family
A016526,R11,Border Region,R11-M03,mixed,multi_family
A016527,R05,Central Region,R05-M02,urban,multi_family
A016528,R12,Metro Region,R12-M01,urban,single_family
A016529,R03,West District,R03-M01,mixed,single_family
A016530,R02,South City,R02-M01,urban,multi_family
A016531,R12,Metro Region,R12-M01,urban,multi_family
A016532,R09,Urban Belt,R09-M04,urban,multi_family
A016533,R02,South City,R02-M04,urban,large_residential
A016534,R04,East District,R04-M04,mixed,multi_family
A016535,R08,Lake Region,R08-M03,rural,single_family
A016536,R05,Central Region,R05-M01,urban,large_residential
A016537,R07,Mountain Region,R07-M03,rural,single_family
A016538,R09,Urban Belt,R09-M04,urban,multi_family
A016539,R06,River Region,R06-M04,mixed,multi_family
A016540,R06,River Region,R06-M02,mixed,single_family
A016541,R02,South City,R02-M01,urban,single_family
A016542,R03,West District,R03-M02,mixed,large_residential
A016543,R12,Metro Region,R12-M02,urban,multi_family
A016544,R11,Border Region,R11-M01,mixed,single_family
A016545,R05,Central Region,R05-M04,urban,multi_family
A016546,R09,Urban Belt,R09-M04,urban,multi_family
A016547,R03,West District,R03-M03,mixed,multi_family
A016548,R01,North City,R01-M03,urban,multi_family
A016549,R10,Rural Belt,R10-M01,rural,single_family
A016550,R01,North City,R01-M01,urban,multi_family
A016551,R02,South City,R02-M03,urban,single_family
A016552,R03,West District,R03-M01,mixed,multi_family
A016553,R02,South City,R02-M02,urban,single_family
A016554,R09,Urban Belt,R09-M01,urban,multi_family
A016555,R11,Border Region,R11-M02,mixed,single_family
A016556,R11,Border Region,R11-M01,mixed,single_family
A016557,R09,Urban Belt,R09-M04,urban,large_residential
A016558,R09,Urban Belt,R09-M03,urban,multi_family
A016559,R04,East District,R04-M03,mixed,multi_family
A016560,R10,Rural Belt,R10-M02,rural,single_family
A016561,R03,West District,R03-M04,mixed,multi_family
A016562,R07,Mountain Region,R07-M03,rural,large_residential
A016563,R10,Rural Belt,R10-M04,rural,multi_family
A016564,R01,North City,R01-M04,urban,multi_family
A016565,R02,South City,R02-M02,urban,multi_family
A016566,R01,North City,R01-M01,urban,multi_family
A016567,R01,North City,R01-M01,urban,single_family
A016568,R02,South City,R02-M04,urban,single_family
A016569,R09,Urban Belt,R09-M01,urban,multi_family
A016570,R05,Central Region,R05-M03,urban,multi_family
A016571,R09,Urban Belt,R09-M03,urban,multi_family
A016572,R05,Central Region,R05-M04,urban,single_family
A016573,R04,East District,R04-M02,mixed,multi_family
A016574,R07,Mountain Region,R07-M02,rural,single_family
A016575,R09,Urban Belt,R09-M04,urban,multi_family
A016576,R05,Central Region,R05-M01,urban,single_family
A016577,R12,Metro Region,R12-M03,urban,large_residential
A016578,R07,Mountain Region,R07-M02,rural,multi_family
A016579,R06,River Region,R06-M02,mixed,multi_family
A016580,R09,Urban Belt,R09-M03,urban,multi_family
A016581,R05,Central Region,R05-M03,urban,large_residential
A016582,R10,Rural Belt,R10-M03,rural,multi_family
A016583,R11,Border Region,R11-M03,mixed,multi_family
A016584,R11,Border Region,R11-M02,mixed,multi_family
A016585,R07,Mountain Region,R07-M04,rural,single_family
A016586,R08,Lake Region,R08-M03,rural,single_family
A016587,R10,Rural Belt,R10-M01,rural,single_family
A016588,R02,South City,R02-M03,urban,large_residential
A016589,R01,North City,R01-M01,urban,multi_family
A016590,R12,Metro Region,R12-M03,urban,large_residential
A016591,R12,Metro Region,R12-M01,urban,single_family
A016592,R09,Urban Belt,R09-M01,urban,multi_family
A016593,R03,West District,R03-M03,mixed,single_family
A016594,R12,Metro Region,R12-M02,urban,multi_family
A016595,R04,East District,R04-M02,mixed,single_family
A016596,R10,Rural Belt,R10-M03,rural,single_family
A016597,R05,Central Region,R05-M01,urban,single_family
A016598,R01,North City,R01-M01,urban,multi_family
A016599,R05,Central Region,R05-M02,urban,multi_family
A016600,R05,Central Region,R05-M04,urban,multi_family
A016601,R06,River Region,R06-M03,mixed,multi_family
A016602,R03,West District,R03-M01,mixed,multi_family
A016603,R05,Central Region,R05-M03,urban,single_family
A016604,R12,Metro Region,R12-M02,urban,single_family
A016605,R02,South City,R02-M04,urban,multi_family
A016606,R02,South City,R02-M03,urban,single_family
A016607,R03,West District,R03-M03,mixed,single_family
A016608,R01,North City,R01-M01,urban,large_residential
A016609,R06,River Region,R06-M03,mixed,multi_family
A016610,R07,Mountain Region,R07-M03,rural,single_family
A016611,R09,Urban Belt,R09-M03,urban,large_residential
A016612,R01,North City,R01-M03,urban,single_family
A016613,R04,East District,R04-M02,mixed,multi_family
A016614,R05,Central Region,R05-M04,urban,single_family
A016615,R08,Lake Region,R08-M03,rural,multi_family
A016616,R01,North City,R01-M03,urban,multi_family
A016617,R09,Urban Belt,R09-M04,urban,large_residential
A016618,R07,Mountain Region,R07-M02,rural,single_family
A016619,R06,River Region,R06-M02,mixed,multi_family
A016620,R08,Lake Region,R08-M02,rural,single_family
A016621,R02,South City,R02-M03,urban,multi_family
A016622,R06,River Region,R06-M04,mixed,large_residential
A016623,R05,Central Region,R05-M04,urban,large_residential
A016624,R02,South City,R02-M02,urban,single_family
A016625,R05,Central Region,R05-M02,urban,multi_family
A016626,R04,East District,R04-M03,mixed,multi_family
A016627,R02,South City,R02-M02,urban,multi_family
A016628,R12,Metro Region,R12-M01,urban,multi_family
A016629,R09,Urban Belt,R09-M02,urban,large_residential
A016630,R04,East District,R04-M04,mixed,multi_family
A016631,R12,Metro Region,R12-M02,urban,large_residential
A016632,R10,Rural Belt,R10-M02,rural,multi_family
A016633,R10,Rural Belt,R10-M03,rural,multi_family
A016634,R11,Border Region,R11-M02,mixed,single_family
A016635,R01,North City,R01-M02,urban,single_family
A016636,R12,Metro Region,R12-M02,urban,multi_family
A016637,R01,North City,R01-M02,urban,multi_family
A016638,R11,Border Region,R11-M01,mixed,multi_family
A016639,R10,Rural Belt,R10-M04,rural,multi_family
A016640,R01,North City,R01-M03,urban,multi_family
A016641,R05,Central Region,R05-M04,urban,single_family
A016642,R10,Rural Belt,R10-M01,rural,multi_family
A016643,R02,South City,R02-M03,urban,multi_family
A016644,R10,Rural Belt,R10-M02,rural,single_family
A016645,R11,Border Region,R11-M02,mixed,single_family
A016646,R02,South City,R02-M03,urban,large_residential
A016647,R03,West District,R03-M01,mixed,single_family
A016648,R01,North City,R01-M04,urban,multi_family
A016649,R03,West District,R03-M01,mixed,multi_family
A016650,R06,River Region,R06-M04,mixed,multi_family
A016651,R09,Urban Belt,R09-M01,urban,multi_family
A016652,R05,Central Region,R05-M03,urban,multi_family
A016653,R11,Border Region,R11-M04,mixed,multi_family
A016654,R12,Metro Region,R12-M04,urban,single_family
A016655,R08,Lake Region,R08-M04,rural,single_family
A016656,R02,South City,R02-M02,urban,multi_family
A016657,R01,North City,R01-M01,urban,multi_family
A016658,R11,Border Region,R11-M03,mixed,multi_family
A016659,R04,East District,R04-M01,mixed,multi_family
A016660,R03,West District,R03-M04,mixed,large_residential
A016661,R06,River Region,R06-M02,mixed,multi_family
A016662,R01,North City,R01-M01,urban,multi_family
A016663,R12,Metro Region,R12-M03,urban,multi_family
A016664,R05,Central Region,R05-M01,urban,multi_family
A016665,R06,River Region,R06-M04,mixed,multi_family
A016666,R01,North City,R01-M02,urban,multi_family
A016667,R03,West District,R03-M03,mixed,single_family
A016668,R03,West District,R03-M01,mixed,single_family
A016669,R09,Urban Belt,R09-M02,urban,single_family
A016670,R09,Urban Belt,R09-M01,urban,multi_family
A016671,R03,West District,R03-M02,mixed,single_family
A016672,R01,North City,R01-M02,urban,single_family
A016673,R07,Mountain Region,R07-M01,rural,multi_family
A016674,R05,Central Region,R05-M01,urban,multi_family
A016675,R09,Urban Belt,R09-M04,urban,multi_family
A016676,R01,North City,R01-M02,urban,single_family
A016677,R02,South City,R02-M02,urban,multi_family
A016678,R10,Rural Belt,R10-M01,rural,single_family
A016679,R03,West District,R03-M02,mixed,multi_family
A016680,R01,North City,R01-M01,urban,multi_family
A016681,R02,South City,R02-M02,urban,large_residential
A016682,R09,Urban Belt,R09-M03,urban,multi_family
A016683,R05,Central Region,R05-M03,urban,single_family
A016684,R05,Central Region,R05-M04,urban,multi_family
A016685,R07,Mountain Region,R07-M01,rural,single_family
A016686,R03,West District,R03-M04,mixed,single_family
A016687,R01,North City,R01-M04,urban,single_family
A016688,R04,East District,R04-M04,mixed,multi_family
A016689,R07,Mountain Region,R07-M04,rural,single_family
A016690,R09,Urban Belt,R09-M03,urban,multi_family
A016691,R05,Central Region,R05-M03,urban,multi_family
A016692,R11,Border Region,R11-M03,mixed,single_family
A016693,R05,Central Region,R05-M03,urban,large_residential
A016694,R03,West District,R03-M04,mixed,single_family
A016695,R05,Central Region,R05-M01,urban,multi_family
A016696,R11,Border Region,R11-M02,mixed,multi_family
A016697,R09,Urban Belt,R09-M04,urban,multi_family
A016698,R03,West District,R03-M01,mixed,multi_family
A016699,R06,River Region,R06-M04,mixed,single_family
A016700,R06,River Region,R06-M03,mixed,multi_family
A016701,R01,North City,R01-M02,urban,multi_family
A016702,R03,West District,R03-M03,mixed,single_family
A016703,R06,River Region,R06-M02,mixed,single_family
A016704,R02,South City,R02-M03,urban,single_family
A016705,R05,Central Region,R05-M01,urban,large_residential
A016706,R10,Rural Belt,R10-M04,rural,single_family
A016707,R08,Lake Region,R08-M04,rural,single_family
A016708,R12,Metro Region,R12-M03,urban,large_residential
A016709,R10,Rural Belt,R10-M01,rural,single_family
A016710,R05,Central Region,R05-M03,urban,multi_family
A016711,R08,Lake Region,R08-M03,rural,multi_family
A016712,R05,Central Region,R05-M02,urban,single_family
A016713,R12,Metro Region,R12-M02,urban,multi_family
A016714,R03,West District,R03-M03,mixed,single_family
A016715,R10,Rural Belt,R10-M02,rural,single_family
A016716,R02,South City,R02-M02,urban,single_family
A016717,R01,North City,R01-M04,urban,large_residential
A016718,R11,Border Region,R11-M03,mixed,multi_family
A016719,R10,Rural Belt,R10-M03,rural,single_family
A016720,R09,Urban Belt,R09-M02,urban,multi_family
A016721,R04,East District,R04-M03,mixed,single_family
A016722,R10,Rural Belt,R10-M02,rural,multi_family
A016723,R02,South City,R02-M01,urban,multi_family
A016724,R06,River Region,R06-M04,mixed,large_residential
A016725,R04,East District,R04-M02,mixed,multi_family
A016726,R02,South City,R02-M03,urban,large_residential
A016727,R03,West District,R03-M02,mixed,single_family
A016728,R04,East District,R04-M04,mixed,single_family
A016729,R06,River Region,R06-M04,mixed,single_family
A016730,R09,Urban Belt,R09-M02,urban,multi_family
A016731,R12,Metro Region,R12-M04,urban,large_residential
A016732,R01,North City,R01-M02,urban,large_residential
A016733,R12,Metro Region,R12-M03,urban,multi_family
A016734,R09,Urban Belt,R09-M02,urban,multi_family
A016735,R08,Lake Region,R08-M04,rural,multi_family
A016736,R02,South City,R02-M02,urban,multi_family
A016737,R09,Urban Belt,R09-M04,urban,multi_family
A016738,R04,East District,R04-M01,mixed,single_family
A016739,R02,South City,R02-M03,urban,multi_family
A016740,R08,Lake Region,R08-M03,rural,single_family
A016741,R12,Metro Region,R12-M03,urban,large_residential
A016742,R04,East District,R04-M02,mixed,multi_family
A016743,R01,North City,R01-M03,urban,single_family
A016744,R01,North City,R01-M04,urban,large_residential
A016745,R09,Urban Belt,R09-M03,urban,multi_family
A016746,R12,Metro Region,R12-M02,urban,large_residential
A016747,R03,West District,R03-M02,mixed,single_family
A016748,R02,South City,R02-M03,urban,single_family
A016749,R12,Metro Region,R12-M04,urban,multi_family
A016750,R02,South City,R02-M04,urban,multi_family
A016751,R03,West District,R03-M04,mixed,single_family
A016752,R05,Central Region,R05-M02,urban,multi_family
A016753,R05,Central Region,R05-M04,urban,multi_family
A016754,R07,Mountain Region,R07-M02,rural,multi_family
A016755,R05,Central Region,R05-M02,urban,large_residential
A016756,R12,Metro Region,R12-M03,urban,multi_family
A016757,R08,Lake Region,R08-M01,rural,single_family
A016758,R10,Rural Belt,R10-M03,rural,single_family
A016759,R01,North City,R01-M01,urban,multi_family
A016760,R02,South City,R02-M02,urban,single_family
A016761,R06,River Region,R06-M04,mixed,single_family
A016762,R01,North City,R01-M03,urban,multi_family
A016763,R10,Rural Belt,R10-M04,rural,single_family
A016764,R03,West District,R03-M04,mixed,multi_family
A016765,R02,South City,R02-M01,urban,multi_family
A016766,R12,Metro Region,R12-M03,urban,single_family
A016767,R12,Metro Region,R12-M03,urban,multi_family
A016768,R11,Border Region,R11-M04,mixed,multi_family
A016769,R04,East District,R04-M04,mixed,single_family
A016770,R03,West District,R03-M01,mixed,large_residential
A016771,R12,Metro Region,R12-M03,urban,multi_family
A016772,R06,River Region,R06-M04,mixed,single_family
A016773,R05,Central Region,R05-M04,urban,multi_family
A016774,R10,Rural Belt,R10-M01,rural,single_family
A016775,R06,River Region,R06-M03,mixed,multi_family
A016776,R09,Urban Belt,R09-M01,urban,multi_family
A016777,R09,Urban Belt,R09-M04,urban,large_residential
A016778,R11,Border Region,R11-M01,mixed,single_family
A016779,R10,Rural Belt,R10-M02,rural,single_family
A016780,R12,Metro Region,R12-M02,urban,single_family
A016781,R07,Mountain Region,R07-M01,rural,single_family
A016782,R04,East District,R04-M02,mixed,multi_family
A016783,R04,East District,R04-M01,mixed,multi_family
A016784,R03,West District,R03-M01,mixed,single_family
A016785,R10,Rural Belt,R10-M04,rural,single_family
A016786,R07,Mountain Region,R07-M03,rural,single_family
A016787,R05,Central Region,R05-M02,urban,multi_family
A016788,R12,Metro Region,R12-M04,urban,multi_family
A016789,R03,West District,R03-M03,mixed,multi_family
A016790,R01,North City,R01-M03,urban,multi_family
A016791,R12,Metro Region,R12-M01,urban,multi_family
A016792,R08,Lake Region,R08-M03,rural,single_family
A016793,R04,East District,R04-M01,mixed,multi_family
A016794,R07,Mountain Region,R07-M04,rural,single_family
A016795,R02,South City,R02-M02,urban,single_family
A016796,R10,Rural Belt,R10-M03,rural,single_family
A016797,R04,East District,R04-M04,mixed,single_family
A016798,R09,Urban Belt,R09-M02,urban,multi_family
A016799,R06,River Region,R06-M04,mixed,single_family
A016800,R07,Mountain Region,R07-M04,rural,multi_family
A016801,R03,West District,R03-M02,mixed,single_family
A016802,R12,Metro Region,R12-M03,urban,multi_family
A016803,R09,Urban Belt,R09-M01,urban,multi_family
A016804,R10,Rural Belt,R10-M03,rural,multi_family
A016805,R10,Rural Belt,R10-M02,rural,multi_family
A016806,R09,Urban Belt,R09-M02,urban,multi_family
A016807,R01,North City,R01-M04,urban,multi_family
A016808,R04,East District,R04-M04,mixed,single_family
A016809,R11,Border Region,R11-M02,mixed,multi_family
A016810,R01,North City,R01-M01,urban,single_family
A016811,R05,Central Region,R05-M01,urban,multi_family
A016812,R03,West District,R03-M03,mixed,multi_family
A016813,R08,Lake Region,R08-M04,rural,multi_family
A016814,R12,Metro Region,R12-M04,urban,multi_family
A016815,R03,West District,R03-M03,mixed,single_family
A016816,R10,Rural Belt,R10-M01,rural,large_residential
A016817,R02,South City,R02-M01,urban,multi_family
A016818,R02,South City,R02-M04,urban,multi_family
A016819,R09,Urban Belt,R09-M04,urban,multi_family
A016820,R09,Urban Belt,R09-M03,urban,multi_family
A016821,R02,South City,R02-M01,urban,multi_family
A016822,R03,West District,R03-M04,mixed,single_family
A016823,R02,South City,R02-M04,urban,multi_family
A016824,R03,West District,R03-M03,mixed,single_family
A016825,R04,East District,R04-M04,mixed,single_family
A016826,R10,Rural Belt,R10-M04,rural,single_family
A016827,R09,Urban Belt,R09-M02,urban,multi_family
A016828,R06,River Region,R06-M04,mixed,single_family
A016829,R05,Central Region,R05-M02,urban,multi_family
A016830,R04,East District,R04-M02,mixed,single_family
A016831,R03,West District,R03-M03,mixed,multi_family
A016832,R01,North City,R01-M02,urban,multi_family
A016833,R05,Central Region,R05-M03,urban,single_family
A016834,R03,West District,R03-M01,mixed,multi_family
A016835,R09,Urban Belt,R09-M01,urban,single_family
A016836,R06,River Region,R06-M02,mixed,multi_family
A016837,R04,East District,R04-M04,mixed,single_family
A016838,R01,North City,R01-M03,urban,multi_family
A016839,R04,East District,R04-M03,mixed,multi_family
A016840,R05,Central Region,R05-M01,urban,single_family
A016841,R09,Urban Belt,R09-M01,urban,large_residential
A016842,R11,Border Region,R11-M02,mixed,multi_family
A016843,R12,Metro Region,R12-M03,urban,multi_family
A016844,R01,North City,R01-M01,urban,multi_family
A016845,R03,West District,R03-M02,mixed,multi_family
A016846,R10,Rural Belt,R10-M03,rural,single_family
A016847,R06,River Region,R06-M04,mixed,multi_family
A016848,R09,Urban Belt,R09-M01,urban,large_residential
A016849,R12,Metro Region,R12-M01,urban,single_family
A016850,R05,Central Region,R05-M01,urban,large_residential
A016851,R08,Lake Region,R08-M03,rural,single_family
A016852,R03,West District,R03-M04,mixed,large_residential
A016853,R04,East District,R04-M01,mixed,single_family
A016854,R08,Lake Region,R08-M04,rural,multi_family
A016855,R05,Central Region,R05-M02,urban,multi_family
A016856,R08,Lake Region,R08-M02,rural,single_family
A016857,R01,North City,R01-M01,urban,single_family
A016858,R03,West District,R03-M03,mixed,multi_family
A016859,R05,Central Region,R05-M02,urban,multi_family
A016860,R01,North City,R01-M01,urban,multi_family
A016861,R07,Mountain Region,R07-M01,rural,single_family
A016862,R09,Urban Belt,R09-M02,urban,multi_family
A016863,R10,Rural Belt,R10-M04,rural,single_family
A016864,R05,Central Region,R05-M01,urban,single_family
A016865,R09,Urban Belt,R09-M01,urban,multi_family
A016866,R05,Central Region,R05-M02,urban,single_family
A016867,R01,North City,R01-M03,urban,large_residential
A016868,R05,Central Region,R05-M01,urban,large_residential
A016869,R02,South City,R02-M02,urban,multi_family
A016870,R09,Urban Belt,R09-M03,urban,large_residential
A016871,R01,North City,R01-M01,urban,multi_family
A016872,R06,River Region,R06-M03,mixed,multi_family
A016873,R05,Central Region,R05-M01,urban,single_family
A016874,R09,Urban Belt,R09-M02,urban,single_family
A016875,R09,Urban Belt,R09-M03,urban,multi_family
A016876,R06,River Region,R06-M02,mixed,single_family
A016877,R03,West District,R03-M04,mixed,single_family
A016878,R01,North City,R01-M02,urban,multi_family
A016879,R05,Central Region,R05-M02,urban,multi_family
A016880,R01,North City,R01-M02,urban,single_family
A016881,R04,East District,R04-M03,mixed,multi_family
A016882,R01,North City,R01-M02,urban,large_residential
A016883,R06,River Region,R06-M04,mixed,single_family
A016884,R05,Central Region,R05-M03,urban,multi_family
A016885,R01,North City,R01-M03,urban,multi_family
A016886,R09,Urban Belt,R09-M01,urban,single_family
A016887,R12,Metro Region,R12-M03,urban,large_residential
A016888,R09,Urban Belt,R09-M02,urban,multi_family
A016889,R08,Lake Region,R08-M03,rural,multi_family
A016890,R09,Urban Belt,R09-M02,urban,single_family
A016891,R12,Metro Region,R12-M04,urban,multi_family
A016892,R06,River Region,R06-M03,mixed,multi_family
A016893,R10,Rural Belt,R10-M01,rural,single_family
A016894,R03,West District,R03-M01,mixed,single_family
A016895,R03,West District,R03-M04,mixed,large_residential
A016896,R08,Lake Region,R08-M03,rural,single_family
A016897,R01,North City,R01-M03,urban,multi_family
A016898,R09,Urban Belt,R09-M04,urban,multi_family
A016899,R02,South City,R02-M03,urban,large_residential
A016900,R12,Metro Region,R12-M02,urban,single_family
A016901,R06,River Region,R06-M02,mixed,single_family
A016902,R09,Urban Belt,R09-M03,urban,large_residential
A016903,R01,North City,R01-M01,urban,single_family
A016904,R05,Central Region,R05-M04,urban,single_family
A016905,R03,West District,R03-M02,mixed,multi_family
A016906,R10,Rural Belt,R10-M02,rural,multi_family
A016907,R05,Central Region,R05-M04,urban,multi_family
A016908,R04,East District,R04-M03,mixed,single_family
A016909,R09,Urban Belt,R09-M02,urban,multi_family
A016910,R07,Mountain Region,R07-M02,rural,single_family
A016911,R04,East District,R04-M02,mixed,single_family
A016912,R11,Border Region,R11-M02,mixed,single_family
A016913,R04,East District,R04-M04,mixed,single_family
A016914,R02,South City,R02-M01,urban,multi_family
A016915,R04,East District,R04-M01,mixed,multi_family
A016916,R01,North City,R01-M04,urban,large_residential
A016917,R03,West District,R03-M02,mixed,single_family
A016918,R03,West District,R03-M03,mixed,single_family
A016919,R09,Urban Belt,R09-M03,urban,single_family
A016920,R02,South City,R02-M03,urban,multi_family
A016921,R10,Rural Belt,R10-M04,rural,multi_family
A016922,R01,North City,R01-M01,urban,multi_family
A016923,R03,West District,R03-M03,mixed,multi_family
A016924,R09,Urban Belt,R09-M01,urban,multi_family
A016925,R02,South City,R02-M04,urban,large_residential
A016926,R04,East District,R04-M04,mixed,multi_family
A016927,R02,South City,R02-M02,urban,multi_family
A016928,R09,Urban Belt,R09-M04,urban,large_residential
A016929,R04,East District,R04-M02,mixed,single_family
A016930,R07,Mountain Region,R07-M03,rural,multi_family
A016931,R08,Lake Region,R08-M03,rural,multi_family
A016932,R03,West District,R03-M01,mixed,single_family
A016933,R07,Mountain Region,R07-M02,rural,single_family
A016934,R12,Metro Region,R12-M01,urban,multi_family
A016935,R12,Metro Region,R12-M03,urban,large_residential
A016936,R12,Metro Region,R12-M02,urban,multi_family
A016937,R10,Rural Belt,R10-M04,rural,single_family
A016938,R01,North City,R01-M01,urban,multi_family
A016939,R03,West District,R03-M02,mixed,single_family
A016940,R05,Central Region,R05-M04,urban,large_residential
A016941,R04,East District,R04-M01,mixed,large_residential
A016942,R01,North City,R01-M01,urban,multi_family
A016943,R12,Metro Region,R12-M04,urban,large_residential
A016944,R12,Metro Region,R12-M02,urban,large_residential
A016945,R12,Metro Region,R12-M01,urban,multi_family
A016946,R10,Rural Belt,R10-M03,rural,single_family
A016947,R10,Rural Belt,R10-M03,rural,single_family
A016948,R04,East District,R04-M01,mixed,large_residential
A016949,R01,North City,R01-M04,urban,multi_family
A016950,R04,East District,R04-M01,mixed,multi_family
A016951,R04,East District,R04-M01,mixed,multi_family
A016952,R03,West District,R03-M02,mixed,multi_family
A016953,R05,Central Region,R05-M02,urban,multi_family
A016954,R03,West District,R03-M02,mixed,multi_family
A016955,R08,Lake Region,R08-M04,rural,single_family
A016956,R05,Central Region,R05-M01,urban,large_residential
A016957,R08,Lake Region,R08-M02,rural,single_family
A016958,R04,East District,R04-M02,mixed,single_family
A016959,R02,South City,R02-M01,urban,single_family
A016960,R08,Lake Region,R08-M04,rural,single_family
A016961,R11,Border Region,R11-M01,mixed,multi_family
A016962,R10,Rural Belt,R10-M02,rural,single_family
A016963,R02,South City,R02-M03,urban,multi_family
A016964,R12,Metro Region,R12-M03,urban,single_family
A016965,R11,Border Region,R11-M04,mixed,large_residential
A016966,R10,Rural Belt,R10-M03,rural,multi_family
A016967,R01,North City,R01-M04,urban,multi_family
A016968,R09,Urban Belt,R09-M03,urban,multi_family
A016969,R12,Metro Region,R12-M02,urban,multi_family
A016970,R09,Urban Belt,R09-M04,urban,multi_family
A016971,R02,South City,R02-M03,urban,multi_family
A016972,R12,Metro Region,R12-M03,urban,large_residential
A016973,R05,Central Region,R05-M04,urban,single_family
A016974,R01,North City,R01-M04,urban,multi_family
A016975,R02,South City,R02-M02,urban,large_residential
A016976,R04,East District,R04-M04,mixed,single_family
A016977,R01,North City,R01-M02,urban,single_family
A016978,R12,Metro Region,R12-M01,urban,multi_family
A016979,R10,Rural Belt,R10-M04,rural,multi_family
A016980,R11,Border Region,R11-M02,mixed,single_family
A016981,R05,Central Region,R05-M03,urban,multi_family
A016982,R12,Metro Region,R12-M01,urban,multi_family
A016983,R02,South City,R02-M01,urban,multi_family
A016984,R02,South City,R02-M03,urban,multi_family
A016985,R04,East District,R04-M01,mixed,multi_family
A016986,R11,Border Region,R11-M01,mixed,single_family
A016987,R09,Urban Belt,R09-M03,urban,multi_family
A016988,R05,Central Region,R05-M01,urban,large_residential
A016989,R11,Border Region,R11-M02,mixed,single_family
A016990,R06,River Region,R06-M01,mixed,single_family
A016991,R07,Mountain Region,R07-M01,rural,single_family
A016992,R12,Metro Region,R12-M04,urban,multi_family
A016993,R09,Urban Belt,R09-M03,urban,single_family
A016994,R12,Metro Region,R12-M01,urban,multi_family
A016995,R05,Central Region,R05-M04,urban,multi_family
A016996,R05,Central Region,R05-M03,urban,single_family
A016997,R09,Urban Belt,R09-M02,urban,multi_family
A016998,R02,South City,R02-M02,urban,multi_family
A016999,R11,Border Region,R11-M03,mixed,multi_family
A017000,R10,Rural Belt,R10-M03,rural,single_family
A017001,R05,Central Region,R05-M03,urban,multi_family
A017002,R09,Urban Belt,R09-M04,urban,multi_family
A017003,R05,Central Region,R05-M02,urban,large_residential
A017004,R07,Mountain Region,R07-M01,rural,multi_family
A017005,R12,Metro Region,R12-M02,urban,large_residential
A017006,R02,South City,R02-M04,urban,single_family
A017007,R05,Central Region,R05-M01,urban,multi_family
A017008,R02,South City,R02-M01,urban,multi_family
A017009,R08,Lake Region,R08-M02,rural,single_family
A017010,R01,North City,R01-M03,urban,single_family
A017011,R08,Lake Region,R08-M03,rural,single_family
A017012,R12,Metro Region,R12-M02,urban,multi_family
A017013,R07,Mountain Region,R07-M02,rural,single_family
A017014,R06,River Region,R06-M02,mixed,multi_family
A017015,R10,Rural Belt,R10-M01,rural,multi_family
A017016,R06,River Region,R06-M03,mixed,multi_family
A017017,R09,Urban Belt,R09-M04,urban,multi_family
A017018,R12,Metro Region,R12-M01,urban,large_residential
A017019,R02,South City,R02-M01,urban,single_family
A017020,R09,Urban Belt,R09-M01,urban,multi_family
A017021,R09,Urban Belt,R09-M04,urban,single_family
A017022,R09,Urban Belt,R09-M03,urban,multi_family
A017023,R12,Metro Region,R12-M01,urban,multi_family
A017024,R03,West District,R03-M02,mixed,multi_family
A017025,R04,East District,R04-M04,mixed,large_residential
A017026,R12,Metro Region,R12-M02,urban,multi_family
A017027,R12,Metro Region,R12-M01,urban,single_family
A017028,R05,Central Region,R05-M01,urban,multi_family
A017029,R09,Urban Belt,R09-M01,urban,multi_family
A017030,R07,Mountain Region,R07-M02,rural,multi_family
A017031,R10,Rural Belt,R10-M01,rural,single_family
A017032,R10,Rural Belt,R10-M03,rural,multi_family
A017033,R09,Urban Belt,R09-M04,urban,multi_family
A017034,R12,Metro Region,R12-M04,urban,single_family
A017035,R02,South City,R02-M03,urban,multi_family
A017036,R10,Rural Belt,R10-M03,rural,large_residential
A017037,R01,North City,R01-M04,urban,large_residential
A017038,R03,West District,R03-M01,mixed,single_family
A017039,R05,Central Region,R05-M03,urban,single_family
A017040,R12,Metro Region,R12-M04,urban,single_family
A017041,R03,West District,R03-M02,mixed,multi_family
A017042,R12,Metro Region,R12-M03,urban,single_family
A017043,R02,South City,R02-M03,urban,multi_family
A017044,R08,Lake Region,R08-M02,rural,single_family
A017045,R05,Central Region,R05-M03,urban,single_family
A017046,R05,Central Region,R05-M01,urban,large_residential
A017047,R04,East District,R04-M04,mixed,single_family
A017048,R06,River Region,R06-M01,mixed,single_family
A017049,R06,River Region,R06-M01,mixed,multi_family
A017050,R06,River Region,R06-M01,mixed,single_family
A017051,R07,Mountain Region,R07-M04,rural,multi_family
A017052,R04,East District,R04-M03,mixed,multi_family
A017053,R08,Lake Region,R08-M03,rural,single_family
A017054,R03,West District,R03-M01,mixed,multi_family
A017055,R06,River Region,R06-M01,mixed,multi_family
A017056,R09,Urban Belt,R09-M03,urban,large_residential
A017057,R02,South City,R02-M01,urban,single_family
A017058,R09,Urban Belt,R09-M03,urban,single_family
A017059,R03,West District,R03-M02,mixed,multi_family
A017060,R09,Urban Belt,R09-M02,urban,multi_family
A017061,R05,Central Region,R05-M03,urban,multi_family
A017062,R05,Central Region,R05-M04,urban,multi_family
A017063,R10,Rural Belt,R10-M02,rural,single_family
A017064,R03,West District,R03-M04,mixed,multi_family
A017065,R09,Urban Belt,R09-M03,urban,large_residential
A017066,R03,West District,R03-M04,mixed,multi_family
A017067,R11,Border Region,R11-M03,mixed,single_family
A017068,R10,Rural Belt,R10-M04,rural,multi_family
A017069,R02,South City,R02-M01,urban,multi_family
A017070,R08,Lake Region,R08-M01,rural,single_family
A017071,R11,Border Region,R11-M02,mixed,multi_family
A017072,R04,East District,R04-M02,mixed,single_family
A017073,R08,Lake Region,R08-M04,rural,single_family
A017074,R07,Mountain Region,R07-M04,rural,multi_family
A017075,R03,West District,R03-M02,mixed,single_family
A017076,R08,Lake Region,R08-M01,rural,single_family
A017077,R11,Border Region,R11-M01,mixed,single_family
A017078,R06,River Region,R06-M04,mixed,multi_family
A017079,R05,Central Region,R05-M03,urban,large_residential
A017080,R09,Urban Belt,R09-M02,urban,single_family
A017081,R04,East District,R04-M02,mixed,multi_family
A017082,R01,North City,R01-M02,urban,multi_family
A017083,R09,Urban Belt,R09-M04,urban,multi_family
A017084,R05,Central Region,R05-M02,urban,large_residential
A017085,R06,River Region,R06-M04,mixed,single_family
A017086,R06,River Region,R06-M02,mixed,single_family
A017087,R05,Central Region,R05-M02,urban,multi_family
A017088,R02,South City,R02-M02,urban,multi_family
A017089,R06,River Region,R06-M01,mixed,single_family
A017090,R08,Lake Region,R08-M01,rural,single_family
A017091,R09,Urban Belt,R09-M02,urban,single_family
A017092,R01,North City,R01-M03,urban,multi_family
A017093,R04,East District,R04-M02,mixed,multi_family
A017094,R11,Border Region,R11-M01,mixed,multi_family
A017095,R10,Rural Belt,R10-M02,rural,single_family
A017096,R06,River Region,R06-M03,mixed,multi_family
A017097,R07,Mountain Region,R07-M03,rural,single_family
A017098,R12,Metro Region,R12-M02,urban,multi_family
A017099,R05,Central Region,R05-M02,urban,multi_family
A017100,R09,Urban Belt,R09-M02,urban,single_family
A017101,R06,River Region,R06-M02,mixed,single_family
A017102,R04,East District,R04-M01,mixed,single_family
A017103,R12,Metro Region,R12-M04,urban,multi_family
A017104,R05,Central Region,R05-M01,urban,multi_family
A017105,R04,East District,R04-M03,mixed,multi_family
A017106,R01,North City,R01-M01,urban,multi_family
A017107,R02,South City,R02-M03,urban,single_family
A017108,R12,Metro Region,R12-M01,urban,multi_family
A017109,R05,Central Region,R05-M01,urban,multi_family
A017110,R03,West District,R03-M03,mixed,single_family
A017111,R10,Rural Belt,R10-M04,rural,single_family
A017112,R11,Border Region,R11-M02,mixed,multi_family
A017113,R01,North City,R01-M03,urban,large_residential
A017114,R06,River Region,R06-M01,mixed,multi_family
A017115,R06,River Region,R06-M04,mixed,single_family
A017116,R06,River Region,R06-M04,mixed,single_family
A017117,R06,River Region,R06-M01,mixed,multi_family
A017118,R01,North City,R01-M03,urban,large_residential
A017119,R03,West District,R03-M04,mixed,large_residential
A017120,R09,Urban Belt,R09-M02,urban,multi_family
A017121,R05,Central Region,R05-M03,urban,multi_family
A017122,R10,Rural Belt,R10-M04,rural,single_family
A017123,R09,Urban Belt,R09-M01,urban,single_family
A017124,R08,Lake Region,R08-M03,rural,single_family
A017125,R06,River Region,R06-M02,mixed,multi_family
A017126,R09,Urban Belt,R09-M02,urban,single_family
A017127,R09,Urban Belt,R09-M02,urban,large_residential
A017128,R06,River Region,R06-M02,mixed,multi_family
A017129,R09,Urban Belt,R09-M03,urban,multi_family
A017130,R02,South City,R02-M03,urban,single_family
A017131,R03,West District,R03-M01,mixed,multi_family
A017132,R03,West District,R03-M04,mixed,single_family
A017133,R06,River Region,R06-M04,mixed,large_residential
A017134,R02,South City,R02-M01,urban,large_residential
A017135,R01,North City,R01-M04,urban,multi_family
A017136,R05,Central Region,R05-M03,urban,multi_family
A017137,R09,Urban Belt,R09-M01,urban,single_family
A017138,R07,Mountain Region,R07-M01,rural,single_family
A017139,R10,Rural Belt,R10-M03,rural,large_residential
A017140,R11,Border Region,R11-M02,mixed,multi_family
A017141,R02,South City,R02-M03,urban,multi_family
A017142,R03,West District,R03-M02,mixed,single_family
A017143,R05,Central Region,R05-M04,urban,multi_family
A017144,R06,River Region,R06-M03,mixed,multi_family
A017145,R08,Lake Region,R08-M01,rural,single_family
A017146,R11,Border Region,R11-M02,mixed,multi_family
A017147,R07,Mountain Region,R07-M03,rural,multi_family
A017148,R01,North City,R01-M01,urban,multi_family
A017149,R12,Metro Region,R12-M01,urban,single_family
A017150,R12,Metro Region,R12-M01,urban,multi_family
A017151,R04,East District,R04-M04,mixed,large_residential
A017152,R07,Mountain Region,R07-M03,rural,single_family
A017153,R03,West District,R03-M02,mixed,multi_family
A017154,R06,River Region,R06-M02,mixed,single_family
A017155,R10,Rural Belt,R10-M03,rural,single_family
A017156,R10,Rural Belt,R10-M01,rural,single_family
A017157,R11,Border Region,R11-M02,mixed,multi_family
A017158,R06,River Region,R06-M03,mixed,multi_family
A017159,R10,Rural Belt,R10-M02,rural,multi_family
A017160,R12,Metro Region,R12-M04,urban,single_family
A017161,R05,Central Region,R05-M03,urban,multi_family
A017162,R11,Border Region,R11-M03,mixed,multi_family
A017163,R03,West District,R03-M01,mixed,multi_family
A017164,R02,South City,R02-M02,urban,single_family
A017165,R01,North City,R01-M02,urban,multi_family
A017166,R05,Central Region,R05-M04,urban,large_residential
A017167,R05,Central Region,R05-M04,urban,multi_family
A017168,R06,River Region,R06-M01,mixed,large_residential
A017169,R12,Metro Region,R12-M04,urban,multi_family
A017170,R02,South City,R02-M02,urban,multi_family
A017171,R03,West District,R03-M03,mixed,multi_family
A017172,R05,Central Region,R05-M03,urban,single_family
A017173,R09,Urban Belt,R09-M03,urban,single_family
A017174,R09,Urban Belt,R09-M04,urban,multi_family
A017175,R06,River Region,R06-M03,mixed,multi_family
A017176,R02,South City,R02-M04,urban,large_residential
A017177,R06,River Region,R06-M04,mixed,multi_family
A017178,R06,River Region,R06-M02,mixed,multi_family
A017179,R04,East District,R04-M02,mixed,single_family
A017180,R12,Metro Region,R12-M03,urban,multi_family
A017181,R02,South City,R02-M03,urban,large_residential
A017182,R08,Lake Region,R08-M02,rural,multi_family
A017183,R04,East District,R04-M01,mixed,single_family
A017184,R02,South City,R02-M02,urban,large_residential
A017185,R12,Metro Region,R12-M01,urban,single_family
A017186,R03,West District,R03-M03,mixed,multi_family
A017187,R11,Border Region,R11-M03,mixed,multi_family
A017188,R08,Lake Region,R08-M03,rural,single_family
A017189,R06,River Region,R06-M01,mixed,multi_family
A017190,R07,Mountain Region,R07-M01,rural,single_family
A017191,R02,South City,R02-M01,urban,multi_family
A017192,R08,Lake Region,R08-M02,rural,multi_family
A017193,R03,West District,R03-M01,mixed,single_family
A017194,R02,South City,R02-M04,urban,large_residential
A017195,R01,North City,R01-M03,urban,single_family
A017196,R02,South City,R02-M03,urban,multi_family
A017197,R07,Mountain Region,R07-M01,rural,single_family
A017198,R02,South City,R02-M02,urban,multi_family
A017199,R05,Central Region,R05-M03,urban,large_residential
A017200,R05,Central Region,R05-M01,urban,large_residential
A017201,R09,Urban Belt,R09-M04,urban,single_family
A017202,R02,South City,R02-M04,urban,large_residential
A017203,R05,Central Region,R05-M04,urban,multi_family
A017204,R05,Central Region,R05-M02,urban,multi_family
A017205,R05,Central Region,R05-M02,urban,single_family
A017206,R03,West District,R03-M03,mixed,single_family
A017207,R01,North City,R01-M04,urban,single_family
A017208,R09,Urban Belt,R09-M04,urban,large_residential
A017209,R02,South City,R02-M04,urban,multi_family
A017210,R09,Urban Belt,R09-M02,urban,multi_family
A017211,R10,Rural Belt,R10-M04,rural,single_family
A017212,R09,Urban Belt,R09-M01,urban,multi_family
A017213,R07,Mountain Region,R07-M03,rural,single_family
A017214,R09,Urban Belt,R09-M04,urban,single_family
A017215,R03,West District,R03-M01,mixed,large_residential
A017216,R09,Urban Belt,R09-M03,urban,large_residential
A017217,R02,South City,R02-M03,urban,multi_family
A017218,R01,North City,R01-M04,urban,multi_family
A017219,R10,Rural Belt,R10-M03,rural,multi_family
A017220,R02,South City,R02-M02,urban,multi_family
A017221,R05,Central Region,R05-M04,urban,multi_family
A017222,R05,Central Region,R05-M01,urban,multi_family
A017223,R05,Central Region,R05-M01,urban,large_residential
A017224,R01,North City,R01-M01,urban,single_family
A017225,R05,Central Region,R05-M03,urban,multi_family
A017226,R10,Rural Belt,R10-M02,rural,single_family
A017227,R02,South City,R02-M01,urban,large_residential
A017228,R12,Metro Region,R12-M01,urban,multi_family
A017229,R03,West District,R03-M04,mixed,multi_family
A017230,R06,River Region,R06-M02,mixed,multi_family
A017231,R03,West District,R03-M04,mixed,single_family
A017232,R01,North City,R01-M03,urban,multi_family
A017233,R12,Metro Region,R12-M02,urban,multi_family
A017234,R05,Central Region,R05-M02,urban,multi_family
A017235,R09,Urban Belt,R09-M04,urban,large_residential
A017236,R11,Border Region,R11-M03,mixed,multi_family
A017237,R05,Central Region,R05-M04,urban,single_family
A017238,R02,South City,R02-M03,urban,multi_family
A017239,R06,River Region,R06-M02,mixed,single_family
A017240,R12,Metro Region,R12-M01,urban,large_residential
A017241,R10,Rural Belt,R10-M03,rural,single_family
A017242,R11,Border Region,R11-M01,mixed,multi_family
A017243,R06,River Region,R06-M02,mixed,single_family
A017244,R11,Border Region,R11-M03,mixed,single_family
A017245,R01,North City,R01-M02,urban,large_residential
A017246,R03,West District,R03-M04,mixed,multi_family
A017247,R03,West District,R03-M02,mixed,multi_family
A017248,R05,Central Region,R05-M02,urban,large_residential
A017249,R06,River Region,R06-M02,mixed,multi_family
A017250,R09,Urban Belt,R09-M03,urban,multi_family
A017251,R01,North City,R01-M03,urban,multi_family
A017252,R02,South City,R02-M02,urban,single_family
A017253,R05,Central Region,R05-M01,urban,multi_family
A017254,R04,East District,R04-M02,mixed,single_family
A017255,R07,Mountain Region,R07-M02,rural,single_family
A017256,R04,East District,R04-M02,mixed,single_family
A017257,R01,North City,R01-M01,urban,multi_family
A017258,R10,Rural Belt,R10-M04,rural,multi_family
A017259,R03,West District,R03-M02,mixed,large_residential
A017260,R09,Urban Belt,R09-M02,urban,single_family
A017261,R03,West District,R03-M02,mixed,multi_family
A017262,R04,East District,R04-M01,mixed,multi_family
A017263,R03,West District,R03-M01,mixed,multi_family
A017264,R01,North City,R01-M04,urban,multi_family
A017265,R05,Central Region,R05-M04,urban,multi_family
A017266,R02,South City,R02-M01,urban,multi_family
A017267,R06,River Region,R06-M03,mixed,multi_family
A017268,R08,Lake Region,R08-M02,rural,single_family
A017269,R11,Border Region,R11-M01,mixed,multi_family
A017270,R02,South City,R02-M03,urban,single_family
A017271,R09,Urban Belt,R09-M02,urban,large_residential
A017272,R05,Central Region,R05-M04,urban,multi_family
A017273,R02,South City,R02-M01,urban,large_residential
A017274,R01,North City,R01-M02,urban,large_residential
A017275,R10,Rural Belt,R10-M02,rural,single_family
A017276,R03,West District,R03-M01,mixed,multi_family
A017277,R01,North City,R01-M01,urban,multi_family
A017278,R01,North City,R01-M03,urban,single_family
A017279,R12,Metro Region,R12-M04,urban,multi_family
A017280,R02,South City,R02-M03,urban,multi_family
A017281,R07,Mountain Region,R07-M03,rural,single_family
A017282,R01,North City,R01-M01,urban,single_family
A017283,R05,Central Region,R05-M04,urban,single_family
A017284,R10,Rural Belt,R10-M01,rural,single_family
A017285,R04,East District,R04-M02,mixed,multi_family
A017286,R12,Metro Region,R12-M03,urban,multi_family
A017287,R12,Metro Region,R12-M03,urban,single_family
A017288,R12,Metro Region,R12-M02,urban,multi_family
A017289,R04,East District,R04-M03,mixed,single_family
A017290,R04,East District,R04-M04,mixed,single_family
A017291,R05,Central Region,R05-M04,urban,multi_family
A017292,R08,Lake Region,R08-M04,rural,single_family
A017293,R02,South City,R02-M01,urban,multi_family
A017294,R12,Metro Region,R12-M04,urban,multi_family
A017295,R12,Metro Region,R12-M04,urban,large_residential
A017296,R07,Mountain Region,R07-M01,rural,single_family
A017297,R08,Lake Region,R08-M01,rural,single_family
A017298,R04,East District,R04-M01,mixed,multi_family
A017299,R12,Metro Region,R12-M01,urban,single_family
A017300,R01,North City,R01-M04,urban,multi_family
A017301,R04,East District,R04-M01,mixed,single_family
A017302,R07,Mountain Region,R07-M02,rural,single_family
A017303,R10,Rural Belt,R10-M01,rural,single_family
A017304,R04,East District,R04-M03,mixed,large_residential
A017305,R05,Central Region,R05-M03,urban,large_residential
A017306,R09,Urban Belt,R09-M04,urban,large_residential
A017307,R05,Central Region,R05-M03,urban,multi_family
A017308,R10,Rural Belt,R10-M02,rural,multi_family
A017309,R11,Border Region,R11-M04,mixed,large_residential
A017310,R09,Urban Belt,R09-M02,urban,large_residential
A017311,R04,East District,R04-M02,mixed,single_family
A017312,R05,Central Region,R05-M02,urban,multi_family
A017313,R06,River Region,R06-M01,mixed,large_residential
A017314,R05,Central Region,R05-M02,urban,large_residential
A017315,R01,North City,R01-M01,urban,multi_family
A017316,R07,Mountain Region,R07-M04,rural,multi_family
A017317,R06,River Region,R06-M01,mixed,multi_family
A017318,R01,North City,R01-M01,urban,single_family
A017319,R01,North City,R01-M01,urban,multi_family
A017320,R12,Metro Region,R12-M01,urban,multi_family
A017321,R03,West District,R03-M04,mixed,multi_family
A017322,R10,Rural Belt,R10-M04,rural,multi_family
A017323,R01,North City,R01-M02,urban,single_family
A017324,R02,South City,R02-M02,urban,large_residential
A017325,R10,Rural Belt,R10-M03,rural,single_family
A017326,R05,Central Region,R05-M04,urban,single_family
A017327,R01,North City,R01-M02,urban,large_residential
A017328,R07,Mountain Region,R07-M01,rural,single_family
A017329,R09,Urban Belt,R09-M01,urban,multi_family
A017330,R04,East District,R04-M02,mixed,multi_family
A017331,R12,Metro Region,R12-M03,urban,multi_family
A017332,R07,Mountain Region,R07-M01,rural,single_family
A017333,R02,South City,R02-M03,urban,multi_family
A017334,R04,East District,R04-M02,mixed,multi_family
A017335,R09,Urban Belt,R09-M02,urban,single_family
A017336,R01,North City,R01-M02,urban,large_residential
A017337,R04,East District,R04-M02,mixed,single_family
A017338,R08,Lake Region,R08-M01,rural,single_family
A017339,R12,Metro Region,R12-M02,urban,multi_family
A017340,R05,Central Region,R05-M01,urban,multi_family
A017341,R10,Rural Belt,R10-M01,rural,single_family
A017342,R01,North City,R01-M01,urban,single_family
A017343,R04,East District,R04-M02,mixed,single_family
A017344,R11,Border Region,R11-M01,mixed,single_family
A017345,R05,Central Region,R05-M03,urban,multi_family
A017346,R07,Mountain Region,R07-M02,rural,multi_family
A017347,R06,River Region,R06-M04,mixed,single_family
A017348,R04,East District,R04-M03,mixed,single_family
A017349,R09,Urban Belt,R09-M01,urban,multi_family
A017350,R11,Border Region,R11-M04,mixed,single_family
A017351,R12,Metro Region,R12-M01,urban,multi_family
A017352,R09,Urban Belt,R09-M03,urban,multi_family
A017353,R04,East District,R04-M03,mixed,multi_family
A017354,R04,East District,R04-M04,mixed,single_family
A017355,R03,West District,R03-M02,mixed,multi_family
A017356,R10,Rural Belt,R10-M04,rural,multi_family
A017357,R01,North City,R01-M02,urban,single_family
A017358,R06,River Region,R06-M04,mixed,single_family
A017359,R01,North City,R01-M02,urban,single_family
A017360,R04,East District,R04-M02,mixed,large_residential
A017361,R10,Rural Belt,R10-M04,rural,single_family
A017362,R05,Central Region,R05-M02,urban,multi_family
A017363,R06,River Region,R06-M02,mixed,single_family
A017364,R10,Rural Belt,R10-M03,rural,multi_family
A017365,R08,Lake Region,R08-M03,rural,multi_family
A017366,R06,River Region,R06-M04,mixed,single_family
A017367,R06,River Region,R06-M02,mixed,single_family
A017368,R12,Metro Region,R12-M02,urban,multi_family
A017369,R03,West District,R03-M02,mixed,multi_family
A017370,R09,Urban Belt,R09-M04,urban,large_residential
A017371,R11,Border Region,R11-M01,mixed,multi_family
A017372,R02,South City,R02-M04,urban,multi_family
A017373,R11,Border Region,R11-M04,mixed,multi_family
A017374,R03,West District,R03-M02,mixed,multi_family
A017375,R10,Rural Belt,R10-M01,rural,single_family
A017376,R07,Mountain Region,R07-M04,rural,multi_family
A017377,R04,East District,R04-M03,mixed,multi_family
A017378,R12,Metro Region,R12-M03,urban,large_residential
A017379,R09,Urban Belt,R09-M02,urban,large_residential
A017380,R05,Central Region,R05-M01,urban,multi_family
A017381,R05,Central Region,R05-M01,urban,single_family
A017382,R01,North City,R01-M01,urban,large_residential
A017383,R09,Urban Belt,R09-M02,urban,multi_family
A017384,R01,North City,R01-M01,urban,single_family
A017385,R07,Mountain Region,R07-M01,rural,multi_family
A017386,R01,North City,R01-M04,urban,multi_family
A017387,R05,Central Region,R05-M01,urban,single_family
A017388,R05,Central Region,R05-M04,urban,single_family
A017389,R12,Metro Region,R12-M01,urban,multi_family
A017390,R04,East District,R04-M03,mixed,multi_family
A017391,R05,Central Region,R05-M04,urban,multi_family
A017392,R08,Lake Region,R08-M01,rural,single_family
A017393,R09,Urban Belt,R09-M01,urban,multi_family
A017394,R06,River Region,R06-M01,mixed,single_family
A017395,R04,East District,R04-M02,mixed,multi_family
A017396,R12,Metro Region,R12-M01,urban,single_family
A017397,R12,Metro Region,R12-M03,urban,large_residential
A017398,R08,Lake Region,R08-M01,rural,single_family
A017399,R05,Central Region,R05-M03,urban,multi_family
A017400,R02,South City,R02-M03,urban,single_family
A017401,R09,Urban Belt,R09-M01,urban,large_residential
A017402,R01,North City,R01-M01,urban,single_family
A017403,R04,East District,R04-M01,mixed,single_family
A017404,R11,Border Region,R11-M02,mixed,single_family
A017405,R01,North City,R01-M03,urban,single_family
A017406,R01,North City,R01-M03,urban,multi_family
A017407,R02,South City,R02-M03,urban,large_residential
A017408,R12,Metro Region,R12-M04,urban,multi_family
A017409,R07,Mountain Region,R07-M01,rural,single_family
A017410,R02,South City,R02-M02,urban,multi_family
A017411,R02,South City,R02-M01,urban,multi_family
A017412,R09,Urban Belt,R09-M01,urban,single_family
A017413,R10,Rural Belt,R10-M01,rural,single_family
A017414,R05,Central Region,R05-M03,urban,multi_family
A017415,R03,West District,R03-M02,mixed,single_family
A017416,R02,South City,R02-M03,urban,multi_family
A017417,R06,River Region,R06-M03,mixed,multi_family
A017418,R05,Central Region,R05-M03,urban,multi_family
A017419,R09,Urban Belt,R09-M04,urban,single_family
A017420,R02,South City,R02-M01,urban,multi_family
A017421,R03,West District,R03-M03,mixed,large_residential
A017422,R09,Urban Belt,R09-M03,urban,multi_family
A017423,R02,South City,R02-M04,urban,multi_family
A017424,R09,Urban Belt,R09-M03,urban,single_family
A017425,R07,Mountain Region,R07-M02,rural,single_family
A017426,R07,Mountain Region,R07-M01,rural,multi_family
A017427,R08,Lake Region,R08-M01,rural,single_family
A017428,R08,Lake Region,R08-M02,rural,single_family
A017429,R09,Urban Belt,R09-M02,urban,single_family
A017430,R04,East District,R04-M02,mixed,single_family
A017431,R08,Lake Region,R08-M03,rural,multi_family
A017432,R04,East District,R04-M03,mixed,single_family
A017433,R07,Mountain Region,R07-M04,rural,multi_family
A017434,R03,West District,R03-M02,mixed,large_residential
A017435,R12,Metro Region,R12-M02,urban,single_family
A017436,R12,Metro Region,R12-M01,urban,multi_family
A017437,R05,Central Region,R05-M02,urban,large_residential
A017438,R02,South City,R02-M04,urban,multi_family
A017439,R04,East District,R04-M01,mixed,single_family
A017440,R02,South City,R02-M04,urban,multi_family
A017441,R07,Mountain Region,R07-M01,rural,single_family
A017442,R10,Rural Belt,R10-M01,rural,single_family
A017443,R11,Border Region,R11-M03,mixed,multi_family
A017444,R07,Mountain Region,R07-M03,rural,single_family
A017445,R05,Central Region,R05-M02,urban,multi_family
A017446,R04,East District,R04-M03,mixed,multi_family
A017447,R02,South City,R02-M03,urban,single_family
A017448,R09,Urban Belt,R09-M03,urban,multi_family
A017449,R01,North City,R01-M02,urban,multi_family
A017450,R09,Urban Belt,R09-M03,urban,single_family
A017451,R09,Urban Belt,R09-M02,urban,single_family
A017452,R03,West District,R03-M03,mixed,single_family
A017453,R04,East District,R04-M01,mixed,multi_family
A017454,R10,Rural Belt,R10-M04,rural,single_family
A017455,R05,Central Region,R05-M04,urban,multi_family
A017456,R10,Rural Belt,R10-M01,rural,single_family
A017457,R01,North City,R01-M02,urban,large_residential
A017458,R07,Mountain Region,R07-M02,rural,single_family
A017459,R09,Urban Belt,R09-M03,urban,single_family
A017460,R06,River Region,R06-M03,mixed,multi_family
A017461,R10,Rural Belt,R10-M02,rural,multi_family
A017462,R01,North City,R01-M02,urban,multi_family
A017463,R12,Metro Region,R12-M04,urban,single_family
A017464,R04,East District,R04-M02,mixed,multi_family
A017465,R01,North City,R01-M01,urban,large_residential
A017466,R12,Metro Region,R12-M02,urban,multi_family
A017467,R01,North City,R01-M04,urban,single_family
A017468,R09,Urban Belt,R09-M01,urban,multi_family
A017469,R12,Metro Region,R12-M04,urban,multi_family
A017470,R09,Urban Belt,R09-M02,urban,multi_family
A017471,R10,Rural Belt,R10-M01,rural,multi_family
A017472,R09,Urban Belt,R09-M04,urban,multi_family
A017473,R04,East District,R04-M02,mixed,multi_family
A017474,R03,West District,R03-M04,mixed,single_family
A017475,R04,East District,R04-M04,mixed,single_family
A017476,R08,Lake Region,R08-M01,rural,single_family
A017477,R08,Lake Region,R08-M02,rural,single_family
A017478,R06,River Region,R06-M04,mixed,multi_family
A017479,R03,West District,R03-M04,mixed,multi_family
A017480,R02,South City,R02-M04,urban,multi_family
A017481,R11,Border Region,R11-M01,mixed,multi_family
A017482,R03,West District,R03-M04,mixed,single_family
A017483,R11,Border Region,R11-M01,mixed,multi_family
A017484,R11,Border Region,R11-M04,mixed,multi_family
A017485,R07,Mountain Region,R07-M03,rural,single_family
A017486,R05,Central Region,R05-M04,urban,multi_family
A017487,R10,Rural Belt,R10-M03,rural,multi_family
A017488,R09,Urban Belt,R09-M01,urban,single_family
A017489,R09,Urban Belt,R09-M02,urban,single_family
A017490,R08,Lake Region,R08-M01,rural,single_family
A017491,R11,Border Region,R11-M01,mixed,multi_family
A017492,R03,West District,R03-M04,mixed,large_residential
A017493,R05,Central Region,R05-M03,urban,multi_family
A017494,R01,North City,R01-M02,urban,large_residential
A017495,R08,Lake Region,R08-M01,rural,single_family
A017496,R07,Mountain Region,R07-M04,rural,single_family
A017497,R08,Lake Region,R08-M03,rural,single_family
A017498,R02,South City,R02-M04,urban,multi_family
A017499,R03,West District,R03-M04,mixed,multi_family
A017500,R09,Urban Belt,R09-M01,urban,multi_family
A017501,R06,River Region,R06-M04,mixed,multi_family
A017502,R09,Urban Belt,R09-M02,urban,large_residential
A017503,R12,Metro Region,R12-M04,urban,single_family
A017504,R02,South City,R02-M02,urban,single_family
A017505,R01,North City,R01-M04,urban,multi_family
A017506,R04,East District,R04-M04,mixed,single_family
A017507,R09,Urban Belt,R09-M04,urban,multi_family
A017508,R12,Metro Region,R12-M03,urban,multi_family
A017509,R01,North City,R01-M01,urban,multi_family
A017510,R01,North City,R01-M04,urban,multi_family
A017511,R12,Metro Region,R12-M02,urban,multi_family
A017512,R11,Border Region,R11-M02,mixed,multi_family
A017513,R04,East District,R04-M01,mixed,multi_family
A017514,R12,Metro Region,R12-M01,urban,single_family
A017515,R02,South City,R02-M03,urban,large_residential
A017516,R09,Urban Belt,R09-M03,urban,multi_family
A017517,R02,South City,R02-M03,urban,multi_family
A017518,R04,East District,R04-M04,mixed,large_residential
A017519,R05,Central Region,R05-M02,urban,multi_family
A017520,R01,North City,R01-M01,urban,multi_family
A017521,R08,Lake Region,R08-M04,rural,single_family
A017522,R08,Lake Region,R08-M03,rural,single_family
A017523,R07,Mountain Region,R07-M04,rural,single_family
A017524,R02,South City,R02-M01,urban,large_residential
A017525,R03,West District,R03-M03,mixed,single_family
A017526,R03,West District,R03-M03,mixed,multi_family
A017527,R09,Urban Belt,R09-M04,urban,single_family
A017528,R02,South City,R02-M03,urban,multi_family
A017529,R12,Metro Region,R12-M03,urban,large_residential
A017530,R02,South City,R02-M04,urban,multi_family
A017531,R01,North City,R01-M04,urban,multi_family
A017532,R09,Urban Belt,R09-M01,urban,multi_family
A017533,R02,South City,R02-M04,urban,multi_family
A017534,R04,East District,R04-M03,mixed,multi_family
A017535,R07,Mountain Region,R07-M02,rural,single_family
A017536,R10,Rural Belt,R10-M02,rural,single_family
A017537,R05,Central Region,R05-M03,urban,large_residential
A017538,R05,Central Region,R05-M03,urban,large_residential
A017539,R11,Border Region,R11-M01,mixed,single_family
A017540,R01,North City,R01-M02,urban,multi_family
A017541,R12,Metro Region,R12-M03,urban,multi_family
A017542,R05,Central Region,R05-M02,urban,multi_family
A017543,R06,River Region,R06-M02,mixed,multi_family
A017544,R03,West District,R03-M03,mixed,large_residential
A017545,R02,South City,R02-M02,urban,multi_family
A017546,R09,Urban Belt,R09-M04,urban,multi_family
A017547,R10,Rural Belt,R10-M01,rural,single_family
A017548,R09,Urban Belt,R09-M01,urban,multi_family
A017549,R04,East District,R04-M02,mixed,single_family
A017550,R09,Urban Belt,R09-M04,urban,large_residential
A017551,R02,South City,R02-M02,urban,single_family
A017552,R09,Urban Belt,R09-M03,urban,multi_family
A017553,R12,Metro Region,R12-M01,urban,multi_family
A017554,R10,Rural Belt,R10-M04,rural,multi_family
A017555,R08,Lake Region,R08-M01,rural,multi_family
A017556,R08,Lake Region,R08-M01,rural,single_family
A017557,R12,Metro Region,R12-M01,urban,single_family
A017558,R07,Mountain Region,R07-M02,rural,multi_family
A017559,R10,Rural Belt,R10-M03,rural,single_family
A017560,R09,Urban Belt,R09-M01,urban,multi_family
A017561,R06,River Region,R06-M03,mixed,single_family
A017562,R02,South City,R02-M02,urban,multi_family
A017563,R05,Central Region,R05-M02,urban,single_family
A017564,R10,Rural Belt,R10-M03,rural,single_family
A017565,R03,West District,R03-M01,mixed,single_family
A017566,R05,Central Region,R05-M03,urban,single_family
A017567,R09,Urban Belt,R09-M03,urban,single_family
A017568,R01,North City,R01-M04,urban,single_family
A017569,R10,Rural Belt,R10-M01,rural,single_family
A017570,R07,Mountain Region,R07-M01,rural,multi_family
A017571,R09,Urban Belt,R09-M03,urban,single_family
A017572,R12,Metro Region,R12-M03,urban,multi_family
A017573,R04,East District,R04-M02,mixed,single_family
A017574,R01,North City,R01-M03,urban,multi_family
A017575,R11,Border Region,R11-M01,mixed,single_family
A017576,R05,Central Region,R05-M01,urban,large_residential
A017577,R09,Urban Belt,R09-M02,urban,multi_family
A017578,R09,Urban Belt,R09-M04,urban,large_residential
A017579,R04,East District,R04-M01,mixed,single_family
A017580,R04,East District,R04-M04,mixed,multi_family
A017581,R02,South City,R02-M04,urban,single_family
A017582,R08,Lake Region,R08-M01,rural,multi_family
A017583,R11,Border Region,R11-M04,mixed,single_family
A017584,R02,South City,R02-M02,urban,multi_family
A017585,R04,East District,R04-M03,mixed,large_residential
A017586,R02,South City,R02-M04,urban,multi_family
A017587,R01,North City,R01-M01,urban,single_family
A017588,R08,Lake Region,R08-M01,rural,multi_family
A017589,R03,West District,R03-M04,mixed,single_family
A017590,R11,Border Region,R11-M02,mixed,multi_family
A017591,R04,East District,R04-M04,mixed,large_residential
A017592,R02,South City,R02-M03,urban,multi_family
A017593,R06,River Region,R06-M02,mixed,multi_family
A017594,R01,North City,R01-M03,urban,multi_family
A017595,R12,Metro Region,R12-M04,urban,large_residential
A017596,R01,North City,R01-M03,urban,multi_family
A017597,R12,Metro Region,R12-M01,urban,multi_family
A017598,R07,Mountain Region,R07-M04,rural,single_family
A017599,R05,Central Region,R05-M01,urban,large_residential
A017600,R03,West District,R03-M02,mixed,single_family
A017601,R08,Lake Region,R08-M03,rural,single_family
A017602,R01,North City,R01-M01,urban,single_family
A017603,R08,Lake Region,R08-M01,rural,single_family
A017604,R09,Urban Belt,R09-M01,urban,multi_family
A017605,R05,Central Region,R05-M02,urban,multi_family
A017606,R05,Central Region,R05-M04,urban,multi_family
A017607,R05,Central Region,R05-M02,urban,multi_family
A017608,R02,South City,R02-M02,urban,multi_family
A017609,R10,Rural Belt,R10-M04,rural,multi_family
A017610,R12,Metro Region,R12-M03,urban,multi_family
A017611,R01,North City,R01-M01,urban,multi_family
A017612,R09,Urban Belt,R09-M02,urban,single_family
A017613,R09,Urban Belt,R09-M04,urban,multi_family
A017614,R03,West District,R03-M01,mixed,large_residential
A017615,R03,West District,R03-M01,mixed,single_family
A017616,R01,North City,R01-M01,urban,single_family
A017617,R12,Metro Region,R12-M01,urban,single_family
A017618,R02,South City,R02-M03,urban,single_family
A017619,R10,Rural Belt,R10-M04,rural,multi_family
A017620,R02,South City,R02-M01,urban,large_residential
A017621,R10,Rural Belt,R10-M04,rural,multi_family
A017622,R10,Rural Belt,R10-M04,rural,single_family
A017623,R08,Lake Region,R08-M04,rural,single_family
A017624,R03,West District,R03-M03,mixed,single_family
A017625,R10,Rural Belt,R10-M01,rural,single_family
A017626,R03,West District,R03-M03,mixed,multi_family
A017627,R08,Lake Region,R08-M04,rural,single_family
A017628,R10,Rural Belt,R10-M04,rural,multi_family
A017629,R01,North City,R01-M01,urban,large_residential
A017630,R01,North City,R01-M01,urban,large_residential
A017631,R12,Metro Region,R12-M03,urban,multi_family
A017632,R12,Metro Region,R12-M04,urban,multi_family
A017633,R12,Metro Region,R12-M04,urban,multi_family
A017634,R05,Central Region,R05-M01,urban,single_family
A017635,R03,West District,R03-M04,mixed,single_family
A017636,R04,East District,R04-M04,mixed,multi_family
A017637,R03,West District,R03-M04,mixed,single_family
A017638,R02,South City,R02-M04,urban,multi_family
A017639,R06,River Region,R06-M02,mixed,single_family
A017640,R01,North City,R01-M03,urban,single_family
A017641,R05,Central Region,R05-M01,urban,single_family
A017642,R07,Mountain Region,R07-M03,rural,single_family
A017643,R02,South City,R02-M02,urban,single_family
A017644,R05,Central Region,R05-M04,urban,multi_family
A017645,R04,East District,R04-M04,mixed,single_family
A017646,R01,North City,R01-M04,urban,multi_family
A017647,R04,East District,R04-M01,mixed,single_family
A017648,R09,Urban Belt,R09-M01,urban,large_residential
A017649,R03,West District,R03-M03,mixed,single_family
A017650,R10,Rural Belt,R10-M01,rural,single_family
A017651,R11,Border Region,R11-M03,mixed,multi_family
A017652,R12,Metro Region,R12-M02,urban,single_family
A017653,R03,West District,R03-M02,mixed,single_family
A017654,R09,Urban Belt,R09-M01,urban,single_family
A017655,R04,East District,R04-M02,mixed,single_family
A017656,R08,Lake Region,R08-M01,rural,single_family
A017657,R11,Border Region,R11-M02,mixed,multi_family
A017658,R04,East District,R04-M03,mixed,single_family
A017659,R10,Rural Belt,R10-M01,rural,multi_family
A017660,R09,Urban Belt,R09-M02,urban,multi_family
A017661,R07,Mountain Region,R07-M04,rural,multi_family
A017662,R01,North City,R01-M02,urban,multi_family
A017663,R02,South City,R02-M02,urban,multi_family
A017664,R05,Central Region,R05-M03,urban,single_family
A017665,R07,Mountain Region,R07-M03,rural,multi_family
A017666,R07,Mountain Region,R07-M03,rural,single_family
A017667,R09,Urban Belt,R09-M03,urban,single_family
A017668,R01,North City,R01-M02,urban,large_residential
A017669,R02,South City,R02-M04,urban,multi_family
A017670,R08,Lake Region,R08-M04,rural,single_family
A017671,R12,Metro Region,R12-M01,urban,large_residential
A017672,R08,Lake Region,R08-M04,rural,single_family
A017673,R01,North City,R01-M04,urban,multi_family
A017674,R09,Urban Belt,R09-M02,urban,single_family
A017675,R05,Central Region,R05-M03,urban,large_residential
A017676,R09,Urban Belt,R09-M01,urban,single_family
A017677,R03,West District,R03-M04,mixed,single_family
A017678,R12,Metro Region,R12-M02,urban,multi_family
A017679,R03,West District,R03-M04,mixed,single_family
A017680,R05,Central Region,R05-M02,urban,multi_family
A017681,R09,Urban Belt,R09-M02,urban,single_family
A017682,R06,River Region,R06-M03,mixed,single_family
A017683,R08,Lake Region,R08-M02,rural,single_family
A017684,R02,South City,R02-M02,urban,multi_family
A017685,R03,West District,R03-M02,mixed,multi_family
A017686,R06,River Region,R06-M04,mixed,multi_family
A017687,R10,Rural Belt,R10-M04,rural,multi_family
A017688,R05,Central Region,R05-M03,urban,multi_family
A017689,R03,West District,R03-M02,mixed,multi_family
A017690,R10,Rural Belt,R10-M03,rural,single_family
A017691,R04,East District,R04-M01,mixed,single_family
A017692,R03,West District,R03-M01,mixed,large_residential
A017693,R10,Rural Belt,R10-M01,rural,single_family
A017694,R06,River Region,R06-M03,mixed,single_family
A017695,R01,North City,R01-M03,urban,multi_family
A017696,R03,West District,R03-M02,mixed,multi_family
A017697,R01,North City,R01-M04,urban,multi_family
A017698,R08,Lake Region,R08-M01,rural,single_family
A017699,R09,Urban Belt,R09-M01,urban,multi_family
A017700,R11,Border Region,R11-M01,mixed,multi_family
A017701,R06,River Region,R06-M02,mixed,single_family
A017702,R09,Urban Belt,R09-M04,urban,single_family
A017703,R03,West District,R03-M02,mixed,large_residential
A017704,R10,Rural Belt,R10-M03,rural,single_family
A017705,R05,Central Region,R05-M02,urban,multi_family
A017706,R09,Urban Belt,R09-M01,urban,large_residential
A017707,R07,Mountain Region,R07-M01,rural,single_family
A017708,R09,Urban Belt,R09-M02,urban,multi_family
A017709,R09,Urban Belt,R09-M04,urban,multi_family
A017710,R10,Rural Belt,R10-M03,rural,multi_family
A017711,R11,Border Region,R11-M04,mixed,multi_family
A017712,R09,Urban Belt,R09-M01,urban,single_family
A017713,R11,Border Region,R11-M01,mixed,multi_family
A017714,R11,Border Region,R11-M01,mixed,single_family
A017715,R01,North City,R01-M01,urban,multi_family
A017716,R05,Central Region,R05-M02,urban,multi_family
A017717,R04,East District,R04-M01,mixed,single_family
A017718,R07,Mountain Region,R07-M03,rural,multi_family
A017719,R01,North City,R01-M02,urban,single_family
A017720,R10,Rural Belt,R10-M03,rural,single_family
A017721,R03,West District,R03-M03,mixed,single_family
A017722,R02,South City,R02-M04,urban,multi_family
A017723,R01,North City,R01-M02,urban,multi_family
A017724,R02,South City,R02-M04,urban,multi_family
A017725,R06,River Region,R06-M04,mixed,single_family
A017726,R01,North City,R01-M03,urban,large_residential
A017727,R09,Urban Belt,R09-M03,urban,single_family
A017728,R07,Mountain Region,R07-M04,rural,multi_family
A017729,R09,Urban Belt,R09-M04,urban,large_residential
A017730,R03,West District,R03-M04,mixed,single_family
A017731,R01,North City,R01-M03,urban,multi_family
A017732,R08,Lake Region,R08-M04,rural,single_family
A017733,R07,Mountain Region,R07-M03,rural,single_family
A017734,R08,Lake Region,R08-M01,rural,multi_family
A017735,R10,Rural Belt,R10-M03,rural,single_family
A017736,R12,Metro Region,R12-M04,urban,single_family
A017737,R01,North City,R01-M02,urban,multi_family
A017738,R12,Metro Region,R12-M03,urban,multi_family
A017739,R05,Central Region,R05-M01,urban,multi_family
A017740,R12,Metro Region,R12-M01,urban,large_residential
A017741,R03,West District,R03-M04,mixed,multi_family
A017742,R05,Central Region,R05-M01,urban,multi_family
A017743,R09,Urban Belt,R09-M04,urban,single_family
A017744,R02,South City,R02-M03,urban,large_residential
A017745,R05,Central Region,R05-M03,urban,multi_family
A017746,R05,Central Region,R05-M03,urban,large_residential
A017747,R08,Lake Region,R08-M03,rural,single_family
A017748,R09,Urban Belt,R09-M04,urban,multi_family
A017749,R04,East District,R04-M02,mixed,multi_family
A017750,R03,West District,R03-M01,mixed,single_family
A017751,R01,North City,R01-M02,urban,large_residential
A017752,R01,North City,R01-M03,urban,multi_family
A017753,R10,Rural Belt,R10-M04,rural,single_family
A017754,R09,Urban Belt,R09-M03,urban,multi_family
A017755,R02,South City,R02-M01,urban,multi_family
A017756,R09,Urban Belt,R09-M03,urban,single_family
A017757,R09,Urban Belt,R09-M04,urban,multi_family
A017758,R06,River Region,R06-M01,mixed,single_family
A017759,R12,Metro Region,R12-M03,urban,single_family
A017760,R06,River Region,R06-M03,mixed,multi_family
A017761,R05,Central Region,R05-M04,urban,multi_family
A017762,R12,Metro Region,R12-M03,urban,multi_family
A017763,R04,East District,R04-M04,mixed,multi_family
A017764,R11,Border Region,R11-M02,mixed,multi_family
A017765,R11,Border Region,R11-M02,mixed,multi_family
A017766,R06,River Region,R06-M01,mixed,single_family
A017767,R02,South City,R02-M03,urban,single_family
A017768,R03,West District,R03-M02,mixed,single_family
A017769,R04,East District,R04-M02,mixed,single_family
A017770,R12,Metro Region,R12-M03,urban,multi_family
A017771,R09,Urban Belt,R09-M03,urban,large_residential
A017772,R03,West District,R03-M02,mixed,multi_family
A017773,R10,Rural Belt,R10-M03,rural,single_family
A017774,R05,Central Region,R05-M03,urban,multi_family
A017775,R02,South City,R02-M01,urban,single_family
A017776,R07,Mountain Region,R07-M03,rural,multi_family
A017777,R08,Lake Region,R08-M04,rural,single_family
A017778,R08,Lake Region,R08-M02,rural,single_family
A017779,R03,West District,R03-M01,mixed,multi_family
A017780,R11,Border Region,R11-M02,mixed,single_family
A017781,R02,South City,R02-M01,urban,single_family
A017782,R03,West District,R03-M01,mixed,large_residential
A017783,R09,Urban Belt,R09-M04,urban,large_residential
A017784,R01,North City,R01-M03,urban,multi_family
A017785,R08,Lake Region,R08-M04,rural,single_family
A017786,R01,North City,R01-M01,urban,large_residential
A017787,R11,Border Region,R11-M04,mixed,multi_family
A017788,R12,Metro Region,R12-M04,urban,multi_family
A017789,R02,South City,R02-M01,urban,multi_family
A017790,R07,Mountain Region,R07-M03,rural,large_residential
A017791,R10,Rural Belt,R10-M01,rural,single_family
A017792,R03,West District,R03-M03,mixed,multi_family
A017793,R02,South City,R02-M04,urban,single_family
A017794,R09,Urban Belt,R09-M01,urban,multi_family
A017795,R10,Rural Belt,R10-M02,rural,single_family
A017796,R03,West District,R03-M02,mixed,single_family
A017797,R02,South City,R02-M03,urban,large_residential
A017798,R09,Urban Belt,R09-M03,urban,multi_family
A017799,R09,Urban Belt,R09-M02,urban,large_residential
A017800,R03,West District,R03-M02,mixed,multi_family
A017801,R09,Urban Belt,R09-M02,urban,multi_family
A017802,R06,River Region,R06-M02,mixed,multi_family
A017803,R10,Rural Belt,R10-M03,rural,single_family
A017804,R02,South City,R02-M02,urban,single_family
A017805,R12,Metro Region,R12-M04,urban,multi_family
A017806,R12,Metro Region,R12-M04,urban,single_family
A017807,R07,Mountain Region,R07-M04,rural,single_family
A017808,R06,River Region,R06-M03,mixed,multi_family
A017809,R12,Metro Region,R12-M02,urban,multi_family
A017810,R05,Central Region,R05-M03,urban,multi_family
A017811,R05,Central Region,R05-M04,urban,single_family
A017812,R03,West District,R03-M04,mixed,multi_family
A017813,R02,South City,R02-M04,urban,multi_family
A017814,R06,River Region,R06-M03,mixed,multi_family
A017815,R04,East District,R04-M03,mixed,large_residential
A017816,R04,East District,R04-M03,mixed,multi_family
A017817,R10,Rural Belt,R10-M02,rural,multi_family
A017818,R11,Border Region,R11-M02,mixed,multi_family
A017819,R01,North City,R01-M01,urban,large_residential
A017820,R03,West District,R03-M01,mixed,multi_family
A017821,R02,South City,R02-M01,urban,multi_family
A017822,R01,North City,R01-M03,urban,multi_family
A017823,R06,River Region,R06-M02,mixed,multi_family
A017824,R09,Urban Belt,R09-M04,urban,large_residential
A017825,R09,Urban Belt,R09-M03,urban,large_residential
A017826,R06,River Region,R06-M04,mixed,multi_family
A017827,R05,Central Region,R05-M01,urban,single_family
A017828,R04,East District,R04-M03,mixed,multi_family
A017829,R12,Metro Region,R12-M04,urban,single_family
A017830,R12,Metro Region,R12-M04,urban,multi_family
A017831,R06,River Region,R06-M04,mixed,large_residential
A017832,R09,Urban Belt,R09-M03,urban,large_residential
A017833,R12,Metro Region,R12-M01,urban,multi_family
A017834,R04,East District,R04-M01,mixed,single_family
A017835,R07,Mountain Region,R07-M03,rural,single_family
A017836,R05,Central Region,R05-M04,urban,multi_family
A017837,R04,East District,R04-M04,mixed,single_family
A017838,R07,Mountain Region,R07-M03,rural,single_family
A017839,R11,Border Region,R11-M04,mixed,single_family
A017840,R09,Urban Belt,R09-M01,urban,single_family
A017841,R09,Urban Belt,R09-M04,urban,multi_family
A017842,R03,West District,R03-M02,mixed,multi_family
A017843,R10,Rural Belt,R10-M03,rural,single_family
A017844,R12,Metro Region,R12-M04,urban,large_residential
A017845,R01,North City,R01-M02,urban,multi_family
A017846,R12,Metro Region,R12-M02,urban,large_residential
A017847,R05,Central Region,R05-M03,urban,single_family
A017848,R06,River Region,R06-M02,mixed,multi_family
A017849,R08,Lake Region,R08-M02,rural,multi_family
A017850,R01,North City,R01-M01,urban,single_family
A017851,R06,River Region,R06-M04,mixed,large_residential
A017852,R11,Border Region,R11-M02,mixed,single_family
A017853,R12,Metro Region,R12-M01,urban,multi_family
A017854,R03,West District,R03-M01,mixed,single_family
A017855,R05,Central Region,R05-M01,urban,single_family
A017856,R01,North City,R01-M02,urban,multi_family
A017857,R05,Central Region,R05-M01,urban,multi_family
A017858,R02,South City,R02-M03,urban,large_residential
A017859,R08,Lake Region,R08-M02,rural,single_family
A017860,R06,River Region,R06-M02,mixed,multi_family
A017861,R02,South City,R02-M01,urban,multi_family
A017862,R08,Lake Region,R08-M01,rural,multi_family
A017863,R07,Mountain Region,R07-M02,rural,single_family
A017864,R06,River Region,R06-M04,mixed,single_family
A017865,R07,Mountain Region,R07-M03,rural,single_family
A017866,R06,River Region,R06-M01,mixed,multi_family
A017867,R12,Metro Region,R12-M01,urban,multi_family
A017868,R01,North City,R01-M01,urban,multi_family
A017869,R09,Urban Belt,R09-M01,urban,large_residential
A017870,R10,Rural Belt,R10-M02,rural,multi_family
A017871,R01,North City,R01-M02,urban,large_residential
A017872,R06,River Region,R06-M03,mixed,single_family
A017873,R02,South City,R02-M04,urban,large_residential
A017874,R03,West District,R03-M04,mixed,multi_family
A017875,R07,Mountain Region,R07-M01,rural,single_family
A017876,R02,South City,R02-M04,urban,multi_family
A017877,R02,South City,R02-M01,urban,large_residential
A017878,R11,Border Region,R11-M01,mixed,multi_family
A017879,R06,River Region,R06-M03,mixed,multi_family
A017880,R11,Border Region,R11-M04,mixed,single_family
A017881,R10,Rural Belt,R10-M02,rural,single_family
A017882,R09,Urban Belt,R09-M04,urban,multi_family
A017883,R09,Urban Belt,R09-M02,urban,multi_family
A017884,R08,Lake Region,R08-M01,rural,multi_family
A017885,R08,Lake Region,R08-M04,rural,single_family
A017886,R12,Metro Region,R12-M03,urban,multi_family
A017887,R09,Urban Belt,R09-M04,urban,large_residential
A017888,R07,Mountain Region,R07-M04,rural,single_family
A017889,R07,Mountain Region,R07-M01,rural,single_family
A017890,R12,Metro Region,R12-M03,urban,single_family
A017891,R12,Metro Region,R12-M03,urban,single_family
A017892,R02,South City,R02-M04,urban,single_family
A017893,R09,Urban Belt,R09-M02,urban,single_family
A017894,R05,Central Region,R05-M04,urban,multi_family
A017895,R08,Lake Region,R08-M03,rural,single_family
A017896,R09,Urban Belt,R09-M03,urban,single_family
A017897,R06,River Region,R06-M02,mixed,multi_family
A017898,R03,West District,R03-M01,mixed,multi_family
A017899,R12,Metro Region,R12-M03,urban,multi_family
A017900,R04,East District,R04-M02,mixed,multi_family
A017901,R06,River Region,R06-M01,mixed,multi_family
A017902,R04,East District,R04-M02,mixed,single_family
A017903,R03,West District,R03-M02,mixed,large_residential
A017904,R11,Border Region,R11-M02,mixed,single_family
A017905,R03,West District,R03-M01,mixed,single_family
A017906,R12,Metro Region,R12-M02,urban,large_residential
A017907,R12,Metro Region,R12-M03,urban,multi_family
A017908,R10,Rural Belt,R10-M02,rural,single_family
A017909,R07,Mountain Region,R07-M03,rural,single_family
A017910,R01,North City,R01-M02,urban,single_family
A017911,R12,Metro Region,R12-M01,urban,multi_family
A017912,R06,River Region,R06-M04,mixed,multi_family
A017913,R06,River Region,R06-M02,mixed,multi_family
A017914,R03,West District,R03-M01,mixed,single_family
A017915,R04,East District,R04-M04,mixed,multi_family
A017916,R02,South City,R02-M02,urban,multi_family
A017917,R01,North City,R01-M04,urban,large_residential
A017918,R12,Metro Region,R12-M01,urban,large_residential
A017919,R01,North City,R01-M04,urban,multi_family
A017920,R09,Urban Belt,R09-M04,urban,single_family
A017921,R01,North City,R01-M02,urban,single_family
A017922,R01,North City,R01-M02,urban,single_family
A017923,R05,Central Region,R05-M03,urban,multi_family
A017924,R05,Central Region,R05-M01,urban,single_family
A017925,R01,North City,R01-M02,urban,large_residential
A017926,R09,Urban Belt,R09-M02,urban,multi_family
A017927,R01,North City,R01-M01,urban,single_family
A017928,R05,Central Region,R05-M03,urban,multi_family
A017929,R09,Urban Belt,R09-M01,urban,single_family
A017930,R10,Rural Belt,R10-M03,rural,multi_family
A017931,R07,Mountain Region,R07-M03,rural,multi_family
A017932,R04,East District,R04-M03,mixed,single_family
A017933,R07,Mountain Region,R07-M02,rural,single_family
A017934,R12,Metro Region,R12-M03,urban,multi_family
A017935,R05,Central Region,R05-M02,urban,multi_family
A017936,R01,North City,R01-M04,urban,multi_family
A017937,R04,East District,R04-M01,mixed,multi_family
A017938,R02,South City,R02-M02,urban,single_family
A017939,R04,East District,R04-M02,mixed,single_family
A017940,R10,Rural Belt,R10-M02,rural,single_family
A017941,R06,River Region,R06-M01,mixed,single_family
A017942,R12,Metro Region,R12-M01,urban,single_family
A017943,R06,River Region,R06-M04,mixed,single_family
A017944,R07,Mountain Region,R07-M03,rural,multi_family
A017945,R02,South City,R02-M03,urban,multi_family
A017946,R08,Lake Region,R08-M01,rural,single_family
A017947,R12,Metro Region,R12-M02,urban,multi_family
A017948,R12,Metro Region,R12-M01,urban,large_residential
A017949,R07,Mountain Region,R07-M01,rural,multi_family
A017950,R03,West District,R03-M03,mixed,multi_family
A017951,R02,South City,R02-M04,urban,single_family
A017952,R02,South City,R02-M02,urban,large_residential
A017953,R04,East District,R04-M03,mixed,large_residential
A017954,R02,South City,R02-M02,urban,single_family
A017955,R12,Metro Region,R12-M02,urban,multi_family
A017956,R08,Lake Region,R08-M03,rural,multi_family
A017957,R10,Rural Belt,R10-M04,rural,single_family
A017958,R10,Rural Belt,R10-M03,rural,multi_family
A017959,R01,North City,R01-M04,urban,large_residential
A017960,R07,Mountain Region,R07-M01,rural,single_family
A017961,R11,Border Region,R11-M03,mixed,single_family
A017962,R10,Rural Belt,R10-M04,rural,single_family
A017963,R02,South City,R02-M04,urban,single_family
A017964,R07,Mountain Region,R07-M03,rural,single_family
A017965,R10,Rural Belt,R10-M02,rural,multi_family
A017966,R05,Central Region,R05-M04,urban,multi_family
A017967,R11,Border Region,R11-M02,mixed,multi_family
A017968,R06,River Region,R06-M02,mixed,multi_family
A017969,R01,North City,R01-M01,urban,multi_family
A017970,R03,West District,R03-M02,mixed,multi_family
A017971,R12,Metro Region,R12-M04,urban,multi_family
A017972,R02,South City,R02-M04,urban,multi_family
A017973,R02,South City,R02-M01,urban,multi_family
A017974,R11,Border Region,R11-M01,mixed,single_family
A017975,R02,South City,R02-M02,urban,multi_family
A017976,R05,Central Region,R05-M03,urban,single_family
A017977,R06,River Region,R06-M04,mixed,large_residential
A017978,R06,River Region,R06-M01,mixed,single_family
A017979,R09,Urban Belt,R09-M04,urban,multi_family
A017980,R12,Metro Region,R12-M02,urban,single_family
A017981,R10,Rural Belt,R10-M02,rural,single_family
A017982,R12,Metro Region,R12-M03,urban,multi_family
A017983,R09,Urban Belt,R09-M02,urban,large_residential
A017984,R02,South City,R02-M02,urban,single_family
A017985,R07,Mountain Region,R07-M03,rural,single_family
A017986,R08,Lake Region,R08-M01,rural,single_family
A017987,R03,West District,R03-M01,mixed,multi_family
A017988,R06,River Region,R06-M02,mixed,multi_family
A017989,R06,River Region,R06-M04,mixed,multi_family
A017990,R02,South City,R02-M02,urban,multi_family
A017991,R05,Central Region,R05-M04,urban,multi_family
A017992,R02,South City,R02-M02,urban,single_family
A017993,R10,Rural Belt,R10-M03,rural,single_family
A017994,R04,East District,R04-M01,mixed,multi_family
A017995,R02,South City,R02-M01,urban,multi_family
A017996,R12,Metro Region,R12-M01,urban,large_residential
A017997,R05,Central Region,R05-M02,urban,multi_family
A017998,R02,South City,R02-M02,urban,large_residential
A017999,R06,River Region,R06-M02,mixed,multi_family
A018000,R08,Lake Region,R08-M04,rural,multi_family
