person_id,school_year,enrolment_flag,institution_type,contact_address_id
P000004,2025/2026,1,school,A010981
P000005,2025/2026,1,vocational_school,A017169
P000009,2025/2026,1,university,A003898
P000012,2025/2026,1,school,A002290
P000025,2025/2026,1,university,A007432
P000036,2025/2026,1,school,A016319
P000037,2025/2026,1,school,A002436
P000039,2025/2026,1,vocational_school,A016319
P000044,2025/2026,1,school,A004350
P000060,2025/2026,1,university,A007893
P000063,2025/2026,1,school,A004085
P000071,2025/2026,1,school,A001417
P000075,2025/2026,1,vocational_school,A008265
P000077,2025/2026,1,school,A008265
P000080,2025/2026,1,university,A009581
P000082,2025/2026,1,school,A017804
P000089,2025/2026,1,school,A011329
P000091,2025/2026,1,vocational_school,A012796
P000103,2025/2026,1,school,A010838
P000138,2025/2026,1,school,A016473
P000143,2025/2026,1,school,A011574
P000148,2025/2026,1,university,A003267
P000154,2025/2026,1,vocational_school,A009327
P000158,2025/2026,1,vocational_school,A002347
P000162,2025/2026,1,school,A016810
P000166,2025/2026,1,school,A003098
P000174,2025/2026,1,university,A010142
P000177,2025/2026,1,vocational_school,A002934
P000179,2025/2026,1,school,A002934
P000189,2025/2026,1,school,A013125
P000200,2025/2026,1,vocational_school,A017322
P000201,2025/2026,1,school,A017322
P000202,2025/2026,1,NA,A005093
P000207,2025/2026,1,vocational_school,A002525
P000212,2025/2026,1,school,A012184
P000219,2025/2026,1,school,A009981
P000226,2025/2026,1,NA,A005910
P000232,2025/2026,1,NA,A001289
P000247,2025/2026,1,school,A004264
P000257,2025/2026,1,school,NA
P000269,2025/2026,1,school,A013075
P000276,2025/2026,1,school,A007284
P000281,2025/2026,1,school,A016664
P000301,2025/2026,1,school,A011155
P000304,2025/2026,1,school,A008968
P000307,2025/2026,1,university,A017084
P000314,2025/2026,1,vocational_school,A011516
P000320,2025/2026,1,school,A008617
P000331,2025/2026,1,vocational_school,A016513
P000336,2025/2026,1,school,NA
P000344,2025/2026,1,NA,A005674
P000346,2025/2026,1,university,A005674
P000352,2025/2026,1,university,NA
P000357,2025/2026,1,school,A009585
P000364,2025/2026,1,university,A012169
P000367,2025/2026,1,school,A000525
P000370,2025/2026,1,vocational_school,A017743
P000374,2025/2026,1,university,A017621
P000375,2025/2026,1,school,A017621
P000377,2025/2026,1,university,A004561
P000383,2025/2026,1,NA,A001237
P000390,2025/2026,1,school,A014403
P000393,2025/2026,1,school,A005853
P000396,2025/2026,1,school,A002744
P000397,2025/2026,1,school,A002744
P000407,2025/2026,1,university,A012057
P000415,2025/2026,1,school,A011698
P000424,2025/2026,1,school,A002343
P000429,2025/2026,1,vocational_school,A016614
P000439,2025/2026,1,school,A017438
P000440,2025/2026,1,vocational_school,A017438
P000450,2025/2026,1,vocational_school,A003050
P000456,2025/2026,1,school,A008838
P000458,2025/2026,1,vocational_school,A002320
P000459,2025/2026,1,university,A013221
P000465,2025/2026,1,vocational_school,A007661
P000468,2025/2026,1,school,A009652
P000480,2025/2026,1,university,A014432
P000481,2025/2026,1,school,A014399
P000496,2025/2026,1,school,A001028
P000504,2025/2026,1,vocational_school,A014385
P000509,2025/2026,1,vocational_school,A014939
P000512,2025/2026,1,vocational_school,A009585
P000525,2025/2026,1,university,A014699
P000526,2025/2026,1,school,A000241
P000527,2025/2026,1,school,A001149
P000533,2025/2026,1,university,A014974
P000535,2025/2026,1,vocational_school,A005110
P000540,2025/2026,1,university,A006594
P000542,2025/2026,1,school,A000325
P000545,2025/2026,1,school,A007777
P000547,2025/2026,1,university,A017330
P000554,2025/2026,1,university,A014477
P000555,2025/2026,1,school,A009413
P000565,2025/2026,1,school,A017093
P000567,2025/2026,1,school,A017093
P000568,2025/2026,1,school,A017093
P000572,2025/2026,1,university,A005354
P000576,2025/2026,1,school,A017487
P000577,2025/2026,1,university,A017487
P000585,2025/2026,1,vocational_school,A007380
P000587,2025/2026,1,university,A008254
P000589,2025/2026,1,school,A012343
P000591,2025/2026,1,school,A014669
P000607,2025/2026,1,vocational_school,A009964
P000613,2025/2026,1,NA,A016726
P000620,2025/2026,1,school,A003252
P000622,2025/2026,1,school,NA
P000623,2025/2026,1,school,A017449
P000626,2025/2026,1,NA,A001681
P000627,2025/2026,1,school,A001681
P000634,2025/2026,1,school,A016631
P000635,2025/2026,1,school,A003562
P000639,2025/2026,1,school,A015954
P000644,2025/2026,1,school,A016806
P000645,2025/2026,1,school,A015174
P000648,2025/2026,1,school,A015174
P000653,2025/2026,1,school,A015872
P000655,2025/2026,1,university,A015823
P000669,2025/2026,1,vocational_school,A008551
P000673,2025/2026,1,vocational_school,A008103
P000681,2025/2026,1,school,A004510
P000684,2025/2026,1,school,A006478
P000690,2025/2026,1,vocational_school,A010425
P000702,2025/2026,1,NA,NA
P000704,2025/2026,1,university,A001592
P000705,2025/2026,1,school,A001592
P000710,2025/2026,1,school,A013527
P000715,2025/2026,1,vocational_school,A013076
P000716,2025/2026,1,university,A012879
P000718,2025/2026,1,university,NA
P000725,2025/2026,1,NA,A008385
P000732,2025/2026,1,school,A012269
P000734,2025/2026,1,university,A012269
P000738,2025/2026,1,university,A002082
P000742,2025/2026,1,school,A008231
P000751,2025/2026,1,vocational_school,A009947
P000762,2025/2026,1,school,A009745
P000770,2025/2026,1,school,A016512
P000774,2025/2026,1,school,A008056
P000775,2025/2026,1,school,A011696
P000789,2025/2026,1,school,A009002
P000791,2025/2026,1,school,A000100
P000800,2025/2026,1,school,A015161
P000810,2025/2026,1,school,A013323
P000816,2025/2026,1,school,A016853
P000839,2025/2026,1,school,A007642
P000842,2025/2026,1,school,A015471
P000846,2025/2026,1,school,A008220
P000868,2025/2026,1,school,NA
P000880,2025/2026,1,university,A000009
P000882,2025/2026,1,school,A011413
P000889,2025/2026,1,school,A007030
P000893,2025/2026,1,school,A016936
P000900,2025/2026,1,school,A007655
P000901,2025/2026,1,vocational_school,A012194
P000918,2025/2026,1,university,A012615
P000930,2025/2026,1,university,A007039
P000931,2025/2026,1,school,A001362
P000932,2025/2026,1,school,A001362
P000934,2025/2026,1,vocational_school,A013640
P000935,2025/2026,1,university,A013640
P000936,2025/2026,1,school,A002938
P000940,2025/2026,1,school,A002938
P000944,2025/2026,1,vocational_school,A013584
P000946,2025/2026,1,school,A003080
P000953,2025/2026,1,school,A009971
P000956,2025/2026,1,school,A017955
P000960,2025/2026,1,university,A014263
P000961,2025/2026,1,school,A006396
P000967,2025/2026,1,school,A009486
P000971,2025/2026,1,school,A007724
P000972,2025/2026,1,school,A008561
P000981,2025/2026,1,school,A007523
P000989,2025/2026,1,school,A005471
P000990,2025/2026,1,school,A005471
P001004,2025/2026,1,school,A015542
P001008,2025/2026,1,school,A002309
P001016,2025/2026,1,vocational_school,A001203
P001025,2025/2026,1,school,A002427
P001028,2025/2026,1,school,A015644
P001029,2025/2026,1,school,A015644
P001031,2025/2026,1,vocational_school,A017677
P001032,2025/2026,1,school,A010141
P001034,2025/2026,1,school,A014349
P001040,2025/2026,1,university,A011211
P001044,2025/2026,1,vocational_school,A005575
P001047,2025/2026,1,school,A016605
P001052,2025/2026,1,school,A000167
P001055,2025/2026,1,school,A006033
P001057,2025/2026,1,school,A016930
P001064,2025/2026,1,vocational_school,A001294
P001072,2025/2026,1,NA,A013267
P001074,2025/2026,1,school,A013267
P001077,2025/2026,1,school,A001794
P001078,2025/2026,1,school,A001794
P001081,2025/2026,1,vocational_school,A001794
P001101,2025/2026,1,school,A010615
P001109,2025/2026,1,school,A003440
P001126,2025/2026,1,vocational_school,A016991
P001132,2025/2026,1,school,A002518
P001141,2025/2026,1,school,A009417
P001144,2025/2026,1,school,A009719
P001148,2025/2026,1,university,A014191
P001155,2025/2026,1,school,A008513
P001165,2025/2026,1,university,A016841
P001174,2025/2026,1,school,NA
P001176,2025/2026,1,school,NA
P001180,2025/2026,1,vocational_school,A017544
P001181,2025/2026,1,university,A002378
P001183,2025/2026,1,school,A002909
P001187,2025/2026,1,vocational_school,A004792
P001191,2025/2026,1,university,A001260
P001198,2025/2026,1,school,A002480
P001199,2025/2026,1,school,A002480
P001201,2025/2026,1,vocational_school,A002480
P001202,2025/2026,1,vocational_school,A000154
P001203,2025/2026,1,school,A005008
P001204,2025/2026,1,NA,A005008
P001205,2025/2026,1,school,NA
P001208,2025/2026,1,school,A003538
P001221,2025/2026,1,school,A000697
P001226,2025/2026,1,school,A013258
P001230,2025/2026,1,school,A016352
P001246,2025/2026,1,school,A016695
P001248,2025/2026,1,school,A017731
P001251,2025/2026,1,vocational_school,A013913
P001278,2025/2026,1,vocational_school,A010564
P001286,2025/2026,1,school,A007636
P001287,2025/2026,1,university,A002847
P001298,2025/2026,1,school,A001246
P001304,2025/2026,1,school,A009941
P001305,2025/2026,1,school,A007287
P001307,2025/2026,1,university,A007287
P001312,2025/2026,1,school,A000401
P001316,2025/2026,1,university,A008142
P001317,2025/2026,1,vocational_school,A008142
P001332,2025/2026,1,vocational_school,A000271
P001340,2025/2026,1,school,A016013
P001354,2025/2026,1,school,A006817
P001355,2025/2026,1,school,A006345
P001359,2025/2026,1,school,A013472
P001364,2025/2026,1,school,A005940
P001372,2025/2026,1,university,A002377
P001383,2025/2026,1,school,A008103
P001384,2025/2026,1,university,A008103
P001390,2025/2026,1,vocational_school,A002286
P001393,2025/2026,1,vocational_school,A016230
P001394,2025/2026,1,vocational_school,NA
P001397,2025/2026,1,school,A013029
P001398,2025/2026,1,school,NA
P001401,2025/2026,1,school,A003005
P001408,2025/2026,1,school,A002043
P001413,2025/2026,1,school,A001938
P001422,2025/2026,1,school,A017316
P001425,2025/2026,1,NA,A012199
P001433,2025/2026,1,school,A013336
P001435,2025/2026,1,vocational_school,A013336
P001442,2025/2026,1,school,A000323
P001451,2025/2026,1,school,A010012
P001453,2025/2026,1,vocational_school,A001616
P001456,2025/2026,1,school,A004629
P001461,2025/2026,1,school,A001328
P001474,2025/2026,1,NA,A009666
P001475,2025/2026,1,school,A012497
P001478,2025/2026,1,school,NA
P001481,2025/2026,1,vocational_school,A003005
P001488,2025/2026,1,school,A006889
P001491,2025/2026,1,school,A005071
P001493,2025/2026,1,school,A015631
P001510,2025/2026,1,school,A006367
P001516,2025/2026,1,school,A006320
P001523,2025/2026,1,NA,A017827
P001524,2025/2026,1,NA,A001763
P001529,2025/2026,1,school,A003890
P001535,2025/2026,1,school,A010753
P001538,2025/2026,1,university,A009024
P001547,2025/2026,1,school,A006488
P001562,2025/2026,1,school,A014071
P001563,2025/2026,1,school,A006416
P001566,2025/2026,1,school,A007993
P001571,2025/2026,1,vocational_school,A002031
P001572,2025/2026,1,school,A002031
P001576,2025/2026,1,school,A007769
P001578,2025/2026,1,NA,A017300
P001580,2025/2026,1,NA,A007496
P001584,2025/2026,1,school,A011142
P001586,2025/2026,1,vocational_school,A012856
P001590,2025/2026,1,school,A009649
P001592,2025/2026,1,school,A017792
P001605,2025/2026,1,university,A008285
P001624,2025/2026,1,vocational_school,A002112
P001626,2025/2026,1,school,A002112
P001634,2025/2026,1,vocational_school,A008041
P001640,2025/2026,1,school,A002867
P001646,2025/2026,1,school,NA
P001665,2025/2026,1,school,A010275
P001685,2025/2026,1,school,A002907
P001693,2025/2026,1,vocational_school,A000025
P001711,2025/2026,1,school,A001944
P001725,2025/2026,1,school,A014878
P001730,2025/2026,1,university,A006795
P001735,2025/2026,1,NA,A013328
P001736,2025/2026,1,school,A004754
P001757,2025/2026,1,NA,A002966
P001765,2025/2026,1,school,A013390
P001767,2025/2026,1,school,A017986
P001770,2025/2026,1,school,A009888
P001778,2025/2026,1,vocational_school,A009417
P001780,2025/2026,1,school,A008703
P001784,2025/2026,1,school,A003532
P001785,2025/2026,1,school,A003532
P001799,2025/2026,1,school,A014582
P001811,2025/2026,1,school,A009134
P001812,2025/2026,1,school,A009134
P001824,2025/2026,1,school,A010986
P001831,2025/2026,1,university,A004680
P001832,2025/2026,1,school,A004680
P001841,2025/2026,1,school,A003336
P001847,2025/2026,1,school,A014057
P001855,2025/2026,1,vocational_school,A006202
P001858,2025/2026,1,school,A006105
P001866,2025/2026,1,university,A013640
P001868,2025/2026,1,school,A013640
P001869,2025/2026,1,school,A008179
P001878,2025/2026,1,school,A009135
P001891,2025/2026,1,NA,A010528
P001898,2025/2026,1,school,A001845
P001901,2025/2026,1,school,A004287
P001911,2025/2026,1,school,A015667
P001915,2025/2026,1,school,A000397
P001918,2025/2026,1,vocational_school,A014131
P001921,2025/2026,1,school,A000867
P001928,2025/2026,1,university,A012093
P001934,2025/2026,1,school,A011519
P001936,2025/2026,1,school,A011519
P001939,2025/2026,1,school,A013377
P001941,2025/2026,1,NA,A010914
P001942,2025/2026,1,university,A010883
P001944,2025/2026,1,school,A010883
P001945,2025/2026,1,school,A010883
P001949,2025/2026,1,school,A017635
P001955,2025/2026,1,school,A011500
P001959,2025/2026,1,NA,A000408
P001961,2025/2026,1,school,A000408
P001963,2025/2026,1,vocational_school,A010028
P001964,2025/2026,1,school,A009027
P001965,2025/2026,1,NA,A010028
P001966,2025/2026,1,school,A013359
P001971,2025/2026,1,school,A004656
P001972,2025/2026,1,school,A007585
P001976,2025/2026,1,school,A005477
P001982,2025/2026,1,school,A015583
P001995,2025/2026,1,school,A000200
P001996,2025/2026,1,university,A011096
P001999,2025/2026,1,university,A015683
P002008,2025/2026,1,school,A009341
P002009,2025/2026,1,university,A009341
P002012,2025/2026,1,university,A009341
P002013,2025/2026,1,school,A009341
P002020,2025/2026,1,school,A013215
P002023,2025/2026,1,school,A002167
P002030,2025/2026,1,vocational_school,A016865
P002032,2025/2026,1,school,A007160
P002033,2025/2026,1,school,A010377
P002034,2025/2026,1,school,A010377
P002038,2025/2026,1,school,A007867
P002044,2025/2026,1,school,A003629
P002050,2025/2026,1,school,A002982
P002057,2025/2026,1,vocational_school,A015363
P002061,2025/2026,1,vocational_school,A008453
P002073,2025/2026,1,university,A006404
P002081,2025/2026,1,school,A015189
P002086,2025/2026,1,university,A014105
P002090,2025/2026,1,school,A000586
P002102,2025/2026,1,vocational_school,A001257
P002105,2025/2026,1,university,A004735
P002111,2025/2026,1,university,A005015
P002116,2025/2026,1,NA,A002774
P002131,2025/2026,1,vocational_school,A005258
P002136,2025/2026,1,school,A007726
P002138,2025/2026,1,school,A004457
P002140,2025/2026,1,school,A017632
P002143,2025/2026,1,school,A017632
P002144,2025/2026,1,school,A017632
P002146,2025/2026,1,school,A009525
P002149,2025/2026,1,school,A015976
P002152,2025/2026,1,school,A015976
P002155,2025/2026,1,university,NA
P002156,2025/2026,1,school,A006163
P002159,2025/2026,1,university,A011282
P002162,2025/2026,1,vocational_school,A017913
P002163,2025/2026,1,school,A017913
P002171,2025/2026,1,university,A016927
P002174,2025/2026,1,university,A011382
P002184,2025/2026,1,school,A011659
P002191,2025/2026,1,school,A000759
P002198,2025/2026,1,university,A001422
P002200,2025/2026,1,vocational_school,A015579
P002202,2025/2026,1,university,A015579
P002210,2025/2026,1,vocational_school,A003607
P002214,2025/2026,1,school,A012378
P002224,2025/2026,1,school,A004367
P002227,2025/2026,1,school,A006376
P002232,2025/2026,1,school,A007991
P002233,2025/2026,1,school,A011088
P002245,2025/2026,1,NA,A003139
P002246,2025/2026,1,school,A003139
P002249,2025/2026,1,university,A017822
P002253,2025/2026,1,school,A008416
P002254,2025/2026,1,university,A010430
P002259,2025/2026,1,vocational_school,A017100
P002271,2025/2026,1,school,A002445
P002276,2025/2026,1,vocational_school,A001790
P002289,2025/2026,1,school,A013136
P002299,2025/2026,1,school,A002424
P002301,2025/2026,1,vocational_school,A002424
P002306,2025/2026,1,school,A011319
P002314,2025/2026,1,school,A013160
P002321,2025/2026,1,vocational_school,A007451
P002322,2025/2026,1,vocational_school,A007451
P002338,2025/2026,1,university,A001546
P002345,2025/2026,1,vocational_school,A008728
P002348,2025/2026,1,school,A007289
P002367,2025/2026,1,school,A013968
P002373,2025/2026,1,school,A015824
P002374,2025/2026,1,school,A015824
P002376,2025/2026,1,vocational_school,A016789
P002378,2025/2026,1,university,A014191
P002383,2025/2026,1,university,A004635
P002394,2025/2026,1,school,A000389
P002397,2025/2026,1,school,A003219
P002402,2025/2026,1,school,A016408
P002409,2025/2026,1,university,A003575
P002414,2025/2026,1,university,A005769
P002426,2025/2026,1,school,A007078
P002436,2025/2026,1,vocational_school,A003771
P002439,2025/2026,1,school,A015304
P002443,2025/2026,1,school,A006612
P002449,2025/2026,1,university,A010420
P002452,2025/2026,1,school,A005879
P002464,2025/2026,1,vocational_school,A013398
P002484,2025/2026,1,school,A010095
P002490,2025/2026,1,university,A005143
P002491,2025/2026,1,vocational_school,A006710
P002499,2025/2026,1,school,A005239
P002500,2025/2026,1,university,A005239
P002504,2025/2026,1,school,A005401
P002506,2025/2026,1,school,A005401
P002507,2025/2026,1,university,A005401
P002509,2025/2026,1,school,A016207
P002519,2025/2026,1,school,A006635
P002521,2025/2026,1,vocational_school,A005753
P002526,2025/2026,1,vocational_school,A007214
P002530,2025/2026,1,school,A002476
P002544,2025/2026,1,vocational_school,A013926
P002552,2025/2026,1,school,A015295
P002556,2025/2026,1,school,NA
P002569,2025/2026,1,school,NA
P002575,2025/2026,1,school,A017248
P002578,2025/2026,1,vocational_school,A014689
P002583,2025/2026,1,university,A016571
P002586,2025/2026,1,NA,A005836
P002599,2025/2026,1,school,A010090
P002607,2025/2026,1,school,A011567
P002615,2025/2026,1,school,A017837
P002628,2025/2026,1,school,A007911
P002632,2025/2026,1,school,A003817
P002637,2025/2026,1,vocational_school,A009089
P002639,2025/2026,1,school,A009089
P002644,2025/2026,1,NA,A001047
P002647,2025/2026,1,school,A013562
P002648,2025/2026,1,school,A013562
P002655,2025/2026,1,vocational_school,A017637
P002663,2025/2026,1,school,A009411
P002670,2025/2026,1,vocational_school,A008663
P002679,2025/2026,1,school,A001799
P002690,2025/2026,1,school,A004529
P002696,2025/2026,1,NA,A000408
P002697,2025/2026,1,school,A001786
P002706,2025/2026,1,school,A015182
P002709,2025/2026,1,school,A016196
P002717,2025/2026,1,school,A005566
P002719,2025/2026,1,vocational_school,A008915
P002725,2025/2026,1,school,A006375
P002726,2025/2026,1,university,A006375
P002730,2025/2026,1,school,NA
P002744,2025/2026,1,school,A001824
P002754,2025/2026,1,NA,A012335
P002757,2025/2026,1,school,NA
P002759,2025/2026,1,school,NA
P002760,2025/2026,1,vocational_school,A010654
P002762,2025/2026,1,university,A015904
P002771,2025/2026,1,school,A013422
P002786,2025/2026,1,NA,A010393
P002787,2025/2026,1,school,A003760
P002790,2025/2026,1,university,A004581
P002804,2025/2026,1,university,A004650
P002808,2025/2026,1,university,A008022
P002819,2025/2026,1,university,A009615
P002821,2025/2026,1,vocational_school,A009580
P002829,2025/2026,1,university,A014662
P002831,2025/2026,1,vocational_school,A010039
P002833,2025/2026,1,vocational_school,A014587
P002834,2025/2026,1,school,A004963
P002838,2025/2026,1,vocational_school,A012734
P002844,2025/2026,1,vocational_school,A005997
P002846,2025/2026,1,school,A012323
P002850,2025/2026,1,university,A011384
P002851,2025/2026,1,school,A011384
P002854,2025/2026,1,school,A000302
P002855,2025/2026,1,school,A015277
P002857,2025/2026,1,university,NA
P002887,2025/2026,1,school,A016898
P002890,2025/2026,1,vocational_school,A013280
P002898,2025/2026,1,university,A000595
P002901,2025/2026,1,school,A001686
P002905,2025/2026,1,university,A000023
P002912,2025/2026,1,university,A006962
P002913,2025/2026,1,school,A006962
P002917,2025/2026,1,vocational_school,A007637
P002921,2025/2026,1,school,NA
P002923,2025/2026,1,school,A008039
P002924,2025/2026,1,school,A007629
P002931,2025/2026,1,school,NA
P002944,2025/2026,1,school,A000261
P002946,2025/2026,1,school,A008555
P002948,2025/2026,1,vocational_school,A008555
P002954,2025/2026,1,school,NA
P002958,2025/2026,1,university,A005508
P002964,2025/2026,1,vocational_school,A016764
P002990,2025/2026,1,university,A000757
P002997,2025/2026,1,school,A008749
P003003,2025/2026,1,vocational_school,A001634
P003014,2025/2026,1,university,A010308
P003016,2025/2026,1,university,A010308
P003019,2025/2026,1,university,A014511
P003021,2025/2026,1,school,A014448
P003025,2025/2026,1,university,A011157
P003029,2025/2026,1,school,A001960
P003030,2025/2026,1,school,A006371
P003033,2025/2026,1,school,A003542
P003044,2025/2026,1,school,NA
P003047,2025/2026,1,school,A015115
P003051,2025/2026,1,school,A015428
P003052,2025/2026,1,school,A015428
P003053,2025/2026,1,school,A015428
P003056,2025/2026,1,school,NA
P003065,2025/2026,1,school,A014307
P003071,2025/2026,1,school,A003705
P003077,2025/2026,1,school,A015936
P003082,2025/2026,1,school,A014677
P003088,2025/2026,1,NA,A003215
P003098,2025/2026,1,university,A012527
P003101,2025/2026,1,school,A003826
P003103,2025/2026,1,school,A015987
P003105,2025/2026,1,school,A012252
P003107,2025/2026,1,vocational_school,A012443
P003110,2025/2026,1,school,A014421
P003111,2025/2026,1,school,A011277
P003113,2025/2026,1,vocational_school,A016180
P003118,2025/2026,1,NA,A016116
P003119,2025/2026,1,NA,A001178
P003130,2025/2026,1,school,A006568
P003132,2025/2026,1,vocational_school,A016150
P003162,2025/2026,1,school,A004022
P003183,2025/2026,1,NA,A002204
P003187,2025/2026,1,university,A000576
P003188,2025/2026,1,university,A000576
P003193,2025/2026,1,school,A003359
P003196,2025/2026,1,school,A007523
P003199,2025/2026,1,NA,NA
P003211,2025/2026,1,school,A007934
P003217,2025/2026,1,school,A010850
P003225,2025/2026,1,school,NA
P003236,2025/2026,1,vocational_school,A014398
P003241,2025/2026,1,university,A013146
P003263,2025/2026,1,school,A011807
P003264,2025/2026,1,school,A014060
P003271,2025/2026,1,school,A009837
P003273,2025/2026,1,university,A014874
P003274,2025/2026,1,vocational_school,A014874
P003278,2025/2026,1,school,A013723
P003286,2025/2026,1,vocational_school,A012871
P003292,2025/2026,1,school,A017860
P003307,2025/2026,1,school,A011500
P003308,2025/2026,1,school,A011500
P003312,2025/2026,1,NA,A009337
P003313,2025/2026,1,NA,A009337
P003316,2025/2026,1,university,A013909
P003326,2025/2026,1,school,A016326
P003328,2025/2026,1,university,A006238
P003336,2025/2026,1,school,A006779
P003345,2025/2026,1,vocational_school,A016943
P003346,2025/2026,1,vocational_school,A016943
P003348,2025/2026,1,vocational_school,A003844
P003349,2025/2026,1,NA,A003844
P003351,2025/2026,1,school,A002282
P003356,2025/2026,1,school,A006054
P003358,2025/2026,1,vocational_school,A000556
P003363,2025/2026,1,school,A003940
P003371,2025/2026,1,school,A012812
P003373,2025/2026,1,university,A003649
P003389,2025/2026,1,university,A002697
P003393,2025/2026,1,vocational_school,A001676
P003404,2025/2026,1,NA,A000754
P003409,2025/2026,1,school,A008250
P003414,2025/2026,1,NA,A014427
P003415,2025/2026,1,university,A005758
P003416,2025/2026,1,school,A002413
P003422,2025/2026,1,school,A003960
P003423,2025/2026,1,vocational_school,A003960
P003425,2025/2026,1,school,A016182
P003426,2025/2026,1,university,A017355
P003432,2025/2026,1,university,A000342
P003438,2025/2026,1,vocational_school,A003680
P003439,2025/2026,1,vocational_school,A014034
P003440,2025/2026,1,university,NA
P003443,2025/2026,1,school,A000246
P003452,2025/2026,1,school,A000277
P003454,2025/2026,1,university,A004138
P003457,2025/2026,1,school,A004138
P003464,2025/2026,1,school,A013397
P003478,2025/2026,1,school,A012044
P003479,2025/2026,1,school,A012044
P003484,2025/2026,1,school,A001640
P003487,2025/2026,1,vocational_school,A010523
P003491,2025/2026,1,university,A011498
P003503,2025/2026,1,NA,A014791
P003507,2025/2026,1,school,A000713
P003509,2025/2026,1,university,A016196
P003511,2025/2026,1,school,A010415
P003519,2025/2026,1,university,A014755
P003523,2025/2026,1,university,A017706
P003528,2025/2026,1,school,A009585
P003532,2025/2026,1,school,A007989
P003533,2025/2026,1,school,A015044
P003556,2025/2026,1,school,NA
P003567,2025/2026,1,school,A009529
P003568,2025/2026,1,vocational_school,A009529
P003581,2025/2026,1,school,A013016
P003589,2025/2026,1,school,A017382
P003591,2025/2026,1,school,A012913
P003602,2025/2026,1,university,A012530
P003605,2025/2026,1,school,A011554
P003611,2025/2026,1,school,A013684
P003612,2025/2026,1,vocational_school,A013684
P003618,2025/2026,1,university,A013609
P003624,2025/2026,1,school,A015969
P003629,2025/2026,1,school,A016151
P003641,2025/2026,1,school,A006719
P003645,2025/2026,1,university,A011224
P003646,2025/2026,1,school,A011012
P003650,2025/2026,1,school,A000184
P003651,2025/2026,1,vocational_school,A000184
P003663,2025/2026,1,school,A002259
P003664,2025/2026,1,university,NA
P003668,2025/2026,1,school,A008280
P003675,2025/2026,1,vocational_school,A002682
P003679,2025/2026,1,university,A009168
P003680,2025/2026,1,school,A009168
P003681,2025/2026,1,university,A017845
P003686,2025/2026,1,vocational_school,A008679
P003687,2025/2026,1,university,A001698
P003705,2025/2026,1,vocational_school,A007953
P003709,2025/2026,1,school,NA
P003712,2025/2026,1,school,A001816
P003723,2025/2026,1,school,A007295
P003735,2025/2026,1,university,A009267
P003739,2025/2026,1,school,NA
P003740,2025/2026,1,school,A009009
P003741,2025/2026,1,vocational_school,A009966
P003753,2025/2026,1,vocational_school,A016820
P003757,2025/2026,1,school,A014257
P003759,2025/2026,1,school,A010371
P003760,2025/2026,1,school,A010371
P003762,2025/2026,1,school,A017238
P003773,2025/2026,1,vocational_school,A006064
P003778,2025/2026,1,university,A006064
P003785,2025/2026,1,NA,A001367
P003791,2025/2026,1,university,A007767
P003793,2025/2026,1,school,A003182
P003795,2025/2026,1,school,A002401
P003796,2025/2026,1,vocational_school,A002401
P003801,2025/2026,1,school,A007819
P003805,2025/2026,1,university,A008279
P003818,2025/2026,1,school,A017450
P003821,2025/2026,1,vocational_school,A017450
P003823,2025/2026,1,school,A004205
P003827,2025/2026,1,school,A003477
P003831,2025/2026,1,school,A000332
P003832,2025/2026,1,school,A000332
P003840,2025/2026,1,school,A003930
P003850,2025/2026,1,school,A009600
P003852,2025/2026,1,school,A016233
P003858,2025/2026,1,university,A017251
P003859,2025/2026,1,school,A017251
P003865,2025/2026,1,school,A009470
P003869,2025/2026,1,university,A009290
P003878,2025/2026,1,university,A000982
P003885,2025/2026,1,school,A001507
P003890,2025/2026,1,school,A017469
P003897,2025/2026,1,vocational_school,A012488
P003922,2025/2026,1,school,A013548
P003923,2025/2026,1,school,A003646
P003925,2025/2026,1,school,A000669
P003926,2025/2026,1,school,A015575
P003929,2025/2026,1,school,A006756
P003931,2025/2026,1,school,A006756
P003933,2025/2026,1,vocational_school,A013308
P003937,2025/2026,1,vocational_school,A009405
P003950,2025/2026,1,school,A004346
P003959,2025/2026,1,school,A013207
P003960,2025/2026,1,school,A013207
P003963,2025/2026,1,school,A004537
P003964,2025/2026,1,school,A004955
P003966,2025/2026,1,school,A014291
P003969,2025/2026,1,school,A011650
P003987,2025/2026,1,school,A006607
P003992,2025/2026,1,school,A013776
P003995,2025/2026,1,school,A014828
P004000,2025/2026,1,school,A011909
P004002,2025/2026,1,vocational_school,A003223
P004009,2025/2026,1,university,A016266
P004014,2025/2026,1,school,A006945
P004022,2025/2026,1,school,A004827
P004026,2025/2026,1,vocational_school,A015843
P004028,2025/2026,1,school,A001624
P004040,2025/2026,1,school,NA
P004045,2025/2026,1,university,A010028
P004049,2025/2026,1,university,A000531
P004059,2025/2026,1,school,A003035
P004064,2025/2026,1,school,A012734
P004077,2025/2026,1,school,A011180
P004078,2025/2026,1,school,A009865
P004080,2025/2026,1,school,A015056
P004083,2025/2026,1,school,A012602
P004086,2025/2026,1,university,A006015
P004097,2025/2026,1,school,NA
P004100,2025/2026,1,NA,A003212
P004102,2025/2026,1,NA,A003212
P004107,2025/2026,1,school,A012482
P004117,2025/2026,1,school,A012332
P004119,2025/2026,1,school,A011137
P004121,2025/2026,1,NA,A014520
P004122,2025/2026,1,school,A009920
P004138,2025/2026,1,school,A000756
P004143,2025/2026,1,university,A001967
P004147,2025/2026,1,school,A017145
P004151,2025/2026,1,school,A012458
P004154,2025/2026,1,school,A010250
P004176,2025/2026,1,vocational_school,A004136
P004181,2025/2026,1,school,A000110
P004189,2025/2026,1,school,A014360
P004196,2025/2026,1,school,A016364
P004202,2025/2026,1,school,A012878
P004204,2025/2026,1,school,A016607
P004219,2025/2026,1,university,A005932
P004220,2025/2026,1,university,A009758
P004221,2025/2026,1,school,A009758
P004228,2025/2026,1,school,A010501
P004229,2025/2026,1,vocational_school,A010501
P004231,2025/2026,1,university,A003567
P004252,2025/2026,1,school,A015618
P004257,2025/2026,1,vocational_school,A003101
P004267,2025/2026,1,school,A006284
P004279,2025/2026,1,NA,A001673
P004280,2025/2026,1,school,A005487
P004282,2025/2026,1,school,A002149
P004291,2025/2026,1,school,A003055
P004295,2025/2026,1,school,A002935
P004303,2025/2026,1,school,NA
P004314,2025/2026,1,school,A014662
P004326,2025/2026,1,school,NA
P004333,2025/2026,1,NA,A002029
P004343,2025/2026,1,school,NA
P004365,2025/2026,1,school,A009717
P004367,2025/2026,1,school,A007624
P004369,2025/2026,1,university,A010888
P004392,2025/2026,1,school,A007611
P004400,2025/2026,1,school,A010376
P004407,2025/2026,1,school,A008669
P004417,2025/2026,1,university,A002190
P004423,2025/2026,1,vocational_school,A002005
P004435,2025/2026,1,school,A001278
P004438,2025/2026,1,school,A013848
P004444,2025/2026,1,school,A014101
P004449,2025/2026,1,school,A011755
P004456,2025/2026,1,school,A012160
P004463,2025/2026,1,school,A004252
P004465,2025/2026,1,school,A001811
P004469,2025/2026,1,NA,A010715
P004480,2025/2026,1,university,A005336
P004484,2025/2026,1,school,A012669
P004485,2025/2026,1,school,A012758
P004491,2025/2026,1,school,A000861
P004493,2025/2026,1,school,A005900
P004495,2025/2026,1,vocational_school,NA
P004502,2025/2026,1,NA,A001056
P004505,2025/2026,1,school,A006360
P004509,2025/2026,1,vocational_school,A010992
P004524,2025/2026,1,school,A014558
P004541,2025/2026,1,university,A007080
P004554,2025/2026,1,school,A008449
P004569,2025/2026,1,school,A001307
P004579,2025/2026,1,school,A000104
P004587,2025/2026,1,vocational_school,A006145
P004597,2025/2026,1,school,A000790
P004617,2025/2026,1,vocational_school,A012952
P004622,2025/2026,1,vocational_school,A009267
P004624,2025/2026,1,university,A009267
P004632,2025/2026,1,university,A003694
P004633,2025/2026,1,school,A007615
P004642,2025/2026,1,school,A013402
P004644,2025/2026,1,school,A011343
P004647,2025/2026,1,school,NA
P004660,2025/2026,1,school,A010582
P004661,2025/2026,1,school,NA
P004677,2025/2026,1,school,A012900
P004684,2025/2026,1,school,A015109
P004700,2025/2026,1,school,A010456
P004705,2025/2026,1,school,A003250
P004710,2025/2026,1,school,A014273
P004722,2025/2026,1,university,A003478
P004723,2025/2026,1,school,A008412
P004724,2025/2026,1,vocational_school,A012191
P004737,2025/2026,1,school,A005321
P004758,2025/2026,1,school,A005211
P004769,2025/2026,1,school,A006507
P004788,2025/2026,1,school,NA
P004797,2025/2026,1,school,A001298
P004823,2025/2026,1,school,A008739
P004832,2025/2026,1,school,A005045
P004844,2025/2026,1,university,A006851
P004845,2025/2026,1,vocational_school,A000738
P004846,2025/2026,1,school,A000738
P004847,2025/2026,1,vocational_school,A000738
P004850,2025/2026,1,school,A004712
P004851,2025/2026,1,NA,A004712
P004859,2025/2026,1,university,A003374
P004861,2025/2026,1,school,A007979
P004862,2025/2026,1,school,A002851
P004863,2025/2026,1,university,A002851
P004869,2025/2026,1,NA,A011339
P004872,2025/2026,1,school,A015034
P004875,2025/2026,1,school,A017139
P004876,2025/2026,1,school,A001325
P004877,2025/2026,1,university,A006233
P004879,2025/2026,1,school,A006879
P004885,2025/2026,1,school,A017592
P004892,2025/2026,1,university,A014272
P004896,2025/2026,1,university,A008579
P004898,2025/2026,1,vocational_school,A006064
P004910,2025/2026,1,school,A015753
P004917,2025/2026,1,university,A009192
P004923,2025/2026,1,vocational_school,NA
P004926,2025/2026,1,school,A006471
P004932,2025/2026,1,school,A010367
P004937,2025/2026,1,school,A013938
P004946,2025/2026,1,school,A017085
P004966,2025/2026,1,school,A006986
P004967,2025/2026,1,vocational_school,A006986
P004968,2025/2026,1,school,A010989
P004969,2025/2026,1,vocational_school,A010989
P004974,2025/2026,1,school,A003750
P004977,2025/2026,1,university,A005274
P004980,2025/2026,1,vocational_school,A007218
P004982,2025/2026,1,school,A001824
P004983,2025/2026,1,school,A001824
P004989,2025/2026,1,school,A001720
P004994,2025/2026,1,school,A008273
P005001,2025/2026,1,university,A004981
P005004,2025/2026,1,school,A011282
P005013,2025/2026,1,school,A009257
P005017,2025/2026,1,vocational_school,A010148
P005021,2025/2026,1,school,A014157
P005031,2025/2026,1,school,A005609
P005039,2025/2026,1,school,A010362
P005040,2025/2026,1,university,A010362
P005041,2025/2026,1,school,A006650
P005043,2025/2026,1,school,A006650
P005045,2025/2026,1,school,A014344
P005056,2025/2026,1,vocational_school,NA
P005062,2025/2026,1,school,A014948
P005067,2025/2026,1,school,A008171
P005077,2025/2026,1,school,A012704
P005079,2025/2026,1,university,A001819
P005080,2025/2026,1,school,A001819
P005084,2025/2026,1,school,A007949
P005086,2025/2026,1,school,A008586
P005087,2025/2026,1,school,A007813
P005091,2025/2026,1,university,A012721
P005097,2025/2026,1,university,A000447
P005102,2025/2026,1,vocational_school,A011885
P005113,2025/2026,1,school,A015928
P005125,2025/2026,1,school,A016339
P005128,2025/2026,1,school,A017131
P005130,2025/2026,1,school,A012960
P005132,2025/2026,1,vocational_school,A012960
P005145,2025/2026,1,school,A000252
P005147,2025/2026,1,university,A015517
P005155,2025/2026,1,school,A006822
P005158,2025/2026,1,school,A001445
P005160,2025/2026,1,university,A001445
P005174,2025/2026,1,school,A000370
P005179,2025/2026,1,school,A016752
P005182,2025/2026,1,school,A006134
P005183,2025/2026,1,school,A006134
P005185,2025/2026,1,university,A007917
P005187,2025/2026,1,vocational_school,NA
P005197,2025/2026,1,school,A000950
P005199,2025/2026,1,university,NA
P005216,2025/2026,1,school,A001150
P005221,2025/2026,1,university,A013665
P005226,2025/2026,1,school,A014873
P005235,2025/2026,1,school,A012834
P005243,2025/2026,1,school,A011770
P005263,2025/2026,1,school,A000623
P005264,2025/2026,1,vocational_school,A000623
P005266,2025/2026,1,school,A000623
P005267,2025/2026,1,school,A003253
P005268,2025/2026,1,school,A000125
P005269,2025/2026,1,school,A014155
P005270,2025/2026,1,vocational_school,A005421
P005273,2025/2026,1,vocational_school,A014455
P005276,2025/2026,1,vocational_school,A015193
P005282,2025/2026,1,university,A012852
P005284,2025/2026,1,school,A012852
P005288,2025/2026,1,school,A001507
P005291,2025/2026,1,school,A003499
P005292,2025/2026,1,school,A003499
P005297,2025/2026,1,school,A014071
P005298,2025/2026,1,school,A014700
P005299,2025/2026,1,vocational_school,A014648
P005309,2025/2026,1,school,A015132
P005317,2025/2026,1,university,A004712
P005325,2025/2026,1,vocational_school,A012539
P005327,2025/2026,1,school,A012539
P005331,2025/2026,1,school,A008067
P005333,2025/2026,1,vocational_school,A014089
P005336,2025/2026,1,school,A001306
P005351,2025/2026,1,school,A009035
P005353,2025/2026,1,school,A015832
P005354,2025/2026,1,school,A013923
P005367,2025/2026,1,university,A010589
P005368,2025/2026,1,school,A000496
P005369,2025/2026,1,school,A006081
P005379,2025/2026,1,school,A002705
P005382,2025/2026,1,school,A011390
P005385,2025/2026,1,school,A014278
P005388,2025/2026,1,school,A014278
P005392,2025/2026,1,university,A005592
P005397,2025/2026,1,school,A017113
P005407,2025/2026,1,school,A009663
P005408,2025/2026,1,university,A009663
P005412,2025/2026,1,vocational_school,A005533
P005416,2025/2026,1,university,A012770
P005420,2025/2026,1,school,A003959
P005426,2025/2026,1,school,A013164
P005433,2025/2026,1,school,A011781
P005439,2025/2026,1,school,A009132
P005442,2025/2026,1,school,A014835
P005445,2025/2026,1,university,A000332
P005446,2025/2026,1,school,A012666
P005452,2025/2026,1,school,A004387
P005457,2025/2026,1,school,A000538
P005460,2025/2026,1,vocational_school,A006187
P005469,2025/2026,1,school,A013263
P005486,2025/2026,1,school,A009722
P005496,2025/2026,1,school,A006883
P005503,2025/2026,1,school,A006490
P005517,2025/2026,1,school,A013115
P005518,2025/2026,1,university,A002556
P005521,2025/2026,1,school,A013479
P005524,2025/2026,1,vocational_school,A013479
P005528,2025/2026,1,school,A016105
P005529,2025/2026,1,school,A017025
P005544,2025/2026,1,vocational_school,A010279
P005547,2025/2026,1,vocational_school,A013592
P005549,2025/2026,1,school,A011356
P005556,2025/2026,1,school,A002979
P005565,2025/2026,1,vocational_school,A004161
P005566,2025/2026,1,vocational_school,NA
P005568,2025/2026,1,university,A007413
P005570,2025/2026,1,school,A007413
P005572,2025/2026,1,school,A007596
P005580,2025/2026,1,school,A006581
P005584,2025/2026,1,school,A005474
P005585,2025/2026,1,vocational_school,A002547
P005587,2025/2026,1,school,A000875
P005593,2025/2026,1,vocational_school,A015857
P005598,2025/2026,1,university,A013236
P005601,2025/2026,1,school,A003820
P005610,2025/2026,1,school,A003066
P005615,2025/2026,1,school,A011786
P005633,2025/2026,1,school,A014650
P005634,2025/2026,1,vocational_school,A014650
P005640,2025/2026,1,school,A014313
P005660,2025/2026,1,school,A004530
P005666,2025/2026,1,school,A011080
P005671,2025/2026,1,NA,A015509
P005672,2025/2026,1,school,A015509
P005674,2025/2026,1,school,A007716
P005681,2025/2026,1,vocational_school,A011311
P005686,2025/2026,1,vocational_school,A008756
P005691,2025/2026,1,school,A005315
P005692,2025/2026,1,school,A002908
P005694,2025/2026,1,school,A002908
P005695,2025/2026,1,NA,A002908
P005722,2025/2026,1,school,A012314
P005744,2025/2026,1,university,A004914
P005750,2025/2026,1,school,A015246
P005753,2025/2026,1,vocational_school,A003801
P005757,2025/2026,1,school,A003060
P005762,2025/2026,1,school,A017933
P005764,2025/2026,1,school,A014136
P005765,2025/2026,1,school,A014136
P005777,2025/2026,1,school,A006362
P005784,2025/2026,1,university,A009758
P005786,2025/2026,1,vocational_school,A000696
P005793,2025/2026,1,school,A003372
P005802,2025/2026,1,vocational_school,A011950
P005822,2025/2026,1,school,A015092
P005832,2025/2026,1,school,A003669
P005834,2025/2026,1,school,A017005
P005842,2025/2026,1,school,A010029
P005854,2025/2026,1,NA,A012210
P005860,2025/2026,1,school,A016505
P005861,2025/2026,1,university,A006103
P005862,2025/2026,1,school,A006103
P005863,2025/2026,1,school,A006103
P005870,2025/2026,1,university,NA
P005872,2025/2026,1,school,A012710
P005876,2025/2026,1,university,A012710
P005883,2025/2026,1,school,A005714
P005886,2025/2026,1,university,A005976
P005890,2025/2026,1,vocational_school,A015007
P005893,2025/2026,1,university,A014376
P005895,2025/2026,1,school,A014376
P005901,2025/2026,1,university,A017580
P005903,2025/2026,1,school,A006430
P005904,2025/2026,1,school,A005472
P005905,2025/2026,1,university,A005472
P005908,2025/2026,1,school,A013322
P005913,2025/2026,1,university,A008407
P005915,2025/2026,1,NA,A008407
P005917,2025/2026,1,school,A001816
P005934,2025/2026,1,vocational_school,A006992
P005936,2025/2026,1,vocational_school,A008942
P005938,2025/2026,1,NA,A003415
P005947,2025/2026,1,school,A011099
P005952,2025/2026,1,school,A013055
P005953,2025/2026,1,school,A000847
P005973,2025/2026,1,university,A006645
P005977,2025/2026,1,school,A015336
P005986,2025/2026,1,university,A002416
P005987,2025/2026,1,school,NA
P005993,2025/2026,1,school,A004546
P005999,2025/2026,1,school,A012620
P006005,2025/2026,1,vocational_school,A001184
P006008,2025/2026,1,school,A004134
P006015,2025/2026,1,vocational_school,A008135
P006016,2025/2026,1,school,A002726
P006018,2025/2026,1,school,A001328
P006020,2025/2026,1,school,A001328
P006021,2025/2026,1,university,A001098
P006024,2025/2026,1,school,A004590
P006027,2025/2026,1,school,A008250
P006031,2025/2026,1,vocational_school,A013688
P006035,2025/2026,1,school,A010316
P006039,2025/2026,1,school,A016167
P006041,2025/2026,1,university,A004866
P006045,2025/2026,1,school,A005515
P006047,2025/2026,1,university,A009331
P006048,2025/2026,1,school,A009331
P006054,2025/2026,1,school,A015051
P006068,2025/2026,1,school,A005735
P006071,2025/2026,1,school,A015794
P006076,2025/2026,1,vocational_school,A016973
P006082,2025/2026,1,university,A001392
P006092,2025/2026,1,vocational_school,A005192
P006102,2025/2026,1,university,A007707
P006103,2025/2026,1,vocational_school,A016730
P006107,2025/2026,1,vocational_school,A002237
P006108,2025/2026,1,vocational_school,A003039
P006109,2025/2026,1,school,A003039
P006112,2025/2026,1,university,A001078
P006118,2025/2026,1,university,A008681
P006119,2025/2026,1,school,A016629
P006142,2025/2026,1,school,A017635
P006144,2025/2026,1,school,A017635
P006146,2025/2026,1,school,A013275
P006153,2025/2026,1,school,A012009
P006154,2025/2026,1,school,A008412
P006156,2025/2026,1,school,A007364
P006158,2025/2026,1,school,A005389
P006161,2025/2026,1,school,A011670
P006173,2025/2026,1,school,A004548
P006178,2025/2026,1,vocational_school,A014931
P006184,2025/2026,1,university,A013165
P006193,2025/2026,1,school,A004308
P006199,2025/2026,1,school,NA
P006202,2025/2026,1,school,A014212
P006208,2025/2026,1,school,A000010
P006211,2025/2026,1,vocational_school,NA
P006229,2025/2026,1,vocational_school,A000710
P006230,2025/2026,1,school,A000710
P006237,2025/2026,1,university,A008080
P006243,2025/2026,1,school,A009171
P006254,2025/2026,1,school,A010311
P006264,2025/2026,1,school,A003178
P006267,2025/2026,1,school,A011301
P006268,2025/2026,1,vocational_school,A011301
P006271,2025/2026,1,school,A001598
P006278,2025/2026,1,school,A007856
P006292,2025/2026,1,school,A003492
P006300,2025/2026,1,school,A013754
P006305,2025/2026,1,vocational_school,A011258
P006312,2025/2026,1,school,A005042
P006313,2025/2026,1,school,A005042
P006315,2025/2026,1,school,A012477
P006321,2025/2026,1,vocational_school,A009626
P006323,2025/2026,1,school,A000368
P006325,2025/2026,1,university,A000368
P006352,2025/2026,1,school,A006175
P006357,2025/2026,1,school,A002025
P006367,2025/2026,1,school,A003972
P006368,2025/2026,1,school,A007105
P006372,2025/2026,1,vocational_school,A002122
P006377,2025/2026,1,NA,A000729
P006382,2025/2026,1,school,A008522
P006384,2025/2026,1,school,A004167
P006399,2025/2026,1,school,A017154
P006409,2025/2026,1,NA,A005727
P006415,2025/2026,1,school,A007715
P006418,2025/2026,1,school,NA
P006424,2025/2026,1,university,A000870
P006428,2025/2026,1,university,A003629
P006429,2025/2026,1,vocational_school,NA
P006431,2025/2026,1,school,A005751
P006432,2025/2026,1,school,NA
P006434,2025/2026,1,vocational_school,A011945
P006441,2025/2026,1,school,A005580
P006450,2025/2026,1,school,A001552
P006452,2025/2026,1,university,A017149
P006454,2025/2026,1,school,A016237
P006465,2025/2026,1,university,A001473
P006471,2025/2026,1,school,A016619
P006473,2025/2026,1,school,A002474
P006475,2025/2026,1,school,A016022
P006481,2025/2026,1,school,A000533
P006482,2025/2026,1,school,A001546
P006497,2025/2026,1,school,A017402
P006505,2025/2026,1,vocational_school,A016032
P006511,2025/2026,1,vocational_school,A017572
P006513,2025/2026,1,school,A000036
P006527,2025/2026,1,university,A005614
P006547,2025/2026,1,NA,A012255
P006555,2025/2026,1,university,A008600
P006563,2025/2026,1,school,A005897
P006565,2025/2026,1,school,A005897
P006568,2025/2026,1,school,A014078
P006570,2025/2026,1,school,A016788
P006573,2025/2026,1,university,A009507
P006575,2025/2026,1,school,NA
P006578,2025/2026,1,vocational_school,A002953
P006581,2025/2026,1,vocational_school,A012558
P006589,2025/2026,1,school,A014471
P006596,2025/2026,1,school,A016484
P006602,2025/2026,1,school,A013979
P006605,2025/2026,1,vocational_school,A001770
P006613,2025/2026,1,school,A007135
P006617,2025/2026,1,university,A012878
P006638,2025/2026,1,vocational_school,A004579
P006643,2025/2026,1,school,A009796
P006645,2025/2026,1,vocational_school,A009796
P006648,2025/2026,1,school,A017224
P006655,2025/2026,1,vocational_school,A009610
P006658,2025/2026,1,NA,A008375
P006663,2025/2026,1,school,A013342
P006684,2025/2026,1,university,A008387
P006685,2025/2026,1,school,A007102
P006691,2025/2026,1,vocational_school,A008482
P006693,2025/2026,1,school,A000172
P006701,2025/2026,1,school,A015326
P006702,2025/2026,1,school,NA
P006703,2025/2026,1,school,NA
P006705,2025/2026,1,school,A014153
P006709,2025/2026,1,school,A017701
P006711,2025/2026,1,school,A016639
P006713,2025/2026,1,school,A007370
P006715,2025/2026,1,school,A005608
P006717,2025/2026,1,school,A010467
P006721,2025/2026,1,school,A000366
P006722,2025/2026,1,vocational_school,A012982
P006725,2025/2026,1,university,A013137
P006727,2025/2026,1,school,A013469
P006743,2025/2026,1,school,A016482
P006746,2025/2026,1,school,A010495
P006755,2025/2026,1,vocational_school,A013938
P006763,2025/2026,1,school,A005527
P006769,2025/2026,1,school,A002124
P006780,2025/2026,1,school,A016032
P006782,2025/2026,1,vocational_school,A016032
P006784,2025/2026,1,university,A009578
P006785,2025/2026,1,school,A009578
P006801,2025/2026,1,school,A012938
P006807,2025/2026,1,school,A009119
P006809,2025/2026,1,school,A003707
P006812,2025/2026,1,school,A008250
P006814,2025/2026,1,school,A010178
P006820,2025/2026,1,school,A006683
P006823,2025/2026,1,NA,A014097
P006825,2025/2026,1,school,A003745
P006831,2025/2026,1,school,A004811
P006833,2025/2026,1,vocational_school,A006227
P006839,2025/2026,1,school,A012295
P006852,2025/2026,1,school,A008839
P006855,2025/2026,1,school,A015409
P006856,2025/2026,1,school,A015409
P006879,2025/2026,1,university,A012179
P006881,2025/2026,1,school,A005374
P006908,2025/2026,1,school,A006421
P006911,2025/2026,1,vocational_school,A007273
P006917,2025/2026,1,school,A005973
P006919,2025/2026,1,school,A012986
P006922,2025/2026,1,university,A017060
P006929,2025/2026,1,school,A000197
P006933,2025/2026,1,university,A005177
P006937,2025/2026,1,school,A006769
P006939,2025/2026,1,school,A005400
P006945,2025/2026,1,NA,A008669
P006948,2025/2026,1,school,A001021
P006952,2025/2026,1,school,A014718
P006959,2025/2026,1,NA,A015969
P006960,2025/2026,1,school,A015969
P006962,2025/2026,1,school,A005907
P006973,2025/2026,1,school,A012688
P006989,2025/2026,1,school,A011355
P007001,2025/2026,1,school,A002229
P007003,2025/2026,1,university,A008956
P007010,2025/2026,1,school,A012350
P007012,2025/2026,1,school,A010830
P007030,2025/2026,1,school,A003581
P007031,2025/2026,1,university,A003581
P007037,2025/2026,1,school,A010694
P007044,2025/2026,1,school,A008898
P007049,2025/2026,1,school,A004220
P007055,2025/2026,1,vocational_school,A005013
P007058,2025/2026,1,university,A015295
P007084,2025/2026,1,school,A009123
P007088,2025/2026,1,school,A006908
P007091,2025/2026,1,school,A008327
P007092,2025/2026,1,school,A010247
P007099,2025/2026,1,vocational_school,A002470
P007105,2025/2026,1,school,A010738
P007113,2025/2026,1,school,A017878
P007125,2025/2026,1,school,A001066
P007130,2025/2026,1,vocational_school,A003421
P007135,2025/2026,1,school,A012085
P007138,2025/2026,1,school,A012852
P007142,2025/2026,1,university,A007082
P007143,2025/2026,1,school,A002457
P007145,2025/2026,1,university,A002457
P007152,2025/2026,1,university,A011519
P007159,2025/2026,1,university,A016327
P007170,2025/2026,1,school,A013630
P007178,2025/2026,1,school,A000273
P007187,2025/2026,1,school,A006822
P007189,2025/2026,1,school,A006822
P007191,2025/2026,1,vocational_school,A006822
P007203,2025/2026,1,NA,A013037
P007207,2025/2026,1,school,A012147
P007208,2025/2026,1,school,A008720
P007211,2025/2026,1,university,A017348
P007212,2025/2026,1,university,A017348
P007218,2025/2026,1,school,A016642
P007219,2025/2026,1,university,A000483
P007223,2025/2026,1,school,A015328
P007231,2025/2026,1,university,A003156
P007239,2025/2026,1,school,A003291
P007241,2025/2026,1,school,A014785
P007243,2025/2026,1,university,A014785
P007254,2025/2026,1,school,A000189
P007263,2025/2026,1,NA,A016767
P007266,2025/2026,1,school,A009798
P007267,2025/2026,1,school,A009798
P007270,2025/2026,1,school,NA
P007271,2025/2026,1,school,A006581
P007272,2025/2026,1,university,A006581
P007278,2025/2026,1,school,A011203
P007296,2025/2026,1,school,A003304
P007304,2025/2026,1,school,A013775
P007307,2025/2026,1,university,A006205
P007308,2025/2026,1,vocational_school,A015468
P007311,2025/2026,1,school,A016762
P007321,2025/2026,1,school,A009003
P007351,2025/2026,1,vocational_school,A010004
P007356,2025/2026,1,school,A001873
P007362,2025/2026,1,school,A012137
P007364,2025/2026,1,university,A000801
P007366,2025/2026,1,school,A000801
P007367,2025/2026,1,vocational_school,A010739
P007381,2025/2026,1,school,A014307
P007383,2025/2026,1,NA,A014307
P007393,2025/2026,1,school,A004793
P007400,2025/2026,1,vocational_school,A001868
P007403,2025/2026,1,school,A000345
P007406,2025/2026,1,vocational_school,A008999
P007408,2025/2026,1,vocational_school,A004786
P007463,2025/2026,1,school,A009892
P007466,2025/2026,1,school,A013359
P007474,2025/2026,1,school,A015004
P007477,2025/2026,1,vocational_school,A004123
P007485,2025/2026,1,school,A013380
P007491,2025/2026,1,school,A005943
P007494,2025/2026,1,university,A012560
P007510,2025/2026,1,vocational_school,A016930
P007511,2025/2026,1,school,A016930
P007516,2025/2026,1,university,A004253
P007518,2025/2026,1,school,A007552
P007519,2025/2026,1,school,A011664
P007524,2025/2026,1,school,A001983
P007527,2025/2026,1,school,A011943
P007530,2025/2026,1,school,A017291
P007544,2025/2026,1,school,A005883
P007546,2025/2026,1,vocational_school,A003791
P007551,2025/2026,1,university,A006836
P007554,2025/2026,1,university,A001786
P007555,2025/2026,1,university,A008270
P007558,2025/2026,1,university,A004609
P007560,2025/2026,1,school,A005021
P007563,2025/2026,1,school,A005021
P007565,2025/2026,1,school,NA
P007576,2025/2026,1,school,A000291
P007579,2025/2026,1,school,A001307
P007586,2025/2026,1,school,A015290
P007593,2025/2026,1,school,A007238
P007601,2025/2026,1,school,A010836
P007618,2025/2026,1,university,A000125
P007622,2025/2026,1,school,A007362
P007626,2025/2026,1,vocational_school,A005155
P007634,2025/2026,1,school,A012110
P007657,2025/2026,1,school,A004004
P007661,2025/2026,1,school,A006545
P007664,2025/2026,1,school,A006545
P007670,2025/2026,1,school,A010685
P007684,2025/2026,1,university,A004102
P007688,2025/2026,1,school,A014578
P007695,2025/2026,1,school,A009714
P007714,2025/2026,1,school,A009448
P007715,2025/2026,1,NA,A009448
P007727,2025/2026,1,school,A009417
P007733,2025/2026,1,school,A012933
P007735,2025/2026,1,university,A005539
P007742,2025/2026,1,school,A000976
P007747,2025/2026,1,school,A008106
P007749,2025/2026,1,vocational_school,A017489
P007755,2025/2026,1,university,A017528
P007765,2025/2026,1,vocational_school,A001213
P007774,2025/2026,1,school,A017337
P007775,2025/2026,1,vocational_school,A017337
P007779,2025/2026,1,school,A014672
P007780,2025/2026,1,university,A014672
P007781,2025/2026,1,school,A012417
P007783,2025/2026,1,university,A002288
P007785,2025/2026,1,school,A004618
P007789,2025/2026,1,NA,A000884
P007791,2025/2026,1,school,A015362
P007795,2025/2026,1,university,A007537
P007800,2025/2026,1,university,A001450
P007811,2025/2026,1,university,A001417
P007814,2025/2026,1,vocational_school,A008524
P007828,2025/2026,1,school,A001307
P007833,2025/2026,1,school,A005016
P007839,2025/2026,1,school,A003414
P007841,2025/2026,1,school,A007107
P007848,2025/2026,1,school,A005511
P007855,2025/2026,1,university,NA
P007865,2025/2026,1,school,A012981
P007871,2025/2026,1,school,A005671
P007878,2025/2026,1,school,A017384
P007883,2025/2026,1,NA,A008170
P007888,2025/2026,1,school,A015696
P007894,2025/2026,1,school,A001609
P007900,2025/2026,1,school,A010846
P007903,2025/2026,1,university,A004415
P007905,2025/2026,1,vocational_school,A011832
P007916,2025/2026,1,school,A015943
P007920,2025/2026,1,vocational_school,A002243
P007923,2025/2026,1,school,A011088
P007932,2025/2026,1,school,A013618
P007937,2025/2026,1,university,A017174
P007944,2025/2026,1,university,A004409
P007959,2025/2026,1,school,A016572
P007994,2025/2026,1,vocational_school,A004401
P007999,2025/2026,1,NA,A001040
P008002,2025/2026,1,school,A011413
P008008,2025/2026,1,school,A002226
P008017,2025/2026,1,school,A009098
P008028,2025/2026,1,school,A009471
P008044,2025/2026,1,vocational_school,A000540
P008045,2025/2026,1,university,A015070
P008050,2025/2026,1,school,A011285
P008053,2025/2026,1,school,A003157
P008057,2025/2026,1,school,A004778
P008066,2025/2026,1,university,A014538
P008081,2025/2026,1,school,A009392
P008084,2025/2026,1,school,A008858
P008086,2025/2026,1,university,A001186
P008094,2025/2026,1,vocational_school,A015240
P008097,2025/2026,1,school,A014645
P008114,2025/2026,1,NA,A016727
P008115,2025/2026,1,school,A016727
P008121,2025/2026,1,school,A000553
P008129,2025/2026,1,school,A008214
P008134,2025/2026,1,university,A009944
P008135,2025/2026,1,vocational_school,A009944
P008138,2025/2026,1,university,A004796
P008152,2025/2026,1,school,A017491
P008155,2025/2026,1,school,A017984
P008156,2025/2026,1,school,A007706
P008169,2025/2026,1,university,A014647
P008170,2025/2026,1,university,A002709
P008180,2025/2026,1,school,A017984
P008183,2025/2026,1,vocational_school,A008448
P008190,2025/2026,1,university,NA
P008200,2025/2026,1,school,A005965
P008206,2025/2026,1,NA,A010974
P008209,2025/2026,1,school,A015520
P008210,2025/2026,1,vocational_school,A015520
P008211,2025/2026,1,school,A010822
P008212,2025/2026,1,school,A010822
P008215,2025/2026,1,vocational_school,A013398
P008217,2025/2026,1,NA,A000899
P008221,2025/2026,1,vocational_school,A014919
P008223,2025/2026,1,school,NA
P008243,2025/2026,1,school,A015671
P008254,2025/2026,1,vocational_school,A015209
P008257,2025/2026,1,vocational_school,A015600
P008260,2025/2026,1,school,A011693
P008265,2025/2026,1,vocational_school,A011986
P008268,2025/2026,1,school,A009045
P008272,2025/2026,1,school,A010015
P008283,2025/2026,1,school,A006642
P008284,2025/2026,1,university,A006642
P008286,2025/2026,1,school,A014234
P008287,2025/2026,1,school,A001295
P008289,2025/2026,1,school,A005821
P008292,2025/2026,1,school,A013527
P008302,2025/2026,1,vocational_school,A003894
P008313,2025/2026,1,school,A000332
P008315,2025/2026,1,school,A008275
P008324,2025/2026,1,school,A002414
P008333,2025/2026,1,NA,A015171
P008342,2025/2026,1,vocational_school,A013185
P008362,2025/2026,1,school,A006853
P008364,2025/2026,1,vocational_school,NA
P008365,2025/2026,1,school,A012559
P008367,2025/2026,1,school,A016129
P008389,2025/2026,1,school,A007485
P008408,2025/2026,1,NA,A010513
P008410,2025/2026,1,school,A016858
P008414,2025/2026,1,school,A014303
P008420,2025/2026,1,school,A014000
P008422,2025/2026,1,vocational_school,A012462
P008432,2025/2026,1,school,A016768
P008435,2025/2026,1,university,A008781
P008461,2025/2026,1,vocational_school,A012262
P008465,2025/2026,1,university,A011658
P008471,2025/2026,1,school,A003098
P008474,2025/2026,1,school,A006834
P008480,2025/2026,1,school,A006508
P008483,2025/2026,1,school,A006616
P008486,2025/2026,1,vocational_school,NA
P008488,2025/2026,1,school,A000106
P008492,2025/2026,1,vocational_school,A003128
P008508,2025/2026,1,NA,A017194
P008518,2025/2026,1,school,A011048
P008519,2025/2026,1,school,A011048
P008520,2025/2026,1,school,A011048
P008534,2025/2026,1,school,A014847
P008537,2025/2026,1,school,A012184
P008540,2025/2026,1,school,A001133
P008544,2025/2026,1,vocational_school,A006477
P008545,2025/2026,1,school,A000781
P008550,2025/2026,1,school,A004837
P008551,2025/2026,1,school,A003775
P008574,2025/2026,1,school,A015803
P008575,2025/2026,1,vocational_school,A016850
P008579,2025/2026,1,university,A002409
P008581,2025/2026,1,school,A005909
P008592,2025/2026,1,school,A017418
P008593,2025/2026,1,university,A000908
P008596,2025/2026,1,university,A008581
P008599,2025/2026,1,school,A014224
P008611,2025/2026,1,vocational_school,A006391
P008619,2025/2026,1,school,A011321
P008632,2025/2026,1,vocational_school,A017534
P008641,2025/2026,1,school,A003325
P008656,2025/2026,1,NA,NA
P008661,2025/2026,1,school,A012339
P008662,2025/2026,1,school,A012339
P008669,2025/2026,1,vocational_school,A001248
P008670,2025/2026,1,school,A006542
P008674,2025/2026,1,school,A006429
P008684,2025/2026,1,vocational_school,A001304
P008687,2025/2026,1,school,A007505
P008694,2025/2026,1,school,A011445
P008696,2025/2026,1,school,A011445
P008700,2025/2026,1,NA,A011771
P008706,2025/2026,1,university,A006879
P008717,2025/2026,1,school,A002154
P008721,2025/2026,1,vocational_school,A006096
P008722,2025/2026,1,school,A014125
P008729,2025/2026,1,vocational_school,A003201
P008741,2025/2026,1,school,A004466
P008745,2025/2026,1,school,A008891
P008747,2025/2026,1,school,A007074
P008750,2025/2026,1,school,A008745
P008759,2025/2026,1,NA,A003583
P008767,2025/2026,1,vocational_school,A014433
P008768,2025/2026,1,school,A004879
P008777,2025/2026,1,university,A007598
P008778,2025/2026,1,school,A005865
P008781,2025/2026,1,school,A017192
P008783,2025/2026,1,school,A014642
P008787,2025/2026,1,university,A013327
P008795,2025/2026,1,school,A013440
P008798,2025/2026,1,school,A004199
P008799,2025/2026,1,school,A004684
P008803,2025/2026,1,school,A010424
P008810,2025/2026,1,university,A000106
P008813,2025/2026,1,school,A004928
P008815,2025/2026,1,school,A005458
P008816,2025/2026,1,school,NA
P008818,2025/2026,1,vocational_school,A000326
P008823,2025/2026,1,school,A008910
P008829,2025/2026,1,school,A009070
P008830,2025/2026,1,school,A009070
P008836,2025/2026,1,vocational_school,A006829
P008840,2025/2026,1,vocational_school,A009142
P008846,2025/2026,1,school,A011808
P008864,2025/2026,1,school,A005079
P008865,2025/2026,1,university,A009069
P008878,2025/2026,1,school,A002832
P008879,2025/2026,1,school,A007830
P008884,2025/2026,1,vocational_school,A007498
P008885,2025/2026,1,school,A001298
P008887,2025/2026,1,school,A000805
P008889,2025/2026,1,school,A000805
P008890,2025/2026,1,school,NA
P008891,2025/2026,1,university,A003188
P008895,2025/2026,1,school,A012767
P008898,2025/2026,1,school,A012256
P008901,2025/2026,1,NA,A013859
P008913,2025/2026,1,school,A013082
P008916,2025/2026,1,university,A005448
P008922,2025/2026,1,school,A009291
P008925,2025/2026,1,university,A014961
P008927,2025/2026,1,vocational_school,A010887
P008934,2025/2026,1,school,A012962
P008940,2025/2026,1,vocational_school,A015937
P008963,2025/2026,1,university,A001635
P008966,2025/2026,1,school,A000778
P008968,2025/2026,1,university,A016245
P008975,2025/2026,1,school,A006781
P008983,2025/2026,1,school,A013783
P008990,2025/2026,1,school,A000395
P008999,2025/2026,1,vocational_school,A005143
P009003,2025/2026,1,school,A003991
P009013,2025/2026,1,school,A007852
P009024,2025/2026,1,university,A014261
P009027,2025/2026,1,school,A014261
P009035,2025/2026,1,school,A011158
P009039,2025/2026,1,school,A006812
P009040,2025/2026,1,school,A004852
P009041,2025/2026,1,NA,A012129
P009042,2025/2026,1,school,A012129
P009044,2025/2026,1,school,A008736
P009046,2025/2026,1,school,A001461
P009058,2025/2026,1,vocational_school,A002970
P009059,2025/2026,1,school,A017402
P009060,2025/2026,1,school,A017402
P009065,2025/2026,1,university,A006343
P009067,2025/2026,1,school,A007823
P009068,2025/2026,1,vocational_school,A008439
P009069,2025/2026,1,school,A009399
P009091,2025/2026,1,school,A000856
P009096,2025/2026,1,school,A006257
P009097,2025/2026,1,school,A010482
P009114,2025/2026,1,school,A009204
P009116,2025/2026,1,university,A004089
P009128,2025/2026,1,school,A017692
P009142,2025/2026,1,school,A005238
P009145,2025/2026,1,school,NA
P009155,2025/2026,1,school,A005028
P009156,2025/2026,1,NA,NA
P009160,2025/2026,1,school,A014317
P009165,2025/2026,1,school,A004951
P009172,2025/2026,1,school,A003212
P009178,2025/2026,1,school,A011953
P009179,2025/2026,1,university,A001216
P009185,2025/2026,1,university,A017607
P009201,2025/2026,1,school,A016596
P009205,2025/2026,1,school,A006391
P009216,2025/2026,1,university,A012301
P009221,2025/2026,1,school,A001706
P009224,2025/2026,1,school,A007111
P009229,2025/2026,1,vocational_school,A001987
P009241,2025/2026,1,school,NA
P009246,2025/2026,1,school,A000527
P009255,2025/2026,1,vocational_school,A007934
P009256,2025/2026,1,school,A015326
P009273,2025/2026,1,school,A007299
P009276,2025/2026,1,vocational_school,A000730
P009283,2025/2026,1,school,A017189
P009285,2025/2026,1,NA,A002320
P009289,2025/2026,1,vocational_school,A008820
P009293,2025/2026,1,school,A001457
P009295,2025/2026,1,school,A001457
P009300,2025/2026,1,school,A017654
P009302,2025/2026,1,school,A000205
P009304,2025/2026,1,school,A001220
P009310,2025/2026,1,school,A014050
P009313,2025/2026,1,university,A010403
P009328,2025/2026,1,university,A007282
P009331,2025/2026,1,school,A007282
P009338,2025/2026,1,vocational_school,A000597
P009343,2025/2026,1,university,NA
P009344,2025/2026,1,school,NA
P009351,2025/2026,1,university,A002757
P009352,2025/2026,1,school,A006661
P009360,2025/2026,1,vocational_school,A003308
P009362,2025/2026,1,school,A008801
P009365,2025/2026,1,vocational_school,A015900
P009367,2025/2026,1,school,A015710
P009369,2025/2026,1,school,A015891
P009372,2025/2026,1,NA,A014926
P009390,2025/2026,1,vocational_school,A006087
P009394,2025/2026,1,school,A013021
P009399,2025/2026,1,school,A013993
P009412,2025/2026,1,school,A011180
P009427,2025/2026,1,school,A001932
P009433,2025/2026,1,vocational_school,A013650
P009435,2025/2026,1,school,A004437
P009447,2025/2026,1,university,A006629
P009458,2025/2026,1,university,A015363
P009488,2025/2026,1,school,A007496
P009489,2025/2026,1,school,A013153
P009491,2025/2026,1,school,A015251
P009493,2025/2026,1,vocational_school,A015251
P009506,2025/2026,1,school,A000568
P009510,2025/2026,1,school,A008851
P009515,2025/2026,1,university,A008060
P009517,2025/2026,1,school,A014270
P009534,2025/2026,1,school,A001545
P009545,2025/2026,1,university,A005310
P009547,2025/2026,1,school,A005310
P009553,2025/2026,1,school,A009459
P009573,2025/2026,1,school,A010664
P009575,2025/2026,1,university,A010664
P009578,2025/2026,1,vocational_school,A002111
P009585,2025/2026,1,school,A001398
P009591,2025/2026,1,school,A003532
P009593,2025/2026,1,university,A003532
P009595,2025/2026,1,school,A011876
P009596,2025/2026,1,school,A016285
P009599,2025/2026,1,school,A017567
P009604,2025/2026,1,vocational_school,A016427
P009606,2025/2026,1,school,A007417
P009613,2025/2026,1,vocational_school,A008776
P009615,2025/2026,1,school,A015780
P009624,2025/2026,1,vocational_school,A012199
P009626,2025/2026,1,school,A012199
P009628,2025/2026,1,school,A012214
P009629,2025/2026,1,school,A012214
P009633,2025/2026,1,school,A005751
P009635,2025/2026,1,school,A000110
P009639,2025/2026,1,vocational_school,A008817
P009642,2025/2026,1,university,A016641
P009646,2025/2026,1,vocational_school,A014036
P009652,2025/2026,1,school,A011092
P009656,2025/2026,1,university,A001447
P009657,2025/2026,1,university,A009488
P009659,2025/2026,1,vocational_school,A014542
P009666,2025/2026,1,vocational_school,A011156
P009677,2025/2026,1,vocational_school,A007706
P009678,2025/2026,1,NA,A007706
P009681,2025/2026,1,school,A000206
P009683,2025/2026,1,school,A007552
P009684,2025/2026,1,university,A008379
P009685,2025/2026,1,NA,A008379
P009686,2025/2026,1,vocational_school,A007659
P009691,2025/2026,1,university,A008252
P009700,2025/2026,1,school,A009338
P009705,2025/2026,1,vocational_school,A014412
P009718,2025/2026,1,school,A011609
P009726,2025/2026,1,NA,A001092
P009734,2025/2026,1,school,A006884
P009742,2025/2026,1,school,A009757
P009752,2025/2026,1,school,A005507
P009781,2025/2026,1,university,A002602
P009800,2025/2026,1,school,A006190
P009802,2025/2026,1,school,A006993
P009813,2025/2026,1,school,A014298
P009814,2025/2026,1,school,A014298
P009824,2025/2026,1,school,A001635
P009827,2025/2026,1,school,A010356
P009837,2025/2026,1,school,A002204
P009848,2025/2026,1,vocational_school,A016157
P009859,2025/2026,1,school,A003790
P009860,2025/2026,1,school,A002347
P009861,2025/2026,1,school,A002347
P009868,2025/2026,1,school,A001331
P009873,2025/2026,1,vocational_school,A011316
P009881,2025/2026,1,university,NA
P009885,2025/2026,1,school,A000736
P009887,2025/2026,1,university,A015508
P009888,2025/2026,1,university,A015508
P009898,2025/2026,1,university,A015942
P009906,2025/2026,1,school,A008584
P009907,2025/2026,1,NA,A004870
P009915,2025/2026,1,school,A010519
P009917,2025/2026,1,NA,A013381
P009925,2025/2026,1,vocational_school,A015408
P009928,2025/2026,1,school,A002579
P009929,2025/2026,1,school,A007662
P009954,2025/2026,1,school,A015422
P009955,2025/2026,1,school,A017872
P009957,2025/2026,1,vocational_school,A003056
P010008,2025/2026,1,school,A004597
P010010,2025/2026,1,vocational_school,A017384
P010016,2025/2026,1,university,A002609
P010034,2025/2026,1,school,A016506
P010040,2025/2026,1,school,A002585
P010045,2025/2026,1,university,A013626
P010051,2025/2026,1,university,A010637
P010063,2025/2026,1,vocational_school,A016797
P010083,2025/2026,1,school,A010440
P010085,2025/2026,1,university,A010440
P010089,2025/2026,1,school,A006512
P010094,2025/2026,1,vocational_school,A006512
P010095,2025/2026,1,school,A005432
P010098,2025/2026,1,school,A007999
P010099,2025/2026,1,school,A007999
P010101,2025/2026,1,university,A005725
P010107,2025/2026,1,vocational_school,A002144
P010108,2025/2026,1,university,A002144
P010114,2025/2026,1,school,A003204
P010115,2025/2026,1,NA,A005793
P010118,2025/2026,1,university,NA
P010123,2025/2026,1,vocational_school,A005414
P010125,2025/2026,1,school,NA
P010132,2025/2026,1,university,A002614
P010134,2025/2026,1,school,A000754
P010145,2025/2026,1,school,A010557
P010150,2025/2026,1,school,A001798
P010153,2025/2026,1,school,A001798
P010154,2025/2026,1,school,A013934
P010156,2025/2026,1,vocational_school,A009578
P010158,2025/2026,1,vocational_school,A011410
P010163,2025/2026,1,university,A003930
P010176,2025/2026,1,school,A000079
P010177,2025/2026,1,school,A000079
P010183,2025/2026,1,vocational_school,A001278
P010190,2025/2026,1,school,A005445
P010192,2025/2026,1,school,A012782
P010206,2025/2026,1,university,A008785
P010221,2025/2026,1,school,A016120
P010227,2025/2026,1,school,A005769
P010233,2025/2026,1,school,A009902
P010234,2025/2026,1,university,A009902
P010235,2025/2026,1,university,A009059
P010259,2025/2026,1,school,A006607
P010271,2025/2026,1,school,A008086
P010279,2025/2026,1,school,A008836
P010281,2025/2026,1,school,A008836
P010286,2025/2026,1,school,A009560
P010287,2025/2026,1,vocational_school,A009560
P010292,2025/2026,1,school,A006809
P010293,2025/2026,1,university,A006809
P010294,2025/2026,1,vocational_school,A008441
P010305,2025/2026,1,vocational_school,A006411
P010308,2025/2026,1,school,A017838
P010310,2025/2026,1,school,A013843
P010316,2025/2026,1,vocational_school,A006938
P010319,2025/2026,1,school,A007410
P010325,2025/2026,1,school,A014415
P010328,2025/2026,1,school,A010208
P010336,2025/2026,1,school,A006462
P010338,2025/2026,1,school,A010543
P010345,2025/2026,1,NA,A007037
P010355,2025/2026,1,school,A014231
P010363,2025/2026,1,school,A011531
P010364,2025/2026,1,school,A011531
P010368,2025/2026,1,vocational_school,A002047
P010372,2025/2026,1,school,A001091
P010379,2025/2026,1,NA,A013784
P010380,2025/2026,1,NA,A008612
P010388,2025/2026,1,university,A015824
P010392,2025/2026,1,school,A004035
P010393,2025/2026,1,school,A004035
P010395,2025/2026,1,school,A016627
P010399,2025/2026,1,vocational_school,A003570
P010404,2025/2026,1,NA,A008461
P010409,2025/2026,1,university,A000052
P010414,2025/2026,1,school,A007077
P010417,2025/2026,1,vocational_school,A007370
P010422,2025/2026,1,school,A016844
P010425,2025/2026,1,school,A000758
P010440,2025/2026,1,school,A015272
P010444,2025/2026,1,school,A014018
P010450,2025/2026,1,school,NA
P010470,2025/2026,1,university,A012308
P010474,2025/2026,1,school,A002979
P010475,2025/2026,1,university,A012679
P010482,2025/2026,1,university,A007363
P010483,2025/2026,1,vocational_school,A007363
P010485,2025/2026,1,school,A007363
P010490,2025/2026,1,university,A011061
P010491,2025/2026,1,school,A008296
P010511,2025/2026,1,school,A000671
P010512,2025/2026,1,school,A000671
P010513,2025/2026,1,university,A000671
P010517,2025/2026,1,vocational_school,A008517
P010523,2025/2026,1,school,A002712
P010540,2025/2026,1,school,A011079
P010556,2025/2026,1,university,A003151
P010558,2025/2026,1,school,A006749
P010561,2025/2026,1,vocational_school,A009988
P010577,2025/2026,1,school,A004976
P010583,2025/2026,1,school,A009679
P010584,2025/2026,1,school,A001601
P010595,2025/2026,1,vocational_school,A008828
P010604,2025/2026,1,school,A016049
P010608,2025/2026,1,school,NA
P010618,2025/2026,1,school,A001965
P010623,2025/2026,1,university,A002721
P010630,2025/2026,1,school,A004331
P010632,2025/2026,1,vocational_school,NA
P010635,2025/2026,1,school,A002606
P010644,2025/2026,1,university,A003201
P010652,2025/2026,1,school,A011088
P010658,2025/2026,1,university,A003054
P010663,2025/2026,1,vocational_school,A016105
P010677,2025/2026,1,school,A012743
P010679,2025/2026,1,school,A006224
P010680,2025/2026,1,school,A006224
P010683,2025/2026,1,school,A001358
P010698,2025/2026,1,vocational_school,A007284
P010706,2025/2026,1,school,A002254
P010713,2025/2026,1,school,A011429
P010714,2025/2026,1,school,NA
P010715,2025/2026,1,school,A010779
P010716,2025/2026,1,university,A010779
P010718,2025/2026,1,school,A010779
P010720,2025/2026,1,vocational_school,A000858
P010735,2025/2026,1,vocational_school,A003959
P010738,2025/2026,1,vocational_school,A005139
P010739,2025/2026,1,school,A013330
P010743,2025/2026,1,NA,A001046
P010766,2025/2026,1,school,A007038
P010774,2025/2026,1,school,A002321
P010782,2025/2026,1,vocational_school,A007732
P010783,2025/2026,1,school,A011069
P010785,2025/2026,1,university,A011069
P010786,2025/2026,1,university,A011069
P010810,2025/2026,1,school,A001054
P010813,2025/2026,1,vocational_school,A008643
P010816,2025/2026,1,university,A005942
P010822,2025/2026,1,university,A016766
P010832,2025/2026,1,school,A010992
P010847,2025/2026,1,vocational_school,A006236
P010853,2025/2026,1,university,A002237
P010855,2025/2026,1,school,A016018
P010858,2025/2026,1,school,A005273
P010863,2025/2026,1,vocational_school,A007126
P010865,2025/2026,1,school,A006075
P010873,2025/2026,1,university,A015671
P010885,2025/2026,1,school,A002623
P010887,2025/2026,1,school,A013700
P010893,2025/2026,1,school,A012688
P010896,2025/2026,1,school,A013639
P010898,2025/2026,1,school,A013639
P010899,2025/2026,1,university,A013639
P010907,2025/2026,1,school,A002364
P010913,2025/2026,1,school,A010830
P010917,2025/2026,1,school,A007775
P010921,2025/2026,1,school,A005468
P010922,2025/2026,1,school,A005468
P010927,2025/2026,1,school,A004037
P010928,2025/2026,1,school,A004037
P010933,2025/2026,1,university,A014438
P010934,2025/2026,1,school,A014438
P010935,2025/2026,1,vocational_school,A014438
P010947,2025/2026,1,university,NA
P010961,2025/2026,1,vocational_school,A000780
P010978,2025/2026,1,vocational_school,A011404
P010985,2025/2026,1,school,A015312
P010989,2025/2026,1,school,A000368
P010992,2025/2026,1,school,A011501
P011002,2025/2026,1,school,A010169
P011007,2025/2026,1,vocational_school,A007276
P011011,2025/2026,1,school,A008807
P011037,2025/2026,1,vocational_school,A014252
P011042,2025/2026,1,university,A003477
P011043,2025/2026,1,school,A010310
P011048,2025/2026,1,vocational_school,A008656
P011050,2025/2026,1,school,A015293
P011052,2025/2026,1,vocational_school,A007275
P011060,2025/2026,1,school,A010563
P011061,2025/2026,1,school,A010563
P011062,2025/2026,1,university,A011472
P011069,2025/2026,1,NA,A005488
P011077,2025/2026,1,school,A003977
P011081,2025/2026,1,school,A012098
P011085,2025/2026,1,school,A010238
P011087,2025/2026,1,university,A006961
P011102,2025/2026,1,school,A009400
P011107,2025/2026,1,school,A008388
P011108,2025/2026,1,vocational_school,A003441
P011112,2025/2026,1,vocational_school,A005483
P011118,2025/2026,1,vocational_school,A004248
P011119,2025/2026,1,school,A012301
P011129,2025/2026,1,school,A015746
P011139,2025/2026,1,school,A010746
P011141,2025/2026,1,school,A011532
P011148,2025/2026,1,school,A010088
P011158,2025/2026,1,school,A001034
P011164,2025/2026,1,school,A017471
P011170,2025/2026,1,school,A001637
P011173,2025/2026,1,school,A014403
P011183,2025/2026,1,school,A017602
P011190,2025/2026,1,vocational_school,A013040
P011194,2025/2026,1,school,A003403
P011196,2025/2026,1,school,A016230
P011206,2025/2026,1,vocational_school,A002583
P011207,2025/2026,1,school,A002583
P011221,2025/2026,1,school,A006298
P011228,2025/2026,1,NA,A014599
P011232,2025/2026,1,school,A012796
P011234,2025/2026,1,school,A001434
P011244,2025/2026,1,school,A017981
P011249,2025/2026,1,university,A001939
P011255,2025/2026,1,university,A015013
P011261,2025/2026,1,vocational_school,A010491
P011267,2025/2026,1,school,A003473
P011268,2025/2026,1,school,A011839
P011274,2025/2026,1,school,A006993
P011283,2025/2026,1,school,A005956
P011284,2025/2026,1,school,A010201
P011285,2025/2026,1,school,A010201
P011287,2025/2026,1,university,A016234
P011309,2025/2026,1,school,A011025
P011317,2025/2026,1,school,A005489
P011318,2025/2026,1,university,A005489
P011319,2025/2026,1,school,A007346
P011326,2025/2026,1,school,A006833
P011338,2025/2026,1,school,A008789
P011340,2025/2026,1,school,A008789
P011346,2025/2026,1,vocational_school,A012623
P011347,2025/2026,1,vocational_school,A005969
P011349,2025/2026,1,school,A004355
P011360,2025/2026,1,school,A008044
P011363,2025/2026,1,vocational_school,A012591
P011368,2025/2026,1,vocational_school,A013096
P011369,2025/2026,1,vocational_school,A015097
P011378,2025/2026,1,school,A008708
P011390,2025/2026,1,school,A012122
P011394,2025/2026,1,school,A007093
P011396,2025/2026,1,school,A007093
P011405,2025/2026,1,university,A001030
P011406,2025/2026,1,school,A001030
P011408,2025/2026,1,university,A001030
P011414,2025/2026,1,school,A000346
P011424,2025/2026,1,university,A010386
P011425,2025/2026,1,school,A010144
P011426,2025/2026,1,school,A010144
P011437,2025/2026,1,school,A003991
P011442,2025/2026,1,vocational_school,A000685
P011447,2025/2026,1,school,A007317
P011448,2025/2026,1,university,A013164
P011450,2025/2026,1,school,A007291
P011457,2025/2026,1,university,A014302
P011462,2025/2026,1,vocational_school,A004220
P011467,2025/2026,1,vocational_school,A003184
P011468,2025/2026,1,school,A003184
P011471,2025/2026,1,vocational_school,A013371
P011476,2025/2026,1,school,A004890
P011498,2025/2026,1,school,A006710
P011506,2025/2026,1,school,A011105
P011514,2025/2026,1,university,A005851
P011517,2025/2026,1,school,A005851
P011521,2025/2026,1,school,A017851
P011524,2025/2026,1,school,A008472
P011525,2025/2026,1,university,A017621
P011529,2025/2026,1,vocational_school,A016416
P011533,2025/2026,1,school,A012835
P011535,2025/2026,1,school,A001390
P011545,2025/2026,1,school,A007958
P011549,2025/2026,1,university,A008579
P011552,2025/2026,1,university,A016572
P011563,2025/2026,1,school,A012270
P011566,2025/2026,1,school,NA
P011572,2025/2026,1,school,A009891
P011585,2025/2026,1,university,A014486
P011586,2025/2026,1,vocational_school,A014486
P011602,2025/2026,1,school,A002112
P011615,2025/2026,1,university,A011202
P011624,2025/2026,1,vocational_school,A012785
P011651,2025/2026,1,university,A003307
P011654,2025/2026,1,university,A000801
P011657,2025/2026,1,school,A011281
P011659,2025/2026,1,school,A011281
P011670,2025/2026,1,NA,A015114
P011674,2025/2026,1,school,A002699
P011675,2025/2026,1,school,A002699
P011676,2025/2026,1,school,A002699
P011686,2025/2026,1,school,A010320
P011687,2025/2026,1,NA,A014901
P011691,2025/2026,1,school,A010865
P011695,2025/2026,1,school,A011017
P011705,2025/2026,1,university,A009969
P011708,2025/2026,1,school,A016688
P011709,2025/2026,1,school,A011781
P011713,2025/2026,1,school,A004308
P011716,2025/2026,1,school,A005560
P011720,2025/2026,1,school,A005427
P011722,2025/2026,1,vocational_school,A005427
P011725,2025/2026,1,school,A012268
P011728,2025/2026,1,school,A005445
P011732,2025/2026,1,school,A001096
P011736,2025/2026,1,school,A008705
P011737,2025/2026,1,NA,NA
P011741,2025/2026,1,school,A015573
P011755,2025/2026,1,school,A007505
P011756,2025/2026,1,school,A014353
P011759,2025/2026,1,school,A004102
P011761,2025/2026,1,school,A004102
P011763,2025/2026,1,university,A011977
P011769,2025/2026,1,school,A002796
P011774,2025/2026,1,school,A017322
P011778,2025/2026,1,school,A000084
P011779,2025/2026,1,vocational_school,A012949
P011801,2025/2026,1,school,NA
P011804,2025/2026,1,school,A013766
P011807,2025/2026,1,school,A006851
P011810,2025/2026,1,vocational_school,A005892
P011817,2025/2026,1,vocational_school,A014091
P011818,2025/2026,1,school,A014091
P011824,2025/2026,1,school,A016278
P011831,2025/2026,1,vocational_school,A002917
P011834,2025/2026,1,university,A006224
P011836,2025/2026,1,school,A014386
P011839,2025/2026,1,vocational_school,A003779
P011848,2025/2026,1,vocational_school,A008842
P011852,2025/2026,1,school,A008071
P011859,2025/2026,1,NA,A011333
P011861,2025/2026,1,school,A006605
P011867,2025/2026,1,school,A013124
P011875,2025/2026,1,school,A005215
P011876,2025/2026,1,school,A009693
P011882,2025/2026,1,university,A006313
P011892,2025/2026,1,school,A012701
P011896,2025/2026,1,school,A011202
P011897,2025/2026,1,university,A006640
P011899,2025/2026,1,school,A009098
P011918,2025/2026,1,university,A009605
P011923,2025/2026,1,school,A005957
P011925,2025/2026,1,school,A008554
P011926,2025/2026,1,vocational_school,A014244
P011940,2025/2026,1,university,A012558
P011942,2025/2026,1,school,A012558
P011947,2025/2026,1,school,A009381
P011948,2025/2026,1,school,A013357
P011949,2025/2026,1,NA,A014745
P011954,2025/2026,1,vocational_school,A007498
P011964,2025/2026,1,school,A000564
P011971,2025/2026,1,school,A010275
P011972,2025/2026,1,school,A009275
P011981,2025/2026,1,vocational_school,A012666
P011992,2025/2026,1,vocational_school,A008672
P011996,2025/2026,1,NA,A000323
P012002,2025/2026,1,school,A017846
P012004,2025/2026,1,school,A001895
P012016,2025/2026,1,school,A002339
P012017,2025/2026,1,school,A002339
P012019,2025/2026,1,vocational_school,A009423
P012024,2025/2026,1,school,A004560
P012036,2025/2026,1,vocational_school,A010434
P012037,2025/2026,1,school,A010434
P012040,2025/2026,1,vocational_school,A001744
P012042,2025/2026,1,vocational_school,A006275
P012044,2025/2026,1,university,A006275
P012055,2025/2026,1,school,A006442
P012057,2025/2026,1,school,A010729
P012060,2025/2026,1,school,A002664
P012062,2025/2026,1,school,A002664
P012063,2025/2026,1,school,A002664
P012065,2025/2026,1,school,A002664
P012069,2025/2026,1,school,A014524
P012071,2025/2026,1,NA,A001898
P012072,2025/2026,1,school,A001898
P012080,2025/2026,1,school,A017084
P012081,2025/2026,1,school,A004481
P012087,2025/2026,1,school,A014974
P012092,2025/2026,1,school,A011327
P012094,2025/2026,1,school,A016071
P012096,2025/2026,1,school,A002270
P012099,2025/2026,1,vocational_school,A005388
P012105,2025/2026,1,school,A012290
P012106,2025/2026,1,university,A012290
P012112,2025/2026,1,school,A007854
P012114,2025/2026,1,NA,A010661
P012118,2025/2026,1,school,A016145
P012124,2025/2026,1,vocational_school,A017408
P012125,2025/2026,1,university,A017408
P012129,2025/2026,1,school,A003712
P012140,2025/2026,1,school,A011344
P012145,2025/2026,1,school,A005487
P012148,2025/2026,1,vocational_school,A000473
P012152,2025/2026,1,vocational_school,A011404
P012154,2025/2026,1,school,A011526
P012162,2025/2026,1,university,A008456
P012168,2025/2026,1,vocational_school,A004492
P012174,2025/2026,1,school,A000148
P012182,2025/2026,1,vocational_school,A005597
P012185,2025/2026,1,NA,A005597
P012186,2025/2026,1,school,A009239
P012189,2025/2026,1,school,A000121
P012196,2025/2026,1,school,A002614
P012202,2025/2026,1,school,A017380
P012216,2025/2026,1,university,A006532
P012232,2025/2026,1,vocational_school,A005900
P012234,2025/2026,1,vocational_school,A017698
P012244,2025/2026,1,school,A012833
P012248,2025/2026,1,school,A012869
P012251,2025/2026,1,vocational_school,A013912
P012256,2025/2026,1,school,A008842
P012257,2025/2026,1,school,A008842
P012261,2025/2026,1,university,A013989
P012277,2025/2026,1,school,A006493
P012279,2025/2026,1,school,A006493
P012282,2025/2026,1,university,A016029
P012285,2025/2026,1,school,A004049
P012290,2025/2026,1,school,A005323
P012291,2025/2026,1,school,A005323
P012293,2025/2026,1,university,A013584
P012294,2025/2026,1,university,A013584
P012304,2025/2026,1,vocational_school,A008250
P012310,2025/2026,1,university,A001632
P012311,2025/2026,1,school,A015667
P012319,2025/2026,1,school,A004857
P012331,2025/2026,1,university,NA
P012335,2025/2026,1,school,A004916
P012364,2025/2026,1,vocational_school,A006686
P012365,2025/2026,1,school,A006686
P012367,2025/2026,1,school,A003676
P012375,2025/2026,1,school,A014374
P012381,2025/2026,1,school,A014941
P012383,2025/2026,1,school,A014941
P012395,2025/2026,1,university,A010202
P012396,2025/2026,1,school,A007865
P012399,2025/2026,1,school,A017652
P012406,2025/2026,1,university,A007878
P012411,2025/2026,1,school,A017232
P012414,2025/2026,1,vocational_school,A011426
P012418,2025/2026,1,school,A006345
P012423,2025/2026,1,vocational_school,A015380
P012431,2025/2026,1,vocational_school,A001819
P012447,2025/2026,1,vocational_school,A010066
P012452,2025/2026,1,school,A013603
P012453,2025/2026,1,vocational_school,A013603
P012456,2025/2026,1,school,A001873
P012461,2025/2026,1,school,A001484
P012463,2025/2026,1,university,A016781
P012470,2025/2026,1,school,A005528
P012471,2025/2026,1,school,A005192
P012476,2025/2026,1,school,A011078
P012478,2025/2026,1,school,A017815
P012505,2025/2026,1,school,A005287
P012513,2025/2026,1,school,A008744
P012514,2025/2026,1,university,NA
P012516,2025/2026,1,vocational_school,A015919
P012530,2025/2026,1,university,A009952
P012537,2025/2026,1,school,A006988
P012544,2025/2026,1,school,A006003
P012545,2025/2026,1,school,A006003
P012546,2025/2026,1,school,A006003
P012549,2025/2026,1,vocational_school,A017222
P012558,2025/2026,1,university,A014739
P012565,2025/2026,1,university,A001061
P012569,2025/2026,1,vocational_school,A005487
P012573,2025/2026,1,school,A011258
P012575,2025/2026,1,school,A000699
P012584,2025/2026,1,university,A005214
P012587,2025/2026,1,school,A012501
P012600,2025/2026,1,vocational_school,A001732
P012610,2025/2026,1,university,A011476
P012612,2025/2026,1,school,A013871
P012617,2025/2026,1,school,A011133
P012621,2025/2026,1,school,A004441
P012632,2025/2026,1,school,A000317
P012636,2025/2026,1,university,A015284
P012638,2025/2026,1,university,A016129
P012644,2025/2026,1,school,A004668
P012646,2025/2026,1,vocational_school,A012278
P012647,2025/2026,1,school,A012278
P012649,2025/2026,1,school,A000266
P012664,2025/2026,1,NA,A013578
P012667,2025/2026,1,school,A005651
P012672,2025/2026,1,school,A017280
P012678,2025/2026,1,school,A002986
P012681,2025/2026,1,school,A011843
P012689,2025/2026,1,school,A012553
P012690,2025/2026,1,school,A011587
P012692,2025/2026,1,school,A017311
P012704,2025/2026,1,school,A016254
P012707,2025/2026,1,school,A007706
P012715,2025/2026,1,school,A015332
P012716,2025/2026,1,school,A000258
P012722,2025/2026,1,school,A011948
P012724,2025/2026,1,NA,A015336
P012729,2025/2026,1,university,A000052
P012730,2025/2026,1,school,A004010
P012738,2025/2026,1,school,A002584
P012742,2025/2026,1,school,A003803
P012754,2025/2026,1,university,A008918
P012758,2025/2026,1,school,A010604
P012763,2025/2026,1,school,A016605
P012770,2025/2026,1,school,A002926
P012775,2025/2026,1,school,A017566
P012783,2025/2026,1,school,A009247
P012784,2025/2026,1,university,A009886
P012788,2025/2026,1,school,A016222
P012800,2025/2026,1,university,A005456
P012803,2025/2026,1,school,NA
P012813,2025/2026,1,school,A004067
P012814,2025/2026,1,school,A002478
P012826,2025/2026,1,school,A016428
P012827,2025/2026,1,vocational_school,A009818
P012837,2025/2026,1,school,A007506
P012839,2025/2026,1,school,A015513
P012850,2025/2026,1,school,A005679
P012856,2025/2026,1,school,A011153
P012859,2025/2026,1,vocational_school,A013201
P012861,2025/2026,1,NA,A008760
P012862,2025/2026,1,university,A008760
P012874,2025/2026,1,school,A014906
P012875,2025/2026,1,NA,A001759
P012878,2025/2026,1,school,A013522
P012879,2025/2026,1,school,A012484
P012882,2025/2026,1,school,A009521
P012884,2025/2026,1,school,A011174
P012902,2025/2026,1,school,A011754
P012904,2025/2026,1,vocational_school,A011754
P012917,2025/2026,1,school,A009221
P012925,2025/2026,1,university,A013178
P012928,2025/2026,1,school,A014424
P012929,2025/2026,1,university,NA
P012945,2025/2026,1,NA,A012161
P012946,2025/2026,1,school,A008198
P012947,2025/2026,1,vocational_school,A008198
P012948,2025/2026,1,university,A008198
P012950,2025/2026,1,school,A009628
P012958,2025/2026,1,school,A009025
P012971,2025/2026,1,school,A017044
P012984,2025/2026,1,school,A017624
P012992,2025/2026,1,vocational_school,A015304
P012994,2025/2026,1,school,A010625
P013001,2025/2026,1,school,A009542
P013004,2025/2026,1,school,A006645
P013008,2025/2026,1,school,A009246
P013009,2025/2026,1,university,A011262
P013017,2025/2026,1,NA,A011551
P013019,2025/2026,1,university,A010310
P013024,2025/2026,1,vocational_school,A000148
P013057,2025/2026,1,university,A007348
P013058,2025/2026,1,school,A016636
P013063,2025/2026,1,school,A014434
P013072,2025/2026,1,vocational_school,A007506
P013073,2025/2026,1,school,A010866
P013078,2025/2026,1,school,A009792
P013085,2025/2026,1,university,NA
P013088,2025/2026,1,NA,NA
P013098,2025/2026,1,university,A009507
P013103,2025/2026,1,school,A007287
P013110,2025/2026,1,school,A015428
P013111,2025/2026,1,school,A013483
P013114,2025/2026,1,school,A017439
P013124,2025/2026,1,school,A000947
P013136,2025/2026,1,vocational_school,A003194
P013137,2025/2026,1,school,A009989
P013138,2025/2026,1,vocational_school,A009989
P013140,2025/2026,1,vocational_school,A010999
P013141,2025/2026,1,university,A006675
P013145,2025/2026,1,university,A004236
P013156,2025/2026,1,school,A009971
P013159,2025/2026,1,school,A005683
P013176,2025/2026,1,school,A000250
P013194,2025/2026,1,school,A017596
P013198,2025/2026,1,school,A014705
P013199,2025/2026,1,university,A014705
P013201,2025/2026,1,school,A005014
P013203,2025/2026,1,vocational_school,A010766
P013210,2025/2026,1,school,A003452
P013213,2025/2026,1,NA,A001205
P013218,2025/2026,1,school,A005029
P013242,2025/2026,1,school,A009453
P013248,2025/2026,1,school,A012524
P013254,2025/2026,1,school,A000321
P013258,2025/2026,1,school,A004345
P013265,2025/2026,1,school,A015083
P013270,2025/2026,1,university,A008801
P013274,2025/2026,1,school,A006258
P013275,2025/2026,1,vocational_school,A016153
P013277,2025/2026,1,university,A017168
P013280,2025/2026,1,school,A017168
P013284,2025/2026,1,school,A007521
P013297,2025/2026,1,school,A002652
P013298,2025/2026,1,vocational_school,A012610
P013302,2025/2026,1,school,A015972
P013317,2025/2026,1,vocational_school,A014164
P013324,2025/2026,1,school,A002809
P013328,2025/2026,1,school,A002941
P013345,2025/2026,1,university,A004824
P013350,2025/2026,1,university,A005707
P013354,2025/2026,1,school,A015737
P013355,2025/2026,1,school,A015737
P013369,2025/2026,1,school,A010320
P013375,2025/2026,1,school,A009014
P013385,2025/2026,1,school,A009366
P013392,2025/2026,1,university,A008574
P013394,2025/2026,1,school,A008574
P013401,2025/2026,1,school,A010572
P013402,2025/2026,1,school,A010572
P013405,2025/2026,1,vocational_school,A000186
P013410,2025/2026,1,school,A002165
P013417,2025/2026,1,vocational_school,A007143
P013420,2025/2026,1,school,A015593
P013425,2025/2026,1,university,A008269
P013452,2025/2026,1,vocational_school,A004059
P013454,2025/2026,1,school,A011186
P013458,2025/2026,1,school,A003353
P013483,2025/2026,1,school,A002751
P013491,2025/2026,1,school,A001933
P013510,2025/2026,1,school,A000962
P013519,2025/2026,1,school,A004494
P013521,2025/2026,1,school,A013189
P013523,2025/2026,1,school,A013189
P013524,2025/2026,1,school,A002318
P013527,2025/2026,1,school,A016766
P013533,2025/2026,1,university,A004507
P013538,2025/2026,1,school,A012426
P013549,2025/2026,1,vocational_school,A017303
P013550,2025/2026,1,school,A004290
P013555,2025/2026,1,school,A011371
P013560,2025/2026,1,vocational_school,A016000
P013563,2025/2026,1,vocational_school,A007259
P013565,2025/2026,1,school,A002484
P013574,2025/2026,1,school,A010282
P013578,2025/2026,1,school,A005327
P013579,2025/2026,1,school,A016461
P013582,2025/2026,1,school,NA
P013592,2025/2026,1,school,A000791
P013596,2025/2026,1,school,A010529
P013599,2025/2026,1,vocational_school,A017342
P013600,2025/2026,1,NA,NA
P013603,2025/2026,1,vocational_school,A009010
P013605,2025/2026,1,school,A009010
P013611,2025/2026,1,school,A011276
P013613,2025/2026,1,vocational_school,A009533
P013625,2025/2026,1,university,NA
P013630,2025/2026,1,vocational_school,A007247
P013634,2025/2026,1,school,A007247
P013636,2025/2026,1,school,A009017
P013647,2025/2026,1,school,A011457
P013654,2025/2026,1,school,A011200
P013666,2025/2026,1,vocational_school,A011823
P013669,2025/2026,1,school,A003466
P013671,2025/2026,1,university,A012335
P013681,2025/2026,1,school,A010583
P013682,2025/2026,1,vocational_school,A010583
P013711,2025/2026,1,school,A003838
P013712,2025/2026,1,school,A003838
P013713,2025/2026,1,university,A003838
P013724,2025/2026,1,vocational_school,A006376
P013726,2025/2026,1,school,A008685
P013737,2025/2026,1,vocational_school,A004825
P013740,2025/2026,1,school,A017331
P013747,2025/2026,1,school,A005321
P013751,2025/2026,1,school,A006283
P013752,2025/2026,1,school,A015320
P013759,2025/2026,1,school,A014738
P013763,2025/2026,1,vocational_school,A011605
P013766,2025/2026,1,university,A007426
P013769,2025/2026,1,school,A012383
P013773,2025/2026,1,vocational_school,A010422
P013775,2025/2026,1,school,A006036
P013778,2025/2026,1,NA,A006093
P013781,2025/2026,1,school,A011277
P013783,2025/2026,1,school,NA
P013792,2025/2026,1,school,A012570
P013799,2025/2026,1,school,A011530
P013806,2025/2026,1,vocational_school,A017433
P013812,2025/2026,1,vocational_school,A014182
P013821,2025/2026,1,school,A002835
P013831,2025/2026,1,school,A014352
P013834,2025/2026,1,university,A007779
P013838,2025/2026,1,school,A007559
P013839,2025/2026,1,university,A014232
P013841,2025/2026,1,school,A000379
P013848,2025/2026,1,NA,A006968
P013851,2025/2026,1,school,A013443
P013856,2025/2026,1,school,A001027
P013857,2025/2026,1,university,A007437
P013859,2025/2026,1,NA,A007437
P013865,2025/2026,1,school,A004315
P013868,2025/2026,1,school,A012590
P013881,2025/2026,1,school,A014672
P013885,2025/2026,1,school,A012025
P013900,2025/2026,1,school,A017666
P013906,2025/2026,1,school,A014736
P013908,2025/2026,1,school,A000881
P013914,2025/2026,1,university,A004702
P013920,2025/2026,1,school,A006779
P013922,2025/2026,1,school,A006779
P013931,2025/2026,1,school,A011256
P013932,2025/2026,1,school,A012687
P013933,2025/2026,1,school,A008864
P013937,2025/2026,1,school,A017533
P013942,2025/2026,1,school,A004315
P013963,2025/2026,1,school,A016481
P013970,2025/2026,1,school,A015087
P013972,2025/2026,1,school,A014639
P013973,2025/2026,1,school,A003885
P013985,2025/2026,1,school,A007443
P013986,2025/2026,1,university,A001349
P014000,2025/2026,1,school,A017148
P014004,2025/2026,1,vocational_school,A005754
P014005,2025/2026,1,vocational_school,A005754
P014009,2025/2026,1,school,A008942
P014029,2025/2026,1,school,A016130
P014045,2025/2026,1,school,A016103
P014052,2025/2026,1,university,A016146
P014063,2025/2026,1,school,A015113
P014068,2025/2026,1,NA,A000044
P014074,2025/2026,1,school,A012171
P014076,2025/2026,1,school,A012171
P014107,2025/2026,1,vocational_school,A003321
P014111,2025/2026,1,school,A003367
P014117,2025/2026,1,vocational_school,A001419
P014121,2025/2026,1,school,A010144
P014123,2025/2026,1,university,A010144
P014125,2025/2026,1,school,A005493
P014129,2025/2026,1,school,A010614
P014137,2025/2026,1,school,A009236
P014139,2025/2026,1,school,A002839
P014150,2025/2026,1,school,A005932
P014152,2025/2026,1,school,A005932
P014155,2025/2026,1,university,A005770
P014163,2025/2026,1,school,A005425
P014167,2025/2026,1,vocational_school,A013336
P014173,2025/2026,1,vocational_school,A016398
P014185,2025/2026,1,school,A010638
P014186,2025/2026,1,school,A009192
P014191,2025/2026,1,school,A006488
P014193,2025/2026,1,university,A008512
P014194,2025/2026,1,university,A008512
P014206,2025/2026,1,school,A012164
P014207,2025/2026,1,school,A012164
P014212,2025/2026,1,school,A001189
P014213,2025/2026,1,school,A001526
P014214,2025/2026,1,school,A011972
P014225,2025/2026,1,vocational_school,A010666
P014226,2025/2026,1,school,A003481
P014233,2025/2026,1,school,A006406
P014246,2025/2026,1,university,A016047
P014253,2025/2026,1,NA,A003272
P014256,2025/2026,1,school,A012622
P014257,2025/2026,1,school,A012622
P014261,2025/2026,1,vocational_school,A016774
P014267,2025/2026,1,vocational_school,A000424
P014281,2025/2026,1,school,A004336
P014284,2025/2026,1,school,A002156
P014286,2025/2026,1,vocational_school,A003416
P014289,2025/2026,1,university,A005426
P014300,2025/2026,1,school,A002466
P014304,2025/2026,1,university,A015142
P014306,2025/2026,1,university,A015689
P014307,2025/2026,1,school,A005090
P014310,2025/2026,1,school,A000081
P014325,2025/2026,1,school,A012622
P014330,2025/2026,1,school,A003801
P014331,2025/2026,1,school,A001782
P014352,2025/2026,1,school,A014557
P014358,2025/2026,1,vocational_school,A010836
P014361,2025/2026,1,school,A010836
P014378,2025/2026,1,school,A002529
P014380,2025/2026,1,school,A009721
P014387,2025/2026,1,school,A008015
P014390,2025/2026,1,school,A002053
P014393,2025/2026,1,university,A014563
P014396,2025/2026,1,university,A012421
P014408,2025/2026,1,school,A016939
P014410,2025/2026,1,school,A007222
P014418,2025/2026,1,school,A003350
P014421,2025/2026,1,vocational_school,A013377
P014422,2025/2026,1,school,A013377
P014423,2025/2026,1,vocational_school,A004781
P014434,2025/2026,1,school,A016540
P014446,2025/2026,1,school,A011349
P014449,2025/2026,1,vocational_school,A001996
P014460,2025/2026,1,school,A007611
P014476,2025/2026,1,vocational_school,A010746
P014482,2025/2026,1,school,A013164
P014484,2025/2026,1,vocational_school,A002753
P014492,2025/2026,1,school,A002392
P014508,2025/2026,1,school,A014582
P014510,2025/2026,1,school,A004258
P014513,2025/2026,1,school,A010715
P014517,2025/2026,1,school,A002621
P014521,2025/2026,1,school,A017505
P014536,2025/2026,1,school,A005016
P014551,2025/2026,1,school,A003478
P014555,2025/2026,1,NA,A014478
P014568,2025/2026,1,school,A000948
P014569,2025/2026,1,school,A004979
P014572,2025/2026,1,university,A004979
P014574,2025/2026,1,school,A004979
P014583,2025/2026,1,vocational_school,A016698
P014585,2025/2026,1,university,A016698
P014598,2025/2026,1,school,A001940
P014600,2025/2026,1,school,A001940
P014604,2025/2026,1,school,A017179
P014613,2025/2026,1,school,A009337
P014615,2025/2026,1,university,A009337
P014620,2025/2026,1,vocational_school,A007107
P014628,2025/2026,1,vocational_school,A011026
P014630,2025/2026,1,school,A000429
P014632,2025/2026,1,school,A000429
P014636,2025/2026,1,university,A009861
P014639,2025/2026,1,university,A003952
P014646,2025/2026,1,school,A006777
P014663,2025/2026,1,school,A000803
P014664,2025/2026,1,school,A009005
P014665,2025/2026,1,school,A009005
P014672,2025/2026,1,school,A002018
P014673,2025/2026,1,vocational_school,A002018
P014675,2025/2026,1,university,A002018
P014686,2025/2026,1,school,A016694
P014696,2025/2026,1,school,A003134
P014698,2025/2026,1,school,A008675
P014711,2025/2026,1,school,A002533
P014720,2025/2026,1,university,A013737
P014726,2025/2026,1,school,A006647
P014739,2025/2026,1,school,A013062
P014746,2025/2026,1,school,A003808
P014749,2025/2026,1,university,A002730
P014752,2025/2026,1,vocational_school,A002730
P014754,2025/2026,1,vocational_school,A014727
P014755,2025/2026,1,university,A011029
P014759,2025/2026,1,university,A009310
P014772,2025/2026,1,school,A003401
P014775,2025/2026,1,school,A008637
P014777,2025/2026,1,school,A008637
P014782,2025/2026,1,university,NA
P014786,2025/2026,1,vocational_school,A005839
P014787,2025/2026,1,school,A006159
P014788,2025/2026,1,school,A006159
P014789,2025/2026,1,vocational_school,A004057
P014791,2025/2026,1,vocational_school,A004588
P014797,2025/2026,1,vocational_school,A017052
P014806,2025/2026,1,school,A015010
P014811,2025/2026,1,school,A007388
P014815,2025/2026,1,vocational_school,A016320
P014818,2025/2026,1,school,A015932
P014822,2025/2026,1,NA,A015243
P014829,2025/2026,1,school,A015215
P014843,2025/2026,1,school,A009703
P014844,2025/2026,1,university,A011095
P014845,2025/2026,1,school,A011095
P014854,2025/2026,1,school,A005207
P014855,2025/2026,1,university,A013882
P014866,2025/2026,1,school,A016440
P014868,2025/2026,1,vocational_school,A014995
P014880,2025/2026,1,school,A001843
P014882,2025/2026,1,vocational_school,A014759
P014888,2025/2026,1,university,A007582
P014891,2025/2026,1,school,A002589
P014893,2025/2026,1,school,A014992
P014901,2025/2026,1,school,A015435
P014908,2025/2026,1,vocational_school,A009942
P014912,2025/2026,1,vocational_school,NA
P014913,2025/2026,1,school,A014769
P014918,2025/2026,1,school,A008364
P014926,2025/2026,1,school,A008281
P014931,2025/2026,1,school,A013619
P014932,2025/2026,1,university,A013619
P014934,2025/2026,1,university,A005453
P014935,2025/2026,1,vocational_school,A001804
P014936,2025/2026,1,school,A001804
P014938,2025/2026,1,university,A014105
P014942,2025/2026,1,school,A008112
P014943,2025/2026,1,NA,A004612
P014954,2025/2026,1,NA,A003670
P014958,2025/2026,1,school,A000739
P014959,2025/2026,1,vocational_school,A000739
P014963,2025/2026,1,university,A008412
P014964,2025/2026,1,school,A009393
P014965,2025/2026,1,university,A009393
P014967,2025/2026,1,NA,A009393
P014976,2025/2026,1,school,A016882
P014980,2025/2026,1,school,A003518
P014983,2025/2026,1,university,A009431
P014987,2025/2026,1,vocational_school,A007583
P014988,2025/2026,1,NA,A007224
P015011,2025/2026,1,school,A015258
P015024,2025/2026,1,school,A003299
P015036,2025/2026,1,school,A016399
P015037,2025/2026,1,school,A016399
P015038,2025/2026,1,NA,A006201
P015042,2025/2026,1,NA,A002576
P015047,2025/2026,1,vocational_school,A000255
P015050,2025/2026,1,school,A013362
P015057,2025/2026,1,school,A000702
P015063,2025/2026,1,school,A003598
P015071,2025/2026,1,school,A013070
P015078,2025/2026,1,school,A011865
P015082,2025/2026,1,school,A016845
P015084,2025/2026,1,school,A016845
P015089,2025/2026,1,school,A011738
P015090,2025/2026,1,NA,A013870
P015091,2025/2026,1,school,A013870
P015100,2025/2026,1,university,A005709
P015106,2025/2026,1,NA,A005178
P015109,2025/2026,1,school,A000774
P015122,2025/2026,1,school,A009120
P015129,2025/2026,1,university,A001857
P015131,2025/2026,1,university,A017253
P015137,2025/2026,1,school,A011263
P015141,2025/2026,1,school,A003584
P015142,2025/2026,1,vocational_school,A003584
P015143,2025/2026,1,vocational_school,A014852
P015148,2025/2026,1,school,A009756
P015158,2025/2026,1,university,A000191
P015159,2025/2026,1,school,A009269
P015163,2025/2026,1,school,A017826
P015177,2025/2026,1,school,A003807
P015180,2025/2026,1,NA,A009452
P015185,2025/2026,1,university,A017582
P015194,2025/2026,1,school,A008876
P015202,2025/2026,1,school,A006957
P015218,2025/2026,1,school,A003827
P015220,2025/2026,1,school,A005277
P015232,2025/2026,1,NA,A012969
P015235,2025/2026,1,school,A007286
P015236,2025/2026,1,vocational_school,A016849
P015237,2025/2026,1,school,NA
P015243,2025/2026,1,university,A009017
P015244,2025/2026,1,school,A015719
P015246,2025/2026,1,NA,A017149
P015257,2025/2026,1,vocational_school,A006323
P015259,2025/2026,1,school,A003852
P015260,2025/2026,1,university,A003852
P015271,2025/2026,1,school,A011220
P015272,2025/2026,1,school,A015984
P015279,2025/2026,1,NA,A015002
P015288,2025/2026,1,vocational_school,A004252
P015295,2025/2026,1,school,A013622
P015300,2025/2026,1,school,A012285
P015302,2025/2026,1,school,A012591
P015303,2025/2026,1,NA,A012591
P015304,2025/2026,1,vocational_school,A015058
P015310,2025/2026,1,school,A005300
P015311,2025/2026,1,vocational_school,A005300
P015318,2025/2026,1,school,A013176
P015320,2025/2026,1,school,A013176
P015324,2025/2026,1,school,A001291
P015331,2025/2026,1,school,A017004
P015333,2025/2026,1,school,A016663
P015337,2025/2026,1,school,A011685
P015349,2025/2026,1,school,A004544
P015356,2025/2026,1,school,A017231
P015358,2025/2026,1,university,A017231
P015361,2025/2026,1,school,A005660
P015365,2025/2026,1,school,A008356
P015370,2025/2026,1,school,A005109
P015374,2025/2026,1,vocational_school,A016031
P015384,2025/2026,1,vocational_school,A009835
P015386,2025/2026,1,university,NA
P015397,2025/2026,1,school,A001571
P015401,2025/2026,1,university,A002153
P015405,2025/2026,1,university,A016876
P015416,2025/2026,1,school,A011431
P015418,2025/2026,1,school,A003507
P015420,2025/2026,1,school,A006352
P015426,2025/2026,1,vocational_school,A008881
P015433,2025/2026,1,school,A002241
P015437,2025/2026,1,university,A008522
P015441,2025/2026,1,school,A016668
P015456,2025/2026,1,school,A010403
P015458,2025/2026,1,university,A010403
P015460,2025/2026,1,university,A005826
P015462,2025/2026,1,vocational_school,A011565
P015467,2025/2026,1,school,A013169
P015475,2025/2026,1,school,A002090
P015478,2025/2026,1,vocational_school,A005812
P015485,2025/2026,1,school,A008474
P015501,2025/2026,1,school,A007347
P015506,2025/2026,1,university,A007513
P015514,2025/2026,1,school,A012883
P015515,2025/2026,1,school,A016955
P015517,2025/2026,1,university,A016955
P015521,2025/2026,1,school,A011072
P015525,2025/2026,1,school,A001287
P015526,2025/2026,1,school,A001287
P015532,2025/2026,1,NA,A013196
P015534,2025/2026,1,school,A015328
P015567,2025/2026,1,NA,A010100
P015569,2025/2026,1,vocational_school,A010100
P015577,2025/2026,1,school,A000315
P015580,2025/2026,1,school,A000315
P015587,2025/2026,1,school,A011369
P015596,2025/2026,1,school,A008271
P015610,2025/2026,1,vocational_school,A011618
P015620,2025/2026,1,school,A005381
P015624,2025/2026,1,vocational_school,A013012
P015627,2025/2026,1,school,A006773
P015636,2025/2026,1,NA,A013621
P015640,2025/2026,1,university,A000681
P015641,2025/2026,1,school,A004450
P015651,2025/2026,1,vocational_school,A017920
P015654,2025/2026,1,university,A012792
P015664,2025/2026,1,school,A016515
P015665,2025/2026,1,school,A001700
P015666,2025/2026,1,vocational_school,A001700
P015676,2025/2026,1,school,A005407
P015677,2025/2026,1,school,A008612
P015679,2025/2026,1,university,A015658
P015684,2025/2026,1,university,A017943
P015691,2025/2026,1,school,A004421
P015706,2025/2026,1,school,A016120
P015707,2025/2026,1,school,A016120
P015710,2025/2026,1,school,A015264
P015716,2025/2026,1,school,A004846
P015721,2025/2026,1,school,A007991
P015723,2025/2026,1,school,A000512
P015730,2025/2026,1,vocational_school,A012034
P015731,2025/2026,1,school,A017763
P015741,2025/2026,1,school,A000854
P015744,2025/2026,1,university,A009818
P015750,2025/2026,1,school,A005629
P015752,2025/2026,1,school,A008142
P015757,2025/2026,1,school,A005246
P015763,2025/2026,1,university,A015037
P015771,2025/2026,1,school,A015195
P015783,2025/2026,1,school,A013389
P015784,2025/2026,1,vocational_school,A013389
P015786,2025/2026,1,university,A016894
P015799,2025/2026,1,school,A016477
P015806,2025/2026,1,vocational_school,A016256
P015818,2025/2026,1,school,A016594
P015821,2025/2026,1,school,A007497
P015831,2025/2026,1,vocational_school,A012462
P015835,2025/2026,1,school,A012149
P015837,2025/2026,1,school,A016507
P015841,2025/2026,1,university,NA
P015846,2025/2026,1,school,A002497
P015849,2025/2026,1,school,A012823
P015851,2025/2026,1,school,A003840
P015853,2025/2026,1,school,A015409
P015856,2025/2026,1,university,A016526
P015861,2025/2026,1,school,A005829
P015874,2025/2026,1,vocational_school,A007087
P015880,2025/2026,1,school,A001221
P015884,2025/2026,1,school,A013116
P015889,2025/2026,1,university,A002900
P015894,2025/2026,1,vocational_school,A009678
P015898,2025/2026,1,NA,A008838
P015904,2025/2026,1,school,A016161
P015908,2025/2026,1,university,A016822
P015913,2025/2026,1,NA,A002795
P015916,2025/2026,1,university,A005624
P015927,2025/2026,1,school,A010378
P015929,2025/2026,1,vocational_school,A008770
P015930,2025/2026,1,vocational_school,A008770
P015938,2025/2026,1,university,A005569
P015944,2025/2026,1,school,A000134
P015955,2025/2026,1,vocational_school,A001210
P015958,2025/2026,1,school,A009788
P015959,2025/2026,1,university,A014269
P015961,2025/2026,1,school,A012389
P015962,2025/2026,1,school,A010807
P015979,2025/2026,1,school,A013746
P015982,2025/2026,1,school,A011701
P015994,2025/2026,1,university,A013143
P015998,2025/2026,1,university,A009634
P016001,2025/2026,1,school,A015332
P016002,2025/2026,1,university,A015332
P016007,2025/2026,1,NA,A011837
P016008,2025/2026,1,school,A012510
P016017,2025/2026,1,school,A013814
P016038,2025/2026,1,school,A011387
P016045,2025/2026,1,vocational_school,A009651
P016049,2025/2026,1,school,A002926
P016055,2025/2026,1,school,A016339
P016067,2025/2026,1,school,A015152
P016068,2025/2026,1,school,A015152
P016074,2025/2026,1,school,A009441
P016078,2025/2026,1,university,A010971
P016086,2025/2026,1,school,A013072
P016090,2025/2026,1,NA,A015004
P016092,2025/2026,1,school,A000981
P016097,2025/2026,1,school,A016378
P016106,2025/2026,1,school,A011868
P016116,2025/2026,1,school,A007364
P016120,2025/2026,1,school,A003433
P016122,2025/2026,1,school,NA
P016123,2025/2026,1,vocational_school,A003433
P016127,2025/2026,1,university,A006045
P016129,2025/2026,1,vocational_school,A016425
P016132,2025/2026,1,school,A013266
P016134,2025/2026,1,school,A013266
P016138,2025/2026,1,school,A008208
P016145,2025/2026,1,school,A009294
P016152,2025/2026,1,school,A000767
P016165,2025/2026,1,university,A004440
P016176,2025/2026,1,vocational_school,A016273
P016187,2025/2026,1,school,A008542
P016189,2025/2026,1,school,A008542
P016199,2025/2026,1,vocational_school,A003198
P016205,2025/2026,1,university,A004719
P016207,2025/2026,1,NA,A016868
P016208,2025/2026,1,school,NA
P016212,2025/2026,1,school,A003940
P016218,2025/2026,1,school,A004520
P016225,2025/2026,1,school,A013536
P016226,2025/2026,1,school,A016534
P016233,2025/2026,1,school,A000623
P016241,2025/2026,1,school,A013509
P016246,2025/2026,1,school,A002765
P016253,2025/2026,1,school,A004246
P016259,2025/2026,1,school,A004137
P016267,2025/2026,1,school,A008143
P016271,2025/2026,1,university,A011820
P016276,2025/2026,1,school,A009395
P016277,2025/2026,1,university,A002743
P016288,2025/2026,1,school,A013179
P016294,2025/2026,1,vocational_school,A007419
P016302,2025/2026,1,school,A015751
P016307,2025/2026,1,school,A007413
P016308,2025/2026,1,university,A011662
P016311,2025/2026,1,school,A017873
P016319,2025/2026,1,school,A001723
P016320,2025/2026,1,school,A001723
P016321,2025/2026,1,school,A013561
P016325,2025/2026,1,school,A006512
P016326,2025/2026,1,school,A002900
P016329,2025/2026,1,school,A004336
P016331,2025/2026,1,school,A005649
P016332,2025/2026,1,NA,A002217
P016337,2025/2026,1,vocational_school,A005283
P016344,2025/2026,1,vocational_school,A007192
P016345,2025/2026,1,vocational_school,A007192
P016348,2025/2026,1,school,A003532
P016351,2025/2026,1,school,A003532
P016353,2025/2026,1,school,A005424
P016354,2025/2026,1,school,A005260
P016355,2025/2026,1,school,NA
P016357,2025/2026,1,university,NA
P016362,2025/2026,1,vocational_school,A012723
P016370,2025/2026,1,school,A009080
P016385,2025/2026,1,school,A011044
P016402,2025/2026,1,NA,A008522
P016408,2025/2026,1,university,NA
P016424,2025/2026,1,vocational_school,NA
P016430,2025/2026,1,NA,A009233
P016431,2025/2026,1,school,A006828
P016444,2025/2026,1,school,A012511
P016446,2025/2026,1,school,A009247
P016449,2025/2026,1,school,A002047
P016453,2025/2026,1,school,A008893
P016462,2025/2026,1,school,A017080
P016465,2025/2026,1,vocational_school,A005139
P016466,2025/2026,1,school,A005139
P016482,2025/2026,1,school,A000884
P016495,2025/2026,1,school,A014031
P016496,2025/2026,1,vocational_school,A007785
P016501,2025/2026,1,school,A004483
P016517,2025/2026,1,school,A009671
P016533,2025/2026,1,school,A012416
P016539,2025/2026,1,school,A005652
P016542,2025/2026,1,school,A009495
P016545,2025/2026,1,university,A004360
P016558,2025/2026,1,school,A004890
P016565,2025/2026,1,school,A016139
P016568,2025/2026,1,vocational_school,A011272
P016571,2025/2026,1,university,A016122
P016574,2025/2026,1,school,A014942
P016584,2025/2026,1,NA,A010665
P016587,2025/2026,1,school,A012291
P016589,2025/2026,1,university,A003604
P016606,2025/2026,1,university,A013790
P016613,2025/2026,1,vocational_school,A013508
P016614,2025/2026,1,school,A011005
P016616,2025/2026,1,school,A014539
P016619,2025/2026,1,NA,A005035
P016621,2025/2026,1,vocational_school,A001411
P016623,2025/2026,1,school,A007861
P016625,2025/2026,1,school,A012615
P016626,2025/2026,1,school,A017735
P016629,2025/2026,1,NA,A005180
P016630,2025/2026,1,university,A009529
P016654,2025/2026,1,school,A001169
P016663,2025/2026,1,NA,A014318
P016668,2025/2026,1,school,A008355
P016671,2025/2026,1,school,A008464
P016681,2025/2026,1,school,A010722
P016683,2025/2026,1,vocational_school,A002747
P016684,2025/2026,1,school,A002747
P016689,2025/2026,1,school,A001455
P016699,2025/2026,1,school,A004375
P016706,2025/2026,1,school,A013328
P016713,2025/2026,1,vocational_school,A005308
P016714,2025/2026,1,school,A013664
P016720,2025/2026,1,NA,A011659
P016722,2025/2026,1,vocational_school,A015488
P016727,2025/2026,1,university,A015972
P016728,2025/2026,1,school,A016356
P016730,2025/2026,1,school,A013169
P016733,2025/2026,1,vocational_school,A015334
P016744,2025/2026,1,school,A000696
P016748,2025/2026,1,vocational_school,A005236
P016759,2025/2026,1,school,A017823
P016761,2025/2026,1,university,A012000
P016767,2025/2026,1,school,A003778
P016768,2025/2026,1,school,A003778
P016769,2025/2026,1,school,A004060
P016772,2025/2026,1,school,A006015
P016775,2025/2026,1,school,A007771
P016785,2025/2026,1,school,A007682
P016788,2025/2026,1,university,A007682
P016794,2025/2026,1,school,A015429
P016800,2025/2026,1,school,A014432
P016802,2025/2026,1,school,A016677
P016816,2025/2026,1,school,A014648
P016819,2025/2026,1,vocational_school,A014648
P016820,2025/2026,1,school,A016977
P016824,2025/2026,1,school,NA
P016830,2025/2026,1,school,A006416
P016835,2025/2026,1,school,A013464
P016848,2025/2026,1,school,A002770
P016854,2025/2026,1,school,A016216
P016856,2025/2026,1,school,A010432
P016858,2025/2026,1,vocational_school,A001956
P016870,2025/2026,1,school,A015441
P016871,2025/2026,1,school,A015441
P016880,2025/2026,1,school,A008691
P016889,2025/2026,1,NA,A015178
P016890,2025/2026,1,vocational_school,A015178
P016892,2025/2026,1,vocational_school,A005377
P016893,2025/2026,1,university,A007655
P016904,2025/2026,1,university,A015712
P016909,2025/2026,1,school,A001022
P016912,2025/2026,1,university,A001001
P016915,2025/2026,1,university,A008356
P016923,2025/2026,1,vocational_school,A005637
P016924,2025/2026,1,vocational_school,A005637
P016926,2025/2026,1,school,A004530
P016929,2025/2026,1,vocational_school,A006356
P016930,2025/2026,1,vocational_school,A006356
P016936,2025/2026,1,university,A006801
P016955,2025/2026,1,school,A007821
P016970,2025/2026,1,school,A001805
P016977,2025/2026,1,school,A001113
P016988,2025/2026,1,university,A014194
P016991,2025/2026,1,school,A014194
P016999,2025/2026,1,school,A016390
P017015,2025/2026,1,school,A000702
P017025,2025/2026,1,school,A014047
P017028,2025/2026,1,vocational_school,A005132
P017036,2025/2026,1,school,A000556
P017037,2025/2026,1,school,A000556
P017044,2025/2026,1,school,A014261
P017051,2025/2026,1,school,A002459
P017058,2025/2026,1,school,A007326
P017060,2025/2026,1,school,A007326
P017062,2025/2026,1,school,A016685
P017066,2025/2026,1,school,A017742
P017072,2025/2026,1,school,A008756
P017075,2025/2026,1,university,A015717
P017079,2025/2026,1,vocational_school,A010578
P017086,2025/2026,1,university,A000720
P017088,2025/2026,1,university,A003304
P017094,2025/2026,1,school,A003312
P017131,2025/2026,1,school,A011517
P017137,2025/2026,1,NA,A014834
P017139,2025/2026,1,school,A014834
P017146,2025/2026,1,school,A013676
P017152,2025/2026,1,university,A009252
P017158,2025/2026,1,school,A009821
P017159,2025/2026,1,university,A010989
P017162,2025/2026,1,school,A006969
P017163,2025/2026,1,school,A006969
P017166,2025/2026,1,vocational_school,A016373
P017168,2025/2026,1,school,A013634
P017169,2025/2026,1,vocational_school,A007511
P017171,2025/2026,1,university,A007511
P017176,2025/2026,1,university,A002089
P017186,2025/2026,1,school,A005395
P017189,2025/2026,1,university,NA
P017192,2025/2026,1,school,A000746
P017196,2025/2026,1,vocational_school,A001147
P017210,2025/2026,1,university,A000117
P017216,2025/2026,1,school,A015120
P017217,2025/2026,1,school,A009601
P017220,2025/2026,1,school,A012556
P017222,2025/2026,1,school,A005836
P017224,2025/2026,1,vocational_school,A012503
P017229,2025/2026,1,school,A017786
P017231,2025/2026,1,school,A002781
P017238,2025/2026,1,school,A009590
P017239,2025/2026,1,university,A016405
P017244,2025/2026,1,school,A003835
P017247,2025/2026,1,university,A003835
P017249,2025/2026,1,university,A011698
P017252,2025/2026,1,university,A011698
P017255,2025/2026,1,NA,A004814
P017273,2025/2026,1,university,A006940
P017274,2025/2026,1,NA,A011232
P017283,2025/2026,1,school,A004425
P017284,2025/2026,1,school,A014685
P017287,2025/2026,1,school,A012884
P017302,2025/2026,1,vocational_school,A016679
P017309,2025/2026,1,school,A012204
P017310,2025/2026,1,school,A012204
P017314,2025/2026,1,school,A011008
P017315,2025/2026,1,school,A011008
P017333,2025/2026,1,school,A007610
P017334,2025/2026,1,vocational_school,A007610
P017342,2025/2026,1,school,A003180
P017357,2025/2026,1,school,A008134
P017359,2025/2026,1,school,A009424
P017362,2025/2026,1,school,A013492
P017372,2025/2026,1,school,A014074
P017383,2025/2026,1,school,A006922
P017394,2025/2026,1,school,A012041
P017401,2025/2026,1,school,A015475
P017422,2025/2026,1,school,A014832
P017423,2025/2026,1,vocational_school,A014832
P017425,2025/2026,1,university,A011270
P017433,2025/2026,1,school,A017909
P017435,2025/2026,1,university,A017909
P017436,2025/2026,1,school,A017909
P017437,2025/2026,1,NA,A009868
P017438,2025/2026,1,school,A009868
P017442,2025/2026,1,school,A005214
P017449,2025/2026,1,NA,A003456
P017454,2025/2026,1,NA,A006985
P017460,2025/2026,1,school,A011206
P017461,2025/2026,1,university,A011206
P017466,2025/2026,1,NA,A010762
P017468,2025/2026,1,school,A017512
P017474,2025/2026,1,university,A010657
P017478,2025/2026,1,school,A011803
P017479,2025/2026,1,university,A011803
P017484,2025/2026,1,school,A014066
P017489,2025/2026,1,school,A000071
P017490,2025/2026,1,school,A001197
P017500,2025/2026,1,school,A014435
P017501,2025/2026,1,university,A016639
P017502,2025/2026,1,school,A016639
P017506,2025/2026,1,vocational_school,A017480
P017513,2025/2026,1,school,A010336
P017515,2025/2026,1,school,A012781
P017517,2025/2026,1,school,A013299
P017523,2025/2026,1,school,A015992
P017532,2025/2026,1,school,A009381
P017533,2025/2026,1,vocational_school,A003352
P017537,2025/2026,1,NA,A009859
P017540,2025/2026,1,school,A007327
P017541,2025/2026,1,vocational_school,A007327
P017570,2025/2026,1,school,A012355
P017571,2025/2026,1,school,NA
P017576,2025/2026,1,school,A008230
P017577,2025/2026,1,school,A008230
P017579,2025/2026,1,school,A008230
P017585,2025/2026,1,university,A009232
P017589,2025/2026,1,university,A007350
P017591,2025/2026,1,university,A014537
P017594,2025/2026,1,school,A012554
P017602,2025/2026,1,vocational_school,A017640
P017618,2025/2026,1,vocational_school,A006291
P017621,2025/2026,1,school,A006291
P017633,2025/2026,1,vocational_school,A014296
P017636,2025/2026,1,school,A003693
P017637,2025/2026,1,vocational_school,A005703
P017654,2025/2026,1,school,A009899
P017656,2025/2026,1,school,A012963
P017663,2025/2026,1,university,A014421
P017672,2025/2026,1,school,A005126
P017686,2025/2026,1,school,A017437
P017691,2025/2026,1,university,A007296
P017693,2025/2026,1,school,A007551
P017698,2025/2026,1,school,A004104
P017706,2025/2026,1,school,A004721
P017707,2025/2026,1,school,A006779
P017710,2025/2026,1,school,A014263
P017712,2025/2026,1,university,A010136
P017713,2025/2026,1,school,A010136
P017714,2025/2026,1,vocational_school,A010136
P017719,2025/2026,1,vocational_school,NA
P017723,2025/2026,1,vocational_school,A016662
P017730,2025/2026,1,vocational_school,A005622
P017739,2025/2026,1,school,A003269
P017743,2025/2026,1,vocational_school,A005537
P017751,2025/2026,1,school,A016636
P017754,2025/2026,1,school,A014045
P017755,2025/2026,1,school,A014045
P017766,2025/2026,1,university,A014937
P017774,2025/2026,1,vocational_school,A007654
P017775,2025/2026,1,university,A017677
P017778,2025/2026,1,university,A017591
P017779,2025/2026,1,school,A017591
P017787,2025/2026,1,school,A000550
P017795,2025/2026,1,vocational_school,NA
P017796,2025/2026,1,school,A014318
P017797,2025/2026,1,university,A014318
P017798,2025/2026,1,university,A014318
P017800,2025/2026,1,university,A001405
P017812,2025/2026,1,school,A001163
P017813,2025/2026,1,school,A001163
P017818,2025/2026,1,school,A007245
P017825,2025/2026,1,school,A013506
P017826,2025/2026,1,vocational_school,A013506
P017830,2025/2026,1,school,A009389
P017837,2025/2026,1,school,A002926
P017839,2025/2026,1,school,A006806
P017843,2025/2026,1,university,A000941
P017848,2025/2026,1,school,A002290
P017849,2025/2026,1,school,A014610
P017850,2025/2026,1,university,A014610
P017854,2025/2026,1,school,A014610
P017859,2025/2026,1,school,A016801
P017868,2025/2026,1,university,A017904
P017886,2025/2026,1,school,A006957
P017889,2025/2026,1,school,A005296
P017895,2025/2026,1,vocational_school,A000492
P017896,2025/2026,1,vocational_school,A000492
P017898,2025/2026,1,school,A000492
P017906,2025/2026,1,school,A012630
P017908,2025/2026,1,university,A015963
P017923,2025/2026,1,vocational_school,A016213
P017933,2025/2026,1,vocational_school,A015683
P017948,2025/2026,1,NA,A010669
P017950,2025/2026,1,school,A010669
P017958,2025/2026,1,school,A016643
P017960,2025/2026,1,vocational_school,A010257
P017961,2025/2026,1,school,A010257
P017964,2025/2026,1,university,A001790
P017981,2025/2026,1,school,A015691
P017986,2025/2026,1,school,A006828
P017989,2025/2026,1,school,A007541
P017993,2025/2026,1,school,A001585
P017994,2025/2026,1,school,A014114
P017995,2025/2026,1,school,A014114
P017996,2025/2026,1,vocational_school,A010779
P018006,2025/2026,1,university,A011754
P018012,2025/2026,1,school,A015995
P018019,2025/2026,1,school,A012451
P018035,2025/2026,1,school,A006171
P018042,2025/2026,1,school,A014411
P018044,2025/2026,1,school,A011310
P018048,2025/2026,1,school,A003865
P018049,2025/2026,1,school,A003865
P018052,2025/2026,1,school,A004505
P018054,2025/2026,1,vocational_school,A016129
P018080,2025/2026,1,vocational_school,A001533
P018101,2025/2026,1,school,A012436
P018109,2025/2026,1,vocational_school,A003683
P018112,2025/2026,1,university,A012877
P018120,2025/2026,1,school,A014184
P018128,2025/2026,1,university,A012334
P018129,2025/2026,1,university,A006076
P018130,2025/2026,1,university,A002761
P018144,2025/2026,1,school,A009883
P018145,2025/2026,1,NA,A009883
P018154,2025/2026,1,university,A001794
P018155,2025/2026,1,school,A001794
P018157,2025/2026,1,vocational_school,A014403
P018166,2025/2026,1,school,A014279
P018174,2025/2026,1,school,A003606
P018180,2025/2026,1,school,A014812
P018184,2025/2026,1,school,A000426
P018185,2025/2026,1,university,A000466
P018200,2025/2026,1,school,A006545
P018209,2025/2026,1,vocational_school,A000303
P018214,2025/2026,1,school,A009748
P018218,2025/2026,1,school,A006165
P018231,2025/2026,1,university,NA
P018232,2025/2026,1,university,A009644
P018234,2025/2026,1,university,A002799
P018242,2025/2026,1,school,A014308
P018246,2025/2026,1,NA,A000521
P018249,2025/2026,1,school,NA
P018254,2025/2026,1,vocational_school,A006015
P018255,2025/2026,1,vocational_school,A006015
P018257,2025/2026,1,school,A004710
P018260,2025/2026,1,school,A000698
P018267,2025/2026,1,school,A003907
P018277,2025/2026,1,university,A004158
P018287,2025/2026,1,school,A005905
P018289,2025/2026,1,school,A005905
P018290,2025/2026,1,university,A012078
P018293,2025/2026,1,university,A013580
P018294,2025/2026,1,school,A013580
P018299,2025/2026,1,university,A012164
P018315,2025/2026,1,school,A001264
P018327,2025/2026,1,school,A003403
P018333,2025/2026,1,university,A001859
P018340,2025/2026,1,school,A011171
P018344,2025/2026,1,school,A007876
P018347,2025/2026,1,school,A010252
P018350,2025/2026,1,university,A007588
P018356,2025/2026,1,school,A017236
P018362,2025/2026,1,university,A010792
P018367,2025/2026,1,NA,A010501
P018368,2025/2026,1,NA,A003465
P018369,2025/2026,1,vocational_school,A003465
P018384,2025/2026,1,vocational_school,A002243
P018386,2025/2026,1,school,A002243
P018400,2025/2026,1,school,A001474
P018405,2025/2026,1,university,A001476
P018406,2025/2026,1,school,A001476
P018409,2025/2026,1,vocational_school,A001476
P018417,2025/2026,1,school,A013102
P018418,2025/2026,1,school,A013102
P018419,2025/2026,1,vocational_school,A013102
P018421,2025/2026,1,vocational_school,A002131
P018422,2025/2026,1,university,A002131
P018423,2025/2026,1,school,A002131
P018431,2025/2026,1,university,A010023
P018444,2025/2026,1,school,A017906
P018467,2025/2026,1,school,A008139
P018473,2025/2026,1,school,A001098
P018485,2025/2026,1,school,A015944
P018500,2025/2026,1,NA,A016118
P018504,2025/2026,1,school,A001922
P018510,2025/2026,1,school,A002743
P018515,2025/2026,1,vocational_school,A013295
P018528,2025/2026,1,school,A014757
P018533,2025/2026,1,school,A002761
P018536,2025/2026,1,university,A015248
P018547,2025/2026,1,school,A017957
P018550,2025/2026,1,school,A006792
P018557,2025/2026,1,school,A012362
P018558,2025/2026,1,school,A012362
P018560,2025/2026,1,school,A012362
P018565,2025/2026,1,school,A003487
P018576,2025/2026,1,school,A004783
P018577,2025/2026,1,vocational_school,A009687
P018582,2025/2026,1,vocational_school,A003401
P018586,2025/2026,1,NA,A006009
P018589,2025/2026,1,school,A015107
P018590,2025/2026,1,university,A015107
P018592,2025/2026,1,school,A016051
P018593,2025/2026,1,school,A016051
P018598,2025/2026,1,school,A009785
P018601,2025/2026,1,school,A009785
P018605,2025/2026,1,school,NA
P018606,2025/2026,1,school,A002392
P018609,2025/2026,1,school,A010090
P018611,2025/2026,1,university,A009972
P018614,2025/2026,1,school,A008251
P018623,2025/2026,1,school,A000511
P018640,2025/2026,1,school,A013773
P018643,2025/2026,1,school,A000564
P018644,2025/2026,1,school,A000564
P018649,2025/2026,1,school,A002772
P018650,2025/2026,1,school,A004348
P018655,2025/2026,1,vocational_school,A017158
P018661,2025/2026,1,vocational_school,A002131
P018662,2025/2026,1,school,A010859
P018663,2025/2026,1,vocational_school,A010859
P018665,2025/2026,1,school,A014321
P018669,2025/2026,1,school,A003373
P018677,2025/2026,1,school,A017735
P018680,2025/2026,1,vocational_school,A004003
P018683,2025/2026,1,vocational_school,A008806
P018703,2025/2026,1,school,A002170
P018712,2025/2026,1,school,A001163
P018715,2025/2026,1,school,A011272
P018716,2025/2026,1,school,A011272
P018718,2025/2026,1,university,A008768
P018731,2025/2026,1,school,A004512
P018739,2025/2026,1,vocational_school,A006318
P018749,2025/2026,1,university,A014710
P018750,2025/2026,1,school,A005992
P018759,2025/2026,1,school,A017107
P018768,2025/2026,1,school,A016216
P018769,2025/2026,1,school,A016216
P018784,2025/2026,1,school,A009779
P018788,2025/2026,1,school,A013565
P018789,2025/2026,1,university,A013565
P018793,2025/2026,1,school,A007996
P018796,2025/2026,1,school,A007996
P018800,2025/2026,1,vocational_school,A010817
P018804,2025/2026,1,university,A014080
P018805,2025/2026,1,vocational_school,A017248
P018810,2025/2026,1,school,A014036
P018814,2025/2026,1,school,A013367
P018815,2025/2026,1,school,A013367
P018822,2025/2026,1,school,A006123
P018833,2025/2026,1,vocational_school,A015353
P018845,2025/2026,1,school,A007168
P018859,2025/2026,1,vocational_school,A009700
P018870,2025/2026,1,vocational_school,A006051
P018880,2025/2026,1,school,A006093
P018882,2025/2026,1,university,A015878
P018883,2025/2026,1,vocational_school,A015878
P018889,2025/2026,1,university,A006596
P018892,2025/2026,1,vocational_school,A006596
P018906,2025/2026,1,school,A001394
P018909,2025/2026,1,vocational_school,NA
P018925,2025/2026,1,school,A004562
P018935,2025/2026,1,vocational_school,A006191
P018938,2025/2026,1,vocational_school,A002465
P018942,2025/2026,1,school,A007610
P018944,2025/2026,1,school,NA
P018946,2025/2026,1,school,A003095
P018947,2025/2026,1,school,A016933
P018949,2025/2026,1,school,A003095
P018950,2025/2026,1,school,A013071
P018955,2025/2026,1,university,A017734
P018957,2025/2026,1,school,A014579
P018962,2025/2026,1,school,A013052
P018967,2025/2026,1,vocational_school,A013841
P018974,2025/2026,1,school,A015086
P018976,2025/2026,1,NA,A017736
P018977,2025/2026,1,school,A011105
P018990,2025/2026,1,school,A016581
P018998,2025/2026,1,school,A007610
P019003,2025/2026,1,school,A008736
P019005,2025/2026,1,school,A017481
P019014,2025/2026,1,school,A001319
P019016,2025/2026,1,university,NA
P019022,2025/2026,1,school,A004635
P019023,2025/2026,1,university,A010548
P019028,2025/2026,1,school,A012348
P019029,2025/2026,1,school,A012348
P019033,2025/2026,1,school,A016414
P019039,2025/2026,1,school,A004530
P019044,2025/2026,1,school,A014918
P019050,2025/2026,1,school,A000012
P019051,2025/2026,1,university,A008631
P019052,2025/2026,1,school,A008631
P019053,2025/2026,1,school,A017501
P019054,2025/2026,1,school,A010700
P019058,2025/2026,1,school,A005753
P019068,2025/2026,1,university,A007597
P019083,2025/2026,1,school,A004138
P019098,2025/2026,1,university,A007476
P019113,2025/2026,1,school,A017374
P019119,2025/2026,1,university,A010808
P019122,2025/2026,1,vocational_school,A002320
P019123,2025/2026,1,university,A016360
P019125,2025/2026,1,school,A016360
P019129,2025/2026,1,school,A000159
P019133,2025/2026,1,school,A015377
P019139,2025/2026,1,university,A001364
P019141,2025/2026,1,school,A003846
P019159,2025/2026,1,vocational_school,A006791
P019160,2025/2026,1,vocational_school,A006791
P019162,2025/2026,1,school,A008384
P019167,2025/2026,1,school,A005667
P019176,2025/2026,1,vocational_school,A005753
P019178,2025/2026,1,school,A003992
P019183,2025/2026,1,school,A004421
P019201,2025/2026,1,school,A014607
P019216,2025/2026,1,school,A009703
P019218,2025/2026,1,school,A014845
P019220,2025/2026,1,vocational_school,A014845
P019236,2025/2026,1,school,A014648
P019241,2025/2026,1,school,A011790
P019243,2025/2026,1,school,A003551
P019245,2025/2026,1,university,A011205
P019246,2025/2026,1,school,A011205
P019249,2025/2026,1,school,A007620
P019252,2025/2026,1,school,A002091
P019253,2025/2026,1,school,A005899
P019273,2025/2026,1,vocational_school,A014681
P019275,2025/2026,1,school,A014681
P019277,2025/2026,1,university,A011978
P019278,2025/2026,1,school,A000129
P019294,2025/2026,1,school,A009277
P019297,2025/2026,1,vocational_school,A006005
P019298,2025/2026,1,vocational_school,NA
P019303,2025/2026,1,school,A016087
P019306,2025/2026,1,vocational_school,A014845
P019310,2025/2026,1,vocational_school,A000252
P019316,2025/2026,1,school,A012067
P019318,2025/2026,1,school,A012067
P019320,2025/2026,1,school,A005882
P019324,2025/2026,1,university,A013793
P019349,2025/2026,1,school,A008029
P019363,2025/2026,1,school,A007752
P019368,2025/2026,1,school,A015956
P019374,2025/2026,1,school,A001780
P019377,2025/2026,1,university,A009645
P019382,2025/2026,1,school,A008679
P019385,2025/2026,1,school,A008679
P019386,2025/2026,1,school,A001226
P019389,2025/2026,1,vocational_school,A014676
P019396,2025/2026,1,school,A003434
P019399,2025/2026,1,vocational_school,A013152
P019401,2025/2026,1,vocational_school,A006120
P019403,2025/2026,1,school,A002835
P019405,2025/2026,1,school,A002835
P019407,2025/2026,1,school,A011934
P019426,2025/2026,1,school,A004637
P019428,2025/2026,1,university,A004637
P019437,2025/2026,1,school,A009849
P019448,2025/2026,1,school,NA
P019452,2025/2026,1,school,A015590
P019453,2025/2026,1,vocational_school,A016616
P019462,2025/2026,1,school,A015564
P019463,2025/2026,1,school,A015564
P019473,2025/2026,1,university,A010640
P019483,2025/2026,1,vocational_school,A015071
P019498,2025/2026,1,university,A012622
P019499,2025/2026,1,university,A016409
P019505,2025/2026,1,school,A005237
P019509,2025/2026,1,school,A001843
P019513,2025/2026,1,school,A009226
P019524,2025/2026,1,vocational_school,A004401
P019525,2025/2026,1,university,A004401
P019528,2025/2026,1,school,A003645
P019529,2025/2026,1,university,A016047
P019532,2025/2026,1,university,A016095
P019534,2025/2026,1,vocational_school,A011134
P019540,2025/2026,1,school,A014924
P019543,2025/2026,1,university,A010650
P019544,2025/2026,1,vocational_school,A000218
P019554,2025/2026,1,school,A012425
P019563,2025/2026,1,university,A014701
P019571,2025/2026,1,university,A000203
P019583,2025/2026,1,school,A011299
P019585,2025/2026,1,school,A001321
P019588,2025/2026,1,vocational_school,A001321
P019596,2025/2026,1,school,A016910
P019604,2025/2026,1,university,A011266
P019607,2025/2026,1,vocational_school,A001633
P019614,2025/2026,1,university,A009226
P019627,2025/2026,1,vocational_school,A001871
P019631,2025/2026,1,school,A004044
P019641,2025/2026,1,university,A003201
P019653,2025/2026,1,school,A015811
P019655,2025/2026,1,university,A013992
P019662,2025/2026,1,school,A015127
P019668,2025/2026,1,school,A009217
P019671,2025/2026,1,vocational_school,A001443
P019678,2025/2026,1,school,A005917
P019702,2025/2026,1,school,A017738
P019704,2025/2026,1,school,A015366
P019718,2025/2026,1,NA,A006272
P019720,2025/2026,1,university,A006272
P019721,2025/2026,1,school,A006272
P019732,2025/2026,1,school,A000899
P019737,2025/2026,1,school,A017904
P019740,2025/2026,1,school,A010468
P019745,2025/2026,1,vocational_school,A011097
P019747,2025/2026,1,school,A017760
P019756,2025/2026,1,school,A009607
P019760,2025/2026,1,school,A007588
P019785,2025/2026,1,school,A012125
P019805,2025/2026,1,school,A012129
P019806,2025/2026,1,school,A012129
P019810,2025/2026,1,NA,A003310
P019819,2025/2026,1,school,A015160
P019829,2025/2026,1,school,A000362
P019830,2025/2026,1,vocational_school,A009517
P019837,2025/2026,1,school,A015338
P019844,2025/2026,1,vocational_school,A012686
P019846,2025/2026,1,NA,A012419
P019850,2025/2026,1,vocational_school,A013140
P019859,2025/2026,1,vocational_school,A010085
P019865,2025/2026,1,NA,A008097
P019874,2025/2026,1,school,A004028
P019880,2025/2026,1,university,A009810
P019882,2025/2026,1,vocational_school,A011781
P019894,2025/2026,1,school,A004394
P019906,2025/2026,1,school,A003134
P019909,2025/2026,1,school,A012191
P019915,2025/2026,1,school,A003375
P019916,2025/2026,1,university,A003375
P019920,2025/2026,1,vocational_school,A004354
P019924,2025/2026,1,NA,A015310
P019928,2025/2026,1,school,A002247
P019934,2025/2026,1,vocational_school,A004094
P019940,2025/2026,1,school,A017393
P019941,2025/2026,1,university,A006302
P019946,2025/2026,1,school,A004023
P019948,2025/2026,1,NA,A003810
P019961,2025/2026,1,school,A008862
P019962,2025/2026,1,school,A008862
P019968,2025/2026,1,university,A014124
P019972,2025/2026,1,university,A008676
P019979,2025/2026,1,school,A000992
P019983,2025/2026,1,school,A014890
P019990,2025/2026,1,school,A013692
P019992,2025/2026,1,school,A004977
P020010,2025/2026,1,school,A016687
P020012,2025/2026,1,university,A000362
P020013,2025/2026,1,vocational_school,A000362
P020014,2025/2026,1,university,A017357
P020019,2025/2026,1,school,A006565
P020023,2025/2026,1,school,A002979
P020032,2025/2026,1,vocational_school,A004384
P020037,2025/2026,1,school,A009824
P020041,2025/2026,1,NA,A011084
P020042,2025/2026,1,school,A011084
P020055,2025/2026,1,school,A002927
P020059,2025/2026,1,school,A012665
P020063,2025/2026,1,school,NA
P020078,2025/2026,1,school,A013448
P020088,2025/2026,1,school,A008289
P020092,2025/2026,1,university,A009232
P020093,2025/2026,1,vocational_school,A010367
P020095,2025/2026,1,NA,A010367
P020096,2025/2026,1,school,A010367
P020119,2025/2026,1,school,A009406
P020127,2025/2026,1,vocational_school,A007998
P020129,2025/2026,1,vocational_school,A005420
P020135,2025/2026,1,school,A004744
P020141,2025/2026,1,school,A015107
P020152,2025/2026,1,school,A016712
P020155,2025/2026,1,vocational_school,A004871
P020160,2025/2026,1,vocational_school,A008543
P020166,2025/2026,1,school,A010806
P020173,2025/2026,1,vocational_school,A011492
P020184,2025/2026,1,vocational_school,A017827
P020186,2025/2026,1,vocational_school,A007512
P020190,2025/2026,1,vocational_school,A015818
P020192,2025/2026,1,school,A015818
P020194,2025/2026,1,school,A006727
P020208,2025/2026,1,vocational_school,A007085
P020209,2025/2026,1,school,A013356
P020210,2025/2026,1,school,A007975
P020214,2025/2026,1,school,NA
P020215,2025/2026,1,vocational_school,A013748
P020224,2025/2026,1,school,A014181
P020229,2025/2026,1,school,A016582
P020231,2025/2026,1,university,NA
P020235,2025/2026,1,school,A008267
P020248,2025/2026,1,school,A004048
P020260,2025/2026,1,school,A001665
P020263,2025/2026,1,university,A011176
P020266,2025/2026,1,vocational_school,A009076
P020268,2025/2026,1,vocational_school,A011855
P020271,2025/2026,1,university,A017710
P020286,2025/2026,1,school,A010393
P020292,2025/2026,1,school,A003749
P020299,2025/2026,1,school,A001368
P020301,2025/2026,1,school,A013316
P020302,2025/2026,1,school,A005380
P020303,2025/2026,1,school,A001185
P020329,2025/2026,1,school,A002851
P020334,2025/2026,1,vocational_school,A013578
P020336,2025/2026,1,university,A013578
P020361,2025/2026,1,school,A004630
P020370,2025/2026,1,school,NA
P020371,2025/2026,1,school,A006725
P020375,2025/2026,1,school,A010885
P020377,2025/2026,1,school,A015880
P020378,2025/2026,1,university,A002851
P020380,2025/2026,1,school,A016671
P020384,2025/2026,1,school,NA
P020388,2025/2026,1,school,A006202
P020395,2025/2026,1,vocational_school,A003092
P020396,2025/2026,1,school,A014396
P020406,2025/2026,1,vocational_school,A015617
P020408,2025/2026,1,school,A015617
P020410,2025/2026,1,vocational_school,A000429
P020415,2025/2026,1,school,A002165
P020417,2025/2026,1,school,A009641
P020420,2025/2026,1,school,A007201
P020425,2025/2026,1,school,A008467
P020429,2025/2026,1,school,A008467
P020431,2025/2026,1,school,A011615
P020446,2025/2026,1,school,A011978
P020449,2025/2026,1,school,A002862
P020452,2025/2026,1,vocational_school,A006759
P020458,2025/2026,1,school,A002974
P020477,2025/2026,1,school,A015040
P020481,2025/2026,1,vocational_school,A012889
P020485,2025/2026,1,school,NA
P020489,2025/2026,1,school,A006490
P020491,2025/2026,1,university,A016861
P020496,2025/2026,1,university,A010228
P020498,2025/2026,1,school,A001375
P020506,2025/2026,1,school,A014812
P020510,2025/2026,1,school,A016194
P020540,2025/2026,1,vocational_school,A009151
P020542,2025/2026,1,school,A003098
P020549,2025/2026,1,university,A007543
P020591,2025/2026,1,vocational_school,A002707
P020592,2025/2026,1,school,A002991
P020598,2025/2026,1,school,A017713
P020604,2025/2026,1,school,A002672
P020606,2025/2026,1,school,A007578
P020608,2025/2026,1,school,NA
P020613,2025/2026,1,school,A004347
P020621,2025/2026,1,university,A005405
P020625,2025/2026,1,university,A008677
P020628,2025/2026,1,school,A006089
P020630,2025/2026,1,school,A002457
P020634,2025/2026,1,school,A002616
P020645,2025/2026,1,university,A000664
P020646,2025/2026,1,school,NA
P020649,2025/2026,1,school,A011270
P020651,2025/2026,1,school,A011270
P020654,2025/2026,1,school,A001871
P020657,2025/2026,1,school,A001588
P020662,2025/2026,1,school,A006185
P020667,2025/2026,1,university,A001331
P020687,2025/2026,1,school,A014775
P020692,2025/2026,1,school,A003902
P020698,2025/2026,1,school,A001409
P020700,2025/2026,1,school,A010035
P020706,2025/2026,1,university,A005186
P020717,2025/2026,1,school,A012237
P020718,2025/2026,1,school,A017497
P020722,2025/2026,1,school,A000182
P020725,2025/2026,1,school,A013459
P020740,2025/2026,1,school,A017292
P020741,2025/2026,1,school,A002709
P020745,2025/2026,1,school,NA
P020746,2025/2026,1,school,A005964
P020762,2025/2026,1,school,A011716
P020768,2025/2026,1,school,A012223
P020774,2025/2026,1,vocational_school,A002882
P020779,2025/2026,1,school,A000626
P020786,2025/2026,1,vocational_school,A008854
P020787,2025/2026,1,school,A000021
P020800,2025/2026,1,school,A009843
P020803,2025/2026,1,vocational_school,A017814
P020805,2025/2026,1,NA,A003518
P020818,2025/2026,1,school,A006681
P020821,2025/2026,1,vocational_school,A006681
P020826,2025/2026,1,school,A011745
P020828,2025/2026,1,school,A015287
P020837,2025/2026,1,school,A009624
P020840,2025/2026,1,vocational_school,A009946
P020847,2025/2026,1,school,A008095
P020850,2025/2026,1,school,A007511
P020866,2025/2026,1,school,A008206
P020867,2025/2026,1,school,A008206
P020877,2025/2026,1,vocational_school,A006264
P020887,2025/2026,1,school,A001386
P020892,2025/2026,1,school,A004050
P020893,2025/2026,1,school,A004050
P020898,2025/2026,1,school,A014596
P020900,2025/2026,1,vocational_school,A013889
P020905,2025/2026,1,NA,A016263
P020906,2025/2026,1,vocational_school,A016263
P020913,2025/2026,1,university,A017118
P020916,2025/2026,1,school,A006799
P020917,2025/2026,1,vocational_school,A006799
P020922,2025/2026,1,vocational_school,A000280
P020923,2025/2026,1,school,A000280
P020924,2025/2026,1,school,A017386
P020932,2025/2026,1,vocational_school,A003454
P020938,2025/2026,1,university,NA
P020945,2025/2026,1,school,A012747
P020948,2025/2026,1,school,A013311
P020949,2025/2026,1,vocational_school,A013311
P020955,2025/2026,1,school,A015931
P020961,2025/2026,1,NA,A016582
P020968,2025/2026,1,school,A004943
P020971,2025/2026,1,university,A011322
P020976,2025/2026,1,school,A011088
P020987,2025/2026,1,university,A017013
P020992,2025/2026,1,school,A010435
P020993,2025/2026,1,school,A014053
P020994,2025/2026,1,school,A014053
P021006,2025/2026,1,school,A009082
P021010,2025/2026,1,school,A006908
P021011,2025/2026,1,school,A007725
P021015,2025/2026,1,school,A000499
P021021,2025/2026,1,school,A004220
P021022,2025/2026,1,university,NA
P021023,2025/2026,1,school,A013768
P021024,2025/2026,1,school,A002565
P021025,2025/2026,1,school,A002565
P021026,2025/2026,1,school,A002565
P021027,2025/2026,1,vocational_school,A002565
P021030,2025/2026,1,vocational_school,A010961
P021031,2025/2026,1,school,A010961
P021032,2025/2026,1,school,A001859
P021034,2025/2026,1,school,A004826
P021050,2025/2026,1,school,A017783
P021069,2025/2026,1,school,A001399
P021078,2025/2026,1,vocational_school,A014911
P021080,2025/2026,1,school,A003321
P021095,2025/2026,1,school,A004865
P021103,2025/2026,1,school,A013610
P021110,2025/2026,1,university,A008554
P021113,2025/2026,1,school,A000486
P021116,2025/2026,1,school,A000486
P021118,2025/2026,1,school,A006789
P021128,2025/2026,1,university,A002795
P021133,2025/2026,1,school,A011168
P021139,2025/2026,1,university,A005388
P021140,2025/2026,1,university,A005388
P021141,2025/2026,1,school,A001922
P021143,2025/2026,1,NA,A000029
P021153,2025/2026,1,school,A013115
P021156,2025/2026,1,school,A014782
P021159,2025/2026,1,school,A016479
P021160,2025/2026,1,vocational_school,A002441
P021161,2025/2026,1,school,A002441
P021162,2025/2026,1,school,A002441
P021175,2025/2026,1,school,NA
P021176,2025/2026,1,school,A007374
P021187,2025/2026,1,vocational_school,A006997
P021188,2025/2026,1,NA,A010764
P021201,2025/2026,1,school,A012931
P021202,2025/2026,1,vocational_school,A012931
P021204,2025/2026,1,school,A012931
P021211,2025/2026,1,vocational_school,A013359
P021215,2025/2026,1,school,A005460
P021220,2025/2026,1,university,A002583
P021233,2025/2026,1,vocational_school,A000303
P021243,2025/2026,1,school,A017996
P021245,2025/2026,1,university,A017996
P021256,2025/2026,1,vocational_school,A009861
P021258,2025/2026,1,school,A009793
P021259,2025/2026,1,school,A009793
P021262,2025/2026,1,school,A009300
P021264,2025/2026,1,school,A009300
P021271,2025/2026,1,university,A003050
P021278,2025/2026,1,school,A011190
P021282,2025/2026,1,school,A001590
P021303,2025/2026,1,NA,NA
P021304,2025/2026,1,school,A008638
P021309,2025/2026,1,school,A001277
P021323,2025/2026,1,vocational_school,A009645
P021324,2025/2026,1,school,A009645
P021327,2025/2026,1,school,A016765
P021336,2025/2026,1,school,NA
P021347,2025/2026,1,vocational_school,A007477
P021352,2025/2026,1,university,A014399
P021353,2025/2026,1,school,A013721
P021360,2025/2026,1,school,A005942
P021362,2025/2026,1,school,A000085
P021369,2025/2026,1,vocational_school,A017374
P021384,2025/2026,1,school,A003332
P021385,2025/2026,1,university,A002232
P021388,2025/2026,1,university,A002232
P021391,2025/2026,1,school,A017975
P021405,2025/2026,1,vocational_school,A005315
P021406,2025/2026,1,school,A017316
P021412,2025/2026,1,NA,A005354
P021416,2025/2026,1,school,A016639
P021420,2025/2026,1,university,A011006
P021426,2025/2026,1,school,A012977
P021430,2025/2026,1,vocational_school,A012977
P021437,2025/2026,1,school,A010385
P021447,2025/2026,1,university,A006946
P021455,2025/2026,1,NA,A000483
P021456,2025/2026,1,school,A000483
P021460,2025/2026,1,vocational_school,A008244
P021472,2025/2026,1,school,A013708
P021475,2025/2026,1,vocational_school,A001901
P021483,2025/2026,1,school,A016594
P021488,2025/2026,1,school,A006154
P021490,2025/2026,1,school,A014101
P021491,2025/2026,1,vocational_school,A014101
P021500,2025/2026,1,school,A011426
P021516,2025/2026,1,school,A000432
P021525,2025/2026,1,school,A008591
P021526,2025/2026,1,university,A011306
P021528,2025/2026,1,school,A017139
P021531,2025/2026,1,school,A009417
P021544,2025/2026,1,vocational_school,A017197
P021551,2025/2026,1,school,NA
P021552,2025/2026,1,school,A015555
P021554,2025/2026,1,university,A015555
P021564,2025/2026,1,school,A015286
P021566,2025/2026,1,vocational_school,A001031
P021571,2025/2026,1,school,A008072
P021572,2025/2026,1,school,A015184
P021573,2025/2026,1,school,A015184
P021575,2025/2026,1,school,A010385
P021580,2025/2026,1,school,A011283
P021581,2025/2026,1,school,A014560
P021582,2025/2026,1,school,A014560
P021583,2025/2026,1,school,A009783
P021587,2025/2026,1,vocational_school,A011719
P021588,2025/2026,1,university,A002218
P021595,2025/2026,1,school,A009275
P021599,2025/2026,1,school,A006512
P021600,2025/2026,1,school,A006512
P021602,2025/2026,1,school,A001887
P021605,2025/2026,1,school,A000792
P021611,2025/2026,1,school,A003562
P021614,2025/2026,1,university,A010159
P021615,2025/2026,1,NA,A014473
P021653,2025/2026,1,vocational_school,A000700
P021666,2025/2026,1,school,A002055
P021668,2025/2026,1,university,A002055
P021675,2025/2026,1,school,A017033
P021680,2025/2026,1,university,A007223
P021692,2025/2026,1,university,A013116
P021696,2025/2026,1,school,A003197
P021700,2025/2026,1,vocational_school,A012265
P021709,2025/2026,1,school,A017738
P021711,2025/2026,1,school,A003047
P021712,2025/2026,1,school,A015086
P021715,2025/2026,1,university,A010171
P021720,2025/2026,1,school,A014173
P021723,2025/2026,1,school,A001400
P021736,2025/2026,1,school,A002616
P021740,2025/2026,1,school,A002616
P021751,2025/2026,1,university,A014953
P021756,2025/2026,1,school,A005781
P021758,2025/2026,1,NA,A005781
P021767,2025/2026,1,vocational_school,A002713
P021776,2025/2026,1,school,A012136
P021778,2025/2026,1,vocational_school,A001381
P021782,2025/2026,1,school,A014502
P021785,2025/2026,1,school,A011333
P021787,2025/2026,1,vocational_school,A007782
P021790,2025/2026,1,vocational_school,A013279
P021792,2025/2026,1,NA,A013279
P021795,2025/2026,1,school,A006788
P021797,2025/2026,1,school,NA
P021800,2025/2026,1,school,A005496
P021803,2025/2026,1,school,A011498
P021816,2025/2026,1,vocational_school,A008569
P021818,2025/2026,1,vocational_school,A007385
P021820,2025/2026,1,vocational_school,A000645
P021826,2025/2026,1,NA,A006779
P021827,2025/2026,1,school,A009059
P021830,2025/2026,1,school,A011210
P021835,2025/2026,1,vocational_school,A016465
P021837,2025/2026,1,school,A011024
P021839,2025/2026,1,school,A002392
P021844,2025/2026,1,school,A010088
P021845,2025/2026,1,school,A005679
P021849,2025/2026,1,vocational_school,A007817
P021851,2025/2026,1,school,A007817
P021855,2025/2026,1,school,A000111
P021864,2025/2026,1,school,A010371
P021876,2025/2026,1,school,A008138
P021885,2025/2026,1,vocational_school,A016964
P021887,2025/2026,1,school,A015579
P021888,2025/2026,1,school,A015579
P021892,2025/2026,1,school,A013184
P021893,2025/2026,1,school,A013184
P021894,2025/2026,1,school,A013184
P021901,2025/2026,1,university,A001316
P021902,2025/2026,1,vocational_school,A001316
P021904,2025/2026,1,school,A001316
P021916,2025/2026,1,school,A015961
P021919,2025/2026,1,school,A002207
P021925,2025/2026,1,school,A007378
P021934,2025/2026,1,school,A003480
P021945,2025/2026,1,university,A014738
P021949,2025/2026,1,school,A011482
P021954,2025/2026,1,school,A010958
P021955,2025/2026,1,school,A004409
P021959,2025/2026,1,school,A002247
P021962,2025/2026,1,school,A010076
P021980,2025/2026,1,school,A004051
P021987,2025/2026,1,school,A006407
P021989,2025/2026,1,school,A017702
P021991,2025/2026,1,university,A007765
P021993,2025/2026,1,school,A006853
P021996,2025/2026,1,vocational_school,A004134
P021999,2025/2026,1,school,A008608
P022000,2025/2026,1,university,A000522
P022001,2025/2026,1,school,A000522
P022013,2025/2026,1,school,A015634
P022029,2025/2026,1,school,A001101
P022033,2025/2026,1,school,NA
P022035,2025/2026,1,school,A012753
P022037,2025/2026,1,school,A015855
P022047,2025/2026,1,school,A016157
P022054,2025/2026,1,school,A016229
P022055,2025/2026,1,school,A008766
P022064,2025/2026,1,vocational_school,A000106
P022066,2025/2026,1,school,A002190
P022067,2025/2026,1,university,A002190
P022068,2025/2026,1,university,A002190
P022075,2025/2026,1,vocational_school,A016855
P022080,2025/2026,1,school,A005742
P022082,2025/2026,1,school,A006808
P022086,2025/2026,1,school,A005308
P022095,2025/2026,1,vocational_school,A002926
P022099,2025/2026,1,vocational_school,A002664
P022104,2025/2026,1,school,A009644
P022108,2025/2026,1,school,A013768
P022109,2025/2026,1,vocational_school,A015262
P022110,2025/2026,1,school,A015262
P022123,2025/2026,1,school,A007173
P022135,2025/2026,1,university,A017988
P022147,2025/2026,1,school,A016226
P022148,2025/2026,1,school,A005701
P022169,2025/2026,1,school,A003373
P022170,2025/2026,1,school,A017710
P022178,2025/2026,1,school,A009889
P022179,2025/2026,1,school,A009767
P022186,2025/2026,1,school,A014423
P022187,2025/2026,1,NA,A014423
P022188,2025/2026,1,school,A016903
P022192,2025/2026,1,university,A003066
P022198,2025/2026,1,school,A013254
P022200,2025/2026,1,school,A015428
P022202,2025/2026,1,school,A007001
P022220,2025/2026,1,university,A009340
P022228,2025/2026,1,school,A006289
P022230,2025/2026,1,vocational_school,A013613
P022231,2025/2026,1,university,NA
P022235,2025/2026,1,school,A001595
P022252,2025/2026,1,university,A011237
P022259,2025/2026,1,school,A009212
P022285,2025/2026,1,school,A014084
P022291,2025/2026,1,school,A005155
P022293,2025/2026,1,school,A007690
P022299,2025/2026,1,school,A002052
P022311,2025/2026,1,university,A017136
P022312,2025/2026,1,vocational_school,A017136
P022326,2025/2026,1,school,A012027
P022332,2025/2026,1,school,A012154
P022334,2025/2026,1,university,A017238
P022335,2025/2026,1,school,A017238
P022336,2025/2026,1,school,A017238
P022355,2025/2026,1,school,A008838
P022374,2025/2026,1,NA,A001966
P022388,2025/2026,1,vocational_school,A001883
P022392,2025/2026,1,university,A014122
P022409,2025/2026,1,school,A001957
P022423,2025/2026,1,school,A011329
P022429,2025/2026,1,school,A012669
P022440,2025/2026,1,school,A017865
P022441,2025/2026,1,university,A016781
P022448,2025/2026,1,school,A006993
P022451,2025/2026,1,school,A003920
P022454,2025/2026,1,school,A003920
P022456,2025/2026,1,school,A003519
P022466,2025/2026,1,NA,A008795
P022468,2025/2026,1,school,A005049
P022483,2025/2026,1,vocational_school,A009999
P022486,2025/2026,1,NA,A000260
P022490,2025/2026,1,school,A013426
P022492,2025/2026,1,school,A008605
P022509,2025/2026,1,university,A015628
P022510,2025/2026,1,university,A015628
P022511,2025/2026,1,NA,A015020
P022517,2025/2026,1,school,A004235
P022519,2025/2026,1,vocational_school,A004235
P022524,2025/2026,1,school,A007668
P022532,2025/2026,1,school,A007522
P022536,2025/2026,1,school,A007522
P022538,2025/2026,1,vocational_school,A014997
P022539,2025/2026,1,school,A014997
P022549,2025/2026,1,university,A015623
P022552,2025/2026,1,university,A011496
P022554,2025/2026,1,school,A001507
P022560,2025/2026,1,school,A013277
P022563,2025/2026,1,school,A016247
P022576,2025/2026,1,school,A014867
P022583,2025/2026,1,school,A014451
P022584,2025/2026,1,school,A014451
P022586,2025/2026,1,school,A014451
P022588,2025/2026,1,school,A013579
P022598,2025/2026,1,school,A005433
P022605,2025/2026,1,school,A002921
P022611,2025/2026,1,school,A008150
P022622,2025/2026,1,university,A017458
P022635,2025/2026,1,school,A003478
P022638,2025/2026,1,vocational_school,A012122
P022644,2025/2026,1,school,A004637
P022649,2025/2026,1,vocational_school,A016927
P022666,2025/2026,1,vocational_school,A014572
P022677,2025/2026,1,school,A014799
P022692,2025/2026,1,school,A006512
P022693,2025/2026,1,school,NA
P022694,2025/2026,1,school,A004744
P022699,2025/2026,1,school,A017537
P022704,2025/2026,1,school,A006984
P022711,2025/2026,1,university,A006672
P022715,2025/2026,1,school,A006125
P022720,2025/2026,1,university,A010496
P022730,2025/2026,1,school,A016763
P022731,2025/2026,1,NA,A006121
P022748,2025/2026,1,school,A010988
P022751,2025/2026,1,vocational_school,A013705
P022755,2025/2026,1,vocational_school,A017929
P022761,2025/2026,1,vocational_school,A000374
P022769,2025/2026,1,school,A008141
P022771,2025/2026,1,vocational_school,A010894
P022776,2025/2026,1,school,A003065
P022777,2025/2026,1,school,A015184
P022784,2025/2026,1,university,A015829
P022788,2025/2026,1,school,A010371
P022790,2025/2026,1,school,A010371
P022793,2025/2026,1,university,A003328
P022799,2025/2026,1,vocational_school,A001153
P022806,2025/2026,1,school,A009808
P022811,2025/2026,1,NA,A016268
P022817,2025/2026,1,school,A016894
P022824,2025/2026,1,NA,A002232
P022828,2025/2026,1,school,A000209
P022838,2025/2026,1,school,A003187
P022840,2025/2026,1,university,A011224
P022842,2025/2026,1,school,A007713
P022846,2025/2026,1,school,A017154
P022847,2025/2026,1,school,A017154
P022850,2025/2026,1,university,A000154
P022852,2025/2026,1,NA,A005301
P022865,2025/2026,1,school,A011153
P022867,2025/2026,1,school,A017733
P022870,2025/2026,1,vocational_school,A005252
P022876,2025/2026,1,school,A013284
P022877,2025/2026,1,school,A006543
P022879,2025/2026,1,vocational_school,A017472
P022883,2025/2026,1,school,A002214
P022885,2025/2026,1,school,A013617
P022887,2025/2026,1,school,A000430
P022895,2025/2026,1,university,A000932
P022902,2025/2026,1,school,A002653
P022907,2025/2026,1,university,A002008
P022919,2025/2026,1,school,A017828
P022920,2025/2026,1,university,A017828
P022927,2025/2026,1,school,A013581
P022936,2025/2026,1,school,A011888
P022940,2025/2026,1,vocational_school,A004458
P022948,2025/2026,1,school,A008239
P022949,2025/2026,1,NA,A008239
P022951,2025/2026,1,vocational_school,A010926
P022954,2025/2026,1,school,A011611
P022979,2025/2026,1,school,A012269
P022984,2025/2026,1,school,A009818
P022988,2025/2026,1,vocational_school,A010251
P022995,2025/2026,1,vocational_school,A016637
P023000,2025/2026,1,university,A011713
P023003,2025/2026,1,university,A011713
P023004,2025/2026,1,school,A012269
P023006,2025/2026,1,university,A012269
P023009,2025/2026,1,school,A007898
P023010,2025/2026,1,school,A007898
P023016,2025/2026,1,university,A011974
P023017,2025/2026,1,school,A010356
P023018,2025/2026,1,school,A007441
P023021,2025/2026,1,school,A007441
P023022,2025/2026,1,school,A010838
P023025,2025/2026,1,NA,A001166
P023029,2025/2026,1,school,A016346
P023036,2025/2026,1,school,A017430
P023041,2025/2026,1,school,A015359
P023057,2025/2026,1,school,A016033
P023062,2025/2026,1,university,NA
P023064,2025/2026,1,university,A004679
P023068,2025/2026,1,vocational_school,A013818
P023070,2025/2026,1,vocational_school,A008496
P023071,2025/2026,1,school,A011656
P023074,2025/2026,1,school,A014984
P023082,2025/2026,1,vocational_school,A009325
P023106,2025/2026,1,school,A009401
P023111,2025/2026,1,vocational_school,A010974
P023112,2025/2026,1,vocational_school,A005312
P023113,2025/2026,1,school,A005312
P023117,2025/2026,1,NA,A008468
P023120,2025/2026,1,school,A003161
P023132,2025/2026,1,vocational_school,A011159
P023134,2025/2026,1,vocational_school,A006320
P023137,2025/2026,1,school,A008939
P023140,2025/2026,1,university,A009337
P023142,2025/2026,1,school,A013217
P023148,2025/2026,1,school,A007075
P023152,2025/2026,1,vocational_school,A005927
P023160,2025/2026,1,school,NA
P023162,2025/2026,1,school,A011594
P023171,2025/2026,1,school,A013464
P023184,2025/2026,1,school,A005256
P023191,2025/2026,1,school,A001224
P023193,2025/2026,1,school,A004955
P023194,2025/2026,1,school,A004955
P023197,2025/2026,1,school,A014199
P023209,2025/2026,1,school,A016130
P023212,2025/2026,1,school,A010141
P023215,2025/2026,1,school,A013698
P023229,2025/2026,1,university,A001937
P023230,2025/2026,1,school,NA
P023235,2025/2026,1,school,A006236
P023240,2025/2026,1,school,A003323
P023243,2025/2026,1,school,A003323
P023249,2025/2026,1,school,A012009
P023262,2025/2026,1,NA,A007296
P023264,2025/2026,1,vocational_school,A012504
P023269,2025/2026,1,university,A004829
P023272,2025/2026,1,school,A005263
P023273,2025/2026,1,school,A005263
P023278,2025/2026,1,school,A001581
P023282,2025/2026,1,NA,A006733
P023285,2025/2026,1,university,A016490
P023288,2025/2026,1,university,A010066
P023294,2025/2026,1,school,A000847
P023308,2025/2026,1,school,A003806
P023322,2025/2026,1,school,A003388
P023327,2025/2026,1,school,A015035
P023329,2025/2026,1,school,A000252
P023334,2025/2026,1,university,A006273
P023337,2025/2026,1,school,A003946
P023339,2025/2026,1,NA,A003946
P023341,2025/2026,1,school,A013084
P023350,2025/2026,1,school,A016851
P023352,2025/2026,1,school,A016410
P023363,2025/2026,1,school,A001116
P023378,2025/2026,1,school,A011280
P023380,2025/2026,1,school,NA
P023384,2025/2026,1,school,NA
P023386,2025/2026,1,NA,A014595
P023394,2025/2026,1,school,A008584
P023400,2025/2026,1,school,A014257
P023404,2025/2026,1,school,A015422
P023418,2025/2026,1,school,A001841
P023427,2025/2026,1,school,A009594
P023439,2025/2026,1,vocational_school,A014961
P023441,2025/2026,1,vocational_school,A014961
P023450,2025/2026,1,university,A017896
P023452,2025/2026,1,school,A005465
P023462,2025/2026,1,school,A001452
P023464,2025/2026,1,school,A003218
P023470,2025/2026,1,vocational_school,A011816
P023480,2025/2026,1,school,A001759
P023481,2025/2026,1,university,A001759
P023484,2025/2026,1,vocational_school,A004388
P023485,2025/2026,1,university,A015137
P023488,2025/2026,1,vocational_school,A014117
P023491,2025/2026,1,school,A017164
P023502,2025/2026,1,school,A011935
P023505,2025/2026,1,school,A013078
P023509,2025/2026,1,vocational_school,A000947
P023510,2025/2026,1,vocational_school,A000947
P023514,2025/2026,1,school,A008007
P023528,2025/2026,1,school,A006195
P023531,2025/2026,1,university,A012300
P023532,2025/2026,1,school,A009188
P023535,2025/2026,1,vocational_school,A003113
P023553,2025/2026,1,school,A005649
P023554,2025/2026,1,school,A005649
P023557,2025/2026,1,school,A005649
P023562,2025/2026,1,school,A011955
P023569,2025/2026,1,vocational_school,A014023
P023570,2025/2026,1,university,A001712
P023581,2025/2026,1,university,A009869
P023585,2025/2026,1,university,A003100
P023597,2025/2026,1,school,A007584
P023600,2025/2026,1,school,A011515
P023605,2025/2026,1,school,A011309
P023607,2025/2026,1,school,A004096
P023609,2025/2026,1,school,A003024
P023612,2025/2026,1,school,A006255
P023616,2025/2026,1,university,A000590
P023619,2025/2026,1,school,A000590
P023622,2025/2026,1,school,A014263
P023632,2025/2026,1,university,A007068
P023638,2025/2026,1,university,A004678
P023642,2025/2026,1,school,A002270
P023645,2025/2026,1,school,A007781
P023647,2025/2026,1,NA,A007781
P023651,2025/2026,1,school,A015671
P023652,2025/2026,1,school,A003161
P023659,2025/2026,1,vocational_school,A013072
P023660,2025/2026,1,school,A015653
P023662,2025/2026,1,school,A013354
P023663,2025/2026,1,university,A012398
P023664,2025/2026,1,school,A012398
P023665,2025/2026,1,school,A012398
P023668,2025/2026,1,vocational_school,A004504
P023669,2025/2026,1,school,A017318
P023673,2025/2026,1,school,A018000
P023683,2025/2026,1,university,A010253
P023687,2025/2026,1,school,A011312
P023688,2025/2026,1,university,A011312
P023689,2025/2026,1,school,A011312
P023694,2025/2026,1,university,A013517
P023695,2025/2026,1,vocational_school,A013517
P023723,2025/2026,1,school,A012020
P023729,2025/2026,1,school,A009279
P023732,2025/2026,1,school,A008043
P023735,2025/2026,1,school,A008043
P023739,2025/2026,1,school,A014369
P023740,2025/2026,1,university,A007251
P023765,2025/2026,1,vocational_school,A003791
P023768,2025/2026,1,vocational_school,A008326
P023776,2025/2026,1,school,A011062
P023782,2025/2026,1,school,A000170
P023785,2025/2026,1,school,A010277
P023787,2025/2026,1,vocational_school,A006497
P023789,2025/2026,1,school,A014770
P023790,2025/2026,1,school,A007146
P023794,2025/2026,1,school,A001639
P023796,2025/2026,1,school,A005105
P023799,2025/2026,1,school,NA
P023803,2025/2026,1,school,A015061
P023806,2025/2026,1,school,A017539
P023828,2025/2026,1,school,A002761
P023829,2025/2026,1,school,A015976
P023831,2025/2026,1,university,NA
P023832,2025/2026,1,school,A012942
P023833,2025/2026,1,school,A012942
P023838,2025/2026,1,vocational_school,A001913
P023842,2025/2026,1,school,A017221
P023843,2025/2026,1,school,A017221
P023853,2025/2026,1,school,A014545
P023867,2025/2026,1,school,A017896
P023870,2025/2026,1,school,A017497
P023872,2025/2026,1,NA,A001541
P023876,2025/2026,1,school,A016153
P023887,2025/2026,1,school,A008716
P023894,2025/2026,1,school,A012719
P023904,2025/2026,1,school,A010810
P023905,2025/2026,1,school,A010810
P023912,2025/2026,1,school,A016978
P023921,2025/2026,1,school,A009424
P023925,2025/2026,1,school,A013693
P023937,2025/2026,1,school,A013501
P023942,2025/2026,1,school,A002721
P023943,2025/2026,1,school,A002721
P023945,2025/2026,1,school,A001041
P023949,2025/2026,1,school,A011851
P023951,2025/2026,1,school,A003356
P023970,2025/2026,1,school,A004616
P023971,2025/2026,1,NA,A004616
P023982,2025/2026,1,vocational_school,A002296
P023983,2025/2026,1,vocational_school,A002296
P023984,2025/2026,1,school,A017434
P023987,2025/2026,1,university,NA
P023990,2025/2026,1,university,A015934
P023991,2025/2026,1,school,A015934
P024000,2025/2026,1,vocational_school,A012003
P024003,2025/2026,1,school,A014172
P024004,2025/2026,1,school,A014172
P024005,2025/2026,1,school,A015751
P024025,2025/2026,1,school,A002792
P024036,2025/2026,1,school,A012408
P024037,2025/2026,1,school,A015209
P024038,2025/2026,1,school,A015209
P024047,2025/2026,1,school,A014556
P024049,2025/2026,1,university,A014556
P024050,2025/2026,1,university,A001953
P024057,2025/2026,1,university,A001793
P024059,2025/2026,1,school,A001793
P024062,2025/2026,1,school,A001478
P024087,2025/2026,1,university,A017097
P024088,2025/2026,1,university,A017097
P024090,2025/2026,1,school,A001360
P024100,2025/2026,1,NA,A000683
P024101,2025/2026,1,school,A003008
P024111,2025/2026,1,vocational_school,A009987
P024118,2025/2026,1,school,A009142
P024125,2025/2026,1,vocational_school,A014351
P024135,2025/2026,1,university,A008767
P024146,2025/2026,1,university,A008191
P024147,2025/2026,1,school,NA
P024173,2025/2026,1,school,A000393
P024182,2025/2026,1,school,A015691
P024184,2025/2026,1,school,A015691
P024188,2025/2026,1,school,A015270
P024194,2025/2026,1,school,A002909
P024199,2025/2026,1,school,A004435
P024205,2025/2026,1,school,A000898
P024210,2025/2026,1,school,A001655
P024213,2025/2026,1,university,A012844
P024218,2025/2026,1,school,A014533
P024220,2025/2026,1,school,A011339
P024227,2025/2026,1,school,A009825
P024237,2025/2026,1,vocational_school,A003135
P024244,2025/2026,1,school,A004389
P024252,2025/2026,1,university,A008348
P024256,2025/2026,1,school,A001590
P024258,2025/2026,1,school,A001590
P024267,2025/2026,1,university,A006503
P024269,2025/2026,1,school,A006862
P024274,2025/2026,1,university,A001480
P024278,2025/2026,1,school,A002314
P024281,2025/2026,1,vocational_school,A002314
P024283,2025/2026,1,university,A010035
P024285,2025/2026,1,school,A011562
P024291,2025/2026,1,vocational_school,A013362
P024293,2025/2026,1,school,A013362
P024298,2025/2026,1,school,A007551
P024305,2025/2026,1,vocational_school,A012185
P024313,2025/2026,1,school,A015961
P024334,2025/2026,1,school,A011935
P024337,2025/2026,1,school,A001922
P024339,2025/2026,1,vocational_school,A012261
P024348,2025/2026,1,school,A017027
P024377,2025/2026,1,vocational_school,A009863
P024397,2025/2026,1,university,A004228
P024408,2025/2026,1,vocational_school,A004034
P024416,2025/2026,1,vocational_school,A016116
P024428,2025/2026,1,school,A007769
P024439,2025/2026,1,school,A011810
P024443,2025/2026,1,school,A007887
P024444,2025/2026,1,school,A006236
P024455,2025/2026,1,school,A016739
P024457,2025/2026,1,school,A004839
P024463,2025/2026,1,school,A010385
P024466,2025/2026,1,school,A010159
P024477,2025/2026,1,university,A001609
P024479,2025/2026,1,school,A017898
P024481,2025/2026,1,vocational_school,A017898
P024495,2025/2026,1,school,A010818
P024510,2025/2026,1,school,A006384
P024514,2025/2026,1,vocational_school,A011437
P024516,2025/2026,1,school,A011078
P024518,2025/2026,1,school,A011078
P024526,2025/2026,1,vocational_school,A011689
P024538,2025/2026,1,vocational_school,NA
P024539,2025/2026,1,school,A008302
P024540,2025/2026,1,school,A006138
P024561,2025/2026,1,school,A008952
P024562,2025/2026,1,school,A017375
P024563,2025/2026,1,school,A013630
P024564,2025/2026,1,school,A013630
P024566,2025/2026,1,school,A009483
P024573,2025/2026,1,university,A004630
P024581,2025/2026,1,school,A017168
P024587,2025/2026,1,school,A006576
P024600,2025/2026,1,NA,A013923
P024603,2025/2026,1,school,A007385
P024609,2025/2026,1,school,A007573
P024612,2025/2026,1,vocational_school,A010657
P024617,2025/2026,1,NA,A006165
P024619,2025/2026,1,school,A002762
P024629,2025/2026,1,school,A009185
P024635,2025/2026,1,school,A014296
P024644,2025/2026,1,school,A002676
P024645,2025/2026,1,vocational_school,A002676
P024650,2025/2026,1,school,NA
P024651,2025/2026,1,university,A016312
P024655,2025/2026,1,university,A008642
P024656,2025/2026,1,vocational_school,A008642
P024659,2025/2026,1,vocational_school,A002375
P024666,2025/2026,1,school,A005411
P024667,2025/2026,1,school,A005411
P024680,2025/2026,1,NA,A006986
P024685,2025/2026,1,university,NA
P024690,2025/2026,1,university,A003592
P024696,2025/2026,1,school,A013265
P024701,2025/2026,1,school,A014332
P024702,2025/2026,1,school,A014332
P024703,2025/2026,1,school,A001042
P024707,2025/2026,1,vocational_school,A006828
P024715,2025/2026,1,school,A011836
P024726,2025/2026,1,school,NA
P024732,2025/2026,1,university,A007435
P024750,2025/2026,1,school,A014873
P024768,2025/2026,1,school,A016544
P024773,2025/2026,1,university,A004589
P024775,2025/2026,1,university,A004355
P024781,2025/2026,1,school,A005739
P024785,2025/2026,1,school,A001974
P024790,2025/2026,1,school,NA
P024791,2025/2026,1,vocational_school,A011446
P024798,2025/2026,1,university,A003191
P024799,2025/2026,1,NA,A014537
P024811,2025/2026,1,school,A005763
P024816,2025/2026,1,university,A011272
P024819,2025/2026,1,school,A012982
P024824,2025/2026,1,school,A016123
P024846,2025/2026,1,school,A008711
P024848,2025/2026,1,school,NA
P024849,2025/2026,1,university,A003505
P024851,2025/2026,1,school,A006042
P024852,2025/2026,1,school,A006042
P024862,2025/2026,1,vocational_school,A002051
P024868,2025/2026,1,university,A015349
P024870,2025/2026,1,school,A006408
P024879,2025/2026,1,school,A014143
P024883,2025/2026,1,school,A011008
P024885,2025/2026,1,school,A016027
P024888,2025/2026,1,school,A012056
P024891,2025/2026,1,school,A012056
P024896,2025/2026,1,university,A017203
P024897,2025/2026,1,NA,A017094
P024898,2025/2026,1,school,A017094
P024918,2025/2026,1,school,A005631
P024922,2025/2026,1,school,A011532
P024932,2025/2026,1,school,A002318
P024939,2025/2026,1,NA,A000471
P024941,2025/2026,1,university,A011307
P024945,2025/2026,1,school,A016072
P024947,2025/2026,1,school,A013451
P024949,2025/2026,1,school,A001174
P024954,2025/2026,1,school,A001250
P024964,2025/2026,1,school,A006826
P024967,2025/2026,1,school,A012576
P024971,2025/2026,1,school,A016360
P024984,2025/2026,1,vocational_school,A002323
P025015,2025/2026,1,NA,A003704
P025016,2025/2026,1,university,A003704
P025018,2025/2026,1,school,A012958
P025023,2025/2026,1,university,A002629
P025028,2025/2026,1,school,A012687
P025032,2025/2026,1,school,A009641
P025041,2025/2026,1,school,A014781
P025051,2025/2026,1,university,A014873
P025052,2025/2026,1,university,A004438
P025057,2025/2026,1,school,A008612
P025059,2025/2026,1,university,A008612
P025069,2025/2026,1,school,A009169
P025070,2025/2026,1,school,A009169
P025076,2025/2026,1,school,A006769
P025078,2025/2026,1,vocational_school,A006769
P025087,2025/2026,1,school,A014204
P025094,2025/2026,1,vocational_school,A005567
P025108,2025/2026,1,school,A008612
P025109,2025/2026,1,school,A008612
P025110,2025/2026,1,university,A006335
P025116,2025/2026,1,school,A006801
P025118,2025/2026,1,NA,A006801
P025122,2025/2026,1,school,A007953
P025127,2025/2026,1,school,A009946
P025129,2025/2026,1,school,A010402
P025152,2025/2026,1,vocational_school,A012266
P025154,2025/2026,1,school,A012883
P025155,2025/2026,1,school,A002716
P025156,2025/2026,1,vocational_school,A000216
P025163,2025/2026,1,vocational_school,A011752
P025175,2025/2026,1,school,A012027
P025177,2025/2026,1,school,A016384
P025178,2025/2026,1,school,A010878
P025190,2025/2026,1,vocational_school,A014244
P025194,2025/2026,1,vocational_school,A003446
P025201,2025/2026,1,school,A008191
P025203,2025/2026,1,school,A008191
P025213,2025/2026,1,school,A004754
P025222,2025/2026,1,university,A001968
P025223,2025/2026,1,vocational_school,A010771
P025233,2025/2026,1,school,A005312
P025235,2025/2026,1,university,A009597
P025237,2025/2026,1,school,A017828
P025243,2025/2026,1,school,A005531
P025248,2025/2026,1,school,A004009
P025250,2025/2026,1,NA,A005240
P025256,2025/2026,1,school,A001806
P025259,2025/2026,1,school,A001806
P025275,2025/2026,1,school,A001101
P025280,2025/2026,1,school,A005813
P025285,2025/2026,1,school,A007152
P025286,2025/2026,1,university,A005746
P025291,2025/2026,1,school,A016097
P025299,2025/2026,1,school,A003681
P025301,2025/2026,1,school,A000669
P025306,2025/2026,1,school,A016635
P025310,2025/2026,1,school,A017279
P025315,2025/2026,1,school,A004132
P025318,2025/2026,1,school,A004880
P025331,2025/2026,1,school,A013050
P025332,2025/2026,1,vocational_school,A013050
P025337,2025/2026,1,school,A014752
P025339,2025/2026,1,university,A007452
P025346,2025/2026,1,school,A015623
P025358,2025/2026,1,school,A013336
P025359,2025/2026,1,school,A010320
P025362,2025/2026,1,university,A009094
P025370,2025/2026,1,school,A003786
P025374,2025/2026,1,school,A000409
P025376,2025/2026,1,school,A014863
P025378,2025/2026,1,school,A014115
P025380,2025/2026,1,school,A014115
P025382,2025/2026,1,vocational_school,A005306
P025383,2025/2026,1,university,A005306
P025386,2025/2026,1,school,A013564
P025390,2025/2026,1,university,A013747
P025394,2025/2026,1,university,A008696
P025400,2025/2026,1,school,A011729
P025404,2025/2026,1,university,A004265
P025414,2025/2026,1,school,A013502
P025420,2025/2026,1,university,A007887
P025424,2025/2026,1,school,A012341
P025426,2025/2026,1,university,A012341
P025432,2025/2026,1,school,A017314
P025447,2025/2026,1,university,A013919
P025449,2025/2026,1,school,A008566
P025453,2025/2026,1,school,A008566
P025477,2025/2026,1,school,A001485
P025478,2025/2026,1,school,A001753
P025482,2025/2026,1,school,A011026
P025487,2025/2026,1,university,A001775
P025494,2025/2026,1,university,A005263
P025500,2025/2026,1,school,A006778
P025506,2025/2026,1,school,A000235
P025518,2025/2026,1,school,A011535
P025519,2025/2026,1,vocational_school,A008109
P025529,2025/2026,1,school,A017744
P025532,2025/2026,1,university,A009466
P025539,2025/2026,1,vocational_school,A007999
P025540,2025/2026,1,NA,A001775
P025541,2025/2026,1,school,A001775
P025545,2025/2026,1,school,A000754
P025550,2025/2026,1,school,A010059
P025552,2025/2026,1,school,A007915
P025555,2025/2026,1,university,A017425
P025569,2025/2026,1,school,A012004
P025572,2025/2026,1,school,A013348
P025575,2025/2026,1,vocational_school,A005635
P025586,2025/2026,1,school,A015039
P025595,2025/2026,1,school,A002249
P025609,2025/2026,1,NA,A003505
P025612,2025/2026,1,school,A003505
P025618,2025/2026,1,school,A008060
P025631,2025/2026,1,university,A007643
P025632,2025/2026,1,vocational_school,A012643
P025640,2025/2026,1,school,A007180
P025649,2025/2026,1,university,A002562
P025652,2025/2026,1,vocational_school,A016252
P025654,2025/2026,1,university,A005923
P025658,2025/2026,1,vocational_school,A016911
P025659,2025/2026,1,vocational_school,A016911
P025661,2025/2026,1,university,A009514
P025663,2025/2026,1,school,A001848
P025676,2025/2026,1,school,A005851
P025678,2025/2026,1,school,A014973
P025679,2025/2026,1,vocational_school,A014973
P025682,2025/2026,1,vocational_school,A016642
P025685,2025/2026,1,school,A006186
P025690,2025/2026,1,vocational_school,A003359
P025695,2025/2026,1,vocational_school,A015768
P025697,2025/2026,1,school,A016734
P025710,2025/2026,1,school,A003466
P025711,2025/2026,1,school,A013161
P025715,2025/2026,1,school,A010127
P025730,2025/2026,1,school,A015449
P025735,2025/2026,1,university,A003109
P025747,2025/2026,1,school,A009461
P025748,2025/2026,1,school,A009461
P025749,2025/2026,1,school,A009461
P025750,2025/2026,1,university,A014971
P025759,2025/2026,1,vocational_school,A010946
P025760,2025/2026,1,school,A014319
P025773,2025/2026,1,school,A013707
P025787,2025/2026,1,school,A015885
P025793,2025/2026,1,school,A004887
P025800,2025/2026,1,school,A005095
P025802,2025/2026,1,vocational_school,A004445
P025803,2025/2026,1,school,A004445
P025807,2025/2026,1,vocational_school,A004291
P025808,2025/2026,1,school,A005315
P025810,2025/2026,1,school,A006278
P025811,2025/2026,1,university,A004953
P025826,2025/2026,1,school,A008893
P025833,2025/2026,1,school,A013630
P025835,2025/2026,1,vocational_school,A003875
P025852,2025/2026,1,NA,A001725
P025856,2025/2026,1,university,A016301
P025879,2025/2026,1,school,A015235
P025883,2025/2026,1,school,A012687
P025914,2025/2026,1,school,A009209
P025917,2025/2026,1,school,A008860
P025922,2025/2026,1,school,A008346
P025923,2025/2026,1,school,A008956
P025926,2025/2026,1,school,A010930
P025928,2025/2026,1,vocational_school,A007455
P025930,2025/2026,1,school,A013072
P025933,2025/2026,1,school,A013072
P025935,2025/2026,1,university,NA
P025936,2025/2026,1,school,A012618
P025941,2025/2026,1,university,A000887
P025944,2025/2026,1,vocational_school,A000887
P025947,2025/2026,1,school,A000278
P025957,2025/2026,1,school,A017419
P025961,2025/2026,1,NA,A003748
P025963,2025/2026,1,school,A012255
P025967,2025/2026,1,school,A001634
P025968,2025/2026,1,school,A001634
P025970,2025/2026,1,vocational_school,A003348
P025978,2025/2026,1,NA,A012970
P025979,2025/2026,1,school,A012970
P025980,2025/2026,1,school,A003359
P026002,2025/2026,1,NA,A011127
P026016,2025/2026,1,school,A015991
P026018,2025/2026,1,school,A016081
P026019,2025/2026,1,school,A012344
P026021,2025/2026,1,school,A014240
P026038,2025/2026,1,school,A016619
P026076,2025/2026,1,school,A009508
P026078,2025/2026,1,school,A002571
P026080,2025/2026,1,school,A002571
P026090,2025/2026,1,school,A012184
P026109,2025/2026,1,university,A003335
P026111,2025/2026,1,school,A017043
P026113,2025/2026,1,NA,A011347
P026117,2025/2026,1,NA,A016492
P026124,2025/2026,1,vocational_school,A002676
P026131,2025/2026,1,school,A000417
P026137,2025/2026,1,vocational_school,A013081
P026140,2025/2026,1,school,A005669
P026143,2025/2026,1,school,A005669
P026149,2025/2026,1,vocational_school,A012846
P026157,2025/2026,1,school,A016045
P026160,2025/2026,1,school,A016952
P026161,2025/2026,1,school,A016952
P026168,2025/2026,1,school,A010416
P026173,2025/2026,1,school,A014729
P026175,2025/2026,1,school,A014729
P026196,2025/2026,1,school,A006601
P026203,2025/2026,1,school,A013916
P026216,2025/2026,1,university,A017570
P026229,2025/2026,1,school,A015536
P026241,2025/2026,1,university,A002377
P026248,2025/2026,1,school,A017149
P026252,2025/2026,1,school,A015678
P026273,2025/2026,1,university,A013300
P026277,2025/2026,1,university,A006514
P026300,2025/2026,1,NA,A014707
P026302,2025/2026,1,school,A012607
P026306,2025/2026,1,university,A012607
P026318,2025/2026,1,school,A003146
P026325,2025/2026,1,school,A013326
P026330,2025/2026,1,university,A002106
P026333,2025/2026,1,vocational_school,A002106
P026347,2025/2026,1,school,A002808
P026353,2025/2026,1,vocational_school,A017893
P026361,2025/2026,1,school,A000297
P026363,2025/2026,1,school,A010426
P026373,2025/2026,1,school,A014574
P026376,2025/2026,1,vocational_school,A017497
P026384,2025/2026,1,school,A008778
P026388,2025/2026,1,vocational_school,A012485
P026393,2025/2026,1,school,A000645
P026396,2025/2026,1,school,A015672
P026401,2025/2026,1,university,A014800
P026409,2025/2026,1,school,A009041
P026410,2025/2026,1,school,NA
P026426,2025/2026,1,university,A004220
P026437,2025/2026,1,school,A010386
P026438,2025/2026,1,NA,A003101
P026441,2025/2026,1,school,A002357
P026444,2025/2026,1,school,A000824
P026446,2025/2026,1,school,A003312
P026449,2025/2026,1,school,A006768
P026461,2025/2026,1,NA,A014638
P026462,2025/2026,1,university,A014638
P026464,2025/2026,1,school,A006689
P026467,2025/2026,1,vocational_school,NA
P026470,2025/2026,1,school,A016210
P026478,2025/2026,1,university,A000794
P026481,2025/2026,1,vocational_school,A003896
P026486,2025/2026,1,vocational_school,A009354
P026491,2025/2026,1,school,A015477
P026496,2025/2026,1,vocational_school,A017607
P026500,2025/2026,1,school,NA
P026506,2025/2026,1,school,A012755
P026524,2025/2026,1,school,A013075
P026535,2025/2026,1,vocational_school,A017554
P026540,2025/2026,1,school,A013967
P026547,2025/2026,1,university,A005883
P026548,2025/2026,1,school,A005883
P026550,2025/2026,1,university,A016024
P026560,2025/2026,1,NA,A007618
P026562,2025/2026,1,school,A007224
P026566,2025/2026,1,NA,A009393
P026572,2025/2026,1,university,A008379
P026575,2025/2026,1,school,A014246
P026583,2025/2026,1,school,A007472
P026584,2025/2026,1,school,A000414
P026587,2025/2026,1,school,A010205
P026591,2025/2026,1,school,A010656
P026592,2025/2026,1,school,A010656
P026599,2025/2026,1,university,A017162
P026603,2025/2026,1,university,A006839
P026607,2025/2026,1,university,A003122
P026608,2025/2026,1,vocational_school,A010139
P026613,2025/2026,1,school,A007661
P026622,2025/2026,1,university,A002081
P026635,2025/2026,1,university,A008065
P026637,2025/2026,1,school,A012439
P026640,2025/2026,1,school,A009649
P026642,2025/2026,1,university,A009649
P026648,2025/2026,1,vocational_school,A009467
P026654,2025/2026,1,school,A007124
P026656,2025/2026,1,school,A013619
P026660,2025/2026,1,school,A008223
P026669,2025/2026,1,school,A011960
P026670,2025/2026,1,university,A011960
P026687,2025/2026,1,school,A004928
P026693,2025/2026,1,school,A006482
P026697,2025/2026,1,school,A004347
P026698,2025/2026,1,school,A015874
P026700,2025/2026,1,vocational_school,A015874
P026707,2025/2026,1,university,A017647
P026708,2025/2026,1,school,A001503
P026736,2025/2026,1,school,A008831
P026737,2025/2026,1,vocational_school,A001763
P026751,2025/2026,1,school,A007687
P026755,2025/2026,1,school,A008435
P026762,2025/2026,1,school,NA
P026767,2025/2026,1,NA,A017393
P026772,2025/2026,1,school,A015342
P026787,2025/2026,1,vocational_school,A010654
P026788,2025/2026,1,school,NA
P026798,2025/2026,1,university,A012610
P026801,2025/2026,1,school,A009243
P026805,2025/2026,1,school,A009243
P026807,2025/2026,1,school,A005079
P026823,2025/2026,1,school,A008496
P026824,2025/2026,1,school,A008496
P026825,2025/2026,1,NA,A008496
P026834,2025/2026,1,university,A006842
P026837,2025/2026,1,school,A015178
P026839,2025/2026,1,school,A004272
P026843,2025/2026,1,school,A010280
P026852,2025/2026,1,school,A008640
P026861,2025/2026,1,vocational_school,A007521
P026865,2025/2026,1,school,A006607
P026873,2025/2026,1,university,A015858
P026879,2025/2026,1,NA,A000364
P026880,2025/2026,1,school,A000364
P026890,2025/2026,1,school,NA
P026896,2025/2026,1,school,A005039
P026909,2025/2026,1,NA,A017952
P026913,2025/2026,1,university,A005035
P026917,2025/2026,1,school,A002947
P026918,2025/2026,1,university,A002947
P026921,2025/2026,1,school,A004507
P026930,2025/2026,1,school,A016424
P026933,2025/2026,1,school,A014150
P026941,2025/2026,1,school,NA
P026965,2025/2026,1,school,A001354
P026977,2025/2026,1,school,A016308
P026981,2025/2026,1,vocational_school,A014415
P026990,2025/2026,1,vocational_school,A002254
P027006,2025/2026,1,vocational_school,A000248
P027009,2025/2026,1,vocational_school,A007197
P027019,2025/2026,1,NA,A002025
P027020,2025/2026,1,school,A009818
P027023,2025/2026,1,school,A009510
P027037,2025/2026,1,school,A013535
P027042,2025/2026,1,vocational_school,A010944
P027045,2025/2026,1,school,A016000
P027050,2025/2026,1,school,A009095
P027052,2025/2026,1,school,A009095
P027054,2025/2026,1,school,A009095
P027057,2025/2026,1,vocational_school,A017037
P027062,2025/2026,1,school,A013359
P027067,2025/2026,1,university,A016271
P027069,2025/2026,1,NA,A011889
P027075,2025/2026,1,vocational_school,A015004
P027078,2025/2026,1,school,A010874
P027080,2025/2026,1,school,A010874
P027092,2025/2026,1,school,A006999
P027105,2025/2026,1,school,A000076
P027109,2025/2026,1,university,A006863
P027110,2025/2026,1,school,A006863
P027112,2025/2026,1,school,A010625
P027117,2025/2026,1,school,A007304
P027127,2025/2026,1,school,A010808
P027129,2025/2026,1,school,A010808
P027134,2025/2026,1,NA,A010416
P027143,2025/2026,1,school,A014951
P027149,2025/2026,1,vocational_school,A003905
P027153,2025/2026,1,vocational_school,A016114
P027154,2025/2026,1,school,A016114
P027155,2025/2026,1,NA,A016757
P027159,2025/2026,1,vocational_school,A014034
P027169,2025/2026,1,school,A017500
P027198,2025/2026,1,vocational_school,A015598
P027202,2025/2026,1,university,A014608
P027207,2025/2026,1,school,A002315
P027208,2025/2026,1,university,A006200
P027209,2025/2026,1,vocational_school,A006200
P027216,2025/2026,1,school,A004600
P027218,2025/2026,1,school,A004600
P027224,2025/2026,1,school,A001424
P027226,2025/2026,1,university,A005081
P027250,2025/2026,1,school,A010035
P027255,2025/2026,1,university,A000855
P027259,2025/2026,1,school,A013717
P027261,2025/2026,1,school,A010907
P027269,2025/2026,1,vocational_school,A004022
P027276,2025/2026,1,school,A012176
P027281,2025/2026,1,university,A008521
P027288,2025/2026,1,school,A008030
P027294,2025/2026,1,university,A006632
P027295,2025/2026,1,university,A008635
P027297,2025/2026,1,school,A004272
P027298,2025/2026,1,school,A013214
P027302,2025/2026,1,vocational_school,A015637
P027305,2025/2026,1,vocational_school,A006082
P027307,2025/2026,1,school,A016091
P027311,2025/2026,1,vocational_school,A003914
P027312,2025/2026,1,school,A015209
P027321,2025/2026,1,school,A014822
P027325,2025/2026,1,vocational_school,A017475
P027326,2025/2026,1,school,A017475
P027333,2025/2026,1,school,A012030
P027339,2025/2026,1,school,A010105
P027341,2025/2026,1,school,A016815
P027345,2025/2026,1,vocational_school,A008501
P027346,2025/2026,1,school,A013608
P027348,2025/2026,1,vocational_school,A013991
P027350,2025/2026,1,vocational_school,A013608
P027358,2025/2026,1,vocational_school,A013574
P027364,2025/2026,1,vocational_school,A012421
P027368,2025/2026,1,school,A016707
P027373,2025/2026,1,school,A015301
P027375,2025/2026,1,university,A004569
P027376,2025/2026,1,school,A017193
P027387,2025/2026,1,vocational_school,A008223
P027394,2025/2026,1,school,A003189
P027395,2025/2026,1,school,A015630
P027406,2025/2026,1,school,A003505
P027408,2025/2026,1,vocational_school,A001314
P027411,2025/2026,1,school,A001314
P027421,2025/2026,1,school,A014102
P027423,2025/2026,1,school,A000845
P027430,2025/2026,1,school,A010042
P027431,2025/2026,1,school,A002843
P027435,2025/2026,1,vocational_school,A010879
P027436,2025/2026,1,school,A010879
P027443,2025/2026,1,school,A006705
P027445,2025/2026,1,school,A017086
P027446,2025/2026,1,university,A017556
P027451,2025/2026,1,university,NA
P027458,2025/2026,1,school,A009766
P027463,2025/2026,1,school,NA
P027466,2025/2026,1,school,A013235
P027469,2025/2026,1,school,A003946
P027478,2025/2026,1,school,A001535
P027479,2025/2026,1,school,A009796
P027480,2025/2026,1,school,A009796
P027482,2025/2026,1,school,A009796
P027497,2025/2026,1,vocational_school,A004070
P027505,2025/2026,1,school,A007125
P027506,2025/2026,1,vocational_school,A007125
P027518,2025/2026,1,school,A004322
P027535,2025/2026,1,vocational_school,A002493
P027538,2025/2026,1,school,A016453
P027542,2025/2026,1,school,A001000
P027546,2025/2026,1,school,A006801
P027549,2025/2026,1,school,A006801
P027551,2025/2026,1,school,A005519
P027553,2025/2026,1,school,A003550
P027562,2025/2026,1,school,A004650
P027567,2025/2026,1,university,A013891
P027568,2025/2026,1,school,A013891
P027574,2025/2026,1,school,A002812
P027577,2025/2026,1,university,A006489
P027586,2025/2026,1,school,NA
P027599,2025/2026,1,university,A017398
P027602,2025/2026,1,vocational_school,A006749
P027607,2025/2026,1,vocational_school,A000848
P027612,2025/2026,1,vocational_school,A016229
P027619,2025/2026,1,school,A012022
P027632,2025/2026,1,university,A016019
P027633,2025/2026,1,university,A016019
P027638,2025/2026,1,school,A015691
P027642,2025/2026,1,vocational_school,A004274
P027644,2025/2026,1,school,A005971
P027647,2025/2026,1,school,A012031
P027653,2025/2026,1,school,A013115
P027655,2025/2026,1,vocational_school,A003679
P027656,2025/2026,1,university,A013828
P027658,2025/2026,1,school,A013652
P027660,2025/2026,1,school,A015326
P027667,2025/2026,1,school,NA
P027670,2025/2026,1,school,A017004
P027674,2025/2026,1,school,A013856
P027678,2025/2026,1,vocational_school,A012029
P027687,2025/2026,1,school,A003745
P027692,2025/2026,1,school,A015017
P027705,2025/2026,1,vocational_school,A015071
P027711,2025/2026,1,school,A010620
P027713,2025/2026,1,school,A007772
P027714,2025/2026,1,school,A007772
P027734,2025/2026,1,university,A009036
P027738,2025/2026,1,university,A009471
P027741,2025/2026,1,university,A004135
P027748,2025/2026,1,university,A012553
P027752,2025/2026,1,school,A016703
P027761,2025/2026,1,school,A008779
P027766,2025/2026,1,school,A007811
P027778,2025/2026,1,school,A013215
P027782,2025/2026,1,school,A010990
P027786,2025/2026,1,school,A006608
P027788,2025/2026,1,school,A015614
P027790,2025/2026,1,school,A014728
P027791,2025/2026,1,university,A014728
P027801,2025/2026,1,school,A004313
P027832,2025/2026,1,school,A015291
P027841,2025/2026,1,school,A005813
P027850,2025/2026,1,university,A007552
P027864,2025/2026,1,university,A012705
P027870,2025/2026,1,NA,A009422
P027881,2025/2026,1,school,A013273
P027889,2025/2026,1,vocational_school,A005205
P027891,2025/2026,1,school,A009775
P027894,2025/2026,1,school,A016804
P027896,2025/2026,1,school,A005205
P027898,2025/2026,1,vocational_school,A005205
P027901,2025/2026,1,school,A016861
P027905,2025/2026,1,university,A001743
P027907,2025/2026,1,school,A013354
P027910,2025/2026,1,university,A007338
P027917,2025/2026,1,university,A007573
P027925,2025/2026,1,school,A000578
P027928,2025/2026,1,school,A005826
P027932,2025/2026,1,school,A001231
P027933,2025/2026,1,school,A004494
P027934,2025/2026,1,university,A004494
P027936,2025/2026,1,school,A002335
P027938,2025/2026,1,university,A002335
P027940,2025/2026,1,school,A017340
P027943,2025/2026,1,university,A007087
P027957,2025/2026,1,school,A005576
P027959,2025/2026,1,school,A015567
P027960,2025/2026,1,school,A003114
P027979,2025/2026,1,school,NA
P027988,2025/2026,1,school,A007242
P027997,2025/2026,1,school,A001378
P028008,2025/2026,1,school,A015169
P028018,2025/2026,1,school,A017577
P028031,2025/2026,1,school,A006837
P028033,2025/2026,1,NA,A006837
P028039,2025/2026,1,school,A010450
P028044,2025/2026,1,NA,A013090
P028048,2025/2026,1,school,A013090
P028049,2025/2026,1,school,NA
P028052,2025/2026,1,school,A013252
P028056,2025/2026,1,school,A001929
P028062,2025/2026,1,school,A015928
P028063,2025/2026,1,school,A015928
P028065,2025/2026,1,university,A008237
P028067,2025/2026,1,university,A008237
P028071,2025/2026,1,school,A013733
P028076,2025/2026,1,school,A004112
P028082,2025/2026,1,university,A010600
P028092,2025/2026,1,university,A005781
P028102,2025/2026,1,school,A011582
P028108,2025/2026,1,school,A017614
P028130,2025/2026,1,vocational_school,A000801
P028143,2025/2026,1,NA,A016862
P028146,2025/2026,1,school,A008840
P028151,2025/2026,1,school,NA
P028158,2025/2026,1,vocational_school,A016661
P028160,2025/2026,1,vocational_school,A012331
P028168,2025/2026,1,school,A008397
P028171,2025/2026,1,school,NA
P028172,2025/2026,1,school,A003518
P028184,2025/2026,1,university,A004006
P028188,2025/2026,1,school,A012909
P028195,2025/2026,1,school,A007703
P028197,2025/2026,1,school,A007703
P028198,2025/2026,1,school,A009811
P028201,2025/2026,1,school,A014238
P028205,2025/2026,1,NA,A003200
P028207,2025/2026,1,vocational_school,A003200
P028209,2025/2026,1,vocational_school,A007499
P028218,2025/2026,1,school,A000617
P028222,2025/2026,1,school,A000617
P028225,2025/2026,1,school,A009139
P028241,2025/2026,1,school,A013392
P028251,2025/2026,1,school,A004068
P028256,2025/2026,1,school,A005671
P028264,2025/2026,1,vocational_school,A014232
P028275,2025/2026,1,school,A003407
P028280,2025/2026,1,school,A014858
P028283,2025/2026,1,school,A010352
P028285,2025/2026,1,university,A008580
P028301,2025/2026,1,school,NA
P028304,2025/2026,1,vocational_school,A003723
P028307,2025/2026,1,school,A013926
P028309,2025/2026,1,school,A013926
P028317,2025/2026,1,university,A014991
P028324,2025/2026,1,vocational_school,A010918
P028333,2025/2026,1,school,A014225
P028336,2025/2026,1,school,A002063
P028343,2025/2026,1,vocational_school,A003383
P028348,2025/2026,1,NA,A007419
P028349,2025/2026,1,school,A007419
P028357,2025/2026,1,university,A000304
P028359,2025/2026,1,NA,A000304
P028362,2025/2026,1,school,A014789
P028368,2025/2026,1,school,A010008
P028381,2025/2026,1,vocational_school,A002775
P028387,2025/2026,1,school,A001981
P028389,2025/2026,1,school,A004581
P028390,2025/2026,1,school,A004581
P028392,2025/2026,1,school,A012755
P028394,2025/2026,1,vocational_school,A017782
P028397,2025/2026,1,school,A008445
P028401,2025/2026,1,university,A009642
P028403,2025/2026,1,university,A006341
P028406,2025/2026,1,school,A005603
P028407,2025/2026,1,school,A005603
P028424,2025/2026,1,school,A001645
P028427,2025/2026,1,vocational_school,A012498
P028430,2025/2026,1,school,A008283
P028437,2025/2026,1,school,A010832
P028441,2025/2026,1,school,A010225
P028443,2025/2026,1,school,A014585
P028444,2025/2026,1,university,A014008
P028445,2025/2026,1,school,A014008
P028447,2025/2026,1,school,A016207
P028459,2025/2026,1,NA,A005961
P028467,2025/2026,1,school,A013761
P028468,2025/2026,1,vocational_school,A013761
P028472,2025/2026,1,school,A001831
P028481,2025/2026,1,NA,A003040
P028488,2025/2026,1,school,A010757
P028501,2025/2026,1,school,A009891
P028511,2025/2026,1,university,A012591
P028512,2025/2026,1,school,A012591
P028527,2025/2026,1,school,A000041
P028532,2025/2026,1,school,A002781
P028534,2025/2026,1,school,A009040
P028535,2025/2026,1,NA,A009040
P028537,2025/2026,1,vocational_school,A010937
P028561,2025/2026,1,university,A006341
P028576,2025/2026,1,vocational_school,A000554
P028585,2025/2026,1,school,A014981
P028594,2025/2026,1,school,A013618
P028607,2025/2026,1,university,A005045
P028608,2025/2026,1,university,A005045
P028614,2025/2026,1,school,A000746
P028621,2025/2026,1,university,A012295
P028623,2025/2026,1,NA,A012295
P028629,2025/2026,1,vocational_school,A014004
P028641,2025/2026,1,school,A013448
P028643,2025/2026,1,school,A008607
P028644,2025/2026,1,university,A008607
P028650,2025/2026,1,school,A006524
P028652,2025/2026,1,school,A006664
P028660,2025/2026,1,vocational_school,A005419
P028664,2025/2026,1,school,A008939
P028666,2025/2026,1,vocational_school,A004320
P028667,2025/2026,1,school,A011876
P028670,2025/2026,1,school,A011876
P028677,2025/2026,1,vocational_school,A011135
P028683,2025/2026,1,school,NA
P028692,2025/2026,1,university,A003648
P028693,2025/2026,1,university,A003219
P028696,2025/2026,1,university,NA
P028697,2025/2026,1,school,A007930
P028703,2025/2026,1,NA,A010326
P028709,2025/2026,1,vocational_school,A015354
P028719,2025/2026,1,school,A012021
P028732,2025/2026,1,school,A013830
P028733,2025/2026,1,vocational_school,A013830
P028734,2025/2026,1,university,A013830
P028736,2025/2026,1,school,A013830
P028743,2025/2026,1,school,A001881
P028745,2025/2026,1,school,A001881
P028758,2025/2026,1,school,NA
P028760,2025/2026,1,vocational_school,A010051
P028764,2025/2026,1,school,A001837
P028766,2025/2026,1,university,A001837
P028772,2025/2026,1,school,A016973
P028776,2025/2026,1,school,A002845
P028778,2025/2026,1,vocational_school,A012610
P028780,2025/2026,1,vocational_school,A009134
P028786,2025/2026,1,school,A008533
P028788,2025/2026,1,university,A017884
P028792,2025/2026,1,school,A002985
P028797,2025/2026,1,vocational_school,A014885
P028799,2025/2026,1,school,A006760
P028801,2025/2026,1,vocational_school,A006760
P028804,2025/2026,1,school,A003827
P028810,2025/2026,1,vocational_school,A016140
P028817,2025/2026,1,school,A005496
P028819,2025/2026,1,vocational_school,A008823
P028824,2025/2026,1,school,A001245
P028826,2025/2026,1,school,A002554
P028829,2025/2026,1,vocational_school,A006991
P028830,2025/2026,1,school,A006991
P028835,2025/2026,1,university,A001818
P028845,2025/2026,1,university,A015331
P028853,2025/2026,1,vocational_school,A013391
P028855,2025/2026,1,school,A017492
P028858,2025/2026,1,school,A010520
P028859,2025/2026,1,school,A010520
P028862,2025/2026,1,school,A009429
P028863,2025/2026,1,school,A009429
P028868,2025/2026,1,school,A004387
P028881,2025/2026,1,vocational_school,A010519
P028892,2025/2026,1,school,A015434
P028897,2025/2026,1,school,A011613
P028902,2025/2026,1,school,A008639
P028904,2025/2026,1,school,A016334
P028907,2025/2026,1,school,A014674
P028912,2025/2026,1,university,A013233
P028918,2025/2026,1,school,A007653
P028928,2025/2026,1,school,A001399
P028933,2025/2026,1,school,A012667
P028936,2025/2026,1,school,A015256
P028938,2025/2026,1,school,A005026
P028944,2025/2026,1,vocational_school,A013348
P028951,2025/2026,1,school,NA
P028952,2025/2026,1,school,A008006
P028953,2025/2026,1,university,A013641
P028954,2025/2026,1,school,A013641
P028961,2025/2026,1,school,A009633
P028964,2025/2026,1,school,A002969
P028966,2025/2026,1,school,A002969
P028969,2025/2026,1,NA,A014404
P028978,2025/2026,1,school,A008521
P028983,2025/2026,1,school,A004762
P028984,2025/2026,1,school,A004762
P028998,2025/2026,1,school,A017740
P029019,2025/2026,1,school,A012966
P029029,2025/2026,1,university,A006923
P029032,2025/2026,1,vocational_school,A015972
P029039,2025/2026,1,university,A001868
P029044,2025/2026,1,vocational_school,A009343
P029046,2025/2026,1,school,A010453
P029051,2025/2026,1,university,A006300
P029059,2025/2026,1,university,A011976
P029072,2025/2026,1,university,A006944
P029084,2025/2026,1,school,A016829
P029089,2025/2026,1,school,A013560
P029114,2025/2026,1,school,A013719
P029120,2025/2026,1,vocational_school,A010371
P029129,2025/2026,1,university,A007445
P029131,2025/2026,1,school,A016859
P029134,2025/2026,1,school,A010700
P029141,2025/2026,1,vocational_school,A000371
P029144,2025/2026,1,NA,A015588
P029145,2025/2026,1,school,A015588
P029159,2025/2026,1,school,A007450
P029161,2025/2026,1,university,A014669
P029163,2025/2026,1,university,A012348
P029167,2025/2026,1,vocational_school,A005188
P029169,2025/2026,1,school,A005188
P029178,2025/2026,1,vocational_school,A011274
P029179,2025/2026,1,school,A004761
P029198,2025/2026,1,school,A017386
P029202,2025/2026,1,school,A007859
P029207,2025/2026,1,school,A008823
P029210,2025/2026,1,vocational_school,A016443
P029211,2025/2026,1,school,A010196
P029216,2025/2026,1,university,A008420
P029219,2025/2026,1,university,A010511
P029227,2025/2026,1,university,A012342
P029229,2025/2026,1,university,A002749
P029232,2025/2026,1,vocational_school,A006439
P029233,2025/2026,1,school,A006439
P029249,2025/2026,1,school,A004948
P029253,2025/2026,1,school,A004948
P029255,2025/2026,1,vocational_school,A008479
P029256,2025/2026,1,vocational_school,A008479
P029260,2025/2026,1,school,A010593
P029264,2025/2026,1,school,A016989
P029272,2025/2026,1,school,A012117
P029280,2025/2026,1,school,A002433
P029285,2025/2026,1,university,A006274
P029290,2025/2026,1,vocational_school,A013045
P029291,2025/2026,1,school,A013045
P029293,2025/2026,1,school,A004517
P029295,2025/2026,1,school,A008945
P029321,2025/2026,1,school,A010466
P029323,2025/2026,1,school,A010466
P029327,2025/2026,1,NA,A013818
P029332,2025/2026,1,school,A007744
P029334,2025/2026,1,school,A003771
P029342,2025/2026,1,vocational_school,A014385
P029346,2025/2026,1,vocational_school,A017016
P029353,2025/2026,1,school,A002540
P029354,2025/2026,1,university,A002540
P029357,2025/2026,1,school,A012620
P029363,2025/2026,1,school,A013844
P029367,2025/2026,1,school,A004975
P029374,2025/2026,1,school,A011188
P029376,2025/2026,1,school,A003308
P029380,2025/2026,1,school,A012671
P029382,2025/2026,1,school,A015618
P029388,2025/2026,1,school,A002698
P029393,2025/2026,1,school,A015805
P029394,2025/2026,1,school,A015805
P029401,2025/2026,1,school,A003494
P029404,2025/2026,1,university,A012030
P029405,2025/2026,1,school,A012030
P029409,2025/2026,1,vocational_school,A004824
P029418,2025/2026,1,school,A002979
P029422,2025/2026,1,school,A010857
P029428,2025/2026,1,university,A012269
P029432,2025/2026,1,school,A012269
P029436,2025/2026,1,vocational_school,A010548
P029444,2025/2026,1,vocational_school,A010898
P029468,2025/2026,1,school,A014797
P029474,2025/2026,1,school,A017501
P029480,2025/2026,1,university,A003259
P029484,2025/2026,1,vocational_school,A016613
P029485,2025/2026,1,school,A013941
P029486,2025/2026,1,school,A013419
P029488,2025/2026,1,vocational_school,A014252
P029500,2025/2026,1,NA,A013705
P029510,2025/2026,1,school,A016131
P029513,2025/2026,1,school,A007863
P029514,2025/2026,1,school,A005309
P029515,2025/2026,1,school,A005309
P029518,2025/2026,1,school,A015513
P029528,2025/2026,1,school,A009946
P029539,2025/2026,1,NA,NA
P029541,2025/2026,1,university,A017563
P029543,2025/2026,1,school,A017563
P029544,2025/2026,1,school,A008932
P029556,2025/2026,1,school,A012953
P029562,2025/2026,1,school,A009955
P029564,2025/2026,1,school,A005395
P029565,2025/2026,1,university,A005395
P029570,2025/2026,1,university,NA
P029572,2025/2026,1,school,A015941
P029583,2025/2026,1,vocational_school,A011476
P029595,2025/2026,1,university,A011767
P029601,2025/2026,1,university,A006135
P029603,2025/2026,1,school,A014167
P029604,2025/2026,1,university,A014167
P029606,2025/2026,1,university,A009876
P029607,2025/2026,1,school,A009876
P029608,2025/2026,1,vocational_school,A013367
P029610,2025/2026,1,NA,A005359
P029620,2025/2026,1,vocational_school,A013905
P029626,2025/2026,1,university,A006814
P029629,2025/2026,1,school,A007232
P029633,2025/2026,1,vocational_school,A003554
P029635,2025/2026,1,university,A003554
P029636,2025/2026,1,school,A003554
P029641,2025/2026,1,university,A000819
P029645,2025/2026,1,school,A009149
P029646,2025/2026,1,university,A005775
P029649,2025/2026,1,university,A005775
P029650,2025/2026,1,vocational_school,A005775
P029655,2025/2026,1,university,A003376
P029662,2025/2026,1,school,A008441
P029670,2025/2026,1,school,A009575
P029682,2025/2026,1,school,A014461
P029690,2025/2026,1,school,A008612
P029691,2025/2026,1,school,A009606
P029692,2025/2026,1,university,A017466
P029697,2025/2026,1,school,A004303
P029706,2025/2026,1,university,A009810
P029707,2025/2026,1,school,A001535
P029717,2025/2026,1,school,A003505
P029726,2025/2026,1,school,A016649
P029729,2025/2026,1,school,A013562
P029730,2025/2026,1,school,A012834
P029742,2025/2026,1,vocational_school,A004604
P029751,2025/2026,1,school,A008441
P029753,2025/2026,1,vocational_school,A008441
P029754,2025/2026,1,university,A003672
P029760,2025/2026,1,school,A016966
P029774,2025/2026,1,school,A017881
P029781,2025/2026,1,university,A016903
P029782,2025/2026,1,school,A012856
P029786,2025/2026,1,school,A001807
P029788,2025/2026,1,school,A009517
P029805,2025/2026,1,university,A013340
P029808,2025/2026,1,school,A002929
P029816,2025/2026,1,school,A004819
P029827,2025/2026,1,school,A010281
P029831,2025/2026,1,school,A000892
P029833,2025/2026,1,school,A013887
P029834,2025/2026,1,university,A006300
P029838,2025/2026,1,school,A009582
P029847,2025/2026,1,school,A009004
P029873,2025/2026,1,school,A009471
P029880,2025/2026,1,vocational_school,A007370
P029882,2025/2026,1,NA,A007370
P029890,2025/2026,1,school,A013952
P029896,2025/2026,1,school,NA
P029903,2025/2026,1,school,A006257
P029906,2025/2026,1,university,A014706
P029907,2025/2026,1,school,A014706
P029916,2025/2026,1,school,A017169
P029922,2025/2026,1,school,A013563
P029938,2025/2026,1,vocational_school,A003224
P029954,2025/2026,1,school,A000616
P029956,2025/2026,1,university,A009134
P029958,2025/2026,1,school,A016266
P029966,2025/2026,1,NA,A012271
P029967,2025/2026,1,school,A002891
P029969,2025/2026,1,vocational_school,A016701
P029984,2025/2026,1,school,A012805
P029988,2025/2026,1,vocational_school,A015071
P030005,2025/2026,1,school,A002287
P030013,2025/2026,1,vocational_school,A011136
P030015,2025/2026,1,vocational_school,A011136
P030019,2025/2026,1,school,A002138
P030021,2025/2026,1,school,A002138
P030025,2025/2026,1,school,A016608
P030029,2025/2026,1,NA,A000307
P030035,2025/2026,1,university,A004824
P030037,2025/2026,1,university,A008792
P030042,2025/2026,1,school,A009167
P030046,2025/2026,1,school,A009120
P030050,2025/2026,1,university,A017747
P030063,2025/2026,1,university,A006447
P030065,2025/2026,1,school,A007571
P030067,2025/2026,1,vocational_school,A004432
P030070,2025/2026,1,school,A013315
P030076,2025/2026,1,school,A002328
P030080,2025/2026,1,university,NA
P030083,2025/2026,1,school,A012377
P030087,2025/2026,1,school,A014557
P030088,2025/2026,1,NA,NA
P030089,2025/2026,1,school,A003455
P030096,2025/2026,1,school,A010026
P030097,2025/2026,1,school,A015559
P030112,2025/2026,1,school,A001047
P030122,2025/2026,1,university,A008978
P030125,2025/2026,1,school,A000313
P030127,2025/2026,1,school,A001943
P030131,2025/2026,1,school,A004604
P030134,2025/2026,1,university,A004604
P030138,2025/2026,1,school,A002728
P030140,2025/2026,1,school,A004397
P030141,2025/2026,1,school,A004397
P030144,2025/2026,1,university,A014187
P030154,2025/2026,1,university,A010241
P030169,2025/2026,1,school,A016676
P030171,2025/2026,1,school,A007996
P030173,2025/2026,1,school,A009948
P030177,2025/2026,1,university,A016487
P030178,2025/2026,1,school,A008104
P030195,2025/2026,1,school,A013802
P030196,2025/2026,1,vocational_school,A013802
P030199,2025/2026,1,school,A014018
P030206,2025/2026,1,school,A001803
P030216,2025/2026,1,school,A000868
P030217,2025/2026,1,university,A004658
P030231,2025/2026,1,school,A009226
P030235,2025/2026,1,school,A014478
P030238,2025/2026,1,school,A014478
P030252,2025/2026,1,vocational_school,A009053
P030255,2025/2026,1,school,A008297
P030258,2025/2026,1,school,A007141
P030260,2025/2026,1,university,A009091
P030267,2025/2026,1,school,A000930
P030272,2025/2026,1,school,A000595
P030278,2025/2026,1,school,A004169
P030280,2025/2026,1,school,A015729
P030284,2025/2026,1,school,A003575
P030294,2025/2026,1,university,A016408
P030298,2025/2026,1,university,A016408
P030300,2025/2026,1,university,A012853
P030301,2025/2026,1,school,A006257
P030321,2025/2026,1,NA,A004263
P030324,2025/2026,1,vocational_school,A004638
P030331,2025/2026,1,school,A004630
P030335,2025/2026,1,school,A010110
P030340,2025/2026,1,school,A007764
P030357,2025/2026,1,school,A003657
P030361,2025/2026,1,school,A009898
P030378,2025/2026,1,school,A010221
P030385,2025/2026,1,school,A001964
P030392,2025/2026,1,vocational_school,A000370
P030395,2025/2026,1,school,A014551
P030397,2025/2026,1,school,A014551
P030400,2025/2026,1,school,A015507
P030403,2025/2026,1,vocational_school,A016607
P030404,2025/2026,1,university,A016607
P030410,2025/2026,1,school,A002270
P030413,2025/2026,1,school,A002270
P030420,2025/2026,1,school,A002262
P030426,2025/2026,1,university,A009951
P030437,2025/2026,1,school,A000983
P030443,2025/2026,1,school,A013215
P030452,2025/2026,1,school,A005823
P030461,2025/2026,1,school,NA
P030465,2025/2026,1,school,A008286
P030467,2025/2026,1,vocational_school,A010888
P030477,2025/2026,1,school,A007291
P030481,2025/2026,1,school,A008423
P030489,2025/2026,1,school,A011716
P030494,2025/2026,1,vocational_school,A010484
P030502,2025/2026,1,university,A007404
P030508,2025/2026,1,school,A010247
P030510,2025/2026,1,university,A005621
P030515,2025/2026,1,school,A002790
P030523,2025/2026,1,school,A014179
P030524,2025/2026,1,vocational_school,A008241
P030535,2025/2026,1,school,A007516
P030540,2025/2026,1,university,A017768
P030541,2025/2026,1,school,A014494
P030545,2025/2026,1,NA,A002993
P030554,2025/2026,1,school,A013381
P030558,2025/2026,1,school,A009305
P030563,2025/2026,1,vocational_school,A012955
P030582,2025/2026,1,university,A006946
P030585,2025/2026,1,school,A015004
P030591,2025/2026,1,school,A010029
P030595,2025/2026,1,school,A007589
P030599,2025/2026,1,school,A007785
P030608,2025/2026,1,vocational_school,A001264
P030610,2025/2026,1,university,A003860
P030615,2025/2026,1,school,A012498
P030623,2025/2026,1,university,A015378
P030640,2025/2026,1,university,NA
P030646,2025/2026,1,university,A003325
P030649,2025/2026,1,university,A004889
P030658,2025/2026,1,university,A010845
P030674,2025/2026,1,school,A007950
P030678,2025/2026,1,school,A012189
P030688,2025/2026,1,NA,A000537
P030694,2025/2026,1,school,A015631
P030706,2025/2026,1,school,A014281
P030711,2025/2026,1,school,A000220
P030719,2025/2026,1,school,A014828
P030721,2025/2026,1,university,A014828
P030722,2025/2026,1,school,A001699
P030724,2025/2026,1,school,A002084
P030731,2025/2026,1,school,A016696
P030743,2025/2026,1,NA,A014153
P030754,2025/2026,1,school,A008857
P030755,2025/2026,1,school,A008857
P030756,2025/2026,1,vocational_school,A000774
P030762,2025/2026,1,school,A001732
P030770,2025/2026,1,school,A006033
P030773,2025/2026,1,vocational_school,A006033
P030779,2025/2026,1,school,A016473
P030803,2025/2026,1,university,A010991
P030815,2025/2026,1,school,A015333
P030819,2025/2026,1,school,A015333
P030823,2025/2026,1,vocational_school,A015954
P030826,2025/2026,1,school,A000831
P030829,2025/2026,1,university,A015311
P030837,2025/2026,1,school,A008949
P030838,2025/2026,1,vocational_school,A008949
P030840,2025/2026,1,vocational_school,A007393
P030843,2025/2026,1,school,A013275
P030849,2025/2026,1,school,A015137
P030857,2025/2026,1,school,A003707
P030865,2025/2026,1,vocational_school,A011355
P030866,2025/2026,1,school,A011355
P030872,2025/2026,1,school,A015120
P030878,2025/2026,1,school,A014692
P030882,2025/2026,1,school,A017485
P030885,2025/2026,1,school,A007727
P030888,2025/2026,1,school,A007727
P030889,2025/2026,1,vocational_school,A007727
P030901,2025/2026,1,school,A011611
P030902,2025/2026,1,school,A007177
P030905,2025/2026,1,university,A002232
P030906,2025/2026,1,university,A006155
P030920,2025/2026,1,school,A014289
P030923,2025/2026,1,school,A001837
P030930,2025/2026,1,NA,A001599
P030931,2025/2026,1,school,A001244
P030932,2025/2026,1,university,A001244
P030944,2025/2026,1,school,A001679
P030947,2025/2026,1,school,A009877
P030948,2025/2026,1,school,A015703
P030951,2025/2026,1,university,A004504
P030957,2025/2026,1,school,A008405
P030960,2025/2026,1,NA,A007082
P030969,2025/2026,1,vocational_school,A008192
P030970,2025/2026,1,school,A014237
P030974,2025/2026,1,school,A005284
P030992,2025/2026,1,school,A017705
P030994,2025/2026,1,school,A007984
P031003,2025/2026,1,school,A000403
P031005,2025/2026,1,school,A008499
P031016,2025/2026,1,school,A017114
P031025,2025/2026,1,university,A000819
P031030,2025/2026,1,school,A011378
P031034,2025/2026,1,university,A012553
P031036,2025/2026,1,school,A012553
P031037,2025/2026,1,university,A000959
P031042,2025/2026,1,school,A006975
P031047,2025/2026,1,university,A004302
P031049,2025/2026,1,vocational_school,A004302
P031051,2025/2026,1,vocational_school,A008162
P031055,2025/2026,1,school,A009183
P031075,2025/2026,1,school,A003385
P031079,2025/2026,1,school,A016335
P031084,2025/2026,1,vocational_school,A004347
P031087,2025/2026,1,school,A016389
P031091,2025/2026,1,school,A017237
P031092,2025/2026,1,school,A005715
P031094,2025/2026,1,NA,A013471
P031096,2025/2026,1,school,A013471
P031103,2025/2026,1,school,A002094
P031104,2025/2026,1,school,A016327
P031112,2025/2026,1,school,A013077
P031120,2025/2026,1,school,A009129
P031121,2025/2026,1,school,A009129
P031128,2025/2026,1,vocational_school,A003485
P031139,2025/2026,1,university,A012447
P031140,2025/2026,1,school,A003696
P031141,2025/2026,1,vocational_school,A003696
P031144,2025/2026,1,vocational_school,A011548
P031148,2025/2026,1,school,A007063
P031149,2025/2026,1,school,A007063
P031152,2025/2026,1,vocational_school,A014655
P031169,2025/2026,1,school,A006272
P031171,2025/2026,1,vocational_school,A008963
P031172,2025/2026,1,school,A008722
P031179,2025/2026,1,school,A004647
P031185,2025/2026,1,school,A017036
P031194,2025/2026,1,vocational_school,A001226
P031195,2025/2026,1,school,A001226
P031197,2025/2026,1,university,A012413
P031203,2025/2026,1,university,A010059
P031207,2025/2026,1,school,A005013
P031213,2025/2026,1,school,A008768
P031220,2025/2026,1,school,A015979
P031231,2025/2026,1,school,A007543
P031232,2025/2026,1,NA,A008819
P031235,2025/2026,1,school,A016494
P031236,2025/2026,1,school,A016494
P031242,2025/2026,1,university,A016513
P031243,2025/2026,1,school,A014212
P031246,2025/2026,1,school,A006502
P031258,2025/2026,1,school,A006752
P031262,2025/2026,1,school,A006752
P031265,2025/2026,1,school,A010746
P031269,2025/2026,1,school,A004932
P031273,2025/2026,1,school,A013934
P031275,2025/2026,1,NA,A005229
P031278,2025/2026,1,university,A004723
P031282,2025/2026,1,school,A008982
P031284,2025/2026,1,school,A010255
P031292,2025/2026,1,vocational_school,A010000
P031298,2025/2026,1,university,A002918
P031301,2025/2026,1,school,A011191
P031302,2025/2026,1,school,A013998
P031305,2025/2026,1,NA,A016455
P031306,2025/2026,1,school,A016455
P031310,2025/2026,1,school,A007474
P031311,2025/2026,1,school,A017896
P031324,2025/2026,1,school,A013840
P031332,2025/2026,1,school,A003501
P031350,2025/2026,1,university,A010186
P031351,2025/2026,1,school,A014097
P031371,2025/2026,1,NA,A006886
P031380,2025/2026,1,school,A006604
P031385,2025/2026,1,school,A008618
P031388,2025/2026,1,vocational_school,A016977
P031390,2025/2026,1,university,A016977
P031395,2025/2026,1,university,A003987
P031399,2025/2026,1,university,A003644
P031413,2025/2026,1,university,A009094
P031415,2025/2026,1,university,A009094
P031419,2025/2026,1,school,A013234
P031424,2025/2026,1,school,A001882
P031436,2025/2026,1,vocational_school,A014030
P031440,2025/2026,1,school,A016748
P031448,2025/2026,1,school,A011855
P031457,2025/2026,1,NA,A011351
P031482,2025/2026,1,school,A007894
P031487,2025/2026,1,school,A015863
P031498,2025/2026,1,school,NA
P031512,2025/2026,1,school,A016235
P031528,2025/2026,1,school,A004413
P031530,2025/2026,1,school,A004413
P031536,2025/2026,1,university,A000370
P031539,2025/2026,1,vocational_school,A003469
P031541,2025/2026,1,school,A003469
P031559,2025/2026,1,vocational_school,A009640
P031561,2025/2026,1,school,A016565
P031576,2025/2026,1,university,A016319
P031578,2025/2026,1,vocational_school,A007649
P031581,2025/2026,1,school,A005955
P031587,2025/2026,1,school,A014907
P031599,2025/2026,1,school,A014695
P031601,2025/2026,1,university,A005500
P031602,2025/2026,1,school,A005500
P031606,2025/2026,1,school,A014042
P031608,2025/2026,1,university,A015760
P031612,2025/2026,1,school,A011325
P031620,2025/2026,1,university,A004659
P031624,2025/2026,1,school,A014701
P031635,2025/2026,1,school,A007291
P031642,2025/2026,1,school,A001275
P031650,2025/2026,1,school,A015236
P031653,2025/2026,1,school,A005920
P031662,2025/2026,1,school,A001374
P031664,2025/2026,1,school,A001374
P031666,2025/2026,1,school,A011093
P031676,2025/2026,1,NA,A011529
P031677,2025/2026,1,university,A013003
P031682,2025/2026,1,school,A005722
P031686,2025/2026,1,vocational_school,A001585
P031688,2025/2026,1,school,A016495
P031689,2025/2026,1,university,A016495
P031690,2025/2026,1,university,A002764
P031693,2025/2026,1,school,A014719
P031695,2025/2026,1,school,A017636
P031709,2025/2026,1,university,A016872
P031718,2025/2026,1,vocational_school,A001468
P031725,2025/2026,1,school,A009580
P031727,2025/2026,1,school,A017216
P031732,2025/2026,1,school,A017640
P031733,2025/2026,1,school,A017640
P031738,2025/2026,1,vocational_school,A002503
P031740,2025/2026,1,NA,A001295
P031759,2025/2026,1,school,A016335
P031765,2025/2026,1,university,A011876
P031770,2025/2026,1,university,A000805
P031771,2025/2026,1,school,A005843
P031774,2025/2026,1,vocational_school,A011827
P031778,2025/2026,1,school,A006788
P031780,2025/2026,1,school,A002837
P031795,2025/2026,1,school,A015872
P031803,2025/2026,1,university,A017629
P031804,2025/2026,1,school,A017629
P031808,2025/2026,1,university,A015396
P031810,2025/2026,1,school,A016661
P031813,2025/2026,1,school,A008098
P031816,2025/2026,1,vocational_school,A015020
P031818,2025/2026,1,university,A000198
P031823,2025/2026,1,school,A001093
P031827,2025/2026,1,school,A011791
P031832,2025/2026,1,school,A002849
P031836,2025/2026,1,school,A010909
P031838,2025/2026,1,school,A008546
P031839,2025/2026,1,school,A008546
P031841,2025/2026,1,university,A008546
P031845,2025/2026,1,school,A003739
P031847,2025/2026,1,vocational_school,A011426
P031855,2025/2026,1,school,A007499
P031870,2025/2026,1,school,A004385
P031871,2025/2026,1,vocational_school,A005897
P031872,2025/2026,1,school,A001067
P031873,2025/2026,1,school,A001067
P031882,2025/2026,1,NA,A015156
P031884,2025/2026,1,school,A015156
P031885,2025/2026,1,NA,A005612
P031892,2025/2026,1,university,A010013
P031894,2025/2026,1,school,A001871
P031899,2025/2026,1,school,A015064
P031901,2025/2026,1,university,A000520
P031904,2025/2026,1,school,A011698
P031905,2025/2026,1,school,A001632
P031906,2025/2026,1,school,A007901
P031913,2025/2026,1,university,A003804
P031914,2025/2026,1,school,A003804
P031917,2025/2026,1,school,A008411
P031920,2025/2026,1,school,A006739
P031927,2025/2026,1,school,A005648
P031937,2025/2026,1,university,A012211
P031945,2025/2026,1,school,A013929
P031949,2025/2026,1,university,A012228
P031953,2025/2026,1,school,A004516
P031966,2025/2026,1,vocational_school,A010363
P031980,2025/2026,1,school,A000663
P031987,2025/2026,1,school,A009367
P031988,2025/2026,1,school,A009367
P031996,2025/2026,1,school,A007195
P032007,2025/2026,1,school,A008927
P032008,2025/2026,1,university,A008927
P032009,2025/2026,1,school,A008109
P032017,2025/2026,1,school,A002012
P032021,2025/2026,1,school,A011349
P032027,2025/2026,1,vocational_school,A003078
P032030,2025/2026,1,NA,A003358
P032039,2025/2026,1,university,A012817
P032040,2025/2026,1,vocational_school,A012817
P032044,2025/2026,1,school,A004954
P032049,2025/2026,1,school,A004426
P032051,2025/2026,1,school,A013356
P032057,2025/2026,1,school,A003791
P032080,2025/2026,1,university,A015296
P032087,2025/2026,1,university,A001388
P032089,2025/2026,1,school,A009490
P032096,2025/2026,1,school,A014338
P032100,2025/2026,1,vocational_school,A000424
P032102,2025/2026,1,university,A017849
P032121,2025/2026,1,school,A012189
P032122,2025/2026,1,school,A012189
P032124,2025/2026,1,school,A015312
P032126,2025/2026,1,vocational_school,A015312
P032128,2025/2026,1,school,NA
P032131,2025/2026,1,vocational_school,A017874
P032136,2025/2026,1,university,A009764
P032151,2025/2026,1,NA,A013629
P032154,2025/2026,1,school,A008329
P032155,2025/2026,1,vocational_school,A008329
P032163,2025/2026,1,university,A016919
P032167,2025/2026,1,school,A016544
P032168,2025/2026,1,school,A016544
P032185,2025/2026,1,school,A012771
P032187,2025/2026,1,school,A008028
P032195,2025/2026,1,school,A007988
P032196,2025/2026,1,vocational_school,A007988
P032198,2025/2026,1,school,A007988
P032200,2025/2026,1,vocational_school,A006315
P032212,2025/2026,1,university,A002676
P032249,2025/2026,1,school,A009650
P032257,2025/2026,1,NA,A004972
P032263,2025/2026,1,university,A002485
P032264,2025/2026,1,vocational_school,A009445
P032275,2025/2026,1,university,A000407
P032280,2025/2026,1,school,A017121
P032286,2025/2026,1,NA,A012619
P032290,2025/2026,1,NA,A013907
P032292,2025/2026,1,school,A007690
P032293,2025/2026,1,university,A015883
P032295,2025/2026,1,vocational_school,A013363
P032303,2025/2026,1,school,A014787
P032304,2025/2026,1,school,A015116
P032313,2025/2026,1,school,A009678
P032320,2025/2026,1,vocational_school,A011115
P032336,2025/2026,1,school,A015295
P032337,2025/2026,1,school,A000460
P032349,2025/2026,1,university,A012427
P032361,2025/2026,1,school,A006405
P032363,2025/2026,1,vocational_school,A007725
P032370,2025/2026,1,school,A001193
P032372,2025/2026,1,school,A010807
P032401,2025/2026,1,vocational_school,A004903
P032413,2025/2026,1,school,A005334
P032414,2025/2026,1,school,A005334
P032420,2025/2026,1,school,NA
P032425,2025/2026,1,university,A012972
P032427,2025/2026,1,school,A014697
P032430,2025/2026,1,vocational_school,A016419
P032435,2025/2026,1,school,A011665
P032438,2025/2026,1,school,A011665
P032462,2025/2026,1,school,A007201
P032471,2025/2026,1,school,A003561
P032477,2025/2026,1,school,A000438
P032499,2025/2026,1,vocational_school,A013855
P032502,2025/2026,1,university,A014423
P032511,2025/2026,1,school,A017101
P032512,2025/2026,1,school,A006650
P032514,2025/2026,1,school,A007750
P032516,2025/2026,1,school,A015113
P032522,2025/2026,1,school,A015863
P032525,2025/2026,1,school,A015665
P032533,2025/2026,1,school,A001089
P032534,2025/2026,1,school,A001089
P032536,2025/2026,1,school,A007864
P032541,2025/2026,1,school,A012894
P032543,2025/2026,1,vocational_school,A016295
P032544,2025/2026,1,vocational_school,A016295
P032559,2025/2026,1,university,A010051
P032562,2025/2026,1,school,A006898
P032566,2025/2026,1,university,A006039
P032567,2025/2026,1,university,A014202
P032581,2025/2026,1,university,A003838
P032585,2025/2026,1,school,A008852
P032593,2025/2026,1,school,A014585
P032602,2025/2026,1,school,A013849
P032611,2025/2026,1,school,A009656
P032615,2025/2026,1,school,A009656
P032618,2025/2026,1,university,A004384
P032624,2025/2026,1,school,A011398
P032625,2025/2026,1,vocational_school,A016288
P032629,2025/2026,1,school,A014669
P032631,2025/2026,1,school,A003689
P032633,2025/2026,1,vocational_school,A012257
P032636,2025/2026,1,school,A007262
P032644,2025/2026,1,university,A010035
P032648,2025/2026,1,school,A000831
P032649,2025/2026,1,school,A000831
P032669,2025/2026,1,vocational_school,A012181
P032680,2025/2026,1,university,A000518
P032683,2025/2026,1,vocational_school,A011949
P032692,2025/2026,1,school,A007682
P032699,2025/2026,1,vocational_school,A001377
P032704,2025/2026,1,vocational_school,A001839
P032707,2025/2026,1,school,A008109
P032709,2025/2026,1,school,NA
P032717,2025/2026,1,school,A017236
P032746,2025/2026,1,school,A006546
P032751,2025/2026,1,school,A003162
P032756,2025/2026,1,school,A005279
P032758,2025/2026,1,school,A015805
P032759,2025/2026,1,school,A012963
P032761,2025/2026,1,school,A012963
P032762,2025/2026,1,school,A006076
P032763,2025/2026,1,university,A017681
P032765,2025/2026,1,school,A013630
P032775,2025/2026,1,school,A000118
P032786,2025/2026,1,university,A015611
P032787,2025/2026,1,school,A015611
P032795,2025/2026,1,school,A006226
P032797,2025/2026,1,university,A006226
P032808,2025/2026,1,school,A001831
P032810,2025/2026,1,school,A011520
P032814,2025/2026,1,university,A011403
P032818,2025/2026,1,university,A011782
P032824,2025/2026,1,university,A011537
P032837,2025/2026,1,school,A010123
P032842,2025/2026,1,NA,A012132
P032843,2025/2026,1,vocational_school,A012132
P032844,2025/2026,1,university,A012132
P032849,2025/2026,1,vocational_school,A003939
P032857,2025/2026,1,university,A017457
P032858,2025/2026,1,school,NA
P032869,2025/2026,1,school,A017723
P032870,2025/2026,1,vocational_school,A017723
P032880,2025/2026,1,school,A016978
P032882,2025/2026,1,university,A001909
P032888,2025/2026,1,vocational_school,A001566
P032893,2025/2026,1,NA,A012117
P032903,2025/2026,1,university,A014601
P032904,2025/2026,1,school,A013693
P032912,2025/2026,1,school,A008543
P032913,2025/2026,1,school,A001095
P032916,2025/2026,1,school,A013301
P032935,2025/2026,1,school,A004882
P032941,2025/2026,1,school,A003012
P032954,2025/2026,1,school,A002451
P032960,2025/2026,1,vocational_school,A016240
P032961,2025/2026,1,school,A016240
P032967,2025/2026,1,school,A017338
P032975,2025/2026,1,school,A001230
P032980,2025/2026,1,vocational_school,A003356
P032982,2025/2026,1,school,A016519
P032983,2025/2026,1,NA,A016519
P032991,2025/2026,1,school,A013295
P032992,2025/2026,1,vocational_school,A013295
P032997,2025/2026,1,university,A006006
P032998,2025/2026,1,vocational_school,A006006
P032999,2025/2026,1,school,A006006
P033004,2025/2026,1,school,A005793
P033013,2025/2026,1,school,A009938
P033022,2025/2026,1,school,A013459
P033032,2025/2026,1,school,A011863
P033050,2025/2026,1,school,A008244
P033051,2025/2026,1,school,A006463
P033054,2025/2026,1,school,A011839
P033058,2025/2026,1,university,A005041
P033061,2025/2026,1,university,A010276
P033064,2025/2026,1,university,A010276
P033069,2025/2026,1,vocational_school,A015021
P033073,2025/2026,1,NA,A006615
P033075,2025/2026,1,school,A001417
P033122,2025/2026,1,school,A004603
P033135,2025/2026,1,school,A010090
P033149,2025/2026,1,school,A001845
P033155,2025/2026,1,school,A002743
P033158,2025/2026,1,school,A014455
P033159,2025/2026,1,school,A014455
P033163,2025/2026,1,school,NA
P033170,2025/2026,1,school,A002953
P033171,2025/2026,1,school,A002953
P033172,2025/2026,1,school,A002953
P033178,2025/2026,1,school,A001967
P033180,2025/2026,1,school,A014404
P033182,2025/2026,1,university,A007966
P033185,2025/2026,1,school,A011662
P033189,2025/2026,1,school,A017339
P033192,2025/2026,1,university,A008571
P033209,2025/2026,1,school,A017419
P033214,2025/2026,1,vocational_school,A007148
P033222,2025/2026,1,school,A005308
P033225,2025/2026,1,vocational_school,A014729
P033228,2025/2026,1,university,A014729
P033243,2025/2026,1,school,A007887
P033244,2025/2026,1,NA,A007192
P033245,2025/2026,1,vocational_school,A007192
P033246,2025/2026,1,university,A012914
P033271,2025/2026,1,university,A005004
P033272,2025/2026,1,school,A017626
P033277,2025/2026,1,school,A011264
P033281,2025/2026,1,university,A006939
P033284,2025/2026,1,school,A006939
P033290,2025/2026,1,school,A015991
P033291,2025/2026,1,school,A015991
P033297,2025/2026,1,university,A013150
P033304,2025/2026,1,school,A005345
P033317,2025/2026,1,school,A014992
P033324,2025/2026,1,school,A011459
P033332,2025/2026,1,vocational_school,A006739
P033333,2025/2026,1,school,A002232
P033335,2025/2026,1,school,A002232
P033348,2025/2026,1,NA,A014194
P033350,2025/2026,1,school,A008836
P033360,2025/2026,1,school,A012577
P033361,2025/2026,1,school,A011264
P033370,2025/2026,1,school,A007390
P033395,2025/2026,1,school,A004879
P033404,2025/2026,1,school,A015030
P033406,2025/2026,1,school,A003494
P033407,2025/2026,1,school,A016828
P033408,2025/2026,1,school,A012580
P033409,2025/2026,1,school,A009122
P033428,2025/2026,1,school,A015929
P033436,2025/2026,1,university,A017146
P033439,2025/2026,1,school,A006461
P033443,2025/2026,1,school,A002796
P033449,2025/2026,1,school,A001300
P033454,2025/2026,1,school,A014885
P033465,2025/2026,1,vocational_school,A011888
P033467,2025/2026,1,school,A015106
P033470,2025/2026,1,school,A007713
P033477,2025/2026,1,vocational_school,A002249
P033486,2025/2026,1,vocational_school,A003067
P033502,2025/2026,1,school,A000042
P033514,2025/2026,1,NA,A009248
P033515,2025/2026,1,school,A001231
P033519,2025/2026,1,university,A015420
P033526,2025/2026,1,school,A007889
P033531,2025/2026,1,university,A009173
P033538,2025/2026,1,university,A000376
P033541,2025/2026,1,vocational_school,NA
P033543,2025/2026,1,school,A013493
P033547,2025/2026,1,vocational_school,A007892
P033562,2025/2026,1,school,A008723
P033565,2025/2026,1,school,A008723
P033576,2025/2026,1,university,A010070
P033583,2025/2026,1,vocational_school,A006514
P033590,2025/2026,1,university,A008681
P033591,2025/2026,1,school,A005414
P033594,2025/2026,1,school,A012980
P033601,2025/2026,1,vocational_school,A002377
P033606,2025/2026,1,school,A002377
P033607,2025/2026,1,NA,A002153
P033623,2025/2026,1,school,NA
P033624,2025/2026,1,university,A010596
P033626,2025/2026,1,school,A010596
P033627,2025/2026,1,vocational_school,A013581
P033628,2025/2026,1,vocational_school,A013581
P033635,2025/2026,1,school,NA
P033641,2025/2026,1,school,A012255
P033655,2025/2026,1,school,A003412
P033660,2025/2026,1,school,NA
P033662,2025/2026,1,vocational_school,A010142
P033669,2025/2026,1,school,A004889
P033675,2025/2026,1,school,A010169
P033677,2025/2026,1,school,NA
P033680,2025/2026,1,school,A011786
P033686,2025/2026,1,NA,A000539
P033697,2025/2026,1,school,A008230
P033709,2025/2026,1,school,A015942
P033712,2025/2026,1,school,A002575
P033720,2025/2026,1,vocational_school,A008043
P033721,2025/2026,1,university,A007983
P033726,2025/2026,1,school,A014131
P033737,2025/2026,1,vocational_school,A010305
P033744,2025/2026,1,vocational_school,A002067
P033749,2025/2026,1,school,A002472
P033757,2025/2026,1,vocational_school,A003251
P033758,2025/2026,1,university,A011176
P033760,2025/2026,1,school,A005203
P033762,2025/2026,1,university,A014302
P033771,2025/2026,1,school,A005592
P033781,2025/2026,1,school,A017352
P033783,2025/2026,1,university,A017352
P033791,2025/2026,1,school,A015842
P033792,2025/2026,1,school,A015842
P033795,2025/2026,1,university,A001368
P033796,2025/2026,1,school,A010533
P033798,2025/2026,1,school,A010533
P033812,2025/2026,1,school,A011885
P033814,2025/2026,1,school,A007910
P033815,2025/2026,1,school,A001790
P033819,2025/2026,1,vocational_school,A013373
P033825,2025/2026,1,university,A009704
P033827,2025/2026,1,school,NA
P033828,2025/2026,1,school,A000224
P033846,2025/2026,1,vocational_school,A011934
P033861,2025/2026,1,school,A008617
P033866,2025/2026,1,university,A012043
P033867,2025/2026,1,school,A000755
P033870,2025/2026,1,school,A009411
P033872,2025/2026,1,school,A009411
P033880,2025/2026,1,university,A000748
P033885,2025/2026,1,school,A002459
P033886,2025/2026,1,school,A002459
P033891,2025/2026,1,school,A012271
P033906,2025/2026,1,NA,A003260
P033907,2025/2026,1,school,A016224
P033915,2025/2026,1,school,A013122
P033918,2025/2026,1,university,A013122
P033926,2025/2026,1,school,A016834
P033928,2025/2026,1,university,A008132
P033942,2025/2026,1,school,NA
P033944,2025/2026,1,vocational_school,A014372
P033957,2025/2026,1,school,A000731
P033961,2025/2026,1,school,A003541
P033962,2025/2026,1,school,A009073
P033963,2025/2026,1,school,A009073
P033966,2025/2026,1,NA,A002147
P033968,2025/2026,1,school,A015265
P033975,2025/2026,1,school,A017339
P033984,2025/2026,1,school,A001855
P033986,2025/2026,1,university,A001855
P033990,2025/2026,1,school,A003898
P033992,2025/2026,1,university,A001326
P033996,2025/2026,1,school,A016556
P034004,2025/2026,1,school,A005972
P034008,2025/2026,1,school,A002556
P034022,2025/2026,1,vocational_school,A011175
P034024,2025/2026,1,school,A002091
P034034,2025/2026,1,school,A011300
P034038,2025/2026,1,school,A009589
P034040,2025/2026,1,NA,A013756
P034048,2025/2026,1,vocational_school,A015362
P034052,2025/2026,1,school,A004594
P034053,2025/2026,1,university,A004594
P034063,2025/2026,1,school,A006678
P034072,2025/2026,1,school,A007218
P034075,2025/2026,1,vocational_school,A016457
P034078,2025/2026,1,school,A001116
P034085,2025/2026,1,school,A006459
P034091,2025/2026,1,university,A010989
P034093,2025/2026,1,vocational_school,A004327
P034107,2025/2026,1,university,A015805
P034108,2025/2026,1,vocational_school,A015805
P034115,2025/2026,1,vocational_school,A006694
P034118,2025/2026,1,university,A006694
P034125,2025/2026,1,school,A014753
P034134,2025/2026,1,vocational_school,A015936
P034142,2025/2026,1,university,A016828
P034150,2025/2026,1,university,A006264
P034154,2025/2026,1,university,A009089
P034155,2025/2026,1,school,A009089
P034159,2025/2026,1,university,A000959
P034163,2025/2026,1,school,A014064
P034164,2025/2026,1,school,A002978
P034170,2025/2026,1,NA,A003391
P034172,2025/2026,1,NA,A010359
P034177,2025/2026,1,vocational_school,A002902
P034182,2025/2026,1,school,A008933
P034184,2025/2026,1,school,NA
P034185,2025/2026,1,university,A002156
P034186,2025/2026,1,university,A001068
P034192,2025/2026,1,NA,NA
P034197,2025/2026,1,school,A016301
P034198,2025/2026,1,school,A016301
P034203,2025/2026,1,vocational_school,A006271
P034210,2025/2026,1,university,A008390
P034218,2025/2026,1,school,A005753
P034223,2025/2026,1,school,A005708
P034224,2025/2026,1,vocational_school,A005708
P034237,2025/2026,1,school,A005736
P034240,2025/2026,1,school,A012600
P034257,2025/2026,1,vocational_school,A014412
P034259,2025/2026,1,school,A003209
P034263,2025/2026,1,school,A006647
P034269,2025/2026,1,vocational_school,A009046
P034273,2025/2026,1,NA,A009119
P034282,2025/2026,1,vocational_school,A006277
P034286,2025/2026,1,school,A013893
P034287,2025/2026,1,university,A003152
P034306,2025/2026,1,university,A017643
P034310,2025/2026,1,school,A004941
P034317,2025/2026,1,school,A013148
P034318,2025/2026,1,school,A009688
P034320,2025/2026,1,school,A007938
P034332,2025/2026,1,school,A011077
P034336,2025/2026,1,school,A001065
P034340,2025/2026,1,school,A010657
P034345,2025/2026,1,school,A002460
P034348,2025/2026,1,university,A004651
P034351,2025/2026,1,school,A014940
P034356,2025/2026,1,vocational_school,A011120
P034358,2025/2026,1,school,A014420
P034361,2025/2026,1,vocational_school,NA
P034380,2025/2026,1,school,A011121
P034383,2025/2026,1,school,A004331
P034391,2025/2026,1,vocational_school,A003790
P034405,2025/2026,1,school,A014567
P034406,2025/2026,1,school,A014567
P034407,2025/2026,1,university,A014567
P034408,2025/2026,1,university,A015305
P034419,2025/2026,1,vocational_school,A012327
P034428,2025/2026,1,NA,A005978
P034436,2025/2026,1,university,A015963
P034443,2025/2026,1,school,A011263
P034447,2025/2026,1,vocational_school,A009138
P034449,2025/2026,1,university,A002870
P034451,2025/2026,1,school,A015420
P034455,2025/2026,1,university,A004671
P034457,2025/2026,1,NA,A004671
P034458,2025/2026,1,school,A004671
P034464,2025/2026,1,vocational_school,A016271
P034467,2025/2026,1,vocational_school,A012251
P034468,2025/2026,1,university,A012251
P034469,2025/2026,1,school,A010333
P034470,2025/2026,1,school,A017148
P034471,2025/2026,1,school,A005836
P034477,2025/2026,1,school,A004615
P034480,2025/2026,1,school,A004024
P034481,2025/2026,1,school,A004024
P034491,2025/2026,1,school,A006957
P034499,2025/2026,1,school,NA
P034502,2025/2026,1,school,A006887
P034515,2025/2026,1,vocational_school,A003403
P034517,2025/2026,1,school,A003403
P034523,2025/2026,1,school,A013014
P034524,2025/2026,1,school,A013014
P034536,2025/2026,1,school,A007200
P034538,2025/2026,1,school,A007200
P034539,2025/2026,1,university,A007200
P034542,2025/2026,1,school,A010450
P034544,2025/2026,1,NA,A002828
P034547,2025/2026,1,school,A012210
P034549,2025/2026,1,university,A016029
P034550,2025/2026,1,school,A001047
P034552,2025/2026,1,NA,A016735
P034575,2025/2026,1,school,A007192
P034577,2025/2026,1,school,A017043
P034583,2025/2026,1,school,A007325
P034585,2025/2026,1,school,A007325
P034587,2025/2026,1,vocational_school,A007325
P034601,2025/2026,1,school,A012775
P034604,2025/2026,1,university,A001562
P034616,2025/2026,1,school,A000189
P034617,2025/2026,1,vocational_school,A004571
P034622,2025/2026,1,school,A009051
P034625,2025/2026,1,vocational_school,A001610
P034632,2025/2026,1,school,A006213
P034634,2025/2026,1,school,A011851
P034636,2025/2026,1,school,A015772
P034640,2025/2026,1,NA,A015652
P034645,2025/2026,1,school,A001210
P034656,2025/2026,1,school,A004744
P034666,2025/2026,1,vocational_school,A016345
P034671,2025/2026,1,school,A004308
P034673,2025/2026,1,school,A004308
P034674,2025/2026,1,school,A004794
P034682,2025/2026,1,school,A003124
P034685,2025/2026,1,university,A006818
P034692,2025/2026,1,university,A003356
P034712,2025/2026,1,school,A011908
P034715,2025/2026,1,school,A006921
P034716,2025/2026,1,vocational_school,A006921
P034722,2025/2026,1,school,A009990
P034729,2025/2026,1,school,A017725
P034755,2025/2026,1,university,A010363
P034756,2025/2026,1,school,A015986
P034758,2025/2026,1,vocational_school,A004520
P034760,2025/2026,1,school,A011658
P034764,2025/2026,1,school,A007704
P034770,2025/2026,1,school,A004346
P034780,2025/2026,1,school,A013566
P034792,2025/2026,1,school,A016388
P034802,2025/2026,1,school,A000455
P034812,2025/2026,1,school,A010353
P034818,2025/2026,1,NA,A000042
P034824,2025/2026,1,school,A016676
P034833,2025/2026,1,school,A005146
P034836,2025/2026,1,school,A011362
P034843,2025/2026,1,school,A002296
P034851,2025/2026,1,school,A017175
P034853,2025/2026,1,school,A000956
P034870,2025/2026,1,university,A005824
P034871,2025/2026,1,university,A003604
P034874,2025/2026,1,school,NA
P034877,2025/2026,1,vocational_school,A009307
P034889,2025/2026,1,school,A007110
P034891,2025/2026,1,school,A007110
P034892,2025/2026,1,NA,A007110
P034895,2025/2026,1,vocational_school,A012301
P034897,2025/2026,1,school,A015537
P034901,2025/2026,1,vocational_school,A006841
P034913,2025/2026,1,school,A007876
P034915,2025/2026,1,school,A007876
P034917,2025/2026,1,school,A016638
P034921,2025/2026,1,school,A003771
P034923,2025/2026,1,university,A017010
P034929,2025/2026,1,school,A007124
P034937,2025/2026,1,vocational_school,A005096
P034956,2025/2026,1,school,A009227
P034971,2025/2026,1,school,A004836
P034973,2025/2026,1,school,A004446
P034978,2025/2026,1,vocational_school,A014567
P034989,2025/2026,1,university,A015370
P034994,2025/2026,1,vocational_school,A000476
P034995,2025/2026,1,school,A004913
P035001,2025/2026,1,university,A006300
P035019,2025/2026,1,school,A001729
P035021,2025/2026,1,university,A007895
P035024,2025/2026,1,university,A002664
P035027,2025/2026,1,vocational_school,A004107
P035031,2025/2026,1,school,A004856
P035042,2025/2026,1,vocational_school,A003224
P035046,2025/2026,1,school,A000015
P035049,2025/2026,1,school,A010044
P035052,2025/2026,1,school,A000496
P035054,2025/2026,1,university,A008002
P035056,2025/2026,1,university,A002388
P035057,2025/2026,1,university,A016489
P035062,2025/2026,1,school,A014518
P035063,2025/2026,1,school,A014518
P035075,2025/2026,1,school,A014910
P035077,2025/2026,1,school,A003904
P035084,2025/2026,1,school,A007728
P035089,2025/2026,1,university,A010247
P035091,2025/2026,1,vocational_school,A010247
P035103,2025/2026,1,vocational_school,A017654
P035104,2025/2026,1,school,A006478
P035105,2025/2026,1,school,A006478
P035110,2025/2026,1,school,A011344
P035112,2025/2026,1,school,A011344
P035113,2025/2026,1,university,A014421
P035120,2025/2026,1,university,A013603
P035122,2025/2026,1,school,A013603
P035131,2025/2026,1,vocational_school,A008655
P035137,2025/2026,1,vocational_school,A004894
P035144,2025/2026,1,vocational_school,A004666
P035145,2025/2026,1,university,A017048
P035166,2025/2026,1,school,A004680
P035170,2025/2026,1,school,A012461
P035171,2025/2026,1,school,A012461
P035174,2025/2026,1,school,A000816
P035178,2025/2026,1,school,A006629
P035183,2025/2026,1,vocational_school,A016155
P035203,2025/2026,1,school,A000438
P035204,2025/2026,1,school,NA
P035218,2025/2026,1,school,A016957
P035227,2025/2026,1,university,A006023
P035229,2025/2026,1,school,A006023
P035231,2025/2026,1,vocational_school,A004781
P035243,2025/2026,1,school,A013502
P035248,2025/2026,1,vocational_school,A001777
P035253,2025/2026,1,school,NA
P035269,2025/2026,1,school,A009246
P035271,2025/2026,1,school,A005725
P035285,2025/2026,1,school,A000659
P035287,2025/2026,1,vocational_school,A017559
P035307,2025/2026,1,vocational_school,A004792
P035310,2025/2026,1,NA,A004792
P035313,2025/2026,1,school,A012415
P035318,2025/2026,1,vocational_school,A004745
P035321,2025/2026,1,vocational_school,A009264
P035325,2025/2026,1,school,A003922
P035326,2025/2026,1,school,A003922
P035332,2025/2026,1,vocational_school,A017408
P035344,2025/2026,1,school,A002091
P035349,2025/2026,1,school,A013376
P035353,2025/2026,1,university,A000183
P035354,2025/2026,1,school,A000183
P035379,2025/2026,1,university,A016301
P035381,2025/2026,1,university,A016301
P035383,2025/2026,1,vocational_school,A005274
P035384,2025/2026,1,university,A005274
P035386,2025/2026,1,school,A009845
P035387,2025/2026,1,school,A009845
P035402,2025/2026,1,school,A014509
P035403,2025/2026,1,university,A014509
P035407,2025/2026,1,university,A006530
P035408,2025/2026,1,school,A007541
P035413,2025/2026,1,school,A015517
P035415,2025/2026,1,school,A002621
P035420,2025/2026,1,school,A013318
P035424,2025/2026,1,school,A010866
P035441,2025/2026,1,vocational_school,A006836
P035444,2025/2026,1,school,A006836
P035449,2025/2026,1,school,A007677
P035455,2025/2026,1,university,A014452
P035469,2025/2026,1,university,A003725
P035473,2025/2026,1,school,A016029
P035476,2025/2026,1,school,A017380
P035487,2025/2026,1,school,A003667
P035489,2025/2026,1,university,A003667
P035490,2025/2026,1,school,A010772
P035497,2025/2026,1,school,A014251
P035499,2025/2026,1,university,A014251
P035504,2025/2026,1,vocational_school,A009678
P035507,2025/2026,1,NA,A015491
P035511,2025/2026,1,school,A015349
P035513,2025/2026,1,university,A015349
P035524,2025/2026,1,school,A000132
P035527,2025/2026,1,school,A016271
P035529,2025/2026,1,school,A010499
P035530,2025/2026,1,university,A010499
P035531,2025/2026,1,university,NA
P035537,2025/2026,1,school,A003918
P035540,2025/2026,1,school,A017537
P035550,2025/2026,1,vocational_school,A001234
P035551,2025/2026,1,vocational_school,A014664
P035555,2025/2026,1,school,A010665
P035560,2025/2026,1,school,A006725
P035570,2025/2026,1,university,A014413
P035571,2025/2026,1,school,A014413
P035572,2025/2026,1,school,A006202
P035597,2025/2026,1,university,A012515
P035598,2025/2026,1,school,A012515
P035600,2025/2026,1,school,NA
P035602,2025/2026,1,school,A010164
P035605,2025/2026,1,vocational_school,A015746
P035622,2025/2026,1,vocational_school,A006746
P035629,2025/2026,1,school,A006155
P035644,2025/2026,1,school,A011079
P035646,2025/2026,1,university,A011079
P035648,2025/2026,1,vocational_school,A015464
P035651,2025/2026,1,school,A001662
P035657,2025/2026,1,university,A001211
P035665,2025/2026,1,university,A003337
P035675,2025/2026,1,school,A003496
P035679,2025/2026,1,school,A011472
P035693,2025/2026,1,school,A002907
P035704,2025/2026,1,university,A007511
P035707,2025/2026,1,NA,A006807
P035711,2025/2026,1,school,A001021
P035720,2025/2026,1,vocational_school,A001231
P035722,2025/2026,1,university,A001231
P035733,2025/2026,1,school,A000164
P035742,2025/2026,1,school,A017086
P035743,2025/2026,1,school,A017086
P035751,2025/2026,1,school,A001749
P035753,2025/2026,1,vocational_school,A002928
P035760,2025/2026,1,university,A013546
P035761,2025/2026,1,school,A014548
P035765,2025/2026,1,university,A011964
P035767,2025/2026,1,school,A011630
P035769,2025/2026,1,university,A002261
P035772,2025/2026,1,school,A016519
P035788,2025/2026,1,vocational_school,A017015
P035803,2025/2026,1,NA,A005389
P035807,2025/2026,1,school,A005389
P035815,2025/2026,1,school,A008202
P035832,2025/2026,1,school,A015899
P035835,2025/2026,1,university,A017355
P035838,2025/2026,1,school,A012671
P035839,2025/2026,1,school,A012671
P035860,2025/2026,1,school,NA
P035866,2025/2026,1,school,A007517
P035867,2025/2026,1,university,A007517
P035873,2025/2026,1,school,A003595
P035876,2025/2026,1,school,A005058
P035878,2025/2026,1,school,A013002
P035881,2025/2026,1,school,A006258
P035882,2025/2026,1,school,A006258
P035889,2025/2026,1,university,A010191
P035894,2025/2026,1,vocational_school,A009242
P035895,2025/2026,1,school,A009242
P035909,2025/2026,1,school,A002213
P035911,2025/2026,1,vocational_school,A001473
P035921,2025/2026,1,vocational_school,A012784
P035928,2025/2026,1,school,A005575
P035935,2025/2026,1,school,A014110
P035947,2025/2026,1,school,A016636
P035956,2025/2026,1,school,A001072
P035960,2025/2026,1,school,A001072
P035962,2025/2026,1,school,A012760
P035980,2025/2026,1,school,A015113
P035986,2025/2026,1,school,A012986
P035988,2025/2026,1,university,A004694
P035998,2025/2026,1,school,A016177
P036009,2025/2026,1,vocational_school,A008192
P036014,2025/2026,1,school,A000990
P036019,2025/2026,1,school,A017291
P036034,2025/2026,1,school,NA
P036041,2025/2026,1,university,A005604
P036053,2025/2026,1,school,A003044
P036063,2025/2026,1,university,A010859
P036067,2025/2026,1,school,A005491
P036078,2025/2026,1,school,A012314
P036085,2025/2026,1,NA,A005755
P036086,2025/2026,1,school,A011130
P036087,2025/2026,1,university,A011130
P036096,2025/2026,1,school,A012785
P036099,2025/2026,1,school,A012151
P036100,2025/2026,1,school,A009010
P036107,2025/2026,1,school,A002899
P036108,2025/2026,1,university,A002899
P036109,2025/2026,1,school,A002899
P036118,2025/2026,1,school,NA
P036119,2025/2026,1,school,A014317
P036125,2025/2026,1,NA,A015774
P036131,2025/2026,1,university,A002237
P036135,2025/2026,1,school,A011876
P036137,2025/2026,1,vocational_school,A011876
P036146,2025/2026,1,university,A005586
P036154,2025/2026,1,school,A007111
P036166,2025/2026,1,university,A007140
P036167,2025/2026,1,NA,A007140
P036172,2025/2026,1,school,A003519
P036179,2025/2026,1,NA,A001453
P036180,2025/2026,1,NA,A002959
P036182,2025/2026,1,school,A001849
P036185,2025/2026,1,school,A013852
P036186,2025/2026,1,school,A001782
P036188,2025/2026,1,university,A017500
P036194,2025/2026,1,vocational_school,A008039
P036200,2025/2026,1,vocational_school,A011774
P036209,2025/2026,1,school,A013063
P036218,2025/2026,1,school,A016214
P036219,2025/2026,1,vocational_school,A004888
P036229,2025/2026,1,vocational_school,NA
P036239,2025/2026,1,university,A012911
P036243,2025/2026,1,school,A011870
P036244,2025/2026,1,vocational_school,A007371
P036246,2025/2026,1,university,A007371
P036255,2025/2026,1,vocational_school,A013072
P036264,2025/2026,1,school,A010275
P036265,2025/2026,1,NA,A010275
P036293,2025/2026,1,university,A014886
P036302,2025/2026,1,school,A015635
P036308,2025/2026,1,university,A000194
P036310,2025/2026,1,school,A008241
P036315,2025/2026,1,NA,A017050
P036317,2025/2026,1,school,A016948
P036321,2025/2026,1,school,A017717
P036324,2025/2026,1,school,A007952
P036337,2025/2026,1,vocational_school,A001624
P036346,2025/2026,1,vocational_school,A003010
P036353,2025/2026,1,vocational_school,A007540
P036356,2025/2026,1,school,A000425
P036358,2025/2026,1,school,A012727
P036364,2025/2026,1,school,A004472
P036367,2025/2026,1,university,A016977
P036370,2025/2026,1,school,A016977
P036398,2025/2026,1,school,A013583
P036403,2025/2026,1,school,A001858
P036406,2025/2026,1,vocational_school,A014019
P036409,2025/2026,1,school,A014948
P036414,2025/2026,1,school,A010565
P036415,2025/2026,1,school,A003139
P036418,2025/2026,1,university,A014658
P036428,2025/2026,1,school,A016354
P036430,2025/2026,1,school,A013892
P036431,2025/2026,1,school,A013892
P036433,2025/2026,1,school,A013451
P036436,2025/2026,1,school,A015176
P036437,2025/2026,1,school,A015176
P036446,2025/2026,1,school,A000228
P036448,2025/2026,1,school,A000228
P036460,2025/2026,1,university,A017249
P036464,2025/2026,1,school,A008854
P036465,2025/2026,1,vocational_school,A007469
P036466,2025/2026,1,school,A001610
P036475,2025/2026,1,school,A000325
P036476,2025/2026,1,school,A014708
P036486,2025/2026,1,school,A001283
P036488,2025/2026,1,university,A007915
P036493,2025/2026,1,vocational_school,A014886
P036499,2025/2026,1,school,A011289
P036508,2025/2026,1,school,A000609
P036510,2025/2026,1,vocational_school,NA
P036515,2025/2026,1,vocational_school,A006977
P036520,2025/2026,1,school,A008669
P036525,2025/2026,1,university,A002433
P036530,2025/2026,1,vocational_school,A015680
P036531,2025/2026,1,school,A015680
P036537,2025/2026,1,university,A015831
P036539,2025/2026,1,NA,A004003
P036540,2025/2026,1,school,A012367
P036541,2025/2026,1,university,A012367
P036547,2025/2026,1,school,A010339
P036549,2025/2026,1,school,NA
P036550,2025/2026,1,school,A002697
P036552,2025/2026,1,school,A002697
P036558,2025/2026,1,school,A016789
P036566,2025/2026,1,school,A012739
P036569,2025/2026,1,school,A005153
P036570,2025/2026,1,university,A005153
P036577,2025/2026,1,vocational_school,A008922
P036580,2025/2026,1,university,A015985
P036592,2025/2026,1,university,A006679
P036593,2025/2026,1,school,A006679
P036605,2025/2026,1,school,A013583
P036607,2025/2026,1,vocational_school,A009593
P036610,2025/2026,1,school,A015701
P036612,2025/2026,1,school,A015701
P036629,2025/2026,1,school,A006604
P036632,2025/2026,1,school,A004659
P036636,2025/2026,1,school,A003413
P036637,2025/2026,1,vocational_school,A001110
P036638,2025/2026,1,NA,A001110
P036654,2025/2026,1,university,A007324
P036655,2025/2026,1,NA,A007324
P036658,2025/2026,1,university,A003152
P036664,2025/2026,1,school,A012952
P036680,2025/2026,1,school,A014923
P036690,2025/2026,1,school,A015944
P036700,2025/2026,1,school,A002166
P036706,2025/2026,1,school,A013607
P036707,2025/2026,1,vocational_school,A010742
P036713,2025/2026,1,school,A004551
P036714,2025/2026,1,school,A004551
P036728,2025/2026,1,school,A007296
P036740,2025/2026,1,university,A004174
P036744,2025/2026,1,school,A004174
P036747,2025/2026,1,university,A000887
P036749,2025/2026,1,school,A005352
P036760,2025/2026,1,vocational_school,A003819
P036761,2025/2026,1,school,A017716
P036766,2025/2026,1,school,NA
P036767,2025/2026,1,school,A012200
P036780,2025/2026,1,university,A012896
P036782,2025/2026,1,school,A007652
P036786,2025/2026,1,school,A012029
P036794,2025/2026,1,school,A007874
P036802,2025/2026,1,vocational_school,A017486
P036812,2025/2026,1,university,A008186
P036816,2025/2026,1,school,A009512
P036820,2025/2026,1,school,A005303
P036830,2025/2026,1,school,A009646
P036831,2025/2026,1,school,A005779
P036833,2025/2026,1,school,A001754
P036838,2025/2026,1,vocational_school,A001425
P036842,2025/2026,1,school,A001425
P036846,2025/2026,1,school,A016739
P036847,2025/2026,1,school,A014283
P036853,2025/2026,1,school,A000016
P036854,2025/2026,1,school,A000016
P036856,2025/2026,1,university,A000784
P036860,2025/2026,1,university,A009466
P036870,2025/2026,1,school,A014967
P036872,2025/2026,1,vocational_school,A015475
P036875,2025/2026,1,school,A005247
P036877,2025/2026,1,school,A001300
P036878,2025/2026,1,vocational_school,A002326
P036884,2025/2026,1,school,A006057
P036889,2025/2026,1,university,A000009
P036891,2025/2026,1,school,A017665
P036895,2025/2026,1,school,A011754
P036897,2025/2026,1,school,A010616
P036899,2025/2026,1,university,A010616
P036902,2025/2026,1,school,A013949
P036906,2025/2026,1,university,A007393
P036908,2025/2026,1,university,A002400
P036913,2025/2026,1,school,A017156
P036919,2025/2026,1,school,A017187
P036920,2025/2026,1,school,A005768
P036930,2025/2026,1,school,A004054
P036932,2025/2026,1,school,A004054
P036940,2025/2026,1,university,A016574
P036944,2025/2026,1,school,A010286
P036961,2025/2026,1,school,A014011
P036967,2025/2026,1,school,A016229
P036979,2025/2026,1,university,A017625
P036988,2025/2026,1,university,A004805
P036991,2025/2026,1,school,A010499
P036993,2025/2026,1,university,A000661
P036997,2025/2026,1,university,A002438
P036998,2025/2026,1,school,A010889
P037001,2025/2026,1,school,A001258
P037006,2025/2026,1,school,A009275
P037008,2025/2026,1,school,A010592
P037010,2025/2026,1,school,A010592
P037015,2025/2026,1,school,A006254
P037017,2025/2026,1,school,A014244
P037025,2025/2026,1,school,A003128
P037036,2025/2026,1,vocational_school,A001158
P037051,2025/2026,1,university,A014956
P037052,2025/2026,1,school,A014956
P037055,2025/2026,1,school,A004187
P037060,2025/2026,1,university,A016761
P037062,2025/2026,1,school,A016761
P037065,2025/2026,1,school,A010584
P037077,2025/2026,1,school,A002984
P037084,2025/2026,1,school,A001094
P037093,2025/2026,1,school,A003172
P037096,2025/2026,1,university,A014025
P037097,2025/2026,1,school,A016842
P037101,2025/2026,1,school,A000446
P037103,2025/2026,1,vocational_school,A000446
P037107,2025/2026,1,university,A000999
P037120,2025/2026,1,university,A010363
P037127,2025/2026,1,university,A010233
P037131,2025/2026,1,school,A014954
P037133,2025/2026,1,vocational_school,A009506
P037135,2025/2026,1,school,A004821
P037142,2025/2026,1,university,A014028
P037144,2025/2026,1,school,A003096
P037153,2025/2026,1,vocational_school,A003985
P037175,2025/2026,1,school,A002953
P037180,2025/2026,1,vocational_school,A013076
P037185,2025/2026,1,school,A012100
P037193,2025/2026,1,school,A010518
P037196,2025/2026,1,school,A006636
P037199,2025/2026,1,university,A016422
P037200,2025/2026,1,school,A009431
P037211,2025/2026,1,vocational_school,A015285
P037216,2025/2026,1,school,A016305
P037219,2025/2026,1,school,A006427
P037223,2025/2026,1,school,A002173
P037229,2025/2026,1,university,A017214
P037235,2025/2026,1,vocational_school,A007706
P037245,2025/2026,1,university,A017708
P037255,2025/2026,1,school,A013508
P037262,2025/2026,1,school,A010364
P037264,2025/2026,1,university,NA
P037266,2025/2026,1,school,A002628
P037275,2025/2026,1,school,A016475
P037276,2025/2026,1,NA,A000370
P037301,2025/2026,1,university,A012853
P037302,2025/2026,1,university,A002723
P037305,2025/2026,1,school,A014845
P037315,2025/2026,1,school,A001178
P037316,2025/2026,1,school,A001178
P037326,2025/2026,1,school,A004477
P037327,2025/2026,1,vocational_school,A004477
P037328,2025/2026,1,school,A004477
P037330,2025/2026,1,school,A005813
P037338,2025/2026,1,school,A011712
P037344,2025/2026,1,university,A012453
P037346,2025/2026,1,university,A012872
P037361,2025/2026,1,school,A002494
P037363,2025/2026,1,school,A003993
P037378,2025/2026,1,school,A009601
P037379,2025/2026,1,university,A008975
P037380,2025/2026,1,vocational_school,A008975
P037389,2025/2026,1,school,A016773
P037391,2025/2026,1,vocational_school,A002873
P037408,2025/2026,1,NA,A016997
P037413,2025/2026,1,NA,A012380
P037422,2025/2026,1,school,A008323
P037434,2025/2026,1,school,A017431
P037439,2025/2026,1,vocational_school,A013491
P037448,2025/2026,1,school,A003292
P037454,2025/2026,1,university,A003129
P037457,2025/2026,1,school,A000436
P037459,2025/2026,1,school,A003532
P037462,2025/2026,1,NA,A003532
P037464,2025/2026,1,university,A000466
P037465,2025/2026,1,school,A007286
P037466,2025/2026,1,school,A017386
P037471,2025/2026,1,school,A017003
P037472,2025/2026,1,school,NA
P037474,2025/2026,1,university,A002724
P037476,2025/2026,1,school,A002724
P037477,2025/2026,1,school,A002724
P037497,2025/2026,1,school,A013273
P037500,2025/2026,1,university,A008458
P037509,2025/2026,1,school,A004253
P037510,2025/2026,1,vocational_school,A004253
P037521,2025/2026,1,school,A000222
P037526,2025/2026,1,vocational_school,A002814
P037528,2025/2026,1,vocational_school,A017230
P037533,2025/2026,1,school,A017053
P037539,2025/2026,1,vocational_school,A011678
P037541,2025/2026,1,school,A016114
P037552,2025/2026,1,school,A006423
P037556,2025/2026,1,university,NA
P037564,2025/2026,1,university,A008682
P037571,2025/2026,1,school,A007438
P037579,2025/2026,1,university,A000812
P037613,2025/2026,1,school,A016455
P037614,2025/2026,1,university,A016455
P037620,2025/2026,1,university,A000361
P037622,2025/2026,1,school,A006423
P037638,2025/2026,1,university,A009657
P037640,2025/2026,1,vocational_school,A008909
P037652,2025/2026,1,vocational_school,A015889
P037662,2025/2026,1,university,NA
P037677,2025/2026,1,school,A003687
P037680,2025/2026,1,NA,A016209
P037681,2025/2026,1,university,A003638
P037693,2025/2026,1,university,A004468
P037695,2025/2026,1,university,A008726
P037697,2025/2026,1,school,A009079
P037703,2025/2026,1,vocational_school,A009487
P037707,2025/2026,1,school,A003358
P037708,2025/2026,1,school,A014226
P037710,2025/2026,1,university,A014226
P037717,2025/2026,1,school,A010670
P037723,2025/2026,1,university,A004083
P037726,2025/2026,1,school,A010126
P037728,2025/2026,1,NA,A010126
P037729,2025/2026,1,school,A010126
P037739,2025/2026,1,vocational_school,A003844
P037744,2025/2026,1,school,A014245
P037759,2025/2026,1,school,A013355
P037765,2025/2026,1,university,A000139
P037772,2025/2026,1,university,A013800
P037774,2025/2026,1,vocational_school,A011207
P037777,2025/2026,1,school,A009176
P037791,2025/2026,1,school,A016838
P037793,2025/2026,1,school,A016838
P037796,2025/2026,1,university,A003983
P037797,2025/2026,1,school,NA
P037799,2025/2026,1,vocational_school,A003983
P037800,2025/2026,1,school,A003778
P037804,2025/2026,1,school,A006576
P037817,2025/2026,1,vocational_school,A002052
P037822,2025/2026,1,university,A000958
P037823,2025/2026,1,school,A010340
P037831,2025/2026,1,school,A010861
P037842,2025/2026,1,university,A001891
P037858,2025/2026,1,university,A010578
P037863,2025/2026,1,school,A000253
P037868,2025/2026,1,university,NA
P037871,2025/2026,1,school,A005780
P037874,2025/2026,1,school,A005780
P037882,2025/2026,1,school,A008737
P037885,2025/2026,1,university,A009391
P037890,2025/2026,1,school,A009391
P037896,2025/2026,1,school,A003949
P037898,2025/2026,1,school,A003949
P037902,2025/2026,1,school,A010759
P037904,2025/2026,1,school,A010759
P037910,2025/2026,1,school,A008580
P037912,2025/2026,1,school,A012176
P037915,2025/2026,1,school,A006853
P037916,2025/2026,1,school,A010644
P037926,2025/2026,1,school,A002655
P037952,2025/2026,1,vocational_school,A000794
P037955,2025/2026,1,vocational_school,A015957
P037958,2025/2026,1,school,A002034
P037959,2025/2026,1,school,A005949
P037965,2025/2026,1,school,A008150
P037976,2025/2026,1,school,A012030
P037988,2025/2026,1,university,A017900
P037996,2025/2026,1,school,A014766
P037997,2025/2026,1,school,A008014
P038000,2025/2026,1,school,A016815
P038001,2025/2026,1,vocational_school,A007042
P038015,2025/2026,1,school,A002922
P038016,2025/2026,1,university,A002922
P038021,2025/2026,1,school,A008046
P038024,2025/2026,1,school,A008046
P038027,2025/2026,1,school,A012104
P038041,2025/2026,1,school,A011788
P038042,2025/2026,1,school,A011114
P038054,2025/2026,1,vocational_school,A001922
P038075,2025/2026,1,vocational_school,A000858
P038079,2025/2026,1,school,A011224
P038084,2025/2026,1,school,NA
P038089,2025/2026,1,vocational_school,A014782
P038095,2025/2026,1,school,A014997
P038107,2025/2026,1,vocational_school,A010272
P038120,2025/2026,1,university,A001923
P038122,2025/2026,1,school,A016877
P038133,2025/2026,1,school,A012890
P038134,2025/2026,1,school,A010456
P038135,2025/2026,1,university,NA
P038141,2025/2026,1,school,A014707
P038144,2025/2026,1,university,A007910
P038155,2025/2026,1,school,A004161
P038157,2025/2026,1,school,A011493
P038159,2025/2026,1,school,A004639
P038165,2025/2026,1,school,A008990
P038190,2025/2026,1,school,A007487
P038191,2025/2026,1,school,A008619
P038199,2025/2026,1,school,A016319
P038213,2025/2026,1,school,A002459
P038214,2025/2026,1,school,A002459
P038215,2025/2026,1,school,A002459
P038219,2025/2026,1,school,A001163
P038221,2025/2026,1,school,A003336
P038235,2025/2026,1,school,A011583
P038241,2025/2026,1,school,A002401
P038249,2025/2026,1,school,A011257
P038253,2025/2026,1,school,A011731
P038270,2025/2026,1,university,A015728
P038277,2025/2026,1,school,A007950
P038279,2025/2026,1,school,A007950
P038281,2025/2026,1,school,A006102
P038287,2025/2026,1,vocational_school,A003561
P038289,2025/2026,1,school,A014036
P038290,2025/2026,1,school,A014036
P038297,2025/2026,1,university,A004982
P038309,2025/2026,1,school,A010183
P038318,2025/2026,1,school,A005673
P038322,2025/2026,1,school,A001213
P038354,2025/2026,1,NA,A015659
P038359,2025/2026,1,vocational_school,A016809
P038363,2025/2026,1,school,A009890
P038367,2025/2026,1,school,A004169
P038370,2025/2026,1,school,A010351
P038374,2025/2026,1,school,A000498
P038376,2025/2026,1,school,A005354
P038382,2025/2026,1,school,A017945
P038388,2025/2026,1,school,A006361
P038390,2025/2026,1,vocational_school,A012089
P038408,2025/2026,1,school,A006835
P038410,2025/2026,1,university,A016247
P038411,2025/2026,1,university,A012750
P038418,2025/2026,1,vocational_school,A004083
P038420,2025/2026,1,school,A001728
P038421,2025/2026,1,vocational_school,A001728
P038429,2025/2026,1,university,NA
P038432,2025/2026,1,vocational_school,A006257
P038437,2025/2026,1,school,A015420
P038446,2025/2026,1,university,A000409
P038451,2025/2026,1,university,A009705
P038452,2025/2026,1,school,A009705
P038454,2025/2026,1,school,NA
P038457,2025/2026,1,school,A011624
P038462,2025/2026,1,vocational_school,A015445
P038463,2025/2026,1,vocational_school,A006049
P038466,2025/2026,1,school,A002561
P038473,2025/2026,1,school,A015468
P038485,2025/2026,1,school,A012707
P038489,2025/2026,1,school,A015194
P038492,2025/2026,1,school,A006647
P038495,2025/2026,1,vocational_school,A012131
P038499,2025/2026,1,school,A009273
P038508,2025/2026,1,school,A003326
P038512,2025/2026,1,school,A001160
P038513,2025/2026,1,school,A001160
P038519,2025/2026,1,school,A008573
P038525,2025/2026,1,school,A004282
P038533,2025/2026,1,school,A017019
P038539,2025/2026,1,university,A014874
P038541,2025/2026,1,school,A013895
P038543,2025/2026,1,school,A005197
P038546,2025/2026,1,school,A013296
P038563,2025/2026,1,university,A004892
P038568,2025/2026,1,vocational_school,A012581
P038575,2025/2026,1,university,A017666
P038577,2025/2026,1,school,A010669
P038606,2025/2026,1,school,A007900
P038614,2025/2026,1,university,A014942
P038621,2025/2026,1,NA,A004272
P038623,2025/2026,1,vocational_school,NA
P038627,2025/2026,1,school,A017144
P038637,2025/2026,1,school,A017380
P038640,2025/2026,1,school,A017380
P038647,2025/2026,1,school,A014307
P038648,2025/2026,1,school,A005401
P038651,2025/2026,1,vocational_school,A002730
P038654,2025/2026,1,school,A006885
P038693,2025/2026,1,university,A005014
P038695,2025/2026,1,vocational_school,A011301
P038697,2025/2026,1,university,A008863
P038699,2025/2026,1,school,A008863
P038706,2025/2026,1,NA,A013221
P038711,2025/2026,1,school,A015410
P038715,2025/2026,1,school,A014389
P038716,2025/2026,1,school,A013513
P038721,2025/2026,1,school,A016147
P038726,2025/2026,1,vocational_school,A003561
P038729,2025/2026,1,school,A006560
P038736,2025/2026,1,school,A012657
P038739,2025/2026,1,school,A001161
P038741,2025/2026,1,vocational_school,A005544
P038744,2025/2026,1,school,A005544
P038747,2025/2026,1,NA,A008675
P038748,2025/2026,1,school,A008675
P038749,2025/2026,1,school,A014754
P038757,2025/2026,1,school,A015165
P038776,2025/2026,1,NA,A012115
P038778,2025/2026,1,vocational_school,A017510
P038779,2025/2026,1,school,A013426
P038782,2025/2026,1,school,A002392
P038786,2025/2026,1,university,A010914
P038787,2025/2026,1,university,A007783
P038792,2025/2026,1,vocational_school,A005738
P038796,2025/2026,1,vocational_school,A001976
P038798,2025/2026,1,university,A004794
P038816,2025/2026,1,school,A017730
P038819,2025/2026,1,school,A015004
P038828,2025/2026,1,school,A005346
P038829,2025/2026,1,vocational_school,A016174
P038832,2025/2026,1,vocational_school,A008814
P038838,2025/2026,1,school,A012245
P038840,2025/2026,1,school,A005932
P038848,2025/2026,1,school,A007212
P038857,2025/2026,1,school,A007515
P038861,2025/2026,1,school,A011586
P038870,2025/2026,1,university,A003260
P038877,2025/2026,1,school,A012988
P038878,2025/2026,1,vocational_school,A005198
P038890,2025/2026,1,school,A013421
P038893,2025/2026,1,school,A007002
P038894,2025/2026,1,university,A007002
P038896,2025/2026,1,school,A009422
P038897,2025/2026,1,school,A012859
P038898,2025/2026,1,school,A012859
P038936,2025/2026,1,vocational_school,A010040
P038938,2025/2026,1,school,A006174
P038940,2025/2026,1,school,A001314
P038950,2025/2026,1,university,A003000
P038959,2025/2026,1,school,A000218
P038960,2025/2026,1,university,A000218
P038964,2025/2026,1,school,A008204
P038972,2025/2026,1,school,A015439
P038975,2025/2026,1,school,A006462
P038978,2025/2026,1,vocational_school,A016346
P038982,2025/2026,1,university,A017189
P038985,2025/2026,1,vocational_school,A007521
P038993,2025/2026,1,school,A013007
P039010,2025/2026,1,school,A004504
P039019,2025/2026,1,school,A010347
P039020,2025/2026,1,school,A010347
P039031,2025/2026,1,university,A016736
P039044,2025/2026,1,school,A003987
P039055,2025/2026,1,university,A011685
P039059,2025/2026,1,university,A014692
P039068,2025/2026,1,school,A007790
P039079,2025/2026,1,school,A015522
P039080,2025/2026,1,school,A015522
P039082,2025/2026,1,school,A009646
P039087,2025/2026,1,vocational_school,A002403
P039092,2025/2026,1,school,A014277
P039108,2025/2026,1,school,A009647
P039113,2025/2026,1,school,A015062
P039123,2025/2026,1,university,A005569
P039124,2025/2026,1,school,A005569
P039129,2025/2026,1,university,A013740
P039133,2025/2026,1,school,A012573
P039135,2025/2026,1,vocational_school,A006774
P039137,2025/2026,1,NA,A000304
P039141,2025/2026,1,school,A002893
P039143,2025/2026,1,school,A002893
P039159,2025/2026,1,vocational_school,A005520
P039162,2025/2026,1,school,A011543
P039163,2025/2026,1,school,A006497
P039168,2025/2026,1,vocational_school,A008386
P039170,2025/2026,1,school,A017134
P039171,2025/2026,1,school,A017134
P039179,2025/2026,1,school,A013221
P039182,2025/2026,1,university,A017353
P039183,2025/2026,1,school,A008133
P039189,2025/2026,1,school,A014594
P039206,2025/2026,1,school,A006206
P039220,2025/2026,1,university,A014988
P039230,2025/2026,1,university,A006913
P039234,2025/2026,1,school,A008676
P039236,2025/2026,1,school,A009883
P039240,2025/2026,1,school,A002423
P039241,2025/2026,1,university,A002423
P039242,2025/2026,1,university,A002423
P039256,2025/2026,1,school,A003860
P039263,2025/2026,1,school,A013989
P039264,2025/2026,1,school,A013989
P039268,2025/2026,1,university,A013498
P039277,2025/2026,1,school,A013956
P039282,2025/2026,1,vocational_school,NA
P039295,2025/2026,1,vocational_school,A012970
P039297,2025/2026,1,school,A013584
P039303,2025/2026,1,vocational_school,A013899
P039309,2025/2026,1,school,A016157
P039323,2025/2026,1,school,A007689
P039330,2025/2026,1,vocational_school,A017940
P039356,2025/2026,1,school,A008801
P039376,2025/2026,1,school,A003474
P039378,2025/2026,1,vocational_school,A011622
P039388,2025/2026,1,NA,A015790
P039392,2025/2026,1,school,A014382
P039395,2025/2026,1,university,A006596
P039398,2025/2026,1,school,A014684
P039406,2025/2026,1,vocational_school,A001952
P039407,2025/2026,1,school,A001952
P039409,2025/2026,1,school,A008272
P039412,2025/2026,1,vocational_school,A006619
P039415,2025/2026,1,vocational_school,A000253
P039431,2025/2026,1,school,A015787
P039432,2025/2026,1,school,A015787
P039441,2025/2026,1,vocational_school,A014700
P039442,2025/2026,1,university,A014700
P039443,2025/2026,1,university,A014700
P039444,2025/2026,1,school,A008256
P039454,2025/2026,1,school,A003519
P039466,2025/2026,1,school,A004052
P039471,2025/2026,1,school,A017831
P039473,2025/2026,1,school,A015368
P039474,2025/2026,1,vocational_school,A016213
P039486,2025/2026,1,school,A003323
P039489,2025/2026,1,school,A005314
P039490,2025/2026,1,school,A005314
P039496,2025/2026,1,school,A006781
P039528,2025/2026,1,school,A006243
P039531,2025/2026,1,vocational_school,A006243
P039537,2025/2026,1,vocational_school,A003690
P039541,2025/2026,1,school,A013000
P039542,2025/2026,1,university,A015671
P039558,2025/2026,1,school,A014004
P039584,2025/2026,1,school,A009081
P039586,2025/2026,1,school,A011372
P039587,2025/2026,1,school,A010737
P039588,2025/2026,1,school,A010737
P039599,2025/2026,1,school,A012874
P039632,2025/2026,1,vocational_school,A000233
P039639,2025/2026,1,school,A013172
P039642,2025/2026,1,NA,A012710
P039646,2025/2026,1,school,A005894
P039657,2025/2026,1,school,A005159
P039658,2025/2026,1,school,A003812
P039663,2025/2026,1,school,A000562
P039667,2025/2026,1,school,A000179
P039671,2025/2026,1,school,A016007
P039674,2025/2026,1,school,A011794
P039675,2025/2026,1,school,A011794
P039679,2025/2026,1,school,A006312
P039681,2025/2026,1,school,A012388
P039683,2025/2026,1,school,A007644
P039697,2025/2026,1,school,A005357
P039713,2025/2026,1,school,A009678
P039716,2025/2026,1,school,A009941
P039723,2025/2026,1,vocational_school,A006801
P039729,2025/2026,1,school,A001176
P039732,2025/2026,1,school,A009257
P039739,2025/2026,1,school,A013968
P039740,2025/2026,1,vocational_school,A013104
P039748,2025/2026,1,school,A004452
P039749,2025/2026,1,vocational_school,A004452
P039755,2025/2026,1,school,A017509
P039756,2025/2026,1,school,A017509
P039760,2025/2026,1,school,A008172
P039762,2025/2026,1,school,A007914
P039772,2025/2026,1,vocational_school,A014613
P039776,2025/2026,1,school,A016098
P039780,2025/2026,1,university,A010502
P039784,2025/2026,1,school,A012843
P039794,2025/2026,1,university,A009422
P039798,2025/2026,1,school,A015527
P039801,2025/2026,1,school,A003262
P039805,2025/2026,1,university,A006851
P039808,2025/2026,1,school,A006475
P039811,2025/2026,1,school,A016511
P039819,2025/2026,1,vocational_school,A014751
P039820,2025/2026,1,university,A014751
P039829,2025/2026,1,school,A016703
P039836,2025/2026,1,school,A009431
P039838,2025/2026,1,school,A007858
P039841,2025/2026,1,school,A007917
P039851,2025/2026,1,university,A001999
P039859,2025/2026,1,school,A004817
P039861,2025/2026,1,vocational_school,A004817
P039862,2025/2026,1,school,A004817
P039866,2025/2026,1,school,A002319
P039868,2025/2026,1,vocational_school,A002319
P039876,2025/2026,1,NA,A006494
P039878,2025/2026,1,school,A006494
P039883,2025/2026,1,university,A003510
P039889,2025/2026,1,school,A003773
P039905,2025/2026,1,university,A015705
P039906,2025/2026,1,school,A012535
P039907,2025/2026,1,school,A016050
P039909,2025/2026,1,vocational_school,NA
P039915,2025/2026,1,school,A009817
P039919,2025/2026,1,school,A004929
P039921,2025/2026,1,vocational_school,A006185
P039934,2025/2026,1,university,A000194
P039935,2025/2026,1,school,A000836
P039939,2025/2026,1,school,A007682
P039943,2025/2026,1,school,A005590
P039946,2025/2026,1,school,A008230
P039951,2025/2026,1,NA,A007268
P039962,2025/2026,1,university,A001182
P039972,2025/2026,1,school,A006322
P039977,2025/2026,1,university,A006023
P039978,2025/2026,1,school,A012584
P039980,2025/2026,1,school,A012584
P039981,2025/2026,1,vocational_school,A012584
P039983,2025/2026,1,school,A004638
P039989,2025/2026,1,school,A002326
P039990,2025/2026,1,school,A002326
P039995,2025/2026,1,school,A012410
P039999,2025/2026,1,vocational_school,A015178
P040002,2025/2026,1,vocational_school,A003930
P040012,2025/2026,1,university,A003548
P040026,2025/2026,1,school,A002585
P040030,2025/2026,1,school,A017839
P040034,2025/2026,1,school,A009896
P040043,2025/2026,1,NA,A007939
P040045,2025/2026,1,school,A011111
P040054,2025/2026,1,school,NA
P040063,2025/2026,1,school,NA
P040068,2025/2026,1,vocational_school,A012757
P040078,2025/2026,1,school,A005259
P040085,2025/2026,1,school,A015287
P040087,2025/2026,1,school,A011406
P040089,2025/2026,1,school,A004307
P040099,2025/2026,1,school,A015953
P040104,2025/2026,1,university,A007519
P040115,2025/2026,1,school,NA
P040116,2025/2026,1,school,A001573
P040119,2025/2026,1,NA,A015319
P040130,2025/2026,1,school,A013223
P040134,2025/2026,1,vocational_school,A009863
P040136,2025/2026,1,school,A012918
P040137,2025/2026,1,school,A012918
P040139,2025/2026,1,vocational_school,A012918
P040152,2025/2026,1,school,A001463
P040157,2025/2026,1,school,A015841
P040158,2025/2026,1,school,A015841
P040172,2025/2026,1,university,A014685
P040188,2025/2026,1,vocational_school,A008596
P040189,2025/2026,1,university,A011350
P040194,2025/2026,1,school,A011898
P040195,2025/2026,1,school,A003288
P040199,2025/2026,1,school,A014856
P040201,2025/2026,1,university,A006526
P040209,2025/2026,1,school,NA
P040218,2025/2026,1,school,A000318
P040238,2025/2026,1,school,A016593
P040254,2025/2026,1,school,A013596
P040260,2025/2026,1,NA,A010687
P040266,2025/2026,1,school,A006391
P040272,2025/2026,1,school,A001114
P040275,2025/2026,1,school,A007686
P040277,2025/2026,1,school,A012016
P040283,2025/2026,1,school,A003105
P040285,2025/2026,1,vocational_school,A003657
P040291,2025/2026,1,school,NA
P040299,2025/2026,1,school,A009429
P040302,2025/2026,1,NA,A004623
P040306,2025/2026,1,vocational_school,A015389
P040321,2025/2026,1,school,A002290
P040331,2025/2026,1,school,A003319
P040336,2025/2026,1,university,A008513
P040340,2025/2026,1,school,A009857
P040350,2025/2026,1,university,A006421
P040351,2025/2026,1,school,A006421
P040356,2025/2026,1,university,A009333
P040363,2025/2026,1,school,A008042
P040369,2025/2026,1,school,A002395
P040372,2025/2026,1,university,A005308
P040377,2025/2026,1,school,A016932
P040383,2025/2026,1,vocational_school,A015447
P040384,2025/2026,1,school,A015447
P040385,2025/2026,1,school,A008957
P040387,2025/2026,1,university,A014556
P040392,2025/2026,1,NA,A014090
P040397,2025/2026,1,school,A009836
P040406,2025/2026,1,NA,A012241
P040409,2025/2026,1,school,A002624
P040410,2025/2026,1,vocational_school,A006089
P040411,2025/2026,1,school,A006089
P040412,2025/2026,1,school,A017679
P040413,2025/2026,1,university,A003898
P040419,2025/2026,1,NA,A010435
P040424,2025/2026,1,school,A015214
P040425,2025/2026,1,university,A011910
P040430,2025/2026,1,school,A010914
P040459,2025/2026,1,vocational_school,A004908
P040462,2025/2026,1,NA,A012516
P040465,2025/2026,1,NA,NA
P040479,2025/2026,1,school,A004928
P040493,2025/2026,1,school,A017888
P040505,2025/2026,1,vocational_school,A016229
P040508,2025/2026,1,university,A008485
P040515,2025/2026,1,school,A002012
P040519,2025/2026,1,school,A014537
P040522,2025/2026,1,vocational_school,A017211
P040527,2025/2026,1,school,A005111
P040530,2025/2026,1,vocational_school,A003742
P040533,2025/2026,1,vocational_school,A005314
P040536,2025/2026,1,school,A003122
P040544,2025/2026,1,school,A013639
P040546,2025/2026,1,vocational_school,A002451
P040547,2025/2026,1,school,A008736
P040556,2025/2026,1,school,A016072
P040573,2025/2026,1,school,A016062
P040578,2025/2026,1,vocational_school,A006257
P040584,2025/2026,1,vocational_school,A003197
P040592,2025/2026,1,school,A006795
P040593,2025/2026,1,school,A006795
P040595,2025/2026,1,vocational_school,A009386
P040596,2025/2026,1,vocational_school,A009386
P040611,2025/2026,1,school,A005008
P040620,2025/2026,1,school,A016898
P040621,2025/2026,1,school,A016898
P040628,2025/2026,1,school,A006970
P040642,2025/2026,1,school,A013915
P040643,2025/2026,1,school,A013915
P040652,2025/2026,1,school,A009748
P040663,2025/2026,1,university,A015587
P040674,2025/2026,1,university,A003906
P040678,2025/2026,1,school,A000010
P040686,2025/2026,1,university,A000346
P040702,2025/2026,1,school,A016079
P040703,2025/2026,1,university,NA
P040704,2025/2026,1,school,A010280
P040711,2025/2026,1,school,A011883
P040718,2025/2026,1,vocational_school,A013028
P040727,2025/2026,1,university,A012512
P040728,2025/2026,1,school,A010975
P040729,2025/2026,1,school,A003584
P040734,2025/2026,1,vocational_school,A005902
P040736,2025/2026,1,school,A010235
P040740,2025/2026,1,vocational_school,A003478
P040753,2025/2026,1,school,A009366
P040757,2025/2026,1,university,A012570
P040760,2025/2026,1,university,A013753
P040782,2025/2026,1,school,A002789
P040784,2025/2026,1,school,A017636
P040796,2025/2026,1,school,A006956
P040802,2025/2026,1,university,A004704
P040805,2025/2026,1,school,A008103
P040807,2025/2026,1,vocational_school,A001989
P040809,2025/2026,1,school,A002959
P040810,2025/2026,1,vocational_school,A008373
P040817,2025/2026,1,university,A015519
P040819,2025/2026,1,vocational_school,A010563
P040820,2025/2026,1,school,A000060
P040823,2025/2026,1,university,A016680
P040824,2025/2026,1,school,A016680
P040847,2025/2026,1,university,A003548
P040848,2025/2026,1,school,A006902
P040851,2025/2026,1,school,A003795
P040854,2025/2026,1,university,A008250
P040860,2025/2026,1,school,A000988
P040867,2025/2026,1,school,A006414
P040879,2025/2026,1,vocational_school,A001695
P040880,2025/2026,1,school,A014255
P040886,2025/2026,1,school,NA
P040897,2025/2026,1,school,A006257
P040902,2025/2026,1,NA,A015371
P040908,2025/2026,1,school,A016022
P040909,2025/2026,1,school,A010983
P040911,2025/2026,1,school,A009613
P040920,2025/2026,1,school,A011097
P040927,2025/2026,1,school,A016330
P040929,2025/2026,1,school,A016330
P040934,2025/2026,1,school,A002091
P040935,2025/2026,1,university,A012914
P040942,2025/2026,1,school,A013034
P040949,2025/2026,1,vocational_school,A012070
P040952,2025/2026,1,school,A000683
P040954,2025/2026,1,school,A006122
P040977,2025/2026,1,school,A006982
P040978,2025/2026,1,university,A006982
P040985,2025/2026,1,vocational_school,A006178
P040986,2025/2026,1,school,A006178
P040989,2025/2026,1,school,A004611
P040992,2025/2026,1,school,A001937
P040993,2025/2026,1,vocational_school,A005192
P041002,2025/2026,1,school,A000197
P041003,2025/2026,1,vocational_school,A000197
P041011,2025/2026,1,school,A012615
P041015,2025/2026,1,school,A003117
P041019,2025/2026,1,school,A003616
P041035,2025/2026,1,school,A016564
P041044,2025/2026,1,university,A011430
P041045,2025/2026,1,school,A011430
P041047,2025/2026,1,university,A001836
P041048,2025/2026,1,school,A001836
P041050,2025/2026,1,school,A001836
P041051,2025/2026,1,vocational_school,A009778
P041053,2025/2026,1,school,A012101
P041057,2025/2026,1,school,A006206
P041060,2025/2026,1,school,A010788
P041068,2025/2026,1,school,A002968
P041071,2025/2026,1,vocational_school,A004048
P041072,2025/2026,1,school,A004048
P041080,2025/2026,1,school,A008716
P041089,2025/2026,1,school,A006332
P041090,2025/2026,1,school,A002876
P041094,2025/2026,1,school,A017935
P041108,2025/2026,1,school,NA
P041114,2025/2026,1,school,A013850
P041115,2025/2026,1,vocational_school,A013850
P041116,2025/2026,1,school,A004577
P041122,2025/2026,1,school,A008994
P041136,2025/2026,1,school,A006650
P041138,2025/2026,1,university,A007703
P041142,2025/2026,1,NA,A012018
P041143,2025/2026,1,university,A012018
P041146,2025/2026,1,vocational_school,A000402
P041147,2025/2026,1,school,A002779
P041152,2025/2026,1,university,A007606
P041156,2025/2026,1,school,A012277
P041157,2025/2026,1,vocational_school,A012882
P041162,2025/2026,1,vocational_school,A008573
P041168,2025/2026,1,vocational_school,A014088
P041172,2025/2026,1,school,A015450
P041173,2025/2026,1,school,A008910
P041189,2025/2026,1,school,A015366
P041191,2025/2026,1,NA,A010324
P041195,2025/2026,1,vocational_school,A000716
P041196,2025/2026,1,university,A000716
P041198,2025/2026,1,vocational_school,A017003
P041200,2025/2026,1,university,A017003
P041204,2025/2026,1,university,A017663
P041209,2025/2026,1,university,A013650
P041210,2025/2026,1,university,A013650
P041216,2025/2026,1,school,A012512
P041222,2025/2026,1,school,A003837
P041223,2025/2026,1,vocational_school,A013610
P041232,2025/2026,1,school,A002060
P041235,2025/2026,1,school,A016142
P041237,2025/2026,1,university,A015138
P041245,2025/2026,1,school,A007628
P041252,2025/2026,1,university,A013509
P041258,2025/2026,1,school,A004650
P041263,2025/2026,1,school,A007363
P041264,2025/2026,1,school,A007363
P041265,2025/2026,1,university,A001070
P041267,2025/2026,1,school,A008379
P041294,2025/2026,1,school,A011851
P041296,2025/2026,1,school,A017689
P041299,2025/2026,1,university,A009192
P041303,2025/2026,1,school,A014652
P041306,2025/2026,1,school,A016164
P041308,2025/2026,1,school,A016164
P041321,2025/2026,1,school,A002632
P041325,2025/2026,1,school,A004582
P041331,2025/2026,1,school,A007713
P041335,2025/2026,1,school,A006779
P041347,2025/2026,1,school,A010466
P041351,2025/2026,1,school,A009809
P041352,2025/2026,1,school,A009809
P041359,2025/2026,1,school,A017428
P041360,2025/2026,1,university,A017428
P041363,2025/2026,1,university,A010436
P041372,2025/2026,1,school,A013684
P041374,2025/2026,1,school,A011825
P041385,2025/2026,1,school,A002238
P041389,2025/2026,1,school,A002238
P041391,2025/2026,1,school,A009567
P041396,2025/2026,1,school,A009790
P041398,2025/2026,1,school,A009790
P041400,2025/2026,1,university,A011527
P041401,2025/2026,1,university,A011527
P041416,2025/2026,1,school,A004322
P041420,2025/2026,1,school,A014498
P041427,2025/2026,1,vocational_school,A015595
P041428,2025/2026,1,school,A015595
P041432,2025/2026,1,school,A003663
P041436,2025/2026,1,school,A013682
P041437,2025/2026,1,university,A013682
P041440,2025/2026,1,school,A010228
P041445,2025/2026,1,school,A003476
P041447,2025/2026,1,school,A003259
P041451,2025/2026,1,school,A004307
P041473,2025/2026,1,school,A015287
P041478,2025/2026,1,school,A007537
P041488,2025/2026,1,NA,A014614
P041489,2025/2026,1,school,A014089
P041491,2025/2026,1,school,A006338
P041501,2025/2026,1,vocational_school,A008960
P041502,2025/2026,1,school,A008960
P041508,2025/2026,1,school,A012170
P041510,2025/2026,1,university,A012170
P041511,2025/2026,1,university,A012170
P041514,2025/2026,1,school,A000920
P041515,2025/2026,1,university,A009848
P041520,2025/2026,1,vocational_school,NA
P041523,2025/2026,1,school,A014102
P041528,2025/2026,1,school,A003830
P041531,2025/2026,1,school,A011476
P041533,2025/2026,1,school,A011476
P041536,2025/2026,1,school,A013915
P041539,2025/2026,1,NA,A004961
P041547,2025/2026,1,university,NA
P041551,2025/2026,1,school,A015177
P041557,2025/2026,1,school,A016769
P041561,2025/2026,1,vocational_school,A010883
P041564,2025/2026,1,school,A014959
P041565,2025/2026,1,school,A007913
P041570,2025/2026,1,vocational_school,A005857
P041576,2025/2026,1,NA,A000045
P041579,2025/2026,1,school,NA
P041580,2025/2026,1,school,A009134
P041581,2025/2026,1,school,A003539
P041583,2025/2026,1,school,A008293
P041592,2025/2026,1,school,A013218
P041594,2025/2026,1,vocational_school,A004794
P041601,2025/2026,1,school,A010857
P041610,2025/2026,1,school,A001154
P041615,2025/2026,1,university,A003096
P041618,2025/2026,1,school,A008910
P041622,2025/2026,1,school,A003598
P041624,2025/2026,1,vocational_school,A012421
P041634,2025/2026,1,vocational_school,A015962
P041637,2025/2026,1,university,A015962
P041638,2025/2026,1,university,A001598
P041644,2025/2026,1,school,A001809
P041658,2025/2026,1,school,A004674
P041659,2025/2026,1,school,A004674
P041667,2025/2026,1,university,A002374
P041672,2025/2026,1,school,A016133
P041674,2025/2026,1,school,A012193
P041675,2025/2026,1,school,A012193
P041683,2025/2026,1,school,A015314
P041688,2025/2026,1,school,A006273
P041690,2025/2026,1,school,A008450
P041692,2025/2026,1,vocational_school,A012665
P041704,2025/2026,1,university,A007656
P041708,2025/2026,1,school,A017249
P041717,2025/2026,1,school,A010980
P041726,2025/2026,1,school,A005580
P041735,2025/2026,1,school,A000912
P041736,2025/2026,1,school,A015154
P041739,2025/2026,1,university,A006497
P041740,2025/2026,1,school,A002288
P041741,2025/2026,1,vocational_school,A002288
P041749,2025/2026,1,school,A014410
P041755,2025/2026,1,school,A014781
P041763,2025/2026,1,school,A012004
P041766,2025/2026,1,school,A009526
P041772,2025/2026,1,school,A008828
P041785,2025/2026,1,school,A012668
P041795,2025/2026,1,school,A012107
P041796,2025/2026,1,vocational_school,A007112
P041812,2025/2026,1,university,A001854
P041813,2025/2026,1,university,A015288
P041815,2025/2026,1,school,A014307
P041817,2025/2026,1,university,A003691
P041825,2025/2026,1,school,A002931
P041832,2025/2026,1,school,A009831
P041836,2025/2026,1,school,A002609
P041837,2025/2026,1,school,A011273
P041857,2025/2026,1,vocational_school,A004862
P041863,2025/2026,1,school,A010412
P041865,2025/2026,1,school,A009925
P041881,2025/2026,1,university,A003375
P041884,2025/2026,1,school,A010127
P041887,2025/2026,1,university,A000838
P041890,2025/2026,1,vocational_school,A016361
P041894,2025/2026,1,university,A014453
P041896,2025/2026,1,university,A005501
P041901,2025/2026,1,school,A015674
P041904,2025/2026,1,school,A012499
P041909,2025/2026,1,university,A012499
P041918,2025/2026,1,school,A017748
P041919,2025/2026,1,school,A017748
P041961,2025/2026,1,vocational_school,A012836
P041966,2025/2026,1,school,A009084
P041967,2025/2026,1,school,A001192
P041974,2025/2026,1,vocational_school,A016226
P041982,2025/2026,1,school,A013666
P041990,2025/2026,1,school,A008753
P042007,2025/2026,1,vocational_school,A003412
P042030,2025/2026,1,school,A015248
P042045,2025/2026,1,school,NA
P042049,2025/2026,1,NA,A016186
P042050,2025/2026,1,university,A016186
P042058,2025/2026,1,university,A004421
P042060,2025/2026,1,university,A001453
P042064,2025/2026,1,school,A009479
P042073,2025/2026,1,school,A011373
P042075,2025/2026,1,school,A014181
P042085,2025/2026,1,school,A014136
P042086,2025/2026,1,school,A015644
P042093,2025/2026,1,school,A013598
P042101,2025/2026,1,school,A001274
P042102,2025/2026,1,university,A001274
P042111,2025/2026,1,NA,A012664
P042112,2025/2026,1,university,A003259
P042114,2025/2026,1,school,A003259
P042115,2025/2026,1,university,A003259
P042130,2025/2026,1,university,A007672
P042139,2025/2026,1,school,A017915
P042148,2025/2026,1,school,A014123
P042149,2025/2026,1,vocational_school,A010892
P042151,2025/2026,1,vocational_school,A013249
P042152,2025/2026,1,university,A008360
P042159,2025/2026,1,school,A005438
P042166,2025/2026,1,school,A008873
P042169,2025/2026,1,school,A016308
P042173,2025/2026,1,school,A012714
P042176,2025/2026,1,school,A006759
P042180,2025/2026,1,school,A000727
P042183,2025/2026,1,university,A010105
P042186,2025/2026,1,school,A014686
P042190,2025/2026,1,university,A002119
P042195,2025/2026,1,school,A006774
P042197,2025/2026,1,school,A009043
P042200,2025/2026,1,school,A009816
P042203,2025/2026,1,school,A000760
P042204,2025/2026,1,vocational_school,NA
P042219,2025/2026,1,vocational_school,A012707
P042221,2025/2026,1,school,A007976
P042230,2025/2026,1,school,A012979
P042231,2025/2026,1,school,A014182
P042232,2025/2026,1,school,A014187
P042233,2025/2026,1,school,A013707
P042234,2025/2026,1,school,A013707
P042238,2025/2026,1,school,A011501
P042239,2025/2026,1,school,A011501
P042249,2025/2026,1,university,A013807
P042251,2025/2026,1,school,A013929
P042253,2025/2026,1,university,A013929
P042255,2025/2026,1,school,A013929
P042257,2025/2026,1,vocational_school,A006236
P042267,2025/2026,1,university,A011695
P042285,2025/2026,1,school,A003746
P042292,2025/2026,1,vocational_school,A013087
P042297,2025/2026,1,school,A017099
P042299,2025/2026,1,school,A011269
P042303,2025/2026,1,school,A004413
P042308,2025/2026,1,school,NA
P042309,2025/2026,1,school,A002672
P042314,2025/2026,1,school,A013343
P042325,2025/2026,1,vocational_school,A006544
P042326,2025/2026,1,school,A007988
P042333,2025/2026,1,school,A008582
P042346,2025/2026,1,school,A014793
P042350,2025/2026,1,vocational_school,A002261
P042355,2025/2026,1,vocational_school,A017348
P042357,2025/2026,1,school,A005501
P042358,2025/2026,1,school,A008507
P042371,2025/2026,1,vocational_school,A015358
P042372,2025/2026,1,university,A014483
P042374,2025/2026,1,school,A006312
P042390,2025/2026,1,school,A010497
P042396,2025/2026,1,vocational_school,A003790
P042397,2025/2026,1,vocational_school,A003790
P042398,2025/2026,1,vocational_school,A002676
P042404,2025/2026,1,university,A004681
P042420,2025/2026,1,school,A007436
P042422,2025/2026,1,school,A008037
P042433,2025/2026,1,school,A006566
P042439,2025/2026,1,university,A001830
P042445,2025/2026,1,NA,A016568
P042446,2025/2026,1,university,A016568
P042448,2025/2026,1,school,A014397
P042450,2025/2026,1,university,A014397
P042467,2025/2026,1,school,A009963
P042468,2025/2026,1,school,A009963
P042470,2025/2026,1,NA,A010879
P042471,2025/2026,1,school,A011590
P042475,2025/2026,1,school,A011590
P042477,2025/2026,1,NA,A008517
P042478,2025/2026,1,school,A003525
P042486,2025/2026,1,school,A008248
P042491,2025/2026,1,school,A005555
P042498,2025/2026,1,school,A001054
P042503,2025/2026,1,university,A013821
P042504,2025/2026,1,school,A003175
P042507,2025/2026,1,vocational_school,A014339
P042512,2025/2026,1,school,A016945
P042515,2025/2026,1,school,A016945
P042516,2025/2026,1,university,A016945
P042524,2025/2026,1,school,A013776
P042525,2025/2026,1,university,A002721
P042536,2025/2026,1,university,A005451
P042539,2025/2026,1,NA,A015302
P042541,2025/2026,1,school,A016229
P042546,2025/2026,1,university,A014082
P042548,2025/2026,1,school,A014059
P042564,2025/2026,1,school,A015570
P042577,2025/2026,1,university,A000679
P042585,2025/2026,1,school,A001720
P042591,2025/2026,1,vocational_school,A004879
P042599,2025/2026,1,university,A017944
P042600,2025/2026,1,school,A017944
P042602,2025/2026,1,school,A001901
P042603,2025/2026,1,school,A002608
P042609,2025/2026,1,university,A005944
P042621,2025/2026,1,university,A013179
P042624,2025/2026,1,school,A008142
P042629,2025/2026,1,vocational_school,A008142
P042630,2025/2026,1,university,A011508
P042634,2025/2026,1,vocational_school,A003082
P042644,2025/2026,1,vocational_school,A001849
P042658,2025/2026,1,NA,A006363
P042674,2025/2026,1,NA,A002121
P042676,2025/2026,1,university,A002121
P042684,2025/2026,1,NA,A017686
P042688,2025/2026,1,school,A001175
P042689,2025/2026,1,school,A001175
P042693,2025/2026,1,school,A002980
P042695,2025/2026,1,vocational_school,A008314
P042698,2025/2026,1,school,A014141
P042706,2025/2026,1,school,A005531
P042718,2025/2026,1,vocational_school,A011787
P042719,2025/2026,1,university,A011787
P042724,2025/2026,1,school,A011776
P042725,2025/2026,1,school,A017843
P042728,2025/2026,1,school,A017843
P042748,2025/2026,1,school,A006492
P042750,2025/2026,1,school,A003167
P042753,2025/2026,1,vocational_school,A003094
P042754,2025/2026,1,school,A010454
P042763,2025/2026,1,school,A010420
P042766,2025/2026,1,school,A010898
P042775,2025/2026,1,school,A011352
P042780,2025/2026,1,school,A009650
P042784,2025/2026,1,vocational_school,A001356
P042785,2025/2026,1,school,A001356
P042788,2025/2026,1,university,A007104
P042800,2025/2026,1,school,A007726
P042803,2025/2026,1,university,A007726
P042819,2025/2026,1,vocational_school,NA
P042823,2025/2026,1,NA,A016211
P042825,2025/2026,1,school,A016895
P042832,2025/2026,1,NA,A015218
P042836,2025/2026,1,school,A013682
P042838,2025/2026,1,NA,A007039
P042839,2025/2026,1,school,A017185
P042845,2025/2026,1,school,A008966
P042848,2025/2026,1,vocational_school,A010122
P042863,2025/2026,1,school,A000637
P042870,2025/2026,1,school,A000167
P042872,2025/2026,1,university,A000167
P042887,2025/2026,1,university,A002209
P042896,2025/2026,1,university,A011604
P042897,2025/2026,1,university,A008397
P042898,2025/2026,1,school,A008397
P042910,2025/2026,1,school,A001265
P042911,2025/2026,1,university,A014608
P042919,2025/2026,1,school,A001246
P042921,2025/2026,1,vocational_school,A000386
P042924,2025/2026,1,school,A008295
P042926,2025/2026,1,vocational_school,A011617
P042929,2025/2026,1,university,A011689
P042936,2025/2026,1,school,A000249
P042938,2025/2026,1,school,A000685
P042941,2025/2026,1,school,A000685
P042947,2025/2026,1,NA,A001588
P042954,2025/2026,1,school,A002318
P042959,2025/2026,1,NA,A013362
P042962,2025/2026,1,university,A006089
P042965,2025/2026,1,school,A002217
P042970,2025/2026,1,school,A015257
P042971,2025/2026,1,vocational_school,A017309
P042972,2025/2026,1,school,A017309
P042977,2025/2026,1,vocational_school,A010599
P042990,2025/2026,1,school,A011511
P043012,2025/2026,1,school,A006571
P043023,2025/2026,1,school,A008956
P043035,2025/2026,1,school,NA
P043036,2025/2026,1,school,A009950
P043037,2025/2026,1,university,A009950
P043042,2025/2026,1,school,A015686
P043048,2025/2026,1,school,NA
P043056,2025/2026,1,NA,A014716
P043057,2025/2026,1,school,A015366
P043058,2025/2026,1,school,A006852
P043064,2025/2026,1,school,A013157
P043066,2025/2026,1,school,A002435
P043079,2025/2026,1,university,A005485
P043101,2025/2026,1,school,A014953
P043113,2025/2026,1,school,A008100
P043114,2025/2026,1,school,A015007
P043120,2025/2026,1,school,A015026
P043133,2025/2026,1,vocational_school,A006743
P043137,2025/2026,1,school,A007984
P043139,2025/2026,1,vocational_school,A012026
P043141,2025/2026,1,vocational_school,A003100
P043150,2025/2026,1,school,A001613
P043152,2025/2026,1,school,A007119
P043154,2025/2026,1,vocational_school,A002536
P043167,2025/2026,1,university,A014229
P043169,2025/2026,1,school,A004986
P043171,2025/2026,1,school,A016480
P043175,2025/2026,1,university,NA
P043177,2025/2026,1,vocational_school,A016911
P043187,2025/2026,1,school,A017115
P043188,2025/2026,1,university,A017115
P043190,2025/2026,1,school,A010412
P043193,2025/2026,1,vocational_school,A012957
P043198,2025/2026,1,school,A014635
P043205,2025/2026,1,vocational_school,A007888
P043222,2025/2026,1,school,A016137
P043235,2025/2026,1,university,A004000
P043239,2025/2026,1,school,A004214
P043241,2025/2026,1,school,A004214
P043248,2025/2026,1,school,A012749
P043256,2025/2026,1,school,A010784
P043259,2025/2026,1,university,A010257
P043264,2025/2026,1,university,A005611
P043265,2025/2026,1,vocational_school,A005611
P043269,2025/2026,1,school,A017006
P043275,2025/2026,1,school,A002507
P043281,2025/2026,1,university,A004664
P043287,2025/2026,1,school,A001239
P043293,2025/2026,1,school,A012672
P043299,2025/2026,1,vocational_school,A005673
P043322,2025/2026,1,school,A008295
P043324,2025/2026,1,school,A010206
P043340,2025/2026,1,school,A016403
P043347,2025/2026,1,school,A010766
P043364,2025/2026,1,vocational_school,A015801
P043365,2025/2026,1,vocational_school,A017786
P043368,2025/2026,1,vocational_school,A017994
P043375,2025/2026,1,university,A006790
P043376,2025/2026,1,school,A011012
P043377,2025/2026,1,school,A000854
P043385,2025/2026,1,university,A013894
P043388,2025/2026,1,school,A015460
P043389,2025/2026,1,school,A015460
P043391,2025/2026,1,school,A004088
P043392,2025/2026,1,university,A004088
P043409,2025/2026,1,NA,A016424
P043424,2025/2026,1,school,A009051
P043426,2025/2026,1,university,A009051
P043429,2025/2026,1,school,A012411
P043434,2025/2026,1,school,A017935
P043439,2025/2026,1,vocational_school,A013833
P043440,2025/2026,1,vocational_school,A013833
P043442,2025/2026,1,school,A014587
P043444,2025/2026,1,school,A007622
P043449,2025/2026,1,university,A014261
P043475,2025/2026,1,school,A007779
P043502,2025/2026,1,school,A001484
P043503,2025/2026,1,school,A001484
P043522,2025/2026,1,vocational_school,A005973
P043528,2025/2026,1,university,A000947
P043529,2025/2026,1,university,A009517
P043533,2025/2026,1,school,A012950
P043535,2025/2026,1,school,A016209
P043548,2025/2026,1,school,A010738
P043550,2025/2026,1,school,A000213
P043551,2025/2026,1,vocational_school,A000213
P043577,2025/2026,1,university,A010461
P043583,2025/2026,1,school,A016986
P043589,2025/2026,1,school,A012723
P043592,2025/2026,1,school,A013700
P043599,2025/2026,1,school,A012614
P043600,2025/2026,1,school,A012614
P043602,2025/2026,1,vocational_school,A014000
P043604,2025/2026,1,university,NA
P043619,2025/2026,1,vocational_school,A005366
P043630,2025/2026,1,school,A007002
P043632,2025/2026,1,vocational_school,A004922
P043645,2025/2026,1,university,A003555
P043647,2025/2026,1,school,A003555
P043648,2025/2026,1,school,A013596
P043650,2025/2026,1,vocational_school,A006902
P043656,2025/2026,1,school,A014000
P043657,2025/2026,1,university,A006636
P043662,2025/2026,1,NA,A004499
P043663,2025/2026,1,school,A004499
P043664,2025/2026,1,school,A004499
P043671,2025/2026,1,university,NA
P043688,2025/2026,1,school,A000028
P043697,2025/2026,1,vocational_school,A001480
P043702,2025/2026,1,university,A001547
P043704,2025/2026,1,university,A015403
P043710,2025/2026,1,NA,A009580
P043720,2025/2026,1,university,A016211
P043721,2025/2026,1,university,A016211
P043723,2025/2026,1,vocational_school,A016211
P043727,2025/2026,1,school,A013438
P043751,2025/2026,1,university,A002476
P043758,2025/2026,1,NA,A008612
P043760,2025/2026,1,school,A012640
P043766,2025/2026,1,school,NA
P043775,2025/2026,1,school,A000073
P043778,2025/2026,1,university,A000073
P043783,2025/2026,1,school,A005274
P043806,2025/2026,1,school,A010519
P043808,2025/2026,1,school,A004150
P043817,2025/2026,1,school,A018000
P043819,2025/2026,1,university,A010091
P043822,2025/2026,1,vocational_school,A004507
P043823,2025/2026,1,school,A004507
P043825,2025/2026,1,university,A006643
P043826,2025/2026,1,school,A006643
P043832,2025/2026,1,school,A014483
P043840,2025/2026,1,university,A014846
P043846,2025/2026,1,NA,A013136
P043849,2025/2026,1,school,A003410
P043859,2025/2026,1,school,A015176
P043860,2025/2026,1,school,A015176
P043864,2025/2026,1,school,A017624
P043866,2025/2026,1,vocational_school,A001741
P043878,2025/2026,1,school,A014118
P043880,2025/2026,1,school,A000783
P043883,2025/2026,1,school,A002796
P043885,2025/2026,1,vocational_school,A004661
P043886,2025/2026,1,vocational_school,A004661
P043895,2025/2026,1,school,A014114
P043900,2025/2026,1,school,A001802
P043904,2025/2026,1,school,A002802
P043908,2025/2026,1,NA,A010077
P043909,2025/2026,1,school,A005611
P043911,2025/2026,1,school,A011518
P043925,2025/2026,1,school,A015890
P043928,2025/2026,1,school,A000578
P043930,2025/2026,1,school,A006668
P043934,2025/2026,1,school,A001430
P043939,2025/2026,1,school,A015100
P043940,2025/2026,1,vocational_school,A017332
P043941,2025/2026,1,school,A017332
P043943,2025/2026,1,school,A000426
P043945,2025/2026,1,school,A003990
P043971,2025/2026,1,school,A013469
P043977,2025/2026,1,university,A016927
P043985,2025/2026,1,school,A015640
P043989,2025/2026,1,university,A008373
P043991,2025/2026,1,school,A010894
P043993,2025/2026,1,school,A008110
P043994,2025/2026,1,university,NA
P044004,2025/2026,1,school,A008038
P044028,2025/2026,1,school,NA
P044031,2025/2026,1,school,A005938
P044032,2025/2026,1,school,A012778
P044039,2025/2026,1,school,A000543
P044044,2025/2026,1,school,A000318
P044055,2025/2026,1,NA,A001759
P044063,2025/2026,1,vocational_school,A009482
P044067,2025/2026,1,university,A001057
P044089,2025/2026,1,vocational_school,A009438
P044092,2025/2026,1,school,A002570
P044100,2025/2026,1,school,A007240
P044123,2025/2026,1,school,A015219
P044126,2025/2026,1,school,A002550
P044131,2025/2026,1,university,A017441
P044132,2025/2026,1,school,A017441
P044137,2025/2026,1,school,A000340
P044142,2025/2026,1,university,A017865
P044148,2025/2026,1,school,A014864
P044156,2025/2026,1,school,NA
P044166,2025/2026,1,school,NA
P044168,2025/2026,1,school,A004600
P044182,2025/2026,1,school,A011393
P044183,2025/2026,1,university,A011393
P044186,2025/2026,1,NA,A012689
P044195,2025/2026,1,school,A013457
P044199,2025/2026,1,vocational_school,A010617
P044201,2025/2026,1,NA,A014895
P044202,2025/2026,1,school,A014166
P044212,2025/2026,1,school,A007180
P044214,2025/2026,1,school,A014833
P044216,2025/2026,1,school,A014549
P044220,2025/2026,1,university,NA
P044232,2025/2026,1,school,A010009
P044241,2025/2026,1,university,A008390
P044245,2025/2026,1,school,A011408
P044250,2025/2026,1,school,A006713
P044252,2025/2026,1,university,A006713
P044257,2025/2026,1,school,A015820
P044263,2025/2026,1,school,A005334
P044273,2025/2026,1,vocational_school,A014914
P044276,2025/2026,1,NA,A014914
P044277,2025/2026,1,university,A013093
P044278,2025/2026,1,school,A008481
P044279,2025/2026,1,university,A006603
P044281,2025/2026,1,university,A010148
P044284,2025/2026,1,school,A012546
P044285,2025/2026,1,school,A012998
P044286,2025/2026,1,school,A012998
P044287,2025/2026,1,school,A012998
P044289,2025/2026,1,school,A003683
P044301,2025/2026,1,school,NA
P044303,2025/2026,1,school,A006111
P044308,2025/2026,1,school,A004151
P044320,2025/2026,1,school,A015765
P044323,2025/2026,1,school,A003047
P044324,2025/2026,1,school,A003047
P044327,2025/2026,1,school,A003209
P044328,2025/2026,1,school,A003209
P044331,2025/2026,1,vocational_school,A007295
P044338,2025/2026,1,university,A010483
P044340,2025/2026,1,school,A001014
P044341,2025/2026,1,vocational_school,A001014
P044343,2025/2026,1,school,A009461
P044346,2025/2026,1,vocational_school,A015177
P044347,2025/2026,1,school,A015177
P044348,2025/2026,1,school,A015177
P044358,2025/2026,1,school,A000301
P044367,2025/2026,1,vocational_school,A009341
P044371,2025/2026,1,vocational_school,A015467
P044372,2025/2026,1,school,A000061
P044373,2025/2026,1,NA,A000061
P044375,2025/2026,1,vocational_school,A005836
P044378,2025/2026,1,NA,A014296
P044380,2025/2026,1,school,A002334
P044389,2025/2026,1,school,A016645
P044400,2025/2026,1,school,A006298
P044402,2025/2026,1,school,A002179
P044405,2025/2026,1,vocational_school,A016741
P044406,2025/2026,1,school,A013559
P044411,2025/2026,1,university,A016899
P044417,2025/2026,1,school,A009809
P044422,2025/2026,1,university,A017635
P044433,2025/2026,1,school,A009777
P044435,2025/2026,1,vocational_school,A001490
P044441,2025/2026,1,vocational_school,A013561
P044451,2025/2026,1,school,A003308
P044463,2025/2026,1,school,A002712
P044465,2025/2026,1,university,A012878
P044470,2025/2026,1,school,A007909
P044475,2025/2026,1,school,A003939
P044483,2025/2026,1,school,A002238
P044485,2025/2026,1,school,A005951
P044488,2025/2026,1,school,A008932
P044490,2025/2026,1,school,A003024
P044494,2025/2026,1,school,A000774
P044506,2025/2026,1,vocational_school,A014770
P044513,2025/2026,1,vocational_school,A003727
P044514,2025/2026,1,school,A009297
P044516,2025/2026,1,school,A016914
P044517,2025/2026,1,vocational_school,A016914
P044531,2025/2026,1,school,A007542
P044532,2025/2026,1,school,A011586
P044554,2025/2026,1,school,A006560
P044563,2025/2026,1,school,A009716
P044565,2025/2026,1,school,A016672
P044566,2025/2026,1,school,A002851
P044572,2025/2026,1,university,A009361
P044576,2025/2026,1,school,A000983
P044579,2025/2026,1,vocational_school,A007103
P044580,2025/2026,1,vocational_school,A007103
P044598,2025/2026,1,school,NA
P044599,2025/2026,1,school,A005147
P044605,2025/2026,1,school,NA
P044613,2025/2026,1,school,A009405
P044614,2025/2026,1,vocational_school,A009810
P044615,2025/2026,1,school,A009810
P044617,2025/2026,1,vocational_school,A012391
P044618,2025/2026,1,vocational_school,A013323
P044621,2025/2026,1,school,A006115
P044624,2025/2026,1,school,A003082
P044626,2025/2026,1,school,A017306
P044629,2025/2026,1,school,A002252
P044631,2025/2026,1,school,A002252
P044632,2025/2026,1,school,NA
P044633,2025/2026,1,school,A012140
P044637,2025/2026,1,university,A002349
P044641,2025/2026,1,school,A016001
P044643,2025/2026,1,NA,A017428
P044649,2025/2026,1,school,A015085
P044651,2025/2026,1,school,A013797
P044652,2025/2026,1,school,A013797
P044653,2025/2026,1,university,A013797
P044656,2025/2026,1,school,A010929
P044657,2025/2026,1,school,A010929
P044660,2025/2026,1,school,A008396
P044662,2025/2026,1,NA,A010609
P044666,2025/2026,1,school,A006522
P044673,2025/2026,1,NA,A001939
P044679,2025/2026,1,school,A001138
P044700,2025/2026,1,school,A012495
P044701,2025/2026,1,university,A004273
P044704,2025/2026,1,university,A012484
P044706,2025/2026,1,university,A012484
P044718,2025/2026,1,school,A017249
P044721,2025/2026,1,school,A017875
P044741,2025/2026,1,school,A012712
P044742,2025/2026,1,school,A011532
P044745,2025/2026,1,school,A003162
P044747,2025/2026,1,school,A012801
P044751,2025/2026,1,university,A012933
P044757,2025/2026,1,school,A014563
P044759,2025/2026,1,university,A014563
P044765,2025/2026,1,vocational_school,A017556
P044770,2025/2026,1,school,A011055
P044771,2025/2026,1,university,A010510
P044787,2025/2026,1,vocational_school,A006119
P044788,2025/2026,1,school,A015475
P044794,2025/2026,1,school,A014970
P044795,2025/2026,1,school,A009819
P044797,2025/2026,1,school,A009819
P044798,2025/2026,1,school,A004000
P044803,2025/2026,1,university,A010525
P044806,2025/2026,1,school,A012391
P044807,2025/2026,1,school,A011568
P044836,2025/2026,1,university,A001008
P044848,2025/2026,1,school,A012130
P044850,2025/2026,1,school,A012130
P044852,2025/2026,1,school,A001671
P044858,2025/2026,1,school,A000669
P044868,2025/2026,1,school,A009670
P044870,2025/2026,1,school,A013813
P044877,2025/2026,1,school,A016568
P044879,2025/2026,1,school,A005673
P044880,2025/2026,1,school,A005673
P044885,2025/2026,1,school,A003662
P044896,2025/2026,1,university,NA
P044910,2025/2026,1,vocational_school,A006230
P044915,2025/2026,1,school,A004956
P044917,2025/2026,1,school,A015291
P044918,2025/2026,1,school,A017636
P044922,2025/2026,1,school,A004643
P044926,2025/2026,1,school,A017470
P044933,2025/2026,1,university,A000157
P044940,2025/2026,1,vocational_school,A012080
P044950,2025/2026,1,school,A013040
P044954,2025/2026,1,vocational_school,A001538
P044962,2025/2026,1,university,NA
P044964,2025/2026,1,school,A017218
P044965,2025/2026,1,school,A017218
P044975,2025/2026,1,school,A000814
P044990,2025/2026,1,vocational_school,A010462
P044995,2025/2026,1,school,A013043
P044996,2025/2026,1,school,NA
P044997,2025/2026,1,school,A013043
P044999,2025/2026,1,school,A012615
P045003,2025/2026,1,school,A008646
P045010,2025/2026,1,school,A007319
P045020,2025/2026,1,school,A008996
P045022,2025/2026,1,school,NA
P045024,2025/2026,1,school,A005143
P045033,2025/2026,1,vocational_school,A004161
P045037,2025/2026,1,school,A009828
P045041,2025/2026,1,school,A006775
P045048,2025/2026,1,NA,A014340
P045050,2025/2026,1,NA,NA
P045063,2025/2026,1,school,A001823
P045067,2025/2026,1,vocational_school,A002326
P045070,2025/2026,1,school,A002128
P045071,2025/2026,1,school,A002128
P045090,2025/2026,1,vocational_school,A016120
P045091,2025/2026,1,school,A016120
P045092,2025/2026,1,school,A016120
P045095,2025/2026,1,school,A004901
P045100,2025/2026,1,vocational_school,A014962
P045105,2025/2026,1,vocational_school,A009167
P045110,2025/2026,1,school,A015184
P045113,2025/2026,1,university,A001129
P045114,2025/2026,1,school,A009761
P045125,2025/2026,1,school,A016624
P045127,2025/2026,1,school,NA
P045135,2025/2026,1,school,A012462
P045139,2025/2026,1,school,A012481
P045141,2025/2026,1,school,A006841
P045142,2025/2026,1,university,A001511
P045154,2025/2026,1,vocational_school,A014067
P045162,2025/2026,1,school,A014313
P045163,2025/2026,1,school,A014313
P045165,2025/2026,1,school,A011867
P045168,2025/2026,1,school,A002423
P045171,2025/2026,1,school,A002423
P045174,2025/2026,1,university,A017802
P045177,2025/2026,1,school,A017409
P045179,2025/2026,1,school,A017409
P045182,2025/2026,1,school,A007094
P045184,2025/2026,1,university,A001620
P045194,2025/2026,1,school,A002834
P045197,2025/2026,1,school,A010223
P045200,2025/2026,1,school,A016463
P045205,2025/2026,1,school,A003789
P045206,2025/2026,1,school,A011789
P045212,2025/2026,1,school,A002909
P045215,2025/2026,1,school,A006623
P045216,2025/2026,1,school,A008172
P045220,2025/2026,1,school,A001091
P045223,2025/2026,1,school,A001731
P045228,2025/2026,1,university,A009238
P045236,2025/2026,1,school,A004817
P045239,2025/2026,1,vocational_school,A004349
P045241,2025/2026,1,NA,A002522
P045245,2025/2026,1,school,A015393
P045248,2025/2026,1,school,A015393
P045250,2025/2026,1,university,A001759
P045255,2025/2026,1,school,A012458
P045256,2025/2026,1,vocational_school,A010230
P045258,2025/2026,1,school,A003218
P045259,2025/2026,1,university,A003218
P045262,2025/2026,1,school,A000700
P045268,2025/2026,1,school,A002794
P045270,2025/2026,1,school,A002794
P045277,2025/2026,1,vocational_school,A006601
P045287,2025/2026,1,school,A008591
P045292,2025/2026,1,school,A011847
P045293,2025/2026,1,school,A004352
P045296,2025/2026,1,university,A001529
P045309,2025/2026,1,university,A008551
P045313,2025/2026,1,vocational_school,A005001
P045349,2025/2026,1,school,A000306
P045352,2025/2026,1,school,A000306
P045356,2025/2026,1,school,A016926
P045358,2025/2026,1,vocational_school,A016926
P045360,2025/2026,1,vocational_school,A016926
P045362,2025/2026,1,school,A007588
P045365,2025/2026,1,school,A002029
P045368,2025/2026,1,university,A006591
P045391,2025/2026,1,vocational_school,A008713
P045394,2025/2026,1,school,A013113
P045397,2025/2026,1,school,A009705
P045398,2025/2026,1,university,A003122
P045399,2025/2026,1,university,A003122
P045424,2025/2026,1,school,A002332
P045426,2025/2026,1,school,A010941
P045427,2025/2026,1,school,A006632
P045429,2025/2026,1,school,A009965
P045437,2025/2026,1,school,A016313
P045445,2025/2026,1,school,A010728
P045452,2025/2026,1,vocational_school,A006540
P045454,2025/2026,1,university,A006540
P045456,2025/2026,1,school,A001655
P045458,2025/2026,1,school,A001655
P045482,2025/2026,1,vocational_school,A003031
P045489,2025/2026,1,NA,A015493
P045500,2025/2026,1,school,A003367
P045506,2025/2026,1,school,A017655
P045511,2025/2026,1,university,A012691
P045515,2025/2026,1,university,A014278
P045520,2025/2026,1,school,A016240
P045523,2025/2026,1,school,A005657
P045525,2025/2026,1,university,A003140
P045540,2025/2026,1,school,A011822
P045547,2025/2026,1,school,A001774
P045559,2025/2026,1,school,A000015
P045564,2025/2026,1,school,A000616
P045568,2025/2026,1,school,A014991
P045570,2025/2026,1,school,A015049
P045576,2025/2026,1,school,A000591
P045581,2025/2026,1,school,A013228
P045594,2025/2026,1,school,A016240
P045607,2025/2026,1,school,A007538
P045611,2025/2026,1,school,A001643
P045612,2025/2026,1,school,A013382
P045618,2025/2026,1,school,A002383
P045622,2025/2026,1,vocational_school,A009477
P045624,2025/2026,1,university,A006003
P045625,2025/2026,1,school,A006003
P045626,2025/2026,1,school,A000781
P045634,2025/2026,1,school,A012319
P045641,2025/2026,1,school,A002609
P045651,2025/2026,1,NA,A002101
P045654,2025/2026,1,school,A002101
P045664,2025/2026,1,school,A001198
P045669,2025/2026,1,school,A000924
P045671,2025/2026,1,school,A000924
P045672,2025/2026,1,university,A003494
P045683,2025/2026,1,school,A005031
P045684,2025/2026,1,school,A012982
P045688,2025/2026,1,school,A009666
P045693,2025/2026,1,university,A013931
P045701,2025/2026,1,NA,A006694
P045713,2025/2026,1,school,A003608
P045717,2025/2026,1,school,A007587
P045719,2025/2026,1,NA,A007587
P045722,2025/2026,1,vocational_school,A001708
P045725,2025/2026,1,school,A009406
P045733,2025/2026,1,NA,A005307
P045742,2025/2026,1,university,A012697
P045749,2025/2026,1,school,A015705
P045750,2025/2026,1,NA,A015705
P045751,2025/2026,1,university,A015705
P045753,2025/2026,1,school,A004059
P045756,2025/2026,1,university,A002103
P045763,2025/2026,1,university,A005979
P045772,2025/2026,1,school,A009963
P045773,2025/2026,1,school,A009963
P045778,2025/2026,1,vocational_school,NA
P045783,2025/2026,1,school,A006665
P045785,2025/2026,1,school,A006665
P045786,2025/2026,1,vocational_school,A006665
P045793,2025/2026,1,school,A013068
P045808,2025/2026,1,NA,A011828
P045809,2025/2026,1,school,A011828
P045825,2025/2026,1,school,A001848
P045833,2025/2026,1,school,A010548
P045849,2025/2026,1,school,A000113
P045853,2025/2026,1,school,A002325
P045869,2025/2026,1,vocational_school,A003977
P045874,2025/2026,1,school,A014188
P045881,2025/2026,1,school,A000621
P045883,2025/2026,1,university,A015032
P045886,2025/2026,1,university,A009486
P045889,2025/2026,1,vocational_school,A005779
P045893,2025/2026,1,university,NA
P045903,2025/2026,1,university,A017142
P045906,2025/2026,1,school,A006781
P045907,2025/2026,1,vocational_school,A006781
P045911,2025/2026,1,vocational_school,A002687
P045918,2025/2026,1,school,A015289
P045920,2025/2026,1,university,A015289
P045925,2025/2026,1,school,A003275
P045927,2025/2026,1,vocational_school,A013102
P045928,2025/2026,1,vocational_school,A012459
P045931,2025/2026,1,school,A010738
P045933,2025/2026,1,school,A010738
P045937,2025/2026,1,school,A012455
P045944,2025/2026,1,NA,A003563
P045945,2025/2026,1,NA,A002346
P045948,2025/2026,1,school,A002346
P045952,2025/2026,1,school,A006367
P045970,2025/2026,1,school,A016214
P045974,2025/2026,1,school,A017855
P045989,2025/2026,1,school,A011035
P045993,2025/2026,1,university,A003770
P045995,2025/2026,1,school,A001370
P045996,2025/2026,1,school,A001370
P045997,2025/2026,1,school,A004715
P045998,2025/2026,1,school,A004715
P046006,2025/2026,1,school,A001800
P046007,2025/2026,1,vocational_school,A015084
P046017,2025/2026,1,vocational_school,A001527
P046021,2025/2026,1,school,A008978
P046022,2025/2026,1,university,A003399
P046036,2025/2026,1,school,A005276
P046039,2025/2026,1,school,A013603
P046043,2025/2026,1,vocational_school,NA
P046051,2025/2026,1,school,A000912
P046062,2025/2026,1,university,A006289
P046065,2025/2026,1,school,A006152
P046066,2025/2026,1,school,A006289
P046067,2025/2026,1,university,A005212
P046088,2025/2026,1,school,A015202
P046090,2025/2026,1,school,A011583
P046101,2025/2026,1,vocational_school,A016822
P046117,2025/2026,1,school,A004760
P046125,2025/2026,1,school,A005110
P046137,2025/2026,1,school,A017905
P046139,2025/2026,1,school,A017905
P046146,2025/2026,1,university,A013907
P046150,2025/2026,1,vocational_school,A014753
P046158,2025/2026,1,school,A012197
P046161,2025/2026,1,school,A014445
P046165,2025/2026,1,school,A004317
P046170,2025/2026,1,NA,A006054
P046172,2025/2026,1,university,A015020
P046181,2025/2026,1,university,A013916
P046182,2025/2026,1,university,A013916
P046184,2025/2026,1,university,A008487
P046186,2025/2026,1,school,A006819
P046196,2025/2026,1,school,A012145
P046197,2025/2026,1,school,A012145
P046205,2025/2026,1,school,A002944
P046217,2025/2026,1,school,A005379
P046219,2025/2026,1,university,A014399
P046226,2025/2026,1,vocational_school,A007933
P046229,2025/2026,1,school,A013243
P046230,2025/2026,1,school,A005030
P046239,2025/2026,1,school,A011728
P046249,2025/2026,1,university,A014239
P046252,2025/2026,1,school,A016703
P046254,2025/2026,1,school,A005114
P046260,2025/2026,1,vocational_school,A013298
P046263,2025/2026,1,school,A004500
P046268,2025/2026,1,school,A000728
P046284,2025/2026,1,school,A005908
P046290,2025/2026,1,NA,A004443
P046293,2025/2026,1,vocational_school,A006686
P046296,2025/2026,1,school,A000377
P046297,2025/2026,1,NA,A014940
P046302,2025/2026,1,vocational_school,A009384
P046308,2025/2026,1,university,A011835
P046309,2025/2026,1,school,A006315
P046311,2025/2026,1,school,A015530
P046318,2025/2026,1,school,A008479
P046323,2025/2026,1,school,A000974
P046324,2025/2026,1,university,A016108
P046326,2025/2026,1,university,A007782
P046342,2025/2026,1,vocational_school,A000417
P046348,2025/2026,1,NA,A005612
P046350,2025/2026,1,school,A013116
P046351,2025/2026,1,school,A006889
P046360,2025/2026,1,vocational_school,A006536
P046376,2025/2026,1,university,A016997
P046378,2025/2026,1,school,A006103
P046379,2025/2026,1,vocational_school,A006103
P046381,2025/2026,1,school,A009974
P046402,2025/2026,1,school,A010419
P046413,2025/2026,1,school,A005321
P046414,2025/2026,1,university,A015136
P046418,2025/2026,1,NA,A017935
P046419,2025/2026,1,NA,A012309
P046423,2025/2026,1,school,A010609
P046427,2025/2026,1,school,A002439
P046430,2025/2026,1,school,A006897
P046432,2025/2026,1,vocational_school,A008172
P046434,2025/2026,1,university,A012557
P046437,2025/2026,1,vocational_school,A011987
P046443,2025/2026,1,school,A017549
P046450,2025/2026,1,university,A016614
P046458,2025/2026,1,university,A016103
P046465,2025/2026,1,vocational_school,A006236
P046466,2025/2026,1,NA,A002581
P046468,2025/2026,1,university,A003013
P046478,2025/2026,1,university,A008177
P046481,2025/2026,1,university,A005910
P046490,2025/2026,1,school,NA
P046503,2025/2026,1,school,A002085
P046514,2025/2026,1,school,A015508
P046516,2025/2026,1,school,A015508
P046518,2025/2026,1,school,A015508
P046520,2025/2026,1,school,NA
P046521,2025/2026,1,school,A010939
P046522,2025/2026,1,vocational_school,A007590
P046528,2025/2026,1,school,A007681
P046530,2025/2026,1,school,A010359
P046532,2025/2026,1,university,A010359
P046536,2025/2026,1,school,A000432
P046540,2025/2026,1,school,A002993
P046545,2025/2026,1,university,A007928
P046560,2025/2026,1,school,A016043
P046561,2025/2026,1,university,A015920
P046569,2025/2026,1,school,A016960
P046571,2025/2026,1,university,A016960
P046591,2025/2026,1,school,A014517
P046596,2025/2026,1,university,A015873
P046597,2025/2026,1,school,A010450
P046598,2025/2026,1,school,A010450
P046602,2025/2026,1,school,A010300
P046609,2025/2026,1,school,A005123
P046618,2025/2026,1,school,A010078
P046622,2025/2026,1,school,A006175
P046627,2025/2026,1,NA,A013203
P046629,2025/2026,1,university,A014918
P046630,2025/2026,1,university,A014918
P046632,2025/2026,1,university,A014918
P046636,2025/2026,1,university,A007484
P046640,2025/2026,1,university,A003604
P046641,2025/2026,1,vocational_school,A010511
P046643,2025/2026,1,school,A001740
P046651,2025/2026,1,school,A014838
P046656,2025/2026,1,school,A013500
P046657,2025/2026,1,university,A001611
P046660,2025/2026,1,vocational_school,A001612
P046662,2025/2026,1,school,A001805
P046665,2025/2026,1,school,A015607
P046666,2025/2026,1,school,A001805
P046668,2025/2026,1,school,A002759
P046673,2025/2026,1,school,A012520
P046676,2025/2026,1,school,A013214
P046677,2025/2026,1,school,A013214
P046686,2025/2026,1,school,A013527
P046689,2025/2026,1,university,A009454
P046710,2025/2026,1,university,A006342
P046735,2025/2026,1,school,A014794
P046741,2025/2026,1,vocational_school,A007677
P046742,2025/2026,1,school,A013055
P046746,2025/2026,1,school,A014168
P046750,2025/2026,1,university,A001979
P046758,2025/2026,1,school,A007093
P046759,2025/2026,1,school,A007093
P046762,2025/2026,1,school,A007093
P046772,2025/2026,1,school,A017679
P046773,2025/2026,1,school,A017679
P046774,2025/2026,1,school,A017679
P046781,2025/2026,1,school,A013580
P046791,2025/2026,1,vocational_school,A017488
P046799,2025/2026,1,school,A006290
P046809,2025/2026,1,NA,A015649
P046811,2025/2026,1,school,NA
P046816,2025/2026,1,school,A001025
P046821,2025/2026,1,school,A011172
P046829,2025/2026,1,vocational_school,A001338
P046837,2025/2026,1,NA,A014623
P046838,2025/2026,1,school,A014623
P046841,2025/2026,1,school,A000695
P046844,2025/2026,1,NA,A015999
P046845,2025/2026,1,NA,A015999
P046849,2025/2026,1,school,A011224
P046851,2025/2026,1,school,A001081
P046853,2025/2026,1,university,A014803
P046859,2025/2026,1,school,A006559
P046868,2025/2026,1,NA,A006396
P046871,2025/2026,1,university,A009957
P046875,2025/2026,1,school,A007493
P046878,2025/2026,1,university,A008360
P046886,2025/2026,1,school,A001193
P046892,2025/2026,1,school,A001601
P046898,2025/2026,1,school,A015503
P046899,2025/2026,1,school,A015713
P046901,2025/2026,1,school,A015713
P046910,2025/2026,1,school,A016941
P046912,2025/2026,1,university,A001945
P046914,2025/2026,1,school,A000935
P046923,2025/2026,1,school,A013515
P046926,2025/2026,1,vocational_school,A007300
P046931,2025/2026,1,university,A000191
P046933,2025/2026,1,school,A000191
P046955,2025/2026,1,school,A003932
P046960,2025/2026,1,vocational_school,A000182
P046972,2025/2026,1,university,A012850
P046977,2025/2026,1,school,A017055
P046979,2025/2026,1,school,A017055
P046991,2025/2026,1,school,A003695
P046992,2025/2026,1,university,A011974
P046999,2025/2026,1,school,A012030
P047005,2025/2026,1,university,A005203
P047013,2025/2026,1,school,A011681
P047017,2025/2026,1,vocational_school,A003516
P047025,2025/2026,1,school,A005274
P047028,2025/2026,1,school,A005528
P047030,2025/2026,1,school,A007567
P047031,2025/2026,1,university,A007567
P047043,2025/2026,1,NA,A005988
P047044,2025/2026,1,school,A005988
P047045,2025/2026,1,school,A005988
P047046,2025/2026,1,school,NA
P047055,2025/2026,1,school,A010598
P047058,2025/2026,1,school,A007060
P047059,2025/2026,1,university,A006560
P047061,2025/2026,1,university,A006993
P047062,2025/2026,1,school,A003125
P047065,2025/2026,1,vocational_school,A015975
P047071,2025/2026,1,school,A013892
P047073,2025/2026,1,school,A013892
P047075,2025/2026,1,school,A010385
P047076,2025/2026,1,university,A010385
P047081,2025/2026,1,school,A000532
P047087,2025/2026,1,school,A017313
P047089,2025/2026,1,school,A009996
P047091,2025/2026,1,university,NA
P047097,2025/2026,1,university,A006858
P047104,2025/2026,1,school,A007359
P047114,2025/2026,1,NA,A003033
P047116,2025/2026,1,vocational_school,A003033
P047125,2025/2026,1,school,A004213
P047126,2025/2026,1,vocational_school,A009271
P047133,2025/2026,1,school,A005263
P047140,2025/2026,1,school,A006387
P047144,2025/2026,1,school,A007318
P047145,2025/2026,1,university,A007318
P047146,2025/2026,1,school,A012827
P047148,2025/2026,1,university,A014735
P047152,2025/2026,1,school,A004397
P047163,2025/2026,1,vocational_school,A012655
P047172,2025/2026,1,university,A012326
P047174,2025/2026,1,school,A009563
P047177,2025/2026,1,university,A014688
P047180,2025/2026,1,university,A000685
P047187,2025/2026,1,school,A010515
P047198,2025/2026,1,vocational_school,A005211
P047201,2025/2026,1,university,A017216
P047202,2025/2026,1,school,A001444
P047212,2025/2026,1,school,A010277
P047230,2025/2026,1,vocational_school,A013207
P047231,2025/2026,1,vocational_school,A004838
P047248,2025/2026,1,vocational_school,A001122
P047251,2025/2026,1,vocational_school,A007988
P047252,2025/2026,1,school,NA
P047253,2025/2026,1,school,A007988
P047264,2025/2026,1,school,A001122
P047268,2025/2026,1,school,A015030
P047272,2025/2026,1,vocational_school,A008175
P047274,2025/2026,1,NA,A008175
P047328,2025/2026,1,NA,A014306
P047336,2025/2026,1,NA,NA
P047349,2025/2026,1,school,A006935
P047352,2025/2026,1,school,A013796
P047358,2025/2026,1,university,A014299
P047368,2025/2026,1,school,A013662
P047373,2025/2026,1,school,A015491
P047374,2025/2026,1,school,A015491
P047377,2025/2026,1,school,A007067
P047383,2025/2026,1,school,A015286
P047391,2025/2026,1,university,A012672
P047393,2025/2026,1,school,A004719
P047395,2025/2026,1,school,A004719
P047398,2025/2026,1,school,A000177
P047406,2025/2026,1,school,A016757
P047409,2025/2026,1,NA,A000194
P047410,2025/2026,1,school,A000194
P047426,2025/2026,1,school,A014317
P047428,2025/2026,1,school,A011389
P047435,2025/2026,1,school,A011623
P047440,2025/2026,1,university,A016355
P047441,2025/2026,1,school,A016355
P047442,2025/2026,1,school,A007259
P047448,2025/2026,1,school,A008288
P047453,2025/2026,1,school,A004088
P047458,2025/2026,1,university,A005370
P047466,2025/2026,1,school,A016092
P047467,2025/2026,1,vocational_school,A002719
P047484,2025/2026,1,school,A002769
P047486,2025/2026,1,school,A011429
P047490,2025/2026,1,school,A013338
P047491,2025/2026,1,school,A016864
P047505,2025/2026,1,school,A015977
P047508,2025/2026,1,school,A017301
P047510,2025/2026,1,school,A016401
P047527,2025/2026,1,vocational_school,A007157
P047535,2025/2026,1,university,A012951
P047555,2025/2026,1,vocational_school,A000252
P047558,2025/2026,1,vocational_school,A016818
P047561,2025/2026,1,school,A008426
P047564,2025/2026,1,vocational_school,A008426
P047570,2025/2026,1,university,A013178
P047574,2025/2026,1,NA,A013178
P047575,2025/2026,1,school,A004760
P047576,2025/2026,1,school,A008195
P047593,2025/2026,1,school,A013386
P047608,2025/2026,1,school,A014036
P047623,2025/2026,1,school,A012753
P047625,2025/2026,1,school,A017355
P047629,2025/2026,1,school,A001932
P047630,2025/2026,1,school,A001932
P047656,2025/2026,1,university,A003540
P047671,2025/2026,1,school,A002951
P047677,2025/2026,1,school,A008087
P047679,2025/2026,1,school,A013824
P047685,2025/2026,1,vocational_school,A009721
P047686,2025/2026,1,school,NA
P047687,2025/2026,1,school,A010325
P047695,2025/2026,1,vocational_school,A010525
P047702,2025/2026,1,vocational_school,A005545
P047704,2025/2026,1,school,A001752
P047705,2025/2026,1,vocational_school,A001752
P047712,2025/2026,1,vocational_school,A001953
P047720,2025/2026,1,school,A005609
P047731,2025/2026,1,vocational_school,A002963
P047733,2025/2026,1,school,A002963
P047734,2025/2026,1,school,NA
P047748,2025/2026,1,school,A007146
P047751,2025/2026,1,university,A007820
P047758,2025/2026,1,school,A007844
P047760,2025/2026,1,vocational_school,A014992
P047762,2025/2026,1,school,A014992
P047772,2025/2026,1,university,A004789
P047775,2025/2026,1,university,A005188
P047777,2025/2026,1,school,A014224
P047786,2025/2026,1,vocational_school,A001699
P047787,2025/2026,1,vocational_school,A014677
P047798,2025/2026,1,vocational_school,A016841
P047801,2025/2026,1,school,A017887
P047811,2025/2026,1,school,A009710
P047812,2025/2026,1,school,A009710
P047825,2025/2026,1,school,A005103
P047829,2025/2026,1,vocational_school,A007801
P047842,2025/2026,1,school,A003555
P047846,2025/2026,1,university,A014036
P047849,2025/2026,1,school,A009857
P047855,2025/2026,1,school,A000114
P047857,2025/2026,1,NA,A003790
P047862,2025/2026,1,school,A002914
P047864,2025/2026,1,school,A017940
P047871,2025/2026,1,school,A010411
P047873,2025/2026,1,school,A010226
P047875,2025/2026,1,school,A014591
P047877,2025/2026,1,school,A014591
P047878,2025/2026,1,vocational_school,A014591
P047888,2025/2026,1,university,A008986
P047891,2025/2026,1,school,A008986
P047892,2025/2026,1,vocational_school,A006607
P047895,2025/2026,1,vocational_school,A003157
P047896,2025/2026,1,school,A003157
P047897,2025/2026,1,university,A016949
P047905,2025/2026,1,vocational_school,A000678
P047908,2025/2026,1,school,A013909
P047929,2025/2026,1,vocational_school,A010827
P047934,2025/2026,1,school,A010116
P047935,2025/2026,1,school,A013885
P047947,2025/2026,1,university,A017369
P047948,2025/2026,1,university,A017369
P047949,2025/2026,1,school,A012811
P047961,2025/2026,1,school,A003743
P047970,2025/2026,1,school,A000758
P047986,2025/2026,1,school,A005492
P048000,2025/2026,1,vocational_school,A009818
P048001,2025/2026,1,university,A009818
P048003,2025/2026,1,school,A009666
P048010,2025/2026,1,school,A007035
P048013,2025/2026,1,school,NA
P048016,2025/2026,1,university,A007598
P048020,2025/2026,1,vocational_school,A004395
P048030,2025/2026,1,school,A015961
P048031,2025/2026,1,school,A015961
P048035,2025/2026,1,school,A014255
P048046,2025/2026,1,school,A007293
P048080,2025/2026,1,school,A014432
P048085,2025/2026,1,university,A007605
P048097,2025/2026,1,school,A004552
P048098,2025/2026,1,school,A004552
P048101,2025/2026,1,school,A000168
P048107,2025/2026,1,vocational_school,A006071
P048112,2025/2026,1,school,A000159
P048115,2025/2026,1,school,A013701
P048127,2025/2026,1,vocational_school,A001871
P048129,2025/2026,1,school,A004893
P048140,2025/2026,1,vocational_school,A002720
P048164,2025/2026,1,university,A004260
P048169,2025/2026,1,university,A009659
P048170,2025/2026,1,school,NA
P048177,2025/2026,1,university,NA
P048184,2025/2026,1,university,A016950
P048189,2025/2026,1,school,A017281
P048192,2025/2026,1,university,A017253
P048194,2025/2026,1,vocational_school,A017253
P048195,2025/2026,1,school,A010777
P048198,2025/2026,1,school,A005598
P048204,2025/2026,1,school,A010748
P048213,2025/2026,1,school,A016741
P048218,2025/2026,1,university,A016937
P048223,2025/2026,1,vocational_school,A004024
P048231,2025/2026,1,school,A008036
P048241,2025/2026,1,university,A005871
P048242,2025/2026,1,school,A005871
P048243,2025/2026,1,NA,A012183
P048255,2025/2026,1,school,A014979
P048257,2025/2026,1,school,A016607
P048260,2025/2026,1,school,A005599
P048263,2025/2026,1,university,A012319
P048264,2025/2026,1,school,NA
P048266,2025/2026,1,school,A007514
P048272,2025/2026,1,vocational_school,NA
P048282,2025/2026,1,school,A006652
P048285,2025/2026,1,vocational_school,A006652
P048291,2025/2026,1,school,A005537
P048293,2025/2026,1,school,A007898
P048294,2025/2026,1,school,A015462
P048302,2025/2026,1,university,NA
P048303,2025/2026,1,school,A017941
P048306,2025/2026,1,school,A000982
P048324,2025/2026,1,school,A013143
P048329,2025/2026,1,university,A002814
P048333,2025/2026,1,university,A002156
P048341,2025/2026,1,vocational_school,A011803
P048342,2025/2026,1,university,A008973
P048346,2025/2026,1,university,A008947
P048348,2025/2026,1,school,A008947
P048352,2025/2026,1,school,NA
P048373,2025/2026,1,school,A003285
P048374,2025/2026,1,university,A017681
P048377,2025/2026,1,school,A010328
P048378,2025/2026,1,university,A015863
P048387,2025/2026,1,school,A005270
P048390,2025/2026,1,school,A005056
P048400,2025/2026,1,vocational_school,A014667
P048404,2025/2026,1,university,A001760
P048409,2025/2026,1,school,A015628
P048410,2025/2026,1,school,A002761
P048411,2025/2026,1,vocational_school,A002761
P048414,2025/2026,1,school,A006094
P048428,2025/2026,1,university,A009094
P048431,2025/2026,1,vocational_school,A016579
P048432,2025/2026,1,school,A016579
P048438,2025/2026,1,university,A005686
P048439,2025/2026,1,school,A003554
P048444,2025/2026,1,vocational_school,A015586
P048460,2025/2026,1,university,A013358
P048462,2025/2026,1,school,A012090
P048472,2025/2026,1,school,A016049
P048476,2025/2026,1,school,A016899
P048478,2025/2026,1,school,A014004
P048479,2025/2026,1,vocational_school,A007887
P048485,2025/2026,1,school,A011999
P048487,2025/2026,1,school,A009151
P048488,2025/2026,1,university,A009151
P048489,2025/2026,1,NA,A009151
P048495,2025/2026,1,school,A014228
P048499,2025/2026,1,school,A014161
P048501,2025/2026,1,school,A006680
P048508,2025/2026,1,vocational_school,A012920
P048514,2025/2026,1,school,A009145
P048521,2025/2026,1,school,A012789
P048522,2025/2026,1,school,A015809
P048524,2025/2026,1,school,A014078
P048525,2025/2026,1,university,A011038
P048532,2025/2026,1,school,A007999
P048537,2025/2026,1,school,A008895
P048539,2025/2026,1,university,A001687
P048540,2025/2026,1,school,A001687
P048551,2025/2026,1,university,A012261
P048554,2025/2026,1,school,A003264
P048564,2025/2026,1,vocational_school,A015826
P048567,2025/2026,1,school,A015099
P048572,2025/2026,1,school,NA
P048573,2025/2026,1,vocational_school,A004686
P048594,2025/2026,1,university,A012199
P048600,2025/2026,1,school,A011553
P048601,2025/2026,1,university,A011553
P048606,2025/2026,1,school,NA
P048608,2025/2026,1,vocational_school,A006661
P048615,2025/2026,1,school,A008269
P048616,2025/2026,1,school,A002986
P048623,2025/2026,1,vocational_school,NA
P048624,2025/2026,1,school,A004311
P048628,2025/2026,1,vocational_school,A000861
P048645,2025/2026,1,university,A017777
P048649,2025/2026,1,school,A001070
P048660,2025/2026,1,university,A008386
P048662,2025/2026,1,vocational_school,A002671
P048667,2025/2026,1,university,A008571
P048673,2025/2026,1,vocational_school,A006074
P048675,2025/2026,1,school,A000159
P048676,2025/2026,1,school,A000159
P048678,2025/2026,1,vocational_school,A010088
P048684,2025/2026,1,school,A004071
P048685,2025/2026,1,school,A010363
P048690,2025/2026,1,school,A017319
P048700,2025/2026,1,school,A012082
P048703,2025/2026,1,vocational_school,A012412
P048704,2025/2026,1,school,A012789
P048709,2025/2026,1,university,A008871
P048710,2025/2026,1,vocational_school,A002286
P048712,2025/2026,1,school,A006406
P048728,2025/2026,1,school,A014846
P048730,2025/2026,1,school,A003260
P048734,2025/2026,1,school,A013263
P048738,2025/2026,1,vocational_school,A010569
P048744,2025/2026,1,vocational_school,A004570
P048749,2025/2026,1,school,A011919
P048753,2025/2026,1,vocational_school,A002586
P048755,2025/2026,1,school,A001563
P048756,2025/2026,1,university,A014219
P048758,2025/2026,1,university,A007578
P048776,2025/2026,1,school,A006032
P048780,2025/2026,1,school,A017315
P048781,2025/2026,1,school,A017315
P048800,2025/2026,1,school,A006169
P048803,2025/2026,1,school,A010494
P048809,2025/2026,1,school,A008401
P048811,2025/2026,1,school,A001812
P048812,2025/2026,1,NA,A001812
P048813,2025/2026,1,school,A001812
P048816,2025/2026,1,university,A007078
P048821,2025/2026,1,school,A002438
P048822,2025/2026,1,university,A002438
P048828,2025/2026,1,NA,A004111
P048829,2025/2026,1,university,A005535
P048832,2025/2026,1,school,A002978
P048841,2025/2026,1,vocational_school,A012585
P048844,2025/2026,1,school,A003960
P048856,2025/2026,1,vocational_school,A005566
P048862,2025/2026,1,vocational_school,A000939
P048865,2025/2026,1,school,A000939
P048866,2025/2026,1,university,A017093
P048867,2025/2026,1,university,A009034
P048868,2025/2026,1,vocational_school,A009034
P048869,2025/2026,1,school,A006609
P048871,2025/2026,1,school,A013504
P048872,2025/2026,1,school,A013504
P048878,2025/2026,1,school,A007357
P048893,2025/2026,1,vocational_school,A013634
P048900,2025/2026,1,vocational_school,A014269
P048901,2025/2026,1,university,A001486
P048903,2025/2026,1,school,A012970
P048916,2025/2026,1,NA,A013670
P048921,2025/2026,1,school,A016411
P048927,2025/2026,1,school,A004776
P048933,2025/2026,1,vocational_school,A006425
P048940,2025/2026,1,university,A003307
P048944,2025/2026,1,school,A014900
P048946,2025/2026,1,university,A007581
P048947,2025/2026,1,school,A007581
P048948,2025/2026,1,school,A007581
P048954,2025/2026,1,school,A005216
P048961,2025/2026,1,school,A014527
P048967,2025/2026,1,school,A009504
P048968,2025/2026,1,university,A017399
P048971,2025/2026,1,university,A014171
P048973,2025/2026,1,vocational_school,A006548
P048980,2025/2026,1,school,A013146
P048982,2025/2026,1,school,A000640
P048989,2025/2026,1,vocational_school,A007370
P048991,2025/2026,1,school,A009298
P048993,2025/2026,1,school,A012682
P049000,2025/2026,1,vocational_school,A014306
P049007,2025/2026,1,school,A013757
P049014,2025/2026,1,school,A017634
P049019,2025/2026,1,school,A004947
P049028,2025/2026,1,school,A013505
P049029,2025/2026,1,university,A004716
P049036,2025/2026,1,school,A000982
P049038,2025/2026,1,school,A009474
P049050,2025/2026,1,vocational_school,A007505
P049055,2025/2026,1,school,A015212
P049056,2025/2026,1,school,A003442
P049061,2025/2026,1,school,A000195
P049064,2025/2026,1,school,A010108
P049066,2025/2026,1,university,A010108
P049068,2025/2026,1,school,A016519
P049069,2025/2026,1,university,A014050
P049077,2025/2026,1,university,A012274
P049078,2025/2026,1,school,A017709
P049080,2025/2026,1,school,A006089
P049082,2025/2026,1,university,A014800
P049096,2025/2026,1,school,A000293
P049097,2025/2026,1,university,A002228
P049098,2025/2026,1,school,A017108
P049100,2025/2026,1,vocational_school,A015075
P049112,2025/2026,1,school,A011913
P049121,2025/2026,1,school,A014421
P049122,2025/2026,1,school,A001348
P049123,2025/2026,1,school,A011969
P049128,2025/2026,1,school,A011403
P049130,2025/2026,1,vocational_school,A000516
P049132,2025/2026,1,school,A013168
P049147,2025/2026,1,university,A006129
P049157,2025/2026,1,school,A006555
P049168,2025/2026,1,school,A000890
P049169,2025/2026,1,school,A000890
P049172,2025/2026,1,university,A010416
P049178,2025/2026,1,school,A003044
P049179,2025/2026,1,school,A003044
P049180,2025/2026,1,school,A011965
P049189,2025/2026,1,school,A009327
P049190,2025/2026,1,school,A010070
P049193,2025/2026,1,school,A008766
P049196,2025/2026,1,school,A006851
P049198,2025/2026,1,school,A011700
P049200,2025/2026,1,school,A011700
P049201,2025/2026,1,school,A011700
P049202,2025/2026,1,university,A011700
P049224,2025/2026,1,university,A005445
P049225,2025/2026,1,university,A015625
P049228,2025/2026,1,vocational_school,A015625
P049229,2025/2026,1,vocational_school,A007158
P049244,2025/2026,1,university,A004468
P049247,2025/2026,1,vocational_school,A011071
P049253,2025/2026,1,university,A003071
P049257,2025/2026,1,university,A002173
P049262,2025/2026,1,vocational_school,A008901
P049272,2025/2026,1,vocational_school,A015087
P049275,2025/2026,1,school,A006203
P049276,2025/2026,1,school,A006203
P049277,2025/2026,1,school,A002971
P049280,2025/2026,1,school,A010174
P049288,2025/2026,1,vocational_school,A017139
P049290,2025/2026,1,school,A000364
P049291,2025/2026,1,school,A017861
P049294,2025/2026,1,school,A001971
P049295,2025/2026,1,school,A001971
P049298,2025/2026,1,university,A005869
P049327,2025/2026,1,vocational_school,A016790
P049342,2025/2026,1,school,A003267
P049343,2025/2026,1,school,A003790
P049349,2025/2026,1,school,A004373
P049350,2025/2026,1,university,A007860
P049351,2025/2026,1,school,A000669
P049367,2025/2026,1,school,A015750
P049379,2025/2026,1,school,A007774
P049380,2025/2026,1,school,A007774
P049386,2025/2026,1,school,A003476
P049396,2025/2026,1,university,A016213
P049397,2025/2026,1,school,A016213
P049403,2025/2026,1,school,A015530
P049405,2025/2026,1,school,A016868
P049417,2025/2026,1,school,A011960
P049418,2025/2026,1,university,A004882
P049429,2025/2026,1,school,A010247
P049432,2025/2026,1,school,A000033
P049435,2025/2026,1,university,A000033
P049439,2025/2026,1,school,A015259
P049441,2025/2026,1,school,A014399
P049444,2025/2026,1,school,NA
P049458,2025/2026,1,school,A013241
P049461,2025/2026,1,school,A009723
P049480,2025/2026,1,vocational_school,A005465
P049484,2025/2026,1,NA,A015272
P049485,2025/2026,1,school,A015272
P049486,2025/2026,1,university,A015272
P049488,2025/2026,1,vocational_school,A003966
P049493,2025/2026,1,school,A005205
P049510,2025/2026,1,university,A013546
P049511,2025/2026,1,university,A013546
P049513,2025/2026,1,school,A001028
P049516,2025/2026,1,school,A011781
P049524,2025/2026,1,university,NA
P049525,2025/2026,1,school,NA
P049526,2025/2026,1,school,A007276
P049528,2025/2026,1,vocational_school,A006512
P049533,2025/2026,1,vocational_school,A003034
P049547,2025/2026,1,university,A013999
P049555,2025/2026,1,university,A011489
P049556,2025/2026,1,vocational_school,A000191
P049570,2025/2026,1,school,A015175
P049576,2025/2026,1,school,A007680
P049584,2025/2026,1,school,A006089
P049588,2025/2026,1,school,A004054
P049591,2025/2026,1,school,A002330
P049603,2025/2026,1,school,A006768
P049609,2025/2026,1,school,A004928
P049611,2025/2026,1,vocational_school,A016395
P049620,2025/2026,1,school,A003884
P049626,2025/2026,1,school,A001759
P049627,2025/2026,1,school,A001759
P049629,2025/2026,1,school,A017348
P049633,2025/2026,1,school,A016918
P049656,2025/2026,1,school,A000146
P049657,2025/2026,1,school,A006599
P049661,2025/2026,1,university,A011328
P049674,2025/2026,1,school,A006991
P049685,2025/2026,1,NA,A011428
P049693,2025/2026,1,university,A002892
P049694,2025/2026,1,school,A002892
P049699,2025/2026,1,university,A015665
P049702,2025/2026,1,school,A008143
P049703,2025/2026,1,school,A013684
P049709,2025/2026,1,school,A014279
P049711,2025/2026,1,university,A014279
P049715,2025/2026,1,school,A001970
P049719,2025/2026,1,vocational_school,A009502
P049722,2025/2026,1,school,A011126
P049730,2025/2026,1,vocational_school,A001598
P049737,2025/2026,1,NA,A011209
P049740,2025/2026,1,school,A013894
P049742,2025/2026,1,NA,A017233
P049744,2025/2026,1,vocational_school,A009053
P049746,2025/2026,1,school,A006932
P049764,2025/2026,1,school,A015683
P049770,2025/2026,1,school,A017492
P049771,2025/2026,1,school,A017492
P049772,2025/2026,1,school,A017492
P049786,2025/2026,1,school,A007218
P049789,2025/2026,1,university,A003726
P049790,2025/2026,1,university,A003726
P049793,2025/2026,1,vocational_school,A004778
P049797,2025/2026,1,university,A015012
P049802,2025/2026,1,university,A003412
P049804,2025/2026,1,vocational_school,A003412
P049818,2025/2026,1,school,A005529
P049831,2025/2026,1,NA,A014491
P049839,2025/2026,1,school,A008059
P049843,2025/2026,1,school,A016695
P049853,2025/2026,1,university,A013066
P049858,2025/2026,1,school,A002459
P049869,2025/2026,1,school,A004192
P049871,2025/2026,1,school,A010711
P049876,2025/2026,1,university,A014241
P049883,2025/2026,1,vocational_school,A007538
P049913,2025/2026,1,vocational_school,A016607
P049915,2025/2026,1,NA,A011587
P049921,2025/2026,1,school,A002771
P049933,2025/2026,1,vocational_school,A017868
P049935,2025/2026,1,vocational_school,A017868
P049941,2025/2026,1,school,A004281
P049944,2025/2026,1,school,A000458
P049947,2025/2026,1,school,A000458
P049951,2025/2026,1,school,A016043
P049967,2025/2026,1,school,A016108
P049975,2025/2026,1,school,A013626
P049977,2025/2026,1,school,A013626
P049988,2025/2026,1,school,A001270
P049989,2025/2026,1,vocational_school,A001270
P049992,2025/2026,1,school,A005748
P050048,2025/2026,1,NA,A008891
P050054,2025/2026,1,school,A012659
P050094,2025/2026,1,university,A005609
P050183,2025/2026,1,NA,A017937
P050298,2025/2026,1,NA,A006075
P050310,2025/2026,1,NA,NA
P050534,2025/2026,1,NA,A004078
P050586,2025/2026,1,NA,A006412
P050636,2025/2026,1,NA,A017310
P050641,2025/2026,1,NA,A004796
P050688,2025/2026,1,NA,A017692
P050703,2025/2026,1,NA,A009407
P050754,2025/2026,1,NA,A015279
P050877,2025/2026,1,NA,A009775
P050887,2025/2026,1,NA,A013246
P050893,2025/2026,1,university,A013169
P051001,2025/2026,1,NA,A009959
P051080,2025/2026,1,NA,A002876
P051123,2025/2026,1,NA,A013392
P051179,2025/2026,1,NA,A011730
P051194,2025/2026,1,school,A012830
P051211,2025/2026,1,NA,NA
P051249,2025/2026,1,NA,A006781
P051263,2025/2026,1,NA,A003383
P051343,2025/2026,1,NA,A012918
P051463,2025/2026,1,NA,A011188
P051520,2025/2026,1,NA,A017485
P051625,2025/2026,1,university,A013366
P051672,2025/2026,1,NA,A015954
P051748,2025/2026,1,NA,A016080
P051785,2025/2026,1,vocational_school,A005211
P051787,2025/2026,1,NA,A010592
P051838,2025/2026,1,NA,A007824
P051851,2025/2026,1,NA,A006856
P051859,2025/2026,1,NA,A002367
P052014,2025/2026,1,NA,A006609
P052063,2025/2026,1,university,NA
P052101,2025/2026,1,NA,A007686
P052119,2025/2026,1,NA,A001740
P052123,2025/2026,1,vocational_school,A015055
P052224,2025/2026,1,NA,A017645
P052271,2025/2026,1,NA,A003016
P052302,2025/2026,1,vocational_school,A016266
P052371,2025/2026,1,university,A002135
P052374,2025/2026,1,university,A017119
P052422,2025/2026,1,university,A007413
P052426,2025/2026,1,NA,A013818
P052467,2025/2026,1,NA,A002029
P052517,2025/2026,1,university,A007030
P052581,2025/2026,1,NA,A004116
P052627,2025/2026,1,NA,A000168
P052711,2025/2026,1,NA,A002858
P052771,2025/2026,1,university,A004459
P052828,2025/2026,1,university,A004292
P052886,2025/2026,1,NA,A014695
P052901,2025/2026,1,NA,A006303
P052922,2025/2026,1,NA,A011207
P052927,2025/2026,1,NA,A005400
P052943,2025/2026,1,NA,A003819
P052971,2025/2026,1,vocational_school,A011843
P052979,2025/2026,1,university,A013710
