person_id,ref_date,employment_status,days_employed_last_12m,annual_employment_income
P000002,2025-12-31,employed,340,13464.63
P000005,2025-12-31,employed,319,31590.31
P000008,2025-12-31,marginal,79,6217.17
P000011,2025-12-31,employed,358,18946.7
P000014,2025-12-31,employed,353,38680.25
P000020,2025-12-31,self_employed,365,9296.59
P000021,2025-12-31,employed,279,32317.03
P000024,2025-12-31,employed,297,45616.13
P000026,2025-12-31,employed,280,31530.5
P000027,2025-12-31,employed,289,23699.11
P000028,2025-12-31,employed,192,23681.73
P000030,2025-12-31,employed,160,28872.58
P000032,2025-12-31,employed,288,22753.17
P000033,2025-12-31,employed,266,23731.45
P000034,2025-12-31,employed,234,26757.39
P000035,2025-12-31,employed,177,12089.07
P000038,2025-12-31,employed,224,13803.93
P000041,2025-12-31,employed,339,24510.8
P000043,2025-12-31,employed,365,18932.46
P000046,2025-12-31,employed,129,21072.54
P000048,2025-12-31,self_employed,143,29751.25
P000052,2025-12-31,employed,318,27930.47
P000053,2025-12-31,employed,289,26015.5
P000054,2025-12-31,employed,332,26933.97
P000055,2025-12-31,employed,275,20984.28
P000056,2025-12-31,marginal,139,4674.91
P000057,2025-12-31,employed,305,36031.61
P000058,2025-12-31,employed,317,37064.28
P000059,2025-12-31,employed,356,35207.35
P000061,2025-12-31,self_employed,266,79842.53
P000062,2025-12-31,employed,287,36263.02
P000064,2025-12-31,employed,315,29492.91
P000065,2025-12-31,employed,303,18186.09
P000066,2025-12-31,employed,302,40463.66
P000067,2025-12-31,employed,314,50650.71
P000068,2025-12-31,employed,365,21731.46
P000073,2025-12-31,marginal,80,NA
P000074,2025-12-31,self_employed,325,21195.95
P000076,2025-12-31,employed,228,49154.55
P000078,2025-12-31,employed,265,16754.97
P000080,2025-12-31,self_employed,364,19783.72
P000083,2025-12-31,self_employed,220,44973.49
P000084,2025-12-31,employed,294,17850.24
P000085,2025-12-31,employed,133,11487.7
P000088,2025-12-31,self_employed,217,13612.49
P000090,2025-12-31,employed,304,16865.11
P000093,2025-12-31,self_employed,304,13120.01
P000095,2025-12-31,self_employed,315,101666.58
P000096,2025-12-31,employed,326,24171.43
P000099,2025-12-31,employed,272,41581.39
P000101,2025-12-31,employed,277,15575.28
P000102,2025-12-31,employed,219,16446.37
P000106,2025-12-31,no_record,0,0
P000108,2025-12-31,employed,365,16194.03
P000109,2025-12-31,employed,258,22502.04
P000110,2025-12-31,employed,297,33323.98
P000112,2025-12-31,marginal,125,6674.73
P000119,2025-12-31,self_employed,216,87989.92
P000121,2025-12-31,employed,356,13554.93
P000122,2025-12-31,employed,333,29881.12
P000123,2025-12-31,employed,204,37023.96
P000124,2025-12-31,employed,247,17874.18
P000126,2025-12-31,employed,336,15771.16
P000127,2025-12-31,marginal,140,3246.15
P000128,2025-12-31,no_record,0,0
P000130,2025-12-31,employed,316,35746.27
P000133,2025-12-31,employed,170,43439.25
P000134,2025-12-31,self_employed,218,11440.91
P000136,2025-12-31,employed,158,27283.68
P000140,2025-12-31,employed,262,19950.98
P000141,2025-12-31,self_employed,295,12662.22
P000142,2025-12-31,employed,312,45405.93
P000144,2025-12-31,employed,299,79825.37
P000146,2025-12-31,employed,269,21530.12
P000147,2025-12-31,employed,280,29375.87
P000149,2025-12-31,employed,259,14086.39
P000150,2025-12-31,employed,254,32038.57
P000152,2025-12-31,employed,365,26673.64
P000153,2025-12-31,employed,319,34926.65
P000158,2025-12-31,no_record,0,0
P000161,2025-12-31,self_employed,365,50357.88
P000163,2025-12-31,employed,241,25252.69
P000165,2025-12-31,marginal,198,5380.92
P000168,2025-12-31,employed,319,13320.52
P000170,2025-12-31,marginal,123,5687
P000171,2025-12-31,employed,314,23414.13
P000172,2025-12-31,employed,238,28357.43
P000176,2025-12-31,marginal,119,3682.41
P000177,2025-12-31,marginal,134,4576.57
P000179,2025-12-31,no_record,NA,0
P000180,2025-12-31,employed,170,32379.52
P000181,2025-12-31,employed,243,18727.13
P000184,2025-12-31,employed,225,20992.84
P000186,2025-12-31,employed,308,21635.11
P000187,2025-12-31,self_employed,222,3820.86
P000190,2025-12-31,employed,365,35602.96
P000191,2025-12-31,marginal,174,7143.55
P000193,2025-12-31,employed,250,22711.34
P000194,2025-12-31,employed,157,12953.39
P000198,2025-12-31,employed,307,62577.68
P000199,2025-12-31,employed,313,37534.59
P000200,2025-12-31,employed,292,21850.35
P000204,2025-12-31,employed,290,30668.24
P000205,2025-12-31,marginal,124,3356.81
P000206,2025-12-31,employed,203,36181.71
P000208,2025-12-31,no_record,0,0
P000210,2025-12-31,employed,321,24592.8
P000213,2025-12-31,employed,296,36131.35
P000217,2025-12-31,employed,344,32545.37
P000220,2025-12-31,employed,280,35186.3
P000221,2025-12-31,employed,336,19433.86
P000222,2025-12-31,employed,307,15033.73
P000226,2025-12-31,employed,365,12243.41
P000228,2025-12-31,employed,311,18328.19
P000229,2025-12-31,employed,246,91030.19
P000230,2025-12-31,employed,365,39923.33
P000231,2025-12-31,employed,365,25087.77
P000232,2025-12-31,marginal,96,3267.83
P000234,2025-12-31,no_record,0,0
P000236,2025-12-31,employed,284,30087.71
P000237,2025-12-31,self_employed,351,40971.71
P000238,2025-12-31,marginal,96,5711.47
P000239,2025-12-31,marginal,152,4125.98
P000241,2025-12-31,employed,230,31721.48
P000246,2025-12-31,self_employed,165,15090.18
P000255,2025-12-31,marginal,87,5492.6
P000260,2025-12-31,employed,193,50954.52
P000261,2025-12-31,employed,292,46717.4
P000263,2025-12-31,employed,271,43208.67
P000267,2025-12-31,employed,323,18978.14
P000268,2025-12-31,self_employed,167,52485.41
P000271,2025-12-31,marginal,161,5208.49
P000274,2025-12-31,employed,365,40300.36
P000275,2025-12-31,self_employed,285,10371.17
P000277,2025-12-31,employed,360,16819.67
P000279,2025-12-31,employed,365,25522.11
P000283,2025-12-31,marginal,97,3333.94
P000285,2025-12-31,self_employed,365,17926.24
P000287,2025-12-31,marginal,138,4002.58
P000288,2025-12-31,employed,206,20140.54
P000290,2025-12-31,self_employed,266,9079.45
P000293,2025-12-31,employed,285,36842.42
P000298,2025-12-31,employed,292,31248.3
P000300,2025-12-31,employed,265,28145.5
P000307,2025-12-31,employed,365,26255.92
P000308,2025-12-31,employed,243,38955.6
P000309,2025-12-31,marginal,147,3511.39
P000310,2025-12-31,employed,198,17750.71
P000312,2025-12-31,self_employed,279,22617.31
P000313,2025-12-31,employed,277,30323.86
P000316,2025-12-31,marginal,5,3097
P000317,2025-12-31,employed,180,49025.53
P000321,2025-12-31,employed,182,10689.83
P000322,2025-12-31,marginal,121,7635.86
P000323,2025-12-31,employed,352,19576.03
P000326,2025-12-31,marginal,44,6769.9
P000327,2025-12-31,employed,308,27970.55
P000329,2025-12-31,employed,187,68269.1
P000330,2025-12-31,employed,338,19216.44
P000333,2025-12-31,employed,308,26223.37
P000334,2025-12-31,employed,303,19416.75
P000335,2025-12-31,employed,242,17979.89
P000340,2025-12-31,self_employed,247,15696.12
P000344,2025-12-31,no_record,0,0
P000348,2025-12-31,self_employed,186,46730.32
P000350,2025-12-31,employed,254,37281.99
P000352,2025-12-31,marginal,122,5507.52
P000353,2025-12-31,marginal,168,7730.09
P000355,2025-12-31,employed,365,45311.61
P000356,2025-12-31,employed,216,16619.83
P000360,2025-12-31,employed,217,12510
P000361,2025-12-31,employed,363,27645.73
P000362,2025-12-31,employed,365,41585.21
P000363,2025-12-31,marginal,93,4253.71
P000366,2025-12-31,employed,365,28256.03
P000368,2025-12-31,employed,268,22622.93
P000373,2025-12-31,self_employed,315,19417.37
P000374,2025-12-31,employed,259,11234.29
P000376,2025-12-31,employed,218,20326.95
P000378,2025-12-31,employed,255,28129.92
P000379,2025-12-31,employed,228,20022.22
P000380,2025-12-31,employed,243,19671.63
P000381,2025-12-31,employed,365,43542.96
P000384,2025-12-31,employed,362,7186.65
P000388,2025-12-31,marginal,112,6410.54
P000389,2025-12-31,marginal,110,6391.78
P000392,2025-12-31,employed,291,35747.88
P000394,2025-12-31,marginal,75,5328.99
P000399,2025-12-31,employed,280,20511.62
P000401,2025-12-31,employed,277,30425
P000402,2025-12-31,self_employed,359,24588.28
P000404,2025-12-31,self_employed,247,10198.62
P000408,2025-12-31,employed,315,19404.59
P000410,2025-12-31,employed,322,39462.9
P000411,2025-12-31,employed,301,12216.81
P000412,2025-12-31,self_employed,59,10657.41
P000413,2025-12-31,marginal,132,3537.23
P000419,2025-12-31,employed,334,15197.24
P000420,2025-12-31,marginal,75,5798.23
P000422,2025-12-31,employed,220,22370.24
P000423,2025-12-31,employed,337,41772.62
P000428,2025-12-31,self_employed,30,25390.17
P000431,2025-12-31,employed,365,19855.15
P000432,2025-12-31,employed,252,24041.53
P000435,2025-12-31,employed,313,28076.57
P000436,2025-12-31,employed,295,26740.73
P000438,2025-12-31,marginal,104,9875.48
P000441,2025-12-31,employed,346,33276.82
P000442,2025-12-31,self_employed,294,21839.04
P000444,2025-12-31,employed,334,30471.41
P000446,2025-12-31,employed,257,27448.04
P000450,2025-12-31,self_employed,312,25760.66
P000451,2025-12-31,employed,237,18707.6
P000452,2025-12-31,employed,302,22351.2
P000453,2025-12-31,self_employed,180,111255.32
P000454,2025-12-31,employed,365,20707.78
P000457,2025-12-31,employed,365,28434.39
P000462,2025-12-31,employed,339,45535.56
P000463,2025-12-31,marginal,234,5378.96
P000466,2025-12-31,employed,254,69024.7
P000467,2025-12-31,no_record,0,0
P000472,2025-12-31,employed,295,32172.27
P000473,2025-12-31,employed,365,36606.47
P000474,2025-12-31,employed,227,30728.29
P000475,2025-12-31,employed,336,34183.16
P000484,2025-12-31,self_employed,199,51020.7
P000485,2025-12-31,employed,283,31423.42
P000487,2025-12-31,marginal,128,7061.51
P000492,2025-12-31,employed,264,42231.06
P000498,2025-12-31,employed,253,31464.43
P000500,2025-12-31,employed,365,59207.3
P000502,2025-12-31,employed,354,10411.51
P000503,2025-12-31,marginal,112,6538.58
P000504,2025-12-31,self_employed,299,42859.94
P000506,2025-12-31,employed,300,25227.29
P000508,2025-12-31,employed,258,12103.15
P000511,2025-12-31,employed,338,26856.1
P000515,2025-12-31,employed,329,85122.26
P000516,2025-12-31,marginal,96,4844.36
P000518,2025-12-31,employed,250,26348.21
P000520,2025-12-31,employed,227,70988.72
P000521,2025-12-31,employed,345,32126.6
P000522,2025-12-31,employed,147,16169.27
P000524,2025-12-31,employed,275,34081.39
P000525,2025-12-31,employed,354,29530.1
P000530,2025-12-31,no_record,0,0
P000531,2025-12-31,employed,225,15946.37
P000533,2025-12-31,employed,318,29566.96
P000534,2025-12-31,marginal,113,4569.94
P000535,2025-12-31,self_employed,148,22225.84
P000537,2025-12-31,no_record,0,0
P000538,2025-12-31,employed,365,14607.21
P000539,2025-12-31,self_employed,331,8345.55
P000541,2025-12-31,employed,287,39954.45
P000543,2025-12-31,employed,322,59725.84
P000547,2025-12-31,employed,259,31635.44
P000550,2025-12-31,employed,325,25126.57
P000551,2025-12-31,employed,345,19731.02
P000556,2025-12-31,employed,246,16531.08
P000557,2025-12-31,employed,281,21517.49
P000559,2025-12-31,employed,277,28948.83
P000560,2025-12-31,employed,198,32225.99
P000563,2025-12-31,employed,273,28745.05
P000564,2025-12-31,marginal,98,3802.7
P000571,2025-12-31,employed,219,26634.89
P000572,2025-12-31,employed,318,18164.31
P000573,2025-12-31,employed,346,44686.84
P000578,2025-12-31,employed,365,101759.07
P000581,2025-12-31,employed,345,76229.36
P000582,2025-12-31,employed,245,11794.19
P000584,2025-12-31,self_employed,364,2594.69
P000585,2025-12-31,marginal,91,3899.54
P000586,2025-12-31,employed,272,17798.39
P000587,2025-12-31,employed,337,17983.96
P000588,2025-12-31,employed,255,34362.85
P000592,2025-12-31,employed,145,13609.31
P000595,2025-12-31,no_record,0,0
P000603,2025-12-31,self_employed,108,9821.62
P000604,2025-12-31,employed,311,38820.32
P000605,2025-12-31,employed,305,25386.27
P000606,2025-12-31,self_employed,324,16927.37
P000609,2025-12-31,employed,338,59584.95
P000610,2025-12-31,employed,335,25234
P000611,2025-12-31,self_employed,196,34401.62
P000614,2025-12-31,self_employed,261,9934.63
P000624,2025-12-31,employed,329,61697.83
P000625,2025-12-31,employed,269,40769.3
P000630,2025-12-31,employed,306,24264
P000631,2025-12-31,employed,290,25291.72
P000633,2025-12-31,employed,235,12293.9
P000636,2025-12-31,employed,365,34745.27
P000638,2025-12-31,employed,298,31125.31
P000641,2025-12-31,employed,242,25526.3
P000646,2025-12-31,self_employed,276,23576.02
P000647,2025-12-31,employed,306,16910.59
P000650,2025-12-31,employed,277,15604
P000652,2025-12-31,marginal,57,7031.38
P000654,2025-12-31,marginal,150,6318.59
P000661,2025-12-31,marginal,75,3519.36
P000663,2025-12-31,employed,188,13380.42
P000664,2025-12-31,employed,359,37163.56
P000668,2025-12-31,employed,303,16622.49
P000670,2025-12-31,employed,365,17783.13
P000671,2025-12-31,employed,285,25369.11
P000672,2025-12-31,employed,208,30390.53
P000677,2025-12-31,employed,323,18923.5
P000680,2025-12-31,employed,250,16751.1
P000682,2025-12-31,employed,327,20261.6
P000685,2025-12-31,employed,329,44450.29
P000689,2025-12-31,employed,236,16460.16
P000691,2025-12-31,employed,284,28387.31
P000693,2025-12-31,employed,290,23331.74
P000695,2025-12-31,marginal,193,6087.55
P000696,2025-12-31,employed,295,17491.67
P000697,2025-12-31,employed,306,40691.17
P000698,2025-12-31,employed,349,14130.46
P000699,2025-12-31,employed,310,34087.97
P000701,2025-12-31,self_employed,149,11134.15
P000702,2025-12-31,self_employed,324,11161.9
P000704,2025-12-31,employed,295,44181.5
P000708,2025-12-31,employed,252,14745.55
P000709,2025-12-31,employed,170,17533.49
P000711,2025-12-31,employed,365,13359.74
P000712,2025-12-31,employed,327,37229.33
P000715,2025-12-31,employed,365,33199.47
P000716,2025-12-31,employed,262,27316.83
P000723,2025-12-31,employed,275,11862.15
P000726,2025-12-31,employed,294,18067.78
P000728,2025-12-31,no_record,0,0
P000730,2025-12-31,employed,276,19095.06
P000731,2025-12-31,employed,363,12988.9
P000733,2025-12-31,self_employed,258,69263.63
P000734,2025-12-31,employed,313,31650.58
P000737,2025-12-31,employed,326,14729.62
P000739,2025-12-31,employed,319,49222.75
P000740,2025-12-31,self_employed,317,13480.72
P000741,2025-12-31,self_employed,192,11270.71
P000743,2025-12-31,marginal,123,13707.93
P000745,2025-12-31,employed,325,16775.85
P000746,2025-12-31,employed,365,23206.91
P000748,2025-12-31,employed,302,26339.22
P000750,2025-12-31,employed,259,59808.62
P000751,2025-12-31,no_record,0,0
P000752,2025-12-31,self_employed,235,52653.82
P000753,2025-12-31,employed,263,17106.6
P000755,2025-12-31,marginal,30,2207.69
P000756,2025-12-31,employed,318,14158.88
P000757,2025-12-31,self_employed,103,12486.41
P000758,2025-12-31,marginal,158,5542.93
P000763,2025-12-31,self_employed,227,23782.56
P000764,2025-12-31,self_employed,215,19771.49
P000765,2025-12-31,employed,216,36960.33
P000767,2025-12-31,employed,204,16605.77
P000768,2025-12-31,employed,316,28750.38
P000769,2025-12-31,employed,190,30739.19
P000771,2025-12-31,employed,270,37191.53
P000773,2025-12-31,employed,313,23809.33
P000778,2025-12-31,employed,354,9897.87
P000779,2025-12-31,self_employed,149,13026.35
P000780,2025-12-31,employed,314,30250.04
P000781,2025-12-31,employed,222,22850.79
P000783,2025-12-31,self_employed,122,34057.38
P000785,2025-12-31,self_employed,365,48037.27
P000787,2025-12-31,employed,308,35456.63
P000788,2025-12-31,employed,321,20857.05
P000790,2025-12-31,employed,361,22582.29
P000792,2025-12-31,employed,217,53786.43
P000793,2025-12-31,employed,201,60710.23
P000796,2025-12-31,marginal,184,8653.45
P000798,2025-12-31,employed,362,20067.28
P000801,2025-12-31,employed,295,NA
P000802,2025-12-31,employed,293,30314.16
P000803,2025-12-31,employed,294,21073.74
P000805,2025-12-31,employed,240,32769.36
P000806,2025-12-31,employed,254,40896.06
P000813,2025-12-31,employed,240,12438.39
P000814,2025-12-31,employed,238,9664.42
P000818,2025-12-31,employed,214,30718.66
P000820,2025-12-31,employed,232,43306.87
P000821,2025-12-31,employed,318,68726.57
P000824,2025-12-31,employed,252,25825.32
P000825,2025-12-31,employed,339,48708.47
P000827,2025-12-31,employed,290,31132.65
P000828,2025-12-31,marginal,126,3159.38
P000831,2025-12-31,employed,365,31237.25
P000835,2025-12-31,marginal,103,4442.13
P000838,2025-12-31,employed,255,37504.51
P000843,2025-12-31,employed,257,21832.76
P000844,2025-12-31,self_employed,178,42682.9
P000845,2025-12-31,employed,264,17900.06
P000848,2025-12-31,employed,301,9327.8
P000849,2025-12-31,employed,219,31462.38
P000850,2025-12-31,employed,221,30051.53
P000851,2025-12-31,employed,304,32752.64
P000858,2025-12-31,employed,275,31193.54
P000859,2025-12-31,no_record,0,0
P000860,2025-12-31,employed,257,32011.83
P000862,2025-12-31,employed,265,13935.47
P000865,2025-12-31,employed,365,22167.52
P000867,2025-12-31,employed,294,22687.6
P000870,2025-12-31,employed,348,25891.54
P000871,2025-12-31,employed,241,25728.19
P000873,2025-12-31,marginal,186,6363.29
P000874,2025-12-31,employed,194,27056.18
P000875,2025-12-31,employed,192,24839.01
P000877,2025-12-31,employed,322,23788.17
P000879,2025-12-31,employed,272,56814.8
P000880,2025-12-31,employed,212,45223.17
P000881,2025-12-31,employed,350,15417.88
P000884,2025-12-31,employed,229,32670.03
P000885,2025-12-31,employed,228,42252.26
P000886,2025-12-31,employed,258,12051.2
P000887,2025-12-31,employed,309,17550.78
P000888,2025-12-31,employed,365,49754.98
P000891,2025-12-31,employed,265,24303.71
P000892,2025-12-31,self_employed,115,30013.3
P000894,2025-12-31,employed,257,NA
P000895,2025-12-31,employed,355,16973.82
P000896,2025-12-31,self_employed,152,3517.4
P000901,2025-12-31,employed,308,13687.85
P000903,2025-12-31,employed,179,25929.25
P000904,2025-12-31,employed,237,77631.4
P000905,2025-12-31,employed,265,21928.48
P000907,2025-12-31,employed,254,22353.15
P000908,2025-12-31,employed,336,56023.75
P000909,2025-12-31,employed,341,11327.94
P000912,2025-12-31,employed,326,21269.81
P000914,2025-12-31,employed,342,28387.39
P000915,2025-12-31,employed,294,11823.26
P000916,2025-12-31,employed,246,29033.84
P000917,2025-12-31,employed,271,25779.01
P000918,2025-12-31,no_record,0,0
P000921,2025-12-31,employed,215,16506.1
P000923,2025-12-31,self_employed,198,22742.36
P000924,2025-12-31,employed,239,24634.75
P000926,2025-12-31,employed,301,20486.75
P000927,2025-12-31,employed,200,46351.06
P000929,2025-12-31,employed,242,28193.67
P000930,2025-12-31,self_employed,189,34758.42
P000933,2025-12-31,employed,289,12632.16
P000934,2025-12-31,no_record,0,0
P000935,2025-12-31,employed,262,31727.32
P000939,2025-12-31,employed,254,14934.94
P000941,2025-12-31,employed,259,17861.05
P000943,2025-12-31,self_employed,256,5175.42
P000945,2025-12-31,employed,365,14726.07
P000946,2025-12-31,no_record,0,0
P000948,2025-12-31,employed,290,36081.26
P000951,2025-12-31,self_employed,172,15510.58
P000952,2025-12-31,employed,287,48156.59
P000955,2025-12-31,employed,236,14795.61
P000958,2025-12-31,employed,300,50005.5
P000962,2025-12-31,self_employed,130,70169.68
P000964,2025-12-31,employed,327,56333.32
P000966,2025-12-31,employed,365,26137.78
P000968,2025-12-31,employed,289,26307.4
P000970,2025-12-31,employed,316,17296.61
P000973,2025-12-31,employed,267,35735.76
P000974,2025-12-31,marginal,159,4783.92
P000975,2025-12-31,employed,365,63734.78
P000977,2025-12-31,employed,316,30942.82
P000978,2025-12-31,marginal,90,13004.49
P000980,2025-12-31,marginal,160,5438.61
P000982,2025-12-31,marginal,22,3460.51
P000983,2025-12-31,employed,278,19132.45
P000985,2025-12-31,employed,302,41874.92
P000986,2025-12-31,self_employed,215,27158.72
P000988,2025-12-31,employed,273,27451.43
P000991,2025-12-31,no_record,0,0
P000994,2025-12-31,self_employed,365,28535.03
P000995,2025-12-31,employed,229,44043.8
P000996,2025-12-31,employed,243,16451.42
P000997,2025-12-31,employed,347,25452.74
P000998,2025-12-31,employed,325,35305.88
P000999,2025-12-31,employed,214,40843.01
P001001,2025-12-31,employed,339,25776.71
P001002,2025-12-31,employed,246,29323.04
P001005,2025-12-31,employed,144,25310.45
P001006,2025-12-31,employed,353,16072.76
P001007,2025-12-31,employed,320,20970.77
P001010,2025-12-31,employed,271,25046.53
P001011,2025-12-31,employed,184,48331.07
P001015,2025-12-31,employed,236,17879.28
P001018,2025-12-31,employed,322,29408.32
P001021,2025-12-31,employed,310,25099.61
P001023,2025-12-31,employed,346,26293.18
P001024,2025-12-31,employed,249,32091.52
P001034,2025-12-31,no_record,0,0
P001035,2025-12-31,marginal,72,3787.56
P001037,2025-12-31,self_employed,326,13985.54
P001038,2025-12-31,employed,302,24986.64
P001043,2025-12-31,employed,314,24845.8
P001044,2025-12-31,marginal,85,2992.86
P001045,2025-12-31,employed,365,33014.85
P001048,2025-12-31,employed,290,50577.46
P001051,2025-12-31,employed,267,43718.61
P001057,2025-12-31,no_record,0,0
P001063,2025-12-31,marginal,49,3219.75
P001064,2025-12-31,employed,305,37490.29
P001067,2025-12-31,employed,340,38165.31
P001070,2025-12-31,self_employed,329,8871.29
P001072,2025-12-31,employed,312,27412.02
P001081,2025-12-31,no_record,0,0
P001086,2025-12-31,employed,319,51558.39
P001087,2025-12-31,employed,294,17795.37
P001091,2025-12-31,employed,169,42229.39
P001092,2025-12-31,employed,262,43656.97
P001096,2025-12-31,marginal,108,3052.31
P001102,2025-12-31,employed,290,28460.29
P001105,2025-12-31,employed,246,21226.35
P001106,2025-12-31,employed,255,25426.61
P001110,2025-12-31,employed,220,20380.05
P001111,2025-12-31,self_employed,134,54494.41
P001113,2025-12-31,employed,281,37823.6
P001114,2025-12-31,employed,296,26110.9
P001115,2025-12-31,marginal,136,4201.1
P001116,2025-12-31,employed,200,17577.43
P001117,2025-12-31,employed,340,13545.13
P001120,2025-12-31,employed,318,28282.02
P001125,2025-12-31,employed,153,17060.91
P001128,2025-12-31,marginal,152,4378.58
P001131,2025-12-31,employed,298,15194.12
P001133,2025-12-31,employed,236,29531.28
P001139,2025-12-31,marginal,104,7073.25
P001142,2025-12-31,employed,213,33740.81
P001143,2025-12-31,marginal,178,4398.55
P001145,2025-12-31,marginal,151,4918.3
P001148,2025-12-31,employed,321,34429.25
P001149,2025-12-31,employed,338,52760.39
P001150,2025-12-31,employed,285,6094.38
P001154,2025-12-31,marginal,167,9638.46
P001156,2025-12-31,marginal,138,5245.08
P001158,2025-12-31,employed,303,15201.55
P001159,2025-12-31,employed,168,17856.78
P001160,2025-12-31,employed,226,17160.07
P001162,2025-12-31,marginal,151,2636.77
P001167,2025-12-31,employed,224,74273.92
P001169,2025-12-31,marginal,114,4363.79
P001171,2025-12-31,employed,309,29595.84
P001172,2025-12-31,employed,266,25286.39
P001175,2025-12-31,self_employed,191,NA
P001179,2025-12-31,employed,219,30635.24
P001180,2025-12-31,employed,337,24900.16
P001181,2025-12-31,employed,139,12228.05
P001182,2025-12-31,self_employed,258,12464.42
P001184,2025-12-31,employed,270,21193.16
P001185,2025-12-31,marginal,175,4742.96
P001191,2025-12-31,employed,234,23234.54
P001192,2025-12-31,employed,365,26712.64
P001193,2025-12-31,employed,254,36743.71
P001194,2025-12-31,marginal,61,5953.95
P001202,2025-12-31,employed,305,14628.81
P001205,2025-12-31,no_record,0,0
P001206,2025-12-31,employed,276,24107.92
P001209,2025-12-31,employed,254,23039.57
P001212,2025-12-31,employed,234,22680.89
P001214,2025-12-31,employed,365,16698.61
P001216,2025-12-31,self_employed,333,40892.29
P001218,2025-12-31,employed,321,18651.23
P001225,2025-12-31,employed,361,9174.85
P001228,2025-12-31,employed,230,50135.39
P001231,2025-12-31,marginal,127,3407.05
P001232,2025-12-31,employed,346,17535.26
P001233,2025-12-31,employed,266,42907.15
P001235,2025-12-31,employed,205,46864.41
P001236,2025-12-31,employed,245,31587.6
P001238,2025-12-31,employed,216,26291.2
P001239,2025-12-31,employed,308,38064.15
P001240,2025-12-31,self_employed,243,90010.13
P001241,2025-12-31,employed,287,40656.59
P001242,2025-12-31,employed,291,22397.65
P001245,2025-12-31,marginal,101,4423.23
P001251,2025-12-31,employed,365,NA
P001252,2025-12-31,marginal,110,3382.35
P001256,2025-12-31,employed,290,13085.31
P001258,2025-12-31,employed,247,85735
P001259,2025-12-31,employed,281,14902.31
P001260,2025-12-31,marginal,115,4798.5
P001263,2025-12-31,employed,365,31818.02
P001265,2025-12-31,marginal,134,4863.02
P001266,2025-12-31,employed,261,53363.46
P001268,2025-12-31,employed,333,41045.82
P001270,2025-12-31,employed,353,51708.99
P001271,2025-12-31,employed,331,19409.64
P001272,2025-12-31,marginal,68,5473.51
P001274,2025-12-31,employed,304,30782.46
P001276,2025-12-31,employed,278,16430.46
P001277,2025-12-31,self_employed,111,14485.49
P001282,2025-12-31,self_employed,196,35492.45
P001283,2025-12-31,employed,190,44530.8
P001285,2025-12-31,employed,299,26961.97
P001287,2025-12-31,self_employed,261,17400.57
P001291,2025-12-31,employed,307,25598.88
P001292,2025-12-31,employed,188,35798.62
P001293,2025-12-31,employed,240,32095.92
P001294,2025-12-31,employed,288,30651.19
P001295,2025-12-31,employed,275,26741.46
P001297,2025-12-31,employed,307,23489.61
P001299,2025-12-31,employed,274,35492.13
P001301,2025-12-31,employed,250,15236.66
P001302,2025-12-31,marginal,111,4788.97
P001303,2025-12-31,employed,224,19255.44
P001307,2025-12-31,no_record,0,0
P001308,2025-12-31,marginal,150,4220.86
P001314,2025-12-31,self_employed,314,5465.67
P001316,2025-12-31,employed,216,42885.17
P001317,2025-12-31,employed,297,20167.62
P001318,2025-12-31,marginal,154,4307.65
P001319,2025-12-31,self_employed,69,55475.77
P001322,2025-12-31,employed,259,22935.83
P001323,2025-12-31,employed,207,15689.51
P001325,2025-12-31,employed,306,35339.33
P001327,2025-12-31,employed,324,52767.37
P001328,2025-12-31,employed,317,18021.87
P001331,2025-12-31,employed,365,42942.07
P001335,2025-12-31,employed,316,19674.9
P001338,2025-12-31,employed,278,18442.98
P001342,2025-12-31,employed,332,60582.94
P001343,2025-12-31,employed,233,76337.67
P001346,2025-12-31,self_employed,NA,27741.62
P001347,2025-12-31,employed,352,23564.06
P001350,2025-12-31,employed,277,21963.68
P001361,2025-12-31,employed,239,35393.6
P001362,2025-12-31,employed,184,26966.97
P001363,2025-12-31,employed,236,20121.01
P001366,2025-12-31,employed,268,26199.15
P001374,2025-12-31,self_employed,141,33991.78
P001375,2025-12-31,marginal,54,4785.32
P001376,2025-12-31,employed,337,12945.3
P001378,2025-12-31,employed,277,10159.09
P001386,2025-12-31,employed,335,26005.22
P001388,2025-12-31,marginal,139,4116.99
P001389,2025-12-31,employed,262,31202.83
P001391,2025-12-31,employed,255,9124.94
P001396,2025-12-31,employed,203,19876.65
P001399,2025-12-31,employed,306,23967.74
P001400,2025-12-31,self_employed,228,19192.35
P001402,2025-12-31,marginal,78,3392.75
P001403,2025-12-31,marginal,119,10920.42
P001404,2025-12-31,employed,254,42338.43
P001409,2025-12-31,employed,302,29705.33
P001415,2025-12-31,employed,308,16982.55
P001416,2025-12-31,employed,298,34709.19
P001417,2025-12-31,no_record,0,0
P001421,2025-12-31,marginal,114,5385.9
P001424,2025-12-31,employed,355,30754.89
P001426,2025-12-31,employed,250,35425.91
P001429,2025-12-31,employed,265,29969.03
P001436,2025-12-31,employed,362,13357.37
P001438,2025-12-31,employed,287,17740.26
P001439,2025-12-31,employed,365,16818.26
P001440,2025-12-31,employed,317,14449.37
P001441,2025-12-31,employed,226,35177.85
P001443,2025-12-31,self_employed,280,17104.68
P001446,2025-12-31,marginal,99,NA
P001447,2025-12-31,employed,365,48787.98
P001450,2025-12-31,employed,273,39942.73
P001457,2025-12-31,employed,221,70459.04
P001462,2025-12-31,marginal,131,5058.29
P001464,2025-12-31,employed,336,13964.39
P001465,2025-12-31,employed,280,35492.58
P001470,2025-12-31,employed,329,18416.24
P001473,2025-12-31,employed,298,30781.39
P001476,2025-12-31,employed,308,29315.38
P001480,2025-12-31,employed,215,19867.62
P001482,2025-12-31,marginal,123,6068.31
P001483,2025-12-31,employed,295,46990.71
P001484,2025-12-31,employed,222,39004.39
P001487,2025-12-31,no_record,0,0
P001498,2025-12-31,self_employed,295,57998.06
P001505,2025-12-31,marginal,124,5290.95
P001506,2025-12-31,self_employed,295,18803.36
P001507,2025-12-31,employed,259,41185.73
P001511,2025-12-31,employed,341,24573.72
P001512,2025-12-31,employed,323,21502.27
P001514,2025-12-31,employed,223,13107.63
P001515,2025-12-31,employed,343,46565.88
P001517,2025-12-31,employed,365,39377.2
P001519,2025-12-31,employed,218,21111.08
P001520,2025-12-31,employed,306,33293.39
P001521,2025-12-31,no_record,0,0
P001522,2025-12-31,employed,341,87511.25
P001524,2025-12-31,employed,365,11944.32
P001525,2025-12-31,employed,272,30092.02
P001528,2025-12-31,employed,288,43035.32
P001530,2025-12-31,self_employed,241,29838.49
P001531,2025-12-31,employed,302,42452.17
P001532,2025-12-31,employed,305,31862.95
P001534,2025-12-31,employed,299,22192.46
P001537,2025-12-31,employed,256,19918.91
P001538,2025-12-31,employed,340,17004.71
P001539,2025-12-31,employed,205,44632.4
P001543,2025-12-31,employed,255,29973.02
P001544,2025-12-31,self_employed,365,90736.49
P001545,2025-12-31,employed,301,13959.91
P001546,2025-12-31,marginal,73,5496.29
P001548,2025-12-31,no_record,0,0
P001550,2025-12-31,employed,243,42127.76
P001551,2025-12-31,employed,242,16101.05
P001556,2025-12-31,employed,312,9760.23
P001559,2025-12-31,employed,193,16842.3
P001561,2025-12-31,employed,309,23717.28
P001567,2025-12-31,employed,327,21032.12
P001568,2025-12-31,employed,365,32076.83
P001570,2025-12-31,marginal,131,5040.09
P001571,2025-12-31,employed,303,33676.77
P001573,2025-12-31,marginal,69,4755.44
P001574,2025-12-31,employed,289,24836.75
P001579,2025-12-31,self_employed,147,31116.8
P001580,2025-12-31,marginal,119,5717.66
P001583,2025-12-31,marginal,91,5098.81
P001589,2025-12-31,marginal,139,7955.59
P001596,2025-12-31,employed,311,17218.82
P001599,2025-12-31,employed,214,12172.06
P001600,2025-12-31,employed,285,43678.92
P001605,2025-12-31,marginal,60,4898.03
P001608,2025-12-31,employed,184,44904.22
P001610,2025-12-31,employed,250,37587.51
P001612,2025-12-31,employed,365,22881.36
P001613,2025-12-31,employed,332,12659.04
P001615,2025-12-31,employed,322,109343.62
P001616,2025-12-31,employed,356,24549.53
P001617,2025-12-31,employed,245,50896.3
P001618,2025-12-31,employed,345,27619.72
P001619,2025-12-31,employed,203,25987.41
P001620,2025-12-31,employed,280,23340.3
P001621,2025-12-31,employed,278,10920.29
P001622,2025-12-31,employed,365,44735.07
P001624,2025-12-31,employed,275,17532.19
P001628,2025-12-31,self_employed,152,9346.99
P001639,2025-12-31,employed,299,42219.03
P001641,2025-12-31,employed,365,44798.91
P001642,2025-12-31,marginal,103,7247.58
P001645,2025-12-31,marginal,125,5072.37
P001647,2025-12-31,self_employed,240,19655.07
P001650,2025-12-31,employed,365,21568.38
P001651,2025-12-31,employed,173,14681.51
P001652,2025-12-31,employed,227,26969.91
P001653,2025-12-31,employed,309,30533.89
P001658,2025-12-31,self_employed,343,15570.79
P001659,2025-12-31,employed,339,29220.36
P001662,2025-12-31,employed,266,23178.38
P001666,2025-12-31,self_employed,351,13258.36
P001669,2025-12-31,employed,343,28791.13
P001670,2025-12-31,employed,219,26246.65
P001671,2025-12-31,self_employed,183,2434.17
P001672,2025-12-31,marginal,79,4249.88
P001677,2025-12-31,employed,244,36430.32
P001678,2025-12-31,employed,306,16538.62
P001681,2025-12-31,employed,253,14681.86
P001683,2025-12-31,employed,317,23451.47
P001687,2025-12-31,employed,245,37967.52
P001688,2025-12-31,marginal,132,3255.95
P001690,2025-12-31,employed,365,40921.41
P001691,2025-12-31,employed,365,26021.57
P001695,2025-12-31,self_employed,247,6704.55
P001699,2025-12-31,employed,253,22246.07
P001701,2025-12-31,employed,248,52691.62
P001702,2025-12-31,employed,212,23884.63
P001706,2025-12-31,employed,224,41925.06
P001710,2025-12-31,employed,262,19201.98
P001713,2025-12-31,marginal,56,3799.64
P001717,2025-12-31,employed,276,48859.49
P001718,2025-12-31,self_employed,246,4327.32
P001719,2025-12-31,employed,267,13293.84
P001720,2025-12-31,employed,225,17482.21
P001722,2025-12-31,employed,261,51754.78
P001727,2025-12-31,employed,252,22465.69
P001730,2025-12-31,employed,305,18599.01
P001731,2025-12-31,employed,267,13754.33
P001734,2025-12-31,employed,172,32401.49
P001735,2025-12-31,employed,345,30932.26
P001738,2025-12-31,self_employed,314,37451.55
P001739,2025-12-31,employed,276,14000.8
P001741,2025-12-31,employed,330,42650.33
P001745,2025-12-31,employed,330,24721.95
P001748,2025-12-31,employed,191,31724.61
P001752,2025-12-31,employed,235,32665.29
P001756,2025-12-31,employed,333,20549.13
P001757,2025-12-31,self_employed,197,35178.7
P001759,2025-12-31,employed,243,13617.73
P001760,2025-12-31,employed,341,22021.9
P001761,2025-12-31,employed,241,35585.12
P001762,2025-12-31,employed,329,44417.43
P001763,2025-12-31,employed,335,36429.41
P001764,2025-12-31,employed,363,37484.56
P001766,2025-12-31,self_employed,298,43139.05
P001771,2025-12-31,employed,365,27266.96
P001772,2025-12-31,employed,241,47503.74
P001775,2025-12-31,self_employed,296,22926.7
P001781,2025-12-31,employed,313,23803.86
P001782,2025-12-31,employed,275,12186.82
P001783,2025-12-31,self_employed,229,28010.99
P001786,2025-12-31,employed,223,17265.79
P001791,2025-12-31,employed,291,14691.04
P001792,2025-12-31,employed,365,16715.17
P001795,2025-12-31,employed,365,10516.42
P001796,2025-12-31,employed,358,21316.56
P001797,2025-12-31,employed,332,24689.13
P001800,2025-12-31,employed,365,15746.27
P001802,2025-12-31,self_employed,185,51310.34
P001808,2025-12-31,marginal,93,5034.29
P001809,2025-12-31,employed,360,26253.92
P001813,2025-12-31,marginal,56,8043.29
P001814,2025-12-31,employed,293,30074.04
P001816,2025-12-31,employed,267,29510.41
P001818,2025-12-31,employed,243,39920.93
P001821,2025-12-31,employed,312,24893
P001823,2025-12-31,employed,263,32743.49
P001825,2025-12-31,marginal,7,2488.66
P001826,2025-12-31,marginal,83,3790.75
P001827,2025-12-31,employed,314,22052.7
P001830,2025-12-31,marginal,195,11441.82
P001831,2025-12-31,employed,306,18504.34
P001833,2025-12-31,employed,236,25351.85
P001835,2025-12-31,employed,243,44331.95
P001837,2025-12-31,employed,320,33803.06
P001838,2025-12-31,employed,336,16224.74
P001843,2025-12-31,employed,216,27840.62
P001846,2025-12-31,employed,261,22034.77
P001848,2025-12-31,employed,234,42010.9
P001849,2025-12-31,employed,236,31352.37
P001851,2025-12-31,marginal,54,2838.28
P001852,2025-12-31,self_employed,357,48218.22
P001854,2025-12-31,marginal,29,4206.39
P001856,2025-12-31,marginal,95,2564.75
P001857,2025-12-31,employed,365,33862.72
P001863,2025-12-31,employed,289,30441.8
P001864,2025-12-31,self_employed,252,86172.59
P001865,2025-12-31,marginal,120,6806.69
P001866,2025-12-31,employed,274,26334.59
P001871,2025-12-31,employed,212,25435.75
P001872,2025-12-31,employed,215,18224.18
P001874,2025-12-31,employed,164,22169.88
P001876,2025-12-31,employed,260,65573.53
P001879,2025-12-31,employed,311,30153.88
P001880,2025-12-31,employed,227,51707.35
P001881,2025-12-31,employed,299,17671.01
P001882,2025-12-31,employed,267,39897.58
P001884,2025-12-31,self_employed,229,7647.92
P001892,2025-12-31,employed,279,30694.36
P001893,2025-12-31,employed,279,29345.79
P001895,2025-12-31,marginal,167,5023.55
P001896,2025-12-31,marginal,119,5874.97
P001897,2025-12-31,employed,254,21150.81
P001899,2025-12-31,employed,309,54942.84
P001900,2025-12-31,no_record,0,0
P001903,2025-12-31,marginal,59,4915.09
P001904,2025-12-31,marginal,35,7278.23
P001905,2025-12-31,employed,310,24601.45
P001907,2025-12-31,employed,337,18092.57
P001908,2025-12-31,employed,356,35685.39
P001910,2025-12-31,employed,268,10820.69
P001917,2025-12-31,employed,281,34868.61
P001918,2025-12-31,employed,315,25656.14
P001922,2025-12-31,employed,270,25284.29
P001928,2025-12-31,employed,365,15824.34
P001929,2025-12-31,employed,146,29730.43
P001931,2025-12-31,employed,265,12136.62
P001937,2025-12-31,employed,257,48638.16
P001940,2025-12-31,self_employed,318,20746.8
P001943,2025-12-31,employed,302,25137.84
P001946,2025-12-31,employed,359,23221.4
P001952,2025-12-31,employed,289,44979.56
P001953,2025-12-31,employed,304,18237.7
P001954,2025-12-31,employed,197,25841.53
P001960,2025-12-31,employed,280,30773.77
P001962,2025-12-31,employed,313,23153
P001969,2025-12-31,employed,281,11845.97
P001970,2025-12-31,employed,320,44270.4
P001978,2025-12-31,self_employed,344,18559.8
P001979,2025-12-31,self_employed,180,10781.7
P001980,2025-12-31,employed,330,20934.41
P001983,2025-12-31,marginal,73,3391.89
P001987,2025-12-31,employed,270,63678.34
P001988,2025-12-31,employed,277,25160.72
P001991,2025-12-31,employed,291,17003.93
P001996,2025-12-31,self_employed,87,106104.31
P001997,2025-12-31,employed,274,30540.06
P001998,2025-12-31,employed,260,23920.63
P002000,2025-12-31,employed,236,32348.49
P002002,2025-12-31,marginal,73,5357.11
P002003,2025-12-31,employed,307,41118.47
P002004,2025-12-31,employed,365,33379.53
P002005,2025-12-31,employed,254,19237.75
P002007,2025-12-31,employed,365,21116.3
P002009,2025-12-31,employed,275,20329.97
P002011,2025-12-31,employed,230,25127.93
P002016,2025-12-31,employed,261,38068.24
P002017,2025-12-31,employed,365,18330.5
P002018,2025-12-31,employed,318,42478.08
P002024,2025-12-31,employed,280,24418.28
P002028,2025-12-31,employed,234,13927.08
P002035,2025-12-31,employed,355,27678.88
P002041,2025-12-31,employed,303,23084.74
P002045,2025-12-31,employed,300,13456.9
P002046,2025-12-31,employed,336,23900.53
P002047,2025-12-31,employed,325,58394.27
P002049,2025-12-31,employed,320,18173.84
P002051,2025-12-31,self_employed,164,11372.55
P002052,2025-12-31,employed,281,31531.42
P002054,2025-12-31,no_record,0,0
P002059,2025-12-31,self_employed,268,30395.51
P002060,2025-12-31,employed,336,24740.95
P002065,2025-12-31,employed,350,16126.51
P002066,2025-12-31,employed,317,28937.19
P002068,2025-12-31,employed,229,21367.21
P002070,2025-12-31,employed,251,35860.88
P002072,2025-12-31,marginal,165,4561.35
P002073,2025-12-31,employed,324,15340.34
P002074,2025-12-31,marginal,127,5748.71
P002076,2025-12-31,employed,365,44578.91
P002077,2025-12-31,employed,332,29746.69
P002082,2025-12-31,employed,323,27832.58
P002086,2025-12-31,employed,333,36173.87
P002088,2025-12-31,employed,202,43134
P002092,2025-12-31,employed,261,61665.83
P002093,2025-12-31,employed,268,12762.88
P002094,2025-12-31,employed,236,38042.05
P002097,2025-12-31,marginal,138,4080.36
P002101,2025-12-31,employed,326,18070.86
P002102,2025-12-31,employed,335,22025.48
P002105,2025-12-31,employed,208,23506.98
P002106,2025-12-31,employed,310,17061.45
P002108,2025-12-31,employed,170,54647.94
P002109,2025-12-31,marginal,63,4413.44
P002111,2025-12-31,employed,309,21976.89
P002114,2025-12-31,employed,209,19059.45
P002115,2025-12-31,employed,341,11929.66
P002116,2025-12-31,employed,321,14637.92
P002117,2025-12-31,employed,294,45874.67
P002120,2025-12-31,employed,292,16389.73
P002121,2025-12-31,employed,277,45726.3
P002123,2025-12-31,self_employed,145,26446.95
P002124,2025-12-31,employed,260,23088.33
P002125,2025-12-31,employed,250,18097.22
P002128,2025-12-31,employed,224,50097.67
P002130,2025-12-31,employed,256,12304.94
P002132,2025-12-31,employed,284,23681.25
P002133,2025-12-31,employed,291,26500.58
P002141,2025-12-31,employed,309,9037.34
P002142,2025-12-31,employed,307,41511.93
P002157,2025-12-31,employed,138,34396.7
P002158,2025-12-31,employed,324,34046.76
P002159,2025-12-31,employed,365,22384.05
P002160,2025-12-31,marginal,77,5849.03
P002161,2025-12-31,marginal,87,5262.02
P002164,2025-12-31,employed,299,21700.58
P002166,2025-12-31,employed,328,29494.33
P002167,2025-12-31,employed,300,36011.14
P002169,2025-12-31,employed,250,29384.16
P002170,2025-12-31,employed,285,24393.43
P002172,2025-12-31,employed,365,21074.43
P002173,2025-12-31,marginal,112,4417.77
P002174,2025-12-31,self_employed,315,102249.31
P002181,2025-12-31,marginal,126,6350.31
P002182,2025-12-31,employed,230,22287.34
P002186,2025-12-31,employed,365,28683.31
P002187,2025-12-31,employed,365,37523.07
P002189,2025-12-31,self_employed,214,31243.56
P002190,2025-12-31,employed,316,22972.58
P002194,2025-12-31,self_employed,331,24556.96
P002195,2025-12-31,employed,285,16316.3
P002197,2025-12-31,employed,160,21344.84
P002202,2025-12-31,marginal,48,7153.93
P002204,2025-12-31,marginal,85,3802.56
P002206,2025-12-31,employed,229,25544.56
P002209,2025-12-31,employed,313,42645.68
P002210,2025-12-31,employed,218,32999.51
P002211,2025-12-31,marginal,66,3214.57
P002212,2025-12-31,employed,291,NA
P002213,2025-12-31,employed,212,32551.83
P002215,2025-12-31,employed,363,14803.94
P002216,2025-12-31,employed,256,49293.54
P002219,2025-12-31,employed,268,33556.14
P002220,2025-12-31,marginal,148,5869.33
P002221,2025-12-31,employed,247,25876.63
P002229,2025-12-31,employed,328,20954.21
P002230,2025-12-31,employed,365,37993.65
P002243,2025-12-31,employed,344,16475.82
P002245,2025-12-31,employed,345,33035.85
P002247,2025-12-31,employed,247,71368.33
P002248,2025-12-31,employed,293,22160.4
P002250,2025-12-31,employed,282,47674.64
P002252,2025-12-31,employed,322,20954.67
P002254,2025-12-31,employed,355,20086.44
P002255,2025-12-31,employed,245,34849.33
P002257,2025-12-31,self_employed,365,111836.44
P002263,2025-12-31,employed,289,34295.12
P002264,2025-12-31,employed,299,36489.01
P002265,2025-12-31,employed,253,37701.19
P002266,2025-12-31,employed,264,26802.64
P002267,2025-12-31,employed,317,17758.61
P002268,2025-12-31,employed,302,29023.91
P002269,2025-12-31,employed,279,35954.87
P002270,2025-12-31,employed,340,44113.65
P002271,2025-12-31,no_record,0,0
P002272,2025-12-31,employed,188,8976.94
P002276,2025-12-31,self_employed,231,53483.31
P002277,2025-12-31,employed,269,58417.82
P002278,2025-12-31,employed,225,31654.64
P002282,2025-12-31,employed,294,13502.99
P002284,2025-12-31,employed,359,9249.9
P002286,2025-12-31,marginal,68,3081.82
P002288,2025-12-31,employed,321,32091.78
P002290,2025-12-31,employed,326,55189.68
P002291,2025-12-31,marginal,141,2496.75
P002292,2025-12-31,employed,337,15215.43
P002294,2025-12-31,marginal,105,3053.05
P002296,2025-12-31,employed,269,39197.63
P002297,2025-12-31,self_employed,185,19841.24
P002298,2025-12-31,employed,189,62605.2
P002302,2025-12-31,employed,229,29936.63
P002305,2025-12-31,marginal,127,6153.09
P002308,2025-12-31,employed,290,21936.09
P002311,2025-12-31,marginal,138,5366.71
P002312,2025-12-31,self_employed,276,63266.27
P002318,2025-12-31,employed,218,25400.18
P002319,2025-12-31,self_employed,322,26843.65
P002320,2025-12-31,employed,286,11855.21
P002323,2025-12-31,employed,219,13161.68
P002324,2025-12-31,employed,258,17846.73
P002327,2025-12-31,self_employed,307,10017.63
P002328,2025-12-31,employed,300,37740.04
P002329,2025-12-31,employed,282,43688.02
P002330,2025-12-31,marginal,65,5714.25
P002333,2025-12-31,employed,365,21753.28
P002341,2025-12-31,employed,287,40443.23
P002343,2025-12-31,marginal,167,3608.32
P002346,2025-12-31,employed,302,17249.95
P002347,2025-12-31,employed,279,9822.14
P002349,2025-12-31,employed,317,23611.27
P002350,2025-12-31,employed,261,43142.77
P002353,2025-12-31,employed,260,30674.6
P002354,2025-12-31,employed,295,41525.37
P002356,2025-12-31,employed,278,13126.59
P002358,2025-12-31,employed,296,14900.78
P002359,2025-12-31,employed,302,35542.88
P002360,2025-12-31,self_employed,170,13370.49
P002364,2025-12-31,employed,278,28853.12
P002365,2025-12-31,employed,365,25645.82
P002369,2025-12-31,employed,244,21503.7
P002370,2025-12-31,employed,302,23054.54
P002372,2025-12-31,employed,320,21989.18
P002374,2025-12-31,no_record,0,0
P002375,2025-12-31,employed,277,32961.16
P002376,2025-12-31,employed,276,29014.34
P002380,2025-12-31,employed,365,22317.69
P002381,2025-12-31,employed,309,25013.85
P002382,2025-12-31,employed,310,18954.51
P002385,2025-12-31,employed,282,18292.13
P002386,2025-12-31,employed,313,27869.81
P002387,2025-12-31,employed,206,12374.77
P002388,2025-12-31,employed,305,11625.86
P002390,2025-12-31,employed,286,28907.45
P002391,2025-12-31,employed,238,45186
P002392,2025-12-31,employed,295,10078.46
P002393,2025-12-31,employed,281,43460.05
P002396,2025-12-31,employed,298,18904.9
P002398,2025-12-31,employed,253,44485.24
P002400,2025-12-31,employed,284,34847.77
P002401,2025-12-31,employed,258,48355.31
P002403,2025-12-31,employed,365,49390.2
P002404,2025-12-31,employed,365,30528.73
P002407,2025-12-31,employed,348,31573.13
P002410,2025-12-31,self_employed,143,63484.88
P002411,2025-12-31,employed,365,61833.65
P002412,2025-12-31,employed,226,50574.25
P002415,2025-12-31,employed,234,26987.03
P002416,2025-12-31,employed,291,28526.15
P002417,2025-12-31,self_employed,192,6559.45
P002418,2025-12-31,self_employed,247,30477.4
P002419,2025-12-31,employed,356,31183.22
P002423,2025-12-31,employed,365,12941.49
P002424,2025-12-31,employed,272,24336.28
P002425,2025-12-31,employed,241,29402.02
P002431,2025-12-31,employed,258,20280.69
P002432,2025-12-31,employed,349,45874.3
P002433,2025-12-31,employed,161,27712.08
P002434,2025-12-31,marginal,178,3814.04
P002435,2025-12-31,employed,364,45568.94
P002436,2025-12-31,employed,250,56905.71
P002440,2025-12-31,employed,236,28290.8
P002442,2025-12-31,employed,275,21970.62
P002444,2025-12-31,employed,279,26009.41
P002445,2025-12-31,marginal,5,3546.2
P002446,2025-12-31,employed,283,12762.96
P002449,2025-12-31,employed,306,31300.94
P002454,2025-12-31,marginal,129,NA
P002455,2025-12-31,employed,302,37013.6
P002456,2025-12-31,employed,268,27865.46
P002457,2025-12-31,employed,262,21845.13
P002458,2025-12-31,employed,321,26448.84
P002460,2025-12-31,marginal,144,2799.18
P002461,2025-12-31,marginal,17,5451.79
P002462,2025-12-31,marginal,118,5506.91
P002463,2025-12-31,employed,240,33190.45
P002467,2025-12-31,self_employed,257,43295.89
P002469,2025-12-31,employed,208,59284.18
P002473,2025-12-31,employed,318,13955.24
P002476,2025-12-31,marginal,100,3558.27
P002477,2025-12-31,employed,297,20538.55
P002478,2025-12-31,employed,309,29042.95
P002479,2025-12-31,self_employed,106,11580.98
P002480,2025-12-31,employed,297,74284.08
P002481,2025-12-31,employed,300,17448.28
P002482,2025-12-31,employed,312,19190.07
P002490,2025-12-31,employed,223,33127.06
P002493,2025-12-31,employed,176,42053.22
P002495,2025-12-31,employed,243,60032.74
P002496,2025-12-31,employed,338,37554.46
P002500,2025-12-31,employed,293,19952.53
P002501,2025-12-31,employed,NA,18491.89
P002502,2025-12-31,employed,293,22327.89
P002503,2025-12-31,employed,236,14020.49
P002507,2025-12-31,marginal,108,5590.58
P002510,2025-12-31,employed,347,12857.5
P002512,2025-12-31,employed,365,NA
P002515,2025-12-31,employed,246,15575.95
P002518,2025-12-31,employed,187,27974.37
P002520,2025-12-31,employed,183,19051.19
P002524,2025-12-31,employed,249,47115.38
P002525,2025-12-31,employed,221,22860.28
P002527,2025-12-31,self_employed,275,52387.58
P002531,2025-12-31,employed,365,23173.73
P002532,2025-12-31,marginal,NA,2264.38
P002533,2025-12-31,employed,189,13930.94
P002534,2025-12-31,employed,260,21961.02
P002536,2025-12-31,marginal,108,4484.97
P002540,2025-12-31,employed,318,74057.18
P002541,2025-12-31,employed,285,17562.38
P002542,2025-12-31,employed,254,27886.18
P002545,2025-12-31,employed,321,34268.82
P002546,2025-12-31,employed,305,20883.74
P002547,2025-12-31,self_employed,360,22863.92
P002548,2025-12-31,employed,365,41084.93
P002549,2025-12-31,employed,365,27644.34
P002550,2025-12-31,employed,287,29657.7
P002551,2025-12-31,employed,350,10454.02
P002554,2025-12-31,employed,365,22609.34
P002555,2025-12-31,employed,325,40705.71
P002559,2025-12-31,employed,291,11986.36
P002561,2025-12-31,employed,349,42005.53
P002564,2025-12-31,employed,199,28164.63
P002565,2025-12-31,employed,317,13741.01
P002567,2025-12-31,employed,341,48981.23
P002568,2025-12-31,employed,157,20305.52
P002571,2025-12-31,employed,244,24948.76
P002572,2025-12-31,employed,358,21059.19
P002573,2025-12-31,marginal,86,3088.49
P002574,2025-12-31,employed,365,31343.31
P002576,2025-12-31,employed,309,11468.8
P002578,2025-12-31,employed,241,48673.1
P002580,2025-12-31,employed,324,41005.16
P002583,2025-12-31,employed,360,39784.02
P002584,2025-12-31,employed,290,35458.92
P002585,2025-12-31,marginal,88,2945.8
P002589,2025-12-31,employed,329,16832.83
P002596,2025-12-31,employed,239,28923.11
P002597,2025-12-31,employed,252,25174.91
P002600,2025-12-31,marginal,95,5906.91
P002604,2025-12-31,employed,333,27306.92
P002605,2025-12-31,employed,274,52573.95
P002609,2025-12-31,employed,281,17309.12
P002610,2025-12-31,employed,194,23893.42
P002613,2025-12-31,marginal,114,3680.45
P002614,2025-12-31,self_employed,231,7499.87
P002620,2025-12-31,employed,352,25842.33
P002621,2025-12-31,employed,365,27275.71
P002624,2025-12-31,employed,365,24536.56
P002625,2025-12-31,employed,294,51696.81
P002626,2025-12-31,employed,321,23302.62
P002627,2025-12-31,marginal,100,3510.91
P002629,2025-12-31,self_employed,274,38557.41
P002630,2025-12-31,employed,339,29537.48
P002631,2025-12-31,self_employed,77,16541.24
P002633,2025-12-31,marginal,127,6393.21
P002635,2025-12-31,employed,248,15373.48
P002636,2025-12-31,marginal,149,3772.53
P002638,2025-12-31,employed,284,28852.01
P002645,2025-12-31,marginal,116,8001.41
P002651,2025-12-31,employed,273,16061.21
P002652,2025-12-31,employed,337,28898.77
P002657,2025-12-31,employed,356,18112.24
P002659,2025-12-31,employed,344,18068.87
P002665,2025-12-31,employed,271,54455.74
P002666,2025-12-31,employed,365,26815.05
P002667,2025-12-31,employed,330,49303.95
P002672,2025-12-31,employed,362,23344.03
P002676,2025-12-31,employed,236,39190.57
P002683,2025-12-31,employed,308,43221.65
P002684,2025-12-31,self_employed,188,45140.63
P002686,2025-12-31,employed,279,92156.38
P002687,2025-12-31,employed,270,25487.98
P002689,2025-12-31,employed,191,23706.39
P002691,2025-12-31,employed,261,10445.74
P002696,2025-12-31,employed,352,52764.43
P002698,2025-12-31,employed,263,19625.33
P002699,2025-12-31,employed,223,27413.02
P002700,2025-12-31,employed,337,26064.66
P002701,2025-12-31,no_record,0,0
P002702,2025-12-31,employed,237,20605.79
P002703,2025-12-31,employed,237,22493.78
P002704,2025-12-31,employed,281,21155.93
P002707,2025-12-31,employed,294,NA
P002708,2025-12-31,employed,317,28569.83
P002710,2025-12-31,self_employed,191,64217.62
P002712,2025-12-31,employed,250,20442.67
P002715,2025-12-31,employed,340,37917.59
P002723,2025-12-31,self_employed,354,43754.6
P002726,2025-12-31,employed,216,23242.15
P002727,2025-12-31,employed,298,33296.93
P002728,2025-12-31,self_employed,283,30533.24
P002731,2025-12-31,employed,309,16010.05
P002736,2025-12-31,employed,221,21729.3
P002737,2025-12-31,employed,365,15607.24
P002738,2025-12-31,marginal,34,3524.7
P002739,2025-12-31,employed,286,50687.13
P002742,2025-12-31,employed,365,7488.77
P002743,2025-12-31,employed,318,45133.07
P002746,2025-12-31,employed,332,20773.17
P002748,2025-12-31,marginal,101,4475.11
P002749,2025-12-31,employed,346,17302.14
P002752,2025-12-31,employed,345,25215.3
P002753,2025-12-31,marginal,157,6559.95
P002755,2025-12-31,employed,291,17466.29
P002761,2025-12-31,employed,266,30405.38
P002762,2025-12-31,marginal,238,4679.17
P002765,2025-12-31,employed,296,47370.34
P002766,2025-12-31,employed,345,24475.61
P002767,2025-12-31,employed,353,44617.9
P002768,2025-12-31,employed,261,15967.99
P002770,2025-12-31,employed,331,25006.46
P002777,2025-12-31,marginal,107,3935.99
P002778,2025-12-31,employed,242,26181.31
P002781,2025-12-31,employed,289,23070.54
P002784,2025-12-31,marginal,109,13579.63
P002786,2025-12-31,employed,339,30667.34
P002788,2025-12-31,employed,306,13674.99
P002789,2025-12-31,employed,292,23754
P002790,2025-12-31,self_employed,207,40856.62
P002792,2025-12-31,employed,334,12248.48
P002796,2025-12-31,employed,330,31546.75
P002797,2025-12-31,marginal,92,3120.58
P002798,2025-12-31,employed,329,28155.49
P002799,2025-12-31,employed,365,37485.78
P002800,2025-12-31,marginal,43,6613.91
P002801,2025-12-31,employed,243,27605.02
P002807,2025-12-31,self_employed,311,23619.51
P002809,2025-12-31,employed,243,24716.55
P002810,2025-12-31,self_employed,137,30888.95
P002811,2025-12-31,employed,202,13835.12
P002813,2025-12-31,employed,343,NA
P002814,2025-12-31,self_employed,256,16690.86
P002818,2025-12-31,employed,253,28100.99
P002819,2025-12-31,employed,249,29261.9
P002822,2025-12-31,no_record,0,0
P002823,2025-12-31,employed,331,29274.72
P002825,2025-12-31,marginal,107,6265.06
P002826,2025-12-31,employed,301,16730.4
P002827,2025-12-31,employed,323,26106.07
P002828,2025-12-31,employed,240,36802.02
P002832,2025-12-31,employed,297,20699.19
P002835,2025-12-31,employed,217,38638.13
P002838,2025-12-31,employed,358,22314.58
P002839,2025-12-31,employed,248,33619.53
P002840,2025-12-31,employed,213,28857.7
P002841,2025-12-31,employed,270,69290.49
P002842,2025-12-31,employed,365,58816.35
P002843,2025-12-31,employed,280,13777.83
P002845,2025-12-31,marginal,109,3582.2
P002847,2025-12-31,employed,257,19509.15
P002848,2025-12-31,employed,356,15667.29
P002850,2025-12-31,marginal,164,4321.81
P002853,2025-12-31,employed,270,34542.67
P002856,2025-12-31,self_employed,296,13183.83
P002857,2025-12-31,employed,269,22674.43
P002860,2025-12-31,marginal,138,5085.56
P002861,2025-12-31,marginal,116,7306.35
P002862,2025-12-31,employed,296,20082.53
P002864,2025-12-31,self_employed,222,40057.99
P002865,2025-12-31,employed,297,44057.96
P002870,2025-12-31,marginal,46,6599.38
P002871,2025-12-31,employed,337,7790.73
P002874,2025-12-31,employed,249,40227.29
P002875,2025-12-31,no_record,0,0
P002878,2025-12-31,employed,365,20570.02
P002879,2025-12-31,employed,244,18373.38
P002881,2025-12-31,employed,363,14209.46
P002882,2025-12-31,employed,236,31528.57
P002885,2025-12-31,employed,336,29126.88
P002888,2025-12-31,employed,365,40109.32
P002889,2025-12-31,employed,307,30120.23
P002890,2025-12-31,employed,270,76013.15
P002891,2025-12-31,employed,129,30144.13
P002893,2025-12-31,marginal,126,7308.92
P002897,2025-12-31,employed,347,23879.34
P002899,2025-12-31,employed,304,40122.22
P002900,2025-12-31,employed,295,22738.38
P002902,2025-12-31,employed,201,30321.71
P002903,2025-12-31,employed,324,36505.85
P002905,2025-12-31,employed,321,58408.43
P002907,2025-12-31,employed,231,24371.03
P002909,2025-12-31,self_employed,213,12679.19
P002910,2025-12-31,self_employed,263,12847.09
P002912,2025-12-31,employed,288,51757.3
P002914,2025-12-31,employed,292,37935.84
P002916,2025-12-31,marginal,62,7184.72
P002918,2025-12-31,employed,264,34052.53
P002925,2025-12-31,employed,325,54878.84
P002928,2025-12-31,employed,212,69695.05
P002929,2025-12-31,employed,197,37463.31
P002930,2025-12-31,employed,365,20189.79
P002932,2025-12-31,employed,348,33558.86
P002933,2025-12-31,marginal,79,5855.68
P002934,2025-12-31,employed,328,36274.56
P002935,2025-12-31,marginal,106,6119.39
P002936,2025-12-31,employed,294,28335.78
P002937,2025-12-31,employed,282,45606.49
P002938,2025-12-31,employed,271,33950.49
P002941,2025-12-31,employed,192,22712.11
P002942,2025-12-31,self_employed,214,34754.46
P002943,2025-12-31,self_employed,306,9946.43
P002945,2025-12-31,employed,176,16171.88
P002950,2025-12-31,employed,359,30856.54
P002951,2025-12-31,employed,353,23015.45
P002957,2025-12-31,self_employed,131,22986.41
P002958,2025-12-31,employed,249,32057.14
P002959,2025-12-31,employed,277,21138.5
P002960,2025-12-31,employed,332,47369.6
P002962,2025-12-31,employed,306,21635.6
P002964,2025-12-31,no_record,NA,0
P002965,2025-12-31,employed,365,21174.56
P002966,2025-12-31,employed,237,24007.91
P002967,2025-12-31,marginal,143,4173.03
P002970,2025-12-31,employed,228,10928.09
P002976,2025-12-31,no_record,0,0
P002977,2025-12-31,employed,291,27672.34
P002979,2025-12-31,marginal,203,8242.98
P002984,2025-12-31,employed,214,29191.78
P002986,2025-12-31,employed,275,46334.91
P002987,2025-12-31,employed,264,20687.43
P002988,2025-12-31,employed,280,22577.72
P002990,2025-12-31,marginal,107,4609.45
P002994,2025-12-31,employed,294,81271.7
P002995,2025-12-31,employed,342,12640.49
P002996,2025-12-31,employed,328,9615.79
P002999,2025-12-31,employed,289,26707.47
P003001,2025-12-31,marginal,NA,5202.81
P003004,2025-12-31,employed,356,23725.12
P003006,2025-12-31,employed,285,25661
P003010,2025-12-31,employed,332,53717.02
P003012,2025-12-31,employed,288,16535.39
P003017,2025-12-31,employed,198,11920.49
P003018,2025-12-31,employed,153,31644.56
P003019,2025-12-31,employed,236,18801.18
P003020,2025-12-31,employed,225,25899.83
P003022,2025-12-31,employed,263,37759.69
P003024,2025-12-31,employed,287,14255.16
P003026,2025-12-31,employed,325,11453.03
P003027,2025-12-31,employed,228,45601.33
P003028,2025-12-31,employed,216,17809.77
P003034,2025-12-31,employed,260,9662.96
P003036,2025-12-31,employed,258,29004.87
P003037,2025-12-31,employed,331,33234.24
P003038,2025-12-31,employed,344,8231.35
P003041,2025-12-31,employed,348,11117.8
P003043,2025-12-31,self_employed,190,17415.32
P003045,2025-12-31,employed,240,24734.57
P003046,2025-12-31,employed,313,21843.62
P003048,2025-12-31,employed,357,33990.06
P003050,2025-12-31,employed,365,34919.02
P003055,2025-12-31,employed,223,31952.57
P003057,2025-12-31,employed,180,25408.36
P003058,2025-12-31,employed,350,10486.49
P003059,2025-12-31,marginal,117,4527.16
P003063,2025-12-31,employed,349,24460.75
P003064,2025-12-31,self_employed,190,15071.64
P003067,2025-12-31,employed,267,55957.96
P003068,2025-12-31,employed,313,16328.59
P003072,2025-12-31,marginal,95,3732.52
P003073,2025-12-31,self_employed,264,17999.93
P003076,2025-12-31,employed,NA,29673.07
P003079,2025-12-31,employed,294,31305.72
P003085,2025-12-31,employed,289,23968.69
P003089,2025-12-31,employed,307,21093.7
P003092,2025-12-31,marginal,79,4725.93
P003093,2025-12-31,employed,212,29804.43
P003095,2025-12-31,no_record,0,0
P003100,2025-12-31,employed,365,29212.67
P003101,2025-12-31,no_record,0,0
P003106,2025-12-31,employed,365,14488.66
P003109,2025-12-31,marginal,133,4742.3
P003115,2025-12-31,employed,306,27420.11
P003116,2025-12-31,employed,328,62308.19
P003117,2025-12-31,employed,236,56910.92
P003120,2025-12-31,employed,280,49591.48
P003121,2025-12-31,employed,283,31381.47
P003122,2025-12-31,employed,360,19741.22
P003123,2025-12-31,employed,296,17198.75
P003124,2025-12-31,employed,287,29085.53
P003125,2025-12-31,self_employed,271,46715.87
P003128,2025-12-31,employed,299,50041.94
P003131,2025-12-31,employed,241,32508.17
P003133,2025-12-31,employed,192,21870.05
P003134,2025-12-31,employed,266,36005.59
P003135,2025-12-31,employed,274,28811.7
P003136,2025-12-31,self_employed,188,32370.46
P003137,2025-12-31,employed,348,36649.84
P003138,2025-12-31,employed,338,16354.55
P003140,2025-12-31,self_employed,287,58507.62
P003146,2025-12-31,employed,306,54141.49
P003147,2025-12-31,employed,365,25661.2
P003149,2025-12-31,employed,259,40977.63
P003150,2025-12-31,employed,235,18986.8
P003153,2025-12-31,employed,293,78342.5
P003154,2025-12-31,employed,342,17416.55
P003157,2025-12-31,employed,332,50461.18
P003158,2025-12-31,employed,294,24593.63
P003161,2025-12-31,employed,295,33415.49
P003165,2025-12-31,employed,200,19722.01
P003168,2025-12-31,employed,236,27652.41
P003170,2025-12-31,self_employed,253,15830.82
P003171,2025-12-31,employed,251,17861.68
P003174,2025-12-31,employed,215,62659.91
P003175,2025-12-31,employed,365,26468.39
P003176,2025-12-31,marginal,20,5434.97
P003177,2025-12-31,marginal,51,7437.1
P003183,2025-12-31,employed,340,32092.81
P003185,2025-12-31,employed,272,55528.89
P003186,2025-12-31,employed,266,30272.95
P003187,2025-12-31,employed,265,21134.46
P003188,2025-12-31,employed,239,26737.33
P003189,2025-12-31,employed,351,55392.4
P003195,2025-12-31,employed,250,37481.24
P003197,2025-12-31,employed,364,31405.93
P003198,2025-12-31,employed,226,22934.7
P003199,2025-12-31,employed,213,20379.15
P003202,2025-12-31,employed,275,36947.63
P003204,2025-12-31,employed,260,19786.61
P003209,2025-12-31,marginal,116,5381.7
P003210,2025-12-31,employed,295,25153.37
P003212,2025-12-31,marginal,137,3701.69
P003213,2025-12-31,marginal,91,4767.79
P003216,2025-12-31,employed,365,24897.33
P003221,2025-12-31,employed,233,35293.36
P003223,2025-12-31,marginal,103,8469.59
P003227,2025-12-31,marginal,68,5327.12
P003229,2025-12-31,employed,349,25979.36
P003231,2025-12-31,employed,237,37017.22
P003233,2025-12-31,employed,220,33193.04
P003235,2025-12-31,employed,243,16099.36
P003237,2025-12-31,employed,326,14020.29
P003238,2025-12-31,employed,NA,13770.77
P003239,2025-12-31,marginal,169,4084.25
P003240,2025-12-31,employed,142,25778.52
P003242,2025-12-31,employed,348,31995.19
P003244,2025-12-31,employed,NA,29936.95
P003246,2025-12-31,employed,278,12634.58
P003249,2025-12-31,employed,293,12484.04
P003250,2025-12-31,employed,207,11589.33
P003251,2025-12-31,marginal,123,4616.45
P003252,2025-12-31,employed,360,37768.28
P003253,2025-12-31,marginal,109,7920.4
P003259,2025-12-31,self_employed,161,35492.75
P003262,2025-12-31,employed,271,32306.02
P003266,2025-12-31,employed,318,24230.07
P003267,2025-12-31,employed,244,27941.9
P003272,2025-12-31,employed,201,53453.75
P003276,2025-12-31,employed,329,55356.46
P003277,2025-12-31,self_employed,336,20043.1
P003279,2025-12-31,employed,364,25462.79
P003280,2025-12-31,employed,296,23638.03
P003284,2025-12-31,employed,269,22164.19
P003286,2025-12-31,marginal,130,5635.39
P003291,2025-12-31,marginal,129,3905.11
P003293,2025-12-31,employed,280,22427.42
P003294,2025-12-31,employed,166,14149.34
P003296,2025-12-31,employed,288,21602.15
P003297,2025-12-31,employed,297,47749.46
P003298,2025-12-31,employed,340,43057.85
P003299,2025-12-31,self_employed,285,9431.53
P003300,2025-12-31,marginal,153,5088.88
P003302,2025-12-31,employed,233,29778.45
P003303,2025-12-31,employed,337,37201.87
P003306,2025-12-31,employed,293,40927.91
P003310,2025-12-31,employed,313,28372.72
P003312,2025-12-31,employed,197,35135.82
P003313,2025-12-31,employed,350,17255.72
P003314,2025-12-31,employed,332,17558.59
P003315,2025-12-31,marginal,69,8167.43
P003317,2025-12-31,employed,331,31807.59
P003319,2025-12-31,employed,365,13926.61
P003321,2025-12-31,employed,312,15368.51
P003323,2025-12-31,employed,344,19949.4
P003325,2025-12-31,employed,202,15784.99
P003328,2025-12-31,employed,232,26335.92
P003329,2025-12-31,marginal,102,4033.11
P003330,2025-12-31,employed,339,23362.92
P003331,2025-12-31,employed,266,19272.8
P003332,2025-12-31,employed,254,28093.67
P003335,2025-12-31,employed,189,35296.4
P003339,2025-12-31,marginal,60,2975.96
P003341,2025-12-31,employed,257,23844.28
P003342,2025-12-31,employed,268,41325.12
P003343,2025-12-31,marginal,79,5328.22
P003347,2025-12-31,no_record,0,0
P003348,2025-12-31,employed,255,18168.3
P003350,2025-12-31,employed,251,16946.45
P003353,2025-12-31,marginal,174,3826.38
P003354,2025-12-31,self_employed,365,35103.99
P003355,2025-12-31,employed,365,28748.92
P003357,2025-12-31,marginal,194,8371.8
P003361,2025-12-31,self_employed,261,11782.54
P003364,2025-12-31,no_record,0,0
P003365,2025-12-31,employed,249,24614.41
P003366,2025-12-31,marginal,66,3270.89
P003367,2025-12-31,employed,196,19176.69
P003368,2025-12-31,employed,334,18450.44
P003370,2025-12-31,employed,163,16573.6
P003372,2025-12-31,employed,335,17105.23
P003374,2025-12-31,employed,252,43465.78
P003376,2025-12-31,marginal,98,3491.45
P003378,2025-12-31,employed,286,31956.89
P003379,2025-12-31,employed,243,40384.81
P003380,2025-12-31,self_employed,267,32208.74
P003381,2025-12-31,employed,331,35731.3
P003383,2025-12-31,employed,224,83448.87
P003384,2025-12-31,employed,209,17611.9
P003385,2025-12-31,marginal,112,8536.83
P003386,2025-12-31,employed,232,55851.81
P003387,2025-12-31,employed,206,48287.84
P003388,2025-12-31,employed,267,28046.22
P003389,2025-12-31,employed,270,22539.95
P003391,2025-12-31,employed,365,45487.28
P003395,2025-12-31,employed,291,40627.31
P003396,2025-12-31,employed,346,25822.41
P003397,2025-12-31,employed,226,27237.21
P003400,2025-12-31,employed,258,15300.79
P003401,2025-12-31,marginal,125,6264.55
P003403,2025-12-31,employed,286,36110.35
P003404,2025-12-31,employed,274,26219.75
P003407,2025-12-31,employed,319,50610.07
P003408,2025-12-31,employed,365,26519.39
P003411,2025-12-31,employed,259,36658.02
P003412,2025-12-31,employed,341,26131.91
P003413,2025-12-31,employed,261,27466.89
P003414,2025-12-31,marginal,134,6124.12
P003415,2025-12-31,self_employed,356,38144.36
P003417,2025-12-31,employed,289,NA
P003418,2025-12-31,self_employed,224,20968.8
P003419,2025-12-31,employed,286,43616.99
P003424,2025-12-31,employed,339,42463.82
P003428,2025-12-31,marginal,96,6518.15
P003429,2025-12-31,marginal,122,7525.95
P003433,2025-12-31,employed,242,35980.58
P003435,2025-12-31,employed,259,21799.12
P003437,2025-12-31,employed,303,33377.14
P003438,2025-12-31,marginal,115,3996.01
P003439,2025-12-31,self_employed,170,22205.7
P003440,2025-12-31,self_employed,336,31670.96
P003441,2025-12-31,employed,316,40403.01
P003444,2025-12-31,employed,271,13077.29
P003445,2025-12-31,marginal,147,4240.89
P003454,2025-12-31,employed,327,25925.48
P003455,2025-12-31,employed,365,20400
P003463,2025-12-31,employed,337,32560.46
P003466,2025-12-31,employed,307,50400.12
P003467,2025-12-31,employed,326,18038.05
P003468,2025-12-31,self_employed,182,18121.61
P003471,2025-12-31,employed,292,15509.24
P003475,2025-12-31,self_employed,229,23549.56
P003480,2025-12-31,employed,242,17780.02
P003485,2025-12-31,self_employed,249,8597.76
P003486,2025-12-31,employed,283,26046.02
P003490,2025-12-31,employed,335,27243.96
P003491,2025-12-31,self_employed,302,16489.85
P003493,2025-12-31,employed,240,23509.36
P003495,2025-12-31,employed,244,30026.02
P003498,2025-12-31,self_employed,180,22483.87
P003499,2025-12-31,self_employed,336,103956.5
P003501,2025-12-31,employed,295,35681.18
P003502,2025-12-31,employed,256,19126.25
P003503,2025-12-31,marginal,85,4331.45
P003504,2025-12-31,employed,365,27645.04
P003505,2025-12-31,employed,344,20921.82
P003508,2025-12-31,employed,332,22255.05
P003509,2025-12-31,marginal,104,5472.03
P003512,2025-12-31,employed,270,33899.98
P003514,2025-12-31,employed,325,38807.59
P003515,2025-12-31,employed,359,30451.62
P003516,2025-12-31,employed,248,18841.06
P003519,2025-12-31,employed,263,27928.28
P003521,2025-12-31,employed,272,15415.4
P003522,2025-12-31,employed,283,10279.68
P003527,2025-12-31,marginal,160,2577.6
P003529,2025-12-31,employed,359,21403.27
P003534,2025-12-31,employed,339,19451.06
P003537,2025-12-31,self_employed,132,43140.66
P003542,2025-12-31,employed,292,24992.12
P003544,2025-12-31,employed,291,9752.32
P003546,2025-12-31,employed,295,31829.61
P003547,2025-12-31,employed,238,30613.44
P003548,2025-12-31,self_employed,159,24844.83
P003553,2025-12-31,employed,305,36471.93
P003555,2025-12-31,employed,349,42193.91
P003558,2025-12-31,employed,NA,25454.79
P003559,2025-12-31,marginal,146,4092.24
P003560,2025-12-31,employed,292,18419.14
P003561,2025-12-31,employed,344,41039.49
P003562,2025-12-31,employed,271,26113.21
P003564,2025-12-31,no_record,0,0
P003565,2025-12-31,employed,294,50379.04
P003566,2025-12-31,self_employed,211,23895.34
P003568,2025-12-31,employed,216,27934.16
P003570,2025-12-31,employed,87,9350.92
P003571,2025-12-31,employed,365,44936.87
P003572,2025-12-31,self_employed,252,15525.73
P003577,2025-12-31,employed,351,9184.86
P003579,2025-12-31,employed,333,47297.02
P003585,2025-12-31,employed,365,40093.88
P003587,2025-12-31,no_record,0,0
P003588,2025-12-31,self_employed,243,18147.03
P003593,2025-12-31,self_employed,302,42359.65
P003595,2025-12-31,employed,312,45373.04
P003601,2025-12-31,employed,283,13212.94
P003602,2025-12-31,employed,210,30597.7
P003604,2025-12-31,marginal,26,4660.92
P003609,2025-12-31,employed,295,27282.86
P003610,2025-12-31,employed,282,25927.88
P003612,2025-12-31,employed,280,23441.86
P003613,2025-12-31,employed,277,34229.31
P003614,2025-12-31,employed,314,38105.3
P003616,2025-12-31,employed,335,13346.35
P003619,2025-12-31,employed,189,21168.09
P003621,2025-12-31,employed,303,NA
P003626,2025-12-31,employed,262,27200.39
P003627,2025-12-31,employed,326,36027.38
P003628,2025-12-31,employed,353,43441.28
P003631,2025-12-31,employed,322,20941.1
P003632,2025-12-31,marginal,172,6088.82
P003633,2025-12-31,employed,245,36190.81
P003636,2025-12-31,employed,169,18965.66
P003637,2025-12-31,marginal,197,6822.59
P003639,2025-12-31,marginal,5,5778.25
P003640,2025-12-31,no_record,0,0
P003641,2025-12-31,no_record,0,0
P003643,2025-12-31,marginal,90,4458.84
P003653,2025-12-31,self_employed,191,12381.16
P003654,2025-12-31,employed,268,43750.74
P003656,2025-12-31,employed,330,26433.15
P003657,2025-12-31,employed,233,21091.51
P003658,2025-12-31,employed,286,37912.52
P003659,2025-12-31,employed,297,42521.17
P003661,2025-12-31,employed,313,30786.15
P003664,2025-12-31,employed,349,24467.99
P003665,2025-12-31,employed,273,35213.87
P003672,2025-12-31,employed,352,31028.89
P003674,2025-12-31,employed,215,27074.75
P003676,2025-12-31,employed,292,22849.2
P003678,2025-12-31,employed,282,25044.77
P003682,2025-12-31,employed,307,18270.72
P003683,2025-12-31,employed,213,44587.27
P003685,2025-12-31,self_employed,207,38802.56
P003687,2025-12-31,employed,242,16420.51
P003689,2025-12-31,employed,287,52600.62
P003692,2025-12-31,employed,349,30609.56
P003693,2025-12-31,employed,283,52525.6
P003694,2025-12-31,marginal,149,5704.88
P003695,2025-12-31,employed,322,40827.76
P003698,2025-12-31,marginal,111,3769.87
P003699,2025-12-31,marginal,144,6626.33
P003701,2025-12-31,employed,244,NA
P003703,2025-12-31,employed,349,40784.29
P003704,2025-12-31,employed,243,30226.78
P003706,2025-12-31,employed,183,31683.67
P003708,2025-12-31,employed,278,36959.82
P003711,2025-12-31,employed,179,33859.28
P003714,2025-12-31,employed,303,26850.66
P003715,2025-12-31,employed,254,24743.06
P003716,2025-12-31,marginal,111,8034.65
P003717,2025-12-31,no_record,0,0
P003718,2025-12-31,employed,261,25265.51
P003719,2025-12-31,self_employed,199,26046.77
P003720,2025-12-31,employed,365,36957.65
P003725,2025-12-31,employed,221,9870.56
P003727,2025-12-31,employed,307,28842.09
P003728,2025-12-31,self_employed,315,16161.56
P003729,2025-12-31,employed,334,18785.42
P003730,2025-12-31,employed,196,35769.3
P003731,2025-12-31,employed,253,21310.44
P003733,2025-12-31,employed,190,38717.34
P003736,2025-12-31,employed,299,29072.66
P003738,2025-12-31,employed,275,20399.53
P003743,2025-12-31,employed,365,16302.61
P003744,2025-12-31,marginal,102,3360.94
P003746,2025-12-31,employed,282,44454.73
P003747,2025-12-31,employed,233,52238.56
P003750,2025-12-31,employed,359,23022.7
P003751,2025-12-31,employed,300,94224.99
P003752,2025-12-31,employed,288,20588.3
P003753,2025-12-31,employed,352,46586.81
P003756,2025-12-31,employed,365,90107.54
P003761,2025-12-31,employed,254,16553.99
P003764,2025-12-31,employed,240,44802.39
P003765,2025-12-31,employed,355,27353.15
P003767,2025-12-31,employed,258,18255.45
P003768,2025-12-31,marginal,139,2481.93
P003775,2025-12-31,employed,342,36476.73
P003776,2025-12-31,employed,273,22229.05
P003777,2025-12-31,marginal,104,7086.68
P003779,2025-12-31,employed,301,61315.26
P003782,2025-12-31,employed,240,23837.52
P003783,2025-12-31,employed,365,24606.12
P003784,2025-12-31,employed,263,24460.26
P003788,2025-12-31,marginal,89,5268.2
P003791,2025-12-31,employed,255,50327.06
P003797,2025-12-31,employed,365,35742.35
P003799,2025-12-31,employed,278,44620.23
P003803,2025-12-31,employed,206,13545.67
P003804,2025-12-31,employed,244,18236.03
P003811,2025-12-31,marginal,163,4635.03
P003812,2025-12-31,marginal,97,3922.02
P003815,2025-12-31,employed,287,19736.48
P003819,2025-12-31,employed,365,43335.15
P003822,2025-12-31,employed,275,60385.11
P003824,2025-12-31,employed,227,53404.32
P003825,2025-12-31,employed,338,23945.97
P003826,2025-12-31,employed,364,50475.08
P003828,2025-12-31,employed,275,24939.82
P003832,2025-12-31,no_record,0,0
P003833,2025-12-31,employed,239,10007.47
P003834,2025-12-31,employed,340,39688.81
P003842,2025-12-31,employed,205,43611.87
P003843,2025-12-31,self_employed,365,14594.2
P003847,2025-12-31,employed,217,26101.83
P003848,2025-12-31,employed,230,16727.6
P003849,2025-12-31,employed,NA,31320.14
P003851,2025-12-31,employed,265,32548.14
P003855,2025-12-31,employed,151,16570.58
P003863,2025-12-31,employed,177,20313.27
P003864,2025-12-31,employed,224,33541.68
P003866,2025-12-31,self_employed,213,17018.54
P003869,2025-12-31,employed,301,27243.25
P003873,2025-12-31,employed,232,23847.42
P003877,2025-12-31,employed,283,25718.44
P003880,2025-12-31,employed,258,24329.78
P003881,2025-12-31,employed,339,19318.77
P003882,2025-12-31,employed,284,39392.69
P003883,2025-12-31,self_employed,199,17567.5
P003884,2025-12-31,employed,365,36284.83
P003886,2025-12-31,employed,265,55182.27
P003891,2025-12-31,employed,210,17890.43
P003894,2025-12-31,employed,300,68909.36
P003895,2025-12-31,self_employed,200,50222.82
P003896,2025-12-31,employed,348,22536.78
P003899,2025-12-31,employed,327,17407.01
P003902,2025-12-31,self_employed,244,33973.07
P003903,2025-12-31,employed,296,21086.29
P003904,2025-12-31,employed,238,26901.56
P003905,2025-12-31,employed,365,27593.89
P003906,2025-12-31,employed,269,17502.1
P003909,2025-12-31,marginal,126,5799.33
P003910,2025-12-31,employed,319,9414.91
P003911,2025-12-31,marginal,87,4929.85
P003917,2025-12-31,self_employed,59,16287.33
P003918,2025-12-31,employed,175,25892.62
P003919,2025-12-31,marginal,140,5369.83
P003920,2025-12-31,employed,189,28798.32
P003932,2025-12-31,employed,269,35017.98
P003933,2025-12-31,employed,262,14418.69
P003934,2025-12-31,employed,224,10812.42
P003939,2025-12-31,employed,323,27062.47
P003941,2025-12-31,employed,334,18875.1
P003942,2025-12-31,employed,242,39550.61
P003943,2025-12-31,self_employed,259,10186.49
P003945,2025-12-31,employed,142,39810.23
P003947,2025-12-31,employed,270,18793.68
P003948,2025-12-31,employed,249,38892.46
P003953,2025-12-31,self_employed,202,20330.05
P003957,2025-12-31,marginal,193,5126.29
P003961,2025-12-31,employed,248,13276.84
P003962,2025-12-31,self_employed,223,22358.87
P003965,2025-12-31,employed,360,47980.38
P003968,2025-12-31,employed,316,29269.26
P003970,2025-12-31,employed,265,20790.94
P003971,2025-12-31,employed,365,23123.31
P003972,2025-12-31,employed,365,43659.29
P003974,2025-12-31,employed,292,21543.37
P003975,2025-12-31,employed,231,45369.87
P003977,2025-12-31,employed,222,12203.28
P003980,2025-12-31,self_employed,181,24690.85
P003981,2025-12-31,employed,337,17118.73
P003983,2025-12-31,employed,268,46584.08
P003985,2025-12-31,employed,160,24815.18
P003986,2025-12-31,employed,321,49332.1
P003988,2025-12-31,employed,264,35281.82
P003991,2025-12-31,employed,365,40971.7
P003993,2025-12-31,self_employed,225,45449.79
P003994,2025-12-31,employed,330,15524.12
P003997,2025-12-31,employed,242,24893
P003999,2025-12-31,self_employed,152,4596.59
P004004,2025-12-31,employed,354,12924.33
P004008,2025-12-31,employed,320,32860.28
P004009,2025-12-31,employed,315,34892.17
P004013,2025-12-31,employed,328,16121.61
P004015,2025-12-31,employed,217,31240.69
P004016,2025-12-31,employed,286,22889.79
P004019,2025-12-31,employed,270,21967.31
P004025,2025-12-31,employed,344,9849
P004029,2025-12-31,employed,365,11609.51
P004034,2025-12-31,employed,249,42292.11
P004036,2025-12-31,marginal,89,4533.59
P004037,2025-12-31,employed,327,24371.41
P004038,2025-12-31,employed,210,22497.62
P004039,2025-12-31,no_record,0,0
P004041,2025-12-31,employed,224,13922.9
P004043,2025-12-31,employed,333,49226.32
P004044,2025-12-31,employed,272,32270.67
P004047,2025-12-31,employed,259,21666.94
P004048,2025-12-31,employed,221,24943.9
P004049,2025-12-31,employed,363,22447.7
P004050,2025-12-31,no_record,0,0
P004051,2025-12-31,employed,162,59621.67
P004052,2025-12-31,employed,337,40598.53
P004057,2025-12-31,employed,213,28109.42
P004060,2025-12-31,employed,214,15187.81
P004061,2025-12-31,employed,233,28345.6
P004065,2025-12-31,employed,210,10446.64
P004066,2025-12-31,employed,326,43699.13
P004067,2025-12-31,employed,355,19090.73
P004068,2025-12-31,marginal,172,5697.5
P004069,2025-12-31,marginal,92,8872.65
P004071,2025-12-31,self_employed,175,9909.15
P004073,2025-12-31,employed,299,12686.18
P004074,2025-12-31,employed,348,35447.63
P004076,2025-12-31,employed,237,39794.92
P004079,2025-12-31,employed,242,45925.56
P004081,2025-12-31,no_record,0,0
P004087,2025-12-31,employed,185,44902.75
P004088,2025-12-31,employed,307,36978.39
P004091,2025-12-31,employed,256,21494.74
P004095,2025-12-31,employed,280,57325.84
P004096,2025-12-31,employed,357,28604.81
P004099,2025-12-31,employed,236,28949.18
P004100,2025-12-31,employed,310,16653.89
P004103,2025-12-31,employed,288,38018.82
P004104,2025-12-31,employed,343,16786.16
P004105,2025-12-31,employed,305,39911.72
P004106,2025-12-31,employed,289,41651.38
P004111,2025-12-31,self_employed,223,44571.79
P004114,2025-12-31,employed,261,47232.63
P004115,2025-12-31,marginal,158,5167.16
P004116,2025-12-31,employed,311,44125.54
P004121,2025-12-31,self_employed,270,10441.67
P004123,2025-12-31,employed,297,25340.43
P004125,2025-12-31,employed,263,61172.69
P004126,2025-12-31,employed,326,14230.72
P004128,2025-12-31,employed,353,27774.35
P004130,2025-12-31,self_employed,159,32553.01
P004132,2025-12-31,employed,300,42016.01
P004134,2025-12-31,employed,298,14310.11
P004145,2025-12-31,employed,290,55151.89
P004148,2025-12-31,employed,323,97407.56
P004149,2025-12-31,employed,235,23084.84
P004153,2025-12-31,employed,295,22646.68
P004155,2025-12-31,employed,309,26070.55
P004159,2025-12-31,employed,329,16143.73
P004160,2025-12-31,employed,325,34809.01
P004161,2025-12-31,employed,269,21880.33
P004163,2025-12-31,employed,313,14147.97
P004164,2025-12-31,employed,365,21148.43
P004166,2025-12-31,employed,231,45481.33
P004172,2025-12-31,employed,365,28102.32
P004175,2025-12-31,marginal,65,3809.84
P004177,2025-12-31,employed,242,46205.79
P004180,2025-12-31,employed,365,18810.81
P004183,2025-12-31,self_employed,365,54719.53
P004185,2025-12-31,employed,306,17915.61
P004186,2025-12-31,employed,331,37394.01
P004188,2025-12-31,employed,365,22863.01
P004190,2025-12-31,employed,288,55948.72
P004191,2025-12-31,employed,365,43239
P004192,2025-12-31,employed,296,12356.32
P004193,2025-12-31,marginal,127,4255.67
P004197,2025-12-31,employed,194,38560.46
P004199,2025-12-31,employed,340,19875.12
P004200,2025-12-31,employed,307,12064.42
P004201,2025-12-31,employed,242,19925.41
P004203,2025-12-31,employed,344,24883.78
P004206,2025-12-31,employed,197,51342.11
P004207,2025-12-31,employed,307,64371.69
P004208,2025-12-31,employed,233,14343.53
P004209,2025-12-31,employed,236,24864.2
P004210,2025-12-31,employed,365,15020.65
P004211,2025-12-31,marginal,116,4259.77
P004216,2025-12-31,marginal,52,8323.25
P004218,2025-12-31,employed,118,20664.62
P004223,2025-12-31,employed,312,61811.58
P004233,2025-12-31,marginal,168,6123.47
P004236,2025-12-31,employed,266,24105.27
P004238,2025-12-31,employed,245,14402.36
P004240,2025-12-31,employed,199,61691.44
P004244,2025-12-31,employed,324,24534.51
P004249,2025-12-31,employed,354,36687.16
P004251,2025-12-31,employed,315,27830.76
P004254,2025-12-31,employed,208,26899.61
P004256,2025-12-31,employed,246,13426.45
P004258,2025-12-31,employed,304,12943.6
P004259,2025-12-31,marginal,142,3440.18
P004261,2025-12-31,employed,322,34687.16
P004264,2025-12-31,employed,363,53592.62
P004265,2025-12-31,employed,275,17147.95
P004268,2025-12-31,marginal,47,5864.17
P004271,2025-12-31,employed,330,35359.63
P004272,2025-12-31,employed,288,58025.72
P004275,2025-12-31,marginal,88,5932.02
P004277,2025-12-31,employed,171,31286.15
P004281,2025-12-31,employed,288,44321.06
P004283,2025-12-31,employed,225,14930.99
P004286,2025-12-31,marginal,163,5708.78
P004287,2025-12-31,employed,365,31062.72
P004290,2025-12-31,employed,227,22501.35
P004292,2025-12-31,no_record,0,0
P004293,2025-12-31,employed,312,33352.22
P004298,2025-12-31,employed,365,58400.64
P004299,2025-12-31,employed,84,15726.85
P004305,2025-12-31,employed,312,50117.7
P004306,2025-12-31,employed,312,18596.53
P004309,2025-12-31,employed,265,33756.89
P004311,2025-12-31,employed,302,55455.84
P004312,2025-12-31,employed,283,25319.85
P004315,2025-12-31,marginal,129,6052.28
P004316,2025-12-31,employed,365,75949.83
P004317,2025-12-31,employed,270,14129.08
P004318,2025-12-31,self_employed,270,9214.42
P004319,2025-12-31,self_employed,257,24346.68
P004320,2025-12-31,employed,208,28911.63
P004321,2025-12-31,employed,215,15311.97
P004322,2025-12-31,employed,231,29911.1
P004324,2025-12-31,no_record,0,0
P004325,2025-12-31,employed,341,52644.65
P004327,2025-12-31,employed,270,16056.13
P004329,2025-12-31,marginal,149,3214.18
P004331,2025-12-31,employed,365,27274.42
P004333,2025-12-31,employed,302,32444.75
P004335,2025-12-31,employed,345,35621.68
P004338,2025-12-31,employed,336,28836.04
P004341,2025-12-31,employed,240,27913.19
P004345,2025-12-31,self_employed,263,15835.07
P004347,2025-12-31,employed,261,30502.28
P004348,2025-12-31,marginal,128,2512.19
P004349,2025-12-31,employed,258,17559.62
P004351,2025-12-31,employed,138,29418.8
P004352,2025-12-31,employed,291,23136.41
P004354,2025-12-31,employed,326,23025.28
P004359,2025-12-31,employed,336,18151.05
P004361,2025-12-31,employed,298,25653.89
P004363,2025-12-31,employed,314,27030.76
P004366,2025-12-31,employed,365,16288.86
P004369,2025-12-31,employed,358,37000.65
P004370,2025-12-31,employed,330,43924.93
P004371,2025-12-31,self_employed,313,62780.83
P004372,2025-12-31,employed,190,44786.53
P004375,2025-12-31,self_employed,318,21766.28
P004377,2025-12-31,employed,312,16330.94
P004379,2025-12-31,employed,279,16118.74
P004380,2025-12-31,employed,264,16461.85
P004383,2025-12-31,employed,232,30323.89
P004385,2025-12-31,marginal,55,7284.04
P004387,2025-12-31,employed,250,80371.43
P004388,2025-12-31,employed,218,22934.63
P004389,2025-12-31,employed,365,30124.6
P004390,2025-12-31,employed,320,68933.6
P004391,2025-12-31,employed,271,23166.12
P004394,2025-12-31,self_employed,238,6221.35
P004395,2025-12-31,employed,236,39811.22
P004396,2025-12-31,employed,198,30963.71
P004397,2025-12-31,employed,257,23527.06
P004399,2025-12-31,employed,298,31525
P004401,2025-12-31,employed,288,61834.1
P004402,2025-12-31,marginal,97,4756.57
P004404,2025-12-31,self_employed,174,23971.62
P004408,2025-12-31,marginal,123,4637.21
P004410,2025-12-31,no_record,0,0
P004412,2025-12-31,employed,217,37578.2
P004415,2025-12-31,employed,242,18148.77
P004417,2025-12-31,employed,283,45995.38
P004419,2025-12-31,marginal,163,6312.36
P004421,2025-12-31,employed,292,20339.66
P004422,2025-12-31,employed,347,17929.64
P004425,2025-12-31,employed,322,28382.54
P004427,2025-12-31,employed,216,36355.36
P004428,2025-12-31,employed,288,43680.53
P004429,2025-12-31,employed,257,26721.25
P004430,2025-12-31,employed,320,35026.6
P004432,2025-12-31,employed,187,36372.21
P004434,2025-12-31,employed,327,30200.19
P004437,2025-12-31,self_employed,129,12491.43
P004439,2025-12-31,employed,254,24192.5
P004442,2025-12-31,employed,231,56765.41
P004443,2025-12-31,employed,310,51622.26
P004445,2025-12-31,employed,209,45328.8
P004446,2025-12-31,employed,243,98752.84
P004447,2025-12-31,employed,273,29886.24
P004450,2025-12-31,employed,218,24243.93
P004457,2025-12-31,employed,317,17278.53
P004458,2025-12-31,employed,347,46982.38
P004462,2025-12-31,self_employed,284,41469.37
P004464,2025-12-31,employed,315,31148.15
P004466,2025-12-31,employed,344,19586.23
P004467,2025-12-31,self_employed,180,39170.33
P004468,2025-12-31,marginal,168,3831.15
P004470,2025-12-31,self_employed,268,9906.03
P004471,2025-12-31,employed,365,24240.08
P004472,2025-12-31,employed,292,19958.01
P004473,2025-12-31,employed,365,21256.37
P004475,2025-12-31,employed,316,22769.89
P004476,2025-12-31,employed,302,28754.67
P004479,2025-12-31,marginal,118,2553.75
P004482,2025-12-31,employed,195,16942.99
P004483,2025-12-31,marginal,135,3835.19
P004489,2025-12-31,employed,315,11838.8
P004496,2025-12-31,employed,257,14332.73
P004497,2025-12-31,marginal,91,2605.56
P004502,2025-12-31,employed,329,19870.28
P004503,2025-12-31,marginal,47,5328.33
P004504,2025-12-31,employed,352,72411.98
P004506,2025-12-31,self_employed,183,19455.61
P004507,2025-12-31,employed,330,24170.49
P004512,2025-12-31,marginal,38,5710.92
P004513,2025-12-31,employed,289,24487.71
P004517,2025-12-31,employed,332,27932.95
P004518,2025-12-31,employed,194,34038.2
P004519,2025-12-31,employed,336,34635.92
P004521,2025-12-31,employed,365,17674.01
P004526,2025-12-31,employed,290,27777.07
P004527,2025-12-31,marginal,195,6900.1
P004530,2025-12-31,employed,365,14513.4
P004532,2025-12-31,employed,317,33526.6
P004533,2025-12-31,employed,255,17602.42
P004535,2025-12-31,self_employed,327,24622.01
P004536,2025-12-31,employed,308,34072.27
P004537,2025-12-31,employed,187,42312.48
P004538,2025-12-31,marginal,165,3820.45
P004540,2025-12-31,employed,352,20809.19
P004543,2025-12-31,employed,231,22350.09
P004546,2025-12-31,marginal,117,5458.99
P004547,2025-12-31,employed,225,39073.93
P004548,2025-12-31,employed,234,18386.03
P004550,2025-12-31,employed,365,55163.91
P004551,2025-12-31,marginal,92,3404.19
P004557,2025-12-31,marginal,101,4625.68
P004558,2025-12-31,employed,352,28761.21
P004560,2025-12-31,employed,251,25827.28
P004562,2025-12-31,employed,234,25538.66
P004563,2025-12-31,marginal,106,4257.41
P004568,2025-12-31,employed,241,41137.8
P004570,2025-12-31,employed,244,15304.14
P004581,2025-12-31,employed,320,26616.41
P004582,2025-12-31,employed,302,46444.53
P004583,2025-12-31,employed,330,22025.07
P004585,2025-12-31,employed,309,47632.57
P004587,2025-12-31,no_record,0,0
P004591,2025-12-31,employed,288,44147.67
P004592,2025-12-31,employed,340,35213.6
P004593,2025-12-31,employed,365,26901.37
P004594,2025-12-31,employed,312,46640.84
P004602,2025-12-31,marginal,110,4391.7
P004603,2025-12-31,employed,309,42295.51
P004604,2025-12-31,employed,227,36936.45
P004607,2025-12-31,self_employed,234,9326.1
P004608,2025-12-31,employed,321,45925.87
P004610,2025-12-31,employed,347,33229.72
P004613,2025-12-31,employed,298,33459.75
P004616,2025-12-31,employed,282,56388.5
P004618,2025-12-31,employed,309,25214.85
P004619,2025-12-31,employed,333,50866.09
P004621,2025-12-31,marginal,212,NA
P004625,2025-12-31,employed,293,11501.63
P004626,2025-12-31,marginal,159,5381.95
P004630,2025-12-31,employed,284,40782.35
P004635,2025-12-31,employed,256,23428.23
P004637,2025-12-31,employed,235,16721.17
P004638,2025-12-31,employed,125,39135.13
P004640,2025-12-31,employed,232,15826.81
P004641,2025-12-31,employed,360,28949.92
P004645,2025-12-31,marginal,119,5638.32
P004646,2025-12-31,employed,311,30994.74
P004648,2025-12-31,employed,288,24613.07
P004649,2025-12-31,employed,326,21359.68
P004650,2025-12-31,employed,172,17857.43
P004651,2025-12-31,employed,271,24194.8
P004652,2025-12-31,no_record,0,0
P004653,2025-12-31,employed,332,17999.44
P004654,2025-12-31,employed,280,25196.91
P004656,2025-12-31,no_record,0,0
P004663,2025-12-31,employed,365,34642.52
P004664,2025-12-31,self_employed,247,15527.04
P004665,2025-12-31,employed,274,43358.04
P004667,2025-12-31,employed,201,19990.21
P004669,2025-12-31,no_record,0,0
P004675,2025-12-31,marginal,78,4280.38
P004676,2025-12-31,employed,283,30134.49
P004678,2025-12-31,employed,365,42944.99
P004680,2025-12-31,employed,365,17367.34
P004685,2025-12-31,self_employed,268,18869.67
P004687,2025-12-31,employed,294,37451.83
P004689,2025-12-31,employed,317,47398.28
P004690,2025-12-31,self_employed,271,41498.78
P004693,2025-12-31,self_employed,171,6233.99
P004694,2025-12-31,employed,207,52516.79
P004695,2025-12-31,employed,305,57525.25
P004696,2025-12-31,employed,343,18193.16
P004698,2025-12-31,employed,183,32545.66
P004699,2025-12-31,employed,246,32986.87
P004702,2025-12-31,employed,304,45685.49
P004703,2025-12-31,employed,306,12412
P004704,2025-12-31,employed,237,35524.33
P004706,2025-12-31,self_employed,222,53694.12
P004707,2025-12-31,employed,335,41389.62
P004712,2025-12-31,employed,365,23548.7
P004714,2025-12-31,employed,341,25811.12
P004717,2025-12-31,employed,204,18781.14
P004718,2025-12-31,employed,220,26166.78
P004719,2025-12-31,marginal,36,7960.51
P004721,2025-12-31,employed,363,15175.6
P004724,2025-12-31,self_employed,126,27106.43
P004726,2025-12-31,employed,271,17329.27
P004728,2025-12-31,employed,365,40876.9
P004734,2025-12-31,employed,322,64877.16
P004735,2025-12-31,employed,365,36424.7
P004736,2025-12-31,employed,302,19062.18
P004741,2025-12-31,employed,312,49641.9
P004743,2025-12-31,employed,257,43237.7
P004749,2025-12-31,marginal,193,6320.96
P004752,2025-12-31,employed,260,28767.58
P004754,2025-12-31,employed,202,24534.08
P004756,2025-12-31,employed,250,19512.49
P004757,2025-12-31,employed,205,23745.76
P004759,2025-12-31,marginal,134,4737.19
P004761,2025-12-31,employed,247,23552.53
P004763,2025-12-31,employed,222,28910.73
P004764,2025-12-31,employed,202,17815.33
P004765,2025-12-31,employed,365,9418.13
P004766,2025-12-31,employed,346,23789.24
P004767,2025-12-31,employed,285,15978.45
P004768,2025-12-31,employed,254,20168.24
P004770,2025-12-31,employed,214,31901.27
P004771,2025-12-31,employed,304,23741.8
P004773,2025-12-31,employed,358,19164.42
P004778,2025-12-31,employed,215,34471.55
P004782,2025-12-31,employed,295,25670.02
P004786,2025-12-31,employed,288,104140.99
P004789,2025-12-31,employed,205,50439.89
P004790,2025-12-31,employed,349,42071.54
P004792,2025-12-31,marginal,151,4938.5
P004793,2025-12-31,employed,322,57634.34
P004796,2025-12-31,employed,293,22100.1
P004798,2025-12-31,employed,202,11001
P004805,2025-12-31,self_employed,253,16439.19
P004809,2025-12-31,employed,336,40124.7
P004810,2025-12-31,employed,292,19651.53
P004812,2025-12-31,marginal,92,4362.05
P004815,2025-12-31,employed,243,13490.72
P004816,2025-12-31,employed,365,50791.87
P004817,2025-12-31,employed,365,68632.62
P004818,2025-12-31,employed,365,58388.54
P004819,2025-12-31,employed,341,38633.51
P004821,2025-12-31,employed,236,14577.09
P004822,2025-12-31,self_employed,NA,17998.25
P004824,2025-12-31,marginal,164,7307.5
P004825,2025-12-31,employed,250,30600.76
P004826,2025-12-31,employed,320,13303.45
P004827,2025-12-31,marginal,85,7212.93
P004828,2025-12-31,employed,242,25889.88
P004830,2025-12-31,employed,247,15714.27
P004835,2025-12-31,employed,283,19451.51
P004839,2025-12-31,marginal,54,5517.13
P004840,2025-12-31,employed,315,15747.93
P004842,2025-12-31,employed,301,60349.15
P004843,2025-12-31,employed,202,19234.64
P004844,2025-12-31,employed,365,47305.81
P004848,2025-12-31,self_employed,308,56538.45
P004849,2025-12-31,employed,267,21957.59
P004855,2025-12-31,employed,261,24272.48
P004856,2025-12-31,employed,179,47262.9
P004859,2025-12-31,employed,308,36155.03
P004860,2025-12-31,employed,270,41092.7
P004863,2025-12-31,employed,250,17293.52
P004864,2025-12-31,marginal,159,5761.56
P004866,2025-12-31,employed,252,30144.98
P004867,2025-12-31,employed,250,43257.63
P004868,2025-12-31,self_employed,351,7612.89
P004869,2025-12-31,employed,317,19824.15
P004870,2025-12-31,employed,NA,26767.2
P004873,2025-12-31,no_record,0,0
P004877,2025-12-31,self_employed,318,20204.45
P004878,2025-12-31,self_employed,208,28061.79
P004881,2025-12-31,self_employed,187,NA
P004884,2025-12-31,employed,251,48537.77
P004886,2025-12-31,employed,263,50403.12
P004887,2025-12-31,marginal,89,4437.62
P004889,2025-12-31,employed,260,66633.52
P004894,2025-12-31,marginal,115,2973.92
P004896,2025-12-31,employed,200,18186.04
P004897,2025-12-31,employed,365,20950.73
P004900,2025-12-31,employed,282,43555.8
P004901,2025-12-31,employed,249,13594.81
P004902,2025-12-31,marginal,116,5684.27
P004903,2025-12-31,self_employed,214,11471.56
P004905,2025-12-31,employed,365,20517.15
P004907,2025-12-31,employed,307,23169.99
P004908,2025-12-31,employed,313,34493.07
P004909,2025-12-31,employed,365,34199.73
P004913,2025-12-31,employed,274,48564.76
P004915,2025-12-31,employed,214,11452.28
P004918,2025-12-31,employed,365,13782.63
P004920,2025-12-31,employed,365,17181.73
P004923,2025-12-31,marginal,146,9241.37
P004926,2025-12-31,no_record,0,0
P004929,2025-12-31,employed,278,13660.83
P004930,2025-12-31,employed,142,11726.08
P004931,2025-12-31,employed,365,26833.22
P004933,2025-12-31,employed,233,37253.93
P004935,2025-12-31,employed,280,32263.21
P004938,2025-12-31,employed,322,31126.59
P004940,2025-12-31,employed,296,17102.18
P004941,2025-12-31,self_employed,137,24932.09
P004942,2025-12-31,employed,285,20803.87
P004943,2025-12-31,marginal,95,4071.09
P004944,2025-12-31,employed,305,24913.11
P004947,2025-12-31,employed,173,40851.31
P004948,2025-12-31,no_record,0,0
P004950,2025-12-31,employed,333,16627.61
P004952,2025-12-31,employed,272,36939.51
P004953,2025-12-31,marginal,76,8218.51
P004955,2025-12-31,employed,365,20921.05
P004958,2025-12-31,employed,322,25109.1
P004960,2025-12-31,employed,299,20700.25
P004961,2025-12-31,employed,263,46495.19
P004964,2025-12-31,employed,299,NA
P004965,2025-12-31,employed,310,14292.63
P004969,2025-12-31,employed,298,22471.14
P004971,2025-12-31,employed,346,19012.23
P004972,2025-12-31,employed,246,72788.92
P004973,2025-12-31,employed,256,19381.77
P004975,2025-12-31,employed,288,30266.08
P004977,2025-12-31,employed,289,18421.44
P004979,2025-12-31,employed,213,44600.13
P004988,2025-12-31,marginal,76,6895.26
P004991,2025-12-31,employed,176,NA
P004993,2025-12-31,employed,307,27808.71
P004995,2025-12-31,employed,349,38948.22
P004996,2025-12-31,employed,284,31610.15
P004998,2025-12-31,employed,286,25601.73
P005001,2025-12-31,self_employed,313,24214.9
P005005,2025-12-31,employed,365,37259.73
P005006,2025-12-31,employed,212,21022.21
P005010,2025-12-31,employed,288,33232.22
P005011,2025-12-31,marginal,95,NA
P005012,2025-12-31,employed,245,19668.99
P005018,2025-12-31,employed,264,12466.9
P005019,2025-12-31,self_employed,245,21359.02
P005020,2025-12-31,employed,275,19032.8
P005023,2025-12-31,employed,288,30066.2
P005024,2025-12-31,employed,278,32914.92
P005025,2025-12-31,employed,289,76275.24
P005027,2025-12-31,employed,252,11234.12
P005028,2025-12-31,employed,211,12115.16
P005029,2025-12-31,employed,275,25692.85
P005032,2025-12-31,employed,274,34167.74
P005035,2025-12-31,employed,224,16314.66
P005036,2025-12-31,employed,303,21349.29
P005038,2025-12-31,marginal,141,2807.45
P005042,2025-12-31,employed,284,25305.95
P005044,2025-12-31,self_employed,225,51987.67
P005046,2025-12-31,employed,159,37437.42
P005047,2025-12-31,employed,267,35366.37
P005048,2025-12-31,marginal,NA,3426.6
P005049,2025-12-31,self_employed,365,64582.08
P005050,2025-12-31,employed,315,15921.16
P005051,2025-12-31,employed,271,32042.89
P005057,2025-12-31,employed,216,23478.41
P005060,2025-12-31,employed,235,60317.55
P005061,2025-12-31,employed,278,43960.29
P005066,2025-12-31,employed,209,15345.67
P005071,2025-12-31,employed,268,16767.84
P005074,2025-12-31,employed,291,24918.48
P005075,2025-12-31,employed,339,24619.49
P005076,2025-12-31,no_record,0,0
P005079,2025-12-31,employed,172,24993.36
P005082,2025-12-31,employed,204,27566.23
P005088,2025-12-31,employed,268,24817.81
P005089,2025-12-31,employed,363,25273.39
P005091,2025-12-31,employed,221,33207.35
P005095,2025-12-31,employed,259,46119.77
P005102,2025-12-31,employed,308,32420.45
P005107,2025-12-31,employed,365,53859.58
P005108,2025-12-31,employed,268,37619.83
P005110,2025-12-31,employed,237,35048.87
P005111,2025-12-31,employed,326,26481.25
P005113,2025-12-31,no_record,0,0
P005117,2025-12-31,employed,275,42810.26
P005118,2025-12-31,marginal,59,5927.86
P005121,2025-12-31,employed,338,20235.6
P005123,2025-12-31,marginal,67,2989.2
P005127,2025-12-31,marginal,120,4962.53
P005129,2025-12-31,marginal,191,3639.56
P005133,2025-12-31,employed,221,20324.17
P005139,2025-12-31,employed,307,19298.82
P005140,2025-12-31,employed,245,18239.74
P005142,2025-12-31,employed,343,20538.21
P005147,2025-12-31,employed,365,11968.14
P005148,2025-12-31,employed,317,20321.17
P005151,2025-12-31,employed,342,84416.98
P005152,2025-12-31,employed,365,41510.25
P005153,2025-12-31,employed,323,20523.26
P005154,2025-12-31,employed,289,20263.61
P005156,2025-12-31,employed,346,27181.2
P005160,2025-12-31,employed,241,29469.31
P005161,2025-12-31,employed,267,21297.66
P005163,2025-12-31,marginal,170,4044.68
P005165,2025-12-31,employed,286,24221.51
P005166,2025-12-31,employed,311,22078.84
P005167,2025-12-31,employed,173,40966.76
P005168,2025-12-31,employed,318,56468.86
P005169,2025-12-31,employed,165,14848.23
P005171,2025-12-31,marginal,191,4064.38
P005173,2025-12-31,employed,337,18627.06
P005180,2025-12-31,employed,365,16160.75
P005185,2025-12-31,employed,240,46995.48
P005186,2025-12-31,no_record,0,0
P005188,2025-12-31,employed,365,10489.07
P005191,2025-12-31,employed,187,NA
P005194,2025-12-31,employed,297,28894
P005203,2025-12-31,employed,352,72703.64
P005204,2025-12-31,employed,264,19592.57
P005206,2025-12-31,employed,306,21871.81
P005208,2025-12-31,employed,285,62854.69
P005209,2025-12-31,employed,365,22138.08
P005210,2025-12-31,employed,365,16082.15
P005211,2025-12-31,self_employed,275,49076.19
P005213,2025-12-31,employed,347,33192.17
P005221,2025-12-31,self_employed,205,13261.58
P005227,2025-12-31,marginal,84,6704.84
P005228,2025-12-31,employed,365,25510.52
P005229,2025-12-31,employed,365,20470.76
P005231,2025-12-31,employed,318,63552.3
P005233,2025-12-31,employed,330,33259.1
P005234,2025-12-31,employed,365,20686.87
P005237,2025-12-31,employed,301,23252.42
P005238,2025-12-31,marginal,124,5835.39
P005239,2025-12-31,employed,262,23120.03
P005242,2025-12-31,employed,365,34498.33
P005244,2025-12-31,employed,179,37457.55
P005246,2025-12-31,employed,222,15209.97
P005247,2025-12-31,employed,289,40683.22
P005248,2025-12-31,employed,317,40424.25
P005249,2025-12-31,employed,260,9291.6
P005254,2025-12-31,employed,365,17064.41
P005256,2025-12-31,employed,322,25227.75
P005258,2025-12-31,employed,309,29421.17
P005259,2025-12-31,employed,346,35503.09
P005260,2025-12-31,employed,293,31170.95
P005262,2025-12-31,employed,266,28851.79
P005271,2025-12-31,employed,301,32010.07
P005272,2025-12-31,employed,251,19342.83
P005273,2025-12-31,employed,308,22045.46
P005276,2025-12-31,employed,250,24878.62
P005277,2025-12-31,employed,365,24498.79
P005278,2025-12-31,employed,260,19770.82
P005279,2025-12-31,employed,304,13873.65
P005280,2025-12-31,marginal,94,5574.98
P005282,2025-12-31,employed,244,48452.42
P005283,2025-12-31,employed,336,92266.56
P005285,2025-12-31,employed,249,19143.08
P005286,2025-12-31,self_employed,233,16674.71
P005295,2025-12-31,employed,246,19563.82
P005300,2025-12-31,marginal,94,5984.62
P005304,2025-12-31,marginal,95,5161.52
P005305,2025-12-31,employed,317,47538.89
P005306,2025-12-31,employed,236,22543.29
P005307,2025-12-31,self_employed,284,35613.19
P005308,2025-12-31,self_employed,225,22112.27
P005312,2025-12-31,employed,365,45103.1
P005313,2025-12-31,employed,264,15175.38
P005314,2025-12-31,employed,233,33284.7
P005315,2025-12-31,employed,267,47863.85
P005317,2025-12-31,marginal,171,6923.76
P005323,2025-12-31,employed,313,35861.34
P005326,2025-12-31,marginal,127,4771.65
P005329,2025-12-31,employed,331,27324.15
P005330,2025-12-31,employed,186,21806.85
P005334,2025-12-31,marginal,118,7394.08
P005337,2025-12-31,employed,311,42591.34
P005339,2025-12-31,employed,194,37873.27
P005340,2025-12-31,employed,292,49900.79
P005341,2025-12-31,employed,288,49032.07
P005344,2025-12-31,employed,191,21415.04
P005345,2025-12-31,self_employed,207,7958.59
P005346,2025-12-31,employed,327,17210.24
P005348,2025-12-31,employed,290,32757.31
P005349,2025-12-31,employed,325,24341.2
P005352,2025-12-31,employed,303,21538.52
P005358,2025-12-31,employed,348,35146.96
P005360,2025-12-31,marginal,116,4513.83
P005361,2025-12-31,marginal,96,4132.65
P005363,2025-12-31,employed,274,26180.98
P005365,2025-12-31,employed,320,35890.84
P005367,2025-12-31,marginal,168,5246.47
P005372,2025-12-31,employed,293,25329.44
P005373,2025-12-31,employed,278,33625.68
P005374,2025-12-31,employed,130,34900.59
P005375,2025-12-31,employed,310,30284.14
P005376,2025-12-31,marginal,94,2994.45
P005377,2025-12-31,employed,176,11488.44
P005383,2025-12-31,employed,319,25459.76
P005384,2025-12-31,marginal,67,9956.43
P005387,2025-12-31,employed,214,26498.7
P005390,2025-12-31,employed,222,24647
P005392,2025-12-31,employed,248,57692.04
P005395,2025-12-31,employed,310,56887.87
P005398,2025-12-31,employed,184,40122.66
P005404,2025-12-31,employed,300,31561.74
P005405,2025-12-31,employed,220,32002.3
P005406,2025-12-31,employed,320,8940.89
P005408,2025-12-31,employed,365,42895.3
P005410,2025-12-31,employed,299,25613.33
P005414,2025-12-31,employed,365,15997.51
P005415,2025-12-31,employed,325,24338.31
P005416,2025-12-31,employed,318,28857.11
P005419,2025-12-31,employed,290,48959.28
P005421,2025-12-31,employed,160,31109.9
P005423,2025-12-31,employed,166,25768.81
P005424,2025-12-31,no_record,0,0
P005425,2025-12-31,employed,NA,26731.33
P005431,2025-12-31,employed,254,82651.86
P005432,2025-12-31,self_employed,191,44483.72
P005434,2025-12-31,employed,355,18905.31
P005435,2025-12-31,employed,346,40676.46
P005436,2025-12-31,employed,230,25849.1
P005438,2025-12-31,employed,272,22968.28
P005440,2025-12-31,employed,244,10235.96
P005441,2025-12-31,self_employed,362,18756.11
P005448,2025-12-31,employed,269,47432.82
P005450,2025-12-31,employed,182,22522.17
P005453,2025-12-31,self_employed,365,18587.05
P005455,2025-12-31,employed,257,12735.4
P005458,2025-12-31,employed,315,50713.38
P005459,2025-12-31,employed,365,45627.29
P005461,2025-12-31,employed,343,27493.22
P005462,2025-12-31,employed,261,25774.39
P005464,2025-12-31,employed,289,17318.64
P005465,2025-12-31,employed,161,36152.68
P005467,2025-12-31,employed,363,41068.68
P005468,2025-12-31,employed,285,31246.39
P005472,2025-12-31,employed,297,32325.82
P005476,2025-12-31,self_employed,219,5949.77
P005477,2025-12-31,employed,254,15975.05
P005479,2025-12-31,employed,306,27274.47
P005481,2025-12-31,self_employed,278,40397.66
P005483,2025-12-31,employed,288,49917.65
P005484,2025-12-31,employed,288,34263.1
P005488,2025-12-31,marginal,17,6225.51
P005490,2025-12-31,employed,335,38816.75
P005492,2025-12-31,employed,300,37088.92
P005493,2025-12-31,marginal,99,2673.8
P005500,2025-12-31,employed,304,42006.12
P005501,2025-12-31,employed,203,21141.37
P005504,2025-12-31,employed,287,63157.19
P005507,2025-12-31,marginal,86,2794.52
P005508,2025-12-31,employed,210,16152.39
P005510,2025-12-31,employed,212,16844.08
P005512,2025-12-31,employed,297,15073.35
P005516,2025-12-31,employed,293,30512.78
P005518,2025-12-31,employed,214,39119.39
P005519,2025-12-31,employed,225,23393.41
P005520,2025-12-31,no_record,0,0
P005522,2025-12-31,employed,302,52464.94
P005527,2025-12-31,employed,276,37393.25
P005530,2025-12-31,marginal,75,2982.9
P005531,2025-12-31,employed,280,27640.96
P005534,2025-12-31,marginal,143,9222.89
P005535,2025-12-31,employed,277,21977.09
P005536,2025-12-31,employed,241,21451.52
P005540,2025-12-31,employed,194,56734.2
P005542,2025-12-31,employed,306,24975.45
P005545,2025-12-31,employed,365,26474.62
P005547,2025-12-31,employed,242,25940.38
P005548,2025-12-31,employed,352,20378.25
P005552,2025-12-31,self_employed,NA,42429.62
P005553,2025-12-31,employed,295,37000.5
P005555,2025-12-31,marginal,45,4768.98
P005559,2025-12-31,employed,311,22511.95
P005562,2025-12-31,employed,298,18112.09
P005563,2025-12-31,employed,304,11886.39
P005568,2025-12-31,employed,152,39675.4
P005573,2025-12-31,employed,317,16902.29
P005576,2025-12-31,employed,312,20262.54
P005578,2025-12-31,employed,329,13784.29
P005581,2025-12-31,employed,250,53519.49
P005582,2025-12-31,employed,361,21448.4
P005583,2025-12-31,marginal,135,6867.73
P005585,2025-12-31,employed,339,27869.21
P005586,2025-12-31,employed,316,54655.14
P005589,2025-12-31,employed,271,NA
P005590,2025-12-31,self_employed,157,36875.28
P005598,2025-12-31,employed,365,19208.16
P005599,2025-12-31,employed,290,6510.32
P005602,2025-12-31,self_employed,258,28633.19
P005603,2025-12-31,no_record,0,NA
P005604,2025-12-31,employed,213,22957.64
P005608,2025-12-31,employed,301,40549.11
P005611,2025-12-31,employed,365,15746.67
P005613,2025-12-31,employed,330,33048.02
P005620,2025-12-31,employed,303,29316.46
P005622,2025-12-31,employed,353,18352.31
P005623,2025-12-31,marginal,140,4353.18
P005627,2025-12-31,employed,365,26790.35
P005628,2025-12-31,employed,220,19329.95
P005630,2025-12-31,marginal,121,6711.39
P005631,2025-12-31,employed,344,37004.07
P005634,2025-12-31,employed,243,32437.27
P005635,2025-12-31,employed,300,30980.77
P005636,2025-12-31,employed,251,37701.67
P005637,2025-12-31,employed,270,27705.06
P005638,2025-12-31,employed,229,NA
P005639,2025-12-31,employed,284,35010.11
P005641,2025-12-31,marginal,102,6184.74
P005642,2025-12-31,self_employed,180,33780.69
P005643,2025-12-31,marginal,132,6761.68
P005645,2025-12-31,employed,365,48520.27
P005646,2025-12-31,employed,355,30680.11
P005651,2025-12-31,self_employed,228,43149.63
P005654,2025-12-31,no_record,0,0
P005655,2025-12-31,employed,270,26142.72
P005656,2025-12-31,marginal,133,4128.29
P005657,2025-12-31,marginal,88,6081.42
P005659,2025-12-31,self_employed,222,20593.38
P005662,2025-12-31,employed,254,18397.57
P005664,2025-12-31,marginal,60,6381.84
P005665,2025-12-31,employed,257,28342.19
P005668,2025-12-31,employed,299,22600.17
P005669,2025-12-31,employed,365,21077.57
P005670,2025-12-31,self_employed,268,38404.3
P005671,2025-12-31,employed,363,24279.07
P005673,2025-12-31,employed,238,16814.36
P005676,2025-12-31,employed,216,18372.28
P005679,2025-12-31,employed,313,28066.35
P005680,2025-12-31,employed,243,32705.56
P005685,2025-12-31,self_employed,166,28296.57
P005689,2025-12-31,self_employed,318,27100.65
P005690,2025-12-31,employed,188,31562.17
P005696,2025-12-31,employed,297,25885.56
P005697,2025-12-31,employed,347,27168.3
P005698,2025-12-31,employed,365,49444.57
P005702,2025-12-31,employed,285,28700.27
P005704,2025-12-31,marginal,112,4080.42
P005705,2025-12-31,employed,272,26402.01
P005706,2025-12-31,employed,365,49891.39
P005707,2025-12-31,employed,194,56505.46
P005708,2025-12-31,employed,325,48873.75
P005709,2025-12-31,employed,224,38296.35
P005712,2025-12-31,employed,365,44056.15
P005714,2025-12-31,employed,331,77790.21
P005719,2025-12-31,employed,365,35449.77
P005724,2025-12-31,self_employed,258,12309.53
P005725,2025-12-31,employed,307,20545.69
P005727,2025-12-31,employed,194,24476.67
P005728,2025-12-31,employed,212,17261.48
P005729,2025-12-31,marginal,108,3764.65
P005730,2025-12-31,employed,308,14627.55
P005731,2025-12-31,self_employed,215,88150.43
P005732,2025-12-31,employed,277,17543.69
P005733,2025-12-31,employed,323,22680.4
P005734,2025-12-31,employed,222,25002.5
P005736,2025-12-31,employed,211,30159.18
P005737,2025-12-31,employed,361,43841.89
P005738,2025-12-31,employed,161,20876.23
P005739,2025-12-31,marginal,123,3159.43
P005743,2025-12-31,employed,365,35658.23
P005744,2025-12-31,marginal,106,4170.82
P005745,2025-12-31,employed,190,74065.52
P005751,2025-12-31,employed,351,31233.54
P005752,2025-12-31,employed,333,40029.92
P005754,2025-12-31,no_record,0,0
P005760,2025-12-31,employed,361,41507.28
P005763,2025-12-31,self_employed,248,15504.18
P005766,2025-12-31,employed,253,26349.64
P005767,2025-12-31,self_employed,122,12953.47
P005768,2025-12-31,employed,365,25680.28
P005771,2025-12-31,self_employed,222,13063.31
P005773,2025-12-31,marginal,146,5454.18
P005775,2025-12-31,self_employed,329,65885.09
P005778,2025-12-31,employed,205,18615.08
P005781,2025-12-31,employed,219,24130.38
P005782,2025-12-31,employed,191,56022.18
P005786,2025-12-31,self_employed,296,10407.32
P005787,2025-12-31,employed,323,15443.18
P005788,2025-12-31,marginal,119,5257.12
P005790,2025-12-31,employed,227,40592.14
P005791,2025-12-31,employed,308,32249.14
P005792,2025-12-31,marginal,67,5885.86
P005795,2025-12-31,self_employed,326,80069.18
P005797,2025-12-31,employed,343,43600.53
P005800,2025-12-31,employed,271,28098.63
P005803,2025-12-31,marginal,63,8714.4
P005805,2025-12-31,self_employed,300,13006.34
P005808,2025-12-31,employed,281,20034.92
P005810,2025-12-31,employed,314,46067.58
P005811,2025-12-31,employed,239,43522.33
P005812,2025-12-31,marginal,108,6169.74
P005813,2025-12-31,employed,365,11788.51
P005815,2025-12-31,employed,316,28612.36
P005817,2025-12-31,employed,315,13231.96
P005818,2025-12-31,employed,270,14912.21
P005820,2025-12-31,employed,247,24798.23
P005821,2025-12-31,self_employed,204,16987.55
P005825,2025-12-31,employed,153,17521.87
P005835,2025-12-31,employed,359,19377.61
P005837,2025-12-31,self_employed,365,8865.23
P005839,2025-12-31,employed,352,13815.71
P005840,2025-12-31,self_employed,365,13699.3
P005845,2025-12-31,employed,364,49798.27
P005848,2025-12-31,employed,263,21939.66
P005849,2025-12-31,employed,353,17140.93
P005850,2025-12-31,employed,297,28519.53
P005853,2025-12-31,self_employed,259,65663.81
P005855,2025-12-31,employed,307,29705.01
P005856,2025-12-31,self_employed,235,15295.66
P005858,2025-12-31,employed,365,42940.74
P005859,2025-12-31,employed,352,22012.5
P005864,2025-12-31,employed,294,15808.32
P005866,2025-12-31,employed,317,26485.17
P005867,2025-12-31,employed,335,17159.94
P005869,2025-12-31,employed,313,20825.55
P005871,2025-12-31,marginal,167,5934.01
P005873,2025-12-31,employed,320,48214.01
P005876,2025-12-31,self_employed,222,5729.53
P005877,2025-12-31,employed,271,22649.82
P005884,2025-12-31,employed,365,18669.98
P005885,2025-12-31,self_employed,143,92524.69
P005886,2025-12-31,employed,254,49690.19
P005887,2025-12-31,employed,299,25067.46
P005888,2025-12-31,employed,229,12233.49
P005891,2025-12-31,employed,353,23822.45
P005892,2025-12-31,employed,246,51620.61
P005893,2025-12-31,employed,218,41733.66
P005899,2025-12-31,employed,311,10967.75
P005900,2025-12-31,employed,325,16383.35
P005901,2025-12-31,self_employed,276,33024.34
P005905,2025-12-31,employed,256,40685.76
P005907,2025-12-31,self_employed,365,173972.93
P005910,2025-12-31,marginal,44,3772.23
P005911,2025-12-31,employed,NA,19796.25
P005912,2025-12-31,marginal,116,6945.27
P005915,2025-12-31,marginal,52,3454.8
P005918,2025-12-31,employed,330,14617.14
P005922,2025-12-31,employed,225,26780.91
P005923,2025-12-31,employed,288,33616.3
P005924,2025-12-31,employed,271,10668.01
P005925,2025-12-31,employed,321,46880.98
P005926,2025-12-31,employed,264,14530.56
P005929,2025-12-31,employed,330,33711.8
P005930,2025-12-31,employed,221,16493.89
P005931,2025-12-31,employed,298,34061.5
P005932,2025-12-31,employed,226,33803.68
P005933,2025-12-31,employed,365,16147.44
P005937,2025-12-31,employed,304,16078.25
P005938,2025-12-31,self_employed,161,17706.87
P005940,2025-12-31,marginal,191,6169.58
P005941,2025-12-31,marginal,80,2840.41
P005945,2025-12-31,employed,303,39296.6
P005948,2025-12-31,employed,226,29086.16
P005949,2025-12-31,employed,282,12782.23
P005950,2025-12-31,no_record,0,0
P005954,2025-12-31,employed,265,25016.8
P005955,2025-12-31,employed,365,26438.29
P005957,2025-12-31,employed,365,18197.66
P005960,2025-12-31,employed,244,29591.21
P005968,2025-12-31,self_employed,189,12491.42
P005971,2025-12-31,self_employed,255,19182.74
P005974,2025-12-31,marginal,106,5153.74
P005979,2025-12-31,employed,299,19582.84
P005980,2025-12-31,employed,352,27220.29
P005981,2025-12-31,employed,271,44721.92
P005982,2025-12-31,employed,311,26204.44
P005983,2025-12-31,employed,281,10089.98
P005986,2025-12-31,employed,356,34975.54
P005988,2025-12-31,employed,242,42759.3
P005990,2025-12-31,self_employed,38,38167.13
P005991,2025-12-31,self_employed,201,42672.26
P005994,2025-12-31,self_employed,265,45301.44
P005995,2025-12-31,employed,346,29092.95
P005996,2025-12-31,employed,271,11821.8
P005997,2025-12-31,self_employed,333,10440.88
P005998,2025-12-31,employed,327,19056.66
P006003,2025-12-31,employed,203,28588.98
P006006,2025-12-31,employed,312,37471.22
P006008,2025-12-31,no_record,0,0
P006010,2025-12-31,employed,361,29843.41
P006013,2025-12-31,self_employed,238,19604.47
P006015,2025-12-31,marginal,128,5179.18
P006019,2025-12-31,employed,209,20831.06
P006022,2025-12-31,employed,335,8189.32
P006024,2025-12-31,no_record,0,0
P006030,2025-12-31,employed,296,33638.08
P006032,2025-12-31,employed,263,46797.4
P006036,2025-12-31,employed,258,30911.25
P006038,2025-12-31,marginal,80,5417.41
P006041,2025-12-31,employed,326,57131.29
P006043,2025-12-31,employed,286,42023.44
P006046,2025-12-31,employed,337,21807.01
P006047,2025-12-31,employed,260,10573.26
P006050,2025-12-31,employed,232,31231.25
P006051,2025-12-31,employed,227,23811.62
P006052,2025-12-31,employed,286,30594.46
P006055,2025-12-31,employed,258,14384.38
P006056,2025-12-31,employed,304,43229.11
P006061,2025-12-31,employed,251,24631.96
P006072,2025-12-31,employed,245,33489.69
P006074,2025-12-31,employed,241,27177.38
P006075,2025-12-31,employed,280,19740.49
P006078,2025-12-31,employed,326,26264.96
P006080,2025-12-31,employed,365,27046.14
P006081,2025-12-31,self_employed,315,NA
P006082,2025-12-31,marginal,51,5176.1
P006084,2025-12-31,self_employed,243,34348.09
P006086,2025-12-31,no_record,0,0
P006089,2025-12-31,self_employed,277,37968.13
P006090,2025-12-31,employed,295,15017.83
P006091,2025-12-31,employed,291,31680.77
P006092,2025-12-31,employed,272,22254.04
P006095,2025-12-31,employed,365,26207.26
P006097,2025-12-31,self_employed,291,19009.37
P006098,2025-12-31,employed,325,12248.58
P006101,2025-12-31,employed,250,23160.82
P006105,2025-12-31,employed,310,46168.48
P006106,2025-12-31,employed,220,54466.89
P006107,2025-12-31,employed,319,35610.06
P006111,2025-12-31,marginal,175,7075.36
P006112,2025-12-31,employed,263,23880.28
P006117,2025-12-31,employed,285,35458.86
P006120,2025-12-31,employed,260,27314.58
P006122,2025-12-31,employed,193,42316.35
P006123,2025-12-31,employed,365,30673.95
P006124,2025-12-31,employed,271,NA
P006125,2025-12-31,marginal,76,5409.21
P006126,2025-12-31,employed,347,31316.81
P006127,2025-12-31,marginal,118,2632.63
P006128,2025-12-31,employed,335,76676.6
P006131,2025-12-31,self_employed,328,13768.42
P006132,2025-12-31,employed,144,17294.44
P006136,2025-12-31,employed,362,19508.07
P006139,2025-12-31,employed,287,39807.53
P006141,2025-12-31,employed,306,22760.32
P006143,2025-12-31,employed,275,31932.96
P006147,2025-12-31,employed,351,29183.33
P006148,2025-12-31,employed,164,80563.48
P006150,2025-12-31,employed,365,14480.48
P006152,2025-12-31,marginal,146,5499.66
P006157,2025-12-31,employed,197,35786.11
P006159,2025-12-31,self_employed,181,11982.45
P006160,2025-12-31,employed,177,22779.83
P006162,2025-12-31,self_employed,297,49567.54
P006165,2025-12-31,employed,333,22874
P006166,2025-12-31,employed,229,33185.29
P006167,2025-12-31,employed,217,24015.52
P006169,2025-12-31,employed,348,33169.76
P006170,2025-12-31,no_record,0,0
P006171,2025-12-31,employed,308,20545.35
P006172,2025-12-31,employed,222,15014.9
P006174,2025-12-31,employed,332,37436.98
P006177,2025-12-31,marginal,128,3776.88
P006179,2025-12-31,employed,302,17656.69
P006181,2025-12-31,employed,230,35959.66
P006182,2025-12-31,employed,365,29663.54
P006183,2025-12-31,employed,365,53625.54
P006186,2025-12-31,employed,214,18274.87
P006187,2025-12-31,marginal,22,3389.98
P006188,2025-12-31,marginal,68,4077.24
P006189,2025-12-31,employed,NA,11856.95
P006190,2025-12-31,marginal,152,5027.11
P006196,2025-12-31,employed,200,49309.56
P006197,2025-12-31,employed,358,16307.78
P006198,2025-12-31,employed,353,12545.77
P006203,2025-12-31,self_employed,284,44938.3
P006205,2025-12-31,self_employed,158,13407.96
P006207,2025-12-31,employed,365,56598.95
P006210,2025-12-31,employed,240,22660.5
P006212,2025-12-31,employed,358,21676.8
P006214,2025-12-31,employed,319,35010.65
P006215,2025-12-31,employed,311,15569.65
P006217,2025-12-31,employed,365,22382.05
P006219,2025-12-31,marginal,95,4404.61
P006220,2025-12-31,employed,335,14540.37
P006222,2025-12-31,self_employed,119,12267.75
P006227,2025-12-31,self_employed,101,109096.45
P006228,2025-12-31,employed,258,25063.98
P006235,2025-12-31,employed,287,56002.23
P006238,2025-12-31,marginal,133,2905.11
P006242,2025-12-31,self_employed,170,15480.5
P006244,2025-12-31,employed,150,36751.3
P006245,2025-12-31,employed,364,16200.4
P006247,2025-12-31,employed,327,43162.73
P006248,2025-12-31,employed,359,34335.01
P006249,2025-12-31,employed,284,23917.81
P006251,2025-12-31,employed,350,40737.6
P006252,2025-12-31,employed,261,57414.99
P006253,2025-12-31,employed,225,36677.69
P006255,2025-12-31,employed,317,25038
P006256,2025-12-31,employed,227,27066.32
P006257,2025-12-31,employed,349,38971.54
P006258,2025-12-31,self_employed,135,30857.07
P006261,2025-12-31,employed,335,21178.57
P006262,2025-12-31,marginal,121,3242.56
P006263,2025-12-31,employed,213,14047.7
P006265,2025-12-31,employed,198,12466.59
P006269,2025-12-31,employed,149,28878.74
P006272,2025-12-31,employed,269,18760.56
P006273,2025-12-31,employed,274,8217.86
P006275,2025-12-31,employed,190,34768.19
P006277,2025-12-31,employed,327,NA
P006279,2025-12-31,employed,291,26614.57
P006282,2025-12-31,employed,343,46322.94
P006284,2025-12-31,employed,229,38836.94
P006285,2025-12-31,employed,342,13306.45
P006290,2025-12-31,employed,227,36292.58
P006291,2025-12-31,employed,220,21190.87
P006294,2025-12-31,employed,365,41642.54
P006299,2025-12-31,self_employed,200,22788.42
P006304,2025-12-31,self_employed,351,15019.5
P006306,2025-12-31,employed,194,15230.25
P006307,2025-12-31,employed,365,20583.15
P006309,2025-12-31,marginal,54,2477.2
P006311,2025-12-31,employed,300,16057.72
P006316,2025-12-31,employed,297,72074.07
P006320,2025-12-31,marginal,145,5494.98
P006322,2025-12-31,employed,257,23111.07
P006325,2025-12-31,employed,267,28170.99
P006326,2025-12-31,employed,282,21374.67
P006327,2025-12-31,employed,280,39981.54
P006328,2025-12-31,employed,241,20633.28
P006331,2025-12-31,employed,273,23151.05
P006335,2025-12-31,marginal,100,8280.37
P006336,2025-12-31,employed,319,13546.79
P006337,2025-12-31,employed,259,33812.93
P006339,2025-12-31,employed,365,39417.98
P006343,2025-12-31,employed,253,58579.54
P006345,2025-12-31,marginal,107,3476.49
P006346,2025-12-31,employed,349,48381.96
P006349,2025-12-31,employed,287,27091.86
P006350,2025-12-31,employed,317,52150.99
P006354,2025-12-31,employed,277,23940.74
P006356,2025-12-31,employed,327,72931.32
P006358,2025-12-31,marginal,77,3487.34
P006361,2025-12-31,employed,294,39893.31
P006362,2025-12-31,self_employed,NA,17534.93
P006364,2025-12-31,employed,197,23156.59
P006365,2025-12-31,employed,307,41374.72
P006366,2025-12-31,employed,365,29708.23
P006371,2025-12-31,no_record,0,0
P006373,2025-12-31,employed,194,11959.73
P006377,2025-12-31,employed,271,33724.82
P006378,2025-12-31,employed,310,39919.47
P006379,2025-12-31,employed,238,43729.46
P006385,2025-12-31,self_employed,286,34624.87
P006387,2025-12-31,employed,329,29770.82
P006388,2025-12-31,employed,359,19972.92
P006389,2025-12-31,no_record,0,0
P006390,2025-12-31,employed,338,21743.13
P006391,2025-12-31,employed,365,14270.16
P006392,2025-12-31,employed,297,20564.03
P006394,2025-12-31,marginal,100,6064.41
P006397,2025-12-31,employed,229,28216.7
P006398,2025-12-31,employed,314,39121.29
P006401,2025-12-31,marginal,91,3908.51
P006405,2025-12-31,self_employed,86,21753.11
P006407,2025-12-31,employed,263,31379.72
P006408,2025-12-31,employed,250,15655.52
P006410,2025-12-31,marginal,96,4227.11
P006411,2025-12-31,employed,330,35868.45
P006414,2025-12-31,employed,323,38231.64
P006417,2025-12-31,employed,309,39011.34
P006420,2025-12-31,employed,314,22877.71
P006422,2025-12-31,employed,320,36187.37
P006426,2025-12-31,employed,282,31384.27
P006428,2025-12-31,employed,239,21249.4
P006434,2025-12-31,employed,258,33492.74
P006438,2025-12-31,employed,236,55959.72
P006440,2025-12-31,employed,299,34943.64
P006447,2025-12-31,employed,311,13806.24
P006448,2025-12-31,self_employed,223,21828.19
P006449,2025-12-31,employed,219,22297.25
P006456,2025-12-31,employed,207,23054.5
P006457,2025-12-31,employed,343,46478.81
P006459,2025-12-31,employed,224,20081.54
P006460,2025-12-31,employed,272,18882.91
P006462,2025-12-31,employed,272,27412.17
P006463,2025-12-31,no_record,0,0
P006464,2025-12-31,employed,300,16015.86
P006465,2025-12-31,employed,317,24723.53
P006466,2025-12-31,employed,365,33379.14
P006469,2025-12-31,no_record,0,0
P006479,2025-12-31,employed,336,16215.87
P006483,2025-12-31,employed,332,14871.34
P006487,2025-12-31,employed,313,16092.85
P006489,2025-12-31,employed,227,39142.9
P006491,2025-12-31,self_employed,215,17249.29
P006492,2025-12-31,employed,336,17935.48
P006493,2025-12-31,employed,365,24418.02
P006494,2025-12-31,employed,182,40539.18
P006498,2025-12-31,employed,292,83606.66
P006501,2025-12-31,employed,247,24868.22
P006502,2025-12-31,employed,365,33790.92
P006504,2025-12-31,employed,301,21155.4
P006507,2025-12-31,self_employed,40,5156.39
P006509,2025-12-31,employed,358,15103.68
P006510,2025-12-31,employed,264,29619.75
P006515,2025-12-31,employed,282,30880.3
P006516,2025-12-31,employed,331,77169.23
P006518,2025-12-31,employed,NA,20839.79
P006519,2025-12-31,employed,365,30104.96
P006520,2025-12-31,employed,328,51765.88
P006521,2025-12-31,self_employed,220,9917.94
P006522,2025-12-31,employed,157,13463.5
P006523,2025-12-31,employed,314,15020.63
P006524,2025-12-31,employed,229,31973.37
P006525,2025-12-31,employed,363,38600.45
P006526,2025-12-31,employed,365,40287.76
P006527,2025-12-31,employed,233,10121.87
P006528,2025-12-31,employed,206,10136.89
P006529,2025-12-31,employed,229,30545.83
P006531,2025-12-31,employed,360,43877.11
P006533,2025-12-31,self_employed,280,15322.85
P006534,2025-12-31,employed,232,59567.72
P006536,2025-12-31,employed,212,25239.77
P006537,2025-12-31,employed,318,30602.84
P006539,2025-12-31,employed,307,25964.57
P006543,2025-12-31,employed,276,36931.92
P006545,2025-12-31,employed,352,28778.68
P006546,2025-12-31,marginal,170,4822.85
P006547,2025-12-31,employed,326,46187.01
P006549,2025-12-31,employed,316,11888.98
P006550,2025-12-31,employed,349,48589.39
P006552,2025-12-31,employed,335,14833.58
P006555,2025-12-31,employed,321,36360.78
P006557,2025-12-31,employed,299,29263.35
P006559,2025-12-31,employed,365,28446.36
P006561,2025-12-31,employed,321,29663.63
P006562,2025-12-31,employed,240,23853.68
P006566,2025-12-31,employed,357,43224.43
P006569,2025-12-31,self_employed,319,22717.13
P006571,2025-12-31,marginal,116,NA
P006572,2025-12-31,employed,262,13830.87
P006577,2025-12-31,employed,295,20314.6
P006578,2025-12-31,employed,365,30722.81
P006580,2025-12-31,employed,267,39574.87
P006583,2025-12-31,marginal,129,3712.97
P006586,2025-12-31,marginal,72,6465.36
P006590,2025-12-31,self_employed,278,5656.01
P006591,2025-12-31,employed,272,25889.78
P006592,2025-12-31,employed,251,36849.72
P006594,2025-12-31,self_employed,162,27345.53
P006597,2025-12-31,employed,365,51943.68
P006598,2025-12-31,employed,258,48764.86
P006599,2025-12-31,employed,280,40135.41
P006601,2025-12-31,employed,160,33033.24
P006603,2025-12-31,marginal,143,7308.94
P006604,2025-12-31,marginal,131,4722.32
P006605,2025-12-31,employed,304,61864.8
P006607,2025-12-31,self_employed,208,13069
P006608,2025-12-31,employed,365,25069.44
P006609,2025-12-31,employed,280,77710.59
P006610,2025-12-31,employed,365,14122.62
P006611,2025-12-31,employed,314,10817.21
P006621,2025-12-31,employed,267,38252.21
P006624,2025-12-31,employed,294,24189.02
P006625,2025-12-31,employed,347,38345.85
P006626,2025-12-31,employed,269,12365.21
P006627,2025-12-31,employed,260,39977.11
P006629,2025-12-31,employed,170,28010.86
P006630,2025-12-31,self_employed,363,66299.46
P006631,2025-12-31,employed,282,22297.83
P006633,2025-12-31,employed,228,13728.91
P006635,2025-12-31,employed,280,61033.02
P006639,2025-12-31,employed,244,18538.85
P006640,2025-12-31,marginal,74,5047.35
P006641,2025-12-31,employed,172,46575.85
P006644,2025-12-31,employed,365,51466.1
P006651,2025-12-31,employed,357,18938.63
P006652,2025-12-31,employed,253,38008.43
P006656,2025-12-31,employed,329,63623.76
P006659,2025-12-31,employed,202,14115.19
P006660,2025-12-31,employed,330,18188.33
P006661,2025-12-31,employed,260,18292.41
P006664,2025-12-31,employed,243,44422.32
P006665,2025-12-31,employed,329,31324.56
P006668,2025-12-31,employed,251,15736.43
P006669,2025-12-31,marginal,57,2463.26
P006670,2025-12-31,employed,219,21251.77
P006673,2025-12-31,employed,282,36496.76
P006674,2025-12-31,employed,262,16341.21
P006675,2025-12-31,employed,358,22743.72
P006676,2025-12-31,employed,233,51352.41
P006677,2025-12-31,employed,192,33455.21
P006678,2025-12-31,employed,343,24802.51
P006687,2025-12-31,employed,321,15539.09
P006692,2025-12-31,employed,321,48859.41
P006694,2025-12-31,employed,307,16253.84
P006695,2025-12-31,employed,296,14493.96
P006700,2025-12-31,marginal,100,3352.32
P006706,2025-12-31,employed,302,35833.96
P006708,2025-12-31,employed,230,40878.99
P006710,2025-12-31,employed,319,79427.82
P006716,2025-12-31,marginal,125,5236.19
P006719,2025-12-31,employed,294,50511.97
P006720,2025-12-31,employed,315,26431
P006724,2025-12-31,employed,229,32592.71
P006725,2025-12-31,employed,365,34313.56
P006726,2025-12-31,employed,190,26321.28
P006729,2025-12-31,employed,345,37880.01
P006732,2025-12-31,employed,285,73322.72
P006733,2025-12-31,employed,283,16227.1
P006734,2025-12-31,employed,217,44739.97
P006736,2025-12-31,marginal,70,3018.99
P006737,2025-12-31,employed,212,39801.53
P006738,2025-12-31,employed,300,13338.93
P006739,2025-12-31,employed,257,21336.32
P006741,2025-12-31,employed,178,31487.14
P006742,2025-12-31,employed,317,39561
P006747,2025-12-31,employed,272,19107.81
P006748,2025-12-31,employed,364,38691.77
P006749,2025-12-31,employed,NA,35452.11
P006751,2025-12-31,employed,274,26137.79
P006753,2025-12-31,employed,343,26265.43
P006755,2025-12-31,employed,313,15890.51
P006757,2025-12-31,employed,331,25969.02
P006758,2025-12-31,employed,358,21906.62
P006760,2025-12-31,employed,324,32914.82
P006762,2025-12-31,employed,276,39427.36
P006765,2025-12-31,employed,324,23515.77
P006766,2025-12-31,employed,365,24977.04
P006767,2025-12-31,employed,126,16637.69
P006768,2025-12-31,employed,253,25759.24
P006770,2025-12-31,self_employed,164,8714.3
P006771,2025-12-31,employed,251,64592.93
P006772,2025-12-31,marginal,151,4633.2
P006773,2025-12-31,employed,266,17003.11
P006775,2025-12-31,self_employed,184,24530.91
P006776,2025-12-31,marginal,57,7803.06
P006778,2025-12-31,employed,268,33168.75
P006779,2025-12-31,employed,201,52465.12
P006782,2025-12-31,employed,324,38734.5
P006783,2025-12-31,employed,315,22037.72
P006784,2025-12-31,marginal,85,5244.36
P006786,2025-12-31,employed,323,31711.32
P006789,2025-12-31,employed,329,27149.25
P006791,2025-12-31,employed,240,39657.12
P006792,2025-12-31,employed,315,29205.8
P006794,2025-12-31,employed,266,23634.87
P006797,2025-12-31,employed,365,38429.29
P006799,2025-12-31,employed,200,21642.47
P006800,2025-12-31,employed,312,9273.89
P006802,2025-12-31,employed,222,18340.41
P006806,2025-12-31,employed,323,19836.34
P006817,2025-12-31,self_employed,165,16532.52
P006818,2025-12-31,employed,278,30566.9
P006819,2025-12-31,self_employed,239,7422.76
P006824,2025-12-31,employed,238,44499.37
P006830,2025-12-31,marginal,123,6161.99
P006833,2025-12-31,employed,292,20848.82
P006835,2025-12-31,employed,189,27073.99
P006837,2025-12-31,marginal,159,5683.6
P006840,2025-12-31,employed,343,27511.31
P006841,2025-12-31,employed,182,32377.27
P006842,2025-12-31,employed,314,31770.42
P006844,2025-12-31,no_record,0,0
P006848,2025-12-31,self_employed,365,10795.88
P006849,2025-12-31,employed,349,29420.18
P006853,2025-12-31,employed,259,32954.93
P006858,2025-12-31,no_record,0,0
P006859,2025-12-31,employed,86,41519.78
P006860,2025-12-31,employed,318,24063.32
P006866,2025-12-31,employed,316,21344.39
P006869,2025-12-31,employed,225,31718.3
P006870,2025-12-31,employed,186,36842.97
P006871,2025-12-31,employed,183,45334.21
P006873,2025-12-31,employed,317,24093.89
P006874,2025-12-31,employed,334,25449.11
P006875,2025-12-31,employed,279,25906.11
P006876,2025-12-31,employed,175,22209.09
P006877,2025-12-31,self_employed,267,10195.81
P006878,2025-12-31,employed,185,25061.35
P006880,2025-12-31,employed,275,27394.12
P006883,2025-12-31,self_employed,335,60888.6
P006885,2025-12-31,employed,207,37995.67
P006886,2025-12-31,employed,288,41820.77
P006887,2025-12-31,employed,314,33060.61
P006889,2025-12-31,employed,294,14810.1
P006892,2025-12-31,employed,289,24296.22
P006894,2025-12-31,employed,336,24762.67
P006895,2025-12-31,marginal,127,5082.62
P006897,2025-12-31,employed,307,19854.83
P006898,2025-12-31,employed,268,26861.16
P006899,2025-12-31,employed,269,30223.62
P006901,2025-12-31,employed,332,52874.02
P006903,2025-12-31,employed,329,24949.62
P006905,2025-12-31,employed,332,47903.05
P006906,2025-12-31,employed,237,90162.05
P006907,2025-12-31,employed,272,19203.49
P006910,2025-12-31,employed,232,39425.14
P006911,2025-12-31,employed,328,21094.73
P006913,2025-12-31,employed,236,28990.95
P006914,2025-12-31,employed,175,36142.67
P006915,2025-12-31,employed,255,NA
P006916,2025-12-31,marginal,108,3130.93
P006920,2025-12-31,employed,365,29985.68
P006921,2025-12-31,employed,318,9523.55
P006922,2025-12-31,employed,337,50324.51
P006924,2025-12-31,self_employed,341,16905.51
P006925,2025-12-31,employed,365,29816.14
P006927,2025-12-31,employed,365,62133.48
P006931,2025-12-31,marginal,211,4726.51
P006945,2025-12-31,employed,196,13135.42
P006949,2025-12-31,marginal,92,4862.58
P006950,2025-12-31,employed,289,36665.22
P006951,2025-12-31,employed,297,98682.06
P006955,2025-12-31,employed,320,16423.76
P006962,2025-12-31,no_record,0,0
P006964,2025-12-31,employed,365,24774.44
P006965,2025-12-31,employed,324,27065.6
P006966,2025-12-31,employed,329,24622.36
P006967,2025-12-31,employed,237,82253.21
P006968,2025-12-31,employed,260,42871.58
P006969,2025-12-31,employed,321,45490.86
P006974,2025-12-31,employed,256,27497.16
P006977,2025-12-31,self_employed,290,74429.68
P006978,2025-12-31,employed,352,21891.09
P006979,2025-12-31,employed,300,23469.36
P006981,2025-12-31,employed,273,34772.92
P006982,2025-12-31,employed,285,14234.94
P006991,2025-12-31,employed,365,40587.31
P006992,2025-12-31,employed,365,25089.56
P006997,2025-12-31,employed,365,31930.84
P006998,2025-12-31,employed,205,13516.27
P006999,2025-12-31,employed,365,26780.1
P007002,2025-12-31,employed,276,13843.8
P007006,2025-12-31,employed,232,13708.6
P007008,2025-12-31,self_employed,252,58192.56
P007011,2025-12-31,employed,365,17257.59
P007013,2025-12-31,employed,220,27221.31
P007014,2025-12-31,employed,365,33103.66
P007016,2025-12-31,employed,306,26150.01
P007017,2025-12-31,employed,264,25057.95
P007019,2025-12-31,employed,291,26279.67
P007020,2025-12-31,employed,359,30417.72
P007023,2025-12-31,employed,262,26643.84
P007025,2025-12-31,employed,365,23180.37
P007028,2025-12-31,employed,229,26235.26
P007029,2025-12-31,self_employed,206,20480.85
P007031,2025-12-31,employed,365,42140.26
P007033,2025-12-31,employed,245,30869.79
P007034,2025-12-31,employed,254,23066.16
P007036,2025-12-31,marginal,124,4454.47
P007039,2025-12-31,employed,347,94648.43
P007040,2025-12-31,self_employed,158,31081.18
P007041,2025-12-31,no_record,0,0
P007042,2025-12-31,employed,254,29271.55
P007043,2025-12-31,employed,252,23322.93
P007045,2025-12-31,employed,334,18921.05
P007046,2025-12-31,self_employed,365,13483.22
P007047,2025-12-31,no_record,0,0
P007050,2025-12-31,employed,219,25374.31
P007052,2025-12-31,employed,220,18504.8
P007053,2025-12-31,employed,261,14397.22
P007054,2025-12-31,employed,276,17950.51
P007056,2025-12-31,employed,272,66407.29
P007058,2025-12-31,employed,317,49225.52
P007059,2025-12-31,marginal,141,4924.68
P007060,2025-12-31,employed,242,45312.87
P007061,2025-12-31,self_employed,243,42568.41
P007062,2025-12-31,self_employed,365,49017.92
P007065,2025-12-31,employed,283,27472.89
P007066,2025-12-31,employed,337,39726.52
P007067,2025-12-31,marginal,160,5369.58
P007072,2025-12-31,marginal,85,5365.14
P007073,2025-12-31,marginal,111,3290.53
P007074,2025-12-31,employed,262,40645.51
P007076,2025-12-31,employed,342,26337.46
P007077,2025-12-31,employed,175,15084.72
P007081,2025-12-31,employed,365,16462.71
P007082,2025-12-31,employed,219,38135.47
P007086,2025-12-31,employed,365,43401.9
P007089,2025-12-31,self_employed,246,14493.16
P007096,2025-12-31,employed,338,56261.18
P007097,2025-12-31,marginal,51,4532.02
P007098,2025-12-31,employed,357,9558.19
P007100,2025-12-31,employed,230,23415.67
P007101,2025-12-31,self_employed,290,71596.51
P007107,2025-12-31,employed,318,20118.44
P007110,2025-12-31,employed,204,41114.38
P007115,2025-12-31,employed,263,25713.42
P007116,2025-12-31,employed,195,21752.1
P007118,2025-12-31,employed,318,32645.94
P007119,2025-12-31,employed,323,40244.14
P007120,2025-12-31,employed,274,20364.58
P007121,2025-12-31,marginal,121,3136.85
P007127,2025-12-31,employed,207,29472.71
P007128,2025-12-31,employed,206,29203.71
P007129,2025-12-31,employed,336,21338.95
P007130,2025-12-31,employed,219,15928.97
P007131,2025-12-31,employed,194,16213.81
P007132,2025-12-31,employed,242,25362.57
P007134,2025-12-31,employed,257,24174.5
P007137,2025-12-31,employed,343,23806.76
P007142,2025-12-31,employed,303,32207.44
P007144,2025-12-31,employed,345,36732.92
P007147,2025-12-31,marginal,143,3309.97
P007148,2025-12-31,employed,316,20118.36
P007150,2025-12-31,employed,365,23853.8
P007154,2025-12-31,marginal,79,3187.51
P007155,2025-12-31,employed,333,28219.61
P007156,2025-12-31,employed,209,16063.68
P007157,2025-12-31,marginal,95,8064.4
P007159,2025-12-31,self_employed,334,15074.83
P007160,2025-12-31,employed,349,77516.47
P007161,2025-12-31,employed,283,26584.11
P007162,2025-12-31,employed,365,67170.68
P007164,2025-12-31,employed,214,23151.34
P007165,2025-12-31,employed,NA,19768.77
P007166,2025-12-31,employed,210,21881.85
P007174,2025-12-31,employed,247,28978.7
P007175,2025-12-31,employed,365,32788.73
P007177,2025-12-31,employed,210,40035.48
P007182,2025-12-31,employed,215,27738.82
P007183,2025-12-31,self_employed,344,34936.57
P007185,2025-12-31,employed,252,17997.44
P007190,2025-12-31,self_employed,342,14402.11
P007192,2025-12-31,employed,330,10962.14
P007193,2025-12-31,self_employed,326,54015.48
P007195,2025-12-31,employed,241,21680.63
P007198,2025-12-31,employed,241,31315.04
P007199,2025-12-31,employed,194,19146.13
P007200,2025-12-31,marginal,94,6775.07
P007201,2025-12-31,employed,307,49435.3
P007204,2025-12-31,employed,329,23098.58
P007206,2025-12-31,employed,246,29595.21
P007209,2025-12-31,employed,249,45456.38
P007211,2025-12-31,no_record,0,0
P007213,2025-12-31,employed,342,30308.48
P007215,2025-12-31,marginal,114,2849.18
P007217,2025-12-31,self_employed,268,9281.85
P007219,2025-12-31,employed,365,10336.26
P007220,2025-12-31,employed,287,34273.36
P007225,2025-12-31,self_employed,293,11740.8
P007226,2025-12-31,employed,219,34904.18
P007227,2025-12-31,employed,227,35535.3
P007230,2025-12-31,employed,283,24802.13
P007235,2025-12-31,marginal,100,7366.12
P007236,2025-12-31,employed,356,13054.48
P007237,2025-12-31,employed,312,36299.77
P007243,2025-12-31,employed,349,16564.21
P007244,2025-12-31,employed,230,22412.49
P007245,2025-12-31,employed,243,19038.73
P007246,2025-12-31,employed,167,27386.51
P007247,2025-12-31,self_employed,352,26708.88
P007249,2025-12-31,employed,271,23386.24
P007250,2025-12-31,employed,278,23647.19
P007251,2025-12-31,employed,261,19104.22
P007253,2025-12-31,employed,195,27251.94
P007257,2025-12-31,employed,326,23243.94
P007262,2025-12-31,employed,333,8339.45
P007264,2025-12-31,employed,318,21707.72
P007268,2025-12-31,employed,297,15835.52
P007269,2025-12-31,employed,341,NA
P007275,2025-12-31,employed,296,17649.43
P007281,2025-12-31,employed,267,21137.74
P007283,2025-12-31,employed,197,13010.71
P007284,2025-12-31,employed,246,37518.25
P007285,2025-12-31,employed,256,52628.19
P007286,2025-12-31,self_employed,142,21121.46
P007290,2025-12-31,employed,238,40453.18
P007291,2025-12-31,employed,310,34089.75
P007297,2025-12-31,employed,282,15023.32
P007298,2025-12-31,self_employed,161,11417.97
P007299,2025-12-31,employed,296,46354.84
P007301,2025-12-31,marginal,62,12356.43
P007303,2025-12-31,employed,277,67298.55
P007305,2025-12-31,employed,342,19858.97
P007307,2025-12-31,employed,338,33222.74
P007309,2025-12-31,employed,362,61693.01
P007310,2025-12-31,employed,275,37739.64
P007312,2025-12-31,employed,331,16434.54
P007313,2025-12-31,employed,365,33588.7
P007314,2025-12-31,self_employed,239,53514.83
P007316,2025-12-31,employed,NA,18496.48
P007319,2025-12-31,self_employed,297,64626.1
P007320,2025-12-31,employed,282,12097.04
P007322,2025-12-31,no_record,0,0
P007326,2025-12-31,employed,250,23641.09
P007330,2025-12-31,employed,311,21883.84
P007331,2025-12-31,employed,275,29984.77
P007332,2025-12-31,marginal,137,4747.29
P007335,2025-12-31,employed,320,38540.74
P007337,2025-12-31,employed,302,14936.7
P007341,2025-12-31,marginal,66,4795
P007342,2025-12-31,employed,324,19807.33
P007343,2025-12-31,marginal,159,4816.25
P007344,2025-12-31,employed,113,52662.52
P007347,2025-12-31,employed,303,54574.11
P007348,2025-12-31,employed,321,66675.78
P007351,2025-12-31,self_employed,365,68019.38
P007352,2025-12-31,employed,244,17018.48
P007354,2025-12-31,employed,245,55112.6
P007361,2025-12-31,employed,277,20458.04
P007363,2025-12-31,employed,365,40215.52
P007364,2025-12-31,marginal,205,4822.42
P007365,2025-12-31,employed,365,37803.02
P007370,2025-12-31,employed,258,23450.49
P007372,2025-12-31,employed,363,12451.78
P007373,2025-12-31,marginal,143,4844.04
P007374,2025-12-31,employed,352,12962.45
P007375,2025-12-31,employed,293,44852.71
P007376,2025-12-31,employed,328,29486.62
P007377,2025-12-31,employed,285,70658.18
P007378,2025-12-31,employed,330,30005.92
P007379,2025-12-31,employed,226,28731.03
P007380,2025-12-31,employed,272,31547.36
P007382,2025-12-31,marginal,103,6431.31
P007385,2025-12-31,employed,178,18603
P007386,2025-12-31,employed,295,17590.5
P007387,2025-12-31,employed,209,26808.33
P007389,2025-12-31,employed,286,31615.33
P007390,2025-12-31,employed,243,39818.23
P007392,2025-12-31,employed,221,16511.99
P007396,2025-12-31,employed,287,48381.76
P007397,2025-12-31,employed,212,20315.02
P007399,2025-12-31,employed,354,28135.36
P007404,2025-12-31,employed,306,33410.84
P007407,2025-12-31,employed,316,28212.6
P007408,2025-12-31,employed,288,26364.97
P007411,2025-12-31,employed,353,29017.89
P007412,2025-12-31,employed,190,20710.7
P007414,2025-12-31,employed,184,28587.69
P007415,2025-12-31,employed,365,23150.04
P007417,2025-12-31,employed,365,49603.79
P007421,2025-12-31,employed,192,54872.24
P007424,2025-12-31,employed,301,29202.84
P007425,2025-12-31,employed,202,29238.32
P007426,2025-12-31,employed,345,26869.24
P007428,2025-12-31,employed,362,33281.62
P007430,2025-12-31,employed,206,27449.64
P007434,2025-12-31,marginal,115,5256.53
P007437,2025-12-31,employed,306,60316.9
P007442,2025-12-31,employed,218,12485.75
P007443,2025-12-31,employed,261,19502.72
P007444,2025-12-31,employed,301,28101.81
P007445,2025-12-31,employed,252,37253.53
P007452,2025-12-31,employed,242,73307.59
P007454,2025-12-31,employed,316,28049.61
P007459,2025-12-31,employed,280,48888.75
P007460,2025-12-31,employed,338,15418.64
P007464,2025-12-31,employed,281,37762.43
P007467,2025-12-31,employed,215,34269.47
P007468,2025-12-31,marginal,249,5104.94
P007469,2025-12-31,self_employed,315,18355.54
P007470,2025-12-31,employed,292,26441.57
P007472,2025-12-31,employed,285,20615.94
P007476,2025-12-31,marginal,146,9653.21
P007477,2025-12-31,employed,365,13545.49
P007478,2025-12-31,employed,365,53834.18
P007479,2025-12-31,employed,179,29263.41
P007486,2025-12-31,employed,278,64602.4
P007487,2025-12-31,self_employed,286,6089.86
P007489,2025-12-31,employed,145,16269
P007492,2025-12-31,employed,251,40921.59
P007493,2025-12-31,employed,204,24196.18
P007495,2025-12-31,marginal,95,6508.26
P007499,2025-12-31,employed,211,26295.24
P007500,2025-12-31,employed,190,26335.47
P007501,2025-12-31,self_employed,176,12649.17
P007505,2025-12-31,employed,204,23489.99
P007508,2025-12-31,employed,356,62475.26
P007509,2025-12-31,employed,263,24510.08
P007514,2025-12-31,employed,342,15591.19
P007517,2025-12-31,employed,342,28002.28
P007520,2025-12-31,employed,312,51672.96
P007521,2025-12-31,employed,365,75928.31
P007523,2025-12-31,employed,249,27818.61
P007525,2025-12-31,employed,271,11392.52
P007526,2025-12-31,employed,324,15905.12
P007528,2025-12-31,employed,365,31437.56
P007529,2025-12-31,self_employed,235,12982.67
P007531,2025-12-31,employed,267,27342.87
P007532,2025-12-31,employed,365,24999.74
P007533,2025-12-31,marginal,126,5189.28
P007534,2025-12-31,self_employed,220,14884.98
P007536,2025-12-31,employed,NA,17881.98
P007537,2025-12-31,employed,331,32436.7
P007540,2025-12-31,employed,316,33946.85
P007543,2025-12-31,employed,312,36129.67
P007545,2025-12-31,employed,232,31147.58
P007548,2025-12-31,employed,246,21074.79
P007549,2025-12-31,employed,226,27815.95
P007550,2025-12-31,self_employed,168,7948.25
P007551,2025-12-31,employed,292,19679.52
P007552,2025-12-31,employed,238,12617.45
P007554,2025-12-31,self_employed,181,26147.73
P007555,2025-12-31,employed,251,39750.3
P007557,2025-12-31,employed,277,25805.05
P007564,2025-12-31,self_employed,357,16050.08
P007569,2025-12-31,self_employed,302,7090.12
P007570,2025-12-31,employed,365,14476.65
P007571,2025-12-31,employed,296,13702.11
P007575,2025-12-31,self_employed,254,18568.39
P007577,2025-12-31,employed,300,21880.31
P007582,2025-12-31,marginal,94,5731.78
P007583,2025-12-31,employed,314,15641.03
P007584,2025-12-31,self_employed,250,42655.32
P007585,2025-12-31,employed,365,41182.93
P007587,2025-12-31,employed,322,NA
P007588,2025-12-31,marginal,20,5278.89
P007592,2025-12-31,self_employed,226,16312.8
P007594,2025-12-31,employed,304,11511.33
P007595,2025-12-31,marginal,144,3594.4
P007597,2025-12-31,self_employed,223,19565.45
P007599,2025-12-31,employed,353,30587.48
P007605,2025-12-31,employed,263,47752.51
P007609,2025-12-31,employed,248,17524.94
P007614,2025-12-31,marginal,118,3866.11
P007615,2025-12-31,employed,307,25485.3
P007616,2025-12-31,employed,365,44457.1
P007618,2025-12-31,employed,270,58639.87
P007625,2025-12-31,employed,266,21602.52
P007626,2025-12-31,marginal,113,6642.22
P007628,2025-12-31,self_employed,154,6946.11
P007630,2025-12-31,marginal,43,7102.03
P007632,2025-12-31,employed,365,34581.85
P007633,2025-12-31,employed,365,37696.6
P007634,2025-12-31,no_record,0,0
P007635,2025-12-31,employed,348,62186.1
P007639,2025-12-31,employed,264,34865.49
P007641,2025-12-31,employed,328,28519.45
P007642,2025-12-31,employed,356,21620.56
P007645,2025-12-31,employed,299,42684.21
P007646,2025-12-31,employed,345,36386.68
P007648,2025-12-31,employed,220,13360.44
P007649,2025-12-31,employed,216,31393.87
P007651,2025-12-31,employed,365,20036.34
P007655,2025-12-31,employed,247,34541.26
P007665,2025-12-31,employed,365,37610.78
P007669,2025-12-31,employed,NA,35794.78
P007674,2025-12-31,employed,284,39290.93
P007675,2025-12-31,employed,204,37584.19
P007678,2025-12-31,marginal,184,6085.94
P007679,2025-12-31,employed,365,33548.39
P007680,2025-12-31,employed,188,71410.21
P007681,2025-12-31,employed,365,18217.21
P007682,2025-12-31,employed,214,16447.86
P007683,2025-12-31,marginal,119,6210.09
P007689,2025-12-31,employed,188,26169.2
P007690,2025-12-31,employed,256,33801.66
P007691,2025-12-31,employed,357,20505.82
P007693,2025-12-31,marginal,89,4248.38
P007697,2025-12-31,employed,323,29584.58
P007698,2025-12-31,employed,228,51933.19
P007700,2025-12-31,employed,277,15270.04
P007703,2025-12-31,self_employed,NA,36216.78
P007704,2025-12-31,employed,320,28062.5
P007705,2025-12-31,employed,269,24844.13
P007706,2025-12-31,employed,250,21874.6
P007708,2025-12-31,employed,259,31163.41
P007709,2025-12-31,employed,181,30877.38
P007710,2025-12-31,employed,278,36843.28
P007711,2025-12-31,employed,365,25337.08
P007713,2025-12-31,employed,282,20523.65
P007716,2025-12-31,employed,166,13918.01
P007719,2025-12-31,employed,275,32358.29
P007720,2025-12-31,employed,281,21465.45
P007726,2025-12-31,marginal,128,3341.1
P007728,2025-12-31,employed,287,27492.05
P007729,2025-12-31,self_employed,365,28982.01
P007730,2025-12-31,marginal,52,6898.27
P007734,2025-12-31,employed,183,26705.28
P007735,2025-12-31,employed,344,60235.65
P007736,2025-12-31,employed,243,18261.22
P007737,2025-12-31,employed,322,32836.67
P007741,2025-12-31,employed,283,29053.45
P007743,2025-12-31,employed,250,18286.52
P007744,2025-12-31,employed,323,20191.92
P007749,2025-12-31,employed,144,40507.99
P007750,2025-12-31,self_employed,161,54386.52
P007751,2025-12-31,employed,206,24090.08
P007752,2025-12-31,employed,201,41658.21
P007754,2025-12-31,employed,231,16518.73
P007757,2025-12-31,employed,258,39820.31
P007760,2025-12-31,marginal,114,5253.1
P007761,2025-12-31,employed,240,26628.25
P007763,2025-12-31,self_employed,103,35762.77
P007770,2025-12-31,marginal,129,4763.58
P007771,2025-12-31,employed,261,28126.25
P007773,2025-12-31,self_employed,365,20425.48
P007776,2025-12-31,employed,252,31146.68
P007778,2025-12-31,employed,318,22712.27
P007782,2025-12-31,marginal,138,2998.03
P007784,2025-12-31,employed,293,35010.24
P007796,2025-12-31,employed,235,NA
P007797,2025-12-31,marginal,91,1919.3
P007798,2025-12-31,employed,365,20157.62
P007799,2025-12-31,employed,314,41763.76
P007801,2025-12-31,employed,199,21638.05
P007802,2025-12-31,marginal,127,6034.22
P007804,2025-12-31,self_employed,117,9480.1
P007805,2025-12-31,employed,319,21506.18
P007810,2025-12-31,self_employed,215,77770.89
P007816,2025-12-31,employed,223,24898.28
P007818,2025-12-31,employed,309,16669.14
P007819,2025-12-31,self_employed,206,7828.17
P007825,2025-12-31,employed,212,32142.38
P007826,2025-12-31,employed,267,26771.41
P007831,2025-12-31,employed,338,31513.99
P007834,2025-12-31,employed,269,15175.27
P007835,2025-12-31,employed,268,17669.46
P007838,2025-12-31,employed,346,46124.58
P007840,2025-12-31,employed,245,53358.4
P007842,2025-12-31,employed,304,67303.54
P007843,2025-12-31,self_employed,344,46252.05
P007847,2025-12-31,employed,299,27925.69
P007849,2025-12-31,employed,288,52691.24
P007850,2025-12-31,employed,298,22757.34
P007855,2025-12-31,employed,339,23710.43
P007856,2025-12-31,employed,309,9145.3
P007857,2025-12-31,employed,219,31795.37
P007859,2025-12-31,marginal,141,9306.17
P007860,2025-12-31,employed,241,17698.58
P007866,2025-12-31,employed,358,28222.72
P007869,2025-12-31,employed,258,19177.83
P007874,2025-12-31,employed,305,20531.35
P007879,2025-12-31,employed,295,9560.05
P007880,2025-12-31,employed,357,47772.23
P007881,2025-12-31,employed,261,33805.58
P007882,2025-12-31,marginal,104,6484.91
P007886,2025-12-31,employed,282,15869.94
P007887,2025-12-31,employed,264,10068.24
P007889,2025-12-31,employed,243,35257.26
P007890,2025-12-31,employed,309,20414.18
P007891,2025-12-31,employed,309,20886.98
P007892,2025-12-31,employed,NA,42000.39
P007896,2025-12-31,employed,206,47685.8
P007897,2025-12-31,employed,215,7746.55
P007902,2025-12-31,employed,306,21252.42
P007907,2025-12-31,employed,331,44139.33
P007908,2025-12-31,employed,350,51228.21
P007913,2025-12-31,no_record,0,0
P007915,2025-12-31,no_record,0,0
P007919,2025-12-31,employed,242,51475.3
P007921,2025-12-31,marginal,120,2831.62
P007922,2025-12-31,employed,365,19606.63
P007924,2025-12-31,employed,272,25552.65
P007925,2025-12-31,self_employed,215,35107.51
P007927,2025-12-31,employed,317,13907.85
P007928,2025-12-31,employed,311,79588.08
P007929,2025-12-31,employed,284,33467.93
P007930,2025-12-31,marginal,143,9887
P007931,2025-12-31,no_record,0,0
P007933,2025-12-31,employed,316,29333.47
P007935,2025-12-31,employed,287,23997.9
P007938,2025-12-31,employed,286,12423.2
P007939,2025-12-31,employed,365,16063.19
P007941,2025-12-31,self_employed,318,21201.23
P007943,2025-12-31,self_employed,271,37851.77
P007948,2025-12-31,employed,226,31770.11
P007949,2025-12-31,employed,362,36564.11
P007950,2025-12-31,employed,365,60396.41
P007953,2025-12-31,employed,241,74846.06
P007954,2025-12-31,self_employed,365,21130.4
P007955,2025-12-31,employed,252,28363.81
P007956,2025-12-31,employed,312,43477.76
P007957,2025-12-31,employed,344,17599.93
P007960,2025-12-31,marginal,100,7135.5
P007962,2025-12-31,marginal,123,6311.44
P007968,2025-12-31,employed,316,28594.59
P007974,2025-12-31,employed,284,19169.25
P007976,2025-12-31,marginal,121,4314.5
P007978,2025-12-31,self_employed,327,25822.88
P007979,2025-12-31,employed,266,34710.1
P007981,2025-12-31,employed,268,22300.1
P007987,2025-12-31,employed,215,25852.56
P007989,2025-12-31,employed,357,24605.32
P007990,2025-12-31,employed,256,22673.12
P007993,2025-12-31,self_employed,243,16841.05
P007994,2025-12-31,employed,259,21331
P007998,2025-12-31,marginal,63,3999.08
P008001,2025-12-31,employed,246,54252.12
P008004,2025-12-31,employed,223,15334.79
P008005,2025-12-31,employed,265,45436.78
P008006,2025-12-31,marginal,56,6170.4
P008011,2025-12-31,employed,159,19196.95
P008012,2025-12-31,employed,256,17453.04
P008015,2025-12-31,employed,264,46421.06
P008016,2025-12-31,employed,235,37512.96
P008019,2025-12-31,employed,322,12170.49
P008020,2025-12-31,employed,269,24458.72
P008021,2025-12-31,employed,203,37782.29
P008022,2025-12-31,employed,291,15580.88
P008027,2025-12-31,employed,311,16448.71
P008030,2025-12-31,employed,322,25011.25
P008033,2025-12-31,self_employed,126,17910.04
P008035,2025-12-31,employed,259,26158.36
P008036,2025-12-31,employed,211,34255.55
P008037,2025-12-31,self_employed,241,17488.63
P008039,2025-12-31,self_employed,166,15617.24
P008042,2025-12-31,employed,249,28075.43
P008046,2025-12-31,self_employed,171,9479.57
P008048,2025-12-31,employed,195,17893.82
P008049,2025-12-31,employed,262,23340.52
P008052,2025-12-31,employed,339,19783.05
P008054,2025-12-31,self_employed,365,21471.52
P008055,2025-12-31,employed,287,46460.05
P008058,2025-12-31,employed,321,26963.85
P008059,2025-12-31,employed,153,21146.15
P008061,2025-12-31,employed,272,21305.14
P008062,2025-12-31,marginal,154,2826.77
P008066,2025-12-31,self_employed,186,11871.89
P008068,2025-12-31,employed,365,52336.42
P008070,2025-12-31,self_employed,236,33847.77
P008071,2025-12-31,employed,253,46219.75
P008072,2025-12-31,employed,267,12907.53
P008076,2025-12-31,employed,240,41999.34
P008077,2025-12-31,self_employed,102,15957.8
P008080,2025-12-31,marginal,115,6120.69
P008082,2025-12-31,no_record,0,0
P008086,2025-12-31,employed,326,23113.01
P008087,2025-12-31,marginal,105,4897.18
P008088,2025-12-31,employed,283,53734.93
P008091,2025-12-31,employed,365,11856.54
P008092,2025-12-31,employed,333,32887.4
P008093,2025-12-31,employed,289,28086.54
P008095,2025-12-31,employed,156,51972.43
P008096,2025-12-31,employed,365,27881.7
P008099,2025-12-31,employed,303,23516.09
P008100,2025-12-31,self_employed,269,7255.27
P008101,2025-12-31,employed,265,32752.31
P008104,2025-12-31,employed,252,64291.34
P008107,2025-12-31,employed,155,34680.96
P008109,2025-12-31,employed,363,26846.03
P008111,2025-12-31,marginal,95,3434.41
P008112,2025-12-31,employed,283,36215.71
P008117,2025-12-31,employed,250,14824.83
P008120,2025-12-31,employed,307,23217.81
P008122,2025-12-31,employed,364,58830.04
P008126,2025-12-31,employed,309,37406.09
P008127,2025-12-31,employed,348,42747.2
P008128,2025-12-31,employed,250,24628.22
P008130,2025-12-31,employed,305,30768.95
P008131,2025-12-31,employed,228,34882.29
P008132,2025-12-31,employed,219,49426.33
P008133,2025-12-31,marginal,145,3971.88
P008137,2025-12-31,employed,290,17714.77
P008139,2025-12-31,employed,207,39572.81
P008141,2025-12-31,employed,237,26542.71
P008142,2025-12-31,employed,365,18883.61
P008144,2025-12-31,employed,352,29181.84
P008147,2025-12-31,marginal,90,3670.23
P008149,2025-12-31,employed,304,6323.42
P008150,2025-12-31,marginal,95,3401.81
P008154,2025-12-31,employed,354,22644.12
P008157,2025-12-31,employed,270,42507.54
P008158,2025-12-31,employed,247,30360.81
P008159,2025-12-31,employed,185,18412.52
P008160,2025-12-31,employed,206,36457.07
P008162,2025-12-31,self_employed,202,15938.29
P008165,2025-12-31,employed,320,45936.65
P008166,2025-12-31,employed,307,73394.9
P008167,2025-12-31,marginal,56,10156.23
P008169,2025-12-31,marginal,85,5068.34
P008173,2025-12-31,employed,346,28419.31
P008174,2025-12-31,employed,231,57131.66
P008175,2025-12-31,employed,284,54076.09
P008176,2025-12-31,employed,349,39820.86
P008179,2025-12-31,employed,360,35254.56
P008181,2025-12-31,self_employed,78,30856.43
P008185,2025-12-31,employed,365,26501.55
P008186,2025-12-31,employed,359,10949.83
P008187,2025-12-31,employed,365,31831.75
P008189,2025-12-31,employed,220,20516.54
P008190,2025-12-31,employed,296,55095.76
P008193,2025-12-31,employed,276,46898.89
P008194,2025-12-31,employed,319,13224.98
P008195,2025-12-31,employed,230,22311.86
P008197,2025-12-31,employed,147,33070.89
P008199,2025-12-31,employed,254,31037.08
P008201,2025-12-31,employed,194,26815.67
P008202,2025-12-31,marginal,44,3135.72
P008203,2025-12-31,employed,347,24226.98
P008207,2025-12-31,employed,365,33584.4
P008208,2025-12-31,employed,325,47067.54
P008210,2025-12-31,employed,356,36033.98
P008213,2025-12-31,employed,298,28120.78
P008214,2025-12-31,employed,221,23026.9
P008217,2025-12-31,employed,229,19708.26
P008218,2025-12-31,self_employed,245,72697.34
P008219,2025-12-31,employed,235,19023
P008223,2025-12-31,no_record,0,0
P008224,2025-12-31,employed,278,17317.68
P008225,2025-12-31,employed,286,29031.93
P008228,2025-12-31,marginal,53,3882.62
P008229,2025-12-31,employed,176,35307.38
P008230,2025-12-31,self_employed,219,19418.2
P008231,2025-12-31,employed,329,19997.4
P008232,2025-12-31,self_employed,263,32916.31
P008233,2025-12-31,employed,271,14361.06
P008234,2025-12-31,employed,231,20472.88
P008235,2025-12-31,employed,210,63880.66
P008236,2025-12-31,employed,360,41941.03
P008238,2025-12-31,employed,223,34277.24
P008239,2025-12-31,employed,317,21919.66
P008240,2025-12-31,employed,282,40073.25
P008257,2025-12-31,employed,337,25899.54
P008258,2025-12-31,employed,252,23026.04
P008259,2025-12-31,self_employed,248,14204.99
P008262,2025-12-31,employed,292,26734.7
P008264,2025-12-31,employed,313,40776.02
P008266,2025-12-31,employed,348,27113.44
P008267,2025-12-31,employed,356,39392.3
P008269,2025-12-31,employed,NA,61830.97
P008271,2025-12-31,employed,320,98930.09
P008274,2025-12-31,employed,268,29069.98
P008276,2025-12-31,marginal,137,6909.74
P008277,2025-12-31,marginal,79,3338.43
P008279,2025-12-31,employed,286,21221.23
P008282,2025-12-31,self_employed,365,19484.19
P008284,2025-12-31,marginal,194,3639.25
P008288,2025-12-31,employed,304,26870.93
P008290,2025-12-31,employed,236,22422.49
P008293,2025-12-31,marginal,112,7420.15
P008294,2025-12-31,employed,233,26655.21
P008297,2025-12-31,employed,311,12181.97
P008298,2025-12-31,employed,268,18403.5
P008300,2025-12-31,self_employed,164,22103.96
P008301,2025-12-31,marginal,60,8539.94
P008302,2025-12-31,employed,365,17200.08
P008305,2025-12-31,employed,309,61394.91
P008308,2025-12-31,employed,128,22321.83
P008309,2025-12-31,employed,253,15492.93
P008316,2025-12-31,employed,319,14871.2
P008321,2025-12-31,employed,260,20242.51
P008322,2025-12-31,employed,297,25174.23
P008329,2025-12-31,employed,220,26325.8
P008330,2025-12-31,employed,281,17267.72
P008331,2025-12-31,marginal,128,7484.77
P008332,2025-12-31,employed,365,35161.99
P008333,2025-12-31,employed,348,31723.01
P008334,2025-12-31,employed,365,18702.66
P008336,2025-12-31,no_record,0,0
P008340,2025-12-31,employed,281,14350.22
P008342,2025-12-31,employed,205,22106.6
P008343,2025-12-31,employed,231,18208.24
P008345,2025-12-31,employed,296,33401.92
P008346,2025-12-31,employed,256,58237.51
P008347,2025-12-31,employed,240,52756.78
P008350,2025-12-31,employed,268,28995.43
P008354,2025-12-31,employed,365,34315.59
P008355,2025-12-31,employed,289,46772.38
P008358,2025-12-31,employed,241,31626.47
P008360,2025-12-31,self_employed,311,53898.48
P008366,2025-12-31,employed,233,34054.03
P008368,2025-12-31,employed,239,12023.95
P008369,2025-12-31,employed,291,35467.11
P008372,2025-12-31,employed,188,14115.79
P008374,2025-12-31,employed,338,42756.34
P008376,2025-12-31,employed,242,18773.7
P008377,2025-12-31,employed,306,27403.15
P008378,2025-12-31,employed,276,22450.5
P008382,2025-12-31,employed,229,23519.2
P008384,2025-12-31,employed,242,47600.34
P008386,2025-12-31,employed,329,15409.69
P008387,2025-12-31,employed,279,78015.63
P008388,2025-12-31,employed,201,20867.51
P008390,2025-12-31,employed,211,24387.61
P008391,2025-12-31,employed,195,39547.2
P008392,2025-12-31,employed,353,17151.5
P008396,2025-12-31,employed,365,21652.79
P008397,2025-12-31,self_employed,365,67345.11
P008399,2025-12-31,self_employed,278,5620.99
P008401,2025-12-31,employed,354,29910.93
P008402,2025-12-31,employed,258,30724.37
P008408,2025-12-31,marginal,70,7543.34
P008411,2025-12-31,self_employed,272,16422.08
P008413,2025-12-31,employed,276,13207.66
P008415,2025-12-31,employed,322,9132.66
P008416,2025-12-31,marginal,103,3367.56
P008417,2025-12-31,employed,129,15965.83
P008419,2025-12-31,employed,288,18478.81
P008421,2025-12-31,employed,365,49624.73
P008423,2025-12-31,employed,268,67178.94
P008424,2025-12-31,marginal,176,4124.82
P008427,2025-12-31,employed,220,NA
P008428,2025-12-31,employed,NA,23259.41
P008431,2025-12-31,employed,225,10699.33
P008433,2025-12-31,employed,276,68678.28
P008434,2025-12-31,employed,365,18342.27
P008437,2025-12-31,employed,365,82500.92
P008441,2025-12-31,employed,235,27343.77
P008442,2025-12-31,employed,148,34889.66
P008445,2025-12-31,employed,306,33063.56
P008448,2025-12-31,marginal,60,5833.99
P008449,2025-12-31,employed,365,19464.63
P008450,2025-12-31,employed,229,53593.97
P008451,2025-12-31,employed,288,21580.59
P008452,2025-12-31,employed,365,38663.89
P008453,2025-12-31,employed,203,20685.38
P008454,2025-12-31,employed,262,28134.23
P008456,2025-12-31,marginal,117,5633.76
P008460,2025-12-31,self_employed,365,33034.03
P008461,2025-12-31,employed,310,26954.77
P008464,2025-12-31,employed,294,15311.74
P008465,2025-12-31,employed,302,15349.21
P008467,2025-12-31,employed,333,40841.65
P008472,2025-12-31,employed,231,31571.32
P008475,2025-12-31,employed,316,28646.26
P008476,2025-12-31,employed,325,36545.72
P008478,2025-12-31,employed,346,21699.11
P008481,2025-12-31,self_employed,166,8886.99
P008485,2025-12-31,employed,206,39931.67
P008489,2025-12-31,employed,354,18819.6
P008490,2025-12-31,employed,365,15620.56
P008493,2025-12-31,employed,294,54767.6
P008494,2025-12-31,employed,365,16077.75
P008495,2025-12-31,employed,300,24610.03
P008497,2025-12-31,marginal,156,8051.72
P008498,2025-12-31,employed,234,32329.32
P008499,2025-12-31,employed,248,34171.03
P008500,2025-12-31,marginal,48,6178
P008507,2025-12-31,employed,285,19220.56
P008509,2025-12-31,employed,215,16663.71
P008511,2025-12-31,employed,216,23459.63
P008512,2025-12-31,employed,274,40041.62
P008513,2025-12-31,self_employed,147,12665.44
P008514,2025-12-31,employed,329,31314.01
P008515,2025-12-31,employed,268,32885.42
P008517,2025-12-31,employed,343,28560.63
P008521,2025-12-31,employed,270,24504.77
P008524,2025-12-31,self_employed,227,34223.53
P008525,2025-12-31,employed,335,24492.66
P008526,2025-12-31,marginal,108,6171.97
P008527,2025-12-31,employed,238,28036.33
P008530,2025-12-31,self_employed,153,46541.39
P008533,2025-12-31,employed,257,21497.89
P008535,2025-12-31,employed,293,42447.64
P008538,2025-12-31,employed,234,31449.35
P008541,2025-12-31,employed,280,22863.6
P008542,2025-12-31,employed,353,36154.01
P008543,2025-12-31,marginal,71,3880.32
P008546,2025-12-31,employed,297,49441.24
P008548,2025-12-31,employed,273,28353.17
P008549,2025-12-31,self_employed,365,12052.19
P008553,2025-12-31,self_employed,342,43029.6
P008554,2025-12-31,self_employed,193,93202.11
P008556,2025-12-31,employed,181,18269.58
P008557,2025-12-31,employed,306,41556.03
P008560,2025-12-31,employed,181,12819.6
P008561,2025-12-31,self_employed,254,19545.64
P008563,2025-12-31,employed,296,32958.22
P008564,2025-12-31,employed,288,16490.01
P008565,2025-12-31,marginal,110,4193.32
P008566,2025-12-31,employed,226,34002.27
P008568,2025-12-31,employed,330,21772.25
P008570,2025-12-31,marginal,95,4065.58
P008573,2025-12-31,marginal,114,3677.57
P008578,2025-12-31,employed,288,23553.13
P008579,2025-12-31,employed,301,24510.35
P008582,2025-12-31,employed,260,29375.69
P008585,2025-12-31,employed,303,27245.39
P008586,2025-12-31,employed,334,31774.67
P008588,2025-12-31,employed,277,29609.04
P008595,2025-12-31,employed,290,29486.77
P008597,2025-12-31,employed,285,38650.6
P008601,2025-12-31,employed,252,65130.96
P008603,2025-12-31,employed,262,15313.51
P008604,2025-12-31,marginal,143,2427.43
P008606,2025-12-31,employed,335,84058.55
P008607,2025-12-31,marginal,94,2658.3
P008608,2025-12-31,employed,227,29577.5
P008611,2025-12-31,employed,234,60384.45
P008612,2025-12-31,employed,365,25164.7
P008616,2025-12-31,employed,301,55416.68
P008617,2025-12-31,employed,259,35693.28
P008621,2025-12-31,employed,221,36441.21
P008625,2025-12-31,employed,309,42265.71
P008626,2025-12-31,employed,235,62897.34
P008628,2025-12-31,employed,306,32149.94
P008631,2025-12-31,self_employed,283,32255.94
P008632,2025-12-31,employed,333,16265.74
P008637,2025-12-31,self_employed,348,7679.88
P008638,2025-12-31,employed,195,24534.38
P008640,2025-12-31,employed,363,23878.31
P008643,2025-12-31,employed,286,14243.54
P008644,2025-12-31,employed,231,41400.8
P008646,2025-12-31,employed,365,64480.03
P008647,2025-12-31,employed,359,30395.98
P008648,2025-12-31,employed,295,19593.69
P008649,2025-12-31,employed,365,11716.91
P008650,2025-12-31,employed,337,28196.4
P008651,2025-12-31,employed,295,39045.47
P008653,2025-12-31,employed,237,10081.75
P008655,2025-12-31,employed,312,28300.2
P008656,2025-12-31,employed,352,24366.8
P008657,2025-12-31,employed,301,30699.45
P008658,2025-12-31,employed,342,34085.36
P008659,2025-12-31,employed,324,29349.75
P008664,2025-12-31,marginal,83,5943.28
P008665,2025-12-31,employed,NA,13392.73
P008669,2025-12-31,employed,290,12426.49
P008672,2025-12-31,employed,277,30021.53
P008673,2025-12-31,employed,355,25309.47
P008676,2025-12-31,no_record,0,0
P008677,2025-12-31,self_employed,178,18680.1
P008678,2025-12-31,employed,232,16974.84
P008680,2025-12-31,employed,262,7870.35
P008682,2025-12-31,employed,258,26814.58
P008683,2025-12-31,employed,322,11577.38
P008685,2025-12-31,marginal,106,5894.39
P008686,2025-12-31,self_employed,298,48080.46
P008689,2025-12-31,marginal,144,3602.85
P008690,2025-12-31,employed,219,NA
P008691,2025-12-31,marginal,122,2262.77
P008692,2025-12-31,employed,346,30051.48
P008695,2025-12-31,employed,280,25128.39
P008698,2025-12-31,employed,196,32131.85
P008702,2025-12-31,employed,211,22705.39
P008704,2025-12-31,employed,231,31109.84
P008706,2025-12-31,employed,344,53453.87
P008707,2025-12-31,employed,282,20699.27
P008708,2025-12-31,marginal,161,7067.01
P008709,2025-12-31,employed,303,15925.96
P008718,2025-12-31,self_employed,168,37600.42
P008721,2025-12-31,self_employed,311,35503.86
P008723,2025-12-31,self_employed,230,10356.12
P008724,2025-12-31,employed,289,24852.07
P008726,2025-12-31,employed,341,25664.74
P008727,2025-12-31,employed,327,32932.2
P008731,2025-12-31,employed,335,21015.5
P008735,2025-12-31,employed,315,38458.78
P008738,2025-12-31,employed,156,19986.53
P008739,2025-12-31,employed,323,16219.15
P008742,2025-12-31,employed,227,23083.52
P008746,2025-12-31,employed,196,NA
P008748,2025-12-31,employed,239,35773.32
P008749,2025-12-31,marginal,121,5444.65
P008751,2025-12-31,employed,175,15017.21
P008752,2025-12-31,self_employed,365,6818.46
P008754,2025-12-31,employed,287,46611.46
P008755,2025-12-31,employed,254,32716.79
P008757,2025-12-31,employed,294,20243.38
P008758,2025-12-31,self_employed,103,27666.33
P008759,2025-12-31,self_employed,320,20737.08
P008761,2025-12-31,employed,319,23025.69
P008762,2025-12-31,marginal,119,3327.1
P008769,2025-12-31,marginal,112,6665.47
P008770,2025-12-31,employed,302,18733.62
P008771,2025-12-31,employed,365,20666.69
P008775,2025-12-31,employed,200,27280.93
P008776,2025-12-31,employed,263,45528.56
P008777,2025-12-31,employed,280,54264.86
P008779,2025-12-31,employed,262,9454.08
P008780,2025-12-31,employed,349,23026.66
P008782,2025-12-31,employed,303,19064.05
P008785,2025-12-31,employed,275,44483.19
P008787,2025-12-31,marginal,138,3842.64
P008788,2025-12-31,self_employed,365,37073.73
P008790,2025-12-31,employed,365,19516.97
P008793,2025-12-31,employed,288,13167.21
P008794,2025-12-31,employed,258,19241.23
P008797,2025-12-31,employed,263,55411.73
P008800,2025-12-31,employed,353,29394.37
P008801,2025-12-31,employed,334,48987.85
P008804,2025-12-31,no_record,0,0
P008805,2025-12-31,employed,161,25062.87
P008806,2025-12-31,employed,254,26499.22
P008807,2025-12-31,employed,365,34997.78
P008812,2025-12-31,employed,285,15364.39
P008814,2025-12-31,employed,247,26575.09
P008817,2025-12-31,employed,353,63594.07
P008819,2025-12-31,employed,243,39312.5
P008820,2025-12-31,employed,318,25938.96
P008821,2025-12-31,employed,219,10356.18
P008822,2025-12-31,employed,352,22621.59
P008824,2025-12-31,employed,291,10788.83
P008825,2025-12-31,employed,352,21781.49
P008826,2025-12-31,employed,308,35323.73
P008828,2025-12-31,employed,270,38401.94
P008832,2025-12-31,self_employed,312,20332.75
P008833,2025-12-31,employed,189,33816.78
P008834,2025-12-31,employed,352,43417.24
P008837,2025-12-31,marginal,105,4544.24
P008838,2025-12-31,employed,320,23829.8
P008842,2025-12-31,marginal,103,3656.26
P008847,2025-12-31,self_employed,365,47901.5
P008848,2025-12-31,employed,325,20357.63
P008849,2025-12-31,employed,332,25186.14
P008851,2025-12-31,employed,264,44037.46
P008853,2025-12-31,employed,160,14220.72
P008854,2025-12-31,employed,310,44775.42
P008857,2025-12-31,employed,230,12763.89
P008860,2025-12-31,employed,181,26066.01
P008863,2025-12-31,marginal,47,4517.48
P008866,2025-12-31,employed,290,32632.63
P008875,2025-12-31,employed,365,17442.96
P008881,2025-12-31,self_employed,307,11039.31
P008882,2025-12-31,employed,334,40812.1
P008883,2025-12-31,employed,279,14945
P008891,2025-12-31,marginal,115,7513.39
P008893,2025-12-31,employed,286,25587.56
P008896,2025-12-31,employed,365,21729.02
P008897,2025-12-31,employed,346,26235.61
P008899,2025-12-31,employed,207,23770.39
P008903,2025-12-31,employed,360,25715.33
P008904,2025-12-31,marginal,100,7475.47
P008905,2025-12-31,employed,261,16228.28
P008907,2025-12-31,marginal,106,6865.52
P008910,2025-12-31,employed,247,16093.61
P008911,2025-12-31,employed,261,32163.28
P008914,2025-12-31,employed,321,10626.04
P008915,2025-12-31,employed,NA,17649.56
P008920,2025-12-31,employed,245,28315.22
P008921,2025-12-31,employed,348,19461.91
P008923,2025-12-31,employed,365,20638.51
P008926,2025-12-31,employed,307,16443.88
P008928,2025-12-31,self_employed,215,36567.27
P008933,2025-12-31,employed,344,19302.72
P008937,2025-12-31,employed,185,9604.53
P008938,2025-12-31,employed,362,28877.96
P008939,2025-12-31,marginal,62,4579.13
P008941,2025-12-31,employed,307,25346.08
P008947,2025-12-31,marginal,68,4868.04
P008948,2025-12-31,marginal,154,4053.97
P008951,2025-12-31,employed,275,12692
P008952,2025-12-31,employed,244,25812.36
P008958,2025-12-31,employed,191,45692.21
P008963,2025-12-31,marginal,157,3117.55
P008965,2025-12-31,marginal,150,4691.8
P008967,2025-12-31,employed,365,21304.1
P008969,2025-12-31,self_employed,NA,33910.02
P008970,2025-12-31,marginal,59,2585.01
P008972,2025-12-31,employed,103,29185.54
P008973,2025-12-31,employed,248,12828.94
P008976,2025-12-31,employed,259,28156.07
P008977,2025-12-31,employed,259,28480.97
P008978,2025-12-31,employed,312,44039.3
P008979,2025-12-31,employed,205,17941.35
P008980,2025-12-31,self_employed,75,13924.19
P008982,2025-12-31,employed,321,18243.6
P008984,2025-12-31,employed,251,21708.05
P008985,2025-12-31,no_record,0,0
P008987,2025-12-31,employed,297,13317.58
P008989,2025-12-31,employed,365,9685.42
P008991,2025-12-31,employed,365,41283.78
P008994,2025-12-31,employed,241,53710.31
P008997,2025-12-31,employed,275,26812.24
P009002,2025-12-31,employed,285,26806.66
P009004,2025-12-31,employed,332,44615.72
P009005,2025-12-31,employed,342,15992.87
P009006,2025-12-31,employed,295,12342.84
P009007,2025-12-31,employed,351,31811.07
P009009,2025-12-31,employed,284,49326.83
P009011,2025-12-31,self_employed,344,8127.9
P009017,2025-12-31,employed,349,21004.55
P009018,2025-12-31,marginal,113,4206.57
P009019,2025-12-31,employed,179,37861.98
P009020,2025-12-31,employed,265,21392.16
P009022,2025-12-31,employed,325,57517.5
P009023,2025-12-31,employed,360,13959.2
P009024,2025-12-31,marginal,105,5343.63
P009031,2025-12-31,employed,297,25638.13
P009032,2025-12-31,employed,261,20681.17
P009036,2025-12-31,employed,329,54951.87
P009037,2025-12-31,employed,258,23323.25
P009038,2025-12-31,employed,365,13954.99
P009043,2025-12-31,employed,351,27624.55
P009045,2025-12-31,no_record,0,0
P009048,2025-12-31,marginal,78,5617.77
P009050,2025-12-31,marginal,125,5717.5
P009051,2025-12-31,no_record,0,0
P009052,2025-12-31,employed,317,34222.25
P009054,2025-12-31,employed,221,28510.87
P009058,2025-12-31,employed,354,27876.67
P009062,2025-12-31,employed,216,44732.15
P009065,2025-12-31,employed,262,49847.49
P009071,2025-12-31,marginal,122,5530.34
P009072,2025-12-31,employed,204,NA
P009074,2025-12-31,self_employed,69,17107.04
P009075,2025-12-31,no_record,0,0
P009076,2025-12-31,employed,186,36247.37
P009078,2025-12-31,employed,320,62511.37
P009079,2025-12-31,marginal,84,4736.28
P009081,2025-12-31,employed,329,15937.46
P009082,2025-12-31,employed,251,15405.25
P009083,2025-12-31,marginal,18,6531.22
P009084,2025-12-31,employed,365,21585.74
P009086,2025-12-31,employed,153,39993.89
P009087,2025-12-31,employed,365,27491.87
P009088,2025-12-31,employed,365,35932.17
P009089,2025-12-31,marginal,123,11950.62
P009093,2025-12-31,employed,301,12479.48
P009095,2025-12-31,employed,341,13957.27
P009101,2025-12-31,employed,352,19797.21
P009103,2025-12-31,employed,163,46055.38
P009110,2025-12-31,employed,307,13117.17
P009111,2025-12-31,employed,356,20832.64
P009113,2025-12-31,employed,341,21780.36
P009115,2025-12-31,employed,192,37421.79
P009117,2025-12-31,employed,333,26913.85
P009118,2025-12-31,employed,310,30711.21
P009120,2025-12-31,marginal,99,4348.21
P009121,2025-12-31,employed,354,28747.13
P009124,2025-12-31,employed,344,9158.86
P009125,2025-12-31,employed,299,32371.3
P009127,2025-12-31,employed,265,33856.07
P009130,2025-12-31,employed,306,70978.99
P009131,2025-12-31,employed,285,19500.93
P009133,2025-12-31,employed,305,20319.2
P009134,2025-12-31,self_employed,259,22054.43
P009137,2025-12-31,marginal,109,10071.86
P009140,2025-12-31,employed,318,17500.1
P009141,2025-12-31,employed,343,85680.73
P009143,2025-12-31,self_employed,216,18547.69
P009144,2025-12-31,self_employed,246,28782.11
P009147,2025-12-31,no_record,0,0
P009148,2025-12-31,employed,307,37518.47
P009150,2025-12-31,employed,225,35563.27
P009151,2025-12-31,employed,254,19403.57
P009154,2025-12-31,self_employed,304,14339.37
P009157,2025-12-31,employed,279,14625.45
P009159,2025-12-31,employed,291,18341.95
P009163,2025-12-31,employed,348,58048.07
P009164,2025-12-31,employed,290,43151.23
P009167,2025-12-31,employed,365,22345.24
P009168,2025-12-31,employed,315,20568.93
P009170,2025-12-31,employed,308,18456.19
P009171,2025-12-31,employed,286,37573.54
P009173,2025-12-31,employed,276,28697.74
P009175,2025-12-31,employed,314,33271.97
P009177,2025-12-31,employed,303,43511.83
P009180,2025-12-31,self_employed,122,16658.72
P009183,2025-12-31,employed,300,28085.56
P009184,2025-12-31,marginal,73,6664.4
P009187,2025-12-31,employed,336,27810.69
P009189,2025-12-31,marginal,132,5812.05
P009191,2025-12-31,marginal,109,4356.37
P009194,2025-12-31,employed,243,35151.91
P009195,2025-12-31,employed,365,77170.84
P009196,2025-12-31,employed,173,10818.1
P009197,2025-12-31,employed,262,25210.63
P009200,2025-12-31,marginal,133,4584.26
P009201,2025-12-31,no_record,0,0
P009202,2025-12-31,employed,200,18803.33
P009203,2025-12-31,self_employed,345,36247.4
P009204,2025-12-31,employed,190,34815.9
P009207,2025-12-31,self_employed,138,16016.74
P009211,2025-12-31,marginal,125,4504.19
P009212,2025-12-31,employed,294,23052.94
P009213,2025-12-31,employed,312,51053.33
P009214,2025-12-31,employed,240,22223.06
P009215,2025-12-31,employed,286,13364.95
P009216,2025-12-31,employed,323,48589.31
P009217,2025-12-31,employed,263,20489
P009219,2025-12-31,self_employed,365,13879.21
P009220,2025-12-31,employed,226,41396.53
P009222,2025-12-31,employed,302,26135.87
P009223,2025-12-31,employed,365,27639.9
P009225,2025-12-31,self_employed,274,22140.75
P009227,2025-12-31,self_employed,331,7591.42
P009231,2025-12-31,employed,365,27489.97
P009232,2025-12-31,employed,141,36782.76
P009233,2025-12-31,employed,261,29202.98
P009235,2025-12-31,employed,264,47033.27
P009237,2025-12-31,self_employed,180,18609.87
P009238,2025-12-31,employed,283,30222.43
P009242,2025-12-31,no_record,0,0
P009245,2025-12-31,employed,266,17635.79
P009247,2025-12-31,employed,314,22768.45
P009249,2025-12-31,employed,236,19707.18
P009250,2025-12-31,self_employed,293,14484.8
P009252,2025-12-31,employed,300,30742.83
P009254,2025-12-31,employed,320,19525.46
P009255,2025-12-31,employed,365,27811
P009258,2025-12-31,employed,365,27547.75
P009260,2025-12-31,marginal,180,3949.76
P009261,2025-12-31,employed,273,25662.75
P009263,2025-12-31,self_employed,241,8881.15
P009267,2025-12-31,employed,310,28118.72
P009269,2025-12-31,marginal,131,4372.69
P009270,2025-12-31,no_record,0,0
P009271,2025-12-31,no_record,0,NA
P009274,2025-12-31,employed,331,28259.55
P009275,2025-12-31,employed,316,40245.5
P009277,2025-12-31,self_employed,247,32007.98
P009279,2025-12-31,employed,261,11577.6
P009282,2025-12-31,employed,257,17418.07
P009286,2025-12-31,employed,357,15248.86
P009287,2025-12-31,employed,303,30236.54
P009288,2025-12-31,marginal,68,2562.46
P009290,2025-12-31,employed,280,24762.5
P009291,2025-12-31,employed,293,49006.6
P009292,2025-12-31,self_employed,238,23582.28
P009298,2025-12-31,employed,314,20128.43
P009301,2025-12-31,employed,262,25480.12
P009305,2025-12-31,self_employed,331,8315.57
P009307,2025-12-31,self_employed,315,19926.45
P009311,2025-12-31,employed,246,112530.28
P009312,2025-12-31,employed,252,25090.58
P009316,2025-12-31,employed,242,23955.72
P009318,2025-12-31,employed,278,83751.49
P009319,2025-12-31,marginal,153,3677.72
P009320,2025-12-31,employed,273,35371.09
P009321,2025-12-31,marginal,115,4556.43
P009322,2025-12-31,employed,173,51378.73
P009323,2025-12-31,employed,365,23566.99
P009324,2025-12-31,employed,317,10351.08
P009325,2025-12-31,employed,188,17268.7
P009326,2025-12-31,employed,267,19801.59
P009327,2025-12-31,employed,336,37991.24
P009328,2025-12-31,employed,294,38136.23
P009330,2025-12-31,employed,239,40676.11
P009332,2025-12-31,employed,291,23744.47
P009334,2025-12-31,employed,335,21607.06
P009337,2025-12-31,employed,250,23106.29
P009340,2025-12-31,employed,269,31102.25
P009342,2025-12-31,employed,297,24840.56
P009345,2025-12-31,employed,253,22944.31
P009346,2025-12-31,employed,276,30886.95
P009353,2025-12-31,marginal,112,6133.28
P009356,2025-12-31,employed,266,36604.26
P009357,2025-12-31,employed,345,21793.68
P009359,2025-12-31,employed,282,32967.34
P009361,2025-12-31,employed,237,16884.53
P009364,2025-12-31,self_employed,295,13295.73
P009366,2025-12-31,employed,339,10142.61
P009375,2025-12-31,employed,204,22487.07
P009377,2025-12-31,employed,217,15475.34
P009379,2025-12-31,employed,325,19293.6
P009381,2025-12-31,employed,359,22981.72
P009387,2025-12-31,marginal,129,9294.25
P009389,2025-12-31,employed,312,13842.74
P009392,2025-12-31,employed,365,81884.3
P009393,2025-12-31,employed,331,34703.53
P009395,2025-12-31,employed,301,81188.88
P009397,2025-12-31,employed,275,39517.26
P009398,2025-12-31,marginal,154,3719.92
P009401,2025-12-31,employed,255,36266.82
P009403,2025-12-31,employed,252,8582.88
P009404,2025-12-31,employed,329,27030.69
P009405,2025-12-31,employed,321,26973.73
P009406,2025-12-31,employed,333,24729.88
P009407,2025-12-31,employed,312,36147.24
P009408,2025-12-31,employed,331,20622.82
P009410,2025-12-31,employed,270,25511.47
P009411,2025-12-31,employed,295,14621.15
P009414,2025-12-31,employed,260,20681.02
P009417,2025-12-31,marginal,64,7178.37
P009418,2025-12-31,employed,300,21332.46
P009419,2025-12-31,marginal,98,8927.71
P009420,2025-12-31,employed,365,47065.56
P009421,2025-12-31,employed,337,43768.7
P009422,2025-12-31,employed,292,37406.34
P009424,2025-12-31,employed,246,45051.7
P009425,2025-12-31,employed,256,29095.43
P009426,2025-12-31,employed,270,10183.24
P009428,2025-12-31,employed,218,25363.15
P009429,2025-12-31,employed,262,25971.83
P009431,2025-12-31,employed,185,13004.18
P009432,2025-12-31,self_employed,264,29920.38
P009433,2025-12-31,no_record,0,0
P009436,2025-12-31,self_employed,203,20869.58
P009438,2025-12-31,employed,239,12291.39
P009439,2025-12-31,employed,259,15410.63
P009441,2025-12-31,employed,183,17119
P009442,2025-12-31,employed,327,22899.43
P009444,2025-12-31,employed,175,32685.51
P009445,2025-12-31,employed,311,28468.92
P009448,2025-12-31,employed,365,35713.38
P009449,2025-12-31,self_employed,256,11855.36
P009450,2025-12-31,employed,335,12537.11
P009451,2025-12-31,employed,365,40158.13
P009453,2025-12-31,employed,299,26691.11
P009456,2025-12-31,employed,240,19504.64
P009457,2025-12-31,no_record,0,0
P009458,2025-12-31,employed,365,20403.12
P009460,2025-12-31,employed,274,34868.48
P009462,2025-12-31,employed,260,53657.46
P009465,2025-12-31,employed,297,24018.62
P009466,2025-12-31,employed,365,21724.94
P009467,2025-12-31,employed,365,23399.31
P009468,2025-12-31,employed,365,27831.37
P009469,2025-12-31,employed,324,12027.12
P009471,2025-12-31,employed,365,43994.66
P009474,2025-12-31,employed,364,21797.57
P009477,2025-12-31,employed,278,38691.16
P009480,2025-12-31,marginal,48,3593.52
P009482,2025-12-31,marginal,155,6549.71
P009484,2025-12-31,employed,365,18481.37
P009485,2025-12-31,employed,170,28006.01
P009486,2025-12-31,marginal,80,2529.79
P009488,2025-12-31,no_record,0,0
P009494,2025-12-31,employed,285,12067.94
P009497,2025-12-31,marginal,130,6920.94
P009498,2025-12-31,employed,195,25000.27
P009502,2025-12-31,employed,365,49213.67
P009505,2025-12-31,marginal,60,6347.01
P009508,2025-12-31,self_employed,211,7228.62
P009509,2025-12-31,employed,281,28725.5
P009511,2025-12-31,employed,227,45365.52
P009512,2025-12-31,employed,153,21745.67
P009514,2025-12-31,marginal,107,5947.63
P009515,2025-12-31,employed,341,41270.91
P009516,2025-12-31,employed,316,64924.03
P009518,2025-12-31,employed,200,13494.42
P009519,2025-12-31,self_employed,260,18164.24
P009521,2025-12-31,employed,263,13590.84
P009522,2025-12-31,employed,266,30712.92
P009523,2025-12-31,employed,319,20183.28
P009524,2025-12-31,employed,301,24252.1
P009526,2025-12-31,employed,322,26884.04
P009527,2025-12-31,employed,283,30984.21
P009529,2025-12-31,employed,269,20219.94
P009531,2025-12-31,marginal,137,3082.48
P009532,2025-12-31,employed,187,32185.96
P009533,2025-12-31,employed,314,27961.93
P009536,2025-12-31,employed,344,30100.23
P009539,2025-12-31,employed,353,25485.86
P009541,2025-12-31,employed,247,49534.63
P009542,2025-12-31,employed,246,14322.39
P009543,2025-12-31,self_employed,365,10696.75
P009545,2025-12-31,employed,300,28310.16
P009546,2025-12-31,employed,329,15298.71
P009548,2025-12-31,self_employed,337,27976.01
P009551,2025-12-31,marginal,77,5768.95
P009552,2025-12-31,employed,249,24198.39
P009554,2025-12-31,marginal,127,3189.39
P009555,2025-12-31,employed,239,36272.97
P009558,2025-12-31,employed,316,52115.82
P009559,2025-12-31,no_record,0,0
P009560,2025-12-31,employed,205,22558.84
P009561,2025-12-31,self_employed,295,125769.63
P009562,2025-12-31,employed,268,21998.7
P009563,2025-12-31,employed,289,22585.28
P009571,2025-12-31,employed,365,14058.22
P009572,2025-12-31,no_record,0,0
P009574,2025-12-31,employed,347,31508.46
P009575,2025-12-31,employed,225,15722.77
P009576,2025-12-31,employed,345,31213.36
P009577,2025-12-31,employed,259,17280.11
P009586,2025-12-31,self_employed,323,18550.59
P009587,2025-12-31,self_employed,364,6448.98
P009588,2025-12-31,employed,278,34648.98
P009589,2025-12-31,no_record,0,0
P009592,2025-12-31,employed,263,32538.11
P009593,2025-12-31,employed,229,14051.01
P009597,2025-12-31,employed,187,24334.06
P009609,2025-12-31,employed,320,10802.2
P009610,2025-12-31,employed,123,61036.68
P009612,2025-12-31,employed,311,16448.14
P009613,2025-12-31,employed,239,58832.08
P009614,2025-12-31,employed,284,51715.6
P009618,2025-12-31,employed,284,17854.81
P009621,2025-12-31,employed,246,33334.32
P009622,2025-12-31,employed,234,51947.25
P009623,2025-12-31,marginal,104,7084.62
P009625,2025-12-31,employed,364,34418.08
P009630,2025-12-31,self_employed,249,16851.7
P009631,2025-12-31,employed,325,24437.65
P009632,2025-12-31,employed,180,30587.37
P009634,2025-12-31,employed,365,13213.13
P009636,2025-12-31,employed,211,20077.58
P009638,2025-12-31,employed,269,25891.77
P009639,2025-12-31,employed,360,48130.9
P009641,2025-12-31,marginal,162,5866.23
P009642,2025-12-31,employed,230,17363.72
P009643,2025-12-31,employed,225,28820.1
P009644,2025-12-31,employed,214,37462.02
P009648,2025-12-31,marginal,171,3169.37
P009652,2025-12-31,no_record,0,0
P009653,2025-12-31,employed,320,39998.9
P009655,2025-12-31,employed,293,28760.46
P009657,2025-12-31,marginal,37,4576.73
P009658,2025-12-31,employed,345,40264.31
P009660,2025-12-31,employed,183,13115.61
P009661,2025-12-31,self_employed,323,9213.92
P009663,2025-12-31,marginal,129,7780.69
P009665,2025-12-31,employed,314,8814.52
P009667,2025-12-31,employed,337,18906.46
P009668,2025-12-31,employed,282,19142.36
P009673,2025-12-31,employed,336,19193.61
P009678,2025-12-31,employed,282,27943.85
P009680,2025-12-31,marginal,99,5036.82
P009682,2025-12-31,employed,245,40689.33
P009684,2025-12-31,employed,280,15367.08
P009687,2025-12-31,employed,128,24883.74
P009690,2025-12-31,marginal,39,7302.67
P009692,2025-12-31,employed,350,50811.44
P009693,2025-12-31,self_employed,365,11120.51
P009694,2025-12-31,employed,317,40327.44
P009695,2025-12-31,marginal,130,5191.32
P009697,2025-12-31,employed,314,45765.36
P009698,2025-12-31,employed,333,66333.91
P009701,2025-12-31,employed,293,25968.51
P009702,2025-12-31,employed,171,72125.11
P009704,2025-12-31,no_record,0,0
P009707,2025-12-31,employed,183,13639.19
P009710,2025-12-31,employed,292,17860.88
P009712,2025-12-31,marginal,159,3977.82
P009713,2025-12-31,employed,365,28675.77
P009714,2025-12-31,marginal,62,12357.92
P009715,2025-12-31,employed,302,27850.85
P009717,2025-12-31,marginal,149,2412.12
P009720,2025-12-31,employed,323,66934.82
P009721,2025-12-31,marginal,78,5799.6
P009722,2025-12-31,employed,365,25539.41
P009724,2025-12-31,employed,246,24777.73
P009726,2025-12-31,employed,317,31134.66
P009728,2025-12-31,marginal,192,6061.92
P009730,2025-12-31,employed,318,13434.58
P009731,2025-12-31,marginal,160,6079.39
P009737,2025-12-31,employed,359,43594.26
P009739,2025-12-31,employed,365,22215.88
P009745,2025-12-31,self_employed,365,41000.94
P009746,2025-12-31,employed,365,22219.43
P009748,2025-12-31,no_record,0,0
P009750,2025-12-31,employed,298,11800.47
P009751,2025-12-31,employed,365,14681.81
P009755,2025-12-31,employed,250,21560.8
P009756,2025-12-31,employed,310,18430.49
P009761,2025-12-31,employed,339,24643.69
P009762,2025-12-31,no_record,0,0
P009763,2025-12-31,self_employed,355,53745.2
P009764,2025-12-31,employed,365,18702.08
P009767,2025-12-31,employed,331,26389.01
P009773,2025-12-31,employed,336,38652.46
P009774,2025-12-31,employed,267,53316.29
P009777,2025-12-31,employed,259,44000.99
P009780,2025-12-31,employed,269,36780.71
P009781,2025-12-31,employed,363,12874.59
P009783,2025-12-31,employed,250,15949.86
P009784,2025-12-31,employed,277,18790.85
P009786,2025-12-31,self_employed,256,14206.79
P009787,2025-12-31,employed,249,30649.78
P009788,2025-12-31,employed,298,23354.44
P009790,2025-12-31,employed,346,21698.36
P009791,2025-12-31,self_employed,204,28257.11
P009792,2025-12-31,self_employed,296,15171.49
P009793,2025-12-31,employed,279,23943.79
P009794,2025-12-31,employed,208,31498.59
P009795,2025-12-31,employed,361,16705.34
P009796,2025-12-31,self_employed,204,8955.28
P009797,2025-12-31,employed,365,10533.65
P009801,2025-12-31,employed,365,50962.65
P009803,2025-12-31,employed,320,NA
P009807,2025-12-31,employed,283,59529.51
P009808,2025-12-31,employed,336,49227.83
P009809,2025-12-31,employed,296,32091.63
P009815,2025-12-31,employed,287,52303.95
P009816,2025-12-31,employed,210,46575.16
P009820,2025-12-31,employed,341,72644.42
P009821,2025-12-31,employed,304,29263.63
P009822,2025-12-31,employed,325,23676.25
P009823,2025-12-31,employed,231,25865.94
P009833,2025-12-31,marginal,120,6862.07
P009834,2025-12-31,employed,235,59792.02
P009836,2025-12-31,employed,303,17339.25
P009839,2025-12-31,employed,335,17201.83
P009840,2025-12-31,employed,355,20684.34
P009843,2025-12-31,employed,304,26991.36
P009844,2025-12-31,marginal,110,4743.18
P009845,2025-12-31,marginal,130,7181.85
P009846,2025-12-31,employed,235,14842.04
P009852,2025-12-31,employed,260,36290.52
P009855,2025-12-31,employed,241,19066.13
P009857,2025-12-31,employed,256,48094.12
P009862,2025-12-31,marginal,111,2644.31
P009864,2025-12-31,employed,212,30482.52
P009865,2025-12-31,self_employed,243,26213.66
P009870,2025-12-31,employed,346,23670.31
P009871,2025-12-31,employed,365,21308.66
P009872,2025-12-31,employed,266,23491.51
P009873,2025-12-31,employed,232,39759.57
P009876,2025-12-31,employed,341,9308.13
P009879,2025-12-31,marginal,97,6198.11
P009881,2025-12-31,employed,203,20152.88
P009886,2025-12-31,employed,237,14533.4
P009887,2025-12-31,self_employed,290,52605.67
P009891,2025-12-31,self_employed,365,6336.61
P009892,2025-12-31,employed,365,16275.37
P009893,2025-12-31,employed,315,30220.77
P009896,2025-12-31,marginal,59,4843.91
P009900,2025-12-31,employed,365,25563.29
P009902,2025-12-31,marginal,132,4310.69
P009903,2025-12-31,employed,305,35826.65
P009905,2025-12-31,employed,235,51155.14
P009907,2025-12-31,employed,297,15349.84
P009909,2025-12-31,marginal,25,4870.28
P009911,2025-12-31,employed,346,24557.17
P009912,2025-12-31,employed,353,19200.33
P009916,2025-12-31,employed,230,33336.3
P009918,2025-12-31,employed,359,16733.57
P009921,2025-12-31,employed,251,13855.39
P009924,2025-12-31,employed,332,32806.69
P009925,2025-12-31,employed,316,32738.24
P009926,2025-12-31,employed,173,35680.21
P009927,2025-12-31,employed,240,45035.84
P009930,2025-12-31,employed,272,29093.84
P009931,2025-12-31,employed,234,18679.81
P009934,2025-12-31,employed,365,48614.44
P009938,2025-12-31,employed,365,21477.33
P009940,2025-12-31,employed,329,38381.81
P009941,2025-12-31,employed,285,44268.78
P009942,2025-12-31,employed,354,26147.45
P009943,2025-12-31,employed,251,47098.4
P009944,2025-12-31,employed,259,28814.92
P009945,2025-12-31,marginal,73,4525.69
P009946,2025-12-31,employed,240,15101.51
P009947,2025-12-31,employed,304,24137.81
P009951,2025-12-31,employed,288,25316.27
P009952,2025-12-31,marginal,150,5437.53
P009953,2025-12-31,employed,217,30680.21
P009961,2025-12-31,employed,236,33414.39
P009962,2025-12-31,employed,344,26962.01
P009965,2025-12-31,no_record,0,0
P009966,2025-12-31,employed,101,28557.05
P009967,2025-12-31,employed,249,29586.7
P009968,2025-12-31,employed,171,24476.63
P009969,2025-12-31,employed,183,16171.24
P009974,2025-12-31,employed,276,21466.19
P009975,2025-12-31,employed,319,33878.21
P009976,2025-12-31,no_record,0,0
P009978,2025-12-31,employed,236,20530.79
P009979,2025-12-31,employed,338,28509.14
P009980,2025-12-31,self_employed,134,77197.06
P009982,2025-12-31,employed,170,18377.93
P009983,2025-12-31,marginal,176,5494.16
P009986,2025-12-31,employed,190,57204.2
P009987,2025-12-31,employed,268,62579.32
P009988,2025-12-31,employed,213,31213.54
P009989,2025-12-31,employed,365,49612.13
P009990,2025-12-31,employed,260,20561.67
P009993,2025-12-31,marginal,74,5209.17
P009994,2025-12-31,marginal,154,2400.36
P009995,2025-12-31,employed,239,14490.89
P009997,2025-12-31,employed,292,19366.03
P009998,2025-12-31,employed,299,39633.52
P010000,2025-12-31,employed,251,NA
P010004,2025-12-31,employed,345,15757.36
P010005,2025-12-31,employed,158,23964.25
P010006,2025-12-31,employed,308,18742.04
P010009,2025-12-31,marginal,154,3442.41
P010011,2025-12-31,employed,284,62036.76
P010012,2025-12-31,employed,363,21369.2
P010015,2025-12-31,employed,272,23412.51
P010017,2025-12-31,self_employed,131,22538.36
P010019,2025-12-31,employed,288,37796.34
P010021,2025-12-31,employed,296,30325.29
P010022,2025-12-31,employed,347,33630.35
P010023,2025-12-31,employed,252,11967.05
P010025,2025-12-31,self_employed,360,21210.03
P010026,2025-12-31,employed,330,33977.35
P010027,2025-12-31,employed,324,25018.76
P010029,2025-12-31,employed,305,31229.08
P010031,2025-12-31,marginal,43,4984.81
P010032,2025-12-31,employed,365,65161.76
P010035,2025-12-31,employed,214,18101.41
P010037,2025-12-31,marginal,172,10282.71
P010038,2025-12-31,marginal,149,3936.78
P010041,2025-12-31,employed,287,23200.56
P010045,2025-12-31,employed,323,35780.02
P010047,2025-12-31,self_employed,159,6912.28
P010048,2025-12-31,marginal,165,6980.02
P010049,2025-12-31,no_record,0,0
P010050,2025-12-31,employed,329,34858.88
P010052,2025-12-31,employed,365,21937.65
P010054,2025-12-31,employed,159,26147.6
P010055,2025-12-31,employed,233,50350.17
P010059,2025-12-31,self_employed,317,45528.61
P010060,2025-12-31,employed,264,68720.99
P010063,2025-12-31,employed,187,33288.42
P010068,2025-12-31,employed,273,13751.69
P010069,2025-12-31,employed,365,29974.92
P010070,2025-12-31,employed,296,32378.26
P010072,2025-12-31,employed,293,33725.1
P010073,2025-12-31,employed,197,45068.74
P010074,2025-12-31,self_employed,241,23856.76
P010075,2025-12-31,marginal,78,3399.78
P010076,2025-12-31,no_record,0,0
P010077,2025-12-31,employed,283,39182.41
P010078,2025-12-31,employed,187,15285.24
P010079,2025-12-31,employed,214,42996.27
P010087,2025-12-31,self_employed,309,24815.97
P010088,2025-12-31,employed,343,26294.37
P010090,2025-12-31,self_employed,220,64092.89
P010091,2025-12-31,self_employed,322,10583.56
P010092,2025-12-31,marginal,5,4735.72
P010096,2025-12-31,employed,281,11828.2
P010103,2025-12-31,employed,348,26989.7
P010104,2025-12-31,employed,285,17248.98
P010106,2025-12-31,employed,365,30838.57
P010112,2025-12-31,employed,300,12679.8
P010116,2025-12-31,employed,317,15883.44
P010119,2025-12-31,self_employed,279,16598.81
P010120,2025-12-31,employed,310,37667
P010124,2025-12-31,employed,260,20855.57
P010127,2025-12-31,marginal,129,8121.96
P010129,2025-12-31,employed,260,24582.86
P010130,2025-12-31,employed,199,22463.32
P010132,2025-12-31,self_employed,228,6954.19
P010135,2025-12-31,employed,246,37940.75
P010136,2025-12-31,employed,247,29590.41
P010137,2025-12-31,employed,298,24693.27
P010142,2025-12-31,employed,288,23399.82
P010143,2025-12-31,employed,321,22384.73
P010144,2025-12-31,employed,287,40649.45
P010150,2025-12-31,no_record,0,0
P010157,2025-12-31,employed,190,22112.78
P010159,2025-12-31,employed,221,13475.73
P010160,2025-12-31,self_employed,228,54928.11
P010162,2025-12-31,marginal,120,2627.2
P010164,2025-12-31,employed,224,33656.55
P010166,2025-12-31,employed,264,19154.6
P010167,2025-12-31,employed,244,32346.19
P010170,2025-12-31,marginal,188,3200.27
P010171,2025-12-31,employed,286,29584.25
P010172,2025-12-31,employed,337,22973.41
P010174,2025-12-31,employed,254,14135.53
P010178,2025-12-31,self_employed,349,58721.86
P010179,2025-12-31,employed,244,49001.92
P010182,2025-12-31,employed,339,27447.84
P010187,2025-12-31,employed,249,59093.1
P010189,2025-12-31,employed,365,15277.31
P010193,2025-12-31,employed,199,20789.95
P010195,2025-12-31,employed,340,8225.81
P010197,2025-12-31,employed,332,40231.4
P010198,2025-12-31,employed,244,24554.08
P010202,2025-12-31,employed,287,34120.88
P010203,2025-12-31,employed,330,22783.05
P010204,2025-12-31,employed,365,32670.55
P010206,2025-12-31,self_employed,326,9813.5
P010207,2025-12-31,self_employed,143,49716.27
P010208,2025-12-31,employed,211,30315.3
P010210,2025-12-31,marginal,102,5083.68
P010211,2025-12-31,employed,306,15997.05
P010222,2025-12-31,employed,196,21001.8
P010223,2025-12-31,self_employed,173,5231.59
P010225,2025-12-31,employed,321,16551.95
P010231,2025-12-31,employed,314,20892.93
P010232,2025-12-31,employed,296,6123.37
P010236,2025-12-31,employed,277,24940.72
P010238,2025-12-31,employed,287,72816.36
P010240,2025-12-31,employed,245,37135.9
P010241,2025-12-31,self_employed,181,6493.64
P010243,2025-12-31,employed,354,13025.59
P010245,2025-12-31,employed,173,8758.9
P010246,2025-12-31,employed,255,28964.31
P010248,2025-12-31,employed,263,36865.72
P010251,2025-12-31,employed,250,NA
P010252,2025-12-31,employed,248,9757.37
P010253,2025-12-31,employed,333,24691.57
P010255,2025-12-31,employed,327,43932.03
P010256,2025-12-31,employed,280,30642.62
P010257,2025-12-31,employed,347,22395.61
P010258,2025-12-31,employed,292,19196.45
P010260,2025-12-31,employed,291,40233.14
P010263,2025-12-31,employed,177,28820.83
P010265,2025-12-31,self_employed,179,16419.53
P010266,2025-12-31,employed,203,58213.22
P010267,2025-12-31,employed,311,14263.96
P010270,2025-12-31,employed,237,14338.92
P010272,2025-12-31,employed,305,25964.53
P010273,2025-12-31,employed,243,18701.16
P010274,2025-12-31,employed,253,21325.61
P010278,2025-12-31,marginal,135,7125.1
P010282,2025-12-31,employed,179,49900.55
P010283,2025-12-31,employed,365,22751.18
P010285,2025-12-31,employed,365,23718.54
P010289,2025-12-31,self_employed,301,12917.73
P010290,2025-12-31,employed,272,28719.3
P010293,2025-12-31,employed,344,21820.8
P010294,2025-12-31,employed,320,32347.01
P010298,2025-12-31,employed,250,32443.17
P010299,2025-12-31,employed,290,36919.83
P010302,2025-12-31,employed,272,38500.6
P010303,2025-12-31,employed,228,21147.58
P010309,2025-12-31,self_employed,294,16862.6
P010311,2025-12-31,employed,230,30218.38
P010314,2025-12-31,employed,264,17152.84
P010315,2025-12-31,employed,304,41523.72
P010318,2025-12-31,self_employed,346,11530.89
P010323,2025-12-31,employed,327,34566.81
P010327,2025-12-31,marginal,172,4006.14
P010329,2025-12-31,employed,271,46139.23
P010330,2025-12-31,marginal,125,7555.81
P010332,2025-12-31,employed,243,39168.46
P010333,2025-12-31,employed,297,21689.47
P010335,2025-12-31,employed,NA,23979.72
P010337,2025-12-31,employed,361,17802.29
P010340,2025-12-31,employed,313,31141.24
P010341,2025-12-31,self_employed,232,NA
P010342,2025-12-31,self_employed,275,29475.69
P010343,2025-12-31,self_employed,265,12901.06
P010346,2025-12-31,self_employed,232,12538.92
P010347,2025-12-31,employed,365,12651.97
P010348,2025-12-31,employed,290,12815.53
P010349,2025-12-31,employed,312,21027.84
P010352,2025-12-31,employed,365,27385.08
P010353,2025-12-31,self_employed,169,8921.28
P010356,2025-12-31,employed,252,18296.79
P010357,2025-12-31,self_employed,166,46486.55
P010358,2025-12-31,employed,264,16074.52
P010362,2025-12-31,employed,310,17413.45
P010366,2025-12-31,employed,251,20834.6
P010369,2025-12-31,employed,283,22803.02
P010373,2025-12-31,employed,244,58867.52
P010374,2025-12-31,employed,202,25969.88
P010376,2025-12-31,employed,281,35892.35
P010382,2025-12-31,employed,320,18739.39
P010384,2025-12-31,employed,323,13667.09
P010388,2025-12-31,employed,260,33490.13
P010389,2025-12-31,employed,238,24656.92
P010396,2025-12-31,employed,323,40828.25
P010397,2025-12-31,employed,284,42348.65
P010400,2025-12-31,employed,266,24719.27
P010401,2025-12-31,marginal,161,4484.24
P010402,2025-12-31,employed,234,6358.13
P010403,2025-12-31,employed,347,31625.84
P010404,2025-12-31,employed,316,23349.81
P010405,2025-12-31,employed,312,19044.73
P010407,2025-12-31,employed,286,25971.65
P010408,2025-12-31,self_employed,247,25290.34
P010409,2025-12-31,employed,296,55297.22
P010412,2025-12-31,employed,182,14282.03
P010413,2025-12-31,employed,268,21386.36
P010418,2025-12-31,employed,147,41412.04
P010419,2025-12-31,employed,199,47996.01
P010420,2025-12-31,employed,246,10712.13
P010423,2025-12-31,employed,343,18785.17
P010424,2025-12-31,employed,322,29322.91
P010426,2025-12-31,employed,365,27964.61
P010427,2025-12-31,employed,289,29234.16
P010428,2025-12-31,marginal,86,3685.83
P010429,2025-12-31,marginal,113,4423.01
P010430,2025-12-31,employed,163,18754.9
P010432,2025-12-31,self_employed,305,12315.06
P010433,2025-12-31,employed,273,NA
P010436,2025-12-31,employed,310,21842.72
P010441,2025-12-31,employed,301,16526.19
P010442,2025-12-31,employed,281,37064.58
P010446,2025-12-31,employed,215,31355.12
P010447,2025-12-31,marginal,83,3262.22
P010451,2025-12-31,employed,229,25245.4
P010452,2025-12-31,employed,239,44879.39
P010454,2025-12-31,employed,320,16091.14
P010457,2025-12-31,marginal,82,4660.21
P010460,2025-12-31,marginal,83,6101.89
P010462,2025-12-31,employed,277,43252.62
P010463,2025-12-31,employed,348,31241.46
P010464,2025-12-31,employed,234,42323.68
P010465,2025-12-31,employed,278,15332.98
P010468,2025-12-31,employed,137,25621.36
P010470,2025-12-31,employed,232,22051.73
P010471,2025-12-31,employed,365,45090.36
P010472,2025-12-31,employed,248,33672.67
P010477,2025-12-31,employed,310,90491.6
P010478,2025-12-31,employed,NA,28855.61
P010479,2025-12-31,employed,286,27463.79
P010480,2025-12-31,employed,224,39023.23
P010481,2025-12-31,no_record,0,0
P010482,2025-12-31,marginal,168,2923.67
P010483,2025-12-31,marginal,54,5592.8
P010487,2025-12-31,no_record,0,0
P010488,2025-12-31,employed,265,39084.96
P010490,2025-12-31,marginal,52,5229
P010493,2025-12-31,employed,321,38525.26
P010495,2025-12-31,employed,318,32816.34
P010497,2025-12-31,employed,303,23220.33
P010498,2025-12-31,employed,308,29979.68
P010502,2025-12-31,employed,307,19327.89
P010503,2025-12-31,employed,NA,35700.1
P010504,2025-12-31,employed,254,43741.26
P010506,2025-12-31,marginal,109,4485.99
P010507,2025-12-31,self_employed,238,63967.62
P010508,2025-12-31,employed,262,42005.61
P010509,2025-12-31,employed,262,65621.31
P010515,2025-12-31,employed,177,21448.21
P010516,2025-12-31,employed,365,16831.31
P010519,2025-12-31,marginal,100,5237.38
P010524,2025-12-31,employed,288,46689.69
P010526,2025-12-31,employed,350,39646.06
P010527,2025-12-31,self_employed,333,25338.82
P010528,2025-12-31,employed,358,18479.09
P010529,2025-12-31,employed,284,31769.81
P010530,2025-12-31,marginal,117,6037.07
P010531,2025-12-31,employed,248,27906.43
P010532,2025-12-31,employed,249,28531.56
P010534,2025-12-31,employed,242,18679.71
P010535,2025-12-31,employed,187,35608.9
P010536,2025-12-31,self_employed,185,27103.45
P010538,2025-12-31,employed,212,27061.65
P010542,2025-12-31,employed,209,34226.48
P010543,2025-12-31,employed,290,24074.75
P010544,2025-12-31,employed,205,72691.57
P010545,2025-12-31,employed,284,35586.17
P010546,2025-12-31,marginal,139,4368.45
P010552,2025-12-31,marginal,187,5093.14
P010553,2025-12-31,employed,267,35780.65
P010554,2025-12-31,employed,333,27853.3
P010555,2025-12-31,employed,320,15538.08
P010556,2025-12-31,employed,269,36159.13
P010557,2025-12-31,employed,178,28241.26
P010561,2025-12-31,self_employed,321,82622.86
P010562,2025-12-31,employed,211,33801
P010563,2025-12-31,employed,234,20328.22
P010567,2025-12-31,employed,302,22290.66
P010568,2025-12-31,employed,363,21123.24
P010569,2025-12-31,no_record,0,0
P010570,2025-12-31,employed,254,17055
P010571,2025-12-31,employed,300,22420.58
P010572,2025-12-31,employed,254,31579.11
P010573,2025-12-31,employed,332,9951.58
P010574,2025-12-31,marginal,115,6015.62
P010575,2025-12-31,employed,292,20936.55
P010576,2025-12-31,employed,316,34084.58
P010580,2025-12-31,marginal,97,4917.35
P010585,2025-12-31,self_employed,252,8362.11
P010587,2025-12-31,employed,255,NA
P010588,2025-12-31,employed,254,35433.47
P010596,2025-12-31,employed,219,28748.8
P010598,2025-12-31,employed,282,27709.5
P010599,2025-12-31,employed,339,44423.19
P010602,2025-12-31,employed,336,53060.19
P010605,2025-12-31,employed,365,53986.27
P010607,2025-12-31,marginal,126,3657.42
P010609,2025-12-31,employed,315,26602.67
P010611,2025-12-31,employed,365,13528.43
P010612,2025-12-31,employed,307,24765.22
P010615,2025-12-31,employed,337,25124.2
P010621,2025-12-31,employed,347,12238.32
P010622,2025-12-31,employed,365,18396.37
P010623,2025-12-31,employed,286,22094.56
P010625,2025-12-31,employed,235,38543.1
P010626,2025-12-31,employed,NA,42846.62
P010627,2025-12-31,employed,354,80236.53
P010628,2025-12-31,employed,315,22388.68
P010629,2025-12-31,self_employed,201,14343.83
P010632,2025-12-31,self_employed,225,23871.63
P010636,2025-12-31,employed,232,12436.17
P010637,2025-12-31,employed,249,19634.32
P010642,2025-12-31,employed,292,46638.76
P010645,2025-12-31,marginal,69,4544.54
P010646,2025-12-31,employed,350,30347.99
P010649,2025-12-31,self_employed,365,50223.84
P010651,2025-12-31,employed,312,24599.68
P010653,2025-12-31,employed,281,27040.57
P010658,2025-12-31,employed,365,21264.51
P010660,2025-12-31,employed,279,42212.98
P010661,2025-12-31,employed,295,48363.86
P010662,2025-12-31,employed,277,39629.21
P010664,2025-12-31,employed,356,40295.16
P010665,2025-12-31,employed,256,14767.22
P010667,2025-12-31,employed,323,33095.88
P010669,2025-12-31,employed,303,19050.64
P010670,2025-12-31,self_employed,118,19560.09
P010672,2025-12-31,no_record,0,0
P010674,2025-12-31,employed,249,38392.43
P010676,2025-12-31,employed,318,64567.2
P010684,2025-12-31,employed,365,20814.21
P010686,2025-12-31,self_employed,331,7313.62
P010689,2025-12-31,employed,365,18559.49
P010690,2025-12-31,employed,293,23602.84
P010694,2025-12-31,employed,256,36513.92
P010696,2025-12-31,employed,265,30125.02
P010697,2025-12-31,marginal,85,2961.5
P010700,2025-12-31,employed,297,27643.86
P010702,2025-12-31,employed,317,50752.66
P010703,2025-12-31,marginal,14,3453.81
P010704,2025-12-31,employed,365,16712.21
P010709,2025-12-31,employed,269,15892.09
P010711,2025-12-31,employed,335,24284.91
P010712,2025-12-31,employed,250,20553.19
P010718,2025-12-31,no_record,0,0
P010719,2025-12-31,employed,328,17383.26
P010720,2025-12-31,marginal,171,10018.95
P010721,2025-12-31,employed,353,16206.55
P010722,2025-12-31,employed,339,17926.59
P010723,2025-12-31,employed,198,15657.44
P010726,2025-12-31,employed,302,74104.99
P010729,2025-12-31,marginal,159,11448.14
P010730,2025-12-31,employed,284,21720.17
P010731,2025-12-31,employed,243,24086.12
P010732,2025-12-31,employed,219,34144.01
P010737,2025-12-31,employed,136,22949.33
P010740,2025-12-31,employed,362,19966.72
P010741,2025-12-31,employed,365,25909.31
P010742,2025-12-31,employed,332,25068.86
P010745,2025-12-31,employed,199,24379.57
P010747,2025-12-31,employed,335,24565.74
P010748,2025-12-31,employed,262,30038.57
P010749,2025-12-31,employed,313,20348.83
P010752,2025-12-31,employed,258,6195.66
P010753,2025-12-31,marginal,78,4048.61
P010755,2025-12-31,employed,302,32452.34
P010756,2025-12-31,employed,242,21106.54
P010757,2025-12-31,employed,254,15649.66
P010759,2025-12-31,employed,341,42671.25
P010760,2025-12-31,marginal,98,6022.6
P010764,2025-12-31,employed,351,37958.93
P010765,2025-12-31,employed,301,NA
P010767,2025-12-31,employed,291,29953.08
P010768,2025-12-31,employed,242,16352.5
P010770,2025-12-31,employed,230,19690.64
P010773,2025-12-31,employed,217,26993.46
P010775,2025-12-31,employed,325,16728.16
P010777,2025-12-31,employed,365,14837.47
P010778,2025-12-31,employed,365,18405.31
P010779,2025-12-31,employed,239,11864.39
P010780,2025-12-31,employed,204,24404.53
P010782,2025-12-31,employed,246,22916.93
P010786,2025-12-31,self_employed,65,15430.51
P010789,2025-12-31,self_employed,180,19745.52
P010794,2025-12-31,employed,363,47546.7
P010796,2025-12-31,employed,347,12566
P010797,2025-12-31,employed,365,15103.8
P010802,2025-12-31,employed,221,17475.92
P010804,2025-12-31,employed,365,38387.62
P010805,2025-12-31,no_record,0,0
P010806,2025-12-31,employed,294,16642.27
P010807,2025-12-31,employed,357,34285.44
P010809,2025-12-31,employed,363,30581.71
P010811,2025-12-31,employed,320,25404.07
P010813,2025-12-31,employed,365,22186.7
P010814,2025-12-31,self_employed,172,14029.91
P010823,2025-12-31,employed,245,12924.91
P010825,2025-12-31,employed,337,31543.87
P010826,2025-12-31,employed,323,34605.44
P010827,2025-12-31,marginal,135,4054.72
P010830,2025-12-31,employed,234,11072.28
P010833,2025-12-31,employed,248,36732.83
P010834,2025-12-31,employed,322,32710.59
P010835,2025-12-31,employed,365,27362.05
P010836,2025-12-31,employed,282,33184.67
P010837,2025-12-31,employed,315,31285.59
P010839,2025-12-31,employed,280,18815.35
P010840,2025-12-31,self_employed,282,5779.98
P010841,2025-12-31,employed,294,20487.79
P010842,2025-12-31,employed,251,17884.1
P010843,2025-12-31,employed,365,28086.32
P010845,2025-12-31,marginal,135,6544.08
P010846,2025-12-31,employed,285,36005.44
P010850,2025-12-31,employed,238,22204.62
P010851,2025-12-31,employed,134,38684.81
P010853,2025-12-31,employed,261,48507.92
P010854,2025-12-31,employed,337,42258.5
P010856,2025-12-31,marginal,142,1878.87
P010861,2025-12-31,employed,354,14187.3
P010862,2025-12-31,employed,200,38269.61
P010863,2025-12-31,employed,365,29928.63
P010867,2025-12-31,no_record,0,0
P010868,2025-12-31,marginal,81,5680.56
P010869,2025-12-31,employed,223,24590.25
P010870,2025-12-31,employed,233,41944.29
P010875,2025-12-31,self_employed,239,15250.86
P010880,2025-12-31,employed,365,15607.29
P010881,2025-12-31,employed,341,14027.39
P010882,2025-12-31,self_employed,210,19650.72
P010884,2025-12-31,employed,327,37510.72
P010886,2025-12-31,employed,317,26044.53
P010888,2025-12-31,employed,263,23210.13
P010889,2025-12-31,marginal,86,2456.29
P010891,2025-12-31,marginal,120,8729.85
P010892,2025-12-31,self_employed,193,21785.66
P010894,2025-12-31,employed,270,20117.32
P010897,2025-12-31,employed,289,32784.11
P010899,2025-12-31,marginal,93,8211.57
P010900,2025-12-31,employed,361,22974.04
P010901,2025-12-31,employed,237,33108.01
P010902,2025-12-31,employed,265,23548.38
P010905,2025-12-31,employed,294,68765.86
P010906,2025-12-31,marginal,55,5390.16
P010908,2025-12-31,employed,365,51740.72
P010909,2025-12-31,marginal,137,4359.86
P010911,2025-12-31,employed,312,28029.09
P010915,2025-12-31,marginal,99,4237.66
P010921,2025-12-31,no_record,0,0
P010923,2025-12-31,employed,294,NA
P010926,2025-12-31,employed,325,27586.35
P010929,2025-12-31,employed,321,23931
P010931,2025-12-31,employed,288,35845.91
P010933,2025-12-31,self_employed,194,14268.99
P010937,2025-12-31,employed,234,35165.78
P010940,2025-12-31,employed,277,21733.28
P010941,2025-12-31,employed,365,22715.12
P010943,2025-12-31,employed,332,37679.75
P010944,2025-12-31,self_employed,221,16962.67
P010945,2025-12-31,employed,205,32067.71
P010946,2025-12-31,marginal,117,2503.24
P010948,2025-12-31,employed,240,54454.44
P010949,2025-12-31,employed,238,24694.31
P010950,2025-12-31,self_employed,295,57425.73
P010951,2025-12-31,employed,346,17196.68
P010952,2025-12-31,employed,231,12827.13
P010956,2025-12-31,employed,346,21518.29
P010958,2025-12-31,employed,280,30783.47
P010961,2025-12-31,employed,348,35692.98
P010963,2025-12-31,employed,333,30142.09
P010964,2025-12-31,employed,270,59304.36
P010966,2025-12-31,employed,334,26686.42
P010967,2025-12-31,marginal,107,6252.05
P010968,2025-12-31,employed,324,20229.48
P010969,2025-12-31,marginal,79,4846.04
P010971,2025-12-31,marginal,135,5952.28
P010974,2025-12-31,employed,252,31331.07
P010975,2025-12-31,employed,320,30267.01
P010979,2025-12-31,employed,267,33976.73
P010983,2025-12-31,employed,254,14647.4
P010984,2025-12-31,employed,181,54475.05
P010986,2025-12-31,employed,275,NA
P010987,2025-12-31,employed,323,26570.25
P010988,2025-12-31,employed,265,39111.04
P010990,2025-12-31,employed,288,25829.04
P010998,2025-12-31,employed,271,43099.62
P011000,2025-12-31,employed,306,64768.38
P011001,2025-12-31,employed,312,31401.34
P011004,2025-12-31,employed,265,24705.72
P011005,2025-12-31,employed,246,15505.79
P011006,2025-12-31,employed,295,19170.73
P011008,2025-12-31,employed,351,49472.76
P011016,2025-12-31,employed,307,22653.78
P011018,2025-12-31,employed,276,15583.99
P011019,2025-12-31,self_employed,365,247067.14
P011020,2025-12-31,self_employed,182,16127.62
P011023,2025-12-31,employed,314,26970.94
P011024,2025-12-31,employed,264,33816.78
P011026,2025-12-31,employed,365,16697.43
P011029,2025-12-31,employed,288,19683.41
P011031,2025-12-31,self_employed,NA,14351.31
P011038,2025-12-31,self_employed,237,9576.11
P011039,2025-12-31,employed,291,22752.77
P011040,2025-12-31,employed,365,26275.26
P011044,2025-12-31,employed,291,35568.72
P011046,2025-12-31,marginal,155,6164.38
P011047,2025-12-31,employed,365,30355.73
P011048,2025-12-31,employed,269,49206.61
P011049,2025-12-31,marginal,89,4166.61
P011051,2025-12-31,employed,306,24796.46
P011053,2025-12-31,marginal,109,3238.62
P011054,2025-12-31,employed,283,22085.24
P011055,2025-12-31,employed,218,19004.22
P011056,2025-12-31,employed,365,29504.23
P011057,2025-12-31,employed,294,49376.32
P011058,2025-12-31,self_employed,343,92534.1
P011066,2025-12-31,employed,312,49211.43
P011067,2025-12-31,employed,207,22436.08
P011069,2025-12-31,self_employed,149,27115.68
P011070,2025-12-31,marginal,36,5938.56
P011071,2025-12-31,employed,330,16911.79
P011078,2025-12-31,employed,313,47430.23
P011082,2025-12-31,self_employed,128,22563.9
P011083,2025-12-31,employed,365,20343.9
P011084,2025-12-31,employed,264,34689.21
P011087,2025-12-31,employed,362,22769.19
P011088,2025-12-31,employed,339,23385.44
P011089,2025-12-31,employed,325,49848.31
P011091,2025-12-31,no_record,0,0
P011092,2025-12-31,self_employed,100,36179.52
P011093,2025-12-31,employed,290,31658.08
P011096,2025-12-31,employed,308,18649.95
P011097,2025-12-31,employed,351,25981.05
P011098,2025-12-31,employed,288,32197.2
P011100,2025-12-31,employed,255,29825.94
P011101,2025-12-31,employed,290,46287.49
P011104,2025-12-31,employed,347,29022.25
P011106,2025-12-31,employed,327,NA
P011108,2025-12-31,employed,137,22442.54
P011116,2025-12-31,employed,270,28778.35
P011117,2025-12-31,employed,284,21942.65
P011118,2025-12-31,employed,311,24825.55
P011120,2025-12-31,self_employed,221,32343.42
P011122,2025-12-31,employed,179,20724.56
P011123,2025-12-31,employed,198,34722.02
P011125,2025-12-31,employed,226,36706.92
P011126,2025-12-31,employed,280,24640.7
P011130,2025-12-31,employed,336,28617.56
P011132,2025-12-31,employed,329,12978.54
P011134,2025-12-31,employed,322,23343.31
P011135,2025-12-31,employed,270,32206.66
P011136,2025-12-31,employed,197,21298.56
P011140,2025-12-31,employed,365,19360.76
P011143,2025-12-31,employed,286,18431.85
P011146,2025-12-31,employed,310,49367.39
P011150,2025-12-31,marginal,87,3282.11
P011151,2025-12-31,self_employed,365,19482.19
P011152,2025-12-31,employed,365,34895.94
P011153,2025-12-31,employed,343,13940.08
P011154,2025-12-31,employed,264,27606.01
P011155,2025-12-31,employed,331,24107.88
P011156,2025-12-31,employed,350,33434.81
P011161,2025-12-31,employed,257,20853.98
P011162,2025-12-31,employed,365,29994.09
P011165,2025-12-31,employed,330,17222.57
P011167,2025-12-31,employed,365,27296.31
P011168,2025-12-31,marginal,121,4862.82
P011169,2025-12-31,employed,252,40741.63
P011171,2025-12-31,self_employed,133,37616.71
P011172,2025-12-31,employed,223,40943.14
P011174,2025-12-31,no_record,0,0
P011175,2025-12-31,employed,255,49648.96
P011177,2025-12-31,self_employed,365,32653.28
P011182,2025-12-31,employed,365,25851.67
P011184,2025-12-31,employed,308,28993.42
P011185,2025-12-31,employed,242,18128.64
P011189,2025-12-31,employed,278,16782.7
P011191,2025-12-31,employed,292,52720.34
P011193,2025-12-31,employed,249,20192.24
P011198,2025-12-31,employed,359,34590.81
P011200,2025-12-31,employed,156,43843.96
P011202,2025-12-31,employed,350,39395.21
P011203,2025-12-31,self_employed,175,9964.77
P011205,2025-12-31,employed,224,11399.86
P011206,2025-12-31,employed,192,30210.06
P011209,2025-12-31,employed,268,21403.32
P011210,2025-12-31,self_employed,202,34666.11
P011213,2025-12-31,employed,246,26023.58
P011215,2025-12-31,employed,226,21544.3
P011217,2025-12-31,employed,302,18208
P011219,2025-12-31,employed,265,30674.75
P011226,2025-12-31,employed,364,56020.08
P011227,2025-12-31,self_employed,30,64802.56
P011238,2025-12-31,employed,272,22825.56
P011239,2025-12-31,marginal,125,6032.01
P011240,2025-12-31,employed,244,16954.34
P011242,2025-12-31,employed,301,26020.58
P011245,2025-12-31,employed,313,15754.09
P011246,2025-12-31,self_employed,225,14401.75
P011249,2025-12-31,employed,285,37144.32
P011250,2025-12-31,marginal,184,5823.77
P011251,2025-12-31,employed,356,31943.24
P011253,2025-12-31,employed,282,26921.96
P011256,2025-12-31,employed,241,34750.38
P011261,2025-12-31,employed,338,17555.48
P011262,2025-12-31,self_employed,311,18185.51
P011265,2025-12-31,employed,302,18617.03
P011269,2025-12-31,employed,333,24844.69
P011272,2025-12-31,employed,360,13740.03
P011273,2025-12-31,employed,288,14091.3
P011275,2025-12-31,employed,274,24957.21
P011277,2025-12-31,employed,277,50511.73
P011279,2025-12-31,employed,365,25438.97
P011280,2025-12-31,employed,184,33811.35
P011281,2025-12-31,employed,296,41144.1
P011282,2025-12-31,employed,264,NA
P011286,2025-12-31,employed,365,32735.56
P011290,2025-12-31,employed,365,15374.36
P011291,2025-12-31,employed,315,20275.45
P011294,2025-12-31,employed,314,10396.19
P011295,2025-12-31,employed,238,19964.4
P011296,2025-12-31,employed,315,70243.06
P011297,2025-12-31,employed,231,28082.66
P011299,2025-12-31,marginal,98,4827.11
P011301,2025-12-31,employed,365,32151.52
P011302,2025-12-31,employed,191,29986.83
P011303,2025-12-31,marginal,195,6051.84
P011305,2025-12-31,employed,324,30104.75
P011311,2025-12-31,employed,283,26595.02
P011314,2025-12-31,employed,249,18910.9
P011315,2025-12-31,self_employed,221,12551.55
P011318,2025-12-31,employed,306,14706.98
P011321,2025-12-31,self_employed,51,23045.98
P011322,2025-12-31,employed,271,22758.78
P011324,2025-12-31,employed,284,21536.65
P011329,2025-12-31,employed,265,36273.4
P011331,2025-12-31,employed,273,22407.67
P011332,2025-12-31,employed,206,26784.52
P011333,2025-12-31,employed,334,30202.39
P011334,2025-12-31,employed,330,14519.17
P011335,2025-12-31,employed,261,39073.91
P011336,2025-12-31,employed,300,36528.01
P011341,2025-12-31,employed,262,12744.37
P011342,2025-12-31,employed,346,19792.83
P011343,2025-12-31,employed,209,31120.89
P011344,2025-12-31,marginal,148,3947.06
P011345,2025-12-31,employed,254,13598.75
P011346,2025-12-31,employed,365,24815.68
P011348,2025-12-31,employed,286,55830.58
P011353,2025-12-31,employed,257,47775.27
P011355,2025-12-31,employed,335,34184.54
P011356,2025-12-31,employed,175,37666.78
P011357,2025-12-31,employed,322,14166.27
P011362,2025-12-31,employed,208,17471.62
P011363,2025-12-31,employed,360,27348.46
P011364,2025-12-31,self_employed,267,10376.92
P011366,2025-12-31,self_employed,334,24363.36
P011367,2025-12-31,employed,336,32694.47
P011371,2025-12-31,employed,220,29772.28
P011372,2025-12-31,marginal,38,3006.76
P011375,2025-12-31,marginal,152,6513.41
P011377,2025-12-31,employed,255,26977.86
P011379,2025-12-31,employed,336,14224.75
P011380,2025-12-31,employed,234,19984.44
P011381,2025-12-31,no_record,0,0
P011382,2025-12-31,employed,256,18071.37
P011389,2025-12-31,employed,227,21136.71
P011391,2025-12-31,marginal,143,3515.17
P011393,2025-12-31,marginal,136,8838.01
P011397,2025-12-31,employed,286,12378.53
P011401,2025-12-31,marginal,121,6727.22
P011402,2025-12-31,employed,109,12045.4
P011403,2025-12-31,marginal,106,5401.09
P011408,2025-12-31,marginal,65,4052.32
P011409,2025-12-31,marginal,179,10237.45
P011413,2025-12-31,self_employed,359,76441.79
P011415,2025-12-31,marginal,53,4486.87
P011416,2025-12-31,self_employed,340,19798.19
P011417,2025-12-31,employed,313,28037.63
P011418,2025-12-31,employed,267,9770.62
P011421,2025-12-31,employed,328,17943.02
P011423,2025-12-31,employed,NA,27156.66
P011427,2025-12-31,employed,315,42052.96
P011429,2025-12-31,employed,281,10807.67
P011431,2025-12-31,employed,213,35607.49
P011432,2025-12-31,marginal,75,6114.9
P011435,2025-12-31,employed,300,19642.32
P011436,2025-12-31,employed,327,18677.29
P011438,2025-12-31,self_employed,343,44434.54
P011439,2025-12-31,employed,264,22061.99
P011440,2025-12-31,marginal,166,2909.07
P011441,2025-12-31,employed,283,55944.32
P011443,2025-12-31,employed,216,18032.64
P011444,2025-12-31,self_employed,349,31726.81
P011445,2025-12-31,employed,258,22432.27
P011446,2025-12-31,employed,246,17942.27
P011448,2025-12-31,employed,264,32615.15
P011451,2025-12-31,employed,308,27222.98
P011452,2025-12-31,employed,251,11455.96
P011454,2025-12-31,employed,314,21501.07
P011455,2025-12-31,no_record,0,0
P011456,2025-12-31,employed,NA,27693.04
P011457,2025-12-31,marginal,118,4215.81
P011458,2025-12-31,employed,365,29835.12
P011459,2025-12-31,self_employed,271,19059.88
P011460,2025-12-31,employed,334,28350.87
P011461,2025-12-31,self_employed,270,17693.49
P011463,2025-12-31,employed,312,15880.23
P011464,2025-12-31,employed,306,49583.5
P011465,2025-12-31,employed,306,25049.81
P011467,2025-12-31,employed,169,39977.59
P011473,2025-12-31,employed,197,15523.37
P011474,2025-12-31,employed,365,18163.2
P011477,2025-12-31,employed,277,43459.64
P011480,2025-12-31,employed,229,25012.52
P011481,2025-12-31,employed,365,27217.48
P011484,2025-12-31,marginal,120,7697.23
P011485,2025-12-31,employed,297,18072.85
P011486,2025-12-31,employed,319,56500.08
P011489,2025-12-31,employed,196,35490.91
P011490,2025-12-31,self_employed,195,21658.64
P011491,2025-12-31,employed,332,27365.4
P011492,2025-12-31,employed,325,45282
P011493,2025-12-31,employed,269,23840.42
P011494,2025-12-31,employed,289,25324.16
P011495,2025-12-31,employed,176,NA
P011496,2025-12-31,employed,279,18475.55
P011499,2025-12-31,employed,291,60439.85
P011500,2025-12-31,employed,335,40698.45
P011501,2025-12-31,employed,279,44202.12
P011503,2025-12-31,employed,182,19325.23
P011505,2025-12-31,employed,252,23410.82
P011509,2025-12-31,employed,253,13870.52
P011510,2025-12-31,employed,316,39455.57
P011511,2025-12-31,employed,219,20169.62
P011513,2025-12-31,employed,290,19642.07
P011515,2025-12-31,employed,365,34414.75
P011518,2025-12-31,employed,365,19251.13
P011519,2025-12-31,marginal,145,3536.44
P011523,2025-12-31,employed,365,35834.68
P011526,2025-12-31,employed,362,38943.61
P011527,2025-12-31,employed,341,22120.79
P011529,2025-12-31,employed,284,44309.14
P011532,2025-12-31,employed,269,17702.12
P011534,2025-12-31,employed,332,26560.57
P011536,2025-12-31,self_employed,238,5903
P011539,2025-12-31,employed,320,17814.46
P011541,2025-12-31,employed,365,32593.46
P011542,2025-12-31,employed,280,42547.31
P011543,2025-12-31,employed,333,23200.66
P011546,2025-12-31,employed,319,20150.33
P011548,2025-12-31,employed,365,9616.36
P011551,2025-12-31,employed,320,15616.04
P011553,2025-12-31,employed,344,23101.94
P011558,2025-12-31,employed,264,12927.77
P011561,2025-12-31,employed,235,30032.83
P011562,2025-12-31,employed,365,14865.18
P011564,2025-12-31,employed,159,56942.9
P011574,2025-12-31,employed,319,48563.42
P011578,2025-12-31,employed,341,20826.52
P011579,2025-12-31,marginal,97,4083.31
P011581,2025-12-31,employed,365,13662.99
P011582,2025-12-31,employed,304,34382.49
P011583,2025-12-31,employed,240,30960.96
P011584,2025-12-31,employed,321,27160.99
P011585,2025-12-31,self_employed,365,16953.08
P011588,2025-12-31,marginal,179,6788.51
P011590,2025-12-31,employed,109,41828.83
P011598,2025-12-31,employed,310,31056.06
P011601,2025-12-31,no_record,0,0
P011603,2025-12-31,employed,365,36580.99
P011608,2025-12-31,employed,203,22230.61
P011609,2025-12-31,employed,310,14579.12
P011612,2025-12-31,employed,363,47221.9
P011613,2025-12-31,self_employed,297,18869
P011614,2025-12-31,employed,286,24534.11
P011615,2025-12-31,employed,278,23172.03
P011617,2025-12-31,employed,228,31782.96
P011618,2025-12-31,employed,336,15910.82
P011620,2025-12-31,employed,291,29560.89
P011623,2025-12-31,marginal,99,2806.46
P011624,2025-12-31,employed,291,24289.64
P011625,2025-12-31,marginal,63,5524.76
P011626,2025-12-31,employed,320,18190
P011627,2025-12-31,no_record,0,0
P011628,2025-12-31,marginal,47,4317.91
P011630,2025-12-31,marginal,117,2635.9
P011631,2025-12-31,employed,365,20538.03
P011632,2025-12-31,marginal,81,4233.83
P011634,2025-12-31,marginal,95,4090.73
P011636,2025-12-31,employed,285,54997.08
P011637,2025-12-31,employed,335,29745.5
P011643,2025-12-31,employed,266,49442.43
P011645,2025-12-31,employed,247,31743.81
P011646,2025-12-31,employed,273,17307.28
P011647,2025-12-31,employed,253,27838.02
P011648,2025-12-31,employed,324,27706.59
P011649,2025-12-31,marginal,125,8172.84
P011652,2025-12-31,employed,NA,39035.94
P011653,2025-12-31,employed,293,27900.8
P011654,2025-12-31,employed,365,23950.85
P011656,2025-12-31,employed,176,10563.55
P011660,2025-12-31,employed,311,30891.22
P011661,2025-12-31,employed,272,31846.82
P011663,2025-12-31,marginal,141,6298.69
P011665,2025-12-31,no_record,0,0
P011666,2025-12-31,employed,308,17937.94
P011668,2025-12-31,employed,304,17111.16
P011669,2025-12-31,employed,365,65580.75
P011670,2025-12-31,employed,365,24170.93
P011672,2025-12-31,employed,299,26337.44
P011673,2025-12-31,employed,303,9668.94
P011678,2025-12-31,employed,354,19210.24
P011679,2025-12-31,employed,358,19933.73
P011681,2025-12-31,employed,319,28249.19
P011682,2025-12-31,employed,274,31840.2
P011683,2025-12-31,marginal,140,5977.38
P011684,2025-12-31,employed,184,20246.34
P011685,2025-12-31,employed,173,89154.76
P011688,2025-12-31,marginal,122,3648.75
P011693,2025-12-31,employed,230,44243.44
P011697,2025-12-31,employed,169,36546.55
P011700,2025-12-31,no_record,0,0
P011703,2025-12-31,employed,322,15353.66
P011704,2025-12-31,employed,351,29339.65
P011706,2025-12-31,employed,254,14967.15
P011707,2025-12-31,employed,322,27612.42
P011710,2025-12-31,employed,284,20062.96
P011712,2025-12-31,no_record,0,0
P011714,2025-12-31,employed,365,8990.93
P011717,2025-12-31,employed,268,26023.34
P011719,2025-12-31,employed,208,79019.64
P011721,2025-12-31,employed,314,25559.57
P011723,2025-12-31,employed,159,38641.38
P011724,2025-12-31,self_employed,365,32978.28
P011726,2025-12-31,employed,272,22200.43
P011727,2025-12-31,employed,262,32992.43
P011729,2025-12-31,no_record,0,0
P011733,2025-12-31,self_employed,121,17397.86
P011735,2025-12-31,marginal,103,6226.48
P011737,2025-12-31,employed,327,34538.42
P011740,2025-12-31,self_employed,365,9229.75
P011743,2025-12-31,marginal,180,5694.61
P011744,2025-12-31,employed,344,24543.16
P011745,2025-12-31,self_employed,164,10437.52
P011747,2025-12-31,employed,365,12656.87
P011749,2025-12-31,employed,258,35701.79
P011751,2025-12-31,employed,198,39485.92
P011752,2025-12-31,self_employed,263,19377.88
P011753,2025-12-31,self_employed,328,46942.41
P011760,2025-12-31,self_employed,317,33918.83
P011762,2025-12-31,employed,281,17434.58
P011766,2025-12-31,employed,320,29488.05
P011772,2025-12-31,marginal,63,4766.65
P011773,2025-12-31,employed,326,20937.29
P011779,2025-12-31,employed,196,13826.36
P011781,2025-12-31,employed,293,44804.45
P011782,2025-12-31,self_employed,298,23203.64
P011783,2025-12-31,self_employed,293,34945.15
P011784,2025-12-31,employed,365,21718.13
P011788,2025-12-31,employed,255,24511.53
P011789,2025-12-31,no_record,0,0
P011791,2025-12-31,employed,322,45794.18
P011794,2025-12-31,employed,289,23453.77
P011796,2025-12-31,employed,290,70363.02
P011797,2025-12-31,employed,365,57965.12
P011799,2025-12-31,employed,232,27225.04
P011802,2025-12-31,marginal,89,3315.17
P011803,2025-12-31,employed,365,15323.46
P011809,2025-12-31,marginal,101,6431.46
P011810,2025-12-31,employed,268,25543.58
P011812,2025-12-31,marginal,72,5687.85
P011813,2025-12-31,no_record,0,0
P011814,2025-12-31,employed,363,37549.06
P011816,2025-12-31,employed,233,39821.41
P011819,2025-12-31,employed,297,20875.78
P011820,2025-12-31,marginal,228,6338.11
P011821,2025-12-31,employed,287,45882.32
P011823,2025-12-31,employed,336,22398.42
P011825,2025-12-31,marginal,138,7974.45
P011827,2025-12-31,employed,171,24687.12
P011835,2025-12-31,employed,303,13121.17
P011837,2025-12-31,employed,295,60454.37
P011838,2025-12-31,marginal,94,5740.63
P011839,2025-12-31,employed,277,33811.44
P011840,2025-12-31,employed,269,28183.49
P011841,2025-12-31,employed,304,26056.1
P011844,2025-12-31,employed,158,65384.68
P011845,2025-12-31,employed,281,43647.96
P011848,2025-12-31,marginal,57,5606.52
P011851,2025-12-31,no_record,0,0
P011855,2025-12-31,employed,169,41452.88
P011860,2025-12-31,employed,314,56876.49
P011862,2025-12-31,marginal,119,3749.63
P011864,2025-12-31,employed,304,15441.24
P011869,2025-12-31,employed,281,19801.47
P011870,2025-12-31,employed,252,NA
P011872,2025-12-31,employed,245,21383.53
P011873,2025-12-31,employed,309,13703.89
P011874,2025-12-31,employed,269,30902.81
P011877,2025-12-31,marginal,161,4427.15
P011878,2025-12-31,marginal,111,5211.51
P011879,2025-12-31,employed,NA,46747.49
P011881,2025-12-31,employed,327,13034.18
P011882,2025-12-31,no_record,0,0
P011885,2025-12-31,employed,282,47153.43
P011888,2025-12-31,employed,184,42745.53
P011893,2025-12-31,self_employed,289,45723.56
P011898,2025-12-31,employed,231,29942.1
P011904,2025-12-31,employed,248,21319.73
P011907,2025-12-31,employed,365,20214.21
P011909,2025-12-31,employed,348,46803.94
P011913,2025-12-31,employed,344,22372.25
P011914,2025-12-31,marginal,90,3385.9
P011915,2025-12-31,marginal,194,7527.94
P011916,2025-12-31,employed,331,20750.9
P011918,2025-12-31,employed,307,23911.66
P011919,2025-12-31,employed,365,56096.12
P011920,2025-12-31,self_employed,67,56525.38
P011928,2025-12-31,employed,359,21597.76
P011931,2025-12-31,employed,219,29843.22
P011933,2025-12-31,marginal,63,4372.17
P011934,2025-12-31,employed,280,41472.13
P011936,2025-12-31,employed,343,45324.69
P011938,2025-12-31,employed,270,17331.91
P011939,2025-12-31,employed,231,19348.74
P011941,2025-12-31,employed,269,36356.88
P011945,2025-12-31,employed,364,22292.09
P011946,2025-12-31,employed,307,13113.51
P011950,2025-12-31,employed,340,28359.94
P011951,2025-12-31,employed,275,23231.36
P011953,2025-12-31,employed,333,17487.02
P011955,2025-12-31,employed,361,31745.86
P011956,2025-12-31,employed,323,26571.38
P011957,2025-12-31,employed,232,37189.17
P011960,2025-12-31,employed,259,45510.65
P011962,2025-12-31,employed,313,10758.32
P011963,2025-12-31,employed,229,24702.7
P011967,2025-12-31,employed,365,30282.52
P011970,2025-12-31,marginal,87,4969.56
P011977,2025-12-31,employed,311,28077.74
P011982,2025-12-31,self_employed,359,13667.25
P011984,2025-12-31,marginal,72,3673.25
P011987,2025-12-31,employed,365,23957.46
P011990,2025-12-31,employed,339,42808.84
P011991,2025-12-31,employed,355,28002.44
P011992,2025-12-31,employed,339,25262.52
P011993,2025-12-31,self_employed,238,38594.72
P011995,2025-12-31,employed,314,22413.41
P011996,2025-12-31,marginal,102,3374.33
P011998,2025-12-31,employed,277,23619.47
P011999,2025-12-31,employed,210,23265.99
P012000,2025-12-31,self_employed,334,45805.45
P012006,2025-12-31,self_employed,NA,36075.84
P012010,2025-12-31,employed,259,68591.08
P012011,2025-12-31,employed,297,23145.59
P012013,2025-12-31,employed,239,63450.45
P012015,2025-12-31,no_record,0,0
P012016,2025-12-31,no_record,0,0
P012021,2025-12-31,employed,252,25852.18
P012022,2025-12-31,self_employed,220,20847.86
P012023,2025-12-31,employed,356,25057.28
P012027,2025-12-31,marginal,95,4084.18
P012028,2025-12-31,employed,335,34799.01
P012030,2025-12-31,employed,274,21639.36
P012031,2025-12-31,employed,258,34182.7
P012032,2025-12-31,employed,307,26241
P012038,2025-12-31,employed,365,48338.26
P012039,2025-12-31,self_employed,238,16822.45
P012041,2025-12-31,employed,209,37801.44
P012043,2025-12-31,employed,324,17428.8
P012045,2025-12-31,employed,318,45325.59
P012046,2025-12-31,employed,365,21120.12
P012047,2025-12-31,employed,266,34975.85
P012050,2025-12-31,employed,271,33415.02
P012051,2025-12-31,employed,147,57400.4
P012052,2025-12-31,employed,365,20395.12
P012053,2025-12-31,employed,213,34576.67
P012055,2025-12-31,no_record,0,0
P012056,2025-12-31,employed,287,11156.22
P012059,2025-12-31,employed,186,13169.24
P012061,2025-12-31,employed,293,25964.73
P012066,2025-12-31,employed,351,53427.61
P012069,2025-12-31,no_record,0,0
P012070,2025-12-31,self_employed,255,37740.46
P012075,2025-12-31,marginal,191,6299.99
P012076,2025-12-31,employed,365,56772.81
P012077,2025-12-31,employed,224,22705.51
P012083,2025-12-31,employed,363,38101.33
P012086,2025-12-31,employed,286,12364.54
P012088,2025-12-31,employed,345,38120.97
P012091,2025-12-31,employed,323,9568.27
P012093,2025-12-31,marginal,184,2902.68
P012095,2025-12-31,employed,326,35865.83
P012097,2025-12-31,employed,292,26551.6
P012100,2025-12-31,employed,274,15573.15
P012102,2025-12-31,marginal,55,7880.75
P012103,2025-12-31,employed,247,24049.52
P012104,2025-12-31,employed,250,19421.07
P012108,2025-12-31,employed,365,30646.48
P012109,2025-12-31,employed,195,25739.51
P012110,2025-12-31,employed,349,17812.74
P012111,2025-12-31,employed,260,25813.78
P012114,2025-12-31,employed,200,18025.57
P012115,2025-12-31,employed,246,38574.65
P012117,2025-12-31,self_employed,323,9820.28
P012119,2025-12-31,employed,269,33982.28
P012121,2025-12-31,employed,202,13742.18
P012124,2025-12-31,self_employed,162,13999.1
P012125,2025-12-31,employed,350,37046.62
P012126,2025-12-31,marginal,171,3845.07
P012127,2025-12-31,employed,209,35646.95
P012135,2025-12-31,employed,236,24136.19
P012137,2025-12-31,employed,262,40315.64
P012138,2025-12-31,employed,270,12433.4
P012143,2025-12-31,employed,299,26575.51
P012148,2025-12-31,employed,365,108747.62
P012150,2025-12-31,employed,256,21666.43
P012157,2025-12-31,no_record,0,0
P012158,2025-12-31,employed,305,20424.87
P012160,2025-12-31,employed,259,24070.85
P012161,2025-12-31,employed,232,64759.96
P012162,2025-12-31,employed,365,17491.35
P012170,2025-12-31,employed,246,66727.59
P012175,2025-12-31,employed,300,71113.88
P012176,2025-12-31,self_employed,113,26434.94
P012177,2025-12-31,employed,329,30796.07
P012178,2025-12-31,employed,321,19741.75
P012180,2025-12-31,employed,268,23950.62
P012181,2025-12-31,self_employed,365,42502.79
P012182,2025-12-31,employed,203,15599.64
P012183,2025-12-31,employed,266,29627.84
P012187,2025-12-31,employed,280,16677.42
P012188,2025-12-31,employed,247,15467.36
P012190,2025-12-31,self_employed,340,23030.52
P012191,2025-12-31,employed,335,36122.34
P012193,2025-12-31,employed,312,27882.24
P012199,2025-12-31,employed,263,22391.99
P012203,2025-12-31,employed,233,61572.49
P012206,2025-12-31,employed,313,11429.15
P012208,2025-12-31,employed,258,36771.01
P012212,2025-12-31,employed,313,39225.49
P012213,2025-12-31,employed,281,23417.64
P012214,2025-12-31,employed,191,57334.29
P012219,2025-12-31,marginal,98,4323.22
P012220,2025-12-31,employed,304,20671.86
P012221,2025-12-31,employed,261,13928.88
P012222,2025-12-31,employed,322,13736.26
P012225,2025-12-31,marginal,105,8982.93
P012232,2025-12-31,employed,307,29928.48
P012235,2025-12-31,no_record,0,0
P012241,2025-12-31,employed,292,51920.14
P012246,2025-12-31,self_employed,184,21656.4
P012261,2025-12-31,employed,199,35795.19
P012263,2025-12-31,employed,187,16818.84
P012264,2025-12-31,employed,334,26785.8
P012265,2025-12-31,employed,301,35405.83
P012269,2025-12-31,self_employed,292,26536.45
P012275,2025-12-31,marginal,5,11387.81
P012276,2025-12-31,employed,242,28104.16
P012280,2025-12-31,marginal,39,6019.58
P012281,2025-12-31,employed,338,36146.44
P012282,2025-12-31,employed,247,37678.83
P012287,2025-12-31,employed,330,25100.13
P012289,2025-12-31,employed,283,18558.99
P012292,2025-12-31,employed,230,49425.82
P012293,2025-12-31,employed,276,43068.92
P012297,2025-12-31,employed,365,29029.86
P012298,2025-12-31,employed,301,21575.75
P012299,2025-12-31,employed,261,48603.45
P012300,2025-12-31,employed,258,36357.31
P012301,2025-12-31,employed,295,35136.73
P012303,2025-12-31,employed,307,56448.03
P012306,2025-12-31,self_employed,128,37347.14
P012308,2025-12-31,employed,241,43587.94
P012309,2025-12-31,employed,249,38297.35
P012310,2025-12-31,employed,305,26932.13
P012312,2025-12-31,employed,247,28877.64
P012313,2025-12-31,marginal,102,2750.6
P012315,2025-12-31,employed,293,7112.58
P012318,2025-12-31,employed,247,15912.74
P012323,2025-12-31,employed,213,29981.38
P012324,2025-12-31,self_employed,151,17541.14
P012325,2025-12-31,employed,286,22818.14
P012327,2025-12-31,employed,292,16798.19
P012330,2025-12-31,employed,260,13534.01
P012338,2025-12-31,self_employed,245,40212.85
P012340,2025-12-31,marginal,17,3692.77
P012341,2025-12-31,employed,242,43032.97
P012342,2025-12-31,marginal,50,9677.48
P012344,2025-12-31,self_employed,330,33147.66
P012345,2025-12-31,employed,226,37718.79
P012346,2025-12-31,employed,147,25285.04
P012347,2025-12-31,marginal,31,4249.46
P012348,2025-12-31,employed,304,34834.7
P012351,2025-12-31,employed,279,27556.3
P012353,2025-12-31,self_employed,265,7193.51
P012354,2025-12-31,employed,336,31582.99
P012359,2025-12-31,marginal,25,5602.47
P012360,2025-12-31,employed,321,26101.9
P012361,2025-12-31,self_employed,219,19342.03
P012362,2025-12-31,employed,342,24091.41
P012363,2025-12-31,employed,304,12293.67
P012369,2025-12-31,employed,347,29073.65
P012370,2025-12-31,employed,249,23675.41
P012371,2025-12-31,employed,301,19319.36
P012372,2025-12-31,self_employed,307,33921.39
P012373,2025-12-31,employed,271,17456.05
P012374,2025-12-31,employed,254,40125.93
P012376,2025-12-31,employed,174,32148.39
P012377,2025-12-31,employed,208,21314.54
P012378,2025-12-31,employed,274,70315.35
P012380,2025-12-31,employed,365,9909.03
P012384,2025-12-31,employed,261,35572.67
P012389,2025-12-31,employed,365,28147.23
P012392,2025-12-31,employed,348,10976.46
P012394,2025-12-31,employed,193,43130.76
P012395,2025-12-31,marginal,126,4551.64
P012400,2025-12-31,employed,349,24795.73
P012401,2025-12-31,employed,330,52626.61
P012402,2025-12-31,self_employed,269,25310.89
P012403,2025-12-31,self_employed,365,54738.68
P012406,2025-12-31,employed,325,20753.52
P012409,2025-12-31,employed,305,8786.77
P012410,2025-12-31,self_employed,283,34348.11
P012413,2025-12-31,employed,323,18475.38
P012414,2025-12-31,employed,293,25491.19
P012415,2025-12-31,employed,327,24167.03
P012419,2025-12-31,employed,280,31722.35
P012420,2025-12-31,employed,351,16378.68
P012426,2025-12-31,employed,145,21056.3
P012431,2025-12-31,employed,359,50430.86
P012434,2025-12-31,self_employed,302,13937.3
P012435,2025-12-31,marginal,146,4128.72
P012436,2025-12-31,employed,305,34426.44
P012438,2025-12-31,employed,365,11509.73
P012439,2025-12-31,employed,341,29844.03
P012440,2025-12-31,marginal,188,3846.51
P012441,2025-12-31,employed,317,50210.22
P012443,2025-12-31,employed,308,25415.03
P012444,2025-12-31,self_employed,30,24862.22
P012445,2025-12-31,self_employed,171,61329.69
P012448,2025-12-31,employed,344,28115.95
P012451,2025-12-31,employed,281,26330.56
P012453,2025-12-31,employed,329,28658.56
P012457,2025-12-31,employed,320,60770.17
P012458,2025-12-31,self_employed,261,8766.27
P012460,2025-12-31,employed,357,19960.21
P012462,2025-12-31,employed,263,31227.5
P012464,2025-12-31,employed,NA,21362.83
P012467,2025-12-31,marginal,125,3174.63
P012469,2025-12-31,employed,278,26522
P012473,2025-12-31,employed,348,13189.3
P012477,2025-12-31,self_employed,291,13614.35
P012480,2025-12-31,employed,274,27639.85
P012482,2025-12-31,marginal,95,5374.05
P012483,2025-12-31,employed,240,63370.17
P012485,2025-12-31,marginal,165,3601.33
P012486,2025-12-31,employed,284,58100.82
P012487,2025-12-31,employed,126,24562.73
P012490,2025-12-31,employed,365,13641.5
P012491,2025-12-31,self_employed,226,35164.65
P012492,2025-12-31,employed,255,28584.61
P012493,2025-12-31,employed,288,20937.97
P012494,2025-12-31,employed,256,58689.44
P012498,2025-12-31,employed,201,21295.21
P012499,2025-12-31,employed,308,12976.43
P012502,2025-12-31,employed,280,38312.81
P012506,2025-12-31,self_employed,308,21059.59
P012507,2025-12-31,employed,299,18380.74
P012508,2025-12-31,employed,168,36578.67
P012510,2025-12-31,employed,189,23503.93
P012511,2025-12-31,employed,245,14971.68
P012512,2025-12-31,employed,266,64641.01
P012515,2025-12-31,employed,365,66161.15
P012516,2025-12-31,employed,332,35888.97
P012521,2025-12-31,employed,365,51072.31
P012522,2025-12-31,marginal,33,5495.99
P012524,2025-12-31,employed,365,41981.58
P012527,2025-12-31,employed,233,16341.06
P012531,2025-12-31,employed,295,NA
P012535,2025-12-31,employed,283,29531.15
P012538,2025-12-31,employed,316,34884.54
P012539,2025-12-31,employed,246,29597.5
P012542,2025-12-31,employed,266,26946.12
P012548,2025-12-31,employed,294,38290.65
P012551,2025-12-31,employed,327,14918.89
P012553,2025-12-31,employed,293,13964.88
P012554,2025-12-31,employed,NA,21521.24
P012555,2025-12-31,employed,315,27524.3
P012556,2025-12-31,employed,316,41356.25
P012557,2025-12-31,employed,319,32067.67
P012559,2025-12-31,self_employed,249,7955.82
P012560,2025-12-31,employed,271,55626.97
P012561,2025-12-31,marginal,78,4818.11
P012562,2025-12-31,employed,275,20847.9
P012563,2025-12-31,employed,197,22202.05
P012564,2025-12-31,employed,299,24031.85
P012565,2025-12-31,employed,249,16861.38
P012566,2025-12-31,employed,334,22223.67
P012568,2025-12-31,employed,154,27997.75
P012576,2025-12-31,employed,343,32200.84
P012577,2025-12-31,self_employed,324,24259.65
P012578,2025-12-31,employed,297,32627.4
P012579,2025-12-31,employed,310,22621.87
P012580,2025-12-31,employed,284,37207.13
P012581,2025-12-31,employed,265,36262.86
P012582,2025-12-31,employed,322,51758.83
P012584,2025-12-31,marginal,112,5444.85
P012586,2025-12-31,employed,318,39714.28
P012589,2025-12-31,employed,219,20619.35
P012590,2025-12-31,employed,287,27705.56
P012591,2025-12-31,employed,312,15761.7
P012592,2025-12-31,employed,229,46719.7
P012596,2025-12-31,marginal,72,4150.93
P012597,2025-12-31,employed,277,42020.85
P012598,2025-12-31,marginal,136,10004.46
P012602,2025-12-31,employed,267,60194.13
P012607,2025-12-31,self_employed,245,17731.77
P012608,2025-12-31,self_employed,NA,19402.55
P012609,2025-12-31,employed,315,39410.59
P012613,2025-12-31,employed,354,17203.78
P012614,2025-12-31,employed,278,51656.47
P012615,2025-12-31,employed,250,18267.64
P012618,2025-12-31,employed,310,33030.23
P012620,2025-12-31,employed,288,18922.6
P012622,2025-12-31,employed,321,57327.63
P012623,2025-12-31,employed,200,76758.23
P012624,2025-12-31,marginal,63,9564.73
P012625,2025-12-31,marginal,131,5997.66
P012627,2025-12-31,employed,299,43803.35
P012628,2025-12-31,employed,276,36725.9
P012629,2025-12-31,employed,339,31620.11
P012631,2025-12-31,employed,312,9662.94
P012633,2025-12-31,employed,365,21163.69
P012636,2025-12-31,employed,305,21772.76
P012638,2025-12-31,employed,343,21249.62
P012640,2025-12-31,employed,310,42994.76
P012641,2025-12-31,self_employed,335,23550.53
P012642,2025-12-31,employed,288,NA
P012645,2025-12-31,employed,283,32265.64
P012652,2025-12-31,employed,307,25592.88
P012654,2025-12-31,employed,282,36814.44
P012655,2025-12-31,employed,301,24608.15
P012657,2025-12-31,employed,255,79396.86
P012658,2025-12-31,self_employed,271,22569.12
P012659,2025-12-31,employed,365,31956.23
P012660,2025-12-31,employed,303,39422.12
P012662,2025-12-31,self_employed,238,83334.91
P012663,2025-12-31,employed,269,22784.49
P012664,2025-12-31,employed,320,57345.17
P012668,2025-12-31,employed,365,20356.6
P012669,2025-12-31,employed,335,20777.49
P012673,2025-12-31,employed,252,20801.81
P012676,2025-12-31,employed,363,28227.88
P012677,2025-12-31,self_employed,203,51892.15
P012679,2025-12-31,employed,339,24539.33
P012680,2025-12-31,employed,178,44718.45
P012682,2025-12-31,self_employed,338,18679.69
P012683,2025-12-31,employed,274,17317.19
P012686,2025-12-31,employed,306,28755.12
P012687,2025-12-31,employed,365,29710.44
P012694,2025-12-31,employed,365,31510.94
P012695,2025-12-31,employed,337,23524.01
P012698,2025-12-31,marginal,53,3112.35
P012701,2025-12-31,marginal,111,5442.66
P012706,2025-12-31,employed,314,36866.73
P012708,2025-12-31,employed,265,57550.76
P012714,2025-12-31,employed,246,24604.03
P012718,2025-12-31,employed,196,18872.99
P012720,2025-12-31,employed,346,24854.96
P012721,2025-12-31,employed,281,20925.83
P012724,2025-12-31,employed,287,19129.12
P012725,2025-12-31,employed,272,26598.49
P012727,2025-12-31,employed,304,38927.63
P012728,2025-12-31,marginal,86,4353.12
P012729,2025-12-31,employed,317,11490.38
P012731,2025-12-31,self_employed,196,8117.84
P012733,2025-12-31,employed,238,18555.05
P012734,2025-12-31,employed,240,63181.71
P012736,2025-12-31,employed,228,32811.37
P012737,2025-12-31,employed,265,22558.37
P012741,2025-12-31,employed,231,110407.88
P012743,2025-12-31,employed,227,17502.47
P012745,2025-12-31,employed,307,26266.49
P012747,2025-12-31,marginal,81,6181.38
P012750,2025-12-31,employed,221,27637.95
P012752,2025-12-31,employed,300,18558.96
P012753,2025-12-31,employed,242,50726.27
P012754,2025-12-31,employed,359,28326.2
P012755,2025-12-31,employed,284,18826.67
P012757,2025-12-31,employed,273,20021.5
P012760,2025-12-31,employed,301,47124.11
P012761,2025-12-31,employed,285,29689.13
P012764,2025-12-31,employed,281,31577.94
P012766,2025-12-31,employed,278,19072.67
P012769,2025-12-31,employed,261,37857.54
P012771,2025-12-31,employed,262,22905.7
P012772,2025-12-31,employed,318,22801.07
P012774,2025-12-31,marginal,56,4602.16
P012776,2025-12-31,employed,365,34144.56
P012778,2025-12-31,employed,262,19177.46
P012779,2025-12-31,employed,300,27416.11
P012780,2025-12-31,employed,324,28569.65
P012781,2025-12-31,self_employed,132,48302.31
P012782,2025-12-31,employed,350,36490.53
P012786,2025-12-31,self_employed,146,24685.29
P012789,2025-12-31,employed,262,58923.93
P012794,2025-12-31,self_employed,354,16084.12
P012796,2025-12-31,employed,254,38081.25
P012797,2025-12-31,employed,319,12664.47
P012798,2025-12-31,employed,257,25625.79
P012801,2025-12-31,employed,285,23115.49
P012802,2025-12-31,employed,279,23772.91
P012804,2025-12-31,employed,365,44585.69
P012806,2025-12-31,employed,365,15945.81
P012807,2025-12-31,marginal,97,3078.35
P012808,2025-12-31,self_employed,304,NA
P012810,2025-12-31,employed,299,14962.35
P012812,2025-12-31,marginal,100,5460.08
P012815,2025-12-31,employed,355,14968.29
P012816,2025-12-31,employed,251,11022.75
P012817,2025-12-31,employed,334,27460.54
P012821,2025-12-31,employed,260,23894.6
P012822,2025-12-31,marginal,117,9286.68
P012824,2025-12-31,employed,272,18418.77
P012825,2025-12-31,self_employed,232,18908.67
P012827,2025-12-31,employed,333,30130.29
P012829,2025-12-31,employed,365,34454.27
P012831,2025-12-31,employed,290,14888.02
P012832,2025-12-31,employed,232,19989.54
P012833,2025-12-31,marginal,133,5219.09
P012835,2025-12-31,marginal,121,9963.91
P012838,2025-12-31,employed,307,28961.09
P012840,2025-12-31,self_employed,365,27147.89
P012841,2025-12-31,self_employed,184,28644.38
P012842,2025-12-31,employed,316,24441.07
P012843,2025-12-31,employed,214,69170.63
P012846,2025-12-31,employed,298,20184.38
P012847,2025-12-31,employed,269,22668.53
P012849,2025-12-31,employed,280,41431.17
P012852,2025-12-31,employed,275,26084.04
P012855,2025-12-31,employed,338,27569.07
P012859,2025-12-31,employed,301,22421.94
P012861,2025-12-31,employed,256,19986.08
P012862,2025-12-31,employed,317,54093.41
P012863,2025-12-31,employed,257,33880.95
P012865,2025-12-31,employed,365,61608.86
P012866,2025-12-31,employed,355,29555.43
P012867,2025-12-31,employed,365,39358.23
P012868,2025-12-31,marginal,84,4529.94
P012869,2025-12-31,employed,365,57883.08
P012871,2025-12-31,marginal,68,5856.27
P012872,2025-12-31,marginal,77,3758.91
P012873,2025-12-31,employed,358,14219.99
P012875,2025-12-31,employed,182,36706.18
P012877,2025-12-31,employed,296,41227.84
P012881,2025-12-31,employed,365,20450.91
P012883,2025-12-31,employed,359,21554.58
P012885,2025-12-31,employed,285,23926.74
P012886,2025-12-31,employed,238,25808.06
P012887,2025-12-31,employed,365,34132.38
P012888,2025-12-31,employed,223,NA
P012889,2025-12-31,employed,301,19838.38
P012890,2025-12-31,employed,323,23492.05
P012891,2025-12-31,no_record,0,0
P012893,2025-12-31,employed,332,25501.17
P012896,2025-12-31,employed,303,11593.28
P012897,2025-12-31,self_employed,333,97534.11
P012898,2025-12-31,employed,240,11564.5
P012900,2025-12-31,employed,263,23696.68
P012902,2025-12-31,no_record,0,0
P012903,2025-12-31,marginal,120,5264.79
P012906,2025-12-31,marginal,142,8161.73
P012907,2025-12-31,employed,290,22107.27
P012910,2025-12-31,marginal,174,5219.38
P012911,2025-12-31,employed,344,30446.8
P012915,2025-12-31,employed,215,27167.75
P012916,2025-12-31,employed,283,39908.1
P012918,2025-12-31,self_employed,332,36833.44
P012919,2025-12-31,employed,342,34437.83
P012920,2025-12-31,employed,318,16807.82
P012922,2025-12-31,employed,333,23106.44
P012926,2025-12-31,employed,265,56145
P012927,2025-12-31,employed,289,58551.45
P012930,2025-12-31,marginal,139,3230.87
P012935,2025-12-31,marginal,122,5522.9
P012936,2025-12-31,self_employed,333,5183.33
P012938,2025-12-31,employed,260,35778.33
P012940,2025-12-31,self_employed,218,18923.57
P012942,2025-12-31,marginal,120,4750.98
P012943,2025-12-31,self_employed,305,28749.81
P012945,2025-12-31,employed,332,26613.29
P012952,2025-12-31,self_employed,365,18644.59
P012954,2025-12-31,employed,308,49898.2
P012955,2025-12-31,employed,184,37633.34
P012956,2025-12-31,employed,264,34133.5
P012957,2025-12-31,employed,268,49960.43
P012961,2025-12-31,employed,313,57023.69
P012963,2025-12-31,employed,220,24003.02
P012964,2025-12-31,employed,277,23564.87
P012966,2025-12-31,self_employed,155,43084.54
P012972,2025-12-31,employed,365,18224.45
P012973,2025-12-31,employed,290,58982.72
P012974,2025-12-31,marginal,117,9198.55
P012975,2025-12-31,self_employed,276,18357.1
P012977,2025-12-31,marginal,107,3787.95
P012980,2025-12-31,employed,273,24803.68
P012982,2025-12-31,employed,332,24544.89
P012983,2025-12-31,employed,300,20375.83
P012985,2025-12-31,employed,333,37290.44
P012986,2025-12-31,employed,243,35060.24
P012988,2025-12-31,employed,218,26872.62
P012989,2025-12-31,employed,365,17618.98
P012991,2025-12-31,employed,365,33301.59
P012993,2025-12-31,employed,306,28762.21
P012995,2025-12-31,employed,302,26140.47
P013005,2025-12-31,marginal,198,6861.35
P013010,2025-12-31,employed,221,29231.45
P013012,2025-12-31,employed,364,28953.69
P013013,2025-12-31,employed,265,65574.71
P013019,2025-12-31,employed,267,38763.43
P013023,2025-12-31,employed,282,22476.88
P013025,2025-12-31,self_employed,264,8537.46
P013026,2025-12-31,employed,217,69082.34
P013028,2025-12-31,marginal,111,2535.02
P013030,2025-12-31,employed,295,24981.84
P013032,2025-12-31,employed,264,27568.64
P013033,2025-12-31,employed,225,11797.57
P013036,2025-12-31,employed,340,38706.15
P013037,2025-12-31,self_employed,205,21944.66
P013038,2025-12-31,employed,278,13109.06
P013039,2025-12-31,employed,242,62767
P013041,2025-12-31,employed,313,18781.14
P013042,2025-12-31,marginal,144,7904.53
P013043,2025-12-31,employed,297,22942.76
P013046,2025-12-31,employed,245,34324.04
P013048,2025-12-31,employed,320,18904.2
P013049,2025-12-31,employed,365,46771.9
P013051,2025-12-31,employed,331,20272.38
P013052,2025-12-31,employed,357,25009.54
P013053,2025-12-31,employed,303,17011
P013056,2025-12-31,marginal,87,8279.12
P013057,2025-12-31,employed,242,16152.68
P013059,2025-12-31,employed,203,28481.57
P013060,2025-12-31,employed,139,18314.97
P013061,2025-12-31,self_employed,207,21173.2
P013062,2025-12-31,employed,292,22901.76
P013064,2025-12-31,marginal,102,4586.92
P013068,2025-12-31,employed,257,15865.56
P013069,2025-12-31,employed,287,31610.76
P013071,2025-12-31,employed,259,19912.29
P013072,2025-12-31,employed,365,9875.59
P013074,2025-12-31,no_record,0,0
P013075,2025-12-31,employed,236,13164.93
P013076,2025-12-31,employed,287,39069.52
P013079,2025-12-31,employed,349,36906.59
P013086,2025-12-31,employed,365,27751.04
P013087,2025-12-31,employed,365,17103.34
P013089,2025-12-31,employed,251,30241.07
P013091,2025-12-31,marginal,194,4002.07
P013092,2025-12-31,employed,356,17248.19
P013093,2025-12-31,employed,351,29158.35
P013095,2025-12-31,employed,302,26565.43
P013096,2025-12-31,employed,238,23526.58
P013098,2025-12-31,employed,256,17267.6
P013102,2025-12-31,employed,285,19716.04
P013105,2025-12-31,employed,282,10441.6
P013106,2025-12-31,employed,336,24468.02
P013108,2025-12-31,employed,281,40416.45
P013109,2025-12-31,marginal,162,5386.96
P013113,2025-12-31,employed,300,57968.16
P013115,2025-12-31,employed,254,35117.39
P013116,2025-12-31,employed,212,36295.14
P013120,2025-12-31,employed,222,34006.53
P013121,2025-12-31,self_employed,337,34628.98
P013123,2025-12-31,employed,352,30734.05
P013126,2025-12-31,employed,285,27343.16
P013131,2025-12-31,employed,258,19456.62
P013132,2025-12-31,employed,212,23389.7
P013135,2025-12-31,employed,174,23328.95
P013138,2025-12-31,employed,365,61036.69
P013141,2025-12-31,employed,335,38651.72
P013142,2025-12-31,employed,246,29595.03
P013145,2025-12-31,marginal,135,4916.56
P013146,2025-12-31,employed,226,19454.4
P013149,2025-12-31,employed,274,20239.62
P013152,2025-12-31,self_employed,208,15111.49
P013153,2025-12-31,self_employed,315,62561.51
P013154,2025-12-31,employed,281,46915.15
P013155,2025-12-31,employed,166,16087.02
P013157,2025-12-31,employed,365,32808.85
P013158,2025-12-31,employed,271,23287.18
P013163,2025-12-31,employed,365,35265.49
P013164,2025-12-31,marginal,55,3545.02
P013165,2025-12-31,marginal,34,3310.12
P013168,2025-12-31,employed,220,59823.69
P013169,2025-12-31,employed,225,27032.08
P013170,2025-12-31,employed,333,46077.16
P013172,2025-12-31,employed,365,17512.97
P013174,2025-12-31,employed,365,28862.5
P013175,2025-12-31,employed,330,32707.14
P013177,2025-12-31,employed,364,38055.09
P013178,2025-12-31,employed,191,19875.21
P013179,2025-12-31,employed,239,34809.42
P013182,2025-12-31,employed,219,20290.21
P013184,2025-12-31,employed,238,7510.98
P013185,2025-12-31,employed,321,11706
P013188,2025-12-31,employed,266,46169.96
P013189,2025-12-31,employed,245,36832.19
P013192,2025-12-31,employed,236,24461.03
P013193,2025-12-31,self_employed,333,6747.01
P013197,2025-12-31,employed,264,31006.47
P013200,2025-12-31,employed,352,35271.82
P013204,2025-12-31,employed,225,16645.59
P013205,2025-12-31,employed,167,11924.3
P013206,2025-12-31,marginal,105,5685.93
P013209,2025-12-31,employed,287,19035.87
P013216,2025-12-31,employed,252,22120.94
P013221,2025-12-31,employed,310,61798.07
P013222,2025-12-31,employed,231,16847.37
P013223,2025-12-31,self_employed,105,9290.59
P013224,2025-12-31,marginal,104,4997.18
P013228,2025-12-31,employed,279,21491.31
P013230,2025-12-31,employed,267,48191.12
P013234,2025-12-31,employed,365,28884.8
P013235,2025-12-31,employed,336,37588.59
P013240,2025-12-31,employed,269,19511.51
P013243,2025-12-31,employed,211,77812.89
P013244,2025-12-31,employed,190,17521.74
P013247,2025-12-31,employed,295,35523.56
P013251,2025-12-31,marginal,64,2966.4
P013252,2025-12-31,employed,333,29397.31
P013253,2025-12-31,employed,300,21044.46
P013256,2025-12-31,employed,365,22714.06
P013259,2025-12-31,employed,311,26257.28
P013261,2025-12-31,employed,244,30222.6
P013263,2025-12-31,employed,201,18570.09
P013266,2025-12-31,self_employed,118,19341.68
P013268,2025-12-31,employed,280,15540.12
P013269,2025-12-31,employed,181,41139.05
P013271,2025-12-31,employed,320,38266.47
P013273,2025-12-31,employed,297,25017.35
P013277,2025-12-31,employed,226,11160.58
P013281,2025-12-31,marginal,53,5179.49
P013284,2025-12-31,no_record,0,0
P013287,2025-12-31,employed,365,8818.95
P013288,2025-12-31,self_employed,138,13786.3
P013290,2025-12-31,employed,278,32536.79
P013291,2025-12-31,marginal,146,6879.3
P013293,2025-12-31,employed,247,18323.41
P013294,2025-12-31,marginal,126,5027.82
P013295,2025-12-31,employed,238,17973.22
P013298,2025-12-31,employed,357,26973.27
P013299,2025-12-31,employed,317,20936.46
P013305,2025-12-31,employed,241,19684.9
P013307,2025-12-31,employed,365,12600.31
P013308,2025-12-31,employed,207,16858.39
P013316,2025-12-31,employed,260,27740.29
P013318,2025-12-31,employed,298,NA
P013320,2025-12-31,self_employed,365,18808.43
P013321,2025-12-31,employed,292,46592.4
P013322,2025-12-31,employed,274,29602.97
P013323,2025-12-31,self_employed,262,32186.8
P013327,2025-12-31,employed,281,26787.58
P013329,2025-12-31,employed,240,15337
P013332,2025-12-31,employed,321,7379.41
P013333,2025-12-31,employed,280,20863.22
P013335,2025-12-31,employed,280,35659.16
P013337,2025-12-31,employed,337,16982.02
P013339,2025-12-31,self_employed,205,10530.35
P013343,2025-12-31,self_employed,255,52577.71
P013346,2025-12-31,employed,307,12435.95
P013347,2025-12-31,employed,365,33846.04
P013352,2025-12-31,employed,276,27367.7
P013353,2025-12-31,employed,266,15115.54
P013357,2025-12-31,employed,293,13435.73
P013358,2025-12-31,employed,312,24692.45
P013359,2025-12-31,employed,365,26070.46
P013360,2025-12-31,employed,243,36040.93
P013361,2025-12-31,employed,267,36056.99
P013363,2025-12-31,marginal,131,4618.21
P013364,2025-12-31,employed,365,27275.66
P013368,2025-12-31,employed,345,33191.41
P013371,2025-12-31,employed,332,36542.4
P013373,2025-12-31,employed,280,25775.15
P013374,2025-12-31,marginal,163,4713.22
P013376,2025-12-31,employed,280,23722.51
P013377,2025-12-31,employed,334,25566.06
P013380,2025-12-31,marginal,156,6411.27
P013384,2025-12-31,marginal,144,4357.69
P013390,2025-12-31,employed,237,19877.94
P013392,2025-12-31,employed,255,22292.27
P013393,2025-12-31,employed,NA,31617.28
P013395,2025-12-31,employed,350,22633.9
P013398,2025-12-31,employed,290,51448.12
P013403,2025-12-31,employed,256,9105.26
P013412,2025-12-31,employed,349,21162.12
P013413,2025-12-31,marginal,88,5491.57
P013415,2025-12-31,employed,237,19904.01
P013416,2025-12-31,employed,365,50943.64
P013418,2025-12-31,employed,194,46730.02
P013419,2025-12-31,employed,365,17388.1
P013422,2025-12-31,employed,268,60782.53
P013423,2025-12-31,employed,343,47418.43
P013424,2025-12-31,employed,359,35945.57
P013425,2025-12-31,employed,277,77461.07
P013427,2025-12-31,employed,223,28780.1
P013428,2025-12-31,marginal,93,5528.6
P013431,2025-12-31,employed,361,40611.45
P013432,2025-12-31,employed,284,27582.27
P013434,2025-12-31,employed,291,42114.12
P013436,2025-12-31,marginal,95,5622.17
P013439,2025-12-31,employed,329,30469.21
P013446,2025-12-31,self_employed,244,16235.75
P013447,2025-12-31,marginal,115,1703.14
P013448,2025-12-31,employed,304,NA
P013449,2025-12-31,employed,311,18001.89
P013451,2025-12-31,employed,365,27124.75
P013456,2025-12-31,employed,293,17730.77
P013457,2025-12-31,employed,302,41632.45
P013460,2025-12-31,employed,296,12422.7
P013463,2025-12-31,marginal,123,3828.24
P013464,2025-12-31,employed,350,16830.4
P013465,2025-12-31,marginal,136,7976.56
P013466,2025-12-31,employed,365,7247.31
P013467,2025-12-31,employed,303,25377.45
P013469,2025-12-31,marginal,108,6421.81
P013470,2025-12-31,employed,299,24731.74
P013478,2025-12-31,employed,232,18958.46
P013479,2025-12-31,employed,336,41093.09
P013480,2025-12-31,employed,284,46483.41
P013481,2025-12-31,employed,290,28015.61
P013484,2025-12-31,marginal,146,3791.29
P013485,2025-12-31,employed,NA,25131.22
P013486,2025-12-31,self_employed,334,27012.88
P013487,2025-12-31,employed,345,12563.72
P013489,2025-12-31,employed,242,15695.74
P013490,2025-12-31,employed,180,48542.8
P013494,2025-12-31,self_employed,286,7153.67
P013497,2025-12-31,marginal,123,2380.18
P013499,2025-12-31,employed,320,13892.38
P013503,2025-12-31,employed,335,25176.71
P013504,2025-12-31,employed,240,19654.57
P013505,2025-12-31,employed,288,36640.19
P013506,2025-12-31,employed,309,15154.46
P013508,2025-12-31,employed,251,26507.06
P013509,2025-12-31,self_employed,219,22534.8
P013511,2025-12-31,marginal,173,4382.63
P013514,2025-12-31,employed,NA,34797.22
P013515,2025-12-31,employed,275,28597.93
P013517,2025-12-31,employed,319,24237.26
P013518,2025-12-31,employed,358,17333.03
P013528,2025-12-31,employed,361,56871.75
P013530,2025-12-31,employed,318,24077.96
P013533,2025-12-31,employed,229,31098.1
P013535,2025-12-31,employed,317,23213.82
P013537,2025-12-31,employed,213,13028.24
P013539,2025-12-31,self_employed,316,11631.07
P013542,2025-12-31,employed,296,27190.1
P013543,2025-12-31,marginal,84,8349.76
P013544,2025-12-31,employed,320,7350.29
P013546,2025-12-31,employed,259,18135.8
P013551,2025-12-31,employed,162,23020.28
P013552,2025-12-31,marginal,132,5762.33
P013556,2025-12-31,employed,315,18881.38
P013558,2025-12-31,employed,295,49547.24
P013561,2025-12-31,employed,264,17121.48
P013566,2025-12-31,employed,295,16767.52
P013568,2025-12-31,self_employed,276,58982.33
P013570,2025-12-31,self_employed,83,47266.04
P013571,2025-12-31,employed,313,21329.67
P013576,2025-12-31,employed,337,27888.64
P013577,2025-12-31,employed,365,51193.39
P013581,2025-12-31,marginal,83,7634.94
P013584,2025-12-31,employed,261,26818.58
P013586,2025-12-31,employed,305,11817.13
P013587,2025-12-31,employed,187,35334.78
P013591,2025-12-31,employed,312,35822.5
P013594,2025-12-31,employed,297,59377.22
P013599,2025-12-31,employed,291,12574.45
P013600,2025-12-31,employed,312,38527.35
P013601,2025-12-31,employed,365,94398.75
P013602,2025-12-31,employed,272,32204.37
P013606,2025-12-31,employed,350,33254.59
P013612,2025-12-31,marginal,160,5405.86
P013614,2025-12-31,marginal,120,5393.56
P013615,2025-12-31,employed,236,15958.82
P013617,2025-12-31,employed,303,31764.4
P013618,2025-12-31,marginal,165,6829.87
P013619,2025-12-31,marginal,43,4738.55
P013624,2025-12-31,employed,258,42670.53
P013625,2025-12-31,employed,304,3827.35
P013626,2025-12-31,employed,365,31641.5
P013627,2025-12-31,employed,306,32367.36
P013628,2025-12-31,self_employed,75,47281.08
P013638,2025-12-31,employed,269,17133.8
P013642,2025-12-31,employed,231,45601.36
P013646,2025-12-31,employed,255,31406.01
P013648,2025-12-31,self_employed,282,20706.18
P013650,2025-12-31,employed,304,34805.54
P013657,2025-12-31,employed,301,18125.21
P013662,2025-12-31,self_employed,176,14344.75
P013664,2025-12-31,employed,315,31480.05
P013667,2025-12-31,employed,301,17899.33
P013668,2025-12-31,employed,199,32228.23
P013670,2025-12-31,employed,255,19881.33
P013671,2025-12-31,employed,341,20969.34
P013672,2025-12-31,employed,343,23817.52
P013673,2025-12-31,employed,356,21317.24
P013678,2025-12-31,marginal,171,3082.38
P013680,2025-12-31,self_employed,130,7971.79
P013683,2025-12-31,employed,365,35399.61
P013684,2025-12-31,marginal,34,3637.2
P013685,2025-12-31,employed,365,12749.74
P013690,2025-12-31,self_employed,293,22363.54
P013691,2025-12-31,employed,365,22649.28
P013692,2025-12-31,employed,293,36306.46
P013695,2025-12-31,employed,325,55761.93
P013696,2025-12-31,employed,221,25717.77
P013697,2025-12-31,marginal,84,7374.46
P013699,2025-12-31,employed,365,25088.5
P013700,2025-12-31,employed,215,13037.7
P013701,2025-12-31,employed,240,24400.47
P013703,2025-12-31,marginal,98,7821.01
P013707,2025-12-31,employed,227,31517.84
P013708,2025-12-31,employed,233,25787.8
P013710,2025-12-31,employed,286,36829.93
P013714,2025-12-31,no_record,0,0
P013715,2025-12-31,employed,365,35270.86
P013717,2025-12-31,marginal,88,4139.1
P013719,2025-12-31,employed,213,27637.71
P013722,2025-12-31,employed,279,12994.61
P013725,2025-12-31,employed,225,48664.15
P013727,2025-12-31,employed,310,18674.78
P013729,2025-12-31,employed,319,14230.96
P013731,2025-12-31,marginal,36,7606.57
P013732,2025-12-31,employed,249,85798.87
P013733,2025-12-31,employed,337,23352.28
P013734,2025-12-31,employed,218,30179.38
P013735,2025-12-31,employed,330,32934.97
P013736,2025-12-31,employed,235,36548.65
P013741,2025-12-31,marginal,134,5035.63
P013743,2025-12-31,employed,268,16577.36
P013748,2025-12-31,employed,344,15416.64
P013749,2025-12-31,employed,263,12066.36
P013750,2025-12-31,employed,279,25412.09
P013756,2025-12-31,employed,235,34083.46
P013757,2025-12-31,employed,202,18936.31
P013764,2025-12-31,employed,365,56341.89
P013765,2025-12-31,employed,249,16735.92
P013766,2025-12-31,employed,262,31843.3
P013768,2025-12-31,marginal,122,4474.66
P013769,2025-12-31,no_record,0,0
P013770,2025-12-31,employed,261,25068.81
P013772,2025-12-31,employed,282,50259.14
P013773,2025-12-31,employed,222,23301.21
P013774,2025-12-31,marginal,112,4449.61
P013776,2025-12-31,self_employed,207,26591.77
P013777,2025-12-31,marginal,5,7121.36
P013780,2025-12-31,employed,312,41084.05
P013782,2025-12-31,employed,285,14990.84
P013785,2025-12-31,self_employed,314,39530.43
P013787,2025-12-31,employed,291,27775.3
P013788,2025-12-31,employed,211,22786.94
P013790,2025-12-31,employed,300,37744.39
P013793,2025-12-31,employed,273,27407.45
P013796,2025-12-31,employed,241,48905.89
P013797,2025-12-31,employed,189,24647.53
P013798,2025-12-31,employed,365,38960.94
P013800,2025-12-31,employed,363,25327.47
P013803,2025-12-31,employed,246,34944.23
P013808,2025-12-31,marginal,102,5278.96
P013812,2025-12-31,marginal,80,9398.31
P013813,2025-12-31,employed,207,52877.07
P013817,2025-12-31,employed,158,12215.9
P013818,2025-12-31,employed,NA,47458.39
P013820,2025-12-31,employed,365,28219.64
P013822,2025-12-31,employed,312,19725.87
P013825,2025-12-31,employed,146,42894.21
P013826,2025-12-31,self_employed,287,16219.73
P013828,2025-12-31,employed,228,19772.48
P013829,2025-12-31,employed,307,16190.78
P013833,2025-12-31,employed,303,19456.63
P013839,2025-12-31,employed,365,31337.63
P013840,2025-12-31,employed,NA,63373.56
P013842,2025-12-31,employed,365,53954.89
P013845,2025-12-31,self_employed,180,7401.84
P013847,2025-12-31,employed,317,48448.72
P013848,2025-12-31,employed,337,38295.95
P013850,2025-12-31,employed,302,63923.93
P013852,2025-12-31,employed,343,36734.06
P013857,2025-12-31,employed,237,30343.5
P013860,2025-12-31,employed,284,17081.01
P013862,2025-12-31,employed,277,72286.75
P013863,2025-12-31,marginal,151,2268.26
P013867,2025-12-31,marginal,129,5011.45
P013869,2025-12-31,employed,177,31764.11
P013870,2025-12-31,marginal,114,6864.03
P013873,2025-12-31,employed,294,33581.85
P013874,2025-12-31,self_employed,319,19677.86
P013875,2025-12-31,employed,337,59449.68
P013877,2025-12-31,marginal,103,5500.32
P013878,2025-12-31,employed,293,10065.37
P013879,2025-12-31,employed,244,31532
P013882,2025-12-31,self_employed,177,36830.46
P013883,2025-12-31,marginal,48,1801.02
P013887,2025-12-31,employed,213,20713.9
P013889,2025-12-31,marginal,106,2628.78
P013890,2025-12-31,employed,211,17839.46
P013891,2025-12-31,employed,242,15474.17
P013893,2025-12-31,employed,281,35834.93
P013894,2025-12-31,employed,232,14963.59
P013896,2025-12-31,employed,240,19589.5
P013898,2025-12-31,employed,185,44821.13
P013901,2025-12-31,self_employed,136,16823.03
P013903,2025-12-31,employed,275,71528.72
P013905,2025-12-31,employed,327,46664.06
P013910,2025-12-31,employed,NA,30453.55
P013911,2025-12-31,employed,365,32114.5
P013914,2025-12-31,employed,252,18105.02
P013916,2025-12-31,marginal,146,5782.53
P013918,2025-12-31,employed,265,21167.05
P013924,2025-12-31,employed,234,35903.7
P013925,2025-12-31,employed,345,12128
P013926,2025-12-31,employed,354,34978.13
P013927,2025-12-31,employed,339,40623.56
P013928,2025-12-31,employed,209,25743.03
P013929,2025-12-31,employed,318,25082.62
P013930,2025-12-31,employed,237,19803.28
P013936,2025-12-31,marginal,153,5491.07
P013938,2025-12-31,marginal,132,6650.53
P013939,2025-12-31,employed,231,15668.98
P013940,2025-12-31,employed,304,27900.25
P013944,2025-12-31,employed,270,31224.64
P013945,2025-12-31,employed,345,59354.29
P013946,2025-12-31,employed,265,22007.18
P013949,2025-12-31,employed,327,43369.28
P013951,2025-12-31,self_employed,181,18280.87
P013954,2025-12-31,employed,240,23461.58
P013956,2025-12-31,employed,265,40256.52
P013959,2025-12-31,employed,NA,38882.4
P013961,2025-12-31,employed,318,15251.07
P013962,2025-12-31,employed,216,16832.1
P013965,2025-12-31,employed,197,30698.58
P013969,2025-12-31,employed,272,23450.2
P013974,2025-12-31,employed,321,12609.89
P013975,2025-12-31,employed,331,16672.75
P013976,2025-12-31,employed,327,46478.33
P013978,2025-12-31,employed,339,32302.26
P013980,2025-12-31,employed,344,35576.18
P013983,2025-12-31,employed,211,29007.43
P013986,2025-12-31,employed,300,30685.83
P013988,2025-12-31,employed,365,37022.37
P013991,2025-12-31,marginal,47,6697.61
P013992,2025-12-31,self_employed,333,19560.04
P013996,2025-12-31,employed,256,34695.76
P013999,2025-12-31,employed,365,24976.65
P014001,2025-12-31,employed,300,13402.1
P014002,2025-12-31,employed,345,35516.16
P014003,2025-12-31,employed,365,12181.42
P014007,2025-12-31,employed,323,25727.04
P014010,2025-12-31,employed,280,24619.14
P014014,2025-12-31,self_employed,183,10887.66
P014016,2025-12-31,marginal,132,NA
P014017,2025-12-31,employed,349,35312.79
P014021,2025-12-31,employed,251,16237.92
P014022,2025-12-31,employed,348,21291.46
P014025,2025-12-31,employed,293,42413.78
P014027,2025-12-31,self_employed,220,16771.47
P014028,2025-12-31,employed,294,45270.56
P014030,2025-12-31,employed,294,16064.12
P014033,2025-12-31,employed,353,31452.46
P014036,2025-12-31,employed,353,28579.1
P014037,2025-12-31,employed,294,49307.65
P014039,2025-12-31,employed,294,19085.49
P014042,2025-12-31,employed,238,19326.62
P014043,2025-12-31,employed,251,36025.75
P014047,2025-12-31,marginal,139,7282.62
P014048,2025-12-31,employed,234,49637.59
P014049,2025-12-31,employed,365,58718.23
P014052,2025-12-31,employed,365,20185.47
P014053,2025-12-31,employed,199,27097
P014054,2025-12-31,no_record,0,0
P014055,2025-12-31,marginal,59,9828.61
P014057,2025-12-31,employed,365,28663.37
P014058,2025-12-31,employed,269,28584.64
P014061,2025-12-31,marginal,93,5709.26
P014068,2025-12-31,employed,202,32250.11
P014070,2025-12-31,employed,365,41656.52
P014071,2025-12-31,employed,266,30563.57
P014077,2025-12-31,self_employed,247,14168.06
P014078,2025-12-31,employed,279,12513.68
P014079,2025-12-31,employed,140,19185.59
P014081,2025-12-31,employed,278,23012.5
P014082,2025-12-31,employed,346,27146.1
P014084,2025-12-31,employed,365,60770.04
P014086,2025-12-31,employed,242,25160.21
P014087,2025-12-31,self_employed,319,78103.3
P014088,2025-12-31,employed,262,13072.14
P014094,2025-12-31,employed,329,23223.2
P014096,2025-12-31,employed,274,25983.11
P014097,2025-12-31,employed,244,21400.41
P014098,2025-12-31,employed,300,39913.5
P014100,2025-12-31,employed,319,22341.29
P014103,2025-12-31,employed,356,13706.07
P014105,2025-12-31,employed,248,19957.94
P014106,2025-12-31,employed,269,26099.67
P014107,2025-12-31,marginal,93,2843.73
P014108,2025-12-31,employed,333,24179.82
P014110,2025-12-31,self_employed,272,21970.2
P014112,2025-12-31,employed,264,46925.46
P014114,2025-12-31,employed,352,NA
P014117,2025-12-31,employed,300,23803.96
P014124,2025-12-31,marginal,101,7229.31
P014131,2025-12-31,employed,365,28836.48
P014132,2025-12-31,marginal,87,3451.21
P014133,2025-12-31,no_record,0,0
P014135,2025-12-31,employed,365,32981.09
P014142,2025-12-31,employed,215,24046.69
P014143,2025-12-31,employed,231,19250.25
P014145,2025-12-31,employed,268,31450.49
P014147,2025-12-31,employed,240,16627.63
P014148,2025-12-31,employed,293,19813.05
P014149,2025-12-31,employed,269,14540.09
P014152,2025-12-31,no_record,0,0
P014154,2025-12-31,employed,359,28825.09
P014157,2025-12-31,employed,308,38722.86
P014158,2025-12-31,employed,348,25244.18
P014159,2025-12-31,marginal,159,5157.81
P014160,2025-12-31,employed,365,23738.61
P014161,2025-12-31,employed,246,33608.1
P014162,2025-12-31,self_employed,152,62848.89
P014164,2025-12-31,employed,365,14664.99
P014165,2025-12-31,employed,361,12001.19
P014166,2025-12-31,employed,254,21616.67
P014169,2025-12-31,employed,271,15925.05
P014170,2025-12-31,employed,161,9150.83
P014172,2025-12-31,employed,227,53840.63
P014174,2025-12-31,employed,253,25375.82
P014178,2025-12-31,employed,315,14590.7
P014179,2025-12-31,employed,285,26296.29
P014181,2025-12-31,employed,227,13529.42
P014183,2025-12-31,employed,330,51003.26
P014184,2025-12-31,marginal,5,4663.88
P014189,2025-12-31,marginal,127,5148.55
P014190,2025-12-31,employed,270,30251.04
P014192,2025-12-31,employed,329,36633.49
P014193,2025-12-31,employed,353,28545.61
P014198,2025-12-31,employed,144,23034.03
P014202,2025-12-31,employed,254,34236.33
P014204,2025-12-31,employed,259,13621.69
P014205,2025-12-31,employed,236,16245.49
P014216,2025-12-31,employed,365,18938.37
P014218,2025-12-31,employed,362,23076.18
P014219,2025-12-31,marginal,38,21331.94
P014220,2025-12-31,employed,226,25192.37
P014223,2025-12-31,employed,300,30029.73
P014225,2025-12-31,employed,305,31642.52
P014229,2025-12-31,employed,233,12170.46
P014231,2025-12-31,employed,287,13375
P014232,2025-12-31,marginal,86,4420.96
P014235,2025-12-31,employed,272,26092.41
P014237,2025-12-31,employed,310,23703.71
P014241,2025-12-31,employed,196,44827.9
P014242,2025-12-31,self_employed,271,21050.26
P014245,2025-12-31,self_employed,340,35077.62
P014246,2025-12-31,employed,242,18565.04
P014247,2025-12-31,employed,114,58462.01
P014249,2025-12-31,employed,347,30647.42
P014252,2025-12-31,employed,351,18752.79
P014254,2025-12-31,employed,341,41063.35
P014259,2025-12-31,employed,365,33078.06
P014263,2025-12-31,employed,365,32497.77
P014264,2025-12-31,employed,251,36997.08
P014270,2025-12-31,employed,192,49432.34
P014273,2025-12-31,marginal,142,4411
P014274,2025-12-31,employed,207,17551.92
P014275,2025-12-31,employed,251,32417.56
P014277,2025-12-31,employed,213,24517.19
P014279,2025-12-31,employed,256,12026.11
P014280,2025-12-31,employed,248,24776.31
P014282,2025-12-31,employed,348,27727.05
P014283,2025-12-31,employed,342,98456.23
P014285,2025-12-31,employed,169,18222.95
P014290,2025-12-31,employed,NA,27696.4
P014291,2025-12-31,no_record,0,0
P014293,2025-12-31,employed,283,36298.02
P014294,2025-12-31,employed,277,25400.42
P014295,2025-12-31,employed,230,18167.74
P014299,2025-12-31,employed,232,24268.51
P014301,2025-12-31,employed,311,41611
P014305,2025-12-31,marginal,156,5937.51
P014306,2025-12-31,employed,319,19581.81
P014308,2025-12-31,employed,338,24975.2
P014309,2025-12-31,employed,365,48102.62
P014312,2025-12-31,marginal,90,5485.06
P014313,2025-12-31,employed,356,21288
P014314,2025-12-31,employed,326,15658.66
P014315,2025-12-31,employed,235,12161.61
P014317,2025-12-31,marginal,104,4061.58
P014318,2025-12-31,employed,310,17508.35
P014320,2025-12-31,marginal,75,6872.72
P014322,2025-12-31,employed,365,49148.79
P014324,2025-12-31,employed,271,22340.84
P014326,2025-12-31,employed,255,15997.85
P014327,2025-12-31,employed,340,23577.15
P014328,2025-12-31,marginal,88,4904.8
P014334,2025-12-31,employed,353,26647.32
P014335,2025-12-31,employed,340,34937.63
P014336,2025-12-31,employed,312,37354.3
P014340,2025-12-31,employed,347,41456.86
P014342,2025-12-31,employed,248,29698.64
P014343,2025-12-31,self_employed,365,14425.48
P014344,2025-12-31,no_record,0,0
P014345,2025-12-31,employed,291,27104.89
P014346,2025-12-31,employed,360,43434.73
P014348,2025-12-31,employed,266,28910.96
P014351,2025-12-31,employed,352,50921.59
P014355,2025-12-31,marginal,125,4399.4
P014359,2025-12-31,employed,286,16244.26
P014360,2025-12-31,self_employed,297,9822.9
P014362,2025-12-31,employed,250,52709.45
P014363,2025-12-31,employed,259,NA
P014364,2025-12-31,employed,322,18160.8
P014365,2025-12-31,employed,308,41564.23
P014367,2025-12-31,employed,281,18266.82
P014368,2025-12-31,employed,264,25918.04
P014369,2025-12-31,employed,300,22757.17
P014372,2025-12-31,employed,310,40122.42
P014373,2025-12-31,employed,327,48795.92
P014376,2025-12-31,employed,277,15026.8
P014379,2025-12-31,employed,260,16023.34
P014381,2025-12-31,marginal,77,7927.3
P014383,2025-12-31,employed,258,28324.25
P014384,2025-12-31,employed,NA,11588.87
P014385,2025-12-31,employed,256,31949.34
P014386,2025-12-31,employed,315,16740.75
P014389,2025-12-31,employed,184,25411.21
P014393,2025-12-31,employed,335,27133.76
P014394,2025-12-31,marginal,45,9669.9
P014398,2025-12-31,employed,365,27394.67
P014400,2025-12-31,employed,249,22892.74
P014402,2025-12-31,employed,365,19865.81
P014403,2025-12-31,employed,303,50074.76
P014404,2025-12-31,employed,313,27350.31
P014405,2025-12-31,employed,305,14935.07
P014406,2025-12-31,employed,322,23540.6
P014407,2025-12-31,marginal,97,6582.98
P014411,2025-12-31,employed,217,23103.82
P014413,2025-12-31,employed,330,51453.12
P014414,2025-12-31,self_employed,174,15672.53
P014415,2025-12-31,employed,283,27382.03
P014417,2025-12-31,employed,259,20973.26
P014424,2025-12-31,employed,225,18121.62
P014426,2025-12-31,self_employed,305,10443.13
P014431,2025-12-31,marginal,64,5046.28
P014433,2025-12-31,employed,365,27253.34
P014436,2025-12-31,self_employed,291,6837.73
P014438,2025-12-31,employed,235,31832.43
P014445,2025-12-31,employed,266,25964.91
P014447,2025-12-31,marginal,98,4741.58
P014450,2025-12-31,employed,310,17662.42
P014452,2025-12-31,employed,318,42539.57
P014453,2025-12-31,employed,210,19173.23
P014454,2025-12-31,employed,314,37749.69
P014455,2025-12-31,self_employed,277,12338.12
P014457,2025-12-31,self_employed,365,59481.65
P014458,2025-12-31,employed,284,40712.23
P014459,2025-12-31,employed,256,34835.57
P014462,2025-12-31,marginal,59,4944.1
P014464,2025-12-31,employed,235,28605.96
P014468,2025-12-31,self_employed,102,33502.49
P014470,2025-12-31,employed,233,11583.33
P014477,2025-12-31,employed,271,61231.39
P014479,2025-12-31,employed,299,17764.65
P014481,2025-12-31,employed,292,34189.89
P014485,2025-12-31,employed,261,13472.39
P014489,2025-12-31,employed,204,13212.15
P014490,2025-12-31,employed,289,39640.76
P014491,2025-12-31,employed,271,40658.05
P014493,2025-12-31,employed,274,45986.86
P014495,2025-12-31,self_employed,246,20842.81
P014497,2025-12-31,employed,235,16018.74
P014507,2025-12-31,marginal,138,4316.38
P014511,2025-12-31,employed,319,15593.22
P014514,2025-12-31,employed,336,28582.18
P014519,2025-12-31,self_employed,276,85397.29
P014523,2025-12-31,self_employed,303,12912.14
P014525,2025-12-31,employed,268,38835.98
P014527,2025-12-31,self_employed,277,17227.09
P014529,2025-12-31,employed,327,21996.22
P014530,2025-12-31,employed,365,20338.26
P014531,2025-12-31,employed,271,21115.5
P014532,2025-12-31,marginal,80,7256.01
P014533,2025-12-31,employed,361,32925.58
P014534,2025-12-31,marginal,133,4671.79
P014535,2025-12-31,employed,333,29871.36
P014537,2025-12-31,employed,133,17826.37
P014538,2025-12-31,employed,208,22085.37
P014542,2025-12-31,marginal,185,2376.37
P014546,2025-12-31,marginal,105,5742.9
P014548,2025-12-31,employed,210,16866.51
P014550,2025-12-31,employed,287,12653.89
P014552,2025-12-31,employed,NA,32334.17
P014553,2025-12-31,employed,244,19412.59
P014556,2025-12-31,self_employed,209,72364.03
P014558,2025-12-31,employed,284,23110.62
P014559,2025-12-31,marginal,130,3289.37
P014560,2025-12-31,self_employed,251,21956.93
P014561,2025-12-31,marginal,80,3324.44
P014562,2025-12-31,employed,365,17724.08
P014565,2025-12-31,employed,341,53546.25
P014566,2025-12-31,employed,258,35247.04
P014572,2025-12-31,employed,266,20606.85
P014573,2025-12-31,employed,294,30021.41
P014579,2025-12-31,marginal,124,4998.28
P014586,2025-12-31,employed,243,24262.93
P014588,2025-12-31,employed,365,26443.84
P014589,2025-12-31,employed,365,24429.15
P014590,2025-12-31,employed,295,36581.8
P014591,2025-12-31,employed,360,32278.97
P014593,2025-12-31,employed,222,43244.86
P014594,2025-12-31,self_employed,365,28110.82
P014596,2025-12-31,marginal,119,5739.4
P014597,2025-12-31,employed,212,19056.6
P014599,2025-12-31,employed,233,23815.71
P014601,2025-12-31,marginal,70,5718.66
P014605,2025-12-31,employed,304,31842.78
P014606,2025-12-31,marginal,82,5907.69
P014607,2025-12-31,employed,335,16070.77
P014611,2025-12-31,employed,317,NA
P014612,2025-12-31,employed,246,29103.49
P014616,2025-12-31,employed,348,20538.68
P014622,2025-12-31,marginal,108,4622.35
P014623,2025-12-31,marginal,80,3758.2
P014625,2025-12-31,employed,224,22955.44
P014626,2025-12-31,employed,365,18589.57
P014627,2025-12-31,employed,337,29535.27
P014633,2025-12-31,employed,358,54007.16
P014635,2025-12-31,employed,365,16567.31
P014636,2025-12-31,marginal,81,5432.8
P014637,2025-12-31,employed,321,68861.97
P014641,2025-12-31,employed,319,78952.25
P014642,2025-12-31,employed,292,46279.39
P014644,2025-12-31,marginal,131,2760.81
P014650,2025-12-31,employed,220,28788.81
P014651,2025-12-31,self_employed,203,22710.83
P014652,2025-12-31,employed,309,48461.39
P014653,2025-12-31,employed,365,24949.07
P014655,2025-12-31,marginal,66,2934.03
P014657,2025-12-31,employed,290,23171.47
P014660,2025-12-31,employed,186,15138.75
P014661,2025-12-31,employed,274,36926.82
P014666,2025-12-31,self_employed,288,12717.98
P014667,2025-12-31,employed,325,18609.47
P014668,2025-12-31,employed,237,77560.56
P014669,2025-12-31,employed,269,25192.71
P014677,2025-12-31,employed,365,14873.19
P014679,2025-12-31,employed,254,15540.52
P014689,2025-12-31,employed,314,51904.82
P014697,2025-12-31,employed,195,37802.76
P014699,2025-12-31,employed,308,25860.98
P014700,2025-12-31,employed,318,23413.58
P014701,2025-12-31,employed,358,28991.91
P014707,2025-12-31,employed,275,56315.58
P014708,2025-12-31,employed,229,40066.35
P014710,2025-12-31,employed,270,22922.95
P014712,2025-12-31,employed,215,31089.48
P014713,2025-12-31,employed,303,47559.1
P014716,2025-12-31,marginal,93,3705.25
P014717,2025-12-31,employed,365,23825.45
P014719,2025-12-31,employed,365,66422.73
P014720,2025-12-31,no_record,0,0
P014721,2025-12-31,employed,280,15921.75
P014722,2025-12-31,marginal,109,9530.89
P014723,2025-12-31,employed,323,40424.77
P014724,2025-12-31,employed,197,41410.34
P014725,2025-12-31,employed,365,65431.83
P014727,2025-12-31,employed,295,27433.43
P014728,2025-12-31,employed,316,58865.85
P014729,2025-12-31,employed,265,17392.99
P014731,2025-12-31,employed,270,12362.67
P014732,2025-12-31,employed,313,33754.21
P014733,2025-12-31,employed,247,21272.22
P014734,2025-12-31,employed,296,18448.95
P014735,2025-12-31,employed,365,22852.89
P014737,2025-12-31,employed,319,42423.12
P014738,2025-12-31,employed,275,46572.49
P014740,2025-12-31,self_employed,246,27504.05
P014741,2025-12-31,employed,272,33406.41
P014743,2025-12-31,self_employed,267,11663.96
P014744,2025-12-31,employed,359,19964.79
P014747,2025-12-31,no_record,0,0
P014751,2025-12-31,employed,285,39461.86
P014753,2025-12-31,employed,329,25514.5
P014756,2025-12-31,employed,222,14852.37
P014757,2025-12-31,employed,303,13546.05
P014760,2025-12-31,employed,290,71108.78
P014762,2025-12-31,employed,280,20257.82
P014763,2025-12-31,employed,191,46109.28
P014765,2025-12-31,employed,264,20903.68
P014766,2025-12-31,employed,319,32911.4
P014767,2025-12-31,employed,223,25769.45
P014768,2025-12-31,employed,240,30042.39
P014770,2025-12-31,employed,257,NA
P014771,2025-12-31,employed,289,57010.24
P014773,2025-12-31,employed,307,18713.48
P014774,2025-12-31,employed,350,21443.15
P014776,2025-12-31,employed,245,35113.86
P014780,2025-12-31,employed,365,26967.97
P014783,2025-12-31,employed,288,19630.4
P014784,2025-12-31,marginal,77,3639.13
P014785,2025-12-31,self_employed,261,32430.21
P014788,2025-12-31,no_record,0,0
P014789,2025-12-31,marginal,90,5566.95
P014791,2025-12-31,employed,339,15714.23
P014798,2025-12-31,employed,355,18665.48
P014799,2025-12-31,employed,254,59223.84
P014800,2025-12-31,employed,330,33106.94
P014802,2025-12-31,employed,331,14037.81
P014805,2025-12-31,employed,293,30593.07
P014810,2025-12-31,employed,325,43099.86
P014812,2025-12-31,employed,274,19825.47
P014813,2025-12-31,employed,240,58090.19
P014814,2025-12-31,self_employed,180,41112.96
P014817,2025-12-31,employed,260,60391.16
P014819,2025-12-31,employed,218,25576.11
P014820,2025-12-31,employed,195,24748.32
P014821,2025-12-31,employed,260,26031.46
P014823,2025-12-31,employed,258,29104.38
P014825,2025-12-31,employed,310,22119.4
P014826,2025-12-31,employed,365,22461.75
P014827,2025-12-31,employed,219,25004.22
P014828,2025-12-31,employed,296,26857.97
P014830,2025-12-31,employed,286,33867.74
P014832,2025-12-31,employed,365,25720
P014833,2025-12-31,employed,144,17896.74
P014834,2025-12-31,self_employed,205,59238.57
P014842,2025-12-31,employed,301,34407
P014844,2025-12-31,employed,190,53872.3
P014848,2025-12-31,employed,241,29491.8
P014849,2025-12-31,employed,284,35771.32
P014852,2025-12-31,employed,365,18517.56
P014857,2025-12-31,employed,344,17517.81
P014859,2025-12-31,employed,228,19212.44
P014861,2025-12-31,self_employed,365,19410.6
P014862,2025-12-31,employed,259,8319.91
P014864,2025-12-31,employed,176,33380.87
P014869,2025-12-31,employed,365,33580.12
P014870,2025-12-31,no_record,0,0
P014872,2025-12-31,employed,365,50090.18
P014875,2025-12-31,employed,242,54997.52
P014877,2025-12-31,employed,295,14652.34
P014878,2025-12-31,employed,365,37983.53
P014879,2025-12-31,employed,259,38246.4
P014881,2025-12-31,employed,348,36229.92
P014893,2025-12-31,no_record,0,0
P014896,2025-12-31,employed,286,44942.41
P014897,2025-12-31,marginal,76,5104.76
P014898,2025-12-31,employed,365,23692.11
P014899,2025-12-31,employed,346,28911.08
P014902,2025-12-31,employed,307,23550.68
P014903,2025-12-31,employed,195,20705.59
P014904,2025-12-31,self_employed,315,11835.4
P014909,2025-12-31,employed,365,36354.68
P014911,2025-12-31,marginal,81,4650.39
P014919,2025-12-31,employed,310,18535.26
P014920,2025-12-31,employed,307,20767.84
P014921,2025-12-31,employed,227,42160.8
P014927,2025-12-31,employed,356,38579
P014929,2025-12-31,employed,288,25685.09
P014930,2025-12-31,employed,293,25433.55
P014940,2025-12-31,employed,351,48037.22
P014941,2025-12-31,employed,137,28535.53
P014946,2025-12-31,self_employed,231,15169.6
P014949,2025-12-31,employed,238,9340.48
P014950,2025-12-31,employed,268,39266.26
P014953,2025-12-31,marginal,136,7057.69
P014954,2025-12-31,employed,292,36821.14
P014955,2025-12-31,employed,311,38648.03
P014961,2025-12-31,employed,362,52011.88
P014962,2025-12-31,employed,190,12342.94
P014967,2025-12-31,employed,365,13230.55
P014968,2025-12-31,marginal,46,5510.83
P014969,2025-12-31,employed,185,32473.14
P014971,2025-12-31,employed,335,17857.27
P014973,2025-12-31,employed,278,34168.45
P014975,2025-12-31,employed,290,21676.08
P014981,2025-12-31,employed,265,36286.55
P014983,2025-12-31,employed,327,29416.6
P014985,2025-12-31,employed,218,11933.84
P014986,2025-12-31,employed,245,47090.2
P014988,2025-12-31,employed,365,21243.07
P014989,2025-12-31,employed,255,30828.51
P014991,2025-12-31,employed,198,14072.63
P014992,2025-12-31,self_employed,200,27726.98
P014993,2025-12-31,employed,315,17745.63
P014994,2025-12-31,self_employed,229,12743.54
P014995,2025-12-31,marginal,92,5302.06
P014997,2025-12-31,employed,365,20393.19
P014998,2025-12-31,no_record,0,0
P015001,2025-12-31,employed,281,20491.92
P015002,2025-12-31,employed,251,11722.41
P015005,2025-12-31,employed,331,36712.15
P015006,2025-12-31,employed,314,15038.47
P015007,2025-12-31,employed,279,18357.2
P015009,2025-12-31,self_employed,221,11391.58
P015010,2025-12-31,marginal,49,5298.78
P015015,2025-12-31,employed,242,51152.87
P015016,2025-12-31,employed,285,28103.97
P015017,2025-12-31,employed,261,67568.69
P015018,2025-12-31,employed,226,22360.32
P015020,2025-12-31,no_record,0,0
P015023,2025-12-31,employed,319,22792.85
P015026,2025-12-31,employed,277,15908.89
P015031,2025-12-31,no_record,0,0
P015034,2025-12-31,employed,306,22403.75
P015035,2025-12-31,marginal,105,10397.05
P015040,2025-12-31,marginal,37,4243.05
P015043,2025-12-31,employed,308,31927.63
P015046,2025-12-31,employed,247,19752.22
P015049,2025-12-31,employed,352,22430.38
P015056,2025-12-31,employed,365,12274.04
P015063,2025-12-31,no_record,0,0
P015064,2025-12-31,employed,259,11986.15
P015065,2025-12-31,employed,262,31511.96
P015066,2025-12-31,employed,257,9241.48
P015067,2025-12-31,employed,365,16982.42
P015068,2025-12-31,employed,NA,30038.11
P015070,2025-12-31,employed,293,53199.8
P015072,2025-12-31,employed,365,14467.26
P015074,2025-12-31,self_employed,256,17970.68
P015075,2025-12-31,employed,327,18810.37
P015077,2025-12-31,marginal,54,7465.5
P015079,2025-12-31,employed,274,38149.49
P015080,2025-12-31,employed,317,16557.82
P015088,2025-12-31,employed,243,41626.46
P015094,2025-12-31,employed,197,40046.68
P015095,2025-12-31,self_employed,254,17585.52
P015096,2025-12-31,employed,339,13804.96
P015097,2025-12-31,employed,365,24807.13
P015099,2025-12-31,employed,275,34828.47
P015100,2025-12-31,marginal,144,2582.75
P015101,2025-12-31,employed,284,53794.09
P015102,2025-12-31,employed,342,11621.8
P015103,2025-12-31,employed,331,26418.76
P015104,2025-12-31,employed,265,22375.52
P015105,2025-12-31,employed,353,79696.91
P015106,2025-12-31,employed,353,32509.15
P015113,2025-12-31,employed,217,34457.6
P015114,2025-12-31,employed,254,33178.48
P015117,2025-12-31,employed,212,30636.76
P015118,2025-12-31,employed,178,25994.1
P015119,2025-12-31,employed,317,26434.62
P015120,2025-12-31,employed,223,26878.37
P015121,2025-12-31,employed,243,46603.96
P015123,2025-12-31,employed,326,35290.27
P015125,2025-12-31,employed,222,12947.42
P015127,2025-12-31,employed,342,26404.57
P015129,2025-12-31,employed,319,16520.21
P015130,2025-12-31,marginal,194,4434.03
P015131,2025-12-31,marginal,133,4477.39
P015132,2025-12-31,employed,226,15934.88
P015134,2025-12-31,employed,190,30766.21
P015135,2025-12-31,marginal,155,3193.82
P015136,2025-12-31,employed,331,13666.95
P015147,2025-12-31,employed,298,24894
P015150,2025-12-31,employed,256,46598.09
P015151,2025-12-31,employed,235,46177.96
P015155,2025-12-31,employed,257,20859.38
P015158,2025-12-31,marginal,149,4827.26
P015160,2025-12-31,employed,365,31628.59
P015161,2025-12-31,employed,311,23025.16
P015162,2025-12-31,marginal,94,4656.95
P015164,2025-12-31,employed,343,17537.98
P015167,2025-12-31,employed,306,21312.23
P015169,2025-12-31,marginal,75,6937.09
P015171,2025-12-31,employed,303,27016.76
P015172,2025-12-31,employed,302,25752.84
P015175,2025-12-31,employed,286,30975.56
P015180,2025-12-31,marginal,157,6683.48
P015181,2025-12-31,employed,334,26673.09
P015182,2025-12-31,self_employed,216,16374.4
P015183,2025-12-31,employed,329,44595.69
P015184,2025-12-31,employed,278,33009.49
P015185,2025-12-31,employed,365,20334.39
P015188,2025-12-31,marginal,50,6246.93
P015189,2025-12-31,employed,365,20946.57
P015190,2025-12-31,employed,256,57619.51
P015191,2025-12-31,self_employed,122,16299.68
P015192,2025-12-31,employed,329,46419.35
P015193,2025-12-31,employed,298,41368.34
P015194,2025-12-31,no_record,0,0
P015195,2025-12-31,no_record,0,0
P015197,2025-12-31,employed,218,27111.2
P015203,2025-12-31,employed,205,26727.17
P015204,2025-12-31,employed,267,30915.39
P015205,2025-12-31,employed,281,30315.74
P015206,2025-12-31,employed,314,20446.43
P015207,2025-12-31,employed,365,NA
P015209,2025-12-31,marginal,61,7160.39
P015210,2025-12-31,employed,261,25302.58
P015211,2025-12-31,employed,244,23466.83
P015212,2025-12-31,employed,227,43443.38
P015215,2025-12-31,employed,251,22984
P015216,2025-12-31,marginal,155,4610.3
P015217,2025-12-31,employed,305,26607.36
P015221,2025-12-31,employed,174,22611.2
P015223,2025-12-31,self_employed,116,12600.37
P015225,2025-12-31,employed,283,16113.08
P015227,2025-12-31,employed,227,24117.72
P015228,2025-12-31,employed,228,11958.39
P015233,2025-12-31,employed,247,16811.97
P015240,2025-12-31,employed,365,43427.45
P015241,2025-12-31,employed,365,28473.12
P015249,2025-12-31,employed,365,23114.84
P015250,2025-12-31,employed,295,29370.44
P015251,2025-12-31,employed,276,20167.04
P015252,2025-12-31,employed,340,22137.22
P015254,2025-12-31,employed,341,22528.72
P015255,2025-12-31,employed,327,24761.6
P015256,2025-12-31,employed,241,24251.46
P015257,2025-12-31,marginal,155,7935.29
P015258,2025-12-31,self_employed,190,5288.84
P015260,2025-12-31,employed,322,13376.01
P015263,2025-12-31,employed,278,49293.97
P015269,2025-12-31,employed,302,17896.49
P015274,2025-12-31,employed,214,28003.88
P015276,2025-12-31,employed,281,31776.06
P015277,2025-12-31,employed,179,33102.88
P015278,2025-12-31,employed,274,38904.59
P015279,2025-12-31,employed,316,50525.51
P015280,2025-12-31,self_employed,259,9392.3
P015281,2025-12-31,employed,188,25372.45
P015282,2025-12-31,self_employed,192,41888.7
P015285,2025-12-31,employed,365,48317.67
P015289,2025-12-31,self_employed,289,20357.87
P015290,2025-12-31,employed,305,20734.71
P015291,2025-12-31,self_employed,248,14417.86
P015292,2025-12-31,employed,261,25298.77
P015294,2025-12-31,employed,268,21656.55
P015296,2025-12-31,employed,263,19018.72
P015298,2025-12-31,employed,118,34329.39
P015309,2025-12-31,employed,333,38245.5
P015312,2025-12-31,marginal,144,6518.67
P015314,2025-12-31,self_employed,221,28520.32
P015315,2025-12-31,employed,170,41120.79
P015316,2025-12-31,employed,278,11228.43
P015319,2025-12-31,employed,201,42163.52
P015323,2025-12-31,employed,295,19751.94
P015325,2025-12-31,employed,294,36635.02
P015326,2025-12-31,employed,282,36514.87
P015327,2025-12-31,employed,235,28379.17
P015328,2025-12-31,employed,302,20885.51
P015330,2025-12-31,employed,326,39907.79
P015334,2025-12-31,employed,314,26703.7
P015341,2025-12-31,employed,263,18281.2
P015342,2025-12-31,marginal,154,2308.65
P015347,2025-12-31,marginal,127,5363.6
P015348,2025-12-31,employed,302,41105.29
P015353,2025-12-31,employed,288,30936.68
P015355,2025-12-31,employed,218,64930.47
P015357,2025-12-31,self_employed,266,11769.67
P015358,2025-12-31,employed,296,24527.54
P015360,2025-12-31,employed,274,17767.96
P015364,2025-12-31,employed,295,24127.08
P015367,2025-12-31,employed,332,46681.61
P015368,2025-12-31,employed,198,81162.78
P015372,2025-12-31,employed,259,29707.34
P015373,2025-12-31,employed,347,44335.84
P015376,2025-12-31,no_record,0,0
P015380,2025-12-31,employed,249,40983.86
P015381,2025-12-31,employed,275,51427.36
P015383,2025-12-31,marginal,153,6942.57
P015385,2025-12-31,employed,365,19620.24
P015386,2025-12-31,employed,327,30332.25
P015387,2025-12-31,marginal,50,4742.79
P015391,2025-12-31,no_record,0,0
P015392,2025-12-31,employed,241,33393.59
P015395,2025-12-31,employed,297,31323.04
P015396,2025-12-31,self_employed,355,25881.9
P015399,2025-12-31,marginal,37,3154.07
P015401,2025-12-31,employed,365,41540.7
P015403,2025-12-31,employed,299,34266.85
P015406,2025-12-31,employed,255,16169.59
P015407,2025-12-31,employed,236,15980.35
P015408,2025-12-31,employed,268,30064.06
P015412,2025-12-31,employed,242,43051.78
P015415,2025-12-31,employed,304,28757.43
P015417,2025-12-31,employed,249,13853.79
P015423,2025-12-31,employed,266,39009
P015424,2025-12-31,employed,286,12111.23
P015425,2025-12-31,employed,329,26266.9
P015426,2025-12-31,marginal,153,4184.81
P015428,2025-12-31,employed,265,38893.82
P015430,2025-12-31,employed,264,15403.05
P015432,2025-12-31,employed,365,30947.91
P015438,2025-12-31,employed,365,21386.24
P015440,2025-12-31,employed,365,27285.13
P015444,2025-12-31,employed,334,18379.54
P015446,2025-12-31,no_record,0,NA
P015452,2025-12-31,employed,256,79766.3
P015454,2025-12-31,employed,NA,38610.63
P015455,2025-12-31,employed,365,31884.06
P015457,2025-12-31,employed,282,32767
P015459,2025-12-31,employed,364,21417.34
P015461,2025-12-31,employed,256,51917.82
P015464,2025-12-31,employed,306,22655.94
P015470,2025-12-31,self_employed,193,14485.39
P015471,2025-12-31,self_employed,307,52614.52
P015474,2025-12-31,employed,171,NA
P015481,2025-12-31,employed,320,37666.79
P015485,2025-12-31,no_record,0,0
P015487,2025-12-31,employed,160,39452.82
P015494,2025-12-31,employed,251,10558.04
P015495,2025-12-31,employed,271,61584.01
P015496,2025-12-31,employed,365,29115.55
P015499,2025-12-31,employed,365,28104.66
P015502,2025-12-31,employed,232,42151.56
P015503,2025-12-31,employed,276,41891
P015508,2025-12-31,employed,201,32888.59
P015509,2025-12-31,employed,365,31024.87
P015510,2025-12-31,employed,277,34382.47
P015511,2025-12-31,no_record,0,0
P015513,2025-12-31,employed,225,25205.78
P015516,2025-12-31,employed,295,20923.15
P015519,2025-12-31,employed,284,31556.6
P015520,2025-12-31,employed,212,60507
P015527,2025-12-31,employed,365,54735.36
P015528,2025-12-31,employed,255,6319.55
P015529,2025-12-31,employed,282,24692.61
P015530,2025-12-31,employed,261,25527.94
P015532,2025-12-31,employed,358,29940.17
P015537,2025-12-31,employed,194,21972.91
P015538,2025-12-31,employed,210,17835.27
P015539,2025-12-31,employed,292,36271.48
P015543,2025-12-31,employed,365,21704.35
P015545,2025-12-31,employed,281,29598.96
P015546,2025-12-31,employed,282,13358.95
P015547,2025-12-31,marginal,139,3918
P015550,2025-12-31,employed,290,15673.81
P015551,2025-12-31,employed,242,22553.91
P015552,2025-12-31,employed,323,26933.95
P015555,2025-12-31,employed,230,27428.79
P015556,2025-12-31,employed,245,45815.27
P015557,2025-12-31,employed,332,12885.7
P015558,2025-12-31,employed,272,16230.38
P015559,2025-12-31,employed,264,28981.34
P015562,2025-12-31,marginal,116,5000.54
P015564,2025-12-31,employed,284,25929.02
P015569,2025-12-31,employed,285,26672.39
P015571,2025-12-31,self_employed,229,20458.98
P015573,2025-12-31,employed,314,16115.13
P015574,2025-12-31,self_employed,151,82566.43
P015578,2025-12-31,marginal,97,3644.02
P015582,2025-12-31,marginal,47,5904.36
P015584,2025-12-31,employed,293,29780.34
P015589,2025-12-31,employed,274,77257.68
P015590,2025-12-31,marginal,91,2202.93
P015591,2025-12-31,marginal,119,4244.22
P015594,2025-12-31,employed,310,43242.92
P015595,2025-12-31,employed,311,58811.58
P015597,2025-12-31,self_employed,204,11709.77
P015598,2025-12-31,employed,321,NA
P015600,2025-12-31,employed,269,25539.05
P015602,2025-12-31,employed,350,8318.41
P015605,2025-12-31,employed,297,31533.41
P015607,2025-12-31,employed,365,15801.16
P015611,2025-12-31,employed,233,20581.74
P015612,2025-12-31,employed,260,21945.38
P015613,2025-12-31,employed,216,27991.59
P015614,2025-12-31,employed,310,22148.23
P015616,2025-12-31,employed,241,45801.42
P015618,2025-12-31,employed,248,36390.92
P015619,2025-12-31,marginal,93,3459.05
P015620,2025-12-31,no_record,0,0
P015621,2025-12-31,marginal,87,6034.64
P015623,2025-12-31,employed,350,25320.23
P015624,2025-12-31,employed,365,35004.04
P015628,2025-12-31,employed,296,49783.56
P015630,2025-12-31,employed,339,35839.46
P015632,2025-12-31,employed,296,12804.5
P015633,2025-12-31,employed,274,43336.23
P015634,2025-12-31,employed,226,36923.59
P015635,2025-12-31,employed,226,27424.01
P015636,2025-12-31,marginal,87,6590.99
P015642,2025-12-31,employed,365,21398.15
P015643,2025-12-31,marginal,61,4505.9
P015645,2025-12-31,employed,320,28578.22
P015647,2025-12-31,employed,272,15191.92
P015653,2025-12-31,no_record,0,0
P015654,2025-12-31,employed,211,19195
P015656,2025-12-31,employed,365,20676.53
P015657,2025-12-31,employed,353,19117.3
P015658,2025-12-31,employed,NA,34577.16
P015659,2025-12-31,marginal,120,6420.32
P015661,2025-12-31,employed,236,33164.64
P015662,2025-12-31,employed,274,13094.21
P015667,2025-12-31,self_employed,275,103934.06
P015670,2025-12-31,self_employed,311,18232.76
P015672,2025-12-31,employed,245,27234.06
P015674,2025-12-31,self_employed,317,4422.26
P015679,2025-12-31,employed,260,30442.36
P015680,2025-12-31,marginal,152,2962.47
P015685,2025-12-31,marginal,116,3515.84
P015687,2025-12-31,employed,283,37123.9
P015690,2025-12-31,self_employed,279,11505.87
P015693,2025-12-31,employed,271,16128.14
P015697,2025-12-31,employed,296,25397.35
P015700,2025-12-31,employed,339,25877.09
P015701,2025-12-31,employed,322,23344.53
P015702,2025-12-31,employed,330,17648.49
P015703,2025-12-31,self_employed,295,10003.25
P015704,2025-12-31,self_employed,196,25614.66
P015705,2025-12-31,employed,193,24889.83
P015708,2025-12-31,self_employed,346,14333.35
P015714,2025-12-31,employed,365,49274.94
P015719,2025-12-31,employed,NA,26236.26
P015720,2025-12-31,employed,356,24493.77
P015722,2025-12-31,no_record,0,0
P015726,2025-12-31,employed,329,42937.17
P015728,2025-12-31,employed,346,22421.28
P015734,2025-12-31,employed,217,18999.86
P015736,2025-12-31,employed,344,26322.92
P015738,2025-12-31,employed,365,38723.55
P015739,2025-12-31,employed,297,29714.33
P015740,2025-12-31,marginal,105,5254.92
P015742,2025-12-31,employed,365,42321.98
P015743,2025-12-31,self_employed,287,12626.42
P015744,2025-12-31,employed,338,33845.19
P015745,2025-12-31,employed,269,20771.64
P015747,2025-12-31,employed,233,21021.02
P015753,2025-12-31,employed,354,23589.39
P015758,2025-12-31,employed,347,27543.39
P015759,2025-12-31,employed,279,38952.81
P015762,2025-12-31,employed,306,38216.81
P015765,2025-12-31,employed,298,45008.13
P015766,2025-12-31,marginal,123,4627.23
P015769,2025-12-31,employed,290,8882.8
P015774,2025-12-31,marginal,131,3868.86
P015775,2025-12-31,employed,253,73097.15
P015781,2025-12-31,marginal,84,2909.4
P015786,2025-12-31,employed,320,9977.38
P015788,2025-12-31,self_employed,NA,12993.58
P015790,2025-12-31,employed,249,29125.34
P015791,2025-12-31,no_record,0,0
P015800,2025-12-31,employed,202,23865.78
P015801,2025-12-31,marginal,123,5210.11
P015806,2025-12-31,self_employed,198,56864.23
P015809,2025-12-31,employed,261,29355.09
P015816,2025-12-31,no_record,0,0
P015820,2025-12-31,self_employed,275,17818.55
P015823,2025-12-31,employed,351,65092.51
P015824,2025-12-31,employed,303,31384.31
P015825,2025-12-31,employed,235,15860.92
P015828,2025-12-31,self_employed,340,46486.76
P015829,2025-12-31,employed,NA,38426.75
P015832,2025-12-31,marginal,119,7283.6
P015833,2025-12-31,employed,262,38667.38
P015834,2025-12-31,marginal,189,2650.19
P015841,2025-12-31,employed,251,36614.31
P015842,2025-12-31,employed,350,14601.22
P015844,2025-12-31,no_record,0,0
P015848,2025-12-31,employed,293,30186.69
P015850,2025-12-31,no_record,0,0
P015855,2025-12-31,employed,365,30604.78
P015857,2025-12-31,employed,307,16964.96
P015858,2025-12-31,employed,235,26025.23
P015860,2025-12-31,marginal,166,3098.43
P015862,2025-12-31,employed,318,32472.58
P015864,2025-12-31,employed,290,31161.47
P015868,2025-12-31,employed,273,18786.32
P015870,2025-12-31,marginal,89,5646.24
P015872,2025-12-31,employed,252,22959.13
P015873,2025-12-31,employed,285,20614.68
P015875,2025-12-31,employed,365,22302.22
P015878,2025-12-31,employed,351,32177.64
P015879,2025-12-31,employed,117,27167.77
P015881,2025-12-31,employed,235,17315.63
P015882,2025-12-31,employed,364,22475.39
P015883,2025-12-31,employed,337,13551.54
P015885,2025-12-31,employed,290,47896.17
P015886,2025-12-31,employed,249,25166.39
P015896,2025-12-31,employed,344,28229.3
P015897,2025-12-31,marginal,112,4179.62
P015898,2025-12-31,no_record,0,0
P015900,2025-12-31,marginal,48,3733.16
P015901,2025-12-31,employed,312,27927.2
P015902,2025-12-31,self_employed,328,24270.24
P015908,2025-12-31,employed,335,47832.65
P015909,2025-12-31,employed,285,40817.29
P015910,2025-12-31,employed,338,18076.95
P015911,2025-12-31,marginal,82,2357.94
P015913,2025-12-31,marginal,172,4656.99
P015914,2025-12-31,employed,271,39425.11
P015915,2025-12-31,employed,285,44897.27
P015916,2025-12-31,employed,272,28797.22
P015917,2025-12-31,self_employed,265,34265.32
P015920,2025-12-31,employed,365,21216.22
P015924,2025-12-31,employed,261,21664.65
P015925,2025-12-31,self_employed,194,30342.89
P015926,2025-12-31,self_employed,255,13302.42
P015934,2025-12-31,marginal,104,5292.96
P015937,2025-12-31,employed,236,27081.83
P015938,2025-12-31,employed,248,38754.49
P015941,2025-12-31,employed,321,15667.97
P015942,2025-12-31,employed,265,22194.43
P015943,2025-12-31,employed,269,57374.01
P015946,2025-12-31,employed,292,25377.36
P015947,2025-12-31,employed,243,20203.15
P015948,2025-12-31,employed,319,17812.21
P015951,2025-12-31,employed,353,34170.21
P015952,2025-12-31,employed,365,23241.76
P015954,2025-12-31,employed,354,40734.12
P015955,2025-12-31,employed,229,29328.04
P015956,2025-12-31,self_employed,202,69739.61
P015959,2025-12-31,employed,318,67413.47
P015960,2025-12-31,employed,326,21249.41
P015963,2025-12-31,no_record,0,0
P015964,2025-12-31,employed,273,33081.84
P015969,2025-12-31,employed,238,23769.7
P015971,2025-12-31,employed,264,13848.25
P015973,2025-12-31,employed,242,40753.31
P015974,2025-12-31,employed,243,30440.01
P015975,2025-12-31,self_employed,174,9314.58
P015976,2025-12-31,employed,365,43534.29
P015978,2025-12-31,employed,340,18249.92
P015983,2025-12-31,employed,252,16089.87
P015988,2025-12-31,employed,253,17369.47
P015990,2025-12-31,employed,365,31787.06
P015991,2025-12-31,employed,233,37034.65
P015992,2025-12-31,employed,345,53561.77
P015995,2025-12-31,employed,365,34456.51
P015996,2025-12-31,employed,270,18347.43
P015998,2025-12-31,employed,346,14389.61
P016000,2025-12-31,employed,365,23247.35
P016002,2025-12-31,self_employed,196,24667.52
P016003,2025-12-31,employed,233,22586.4
P016004,2025-12-31,employed,311,30774.78
P016011,2025-12-31,employed,206,25802.82
P016012,2025-12-31,employed,220,39952.25
P016016,2025-12-31,employed,259,33894.43
P016020,2025-12-31,employed,202,44681.3
P016022,2025-12-31,employed,NA,56163.06
P016023,2025-12-31,employed,312,15045.4
P016025,2025-12-31,employed,155,32161.13
P016026,2025-12-31,self_employed,137,23349.03
P016027,2025-12-31,employed,319,25561.56
P016029,2025-12-31,employed,236,26840.11
P016030,2025-12-31,employed,323,63339.48
P016033,2025-12-31,employed,330,20692.32
P016034,2025-12-31,employed,273,21830.39
P016036,2025-12-31,employed,301,21551.82
P016037,2025-12-31,employed,259,31299.62
P016039,2025-12-31,employed,323,29212.77
P016040,2025-12-31,employed,306,20502.94
P016041,2025-12-31,employed,295,24131.89
P016042,2025-12-31,self_employed,NA,23157
P016044,2025-12-31,employed,304,21042.38
P016046,2025-12-31,employed,300,52047.14
P016051,2025-12-31,employed,261,20411.93
P016054,2025-12-31,marginal,119,5287.39
P016056,2025-12-31,no_record,0,0
P016057,2025-12-31,employed,350,46675.77
P016058,2025-12-31,employed,355,26572.37
P016059,2025-12-31,self_employed,111,22822.63
P016060,2025-12-31,marginal,121,3122.77
P016061,2025-12-31,employed,221,87480.4
P016066,2025-12-31,employed,365,21478.49
P016072,2025-12-31,employed,278,24847.01
P016073,2025-12-31,employed,200,25946.4
P016075,2025-12-31,employed,346,38193.48
P016076,2025-12-31,employed,147,18225.66
P016085,2025-12-31,self_employed,307,49541.66
P016088,2025-12-31,no_record,0,0
P016089,2025-12-31,self_employed,354,25467.91
P016090,2025-12-31,employed,NA,36044.33
P016094,2025-12-31,employed,249,15391.55
P016100,2025-12-31,marginal,210,4894.79
P016103,2025-12-31,employed,246,39742.72
P016105,2025-12-31,self_employed,269,14926.74
P016107,2025-12-31,employed,263,30434.6
P016110,2025-12-31,employed,365,25738.84
P016111,2025-12-31,employed,300,36738.01
P016113,2025-12-31,employed,363,45115.79
P016119,2025-12-31,marginal,84,6035.85
P016125,2025-12-31,marginal,181,5237.19
P016126,2025-12-31,employed,321,19645.16
P016127,2025-12-31,employed,247,23320.91
P016128,2025-12-31,employed,255,31955.91
P016137,2025-12-31,employed,365,16674.1
P016139,2025-12-31,employed,262,26463.44
P016140,2025-12-31,employed,318,64077.5
P016141,2025-12-31,employed,236,14699.36
P016142,2025-12-31,employed,248,15981.96
P016143,2025-12-31,employed,365,21267
P016146,2025-12-31,self_employed,249,17458.16
P016147,2025-12-31,employed,355,25274.99
P016154,2025-12-31,employed,342,23580.73
P016155,2025-12-31,employed,191,31606.82
P016159,2025-12-31,employed,345,51601.64
P016161,2025-12-31,marginal,71,5032.19
P016162,2025-12-31,employed,314,24176.99
P016164,2025-12-31,employed,290,44504.8
P016170,2025-12-31,employed,210,36021.55
P016176,2025-12-31,marginal,119,8159.86
P016178,2025-12-31,employed,284,34126.6
P016179,2025-12-31,employed,224,25708.68
P016180,2025-12-31,self_employed,190,17692.18
P016181,2025-12-31,employed,218,32228.53
P016184,2025-12-31,employed,168,22319.07
P016192,2025-12-31,self_employed,177,33837.58
P016193,2025-12-31,employed,267,67365.99
P016194,2025-12-31,employed,342,30311.96
P016196,2025-12-31,employed,242,27218.75
P016197,2025-12-31,employed,365,29565.94
P016198,2025-12-31,marginal,132,4554.05
P016200,2025-12-31,employed,293,23053.78
P016201,2025-12-31,employed,271,31867.63
P016204,2025-12-31,employed,235,32356.62
P016206,2025-12-31,employed,306,24782.26
P016210,2025-12-31,marginal,76,8586.21
P016214,2025-12-31,employed,319,28836.3
P016220,2025-12-31,marginal,165,9100.78
P016222,2025-12-31,employed,251,18917.08
P016229,2025-12-31,employed,267,27116.83
P016234,2025-12-31,employed,309,30047.1
P016237,2025-12-31,employed,167,56082.81
P016238,2025-12-31,self_employed,207,13558.83
P016242,2025-12-31,employed,292,25523.1
P016243,2025-12-31,employed,365,24632.59
P016244,2025-12-31,employed,240,32509.51
P016249,2025-12-31,employed,361,67354.38
P016251,2025-12-31,employed,270,18974.79
P016254,2025-12-31,employed,365,23197.59
P016256,2025-12-31,employed,228,116303.42
P016258,2025-12-31,marginal,143,5471.64
P016260,2025-12-31,employed,295,33989.19
P016261,2025-12-31,employed,365,15933.01
P016262,2025-12-31,employed,266,24421.44
P016263,2025-12-31,employed,217,67047.17
P016264,2025-12-31,employed,365,19020.63
P016266,2025-12-31,employed,253,16601.55
P016269,2025-12-31,employed,214,56391.29
P016270,2025-12-31,marginal,89,3590.15
P016271,2025-12-31,employed,365,23285.14
P016273,2025-12-31,employed,265,53986.1
P016274,2025-12-31,employed,347,55651.24
P016278,2025-12-31,employed,192,21346.52
P016280,2025-12-31,employed,276,49603.41
P016281,2025-12-31,employed,236,38755.5
P016282,2025-12-31,employed,277,14481.94
P016284,2025-12-31,employed,288,13981.46
P016285,2025-12-31,employed,124,22945.34
P016291,2025-12-31,employed,272,28115.8
P016293,2025-12-31,employed,194,30997.25
P016294,2025-12-31,employed,170,26545.68
P016295,2025-12-31,employed,238,34239.39
P016296,2025-12-31,employed,219,46832.26
P016298,2025-12-31,employed,317,18250.2
P016303,2025-12-31,employed,349,45624.81
P016304,2025-12-31,employed,298,21379.03
P016305,2025-12-31,marginal,143,3115.62
P016306,2025-12-31,self_employed,107,27555.69
P016308,2025-12-31,employed,330,24436.16
P016312,2025-12-31,employed,328,29367.04
P016313,2025-12-31,employed,234,25313.75
P016323,2025-12-31,employed,304,51582.11
P016324,2025-12-31,employed,327,28887.64
P016333,2025-12-31,employed,277,54694.68
P016335,2025-12-31,marginal,123,6949.74
P016336,2025-12-31,employed,244,18765.11
P016346,2025-12-31,employed,295,23633.19
P016357,2025-12-31,employed,319,19512.16
P016358,2025-12-31,employed,168,48640.39
P016359,2025-12-31,employed,211,27761.54
P016361,2025-12-31,employed,212,87725.8
P016363,2025-12-31,employed,365,17243.32
P016365,2025-12-31,self_employed,277,13826.42
P016366,2025-12-31,employed,285,23585.87
P016371,2025-12-31,employed,365,39405.33
P016372,2025-12-31,marginal,116,2491.07
P016373,2025-12-31,employed,241,21410.98
P016375,2025-12-31,employed,353,35716.12
P016376,2025-12-31,employed,311,11367.08
P016378,2025-12-31,employed,NA,25477.11
P016383,2025-12-31,employed,254,41009.77
P016384,2025-12-31,employed,358,35989.6
P016387,2025-12-31,employed,224,26096.4
P016396,2025-12-31,employed,363,13051.91
P016397,2025-12-31,self_employed,194,6049.62
P016405,2025-12-31,employed,200,28168.21
P016407,2025-12-31,marginal,91,3300.01
P016409,2025-12-31,employed,298,22057.7
P016411,2025-12-31,employed,256,23125.44
P016412,2025-12-31,employed,283,24723.45
P016414,2025-12-31,employed,337,42898.49
P016415,2025-12-31,employed,184,59147.96
P016417,2025-12-31,marginal,214,4336
P016420,2025-12-31,employed,246,28273.89
P016421,2025-12-31,employed,365,20020.49
P016422,2025-12-31,no_record,0,0
P016423,2025-12-31,no_record,0,0
P016425,2025-12-31,employed,365,19174.9
P016426,2025-12-31,employed,244,24140.53
P016427,2025-12-31,employed,236,35091.71
P016432,2025-12-31,employed,317,24427.16
P016433,2025-12-31,employed,285,24617.76
P016435,2025-12-31,employed,250,35451.49
P016436,2025-12-31,employed,262,33486.04
P016439,2025-12-31,employed,NA,18851.71
P016440,2025-12-31,employed,289,NA
P016445,2025-12-31,employed,295,34801.2
P016451,2025-12-31,employed,228,30170.85
P016452,2025-12-31,employed,290,60150.88
P016454,2025-12-31,self_employed,177,28516.78
P016458,2025-12-31,employed,275,27424.67
P016459,2025-12-31,employed,321,33390.29
P016461,2025-12-31,employed,351,26762.74
P016463,2025-12-31,employed,356,25657.47
P016464,2025-12-31,no_record,0,0
P016465,2025-12-31,employed,249,49733.83
P016471,2025-12-31,employed,328,14793.85
P016472,2025-12-31,employed,346,26639.94
P016473,2025-12-31,self_employed,215,20961.84
P016474,2025-12-31,employed,365,76203.61
P016476,2025-12-31,self_employed,228,35679.55
P016477,2025-12-31,marginal,50,8114.05
P016478,2025-12-31,employed,242,15269.44
P016481,2025-12-31,employed,317,47060.33
P016485,2025-12-31,self_employed,218,6701.23
P016486,2025-12-31,employed,258,15657.23
P016487,2025-12-31,employed,325,17330.05
P016492,2025-12-31,employed,79,36655.67
P016493,2025-12-31,marginal,134,7591.4
P016494,2025-12-31,employed,252,37303.74
P016499,2025-12-31,employed,180,16720.02
P016502,2025-12-31,employed,325,33709.77
P016504,2025-12-31,employed,365,52197.34
P016508,2025-12-31,marginal,51,6455.98
P016510,2025-12-31,marginal,125,3267.52
P016511,2025-12-31,marginal,98,5613.02
P016516,2025-12-31,employed,241,18628.22
P016519,2025-12-31,employed,330,28566.22
P016522,2025-12-31,employed,221,45761.65
P016527,2025-12-31,marginal,50,3566.43
P016528,2025-12-31,employed,265,25767.9
P016530,2025-12-31,employed,357,25625.63
P016531,2025-12-31,employed,316,31787.75
P016532,2025-12-31,employed,305,9538.64
P016536,2025-12-31,marginal,48,5668.08
P016538,2025-12-31,employed,334,35800.29
P016540,2025-12-31,employed,297,23697.91
P016544,2025-12-31,marginal,71,3432.06
P016545,2025-12-31,employed,221,37126.96
P016546,2025-12-31,employed,291,43065.94
P016547,2025-12-31,employed,190,27206.92
P016548,2025-12-31,employed,199,40237.49
P016552,2025-12-31,employed,338,106887.51
P016554,2025-12-31,self_employed,257,64678.73
P016556,2025-12-31,employed,205,18581.9
P016557,2025-12-31,employed,335,27505.01
P016560,2025-12-31,employed,276,37044.3
P016561,2025-12-31,employed,365,41403.52
P016563,2025-12-31,employed,246,27519.67
P016570,2025-12-31,self_employed,280,28846.12
P016582,2025-12-31,employed,218,32806.14
P016585,2025-12-31,no_record,0,0
P016589,2025-12-31,marginal,122,4234.39
P016591,2025-12-31,marginal,122,4191.04
P016593,2025-12-31,employed,313,32291.63
P016594,2025-12-31,self_employed,104,15756.42
P016598,2025-12-31,employed,224,36121.58
P016600,2025-12-31,self_employed,154,9809.94
P016603,2025-12-31,employed,365,13776.97
P016604,2025-12-31,employed,340,17672.07
P016606,2025-12-31,marginal,156,4993.34
P016607,2025-12-31,employed,329,28378
P016610,2025-12-31,employed,260,17966
P016619,2025-12-31,employed,289,34123.73
P016621,2025-12-31,employed,241,17402.49
P016622,2025-12-31,employed,208,30513.71
P016624,2025-12-31,employed,212,35005.92
P016627,2025-12-31,employed,314,11090.97
P016628,2025-12-31,marginal,55,3407.1
P016629,2025-12-31,employed,296,25237.95
P016630,2025-12-31,employed,365,18143.29
P016631,2025-12-31,employed,300,46899.95
P016633,2025-12-31,employed,313,43274.98
P016635,2025-12-31,employed,225,12468.87
P016636,2025-12-31,marginal,90,5130.36
P016637,2025-12-31,marginal,103,6284.17
P016640,2025-12-31,employed,272,34090.63
P016641,2025-12-31,employed,285,14744.48
P016642,2025-12-31,employed,247,21723.7
P016644,2025-12-31,self_employed,233,9361.39
P016646,2025-12-31,self_employed,362,21850.46
P016648,2025-12-31,marginal,57,4512.16
P016649,2025-12-31,employed,337,23857.9
P016651,2025-12-31,employed,321,17810.38
P016653,2025-12-31,employed,353,NA
P016654,2025-12-31,no_record,0,0
P016655,2025-12-31,employed,237,44711.82
P016658,2025-12-31,marginal,123,4894.51
P016666,2025-12-31,self_employed,358,14125.46
P016667,2025-12-31,employed,322,48827.43
P016669,2025-12-31,employed,230,21055.47
P016672,2025-12-31,employed,224,15945.07
P016675,2025-12-31,employed,292,40710.86
P016677,2025-12-31,employed,357,8115.04
P016683,2025-12-31,employed,310,19478.4
P016686,2025-12-31,employed,348,31174.7
P016687,2025-12-31,employed,330,40759.88
P016692,2025-12-31,employed,310,26114.86
P016694,2025-12-31,employed,317,28841.66
P016696,2025-12-31,employed,218,26409.32
P016698,2025-12-31,employed,324,18517.22
P016704,2025-12-31,employed,339,37797.11
P016705,2025-12-31,self_employed,238,20077.25
P016708,2025-12-31,employed,334,52660.59
P016712,2025-12-31,employed,327,51395.2
P016718,2025-12-31,marginal,115,2962.57
P016719,2025-12-31,employed,250,19186.59
P016720,2025-12-31,employed,309,27175.18
P016722,2025-12-31,no_record,0,0
P016724,2025-12-31,employed,206,20310.73
P016725,2025-12-31,employed,365,9945.79
P016729,2025-12-31,employed,326,32128.69
P016732,2025-12-31,marginal,55,3878.56
P016733,2025-12-31,employed,299,41806.24
P016734,2025-12-31,self_employed,284,17592.67
P016735,2025-12-31,employed,365,36870.46
P016737,2025-12-31,marginal,108,5720.58
P016739,2025-12-31,employed,201,33516.04
P016740,2025-12-31,self_employed,248,36624.2
P016741,2025-12-31,marginal,71,10055.48
P016743,2025-12-31,employed,272,41475.32
P016746,2025-12-31,employed,217,20637.29
P016747,2025-12-31,marginal,86,5159.3
P016750,2025-12-31,employed,306,32705.91
P016753,2025-12-31,employed,265,21240.71
P016754,2025-12-31,employed,358,11074.35
P016755,2025-12-31,employed,304,59753.65
P016756,2025-12-31,employed,365,28080.84
P016757,2025-12-31,marginal,92,2690.78
P016758,2025-12-31,employed,186,22873.22
P016760,2025-12-31,employed,310,25271.95
P016763,2025-12-31,self_employed,353,4318.61
P016766,2025-12-31,employed,284,24604.35
P016771,2025-12-31,employed,323,36033.88
P016773,2025-12-31,employed,305,34733.07
P016777,2025-12-31,employed,260,31534.82
P016779,2025-12-31,employed,365,40316.01
P016780,2025-12-31,marginal,111,2501.59
P016783,2025-12-31,employed,285,27315.97
P016784,2025-12-31,employed,296,54369.05
P016789,2025-12-31,employed,365,24585.05
P016790,2025-12-31,employed,NA,27063.19
P016792,2025-12-31,employed,212,39708.85
P016798,2025-12-31,marginal,140,4698.47
P016803,2025-12-31,employed,226,24511.33
P016804,2025-12-31,employed,256,22138.16
P016807,2025-12-31,employed,231,56426.36
P016813,2025-12-31,employed,240,11700.08
P016814,2025-12-31,marginal,178,5320.76
P016815,2025-12-31,employed,223,12592.6
P016817,2025-12-31,employed,246,33111.43
P016818,2025-12-31,employed,236,14687.27
P016819,2025-12-31,employed,229,41292.05
P016821,2025-12-31,employed,193,24703.61
P016822,2025-12-31,employed,365,27835.01
P016825,2025-12-31,employed,298,13156.03
P016827,2025-12-31,self_employed,234,45469.49
P016832,2025-12-31,marginal,56,4025.58
P016836,2025-12-31,employed,256,18572.63
P016839,2025-12-31,self_employed,149,7033.25
P016841,2025-12-31,no_record,0,0
P016843,2025-12-31,employed,245,30275.45
P016844,2025-12-31,employed,266,11627.53
P016849,2025-12-31,employed,365,36073.57
P016851,2025-12-31,employed,189,16769.93
P016852,2025-12-31,employed,300,18074.77
P016855,2025-12-31,marginal,205,3485.75
P016857,2025-12-31,employed,339,29302.31
P016858,2025-12-31,employed,352,19734.94
P016859,2025-12-31,self_employed,260,21609.36
P016860,2025-12-31,self_employed,163,6664.83
P016862,2025-12-31,self_employed,194,17327.34
P016865,2025-12-31,employed,304,32801.59
P016869,2025-12-31,employed,208,23827.77
P016873,2025-12-31,marginal,7,5583.17
P016875,2025-12-31,employed,219,29792.6
P016877,2025-12-31,self_employed,146,19610.98
P016881,2025-12-31,employed,327,15247.08
P016882,2025-12-31,employed,229,14249.22
P016883,2025-12-31,employed,163,51854.29
P016884,2025-12-31,employed,325,44230.82
P016885,2025-12-31,self_employed,223,77603.8
P016888,2025-12-31,employed,252,53496.69
P016892,2025-12-31,employed,249,37480.36
P016895,2025-12-31,employed,256,20828.53
P016899,2025-12-31,employed,297,15541.1
P016903,2025-12-31,employed,229,30405.86
P016904,2025-12-31,employed,300,20485.77
P016908,2025-12-31,employed,365,36025.88
P016911,2025-12-31,employed,294,19228.45
P016912,2025-12-31,employed,321,33532.39
P016916,2025-12-31,employed,208,28307.69
P016917,2025-12-31,employed,287,55828.78
P016918,2025-12-31,marginal,99,3783.85
P016919,2025-12-31,self_employed,356,32725.63
P016925,2025-12-31,employed,365,13381.89
P016927,2025-12-31,employed,271,28077.17
P016932,2025-12-31,marginal,209,2941.92
P016934,2025-12-31,employed,273,31274.1
P016938,2025-12-31,self_employed,253,33040.43
P016939,2025-12-31,no_record,0,0
P016941,2025-12-31,employed,365,40287.5
P016943,2025-12-31,employed,365,10455.16
P016944,2025-12-31,employed,365,59870.22
P016945,2025-12-31,marginal,139,10921.39
P016946,2025-12-31,employed,281,35488.48
P016947,2025-12-31,employed,235,34158.98
P016948,2025-12-31,marginal,88,3272.71
P016950,2025-12-31,marginal,32,5186.8
P016952,2025-12-31,self_employed,239,36992.97
P016953,2025-12-31,employed,258,32482.3
P016957,2025-12-31,employed,290,19982.46
P016959,2025-12-31,employed,346,29144.09
P016961,2025-12-31,employed,320,20183.31
P016962,2025-12-31,self_employed,308,8907.06
P016964,2025-12-31,marginal,102,7165.44
P016966,2025-12-31,employed,244,41554.48
P016972,2025-12-31,marginal,135,3965.47
P016974,2025-12-31,employed,365,25898.8
P016976,2025-12-31,employed,326,27359.43
P016978,2025-12-31,employed,365,69651.45
P016980,2025-12-31,employed,244,36005.81
P016982,2025-12-31,marginal,57,6402.29
P016984,2025-12-31,employed,240,25009.01
P016985,2025-12-31,employed,313,20389.12
P016993,2025-12-31,employed,299,19162.03
P016996,2025-12-31,employed,365,61167.08
P017001,2025-12-31,employed,228,53271.67
P017009,2025-12-31,employed,264,27230.31
P017010,2025-12-31,self_employed,173,34643.95
P017013,2025-12-31,employed,344,39749.29
P017014,2025-12-31,employed,168,22276.42
P017016,2025-12-31,employed,333,26791.78
P017018,2025-12-31,employed,305,22052.42
P017019,2025-12-31,employed,315,15853.35
P017020,2025-12-31,employed,280,22468.84
P017023,2025-12-31,employed,267,13082.8
P017024,2025-12-31,employed,365,15766.3
P017027,2025-12-31,self_employed,95,10173.98
P017028,2025-12-31,employed,298,21825.49
P017032,2025-12-31,marginal,66,6142.45
P017033,2025-12-31,employed,365,37911.96
P017034,2025-12-31,employed,365,43521.1
P017038,2025-12-31,self_employed,268,43288.31
P017042,2025-12-31,employed,362,17826.71
P017045,2025-12-31,employed,190,24324.7
P017048,2025-12-31,employed,233,27660.53
P017054,2025-12-31,marginal,125,6514.01
P017055,2025-12-31,employed,265,10434.96
P017056,2025-12-31,employed,215,31625.64
P017057,2025-12-31,employed,296,21695.35
P017059,2025-12-31,employed,312,29657.46
P017061,2025-12-31,employed,201,27841.48
P017063,2025-12-31,employed,206,11012.1
P017064,2025-12-31,employed,213,39898.43
P017065,2025-12-31,employed,341,13233.16
P017068,2025-12-31,employed,326,49235.83
P017071,2025-12-31,self_employed,294,117065.51
P017073,2025-12-31,employed,200,21519.34
P017074,2025-12-31,self_employed,30,27181.23
P017075,2025-12-31,marginal,64,6604.95
P017076,2025-12-31,marginal,133,9272.13
P017078,2025-12-31,employed,NA,55530.45
P017081,2025-12-31,employed,205,27324.58
P017082,2025-12-31,employed,244,49003.06
P017084,2025-12-31,self_employed,202,21184.68
P017086,2025-12-31,employed,331,16324.89
P017087,2025-12-31,employed,360,24432
P017090,2025-12-31,self_employed,310,41161.45
P017091,2025-12-31,employed,365,32955
P017092,2025-12-31,self_employed,193,23919.57
P017093,2025-12-31,no_record,0,0
P017096,2025-12-31,employed,329,29942.82
P017097,2025-12-31,employed,287,38611.47
P017099,2025-12-31,marginal,83,6943.63
P017101,2025-12-31,employed,357,40418.29
P017103,2025-12-31,employed,NA,28600.82
P017105,2025-12-31,employed,347,39170.26
P017107,2025-12-31,employed,365,16912.08
P017108,2025-12-31,employed,185,15171.48
P017110,2025-12-31,employed,317,16832.29
P017114,2025-12-31,employed,222,22729.34
P017116,2025-12-31,employed,278,20945.15
P017119,2025-12-31,employed,259,55912.25
P017122,2025-12-31,marginal,77,4542.83
P017124,2025-12-31,employed,301,82314.56
P017125,2025-12-31,self_employed,352,35054.62
P017127,2025-12-31,self_employed,203,11334.54
P017128,2025-12-31,employed,214,26258.47
P017130,2025-12-31,employed,365,22895.84
P017133,2025-12-31,employed,218,28026.59
P017136,2025-12-31,employed,242,9036.6
P017137,2025-12-31,employed,253,20946.11
P017142,2025-12-31,employed,322,23613.93
P017143,2025-12-31,employed,309,24185.13
P017144,2025-12-31,employed,234,26361.51
P017145,2025-12-31,employed,210,17271.47
P017148,2025-12-31,no_record,0,0
P017149,2025-12-31,employed,299,11796.56
P017151,2025-12-31,employed,338,20097.7
P017155,2025-12-31,employed,291,28556.55
P017156,2025-12-31,self_employed,298,34572.81
P017157,2025-12-31,employed,357,19064.65
P017159,2025-12-31,employed,301,18333.25
P017160,2025-12-31,employed,319,25428.78
P017161,2025-12-31,employed,322,36380.43
P017165,2025-12-31,employed,291,16619.02
P017167,2025-12-31,employed,338,14478.42
P017170,2025-12-31,employed,363,47385.09
P017171,2025-12-31,marginal,5,4759.16
P017174,2025-12-31,employed,205,17462.25
P017175,2025-12-31,employed,272,35869.24
P017176,2025-12-31,marginal,81,8663.34
P017177,2025-12-31,employed,297,22298.7
P017188,2025-12-31,marginal,107,9943.09
P017190,2025-12-31,employed,365,32068.74
P017191,2025-12-31,employed,228,8457.11
P017193,2025-12-31,employed,298,8728.08
P017194,2025-12-31,employed,241,23955.43
P017195,2025-12-31,employed,212,20464.99
P017197,2025-12-31,employed,313,39112.61
P017198,2025-12-31,marginal,127,6373.74
P017201,2025-12-31,employed,305,17201.81
P017202,2025-12-31,employed,271,33293.56
P017203,2025-12-31,employed,275,30350.67
P017204,2025-12-31,employed,275,34292.51
P017205,2025-12-31,self_employed,188,33762.44
P017206,2025-12-31,employed,287,23135.19
P017207,2025-12-31,marginal,102,10205.19
P017211,2025-12-31,employed,365,19410.22
P017214,2025-12-31,no_record,0,0
P017219,2025-12-31,no_record,0,0
P017224,2025-12-31,self_employed,255,34668.93
P017228,2025-12-31,employed,365,39164.48
P017232,2025-12-31,employed,327,20574.48
P017233,2025-12-31,employed,273,30454.66
P017234,2025-12-31,self_employed,194,19576.35
P017236,2025-12-31,employed,227,17220.28
P017239,2025-12-31,marginal,103,5997.67
P017246,2025-12-31,self_employed,365,28089.08
P017250,2025-12-31,employed,266,47712.59
P017251,2025-12-31,employed,338,11371.8
P017252,2025-12-31,employed,251,22257.03
P017265,2025-12-31,employed,147,15015.09
P017267,2025-12-31,no_record,0,0
P017268,2025-12-31,self_employed,239,9426.37
P017271,2025-12-31,employed,300,27627.4
P017273,2025-12-31,employed,329,31609.65
P017274,2025-12-31,employed,222,18767.66
P017275,2025-12-31,employed,227,28423.33
P017276,2025-12-31,employed,317,40350.56
P017277,2025-12-31,marginal,124,2962.54
P017278,2025-12-31,self_employed,293,112802.09
P017279,2025-12-31,employed,365,24980.11
P017280,2025-12-31,employed,289,24299.86
P017286,2025-12-31,self_employed,257,11780.33
P017288,2025-12-31,marginal,114,7734.13
P017289,2025-12-31,employed,365,50425.71
P017290,2025-12-31,employed,304,36147.54
P017292,2025-12-31,marginal,25,2534.18
P017294,2025-12-31,self_employed,148,19886.41
P017295,2025-12-31,self_employed,217,29863.68
P017296,2025-12-31,employed,314,23275.07
P017297,2025-12-31,employed,261,12076.26
P017299,2025-12-31,marginal,111,4289.01
P017300,2025-12-31,employed,271,21155.4
P017302,2025-12-31,employed,246,11120.4
P017303,2025-12-31,employed,314,11370.71
P017305,2025-12-31,employed,245,78893.03
P017306,2025-12-31,marginal,148,4401.25
P017308,2025-12-31,employed,288,20762.96
P017312,2025-12-31,marginal,66,2775.72
P017313,2025-12-31,marginal,118,6654.97
P017316,2025-12-31,employed,279,36120.55
P017318,2025-12-31,marginal,111,7070.46
P017320,2025-12-31,employed,323,41066.9
P017322,2025-12-31,employed,365,18518.06
P017325,2025-12-31,employed,330,17806.84
P017328,2025-12-31,employed,337,9529.39
P017329,2025-12-31,employed,156,25584.59
P017331,2025-12-31,employed,321,92002.5
P017332,2025-12-31,self_employed,343,37038.84
P017335,2025-12-31,marginal,140,5583.79
P017337,2025-12-31,employed,365,10801.67
P017341,2025-12-31,employed,291,34338.05
P017345,2025-12-31,employed,222,18051.77
P017346,2025-12-31,employed,338,14615.13
P017348,2025-12-31,self_employed,190,40086.27
P017350,2025-12-31,employed,324,19682.92
P017352,2025-12-31,employed,337,58260.05
P017353,2025-12-31,employed,290,20597.09
P017354,2025-12-31,employed,284,26131.55
P017355,2025-12-31,employed,329,36752.04
P017356,2025-12-31,employed,274,26714.9
P017358,2025-12-31,employed,343,53185.83
P017360,2025-12-31,employed,320,37802.7
P017361,2025-12-31,employed,356,18411.97
P017363,2025-12-31,marginal,148,6216.84
P017364,2025-12-31,employed,250,49535.47
P017365,2025-12-31,self_employed,365,16382.15
P017369,2025-12-31,employed,347,12497.35
P017373,2025-12-31,marginal,103,3640.24
P017375,2025-12-31,employed,332,49273.96
P017376,2025-12-31,employed,295,30974.91
P017377,2025-12-31,employed,273,27005.53
P017378,2025-12-31,employed,320,41621.85
P017384,2025-12-31,employed,283,28256.16
P017386,2025-12-31,self_employed,182,9720.77
P017387,2025-12-31,self_employed,306,190433.56
P017388,2025-12-31,employed,279,52891.99
P017390,2025-12-31,employed,240,16326.89
P017391,2025-12-31,employed,308,42048.03
P017392,2025-12-31,marginal,113,6471.33
P017393,2025-12-31,self_employed,365,9419.13
P017395,2025-12-31,employed,317,22581.93
P017396,2025-12-31,employed,312,18430.74
P017397,2025-12-31,employed,324,38666.55
P017404,2025-12-31,self_employed,257,48013.02
P017405,2025-12-31,employed,290,39596.46
P017407,2025-12-31,employed,295,16056.95
P017408,2025-12-31,employed,319,25069.61
P017409,2025-12-31,employed,313,16120.14
P017410,2025-12-31,employed,329,29452.52
P017411,2025-12-31,employed,269,21719.12
P017412,2025-12-31,employed,297,21962.55
P017413,2025-12-31,employed,295,37052.5
P017414,2025-12-31,employed,365,31799.33
P017415,2025-12-31,marginal,NA,4925.18
P017416,2025-12-31,marginal,30,4605.76
P017418,2025-12-31,employed,358,9403.59
P017421,2025-12-31,employed,205,53723.79
P017423,2025-12-31,marginal,125,10940.38
P017425,2025-12-31,employed,250,10538.54
P017428,2025-12-31,employed,246,18800.7
P017429,2025-12-31,employed,238,19701.87
P017430,2025-12-31,employed,303,18012.62
P017434,2025-12-31,employed,334,NA
P017435,2025-12-31,employed,246,98877.34
P017439,2025-12-31,employed,295,25375.64
P017445,2025-12-31,employed,294,19229.03
P017450,2025-12-31,employed,NA,17874.66
P017452,2025-12-31,employed,343,91030.06
P017455,2025-12-31,employed,228,45661.59
P017456,2025-12-31,marginal,76,9538.7
P017457,2025-12-31,employed,290,51015.24
P017458,2025-12-31,marginal,104,4791.61
P017461,2025-12-31,employed,317,24982.54
P017462,2025-12-31,employed,278,32989.08
P017463,2025-12-31,employed,220,40827.13
P017464,2025-12-31,employed,140,11141.53
P017469,2025-12-31,employed,199,10733.98
P017470,2025-12-31,self_employed,150,15670.39
P017474,2025-12-31,self_employed,210,31147.64
P017477,2025-12-31,employed,275,16621.14
P017479,2025-12-31,employed,246,24798.93
P017480,2025-12-31,employed,365,22869.21
P017481,2025-12-31,employed,241,11257.8
P017485,2025-12-31,marginal,93,4447.63
P017487,2025-12-31,employed,321,22103.4
P017489,2025-12-31,no_record,0,0
P017493,2025-12-31,employed,245,20105.08
P017494,2025-12-31,employed,250,10370.93
P017495,2025-12-31,employed,301,17862.03
P017497,2025-12-31,marginal,70,6989.72
P017501,2025-12-31,employed,273,21766.18
P017503,2025-12-31,self_employed,267,19385.63
P017504,2025-12-31,employed,327,57213
P017511,2025-12-31,marginal,64,4978.52
P017512,2025-12-31,employed,302,29460.22
P017514,2025-12-31,employed,316,33771.93
P017519,2025-12-31,employed,355,13446.94
P017520,2025-12-31,employed,282,29582.66
P017521,2025-12-31,self_employed,365,23138.53
P017522,2025-12-31,employed,293,24001.48
P017524,2025-12-31,employed,365,28633.79
P017527,2025-12-31,employed,356,14877.3
P017528,2025-12-31,employed,365,24245.2
P017529,2025-12-31,employed,288,17374.88
P017530,2025-12-31,employed,229,29835.75
P017531,2025-12-31,employed,239,11836.44
P017536,2025-12-31,employed,264,17589.43
P017537,2025-12-31,employed,287,23089.66
P017539,2025-12-31,employed,235,23867.76
P017542,2025-12-31,employed,272,20618.83
P017543,2025-12-31,marginal,78,3816.92
P017544,2025-12-31,marginal,58,5487.82
P017545,2025-12-31,employed,259,26704.76
P017546,2025-12-31,employed,289,27419.03
P017547,2025-12-31,employed,352,29522.03
P017549,2025-12-31,employed,204,20824.01
P017550,2025-12-31,employed,233,35705.73
P017553,2025-12-31,employed,272,36674.66
P017556,2025-12-31,marginal,125,2988.46
P017564,2025-12-31,employed,341,76596.47
P017567,2025-12-31,employed,365,25537.32
P017569,2025-12-31,marginal,98,2823.98
P017575,2025-12-31,no_record,0,0
P017578,2025-12-31,employed,227,30542.17
P017580,2025-12-31,employed,295,48259.96
P017583,2025-12-31,self_employed,340,12468.21
P017584,2025-12-31,self_employed,144,36729.16
P017585,2025-12-31,marginal,58,7670.16
P017587,2025-12-31,employed,324,28330.85
P017590,2025-12-31,employed,353,27348.33
P017591,2025-12-31,self_employed,295,24463.57
P017592,2025-12-31,employed,255,40116.34
P017596,2025-12-31,employed,274,41693.57
P017598,2025-12-31,employed,305,42522.93
P017601,2025-12-31,employed,345,19460.05
P017607,2025-12-31,employed,335,16650.74
P017609,2025-12-31,marginal,117,4821.18
P017610,2025-12-31,employed,227,36423.58
P017612,2025-12-31,employed,352,15236.09
P017613,2025-12-31,employed,365,38899.11
P017615,2025-12-31,employed,305,25479.74
P017616,2025-12-31,employed,306,15991.72
P017619,2025-12-31,marginal,171,5458.92
P017620,2025-12-31,employed,257,29977.56
P017622,2025-12-31,employed,335,21948.33
P017624,2025-12-31,employed,321,49236.54
P017625,2025-12-31,self_employed,187,14168.94
P017626,2025-12-31,employed,342,13364.53
P017627,2025-12-31,employed,288,NA
P017628,2025-12-31,employed,264,29846.39
P017631,2025-12-31,self_employed,234,11720.37
P017633,2025-12-31,employed,301,24416.03
P017634,2025-12-31,employed,254,14027.8
P017638,2025-12-31,marginal,147,5526.78
P017641,2025-12-31,employed,365,46451.97
P017648,2025-12-31,employed,324,43437.02
P017651,2025-12-31,employed,255,29806.29
P017652,2025-12-31,employed,262,19074.08
P017653,2025-12-31,employed,194,31573.33
P017661,2025-12-31,employed,262,30952.51
P017662,2025-12-31,employed,365,26021.26
P017664,2025-12-31,employed,365,25498.03
P017665,2025-12-31,employed,289,28748.22
P017666,2025-12-31,employed,241,34544.69
P017667,2025-12-31,employed,365,13533.69
P017669,2025-12-31,employed,279,20931.92
P017674,2025-12-31,self_employed,365,41705.57
P017678,2025-12-31,employed,235,11687.67
P017679,2025-12-31,self_employed,316,17538.91
P017684,2025-12-31,self_employed,316,10134.31
P017687,2025-12-31,employed,266,31364.27
P017688,2025-12-31,employed,255,25954.49
P017689,2025-12-31,employed,252,19168.98
P017690,2025-12-31,employed,219,31190.37
P017691,2025-12-31,self_employed,365,26396.15
P017692,2025-12-31,employed,298,59952.35
P017694,2025-12-31,no_record,0,0
P017695,2025-12-31,employed,305,12257.56
P017697,2025-12-31,marginal,94,NA
P017699,2025-12-31,employed,313,27042.77
P017700,2025-12-31,employed,267,11804.59
P017701,2025-12-31,employed,340,40910.43
P017702,2025-12-31,employed,240,23582.98
P017703,2025-12-31,employed,235,29628.12
P017704,2025-12-31,employed,336,22253.88
P017715,2025-12-31,employed,365,68367.11
P017717,2025-12-31,marginal,66,2422.01
P017720,2025-12-31,employed,325,29397.9
P017721,2025-12-31,employed,342,17717.69
P017722,2025-12-31,employed,269,19322.61
P017725,2025-12-31,employed,283,28747.04
P017729,2025-12-31,employed,349,21723
P017730,2025-12-31,employed,351,14999.52
P017731,2025-12-31,marginal,195,6468.07
P017732,2025-12-31,employed,201,28850.18
P017734,2025-12-31,self_employed,256,13718.65
P017735,2025-12-31,employed,224,49024.16
P017736,2025-12-31,employed,365,19973.37
P017742,2025-12-31,employed,365,35406.08
P017745,2025-12-31,self_employed,235,15667.85
P017747,2025-12-31,marginal,131,4342.98
P017749,2025-12-31,employed,340,15432.42
P017757,2025-12-31,employed,281,34927.94
P017758,2025-12-31,self_employed,241,18912.52
P017761,2025-12-31,employed,214,27404.2
P017762,2025-12-31,employed,291,16444.76
P017764,2025-12-31,employed,313,15656.82
P017765,2025-12-31,employed,263,24584.63
P017766,2025-12-31,employed,290,20250.67
P017767,2025-12-31,employed,365,17692.03
P017775,2025-12-31,employed,298,28583.6
P017778,2025-12-31,employed,220,35955.33
P017780,2025-12-31,marginal,89,3412.33
P017783,2025-12-31,employed,229,30763.15
P017790,2025-12-31,employed,323,16464.69
P017791,2025-12-31,employed,275,56989.9
P017792,2025-12-31,employed,267,15354.28
P017793,2025-12-31,employed,324,42104.46
P017794,2025-12-31,employed,248,19432.15
P017797,2025-12-31,employed,168,41280.69
P017798,2025-12-31,employed,299,27794.13
P017799,2025-12-31,employed,308,13286.31
P017804,2025-12-31,employed,212,37555.38
P017807,2025-12-31,marginal,159,5904.74
P017808,2025-12-31,employed,246,18197.44
P017809,2025-12-31,employed,262,22775.31
P017810,2025-12-31,marginal,154,4980.41
P017817,2025-12-31,employed,365,27611.65
P017818,2025-12-31,no_record,0,0
P017820,2025-12-31,employed,299,44902
P017827,2025-12-31,employed,234,23406.17
P017828,2025-12-31,employed,305,21414.49
P017834,2025-12-31,employed,365,20105.26
P017835,2025-12-31,self_employed,273,23450.27
P017836,2025-12-31,employed,244,23782.67
P017838,2025-12-31,marginal,243,5030.44
P017840,2025-12-31,self_employed,218,7210.52
P017843,2025-12-31,marginal,98,3813.98
P017845,2025-12-31,employed,194,30125.95
P017847,2025-12-31,employed,239,24163.47
P017852,2025-12-31,employed,177,65616.28
P017858,2025-12-31,employed,298,51791.22
P017859,2025-12-31,no_record,0,0
P017860,2025-12-31,employed,228,26842.47
P017861,2025-12-31,employed,347,9329.28
P017862,2025-12-31,employed,241,48816.94
P017863,2025-12-31,employed,365,22834.71
P017865,2025-12-31,employed,365,13086.9
P017867,2025-12-31,employed,237,21640.8
P017871,2025-12-31,self_employed,365,3839.72
P017873,2025-12-31,employed,322,17810.64
P017874,2025-12-31,self_employed,332,32462.39
P017879,2025-12-31,marginal,145,2942.4
P017880,2025-12-31,employed,290,15982.17
P017881,2025-12-31,employed,267,20339.38
P017882,2025-12-31,marginal,74,4318.13
P017885,2025-12-31,employed,233,61303.87
P017887,2025-12-31,employed,215,29697.78
P017888,2025-12-31,employed,288,33530.91
P017891,2025-12-31,employed,298,47204.2
P017893,2025-12-31,employed,283,23044.43
P017894,2025-12-31,employed,342,48897.45
P017895,2025-12-31,employed,287,26643.96
P017899,2025-12-31,employed,324,21402.51
P017901,2025-12-31,employed,295,13013.31
P017908,2025-12-31,employed,262,27354.48
P017910,2025-12-31,employed,336,33385.78
P017914,2025-12-31,employed,317,27331.91
P017922,2025-12-31,employed,260,10272.37
P017924,2025-12-31,employed,338,43044.82
P017925,2025-12-31,employed,322,54149.29
P017926,2025-12-31,employed,218,26312.89
P017927,2025-12-31,employed,299,52258.04
P017928,2025-12-31,employed,231,22328.92
P017929,2025-12-31,self_employed,345,13130.59
P017931,2025-12-31,employed,216,37846.21
P017933,2025-12-31,employed,350,29354.74
P017937,2025-12-31,employed,198,81414.64
P017938,2025-12-31,self_employed,365,27533.84
P017939,2025-12-31,employed,355,16789.42
P017940,2025-12-31,employed,336,63197.19
P017941,2025-12-31,marginal,78,4730.13
P017942,2025-12-31,no_record,0,0
P017943,2025-12-31,employed,276,18902.68
P017944,2025-12-31,employed,322,35336.54
P017945,2025-12-31,employed,322,19158.6
P017946,2025-12-31,self_employed,85,10707.67
P017951,2025-12-31,employed,289,56968.15
P017953,2025-12-31,no_record,0,0
P017954,2025-12-31,marginal,126,4921.55
P017955,2025-12-31,marginal,141,6428.49
P017956,2025-12-31,self_employed,261,21037.95
P017962,2025-12-31,marginal,67,3555.29
P017963,2025-12-31,employed,222,36673.75
P017966,2025-12-31,self_employed,176,26984.7
P017971,2025-12-31,employed,257,34002.28
P017972,2025-12-31,employed,306,37386.06
P017973,2025-12-31,employed,273,15994.69
P017976,2025-12-31,employed,243,16263.19
P017977,2025-12-31,employed,332,55567.12
P017979,2025-12-31,employed,300,14758.06
P017982,2025-12-31,employed,289,50222.8
P017983,2025-12-31,employed,NA,27227.3
P017984,2025-12-31,employed,332,32719.13
P017987,2025-12-31,employed,324,14957.99
P017988,2025-12-31,employed,265,27974.85
P017996,2025-12-31,employed,151,24703.23
P017998,2025-12-31,employed,257,19275.68
P017999,2025-12-31,employed,338,21825.69
P018000,2025-12-31,employed,365,40414.63
P018002,2025-12-31,employed,296,44644.87
P018003,2025-12-31,no_record,0,0
P018004,2025-12-31,employed,302,18126.08
P018005,2025-12-31,employed,333,59525.25
P018007,2025-12-31,marginal,142,6323.32
P018008,2025-12-31,employed,280,38428.61
P018009,2025-12-31,employed,213,7917.1
P018010,2025-12-31,employed,201,30056.46
P018011,2025-12-31,employed,277,72512.74
P018013,2025-12-31,self_employed,250,16620.32
P018020,2025-12-31,employed,334,27681.18
P018022,2025-12-31,no_record,0,0
P018023,2025-12-31,marginal,154,4841.55
P018027,2025-12-31,self_employed,211,17092.6
P018028,2025-12-31,employed,365,8176.77
P018029,2025-12-31,employed,69,16032.87
P018030,2025-12-31,self_employed,242,85135.67
P018031,2025-12-31,employed,223,60223.57
P018032,2025-12-31,employed,NA,18398.18
P018038,2025-12-31,employed,287,42041.68
P018041,2025-12-31,employed,245,22536.53
P018043,2025-12-31,employed,301,29682.55
P018046,2025-12-31,no_record,0,0
P018047,2025-12-31,employed,241,33093.1
P018050,2025-12-31,marginal,98,4640.55
P018051,2025-12-31,employed,365,26581.58
P018056,2025-12-31,employed,250,35509.36
P018058,2025-12-31,employed,295,11073.64
P018059,2025-12-31,self_employed,111,16282.51
P018060,2025-12-31,employed,254,20809.31
P018062,2025-12-31,employed,270,9814.16
P018063,2025-12-31,employed,205,34022.14
P018066,2025-12-31,employed,258,11935.23
P018067,2025-12-31,employed,225,21921.81
P018068,2025-12-31,employed,325,44436.32
P018070,2025-12-31,marginal,73,6802.93
P018071,2025-12-31,marginal,88,4017.92
P018072,2025-12-31,employed,309,64476.23
P018073,2025-12-31,employed,340,28294.63
P018076,2025-12-31,employed,316,16383.57
P018077,2025-12-31,employed,334,30200.57
P018082,2025-12-31,employed,244,21046.57
P018083,2025-12-31,employed,250,21006.23
P018085,2025-12-31,marginal,105,2405.03
P018088,2025-12-31,employed,289,17646.41
P018089,2025-12-31,employed,327,78795.56
P018091,2025-12-31,marginal,103,4361.87
P018092,2025-12-31,employed,343,14778.24
P018093,2025-12-31,employed,279,23381.59
P018095,2025-12-31,employed,343,13602.51
P018096,2025-12-31,employed,315,50409.82
P018097,2025-12-31,employed,256,19042.11
P018099,2025-12-31,employed,205,25105.41
P018103,2025-12-31,employed,297,25728.83
P018104,2025-12-31,employed,232,39271.06
P018105,2025-12-31,employed,282,33595.16
P018108,2025-12-31,employed,346,40993.99
P018110,2025-12-31,employed,364,33321.09
P018113,2025-12-31,marginal,148,2910.56
P018114,2025-12-31,employed,365,25235.97
P018115,2025-12-31,employed,357,21094.99
P018118,2025-12-31,employed,215,24040.46
P018119,2025-12-31,employed,346,36765.26
P018121,2025-12-31,employed,320,38703.06
P018122,2025-12-31,employed,231,45966.78
P018123,2025-12-31,employed,338,20977.12
P018124,2025-12-31,employed,334,30137.88
P018127,2025-12-31,employed,291,44631.02
P018128,2025-12-31,employed,289,52465.71
P018130,2025-12-31,employed,365,11933.78
P018131,2025-12-31,employed,253,68741.18
P018134,2025-12-31,employed,185,20109.59
P018136,2025-12-31,self_employed,291,22033.49
P018138,2025-12-31,employed,337,15994.78
P018140,2025-12-31,no_record,0,0
P018141,2025-12-31,employed,334,21675.97
P018142,2025-12-31,marginal,149,8788.92
P018143,2025-12-31,employed,266,40962.1
P018145,2025-12-31,employed,276,18307.13
P018147,2025-12-31,employed,365,16811.72
P018149,2025-12-31,employed,263,21424.46
P018152,2025-12-31,no_record,0,0
P018156,2025-12-31,employed,314,73922.58
P018159,2025-12-31,employed,287,39835.72
P018161,2025-12-31,employed,326,43632.76
P018162,2025-12-31,employed,270,16841.33
P018164,2025-12-31,marginal,125,4802.22
P018168,2025-12-31,employed,237,25390.45
P018169,2025-12-31,self_employed,257,37461.87
P018172,2025-12-31,employed,276,27998.67
P018175,2025-12-31,employed,302,28423.83
P018179,2025-12-31,marginal,130,4421.9
P018180,2025-12-31,no_record,0,0
P018182,2025-12-31,marginal,125,7881.76
P018187,2025-12-31,employed,208,37897.97
P018190,2025-12-31,marginal,135,3816.67
P018191,2025-12-31,self_employed,NA,57811.62
P018194,2025-12-31,self_employed,203,6652.95
P018196,2025-12-31,employed,253,47833.99
P018197,2025-12-31,marginal,99,5444.06
P018204,2025-12-31,employed,364,17184.26
P018209,2025-12-31,employed,281,10469.83
P018210,2025-12-31,employed,348,41541.37
P018211,2025-12-31,employed,226,32462.09
P018212,2025-12-31,employed,308,18739.92
P018215,2025-12-31,marginal,72,7790.66
P018216,2025-12-31,self_employed,168,13432.07
P018219,2025-12-31,employed,365,48761.75
P018221,2025-12-31,employed,207,42106.41
P018226,2025-12-31,employed,283,18933.66
P018227,2025-12-31,employed,234,24907.9
P018229,2025-12-31,marginal,114,4099.79
P018230,2025-12-31,employed,258,23107.42
P018231,2025-12-31,marginal,120,3393.01
P018236,2025-12-31,employed,308,36401.28
P018243,2025-12-31,employed,NA,65674.45
P018244,2025-12-31,employed,341,19887.21
P018245,2025-12-31,marginal,100,3992.61
P018246,2025-12-31,employed,345,32636.67
P018250,2025-12-31,employed,365,35897.47
P018253,2025-12-31,employed,253,44263.22
P018259,2025-12-31,employed,235,44649.59
P018261,2025-12-31,employed,322,48731.23
P018263,2025-12-31,employed,365,33831.13
P018264,2025-12-31,employed,310,20609.54
P018266,2025-12-31,employed,287,58743.01
P018268,2025-12-31,self_employed,229,31896.93
P018269,2025-12-31,employed,365,11441.25
P018271,2025-12-31,employed,327,31460.75
P018273,2025-12-31,employed,309,22408.05
P018274,2025-12-31,employed,264,18556.13
P018275,2025-12-31,marginal,83,5278.03
P018276,2025-12-31,employed,197,17916.15
P018278,2025-12-31,marginal,68,4112.17
P018280,2025-12-31,employed,351,12490.89
P018282,2025-12-31,employed,365,36923.16
P018284,2025-12-31,employed,301,27226.94
P018286,2025-12-31,employed,234,47314.04
P018288,2025-12-31,employed,239,38529.54
P018290,2025-12-31,marginal,129,3388.15
P018291,2025-12-31,employed,336,29404.8
P018293,2025-12-31,marginal,100,4713.99
P018295,2025-12-31,employed,365,18244.53
P018296,2025-12-31,employed,336,34426.53
P018298,2025-12-31,employed,287,21619.95
P018300,2025-12-31,no_record,0,0
P018302,2025-12-31,employed,338,48565.76
P018305,2025-12-31,employed,171,24880.21
P018307,2025-12-31,self_employed,343,9609.87
P018308,2025-12-31,employed,313,103079.19
P018309,2025-12-31,employed,259,42612.87
P018310,2025-12-31,marginal,139,9880.94
P018313,2025-12-31,no_record,0,0
P018317,2025-12-31,self_employed,241,10921.65
P018319,2025-12-31,employed,326,29066.03
P018323,2025-12-31,employed,277,22521.98
P018324,2025-12-31,marginal,140,4287.48
P018325,2025-12-31,marginal,48,4423.77
P018326,2025-12-31,employed,325,35243.37
P018328,2025-12-31,no_record,0,0
P018329,2025-12-31,self_employed,327,21143.18
P018330,2025-12-31,employed,298,17339.77
P018331,2025-12-31,employed,322,15682.46
P018332,2025-12-31,employed,241,49012.23
P018333,2025-12-31,employed,323,37884.82
P018338,2025-12-31,employed,266,12859.02
P018341,2025-12-31,employed,296,27612.64
P018342,2025-12-31,marginal,53,2840.43
P018343,2025-12-31,employed,301,42816.92
P018346,2025-12-31,marginal,140,4942.1
P018347,2025-12-31,no_record,0,0
P018348,2025-12-31,marginal,169,3151.06
P018349,2025-12-31,employed,328,24505.84
P018350,2025-12-31,employed,259,16719.55
P018352,2025-12-31,employed,365,37463
P018355,2025-12-31,self_employed,351,34183.56
P018357,2025-12-31,employed,365,32691.13
P018362,2025-12-31,employed,215,45332.78
P018363,2025-12-31,marginal,104,2566.17
P018365,2025-12-31,self_employed,223,5518.7
P018371,2025-12-31,marginal,122,5834.99
P018372,2025-12-31,marginal,163,6005.42
P018373,2025-12-31,marginal,137,3769.38
P018374,2025-12-31,employed,261,59264.96
P018375,2025-12-31,employed,135,27998.6
P018377,2025-12-31,marginal,101,4737.96
P018380,2025-12-31,employed,254,11814.73
P018381,2025-12-31,employed,326,39981.28
P018383,2025-12-31,employed,259,33452.19
P018385,2025-12-31,employed,341,39124.14
P018389,2025-12-31,employed,297,44396.25
P018393,2025-12-31,employed,326,37141.77
P018394,2025-12-31,employed,258,15925.75
P018401,2025-12-31,marginal,140,4493.97
P018405,2025-12-31,employed,240,23941.23
P018407,2025-12-31,employed,267,17846.91
P018411,2025-12-31,employed,305,24032.88
P018412,2025-12-31,employed,315,30338.31
P018413,2025-12-31,employed,365,26485.32
P018415,2025-12-31,employed,246,27819.13
P018416,2025-12-31,employed,178,25716.14
P018420,2025-12-31,employed,353,42256.75
P018422,2025-12-31,employed,200,13538.49
P018425,2025-12-31,employed,321,27733.21
P018427,2025-12-31,employed,207,46217.39
P018430,2025-12-31,employed,304,33392.97
P018435,2025-12-31,employed,276,29955.38
P018437,2025-12-31,employed,301,22830.37
P018440,2025-12-31,employed,365,16113.87
P018441,2025-12-31,employed,222,58904.08
P018445,2025-12-31,employed,153,23518.63
P018446,2025-12-31,employed,237,26723.26
P018449,2025-12-31,employed,315,42044.11
P018450,2025-12-31,employed,359,23890.64
P018451,2025-12-31,employed,299,28330.65
P018452,2025-12-31,marginal,67,5351.03
P018453,2025-12-31,marginal,157,5801.5
P018454,2025-12-31,employed,305,38375.76
P018455,2025-12-31,employed,317,30076.39
P018457,2025-12-31,employed,238,24177.32
P018460,2025-12-31,employed,129,28948.41
P018462,2025-12-31,employed,221,19745.16
P018465,2025-12-31,employed,262,40448.06
P018468,2025-12-31,employed,195,8680.53
P018469,2025-12-31,employed,286,24300.89
P018470,2025-12-31,employed,173,38853.98
P018471,2025-12-31,employed,365,19268.38
P018472,2025-12-31,employed,219,65242.68
P018474,2025-12-31,employed,301,48726.71
P018475,2025-12-31,employed,352,10162.57
P018476,2025-12-31,employed,294,42455.86
P018477,2025-12-31,employed,261,46146.33
P018478,2025-12-31,marginal,128,6876.22
P018481,2025-12-31,employed,198,38103.04
P018484,2025-12-31,employed,232,64887.84
P018486,2025-12-31,marginal,169,5215.44
P018488,2025-12-31,employed,343,46306.05
P018491,2025-12-31,employed,327,26136.67
P018492,2025-12-31,employed,259,22417.51
P018493,2025-12-31,employed,301,29219.98
P018494,2025-12-31,employed,365,15178.79
P018496,2025-12-31,marginal,120,4042.74
P018497,2025-12-31,employed,328,14336.12
P018498,2025-12-31,marginal,78,3499.96
P018505,2025-12-31,employed,292,25228.71
P018507,2025-12-31,employed,267,32518.58
P018508,2025-12-31,employed,246,19390.9
P018513,2025-12-31,self_employed,113,31410.26
P018514,2025-12-31,self_employed,244,14389.09
P018518,2025-12-31,employed,219,26481.65
P018519,2025-12-31,marginal,147,4890.61
P018521,2025-12-31,employed,243,28198.95
P018523,2025-12-31,employed,302,15027.89
P018524,2025-12-31,employed,292,33571.31
P018525,2025-12-31,self_employed,148,45961.29
P018530,2025-12-31,marginal,130,6149.07
P018531,2025-12-31,employed,354,24098.08
P018535,2025-12-31,employed,365,40414.07
P018536,2025-12-31,self_employed,186,16118.47
P018542,2025-12-31,employed,251,10464.98
P018544,2025-12-31,self_employed,228,15048.03
P018548,2025-12-31,employed,336,23456.1
P018549,2025-12-31,employed,263,19894.1
P018555,2025-12-31,employed,305,23198.17
P018559,2025-12-31,employed,334,25292.38
P018561,2025-12-31,employed,93,21852.15
P018562,2025-12-31,marginal,125,5533.56
P018563,2025-12-31,employed,311,27071.87
P018564,2025-12-31,employed,272,41792.36
P018567,2025-12-31,employed,365,13279.31
P018568,2025-12-31,marginal,77,4031.7
P018571,2025-12-31,no_record,0,0
P018573,2025-12-31,employed,345,19379.38
P018574,2025-12-31,marginal,72,3461.2
P018578,2025-12-31,self_employed,254,14782.25
P018580,2025-12-31,employed,226,30230.18
P018581,2025-12-31,employed,239,28005.26
P018585,2025-12-31,marginal,151,11331.94
P018586,2025-12-31,employed,183,16860.77
P018587,2025-12-31,employed,281,19856.15
P018588,2025-12-31,employed,252,48805.35
P018595,2025-12-31,employed,365,18078.33
P018596,2025-12-31,employed,269,58651.98
P018597,2025-12-31,employed,363,12167.76
P018599,2025-12-31,marginal,123,6313.16
P018602,2025-12-31,employed,308,16575.4
P018604,2025-12-31,self_employed,219,4987.01
P018607,2025-12-31,employed,326,18941.8
P018608,2025-12-31,employed,269,65520.13
P018611,2025-12-31,employed,327,29302.11
P018613,2025-12-31,employed,251,26745.93
P018615,2025-12-31,self_employed,272,20501.25
P018616,2025-12-31,employed,230,29358.05
P018617,2025-12-31,employed,203,16679.62
P018621,2025-12-31,employed,236,24106.64
P018622,2025-12-31,self_employed,166,34669.26
P018624,2025-12-31,employed,266,31501.52
P018625,2025-12-31,employed,305,21860.84
P018627,2025-12-31,employed,304,14712.88
P018629,2025-12-31,self_employed,362,33301.5
P018631,2025-12-31,employed,310,9081.06
P018633,2025-12-31,employed,365,31547.66
P018634,2025-12-31,employed,248,39201.19
P018642,2025-12-31,marginal,113,4948.91
P018646,2025-12-31,employed,347,14471.96
P018647,2025-12-31,employed,244,36120.13
P018651,2025-12-31,employed,353,49352.93
P018653,2025-12-31,employed,301,32838.12
P018656,2025-12-31,employed,365,35386.75
P018657,2025-12-31,marginal,56,9199.49
P018660,2025-12-31,self_employed,256,29680.15
P018673,2025-12-31,employed,196,44104.63
P018674,2025-12-31,employed,333,49686.37
P018675,2025-12-31,employed,341,24050.25
P018676,2025-12-31,employed,333,21837.54
P018681,2025-12-31,marginal,147,5664.35
P018687,2025-12-31,employed,235,18694.17
P018689,2025-12-31,employed,344,16765.03
P018690,2025-12-31,self_employed,249,NA
P018694,2025-12-31,employed,354,10130.4
P018695,2025-12-31,employed,365,29781.16
P018697,2025-12-31,employed,196,24383.64
P018699,2025-12-31,employed,365,44262.88
P018701,2025-12-31,employed,259,28693.77
P018704,2025-12-31,employed,297,48474.36
P018705,2025-12-31,employed,250,33631.42
P018711,2025-12-31,employed,231,27751.84
P018713,2025-12-31,self_employed,264,20787.9
P018714,2025-12-31,employed,306,27435.92
P018717,2025-12-31,employed,365,8777.25
P018718,2025-12-31,employed,277,21333.27
P018719,2025-12-31,employed,281,18210.41
P018722,2025-12-31,employed,305,36289.23
P018723,2025-12-31,marginal,110,4827.58
P018724,2025-12-31,employed,224,25689.6
P018725,2025-12-31,marginal,135,4725.72
P018726,2025-12-31,self_employed,91,5425.71
P018729,2025-12-31,employed,312,28043.49
P018734,2025-12-31,self_employed,196,19598.96
P018735,2025-12-31,employed,323,18606.68
P018737,2025-12-31,employed,257,21912.26
P018740,2025-12-31,employed,237,26841.44
P018741,2025-12-31,employed,243,35281.34
P018743,2025-12-31,employed,353,32008.38
P018744,2025-12-31,employed,332,15714.16
P018748,2025-12-31,self_employed,344,4348.13
P018749,2025-12-31,employed,204,33832.17
P018751,2025-12-31,employed,279,38327.84
P018752,2025-12-31,employed,305,32214.86
P018756,2025-12-31,employed,288,NA
P018757,2025-12-31,employed,275,39169.25
P018764,2025-12-31,employed,150,29984.2
P018765,2025-12-31,employed,219,30708.28
P018766,2025-12-31,marginal,187,2174.5
P018767,2025-12-31,employed,234,33294.57
P018773,2025-12-31,employed,272,17943.88
P018776,2025-12-31,employed,265,34988.9
P018777,2025-12-31,employed,316,22854.82
P018780,2025-12-31,marginal,95,2226.98
P018786,2025-12-31,marginal,126,4573.02
P018787,2025-12-31,employed,358,33046.8
P018791,2025-12-31,employed,365,9471.35
P018794,2025-12-31,employed,334,18774.73
P018798,2025-12-31,employed,362,38052.45
P018803,2025-12-31,marginal,136,5884.31
P018805,2025-12-31,employed,325,41865.05
P018808,2025-12-31,self_employed,221,20743.7
P018809,2025-12-31,marginal,142,6051.2
P018811,2025-12-31,employed,282,34359.82
P018812,2025-12-31,employed,289,42127.84
P018813,2025-12-31,employed,168,34984.67
P018816,2025-12-31,self_employed,241,37853.19
P018820,2025-12-31,self_employed,201,8278.78
P018821,2025-12-31,employed,365,33399.16
P018823,2025-12-31,employed,208,40876.23
P018824,2025-12-31,employed,334,71498.37
P018825,2025-12-31,employed,271,17742.37
P018826,2025-12-31,employed,216,NA
P018827,2025-12-31,employed,340,30984.54
P018828,2025-12-31,employed,160,23616.43
P018829,2025-12-31,employed,353,13661.42
P018832,2025-12-31,employed,316,28413.56
P018834,2025-12-31,employed,112,20171.19
P018836,2025-12-31,employed,272,18098.58
P018840,2025-12-31,employed,291,30512.07
P018842,2025-12-31,employed,279,24708.09
P018843,2025-12-31,employed,269,17660.81
P018844,2025-12-31,self_employed,289,34078.06
P018846,2025-12-31,employed,330,31534.74
P018848,2025-12-31,employed,309,35855.65
P018850,2025-12-31,employed,330,30117.95
P018851,2025-12-31,employed,248,40172.31
P018852,2025-12-31,employed,345,20235.14
P018854,2025-12-31,employed,306,25320.25
P018855,2025-12-31,employed,289,29799.22
P018856,2025-12-31,employed,286,73587.01
P018858,2025-12-31,employed,365,13154.74
P018860,2025-12-31,employed,262,25705.9
P018862,2025-12-31,employed,219,25395.91
P018863,2025-12-31,self_employed,240,41924.4
P018865,2025-12-31,employed,229,9208.29
P018867,2025-12-31,employed,154,32799.07
P018868,2025-12-31,employed,216,33015.75
P018869,2025-12-31,marginal,142,4539.02
P018871,2025-12-31,employed,239,15848.83
P018872,2025-12-31,employed,218,20951.28
P018874,2025-12-31,employed,242,41939
P018875,2025-12-31,employed,215,59978.05
P018876,2025-12-31,employed,333,45165.37
P018877,2025-12-31,self_employed,320,14661.39
P018878,2025-12-31,employed,200,13017.16
P018879,2025-12-31,self_employed,317,7817.68
P018882,2025-12-31,employed,291,16483.28
P018884,2025-12-31,employed,324,26641.03
P018885,2025-12-31,employed,NA,16190.56
P018886,2025-12-31,employed,224,31496.35
P018887,2025-12-31,self_employed,227,20303.88
P018890,2025-12-31,employed,361,10150.53
P018891,2025-12-31,employed,322,28026.33
P018896,2025-12-31,employed,365,23877.66
P018898,2025-12-31,self_employed,244,7356.95
P018899,2025-12-31,employed,365,20009.09
P018900,2025-12-31,employed,156,17450.78
P018903,2025-12-31,employed,226,26901.29
P018904,2025-12-31,employed,300,21071.74
P018910,2025-12-31,employed,331,33348.72
P018911,2025-12-31,employed,365,19366.92
P018912,2025-12-31,employed,231,20695.81
P018915,2025-12-31,employed,238,31036.36
P018918,2025-12-31,employed,346,17602.38
P018924,2025-12-31,employed,216,17516.58
P018928,2025-12-31,employed,333,19462.94
P018929,2025-12-31,employed,306,22020.76
P018930,2025-12-31,employed,255,20762.55
P018932,2025-12-31,marginal,47,7055.23
P018936,2025-12-31,marginal,100,5626.06
P018937,2025-12-31,employed,283,30377.78
P018939,2025-12-31,marginal,151,5756.22
P018943,2025-12-31,employed,320,41921.44
P018945,2025-12-31,employed,280,17726.74
P018950,2025-12-31,no_record,0,0
P018953,2025-12-31,employed,254,25876.61
P018954,2025-12-31,employed,265,16120.28
P018959,2025-12-31,self_employed,190,15379.88
P018961,2025-12-31,employed,248,40602.1
P018966,2025-12-31,employed,210,19509.14
P018969,2025-12-31,employed,225,11845.99
P018973,2025-12-31,employed,354,37172.81
P018975,2025-12-31,employed,331,16014.8
P018976,2025-12-31,marginal,128,5319.91
P018981,2025-12-31,employed,344,64012.71
P018986,2025-12-31,employed,283,21535.1
P018989,2025-12-31,employed,272,31136.94
P018991,2025-12-31,employed,360,30279.15
P018992,2025-12-31,employed,239,18129.44
P018994,2025-12-31,employed,338,26196.94
P018995,2025-12-31,employed,293,20995.76
P018996,2025-12-31,self_employed,235,17064.81
P018997,2025-12-31,employed,365,23485.9
P018999,2025-12-31,marginal,134,4147.53
P019000,2025-12-31,employed,243,22475.19
P019001,2025-12-31,employed,355,33528.53
P019004,2025-12-31,employed,189,35211.39
P019006,2025-12-31,employed,359,16478
P019008,2025-12-31,employed,185,19207.27
P019012,2025-12-31,employed,276,24733.11
P019015,2025-12-31,employed,225,49184.17
P019016,2025-12-31,employed,365,45554.72
P019019,2025-12-31,marginal,107,6580.36
P019020,2025-12-31,employed,365,25924.75
P019027,2025-12-31,marginal,34,6210.62
P019034,2025-12-31,self_employed,268,60497.08
P019035,2025-12-31,marginal,66,8373.49
P019036,2025-12-31,employed,307,14844.28
P019037,2025-12-31,employed,365,33095.07
P019040,2025-12-31,employed,325,13680.17
P019041,2025-12-31,employed,286,52938.54
P019042,2025-12-31,employed,277,19342.64
P019043,2025-12-31,marginal,57,5665.7
P019046,2025-12-31,employed,348,20519.76
P019047,2025-12-31,marginal,121,5067.59
P019048,2025-12-31,employed,341,51814.89
P019051,2025-12-31,employed,351,31973.73
P019055,2025-12-31,employed,363,25550.07
P019059,2025-12-31,employed,338,36153.41
P019062,2025-12-31,employed,193,11462.35
P019065,2025-12-31,employed,326,27201.53
P019068,2025-12-31,employed,317,10984.05
P019069,2025-12-31,employed,365,14175.87
P019071,2025-12-31,employed,308,19641.42
P019072,2025-12-31,marginal,106,3681.76
P019073,2025-12-31,employed,246,29685.87
P019076,2025-12-31,employed,NA,78784
P019080,2025-12-31,employed,257,22415.04
P019088,2025-12-31,employed,365,29008.73
P019092,2025-12-31,employed,296,15239.93
P019095,2025-12-31,marginal,118,5954.04
P019096,2025-12-31,employed,327,9989.57
P019097,2025-12-31,employed,276,39035.34
P019099,2025-12-31,no_record,0,0
P019101,2025-12-31,employed,335,19120.09
P019108,2025-12-31,employed,291,29247.72
P019109,2025-12-31,employed,293,18941.34
P019110,2025-12-31,employed,281,13853.5
P019114,2025-12-31,marginal,61,4274.92
P019115,2025-12-31,self_employed,298,6216.84
P019116,2025-12-31,marginal,139,5520.97
P019117,2025-12-31,employed,284,12108.02
P019118,2025-12-31,employed,320,34110.81
P019119,2025-12-31,employed,365,42738.45
P019120,2025-12-31,marginal,141,6922.3
P019122,2025-12-31,employed,292,16643.25
P019124,2025-12-31,employed,356,13928.28
P019126,2025-12-31,employed,319,42270.27
P019127,2025-12-31,employed,213,25671.34
P019129,2025-12-31,no_record,0,0
P019130,2025-12-31,employed,365,19643.47
P019136,2025-12-31,self_employed,330,7023.01
P019137,2025-12-31,employed,294,20983.47
P019138,2025-12-31,employed,260,24441.48
P019139,2025-12-31,employed,248,32451.06
P019141,2025-12-31,no_record,0,0
P019142,2025-12-31,employed,276,34076.49
P019144,2025-12-31,employed,362,17127.02
P019145,2025-12-31,employed,326,25227.83
P019146,2025-12-31,employed,253,59215.14
P019149,2025-12-31,employed,309,28840.4
P019152,2025-12-31,employed,359,77739.27
P019153,2025-12-31,employed,327,14562.85
P019155,2025-12-31,employed,289,24856.73
P019160,2025-12-31,employed,333,34532.37
P019161,2025-12-31,employed,277,23660.43
P019165,2025-12-31,employed,212,17798.33
P019166,2025-12-31,employed,365,38247.37
P019169,2025-12-31,employed,255,36183.83
P019171,2025-12-31,self_employed,190,5290.64
P019172,2025-12-31,employed,303,35517.52
P019173,2025-12-31,employed,289,21496.43
P019174,2025-12-31,employed,309,15592.29
P019175,2025-12-31,employed,365,21253.63
P019177,2025-12-31,marginal,146,4515.75
P019180,2025-12-31,employed,280,42062.35
P019184,2025-12-31,employed,309,39616.29
P019188,2025-12-31,employed,365,23385.4
P019190,2025-12-31,self_employed,92,58737.1
P019192,2025-12-31,employed,365,22063.88
P019196,2025-12-31,self_employed,284,8974.06
P019197,2025-12-31,employed,255,16716.4
P019198,2025-12-31,employed,122,55351.4
P019199,2025-12-31,marginal,22,9527.45
P019200,2025-12-31,employed,221,25986.49
P019202,2025-12-31,employed,315,20984.56
P019204,2025-12-31,employed,365,58656.6
P019206,2025-12-31,employed,302,14126.47
P019207,2025-12-31,employed,346,18317.05
P019208,2025-12-31,employed,298,25647.62
P019209,2025-12-31,employed,294,15946.8
P019210,2025-12-31,employed,235,9204.44
P019211,2025-12-31,marginal,108,3969.18
P019212,2025-12-31,employed,221,71939.88
P019214,2025-12-31,employed,168,31093.25
P019217,2025-12-31,employed,219,54174.18
P019226,2025-12-31,employed,215,33526.59
P019227,2025-12-31,employed,365,27756.11
P019228,2025-12-31,employed,344,14829.45
P019229,2025-12-31,self_employed,312,22999.29
P019232,2025-12-31,self_employed,325,6076.34
P019233,2025-12-31,employed,279,44797.65
P019234,2025-12-31,employed,347,26967.98
P019235,2025-12-31,employed,198,26007.93
P019237,2025-12-31,employed,262,21178.58
P019240,2025-12-31,employed,365,32586.65
P019242,2025-12-31,employed,312,21213.55
P019244,2025-12-31,marginal,54,4414.01
P019245,2025-12-31,employed,365,35060.41
P019247,2025-12-31,employed,337,20039.67
P019248,2025-12-31,employed,267,22536.56
P019255,2025-12-31,employed,215,21072.96
P019257,2025-12-31,employed,300,19288.52
P019258,2025-12-31,employed,295,13920.15
P019259,2025-12-31,employed,360,25300.7
P019260,2025-12-31,employed,287,30622.96
P019262,2025-12-31,employed,214,34248.08
P019263,2025-12-31,employed,340,37642.98
P019264,2025-12-31,employed,283,54716.76
P019269,2025-12-31,employed,365,18983.89
P019270,2025-12-31,employed,287,22185.17
P019271,2025-12-31,employed,286,45612.94
P019272,2025-12-31,employed,319,34529.15
P019279,2025-12-31,employed,276,15114.79
P019280,2025-12-31,employed,293,33391.05
P019281,2025-12-31,employed,365,10879.26
P019282,2025-12-31,employed,175,34168.34
P019283,2025-12-31,marginal,81,3396.8
P019284,2025-12-31,employed,354,15050.61
P019285,2025-12-31,employed,297,50812.29
P019286,2025-12-31,employed,217,10091.94
P019287,2025-12-31,marginal,110,5038.44
P019288,2025-12-31,employed,286,62697.69
P019289,2025-12-31,employed,365,22430.54
P019290,2025-12-31,employed,365,17910.81
P019291,2025-12-31,employed,314,12267.39
P019292,2025-12-31,employed,320,25619.45
P019293,2025-12-31,self_employed,273,38035.04
P019299,2025-12-31,self_employed,204,10001.89
P019300,2025-12-31,marginal,57,6361.26
P019302,2025-12-31,employed,238,23269.72
P019308,2025-12-31,employed,265,14584.96
P019309,2025-12-31,marginal,112,5099.34
P019310,2025-12-31,employed,289,27383
P019311,2025-12-31,employed,347,28135.53
P019313,2025-12-31,employed,365,25693.54
P019314,2025-12-31,employed,322,17859.6
P019322,2025-12-31,employed,279,18356.6
P019324,2025-12-31,employed,338,14521.3
P019327,2025-12-31,no_record,0,0
P019328,2025-12-31,employed,360,27466.03
P019333,2025-12-31,employed,226,35832.7
P019334,2025-12-31,self_employed,246,23250.81
P019336,2025-12-31,employed,290,44969.81
P019337,2025-12-31,employed,359,40418.05
P019339,2025-12-31,self_employed,259,35588.83
P019344,2025-12-31,employed,309,42521.28
P019345,2025-12-31,no_record,0,0
P019346,2025-12-31,employed,277,15659.19
P019347,2025-12-31,employed,309,26848.56
P019350,2025-12-31,employed,274,14663.32
P019354,2025-12-31,employed,331,34273.06
P019357,2025-12-31,employed,335,28790.11
P019358,2025-12-31,employed,331,58242.71
P019359,2025-12-31,marginal,126,4764.68
P019362,2025-12-31,marginal,175,11000.26
P019364,2025-12-31,employed,272,32476.63
P019365,2025-12-31,marginal,83,4255.91
P019366,2025-12-31,employed,266,19895.85
P019370,2025-12-31,employed,247,NA
P019375,2025-12-31,marginal,56,6780.79
P019377,2025-12-31,employed,311,15620
P019379,2025-12-31,employed,330,23225.16
P019380,2025-12-31,employed,313,18072.02
P019384,2025-12-31,self_employed,365,47651.14
P019390,2025-12-31,marginal,124,6258.73
P019391,2025-12-31,employed,272,25746.94
P019395,2025-12-31,employed,365,33921.5
P019402,2025-12-31,employed,295,44636.55
P019404,2025-12-31,employed,364,18740.76
P019406,2025-12-31,employed,291,28130.94
P019409,2025-12-31,employed,324,28124.57
P019410,2025-12-31,marginal,94,5062.59
P019412,2025-12-31,marginal,85,3644.05
P019413,2025-12-31,employed,286,47677.62
P019415,2025-12-31,employed,254,NA
P019418,2025-12-31,employed,247,24336.03
P019419,2025-12-31,employed,322,28138.57
P019421,2025-12-31,employed,127,18705.12
P019422,2025-12-31,employed,365,19160.52
P019423,2025-12-31,self_employed,214,34018.83
P019424,2025-12-31,employed,303,41570.43
P019425,2025-12-31,employed,109,12133.02
P019429,2025-12-31,marginal,52,4055.93
P019430,2025-12-31,self_employed,180,12783.37
P019434,2025-12-31,employed,297,18130.38
P019438,2025-12-31,marginal,127,5893.79
P019440,2025-12-31,employed,291,26028.2
P019443,2025-12-31,employed,183,52671.85
P019446,2025-12-31,employed,277,62795.21
P019449,2025-12-31,employed,257,22536.36
P019451,2025-12-31,employed,283,32856.97
P019454,2025-12-31,employed,344,23073.12
P019458,2025-12-31,self_employed,320,14305.9
P019459,2025-12-31,marginal,126,9908.93
P019464,2025-12-31,employed,278,40373.13
P019465,2025-12-31,employed,275,44771.29
P019468,2025-12-31,employed,284,23268.55
P019470,2025-12-31,employed,254,48243.32
P019471,2025-12-31,employed,282,31219.07
P019473,2025-12-31,employed,254,8141.26
P019475,2025-12-31,employed,247,22670.2
P019477,2025-12-31,employed,201,23498.17
P019481,2025-12-31,marginal,158,3516.69
P019482,2025-12-31,employed,365,31166.29
P019483,2025-12-31,employed,249,22883.37
P019484,2025-12-31,employed,365,19944.23
P019485,2025-12-31,employed,207,32425.92
P019487,2025-12-31,employed,365,20444.16
P019493,2025-12-31,employed,267,27364.49
P019495,2025-12-31,self_employed,310,5160.74
P019497,2025-12-31,employed,261,51950.85
P019498,2025-12-31,self_employed,336,5559.99
P019499,2025-12-31,employed,259,68272.64
P019500,2025-12-31,employed,296,13558.56
P019504,2025-12-31,employed,365,27984.05
P019510,2025-12-31,employed,365,28809.94
P019511,2025-12-31,employed,285,45279.61
P019515,2025-12-31,employed,225,17003.65
P019516,2025-12-31,marginal,84,3036.92
P019520,2025-12-31,marginal,95,3992.58
P019526,2025-12-31,employed,220,33668.7
P019529,2025-12-31,employed,282,36533.7
P019543,2025-12-31,employed,363,10540.05
P019544,2025-12-31,employed,365,34273.25
P019553,2025-12-31,employed,194,30961.75
P019556,2025-12-31,marginal,137,8183.65
P019560,2025-12-31,marginal,170,3962.88
P019561,2025-12-31,employed,319,27714.04
P019565,2025-12-31,employed,281,11408.89
P019568,2025-12-31,employed,199,22468.73
P019569,2025-12-31,employed,336,10582.05
P019570,2025-12-31,employed,351,20686.68
P019571,2025-12-31,employed,266,21338.39
P019572,2025-12-31,employed,365,67686.74
P019574,2025-12-31,self_employed,167,59342.07
P019576,2025-12-31,employed,365,26358.47
P019578,2025-12-31,self_employed,285,16643.11
P019579,2025-12-31,employed,293,27131.18
P019580,2025-12-31,employed,285,14645.31
P019581,2025-12-31,self_employed,164,16353.69
P019582,2025-12-31,employed,324,47280.56
P019584,2025-12-31,self_employed,257,27974.93
P019586,2025-12-31,employed,295,29023.17
P019588,2025-12-31,employed,258,22965.01
P019589,2025-12-31,marginal,156,5855.43
P019591,2025-12-31,employed,261,38575.69
P019592,2025-12-31,self_employed,246,7068.89
P019593,2025-12-31,employed,236,18881.49
P019597,2025-12-31,employed,236,14606.77
P019599,2025-12-31,marginal,182,6155.02
P019600,2025-12-31,self_employed,276,26886.7
P019601,2025-12-31,employed,295,35121.18
P019602,2025-12-31,employed,260,26906.76
P019603,2025-12-31,self_employed,230,32489.23
P019606,2025-12-31,employed,236,40511.02
P019611,2025-12-31,employed,365,29967.51
P019612,2025-12-31,employed,359,26983.65
P019614,2025-12-31,employed,333,28219.29
P019616,2025-12-31,employed,236,20195.5
P019617,2025-12-31,employed,365,60175.96
P019620,2025-12-31,employed,321,39390.78
P019622,2025-12-31,employed,198,37280.48
P019623,2025-12-31,employed,254,63721.64
P019624,2025-12-31,employed,365,14681.2
P019625,2025-12-31,employed,344,32525.17
P019626,2025-12-31,marginal,139,5368.99
P019628,2025-12-31,employed,353,38660.71
P019632,2025-12-31,employed,307,57646.17
P019633,2025-12-31,self_employed,105,6992.12
P019634,2025-12-31,employed,322,12861.78
P019635,2025-12-31,employed,339,19268.35
P019637,2025-12-31,employed,277,11714.98
P019640,2025-12-31,employed,251,14243.23
P019642,2025-12-31,marginal,132,3216.67
P019647,2025-12-31,marginal,163,9582.47
P019649,2025-12-31,employed,NA,17483.54
P019650,2025-12-31,self_employed,231,22122.9
P019654,2025-12-31,employed,318,17424.26
P019656,2025-12-31,self_employed,165,15552.02
P019657,2025-12-31,employed,274,45343.25
P019659,2025-12-31,employed,266,43971.85
P019660,2025-12-31,employed,283,20641.06
P019661,2025-12-31,employed,365,23563.43
P019663,2025-12-31,employed,334,45914.11
P019664,2025-12-31,employed,272,44087.02
P019666,2025-12-31,employed,248,18715.71
P019667,2025-12-31,employed,252,33884.66
P019669,2025-12-31,marginal,180,6169.2
P019670,2025-12-31,employed,316,8934.71
P019673,2025-12-31,employed,308,22185.68
P019674,2025-12-31,employed,316,26168.95
P019675,2025-12-31,employed,365,45375.32
P019677,2025-12-31,self_employed,250,73461.47
P019681,2025-12-31,employed,237,23984.69
P019682,2025-12-31,employed,277,63893.23
P019683,2025-12-31,employed,255,16475.53
P019686,2025-12-31,employed,263,67770.24
P019687,2025-12-31,marginal,127,4713.23
P019690,2025-12-31,employed,279,30487.13
P019692,2025-12-31,marginal,93,6984.71
P019694,2025-12-31,self_employed,234,31235.73
P019695,2025-12-31,employed,254,15455.02
P019696,2025-12-31,self_employed,210,18948.19
P019697,2025-12-31,employed,333,18312.59
P019703,2025-12-31,employed,307,18999.34
P019705,2025-12-31,employed,365,41812.74
P019706,2025-12-31,employed,265,26237.48
P019707,2025-12-31,employed,252,32888.42
P019708,2025-12-31,employed,365,32837.28
P019709,2025-12-31,self_employed,313,10290.36
P019712,2025-12-31,employed,193,33748.85
P019715,2025-12-31,employed,327,25198.01
P019716,2025-12-31,marginal,96,7111.75
P019717,2025-12-31,employed,248,22817.57
P019718,2025-12-31,self_employed,188,37540.86
P019719,2025-12-31,employed,354,16807.26
P019720,2025-12-31,employed,327,17388.23
P019722,2025-12-31,employed,239,55040.15
P019723,2025-12-31,employed,264,25350.79
P019725,2025-12-31,employed,277,19455.87
P019727,2025-12-31,employed,300,59145.93
P019728,2025-12-31,employed,233,18715.78
P019729,2025-12-31,employed,NA,15968.1
P019730,2025-12-31,employed,360,26078.65
P019731,2025-12-31,employed,316,37758.85
P019733,2025-12-31,employed,271,35954.03
P019734,2025-12-31,employed,242,17075.39
P019739,2025-12-31,employed,240,31512.56
P019742,2025-12-31,employed,281,24699.62
P019743,2025-12-31,employed,350,18465.16
P019748,2025-12-31,employed,337,32938.2
P019749,2025-12-31,employed,365,39302.45
P019753,2025-12-31,self_employed,225,6972.41
P019754,2025-12-31,employed,179,40425.24
P019758,2025-12-31,employed,234,39229.84
P019759,2025-12-31,marginal,140,5585.46
P019761,2025-12-31,employed,348,25077.89
P019762,2025-12-31,marginal,97,4833.43
P019763,2025-12-31,marginal,70,5006.33
P019765,2025-12-31,employed,212,7993.41
P019768,2025-12-31,no_record,0,0
P019769,2025-12-31,employed,339,34445.3
P019773,2025-12-31,employed,213,12253.29
P019775,2025-12-31,employed,344,20618.78
P019777,2025-12-31,marginal,88,4312.32
P019778,2025-12-31,self_employed,190,47028.23
P019784,2025-12-31,marginal,119,5868.04
P019786,2025-12-31,employed,334,23331.88
P019787,2025-12-31,employed,365,15524.13
P019788,2025-12-31,employed,183,19650.32
P019790,2025-12-31,employed,365,30291.17
P019791,2025-12-31,marginal,137,3955.76
P019794,2025-12-31,employed,280,37900.75
P019795,2025-12-31,employed,348,23476.13
P019796,2025-12-31,employed,305,18485.49
P019798,2025-12-31,employed,345,17544.63
P019799,2025-12-31,employed,288,12319.28
P019802,2025-12-31,employed,295,8797.99
P019804,2025-12-31,employed,348,NA
P019809,2025-12-31,employed,212,43061.68
P019810,2025-12-31,employed,257,10193.41
P019811,2025-12-31,employed,279,18949.23
P019812,2025-12-31,employed,286,22694.58
P019813,2025-12-31,self_employed,288,19073.49
P019816,2025-12-31,employed,251,47090.34
P019817,2025-12-31,self_employed,259,53592.35
P019818,2025-12-31,employed,297,18645.62
P019822,2025-12-31,employed,280,62290.65
P019826,2025-12-31,employed,303,21035.43
P019827,2025-12-31,employed,315,18897.71
P019832,2025-12-31,employed,230,34024.52
P019833,2025-12-31,employed,200,45447.92
P019835,2025-12-31,employed,273,19021.85
P019836,2025-12-31,employed,285,8902.54
P019841,2025-12-31,employed,363,31358.29
P019842,2025-12-31,employed,260,16860.15
P019843,2025-12-31,employed,365,25028.13
P019845,2025-12-31,marginal,6,5616.72
P019846,2025-12-31,employed,208,14976.89
P019847,2025-12-31,self_employed,279,14541.49
P019848,2025-12-31,self_employed,213,4628.87
P019853,2025-12-31,employed,297,17426.44
P019854,2025-12-31,employed,244,26134.62
P019855,2025-12-31,marginal,93,4320.27
P019856,2025-12-31,employed,352,17318.61
P019857,2025-12-31,employed,307,22048.44
P019858,2025-12-31,employed,241,52415.1
P019860,2025-12-31,employed,269,31175.31
P019861,2025-12-31,employed,286,31486.29
P019864,2025-12-31,employed,266,41091.55
P019866,2025-12-31,employed,292,24991.01
P019867,2025-12-31,employed,237,25722.02
P019869,2025-12-31,employed,254,42974.11
P019873,2025-12-31,employed,363,19998.14
P019875,2025-12-31,marginal,150,10498.96
P019880,2025-12-31,self_employed,223,16396.92
P019881,2025-12-31,employed,277,50566.36
P019882,2025-12-31,marginal,107,4197.69
P019884,2025-12-31,marginal,89,4024.14
P019885,2025-12-31,marginal,134,3434.4
P019887,2025-12-31,employed,239,26004.89
P019888,2025-12-31,marginal,132,3660.95
P019892,2025-12-31,employed,251,32824.05
P019895,2025-12-31,employed,358,26248.38
P019897,2025-12-31,employed,365,22892.17
P019898,2025-12-31,employed,261,25345.81
P019901,2025-12-31,employed,304,25752.03
P019903,2025-12-31,employed,346,14501.65
P019904,2025-12-31,marginal,100,1694.43
P019905,2025-12-31,self_employed,123,35541.94
P019907,2025-12-31,employed,340,57071.51
P019908,2025-12-31,employed,317,40750.01
P019914,2025-12-31,employed,283,27019.66
P019915,2025-12-31,no_record,0,0
P019916,2025-12-31,employed,321,37663.68
P019917,2025-12-31,employed,276,64319.1
P019924,2025-12-31,employed,220,44159.55
P019925,2025-12-31,employed,290,13981.66
P019935,2025-12-31,marginal,118,3853.17
P019936,2025-12-31,no_record,0,0
P019937,2025-12-31,self_employed,217,37666.75
P019939,2025-12-31,employed,348,22230.27
P019944,2025-12-31,employed,256,45532.78
P019949,2025-12-31,employed,306,43829.8
P019951,2025-12-31,employed,272,17736.48
P019953,2025-12-31,no_record,0,0
P019954,2025-12-31,marginal,57,3877.25
P019964,2025-12-31,employed,275,17691.7
P019965,2025-12-31,employed,NA,18042.32
P019969,2025-12-31,employed,310,83195.19
P019970,2025-12-31,employed,268,31885.4
P019972,2025-12-31,employed,263,47138.28
P019975,2025-12-31,employed,365,16954.89
P019978,2025-12-31,employed,304,15426.23
P019984,2025-12-31,employed,293,27249.49
P019986,2025-12-31,employed,322,18298.04
P019987,2025-12-31,marginal,88,5935.71
P019988,2025-12-31,employed,269,20223.3
P019989,2025-12-31,employed,365,16208.33
P019996,2025-12-31,self_employed,223,36299.43
P019998,2025-12-31,self_employed,229,14815.78
P020001,2025-12-31,employed,338,65788.45
P020005,2025-12-31,employed,352,19908.42
P020007,2025-12-31,employed,270,37848.33
P020014,2025-12-31,employed,289,36183.94
P020016,2025-12-31,employed,335,41725.82
P020018,2025-12-31,employed,331,30449.45
P020020,2025-12-31,marginal,110,6905.24
P020026,2025-12-31,employed,219,16668.91
P020027,2025-12-31,marginal,85,3348.66
P020028,2025-12-31,employed,294,36251.32
P020029,2025-12-31,employed,318,22872.67
P020031,2025-12-31,self_employed,96,23742.89
P020034,2025-12-31,employed,277,31407.18
P020036,2025-12-31,marginal,102,3962.66
P020038,2025-12-31,self_employed,147,27303.12
P020040,2025-12-31,employed,321,27919.15
P020043,2025-12-31,self_employed,365,29705.79
P020044,2025-12-31,self_employed,189,43020.64
P020047,2025-12-31,employed,252,30117.21
P020050,2025-12-31,employed,273,11170.14
P020051,2025-12-31,employed,189,38890.38
P020054,2025-12-31,employed,331,26667.17
P020057,2025-12-31,employed,213,30703.16
P020058,2025-12-31,self_employed,263,24146.73
P020061,2025-12-31,employed,350,56973.97
P020062,2025-12-31,employed,365,21172.21
P020064,2025-12-31,marginal,115,8432.94
P020065,2025-12-31,employed,193,54463.58
P020072,2025-12-31,employed,365,16669.08
P020073,2025-12-31,employed,261,19282.77
P020076,2025-12-31,employed,259,32219.28
P020077,2025-12-31,employed,365,37399.91
P020079,2025-12-31,employed,291,36859.68
P020081,2025-12-31,self_employed,214,12782.84
P020082,2025-12-31,employed,209,26421.56
P020085,2025-12-31,employed,233,37705.99
P020087,2025-12-31,employed,365,18738.86
P020092,2025-12-31,employed,182,26600.56
P020094,2025-12-31,employed,301,46862.18
P020097,2025-12-31,employed,365,28143.53
P020098,2025-12-31,employed,306,20733.8
P020099,2025-12-31,self_employed,248,17909.61
P020100,2025-12-31,employed,281,16180.85
P020101,2025-12-31,employed,289,22283.18
P020102,2025-12-31,employed,197,14903.96
P020104,2025-12-31,employed,308,37053.71
P020105,2025-12-31,self_employed,204,24114.13
P020106,2025-12-31,employed,286,29203.33
P020108,2025-12-31,employed,288,30799.24
P020109,2025-12-31,employed,306,22388.01
P020112,2025-12-31,employed,309,19085.39
P020113,2025-12-31,employed,266,53114.82
P020116,2025-12-31,no_record,0,0
P020117,2025-12-31,self_employed,272,17550.55
P020120,2025-12-31,employed,225,23523.23
P020121,2025-12-31,employed,211,25083.26
P020122,2025-12-31,employed,312,23622.64
P020123,2025-12-31,marginal,114,NA
P020126,2025-12-31,employed,223,17047.47
P020127,2025-12-31,employed,260,32460.21
P020128,2025-12-31,employed,221,29881.59
P020132,2025-12-31,employed,360,53979.14
P020134,2025-12-31,employed,320,9558.43
P020139,2025-12-31,employed,144,33931.37
P020144,2025-12-31,employed,250,38812.56
P020145,2025-12-31,employed,262,33305.62
P020146,2025-12-31,employed,292,15381.38
P020147,2025-12-31,employed,231,25000.87
P020148,2025-12-31,marginal,73,3605.63
P020153,2025-12-31,marginal,176,4456.05
P020155,2025-12-31,employed,319,21586.6
P020156,2025-12-31,employed,254,24460.72
P020157,2025-12-31,employed,181,31470.19
P020159,2025-12-31,employed,342,55845.78
P020161,2025-12-31,self_employed,121,12236.77
P020162,2025-12-31,employed,360,31840.91
P020163,2025-12-31,employed,319,35285.54
P020167,2025-12-31,self_employed,144,31256.98
P020168,2025-12-31,marginal,154,2895.72
P020169,2025-12-31,employed,363,26541.09
P020170,2025-12-31,employed,365,50571.34
P020172,2025-12-31,employed,305,30514.96
P020173,2025-12-31,employed,340,27595.51
P020174,2025-12-31,employed,299,33185.74
P020175,2025-12-31,employed,228,32019.83
P020176,2025-12-31,employed,277,19558.5
P020178,2025-12-31,employed,365,12815.65
P020181,2025-12-31,marginal,166,4164.06
P020183,2025-12-31,employed,327,18160.74
P020185,2025-12-31,marginal,102,4485.69
P020188,2025-12-31,employed,365,14545.91
P020189,2025-12-31,employed,341,26203.8
P020195,2025-12-31,employed,194,17898.54
P020196,2025-12-31,employed,288,21011.63
P020197,2025-12-31,employed,198,14825.77
P020198,2025-12-31,employed,365,10322.68
P020200,2025-12-31,employed,347,14527.38
P020203,2025-12-31,employed,267,31859.39
P020212,2025-12-31,employed,252,19082.06
P020218,2025-12-31,employed,350,10691.4
P020219,2025-12-31,employed,268,17171.78
P020220,2025-12-31,employed,324,19436.03
P020222,2025-12-31,employed,201,40723.91
P020223,2025-12-31,employed,316,57149.55
P020225,2025-12-31,marginal,94,4737.41
P020227,2025-12-31,employed,356,34220.3
P020234,2025-12-31,employed,296,28991.13
P020238,2025-12-31,employed,341,24008.73
P020239,2025-12-31,self_employed,329,27517.62
P020241,2025-12-31,employed,208,16395.7
P020243,2025-12-31,employed,264,36490.31
P020244,2025-12-31,employed,312,25492.05
P020245,2025-12-31,employed,362,17433.74
P020247,2025-12-31,employed,259,33313.71
P020249,2025-12-31,employed,319,32949.42
P020250,2025-12-31,self_employed,311,88687.17
P020251,2025-12-31,self_employed,204,14652.59
P020252,2025-12-31,employed,280,32301.01
P020255,2025-12-31,employed,250,42089.75
P020261,2025-12-31,employed,280,14491.32
P020264,2025-12-31,employed,269,56130.77
P020273,2025-12-31,employed,227,74850.18
P020274,2025-12-31,marginal,101,5880.85
P020278,2025-12-31,employed,296,10925.32
P020280,2025-12-31,self_employed,311,5766.27
P020281,2025-12-31,employed,365,NA
P020282,2025-12-31,marginal,166,5030.47
P020288,2025-12-31,employed,230,15733.77
P020289,2025-12-31,employed,343,27363.62
P020290,2025-12-31,employed,308,36524.83
P020293,2025-12-31,employed,271,50960.34
P020294,2025-12-31,employed,365,17381.03
P020295,2025-12-31,employed,311,60307.11
P020296,2025-12-31,employed,307,49546.32
P020306,2025-12-31,employed,242,51342.79
P020307,2025-12-31,employed,319,18548.16
P020308,2025-12-31,marginal,75,3353.16
P020309,2025-12-31,employed,263,28083.37
P020310,2025-12-31,employed,265,23743.32
P020311,2025-12-31,employed,180,19847.92
P020313,2025-12-31,marginal,36,6580.31
P020315,2025-12-31,employed,324,35477.63
P020318,2025-12-31,employed,365,27187.85
P020320,2025-12-31,employed,365,29949.3
P020321,2025-12-31,employed,345,29427.62
P020322,2025-12-31,employed,176,16573.05
P020324,2025-12-31,employed,262,22208.67
P020325,2025-12-31,employed,143,35433.49
P020326,2025-12-31,self_employed,144,20288.48
P020330,2025-12-31,employed,295,43486.98
P020331,2025-12-31,employed,293,33126.6
P020332,2025-12-31,employed,346,28805.19
P020334,2025-12-31,employed,349,40368.31
P020336,2025-12-31,self_employed,194,19361.65
P020338,2025-12-31,self_employed,217,10376.91
P020339,2025-12-31,employed,194,26273.6
P020340,2025-12-31,employed,180,NA
P020341,2025-12-31,employed,365,9631.37
P020344,2025-12-31,employed,352,33106.83
P020346,2025-12-31,employed,336,13106.92
P020350,2025-12-31,employed,284,12640.62
P020351,2025-12-31,employed,324,36924.71
P020352,2025-12-31,employed,216,42313.97
P020355,2025-12-31,employed,283,22022.1
P020356,2025-12-31,employed,312,29916.72
P020357,2025-12-31,employed,294,18709.85
P020358,2025-12-31,employed,226,26229.17
P020359,2025-12-31,employed,365,17701.76
P020363,2025-12-31,employed,182,29795.48
P020366,2025-12-31,employed,286,19229.62
P020367,2025-12-31,employed,365,15378.6
P020368,2025-12-31,employed,271,15478.57
P020369,2025-12-31,self_employed,191,26139.58
P020372,2025-12-31,employed,307,14362.41
P020373,2025-12-31,employed,365,37088.07
P020378,2025-12-31,employed,291,36600.09
P020382,2025-12-31,marginal,72,3648.35
P020385,2025-12-31,employed,359,30034.49
P020386,2025-12-31,self_employed,212,51785.05
P020389,2025-12-31,marginal,99,4549.24
P020391,2025-12-31,employed,303,34424.46
P020393,2025-12-31,employed,213,45369.88
P020397,2025-12-31,employed,226,25481.01
P020398,2025-12-31,marginal,188,5622.23
P020400,2025-12-31,employed,365,36485.83
P020402,2025-12-31,employed,303,21201.68
P020403,2025-12-31,employed,302,28603.17
P020407,2025-12-31,employed,280,29680.32
P020410,2025-12-31,employed,295,19687.76
P020411,2025-12-31,employed,276,15173.07
P020416,2025-12-31,self_employed,197,67991.05
P020427,2025-12-31,employed,200,69187.66
P020433,2025-12-31,marginal,122,5747.78
P020434,2025-12-31,employed,305,71612.44
P020435,2025-12-31,employed,250,16094.27
P020436,2025-12-31,self_employed,149,19042.37
P020443,2025-12-31,marginal,156,3865.4
P020445,2025-12-31,employed,245,19255.44
P020451,2025-12-31,employed,280,24423.17
P020452,2025-12-31,marginal,95,5924.39
P020453,2025-12-31,employed,354,22905.56
P020454,2025-12-31,employed,317,14828.54
P020455,2025-12-31,employed,257,35232.05
P020460,2025-12-31,employed,229,37703.64
P020461,2025-12-31,employed,258,17860.68
P020463,2025-12-31,employed,267,29052.58
P020468,2025-12-31,employed,269,35768.84
P020472,2025-12-31,no_record,0,0
P020473,2025-12-31,employed,314,21864.82
P020474,2025-12-31,employed,365,17702.94
P020475,2025-12-31,self_employed,261,14287.66
P020478,2025-12-31,employed,365,19074.12
P020479,2025-12-31,employed,299,28796.07
P020483,2025-12-31,self_employed,237,8968.38
P020487,2025-12-31,employed,309,21529.58
P020488,2025-12-31,employed,271,35284.33
P020491,2025-12-31,employed,349,43327.73
P020494,2025-12-31,marginal,136,6143.55
P020497,2025-12-31,marginal,90,8333.99
P020503,2025-12-31,marginal,76,4573.1
P020505,2025-12-31,employed,265,15480.84
P020508,2025-12-31,marginal,71,5712.76
P020509,2025-12-31,employed,285,16360.05
P020512,2025-12-31,self_employed,227,16091.4
P020515,2025-12-31,employed,224,15041.06
P020516,2025-12-31,employed,346,27066.57
P020518,2025-12-31,marginal,71,4877.38
P020520,2025-12-31,employed,282,43018.21
P020521,2025-12-31,marginal,57,8273.05
P020524,2025-12-31,employed,311,22667.34
P020525,2025-12-31,employed,296,8661.06
P020526,2025-12-31,employed,281,11931.47
P020530,2025-12-31,marginal,119,3957.71
P020531,2025-12-31,self_employed,193,73074.02
P020533,2025-12-31,self_employed,313,3913.82
P020535,2025-12-31,employed,231,43111.57
P020536,2025-12-31,employed,246,32654.89
P020537,2025-12-31,marginal,100,3405.77
P020538,2025-12-31,employed,355,16574.38
P020539,2025-12-31,marginal,123,5340.29
P020541,2025-12-31,self_employed,341,10960.48
P020544,2025-12-31,employed,365,22273.88
P020545,2025-12-31,employed,291,28855.42
P020546,2025-12-31,marginal,115,4737.47
P020547,2025-12-31,marginal,102,8225.89
P020548,2025-12-31,employed,267,10572.82
P020549,2025-12-31,marginal,155,6977.9
P020550,2025-12-31,employed,274,24740.85
P020552,2025-12-31,employed,298,19442.49
P020555,2025-12-31,employed,354,22907.47
P020557,2025-12-31,self_employed,254,28473.52
P020558,2025-12-31,employed,365,40436.61
P020559,2025-12-31,employed,238,12807.23
P020561,2025-12-31,employed,208,49420.6
P020562,2025-12-31,employed,362,35260.83
P020563,2025-12-31,employed,279,54038.82
P020568,2025-12-31,employed,213,73130.8
P020569,2025-12-31,employed,323,23816.18
P020570,2025-12-31,employed,313,33633.13
P020572,2025-12-31,employed,275,19593.72
P020574,2025-12-31,employed,265,30134.67
P020576,2025-12-31,marginal,132,2970.41
P020577,2025-12-31,employed,251,20165.77
P020579,2025-12-31,employed,202,42011.13
P020581,2025-12-31,employed,188,30899.88
P020583,2025-12-31,employed,225,37700.39
P020584,2025-12-31,self_employed,298,21483.77
P020587,2025-12-31,self_employed,155,14565.82
P020588,2025-12-31,self_employed,258,54633.72
P020590,2025-12-31,self_employed,231,51950.41
P020593,2025-12-31,marginal,64,5164.61
P020594,2025-12-31,employed,305,23323.51
P020595,2025-12-31,employed,365,43570.15
P020596,2025-12-31,employed,161,16065.28
P020597,2025-12-31,marginal,159,3220.5
P020600,2025-12-31,employed,365,24291.6
P020605,2025-12-31,employed,246,58775.64
P020607,2025-12-31,employed,328,33606.81
P020609,2025-12-31,employed,220,43500.76
P020614,2025-12-31,employed,340,15713.61
P020617,2025-12-31,employed,249,42476.28
P020619,2025-12-31,marginal,140,4404.32
P020622,2025-12-31,employed,343,17122.98
P020625,2025-12-31,employed,295,39223.46
P020627,2025-12-31,employed,348,42840.86
P020631,2025-12-31,employed,316,35272.1
P020633,2025-12-31,marginal,107,5790.65
P020635,2025-12-31,employed,NA,14916.06
P020637,2025-12-31,employed,NA,71706.83
P020639,2025-12-31,employed,343,40888.19
P020640,2025-12-31,employed,217,21707.74
P020641,2025-12-31,self_employed,329,52090.09
P020643,2025-12-31,employed,365,33997.25
P020644,2025-12-31,employed,362,38660.68
P020645,2025-12-31,employed,249,26881.75
P020647,2025-12-31,no_record,0,0
P020652,2025-12-31,employed,185,17892.93
P020653,2025-12-31,employed,NA,38619.41
P020655,2025-12-31,employed,312,49597.04
P020658,2025-12-31,employed,354,30153.82
P020659,2025-12-31,employed,231,6071.67
P020660,2025-12-31,employed,244,34919.57
P020664,2025-12-31,employed,182,18361.59
P020667,2025-12-31,marginal,65,5475.47
P020669,2025-12-31,employed,260,24257.56
P020670,2025-12-31,employed,345,10834.25
P020672,2025-12-31,employed,255,34613.26
P020675,2025-12-31,employed,236,42036.26
P020676,2025-12-31,employed,256,64451.16
P020677,2025-12-31,employed,327,25608.87
P020678,2025-12-31,employed,349,16983.11
P020682,2025-12-31,employed,327,23173.72
P020684,2025-12-31,employed,301,38603.85
P020688,2025-12-31,self_employed,123,6127.75
P020689,2025-12-31,employed,153,18831.33
P020691,2025-12-31,self_employed,250,12402.82
P020697,2025-12-31,self_employed,224,49132.58
P020702,2025-12-31,no_record,0,0
P020703,2025-12-31,employed,328,18343.08
P020707,2025-12-31,employed,315,39745.77
P020710,2025-12-31,employed,297,14266.83
P020712,2025-12-31,employed,338,23095.12
P020714,2025-12-31,employed,290,21950.46
P020719,2025-12-31,employed,344,18335.8
P020723,2025-12-31,employed,193,55246.07
P020727,2025-12-31,employed,365,33269.67
P020731,2025-12-31,employed,249,23603.12
P020732,2025-12-31,marginal,82,5277.18
P020733,2025-12-31,employed,344,25707.37
P020735,2025-12-31,employed,317,28456.62
P020744,2025-12-31,employed,315,46100.03
P020747,2025-12-31,marginal,140,8144.12
P020749,2025-12-31,employed,203,16701.62
P020750,2025-12-31,employed,295,45727.64
P020751,2025-12-31,employed,231,27772.87
P020755,2025-12-31,employed,266,13000.14
P020757,2025-12-31,employed,337,24639.82
P020758,2025-12-31,employed,300,15618.3
P020761,2025-12-31,employed,243,15826.63
P020763,2025-12-31,employed,266,32485.16
P020765,2025-12-31,employed,262,15513.05
P020767,2025-12-31,marginal,124,4754.04
P020770,2025-12-31,employed,365,20930.13
P020771,2025-12-31,self_employed,193,NA
P020772,2025-12-31,employed,333,50705.68
P020775,2025-12-31,employed,316,43232.41
P020784,2025-12-31,employed,238,70196.85
P020785,2025-12-31,employed,259,10845.01
P020786,2025-12-31,no_record,0,0
P020791,2025-12-31,employed,226,20519.89
P020793,2025-12-31,employed,280,16023.11
P020794,2025-12-31,employed,365,12368.82
P020795,2025-12-31,employed,308,26307.37
P020796,2025-12-31,employed,303,28287.69
P020801,2025-12-31,employed,314,70800.01
P020802,2025-12-31,employed,309,12346.02
P020803,2025-12-31,employed,256,20083.21
P020804,2025-12-31,employed,335,28726.13
P020807,2025-12-31,employed,360,24218.31
P020811,2025-12-31,employed,188,17049.77
P020812,2025-12-31,marginal,37,4928.46
P020813,2025-12-31,employed,243,19824.03
P020814,2025-12-31,employed,205,23563.57
P020817,2025-12-31,employed,197,10008.56
P020820,2025-12-31,employed,285,28208.72
P020821,2025-12-31,employed,361,17583.9
P020822,2025-12-31,employed,258,50179.58
P020825,2025-12-31,employed,262,9333.35
P020829,2025-12-31,employed,294,31992.44
P020831,2025-12-31,self_employed,243,26786.41
P020832,2025-12-31,employed,276,37671.49
P020833,2025-12-31,employed,321,36106.33
P020834,2025-12-31,self_employed,225,12484.09
P020836,2025-12-31,marginal,175,5498.66
P020838,2025-12-31,employed,255,24090.71
P020843,2025-12-31,employed,248,29699.53
P020844,2025-12-31,employed,287,61092.82
P020845,2025-12-31,employed,304,20154.82
P020851,2025-12-31,employed,301,13040.02
P020853,2025-12-31,employed,264,35256.08
P020854,2025-12-31,employed,365,14632.75
P020856,2025-12-31,employed,211,36146.94
P020857,2025-12-31,employed,249,37707.7
P020859,2025-12-31,marginal,21,5240.85
P020860,2025-12-31,no_record,0,0
P020864,2025-12-31,employed,365,23933.16
P020868,2025-12-31,employed,290,30892.94
P020869,2025-12-31,employed,357,24104.4
P020870,2025-12-31,employed,320,58598.99
P020873,2025-12-31,employed,339,75707.88
P020874,2025-12-31,employed,309,NA
P020875,2025-12-31,marginal,103,5323.87
P020878,2025-12-31,employed,307,28196.57
P020879,2025-12-31,employed,216,32198.11
P020881,2025-12-31,employed,273,26827.75
P020883,2025-12-31,employed,282,38143.52
P020890,2025-12-31,employed,211,28443.35
P020891,2025-12-31,employed,330,13420.43
P020904,2025-12-31,employed,297,31089.23
P020907,2025-12-31,employed,279,67073.72
P020909,2025-12-31,self_employed,201,6802.71
P020911,2025-12-31,self_employed,128,85927.7
P020912,2025-12-31,marginal,122,5817.64
P020913,2025-12-31,self_employed,189,36420
P020914,2025-12-31,employed,241,21896.94
P020925,2025-12-31,employed,192,27263.3
P020927,2025-12-31,marginal,120,9315.59
P020928,2025-12-31,self_employed,257,58409.76
P020929,2025-12-31,employed,279,32285.52
P020930,2025-12-31,self_employed,334,33496.96
P020934,2025-12-31,employed,365,15807.16
P020935,2025-12-31,employed,365,14637.26
P020936,2025-12-31,employed,333,26988.86
P020939,2025-12-31,employed,249,18721.38
P020940,2025-12-31,employed,320,41932.94
P020941,2025-12-31,employed,316,35221.46
P020942,2025-12-31,employed,180,33607.5
P020944,2025-12-31,marginal,106,4473.7
P020946,2025-12-31,employed,317,32880.07
P020947,2025-12-31,employed,261,22433.57
P020949,2025-12-31,marginal,87,7723.47
P020950,2025-12-31,employed,189,19470.07
P020951,2025-12-31,self_employed,264,30361.73
P020952,2025-12-31,marginal,69,3153.86
P020953,2025-12-31,self_employed,268,38755.21
P020956,2025-12-31,employed,314,25552.58
P020957,2025-12-31,employed,246,50454.65
P020958,2025-12-31,employed,318,42815.39
P020959,2025-12-31,employed,203,27355.07
P020961,2025-12-31,marginal,94,4491.33
P020962,2025-12-31,marginal,69,5901.4
P020964,2025-12-31,employed,217,25002.68
P020965,2025-12-31,employed,257,25906.32
P020969,2025-12-31,employed,226,26466.69
P020973,2025-12-31,employed,317,28334.2
P020977,2025-12-31,employed,332,12658.11
P020979,2025-12-31,employed,328,19787.65
P020980,2025-12-31,employed,251,30192.24
P020981,2025-12-31,employed,297,21450.46
P020982,2025-12-31,employed,235,33741.76
P020985,2025-12-31,employed,305,12302.07
P020986,2025-12-31,employed,365,40247.84
P020987,2025-12-31,employed,292,21171.33
P020988,2025-12-31,employed,259,13161.01
P020990,2025-12-31,employed,279,28822
P020995,2025-12-31,employed,294,12633.37
P020998,2025-12-31,employed,365,43097.09
P020999,2025-12-31,employed,253,38775.05
P021003,2025-12-31,employed,315,26487.36
P021004,2025-12-31,employed,319,43539.93
P021005,2025-12-31,employed,314,16458.76
P021012,2025-12-31,employed,168,24111.02
P021016,2025-12-31,marginal,100,3366.74
P021017,2025-12-31,employed,225,28829.61
P021018,2025-12-31,employed,286,12163.45
P021019,2025-12-31,employed,177,11502.97
P021036,2025-12-31,marginal,119,8776
P021037,2025-12-31,employed,349,47006.26
P021040,2025-12-31,employed,341,34955.95
P021044,2025-12-31,employed,210,34263.08
P021045,2025-12-31,employed,295,41346.37
P021046,2025-12-31,employed,365,37145.93
P021047,2025-12-31,employed,206,37302.26
P021048,2025-12-31,employed,272,42817.02
P021053,2025-12-31,employed,NA,11936.49
P021054,2025-12-31,self_employed,181,32075.13
P021055,2025-12-31,employed,272,19730.34
P021057,2025-12-31,no_record,0,0
P021059,2025-12-31,marginal,122,4368.02
P021062,2025-12-31,self_employed,359,22127.22
P021063,2025-12-31,employed,201,56807.1
P021064,2025-12-31,employed,334,35959.52
P021065,2025-12-31,employed,280,NA
P021067,2025-12-31,self_employed,230,28437.88
P021070,2025-12-31,employed,325,21053.95
P021071,2025-12-31,self_employed,266,12343.06
P021072,2025-12-31,employed,264,21154.68
P021075,2025-12-31,employed,365,81313.64
P021076,2025-12-31,employed,283,19811.32
P021078,2025-12-31,employed,264,14178.44
P021079,2025-12-31,employed,290,18073.58
P021082,2025-12-31,employed,330,38102.54
P021083,2025-12-31,employed,194,20859.19
P021085,2025-12-31,no_record,0,0
P021092,2025-12-31,employed,263,16382.82
P021093,2025-12-31,employed,214,20091.31
P021094,2025-12-31,employed,280,113600.24
P021096,2025-12-31,marginal,58,7041.59
P021099,2025-12-31,employed,357,33838.54
P021100,2025-12-31,employed,244,31685.06
P021101,2025-12-31,self_employed,251,35197.85
P021102,2025-12-31,employed,261,31981.46
P021106,2025-12-31,employed,297,40285.07
P021107,2025-12-31,employed,307,20274.28
P021108,2025-12-31,marginal,138,3739.78
P021111,2025-12-31,employed,183,25932.32
P021112,2025-12-31,employed,235,19923.77
P021114,2025-12-31,employed,267,28335.07
P021117,2025-12-31,employed,NA,32404.58
P021119,2025-12-31,self_employed,160,30307.24
P021120,2025-12-31,employed,279,64052.56
P021121,2025-12-31,employed,306,13736.76
P021124,2025-12-31,employed,322,28562.4
P021126,2025-12-31,employed,322,16840.48
P021129,2025-12-31,employed,294,9216.99
P021132,2025-12-31,employed,253,37510.39
P021134,2025-12-31,employed,251,33457.26
P021138,2025-12-31,employed,344,31603.04
P021139,2025-12-31,employed,293,30647.13
P021140,2025-12-31,employed,247,26600.17
P021145,2025-12-31,employed,324,15594.08
P021148,2025-12-31,employed,332,7715.65
P021149,2025-12-31,employed,326,31425.81
P021150,2025-12-31,employed,217,18069.1
P021151,2025-12-31,employed,277,22267.71
P021152,2025-12-31,marginal,112,4657.6
P021154,2025-12-31,employed,251,34118.96
P021157,2025-12-31,employed,365,40712.62
P021163,2025-12-31,marginal,81,3740.73
P021169,2025-12-31,employed,NA,14329.22
P021171,2025-12-31,self_employed,204,24811.75
P021172,2025-12-31,marginal,42,4371.69
P021174,2025-12-31,marginal,85,3154.65
P021180,2025-12-31,employed,333,35325.17
P021181,2025-12-31,employed,357,30161.45
P021182,2025-12-31,employed,245,15309.15
P021184,2025-12-31,employed,365,27377.19
P021185,2025-12-31,marginal,61,9085.06
P021187,2025-12-31,marginal,104,5727.47
P021188,2025-12-31,employed,360,17059.14
P021189,2025-12-31,employed,274,39312.76
P021190,2025-12-31,employed,290,7868.68
P021191,2025-12-31,self_employed,234,32323.54
P021194,2025-12-31,marginal,72,3393.69
P021196,2025-12-31,employed,299,11305.14
P021200,2025-12-31,employed,282,31069.56
P021203,2025-12-31,employed,332,25886.34
P021205,2025-12-31,employed,365,43190.54
P021207,2025-12-31,employed,261,17316.71
P021211,2025-12-31,employed,365,30732.15
P021212,2025-12-31,employed,365,8929.52
P021217,2025-12-31,employed,365,27787.26
P021221,2025-12-31,employed,283,32396.74
P021225,2025-12-31,employed,195,26929.81
P021228,2025-12-31,employed,303,19448.55
P021229,2025-12-31,employed,254,21434.67
P021231,2025-12-31,no_record,0,0
P021234,2025-12-31,employed,302,23801.89
P021236,2025-12-31,employed,221,19005.85
P021241,2025-12-31,employed,219,28249.49
P021244,2025-12-31,self_employed,212,6737.41
P021245,2025-12-31,employed,244,75863.24
P021247,2025-12-31,employed,300,10365.14
P021251,2025-12-31,employed,270,18387.08
P021252,2025-12-31,employed,231,39338.72
P021253,2025-12-31,employed,203,21650.13
P021254,2025-12-31,employed,344,13317.29
P021255,2025-12-31,employed,339,14243.76
P021257,2025-12-31,employed,337,44783.72
P021260,2025-12-31,employed,292,20077.46
P021261,2025-12-31,employed,325,48260.98
P021266,2025-12-31,employed,265,17892.08
P021267,2025-12-31,employed,200,30884.55
P021268,2025-12-31,employed,314,18660.04
P021269,2025-12-31,self_employed,323,50574.82
P021270,2025-12-31,employed,234,26510.23
P021271,2025-12-31,employed,312,27837.53
P021274,2025-12-31,employed,307,30285.39
P021280,2025-12-31,employed,303,37740.44
P021281,2025-12-31,employed,NA,38410.93
P021284,2025-12-31,employed,175,30807.36
P021289,2025-12-31,self_employed,223,13241.27
P021290,2025-12-31,employed,264,23404.46
P021291,2025-12-31,employed,173,16813.95
P021292,2025-12-31,marginal,98,5453.86
P021295,2025-12-31,employed,296,27161.35
P021296,2025-12-31,marginal,157,5335.45
P021298,2025-12-31,no_record,0,0
P021302,2025-12-31,employed,339,43872.34
P021303,2025-12-31,employed,308,23141.36
P021305,2025-12-31,employed,294,47552.27
P021317,2025-12-31,employed,272,31204.84
P021318,2025-12-31,employed,256,13900.92
P021321,2025-12-31,self_employed,155,95307.39
P021322,2025-12-31,employed,278,21348.96
P021328,2025-12-31,employed,229,62929.07
P021329,2025-12-31,marginal,117,5351.06
P021330,2025-12-31,marginal,125,4289.77
P021332,2025-12-31,employed,365,17666.29
P021334,2025-12-31,employed,299,74633.44
P021337,2025-12-31,employed,234,13653.86
P021338,2025-12-31,employed,178,31090.21
P021341,2025-12-31,employed,342,14539.05
P021343,2025-12-31,employed,242,23593.72
P021344,2025-12-31,no_record,0,0
P021346,2025-12-31,employed,365,22917.71
P021348,2025-12-31,employed,281,26508
P021349,2025-12-31,employed,293,37347.04
P021350,2025-12-31,employed,234,32961.01
P021352,2025-12-31,self_employed,213,13354.25
P021354,2025-12-31,employed,246,73730.6
P021355,2025-12-31,self_employed,349,47449.8
P021363,2025-12-31,employed,319,21924.51
P021364,2025-12-31,employed,337,29513.08
P021366,2025-12-31,employed,257,14811.81
P021372,2025-12-31,marginal,92,5651.92
P021373,2025-12-31,employed,350,23990.18
P021377,2025-12-31,employed,248,25453.76
P021379,2025-12-31,self_employed,222,6778.99
P021385,2025-12-31,employed,188,32581.39
P021389,2025-12-31,self_employed,170,11633.02
P021393,2025-12-31,employed,246,32717.73
P021395,2025-12-31,employed,365,10110.06
P021396,2025-12-31,employed,307,21560.62
P021397,2025-12-31,self_employed,365,10690.87
P021398,2025-12-31,employed,283,24711.57
P021399,2025-12-31,employed,365,27857.09
P021402,2025-12-31,employed,365,13905.5
P021404,2025-12-31,employed,344,48110.14
P021410,2025-12-31,marginal,56,4691.4
P021412,2025-12-31,employed,352,48294.76
P021413,2025-12-31,employed,312,18680.29
P021414,2025-12-31,employed,238,10663.6
P021417,2025-12-31,employed,211,41607.56
P021419,2025-12-31,employed,341,22594.91
P021421,2025-12-31,employed,303,26086.54
P021423,2025-12-31,self_employed,342,NA
P021427,2025-12-31,employed,221,17896.35
P021430,2025-12-31,marginal,154,5446
P021431,2025-12-31,employed,321,24835.23
P021432,2025-12-31,employed,NA,35258.58
P021433,2025-12-31,self_employed,334,102615.59
P021434,2025-12-31,employed,155,14980.29
P021436,2025-12-31,employed,278,23845.08
P021438,2025-12-31,employed,247,19969.55
P021440,2025-12-31,employed,292,11322.95
P021441,2025-12-31,employed,270,33950.57
P021442,2025-12-31,marginal,92,7262.22
P021445,2025-12-31,employed,308,31579.7
P021446,2025-12-31,marginal,94,3419.87
P021449,2025-12-31,employed,245,21892.83
P021450,2025-12-31,self_employed,365,9134.4
P021454,2025-12-31,self_employed,350,18743.52
P021457,2025-12-31,marginal,161,3799.01
P021458,2025-12-31,employed,290,26173.99
P021459,2025-12-31,employed,317,25294.29
P021460,2025-12-31,marginal,86,11734.5
P021463,2025-12-31,employed,365,24674.09
P021466,2025-12-31,self_employed,210,44267.44
P021467,2025-12-31,marginal,149,5306.63
P021468,2025-12-31,employed,309,45234.69
P021470,2025-12-31,marginal,86,5573.85
P021475,2025-12-31,employed,141,17585.93
P021477,2025-12-31,self_employed,323,5622.87
P021479,2025-12-31,employed,245,29095.88
P021480,2025-12-31,marginal,98,2854.15
P021481,2025-12-31,employed,175,25765.63
P021482,2025-12-31,self_employed,189,25589.53
P021484,2025-12-31,employed,285,24865.71
P021486,2025-12-31,employed,300,32067.46
P021489,2025-12-31,self_employed,305,18257.06
P021490,2025-12-31,no_record,0,0
P021493,2025-12-31,employed,312,21879.3
P021495,2025-12-31,employed,277,27499.89
P021497,2025-12-31,employed,270,30926.28
P021498,2025-12-31,self_employed,365,141658.39
P021502,2025-12-31,employed,332,30047.82
P021503,2025-12-31,employed,240,41378.25
P021505,2025-12-31,employed,267,22823.72
P021508,2025-12-31,employed,298,16816.79
P021509,2025-12-31,employed,265,34494.33
P021510,2025-12-31,employed,193,24178.19
P021515,2025-12-31,employed,279,22458.43
P021517,2025-12-31,self_employed,144,26776.64
P021518,2025-12-31,employed,271,13987.47
P021520,2025-12-31,employed,365,37646.57
P021522,2025-12-31,employed,250,18471.26
P021523,2025-12-31,marginal,53,4419.4
P021524,2025-12-31,employed,260,28590.66
P021526,2025-12-31,employed,282,20257.5
P021527,2025-12-31,employed,284,18250.94
P021528,2025-12-31,no_record,0,0
P021532,2025-12-31,self_employed,280,42416.78
P021535,2025-12-31,employed,301,36174.33
P021536,2025-12-31,employed,239,22589.21
P021537,2025-12-31,employed,298,39439.19
P021538,2025-12-31,employed,359,27262.68
P021541,2025-12-31,self_employed,310,59488.13
P021542,2025-12-31,self_employed,242,23883.44
P021543,2025-12-31,employed,249,22549.21
P021544,2025-12-31,employed,265,21784.6
P021545,2025-12-31,self_employed,304,17385.55
P021548,2025-12-31,employed,285,20226.26
P021549,2025-12-31,employed,289,21310.13
P021553,2025-12-31,employed,214,16522.73
P021556,2025-12-31,employed,206,46277.5
P021557,2025-12-31,employed,NA,49725.75
P021559,2025-12-31,employed,327,34154.12
P021560,2025-12-31,self_employed,342,16898.29
P021562,2025-12-31,marginal,175,7233.42
P021563,2025-12-31,marginal,165,4827.71
P021567,2025-12-31,no_record,0,0
P021568,2025-12-31,marginal,97,3319.72
P021573,2025-12-31,no_record,0,0
P021576,2025-12-31,employed,283,31167.94
P021584,2025-12-31,employed,303,8561.14
P021588,2025-12-31,employed,278,37561.42
P021589,2025-12-31,marginal,88,5203.39
P021590,2025-12-31,employed,365,30291.18
P021591,2025-12-31,self_employed,361,16029.79
P021604,2025-12-31,employed,241,26288
P021606,2025-12-31,employed,352,59809.69
P021608,2025-12-31,employed,303,72461.45
P021610,2025-12-31,employed,365,26110.01
P021615,2025-12-31,employed,299,18196.1
P021617,2025-12-31,self_employed,335,30754.29
P021618,2025-12-31,employed,280,18836.78
P021620,2025-12-31,self_employed,211,49462.44
P021621,2025-12-31,self_employed,238,22392.75
P021623,2025-12-31,employed,314,31881.57
P021624,2025-12-31,employed,317,29076.66
P021627,2025-12-31,employed,298,22901.32
P021631,2025-12-31,self_employed,178,10841.17
P021634,2025-12-31,employed,204,37167.76
P021637,2025-12-31,employed,365,22424.31
P021639,2025-12-31,employed,242,22799.36
P021640,2025-12-31,employed,316,42824.89
P021641,2025-12-31,self_employed,222,12294.67
P021643,2025-12-31,marginal,79,8384.63
P021644,2025-12-31,marginal,114,4283.23
P021648,2025-12-31,employed,357,22266.81
P021649,2025-12-31,employed,237,21344.55
P021650,2025-12-31,employed,239,16299.38
P021651,2025-12-31,employed,300,29945.47
P021653,2025-12-31,employed,239,19570.28
P021654,2025-12-31,self_employed,249,14850.45
P021655,2025-12-31,self_employed,258,70850.08
P021656,2025-12-31,employed,353,33456.62
P021657,2025-12-31,employed,207,42576.6
P021662,2025-12-31,marginal,149,2669.17
P021663,2025-12-31,employed,288,33996.76
P021668,2025-12-31,employed,365,15107.89
P021669,2025-12-31,employed,303,30490.88
P021670,2025-12-31,employed,268,11996.03
P021671,2025-12-31,employed,341,31131.78
P021672,2025-12-31,employed,269,19907.54
P021673,2025-12-31,employed,297,17881.99
P021674,2025-12-31,employed,295,25537.41
P021676,2025-12-31,employed,310,14059.48
P021677,2025-12-31,employed,279,22831.03
P021679,2025-12-31,self_employed,256,18954.38
P021680,2025-12-31,employed,250,17095.09
P021682,2025-12-31,employed,276,21910.27
P021685,2025-12-31,employed,246,15347.04
P021686,2025-12-31,employed,285,16077.57
P021687,2025-12-31,self_employed,249,23409.67
P021692,2025-12-31,marginal,36,4817.68
P021697,2025-12-31,self_employed,253,6733.85
P021698,2025-12-31,employed,355,16907.81
P021699,2025-12-31,employed,302,21314.74
P021703,2025-12-31,employed,230,50306.58
P021706,2025-12-31,marginal,194,4216.22
P021707,2025-12-31,employed,359,26377.63
P021708,2025-12-31,employed,326,14397.23
P021715,2025-12-31,employed,331,32913.59
P021717,2025-12-31,employed,358,23865.55
P021719,2025-12-31,employed,288,70427.52
P021721,2025-12-31,employed,307,29377.06
P021722,2025-12-31,employed,322,52034.66
P021726,2025-12-31,employed,263,63925.73
P021727,2025-12-31,employed,316,18595.8
P021731,2025-12-31,self_employed,57,18598.78
P021733,2025-12-31,employed,313,9749.57
P021734,2025-12-31,self_employed,144,36944.28
P021735,2025-12-31,employed,301,43782.62
P021737,2025-12-31,marginal,50,8759.07
P021739,2025-12-31,employed,324,19689.02
P021741,2025-12-31,employed,194,6952.13
P021742,2025-12-31,employed,344,11541.81
P021743,2025-12-31,employed,225,26964.41
P021746,2025-12-31,employed,313,45680.23
P021747,2025-12-31,employed,236,18070.69
P021749,2025-12-31,employed,270,44310.65
P021752,2025-12-31,employed,243,22597.15
P021754,2025-12-31,employed,204,11866.47
P021755,2025-12-31,self_employed,248,37280.44
P021757,2025-12-31,self_employed,354,21279.44
P021759,2025-12-31,employed,365,23633.44
P021761,2025-12-31,employed,365,15782.68
P021767,2025-12-31,employed,365,19205.29
P021770,2025-12-31,employed,315,27669.33
P021771,2025-12-31,employed,188,16435.78
P021773,2025-12-31,self_employed,236,11193.13
P021777,2025-12-31,employed,298,24996.07
P021779,2025-12-31,no_record,0,0
P021783,2025-12-31,employed,317,11868.72
P021787,2025-12-31,self_employed,286,13685.78
P021789,2025-12-31,employed,283,15104.14
P021793,2025-12-31,self_employed,365,12339.03
P021798,2025-12-31,employed,292,22224.48
P021799,2025-12-31,employed,218,29464.19
P021800,2025-12-31,no_record,0,0
P021802,2025-12-31,self_employed,237,21141.89
P021805,2025-12-31,employed,294,15301.64
P021806,2025-12-31,self_employed,NA,18640.82
P021808,2025-12-31,employed,267,19395.86
P021809,2025-12-31,employed,294,45084.93
P021810,2025-12-31,employed,NA,21206.8
P021811,2025-12-31,employed,244,22503.74
P021812,2025-12-31,employed,365,55934.33
P021814,2025-12-31,employed,332,42488.52
P021817,2025-12-31,marginal,95,5240.52
P021821,2025-12-31,employed,252,24049.56
P021824,2025-12-31,marginal,64,4739.4
P021828,2025-12-31,employed,259,74896.37
P021829,2025-12-31,employed,345,26387.34
P021832,2025-12-31,employed,130,20346.49
P021833,2025-12-31,marginal,5,5221.78
P021841,2025-12-31,employed,340,72974.26
P021847,2025-12-31,employed,353,33554.05
P021848,2025-12-31,employed,302,10082.81
P021849,2025-12-31,employed,266,35083.38
P021850,2025-12-31,employed,193,38408.06
P021853,2025-12-31,employed,208,26408.08
P021856,2025-12-31,employed,358,23332.88
P021857,2025-12-31,employed,307,27933.69
P021858,2025-12-31,employed,365,17992.79
P021860,2025-12-31,employed,259,18112.82
P021862,2025-12-31,employed,323,12911.97
P021867,2025-12-31,self_employed,157,29362.62
P021868,2025-12-31,employed,317,34829.99
P021869,2025-12-31,employed,325,15673.45
P021870,2025-12-31,employed,269,29465.91
P021871,2025-12-31,marginal,67,4623.75
P021873,2025-12-31,employed,252,45092.55
P021878,2025-12-31,employed,210,20878.48
P021880,2025-12-31,employed,264,71677.18
P021882,2025-12-31,employed,215,23103.55
P021884,2025-12-31,employed,330,34409.87
P021885,2025-12-31,employed,NA,19922.37
P021886,2025-12-31,employed,341,26489.56
P021890,2025-12-31,employed,284,16271.17
P021891,2025-12-31,employed,275,25729.71
P021896,2025-12-31,employed,254,39959.62
P021900,2025-12-31,employed,288,17315.4
P021903,2025-12-31,employed,313,62128.51
P021905,2025-12-31,employed,231,36078.69
P021907,2025-12-31,employed,299,32857.17
P021908,2025-12-31,self_employed,238,21216
P021909,2025-12-31,employed,311,46439.39
P021911,2025-12-31,employed,268,30739.49
P021912,2025-12-31,employed,301,29834.13
P021914,2025-12-31,marginal,132,4044.48
P021917,2025-12-31,employed,184,31720.99
P021921,2025-12-31,marginal,39,4708.46
P021922,2025-12-31,employed,356,22885.24
P021923,2025-12-31,employed,315,22113.99
P021924,2025-12-31,marginal,119,4065.48
P021927,2025-12-31,employed,276,9836.43
P021928,2025-12-31,employed,218,40268.17
P021931,2025-12-31,employed,365,21406.93
P021932,2025-12-31,employed,258,49346.88
P021933,2025-12-31,employed,313,20605.95
P021935,2025-12-31,employed,297,41835.14
P021936,2025-12-31,employed,323,16482.99
P021937,2025-12-31,employed,306,22223.99
P021939,2025-12-31,employed,276,61437.14
P021940,2025-12-31,marginal,112,3396.25
P021944,2025-12-31,marginal,91,3290.95
P021950,2025-12-31,employed,212,16765.98
P021952,2025-12-31,employed,280,25400.74
P021956,2025-12-31,employed,235,20615.61
P021957,2025-12-31,employed,251,30196.17
P021960,2025-12-31,employed,342,14726.7
P021964,2025-12-31,employed,359,29412.05
P021965,2025-12-31,employed,365,31705.84
P021966,2025-12-31,self_employed,176,107593.69
P021967,2025-12-31,employed,263,26288.42
P021970,2025-12-31,employed,293,16461.47
P021971,2025-12-31,employed,299,56091.4
P021974,2025-12-31,self_employed,298,9311.85
P021976,2025-12-31,employed,330,33968.88
P021977,2025-12-31,employed,360,66767.03
P021978,2025-12-31,employed,260,25920.05
P021981,2025-12-31,employed,280,24425.82
P021982,2025-12-31,employed,180,25195.4
P021984,2025-12-31,marginal,82,5103.14
P021985,2025-12-31,marginal,24,5216.37
P021986,2025-12-31,employed,147,17157.55
P021988,2025-12-31,employed,279,15771.92
P021989,2025-12-31,no_record,0,0
P021990,2025-12-31,self_employed,262,28883.51
P021992,2025-12-31,marginal,84,4144.23
P021994,2025-12-31,marginal,113,10108.33
P021995,2025-12-31,self_employed,169,22817.88
P021996,2025-12-31,employed,357,19846.43
P021998,2025-12-31,employed,265,19595.24
P022003,2025-12-31,employed,365,45881.85
P022006,2025-12-31,employed,365,12503.05
P022008,2025-12-31,self_employed,164,7888.95
P022012,2025-12-31,employed,250,22830.06
P022014,2025-12-31,employed,365,40225.03
P022015,2025-12-31,employed,285,32437.8
P022016,2025-12-31,employed,329,66800.46
P022017,2025-12-31,no_record,0,0
P022023,2025-12-31,employed,365,13790.37
P022024,2025-12-31,employed,365,39928.13
P022032,2025-12-31,employed,342,29512.95
P022034,2025-12-31,employed,289,20405.84
P022036,2025-12-31,marginal,71,5210.82
P022038,2025-12-31,employed,295,32718.8
P022043,2025-12-31,employed,365,52381.84
P022044,2025-12-31,employed,352,28597.13
P022046,2025-12-31,marginal,121,6346.78
P022048,2025-12-31,employed,365,20511.95
P022051,2025-12-31,employed,343,41867.79
P022056,2025-12-31,employed,278,39557.92
P022057,2025-12-31,self_employed,233,77680.74
P022058,2025-12-31,employed,338,38682.39
P022059,2025-12-31,employed,245,39971.15
P022060,2025-12-31,employed,321,86938.14
P022061,2025-12-31,employed,228,13365.06
P022065,2025-12-31,employed,296,26625.98
P022072,2025-12-31,employed,292,18196.31
P022073,2025-12-31,employed,310,32200.72
P022076,2025-12-31,employed,365,14766.07
P022078,2025-12-31,marginal,67,3572.49
P022079,2025-12-31,marginal,71,3917.38
P022087,2025-12-31,marginal,70,4812.97
P022088,2025-12-31,employed,309,18900.42
P022094,2025-12-31,employed,242,53436.99
P022099,2025-12-31,employed,226,11842.18
P022101,2025-12-31,employed,216,80940.62
P022103,2025-12-31,employed,338,34512.94
P022105,2025-12-31,employed,316,32620.29
P022107,2025-12-31,marginal,154,4539.98
P022111,2025-12-31,employed,257,36690.6
P022113,2025-12-31,employed,365,15260.24
P022114,2025-12-31,employed,227,15754.43
P022116,2025-12-31,self_employed,351,12333.23
P022119,2025-12-31,employed,316,28617.89
P022120,2025-12-31,employed,253,25865.29
P022121,2025-12-31,employed,305,39677.07
P022126,2025-12-31,self_employed,146,25659.63
P022127,2025-12-31,employed,241,59428.22
P022128,2025-12-31,employed,316,36829.82
P022132,2025-12-31,employed,173,26169.99
P022133,2025-12-31,employed,360,24707.7
P022135,2025-12-31,employed,301,12551.84
P022137,2025-12-31,employed,365,35449.55
P022138,2025-12-31,employed,353,62044.57
P022139,2025-12-31,employed,221,15097.32
P022141,2025-12-31,employed,284,20856.95
P022142,2025-12-31,employed,290,16046.67
P022143,2025-12-31,marginal,124,5608.97
P022144,2025-12-31,employed,172,69111.99
P022145,2025-12-31,employed,365,37182.81
P022149,2025-12-31,employed,335,31107.9
P022150,2025-12-31,employed,203,26076.25
P022152,2025-12-31,marginal,183,4297.8
P022155,2025-12-31,marginal,185,6035.82
P022156,2025-12-31,employed,279,30641.09
P022160,2025-12-31,employed,237,32613.22
P022162,2025-12-31,marginal,131,6219.16
P022163,2025-12-31,employed,302,22194.35
P022165,2025-12-31,employed,281,48995.98
P022168,2025-12-31,employed,245,34501.33
P022171,2025-12-31,self_employed,247,49593.01
P022172,2025-12-31,employed,365,19996.25
P022173,2025-12-31,employed,364,45053.32
P022174,2025-12-31,employed,207,36248.69
P022180,2025-12-31,employed,224,31358.07
P022181,2025-12-31,employed,365,32199.97
P022183,2025-12-31,employed,363,26347.09
P022184,2025-12-31,marginal,89,3602.49
P022185,2025-12-31,employed,279,38579.92
P022187,2025-12-31,employed,365,14908.93
P022191,2025-12-31,employed,311,23096.33
P022192,2025-12-31,employed,348,NA
P022197,2025-12-31,employed,279,33070.49
P022199,2025-12-31,employed,269,29848.2
P022201,2025-12-31,employed,359,31401.49
P022203,2025-12-31,employed,336,49236.77
P022205,2025-12-31,employed,306,27084.65
P022210,2025-12-31,employed,324,13681.7
P022211,2025-12-31,self_employed,279,7552.24
P022213,2025-12-31,marginal,106,3576.46
P022214,2025-12-31,self_employed,300,18347.77
P022215,2025-12-31,marginal,53,3693.97
P022216,2025-12-31,employed,325,27676.5
P022221,2025-12-31,employed,350,25703.76
P022222,2025-12-31,no_record,0,0
P022226,2025-12-31,employed,217,25858.42
P022227,2025-12-31,marginal,143,3792.54
P022229,2025-12-31,employed,311,56761.44
P022230,2025-12-31,employed,345,27016.04
P022231,2025-12-31,marginal,166,3209.82
P022233,2025-12-31,marginal,124,6912.49
P022237,2025-12-31,employed,330,19239.42
P022239,2025-12-31,employed,NA,41254.03
P022242,2025-12-31,marginal,128,2489.86
P022244,2025-12-31,employed,360,15890.22
P022246,2025-12-31,employed,244,19592.1
P022249,2025-12-31,employed,211,19975.57
P022250,2025-12-31,no_record,0,0
P022251,2025-12-31,employed,224,21862.32
P022252,2025-12-31,employed,246,28185
P022255,2025-12-31,employed,221,43719.05
P022257,2025-12-31,employed,337,16954.26
P022260,2025-12-31,self_employed,365,25232.79
P022262,2025-12-31,employed,307,49732.82
P022267,2025-12-31,employed,276,10188.78
P022270,2025-12-31,marginal,72,3812.26
P022274,2025-12-31,employed,284,34107.05
P022276,2025-12-31,employed,241,21228.35
P022279,2025-12-31,marginal,103,5199.75
P022281,2025-12-31,employed,365,19102.73
P022284,2025-12-31,employed,267,NA
P022288,2025-12-31,employed,287,28933.76
P022289,2025-12-31,employed,322,31937.12
P022290,2025-12-31,employed,229,22266.51
P022292,2025-12-31,employed,261,13922.64
P022295,2025-12-31,employed,350,28060.16
P022297,2025-12-31,employed,183,14590.9
P022298,2025-12-31,employed,244,24030.65
P022300,2025-12-31,marginal,91,9164.65
P022301,2025-12-31,employed,281,41002.8
P022304,2025-12-31,employed,294,46353.91
P022305,2025-12-31,employed,322,9582.07
P022311,2025-12-31,employed,226,31110.1
P022313,2025-12-31,employed,243,36787.72
P022314,2025-12-31,employed,289,18680.09
P022318,2025-12-31,employed,330,13274.34
P022319,2025-12-31,employed,340,44004.75
P022320,2025-12-31,marginal,129,6467.03
P022323,2025-12-31,employed,222,20373.95
P022327,2025-12-31,employed,222,21141.74
P022328,2025-12-31,employed,359,45499.31
P022331,2025-12-31,employed,181,22009.48
P022338,2025-12-31,employed,266,36109.37
P022339,2025-12-31,employed,294,19821.66
P022341,2025-12-31,employed,365,20188.23
P022342,2025-12-31,self_employed,193,21791.1
P022348,2025-12-31,employed,234,35604.56
P022350,2025-12-31,employed,311,14193.23
P022352,2025-12-31,employed,353,49051.41
P022354,2025-12-31,employed,237,29282.08
P022356,2025-12-31,employed,206,16777.28
P022357,2025-12-31,no_record,0,0
P022358,2025-12-31,employed,228,40753.53
P022360,2025-12-31,marginal,97,NA
P022362,2025-12-31,employed,365,13619.59
P022363,2025-12-31,employed,360,5885.13
P022364,2025-12-31,employed,260,16462.51
P022366,2025-12-31,marginal,128,6390.69
P022369,2025-12-31,marginal,40,4737.87
P022370,2025-12-31,employed,283,32587.11
P022371,2025-12-31,employed,210,36905.37
P022372,2025-12-31,marginal,85,3480.23
P022373,2025-12-31,employed,283,21065.38
P022383,2025-12-31,employed,216,26180.34
P022384,2025-12-31,marginal,152,6810.78
P022387,2025-12-31,employed,186,40894.55
P022389,2025-12-31,employed,268,74056.81
P022390,2025-12-31,employed,309,29546.39
P022391,2025-12-31,self_employed,336,30092.07
P022392,2025-12-31,employed,251,20369.99
P022393,2025-12-31,marginal,91,7081.09
P022394,2025-12-31,employed,193,30245.46
P022395,2025-12-31,marginal,57,4410.08
P022396,2025-12-31,employed,365,39127.98
P022397,2025-12-31,employed,346,16325.78
P022399,2025-12-31,employed,343,42368.39
P022401,2025-12-31,self_employed,227,28658.84
P022403,2025-12-31,employed,301,21038.15
P022404,2025-12-31,employed,268,33954.09
P022413,2025-12-31,employed,337,24970.58
P022416,2025-12-31,employed,269,20628.13
P022419,2025-12-31,marginal,97,4637.25
P022421,2025-12-31,employed,237,34004.95
P022424,2025-12-31,employed,338,26235.61
P022425,2025-12-31,employed,332,20901.92
P022428,2025-12-31,employed,349,41487.16
P022433,2025-12-31,marginal,139,5770.28
P022434,2025-12-31,employed,279,15084.43
P022443,2025-12-31,self_employed,291,38875.02
P022445,2025-12-31,employed,315,27439.56
P022447,2025-12-31,marginal,95,6210.73
P022452,2025-12-31,employed,267,11715.16
P022453,2025-12-31,employed,298,18235.63
P022455,2025-12-31,employed,280,17475.88
P022457,2025-12-31,self_employed,183,37711.59
P022462,2025-12-31,employed,225,26946.77
P022463,2025-12-31,employed,322,19922.76
P022464,2025-12-31,employed,358,30674.55
P022466,2025-12-31,employed,259,15851.53
P022467,2025-12-31,marginal,120,5556.96
P022472,2025-12-31,marginal,130,3620.11
P022474,2025-12-31,employed,235,28316.64
P022475,2025-12-31,employed,227,17339.35
P022476,2025-12-31,marginal,165,7347.44
P022481,2025-12-31,self_employed,346,86852.85
P022484,2025-12-31,marginal,71,5361.74
P022485,2025-12-31,employed,365,42119.39
P022488,2025-12-31,employed,365,26510.07
P022489,2025-12-31,employed,300,35375.45
P022491,2025-12-31,employed,365,14924.51
P022493,2025-12-31,employed,323,18538.54
P022496,2025-12-31,employed,286,23170.77
P022497,2025-12-31,employed,365,23186.31
P022499,2025-12-31,employed,338,16855.53
P022501,2025-12-31,employed,316,45485.65
P022502,2025-12-31,employed,277,31418.42
P022504,2025-12-31,self_employed,245,46349.27
P022507,2025-12-31,employed,326,NA
P022509,2025-12-31,self_employed,235,15795.49
P022510,2025-12-31,employed,290,20773.96
P022512,2025-12-31,self_employed,236,8160.86
P022516,2025-12-31,employed,257,56609.47
P022517,2025-12-31,no_record,0,0
P022518,2025-12-31,employed,335,21493.43
P022523,2025-12-31,self_employed,239,106224.52
P022526,2025-12-31,employed,284,21257.25
P022527,2025-12-31,employed,365,26769.82
P022530,2025-12-31,employed,278,19951.14
P022535,2025-12-31,employed,339,13456.32
P022545,2025-12-31,employed,329,9750.04
P022547,2025-12-31,employed,293,40437.76
P022549,2025-12-31,employed,277,11143.44
P022551,2025-12-31,employed,311,24170.49
P022555,2025-12-31,employed,365,18537.48
P022556,2025-12-31,employed,253,14987.75
P022557,2025-12-31,employed,252,29917.06
P022558,2025-12-31,employed,349,72149.89
P022559,2025-12-31,marginal,162,4223.59
P022561,2025-12-31,employed,165,24484.94
P022562,2025-12-31,employed,NA,24314.34
P022564,2025-12-31,employed,178,27598.41
P022565,2025-12-31,employed,351,16373.01
P022567,2025-12-31,employed,311,39765.93
P022568,2025-12-31,employed,327,27627.64
P022573,2025-12-31,self_employed,347,8655.94
P022578,2025-12-31,employed,NA,24636.9
P022579,2025-12-31,employed,264,42892.36
P022581,2025-12-31,self_employed,364,6952.74
P022582,2025-12-31,self_employed,255,48657.52
P022587,2025-12-31,employed,338,22965.89
P022590,2025-12-31,employed,365,21321.75
P022592,2025-12-31,employed,243,NA
P022594,2025-12-31,employed,332,19789.8
P022596,2025-12-31,employed,297,17180.47
P022597,2025-12-31,employed,289,45759.22
P022600,2025-12-31,employed,185,22991.46
P022601,2025-12-31,employed,275,37674.8
P022603,2025-12-31,employed,209,20883.04
P022608,2025-12-31,self_employed,99,3236.27
P022612,2025-12-31,employed,352,48032.3
P022613,2025-12-31,employed,247,51642.36
P022616,2025-12-31,employed,351,40089.02
P022617,2025-12-31,self_employed,328,10752.94
P022618,2025-12-31,employed,222,55819.29
P022621,2025-12-31,employed,253,46108.35
P022623,2025-12-31,employed,278,43914.75
P022624,2025-12-31,employed,175,37077.51
P022628,2025-12-31,employed,248,23949.26
P022630,2025-12-31,employed,365,24851.78
P022631,2025-12-31,employed,336,26829.89
P022632,2025-12-31,employed,210,22192.82
P022634,2025-12-31,employed,293,19029.21
P022638,2025-12-31,marginal,170,7226.3
P022639,2025-12-31,employed,312,27526.36
P022642,2025-12-31,employed,365,62041.09
P022643,2025-12-31,marginal,90,5078.34
P022645,2025-12-31,employed,267,31723.39
P022646,2025-12-31,marginal,82,7569.54
P022651,2025-12-31,employed,365,27711.65
P022654,2025-12-31,self_employed,277,20650.51
P022655,2025-12-31,employed,217,39019.48
P022661,2025-12-31,employed,210,41859.04
P022665,2025-12-31,employed,153,33786.09
P022668,2025-12-31,employed,305,64869.51
P022669,2025-12-31,employed,365,28088.29
P022670,2025-12-31,employed,272,17734.69
P022671,2025-12-31,employed,128,29405.11
P022672,2025-12-31,employed,186,38480.35
P022674,2025-12-31,employed,204,27891.44
P022675,2025-12-31,employed,256,16776.84
P022676,2025-12-31,employed,238,33698.15
P022679,2025-12-31,employed,287,19616.48
P022680,2025-12-31,self_employed,307,20005.59
P022683,2025-12-31,marginal,130,4523.34
P022684,2025-12-31,employed,323,45447.92
P022686,2025-12-31,employed,266,17477.42
P022687,2025-12-31,marginal,138,6578.11
P022688,2025-12-31,self_employed,310,38817.27
P022689,2025-12-31,employed,365,31437.42
P022690,2025-12-31,employed,337,36132.18
P022695,2025-12-31,employed,365,16489.06
P022706,2025-12-31,employed,329,35884.98
P022708,2025-12-31,employed,245,38796.05
P022709,2025-12-31,employed,365,15863.48
P022712,2025-12-31,marginal,150,4217.74
P022714,2025-12-31,employed,336,23506.54
P022716,2025-12-31,employed,200,41605.47
P022717,2025-12-31,marginal,114,7040
P022720,2025-12-31,employed,303,11164.45
P022721,2025-12-31,employed,282,33067.91
P022722,2025-12-31,employed,365,28882.96
P022724,2025-12-31,employed,296,32476.64
P022728,2025-12-31,employed,346,25859.51
P022731,2025-12-31,marginal,134,6377.27
P022733,2025-12-31,employed,231,19884.78
P022734,2025-12-31,employed,233,16229.19
P022735,2025-12-31,employed,305,29342.74
P022737,2025-12-31,marginal,92,3623.16
P022738,2025-12-31,employed,311,11675.89
P022739,2025-12-31,employed,259,12790.26
P022740,2025-12-31,marginal,152,4924.17
P022741,2025-12-31,employed,246,14650.49
P022742,2025-12-31,employed,309,16822.81
P022744,2025-12-31,employed,266,36937.36
P022752,2025-12-31,employed,343,43842.16
P022756,2025-12-31,employed,365,50545.14
P022757,2025-12-31,employed,340,24340.82
P022760,2025-12-31,self_employed,187,22632.78
P022761,2025-12-31,no_record,0,0
P022763,2025-12-31,employed,365,26736.49
P022764,2025-12-31,no_record,0,0
P022765,2025-12-31,employed,289,14211.47
P022766,2025-12-31,employed,203,28649.68
P022767,2025-12-31,self_employed,NA,36594.26
P022768,2025-12-31,employed,344,16206.99
P022770,2025-12-31,employed,365,9983.6
P022772,2025-12-31,self_employed,185,56117.66
P022773,2025-12-31,employed,365,42764.15
P022775,2025-12-31,employed,213,43119.58
P022779,2025-12-31,marginal,98,5204.9
P022783,2025-12-31,marginal,89,3955.62
P022784,2025-12-31,employed,236,30015.86
P022787,2025-12-31,employed,261,19257.78
P022791,2025-12-31,marginal,176,5282.23
P022793,2025-12-31,employed,365,34932.34
P022794,2025-12-31,employed,238,34556.51
P022795,2025-12-31,no_record,0,0
P022796,2025-12-31,employed,321,41322.26
P022797,2025-12-31,employed,320,58232.75
P022801,2025-12-31,employed,225,28875.7
P022802,2025-12-31,employed,365,57479.72
P022803,2025-12-31,employed,279,26470.11
P022805,2025-12-31,marginal,81,4229.93
P022807,2025-12-31,self_employed,273,6950.14
P022809,2025-12-31,self_employed,252,31501.2
P022814,2025-12-31,marginal,192,2369.8
P022816,2025-12-31,employed,278,28072.95
P022818,2025-12-31,employed,272,53697.27
P022819,2025-12-31,employed,357,57071.32
P022820,2025-12-31,employed,255,NA
P022821,2025-12-31,employed,261,21774.04
P022825,2025-12-31,employed,332,10741.31
P022826,2025-12-31,employed,274,16663.53
P022831,2025-12-31,employed,282,31751.79
P022834,2025-12-31,employed,288,17120.63
P022837,2025-12-31,employed,299,28195.56
P022839,2025-12-31,employed,333,32140.95
P022840,2025-12-31,employed,313,16094.45
P022841,2025-12-31,employed,224,29114.02
P022843,2025-12-31,employed,189,43553.87
P022844,2025-12-31,employed,328,19968.75
P022845,2025-12-31,self_employed,281,14816.73
P022848,2025-12-31,employed,365,29382.99
P022849,2025-12-31,employed,226,28530.67
P022850,2025-12-31,employed,365,21940.6
P022851,2025-12-31,employed,279,31558.72
P022853,2025-12-31,employed,267,23105.13
P022857,2025-12-31,employed,365,22194.34
P022858,2025-12-31,employed,365,34803.63
P022863,2025-12-31,employed,365,26485.15
P022866,2025-12-31,marginal,115,3044.47
P022869,2025-12-31,marginal,66,6283.13
P022872,2025-12-31,employed,292,20965.76
P022873,2025-12-31,employed,161,9617.61
P022874,2025-12-31,marginal,117,9975.35
P022875,2025-12-31,employed,365,31599.54
P022878,2025-12-31,employed,251,20963.85
P022880,2025-12-31,employed,195,18887.01
P022881,2025-12-31,employed,285,38937.12
P022882,2025-12-31,self_employed,208,7451.8
P022886,2025-12-31,employed,143,53401.47
P022888,2025-12-31,self_employed,278,70577.61
P022891,2025-12-31,employed,271,17996.47
P022893,2025-12-31,marginal,104,2429.01
P022894,2025-12-31,employed,249,32441.89
P022896,2025-12-31,employed,296,31104.14
P022897,2025-12-31,employed,308,36302.82
P022898,2025-12-31,employed,312,26147.16
P022899,2025-12-31,employed,278,39819.78
P022900,2025-12-31,self_employed,239,31091.73
P022901,2025-12-31,marginal,101,5963.19
P022904,2025-12-31,employed,297,48757.29
P022905,2025-12-31,employed,328,13492.49
P022906,2025-12-31,marginal,141,2348.48
P022908,2025-12-31,marginal,92,3033.19
P022911,2025-12-31,self_employed,235,17392.58
P022912,2025-12-31,employed,301,28931.18
P022916,2025-12-31,employed,240,18449.79
P022924,2025-12-31,employed,365,19717.13
P022925,2025-12-31,employed,264,21867.44
P022928,2025-12-31,self_employed,175,8481.68
P022931,2025-12-31,employed,335,29566.02
P022933,2025-12-31,employed,307,33013.91
P022934,2025-12-31,employed,337,13998.66
P022935,2025-12-31,marginal,94,4428.3
P022937,2025-12-31,employed,292,32344.65
P022938,2025-12-31,employed,239,18871.45
P022941,2025-12-31,marginal,130,2274.95
P022942,2025-12-31,marginal,70,4373.91
P022946,2025-12-31,employed,365,24959.73
P022947,2025-12-31,employed,267,22790.45
P022955,2025-12-31,employed,331,56031.46
P022958,2025-12-31,employed,222,21457.56
P022963,2025-12-31,self_employed,256,66575.94
P022964,2025-12-31,employed,318,50642.71
P022966,2025-12-31,employed,365,10608.95
P022967,2025-12-31,employed,365,24264.79
P022968,2025-12-31,employed,335,11451.78
P022971,2025-12-31,employed,287,36590.29
P022973,2025-12-31,employed,104,41873.51
P022975,2025-12-31,employed,365,28090.06
P022977,2025-12-31,employed,257,38275.55
P022980,2025-12-31,employed,324,61651.19
P022981,2025-12-31,marginal,81,4012.4
P022982,2025-12-31,employed,196,NA
P022987,2025-12-31,employed,250,13084.91
P022988,2025-12-31,employed,231,17915.99
P022990,2025-12-31,employed,255,22938.44
P022991,2025-12-31,employed,328,61387.64
P022992,2025-12-31,no_record,0,0
P022993,2025-12-31,marginal,123,3046.03
P022994,2025-12-31,employed,279,10395.54
P022996,2025-12-31,self_employed,276,48283.65
P023000,2025-12-31,employed,309,38104.22
P023002,2025-12-31,employed,247,47383.87
P023005,2025-12-31,employed,198,29416.4
P023007,2025-12-31,marginal,115,5547.76
P023008,2025-12-31,marginal,35,4191.34
P023012,2025-12-31,marginal,76,3586.22
P023015,2025-12-31,self_employed,200,60765.27
P023016,2025-12-31,no_record,0,0
P023019,2025-12-31,employed,315,29529.47
P023023,2025-12-31,employed,291,59959.87
P023024,2025-12-31,employed,273,27698.39
P023026,2025-12-31,marginal,171,3399.53
P023028,2025-12-31,employed,250,21601.5
P023032,2025-12-31,employed,240,45485.61
P023033,2025-12-31,employed,358,30936.87
P023034,2025-12-31,employed,216,25647.54
P023035,2025-12-31,employed,273,9269.8
P023038,2025-12-31,employed,315,9622.35
P023039,2025-12-31,employed,224,38741.16
P023043,2025-12-31,marginal,108,5502.73
P023044,2025-12-31,employed,365,29826.37
P023045,2025-12-31,employed,365,27747.29
P023049,2025-12-31,marginal,96,5964.4
P023050,2025-12-31,no_record,0,0
P023052,2025-12-31,employed,317,49907.17
P023054,2025-12-31,employed,313,42731.96
P023058,2025-12-31,employed,341,88137.05
P023059,2025-12-31,employed,365,43491.64
P023064,2025-12-31,employed,321,NA
P023066,2025-12-31,employed,312,22057.36
P023067,2025-12-31,employed,339,16543.16
P023070,2025-12-31,employed,280,24655.21
P023072,2025-12-31,employed,349,35565.76
P023078,2025-12-31,employed,286,17868.76
P023080,2025-12-31,marginal,73,5125.34
P023081,2025-12-31,employed,217,8817.11
P023083,2025-12-31,employed,355,26621.36
P023086,2025-12-31,employed,295,39672.95
P023087,2025-12-31,employed,173,23780.34
P023090,2025-12-31,employed,365,26079.6
P023091,2025-12-31,employed,240,27785.57
P023094,2025-12-31,marginal,NA,5937.59
P023095,2025-12-31,employed,309,20841.66
P023096,2025-12-31,employed,308,16469.36
P023097,2025-12-31,employed,310,22054.24
P023098,2025-12-31,employed,197,23798.05
P023099,2025-12-31,employed,310,17001.84
P023100,2025-12-31,employed,236,14201.29
P023101,2025-12-31,employed,279,24595.55
P023102,2025-12-31,employed,261,26791.89
P023103,2025-12-31,employed,257,21073.28
P023104,2025-12-31,employed,342,22191.95
P023105,2025-12-31,employed,257,14708.03
P023108,2025-12-31,employed,351,82402.95
P023109,2025-12-31,marginal,115,4386.07
P023111,2025-12-31,employed,238,22619.69
P023114,2025-12-31,employed,252,38671.73
P023117,2025-12-31,employed,365,26088.4
P023118,2025-12-31,employed,216,28976.71
P023124,2025-12-31,employed,206,20668.62
P023130,2025-12-31,employed,281,20075.93
P023132,2025-12-31,employed,315,14736.87
P023136,2025-12-31,employed,293,19726.73
P023139,2025-12-31,self_employed,312,22822.78
P023140,2025-12-31,employed,349,14202.46
P023141,2025-12-31,no_record,0,0
P023143,2025-12-31,self_employed,218,38340.67
P023144,2025-12-31,employed,282,21331.31
P023145,2025-12-31,marginal,132,4712.96
P023149,2025-12-31,employed,184,33189.11
P023151,2025-12-31,employed,210,77190.71
P023155,2025-12-31,employed,268,31725.42
P023157,2025-12-31,employed,328,10952.89
P023159,2025-12-31,employed,295,31264.98
P023161,2025-12-31,employed,293,36052.33
P023164,2025-12-31,self_employed,254,26899.48
P023167,2025-12-31,employed,234,18862.39
P023174,2025-12-31,employed,NA,23568.02
P023175,2025-12-31,employed,187,35901.38
P023176,2025-12-31,employed,335,40929.1
P023177,2025-12-31,no_record,0,0
P023178,2025-12-31,employed,200,40978.94
P023180,2025-12-31,employed,361,53727.32
P023181,2025-12-31,employed,299,14568.91
P023185,2025-12-31,employed,269,38908.74
P023189,2025-12-31,employed,234,22038.16
P023202,2025-12-31,employed,237,26525.11
P023203,2025-12-31,employed,281,30024.37
P023204,2025-12-31,marginal,77,4696.87
P023205,2025-12-31,employed,276,49514.86
P023206,2025-12-31,employed,269,14038.93
P023207,2025-12-31,marginal,139,5215.16
P023208,2025-12-31,marginal,114,3005.65
P023211,2025-12-31,employed,263,26005.87
P023214,2025-12-31,self_employed,313,27671.49
P023218,2025-12-31,self_employed,234,5359.9
P023220,2025-12-31,employed,246,26040.65
P023222,2025-12-31,employed,243,18503.16
P023224,2025-12-31,marginal,120,7111.62
P023226,2025-12-31,marginal,118,3594.88
P023229,2025-12-31,employed,249,36428.73
P023232,2025-12-31,employed,321,23351.32
P023233,2025-12-31,employed,164,23386.61
P023237,2025-12-31,employed,220,38238.23
P023239,2025-12-31,employed,345,37697.65
P023242,2025-12-31,employed,275,25050.05
P023244,2025-12-31,employed,357,27781.96
P023245,2025-12-31,self_employed,172,42743.66
P023247,2025-12-31,employed,365,34325.34
P023248,2025-12-31,employed,273,54836.7
P023250,2025-12-31,self_employed,169,4984.68
P023251,2025-12-31,employed,341,23114.19
P023253,2025-12-31,employed,229,26547.36
P023254,2025-12-31,employed,328,33784.32
P023255,2025-12-31,employed,365,19215.92
P023256,2025-12-31,employed,286,20026.73
P023257,2025-12-31,employed,334,27193.07
P023258,2025-12-31,employed,296,13030.7
P023266,2025-12-31,marginal,101,6112.72
P023270,2025-12-31,employed,345,14813.88
P023271,2025-12-31,employed,348,31877.98
P023275,2025-12-31,self_employed,232,26846.98
P023277,2025-12-31,employed,339,34533.88
P023283,2025-12-31,employed,269,85075.91
P023284,2025-12-31,employed,213,17473.44
P023285,2025-12-31,no_record,0,0
P023286,2025-12-31,employed,159,40988.21
P023288,2025-12-31,employed,309,44723.25
P023291,2025-12-31,employed,365,41823
P023292,2025-12-31,employed,278,38962.82
P023293,2025-12-31,employed,178,18215.17
P023295,2025-12-31,employed,310,26774.94
P023296,2025-12-31,employed,292,83481.1
P023302,2025-12-31,marginal,120,9248.62
P023305,2025-12-31,employed,242,44839.03
P023307,2025-12-31,marginal,113,4657.62
P023309,2025-12-31,employed,357,39788.22
P023310,2025-12-31,employed,274,31809.7
P023317,2025-12-31,marginal,NA,7957.19
P023319,2025-12-31,employed,324,24434.85
P023325,2025-12-31,employed,263,18716.58
P023326,2025-12-31,employed,213,34120.59
P023333,2025-12-31,employed,309,21512.56
P023340,2025-12-31,self_employed,229,60037.59
P023342,2025-12-31,employed,365,21699.17
P023343,2025-12-31,marginal,80,2722.99
P023344,2025-12-31,employed,172,40238.55
P023346,2025-12-31,marginal,46,6167.56
P023347,2025-12-31,employed,291,71910.59
P023348,2025-12-31,employed,324,23380.9
P023354,2025-12-31,marginal,158,6049.61
P023355,2025-12-31,employed,269,25479.79
P023356,2025-12-31,employed,246,69330.98
P023357,2025-12-31,self_employed,133,53961.75
P023360,2025-12-31,employed,312,20447.72
P023361,2025-12-31,employed,342,38500.28
P023362,2025-12-31,employed,233,29017.06
P023364,2025-12-31,employed,338,30427.09
P023366,2025-12-31,employed,365,94377.28
P023368,2025-12-31,employed,249,23398.1
P023369,2025-12-31,employed,365,11648.33
P023370,2025-12-31,employed,312,15782.9
P023371,2025-12-31,marginal,140,3887.4
P023372,2025-12-31,self_employed,309,19192.4
P023373,2025-12-31,employed,365,43925.85
P023375,2025-12-31,employed,307,31853.86
P023377,2025-12-31,employed,305,44405.64
P023379,2025-12-31,employed,281,33707.86
P023383,2025-12-31,self_employed,125,52591.41
P023384,2025-12-31,no_record,0,0
P023385,2025-12-31,employed,210,20781.83
P023386,2025-12-31,employed,290,28220.7
P023387,2025-12-31,employed,250,25446.92
P023389,2025-12-31,employed,365,26601.17
P023390,2025-12-31,employed,348,43437.73
P023392,2025-12-31,marginal,63,6093.01
P023393,2025-12-31,employed,304,21705.5
P023396,2025-12-31,employed,277,20148.78
P023405,2025-12-31,no_record,0,0
P023410,2025-12-31,employed,NA,26727.73
P023411,2025-12-31,employed,215,50300.89
P023412,2025-12-31,employed,211,68848.28
P023413,2025-12-31,marginal,104,3710.8
P023416,2025-12-31,employed,331,57537.32
P023417,2025-12-31,employed,268,40982.43
P023421,2025-12-31,self_employed,177,33973.62
P023422,2025-12-31,employed,310,33696.38
P023423,2025-12-31,employed,282,11506.64
P023424,2025-12-31,employed,229,46652.03
P023425,2025-12-31,employed,326,50382.95
P023426,2025-12-31,employed,259,32509.09
P023428,2025-12-31,employed,230,36717.68
P023429,2025-12-31,marginal,65,5668.23
P023433,2025-12-31,employed,239,31292.9
P023436,2025-12-31,employed,303,26152.97
P023437,2025-12-31,self_employed,202,15789.99
P023441,2025-12-31,employed,224,31121.3
P023442,2025-12-31,employed,365,15887.33
P023443,2025-12-31,employed,344,30175.25
P023446,2025-12-31,employed,363,73023.91
P023453,2025-12-31,self_employed,123,NA
P023454,2025-12-31,employed,276,43136.29
P023457,2025-12-31,employed,247,52785.38
P023458,2025-12-31,employed,255,23768.61
P023459,2025-12-31,no_record,0,0
P023461,2025-12-31,marginal,113,5634.89
P023463,2025-12-31,employed,338,23697.62
P023465,2025-12-31,employed,278,20762.95
P023466,2025-12-31,employed,290,62118.12
P023467,2025-12-31,marginal,152,7051.41
P023468,2025-12-31,employed,197,17450.38
P023469,2025-12-31,employed,281,33028.26
P023473,2025-12-31,employed,250,42470.71
P023475,2025-12-31,self_employed,277,11688.93
P023476,2025-12-31,employed,136,26406.08
P023477,2025-12-31,employed,352,19758.25
P023479,2025-12-31,employed,271,27701.07
P023483,2025-12-31,self_employed,253,27249.6
P023490,2025-12-31,employed,321,22825.27
P023492,2025-12-31,employed,365,50251.93
P023493,2025-12-31,employed,261,30598.1
P023494,2025-12-31,employed,229,17793.6
P023495,2025-12-31,employed,260,37123.34
P023499,2025-12-31,employed,295,29597.27
P023500,2025-12-31,marginal,157,4657.83
P023504,2025-12-31,employed,293,25845.2
P023506,2025-12-31,employed,235,17201.2
P023507,2025-12-31,employed,312,23795.71
P023508,2025-12-31,employed,364,19193.07
P023509,2025-12-31,employed,296,32002.68
P023511,2025-12-31,employed,365,28690.28
P023513,2025-12-31,employed,335,23267.27
P023515,2025-12-31,employed,365,16315.71
P023516,2025-12-31,employed,307,34731.61
P023517,2025-12-31,marginal,97,4616.77
P023518,2025-12-31,no_record,0,0
P023523,2025-12-31,employed,256,32151.04
P023524,2025-12-31,marginal,78,9131.21
P023525,2025-12-31,employed,250,59021.61
P023527,2025-12-31,employed,222,27492.82
P023529,2025-12-31,self_employed,282,4379.58
P023531,2025-12-31,employed,276,41468.86
P023536,2025-12-31,employed,279,71902.78
P023538,2025-12-31,employed,297,46183.91
P023540,2025-12-31,employed,321,42676.83
P023541,2025-12-31,employed,294,20936.84
P023542,2025-12-31,employed,264,32057.03
P023543,2025-12-31,self_employed,365,4199.2
P023544,2025-12-31,employed,284,30877.08
P023546,2025-12-31,self_employed,341,47626.35
P023547,2025-12-31,marginal,133,6798.71
P023551,2025-12-31,marginal,110,3003.86
P023555,2025-12-31,employed,301,29960.99
P023556,2025-12-31,employed,221,32519.34
P023559,2025-12-31,employed,298,31057.37
P023561,2025-12-31,no_record,0,0
P023563,2025-12-31,self_employed,334,8606.41
P023565,2025-12-31,self_employed,365,31525.98
P023566,2025-12-31,employed,257,11446.65
P023567,2025-12-31,employed,314,41755.18
P023568,2025-12-31,self_employed,194,15790
P023572,2025-12-31,employed,365,18499.94
P023575,2025-12-31,self_employed,261,50900.7
P023579,2025-12-31,self_employed,275,19901.38
P023580,2025-12-31,employed,218,29969.81
P023581,2025-12-31,employed,365,12321.69
P023582,2025-12-31,employed,246,40809.71
P023583,2025-12-31,employed,248,38539.91
P023584,2025-12-31,employed,284,28073.03
P023585,2025-12-31,self_employed,346,8763.21
P023586,2025-12-31,self_employed,180,11216.86
P023587,2025-12-31,employed,185,20990.66
P023590,2025-12-31,employed,186,14071.95
P023591,2025-12-31,employed,365,18928.64
P023593,2025-12-31,marginal,99,6344.05
P023594,2025-12-31,employed,316,37257.45
P023595,2025-12-31,employed,215,17236.19
P023596,2025-12-31,employed,301,26365.86
P023599,2025-12-31,employed,262,30759.64
P023603,2025-12-31,employed,281,18133.93
P023606,2025-12-31,employed,295,23346.61
P023615,2025-12-31,marginal,40,5698.08
P023616,2025-12-31,no_record,0,0
P023618,2025-12-31,no_record,0,0
P023623,2025-12-31,marginal,123,4998.66
P023624,2025-12-31,self_employed,275,9664.32
P023626,2025-12-31,self_employed,305,25674.13
P023627,2025-12-31,employed,291,30058.53
P023629,2025-12-31,employed,199,12295.26
P023630,2025-12-31,employed,258,20098.5
P023631,2025-12-31,employed,272,13941.85
P023633,2025-12-31,employed,278,27742.42
P023635,2025-12-31,employed,282,38180.33
P023637,2025-12-31,employed,365,45004.06
P023639,2025-12-31,employed,230,30245.02
P023640,2025-12-31,self_employed,365,13484.57
P023641,2025-12-31,no_record,0,0
P023643,2025-12-31,employed,365,21370.41
P023644,2025-12-31,employed,241,46237.69
P023646,2025-12-31,employed,246,22160.25
P023647,2025-12-31,marginal,104,4844.9
P023649,2025-12-31,employed,246,19410.82
P023650,2025-12-31,employed,277,38782.06
P023653,2025-12-31,marginal,118,5780.17
P023656,2025-12-31,employed,274,18242.97
P023657,2025-12-31,employed,365,26815.31
P023658,2025-12-31,employed,335,32154.04
P023659,2025-12-31,no_record,0,0
P023661,2025-12-31,marginal,162,6767
P023663,2025-12-31,employed,288,28861.07
P023666,2025-12-31,employed,286,19780.42
P023670,2025-12-31,employed,266,36846.27
P023672,2025-12-31,self_employed,187,15813.19
P023675,2025-12-31,marginal,90,4129.33
P023682,2025-12-31,self_employed,267,32029.19
P023683,2025-12-31,self_employed,253,46128.45
P023684,2025-12-31,employed,365,31202.37
P023685,2025-12-31,employed,323,17481.01
P023686,2025-12-31,employed,352,22190.89
P023688,2025-12-31,employed,283,14740.34
P023691,2025-12-31,employed,251,30029.1
P023692,2025-12-31,self_employed,181,71395.49
P023693,2025-12-31,employed,317,42648.74
P023694,2025-12-31,employed,365,21622.49
P023696,2025-12-31,employed,290,31241.05
P023697,2025-12-31,self_employed,245,26664.19
P023698,2025-12-31,employed,266,20125.21
P023700,2025-12-31,employed,273,15780.33
P023703,2025-12-31,employed,290,39639.05
P023707,2025-12-31,employed,365,11255.39
P023709,2025-12-31,employed,328,33830.74
P023710,2025-12-31,employed,361,24470.65
P023713,2025-12-31,self_employed,246,54449.14
P023714,2025-12-31,employed,278,18149.78
P023717,2025-12-31,employed,302,21029.69
P023719,2025-12-31,employed,209,27768.78
P023720,2025-12-31,no_record,0,0
P023721,2025-12-31,marginal,70,8966.18
P023723,2025-12-31,no_record,0,0
P023726,2025-12-31,marginal,83,5142.38
P023728,2025-12-31,employed,329,19659.6
P023731,2025-12-31,employed,299,19380.32
P023733,2025-12-31,marginal,111,7881.79
P023734,2025-12-31,employed,272,34570.53
P023738,2025-12-31,employed,328,21151.68
P023743,2025-12-31,employed,207,38552.67
P023744,2025-12-31,employed,190,52773.96
P023745,2025-12-31,employed,255,21931.18
P023746,2025-12-31,employed,311,10294.31
P023747,2025-12-31,employed,265,59233.38
P023751,2025-12-31,self_employed,296,16565.71
P023755,2025-12-31,employed,357,23044.44
P023757,2025-12-31,marginal,55,5552.63
P023761,2025-12-31,employed,271,25324.17
P023763,2025-12-31,employed,264,14015.37
P023767,2025-12-31,employed,365,29003.18
P023768,2025-12-31,employed,353,32164.92
P023770,2025-12-31,employed,317,34167.96
P023774,2025-12-31,employed,269,10825.72
P023777,2025-12-31,employed,365,57286.12
P023780,2025-12-31,employed,289,22590.34
P023781,2025-12-31,marginal,123,4035.91
P023783,2025-12-31,employed,335,15522.06
P023784,2025-12-31,employed,308,40729.22
P023786,2025-12-31,employed,283,23663.49
P023787,2025-12-31,employed,334,17520.73
P023792,2025-12-31,self_employed,251,13051.25
P023793,2025-12-31,employed,306,31176.33
P023795,2025-12-31,employed,245,30383.29
P023798,2025-12-31,no_record,0,0
P023801,2025-12-31,employed,315,12453.84
P023805,2025-12-31,employed,325,22642.12
P023808,2025-12-31,employed,365,28840.19
P023810,2025-12-31,marginal,108,3576.74
P023812,2025-12-31,employed,365,100040.96
P023813,2025-12-31,employed,337,30103.04
P023816,2025-12-31,employed,292,25304.56
P023818,2025-12-31,employed,222,26314.47
P023825,2025-12-31,employed,235,28403.32
P023837,2025-12-31,marginal,111,6243.47
P023839,2025-12-31,employed,364,25607.06
P023847,2025-12-31,marginal,201,3731.57
P023848,2025-12-31,employed,335,29141.94
P023850,2025-12-31,employed,264,15084.51
P023851,2025-12-31,self_employed,255,19798.34
P023852,2025-12-31,marginal,161,7700.76
P023854,2025-12-31,employed,181,38142.64
P023855,2025-12-31,employed,286,28415.05
P023856,2025-12-31,employed,204,19990.61
P023857,2025-12-31,employed,310,7464.9
P023858,2025-12-31,employed,315,69505.31
P023860,2025-12-31,employed,277,28246.19
P023861,2025-12-31,self_employed,318,39859.74
P023862,2025-12-31,self_employed,180,25216.65
P023864,2025-12-31,employed,211,58327.75
P023873,2025-12-31,employed,309,33049.28
P023874,2025-12-31,marginal,75,4769.91
P023875,2025-12-31,employed,222,20012.02
P023879,2025-12-31,self_employed,327,18888.39
P023881,2025-12-31,employed,283,26977.7
P023882,2025-12-31,employed,296,20166.41
P023883,2025-12-31,employed,273,8928.71
P023884,2025-12-31,employed,221,15631.42
P023886,2025-12-31,employed,340,15948.57
P023891,2025-12-31,employed,235,12570.01
P023892,2025-12-31,self_employed,326,7186.61
P023896,2025-12-31,self_employed,365,77496.87
P023897,2025-12-31,self_employed,222,27073.04
P023898,2025-12-31,employed,333,42728.54
P023899,2025-12-31,no_record,0,0
P023902,2025-12-31,employed,289,41742.87
P023906,2025-12-31,employed,302,21851.82
P023909,2025-12-31,employed,308,35091.52
P023910,2025-12-31,employed,355,52259.4
P023911,2025-12-31,employed,296,35839.71
P023914,2025-12-31,employed,319,NA
P023916,2025-12-31,employed,NA,25575.99
P023918,2025-12-31,employed,243,33934.89
P023922,2025-12-31,employed,269,13003.22
P023924,2025-12-31,employed,255,18793.53
P023928,2025-12-31,marginal,137,7631.9
P023931,2025-12-31,marginal,178,4567.3
P023933,2025-12-31,self_employed,242,9054.48
P023934,2025-12-31,employed,319,25268.88
P023935,2025-12-31,employed,281,35078.36
P023938,2025-12-31,employed,245,21778.67
P023939,2025-12-31,employed,238,29632.46
P023941,2025-12-31,employed,187,15783.45
P023946,2025-12-31,marginal,128,7636.23
P023948,2025-12-31,employed,314,34442.71
P023951,2025-12-31,no_record,0,0
P023952,2025-12-31,employed,336,20237.64
P023953,2025-12-31,employed,365,13608.93
P023954,2025-12-31,employed,304,36839.79
P023955,2025-12-31,employed,209,19223.86
P023956,2025-12-31,employed,269,28927.26
P023957,2025-12-31,employed,330,22865.97
P023962,2025-12-31,self_employed,249,NA
P023966,2025-12-31,marginal,98,4548.55
P023967,2025-12-31,employed,354,28154.05
P023969,2025-12-31,marginal,161,5891.68
P023971,2025-12-31,employed,245,30342.18
P023972,2025-12-31,employed,278,30242.99
P023975,2025-12-31,employed,340,16600.66
P023976,2025-12-31,employed,365,38875.47
P023977,2025-12-31,marginal,98,4617.79
P023979,2025-12-31,marginal,65,5816.07
P023980,2025-12-31,employed,234,34074.46
P023981,2025-12-31,employed,217,28239.06
P023982,2025-12-31,employed,301,16801.97
P023986,2025-12-31,employed,346,14013.3
P023989,2025-12-31,marginal,137,4533.3
P023992,2025-12-31,employed,353,39990.23
P023995,2025-12-31,self_employed,365,6159.67
P023996,2025-12-31,self_employed,175,25301.65
P023997,2025-12-31,employed,259,22685.37
P023999,2025-12-31,employed,296,38713.74
P024001,2025-12-31,employed,264,85591.81
P024006,2025-12-31,employed,198,55459.34
P024008,2025-12-31,employed,287,31477
P024009,2025-12-31,employed,286,55707.42
P024010,2025-12-31,employed,268,14805.91
P024011,2025-12-31,marginal,191,12108.27
P024012,2025-12-31,employed,365,32178.7
P024015,2025-12-31,self_employed,150,28571.97
P024017,2025-12-31,employed,339,18498.92
P024018,2025-12-31,marginal,99,5588.83
P024028,2025-12-31,employed,226,32405.11
P024029,2025-12-31,self_employed,101,61526.67
P024030,2025-12-31,employed,188,35662.62
P024031,2025-12-31,self_employed,304,71499.74
P024033,2025-12-31,marginal,138,6331.28
P024034,2025-12-31,employed,269,34286.11
P024035,2025-12-31,employed,287,28242.44
P024036,2025-12-31,no_record,0,0
P024039,2025-12-31,employed,268,31700.37
P024040,2025-12-31,employed,334,33025.24
P024041,2025-12-31,employed,291,14679.6
P024043,2025-12-31,employed,246,24585.15
P024044,2025-12-31,employed,275,36225.11
P024046,2025-12-31,employed,278,69368.65
P024048,2025-12-31,employed,269,8658.98
P024049,2025-12-31,employed,339,19553.12
P024052,2025-12-31,employed,228,30747.28
P024055,2025-12-31,self_employed,229,82256.68
P024056,2025-12-31,employed,274,20158.8
P024057,2025-12-31,employed,365,6896.13
P024058,2025-12-31,no_record,0,0
P024060,2025-12-31,employed,294,28934.31
P024061,2025-12-31,marginal,122,3786.54
P024064,2025-12-31,employed,258,29124.49
P024065,2025-12-31,marginal,127,6484.55
P024066,2025-12-31,self_employed,255,6326.56
P024068,2025-12-31,no_record,0,0
P024069,2025-12-31,employed,310,11406.51
P024070,2025-12-31,no_record,0,0
P024073,2025-12-31,marginal,222,5437.95
P024075,2025-12-31,employed,309,21708.36
P024078,2025-12-31,employed,289,11384.43
P024081,2025-12-31,employed,275,32369.26
P024083,2025-12-31,no_record,0,0
P024085,2025-12-31,self_employed,239,7049.6
P024088,2025-12-31,employed,250,31874.07
P024089,2025-12-31,self_employed,201,63316.59
P024091,2025-12-31,employed,194,39437.4
P024095,2025-12-31,self_employed,171,66803.45
P024097,2025-12-31,employed,231,26285.79
P024098,2025-12-31,marginal,75,6974.56
P024106,2025-12-31,employed,277,20183.25
P024107,2025-12-31,employed,162,36160.1
P024108,2025-12-31,employed,298,22502.46
P024113,2025-12-31,employed,265,29425.02
P024114,2025-12-31,employed,303,19708.12
P024115,2025-12-31,employed,289,15761.41
P024116,2025-12-31,employed,179,45206.57
P024117,2025-12-31,self_employed,242,7252.68
P024119,2025-12-31,self_employed,315,68230.21
P024120,2025-12-31,employed,196,28042.15
P024121,2025-12-31,employed,263,47669.34
P024124,2025-12-31,employed,365,30442.22
P024126,2025-12-31,employed,365,33379.91
P024127,2025-12-31,employed,266,36017.51
P024128,2025-12-31,employed,228,46962.77
P024129,2025-12-31,employed,365,28039.96
P024132,2025-12-31,employed,279,35170.03
P024134,2025-12-31,employed,270,64111.93
P024139,2025-12-31,employed,365,29697.29
P024140,2025-12-31,employed,288,26453.24
P024141,2025-12-31,employed,204,32527.29
P024142,2025-12-31,employed,317,17296.11
P024144,2025-12-31,employed,116,42294.99
P024145,2025-12-31,employed,294,18576.83
P024146,2025-12-31,employed,136,21979.29
P024147,2025-12-31,no_record,0,0
P024148,2025-12-31,employed,296,25322.05
P024153,2025-12-31,self_employed,313,20863.31
P024155,2025-12-31,employed,308,23034.2
P024156,2025-12-31,employed,290,105956.47
P024157,2025-12-31,employed,237,41037.54
P024159,2025-12-31,self_employed,365,58351.18
P024162,2025-12-31,employed,229,24840.45
P024164,2025-12-31,employed,347,42176.6
P024166,2025-12-31,self_employed,208,25816.15
P024169,2025-12-31,employed,176,29709.9
P024175,2025-12-31,employed,331,25993.76
P024176,2025-12-31,employed,328,35647.97
P024180,2025-12-31,employed,365,53338.92
P024185,2025-12-31,employed,365,13793.68
P024189,2025-12-31,self_employed,88,13321.21
P024192,2025-12-31,employed,257,17506.32
P024197,2025-12-31,employed,227,20878.71
P024201,2025-12-31,employed,253,34353.42
P024204,2025-12-31,marginal,154,7876.51
P024206,2025-12-31,employed,233,44242.37
P024209,2025-12-31,employed,228,30210.93
P024212,2025-12-31,employed,247,26938.87
P024213,2025-12-31,employed,365,28340.87
P024215,2025-12-31,employed,302,15530.84
P024216,2025-12-31,employed,195,39860.61
P024224,2025-12-31,employed,315,47971.74
P024225,2025-12-31,marginal,49,2931.2
P024226,2025-12-31,marginal,89,2770.08
P024229,2025-12-31,self_employed,365,3837.43
P024233,2025-12-31,employed,154,34852.36
P024234,2025-12-31,employed,190,32043.58
P024235,2025-12-31,employed,356,36034.01
P024238,2025-12-31,employed,220,34276.43
P024239,2025-12-31,marginal,172,3005.25
P024240,2025-12-31,employed,199,16259.39
P024241,2025-12-31,employed,287,23183.66
P024245,2025-12-31,self_employed,255,51004.22
P024248,2025-12-31,self_employed,290,17912.63
P024251,2025-12-31,marginal,130,7003.97
P024252,2025-12-31,employed,177,30451.19
P024254,2025-12-31,employed,285,29647.49
P024255,2025-12-31,employed,168,32783.42
P024260,2025-12-31,self_employed,351,62995.99
P024262,2025-12-31,employed,324,27803.31
P024264,2025-12-31,employed,352,59643.62
P024265,2025-12-31,employed,308,34391.02
P024266,2025-12-31,employed,294,26155.84
P024267,2025-12-31,employed,264,14668.2
P024270,2025-12-31,employed,241,22555.29
P024271,2025-12-31,self_employed,262,28079.37
P024277,2025-12-31,marginal,92,3921.23
P024281,2025-12-31,employed,340,43056.24
P024282,2025-12-31,employed,302,16571.38
P024283,2025-12-31,employed,258,15386.95
P024284,2025-12-31,employed,262,36143.88
P024286,2025-12-31,employed,365,33190.63
P024288,2025-12-31,self_employed,149,11558.25
P024291,2025-12-31,employed,300,24314.56
P024296,2025-12-31,marginal,111,5793.26
P024299,2025-12-31,marginal,93,6495.85
P024300,2025-12-31,employed,363,11548.23
P024304,2025-12-31,self_employed,321,43705.56
P024306,2025-12-31,marginal,138,6096.6
P024310,2025-12-31,self_employed,300,11877.47
P024312,2025-12-31,employed,266,48753.9
P024315,2025-12-31,employed,258,25638.71
P024316,2025-12-31,employed,337,20386.7
P024320,2025-12-31,employed,247,23980.93
P024323,2025-12-31,employed,335,31206.23
P024330,2025-12-31,employed,324,23056.92
P024335,2025-12-31,employed,246,18649.49
P024340,2025-12-31,employed,229,31704.19
P024341,2025-12-31,employed,245,48783.96
P024342,2025-12-31,employed,296,21086
P024344,2025-12-31,employed,271,19655.26
P024346,2025-12-31,employed,229,40419.31
P024350,2025-12-31,self_employed,247,49114.08
P024353,2025-12-31,employed,215,NA
P024355,2025-12-31,employed,365,32861.93
P024357,2025-12-31,marginal,99,2923.72
P024358,2025-12-31,self_employed,252,51660.76
P024359,2025-12-31,employed,224,21928.06
P024360,2025-12-31,employed,338,21130.65
P024366,2025-12-31,employed,301,48971.58
P024367,2025-12-31,employed,307,15243.76
P024368,2025-12-31,employed,214,43678.21
P024370,2025-12-31,employed,305,27603.23
P024371,2025-12-31,employed,365,29057.62
P024375,2025-12-31,self_employed,331,16276.14
P024378,2025-12-31,employed,257,27724.28
P024379,2025-12-31,employed,278,35520.03
P024380,2025-12-31,employed,237,54193.63
P024382,2025-12-31,employed,285,24163.48
P024383,2025-12-31,marginal,98,5216.74
P024387,2025-12-31,employed,294,20367.9
P024390,2025-12-31,marginal,117,3316.91
P024393,2025-12-31,employed,365,46077.17
P024398,2025-12-31,employed,328,31556.89
P024400,2025-12-31,marginal,69,4565.94
P024401,2025-12-31,no_record,0,0
P024403,2025-12-31,employed,285,20640.66
P024405,2025-12-31,employed,358,22093.97
P024410,2025-12-31,employed,288,12221.43
P024414,2025-12-31,marginal,82,7478.94
P024415,2025-12-31,marginal,66,3911.35
P024416,2025-12-31,employed,272,15410.13
P024418,2025-12-31,employed,252,17844.03
P024420,2025-12-31,employed,235,121553.3
P024421,2025-12-31,employed,365,33865.39
P024423,2025-12-31,employed,NA,20286.63
P024426,2025-12-31,employed,243,25706.13
P024427,2025-12-31,employed,162,24086.17
P024430,2025-12-31,employed,308,16546.95
P024431,2025-12-31,employed,265,33560.64
P024432,2025-12-31,employed,344,59752.92
P024434,2025-12-31,employed,314,25338.8
P024435,2025-12-31,marginal,151,6178.12
P024436,2025-12-31,employed,365,71349.91
P024437,2025-12-31,employed,272,41602.09
P024438,2025-12-31,employed,365,59316.55
P024446,2025-12-31,employed,313,37994.58
P024449,2025-12-31,employed,230,39198.12
P024451,2025-12-31,marginal,101,2693.94
P024452,2025-12-31,marginal,76,4797.36
P024453,2025-12-31,employed,365,32119.61
P024454,2025-12-31,employed,365,26965.82
P024460,2025-12-31,self_employed,38,52558.62
P024461,2025-12-31,self_employed,307,60263.78
P024462,2025-12-31,employed,265,59136.18
P024465,2025-12-31,employed,237,25145.18
P024470,2025-12-31,marginal,115,2981.86
P024472,2025-12-31,employed,268,17633.78
P024474,2025-12-31,employed,365,29416.01
P024475,2025-12-31,employed,274,29364.29
P024478,2025-12-31,employed,278,42886.29
P024482,2025-12-31,employed,352,25641.26
P024488,2025-12-31,employed,321,21379.19
P024489,2025-12-31,employed,365,40019.02
P024491,2025-12-31,employed,300,50078.65
P024493,2025-12-31,employed,323,25480.81
P024494,2025-12-31,employed,339,20287.03
P024501,2025-12-31,self_employed,280,10676.37
P024502,2025-12-31,employed,291,40645.57
P024503,2025-12-31,employed,260,26198.04
P024504,2025-12-31,employed,236,37753.57
P024509,2025-12-31,employed,302,37773.42
P024511,2025-12-31,employed,251,6758.76
P024522,2025-12-31,self_employed,364,15886.71
P024523,2025-12-31,employed,365,35136.62
P024525,2025-12-31,employed,317,15250.07
P024527,2025-12-31,employed,274,26773.02
P024528,2025-12-31,employed,306,15789.44
P024529,2025-12-31,marginal,84,3699.17
P024530,2025-12-31,self_employed,234,24498.52
P024532,2025-12-31,employed,299,19412.37
P024533,2025-12-31,marginal,116,5128.83
P024534,2025-12-31,employed,296,54994.2
P024536,2025-12-31,employed,365,26095.5
P024537,2025-12-31,employed,365,25302.77
P024545,2025-12-31,self_employed,75,24893.95
P024549,2025-12-31,employed,NA,41536.98
P024550,2025-12-31,employed,353,22642.18
P024556,2025-12-31,employed,358,37903.84
P024558,2025-12-31,employed,304,38691.13
P024559,2025-12-31,self_employed,331,11685.08
P024560,2025-12-31,marginal,93,4797.05
P024567,2025-12-31,employed,257,14952.71
P024568,2025-12-31,employed,356,21628.22
P024569,2025-12-31,employed,346,37339.07
P024572,2025-12-31,employed,324,35512.63
P024573,2025-12-31,employed,314,29190.12
P024574,2025-12-31,marginal,91,3450.44
P024575,2025-12-31,employed,290,19767.3
P024576,2025-12-31,employed,261,104620.28
P024577,2025-12-31,self_employed,221,86094.16
P024579,2025-12-31,employed,250,46896.42
P024580,2025-12-31,employed,151,9602.42
P024583,2025-12-31,marginal,109,6656.1
P024586,2025-12-31,self_employed,297,35887.18
P024588,2025-12-31,marginal,79,3612.79
P024594,2025-12-31,employed,251,29806.63
P024595,2025-12-31,employed,271,26736.8
P024596,2025-12-31,self_employed,201,13368.38
P024597,2025-12-31,employed,282,26258.69
P024598,2025-12-31,employed,261,16416.36
P024601,2025-12-31,employed,352,35210.57
P024604,2025-12-31,employed,267,26879.58
P024610,2025-12-31,employed,201,38164.28
P024611,2025-12-31,employed,189,51112.28
P024614,2025-12-31,employed,362,30926.16
P024616,2025-12-31,marginal,113,3376.52
P024617,2025-12-31,employed,240,28514.62
P024618,2025-12-31,employed,315,35315.61
P024620,2025-12-31,marginal,40,5046.88
P024621,2025-12-31,marginal,86,5550.77
P024622,2025-12-31,self_employed,201,14300.34
P024624,2025-12-31,employed,337,20676.09
P024625,2025-12-31,self_employed,159,14609.67
P024626,2025-12-31,employed,297,26889.35
P024628,2025-12-31,employed,320,22711.7
P024630,2025-12-31,employed,365,22202.78
P024631,2025-12-31,marginal,115,6657.79
P024634,2025-12-31,marginal,106,6891.02
P024636,2025-12-31,employed,365,43778.19
P024638,2025-12-31,employed,274,30473.09
P024639,2025-12-31,employed,235,35912.59
P024640,2025-12-31,employed,276,8828.25
P024642,2025-12-31,employed,290,19821.64
P024645,2025-12-31,employed,356,43212.93
P024649,2025-12-31,employed,195,19613.31
P024654,2025-12-31,employed,333,15120.23
P024655,2025-12-31,employed,275,15872.7
P024656,2025-12-31,employed,345,26001.81
P024657,2025-12-31,employed,276,61125.82
P024658,2025-12-31,employed,314,35735.18
P024662,2025-12-31,self_employed,176,20903.88
P024668,2025-12-31,employed,252,55909.47
P024669,2025-12-31,marginal,108,12406.07
P024670,2025-12-31,employed,250,13820.62
P024672,2025-12-31,employed,214,57759.24
P024673,2025-12-31,employed,301,20098.6
P024677,2025-12-31,marginal,133,7038.34
P024678,2025-12-31,self_employed,349,62303.4
P024681,2025-12-31,marginal,193,5077.89
P024683,2025-12-31,employed,352,35654.08
P024684,2025-12-31,self_employed,274,24165.43
P024687,2025-12-31,marginal,186,4962.97
P024689,2025-12-31,employed,227,23677.38
P024690,2025-12-31,employed,294,13842.89
P024693,2025-12-31,employed,211,40109.71
P024694,2025-12-31,employed,312,28322.59
P024697,2025-12-31,employed,197,45602.92
P024698,2025-12-31,employed,254,16628
P024699,2025-12-31,employed,248,57397.24
P024700,2025-12-31,employed,365,15375.93
P024703,2025-12-31,no_record,0,0
P024707,2025-12-31,employed,318,64648.83
P024708,2025-12-31,employed,240,9653.19
P024709,2025-12-31,employed,314,39376.44
P024711,2025-12-31,self_employed,280,24850.11
P024716,2025-12-31,self_employed,365,62495.77
P024717,2025-12-31,employed,277,35782.46
P024718,2025-12-31,employed,239,26325.64
P024720,2025-12-31,employed,276,14391.75
P024723,2025-12-31,employed,281,21484.24
P024724,2025-12-31,employed,357,20029.49
P024733,2025-12-31,employed,308,41461.09
P024734,2025-12-31,employed,282,42332.23
P024735,2025-12-31,employed,350,70472.92
P024737,2025-12-31,employed,362,51058.76
P024738,2025-12-31,employed,329,22582.01
P024741,2025-12-31,marginal,121,5580.29
P024742,2025-12-31,employed,354,20630.33
P024745,2025-12-31,marginal,97,5472.49
P024746,2025-12-31,employed,236,43087.66
P024747,2025-12-31,employed,313,16072.37
P024751,2025-12-31,employed,262,53057.74
P024752,2025-12-31,employed,352,40162.99
P024754,2025-12-31,employed,251,21561.95
P024755,2025-12-31,self_employed,198,17234.21
P024757,2025-12-31,employed,321,25121.02
P024758,2025-12-31,employed,278,13982.69
P024759,2025-12-31,employed,349,19578.53
P024760,2025-12-31,employed,365,38588.46
P024764,2025-12-31,self_employed,318,49931.24
P024765,2025-12-31,employed,338,29198.23
P024767,2025-12-31,employed,229,19490.79
P024770,2025-12-31,employed,342,18578.32
P024772,2025-12-31,employed,319,23808.48
P024776,2025-12-31,employed,365,37657.11
P024778,2025-12-31,self_employed,280,41048.7
P024779,2025-12-31,marginal,123,8386.47
P024782,2025-12-31,employed,183,29642.3
P024783,2025-12-31,employed,356,31087.17
P024787,2025-12-31,employed,282,16738.13
P024789,2025-12-31,marginal,177,3641.38
P024792,2025-12-31,employed,293,28334.27
P024799,2025-12-31,marginal,93,4338.17
P024800,2025-12-31,employed,232,23824.44
P024802,2025-12-31,employed,302,16581.44
P024804,2025-12-31,employed,242,30623.46
P024805,2025-12-31,employed,319,29542.13
P024808,2025-12-31,employed,354,NA
P024809,2025-12-31,employed,236,46528.74
P024812,2025-12-31,employed,365,42698.32
P024813,2025-12-31,employed,242,28127.47
P024814,2025-12-31,employed,365,50376.69
P024816,2025-12-31,employed,296,29149.95
P024820,2025-12-31,employed,263,31385.92
P024822,2025-12-31,marginal,75,1845.25
P024825,2025-12-31,employed,206,28725.52
P024828,2025-12-31,employed,363,24611.14
P024829,2025-12-31,employed,312,21895.76
P024831,2025-12-31,employed,365,22567.97
P024832,2025-12-31,employed,352,27662.31
P024833,2025-12-31,employed,361,19275.69
P024835,2025-12-31,self_employed,330,46458.88
P024837,2025-12-31,employed,280,21916.8
P024839,2025-12-31,self_employed,70,12478.26
P024844,2025-12-31,marginal,145,3747.66
P024845,2025-12-31,employed,265,15590.28
P024853,2025-12-31,marginal,128,4002.7
P024855,2025-12-31,employed,290,22780.48
P024856,2025-12-31,employed,149,20063.17
P024857,2025-12-31,employed,259,33270.92
P024858,2025-12-31,employed,334,73682.9
P024860,2025-12-31,employed,231,18726.25
P024861,2025-12-31,employed,315,12821.82
P024867,2025-12-31,employed,316,35970.77
P024869,2025-12-31,employed,268,16175.97
P024871,2025-12-31,employed,216,67901.77
P024872,2025-12-31,employed,291,50554.45
P024876,2025-12-31,self_employed,137,25584.58
P024878,2025-12-31,employed,340,50992.89
P024880,2025-12-31,marginal,113,7065.31
P024882,2025-12-31,employed,365,25936.34
P024887,2025-12-31,employed,365,25065.57
P024889,2025-12-31,self_employed,220,7691.92
P024890,2025-12-31,employed,320,51387.42
P024892,2025-12-31,employed,263,46718.17
P024893,2025-12-31,employed,309,18558.93
P024894,2025-12-31,employed,314,17625.36
P024896,2025-12-31,employed,209,10137.48
P024906,2025-12-31,employed,308,NA
P024908,2025-12-31,self_employed,179,31663.99
P024909,2025-12-31,employed,262,50153.26
P024910,2025-12-31,employed,365,27790.47
P024911,2025-12-31,self_employed,271,32569.55
P024912,2025-12-31,employed,365,28510.54
P024915,2025-12-31,self_employed,217,26026.59
P024917,2025-12-31,employed,266,33863.15
P024923,2025-12-31,employed,314,10150.75
P024926,2025-12-31,employed,353,40828.75
P024929,2025-12-31,employed,250,67117.97
P024930,2025-12-31,employed,293,38484.67
P024931,2025-12-31,employed,365,32946.97
P024936,2025-12-31,marginal,121,4537.24
P024941,2025-12-31,employed,312,14969.92
P024942,2025-12-31,marginal,74,7531.37
P024944,2025-12-31,employed,228,35480.82
P024946,2025-12-31,employed,210,39772.87
P024951,2025-12-31,employed,265,9560.19
P024952,2025-12-31,employed,354,20386.01
P024955,2025-12-31,employed,323,34101.57
P024956,2025-12-31,employed,287,43498.53
P024957,2025-12-31,no_record,0,0
P024960,2025-12-31,employed,304,23769.35
P024961,2025-12-31,employed,314,34096.36
P024962,2025-12-31,employed,328,14403.87
P024963,2025-12-31,employed,247,20212.31
P024965,2025-12-31,marginal,116,2497.22
P024966,2025-12-31,employed,224,32175.28
P024972,2025-12-31,employed,231,45638.64
P024973,2025-12-31,employed,251,27020.83
P024974,2025-12-31,no_record,0,0
P024975,2025-12-31,employed,228,34688.13
P024979,2025-12-31,self_employed,182,14935.46
P024988,2025-12-31,employed,270,46023.77
P024993,2025-12-31,marginal,141,6424.12
P024995,2025-12-31,employed,365,27609.4
P024999,2025-12-31,employed,262,69155.82
P025007,2025-12-31,employed,290,22276.89
P025013,2025-12-31,employed,287,27071.45
P025014,2025-12-31,employed,191,42470.26
P025015,2025-12-31,marginal,163,5061.55
P025016,2025-12-31,employed,209,33380.97
P025019,2025-12-31,employed,284,24946.47
P025020,2025-12-31,self_employed,271,17702.73
P025021,2025-12-31,employed,304,25490.83
P025022,2025-12-31,employed,253,25745.45
P025023,2025-12-31,employed,254,26021
P025024,2025-12-31,employed,305,21093.25
P025025,2025-12-31,employed,276,12463.06
P025026,2025-12-31,self_employed,365,19339.76
P025027,2025-12-31,employed,365,15957.74
P025029,2025-12-31,employed,357,70100.62
P025030,2025-12-31,employed,292,48509.89
P025033,2025-12-31,marginal,108,3979.1
P025037,2025-12-31,no_record,0,0
P025038,2025-12-31,employed,332,20288.3
P025042,2025-12-31,employed,277,14165.83
P025046,2025-12-31,marginal,132,4601.59
P025048,2025-12-31,employed,365,17899.77
P025051,2025-12-31,employed,345,21296.05
P025052,2025-12-31,employed,309,49595.1
P025055,2025-12-31,marginal,NA,4193.27
P025062,2025-12-31,employed,259,22203.62
P025064,2025-12-31,employed,333,27514.98
P025065,2025-12-31,employed,326,38379.05
P025068,2025-12-31,employed,321,11891.17
P025073,2025-12-31,self_employed,185,55080.53
P025074,2025-12-31,self_employed,189,25300.27
P025075,2025-12-31,employed,226,12979.2
P025077,2025-12-31,employed,324,15239.22
P025079,2025-12-31,employed,353,26320.97
P025080,2025-12-31,employed,361,16984.82
P025082,2025-12-31,marginal,96,10478.43
P025084,2025-12-31,employed,234,26309.53
P025089,2025-12-31,employed,318,43383.47
P025091,2025-12-31,employed,244,28387.28
P025095,2025-12-31,employed,207,40679.24
P025097,2025-12-31,employed,285,19078.57
P025102,2025-12-31,employed,294,13337.67
P025103,2025-12-31,employed,359,20551.86
P025104,2025-12-31,employed,250,41619.87
P025105,2025-12-31,employed,290,32558.57
P025107,2025-12-31,employed,303,51201.19
P025114,2025-12-31,employed,NA,24801.34
P025117,2025-12-31,employed,282,22010.02
P025119,2025-12-31,employed,189,30907.71
P025123,2025-12-31,employed,314,38267.05
P025124,2025-12-31,marginal,139,4883.17
P025125,2025-12-31,employed,246,21784.8
P025126,2025-12-31,employed,203,35026.15
P025128,2025-12-31,employed,298,20356.45
P025132,2025-12-31,self_employed,278,14070.94
P025134,2025-12-31,employed,307,43173.42
P025136,2025-12-31,self_employed,235,42883.18
P025139,2025-12-31,employed,314,128291.54
P025141,2025-12-31,employed,287,37941.23
P025142,2025-12-31,employed,254,34868.96
P025143,2025-12-31,marginal,56,6557.58
P025144,2025-12-31,employed,309,38461.4
P025145,2025-12-31,employed,202,20826.68
P025147,2025-12-31,employed,336,52750.12
P025148,2025-12-31,employed,296,29757.97
P025149,2025-12-31,self_employed,220,9238.06
P025152,2025-12-31,employed,365,27433.62
P025157,2025-12-31,employed,173,20017.58
P025159,2025-12-31,employed,298,28834.07
P025160,2025-12-31,employed,354,34199.96
P025161,2025-12-31,employed,225,22787.7
P025163,2025-12-31,employed,354,34921.09
P025165,2025-12-31,employed,248,25017.75
P025166,2025-12-31,employed,230,21976.68
P025167,2025-12-31,employed,226,35149.55
P025169,2025-12-31,employed,301,15092.92
P025174,2025-12-31,employed,319,37343.05
P025179,2025-12-31,employed,298,27593.25
P025186,2025-12-31,employed,341,29214.19
P025187,2025-12-31,marginal,132,5936.97
P025188,2025-12-31,employed,241,19653.59
P025191,2025-12-31,employed,342,13743.74
P025192,2025-12-31,self_employed,314,47689.97
P025193,2025-12-31,employed,266,18854.13
P025195,2025-12-31,self_employed,268,51226.34
P025198,2025-12-31,employed,354,38015.99
P025199,2025-12-31,marginal,69,5477.68
P025200,2025-12-31,employed,191,21023.38
P025208,2025-12-31,marginal,181,7325.04
P025209,2025-12-31,marginal,119,3249.85
P025211,2025-12-31,employed,253,27728.71
P025212,2025-12-31,employed,234,51726.86
P025216,2025-12-31,employed,339,14988.12
P025217,2025-12-31,self_employed,344,23222
P025221,2025-12-31,employed,247,25331.7
P025222,2025-12-31,self_employed,253,11894.39
P025223,2025-12-31,employed,344,32234.95
P025224,2025-12-31,self_employed,NA,26726.15
P025227,2025-12-31,employed,339,21261.33
P025228,2025-12-31,self_employed,288,7433.63
P025232,2025-12-31,employed,312,61222.53
P025236,2025-12-31,employed,283,NA
P025238,2025-12-31,employed,196,16950.57
P025239,2025-12-31,employed,322,17364.47
P025240,2025-12-31,no_record,0,0
P025241,2025-12-31,employed,365,17537.86
P025244,2025-12-31,employed,298,12011.97
P025245,2025-12-31,employed,334,30112.6
P025246,2025-12-31,employed,297,33258.57
P025249,2025-12-31,employed,213,36817.08
P025250,2025-12-31,employed,148,30147.63
P025252,2025-12-31,employed,NA,30460.34
P025253,2025-12-31,employed,274,30121.49
P025254,2025-12-31,employed,219,25206.61
P025255,2025-12-31,employed,286,30927.89
P025257,2025-12-31,employed,261,40955.05
P025258,2025-12-31,employed,324,40033.09
P025260,2025-12-31,employed,365,29972.12
P025261,2025-12-31,employed,342,32599.04
P025264,2025-12-31,employed,182,33874.83
P025267,2025-12-31,employed,365,NA
P025268,2025-12-31,marginal,73,5021.58
P025269,2025-12-31,employed,328,18495.9
P025271,2025-12-31,marginal,143,3114.1
P025272,2025-12-31,employed,278,13028.88
P025273,2025-12-31,employed,341,24941.85
P025277,2025-12-31,marginal,101,3892.12
P025278,2025-12-31,employed,256,15206.97
P025279,2025-12-31,self_employed,308,12573.1
P025282,2025-12-31,employed,251,40294.41
P025284,2025-12-31,employed,249,10731.42
P025286,2025-12-31,employed,196,35389.38
P025287,2025-12-31,employed,357,24523.06
P025288,2025-12-31,employed,302,17670.05
P025289,2025-12-31,employed,361,21610.24
P025290,2025-12-31,employed,259,18412.41
P025293,2025-12-31,employed,317,20493.68
P025295,2025-12-31,employed,272,29071.41
P025297,2025-12-31,employed,365,44024.88
P025300,2025-12-31,employed,331,22395.99
P025303,2025-12-31,employed,337,42859.85
P025305,2025-12-31,employed,365,20369.78
P025307,2025-12-31,self_employed,365,13773.98
P025308,2025-12-31,employed,275,23177.31
P025312,2025-12-31,employed,269,40078.36
P025313,2025-12-31,employed,239,20447.55
P025317,2025-12-31,employed,218,19712.44
P025320,2025-12-31,employed,328,29773.37
P025323,2025-12-31,self_employed,149,35886.86
P025326,2025-12-31,self_employed,365,31270.12
P025327,2025-12-31,employed,339,78947.15
P025332,2025-12-31,self_employed,266,11788.47
P025333,2025-12-31,employed,286,17357.61
P025334,2025-12-31,self_employed,159,5788.89
P025338,2025-12-31,employed,358,23941.89
P025339,2025-12-31,marginal,5,4817.61
P025342,2025-12-31,self_employed,223,22140.34
P025349,2025-12-31,employed,310,11779.05
P025350,2025-12-31,marginal,121,4757.33
P025355,2025-12-31,employed,269,38719.96
P025360,2025-12-31,employed,365,30232.01
P025362,2025-12-31,self_employed,222,13342.05
P025364,2025-12-31,marginal,72,3005.29
P025365,2025-12-31,employed,343,13189.57
P025366,2025-12-31,employed,190,19725.68
P025367,2025-12-31,employed,347,59535.25
P025369,2025-12-31,employed,310,26370.47
P025372,2025-12-31,employed,238,10403.47
P025373,2025-12-31,employed,365,39246.13
P025379,2025-12-31,employed,259,41407.79
P025381,2025-12-31,self_employed,274,31665.7
P025384,2025-12-31,employed,365,21199.91
P025385,2025-12-31,employed,322,36382.98
P025388,2025-12-31,employed,322,29440.98
P025390,2025-12-31,employed,271,32847.66
P025391,2025-12-31,employed,338,28898.15
P025393,2025-12-31,employed,363,31008.61
P025394,2025-12-31,employed,360,52726.24
P025395,2025-12-31,employed,331,37947.32
P025397,2025-12-31,employed,365,17999.44
P025399,2025-12-31,employed,171,37946.05
P025403,2025-12-31,employed,161,31337.45
P025404,2025-12-31,self_employed,288,85860.63
P025406,2025-12-31,employed,365,19173.99
P025407,2025-12-31,employed,245,15361.54
P025408,2025-12-31,employed,282,76038.72
P025409,2025-12-31,employed,247,14074.22
P025410,2025-12-31,employed,355,26172.54
P025411,2025-12-31,employed,233,32731.87
P025417,2025-12-31,employed,207,25294.89
P025418,2025-12-31,employed,267,17988.42
P025419,2025-12-31,marginal,72,9065.27
P025420,2025-12-31,employed,361,43888.35
P025423,2025-12-31,employed,361,29902.1
P025426,2025-12-31,self_employed,210,29275.29
P025427,2025-12-31,employed,354,51780.2
P025429,2025-12-31,marginal,99,9526.04
P025431,2025-12-31,employed,313,30269.05
P025433,2025-12-31,employed,182,NA
P025434,2025-12-31,self_employed,326,20080.03
P025437,2025-12-31,employed,357,29357.13
P025438,2025-12-31,employed,321,18173.26
P025443,2025-12-31,employed,276,30082.44
P025444,2025-12-31,employed,321,14292.83
P025445,2025-12-31,self_employed,222,29614.79
P025446,2025-12-31,employed,282,30350.01
P025447,2025-12-31,employed,275,23624.44
P025450,2025-12-31,employed,209,22068.84
P025452,2025-12-31,employed,337,14528.1
P025455,2025-12-31,marginal,123,3749.27
P025458,2025-12-31,employed,365,47957.88
P025459,2025-12-31,employed,316,43787.84
P025462,2025-12-31,employed,365,13880.72
P025463,2025-12-31,self_employed,315,10079.61
P025464,2025-12-31,employed,365,23459.2
P025466,2025-12-31,employed,276,15965.2
P025473,2025-12-31,employed,309,87525.14
P025476,2025-12-31,marginal,168,5265.43
P025481,2025-12-31,employed,365,32811.37
P025484,2025-12-31,employed,214,28822.24
P025485,2025-12-31,employed,194,28212.84
P025486,2025-12-31,employed,301,10670
P025488,2025-12-31,employed,NA,23457.88
P025489,2025-12-31,employed,301,27982.79
P025490,2025-12-31,employed,248,16952.79
P025492,2025-12-31,employed,364,31421.11
P025493,2025-12-31,employed,241,17589.86
P025499,2025-12-31,employed,294,8649.91
P025501,2025-12-31,employed,162,13115.99
P025503,2025-12-31,employed,341,34680.5
P025504,2025-12-31,employed,325,25125.53
P025505,2025-12-31,employed,312,24360.54
P025507,2025-12-31,employed,330,39395.46
P025508,2025-12-31,employed,275,45008.87
P025509,2025-12-31,employed,219,27675.64
P025511,2025-12-31,employed,271,34386.71
P025512,2025-12-31,employed,212,15990.06
P025513,2025-12-31,self_employed,156,27947.68
P025515,2025-12-31,employed,251,59406.73
P025517,2025-12-31,marginal,140,3858.97
P025524,2025-12-31,employed,309,19381.64
P025530,2025-12-31,employed,291,46929.39
P025531,2025-12-31,employed,302,21496.87
P025532,2025-12-31,employed,267,53033.07
P025534,2025-12-31,employed,344,22420.49
P025535,2025-12-31,employed,289,30436.93
P025536,2025-12-31,employed,261,13587.35
P025537,2025-12-31,employed,290,25430.19
P025544,2025-12-31,employed,285,38604.75
P025547,2025-12-31,employed,301,37841.42
P025548,2025-12-31,employed,298,32191.95
P025549,2025-12-31,self_employed,284,11962.77
P025551,2025-12-31,employed,333,18019.75
P025553,2025-12-31,employed,351,57009.85
P025554,2025-12-31,employed,321,26071.13
P025555,2025-12-31,employed,282,46178.29
P025556,2025-12-31,employed,306,22870.33
P025558,2025-12-31,self_employed,365,NA
P025559,2025-12-31,self_employed,308,31570.99
P025560,2025-12-31,employed,318,22075.32
P025563,2025-12-31,employed,255,39914.61
P025564,2025-12-31,employed,214,28413.14
P025565,2025-12-31,employed,248,NA
P025566,2025-12-31,employed,235,16903.73
P025570,2025-12-31,self_employed,84,119930.66
P025573,2025-12-31,employed,315,23880.7
P025574,2025-12-31,employed,173,29031.63
P025575,2025-12-31,employed,365,20074.12
P025576,2025-12-31,employed,329,19347.35
P025577,2025-12-31,employed,274,39557.54
P025578,2025-12-31,self_employed,365,9168.03
P025579,2025-12-31,employed,317,24432.41
P025582,2025-12-31,employed,309,16143.08
P025585,2025-12-31,marginal,107,5524.16
P025590,2025-12-31,employed,273,20168.86
P025594,2025-12-31,employed,365,35885.88
P025595,2025-12-31,no_record,0,0
P025602,2025-12-31,self_employed,333,41165.94
P025603,2025-12-31,self_employed,356,14276.83
P025606,2025-12-31,employed,361,25482.87
P025611,2025-12-31,self_employed,226,10490.89
P025613,2025-12-31,employed,307,25375.31
P025615,2025-12-31,employed,298,31343.25
P025617,2025-12-31,self_employed,365,11555.35
P025620,2025-12-31,employed,288,29545.39
P025622,2025-12-31,employed,114,23292.43
P025625,2025-12-31,employed,317,24407.85
P025626,2025-12-31,employed,304,24156.02
P025630,2025-12-31,marginal,94,4492.96
P025633,2025-12-31,marginal,111,3075.19
P025637,2025-12-31,marginal,59,6013.2
P025641,2025-12-31,self_employed,88,16377.72
P025643,2025-12-31,employed,259,29904.78
P025644,2025-12-31,self_employed,339,30235.2
P025645,2025-12-31,employed,215,18251.72
P025647,2025-12-31,employed,312,14691.6
P025648,2025-12-31,self_employed,327,64521.02
P025649,2025-12-31,marginal,99,4663.1
P025650,2025-12-31,self_employed,295,22032.06
P025655,2025-12-31,employed,310,27221.06
P025657,2025-12-31,employed,305,21404.88
P025658,2025-12-31,employed,291,31789.1
P025660,2025-12-31,employed,341,31472.3
P025661,2025-12-31,employed,294,24785.23
P025662,2025-12-31,employed,324,42548.03
P025665,2025-12-31,employed,365,14540.14
P025666,2025-12-31,employed,321,17134.77
P025668,2025-12-31,self_employed,365,3946.03
P025671,2025-12-31,employed,365,56023.47
P025674,2025-12-31,self_employed,322,15947.46
P025677,2025-12-31,employed,208,29388.5
P025680,2025-12-31,self_employed,365,175118.2
P025684,2025-12-31,employed,288,45414.08
P025691,2025-12-31,employed,248,25913.3
P025692,2025-12-31,marginal,93,4580.52
P025693,2025-12-31,employed,261,20105.23
P025696,2025-12-31,employed,365,26099.8
P025700,2025-12-31,employed,351,44178.89
P025702,2025-12-31,marginal,138,5565.67
P025704,2025-12-31,employed,213,26955.59
P025706,2025-12-31,employed,318,17984.34
P025707,2025-12-31,employed,300,9120.94
P025714,2025-12-31,employed,204,52300.48
P025716,2025-12-31,self_employed,241,18625.96
P025717,2025-12-31,employed,218,24739.16
P025719,2025-12-31,employed,198,59466.68
P025721,2025-12-31,marginal,160,6888.24
P025723,2025-12-31,employed,194,47318.23
P025724,2025-12-31,employed,343,28620.54
P025726,2025-12-31,employed,233,19922.92
P025729,2025-12-31,employed,296,44579.85
P025733,2025-12-31,employed,299,12312.43
P025734,2025-12-31,employed,344,29014.78
P025735,2025-12-31,employed,358,37987.57
P025736,2025-12-31,employed,314,23465.97
P025737,2025-12-31,employed,288,26093.5
P025738,2025-12-31,employed,251,90636.21
P025739,2025-12-31,employed,325,13061.53
P025740,2025-12-31,marginal,125,6631.01
P025742,2025-12-31,employed,271,23724.68
P025745,2025-12-31,employed,338,18941.06
P025746,2025-12-31,employed,288,13636.42
P025751,2025-12-31,employed,301,7326.35
P025754,2025-12-31,employed,356,11359.88
P025756,2025-12-31,employed,282,17762.9
P025758,2025-12-31,employed,242,24609.41
P025761,2025-12-31,employed,324,7943.64
P025765,2025-12-31,employed,291,20752.81
P025766,2025-12-31,marginal,110,6740.78
P025767,2025-12-31,employed,365,52394.52
P025769,2025-12-31,employed,292,35675.21
P025773,2025-12-31,no_record,0,0
P025775,2025-12-31,marginal,178,3118.28
P025777,2025-12-31,employed,328,21053.96
P025778,2025-12-31,self_employed,260,15149.8
P025781,2025-12-31,employed,349,25884.42
P025783,2025-12-31,employed,295,38586.51
P025788,2025-12-31,employed,223,17981.11
P025791,2025-12-31,marginal,131,5562.12
P025792,2025-12-31,employed,185,39585.68
P025794,2025-12-31,employed,297,11202.86
P025795,2025-12-31,employed,334,28802.71
P025797,2025-12-31,employed,243,22397.05
P025801,2025-12-31,employed,365,13285.31
P025812,2025-12-31,employed,202,30510.93
P025814,2025-12-31,employed,363,24566.75
P025815,2025-12-31,marginal,82,4952.16
P025816,2025-12-31,employed,191,11792.42
P025817,2025-12-31,no_record,0,0
P025822,2025-12-31,employed,326,31654.7
P025824,2025-12-31,self_employed,335,16476.04
P025827,2025-12-31,employed,236,23433.66
P025829,2025-12-31,employed,301,34719.24
P025840,2025-12-31,employed,234,24683.93
P025841,2025-12-31,no_record,0,0
P025844,2025-12-31,marginal,131,4706.09
P025845,2025-12-31,employed,279,16743.3
P025846,2025-12-31,marginal,128,8809.25
P025849,2025-12-31,employed,343,16348.19
P025854,2025-12-31,employed,290,38375.38
P025856,2025-12-31,employed,365,52482.78
P025859,2025-12-31,no_record,0,0
P025860,2025-12-31,marginal,154,5290.48
P025865,2025-12-31,marginal,105,9346.65
P025869,2025-12-31,employed,323,21036.03
P025870,2025-12-31,employed,289,33094.87
P025875,2025-12-31,employed,241,19567.81
P025876,2025-12-31,self_employed,119,13482.68
P025878,2025-12-31,employed,342,36055.35
P025883,2025-12-31,no_record,0,0
P025885,2025-12-31,employed,283,39996.6
P025886,2025-12-31,employed,287,38269.24
P025891,2025-12-31,employed,349,52613.13
P025892,2025-12-31,employed,365,33611.72
P025893,2025-12-31,employed,299,11373.58
P025896,2025-12-31,employed,297,33521.17
P025897,2025-12-31,employed,246,20464.35
P025900,2025-12-31,employed,311,46926.53
P025901,2025-12-31,employed,223,18170.17
P025902,2025-12-31,self_employed,317,13871.89
P025903,2025-12-31,employed,333,NA
P025904,2025-12-31,employed,252,31183.82
P025907,2025-12-31,marginal,119,5182.9
P025911,2025-12-31,employed,289,35294.02
P025912,2025-12-31,employed,324,43220.38
P025916,2025-12-31,self_employed,141,42949.38
P025919,2025-12-31,employed,210,22769.04
P025920,2025-12-31,employed,215,30451.85
P025921,2025-12-31,marginal,90,3486.25
P025925,2025-12-31,employed,286,60437.78
P025927,2025-12-31,employed,275,50798.13
P025931,2025-12-31,employed,286,25921.4
P025932,2025-12-31,employed,280,22811.67
P025934,2025-12-31,employed,285,20174.2
P025935,2025-12-31,no_record,0,0
P025937,2025-12-31,employed,232,26260.9
P025939,2025-12-31,employed,201,17355.34
P025940,2025-12-31,marginal,62,9135.06
P025941,2025-12-31,employed,232,33639.99
P025942,2025-12-31,employed,280,26313.86
P025948,2025-12-31,self_employed,312,8453.64
P025950,2025-12-31,employed,277,30316.16
P025951,2025-12-31,employed,327,27369.89
P025959,2025-12-31,employed,221,17814.92
P025961,2025-12-31,employed,365,25490.12
P025964,2025-12-31,marginal,77,6471.31
P025965,2025-12-31,employed,241,47090.21
P025966,2025-12-31,employed,244,36504.36
P025972,2025-12-31,employed,311,18854.44
P025976,2025-12-31,no_record,0,0
P025978,2025-12-31,employed,210,35338.15
P025983,2025-12-31,employed,314,22848.32
P025985,2025-12-31,employed,306,16938.48
P025987,2025-12-31,employed,292,13219.33
P025992,2025-12-31,employed,365,26178.81
P025993,2025-12-31,self_employed,278,45723.51
P025996,2025-12-31,self_employed,64,46037.73
P025999,2025-12-31,employed,365,67457.36
P026003,2025-12-31,self_employed,365,18097.81
P026007,2025-12-31,employed,164,36369.14
P026008,2025-12-31,employed,365,22648.25
P026011,2025-12-31,employed,349,28820.98
P026020,2025-12-31,employed,234,23052.37
P026022,2025-12-31,employed,365,24211.69
P026023,2025-12-31,employed,294,14989.01
P026027,2025-12-31,marginal,147,5066.66
P026030,2025-12-31,employed,320,15872.83
P026031,2025-12-31,employed,232,29140.12
P026033,2025-12-31,employed,247,27447.6
P026035,2025-12-31,employed,342,21908.53
P026036,2025-12-31,employed,242,22251.71
P026041,2025-12-31,employed,NA,26009.43
P026042,2025-12-31,self_employed,289,5415.63
P026044,2025-12-31,employed,160,43835.31
P026048,2025-12-31,marginal,124,5255.02
P026050,2025-12-31,marginal,10,4446.73
P026051,2025-12-31,self_employed,255,18628.32
P026053,2025-12-31,employed,267,14547.81
P026055,2025-12-31,employed,365,25751.21
P026060,2025-12-31,marginal,91,5941.96
P026061,2025-12-31,employed,259,45456.62
P026063,2025-12-31,marginal,115,3825.59
P026064,2025-12-31,employed,365,33540.39
P026065,2025-12-31,employed,205,26100.71
P026067,2025-12-31,employed,284,15057.88
P026068,2025-12-31,employed,346,11919.15
P026069,2025-12-31,employed,310,34675.19
P026072,2025-12-31,employed,327,48739.71
P026073,2025-12-31,employed,315,11606
P026081,2025-12-31,employed,266,17874
P026082,2025-12-31,employed,231,22051.5
P026083,2025-12-31,marginal,149,5149.04
P026085,2025-12-31,employed,365,18777.78
P026086,2025-12-31,employed,229,26848.41
P026087,2025-12-31,employed,118,7431.1
P026091,2025-12-31,employed,325,32522.46
P026098,2025-12-31,employed,231,36260.66
P026100,2025-12-31,self_employed,200,28503.96
P026103,2025-12-31,employed,249,19044.79
P026104,2025-12-31,employed,354,35017.69
P026105,2025-12-31,employed,308,22348.96
P026108,2025-12-31,employed,365,31697.21
P026110,2025-12-31,employed,195,38618.87
P026113,2025-12-31,employed,358,37259.63
P026114,2025-12-31,self_employed,365,19656.04
P026115,2025-12-31,employed,179,19500.58
P026117,2025-12-31,employed,134,49358.87
P026119,2025-12-31,self_employed,293,85670.82
P026120,2025-12-31,employed,361,11950.29
P026122,2025-12-31,employed,297,14295.15
P026124,2025-12-31,employed,257,33526.06
P026125,2025-12-31,self_employed,242,18819.52
P026126,2025-12-31,employed,217,30584.51
P026129,2025-12-31,marginal,112,7766.09
P026132,2025-12-31,employed,290,57906.73
P026133,2025-12-31,employed,152,21197.19
P026134,2025-12-31,employed,209,27159.08
P026135,2025-12-31,employed,301,20480.09
P026136,2025-12-31,marginal,106,3981.73
P026138,2025-12-31,employed,342,32233.27
P026142,2025-12-31,employed,306,17773.75
P026144,2025-12-31,employed,261,14416.08
P026145,2025-12-31,employed,302,54655.45
P026152,2025-12-31,employed,347,12768.27
P026153,2025-12-31,employed,195,28262.24
P026156,2025-12-31,employed,241,14377.51
P026157,2025-12-31,no_record,0,0
P026158,2025-12-31,employed,NA,31574.72
P026164,2025-12-31,employed,365,53447.9
P026165,2025-12-31,employed,208,61811.4
P026166,2025-12-31,employed,283,58590.34
P026169,2025-12-31,employed,260,21033.23
P026172,2025-12-31,marginal,112,3748.22
P026174,2025-12-31,employed,301,35327.8
P026176,2025-12-31,self_employed,321,3071.55
P026177,2025-12-31,employed,278,22850.03
P026178,2025-12-31,marginal,43,4101.17
P026186,2025-12-31,marginal,55,2216.14
P026189,2025-12-31,marginal,98,3978.34
P026191,2025-12-31,employed,340,45963.09
P026192,2025-12-31,employed,348,23425.79
P026195,2025-12-31,employed,234,23930.32
P026199,2025-12-31,self_employed,182,4270.93
P026200,2025-12-31,employed,165,60231.49
P026201,2025-12-31,employed,325,13778.07
P026204,2025-12-31,employed,365,23158.34
P026205,2025-12-31,employed,306,35887.89
P026207,2025-12-31,self_employed,365,64156.22
P026208,2025-12-31,employed,232,27593.56
P026209,2025-12-31,employed,163,11528.9
P026210,2025-12-31,employed,365,48290.23
P026211,2025-12-31,self_employed,205,29480.7
P026212,2025-12-31,employed,365,29747.28
P026213,2025-12-31,marginal,130,3418.58
P026214,2025-12-31,self_employed,254,12654.22
P026216,2025-12-31,employed,257,21537.86
P026217,2025-12-31,employed,319,13928.78
P026219,2025-12-31,marginal,36,5447.35
P026223,2025-12-31,employed,258,43464.29
P026224,2025-12-31,marginal,184,3130.77
P026225,2025-12-31,employed,247,24019.24
P026226,2025-12-31,employed,287,26453.47
P026227,2025-12-31,employed,312,32925.86
P026231,2025-12-31,employed,269,21388.8
P026232,2025-12-31,employed,320,57897.48
P026233,2025-12-31,employed,260,31023.05
P026234,2025-12-31,marginal,108,3231.31
P026238,2025-12-31,self_employed,92,9932.18
P026242,2025-12-31,employed,233,19177.61
P026245,2025-12-31,employed,315,35913.71
P026249,2025-12-31,employed,240,18678.66
P026251,2025-12-31,employed,182,26191.88
P026255,2025-12-31,marginal,150,2637.34
P026256,2025-12-31,employed,225,33287.58
P026257,2025-12-31,employed,358,32102.9
P026260,2025-12-31,self_employed,365,48713.43
P026262,2025-12-31,employed,206,16269.21
P026263,2025-12-31,employed,217,22688.32
P026264,2025-12-31,employed,315,17294.54
P026266,2025-12-31,self_employed,171,28432.61
P026267,2025-12-31,self_employed,74,22999.55
P026270,2025-12-31,employed,267,31762.28
P026273,2025-12-31,employed,323,17499.76
P026274,2025-12-31,employed,289,25992.95
P026276,2025-12-31,employed,365,36846.18
P026279,2025-12-31,marginal,96,5334.3
P026280,2025-12-31,marginal,107,3281.09
P026281,2025-12-31,employed,299,33507.24
P026284,2025-12-31,employed,235,22881.03
P026285,2025-12-31,employed,273,18078.2
P026286,2025-12-31,employed,324,23422.68
P026289,2025-12-31,employed,365,16174.64
P026291,2025-12-31,marginal,52,4193.94
P026292,2025-12-31,self_employed,220,7377.56
P026293,2025-12-31,employed,321,18644.28
P026294,2025-12-31,self_employed,268,13177.56
P026295,2025-12-31,self_employed,229,23416.4
P026296,2025-12-31,employed,153,16553.06
P026298,2025-12-31,employed,199,41463.04
P026300,2025-12-31,employed,232,45167.65
P026305,2025-12-31,employed,363,40902.26
P026306,2025-12-31,employed,233,53381.44
P026309,2025-12-31,employed,313,46562.85
P026310,2025-12-31,employed,297,24750
P026311,2025-12-31,self_employed,365,18177.3
P026313,2025-12-31,employed,322,29512.51
P026314,2025-12-31,employed,181,18870.6
P026317,2025-12-31,marginal,80,5103.02
P026320,2025-12-31,employed,341,38124.33
P026322,2025-12-31,employed,349,23620.58
P026326,2025-12-31,employed,343,25766.62
P026327,2025-12-31,no_record,0,0
P026328,2025-12-31,employed,182,37741.3
P026330,2025-12-31,employed,340,42821.07
P026332,2025-12-31,marginal,219,7496.37
P026334,2025-12-31,employed,314,39270.17
P026336,2025-12-31,self_employed,207,38397.06
P026337,2025-12-31,employed,291,11605.17
P026338,2025-12-31,self_employed,237,40319.84
P026339,2025-12-31,employed,353,30591.55
P026341,2025-12-31,employed,335,15827.53
P026343,2025-12-31,employed,333,29266.15
P026345,2025-12-31,employed,365,27208.68
P026350,2025-12-31,marginal,100,3082.73
P026356,2025-12-31,employed,NA,21529.6
P026357,2025-12-31,employed,328,16171.39
P026360,2025-12-31,self_employed,257,14536.7
P026365,2025-12-31,employed,365,24261.44
P026367,2025-12-31,employed,202,15513.68
P026368,2025-12-31,marginal,109,7338.04
P026369,2025-12-31,employed,359,65449.15
P026371,2025-12-31,employed,202,79648.98
P026374,2025-12-31,employed,253,40846.95
P026377,2025-12-31,employed,232,17581.86
P026380,2025-12-31,marginal,91,6591.46
P026381,2025-12-31,employed,266,68085.2
P026385,2025-12-31,employed,290,23704.14
P026388,2025-12-31,marginal,160,6189.08
P026390,2025-12-31,employed,345,19867.03
P026391,2025-12-31,employed,283,41897.6
P026392,2025-12-31,employed,364,38932.95
P026397,2025-12-31,employed,283,8646.55
P026399,2025-12-31,employed,284,54019.97
P026401,2025-12-31,marginal,69,4120.67
P026402,2025-12-31,marginal,114,5891
P026403,2025-12-31,employed,280,19485.01
P026404,2025-12-31,employed,312,27742.42
P026405,2025-12-31,employed,291,21563.92
P026406,2025-12-31,employed,350,32054.17
P026411,2025-12-31,employed,233,27137.46
P026412,2025-12-31,employed,347,34746.04
P026414,2025-12-31,marginal,84,5309.31
P026416,2025-12-31,employed,261,26197.99
P026417,2025-12-31,marginal,86,7581.95
P026418,2025-12-31,employed,253,21687.35
P026424,2025-12-31,employed,236,9037.52
P026425,2025-12-31,self_employed,257,30868.92
P026429,2025-12-31,employed,233,23117.47
P026430,2025-12-31,employed,251,29511.21
P026431,2025-12-31,employed,212,15067.84
P026438,2025-12-31,employed,174,15235.22
P026440,2025-12-31,employed,309,12177.26
P026447,2025-12-31,employed,227,33359.35
P026453,2025-12-31,employed,215,31833.94
P026454,2025-12-31,employed,315,17699.87
P026455,2025-12-31,employed,301,12827.82
P026456,2025-12-31,employed,279,20379.14
P026457,2025-12-31,employed,242,48404.71
P026458,2025-12-31,employed,165,25981.99
P026460,2025-12-31,employed,191,38382.32
P026466,2025-12-31,employed,365,22211.57
P026469,2025-12-31,marginal,146,4421.07
P026471,2025-12-31,employed,303,40390.28
P026473,2025-12-31,no_record,0,0
P026476,2025-12-31,employed,306,23364.9
P026477,2025-12-31,self_employed,231,16877.83
P026478,2025-12-31,marginal,136,8870.74
P026480,2025-12-31,employed,204,32553.26
P026485,2025-12-31,employed,222,76786.37
P026487,2025-12-31,employed,332,33975.79
P026488,2025-12-31,self_employed,247,25753.97
P026489,2025-12-31,self_employed,365,31179.39
P026490,2025-12-31,employed,365,23021.77
P026495,2025-12-31,marginal,125,4082.99
P026497,2025-12-31,employed,317,31062.51
P026502,2025-12-31,employed,203,34192.32
P026503,2025-12-31,employed,292,33102.04
P026505,2025-12-31,employed,219,27880.06
P026507,2025-12-31,employed,266,52902.64
P026508,2025-12-31,employed,299,12158.27
P026509,2025-12-31,marginal,150,4652.37
P026510,2025-12-31,employed,205,18866.44
P026512,2025-12-31,employed,328,31791.15
P026514,2025-12-31,employed,326,35215.78
P026515,2025-12-31,employed,365,36052.5
P026517,2025-12-31,employed,299,36213.68
P026518,2025-12-31,employed,292,28657.81
P026519,2025-12-31,self_employed,330,16144.36
P026520,2025-12-31,employed,223,21442.96
P026521,2025-12-31,employed,346,22677.61
P026523,2025-12-31,employed,291,31062.87
P026525,2025-12-31,employed,283,27685.11
P026527,2025-12-31,employed,365,19307.24
P026529,2025-12-31,marginal,120,7794.99
P026530,2025-12-31,employed,226,35639.19
P026531,2025-12-31,employed,365,18146.5
P026532,2025-12-31,employed,217,13399.74
P026535,2025-12-31,employed,344,26207.25
P026538,2025-12-31,employed,291,36638.08
P026541,2025-12-31,employed,350,20206.78
P026545,2025-12-31,employed,365,19544.15
P026547,2025-12-31,employed,345,30144.89
P026549,2025-12-31,employed,255,43263.05
P026552,2025-12-31,employed,365,23707.54
P026555,2025-12-31,marginal,117,5106.04
P026559,2025-12-31,self_employed,249,19961.79
P026563,2025-12-31,employed,336,22372.84
P026564,2025-12-31,marginal,149,8044.73
P026568,2025-12-31,self_employed,NA,63462.82
P026569,2025-12-31,self_employed,365,44500.78
P026570,2025-12-31,employed,365,24054.71
P026571,2025-12-31,marginal,133,5680.15
P026573,2025-12-31,employed,255,45290.61
P026574,2025-12-31,employed,314,72271.12
P026576,2025-12-31,employed,365,46103.27
P026577,2025-12-31,employed,237,17058.79
P026578,2025-12-31,employed,281,24616.99
P026579,2025-12-31,employed,229,27989.04
P026580,2025-12-31,marginal,88,3688.05
P026582,2025-12-31,employed,276,48537.13
P026588,2025-12-31,employed,365,17551.99
P026593,2025-12-31,employed,146,13081.09
P026594,2025-12-31,marginal,156,2614.3
P026597,2025-12-31,employed,313,16557.38
P026599,2025-12-31,employed,280,54525.35
P026601,2025-12-31,employed,365,15832.97
P026604,2025-12-31,employed,200,18674.18
P026606,2025-12-31,employed,315,17320.61
P026609,2025-12-31,employed,321,12118.82
P026614,2025-12-31,employed,216,40469.71
P026616,2025-12-31,employed,212,37448.93
P026617,2025-12-31,employed,215,15051.54
P026619,2025-12-31,self_employed,273,42907.42
P026620,2025-12-31,self_employed,342,11346.12
P026621,2025-12-31,employed,266,58485.5
P026622,2025-12-31,employed,299,36474.48
P026624,2025-12-31,marginal,100,5435.64
P026625,2025-12-31,employed,280,59541.45
P026628,2025-12-31,marginal,144,3201.75
P026629,2025-12-31,marginal,106,9160.1
P026631,2025-12-31,employed,301,31067.83
P026632,2025-12-31,employed,321,28463.54
P026633,2025-12-31,employed,190,24555.8
P026635,2025-12-31,employed,365,20616.29
P026638,2025-12-31,employed,231,18171.2
P026639,2025-12-31,employed,221,40296.49
P026641,2025-12-31,employed,353,42729.68
P026642,2025-12-31,marginal,79,5323.39
P026646,2025-12-31,employed,340,36313.96
P026651,2025-12-31,employed,181,42201.28
P026652,2025-12-31,no_record,0,0
P026655,2025-12-31,employed,365,35931.79
P026658,2025-12-31,self_employed,226,17241.62
P026659,2025-12-31,employed,339,31150.88
P026662,2025-12-31,employed,293,17374.84
P026667,2025-12-31,employed,302,25755.68
P026668,2025-12-31,self_employed,312,28332.42
P026671,2025-12-31,no_record,0,0
P026672,2025-12-31,marginal,127,2922.3
P026673,2025-12-31,employed,202,30550.16
P026676,2025-12-31,employed,129,36165.31
P026677,2025-12-31,employed,146,44422.75
P026681,2025-12-31,employed,333,23225.29
P026683,2025-12-31,employed,289,13667.87
P026686,2025-12-31,marginal,76,3906.1
P026687,2025-12-31,no_record,0,0
P026688,2025-12-31,employed,365,45860.11
P026689,2025-12-31,employed,269,39934.73
P026691,2025-12-31,employed,282,21641.12
P026692,2025-12-31,employed,315,48091.06
P026696,2025-12-31,employed,328,18818.19
P026700,2025-12-31,employed,260,27164.31
P026701,2025-12-31,self_employed,274,90935.57
P026703,2025-12-31,employed,344,30350.64
P026706,2025-12-31,employed,357,18904.57
P026707,2025-12-31,employed,259,18310.44
P026710,2025-12-31,employed,357,51471.83
P026711,2025-12-31,employed,266,37475.86
P026712,2025-12-31,employed,349,27043.21
P026714,2025-12-31,employed,334,35990.89
P026716,2025-12-31,employed,334,18951.99
P026717,2025-12-31,employed,281,56106.78
P026718,2025-12-31,employed,258,21863.1
P026719,2025-12-31,employed,348,26492.46
P026721,2025-12-31,employed,365,11122.18
P026723,2025-12-31,self_employed,204,20670.64
P026726,2025-12-31,no_record,0,0
P026727,2025-12-31,employed,245,27173.22
P026728,2025-12-31,marginal,40,3031.1
P026729,2025-12-31,employed,365,22671.73
P026731,2025-12-31,marginal,88,9057.75
P026733,2025-12-31,marginal,161,4101.71
P026734,2025-12-31,employed,342,56922.13
P026738,2025-12-31,employed,279,30624.93
P026739,2025-12-31,employed,360,23193.74
P026746,2025-12-31,employed,314,99612.57
P026747,2025-12-31,employed,282,23031.63
P026754,2025-12-31,employed,365,70129.9
P026757,2025-12-31,employed,315,23713.11
P026759,2025-12-31,employed,317,29276.7
P026760,2025-12-31,employed,335,43430.48
P026761,2025-12-31,employed,332,37934.28
P026763,2025-12-31,self_employed,254,20508.74
P026764,2025-12-31,employed,331,12258.67
P026765,2025-12-31,employed,365,13547.44
P026766,2025-12-31,employed,346,13707.21
P026770,2025-12-31,employed,257,23377.23
P026773,2025-12-31,employed,252,14440.74
P026775,2025-12-31,employed,191,18877.93
P026776,2025-12-31,self_employed,210,29253.37
P026777,2025-12-31,employed,289,38199.44
P026779,2025-12-31,employed,365,50459.54
P026780,2025-12-31,employed,221,16993.64
P026781,2025-12-31,employed,365,37902.4
P026782,2025-12-31,employed,250,31151.77
P026786,2025-12-31,employed,365,16419.96
P026787,2025-12-31,employed,142,20464.95
P026789,2025-12-31,marginal,120,7582.61
P026790,2025-12-31,employed,310,23467.1
P026791,2025-12-31,employed,331,25008.5
P026792,2025-12-31,employed,235,22065.33
P026793,2025-12-31,employed,255,22127.4
P026795,2025-12-31,marginal,111,4996.83
P026796,2025-12-31,marginal,97,3848.14
P026797,2025-12-31,employed,203,27403.67
P026798,2025-12-31,employed,314,37628.54
P026800,2025-12-31,employed,327,47047.56
P026802,2025-12-31,employed,365,43242.48
P026803,2025-12-31,employed,216,14076.36
P026810,2025-12-31,employed,318,47342.26
P026811,2025-12-31,employed,298,23157.12
P026815,2025-12-31,self_employed,186,82218.58
P026817,2025-12-31,employed,199,30257.76
P026819,2025-12-31,employed,302,16324.37
P026820,2025-12-31,employed,322,26909.09
P026821,2025-12-31,employed,284,42141.05
P026825,2025-12-31,employed,252,19878.94
P026828,2025-12-31,employed,234,48003.85
P026832,2025-12-31,employed,305,36520.95
P026833,2025-12-31,employed,300,34724.19
P026836,2025-12-31,employed,176,31217.21
P026840,2025-12-31,no_record,0,0
P026841,2025-12-31,employed,337,44118.58
P026842,2025-12-31,employed,281,29084.18
P026846,2025-12-31,marginal,83,4206.74
P026850,2025-12-31,employed,317,25414.3
P026854,2025-12-31,employed,295,35484.21
P026855,2025-12-31,self_employed,169,9117.48
P026860,2025-12-31,employed,271,63729.53
P026868,2025-12-31,employed,116,37132.52
P026869,2025-12-31,employed,202,34525.83
P026873,2025-12-31,employed,365,28025.07
P026874,2025-12-31,employed,255,36554.99
P026875,2025-12-31,employed,308,24720.07
P026876,2025-12-31,employed,158,29847.67
P026877,2025-12-31,employed,314,13452.67
P026878,2025-12-31,employed,341,28951.41
P026881,2025-12-31,self_employed,256,64375.77
P026883,2025-12-31,employed,299,19942.92
P026884,2025-12-31,employed,224,21743.87
P026885,2025-12-31,employed,227,31478.34
P026886,2025-12-31,employed,260,35235.96
P026887,2025-12-31,self_employed,139,16118.55
P026891,2025-12-31,employed,275,35693.18
P026893,2025-12-31,employed,278,23661.37
P026894,2025-12-31,employed,297,46344.9
P026897,2025-12-31,self_employed,218,58966.74
P026899,2025-12-31,marginal,117,8346.45
P026900,2025-12-31,employed,267,38414.15
P026903,2025-12-31,employed,255,44981.75
P026904,2025-12-31,employed,292,28982.48
P026906,2025-12-31,employed,258,23258.53
P026911,2025-12-31,employed,341,57667.01
P026914,2025-12-31,marginal,124,3629.32
P026915,2025-12-31,employed,249,11482.9
P026919,2025-12-31,employed,206,22405.04
P026922,2025-12-31,employed,330,37968.29
P026923,2025-12-31,employed,256,45916.39
P026924,2025-12-31,employed,216,41365.43
P026925,2025-12-31,employed,351,10977.47
P026928,2025-12-31,employed,346,20950.95
P026929,2025-12-31,employed,365,13491.36
P026931,2025-12-31,employed,365,8039.99
P026936,2025-12-31,employed,281,28162.79
P026939,2025-12-31,marginal,88,4993.33
P026940,2025-12-31,employed,306,26993.17
P026941,2025-12-31,no_record,0,0
P026944,2025-12-31,employed,365,19252.99
P026947,2025-12-31,self_employed,335,10847.93
P026948,2025-12-31,employed,188,26672.57
P026951,2025-12-31,employed,354,40841.08
P026952,2025-12-31,employed,215,28220.19
P026953,2025-12-31,employed,275,12000.2
P026955,2025-12-31,employed,246,58947.25
P026956,2025-12-31,employed,299,36756.8
P026957,2025-12-31,employed,351,13907.71
P026958,2025-12-31,employed,302,21993.87
P026963,2025-12-31,employed,213,22377.53
P026964,2025-12-31,marginal,106,2560.09
P026966,2025-12-31,employed,313,29580.03
P026968,2025-12-31,employed,306,28805.43
P026973,2025-12-31,employed,283,12944.06
P026974,2025-12-31,employed,203,30292.65
P026978,2025-12-31,employed,243,14499.81
P026979,2025-12-31,employed,171,33252.02
P026980,2025-12-31,employed,208,22946.26
P026982,2025-12-31,self_employed,296,17383.41
P026983,2025-12-31,employed,292,38856.37
P026984,2025-12-31,employed,242,26403.71
P026985,2025-12-31,employed,310,29448.64
P026987,2025-12-31,employed,326,32652.93
P026994,2025-12-31,self_employed,351,46471.52
P026997,2025-12-31,employed,276,30131.88
P026998,2025-12-31,employed,146,17624.16
P026999,2025-12-31,marginal,64,2900.54
P027001,2025-12-31,self_employed,175,8690.06
P027002,2025-12-31,employed,208,8821.93
P027004,2025-12-31,employed,242,71509.53
P027005,2025-12-31,employed,363,37240.59
P027008,2025-12-31,employed,165,22073.05
P027011,2025-12-31,employed,323,23673.31
P027012,2025-12-31,marginal,33,8632.48
P027016,2025-12-31,employed,274,37206.92
P027017,2025-12-31,employed,289,51162.23
P027018,2025-12-31,employed,255,34153.72
P027019,2025-12-31,employed,297,34142.93
P027021,2025-12-31,employed,234,51120
P027024,2025-12-31,self_employed,258,32915.59
P027025,2025-12-31,self_employed,260,6577.33
P027027,2025-12-31,employed,295,24248.31
P027028,2025-12-31,employed,289,38945.16
P027032,2025-12-31,marginal,155,3732.69
P027034,2025-12-31,employed,300,16528.19
P027035,2025-12-31,self_employed,256,35013.24
P027038,2025-12-31,self_employed,240,29706.86
P027042,2025-12-31,employed,247,22679.09
P027046,2025-12-31,employed,337,42692.57
P027048,2025-12-31,employed,261,20221.42
P027049,2025-12-31,employed,365,41474.15
P027051,2025-12-31,self_employed,151,30019.86
P027061,2025-12-31,employed,352,60034.83
P027063,2025-12-31,employed,365,59772.71
P027064,2025-12-31,employed,346,39345.64
P027065,2025-12-31,marginal,41,3742.99
P027066,2025-12-31,employed,333,36466.81
P027068,2025-12-31,employed,365,27444.95
P027069,2025-12-31,employed,273,40185.6
P027070,2025-12-31,employed,314,24525.9
P027072,2025-12-31,employed,365,51794.8
P027074,2025-12-31,no_record,0,0
P027075,2025-12-31,no_record,0,0
P027079,2025-12-31,self_employed,196,19862.14
P027082,2025-12-31,marginal,57,7355.31
P027083,2025-12-31,employed,283,44244.62
P027085,2025-12-31,employed,212,24799.47
P027090,2025-12-31,employed,280,15490.11
P027091,2025-12-31,employed,307,31158.94
P027093,2025-12-31,employed,231,31159.65
P027099,2025-12-31,employed,302,33040.05
P027100,2025-12-31,employed,320,19799.71
P027103,2025-12-31,employed,274,22461.91
P027104,2025-12-31,employed,268,12323.11
P027108,2025-12-31,marginal,76,4694.62
P027109,2025-12-31,employed,365,18022.46
P027113,2025-12-31,employed,275,24134.15
P027120,2025-12-31,employed,365,17761.42
P027121,2025-12-31,employed,358,26581.96
P027126,2025-12-31,self_employed,195,34874.05
P027128,2025-12-31,employed,312,5710.26
P027132,2025-12-31,employed,248,23148.73
P027135,2025-12-31,employed,178,56333.37
P027137,2025-12-31,employed,250,33427.65
P027138,2025-12-31,employed,277,19858.79
P027139,2025-12-31,employed,318,40747.69
P027142,2025-12-31,employed,218,45922.49
P027144,2025-12-31,employed,365,32045.67
P027145,2025-12-31,employed,258,46931.89
P027147,2025-12-31,employed,310,19961.46
P027148,2025-12-31,marginal,NA,3543.27
P027150,2025-12-31,marginal,150,3329.22
P027157,2025-12-31,self_employed,312,3384.34
P027158,2025-12-31,employed,310,26957.25
P027159,2025-12-31,employed,365,23070.71
P027164,2025-12-31,no_record,0,0
P027165,2025-12-31,employed,277,30544.19
P027166,2025-12-31,no_record,0,0
P027167,2025-12-31,marginal,122,4979.1
P027170,2025-12-31,employed,351,15360.71
P027171,2025-12-31,employed,334,10294.49
P027173,2025-12-31,employed,365,20184.95
P027176,2025-12-31,no_record,0,0
P027177,2025-12-31,employed,NA,23496.52
P027178,2025-12-31,no_record,0,0
P027180,2025-12-31,employed,351,49920.97
P027183,2025-12-31,employed,304,35601.17
P027187,2025-12-31,employed,256,38634.46
P027188,2025-12-31,employed,331,20290.7
P027189,2025-12-31,employed,304,27195.44
P027192,2025-12-31,employed,194,25567.18
P027193,2025-12-31,marginal,149,4358.27
P027194,2025-12-31,employed,138,21731.38
P027196,2025-12-31,employed,336,41406.96
P027202,2025-12-31,marginal,92,3497.89
P027204,2025-12-31,self_employed,242,13585.41
P027205,2025-12-31,employed,364,34103
P027206,2025-12-31,employed,357,23823.29
P027214,2025-12-31,employed,321,37463.58
P027217,2025-12-31,employed,311,26464.62
P027220,2025-12-31,self_employed,177,23309.15
P027225,2025-12-31,employed,309,22301.79
P027226,2025-12-31,employed,358,11291.35
P027227,2025-12-31,employed,245,21085.19
P027229,2025-12-31,employed,234,18886.79
P027231,2025-12-31,employed,348,37172.54
P027235,2025-12-31,marginal,121,7396.92
P027236,2025-12-31,employed,129,23691.34
P027237,2025-12-31,employed,365,24958.82
P027238,2025-12-31,employed,348,38895.8
P027243,2025-12-31,employed,269,35175.3
P027244,2025-12-31,marginal,61,4722.92
P027246,2025-12-31,employed,365,20885.77
P027249,2025-12-31,self_employed,294,7887.32
P027252,2025-12-31,employed,228,61763.9
P027255,2025-12-31,employed,265,72189.82
P027257,2025-12-31,employed,300,35366.36
P027260,2025-12-31,employed,315,36685.93
P027265,2025-12-31,employed,291,25533.86
P027266,2025-12-31,employed,263,27084.95
P027268,2025-12-31,marginal,128,7602.05
P027269,2025-12-31,self_employed,123,101223.86
P027270,2025-12-31,no_record,0,0
P027272,2025-12-31,employed,231,26594.53
P027274,2025-12-31,employed,359,25433.71
P027275,2025-12-31,employed,312,22073.9
P027280,2025-12-31,employed,158,29037.7
P027281,2025-12-31,employed,221,12322.63
P027285,2025-12-31,no_record,0,0
P027286,2025-12-31,employed,365,34325.06
P027289,2025-12-31,employed,248,16842.56
P027290,2025-12-31,employed,271,18537.23
P027291,2025-12-31,self_employed,160,63857.5
P027294,2025-12-31,marginal,76,4463.48
P027299,2025-12-31,employed,241,15694.49
P027300,2025-12-31,employed,296,20929.26
P027301,2025-12-31,employed,365,27450.73
P027303,2025-12-31,self_employed,88,23395.12
P027304,2025-12-31,employed,172,11385.09
P027308,2025-12-31,marginal,42,8290.28
P027309,2025-12-31,employed,352,31502.85
P027310,2025-12-31,employed,363,9667.37
P027314,2025-12-31,employed,365,21074.13
P027315,2025-12-31,employed,NA,61379.19
P027317,2025-12-31,employed,315,29060.29
P027320,2025-12-31,employed,295,9934.28
P027322,2025-12-31,self_employed,365,42581.1
P027323,2025-12-31,employed,182,28588.74
P027325,2025-12-31,employed,317,16939.78
P027328,2025-12-31,employed,341,29294.17
P027329,2025-12-31,employed,301,32690.64
P027331,2025-12-31,employed,328,15256.64
P027332,2025-12-31,marginal,82,4137.94
P027334,2025-12-31,marginal,126,3266.03
P027335,2025-12-31,self_employed,137,10111.41
P027338,2025-12-31,employed,325,26229.89
P027340,2025-12-31,employed,254,55631.5
P027343,2025-12-31,employed,288,32901.25
P027344,2025-12-31,employed,214,NA
P027350,2025-12-31,employed,222,12196.44
P027352,2025-12-31,marginal,140,5935.51
P027353,2025-12-31,self_employed,292,15501.09
P027357,2025-12-31,employed,304,48434.9
P027359,2025-12-31,employed,284,50001.22
P027360,2025-12-31,employed,352,14521.6
P027361,2025-12-31,employed,165,38605.41
P027363,2025-12-31,employed,196,44479.54
P027365,2025-12-31,employed,274,23502.47
P027367,2025-12-31,marginal,96,5184.07
P027369,2025-12-31,employed,258,20423.53
P027371,2025-12-31,employed,248,14813.15
P027372,2025-12-31,employed,363,18085.63
P027374,2025-12-31,marginal,48,4972.47
P027375,2025-12-31,employed,297,34050.71
P027380,2025-12-31,employed,288,15870.46
P027381,2025-12-31,employed,354,73665.09
P027382,2025-12-31,employed,273,NA
P027385,2025-12-31,employed,307,15569.9
P027391,2025-12-31,employed,365,21108.55
P027393,2025-12-31,employed,119,16557.58
P027396,2025-12-31,employed,314,16296.26
P027400,2025-12-31,marginal,142,7058.6
P027401,2025-12-31,self_employed,326,90541.69
P027403,2025-12-31,marginal,139,5194.75
P027404,2025-12-31,employed,292,59564.56
P027407,2025-12-31,employed,251,22935.43
P027408,2025-12-31,employed,316,24151.66
P027412,2025-12-31,marginal,145,6378.55
P027413,2025-12-31,employed,266,16973.49
P027414,2025-12-31,no_record,0,0
P027416,2025-12-31,self_employed,269,32686.04
P027418,2025-12-31,marginal,107,5572.56
P027424,2025-12-31,employed,235,32874.94
P027426,2025-12-31,employed,365,47884.24
P027427,2025-12-31,employed,291,22151.55
P027438,2025-12-31,employed,343,24637.19
P027439,2025-12-31,employed,364,41411.92
P027440,2025-12-31,employed,365,29601.03
P027442,2025-12-31,employed,337,20339.45
P027444,2025-12-31,marginal,122,6436.91
P027446,2025-12-31,no_record,0,0
P027447,2025-12-31,employed,271,21387.19
P027448,2025-12-31,self_employed,256,6207.24
P027449,2025-12-31,employed,316,19900.41
P027450,2025-12-31,employed,301,24181.63
P027451,2025-12-31,employed,324,15964.74
P027456,2025-12-31,employed,273,28689.62
P027460,2025-12-31,marginal,110,4416.79
P027461,2025-12-31,employed,365,36912.06
P027462,2025-12-31,marginal,130,6912.24
P027465,2025-12-31,employed,102,17905.72
P027468,2025-12-31,employed,265,55753.93
P027471,2025-12-31,employed,365,29599.43
P027472,2025-12-31,self_employed,207,13381.23
P027474,2025-12-31,self_employed,309,20605.49
P027475,2025-12-31,employed,207,21433.75
P027477,2025-12-31,employed,344,17666.62
P027481,2025-12-31,employed,223,37187.2
P027484,2025-12-31,self_employed,326,35108.66
P027487,2025-12-31,marginal,100,4747.42
P027488,2025-12-31,marginal,154,6079.76
P027489,2025-12-31,employed,328,65700.94
P027490,2025-12-31,self_employed,269,31262.91
P027491,2025-12-31,employed,337,17304.58
P027493,2025-12-31,employed,330,27603.59
P027494,2025-12-31,no_record,NA,0
P027495,2025-12-31,employed,206,NA
P027497,2025-12-31,employed,297,41955.09
P027498,2025-12-31,employed,316,15702.79
P027499,2025-12-31,employed,280,19016.08
P027500,2025-12-31,employed,256,18738.49
P027502,2025-12-31,employed,261,11572.45
P027503,2025-12-31,self_employed,65,87713.94
P027504,2025-12-31,employed,325,31365.04
P027507,2025-12-31,employed,268,15237.8
P027511,2025-12-31,employed,285,34867.35
P027512,2025-12-31,employed,268,26579.93
P027513,2025-12-31,employed,338,32334.77
P027514,2025-12-31,self_employed,312,8253.74
P027516,2025-12-31,marginal,152,4206.04
P027521,2025-12-31,employed,273,43520.58
P027522,2025-12-31,employed,239,18264.62
P027526,2025-12-31,self_employed,156,61678.55
P027530,2025-12-31,employed,323,39848.37
P027531,2025-12-31,employed,302,42100.43
P027532,2025-12-31,employed,300,36788.52
P027534,2025-12-31,marginal,90,7386.39
P027537,2025-12-31,employed,271,34038.27
P027539,2025-12-31,employed,319,14077.13
P027540,2025-12-31,employed,268,16273.24
P027541,2025-12-31,employed,363,16537.59
P027543,2025-12-31,employed,292,40578.95
P027548,2025-12-31,employed,224,14711.94
P027550,2025-12-31,marginal,117,5118.62
P027552,2025-12-31,self_employed,98,35536.43
P027554,2025-12-31,employed,301,31738.37
P027555,2025-12-31,employed,191,21638.4
P027557,2025-12-31,employed,343,27011.3
P027558,2025-12-31,marginal,81,2828.18
P027559,2025-12-31,employed,365,57506.66
P027560,2025-12-31,employed,325,44724.66
P027562,2025-12-31,no_record,0,0
P027563,2025-12-31,employed,239,14317.95
P027565,2025-12-31,employed,281,30429.58
P027566,2025-12-31,marginal,177,5311.9
P027567,2025-12-31,employed,355,12345.81
P027569,2025-12-31,employed,365,58182.33
P027570,2025-12-31,employed,329,26555.39
P027571,2025-12-31,employed,262,73285.08
P027575,2025-12-31,employed,285,28025.44
P027578,2025-12-31,employed,365,38300.93
P027581,2025-12-31,employed,243,32530.01
P027583,2025-12-31,self_employed,332,18347.27
P027585,2025-12-31,marginal,127,3779.27
P027587,2025-12-31,employed,294,8895.9
P027588,2025-12-31,self_employed,114,14185.54
P027590,2025-12-31,employed,228,32850.64
P027591,2025-12-31,employed,245,27996.72
P027592,2025-12-31,employed,297,45794.57
P027593,2025-12-31,employed,362,42453.01
P027594,2025-12-31,no_record,0,0
P027595,2025-12-31,employed,293,27512.41
P027596,2025-12-31,self_employed,153,30504.62
P027598,2025-12-31,employed,339,44132.31
P027600,2025-12-31,employed,365,NA
P027601,2025-12-31,marginal,109,5345.08
P027602,2025-12-31,employed,217,33344.57
P027603,2025-12-31,employed,271,29246.85
P027604,2025-12-31,employed,261,36727.62
P027605,2025-12-31,employed,253,33225.21
P027608,2025-12-31,employed,263,15756.81
P027610,2025-12-31,employed,252,NA
P027613,2025-12-31,employed,253,21439.45
P027614,2025-12-31,employed,240,NA
P027615,2025-12-31,self_employed,144,17270.05
P027617,2025-12-31,self_employed,365,10425.2
P027618,2025-12-31,employed,204,19441.49
P027619,2025-12-31,no_record,0,0
P027620,2025-12-31,employed,279,30033.38
P027626,2025-12-31,employed,266,16859.97
P027628,2025-12-31,employed,234,32972.2
P027629,2025-12-31,employed,265,13879.27
P027630,2025-12-31,no_record,0,0
P027631,2025-12-31,employed,326,35881.56
P027633,2025-12-31,employed,338,25604.52
P027635,2025-12-31,employed,318,9905.78
P027636,2025-12-31,employed,286,38789.76
P027640,2025-12-31,employed,297,72254.83
P027652,2025-12-31,employed,216,31682.04
P027655,2025-12-31,employed,271,18139.41
P027656,2025-12-31,employed,323,15090.56
P027657,2025-12-31,employed,183,24403.97
P027659,2025-12-31,employed,337,21987.85
P027662,2025-12-31,employed,365,72311.26
P027666,2025-12-31,self_employed,230,15795.82
P027669,2025-12-31,employed,207,32448.59
P027671,2025-12-31,marginal,139,6178.67
P027672,2025-12-31,self_employed,365,16655.3
P027676,2025-12-31,marginal,74,5095.7
P027677,2025-12-31,employed,334,42845.09
P027678,2025-12-31,employed,323,21009.34
P027680,2025-12-31,employed,255,24192.66
P027682,2025-12-31,employed,251,19888.97
P027684,2025-12-31,employed,256,14041.81
P027685,2025-12-31,employed,291,24374.19
P027686,2025-12-31,employed,293,26860.52
P027688,2025-12-31,marginal,123,3367.3
P027690,2025-12-31,self_employed,184,66693.31
P027691,2025-12-31,marginal,92,4893.65
P027693,2025-12-31,employed,302,15667.13
P027694,2025-12-31,marginal,NA,4730.54
P027695,2025-12-31,employed,287,35929.4
P027696,2025-12-31,marginal,91,7708.96
P027698,2025-12-31,employed,325,44008.93
P027700,2025-12-31,employed,365,16808.96
P027701,2025-12-31,employed,262,29729.2
P027702,2025-12-31,employed,286,27140.25
P027704,2025-12-31,marginal,170,8607.55
P027706,2025-12-31,employed,122,16190.91
P027707,2025-12-31,employed,283,24146.17
P027708,2025-12-31,employed,284,30097.41
P027710,2025-12-31,employed,250,16550.97
P027712,2025-12-31,employed,317,12816.7
P027715,2025-12-31,employed,360,45767.83
P027718,2025-12-31,self_employed,358,8494.56
P027719,2025-12-31,employed,226,35771.51
P027720,2025-12-31,employed,316,18631.48
P027721,2025-12-31,employed,215,19914.5
P027722,2025-12-31,employed,234,16158.62
P027724,2025-12-31,employed,365,51146.18
P027725,2025-12-31,self_employed,279,47260.98
P027728,2025-12-31,employed,236,20015.3
P027729,2025-12-31,employed,233,34544.8
P027730,2025-12-31,marginal,48,6641.6
P027731,2025-12-31,marginal,164,3434.91
P027733,2025-12-31,employed,275,32625.46
P027740,2025-12-31,marginal,86,2830.05
P027741,2025-12-31,marginal,178,6234.39
P027742,2025-12-31,employed,299,30858.01
P027746,2025-12-31,employed,235,55861.48
P027751,2025-12-31,employed,275,33089.82
P027753,2025-12-31,employed,298,43983.06
P027755,2025-12-31,employed,262,15076.18
P027757,2025-12-31,employed,365,21498
P027759,2025-12-31,employed,365,63071.15
P027763,2025-12-31,employed,287,21881.42
P027765,2025-12-31,employed,241,26896.34
P027770,2025-12-31,self_employed,133,28948.23
P027773,2025-12-31,employed,337,16741.43
P027774,2025-12-31,employed,299,17283.11
P027775,2025-12-31,employed,285,31211.16
P027776,2025-12-31,self_employed,220,26743.07
P027779,2025-12-31,employed,318,55736.93
P027781,2025-12-31,employed,241,21607.98
P027783,2025-12-31,employed,345,28474.52
P027787,2025-12-31,marginal,29,3544.95
P027792,2025-12-31,employed,198,42793.42
P027797,2025-12-31,employed,229,22801.59
P027798,2025-12-31,employed,330,28394.33
P027800,2025-12-31,employed,304,15554.74
P027804,2025-12-31,employed,145,55950.13
P027806,2025-12-31,employed,344,7944.73
P027807,2025-12-31,employed,332,23183.26
P027811,2025-12-31,employed,258,18662.82
P027812,2025-12-31,employed,316,31590.25
P027814,2025-12-31,employed,246,24598.95
P027822,2025-12-31,employed,298,26590.63
P027824,2025-12-31,employed,318,57715.3
P027828,2025-12-31,employed,316,17276.37
P027834,2025-12-31,employed,244,19451.34
P027836,2025-12-31,employed,300,31937.28
P027839,2025-12-31,employed,315,23193.98
P027846,2025-12-31,employed,339,31827.81
P027850,2025-12-31,self_employed,236,70353.4
P027851,2025-12-31,employed,325,19195.61
P027853,2025-12-31,marginal,143,3099.47
P027855,2025-12-31,employed,210,14483.85
P027858,2025-12-31,employed,347,17286.82
P027860,2025-12-31,employed,246,22136.24
P027861,2025-12-31,employed,323,47658.65
P027862,2025-12-31,employed,228,28806.8
P027867,2025-12-31,employed,222,15923.37
P027869,2025-12-31,employed,306,32215.4
P027870,2025-12-31,self_employed,162,11512.9
P027871,2025-12-31,employed,339,25475.32
P027872,2025-12-31,employed,229,46849.75
P027873,2025-12-31,employed,365,23284.81
P027877,2025-12-31,employed,365,35241.87
P027880,2025-12-31,employed,283,73474.5
P027885,2025-12-31,employed,311,12865.49
P027887,2025-12-31,self_employed,365,14543.83
P027888,2025-12-31,employed,323,23342.21
P027892,2025-12-31,employed,237,31385.58
P027902,2025-12-31,employed,241,15730.06
P027904,2025-12-31,employed,245,33086.73
P027905,2025-12-31,employed,365,61646.21
P027908,2025-12-31,employed,299,23707.99
P027913,2025-12-31,employed,306,27147.62
P027914,2025-12-31,employed,365,30586.57
P027915,2025-12-31,self_employed,365,4921.23
P027918,2025-12-31,self_employed,290,6974.89
P027919,2025-12-31,employed,293,45914.21
P027921,2025-12-31,employed,304,21111.91
P027929,2025-12-31,employed,223,34570.64
P027930,2025-12-31,employed,274,21779.09
P027934,2025-12-31,employed,320,23527.78
P027935,2025-12-31,employed,286,22384.8
P027938,2025-12-31,marginal,100,4241.38
P027939,2025-12-31,employed,242,18847.24
P027945,2025-12-31,marginal,148,3263.39
P027946,2025-12-31,employed,330,NA
P027949,2025-12-31,employed,265,65281.77
P027950,2025-12-31,employed,302,9493.2
P027951,2025-12-31,employed,365,34952.19
P027953,2025-12-31,employed,342,45302.17
P027955,2025-12-31,employed,348,30380.94
P027962,2025-12-31,employed,365,13777.63
P027964,2025-12-31,employed,310,16718.82
P027967,2025-12-31,employed,242,16475.25
P027968,2025-12-31,employed,365,46267.96
P027972,2025-12-31,employed,197,22058.52
P027975,2025-12-31,employed,339,41999.14
P027978,2025-12-31,employed,249,12309.3
P027982,2025-12-31,marginal,108,4237.38
P027983,2025-12-31,self_employed,278,35520.86
P027984,2025-12-31,employed,315,28226.34
P027987,2025-12-31,marginal,44,2398.42
P027990,2025-12-31,employed,365,21414.91
P027991,2025-12-31,employed,269,35822.26
P027995,2025-12-31,employed,320,37734.57
P027996,2025-12-31,marginal,96,7735.66
P027998,2025-12-31,self_employed,122,15511.37
P027999,2025-12-31,employed,310,30797.39
P028001,2025-12-31,employed,298,30135.87
P028003,2025-12-31,employed,229,32985.72
P028006,2025-12-31,employed,240,21058.56
P028010,2025-12-31,employed,303,30415.89
P028011,2025-12-31,marginal,138,5739.54
P028012,2025-12-31,employed,281,58377.06
P028013,2025-12-31,self_employed,330,46283.88
P028020,2025-12-31,employed,337,30503.36
P028021,2025-12-31,employed,258,28319.41
P028022,2025-12-31,employed,256,21870.71
P028024,2025-12-31,marginal,129,6214.75
P028025,2025-12-31,employed,299,24985.62
P028026,2025-12-31,employed,299,29035.2
P028028,2025-12-31,employed,312,37020.35
P028032,2025-12-31,employed,214,35199.84
P028035,2025-12-31,employed,138,19864.62
P028036,2025-12-31,employed,261,32565.44
P028037,2025-12-31,marginal,42,4116.97
P028038,2025-12-31,employed,323,23254.82
P028040,2025-12-31,employed,203,29000.44
P028041,2025-12-31,self_employed,46,4705.01
P028043,2025-12-31,employed,281,21630.39
P028044,2025-12-31,employed,245,31020.75
P028046,2025-12-31,marginal,106,5389.22
P028050,2025-12-31,employed,332,14272.96
P028054,2025-12-31,employed,193,18886.86
P028059,2025-12-31,employed,284,29606.23
P028061,2025-12-31,employed,218,34254.06
P028064,2025-12-31,employed,365,28006.72
P028069,2025-12-31,employed,235,26333.5
P028075,2025-12-31,marginal,84,4921.45
P028080,2025-12-31,employed,347,13849.69
P028081,2025-12-31,employed,298,32407.17
P028083,2025-12-31,employed,274,26989.92
P028084,2025-12-31,employed,276,24144.25
P028086,2025-12-31,employed,252,36230.07
P028088,2025-12-31,employed,274,17406.53
P028089,2025-12-31,employed,211,27232.34
P028090,2025-12-31,employed,365,39123.46
P028093,2025-12-31,self_employed,151,37994.42
P028094,2025-12-31,employed,336,39767.41
P028095,2025-12-31,employed,270,20582.09
P028096,2025-12-31,employed,227,29004.66
P028097,2025-12-31,no_record,0,0
P028098,2025-12-31,employed,365,23265.81
P028101,2025-12-31,employed,239,NA
P028105,2025-12-31,employed,365,55364.38
P028106,2025-12-31,employed,219,20185.36
P028109,2025-12-31,employed,224,27741.19
P028110,2025-12-31,employed,347,23191.99
P028111,2025-12-31,employed,275,23292.99
P028113,2025-12-31,employed,316,34297.91
P028119,2025-12-31,employed,321,16132.68
P028120,2025-12-31,employed,339,44768.79
P028128,2025-12-31,employed,233,24213.97
P028131,2025-12-31,employed,251,13986.62
P028133,2025-12-31,marginal,137,3173.04
P028135,2025-12-31,employed,288,19157.07
P028137,2025-12-31,marginal,20,6137.08
P028140,2025-12-31,employed,365,44428.35
P028141,2025-12-31,employed,250,60421.28
P028142,2025-12-31,employed,289,50741.75
P028144,2025-12-31,employed,334,36436.45
P028148,2025-12-31,employed,311,9191.24
P028149,2025-12-31,employed,255,38609.19
P028153,2025-12-31,employed,211,19817.14
P028154,2025-12-31,employed,365,24188.6
P028155,2025-12-31,employed,271,19960.14
P028156,2025-12-31,employed,262,23062.89
P028163,2025-12-31,self_employed,213,29799.9
P028166,2025-12-31,employed,231,45698.38
P028173,2025-12-31,employed,253,32837.59
P028174,2025-12-31,employed,200,21657.36
P028177,2025-12-31,employed,335,38741.29
P028179,2025-12-31,self_employed,144,31006.66
P028180,2025-12-31,employed,312,28989.75
P028182,2025-12-31,self_employed,336,15245.33
P028183,2025-12-31,marginal,154,4822.97
P028185,2025-12-31,employed,232,32330.03
P028186,2025-12-31,employed,365,46314.27
P028189,2025-12-31,employed,295,26684.07
P028190,2025-12-31,employed,281,20075.97
P028192,2025-12-31,self_employed,232,23682
P028194,2025-12-31,employed,365,23593.3
P028196,2025-12-31,employed,197,13555.86
P028199,2025-12-31,employed,307,17217.67
P028202,2025-12-31,employed,220,34682.01
P028203,2025-12-31,marginal,156,6005.22
P028204,2025-12-31,employed,218,93193.18
P028205,2025-12-31,employed,359,12856.85
P028206,2025-12-31,employed,260,35435.68
P028210,2025-12-31,employed,297,21474.43
P028211,2025-12-31,employed,231,20527.48
P028212,2025-12-31,employed,365,19898.93
P028215,2025-12-31,employed,296,19482.28
P028216,2025-12-31,employed,224,26852.79
P028217,2025-12-31,employed,164,12185.41
P028223,2025-12-31,employed,254,20072.28
P028226,2025-12-31,employed,285,44484.71
P028228,2025-12-31,employed,109,17887.36
P028230,2025-12-31,marginal,103,14622.43
P028231,2025-12-31,employed,275,22683.95
P028232,2025-12-31,employed,272,38352.62
P028237,2025-12-31,employed,221,37217.35
P028238,2025-12-31,employed,175,16228.2
P028240,2025-12-31,employed,306,10671.71
P028242,2025-12-31,employed,365,31656.84
P028243,2025-12-31,employed,310,38298.67
P028247,2025-12-31,employed,143,15532.48
P028248,2025-12-31,self_employed,116,10221.97
P028252,2025-12-31,marginal,92,3677.09
P028253,2025-12-31,employed,364,23508.55
P028257,2025-12-31,marginal,66,2766.64
P028259,2025-12-31,employed,276,12870.17
P028261,2025-12-31,no_record,0,0
P028265,2025-12-31,employed,282,NA
P028266,2025-12-31,employed,349,15035.93
P028267,2025-12-31,employed,278,34758.88
P028273,2025-12-31,marginal,152,5843.85
P028274,2025-12-31,self_employed,311,24077.55
P028276,2025-12-31,employed,279,25097.88
P028281,2025-12-31,employed,258,27424.56
P028282,2025-12-31,employed,315,35626.63
P028284,2025-12-31,marginal,98,4443.29
P028285,2025-12-31,employed,270,19233.38
P028286,2025-12-31,employed,317,40604.58
P028289,2025-12-31,employed,299,28044.03
P028290,2025-12-31,employed,279,25477.71
P028292,2025-12-31,employed,334,41691.71
P028294,2025-12-31,employed,362,58875.82
P028295,2025-12-31,employed,120,67045.34
P028296,2025-12-31,employed,343,19054.94
P028297,2025-12-31,employed,275,46486.52
P028298,2025-12-31,employed,277,14837.7
P028299,2025-12-31,employed,258,20560.62
P028305,2025-12-31,employed,356,22736.02
P028306,2025-12-31,employed,160,40846.87
P028308,2025-12-31,employed,235,25852.71
P028311,2025-12-31,employed,256,17781.39
P028313,2025-12-31,employed,331,21347.37
P028323,2025-12-31,employed,316,19638.87
P028325,2025-12-31,employed,365,31165.93
P028331,2025-12-31,employed,259,41228.91
P028339,2025-12-31,employed,350,45618.05
P028340,2025-12-31,employed,291,48459.8
P028341,2025-12-31,employed,200,68756.61
P028342,2025-12-31,employed,282,13139.26
P028343,2025-12-31,employed,208,51786.28
P028345,2025-12-31,employed,282,15956.23
P028346,2025-12-31,employed,302,18959.4
P028347,2025-12-31,employed,176,23557.59
P028352,2025-12-31,employed,230,40756.05
P028356,2025-12-31,employed,294,19145.24
P028358,2025-12-31,marginal,107,4940.39
P028359,2025-12-31,self_employed,311,66821.66
P028360,2025-12-31,employed,317,54280.86
P028361,2025-12-31,employed,315,25521
P028364,2025-12-31,marginal,82,3030.65
P028366,2025-12-31,employed,275,45294.49
P028367,2025-12-31,marginal,118,3927.5
P028370,2025-12-31,employed,322,35994
P028372,2025-12-31,employed,365,28486.91
P028373,2025-12-31,employed,289,11805.04
P028374,2025-12-31,employed,255,22683.63
P028375,2025-12-31,employed,266,14676.72
P028376,2025-12-31,self_employed,252,36160.18
P028377,2025-12-31,marginal,133,3628.79
P028380,2025-12-31,employed,346,36809
P028382,2025-12-31,employed,365,16676.75
P028384,2025-12-31,employed,365,23754.86
P028388,2025-12-31,self_employed,247,3261.26
P028393,2025-12-31,employed,268,23751.06
P028396,2025-12-31,marginal,73,6349.11
P028399,2025-12-31,marginal,36,3319.31
P028400,2025-12-31,employed,256,27868.56
P028402,2025-12-31,employed,280,33184.18
P028404,2025-12-31,self_employed,365,23759.77
P028405,2025-12-31,no_record,0,0
P028410,2025-12-31,marginal,65,3079.81
P028411,2025-12-31,employed,283,44768.18
P028413,2025-12-31,employed,NA,25925.5
P028414,2025-12-31,employed,259,55809.03
P028415,2025-12-31,employed,279,10289.83
P028416,2025-12-31,employed,306,13300.19
P028420,2025-12-31,employed,310,47483.03
P028421,2025-12-31,employed,260,16232.97
P028422,2025-12-31,employed,307,57816.91
P028423,2025-12-31,employed,314,29747.2
P028428,2025-12-31,marginal,111,3748.11
P028429,2025-12-31,employed,327,12059.57
P028431,2025-12-31,employed,309,13984.21
P028434,2025-12-31,employed,257,33388.47
P028435,2025-12-31,employed,289,28736.74
P028436,2025-12-31,employed,267,57703.4
P028438,2025-12-31,employed,263,20897.4
P028439,2025-12-31,self_employed,244,61303.55
P028440,2025-12-31,employed,198,46486.13
P028446,2025-12-31,marginal,51,9306.75
P028448,2025-12-31,self_employed,334,30221.47
P028451,2025-12-31,employed,252,38172.82
P028452,2025-12-31,employed,170,19590.97
P028453,2025-12-31,employed,344,21753.85
P028454,2025-12-31,employed,312,50974.35
P028456,2025-12-31,no_record,0,0
P028457,2025-12-31,employed,257,26606.1
P028458,2025-12-31,employed,365,36390.85
P028460,2025-12-31,employed,342,33004.46
P028462,2025-12-31,self_employed,229,5873.92
P028466,2025-12-31,employed,278,20287.42
P028470,2025-12-31,self_employed,261,29058.18
P028471,2025-12-31,employed,187,14076.25
P028473,2025-12-31,employed,365,43039.75
P028476,2025-12-31,employed,286,33788.19
P028478,2025-12-31,employed,294,NA
P028479,2025-12-31,self_employed,365,29397.33
P028480,2025-12-31,employed,365,31768.23
P028484,2025-12-31,employed,230,NA
P028485,2025-12-31,employed,364,26064.54
P028491,2025-12-31,employed,365,62410.34
P028493,2025-12-31,employed,231,18993.61
P028494,2025-12-31,employed,260,19354.5
P028495,2025-12-31,marginal,71,5937.64
P028498,2025-12-31,marginal,134,9234.45
P028499,2025-12-31,employed,292,NA
P028502,2025-12-31,employed,309,19109.14
P028503,2025-12-31,employed,248,32637.93
P028505,2025-12-31,employed,309,54418.11
P028506,2025-12-31,marginal,158,3237.93
P028507,2025-12-31,self_employed,183,10599.04
P028508,2025-12-31,employed,268,22312.14
P028509,2025-12-31,employed,231,8647.33
P028514,2025-12-31,employed,365,36071.12
P028520,2025-12-31,employed,316,17103.42
P028522,2025-12-31,employed,329,20308.61
P028524,2025-12-31,self_employed,139,24197.22
P028529,2025-12-31,marginal,165,4219.43
P028531,2025-12-31,employed,260,23433.23
P028533,2025-12-31,employed,225,21640.81
P028539,2025-12-31,employed,182,15532.31
P028540,2025-12-31,self_employed,306,18736.11
P028541,2025-12-31,employed,321,15363.11
P028545,2025-12-31,marginal,123,3131.19
P028546,2025-12-31,employed,264,33355.72
P028547,2025-12-31,self_employed,104,56250.7
P028548,2025-12-31,marginal,110,4993.49
P028549,2025-12-31,employed,365,64152.98
P028550,2025-12-31,employed,183,27263.77
P028552,2025-12-31,employed,262,43075.18
P028554,2025-12-31,employed,280,27168.18
P028556,2025-12-31,employed,258,42265.21
P028558,2025-12-31,employed,347,17817.24
P028559,2025-12-31,self_employed,309,23587.02
P028561,2025-12-31,employed,300,25718.84
P028562,2025-12-31,employed,282,20291.49
P028563,2025-12-31,self_employed,365,10785.07
P028564,2025-12-31,employed,302,20191.53
P028567,2025-12-31,employed,349,66912.97
P028568,2025-12-31,employed,365,21245.05
P028569,2025-12-31,employed,200,58450.18
P028570,2025-12-31,employed,294,28199.83
P028572,2025-12-31,employed,297,29364.3
P028584,2025-12-31,no_record,0,0
P028586,2025-12-31,employed,259,21478.51
P028588,2025-12-31,employed,365,19263.09
P028592,2025-12-31,employed,231,45108.96
P028593,2025-12-31,marginal,51,4347.94
P028596,2025-12-31,employed,312,17754.13
P028598,2025-12-31,marginal,126,9505.75
P028599,2025-12-31,marginal,124,5173.82
P028600,2025-12-31,employed,199,20466.46
P028601,2025-12-31,employed,320,23829.83
P028602,2025-12-31,employed,300,28366.53
P028603,2025-12-31,employed,243,50433.31
P028606,2025-12-31,employed,308,16752.03
P028608,2025-12-31,self_employed,243,14981.71
P028610,2025-12-31,self_employed,365,63852.78
P028611,2025-12-31,employed,NA,23249.96
P028615,2025-12-31,employed,365,21684.04
P028617,2025-12-31,employed,314,66207.86
P028618,2025-12-31,employed,365,36211.08
P028620,2025-12-31,employed,294,35366.19
P028621,2025-12-31,employed,180,32931.92
P028623,2025-12-31,employed,365,37062.65
P028624,2025-12-31,employed,284,26480.11
P028625,2025-12-31,employed,287,50527.38
P028627,2025-12-31,employed,302,31607.66
P028628,2025-12-31,employed,310,35114.92
P028631,2025-12-31,marginal,93,4224.2
P028635,2025-12-31,self_employed,218,19991.49
P028638,2025-12-31,employed,280,33647.92
P028640,2025-12-31,employed,238,25525.75
P028642,2025-12-31,employed,295,65978.7
P028644,2025-12-31,employed,179,32262.33
P028647,2025-12-31,employed,254,23406.15
P028649,2025-12-31,employed,252,25366.76
P028657,2025-12-31,employed,289,28987.62
P028658,2025-12-31,employed,324,45158.96
P028659,2025-12-31,employed,365,22569.15
P028661,2025-12-31,employed,340,43339.4
P028662,2025-12-31,marginal,119,3057.07
P028668,2025-12-31,employed,303,33214.13
P028672,2025-12-31,marginal,119,4085.2
P028673,2025-12-31,employed,365,25441.88
P028674,2025-12-31,self_employed,324,19251.72
P028676,2025-12-31,employed,283,41835.12
P028677,2025-12-31,employed,335,34780.9
P028678,2025-12-31,employed,216,17900.37
P028684,2025-12-31,marginal,150,4394.12
P028685,2025-12-31,marginal,NA,6777.35
P028687,2025-12-31,employed,209,33350.32
P028690,2025-12-31,employed,351,47298.54
P028692,2025-12-31,employed,294,16518
P028694,2025-12-31,self_employed,194,16007.31
P028695,2025-12-31,employed,271,56014.3
P028699,2025-12-31,self_employed,160,17720.9
P028700,2025-12-31,employed,321,23694.67
P028702,2025-12-31,marginal,124,2720.34
P028704,2025-12-31,employed,304,26438.07
P028706,2025-12-31,employed,335,37281.13
P028708,2025-12-31,employed,353,13645.76
P028710,2025-12-31,employed,260,41719.49
P028711,2025-12-31,marginal,159,9280.72
P028721,2025-12-31,employed,184,21799.9
P028722,2025-12-31,employed,208,36928.41
P028728,2025-12-31,marginal,99,4892.97
P028735,2025-12-31,employed,231,74273.9
P028738,2025-12-31,marginal,127,5499.84
P028739,2025-12-31,employed,349,40973.18
P028741,2025-12-31,employed,365,52308.1
P028744,2025-12-31,employed,365,17018.64
P028747,2025-12-31,employed,230,19624.3
P028750,2025-12-31,employed,316,41335.29
P028753,2025-12-31,employed,261,21460.46
P028756,2025-12-31,employed,271,11740.5
P028759,2025-12-31,no_record,0,0
P028762,2025-12-31,self_employed,365,7918.09
P028765,2025-12-31,employed,248,24454.34
P028768,2025-12-31,employed,365,34827.35
P028770,2025-12-31,employed,321,28203.64
P028774,2025-12-31,employed,276,21416.91
P028775,2025-12-31,employed,240,17720.63
P028785,2025-12-31,employed,259,11348.5
P028787,2025-12-31,employed,273,56003.34
P028791,2025-12-31,self_employed,274,27735.02
P028798,2025-12-31,employed,302,11507.23
P028800,2025-12-31,no_record,0,0
P028803,2025-12-31,employed,323,17007.42
P028805,2025-12-31,employed,365,51893.8
P028806,2025-12-31,employed,365,28430.03
P028809,2025-12-31,employed,304,23433.39
P028811,2025-12-31,marginal,129,5581.36
P028818,2025-12-31,marginal,63,5690.04
P028821,2025-12-31,employed,270,38201.86
P028823,2025-12-31,employed,277,36341.42
P028825,2025-12-31,employed,251,42488.92
P028826,2025-12-31,no_record,0,0
P028828,2025-12-31,employed,365,25278.86
P028829,2025-12-31,employed,290,37051.04
P028832,2025-12-31,self_employed,365,9477.48
P028833,2025-12-31,self_employed,286,13613.83
P028835,2025-12-31,employed,329,14474.18
P028836,2025-12-31,employed,244,18939.02
P028837,2025-12-31,self_employed,232,25022.56
P028838,2025-12-31,self_employed,236,4819.58
P028839,2025-12-31,employed,218,29244.31
P028840,2025-12-31,employed,291,26034.19
P028844,2025-12-31,self_employed,255,24684.09
P028846,2025-12-31,employed,275,11493.48
P028847,2025-12-31,employed,360,20699.82
P028848,2025-12-31,employed,318,37641.3
P028851,2025-12-31,employed,262,13999.62
P028853,2025-12-31,employed,235,10881.48
P028854,2025-12-31,employed,154,22568.92
P028855,2025-12-31,no_record,0,0
P028856,2025-12-31,employed,193,39454.1
P028857,2025-12-31,employed,365,39257.24
P028865,2025-12-31,employed,365,50399.76
P028866,2025-12-31,employed,229,31425.07
P028867,2025-12-31,employed,351,72176.78
P028869,2025-12-31,employed,253,25764.25
P028871,2025-12-31,employed,310,38315.32
P028873,2025-12-31,marginal,23,3725.48
P028874,2025-12-31,employed,314,38061.43
P028878,2025-12-31,employed,262,9640.3
P028883,2025-12-31,employed,227,40981.45
P028884,2025-12-31,employed,266,11006.26
P028885,2025-12-31,employed,225,19765.77
P028886,2025-12-31,marginal,133,3945.06
P028888,2025-12-31,employed,327,17225.56
P028889,2025-12-31,self_employed,261,32839.72
P028890,2025-12-31,marginal,39,2742.22
P028891,2025-12-31,self_employed,263,33255.72
P028898,2025-12-31,employed,300,42738.07
P028899,2025-12-31,employed,269,33792.47
P028903,2025-12-31,marginal,126,5573
P028910,2025-12-31,employed,362,39627.76
P028911,2025-12-31,employed,288,38248.89
P028912,2025-12-31,no_record,0,0
P028913,2025-12-31,employed,297,20852.52
P028915,2025-12-31,employed,242,10730.47
P028919,2025-12-31,employed,306,29663.97
P028921,2025-12-31,employed,281,14481.06
P028922,2025-12-31,employed,338,21604.83
P028923,2025-12-31,employed,309,9667.9
P028926,2025-12-31,employed,245,20091.52
P028929,2025-12-31,employed,262,41620.84
P028931,2025-12-31,employed,311,55552.8
P028934,2025-12-31,employed,303,24273.51
P028935,2025-12-31,employed,255,30318.55
P028937,2025-12-31,employed,359,21880.05
P028940,2025-12-31,marginal,91,6379.06
P028941,2025-12-31,employed,289,38847.59
P028942,2025-12-31,self_employed,260,14588.45
P028943,2025-12-31,employed,294,55328.27
P028945,2025-12-31,employed,270,15692.69
P028946,2025-12-31,employed,321,25668.19
P028947,2025-12-31,employed,246,22783.02
P028950,2025-12-31,employed,293,22482.32
P028957,2025-12-31,employed,271,18343.07
P028958,2025-12-31,employed,261,39726.2
P028960,2025-12-31,marginal,61,7929.43
P028963,2025-12-31,self_employed,260,19929.75
P028971,2025-12-31,marginal,139,2327.6
P028973,2025-12-31,employed,304,27745.96
P028976,2025-12-31,employed,321,24741.24
P028979,2025-12-31,employed,244,32308.8
P028980,2025-12-31,employed,365,28023.37
P028981,2025-12-31,employed,279,30689.22
P028982,2025-12-31,employed,283,59551.63
P028985,2025-12-31,employed,227,39707.79
P028986,2025-12-31,employed,268,32247.74
P028988,2025-12-31,employed,312,39686.65
P028990,2025-12-31,marginal,159,7809.49
P028992,2025-12-31,employed,192,36356.46
P028994,2025-12-31,employed,291,29571.87
P028997,2025-12-31,self_employed,191,12323.38
P029000,2025-12-31,self_employed,365,25649.41
P029001,2025-12-31,employed,310,49914.32
P029002,2025-12-31,marginal,67,8749.95
P029003,2025-12-31,self_employed,365,18734.18
P029007,2025-12-31,employed,365,27838.56
P029008,2025-12-31,self_employed,365,88571.97
P029009,2025-12-31,employed,328,28656.27
P029010,2025-12-31,employed,365,22284.1
P029013,2025-12-31,employed,365,29198.01
P029018,2025-12-31,marginal,56,3857.85
P029020,2025-12-31,employed,245,25911.32
P029023,2025-12-31,employed,264,38570.03
P029026,2025-12-31,marginal,101,4915.43
P029028,2025-12-31,employed,339,17040.91
P029029,2025-12-31,employed,329,13424.9
P029030,2025-12-31,employed,285,34739.98
P029034,2025-12-31,marginal,50,5588.49
P029035,2025-12-31,employed,285,27480.59
P029037,2025-12-31,employed,314,23164.72
P029040,2025-12-31,marginal,29,6310.41
P029042,2025-12-31,employed,275,51994.36
P029043,2025-12-31,employed,232,18888.29
P029044,2025-12-31,employed,292,34798.53
P029045,2025-12-31,employed,365,28456.51
P029048,2025-12-31,employed,259,76024.22
P029049,2025-12-31,employed,365,63605.65
P029050,2025-12-31,employed,294,NA
P029052,2025-12-31,employed,285,31733.91
P029054,2025-12-31,employed,210,36173.55
P029055,2025-12-31,employed,266,26359.93
P029056,2025-12-31,employed,244,53033.56
P029058,2025-12-31,employed,190,29130.67
P029061,2025-12-31,employed,229,32649.87
P029062,2025-12-31,employed,266,25389.78
P029065,2025-12-31,employed,233,22444.1
P029066,2025-12-31,self_employed,109,8545.79
P029067,2025-12-31,employed,334,36582.8
P029070,2025-12-31,employed,197,22282.91
P029072,2025-12-31,marginal,81,7179.39
P029073,2025-12-31,marginal,74,2831.96
P029074,2025-12-31,self_employed,149,49246.91
P029077,2025-12-31,marginal,66,7490.19
P029078,2025-12-31,employed,290,17623.05
P029083,2025-12-31,employed,297,23740.12
P029085,2025-12-31,employed,365,17762.71
P029086,2025-12-31,employed,349,63513.92
P029087,2025-12-31,self_employed,365,7485.58
P029088,2025-12-31,employed,320,18872.41
P029091,2025-12-31,employed,261,38874.32
P029092,2025-12-31,employed,234,17155.38
P029094,2025-12-31,marginal,148,2793.01
P029095,2025-12-31,employed,318,29978.16
P029101,2025-12-31,employed,250,34177.37
P029103,2025-12-31,employed,242,40636.75
P029104,2025-12-31,no_record,0,0
P029109,2025-12-31,marginal,55,7177.71
P029110,2025-12-31,employed,322,26344.4
P029111,2025-12-31,employed,NA,28209.65
P029112,2025-12-31,employed,281,41600.94
P029113,2025-12-31,employed,236,34395.87
P029115,2025-12-31,employed,290,15073.37
P029117,2025-12-31,employed,200,22475.89
P029118,2025-12-31,self_employed,230,19333.68
P029119,2025-12-31,employed,316,48986
P029120,2025-12-31,self_employed,176,31552.37
P029123,2025-12-31,employed,299,20510.84
P029125,2025-12-31,employed,252,29284.03
P029132,2025-12-31,employed,365,20779.07
P029137,2025-12-31,employed,207,16550.65
P029138,2025-12-31,employed,246,57574.8
P029139,2025-12-31,self_employed,235,8969.6
P029140,2025-12-31,employed,324,22851.32
P029144,2025-12-31,employed,236,27800.06
P029146,2025-12-31,employed,214,20224.82
P029147,2025-12-31,employed,299,49495.79
P029148,2025-12-31,employed,278,44806.64
P029150,2025-12-31,employed,194,14472.16
P029155,2025-12-31,employed,322,33769.32
P029156,2025-12-31,employed,241,19806.02
P029157,2025-12-31,employed,180,31016.35
P029158,2025-12-31,employed,226,43204.77
P029163,2025-12-31,employed,303,29372.87
P029166,2025-12-31,employed,245,25183.22
P029167,2025-12-31,marginal,115,8735.51
P029168,2025-12-31,employed,311,41926.07
P029172,2025-12-31,employed,160,42382.99
P029175,2025-12-31,marginal,72,8274.18
P029178,2025-12-31,employed,326,34755.24
P029182,2025-12-31,self_employed,267,20242.22
P029183,2025-12-31,employed,280,37684.84
P029184,2025-12-31,employed,365,16642.58
P029187,2025-12-31,marginal,89,7125.33
P029188,2025-12-31,employed,362,87646.64
P029189,2025-12-31,marginal,111,6633.28
P029192,2025-12-31,employed,280,19914.6
P029196,2025-12-31,marginal,165,3366.74
P029199,2025-12-31,employed,365,29166.55
P029200,2025-12-31,employed,365,31616.86
P029201,2025-12-31,employed,283,14196.28
P029205,2025-12-31,employed,364,24619.6
P029209,2025-12-31,employed,220,34415.15
P029210,2025-12-31,employed,203,49772.44
P029214,2025-12-31,self_employed,115,24934.9
P029215,2025-12-31,employed,339,15743.77
P029218,2025-12-31,employed,214,31703.72
P029220,2025-12-31,employed,270,35711.91
P029221,2025-12-31,employed,268,18411.18
P029222,2025-12-31,employed,365,19886.54
P029223,2025-12-31,employed,362,45732.1
P029224,2025-12-31,employed,166,13596.92
P029225,2025-12-31,employed,287,41168.22
P029228,2025-12-31,employed,228,19332.76
P029229,2025-12-31,employed,289,64966.68
P029230,2025-12-31,employed,365,31644.97
P029231,2025-12-31,marginal,103,3612.6
P029235,2025-12-31,employed,188,30011.72
P029236,2025-12-31,employed,266,29627.84
P029238,2025-12-31,employed,365,59956.76
P029242,2025-12-31,employed,358,17685.86
P029244,2025-12-31,marginal,104,5854.13
P029246,2025-12-31,employed,258,35242.91
P029248,2025-12-31,employed,365,28955.16
P029250,2025-12-31,employed,249,30378.17
P029255,2025-12-31,employed,365,33402.65
P029256,2025-12-31,employed,264,32339.84
P029257,2025-12-31,employed,249,24470.74
P029258,2025-12-31,employed,214,7963.14
P029262,2025-12-31,marginal,94,7387.84
P029263,2025-12-31,employed,324,45949.21
P029265,2025-12-31,employed,264,32918.57
P029268,2025-12-31,employed,365,58479.45
P029271,2025-12-31,self_employed,291,43323.69
P029274,2025-12-31,employed,272,20897.66
P029275,2025-12-31,employed,329,30617.88
P029279,2025-12-31,marginal,106,4472.59
P029281,2025-12-31,marginal,108,4261.78
P029282,2025-12-31,employed,223,13209.14
P029284,2025-12-31,employed,317,15855.19
P029285,2025-12-31,employed,365,13704.35
P029286,2025-12-31,employed,355,14155.97
P029287,2025-12-31,employed,233,26691.32
P029292,2025-12-31,employed,365,25427.68
P029296,2025-12-31,employed,257,10082.19
P029297,2025-12-31,employed,238,48162.65
P029298,2025-12-31,employed,363,19122.02
P029299,2025-12-31,employed,181,27562.37
P029300,2025-12-31,employed,293,17090.94
P029302,2025-12-31,employed,256,25588.74
P029304,2025-12-31,marginal,169,4099.28
P029305,2025-12-31,self_employed,239,41451.26
P029306,2025-12-31,employed,NA,13634.37
P029307,2025-12-31,no_record,0,0
P029308,2025-12-31,employed,210,25108.94
P029310,2025-12-31,employed,345,33354.5
P029315,2025-12-31,employed,258,23176.18
P029318,2025-12-31,employed,242,28532.55
P029319,2025-12-31,employed,332,46300.86
P029320,2025-12-31,employed,355,27992.98
P029326,2025-12-31,employed,179,21176.4
P029328,2025-12-31,employed,354,42189.67
P029329,2025-12-31,employed,105,19996.06
P029333,2025-12-31,employed,166,45237.46
P029335,2025-12-31,employed,365,14411.61
P029336,2025-12-31,employed,306,24098.31
P029338,2025-12-31,self_employed,NA,56539.74
P029340,2025-12-31,marginal,129,7498.94
P029341,2025-12-31,employed,365,25487.61
P029342,2025-12-31,employed,169,61916.87
P029345,2025-12-31,employed,364,44379.42
P029347,2025-12-31,employed,169,40024.17
P029349,2025-12-31,employed,297,25273.42
P029351,2025-12-31,employed,216,70845.85
P029355,2025-12-31,employed,284,22670.32
P029356,2025-12-31,employed,300,20680.72
P029359,2025-12-31,employed,296,23865.08
P029360,2025-12-31,employed,347,35935.52
P029365,2025-12-31,marginal,169,5574.73
P029369,2025-12-31,employed,244,30721.16
P029371,2025-12-31,employed,252,21790.08
P029372,2025-12-31,no_record,0,0
P029373,2025-12-31,employed,238,13952.11
P029378,2025-12-31,employed,310,61919.26
P029379,2025-12-31,employed,298,28669.11
P029383,2025-12-31,marginal,102,6583.5
P029384,2025-12-31,employed,216,21352.22
P029387,2025-12-31,marginal,101,3828.54
P029390,2025-12-31,employed,331,32703.92
P029392,2025-12-31,employed,365,22311.73
P029395,2025-12-31,employed,232,17343.32
P029396,2025-12-31,employed,266,22890.29
P029398,2025-12-31,employed,356,51254.72
P029404,2025-12-31,employed,318,31007.74
P029407,2025-12-31,employed,276,24756.16
P029412,2025-12-31,employed,215,40789.22
P029414,2025-12-31,marginal,110,3976.89
P029419,2025-12-31,employed,192,18188.33
P029424,2025-12-31,employed,348,19312.07
P029427,2025-12-31,employed,303,38432.56
P029428,2025-12-31,employed,365,17515.3
P029429,2025-12-31,employed,268,40916.2
P029435,2025-12-31,employed,238,31789.18
P029437,2025-12-31,employed,NA,29599.59
P029439,2025-12-31,employed,365,29919.36
P029443,2025-12-31,employed,354,11827.15
P029444,2025-12-31,employed,295,43268.24
P029445,2025-12-31,employed,345,39182.52
P029446,2025-12-31,employed,234,34717.37
P029447,2025-12-31,employed,354,22193.71
P029448,2025-12-31,employed,263,20432.49
P029449,2025-12-31,employed,365,23770.2
P029450,2025-12-31,employed,253,24015.99
P029451,2025-12-31,self_employed,NA,14826.85
P029454,2025-12-31,employed,202,40135.66
P029456,2025-12-31,employed,278,13143.82
P029459,2025-12-31,employed,212,14252.28
P029461,2025-12-31,employed,295,21844.28
P029462,2025-12-31,employed,271,18113.31
P029464,2025-12-31,employed,365,49110.53
P029465,2025-12-31,employed,306,10585.42
P029467,2025-12-31,employed,365,35063.43
P029469,2025-12-31,employed,320,30375.92
P029470,2025-12-31,employed,321,38405.69
P029472,2025-12-31,employed,334,51356.18
P029473,2025-12-31,employed,315,23732.84
P029475,2025-12-31,employed,298,27890.33
P029479,2025-12-31,self_employed,330,13517.35
P029484,2025-12-31,employed,269,63621.35
P029494,2025-12-31,employed,329,21119.19
P029496,2025-12-31,employed,338,19228.5
P029498,2025-12-31,marginal,73,3667.74
P029499,2025-12-31,employed,243,20594.4
P029504,2025-12-31,employed,303,17705.13
P029505,2025-12-31,employed,350,31729.33
P029508,2025-12-31,employed,365,31664.96
P029509,2025-12-31,marginal,68,5492.95
P029511,2025-12-31,self_employed,231,4448.91
P029519,2025-12-31,employed,352,14262.67
P029520,2025-12-31,employed,307,22509.29
P029521,2025-12-31,employed,342,30217.19
P029524,2025-12-31,employed,154,30753.76
P029525,2025-12-31,self_employed,225,12670.47
P029529,2025-12-31,employed,265,34588.53
P029530,2025-12-31,employed,249,67670.18
P029535,2025-12-31,employed,294,66895.66
P029536,2025-12-31,marginal,137,4404.56
P029537,2025-12-31,marginal,76,3540.1
P029538,2025-12-31,employed,237,41187.68
P029539,2025-12-31,employed,365,43349.21
P029541,2025-12-31,marginal,78,5532.35
P029542,2025-12-31,employed,344,15760.22
P029545,2025-12-31,employed,290,18512.13
P029546,2025-12-31,self_employed,304,18907.57
P029548,2025-12-31,employed,362,13069.13
P029551,2025-12-31,employed,361,55064.31
P029552,2025-12-31,marginal,74,4460.87
P029554,2025-12-31,employed,229,23080.9
P029555,2025-12-31,employed,259,11317.73
P029557,2025-12-31,self_employed,241,14440.31
P029559,2025-12-31,marginal,77,3622.63
P029560,2025-12-31,employed,255,17665.16
P029561,2025-12-31,employed,312,43191.3
P029562,2025-12-31,no_record,0,0
P029569,2025-12-31,employed,241,19268.41
P029570,2025-12-31,employed,188,12898.51
P029571,2025-12-31,employed,259,29070.81
P029573,2025-12-31,employed,241,41482.51
P029574,2025-12-31,self_employed,288,8955.47
P029575,2025-12-31,employed,365,54022.25
P029576,2025-12-31,employed,365,26924.79
P029577,2025-12-31,self_employed,209,12094.99
P029580,2025-12-31,marginal,81,9676.5
P029584,2025-12-31,employed,296,23006.05
P029585,2025-12-31,employed,346,22840.06
P029586,2025-12-31,employed,290,24848.23
P029587,2025-12-31,employed,365,48296.57
P029590,2025-12-31,employed,324,23232.78
P029594,2025-12-31,employed,228,52960.76
P029595,2025-12-31,employed,276,12338.77
P029596,2025-12-31,no_record,0,0
P029597,2025-12-31,employed,321,37631.24
P029600,2025-12-31,employed,307,30143.17
P029604,2025-12-31,employed,316,8300.03
P029606,2025-12-31,marginal,162,2777.86
P029608,2025-12-31,employed,253,30608.49
P029609,2025-12-31,employed,185,17687.6
P029611,2025-12-31,employed,240,45920.4
P029612,2025-12-31,employed,253,16385.22
P029613,2025-12-31,employed,291,16385.91
P029614,2025-12-31,employed,316,15418.68
P029618,2025-12-31,self_employed,336,60776.78
P029620,2025-12-31,employed,249,27364.39
P029623,2025-12-31,employed,365,70624.97
P029626,2025-12-31,employed,156,49375.3
P029630,2025-12-31,employed,NA,31497.98
P029631,2025-12-31,employed,242,20033.42
P029635,2025-12-31,employed,320,27939.94
P029640,2025-12-31,no_record,0,0
P029641,2025-12-31,employed,174,NA
P029643,2025-12-31,marginal,123,4600.82
P029647,2025-12-31,employed,360,10406.96
P029648,2025-12-31,employed,236,41863.32
P029649,2025-12-31,employed,328,30150.09
P029651,2025-12-31,employed,186,44750.99
P029652,2025-12-31,marginal,202,3816.43
P029653,2025-12-31,employed,328,44447.08
P029654,2025-12-31,marginal,147,5406.37
P029656,2025-12-31,self_employed,237,18114.78
P029659,2025-12-31,employed,258,11280.56
P029661,2025-12-31,employed,264,20125.31
P029664,2025-12-31,self_employed,298,77412.91
P029667,2025-12-31,employed,289,21784.48
P029672,2025-12-31,employed,252,15547.72
P029673,2025-12-31,employed,255,28848.07
P029674,2025-12-31,self_employed,334,71398.43
P029675,2025-12-31,employed,284,26679.54
P029676,2025-12-31,self_employed,282,36024.43
P029678,2025-12-31,employed,164,26599.6
P029679,2025-12-31,employed,273,26208.02
P029680,2025-12-31,employed,351,18534.57
P029686,2025-12-31,employed,312,47307.43
P029688,2025-12-31,employed,349,46709.17
P029692,2025-12-31,self_employed,268,31895.62
P029696,2025-12-31,employed,289,24631.98
P029698,2025-12-31,employed,353,24807.79
P029701,2025-12-31,employed,365,24065.21
P029702,2025-12-31,employed,284,36707.39
P029703,2025-12-31,employed,283,NA
P029704,2025-12-31,employed,324,11002.8
P029705,2025-12-31,employed,233,23229.99
P029708,2025-12-31,employed,295,22505.73
P029709,2025-12-31,marginal,119,7895.52
P029710,2025-12-31,employed,239,23332.49
P029711,2025-12-31,employed,181,64128.7
P029712,2025-12-31,employed,224,40921.53
P029713,2025-12-31,self_employed,290,14030.64
P029716,2025-12-31,employed,302,15115.7
P029720,2025-12-31,marginal,111,5074.74
P029724,2025-12-31,self_employed,353,18830.51
P029725,2025-12-31,marginal,133,4619.05
P029728,2025-12-31,employed,217,15405.98
P029732,2025-12-31,employed,200,69153.63
P029737,2025-12-31,employed,335,25853.04
P029738,2025-12-31,employed,365,20564.61
P029741,2025-12-31,employed,361,19762.62
P029745,2025-12-31,employed,332,35409.12
P029748,2025-12-31,self_employed,241,13100.75
P029750,2025-12-31,employed,193,57301.82
P029752,2025-12-31,employed,365,16600.39
P029753,2025-12-31,employed,234,22116.66
P029755,2025-12-31,employed,196,19736.21
P029759,2025-12-31,employed,365,52797.86
P029761,2025-12-31,marginal,NA,2519.25
P029762,2025-12-31,employed,331,17961.7
P029764,2025-12-31,marginal,69,7573.25
P029766,2025-12-31,employed,293,37946.2
P029768,2025-12-31,self_employed,184,39210.65
P029769,2025-12-31,employed,365,12858.24
P029772,2025-12-31,employed,312,32476.11
P029773,2025-12-31,employed,348,24759.07
P029775,2025-12-31,employed,272,29287.93
P029776,2025-12-31,marginal,103,5512.1
P029777,2025-12-31,employed,305,14608.55
P029778,2025-12-31,employed,310,25819.73
P029779,2025-12-31,employed,353,23218.97
P029780,2025-12-31,employed,208,32179.24
P029781,2025-12-31,employed,264,13856.34
P029784,2025-12-31,employed,335,37961.77
P029787,2025-12-31,employed,301,25202.7
P029791,2025-12-31,employed,266,25074.18
P029792,2025-12-31,employed,308,12842.56
P029793,2025-12-31,employed,339,20695.89
P029795,2025-12-31,employed,342,20331.06
P029798,2025-12-31,employed,204,16445.35
P029801,2025-12-31,employed,332,25878.43
P029802,2025-12-31,employed,365,17479.83
P029805,2025-12-31,employed,357,62436.68
P029807,2025-12-31,marginal,160,3049.79
P029811,2025-12-31,employed,248,73787.17
P029819,2025-12-31,employed,305,36558.98
P029820,2025-12-31,employed,247,22155.71
P029821,2025-12-31,self_employed,285,15222.98
P029823,2025-12-31,employed,365,46045.24
P029824,2025-12-31,marginal,117,3611.33
P029830,2025-12-31,employed,295,53400
P029834,2025-12-31,employed,270,57916.49
P029837,2025-12-31,employed,273,42673.44
P029840,2025-12-31,employed,180,25953.19
P029841,2025-12-31,no_record,0,0
P029842,2025-12-31,employed,289,37257.13
P029845,2025-12-31,employed,276,49976.78
P029848,2025-12-31,employed,291,18750.55
P029849,2025-12-31,employed,358,32355.75
P029852,2025-12-31,employed,174,11495.4
P029859,2025-12-31,employed,365,26300.66
P029861,2025-12-31,self_employed,238,8663.63
P029865,2025-12-31,employed,290,16113.43
P029868,2025-12-31,employed,281,35618.11
P029870,2025-12-31,employed,217,35117.29
P029871,2025-12-31,self_employed,293,37174.99
P029876,2025-12-31,self_employed,314,42999.84
P029877,2025-12-31,marginal,53,4831.39
P029880,2025-12-31,employed,342,15995.11
P029881,2025-12-31,employed,304,15089.11
P029883,2025-12-31,employed,244,17035.43
P029885,2025-12-31,employed,365,28870.17
P029888,2025-12-31,employed,266,28025.91
P029891,2025-12-31,employed,243,27873.81
P029894,2025-12-31,employed,360,24087.14
P029897,2025-12-31,employed,292,44868.07
P029898,2025-12-31,employed,326,25992.07
P029899,2025-12-31,marginal,54,6814.17
P029900,2025-12-31,employed,327,55220.74
P029904,2025-12-31,marginal,93,3118.13
P029906,2025-12-31,employed,267,16357.97
P029908,2025-12-31,employed,300,24514.83
P029910,2025-12-31,employed,197,54397.77
P029911,2025-12-31,employed,357,29102.77
P029924,2025-12-31,employed,280,34282.82
P029925,2025-12-31,employed,365,13558.7
P029926,2025-12-31,self_employed,354,28758.48
P029928,2025-12-31,employed,320,53433.36
P029929,2025-12-31,employed,268,23504.02
P029930,2025-12-31,employed,319,32660.93
P029931,2025-12-31,marginal,169,6950.47
P029936,2025-12-31,employed,NA,29680.85
P029938,2025-12-31,employed,327,26844.38
P029939,2025-12-31,employed,287,24776.92
P029946,2025-12-31,employed,294,18582.24
P029947,2025-12-31,employed,250,39061.26
P029948,2025-12-31,employed,275,19562.8
P029952,2025-12-31,employed,297,34674.37
P029953,2025-12-31,employed,245,32217.35
P029957,2025-12-31,self_employed,175,33697.87
P029959,2025-12-31,marginal,114,4922.9
P029960,2025-12-31,employed,365,36464.34
P029961,2025-12-31,employed,365,NA
P029963,2025-12-31,self_employed,365,15639.12
P029964,2025-12-31,marginal,105,1748.4
P029966,2025-12-31,employed,261,35112.73
P029970,2025-12-31,employed,365,12631.7
P029971,2025-12-31,employed,361,24609.98
P029972,2025-12-31,employed,309,34621.34
P029973,2025-12-31,employed,305,40918.05
P029975,2025-12-31,marginal,138,3064.28
P029976,2025-12-31,employed,252,53565.73
P029978,2025-12-31,employed,280,27835.33
P029979,2025-12-31,employed,314,22903.64
P029980,2025-12-31,employed,298,15504.09
P029981,2025-12-31,employed,153,38241.08
P029985,2025-12-31,marginal,53,2759.31
P029986,2025-12-31,marginal,153,8013.36
P029989,2025-12-31,marginal,95,8094.25
P029990,2025-12-31,employed,363,27887.07
P029992,2025-12-31,employed,235,30424.98
P029993,2025-12-31,self_employed,267,21946.8
P029994,2025-12-31,employed,260,31997.9
P029998,2025-12-31,marginal,115,8706.99
P029999,2025-12-31,employed,275,20136.16
P030006,2025-12-31,employed,291,21022.11
P030007,2025-12-31,employed,261,40973.13
P030008,2025-12-31,employed,316,49689.7
P030009,2025-12-31,employed,285,26236.12
P030010,2025-12-31,employed,338,9115.65
P030011,2025-12-31,employed,298,41171.94
P030020,2025-12-31,employed,347,22838.29
P030022,2025-12-31,employed,312,30486.13
P030024,2025-12-31,employed,231,28590.42
P030027,2025-12-31,employed,349,17748.66
P030028,2025-12-31,employed,283,59351
P030029,2025-12-31,marginal,85,4210.04
P030030,2025-12-31,employed,307,48577.57
P030032,2025-12-31,employed,335,23372.5
P030033,2025-12-31,employed,215,14786.12
P030035,2025-12-31,employed,276,14847.03
P030037,2025-12-31,employed,350,20230.69
P030038,2025-12-31,employed,307,15407.6
P030039,2025-12-31,self_employed,215,125093.74
P030043,2025-12-31,employed,234,19345
P030045,2025-12-31,employed,191,26639.71
P030047,2025-12-31,employed,261,21776.39
P030048,2025-12-31,employed,252,46956.35
P030053,2025-12-31,marginal,78,4188.89
P030054,2025-12-31,employed,247,12955.25
P030061,2025-12-31,employed,365,37103
P030062,2025-12-31,employed,312,45097.89
P030063,2025-12-31,self_employed,279,9245
P030066,2025-12-31,no_record,0,0
P030068,2025-12-31,self_employed,111,10275.72
P030070,2025-12-31,no_record,0,0
P030072,2025-12-31,employed,346,21659.12
P030073,2025-12-31,employed,322,58385.95
P030074,2025-12-31,self_employed,268,23151.15
P030075,2025-12-31,employed,206,69780.96
P030077,2025-12-31,employed,272,49096.88
P030078,2025-12-31,employed,308,55926.43
P030082,2025-12-31,marginal,80,3733.17
P030084,2025-12-31,employed,160,16295.45
P030092,2025-12-31,employed,NA,35620.14
P030098,2025-12-31,employed,365,33731.56
P030101,2025-12-31,employed,231,21681.93
P030102,2025-12-31,employed,350,32573.9
P030105,2025-12-31,employed,307,37380.26
P030106,2025-12-31,employed,261,21782.31
P030107,2025-12-31,employed,161,41799.51
P030108,2025-12-31,self_employed,334,68783.47
P030109,2025-12-31,marginal,137,4102.5
P030110,2025-12-31,employed,245,25859.06
P030113,2025-12-31,employed,277,27668.48
P030115,2025-12-31,employed,328,21794.36
P030116,2025-12-31,employed,365,14756.57
P030117,2025-12-31,employed,365,51627.38
P030119,2025-12-31,employed,232,25203.23
P030123,2025-12-31,employed,321,28799.01
P030124,2025-12-31,marginal,87,NA
P030126,2025-12-31,employed,262,23005.59
P030128,2025-12-31,employed,275,49632.87
P030129,2025-12-31,employed,283,72210.74
P030132,2025-12-31,employed,285,34857.31
P030134,2025-12-31,employed,208,22367.78
P030135,2025-12-31,employed,275,35261.16
P030136,2025-12-31,self_employed,98,24915.36
P030142,2025-12-31,employed,334,11973.03
P030146,2025-12-31,employed,311,41942.57
P030147,2025-12-31,employed,222,29905.65
P030151,2025-12-31,employed,290,35478.81
P030152,2025-12-31,employed,278,13113.67
P030154,2025-12-31,marginal,43,6946.97
P030155,2025-12-31,marginal,55,2787.61
P030156,2025-12-31,employed,337,31166.63
P030158,2025-12-31,employed,309,20770.54
P030159,2025-12-31,employed,232,38421.7
P030161,2025-12-31,employed,294,39346.22
P030164,2025-12-31,employed,176,21470.81
P030172,2025-12-31,employed,261,36765.06
P030174,2025-12-31,employed,234,21403.74
P030175,2025-12-31,marginal,73,6362.09
P030179,2025-12-31,employed,221,39772.1
P030182,2025-12-31,employed,225,15161.19
P030184,2025-12-31,self_employed,365,19688.96
P030186,2025-12-31,employed,NA,16150.95
P030189,2025-12-31,no_record,0,0
P030197,2025-12-31,employed,316,45473.15
P030200,2025-12-31,employed,284,19365.4
P030201,2025-12-31,employed,330,33715.37
P030207,2025-12-31,employed,254,36259.62
P030208,2025-12-31,employed,316,34129.89
P030209,2025-12-31,employed,365,21428.81
P030211,2025-12-31,employed,343,15115.83
P030212,2025-12-31,employed,344,50309.61
P030215,2025-12-31,employed,306,54100.38
P030219,2025-12-31,employed,309,20684.24
P030221,2025-12-31,employed,218,22992.53
P030222,2025-12-31,no_record,0,0
P030224,2025-12-31,employed,267,25570.52
P030225,2025-12-31,self_employed,136,22233.5
P030226,2025-12-31,employed,365,50125.77
P030231,2025-12-31,no_record,0,0
P030232,2025-12-31,employed,288,22665.11
P030233,2025-12-31,marginal,102,5990.72
P030234,2025-12-31,employed,295,24310.08
P030236,2025-12-31,marginal,170,4546.28
P030240,2025-12-31,self_employed,330,12337.56
P030241,2025-12-31,marginal,160,4994.31
P030242,2025-12-31,employed,310,33041.48
P030244,2025-12-31,employed,273,32980.8
P030245,2025-12-31,marginal,66,4047.68
P030249,2025-12-31,self_employed,173,23232.19
P030251,2025-12-31,marginal,120,5625.17
P030260,2025-12-31,employed,326,39005.13
P030261,2025-12-31,employed,229,55707.81
P030264,2025-12-31,employed,199,16361.55
P030266,2025-12-31,self_employed,251,27934.78
P030271,2025-12-31,marginal,58,3142.93
P030273,2025-12-31,employed,359,21105.54
P030275,2025-12-31,marginal,129,7775.12
P030277,2025-12-31,employed,243,28770.42
P030279,2025-12-31,self_employed,192,19785.83
P030289,2025-12-31,employed,286,22270.4
P030291,2025-12-31,employed,308,20216.2
P030292,2025-12-31,marginal,133,3450.39
P030293,2025-12-31,employed,239,51266.49
P030296,2025-12-31,self_employed,268,48558.4
P030298,2025-12-31,employed,298,19623.04
P030299,2025-12-31,employed,284,24675.9
P030300,2025-12-31,employed,290,25583.39
P030304,2025-12-31,employed,199,15069.47
P030305,2025-12-31,self_employed,277,16028.35
P030306,2025-12-31,employed,360,22505.99
P030307,2025-12-31,employed,365,28161.79
P030308,2025-12-31,employed,245,30281.91
P030311,2025-12-31,employed,306,24924.95
P030315,2025-12-31,employed,238,34214.27
P030316,2025-12-31,self_employed,252,46684.4
P030318,2025-12-31,employed,227,18128.36
P030321,2025-12-31,self_employed,365,33116.78
P030325,2025-12-31,marginal,76,NA
P030326,2025-12-31,employed,283,22937.42
P030327,2025-12-31,employed,251,29242.35
P030330,2025-12-31,employed,260,53548.91
P030333,2025-12-31,employed,325,33439.25
P030336,2025-12-31,employed,304,13759.73
P030342,2025-12-31,employed,365,23565.6
P030343,2025-12-31,employed,296,77805.55
P030344,2025-12-31,employed,168,39990.3
P030345,2025-12-31,marginal,83,3605.27
P030347,2025-12-31,employed,323,40961.69
P030349,2025-12-31,self_employed,121,53125.5
P030352,2025-12-31,employed,171,13640.3
P030353,2025-12-31,employed,237,23760.75
P030354,2025-12-31,employed,290,35469.52
P030356,2025-12-31,employed,280,26786.55
P030358,2025-12-31,employed,320,18718.97
P030359,2025-12-31,employed,245,16092.87
P030361,2025-12-31,no_record,0,0
P030362,2025-12-31,marginal,140,5984.8
P030363,2025-12-31,employed,265,69688.38
P030367,2025-12-31,marginal,141,2225.3
P030368,2025-12-31,employed,268,25947.08
P030370,2025-12-31,employed,289,21734.91
P030372,2025-12-31,employed,304,48210.14
P030373,2025-12-31,marginal,176,4825.71
P030377,2025-12-31,employed,259,51208.85
P030379,2025-12-31,employed,269,28671
P030380,2025-12-31,marginal,174,3098.86
P030381,2025-12-31,marginal,82,2520.25
P030382,2025-12-31,employed,365,26434.09
P030388,2025-12-31,employed,211,30612.34
P030391,2025-12-31,employed,280,28126.64
P030392,2025-12-31,employed,179,62417.92
P030393,2025-12-31,employed,302,20013.2
P030394,2025-12-31,employed,274,21402.45
P030396,2025-12-31,marginal,83,7118.12
P030398,2025-12-31,employed,346,57357.16
P030403,2025-12-31,employed,321,17211.68
P030404,2025-12-31,employed,344,9408.46
P030406,2025-12-31,employed,194,26476.31
P030408,2025-12-31,employed,173,15377.98
P030411,2025-12-31,employed,316,33760.98
P030412,2025-12-31,employed,301,31024.21
P030415,2025-12-31,marginal,132,2863.01
P030417,2025-12-31,employed,293,35485.82
P030419,2025-12-31,employed,283,37338.51
P030424,2025-12-31,employed,323,65206.49
P030425,2025-12-31,marginal,102,4002.06
P030427,2025-12-31,employed,224,42247.28
P030429,2025-12-31,employed,306,23280.46
P030430,2025-12-31,employed,262,24597.84
P030431,2025-12-31,employed,365,24180.83
P030432,2025-12-31,employed,300,22976.54
P030434,2025-12-31,self_employed,365,40122.02
P030436,2025-12-31,employed,265,42858.46
P030438,2025-12-31,marginal,46,4425.11
P030446,2025-12-31,employed,303,23977.35
P030449,2025-12-31,employed,253,46089.4
P030451,2025-12-31,employed,201,16242.53
P030454,2025-12-31,employed,264,15882.33
P030458,2025-12-31,employed,365,35763.88
P030459,2025-12-31,employed,227,20937.05
P030462,2025-12-31,employed,284,32933.05
P030463,2025-12-31,employed,192,42862.53
P030469,2025-12-31,employed,285,17181.24
P030472,2025-12-31,employed,365,27072.48
P030475,2025-12-31,employed,295,22848.77
P030476,2025-12-31,self_employed,279,18011.48
P030479,2025-12-31,employed,331,24072.98
P030480,2025-12-31,employed,249,26414.02
P030483,2025-12-31,employed,265,35148.96
P030486,2025-12-31,employed,365,29215.46
P030488,2025-12-31,employed,225,55103.17
P030490,2025-12-31,employed,261,32432.29
P030493,2025-12-31,employed,258,11739.96
P030498,2025-12-31,employed,362,37500.61
P030499,2025-12-31,self_employed,235,13037.01
P030500,2025-12-31,employed,NA,12946.83
P030505,2025-12-31,employed,301,34336.25
P030506,2025-12-31,employed,187,18445.26
P030511,2025-12-31,employed,365,34954.98
P030512,2025-12-31,employed,315,11493.75
P030514,2025-12-31,employed,194,16101.02
P030517,2025-12-31,employed,255,21685.14
P030518,2025-12-31,employed,276,25728.08
P030522,2025-12-31,employed,267,45970.48
P030527,2025-12-31,self_employed,205,48749.72
P030529,2025-12-31,employed,289,19966.09
P030530,2025-12-31,employed,321,9596.79
P030532,2025-12-31,employed,153,29655.3
P030533,2025-12-31,employed,365,13848.73
P030537,2025-12-31,employed,270,32058.12
P030538,2025-12-31,employed,306,72615.53
P030539,2025-12-31,self_employed,251,6654.09
P030542,2025-12-31,employed,283,32403.45
P030547,2025-12-31,marginal,95,7516.74
P030548,2025-12-31,employed,263,21557.29
P030550,2025-12-31,employed,226,18761.32
P030551,2025-12-31,employed,263,31750.45
P030552,2025-12-31,self_employed,344,18859.43
P030553,2025-12-31,employed,257,43558.3
P030555,2025-12-31,employed,201,22862.59
P030556,2025-12-31,employed,278,42559.26
P030559,2025-12-31,employed,130,27637.46
P030560,2025-12-31,employed,365,13490.09
P030561,2025-12-31,employed,362,52596.46
P030562,2025-12-31,employed,356,29106.12
P030564,2025-12-31,marginal,155,1832.29
P030565,2025-12-31,employed,365,29394.46
P030568,2025-12-31,employed,359,15555.03
P030571,2025-12-31,self_employed,220,27393
P030574,2025-12-31,employed,331,38778.26
P030575,2025-12-31,employed,364,22333.72
P030576,2025-12-31,employed,265,30279.97
P030578,2025-12-31,self_employed,341,23446.9
P030579,2025-12-31,employed,365,28023.91
P030580,2025-12-31,employed,330,20448.1
P030582,2025-12-31,employed,281,21069.39
P030583,2025-12-31,employed,257,68512.5
P030586,2025-12-31,employed,265,56098.68
P030588,2025-12-31,employed,225,28686.09
P030590,2025-12-31,employed,228,19549.64
P030592,2025-12-31,employed,294,34261.03
P030594,2025-12-31,employed,328,47178.55
P030596,2025-12-31,employed,365,29185.74
P030598,2025-12-31,employed,199,18925.58
P030604,2025-12-31,employed,321,20767.61
P030606,2025-12-31,employed,266,21150.65
P030610,2025-12-31,employed,285,12782.66
P030611,2025-12-31,marginal,122,6275.9
P030613,2025-12-31,marginal,125,2184.17
P030618,2025-12-31,employed,331,28119.24
P030620,2025-12-31,marginal,105,4959.76
P030621,2025-12-31,marginal,97,5963.82
P030622,2025-12-31,employed,313,28402.84
P030623,2025-12-31,employed,343,41800.89
P030624,2025-12-31,marginal,72,5313.4
P030628,2025-12-31,employed,295,52570.65
P030629,2025-12-31,self_employed,154,15525.93
P030630,2025-12-31,employed,237,23279.23
P030631,2025-12-31,marginal,199,5340.31
P030632,2025-12-31,marginal,84,3415.53
P030635,2025-12-31,employed,291,24573.49
P030640,2025-12-31,employed,281,38595.97
P030642,2025-12-31,employed,203,17676.18
P030645,2025-12-31,employed,256,34600.68
P030649,2025-12-31,self_employed,275,15752.31
P030650,2025-12-31,employed,87,47893.87
P030651,2025-12-31,employed,334,41587.21
P030652,2025-12-31,employed,301,15499.39
P030653,2025-12-31,employed,292,68338.9
P030655,2025-12-31,employed,365,12237.91
P030657,2025-12-31,employed,228,27618.71
P030664,2025-12-31,employed,274,21730.29
P030665,2025-12-31,marginal,128,6801.32
P030667,2025-12-31,employed,267,25087.46
P030670,2025-12-31,marginal,95,5965.53
P030675,2025-12-31,employed,365,16477.04
P030679,2025-12-31,employed,283,36582.8
P030684,2025-12-31,employed,298,57147.84
P030685,2025-12-31,employed,268,6975.35
P030686,2025-12-31,marginal,133,5065.28
P030688,2025-12-31,employed,296,23884.32
P030689,2025-12-31,employed,157,40151.59
P030692,2025-12-31,self_employed,289,35571.37
P030697,2025-12-31,marginal,81,2993.22
P030698,2025-12-31,employed,353,22621.93
P030703,2025-12-31,employed,297,31776.26
P030707,2025-12-31,employed,345,17252.8
P030712,2025-12-31,employed,311,22315.38
P030715,2025-12-31,marginal,99,6512.56
P030716,2025-12-31,employed,342,36258.56
P030718,2025-12-31,self_employed,265,12385.82
P030721,2025-12-31,employed,232,16202.71
P030723,2025-12-31,employed,297,34084.73
P030726,2025-12-31,employed,279,38896.28
P030727,2025-12-31,employed,239,11910.63
P030730,2025-12-31,self_employed,134,11022.46
P030732,2025-12-31,employed,189,14797.67
P030734,2025-12-31,employed,326,17688.7
P030735,2025-12-31,self_employed,208,31979.75
P030736,2025-12-31,employed,330,23238.87
P030737,2025-12-31,self_employed,187,6411.26
P030738,2025-12-31,self_employed,240,9595.73
P030739,2025-12-31,employed,311,16090.93
P030740,2025-12-31,employed,249,24341.25
P030744,2025-12-31,employed,310,19158.1
P030746,2025-12-31,employed,146,20547.09
P030747,2025-12-31,marginal,126,3111.32
P030750,2025-12-31,marginal,99,5475.39
P030752,2025-12-31,employed,244,23516.97
P030757,2025-12-31,employed,270,24885.12
P030759,2025-12-31,employed,365,38576.92
P030761,2025-12-31,employed,252,27944.81
P030765,2025-12-31,employed,272,28909.6
P030767,2025-12-31,employed,365,12510.67
P030768,2025-12-31,employed,299,26822.28
P030772,2025-12-31,employed,299,33234.1
P030775,2025-12-31,employed,270,17562
P030781,2025-12-31,employed,259,15239.07
P030782,2025-12-31,marginal,118,4317.86
P030785,2025-12-31,employed,305,13640.52
P030789,2025-12-31,employed,365,25887.19
P030791,2025-12-31,employed,334,27657.86
P030793,2025-12-31,employed,365,10168.3
P030795,2025-12-31,self_employed,162,11529.37
P030796,2025-12-31,employed,258,26978.98
P030799,2025-12-31,self_employed,237,7700.9
P030800,2025-12-31,employed,338,18033.48
P030802,2025-12-31,employed,365,20398.2
P030805,2025-12-31,self_employed,235,31482.81
P030806,2025-12-31,employed,349,11548.26
P030808,2025-12-31,employed,235,22370.9
P030809,2025-12-31,self_employed,303,49554.04
P030810,2025-12-31,employed,NA,34434.44
P030812,2025-12-31,employed,350,19642.42
P030813,2025-12-31,employed,214,12988.83
P030814,2025-12-31,employed,292,63069.66
P030816,2025-12-31,employed,283,41126.4
P030818,2025-12-31,employed,311,46403.6
P030821,2025-12-31,employed,304,26645.49
P030822,2025-12-31,employed,364,NA
P030823,2025-12-31,employed,278,29951.57
P030824,2025-12-31,employed,330,18649.56
P030827,2025-12-31,employed,264,40466.68
P030828,2025-12-31,employed,187,25866.1
P030831,2025-12-31,employed,309,14588.56
P030833,2025-12-31,employed,237,42208.22
P030835,2025-12-31,employed,227,21269.74
P030840,2025-12-31,employed,263,31434.57
P030844,2025-12-31,employed,365,22777
P030846,2025-12-31,employed,246,34600.17
P030848,2025-12-31,employed,258,NA
P030850,2025-12-31,employed,365,32263.3
P030851,2025-12-31,self_employed,361,35289.24
P030853,2025-12-31,marginal,70,3703.19
P030854,2025-12-31,no_record,0,0
P030859,2025-12-31,self_employed,201,15906.67
P030860,2025-12-31,employed,337,27929.57
P030861,2025-12-31,employed,293,29584.62
P030862,2025-12-31,employed,363,14674.34
P030867,2025-12-31,employed,237,22024.81
P030868,2025-12-31,employed,200,34106.45
P030870,2025-12-31,employed,365,29358.39
P030871,2025-12-31,employed,311,27056.41
P030873,2025-12-31,employed,208,17057.5
P030874,2025-12-31,employed,329,20810.72
P030875,2025-12-31,employed,179,20871.14
P030876,2025-12-31,employed,274,27703.73
P030877,2025-12-31,no_record,0,0
P030879,2025-12-31,employed,317,13141
P030884,2025-12-31,employed,312,19815.57
P030886,2025-12-31,employed,267,28075.21
P030887,2025-12-31,employed,365,13588.86
P030891,2025-12-31,employed,284,32527.33
P030894,2025-12-31,no_record,0,0
P030896,2025-12-31,employed,335,21558.02
P030898,2025-12-31,employed,175,31675.53
P030899,2025-12-31,employed,308,33189.91
P030900,2025-12-31,employed,282,15847.01
P030903,2025-12-31,employed,365,11360.42
P030904,2025-12-31,marginal,71,7542.17
P030905,2025-12-31,employed,365,17979.26
P030906,2025-12-31,marginal,44,4056.44
P030907,2025-12-31,marginal,105,5247.67
P030911,2025-12-31,employed,231,17544.55
P030914,2025-12-31,employed,315,29089.12
P030915,2025-12-31,employed,281,24611.19
P030916,2025-12-31,employed,230,18337.86
P030918,2025-12-31,employed,346,24643.25
P030919,2025-12-31,employed,361,33639.45
P030921,2025-12-31,employed,269,14659.86
P030924,2025-12-31,marginal,88,5552.62
P030928,2025-12-31,employed,365,45488.23
P030930,2025-12-31,employed,258,71862.41
P030933,2025-12-31,employed,353,42614.67
P030935,2025-12-31,employed,291,27715.3
P030936,2025-12-31,marginal,44,3319.69
P030937,2025-12-31,employed,365,24934
P030938,2025-12-31,employed,305,46060.72
P030939,2025-12-31,employed,227,25930.02
P030940,2025-12-31,employed,365,8593.33
P030945,2025-12-31,employed,269,35775.27
P030946,2025-12-31,employed,326,32862.01
P030949,2025-12-31,marginal,73,8035.79
P030954,2025-12-31,employed,303,25344.85
P030956,2025-12-31,self_employed,323,21437.96
P030959,2025-12-31,employed,341,28776.35
P030960,2025-12-31,employed,260,19578.77
P030963,2025-12-31,employed,269,31008.04
P030967,2025-12-31,no_record,0,0
P030971,2025-12-31,employed,273,24799.67
P030973,2025-12-31,employed,236,55000.86
P030975,2025-12-31,self_employed,314,20868.91
P030976,2025-12-31,employed,353,21522.28
P030977,2025-12-31,marginal,119,4422.14
P030983,2025-12-31,marginal,134,4824.59
P030984,2025-12-31,employed,245,22074.37
P030987,2025-12-31,employed,260,15018.31
P030989,2025-12-31,employed,365,41616.04
P030993,2025-12-31,employed,224,41496.9
P030995,2025-12-31,marginal,85,3681.81
P030996,2025-12-31,employed,345,21567.28
P030998,2025-12-31,employed,264,45047.43
P031001,2025-12-31,employed,306,21783.81
P031002,2025-12-31,marginal,168,2655.33
P031006,2025-12-31,employed,317,37676.98
P031009,2025-12-31,employed,222,12557.12
P031011,2025-12-31,employed,365,30575.91
P031012,2025-12-31,employed,276,32871.31
P031013,2025-12-31,employed,187,33904.02
P031015,2025-12-31,marginal,107,6197.61
P031018,2025-12-31,employed,228,26445.55
P031019,2025-12-31,employed,228,43613.47
P031020,2025-12-31,employed,322,47303.8
P031022,2025-12-31,employed,318,23310.01
P031023,2025-12-31,employed,258,18167.41
P031024,2025-12-31,employed,281,24942.8
P031026,2025-12-31,employed,329,36840.13
P031027,2025-12-31,marginal,122,6279.11
P031029,2025-12-31,marginal,129,7256.56
P031033,2025-12-31,employed,347,23519.28
P031035,2025-12-31,employed,271,34098.12
P031038,2025-12-31,employed,365,53579.71
P031039,2025-12-31,employed,242,32446.73
P031045,2025-12-31,employed,365,24691.76
P031047,2025-12-31,employed,294,56360.15
P031048,2025-12-31,employed,330,20444.14
P031050,2025-12-31,employed,224,26624.23
P031052,2025-12-31,employed,243,15207.89
P031054,2025-12-31,employed,215,30995.89
P031056,2025-12-31,employed,205,28377.16
P031058,2025-12-31,employed,324,34954.05
P031059,2025-12-31,employed,268,49319.81
P031060,2025-12-31,marginal,130,5707.82
P031061,2025-12-31,employed,346,22685.11
P031062,2025-12-31,employed,365,11423.66
P031064,2025-12-31,employed,338,47692.27
P031065,2025-12-31,employed,222,35983.74
P031067,2025-12-31,employed,338,16312.86
P031068,2025-12-31,employed,317,36290.72
P031070,2025-12-31,employed,365,36240.85
P031071,2025-12-31,marginal,49,6613.8
P031074,2025-12-31,employed,231,17533.84
P031083,2025-12-31,employed,161,31624.93
P031086,2025-12-31,marginal,64,4286.19
P031090,2025-12-31,employed,256,56857.16
P031095,2025-12-31,employed,271,18234.78
P031097,2025-12-31,employed,365,13061.51
P031098,2025-12-31,employed,155,37682.85
P031099,2025-12-31,employed,183,28680.08
P031101,2025-12-31,self_employed,288,7279.7
P031105,2025-12-31,marginal,99,6223.35
P031110,2025-12-31,employed,269,43981.48
P031113,2025-12-31,self_employed,175,27767.05
P031114,2025-12-31,self_employed,239,15881.3
P031115,2025-12-31,self_employed,297,42679.37
P031117,2025-12-31,employed,195,35285.31
P031119,2025-12-31,employed,365,12121.5
P031122,2025-12-31,employed,334,31723.98
P031125,2025-12-31,employed,244,10811.58
P031130,2025-12-31,marginal,61,2004.78
P031131,2025-12-31,employed,217,17116.11
P031133,2025-12-31,employed,255,34457.86
P031135,2025-12-31,employed,275,26806.9
P031136,2025-12-31,employed,204,11864.21
P031137,2025-12-31,self_employed,146,11779.13
P031139,2025-12-31,employed,136,25971.99
P031146,2025-12-31,employed,201,48100.22
P031153,2025-12-31,employed,327,13563.74
P031155,2025-12-31,employed,283,15693.97
P031158,2025-12-31,employed,273,27431.46
P031159,2025-12-31,no_record,0,0
P031160,2025-12-31,employed,241,43189.06
P031161,2025-12-31,employed,277,61967.79
P031166,2025-12-31,employed,362,21597.14
P031167,2025-12-31,employed,285,26086.39
P031168,2025-12-31,employed,NA,21767.91
P031171,2025-12-31,employed,259,19449.18
P031177,2025-12-31,self_employed,365,6088.02
P031180,2025-12-31,employed,365,61919.06
P031181,2025-12-31,self_employed,157,5774.68
P031183,2025-12-31,employed,220,28984.03
P031186,2025-12-31,employed,365,25134.93
P031188,2025-12-31,employed,304,34747.32
P031189,2025-12-31,self_employed,317,57975.23
P031190,2025-12-31,employed,258,21954.85
P031191,2025-12-31,marginal,128,7006.72
P031192,2025-12-31,employed,365,22493.28
P031193,2025-12-31,employed,314,38728.11
P031198,2025-12-31,employed,NA,28647.78
P031199,2025-12-31,marginal,39,NA
P031200,2025-12-31,employed,365,29651.43
P031202,2025-12-31,employed,288,18211.53
P031203,2025-12-31,employed,304,37463.58
P031205,2025-12-31,employed,326,24204.57
P031209,2025-12-31,employed,327,19542.34
P031210,2025-12-31,employed,285,36714.77
P031212,2025-12-31,no_record,0,0
P031217,2025-12-31,employed,259,14353.66
P031218,2025-12-31,marginal,85,4338.92
P031219,2025-12-31,employed,214,19161.3
P031221,2025-12-31,employed,215,24801.53
P031222,2025-12-31,no_record,0,0
P031223,2025-12-31,employed,197,31376.66
P031224,2025-12-31,employed,334,23346.08
P031225,2025-12-31,no_record,0,0
P031227,2025-12-31,employed,297,30503.1
P031230,2025-12-31,employed,325,26624.57
P031234,2025-12-31,marginal,98,5470.86
P031237,2025-12-31,employed,301,31244.81
P031238,2025-12-31,marginal,108,4384.34
P031241,2025-12-31,marginal,102,6059.06
P031242,2025-12-31,marginal,47,7407.42
P031247,2025-12-31,employed,329,33434.76
P031248,2025-12-31,employed,216,26791.26
P031252,2025-12-31,employed,212,39597.99
P031253,2025-12-31,employed,206,53220.1
P031254,2025-12-31,employed,356,34068.06
P031255,2025-12-31,employed,284,12980.14
P031257,2025-12-31,employed,156,NA
P031261,2025-12-31,employed,247,43709.34
P031263,2025-12-31,employed,272,25460.76
P031266,2025-12-31,employed,244,69977.89
P031267,2025-12-31,employed,365,20090.39
P031270,2025-12-31,employed,171,27144.54
P031271,2025-12-31,self_employed,308,30913.57
P031272,2025-12-31,employed,341,14910.77
P031274,2025-12-31,employed,322,32468.95
P031276,2025-12-31,employed,291,48028.67
P031278,2025-12-31,marginal,121,2376.64
P031280,2025-12-31,employed,339,30710.69
P031285,2025-12-31,self_employed,191,23923.54
P031287,2025-12-31,employed,250,18366.86
P031289,2025-12-31,employed,321,23582.54
P031291,2025-12-31,employed,348,24061.25
P031297,2025-12-31,employed,NA,27309.13
P031299,2025-12-31,employed,242,24977.87
P031303,2025-12-31,marginal,97,5439.33
P031304,2025-12-31,employed,297,16717.37
P031305,2025-12-31,marginal,169,5311.35
P031308,2025-12-31,employed,235,42717.74
P031309,2025-12-31,employed,331,27947.71
P031312,2025-12-31,marginal,70,4376.23
P031313,2025-12-31,employed,216,15623.56
P031314,2025-12-31,employed,331,32760.64
P031315,2025-12-31,employed,267,36992.71
P031316,2025-12-31,employed,291,46509.73
P031318,2025-12-31,employed,180,24210.42
P031321,2025-12-31,employed,272,23134.52
P031325,2025-12-31,employed,301,13940.02
P031326,2025-12-31,employed,288,27966.06
P031329,2025-12-31,employed,274,31000.31
P031334,2025-12-31,employed,182,15699.69
P031335,2025-12-31,employed,364,19433.57
P031337,2025-12-31,employed,230,70497.35
P031339,2025-12-31,employed,359,16860.8
P031340,2025-12-31,marginal,81,5396.24
P031345,2025-12-31,marginal,71,3952.24
P031346,2025-12-31,employed,304,16859.66
P031347,2025-12-31,employed,365,56628.2
P031352,2025-12-31,employed,225,14449.62
P031354,2025-12-31,employed,320,18063.31
P031355,2025-12-31,marginal,49,2840.95
P031356,2025-12-31,self_employed,208,49291.19
P031357,2025-12-31,employed,292,14240.25
P031360,2025-12-31,employed,312,34440.73
P031361,2025-12-31,employed,365,28663.35
P031362,2025-12-31,employed,214,13640.8
P031371,2025-12-31,employed,220,16748.72
P031372,2025-12-31,employed,245,40048.21
P031374,2025-12-31,self_employed,316,55095.56
P031381,2025-12-31,employed,334,NA
P031382,2025-12-31,employed,208,19649.97
P031383,2025-12-31,employed,365,25563.69
P031386,2025-12-31,no_record,0,0
P031387,2025-12-31,self_employed,169,5934.29
P031389,2025-12-31,employed,262,28253.78
P031391,2025-12-31,employed,329,19567.57
P031392,2025-12-31,employed,315,13603.13
P031393,2025-12-31,employed,326,29103.36
P031397,2025-12-31,employed,340,34562.45
P031401,2025-12-31,employed,182,15536.54
P031402,2025-12-31,employed,226,23519.3
P031403,2025-12-31,employed,262,15986.87
P031405,2025-12-31,employed,365,23902.09
P031406,2025-12-31,employed,365,21422.78
P031408,2025-12-31,employed,365,31473.31
P031409,2025-12-31,employed,365,25506.32
P031411,2025-12-31,employed,278,18653.01
P031412,2025-12-31,employed,337,34863.83
P031414,2025-12-31,employed,317,16489.08
P031417,2025-12-31,employed,279,19084.62
P031418,2025-12-31,employed,231,42226.8
P031421,2025-12-31,employed,306,21126.32
P031425,2025-12-31,employed,308,83377.36
P031428,2025-12-31,employed,349,75186.42
P031429,2025-12-31,employed,282,19470.68
P031430,2025-12-31,employed,251,26529.84
P031431,2025-12-31,employed,285,21817.44
P031432,2025-12-31,employed,243,36995.13
P031434,2025-12-31,employed,207,32218.39
P031436,2025-12-31,marginal,180,5445.89
P031443,2025-12-31,employed,165,20779.47
P031444,2025-12-31,employed,177,33689.67
P031445,2025-12-31,self_employed,291,12494.2
P031446,2025-12-31,marginal,91,6613.07
P031449,2025-12-31,marginal,148,2905.34
P031450,2025-12-31,employed,329,14911.8
P031451,2025-12-31,employed,293,30186.96
P031452,2025-12-31,marginal,157,3156.38
P031453,2025-12-31,employed,228,35358.99
P031454,2025-12-31,employed,239,75763.69
P031456,2025-12-31,self_employed,365,4830.09
P031457,2025-12-31,employed,263,56108.32
P031460,2025-12-31,employed,317,32568.75
P031461,2025-12-31,employed,204,16299.85
P031462,2025-12-31,self_employed,150,34300.2
P031464,2025-12-31,employed,236,29863.61
P031465,2025-12-31,employed,350,23738.71
P031466,2025-12-31,self_employed,253,13368.56
P031468,2025-12-31,employed,306,27120.01
P031471,2025-12-31,employed,240,25542.81
P031472,2025-12-31,employed,278,17730.5
P031473,2025-12-31,employed,252,37170.38
P031474,2025-12-31,marginal,67,6002.36
P031475,2025-12-31,employed,345,15859.26
P031479,2025-12-31,employed,280,15152.49
P031481,2025-12-31,employed,337,13181.8
P031484,2025-12-31,employed,269,21731.24
P031485,2025-12-31,employed,255,50467.53
P031486,2025-12-31,employed,145,9256.61
P031488,2025-12-31,employed,324,48739.44
P031492,2025-12-31,employed,337,27996.34
P031493,2025-12-31,employed,283,25309.39
P031499,2025-12-31,employed,365,30927.32
P031500,2025-12-31,employed,213,8678.9
P031504,2025-12-31,self_employed,150,13649.42
P031507,2025-12-31,employed,278,39824.61
P031508,2025-12-31,employed,303,18656.63
P031509,2025-12-31,employed,282,15661.34
P031513,2025-12-31,marginal,208,6614.75
P031517,2025-12-31,employed,254,38882.75
P031518,2025-12-31,employed,230,29392.8
P031519,2025-12-31,employed,242,67691.08
P031521,2025-12-31,self_employed,318,33194.82
P031522,2025-12-31,employed,154,30465.24
P031523,2025-12-31,employed,328,25435.06
P031526,2025-12-31,employed,290,19443.81
P031527,2025-12-31,employed,NA,18995.01
P031528,2025-12-31,no_record,0,0
P031531,2025-12-31,marginal,106,4152.7
P031532,2025-12-31,marginal,94,9224.03
P031534,2025-12-31,employed,314,68001.67
P031536,2025-12-31,self_employed,365,23220.41
P031538,2025-12-31,employed,219,22052.99
P031542,2025-12-31,marginal,48,4648.48
P031546,2025-12-31,employed,332,33387.36
P031547,2025-12-31,employed,335,19025.52
P031549,2025-12-31,employed,305,32765.44
P031552,2025-12-31,employed,365,23543.21
P031553,2025-12-31,employed,293,18471.36
P031554,2025-12-31,employed,365,15871.92
P031556,2025-12-31,employed,356,26103.92
P031557,2025-12-31,employed,182,23113.22
P031558,2025-12-31,employed,258,22476.38
P031562,2025-12-31,employed,292,NA
P031564,2025-12-31,marginal,124,3512.76
P031567,2025-12-31,marginal,116,5821.59
P031568,2025-12-31,employed,360,57034.28
P031570,2025-12-31,employed,211,9814.48
P031571,2025-12-31,self_employed,91,12236.76
P031573,2025-12-31,employed,250,62778.42
P031574,2025-12-31,employed,223,44159.38
P031577,2025-12-31,employed,278,28139.2
P031579,2025-12-31,employed,313,28154
P031583,2025-12-31,self_employed,293,12735.41
P031584,2025-12-31,employed,284,30473.91
P031585,2025-12-31,employed,269,27012.69
P031590,2025-12-31,employed,365,19005.65
P031591,2025-12-31,employed,203,15100.75
P031592,2025-12-31,employed,313,15570.27
P031595,2025-12-31,employed,337,26411.48
P031597,2025-12-31,employed,262,16966.62
P031601,2025-12-31,self_employed,298,85559.5
P031605,2025-12-31,employed,365,38034.93
P031607,2025-12-31,employed,365,46711.16
P031611,2025-12-31,employed,365,28924.02
P031613,2025-12-31,marginal,53,3600.71
P031616,2025-12-31,employed,344,23675.56
P031617,2025-12-31,employed,294,35417.22
P031619,2025-12-31,self_employed,178,NA
P031623,2025-12-31,no_record,0,0
P031627,2025-12-31,self_employed,239,37461.76
P031628,2025-12-31,employed,351,35417.58
P031631,2025-12-31,employed,292,20886.4
P031632,2025-12-31,employed,99,25524.47
P031634,2025-12-31,employed,251,28628.54
P031637,2025-12-31,employed,319,10548.19
P031639,2025-12-31,employed,197,16951.84
P031642,2025-12-31,no_record,0,0
P031644,2025-12-31,employed,282,17001.63
P031647,2025-12-31,employed,216,21736.7
P031651,2025-12-31,employed,365,22809.24
P031652,2025-12-31,marginal,173,6441.45
P031655,2025-12-31,employed,265,27130.32
P031657,2025-12-31,employed,199,17507.56
P031659,2025-12-31,employed,257,22739.01
P031663,2025-12-31,employed,327,27655.66
P031665,2025-12-31,employed,278,49472.78
P031667,2025-12-31,marginal,124,7435.62
P031669,2025-12-31,employed,216,22109.49
P031670,2025-12-31,employed,349,44444.57
P031674,2025-12-31,employed,314,24324.51
P031679,2025-12-31,employed,318,15971.3
P031681,2025-12-31,employed,325,14698.2
P031683,2025-12-31,employed,254,20452.58
P031689,2025-12-31,employed,333,24476.61
P031692,2025-12-31,marginal,104,6040.83
P031698,2025-12-31,no_record,0,0
P031699,2025-12-31,marginal,151,5406.02
P031705,2025-12-31,employed,346,32559.56
P031707,2025-12-31,employed,189,32997.37
P031708,2025-12-31,employed,365,33897.33
P031711,2025-12-31,employed,299,22525.53
P031712,2025-12-31,employed,306,53475.54
P031713,2025-12-31,employed,216,29033.13
P031714,2025-12-31,employed,309,31408.65
P031715,2025-12-31,employed,308,27614.75
P031717,2025-12-31,employed,237,24648.58
P031719,2025-12-31,employed,250,17899.17
P031722,2025-12-31,employed,200,34766.28
P031724,2025-12-31,employed,281,32095.43
P031726,2025-12-31,employed,309,36979.14
P031734,2025-12-31,employed,217,30786.07
P031736,2025-12-31,employed,260,28425.21
P031737,2025-12-31,employed,306,28105.04
P031741,2025-12-31,employed,177,15189.5
P031742,2025-12-31,employed,356,11508.67
P031744,2025-12-31,employed,244,48693.35
P031745,2025-12-31,employed,221,32606.85
P031748,2025-12-31,self_employed,210,14980.91
P031749,2025-12-31,employed,298,35561.11
P031750,2025-12-31,employed,282,44149.57
P031751,2025-12-31,employed,365,27983.67
P031752,2025-12-31,no_record,0,0
P031755,2025-12-31,employed,343,37060.48
P031756,2025-12-31,employed,341,17257.11
P031757,2025-12-31,employed,223,43627.13
P031758,2025-12-31,employed,NA,29840.11
P031760,2025-12-31,employed,317,17327.94
P031761,2025-12-31,self_employed,240,10302.11
P031763,2025-12-31,employed,365,9525.92
P031765,2025-12-31,employed,247,18333.72
P031768,2025-12-31,self_employed,353,36297.36
P031770,2025-12-31,marginal,162,3218.4
P031772,2025-12-31,employed,246,41527.87
P031777,2025-12-31,marginal,43,4129.2
P031779,2025-12-31,employed,293,20664.25
P031781,2025-12-31,employed,291,19791.6
P031784,2025-12-31,employed,301,30357.38
P031786,2025-12-31,employed,118,23087.5
P031788,2025-12-31,employed,265,53799.67
P031789,2025-12-31,employed,365,21129.86
P031790,2025-12-31,employed,249,19305.88
P031792,2025-12-31,employed,286,17874.96
P031793,2025-12-31,employed,108,55512.52
P031794,2025-12-31,employed,365,48124.23
P031797,2025-12-31,self_employed,365,20767.61
P031798,2025-12-31,self_employed,365,33026.04
P031799,2025-12-31,employed,269,26658.84
P031800,2025-12-31,employed,207,33437.96
P031802,2025-12-31,employed,363,24733.94
P031803,2025-12-31,employed,365,31010.44
P031805,2025-12-31,employed,247,24049.59
P031806,2025-12-31,marginal,159,3582.28
P031808,2025-12-31,employed,301,15782.73
P031811,2025-12-31,employed,266,24398.6
P031812,2025-12-31,marginal,83,4120.84
P031815,2025-12-31,employed,241,18951.21
P031816,2025-12-31,employed,307,25907.97
P031819,2025-12-31,employed,365,34249.48
P031822,2025-12-31,marginal,104,3880.77
P031826,2025-12-31,no_record,0,0
P031828,2025-12-31,employed,257,26514.5
P031829,2025-12-31,no_record,0,0
P031830,2025-12-31,employed,318,54421.53
P031834,2025-12-31,marginal,132,4394.07
P031835,2025-12-31,employed,318,21065.75
P031840,2025-12-31,employed,264,29214.51
P031844,2025-12-31,employed,349,38154.65
P031846,2025-12-31,employed,245,42086.63
P031849,2025-12-31,employed,340,26600.1
P031850,2025-12-31,employed,268,10735.58
P031851,2025-12-31,employed,227,15292.66
P031853,2025-12-31,employed,283,13454.61
P031857,2025-12-31,employed,319,23170.64
P031858,2025-12-31,self_employed,169,12132.5
P031860,2025-12-31,self_employed,200,28440.27
P031862,2025-12-31,employed,359,72336.13
P031863,2025-12-31,employed,275,67147.62
P031864,2025-12-31,employed,NA,62019.57
P031866,2025-12-31,marginal,69,3970.48
P031867,2025-12-31,employed,263,21877.8
P031869,2025-12-31,employed,349,24026.59
P031875,2025-12-31,employed,146,54251.18
P031876,2025-12-31,marginal,118,9662.68
P031877,2025-12-31,no_record,0,0
P031878,2025-12-31,employed,326,15540.06
P031881,2025-12-31,employed,334,12877.96
P031886,2025-12-31,employed,365,46464.69
P031888,2025-12-31,employed,251,41149.82
P031890,2025-12-31,employed,307,8700.35
P031891,2025-12-31,employed,337,24178.58
P031893,2025-12-31,self_employed,269,19448.43
P031896,2025-12-31,self_employed,195,NA
P031898,2025-12-31,self_employed,333,14952.34
P031901,2025-12-31,marginal,152,5340.71
P031902,2025-12-31,self_employed,344,14104.56
P031903,2025-12-31,employed,276,45280.5
P031907,2025-12-31,self_employed,365,46390.91
P031909,2025-12-31,employed,208,24739.42
P031910,2025-12-31,employed,182,14519.88
P031913,2025-12-31,self_employed,222,11499.25
P031915,2025-12-31,employed,155,13540.53
P031916,2025-12-31,employed,233,25031.62
P031921,2025-12-31,employed,279,17357.89
P031922,2025-12-31,marginal,141,5643.78
P031923,2025-12-31,employed,293,59142.62
P031924,2025-12-31,employed,347,15751.49
P031925,2025-12-31,employed,311,14459.56
P031926,2025-12-31,employed,245,22397.03
P031928,2025-12-31,employed,254,21729.85
P031929,2025-12-31,employed,172,39219.26
P031930,2025-12-31,marginal,48,8824.43
P031932,2025-12-31,employed,365,25398.71
P031933,2025-12-31,self_employed,246,21704.77
P031934,2025-12-31,marginal,116,6859.46
P031943,2025-12-31,employed,244,39376.05
P031944,2025-12-31,employed,173,36565.79
P031946,2025-12-31,employed,227,57350.02
P031951,2025-12-31,employed,293,22498.57
P031954,2025-12-31,employed,274,47330.63
P031955,2025-12-31,employed,291,14417.25
P031956,2025-12-31,employed,345,19597.39
P031957,2025-12-31,self_employed,338,23079.84
P031959,2025-12-31,marginal,139,5328.81
P031961,2025-12-31,self_employed,183,8193.59
P031963,2025-12-31,employed,257,9850.15
P031965,2025-12-31,self_employed,266,14066.29
P031967,2025-12-31,employed,245,17228.02
P031968,2025-12-31,marginal,120,6581.79
P031974,2025-12-31,self_employed,293,30932.9
P031976,2025-12-31,employed,238,27928.16
P031977,2025-12-31,employed,235,18065.48
P031978,2025-12-31,employed,278,36121.65
P031979,2025-12-31,marginal,166,2447.22
P031983,2025-12-31,employed,225,70549.67
P031984,2025-12-31,employed,284,22751.23
P031986,2025-12-31,employed,268,23984.42
P031995,2025-12-31,employed,282,36134.78
P031997,2025-12-31,employed,142,27250.29
P032000,2025-12-31,employed,306,15536.34
P032001,2025-12-31,employed,305,39274.59
P032002,2025-12-31,employed,199,39255.86
P032003,2025-12-31,employed,324,18150.04
P032006,2025-12-31,self_employed,135,13951.05
P032011,2025-12-31,employed,151,NA
P032013,2025-12-31,employed,320,21804.49
P032014,2025-12-31,employed,262,16864.64
P032015,2025-12-31,employed,365,NA
P032018,2025-12-31,employed,333,23800.81
P032019,2025-12-31,marginal,134,5938.21
P032022,2025-12-31,employed,245,19232.26
P032025,2025-12-31,marginal,110,5354.89
P032027,2025-12-31,employed,365,21314.1
P032031,2025-12-31,employed,288,13570.83
P032032,2025-12-31,employed,358,28007.37
P032033,2025-12-31,employed,309,16756.9
P032034,2025-12-31,employed,310,27108.95
P032035,2025-12-31,employed,250,34085.11
P032038,2025-12-31,employed,272,49243.75
P032041,2025-12-31,employed,319,16285
P032042,2025-12-31,employed,138,36275.85
P032043,2025-12-31,employed,365,37185.81
P032046,2025-12-31,self_employed,343,27851.55
P032048,2025-12-31,no_record,0,0
P032050,2025-12-31,employed,257,20148.08
P032053,2025-12-31,employed,365,34401.55
P032055,2025-12-31,employed,255,19022.98
P032056,2025-12-31,employed,268,47628.97
P032058,2025-12-31,employed,303,18002.97
P032059,2025-12-31,employed,281,31794.77
P032062,2025-12-31,employed,358,41183.69
P032064,2025-12-31,employed,155,28839.28
P032065,2025-12-31,self_employed,286,37166.06
P032068,2025-12-31,employed,354,13791.61
P032069,2025-12-31,employed,365,16954.61
P032070,2025-12-31,employed,313,27751.37
P032071,2025-12-31,employed,312,17786.57
P032072,2025-12-31,employed,227,25509.11
P032076,2025-12-31,self_employed,360,21280.93
P032077,2025-12-31,marginal,47,5095.21
P032080,2025-12-31,employed,365,8485.93
P032081,2025-12-31,employed,237,13148.57
P032082,2025-12-31,employed,341,28661.2
P032084,2025-12-31,employed,242,20406.08
P032085,2025-12-31,self_employed,365,205177.12
P032091,2025-12-31,employed,253,54573.21
P032092,2025-12-31,self_employed,355,NA
P032094,2025-12-31,employed,365,39196.21
P032095,2025-12-31,employed,261,39978.51
P032098,2025-12-31,employed,220,26989.78
P032101,2025-12-31,employed,308,39268.47
P032102,2025-12-31,employed,143,16302.98
P032105,2025-12-31,employed,294,18167.64
P032108,2025-12-31,employed,236,33674.82
P032109,2025-12-31,self_employed,248,17802.86
P032110,2025-12-31,employed,237,27626.75
P032112,2025-12-31,employed,357,25243.03
P032113,2025-12-31,employed,222,39798.68
P032114,2025-12-31,employed,273,30187.22
P032116,2025-12-31,employed,250,21005.12
P032117,2025-12-31,employed,365,39327.32
P032120,2025-12-31,no_record,0,0
P032123,2025-12-31,employed,365,26173.42
P032125,2025-12-31,employed,282,48474.26
P032130,2025-12-31,marginal,112,4859.78
P032131,2025-12-31,employed,365,34845.24
P032133,2025-12-31,self_employed,347,6149.68
P032136,2025-12-31,employed,215,25017.8
P032137,2025-12-31,self_employed,257,21539.64
P032142,2025-12-31,employed,365,22072.42
P032146,2025-12-31,employed,238,23072.9
P032147,2025-12-31,employed,340,20114.13
P032149,2025-12-31,employed,230,39688.27
P032151,2025-12-31,employed,316,16916.29
P032152,2025-12-31,employed,261,51825.09
P032153,2025-12-31,employed,257,30664.84
P032156,2025-12-31,employed,293,12589.58
P032159,2025-12-31,employed,354,30815.23
P032160,2025-12-31,employed,308,33525.52
P032161,2025-12-31,marginal,NA,6546.26
P032162,2025-12-31,self_employed,176,50035.04
P032163,2025-12-31,employed,310,48336.59
P032164,2025-12-31,employed,230,33252.4
P032165,2025-12-31,employed,365,43586.49
P032169,2025-12-31,employed,282,41001.59
P032171,2025-12-31,employed,314,30352.38
P032172,2025-12-31,employed,297,50701.4
P032178,2025-12-31,self_employed,238,22014.65
P032180,2025-12-31,employed,272,20329.12
P032182,2025-12-31,employed,322,34632.74
P032183,2025-12-31,employed,344,10755.4
P032184,2025-12-31,employed,234,30089.39
P032186,2025-12-31,employed,333,29933.37
P032191,2025-12-31,employed,242,37671.78
P032192,2025-12-31,employed,262,23217.4
P032193,2025-12-31,employed,334,25950.11
P032194,2025-12-31,employed,294,40142.76
P032197,2025-12-31,employed,365,17328.1
P032199,2025-12-31,employed,365,37647.58
P032202,2025-12-31,employed,240,17500.5
P032203,2025-12-31,self_employed,77,27320.79
P032204,2025-12-31,employed,205,34585.66
P032205,2025-12-31,employed,348,43617.26
P032206,2025-12-31,self_employed,261,49920.39
P032207,2025-12-31,employed,259,64647.07
P032208,2025-12-31,employed,283,29027.44
P032211,2025-12-31,employed,329,31532.64
P032213,2025-12-31,employed,365,NA
P032214,2025-12-31,marginal,72,10984.72
P032218,2025-12-31,employed,NA,19473.56
P032219,2025-12-31,employed,271,22788.85
P032220,2025-12-31,employed,243,30489.24
P032221,2025-12-31,marginal,199,5137.95
P032223,2025-12-31,employed,244,61692.56
P032224,2025-12-31,employed,297,20799.73
P032226,2025-12-31,marginal,62,3904.83
P032228,2025-12-31,employed,267,16085.52
P032230,2025-12-31,employed,288,11227.06
P032233,2025-12-31,employed,276,55624.35
P032235,2025-12-31,employed,257,37173.96
P032237,2025-12-31,employed,288,28273.91
P032238,2025-12-31,marginal,86,4080.8
P032239,2025-12-31,employed,253,20190.66
P032240,2025-12-31,employed,359,9917.16
P032241,2025-12-31,employed,241,14752.42
P032242,2025-12-31,employed,282,33438.61
P032243,2025-12-31,employed,276,43260.37
P032244,2025-12-31,employed,251,103075.31
P032245,2025-12-31,employed,354,43667.23
P032246,2025-12-31,employed,300,28947.68
P032247,2025-12-31,marginal,119,7762.56
P032248,2025-12-31,employed,260,19040.57
P032251,2025-12-31,employed,337,27995.59
P032253,2025-12-31,employed,365,27911.48
P032261,2025-12-31,employed,283,25497.46
P032267,2025-12-31,marginal,NA,6425.81
P032268,2025-12-31,employed,199,40075.46
P032270,2025-12-31,employed,297,31741.17
P032271,2025-12-31,employed,256,9324.66
P032273,2025-12-31,employed,294,64134.45
P032274,2025-12-31,employed,300,50863.61
P032275,2025-12-31,employed,272,29672.32
P032276,2025-12-31,self_employed,238,46242.79
P032277,2025-12-31,marginal,60,5933.58
P032278,2025-12-31,employed,224,23926.5
P032279,2025-12-31,employed,275,46932.55
P032281,2025-12-31,employed,322,40389.48
P032284,2025-12-31,self_employed,129,8393.54
P032287,2025-12-31,self_employed,211,31387.98
P032291,2025-12-31,employed,340,52120.68
P032294,2025-12-31,employed,265,12242.5
P032297,2025-12-31,employed,332,38708.32
P032298,2025-12-31,self_employed,246,30245.09
P032301,2025-12-31,marginal,146,3967.89
P032305,2025-12-31,employed,256,13116.39
P032306,2025-12-31,employed,365,10280.72
P032309,2025-12-31,employed,266,17362.98
P032311,2025-12-31,employed,272,27019.57
P032312,2025-12-31,marginal,NA,3190.06
P032314,2025-12-31,employed,352,17026.04
P032319,2025-12-31,employed,277,58469.81
P032321,2025-12-31,employed,291,38248.94
P032322,2025-12-31,self_employed,266,41491.95
P032325,2025-12-31,employed,262,11143.51
P032326,2025-12-31,employed,326,22792.44
P032327,2025-12-31,employed,264,17445.58
P032328,2025-12-31,employed,327,18811.91
P032329,2025-12-31,employed,198,15173.01
P032331,2025-12-31,self_employed,117,39649.69
P032333,2025-12-31,employed,335,41322.26
P032334,2025-12-31,employed,323,25370.49
P032338,2025-12-31,employed,287,25840.38
P032339,2025-12-31,employed,230,25061.9
P032342,2025-12-31,employed,342,24976.58
P032343,2025-12-31,employed,237,42094
P032344,2025-12-31,employed,316,25392.4
P032345,2025-12-31,employed,324,33371.88
P032346,2025-12-31,employed,228,30567.65
P032347,2025-12-31,employed,365,21136.26
P032348,2025-12-31,employed,365,19946.16
P032349,2025-12-31,marginal,111,4698.99
P032351,2025-12-31,employed,209,14424.54
P032353,2025-12-31,employed,309,49309.06
P032354,2025-12-31,employed,351,53990.45
P032357,2025-12-31,employed,350,20359.18
P032358,2025-12-31,self_employed,295,39087.26
P032359,2025-12-31,marginal,65,5137.29
P032362,2025-12-31,marginal,109,6660.66
P032364,2025-12-31,employed,217,28141.75
P032366,2025-12-31,self_employed,289,24127.7
P032374,2025-12-31,self_employed,179,5330.7
P032375,2025-12-31,employed,365,22602.88
P032378,2025-12-31,self_employed,229,115330.46
P032385,2025-12-31,employed,219,47651.6
P032388,2025-12-31,employed,291,29366.11
P032389,2025-12-31,employed,365,26696.21
P032390,2025-12-31,marginal,80,3196.81
P032396,2025-12-31,employed,347,43552.39
P032398,2025-12-31,employed,336,50280.04
P032400,2025-12-31,employed,241,18080.78
P032401,2025-12-31,employed,365,48839
P032404,2025-12-31,self_employed,323,25248.07
P032405,2025-12-31,employed,272,48057.02
P032407,2025-12-31,employed,NA,26635.69
P032410,2025-12-31,self_employed,232,22775.18
P032415,2025-12-31,employed,222,18255.9
P032416,2025-12-31,employed,218,17863.08
P032417,2025-12-31,self_employed,343,47714.1
P032422,2025-12-31,employed,241,16334.6
P032423,2025-12-31,employed,300,NA
P032428,2025-12-31,marginal,141,2130.28
P032429,2025-12-31,employed,336,37066.82
P032431,2025-12-31,employed,301,65764.09
P032433,2025-12-31,employed,357,33567.4
P032436,2025-12-31,employed,188,23877.33
P032437,2025-12-31,employed,280,38053.85
P032442,2025-12-31,marginal,222,5129.8
P032443,2025-12-31,employed,306,20558.41
P032444,2025-12-31,employed,350,37895.54
P032448,2025-12-31,self_employed,307,24575.38
P032449,2025-12-31,employed,233,12565.02
P032451,2025-12-31,employed,299,29518.53
P032454,2025-12-31,employed,257,87781.5
P032455,2025-12-31,employed,208,33416.33
P032456,2025-12-31,no_record,0,0
P032458,2025-12-31,employed,335,37128.69
P032459,2025-12-31,employed,285,33420.06
P032461,2025-12-31,employed,290,36024.65
P032464,2025-12-31,marginal,133,3529.28
P032465,2025-12-31,employed,318,47847.34
P032466,2025-12-31,employed,266,29809.11
P032467,2025-12-31,marginal,139,8494.35
P032469,2025-12-31,employed,193,15020.11
P032470,2025-12-31,employed,252,27550.84
P032472,2025-12-31,employed,310,25932.81
P032475,2025-12-31,marginal,132,8839.89
P032478,2025-12-31,employed,222,27959.57
P032479,2025-12-31,employed,305,37387.53
P032480,2025-12-31,employed,222,34314.14
P032481,2025-12-31,employed,311,15920.17
P032482,2025-12-31,self_employed,169,26842.06
P032483,2025-12-31,employed,295,45852.5
P032484,2025-12-31,employed,310,38443.2
P032485,2025-12-31,marginal,133,4866.75
P032487,2025-12-31,employed,289,24453.32
P032488,2025-12-31,employed,188,17406.48
P032491,2025-12-31,employed,298,26204.67
P032492,2025-12-31,marginal,130,6886.62
P032493,2025-12-31,employed,323,85934.38
P032495,2025-12-31,employed,309,16707.2
P032496,2025-12-31,employed,265,11991.76
P032497,2025-12-31,employed,308,18674.98
P032501,2025-12-31,employed,352,25907.49
P032507,2025-12-31,employed,271,36601.86
P032509,2025-12-31,employed,320,24888.79
P032510,2025-12-31,employed,345,28743.84
P032515,2025-12-31,employed,281,22507.15
P032517,2025-12-31,employed,219,40456.63
P032518,2025-12-31,employed,326,32605.08
P032519,2025-12-31,employed,312,43669.34
P032521,2025-12-31,marginal,38,3790.15
P032523,2025-12-31,employed,279,26799.8
P032526,2025-12-31,employed,292,49746.48
P032531,2025-12-31,employed,252,13879.28
P032535,2025-12-31,self_employed,224,23369.68
P032539,2025-12-31,employed,272,34388.73
P032540,2025-12-31,marginal,144,6483.62
P032544,2025-12-31,employed,295,55256.48
P032545,2025-12-31,employed,365,22199.94
P032546,2025-12-31,marginal,146,3485.12
P032548,2025-12-31,employed,317,14183.74
P032550,2025-12-31,employed,287,35642.57
P032551,2025-12-31,marginal,128,3648.36
P032552,2025-12-31,marginal,73,4127.69
P032553,2025-12-31,marginal,84,5220.78
P032554,2025-12-31,employed,285,27213.51
P032558,2025-12-31,employed,256,27309.43
P032561,2025-12-31,employed,244,39041.72
P032562,2025-12-31,no_record,0,0
P032563,2025-12-31,self_employed,92,38537.74
P032564,2025-12-31,employed,272,26039.69
P032565,2025-12-31,no_record,0,0
P032566,2025-12-31,employed,254,30354.3
P032571,2025-12-31,employed,271,22163.12
P032576,2025-12-31,employed,244,35172.21
P032579,2025-12-31,employed,341,26300.99
P032580,2025-12-31,employed,305,32307.21
P032582,2025-12-31,employed,276,30374.66
P032584,2025-12-31,self_employed,286,32085.08
P032587,2025-12-31,employed,195,17818.51
P032588,2025-12-31,employed,237,37472.65
P032589,2025-12-31,employed,341,32808.65
P032590,2025-12-31,employed,309,11281.74
P032592,2025-12-31,employed,289,13655.36
P032595,2025-12-31,employed,242,18547.39
P032596,2025-12-31,employed,290,38946.21
P032598,2025-12-31,employed,270,32458.88
P032599,2025-12-31,employed,310,28499.22
P032600,2025-12-31,employed,220,23947.8
P032609,2025-12-31,employed,335,54485.79
P032610,2025-12-31,employed,352,20248.52
P032614,2025-12-31,marginal,165,4477.65
P032617,2025-12-31,employed,365,15625.68
P032618,2025-12-31,employed,360,19403.25
P032620,2025-12-31,employed,333,43746.54
P032621,2025-12-31,employed,365,27950.31
P032623,2025-12-31,employed,278,41599.5
P032627,2025-12-31,employed,316,37480.74
P032634,2025-12-31,employed,211,21480.26
P032637,2025-12-31,marginal,46,6040.53
P032638,2025-12-31,employed,294,30569.97
P032640,2025-12-31,self_employed,345,17572.05
P032641,2025-12-31,employed,252,40025.81
P032653,2025-12-31,employed,298,22222.88
P032656,2025-12-31,self_employed,143,43101.78
P032658,2025-12-31,marginal,138,10266.48
P032662,2025-12-31,marginal,198,4835.8
P032663,2025-12-31,employed,242,23474.77
P032666,2025-12-31,employed,356,40793.52
P032667,2025-12-31,employed,249,30434.99
P032668,2025-12-31,employed,224,27171.02
P032670,2025-12-31,employed,318,23806.88
P032671,2025-12-31,employed,323,32290.51
P032673,2025-12-31,employed,319,37114.77
P032675,2025-12-31,employed,260,16913.09
P032676,2025-12-31,marginal,104,4606.74
P032677,2025-12-31,employed,307,20192.95
P032679,2025-12-31,self_employed,182,57861.88
P032684,2025-12-31,employed,304,21050.1
P032685,2025-12-31,self_employed,194,26594.01
P032686,2025-12-31,self_employed,183,10366.85
P032688,2025-12-31,employed,306,48753.04
P032689,2025-12-31,employed,246,22964.41
P032691,2025-12-31,employed,213,8834.97
P032693,2025-12-31,employed,202,29881.66
P032695,2025-12-31,employed,202,26513.09
P032696,2025-12-31,marginal,140,5480.88
P032697,2025-12-31,employed,365,25332.81
P032700,2025-12-31,employed,279,19141.32
P032704,2025-12-31,employed,365,13998.63
P032706,2025-12-31,self_employed,257,8539.52
P032708,2025-12-31,employed,332,21444.25
P032710,2025-12-31,employed,233,42950.83
P032712,2025-12-31,self_employed,291,4992.45
P032718,2025-12-31,marginal,197,4270.06
P032719,2025-12-31,marginal,123,3847.53
P032723,2025-12-31,employed,297,26309.12
P032724,2025-12-31,self_employed,241,25185.81
P032725,2025-12-31,employed,326,48695.52
P032727,2025-12-31,employed,361,21401.51
P032728,2025-12-31,employed,293,16522.97
P032729,2025-12-31,employed,254,17052.51
P032730,2025-12-31,employed,253,15472.56
P032732,2025-12-31,marginal,119,4132.95
P032733,2025-12-31,self_employed,344,25232.73
P032734,2025-12-31,employed,316,36854.95
P032736,2025-12-31,self_employed,185,21874.4
P032740,2025-12-31,employed,260,45263.78
P032741,2025-12-31,employed,312,39352.13
P032744,2025-12-31,employed,365,20188.37
P032745,2025-12-31,self_employed,227,16981.42
P032747,2025-12-31,employed,323,21798.97
P032749,2025-12-31,employed,365,22188.89
P032752,2025-12-31,self_employed,313,9362.15
P032755,2025-12-31,employed,364,26081.2
P032757,2025-12-31,employed,292,32481.57
P032758,2025-12-31,no_record,0,0
P032761,2025-12-31,no_record,0,0
P032763,2025-12-31,employed,361,16363.68
P032764,2025-12-31,employed,263,20449.51
P032766,2025-12-31,self_employed,294,16354.27
P032767,2025-12-31,employed,239,62240.48
P032769,2025-12-31,employed,250,22953.55
P032770,2025-12-31,no_record,0,0
P032771,2025-12-31,employed,365,15823.98
P032773,2025-12-31,employed,365,27152.29
P032777,2025-12-31,employed,262,22808.29
P032780,2025-12-31,employed,284,33694.52
P032781,2025-12-31,employed,311,14825.07
P032782,2025-12-31,employed,253,36044.83
P032783,2025-12-31,employed,278,31984.62
P032784,2025-12-31,self_employed,311,29834.57
P032788,2025-12-31,marginal,100,4884.17
P032789,2025-12-31,employed,365,54853.81
P032790,2025-12-31,employed,326,46607.51
P032792,2025-12-31,employed,324,31255.56
P032793,2025-12-31,employed,256,22492.84
P032796,2025-12-31,employed,295,37636.02
P032797,2025-12-31,employed,224,9825.17
P032800,2025-12-31,self_employed,132,35952.84
P032802,2025-12-31,employed,318,56951.88
P032807,2025-12-31,employed,217,34616.13
P032811,2025-12-31,employed,365,25991.15
P032812,2025-12-31,no_record,0,0
P032814,2025-12-31,employed,237,25446.58
P032816,2025-12-31,marginal,155,3245.92
P032817,2025-12-31,employed,191,33058.82
P032818,2025-12-31,employed,321,17953.46
P032819,2025-12-31,self_employed,132,13530.39
P032820,2025-12-31,employed,321,24421.85
P032821,2025-12-31,employed,259,24501.55
P032822,2025-12-31,employed,302,35799.63
P032826,2025-12-31,employed,233,52715.64
P032827,2025-12-31,employed,300,41685.28
P032828,2025-12-31,employed,157,24075.02
P032829,2025-12-31,self_employed,317,13789.69
P032831,2025-12-31,employed,299,18640.55
P032835,2025-12-31,marginal,5,4158.09
P032836,2025-12-31,marginal,141,4808.53
P032838,2025-12-31,employed,359,23330.35
P032840,2025-12-31,employed,192,37702.69
P032842,2025-12-31,self_employed,165,47493.94
P032844,2025-12-31,employed,260,16632.36
P032845,2025-12-31,employed,293,36804.16
P032846,2025-12-31,employed,241,21948.58
P032847,2025-12-31,employed,219,17479.52
P032852,2025-12-31,marginal,5,6330.74
P032859,2025-12-31,employed,313,26412.92
P032862,2025-12-31,employed,241,17733.85
P032864,2025-12-31,employed,218,22483.52
P032868,2025-12-31,employed,296,15765.38
P032874,2025-12-31,self_employed,142,11000.76
P032876,2025-12-31,employed,308,15507.04
P032879,2025-12-31,employed,224,35705.95
P032882,2025-12-31,employed,307,27334.48
P032884,2025-12-31,employed,365,25070.63
P032886,2025-12-31,employed,329,20821.78
P032887,2025-12-31,employed,302,27134.86
P032889,2025-12-31,employed,234,27137.29
P032890,2025-12-31,employed,214,14799.33
P032894,2025-12-31,employed,365,21168.31
P032895,2025-12-31,employed,232,30459.54
P032897,2025-12-31,employed,352,13845.7
P032898,2025-12-31,employed,365,24696.56
P032900,2025-12-31,employed,216,51882.76
P032901,2025-12-31,employed,356,18559.69
P032903,2025-12-31,marginal,89,3763.67
P032906,2025-12-31,employed,344,16966.42
P032908,2025-12-31,employed,231,22622.14
P032909,2025-12-31,employed,265,31752.48
P032914,2025-12-31,employed,253,24729.11
P032915,2025-12-31,employed,325,20966.62
P032918,2025-12-31,self_employed,365,14748.49
P032919,2025-12-31,employed,365,43472.8
P032922,2025-12-31,employed,295,10235.44
P032924,2025-12-31,employed,305,39526.12
P032925,2025-12-31,employed,297,17502.37
P032930,2025-12-31,employed,311,62762.09
P032931,2025-12-31,employed,221,25089.77
P032934,2025-12-31,employed,314,55417.97
P032936,2025-12-31,employed,344,22668.01
P032937,2025-12-31,employed,326,12133.42
P032939,2025-12-31,self_employed,247,13256.14
P032942,2025-12-31,employed,348,24737.24
P032943,2025-12-31,employed,324,25823.82
P032946,2025-12-31,employed,280,15638.26
P032947,2025-12-31,employed,281,29616.17
P032948,2025-12-31,self_employed,342,31862.3
P032949,2025-12-31,employed,321,25968.8
P032950,2025-12-31,employed,365,39425.8
P032951,2025-12-31,no_record,0,0
P032952,2025-12-31,marginal,128,5863.88
P032953,2025-12-31,employed,289,38003.83
P032956,2025-12-31,employed,327,24129.02
P032957,2025-12-31,employed,158,26415.18
P032964,2025-12-31,employed,269,26797.28
P032966,2025-12-31,employed,332,27739.03
P032969,2025-12-31,employed,342,29767.67
P032970,2025-12-31,employed,233,17185.26
P032972,2025-12-31,employed,328,59319.1
P032973,2025-12-31,employed,306,19352.29
P032976,2025-12-31,employed,273,34320.48
P032977,2025-12-31,marginal,107,3801.96
P032978,2025-12-31,no_record,0,0
P032979,2025-12-31,employed,242,22987.36
P032981,2025-12-31,employed,363,9422.54
P032983,2025-12-31,employed,277,49387.23
P032984,2025-12-31,employed,250,28772.42
P032985,2025-12-31,employed,233,29201.43
P032986,2025-12-31,employed,259,52508.37
P032987,2025-12-31,employed,348,29858.64
P032989,2025-12-31,employed,216,24340.4
P032990,2025-12-31,employed,362,18255.77
P032993,2025-12-31,employed,316,60025.88
P032994,2025-12-31,marginal,81,4183.03
P032995,2025-12-31,employed,301,34022.5
P032998,2025-12-31,self_employed,365,37798.75
P033001,2025-12-31,employed,259,27811.9
P033006,2025-12-31,self_employed,296,54014.17
P033007,2025-12-31,marginal,157,5590.63
P033010,2025-12-31,employed,269,24419.9
P033011,2025-12-31,employed,310,41289.25
P033015,2025-12-31,self_employed,365,13806.48
P033016,2025-12-31,employed,345,20242.3
P033017,2025-12-31,employed,307,19673.2
P033018,2025-12-31,employed,300,41541.59
P033021,2025-12-31,employed,312,18185.13
P033023,2025-12-31,employed,313,17372.87
P033024,2025-12-31,employed,243,26925.26
P033025,2025-12-31,employed,270,23407.22
P033027,2025-12-31,employed,305,32618.61
P033028,2025-12-31,employed,225,15077.91
P033029,2025-12-31,employed,277,32919.52
P033034,2025-12-31,employed,331,32472.74
P033035,2025-12-31,no_record,0,0
P033040,2025-12-31,employed,365,47777.77
P033042,2025-12-31,employed,312,25171.01
P033044,2025-12-31,employed,249,24442.68
P033045,2025-12-31,employed,287,33192.62
P033046,2025-12-31,employed,293,38466.01
P033048,2025-12-31,self_employed,244,18488.89
P033057,2025-12-31,employed,262,22578.43
P033058,2025-12-31,employed,239,39379.58
P033059,2025-12-31,employed,NA,19894.23
P033060,2025-12-31,employed,326,24449.61
P033061,2025-12-31,employed,289,28805.39
P033062,2025-12-31,employed,296,15883.77
P033063,2025-12-31,employed,359,43224.39
P033064,2025-12-31,employed,316,31299.94
P033065,2025-12-31,employed,267,42560.8
P033067,2025-12-31,employed,309,32830.12
P033068,2025-12-31,employed,365,39357.12
P033070,2025-12-31,employed,263,30522.23
P033071,2025-12-31,employed,243,14929.79
P033072,2025-12-31,self_employed,343,26337.56
P033074,2025-12-31,employed,267,27868.04
P033078,2025-12-31,employed,205,18718.46
P033080,2025-12-31,employed,365,23925.3
P033086,2025-12-31,employed,332,25594.78
P033087,2025-12-31,employed,364,34084.45
P033088,2025-12-31,marginal,74,5064.68
P033090,2025-12-31,employed,279,16493.13
P033091,2025-12-31,employed,228,24043.87
P033096,2025-12-31,employed,302,19034.53
P033097,2025-12-31,marginal,93,5030.69
P033098,2025-12-31,employed,240,NA
P033099,2025-12-31,employed,277,33928.9
P033102,2025-12-31,employed,272,60586.29
P033105,2025-12-31,employed,203,25801.8
P033107,2025-12-31,employed,NA,37931.58
P033108,2025-12-31,employed,349,32129.07
P033109,2025-12-31,employed,362,13669.47
P033110,2025-12-31,employed,193,42209.22
P033111,2025-12-31,employed,262,77827.17
P033114,2025-12-31,self_employed,304,17799.67
P033115,2025-12-31,employed,331,8711.11
P033116,2025-12-31,employed,365,18124.42
P033123,2025-12-31,employed,289,29461.79
P033124,2025-12-31,employed,315,23039.93
P033125,2025-12-31,employed,365,20919.32
P033126,2025-12-31,employed,250,44603.53
P033127,2025-12-31,employed,231,15167.39
P033128,2025-12-31,employed,305,44476.75
P033129,2025-12-31,employed,322,34614.55
P033131,2025-12-31,marginal,143,7086.92
P033133,2025-12-31,no_record,0,0
P033134,2025-12-31,employed,327,14249.48
P033136,2025-12-31,employed,294,36004.76
P033137,2025-12-31,employed,239,27235.38
P033138,2025-12-31,employed,344,27132.24
P033139,2025-12-31,employed,307,38724.28
P033141,2025-12-31,employed,224,43076.2
P033142,2025-12-31,marginal,52,5172.25
P033143,2025-12-31,employed,255,10661.85
P033144,2025-12-31,self_employed,365,19650.48
P033151,2025-12-31,marginal,120,3582.23
P033154,2025-12-31,employed,211,36396.55
P033157,2025-12-31,employed,323,19230.4
P033160,2025-12-31,employed,284,30416.35
P033164,2025-12-31,employed,309,26737.11
P033165,2025-12-31,employed,270,36467.23
P033166,2025-12-31,employed,312,23315.11
P033167,2025-12-31,marginal,84,4454.94
P033168,2025-12-31,employed,233,17349.18
P033169,2025-12-31,employed,187,18786.84
P033176,2025-12-31,employed,284,31583.32
P033177,2025-12-31,employed,302,28878.57
P033183,2025-12-31,employed,247,65539.99
P033184,2025-12-31,employed,357,63403.5
P033186,2025-12-31,employed,288,24764.45
P033187,2025-12-31,self_employed,203,13016.68
P033188,2025-12-31,employed,343,31870.35
P033196,2025-12-31,employed,365,21304.98
P033199,2025-12-31,marginal,112,7691.12
P033200,2025-12-31,self_employed,165,26333.34
P033201,2025-12-31,employed,264,38019.09
P033203,2025-12-31,employed,195,32732.46
P033206,2025-12-31,employed,288,17199.51
P033207,2025-12-31,employed,213,35276.06
P033208,2025-12-31,self_employed,321,57594.97
P033211,2025-12-31,employed,327,23368.08
P033213,2025-12-31,employed,315,33120.11
P033217,2025-12-31,self_employed,221,51330.9
P033221,2025-12-31,employed,275,28065.64
P033226,2025-12-31,employed,292,44650.5
P033227,2025-12-31,employed,342,16849.84
P033229,2025-12-31,marginal,173,5437.21
P033230,2025-12-31,employed,201,22474.58
P033232,2025-12-31,employed,252,22636.14
P033233,2025-12-31,no_record,0,0
P033235,2025-12-31,employed,308,31137.16
P033237,2025-12-31,marginal,141,5552.88
P033240,2025-12-31,employed,318,24782.29
P033242,2025-12-31,self_employed,290,NA
P033246,2025-12-31,employed,345,45657.12
P033247,2025-12-31,employed,299,24731.56
P033249,2025-12-31,employed,275,28059.28
P033253,2025-12-31,self_employed,328,10419.48
P033254,2025-12-31,employed,365,37434.41
P033255,2025-12-31,employed,113,44142.34
P033257,2025-12-31,marginal,156,3144.7
P033258,2025-12-31,self_employed,193,7372.67
P033259,2025-12-31,employed,215,24650.27
P033261,2025-12-31,employed,301,61324.17
P033262,2025-12-31,employed,284,32829.7
P033264,2025-12-31,marginal,105,5190.8
P033268,2025-12-31,no_record,0,0
P033270,2025-12-31,employed,239,47382.55
P033273,2025-12-31,self_employed,345,56635.56
P033274,2025-12-31,marginal,101,3462.86
P033276,2025-12-31,marginal,126,4960.38
P033278,2025-12-31,employed,318,33784.35
P033279,2025-12-31,employed,220,39100.5
P033280,2025-12-31,marginal,127,14838.96
P033282,2025-12-31,self_employed,78,50531.92
P033283,2025-12-31,employed,298,13691.78
P033287,2025-12-31,employed,214,32207.43
P033292,2025-12-31,employed,282,13589
P033295,2025-12-31,marginal,139,5200.03
P033301,2025-12-31,employed,216,20206.73
P033302,2025-12-31,employed,335,28864.53
P033303,2025-12-31,self_employed,270,71164.29
P033306,2025-12-31,employed,363,21188.96
P033307,2025-12-31,employed,330,30730
P033308,2025-12-31,employed,330,20610.26
P033309,2025-12-31,employed,330,11278.62
P033310,2025-12-31,employed,266,22624.5
P033311,2025-12-31,employed,311,23495
P033312,2025-12-31,employed,318,28654.58
P033313,2025-12-31,no_record,0,NA
P033314,2025-12-31,employed,220,35236.53
P033316,2025-12-31,marginal,31,4202.6
P033321,2025-12-31,marginal,118,3708.21
P033325,2025-12-31,employed,365,28464.77
P033326,2025-12-31,employed,207,33977.31
P033329,2025-12-31,marginal,145,4505.22
P033330,2025-12-31,employed,282,28526.79
P033334,2025-12-31,self_employed,226,5047.9
P033337,2025-12-31,employed,329,27045.73
P033340,2025-12-31,marginal,48,7228.98
P033341,2025-12-31,employed,174,32313.9
P033342,2025-12-31,employed,354,36008.49
P033343,2025-12-31,self_employed,213,22835.35
P033346,2025-12-31,employed,292,44652.57
P033347,2025-12-31,marginal,133,4910.12
P033351,2025-12-31,marginal,118,3761.16
P033356,2025-12-31,employed,218,23678.29
P033358,2025-12-31,self_employed,213,20712.17
P033362,2025-12-31,employed,287,16015.7
P033366,2025-12-31,employed,354,41798
P033369,2025-12-31,employed,251,60248.5
P033372,2025-12-31,employed,349,22964.3
P033373,2025-12-31,marginal,116,3008.23
P033374,2025-12-31,self_employed,328,15578.82
P033375,2025-12-31,employed,286,30187.76
P033376,2025-12-31,employed,365,16469.68
P033377,2025-12-31,employed,266,19612.78
P033379,2025-12-31,employed,204,14074.82
P033383,2025-12-31,employed,290,20047.81
P033387,2025-12-31,employed,360,17989.86
P033388,2025-12-31,employed,302,28927.05
P033389,2025-12-31,employed,251,38734.4
P033390,2025-12-31,employed,311,16906.48
P033393,2025-12-31,employed,323,25597.31
P033398,2025-12-31,employed,239,39112.09
P033400,2025-12-31,employed,365,53673.76
P033401,2025-12-31,employed,258,30405.97
P033402,2025-12-31,marginal,158,8381.36
P033410,2025-12-31,employed,214,34037.32
P033411,2025-12-31,employed,304,24793.94
P033415,2025-12-31,employed,331,21241.31
P033416,2025-12-31,marginal,112,3276.28
P033421,2025-12-31,employed,197,23060.36
P033423,2025-12-31,employed,324,15748.34
P033425,2025-12-31,marginal,101,5048.77
P033427,2025-12-31,employed,220,18463.52
P033430,2025-12-31,employed,220,17761.3
P033432,2025-12-31,employed,350,30226.51
P033434,2025-12-31,marginal,138,5201.05
P033435,2025-12-31,employed,332,37977.04
P033436,2025-12-31,employed,272,11742.67
P033438,2025-12-31,employed,253,41839.31
P033441,2025-12-31,employed,298,8949.48
P033442,2025-12-31,employed,283,17663.93
P033444,2025-12-31,employed,316,43971.39
P033445,2025-12-31,employed,268,53007.3
P033449,2025-12-31,no_record,0,0
P033456,2025-12-31,no_record,0,0
P033457,2025-12-31,employed,295,21577.82
P033458,2025-12-31,employed,308,33089.36
P033466,2025-12-31,self_employed,363,20057.13
P033472,2025-12-31,employed,300,8472.04
P033473,2025-12-31,employed,330,31725.69
P033475,2025-12-31,employed,239,30874.24
P033477,2025-12-31,employed,298,18678.73
P033481,2025-12-31,self_employed,30,72033.4
P033483,2025-12-31,self_employed,296,58986.37
P033485,2025-12-31,employed,254,20190.24
P033487,2025-12-31,employed,347,32154.93
P033488,2025-12-31,employed,249,34166.3
P033489,2025-12-31,employed,234,36555.9
P033490,2025-12-31,marginal,64,5988.08
P033493,2025-12-31,employed,360,25886.61
P033495,2025-12-31,employed,308,18134.11
P033496,2025-12-31,employed,299,16079.58
P033498,2025-12-31,employed,NA,15822.07
P033499,2025-12-31,employed,329,21985.46
P033500,2025-12-31,employed,355,33761.59
P033504,2025-12-31,marginal,134,4743.38
P033507,2025-12-31,employed,365,25589.65
P033508,2025-12-31,self_employed,137,6638.82
P033510,2025-12-31,employed,254,34112.5
P033514,2025-12-31,employed,295,18981.49
P033517,2025-12-31,employed,290,20312.33
P033522,2025-12-31,employed,272,29893.41
P033523,2025-12-31,employed,365,34722.67
P033527,2025-12-31,employed,278,21630.76
P033528,2025-12-31,employed,262,19890
P033529,2025-12-31,employed,307,13704.95
P033530,2025-12-31,employed,365,27923.7
P033532,2025-12-31,employed,211,44135.12
P033535,2025-12-31,marginal,112,3274
P033537,2025-12-31,employed,308,23910.19
P033538,2025-12-31,marginal,72,9163.28
P033540,2025-12-31,employed,365,25862.05
P033542,2025-12-31,employed,254,17491.55
P033544,2025-12-31,employed,314,32973.78
P033545,2025-12-31,marginal,34,4547.24
P033550,2025-12-31,employed,341,33859.11
P033552,2025-12-31,employed,340,34502.3
P033553,2025-12-31,employed,330,NA
P033555,2025-12-31,employed,365,41823.1
P033557,2025-12-31,employed,280,14019.92
P033558,2025-12-31,employed,272,33407.33
P033559,2025-12-31,employed,237,88416.42
P033560,2025-12-31,employed,247,39783
P033561,2025-12-31,employed,283,67657.94
P033563,2025-12-31,employed,246,16900.85
P033564,2025-12-31,employed,281,19282.93
P033569,2025-12-31,employed,365,43908.5
P033574,2025-12-31,marginal,85,2008.48
P033575,2025-12-31,self_employed,352,63796.05
P033576,2025-12-31,marginal,62,4618.34
P033578,2025-12-31,employed,298,29515
P033584,2025-12-31,marginal,87,7292.62
P033592,2025-12-31,employed,299,25824.78
P033593,2025-12-31,employed,257,65943.84
P033596,2025-12-31,employed,206,11285.15
P033597,2025-12-31,employed,365,53719.87
P033600,2025-12-31,employed,334,36389.93
P033602,2025-12-31,employed,205,20546.72
P033605,2025-12-31,employed,NA,18022.49
P033607,2025-12-31,employed,365,11250.35
P033609,2025-12-31,employed,300,19573.3
P033611,2025-12-31,employed,284,13147.15
P033613,2025-12-31,employed,261,65750.2
P033615,2025-12-31,employed,194,19619.08
P033618,2025-12-31,employed,283,22085.52
P033621,2025-12-31,employed,207,31973.59
P033624,2025-12-31,employed,348,42716.17
P033625,2025-12-31,marginal,81,7318
P033627,2025-12-31,employed,310,52622.13
P033628,2025-12-31,employed,214,16414.9
P033629,2025-12-31,marginal,118,6339.99
P033630,2025-12-31,employed,303,37166.38
P033631,2025-12-31,employed,263,27850.47
P033633,2025-12-31,employed,276,31545.16
P033634,2025-12-31,employed,288,47803.16
P033636,2025-12-31,employed,347,21014.57
P033638,2025-12-31,marginal,207,5189.65
P033639,2025-12-31,employed,180,65276.4
P033640,2025-12-31,self_employed,326,14580.06
P033643,2025-12-31,marginal,115,7589.01
P033644,2025-12-31,employed,365,30980.54
P033646,2025-12-31,self_employed,172,32423.06
P033648,2025-12-31,employed,295,20132.57
P033649,2025-12-31,marginal,61,3139.23
P033652,2025-12-31,marginal,101,5356.46
P033658,2025-12-31,employed,195,15813.9
P033661,2025-12-31,self_employed,365,25923.69
P033664,2025-12-31,no_record,0,0
P033665,2025-12-31,employed,328,43898.01
P033667,2025-12-31,employed,273,15043.09
P033668,2025-12-31,employed,201,38468.31
P033670,2025-12-31,employed,280,15805.53
P033672,2025-12-31,marginal,156,5184.17
P033674,2025-12-31,employed,305,32639.04
P033676,2025-12-31,employed,342,25551.16
P033679,2025-12-31,no_record,0,0
P033683,2025-12-31,marginal,129,3898.59
P033684,2025-12-31,employed,254,29107.71
P033685,2025-12-31,employed,273,28347.69
P033687,2025-12-31,employed,308,50816.57
P033688,2025-12-31,employed,303,30757.17
P033691,2025-12-31,employed,299,34420.51
P033692,2025-12-31,employed,235,20579.8
P033693,2025-12-31,employed,282,29077.98
P033695,2025-12-31,self_employed,312,19323
P033699,2025-12-31,marginal,94,1888.14
P033700,2025-12-31,employed,332,13565.03
P033703,2025-12-31,employed,365,43785.07
P033705,2025-12-31,employed,315,17716.33
P033708,2025-12-31,employed,316,32203.18
P033711,2025-12-31,employed,348,22238.04
P033713,2025-12-31,employed,307,22493.37
P033714,2025-12-31,employed,343,23416.3
P033715,2025-12-31,employed,197,10225.7
P033716,2025-12-31,self_employed,178,15882.65
P033717,2025-12-31,marginal,84,6691.45
P033722,2025-12-31,self_employed,175,12626.75
P033723,2025-12-31,employed,365,29155.66
P033725,2025-12-31,employed,365,22959.74
P033727,2025-12-31,employed,344,14052.27
P033728,2025-12-31,employed,277,12258.36
P033730,2025-12-31,employed,258,35474.65
P033733,2025-12-31,employed,365,13913.14
P033735,2025-12-31,employed,325,28859.17
P033739,2025-12-31,employed,299,19684.87
P033740,2025-12-31,employed,262,31099.93
P033741,2025-12-31,marginal,74,6839.58
P033745,2025-12-31,employed,329,63292.24
P033746,2025-12-31,employed,269,13676.98
P033750,2025-12-31,employed,318,65576.61
P033751,2025-12-31,employed,297,32848.44
P033753,2025-12-31,employed,270,46550.83
P033758,2025-12-31,employed,265,27221.38
P033761,2025-12-31,employed,282,67053.32
P033764,2025-12-31,marginal,105,7254.52
P033765,2025-12-31,employed,309,31218.98
P033767,2025-12-31,employed,187,23221.32
P033773,2025-12-31,employed,351,19221.22
P033774,2025-12-31,self_employed,139,11422.8
P033776,2025-12-31,employed,294,14362.85
P033778,2025-12-31,employed,299,20677.61
P033780,2025-12-31,employed,354,33975.9
P033781,2025-12-31,no_record,0,0
P033785,2025-12-31,employed,365,20592.69
P033786,2025-12-31,employed,301,19948.7
P033788,2025-12-31,employed,365,27188.97
P033790,2025-12-31,employed,130,18068.52
P033795,2025-12-31,employed,365,31868.69
P033797,2025-12-31,employed,342,24456.69
P033799,2025-12-31,employed,314,22393.49
P033800,2025-12-31,employed,242,45504.11
P033802,2025-12-31,employed,322,20454.05
P033804,2025-12-31,employed,259,25270.36
P033805,2025-12-31,employed,233,22829.19
P033807,2025-12-31,marginal,74,5285
P033808,2025-12-31,marginal,163,2700.39
P033809,2025-12-31,self_employed,98,8667.38
P033816,2025-12-31,self_employed,171,19241.69
P033818,2025-12-31,employed,266,35949.25
P033820,2025-12-31,employed,289,20903.05
P033821,2025-12-31,employed,273,51696.26
P033825,2025-12-31,marginal,109,5469.67
P033826,2025-12-31,employed,144,43314.83
P033829,2025-12-31,employed,311,32438.28
P033830,2025-12-31,employed,275,31046.27
P033831,2025-12-31,employed,314,40500.73
P033832,2025-12-31,employed,240,50116.66
P033833,2025-12-31,employed,237,34857.51
P033836,2025-12-31,employed,333,32586.78
P033837,2025-12-31,employed,306,18970.86
P033839,2025-12-31,employed,247,18574.04
P033840,2025-12-31,employed,336,NA
P033841,2025-12-31,employed,263,25658.07
P033842,2025-12-31,employed,346,52587.92
P033843,2025-12-31,self_employed,206,9926.2
P033847,2025-12-31,self_employed,221,24083.6
P033849,2025-12-31,self_employed,272,71583.21
P033850,2025-12-31,employed,300,34743.05
P033851,2025-12-31,marginal,111,5779.6
P033855,2025-12-31,employed,320,25230.94
P033857,2025-12-31,employed,324,30043.28
P033860,2025-12-31,employed,365,33668.9
P033862,2025-12-31,employed,230,31114.04
P033863,2025-12-31,no_record,0,0
P033869,2025-12-31,employed,365,13113.02
P033873,2025-12-31,self_employed,175,17327.11
P033875,2025-12-31,employed,322,22576.41
P033876,2025-12-31,self_employed,201,26669.43
P033877,2025-12-31,employed,315,30104.8
P033878,2025-12-31,employed,196,25505.97
P033880,2025-12-31,employed,261,27590.65
P033882,2025-12-31,employed,252,26157.07
P033883,2025-12-31,employed,313,21444.76
P033888,2025-12-31,employed,300,38767.55
P033896,2025-12-31,employed,246,36697.66
P033899,2025-12-31,employed,263,63174.97
P033900,2025-12-31,marginal,44,4437.06
P033902,2025-12-31,employed,126,34621.14
P033903,2025-12-31,self_employed,221,15652.02
P033906,2025-12-31,employed,289,25889.41
P033909,2025-12-31,employed,365,28075.29
P033910,2025-12-31,employed,344,29284.7
P033912,2025-12-31,self_employed,156,10607.28
P033916,2025-12-31,employed,236,19108.81
P033921,2025-12-31,employed,257,14797.03
P033923,2025-12-31,no_record,0,0
P033925,2025-12-31,employed,296,24658.66
P033926,2025-12-31,no_record,0,0
P033927,2025-12-31,employed,299,55007.38
P033928,2025-12-31,employed,283,45172.91
P033929,2025-12-31,marginal,130,3056.09
P033930,2025-12-31,employed,359,68417.97
P033932,2025-12-31,employed,292,19075.74
P033934,2025-12-31,employed,320,44224.07
P033935,2025-12-31,employed,269,39337.94
P033939,2025-12-31,employed,233,19503.23
P033940,2025-12-31,employed,134,28108.47
P033943,2025-12-31,employed,236,15226.39
P033944,2025-12-31,employed,365,38616.15
P033945,2025-12-31,employed,172,29642.57
P033946,2025-12-31,marginal,48,6584.83
P033948,2025-12-31,employed,315,33410.07
P033949,2025-12-31,employed,273,39593.33
P033956,2025-12-31,marginal,83,3941.5
P033960,2025-12-31,employed,357,33653.42
P033965,2025-12-31,employed,330,37269.59
P033969,2025-12-31,employed,302,43856.95
P033970,2025-12-31,employed,325,48460.59
P033971,2025-12-31,employed,251,17034.02
P033972,2025-12-31,employed,335,20091.95
P033973,2025-12-31,employed,302,22166.49
P033974,2025-12-31,marginal,72,9331.4
P033976,2025-12-31,employed,277,22577.65
P033977,2025-12-31,employed,365,16077.61
P033979,2025-12-31,employed,326,43906.25
P033981,2025-12-31,marginal,123,5136.29
P033982,2025-12-31,employed,365,41284.82
P033983,2025-12-31,employed,359,26676.94
P033985,2025-12-31,employed,335,39356.91
P033988,2025-12-31,employed,360,46609.41
P033989,2025-12-31,employed,216,23296.75
P033991,2025-12-31,employed,202,22768.64
P033993,2025-12-31,employed,171,39028.49
P033998,2025-12-31,employed,317,17770.56
P034005,2025-12-31,employed,355,32780.12
P034007,2025-12-31,employed,242,28531.51
P034011,2025-12-31,employed,259,24490.14
P034015,2025-12-31,employed,302,67013.42
P034016,2025-12-31,self_employed,243,19152.33
P034021,2025-12-31,employed,286,34885.79
P034027,2025-12-31,employed,216,12409.54
P034028,2025-12-31,employed,289,18594.68
P034030,2025-12-31,employed,189,43237.41
P034032,2025-12-31,employed,284,32642.25
P034035,2025-12-31,marginal,57,1660.37
P034036,2025-12-31,marginal,125,9063.32
P034039,2025-12-31,marginal,47,5076.64
P034040,2025-12-31,employed,215,34309.77
P034046,2025-12-31,employed,237,17787.85
P034047,2025-12-31,marginal,122,3905.74
P034048,2025-12-31,employed,306,19200.88
P034049,2025-12-31,employed,198,16771.49
P034050,2025-12-31,employed,183,41291.89
P034052,2025-12-31,no_record,0,0
P034053,2025-12-31,self_employed,315,8712.63
P034054,2025-12-31,employed,222,37004.66
P034055,2025-12-31,employed,353,41334.15
P034059,2025-12-31,employed,246,25132.38
P034060,2025-12-31,employed,236,17852.08
P034061,2025-12-31,self_employed,318,14952.24
P034063,2025-12-31,no_record,0,0
P034064,2025-12-31,marginal,100,3799.47
P034065,2025-12-31,self_employed,365,35938.56
P034067,2025-12-31,marginal,218,7331.07
P034070,2025-12-31,employed,346,20315.02
P034073,2025-12-31,employed,193,28380.23
P034074,2025-12-31,marginal,66,7438.07
P034075,2025-12-31,employed,250,17442.13
P034076,2025-12-31,employed,265,52468.9
P034080,2025-12-31,employed,238,26068.59
P034082,2025-12-31,employed,365,45096.23
P034083,2025-12-31,no_record,0,0
P034084,2025-12-31,employed,314,13414.55
P034087,2025-12-31,self_employed,322,24669.27
P034090,2025-12-31,employed,365,33272.3
P034091,2025-12-31,no_record,0,0
P034092,2025-12-31,employed,227,25133.15
P034094,2025-12-31,marginal,223,8684.64
P034098,2025-12-31,no_record,0,0
P034100,2025-12-31,employed,313,13026.1
P034102,2025-12-31,employed,313,30483.05
P034106,2025-12-31,employed,250,22969.77
P034112,2025-12-31,employed,365,38520.59
P034113,2025-12-31,employed,338,32125.56
P034114,2025-12-31,employed,346,16772.55
P034117,2025-12-31,marginal,233,5564.13
P034118,2025-12-31,employed,316,28015.72
P034119,2025-12-31,marginal,70,2434.69
P034120,2025-12-31,no_record,0,0
P034122,2025-12-31,employed,294,23504.78
P034129,2025-12-31,employed,356,23885.63
P034131,2025-12-31,employed,365,14177.99
P034133,2025-12-31,employed,241,20349.67
P034135,2025-12-31,employed,288,11407.33
P034141,2025-12-31,employed,355,28717.38
P034145,2025-12-31,employed,243,27135.86
P034147,2025-12-31,employed,365,39002.45
P034148,2025-12-31,self_employed,342,24726.72
P034150,2025-12-31,employed,311,33624.58
P034151,2025-12-31,self_employed,298,10435.49
P034153,2025-12-31,employed,351,18152.07
P034154,2025-12-31,self_employed,80,66198.5
P034156,2025-12-31,self_employed,257,22549.46
P034157,2025-12-31,employed,326,22986.13
P034158,2025-12-31,employed,230,21121.95
P034159,2025-12-31,employed,224,21559.1
P034160,2025-12-31,employed,286,25451.37
P034161,2025-12-31,employed,324,31799.49
P034162,2025-12-31,employed,348,28062.08
P034164,2025-12-31,no_record,0,0
P034166,2025-12-31,employed,321,19889.56
P034168,2025-12-31,employed,326,24187.97
P034169,2025-12-31,employed,278,34928.19
P034170,2025-12-31,self_employed,219,35675.52
P034171,2025-12-31,employed,331,32319.62
P034173,2025-12-31,employed,311,25993.09
P034175,2025-12-31,employed,227,30702.82
P034176,2025-12-31,employed,306,25955.05
P034179,2025-12-31,marginal,178,6859.82
P034181,2025-12-31,employed,244,19703.23
P034183,2025-12-31,employed,200,18147.85
P034185,2025-12-31,employed,241,15992.02
P034188,2025-12-31,employed,289,41304.08
P034191,2025-12-31,employed,347,22674.5
P034196,2025-12-31,employed,312,28705.18
P034200,2025-12-31,employed,210,31677.15
P034206,2025-12-31,employed,258,23491.62
P034207,2025-12-31,employed,265,NA
P034208,2025-12-31,employed,361,19511.29
P034209,2025-12-31,employed,290,33678.91
P034210,2025-12-31,employed,201,25976.6
P034212,2025-12-31,employed,215,22731.82
P034214,2025-12-31,employed,318,17625.08
P034216,2025-12-31,self_employed,356,5917.4
P034219,2025-12-31,marginal,165,2912.47
P034222,2025-12-31,employed,328,40385.89
P034226,2025-12-31,employed,217,21115.62
P034230,2025-12-31,self_employed,239,9568.28
P034232,2025-12-31,employed,305,24554.02
P034233,2025-12-31,marginal,152,9161.2
P034234,2025-12-31,employed,365,23914.55
P034235,2025-12-31,marginal,137,8375.91
P034236,2025-12-31,employed,361,50033.84
P034239,2025-12-31,employed,365,38484.94
P034241,2025-12-31,employed,306,33774.73
P034244,2025-12-31,self_employed,303,54388.01
P034249,2025-12-31,self_employed,347,45825.85
P034250,2025-12-31,employed,320,22204.11
P034251,2025-12-31,employed,359,28381.26
P034253,2025-12-31,employed,341,12274.57
P034255,2025-12-31,employed,236,46267.85
P034256,2025-12-31,self_employed,208,41416.12
P034258,2025-12-31,employed,365,48122.28
P034260,2025-12-31,employed,236,26985
P034261,2025-12-31,employed,318,28867.28
P034262,2025-12-31,employed,227,21226.91
P034265,2025-12-31,employed,360,13360.96
P034266,2025-12-31,employed,267,25562.61
P034267,2025-12-31,employed,252,23469.06
P034272,2025-12-31,employed,293,34473.05
P034273,2025-12-31,employed,345,12444.48
P034274,2025-12-31,marginal,50,4929.4
P034275,2025-12-31,employed,263,27379.67
P034278,2025-12-31,marginal,143,5678.87
P034281,2025-12-31,employed,314,16598.12
P034284,2025-12-31,employed,294,20986.87
P034285,2025-12-31,employed,258,42835.53
P034287,2025-12-31,self_employed,260,30746.27
P034291,2025-12-31,employed,287,32176.16
P034296,2025-12-31,employed,299,28091.7
P034298,2025-12-31,employed,215,16845.13
P034301,2025-12-31,employed,283,52286.7
P034303,2025-12-31,self_employed,263,54107.15
P034304,2025-12-31,employed,222,25456.19
P034306,2025-12-31,employed,365,18706.87
P034313,2025-12-31,self_employed,297,13827.82
P034314,2025-12-31,self_employed,365,17593.81
P034321,2025-12-31,employed,319,17986.31
P034322,2025-12-31,marginal,67,4439.1
P034323,2025-12-31,marginal,122,3976.09
P034324,2025-12-31,employed,310,14859.65
P034325,2025-12-31,employed,365,42251.18
P034328,2025-12-31,employed,272,59591.08
P034329,2025-12-31,employed,243,22595.39
P034330,2025-12-31,employed,325,23244.96
P034337,2025-12-31,employed,213,16516.93
P034338,2025-12-31,self_employed,308,58259.83
P034342,2025-12-31,marginal,80,5143.09
P034347,2025-12-31,employed,251,15117.11
P034353,2025-12-31,employed,225,23084.23
P034354,2025-12-31,employed,343,70486.39
P034360,2025-12-31,self_employed,179,70494.91
P034363,2025-12-31,employed,316,14061.57
P034364,2025-12-31,employed,365,20148.39
P034366,2025-12-31,employed,297,40579.01
P034370,2025-12-31,marginal,112,5270.24
P034372,2025-12-31,employed,250,22304.6
P034374,2025-12-31,employed,257,46507.48
P034375,2025-12-31,employed,237,17848.33
P034376,2025-12-31,employed,344,34300.96
P034378,2025-12-31,employed,357,30883.96
P034379,2025-12-31,employed,280,30506.7
P034381,2025-12-31,self_employed,119,10098.39
P034384,2025-12-31,self_employed,176,43579.14
P034385,2025-12-31,employed,325,23277.44
P034386,2025-12-31,employed,230,16207.33
P034387,2025-12-31,employed,282,17646.38
P034389,2025-12-31,employed,365,32571.47
P034390,2025-12-31,employed,323,21521.99
P034394,2025-12-31,employed,365,35542.07
P034395,2025-12-31,employed,306,16596.76
P034396,2025-12-31,employed,163,43032.86
P034397,2025-12-31,self_employed,365,9815.31
P034399,2025-12-31,employed,241,36324.45
P034403,2025-12-31,employed,190,29942.4
P034404,2025-12-31,employed,233,48387.8
P034408,2025-12-31,employed,261,21011.69
P034409,2025-12-31,employed,252,19437.26
P034413,2025-12-31,employed,259,14026.73
P034414,2025-12-31,employed,276,40821.56
P034415,2025-12-31,employed,355,21083.58
P034416,2025-12-31,employed,255,45722.01
P034417,2025-12-31,employed,246,10958.14
P034418,2025-12-31,employed,365,28862.39
P034421,2025-12-31,employed,305,14657.97
P034422,2025-12-31,employed,194,44567.62
P034425,2025-12-31,self_employed,260,8971.11
P034427,2025-12-31,employed,294,20391.83
P034428,2025-12-31,employed,341,25757.18
P034430,2025-12-31,self_employed,247,14093.12
P034431,2025-12-31,employed,318,18039.43
P034432,2025-12-31,employed,218,19583.28
P034434,2025-12-31,employed,207,21402.18
P034435,2025-12-31,marginal,143,4519.45
P034438,2025-12-31,employed,175,23992.97
P034439,2025-12-31,employed,250,17724.8
P034440,2025-12-31,employed,259,17867.18
P034441,2025-12-31,employed,247,28086.76
P034442,2025-12-31,marginal,93,6976.46
P034445,2025-12-31,marginal,156,5327.54
P034446,2025-12-31,employed,365,10363.52
P034449,2025-12-31,employed,349,23509.93
P034450,2025-12-31,employed,264,24282.31
P034453,2025-12-31,employed,253,19264.82
P034455,2025-12-31,employed,223,31962.41
P034456,2025-12-31,employed,266,14040.44
P034457,2025-12-31,self_employed,365,23118.94
P034459,2025-12-31,employed,206,53428.92
P034463,2025-12-31,employed,365,45964.99
P034465,2025-12-31,employed,347,48329.78
P034466,2025-12-31,employed,365,22671.06
P034474,2025-12-31,self_employed,272,15916.89
P034475,2025-12-31,marginal,140,8770
P034476,2025-12-31,marginal,93,4457.84
P034479,2025-12-31,employed,282,54427.98
P034482,2025-12-31,employed,211,18717.69
P034485,2025-12-31,employed,304,39134.62
P034488,2025-12-31,marginal,139,6191.23
P034489,2025-12-31,employed,295,22201.07
P034496,2025-12-31,employed,233,18931.86
P034497,2025-12-31,self_employed,268,16632.83
P034503,2025-12-31,marginal,86,3008.85
P034506,2025-12-31,employed,227,11921.62
P034508,2025-12-31,employed,365,51619.76
P034513,2025-12-31,employed,264,34737.5
P034519,2025-12-31,self_employed,172,19962.97
P034521,2025-12-31,employed,328,40476.08
P034530,2025-12-31,self_employed,140,14957.06
P034531,2025-12-31,employed,174,34835.85
P034534,2025-12-31,employed,316,15424.74
P034545,2025-12-31,employed,325,9450.43
P034548,2025-12-31,marginal,100,NA
P034554,2025-12-31,self_employed,233,29158.62
P034556,2025-12-31,employed,322,16542.96
P034557,2025-12-31,self_employed,311,15270.94
P034559,2025-12-31,self_employed,365,18418.51
P034560,2025-12-31,employed,296,12632.48
P034563,2025-12-31,marginal,134,5964.36
P034564,2025-12-31,marginal,97,3453.9
P034565,2025-12-31,employed,225,34929.21
P034567,2025-12-31,employed,249,18647.42
P034569,2025-12-31,employed,291,16773.47
P034573,2025-12-31,employed,307,24580.54
P034576,2025-12-31,employed,365,32270.76
P034578,2025-12-31,employed,309,23464.32
P034579,2025-12-31,employed,320,21034.73
P034581,2025-12-31,employed,303,20826.35
P034588,2025-12-31,employed,278,21982.57
P034589,2025-12-31,marginal,125,7831.1
P034591,2025-12-31,employed,262,16423.48
P034592,2025-12-31,employed,311,27928.76
P034594,2025-12-31,self_employed,30,38022.6
P034596,2025-12-31,self_employed,290,81585.79
P034598,2025-12-31,employed,213,14610.9
P034600,2025-12-31,employed,327,23397.02
P034603,2025-12-31,self_employed,242,5958.09
P034604,2025-12-31,self_employed,136,26868.91
P034605,2025-12-31,employed,365,32908.59
P034609,2025-12-31,employed,204,28519.09
P034610,2025-12-31,self_employed,297,37709.76
P034614,2025-12-31,employed,297,20429.84
P034615,2025-12-31,employed,344,57868.69
P034618,2025-12-31,employed,348,24577.06
P034619,2025-12-31,marginal,93,6865.66
P034620,2025-12-31,employed,239,39000.71
P034625,2025-12-31,employed,301,20083.08
P034627,2025-12-31,employed,255,59922.87
P034629,2025-12-31,employed,298,22991.32
P034630,2025-12-31,employed,229,31268.98
P034631,2025-12-31,employed,249,20649.45
P034633,2025-12-31,self_employed,283,19335
P034635,2025-12-31,employed,230,45089.15
P034637,2025-12-31,employed,271,73035.31
P034639,2025-12-31,marginal,118,6710.13
P034641,2025-12-31,employed,365,6319.68
P034644,2025-12-31,employed,287,28955.8
P034649,2025-12-31,employed,297,45998.29
P034650,2025-12-31,self_employed,190,26582.66
P034651,2025-12-31,employed,338,25592.84
P034655,2025-12-31,employed,246,22665.25
P034658,2025-12-31,employed,365,30242.18
P034659,2025-12-31,employed,257,31271.84
P034660,2025-12-31,employed,353,62858.68
P034663,2025-12-31,marginal,151,3952.02
P034664,2025-12-31,employed,236,36942.83
P034667,2025-12-31,no_record,0,0
P034668,2025-12-31,employed,209,21111.35
P034670,2025-12-31,employed,289,32303.52
P034676,2025-12-31,employed,317,50627.63
P034678,2025-12-31,employed,190,30903.28
P034679,2025-12-31,employed,325,31184.19
P034681,2025-12-31,employed,284,22048.87
P034683,2025-12-31,employed,224,32563.14
P034685,2025-12-31,employed,290,24398.68
P034686,2025-12-31,employed,365,21530.78
P034688,2025-12-31,employed,259,15732.95
P034690,2025-12-31,employed,238,35910.83
P034691,2025-12-31,employed,311,16661.29
P034696,2025-12-31,employed,227,28025.96
P034697,2025-12-31,employed,253,23400.12
P034699,2025-12-31,self_employed,281,29972.62
P034700,2025-12-31,employed,365,35308.5
P034702,2025-12-31,marginal,143,8036.58
P034704,2025-12-31,marginal,43,4750.27
P034706,2025-12-31,employed,272,9636.31
P034707,2025-12-31,employed,365,15362.94
P034708,2025-12-31,self_employed,179,5286.12
P034710,2025-12-31,employed,311,33759.87
P034711,2025-12-31,marginal,109,6686.92
P034713,2025-12-31,employed,329,44406.51
P034715,2025-12-31,no_record,0,0
P034716,2025-12-31,employed,303,10657.64
P034717,2025-12-31,employed,338,27482.49
P034720,2025-12-31,employed,326,38126.8
P034723,2025-12-31,marginal,123,4292.73
P034724,2025-12-31,self_employed,249,26666.37
P034725,2025-12-31,employed,174,18848.65
P034726,2025-12-31,employed,212,21174.74
P034727,2025-12-31,marginal,96,4310.8
P034728,2025-12-31,employed,340,24044.9
P034730,2025-12-31,self_employed,357,21458.51
P034731,2025-12-31,employed,184,20460.85
P034732,2025-12-31,employed,255,14092.31
P034735,2025-12-31,employed,336,NA
P034736,2025-12-31,employed,365,14180.36
P034738,2025-12-31,self_employed,271,18904.01
P034740,2025-12-31,employed,365,9369.57
P034741,2025-12-31,employed,360,67527.96
P034742,2025-12-31,employed,259,18191.62
P034743,2025-12-31,employed,315,58497.94
P034754,2025-12-31,employed,304,26289.23
P034755,2025-12-31,employed,281,37385.72
P034757,2025-12-31,employed,282,38178.92
P034759,2025-12-31,employed,292,17541.93
P034761,2025-12-31,employed,221,62237.71
P034762,2025-12-31,employed,280,21795.32
P034763,2025-12-31,employed,365,21126.3
P034765,2025-12-31,employed,330,15648.74
P034767,2025-12-31,marginal,31,6072.75
P034768,2025-12-31,employed,329,23049.47
P034769,2025-12-31,no_record,0,0
P034771,2025-12-31,self_employed,307,10861.15
P034772,2025-12-31,self_employed,260,18841.39
P034774,2025-12-31,employed,300,29639.93
P034776,2025-12-31,employed,253,15381.88
P034777,2025-12-31,employed,299,16439.21
P034779,2025-12-31,marginal,93,9065.4
P034783,2025-12-31,employed,304,59210.15
P034784,2025-12-31,employed,326,24481.72
P034786,2025-12-31,employed,302,48944.13
P034789,2025-12-31,employed,352,23676.09
P034791,2025-12-31,employed,336,35775.05
P034793,2025-12-31,employed,219,22361.99
P034794,2025-12-31,employed,335,23954.68
P034795,2025-12-31,marginal,94,4100.39
P034798,2025-12-31,employed,258,35316.68
P034799,2025-12-31,employed,239,56494.83
P034800,2025-12-31,no_record,0,0
P034804,2025-12-31,employed,237,24011.45
P034805,2025-12-31,marginal,127,9267.57
P034807,2025-12-31,employed,267,29950.56
P034809,2025-12-31,self_employed,365,24383.52
P034810,2025-12-31,self_employed,258,8940.41
P034813,2025-12-31,employed,310,30392.16
P034814,2025-12-31,marginal,125,6126.17
P034817,2025-12-31,self_employed,219,15353.78
P034822,2025-12-31,employed,259,20715.81
P034826,2025-12-31,employed,228,NA
P034827,2025-12-31,employed,192,22010.14
P034829,2025-12-31,employed,350,32261.49
P034830,2025-12-31,employed,268,38036.34
P034831,2025-12-31,employed,356,28245.22
P034834,2025-12-31,employed,270,30191.32
P034835,2025-12-31,employed,322,22649
P034837,2025-12-31,marginal,143,5990.96
P034838,2025-12-31,employed,365,20438.4
P034840,2025-12-31,marginal,110,4018.51
P034841,2025-12-31,marginal,178,8753.72
P034845,2025-12-31,employed,151,20825.15
P034846,2025-12-31,marginal,99,4119.9
P034850,2025-12-31,employed,328,18780.69
P034854,2025-12-31,employed,255,9583.49
P034856,2025-12-31,employed,360,26955.48
P034859,2025-12-31,employed,286,20143.98
P034860,2025-12-31,employed,309,35909.5
P034861,2025-12-31,employed,282,24952.08
P034867,2025-12-31,marginal,194,4774.78
P034868,2025-12-31,employed,330,27287.59
P034873,2025-12-31,employed,342,30549.96
P034876,2025-12-31,employed,185,23529.04
P034878,2025-12-31,employed,238,26309.89
P034881,2025-12-31,employed,241,17338.27
P034882,2025-12-31,employed,251,49909.73
P034883,2025-12-31,employed,249,25331.69
P034885,2025-12-31,employed,345,21046.12
P034892,2025-12-31,employed,349,31807.5
P034893,2025-12-31,employed,240,29170.64
P034894,2025-12-31,employed,195,27009.54
P034895,2025-12-31,marginal,154,5506.6
P034896,2025-12-31,employed,323,24915.78
P034898,2025-12-31,employed,249,16923.91
P034899,2025-12-31,employed,287,28476.3
P034900,2025-12-31,employed,317,23921.33
P034902,2025-12-31,employed,240,29395.06
P034904,2025-12-31,employed,323,15878.76
P034905,2025-12-31,employed,232,34330.22
P034906,2025-12-31,employed,282,44990.67
P034907,2025-12-31,employed,229,12903.8
P034909,2025-12-31,marginal,122,4018.77
P034910,2025-12-31,employed,336,20649.57
P034911,2025-12-31,employed,365,34430.91
P034912,2025-12-31,employed,320,38660.48
P034914,2025-12-31,employed,365,26330.03
P034920,2025-12-31,marginal,157,5040.6
P034922,2025-12-31,employed,243,26109.02
P034923,2025-12-31,self_employed,268,41370.77
P034926,2025-12-31,self_employed,230,NA
P034927,2025-12-31,employed,330,28842.82
P034930,2025-12-31,marginal,120,2487.68
P034931,2025-12-31,employed,299,36221.12
P034932,2025-12-31,marginal,95,4184.67
P034935,2025-12-31,employed,365,26539.77
P034938,2025-12-31,employed,292,14324.06
P034941,2025-12-31,employed,198,32831.74
P034943,2025-12-31,employed,361,36403.45
P034944,2025-12-31,self_employed,205,20396.17
P034946,2025-12-31,employed,332,24330.76
P034947,2025-12-31,self_employed,365,59678.63
P034948,2025-12-31,marginal,188,5350.13
P034952,2025-12-31,employed,245,41139.2
P034953,2025-12-31,employed,324,22940.19
P034954,2025-12-31,self_employed,264,22177.25
P034955,2025-12-31,employed,361,16595.63
P034957,2025-12-31,employed,242,34899.07
P034959,2025-12-31,employed,232,17061.63
P034960,2025-12-31,marginal,44,4137.64
P034962,2025-12-31,employed,316,37383.83
P034963,2025-12-31,employed,272,33924.31
P034964,2025-12-31,employed,313,37138.02
P034966,2025-12-31,employed,168,35877.24
P034967,2025-12-31,employed,319,17359.34
P034978,2025-12-31,marginal,117,3526.5
P034980,2025-12-31,employed,282,17650.3
P034985,2025-12-31,employed,348,19913.95
P034986,2025-12-31,marginal,47,3410.07
P034988,2025-12-31,marginal,102,2708.18
P034991,2025-12-31,marginal,140,3933.73
P034994,2025-12-31,employed,265,29085.24
P034996,2025-12-31,employed,265,28094.36
P034998,2025-12-31,employed,317,30241.92
P035001,2025-12-31,employed,268,31820.61
P035002,2025-12-31,employed,218,98313.78
P035005,2025-12-31,employed,337,17597.14
P035006,2025-12-31,employed,216,21343.96
P035009,2025-12-31,employed,298,18896.25
P035011,2025-12-31,employed,357,11790.66
P035013,2025-12-31,employed,292,22583.14
P035014,2025-12-31,employed,268,28751.44
P035016,2025-12-31,employed,323,12030.25
P035017,2025-12-31,employed,333,20096.4
P035018,2025-12-31,employed,175,53099.11
P035023,2025-12-31,marginal,128,12428.96
P035026,2025-12-31,employed,263,NA
P035034,2025-12-31,employed,335,23219.91
P035035,2025-12-31,self_employed,365,23329.46
P035036,2025-12-31,employed,282,18831.96
P035038,2025-12-31,marginal,136,4912.49
P035041,2025-12-31,self_employed,201,8907.39
P035043,2025-12-31,employed,293,15347.21
P035044,2025-12-31,employed,213,40670.84
P035045,2025-12-31,employed,305,28197.05
P035047,2025-12-31,employed,249,54869.53
P035050,2025-12-31,no_record,0,0
P035053,2025-12-31,employed,289,26389.69
P035056,2025-12-31,self_employed,119,33864.66
P035057,2025-12-31,employed,334,52082.4
P035059,2025-12-31,employed,365,16410.92
P035066,2025-12-31,employed,308,23992.68
P035067,2025-12-31,marginal,147,4657.62
P035069,2025-12-31,employed,323,31391.84
P035073,2025-12-31,employed,365,64263.18
P035074,2025-12-31,employed,333,38241.02
P035076,2025-12-31,employed,336,15007.84
P035078,2025-12-31,self_employed,220,7526.99
P035079,2025-12-31,marginal,83,4169.86
P035080,2025-12-31,employed,330,16886.73
P035081,2025-12-31,employed,297,12762.79
P035082,2025-12-31,employed,303,25450.14
P035083,2025-12-31,employed,310,39394.27
P035086,2025-12-31,employed,337,9574.59
P035087,2025-12-31,employed,365,23655.03
P035088,2025-12-31,employed,320,41117.24
P035089,2025-12-31,employed,317,16778.59
P035090,2025-12-31,employed,177,19202.36
P035092,2025-12-31,employed,343,26243.38
P035093,2025-12-31,employed,296,18038.54
P035095,2025-12-31,employed,365,31863.74
P035098,2025-12-31,employed,335,55291.53
P035099,2025-12-31,self_employed,253,33495.27
P035102,2025-12-31,employed,245,20177.13
P035113,2025-12-31,employed,340,32688.4
P035114,2025-12-31,employed,365,35424.74
P035115,2025-12-31,employed,365,40375.54
P035118,2025-12-31,employed,365,111626.41
P035119,2025-12-31,employed,324,29054.24
P035123,2025-12-31,employed,257,34842.89
P035124,2025-12-31,employed,326,52097.3
P035127,2025-12-31,employed,365,28233.25
P035129,2025-12-31,self_employed,251,12797.1
P035130,2025-12-31,marginal,63,10097.61
P035134,2025-12-31,employed,223,14246
P035135,2025-12-31,employed,333,33787.02
P035138,2025-12-31,marginal,98,4897.58
P035139,2025-12-31,employed,328,27644
P035140,2025-12-31,self_employed,167,10818.8
P035141,2025-12-31,marginal,145,3561.6
P035143,2025-12-31,employed,256,47541.89
P035145,2025-12-31,self_employed,143,9989.46
P035147,2025-12-31,self_employed,294,12793.42
P035152,2025-12-31,employed,365,23285.71
P035154,2025-12-31,employed,147,46396.85
P035155,2025-12-31,employed,238,55980.23
P035156,2025-12-31,employed,249,33724.36
P035157,2025-12-31,employed,252,21355.33
P035161,2025-12-31,employed,341,26135.63
P035163,2025-12-31,employed,353,24597.91
P035165,2025-12-31,employed,237,20332.49
P035168,2025-12-31,employed,356,22354.26
P035172,2025-12-31,no_record,0,0
P035173,2025-12-31,employed,185,28650.14
P035174,2025-12-31,no_record,0,0
P035175,2025-12-31,employed,348,15577.88
P035176,2025-12-31,marginal,66,5745.7
P035177,2025-12-31,marginal,109,4253.7
P035179,2025-12-31,employed,252,42133.51
P035185,2025-12-31,employed,222,16161.93
P035186,2025-12-31,employed,365,30900.22
P035188,2025-12-31,employed,301,27873.52
P035189,2025-12-31,marginal,146,4127.84
P035190,2025-12-31,employed,302,13597.9
P035191,2025-12-31,employed,281,38865.44
P035193,2025-12-31,employed,291,18930.03
P035195,2025-12-31,employed,226,32188.25
P035198,2025-12-31,employed,292,18453.45
P035199,2025-12-31,employed,314,37809.11
P035201,2025-12-31,self_employed,143,8567.99
P035202,2025-12-31,self_employed,186,46342.07
P035208,2025-12-31,employed,365,36200.93
P035209,2025-12-31,employed,306,17549.67
P035210,2025-12-31,employed,254,31782.03
P035211,2025-12-31,employed,354,16448.18
P035212,2025-12-31,employed,343,12893.26
P035214,2025-12-31,employed,292,32999.92
P035219,2025-12-31,employed,200,26391.56
P035221,2025-12-31,employed,355,22086.14
P035222,2025-12-31,employed,345,31285.22
P035223,2025-12-31,employed,334,25824.35
P035224,2025-12-31,employed,283,30589.36
P035225,2025-12-31,marginal,47,2953.85
P035226,2025-12-31,employed,358,41262.57
P035227,2025-12-31,employed,293,24678.94
P035231,2025-12-31,employed,291,37861.6
P035233,2025-12-31,employed,257,44683.01
P035240,2025-12-31,employed,262,13224.29
P035249,2025-12-31,employed,352,7379.14
P035252,2025-12-31,marginal,87,3960.52
P035255,2025-12-31,self_employed,201,44440.15
P035256,2025-12-31,employed,320,21075.06
P035257,2025-12-31,self_employed,159,74003.63
P035260,2025-12-31,employed,264,27667.36
P035262,2025-12-31,employed,277,45577.21
P035265,2025-12-31,self_employed,190,31563.2
P035266,2025-12-31,employed,190,46721.7
P035267,2025-12-31,employed,365,33614.08
P035268,2025-12-31,employed,325,22019.98
P035270,2025-12-31,employed,229,21156.8
P035274,2025-12-31,employed,208,42106.33
P035279,2025-12-31,employed,227,18873.82
P035281,2025-12-31,employed,259,26218.04
P035282,2025-12-31,employed,263,24272.24
P035284,2025-12-31,employed,365,23666.06
P035286,2025-12-31,employed,NA,47763.8
P035289,2025-12-31,employed,295,31974.35
P035291,2025-12-31,employed,326,26879.09
P035293,2025-12-31,employed,166,40567.89
P035295,2025-12-31,employed,297,24260.55
P035297,2025-12-31,employed,311,49228.66
P035298,2025-12-31,employed,318,70790.43
P035302,2025-12-31,employed,335,33993.42
P035303,2025-12-31,employed,272,19397.09
P035304,2025-12-31,employed,300,32471.2
P035308,2025-12-31,employed,266,28352.53
P035309,2025-12-31,employed,358,22970.51
P035312,2025-12-31,employed,307,23290.66
P035314,2025-12-31,employed,291,44842.97
P035315,2025-12-31,employed,293,32706.5
P035316,2025-12-31,employed,344,33570.52
P035317,2025-12-31,employed,206,14760.81
P035324,2025-12-31,employed,334,23802.37
P035330,2025-12-31,self_employed,311,42671.34
P035331,2025-12-31,employed,365,20535.31
P035332,2025-12-31,employed,193,46124.9
P035334,2025-12-31,self_employed,212,24084.4
P035335,2025-12-31,employed,279,37085.78
P035337,2025-12-31,self_employed,365,11834.5
P035339,2025-12-31,employed,235,13121.38
P035340,2025-12-31,employed,239,30360.59
P035342,2025-12-31,employed,260,30589.75
P035343,2025-12-31,no_record,0,0
P035345,2025-12-31,marginal,97,5077.84
P035346,2025-12-31,employed,320,30253
P035348,2025-12-31,employed,191,35925.51
P035350,2025-12-31,employed,267,36424.65
P035351,2025-12-31,employed,247,18851.1
P035353,2025-12-31,marginal,109,1988.34
P035357,2025-12-31,employed,268,28023.65
P035358,2025-12-31,employed,311,NA
P035359,2025-12-31,employed,269,27643.4
P035363,2025-12-31,employed,327,18205.34
P035366,2025-12-31,employed,179,30388.2
P035367,2025-12-31,employed,236,14370.3
P035369,2025-12-31,employed,301,27876.79
P035372,2025-12-31,self_employed,225,21219.51
P035373,2025-12-31,marginal,130,3803.78
P035375,2025-12-31,employed,310,30025.03
P035376,2025-12-31,employed,322,94254.83
P035380,2025-12-31,employed,282,NA
P035384,2025-12-31,employed,365,33778.53
P035385,2025-12-31,employed,365,26622.43
P035389,2025-12-31,employed,308,18655.94
P035391,2025-12-31,employed,297,46062.11
P035396,2025-12-31,employed,225,21586.79
P035398,2025-12-31,employed,266,23824.52
P035401,2025-12-31,employed,259,22707.46
P035406,2025-12-31,self_employed,230,14249.44
P035407,2025-12-31,marginal,87,5670.85
P035409,2025-12-31,marginal,132,4499.86
P035411,2025-12-31,self_employed,243,11752.65
P035412,2025-12-31,employed,350,34604.31
P035414,2025-12-31,employed,274,38531.92
P035416,2025-12-31,marginal,127,4533.84
P035422,2025-12-31,employed,304,19887.55
P035423,2025-12-31,employed,293,75233.06
P035428,2025-12-31,self_employed,278,29093.46
P035430,2025-12-31,employed,118,26184.75
P035433,2025-12-31,employed,323,30106.73
P035434,2025-12-31,employed,219,26649.99
P035435,2025-12-31,employed,365,12322.88
P035441,2025-12-31,self_employed,365,5472.7
P035443,2025-12-31,employed,276,31909.09
P035446,2025-12-31,employed,285,31297.04
P035447,2025-12-31,employed,350,36737.34
P035450,2025-12-31,employed,253,14819.2
P035451,2025-12-31,employed,304,35539.63
P035453,2025-12-31,employed,336,16961.1
P035457,2025-12-31,marginal,36,2606.95
P035459,2025-12-31,marginal,139,9025.13
P035460,2025-12-31,employed,223,21193.67
P035461,2025-12-31,employed,216,29665.67
P035462,2025-12-31,marginal,79,5497.5
P035465,2025-12-31,employed,338,28046.6
P035467,2025-12-31,employed,293,25364.12
P035470,2025-12-31,self_employed,277,38515.41
P035475,2025-12-31,employed,347,29622.76
P035478,2025-12-31,employed,232,18600.82
P035482,2025-12-31,marginal,83,2905.9
P035483,2025-12-31,employed,270,31707.64
P035486,2025-12-31,self_employed,179,27692.15
P035488,2025-12-31,employed,313,20734.26
P035492,2025-12-31,self_employed,235,7747.76
P035494,2025-12-31,employed,262,23933.28
P035499,2025-12-31,employed,279,47160.09
P035501,2025-12-31,self_employed,152,33738.28
P035503,2025-12-31,self_employed,165,27049.98
P035505,2025-12-31,employed,272,27560.91
P035506,2025-12-31,employed,365,11555.37
P035514,2025-12-31,marginal,122,6663.3
P035515,2025-12-31,employed,345,43571.58
P035516,2025-12-31,employed,365,18920.29
P035517,2025-12-31,employed,185,47621.99
P035519,2025-12-31,employed,198,19735.21
P035521,2025-12-31,employed,266,31348.25
P035522,2025-12-31,employed,291,31732.58
P035523,2025-12-31,employed,200,24353.76
P035525,2025-12-31,employed,365,35676.14
P035526,2025-12-31,employed,261,10809.52
P035528,2025-12-31,employed,317,36729.91
P035530,2025-12-31,employed,302,33913.75
P035531,2025-12-31,employed,246,26451.27
P035533,2025-12-31,employed,244,35099.28
P035539,2025-12-31,employed,268,76897.88
P035545,2025-12-31,employed,305,32310.49
P035546,2025-12-31,self_employed,163,11032.56
P035548,2025-12-31,employed,365,9524.67
P035550,2025-12-31,employed,189,23907.15
P035554,2025-12-31,employed,231,16611.75
P035556,2025-12-31,self_employed,324,25761.8
P035562,2025-12-31,employed,301,29846.53
P035564,2025-12-31,employed,317,20694.31
P035568,2025-12-31,marginal,104,5040.99
P035569,2025-12-31,employed,313,36408.79
P035570,2025-12-31,employed,344,26459.2
P035574,2025-12-31,employed,305,34981.03
P035576,2025-12-31,employed,258,36318.55
P035577,2025-12-31,marginal,14,3886.59
P035579,2025-12-31,employed,232,32883.89
P035581,2025-12-31,employed,354,13125.32
P035582,2025-12-31,employed,213,24819.58
P035583,2025-12-31,employed,361,31525.44
P035584,2025-12-31,employed,326,18128.16
P035585,2025-12-31,marginal,143,5465.72
P035586,2025-12-31,employed,244,27869.2
P035587,2025-12-31,marginal,131,11423.08
P035588,2025-12-31,employed,316,NA
P035589,2025-12-31,self_employed,365,53258.49
P035593,2025-12-31,employed,305,22730.24
P035594,2025-12-31,employed,333,49900.48
P035595,2025-12-31,self_employed,183,49230.05
P035598,2025-12-31,no_record,0,0
P035599,2025-12-31,employed,322,24004.12
P035603,2025-12-31,employed,289,33216.1
P035604,2025-12-31,no_record,0,0
P035605,2025-12-31,employed,352,44443.43
P035607,2025-12-31,employed,162,34187.06
P035608,2025-12-31,self_employed,131,18615.69
P035610,2025-12-31,employed,168,17312.47
P035613,2025-12-31,employed,233,33588.9
P035615,2025-12-31,employed,289,19094.72
P035616,2025-12-31,employed,289,30612.79
P035617,2025-12-31,marginal,50,6288.68
P035619,2025-12-31,employed,150,82434.97
P035622,2025-12-31,employed,209,28270.7
P035625,2025-12-31,employed,262,23346.44
P035626,2025-12-31,employed,NA,26162.02
P035627,2025-12-31,employed,294,11124.75
P035630,2025-12-31,marginal,86,3707.89
P035633,2025-12-31,employed,326,43847.52
P035634,2025-12-31,employed,356,25109.12
P035635,2025-12-31,employed,206,45194.39
P035637,2025-12-31,employed,170,21945.43
P035638,2025-12-31,employed,365,32411.94
P035639,2025-12-31,employed,245,19856.1
P035645,2025-12-31,employed,260,31494.03
P035649,2025-12-31,employed,304,31391.47
P035650,2025-12-31,employed,308,27118.88
P035652,2025-12-31,employed,243,24049.5
P035653,2025-12-31,marginal,57,5879.28
P035655,2025-12-31,employed,306,14032.19
P035656,2025-12-31,employed,104,55452.78
P035657,2025-12-31,self_employed,283,21372.69
P035660,2025-12-31,employed,285,36886.31
P035661,2025-12-31,employed,294,23285.91
P035662,2025-12-31,employed,333,25994.26
P035666,2025-12-31,employed,232,12118.93
P035667,2025-12-31,employed,316,27064.93
P035668,2025-12-31,employed,322,40842.21
P035669,2025-12-31,employed,275,56794.36
P035670,2025-12-31,employed,332,24030.31
P035671,2025-12-31,employed,327,60739.09
P035673,2025-12-31,employed,332,21080.3
P035674,2025-12-31,employed,240,25653.73
P035676,2025-12-31,employed,318,37967.8
P035681,2025-12-31,employed,265,34353.92
P035686,2025-12-31,self_employed,246,4681.88
P035687,2025-12-31,employed,304,16066.94
P035688,2025-12-31,self_employed,315,106130.72
P035689,2025-12-31,employed,196,24254.82
P035690,2025-12-31,employed,331,18278.78
P035691,2025-12-31,employed,327,19850.32
P035692,2025-12-31,employed,299,28222.66
P035696,2025-12-31,employed,200,34876.72
P035697,2025-12-31,employed,331,47557.8
P035698,2025-12-31,employed,348,13517.63
P035699,2025-12-31,employed,254,20660.67
P035702,2025-12-31,self_employed,322,9487.48
P035703,2025-12-31,employed,342,19642.34
P035704,2025-12-31,employed,273,30095.26
P035705,2025-12-31,employed,198,19913.16
P035706,2025-12-31,employed,328,51721.66
P035708,2025-12-31,marginal,NA,5828.26
P035710,2025-12-31,employed,244,37830.01
P035712,2025-12-31,marginal,97,3203.16
P035713,2025-12-31,employed,303,28854.47
P035714,2025-12-31,employed,313,17995.01
P035716,2025-12-31,employed,309,36119.36
P035720,2025-12-31,employed,365,16896.66
P035721,2025-12-31,employed,225,11804.39
P035722,2025-12-31,marginal,76,7192.82
P035725,2025-12-31,employed,365,17729.92
P035726,2025-12-31,employed,350,12356.49
P035729,2025-12-31,marginal,130,4298.87
P035732,2025-12-31,self_employed,276,27145.65
P035733,2025-12-31,no_record,0,0
P035734,2025-12-31,employed,365,32285.79
P035735,2025-12-31,employed,296,35679.03
P035736,2025-12-31,self_employed,287,39010.19
P035740,2025-12-31,employed,207,39089.69
P035741,2025-12-31,employed,254,14284.3
P035746,2025-12-31,employed,336,19127.24
P035747,2025-12-31,self_employed,301,2347.82
P035749,2025-12-31,self_employed,220,13986.95
P035750,2025-12-31,employed,318,50974.56
P035754,2025-12-31,employed,365,24587.94
P035755,2025-12-31,employed,347,52079.98
P035756,2025-12-31,employed,357,29967.4
P035762,2025-12-31,employed,259,11116.41
P035765,2025-12-31,employed,315,32502.53
P035768,2025-12-31,no_record,0,0
P035771,2025-12-31,employed,302,15852.86
P035775,2025-12-31,self_employed,259,9765.03
P035776,2025-12-31,employed,321,35115.34
P035777,2025-12-31,employed,306,23837.95
P035781,2025-12-31,employed,365,36590.24
P035782,2025-12-31,employed,252,32963.02
P035783,2025-12-31,no_record,0,0
P035784,2025-12-31,self_employed,229,56478.75
P035786,2025-12-31,employed,262,25768.09
P035788,2025-12-31,employed,348,69991.25
P035791,2025-12-31,employed,362,17928.31
P035792,2025-12-31,marginal,105,2922.78
P035793,2025-12-31,employed,320,19684.85
P035794,2025-12-31,employed,284,8555.77
P035796,2025-12-31,employed,288,18473.79
P035798,2025-12-31,employed,208,40082.61
P035799,2025-12-31,employed,244,31144.84
P035802,2025-12-31,employed,348,37978.52
P035804,2025-12-31,marginal,85,7232.38
P035806,2025-12-31,marginal,193,4591.38
P035809,2025-12-31,marginal,161,4420.3
P035810,2025-12-31,employed,335,25948.27
P035811,2025-12-31,employed,256,25776.14
P035813,2025-12-31,employed,208,37752.26
P035816,2025-12-31,employed,217,67452.4
P035817,2025-12-31,employed,328,36681.17
P035823,2025-12-31,employed,237,27070.43
P035825,2025-12-31,employed,227,86220.81
P035828,2025-12-31,employed,356,12428.62
P035830,2025-12-31,employed,299,24826.7
P035831,2025-12-31,employed,360,NA
P035836,2025-12-31,marginal,80,10006.82
P035837,2025-12-31,employed,201,33715.45
P035838,2025-12-31,no_record,0,0
P035842,2025-12-31,self_employed,253,9869.58
P035843,2025-12-31,employed,304,27916.45
P035849,2025-12-31,employed,196,33655.76
P035851,2025-12-31,marginal,63,2554.86
P035853,2025-12-31,employed,181,19944.59
P035854,2025-12-31,self_employed,227,118648.31
P035855,2025-12-31,employed,365,17258.84
P035857,2025-12-31,employed,282,28694.52
P035864,2025-12-31,employed,327,26949.55
P035865,2025-12-31,employed,282,44238.35
P035869,2025-12-31,self_employed,298,8114.47
P035871,2025-12-31,employed,290,25145.77
P035872,2025-12-31,marginal,194,4958.66
P035884,2025-12-31,self_employed,275,40855.19
P035886,2025-12-31,employed,279,25162.89
P035887,2025-12-31,employed,289,23420.58
P035888,2025-12-31,employed,277,26136.16
P035889,2025-12-31,employed,306,39945
P035891,2025-12-31,employed,259,28200.92
P035896,2025-12-31,marginal,49,4776.23
P035897,2025-12-31,employed,237,19538.73
P035900,2025-12-31,employed,285,40230.78
P035901,2025-12-31,employed,218,29937.6
P035902,2025-12-31,employed,332,18590.74
P035907,2025-12-31,employed,261,23467.89
P035910,2025-12-31,employed,257,43164.39
P035914,2025-12-31,no_record,0,0
P035917,2025-12-31,employed,365,22205.94
P035920,2025-12-31,employed,281,21285.7
P035922,2025-12-31,employed,230,37485.9
P035924,2025-12-31,marginal,35,3865.93
P035929,2025-12-31,employed,231,29454.91
P035933,2025-12-31,self_employed,157,11879.85
P035938,2025-12-31,employed,330,56770.39
P035939,2025-12-31,employed,347,28175.88
P035942,2025-12-31,marginal,136,5023.45
P035945,2025-12-31,marginal,165,5432.56
P035949,2025-12-31,employed,357,41616.99
P035950,2025-12-31,employed,302,17930.8
P035951,2025-12-31,employed,307,41488.23
P035952,2025-12-31,marginal,119,7401.02
P035957,2025-12-31,employed,284,29095.73
P035958,2025-12-31,employed,359,54239.46
P035959,2025-12-31,employed,257,16929.63
P035964,2025-12-31,employed,262,17457.86
P035965,2025-12-31,employed,365,31496.69
P035968,2025-12-31,employed,308,27884.43
P035969,2025-12-31,employed,302,34682.23
P035971,2025-12-31,employed,205,29718.16
P035973,2025-12-31,marginal,110,8035.57
P035976,2025-12-31,employed,297,28823.66
P035977,2025-12-31,employed,365,21142.14
P035979,2025-12-31,employed,161,57807.79
P035983,2025-12-31,marginal,130,6371.85
P035992,2025-12-31,no_record,0,0
P035994,2025-12-31,employed,278,25395.89
P035995,2025-12-31,employed,277,13832.27
P035999,2025-12-31,employed,225,34430.64
P036000,2025-12-31,self_employed,316,14723.58
P036004,2025-12-31,self_employed,130,34623.48
P036005,2025-12-31,marginal,61,2435.98
P036010,2025-12-31,employed,244,30856.37
P036011,2025-12-31,employed,336,25528.68
P036013,2025-12-31,employed,269,17534.96
P036018,2025-12-31,employed,258,38353.44
P036020,2025-12-31,employed,349,24412.47
P036022,2025-12-31,employed,160,28947.52
P036024,2025-12-31,employed,273,23861.28
P036025,2025-12-31,employed,305,25019.67
P036027,2025-12-31,employed,337,23655.8
P036028,2025-12-31,employed,328,48785.07
P036030,2025-12-31,employed,208,20323.83
P036031,2025-12-31,employed,234,20252.9
P036032,2025-12-31,employed,294,23374.38
P036035,2025-12-31,employed,327,21068.52
P036036,2025-12-31,employed,300,13925.85
P036037,2025-12-31,employed,349,28351.59
P036038,2025-12-31,employed,305,54108.64
P036039,2025-12-31,employed,224,27523.74
P036041,2025-12-31,marginal,28,5954.05
P036042,2025-12-31,employed,96,19466.87
P036043,2025-12-31,employed,325,37967.4
P036046,2025-12-31,employed,323,37944.71
P036047,2025-12-31,employed,348,18975.95
P036054,2025-12-31,employed,312,14161.75
P036055,2025-12-31,employed,221,14818.78
P036057,2025-12-31,employed,365,55607.95
P036058,2025-12-31,employed,361,29040.75
P036059,2025-12-31,employed,284,30028.53
P036065,2025-12-31,self_employed,340,18891.39
P036070,2025-12-31,employed,284,30451.54
P036071,2025-12-31,employed,262,53640.01
P036072,2025-12-31,employed,136,31462.63
P036073,2025-12-31,employed,292,47563.36
P036074,2025-12-31,self_employed,229,18601.27
P036076,2025-12-31,employed,345,47685.57
P036077,2025-12-31,marginal,92,4628.77
P036082,2025-12-31,employed,324,18924.72
P036084,2025-12-31,employed,264,25111.97
P036087,2025-12-31,employed,348,28592.45
P036090,2025-12-31,employed,347,17978.69
P036091,2025-12-31,employed,356,25231.07
P036093,2025-12-31,employed,365,30292.22
P036095,2025-12-31,employed,363,32912.74
P036097,2025-12-31,employed,266,17863.47
P036099,2025-12-31,no_record,0,0
P036102,2025-12-31,employed,322,34433.23
P036103,2025-12-31,employed,338,53903.68
P036104,2025-12-31,employed,218,41448.75
P036108,2025-12-31,employed,228,21138.85
P036110,2025-12-31,marginal,14,4487.98
P036111,2025-12-31,employed,306,22249.65
P036112,2025-12-31,employed,292,31508.31
P036116,2025-12-31,employed,300,27508.59
P036117,2025-12-31,employed,365,14785.48
P036123,2025-12-31,employed,308,21753.53
P036124,2025-12-31,self_employed,131,20272.92
P036125,2025-12-31,employed,161,18929.52
P036128,2025-12-31,employed,325,37003.9
P036129,2025-12-31,self_employed,365,36593.34
P036131,2025-12-31,employed,144,35183.99
P036132,2025-12-31,employed,365,15877.88
P036133,2025-12-31,employed,303,21774.07
P036136,2025-12-31,employed,311,23076.99
P036138,2025-12-31,employed,265,48510.49
P036140,2025-12-31,employed,331,24566.56
P036141,2025-12-31,employed,226,40553.05
P036145,2025-12-31,self_employed,109,17318.98
P036146,2025-12-31,employed,209,51822.87
P036148,2025-12-31,marginal,62,8800.29
P036149,2025-12-31,employed,208,15232.12
P036150,2025-12-31,employed,NA,16208.67
P036156,2025-12-31,employed,326,51486.75
P036157,2025-12-31,employed,297,16042.06
P036160,2025-12-31,self_employed,276,68188.12
P036161,2025-12-31,employed,274,32187.6
P036163,2025-12-31,employed,346,18984.9
P036164,2025-12-31,employed,332,25639.16
P036165,2025-12-31,employed,323,16460.52
P036166,2025-12-31,no_record,0,0
P036169,2025-12-31,employed,236,29258.12
P036171,2025-12-31,employed,311,15540.61
P036174,2025-12-31,employed,319,20709.79
P036178,2025-12-31,employed,299,17936.7
P036179,2025-12-31,employed,236,31631.84
P036181,2025-12-31,employed,311,50964.65
P036183,2025-12-31,employed,315,21569.22
P036184,2025-12-31,employed,277,19320.47
P036187,2025-12-31,employed,226,27208.46
P036189,2025-12-31,employed,308,43425.53
P036191,2025-12-31,marginal,75,7832.19
P036193,2025-12-31,employed,236,31583.17
P036194,2025-12-31,employed,284,9946.61
P036195,2025-12-31,employed,242,19812.09
P036197,2025-12-31,employed,365,15466.56
P036198,2025-12-31,employed,365,28916.32
P036201,2025-12-31,employed,365,43844.39
P036202,2025-12-31,marginal,102,3227.37
P036204,2025-12-31,employed,365,16123.16
P036208,2025-12-31,employed,329,21751.86
P036211,2025-12-31,employed,298,29031.66
P036216,2025-12-31,employed,180,13226.48
P036220,2025-12-31,marginal,129,6023.29
P036222,2025-12-31,marginal,149,9782.99
P036223,2025-12-31,self_employed,210,82219.77
P036226,2025-12-31,employed,263,22709.67
P036227,2025-12-31,self_employed,220,10045.33
P036230,2025-12-31,employed,250,29072.74
P036231,2025-12-31,employed,293,51930.02
P036232,2025-12-31,employed,276,NA
P036233,2025-12-31,employed,197,21764.61
P036234,2025-12-31,employed,340,14482.5
P036236,2025-12-31,employed,278,20463.88
P036237,2025-12-31,employed,268,15045.02
P036238,2025-12-31,employed,365,70093.86
P036239,2025-12-31,no_record,0,0
P036241,2025-12-31,employed,365,35603.65
P036242,2025-12-31,self_employed,223,21017.66
P036246,2025-12-31,employed,339,26419.34
P036247,2025-12-31,employed,264,38431.07
P036248,2025-12-31,no_record,0,0
P036252,2025-12-31,self_employed,325,8284.62
P036253,2025-12-31,employed,365,42537.47
P036254,2025-12-31,employed,353,27195.81
P036257,2025-12-31,employed,365,14833.7
P036258,2025-12-31,employed,365,31981.88
P036259,2025-12-31,employed,256,6810.76
P036260,2025-12-31,employed,328,11927.7
P036265,2025-12-31,employed,269,24980.34
P036267,2025-12-31,marginal,36,4214.65
P036270,2025-12-31,employed,365,26771.68
P036274,2025-12-31,employed,211,18652.89
P036279,2025-12-31,employed,319,19722.74
P036280,2025-12-31,self_employed,211,27572.07
P036283,2025-12-31,employed,296,64261.17
P036284,2025-12-31,employed,365,38804.5
P036285,2025-12-31,employed,193,18780.38
P036286,2025-12-31,marginal,121,2371.04
P036290,2025-12-31,employed,235,46112.15
P036293,2025-12-31,employed,201,22509.83
P036297,2025-12-31,employed,354,35114.66
P036298,2025-12-31,employed,295,30938.28
P036311,2025-12-31,employed,287,27644.45
P036315,2025-12-31,marginal,102,5972.48
P036320,2025-12-31,employed,365,9121.56
P036322,2025-12-31,marginal,122,3452.02
P036323,2025-12-31,employed,215,17224.91
P036325,2025-12-31,employed,322,25217.11
P036329,2025-12-31,employed,244,88333.2
P036332,2025-12-31,employed,336,21716.84
P036334,2025-12-31,marginal,55,3577.48
P036340,2025-12-31,employed,221,37162.66
P036341,2025-12-31,employed,203,14519.57
P036347,2025-12-31,employed,198,36247.47
P036349,2025-12-31,employed,235,18381.31
P036350,2025-12-31,employed,239,22350.04
P036352,2025-12-31,employed,277,19213.4
P036355,2025-12-31,employed,281,47709.5
P036357,2025-12-31,employed,243,11725.16
P036359,2025-12-31,employed,192,38795.31
P036362,2025-12-31,employed,357,22210.47
P036363,2025-12-31,employed,198,42974.82
P036367,2025-12-31,employed,305,53714.71
P036369,2025-12-31,employed,345,17908.49
P036375,2025-12-31,no_record,0,0
P036377,2025-12-31,employed,275,26927.9
P036379,2025-12-31,employed,326,24014.37
P036380,2025-12-31,employed,237,15546.13
P036381,2025-12-31,self_employed,242,11005.72
P036384,2025-12-31,employed,273,24880.51
P036387,2025-12-31,employed,365,NA
P036390,2025-12-31,marginal,104,3312.3
P036391,2025-12-31,employed,365,19845.8
P036392,2025-12-31,employed,204,30786.86
P036395,2025-12-31,employed,281,50688.22
P036402,2025-12-31,marginal,47,4189.79
P036404,2025-12-31,self_employed,181,106551.14
P036405,2025-12-31,employed,329,17020.07
P036406,2025-12-31,employed,263,17605.77
P036408,2025-12-31,marginal,46,6502.17
P036411,2025-12-31,employed,304,43323.46
P036416,2025-12-31,employed,360,29957.43
P036422,2025-12-31,employed,NA,57619.96
P036425,2025-12-31,marginal,80,7943.34
P036429,2025-12-31,employed,299,9002.27
P036432,2025-12-31,self_employed,198,12929.59
P036435,2025-12-31,marginal,99,5340.3
P036439,2025-12-31,employed,365,20985.19
P036443,2025-12-31,employed,167,14829.22
P036449,2025-12-31,employed,221,18062.01
P036451,2025-12-31,employed,269,19090.36
P036452,2025-12-31,employed,304,14939.24
P036453,2025-12-31,self_employed,365,26689.76
P036457,2025-12-31,employed,248,51261.66
P036460,2025-12-31,employed,268,15460.74
P036465,2025-12-31,employed,303,49699.3
P036467,2025-12-31,marginal,88,5734.77
P036470,2025-12-31,self_employed,159,16231.57
P036471,2025-12-31,employed,301,18108.08
P036472,2025-12-31,employed,294,20764.62
P036473,2025-12-31,employed,323,16471.36
P036477,2025-12-31,employed,280,21663.31
P036481,2025-12-31,employed,220,42376.47
P036483,2025-12-31,employed,336,19592.55
P036485,2025-12-31,employed,221,25882.59
P036487,2025-12-31,employed,247,41920.14
P036488,2025-12-31,employed,283,44600.76
P036489,2025-12-31,employed,365,30140.97
P036490,2025-12-31,employed,293,59030.72
P036491,2025-12-31,marginal,86,3665.63
P036494,2025-12-31,employed,299,20634.06
P036496,2025-12-31,employed,254,36639.72
P036497,2025-12-31,employed,360,20758.5
P036498,2025-12-31,self_employed,318,18399.13
P036500,2025-12-31,employed,145,36993.92
P036503,2025-12-31,employed,291,35338.25
P036505,2025-12-31,self_employed,248,37767.95
P036506,2025-12-31,marginal,101,5550.2
P036507,2025-12-31,employed,247,16719.2
P036510,2025-12-31,marginal,180,3185.73
P036515,2025-12-31,employed,332,13151.99
P036517,2025-12-31,employed,344,17708.85
P036518,2025-12-31,employed,266,12764.75
P036522,2025-12-31,marginal,65,4496.88
P036523,2025-12-31,employed,247,10322.6
P036524,2025-12-31,employed,283,26853.26
P036527,2025-12-31,employed,284,33644.22
P036533,2025-12-31,employed,312,24066.06
P036535,2025-12-31,self_employed,183,10698.17
P036536,2025-12-31,employed,293,52348.48
P036537,2025-12-31,employed,308,30757.01
P036541,2025-12-31,employed,200,26104.81
P036543,2025-12-31,employed,327,29972.12
P036544,2025-12-31,employed,365,76034.57
P036548,2025-12-31,employed,245,18643.93
P036551,2025-12-31,self_employed,232,25633.72
P036553,2025-12-31,self_employed,221,13921.48
P036554,2025-12-31,employed,237,19437.05
P036555,2025-12-31,self_employed,149,14224.93
P036559,2025-12-31,employed,365,21983.65
P036560,2025-12-31,employed,206,29516.86
P036561,2025-12-31,employed,137,43149.27
P036564,2025-12-31,employed,NA,17432.01
P036570,2025-12-31,employed,311,17834.76
P036572,2025-12-31,marginal,128,5621.37
P036573,2025-12-31,self_employed,NA,12865.5
P036574,2025-12-31,employed,365,12747.48
P036575,2025-12-31,employed,286,15886.44
P036576,2025-12-31,employed,314,32404.38
P036578,2025-12-31,employed,337,27498.82
P036580,2025-12-31,employed,252,35998.87
P036581,2025-12-31,employed,365,17959.01
P036582,2025-12-31,marginal,118,4052.82
P036585,2025-12-31,employed,289,43477.39
P036586,2025-12-31,employed,249,19682.01
P036589,2025-12-31,employed,256,28254.34
P036590,2025-12-31,employed,199,10414.71
P036591,2025-12-31,employed,365,21440.59
P036592,2025-12-31,employed,217,64079.87
P036599,2025-12-31,employed,196,39541.67
P036600,2025-12-31,employed,365,23879.16
P036601,2025-12-31,self_employed,163,31056.57
P036602,2025-12-31,employed,277,15054.19
P036606,2025-12-31,employed,365,27682.57
P036609,2025-12-31,employed,309,20655.61
P036613,2025-12-31,employed,221,45976.07
P036615,2025-12-31,employed,260,42715.99
P036616,2025-12-31,employed,246,47941.41
P036617,2025-12-31,employed,344,29047.43
P036618,2025-12-31,employed,126,29799.86
P036621,2025-12-31,employed,269,61737.5
P036622,2025-12-31,employed,281,62190.18
P036623,2025-12-31,marginal,185,4345.72
P036624,2025-12-31,employed,333,11519.49
P036635,2025-12-31,self_employed,237,29354.51
P036638,2025-12-31,employed,315,13397.47
P036640,2025-12-31,marginal,105,8906.26
P036644,2025-12-31,employed,205,23589.37
P036650,2025-12-31,employed,222,20520.02
P036652,2025-12-31,employed,294,42714.49
P036654,2025-12-31,self_employed,297,21113.61
P036656,2025-12-31,employed,207,23522.94
P036657,2025-12-31,employed,272,18318.02
P036658,2025-12-31,employed,334,37277.01
P036659,2025-12-31,employed,307,45114.25
P036663,2025-12-31,employed,248,24831.16
P036666,2025-12-31,employed,329,21664.55
P036668,2025-12-31,employed,271,47339.31
P036670,2025-12-31,self_employed,70,75289.43
P036673,2025-12-31,employed,349,13446.91
P036675,2025-12-31,marginal,82,6796.58
P036679,2025-12-31,employed,240,20993.35
P036681,2025-12-31,employed,279,31360.24
P036682,2025-12-31,employed,320,41931.26
P036684,2025-12-31,marginal,118,3891.99
P036687,2025-12-31,self_employed,195,19865.23
P036688,2025-12-31,employed,316,24721.81
P036692,2025-12-31,employed,261,33753.86
P036693,2025-12-31,employed,253,13307.27
P036694,2025-12-31,employed,293,26258.38
P036697,2025-12-31,employed,191,48441.8
P036701,2025-12-31,employed,237,32199.44
P036702,2025-12-31,employed,313,23034.85
P036705,2025-12-31,self_employed,365,18854.99
P036707,2025-12-31,employed,365,26294.21
P036711,2025-12-31,employed,286,78621.23
P036712,2025-12-31,employed,365,41085.81
P036715,2025-12-31,employed,259,22940.39
P036717,2025-12-31,employed,331,43801.92
P036718,2025-12-31,employed,175,39117.14
P036719,2025-12-31,marginal,94,3927.25
P036726,2025-12-31,employed,200,98985.66
P036729,2025-12-31,employed,306,46456.24
P036730,2025-12-31,employed,279,31730.86
P036733,2025-12-31,self_employed,182,12819.66
P036734,2025-12-31,employed,318,24156.86
P036735,2025-12-31,marginal,215,5776.89
P036737,2025-12-31,employed,283,32024.28
P036739,2025-12-31,employed,300,14333.79
P036741,2025-12-31,self_employed,225,8512.85
P036745,2025-12-31,employed,240,42789.17
P036747,2025-12-31,self_employed,229,18174.11
P036752,2025-12-31,marginal,88,4299.78
P036753,2025-12-31,employed,331,69012.23
P036754,2025-12-31,employed,180,12106.85
P036755,2025-12-31,employed,303,31747.05
P036756,2025-12-31,employed,245,30376.38
P036758,2025-12-31,no_record,0,0
P036759,2025-12-31,employed,333,43456.72
P036762,2025-12-31,employed,255,23598.77
P036764,2025-12-31,marginal,120,NA
P036765,2025-12-31,self_employed,146,24304.11
P036773,2025-12-31,employed,326,22583.35
P036775,2025-12-31,employed,297,24488.61
P036776,2025-12-31,employed,295,44661.73
P036778,2025-12-31,marginal,87,10694.13
P036781,2025-12-31,employed,299,40107.25
P036783,2025-12-31,employed,280,34240.6
P036787,2025-12-31,employed,235,24903.37
P036791,2025-12-31,employed,312,42316.96
P036792,2025-12-31,marginal,88,6586.91
P036795,2025-12-31,employed,323,25057.57
P036796,2025-12-31,employed,306,20791.28
P036803,2025-12-31,self_employed,NA,20423.42
P036804,2025-12-31,employed,261,17554.04
P036805,2025-12-31,employed,315,18015.13
P036806,2025-12-31,employed,250,16896.18
P036809,2025-12-31,employed,365,19852.47
P036810,2025-12-31,marginal,48,5404.68
P036813,2025-12-31,marginal,136,4687.56
P036814,2025-12-31,self_employed,321,41169.41
P036815,2025-12-31,employed,275,35909.99
P036817,2025-12-31,employed,288,49479.31
P036822,2025-12-31,employed,262,39024.64
P036825,2025-12-31,employed,280,18859.45
P036826,2025-12-31,employed,310,53272.67
P036828,2025-12-31,employed,333,16760.77
P036829,2025-12-31,employed,265,23846.4
P036834,2025-12-31,employed,269,25873.48
P036835,2025-12-31,employed,291,36102.85
P036837,2025-12-31,employed,259,42812.9
P036838,2025-12-31,marginal,102,3499.49
P036839,2025-12-31,employed,288,37514.43
P036841,2025-12-31,employed,333,20024.44
P036842,2025-12-31,no_record,0,0
P036843,2025-12-31,employed,332,13096.77
P036844,2025-12-31,employed,183,16569.01
P036848,2025-12-31,employed,317,13037.45
P036850,2025-12-31,employed,197,34955.86
P036851,2025-12-31,employed,259,20387.17
P036856,2025-12-31,marginal,87,4341.54
P036857,2025-12-31,employed,329,62108.5
P036858,2025-12-31,employed,323,28349.02
P036859,2025-12-31,employed,290,23621.49
P036860,2025-12-31,employed,222,32877.22
P036861,2025-12-31,employed,295,31942.66
P036866,2025-12-31,marginal,83,7433.68
P036868,2025-12-31,self_employed,294,30874.83
P036869,2025-12-31,self_employed,331,8716.46
P036873,2025-12-31,employed,305,20970.24
P036874,2025-12-31,marginal,NA,3937.7
P036876,2025-12-31,marginal,152,4819.18
P036879,2025-12-31,employed,309,27123.97
P036882,2025-12-31,employed,250,13187.22
P036886,2025-12-31,self_employed,109,13118.7
P036887,2025-12-31,marginal,124,4335.48
P036889,2025-12-31,marginal,56,7989.77
P036894,2025-12-31,self_employed,222,9130.26
P036896,2025-12-31,marginal,60,8650.81
P036898,2025-12-31,marginal,95,5335.39
P036899,2025-12-31,marginal,NA,9005.52
P036901,2025-12-31,employed,255,55915.85
P036903,2025-12-31,employed,361,27946.83
P036904,2025-12-31,employed,238,20402.56
P036906,2025-12-31,employed,256,18687.22
P036907,2025-12-31,employed,266,50858.02
P036908,2025-12-31,employed,336,32997.13
P036910,2025-12-31,employed,249,32679.27
P036921,2025-12-31,self_employed,320,18955.02
P036922,2025-12-31,employed,304,24327.37
P036924,2025-12-31,employed,250,37509.02
P036926,2025-12-31,employed,317,33714.35
P036929,2025-12-31,employed,335,12068.79
P036931,2025-12-31,employed,263,25208.47
P036934,2025-12-31,employed,220,29727.83
P036935,2025-12-31,employed,245,114174.66
P036937,2025-12-31,self_employed,185,9831.07
P036938,2025-12-31,employed,257,17427.17
P036939,2025-12-31,employed,250,33220.73
P036941,2025-12-31,employed,343,30894.72
P036942,2025-12-31,employed,284,24086.45
P036946,2025-12-31,employed,276,47007.87
P036947,2025-12-31,employed,342,44256.18
P036948,2025-12-31,employed,241,7906.2
P036949,2025-12-31,employed,250,14204.37
P036950,2025-12-31,employed,216,50287.99
P036954,2025-12-31,employed,332,33191.73
P036955,2025-12-31,employed,365,31337.64
P036956,2025-12-31,employed,175,37761.94
P036959,2025-12-31,employed,299,17699.66
P036960,2025-12-31,employed,194,19056.42
P036963,2025-12-31,employed,345,20146.89
P036966,2025-12-31,employed,284,12531.43
P036969,2025-12-31,marginal,113,3128.86
P036970,2025-12-31,employed,350,16790.22
P036973,2025-12-31,employed,293,33332.14
P036975,2025-12-31,employed,320,34239.98
P036976,2025-12-31,self_employed,189,19674.16
P036977,2025-12-31,employed,323,18301.8
P036979,2025-12-31,marginal,163,7716.39
P036981,2025-12-31,employed,308,49553.88
P036983,2025-12-31,employed,257,25784.42
P036984,2025-12-31,employed,217,19624.87
P036986,2025-12-31,employed,299,36524.57
P036992,2025-12-31,marginal,116,3980.71
P036994,2025-12-31,employed,198,22627.74
P036999,2025-12-31,employed,241,39110.11
P037005,2025-12-31,marginal,79,5527.55
P037011,2025-12-31,employed,175,51077.32
P037012,2025-12-31,employed,247,38218.74
P037013,2025-12-31,employed,264,28957.23
P037014,2025-12-31,marginal,128,2809.21
P037020,2025-12-31,employed,215,36881.96
P037022,2025-12-31,marginal,160,4466.18
P037023,2025-12-31,employed,316,56823.12
P037027,2025-12-31,employed,199,20422.99
P037029,2025-12-31,employed,153,32745.41
P037031,2025-12-31,employed,316,53701.06
P037032,2025-12-31,employed,247,22371.62
P037034,2025-12-31,marginal,184,4079.23
P037035,2025-12-31,marginal,200,3400.1
P037041,2025-12-31,employed,217,15573.63
P037046,2025-12-31,employed,322,32754.07
P037047,2025-12-31,employed,330,51015.47
P037049,2025-12-31,employed,365,7213.04
P037050,2025-12-31,employed,279,24456.44
P037056,2025-12-31,self_employed,336,54982.72
P037059,2025-12-31,employed,259,34239.16
P037062,2025-12-31,no_record,0,0
P037066,2025-12-31,employed,340,19613.1
P037067,2025-12-31,marginal,47,4290.83
P037069,2025-12-31,employed,365,25710.71
P037071,2025-12-31,employed,260,17330.32
P037074,2025-12-31,employed,288,48275.95
P037080,2025-12-31,employed,343,18829.49
P037081,2025-12-31,employed,365,33864.54
P037083,2025-12-31,employed,330,37488.06
P037086,2025-12-31,marginal,103,4726.74
P037091,2025-12-31,no_record,0,0
P037095,2025-12-31,employed,301,29889.48
P037096,2025-12-31,employed,307,31386.91
P037099,2025-12-31,employed,365,27935.7
P037102,2025-12-31,employed,326,29729.14
P037103,2025-12-31,self_employed,274,70129.98
P037104,2025-12-31,employed,347,29481.51
P037105,2025-12-31,employed,364,24869.13
P037106,2025-12-31,marginal,101,3983.44
P037107,2025-12-31,employed,241,25012.27
P037114,2025-12-31,employed,189,25464.25
P037116,2025-12-31,self_employed,160,NA
P037119,2025-12-31,employed,346,21703.81
P037122,2025-12-31,employed,204,35520.42
P037126,2025-12-31,employed,272,13263.45
P037132,2025-12-31,employed,236,25417.58
P037136,2025-12-31,employed,338,35365.4
P037141,2025-12-31,employed,223,22971.85
P037142,2025-12-31,employed,365,38535.73
P037146,2025-12-31,self_employed,168,15987.4
P037147,2025-12-31,employed,281,30324.46
P037150,2025-12-31,employed,314,25243.2
P037154,2025-12-31,employed,343,15168.48
P037155,2025-12-31,employed,341,42014.01
P037156,2025-12-31,employed,190,10576.34
P037157,2025-12-31,employed,346,33601.58
P037158,2025-12-31,employed,196,38927.89
P037160,2025-12-31,employed,249,33394.95
P037161,2025-12-31,employed,303,38272.87
P037162,2025-12-31,employed,356,41401.38
P037166,2025-12-31,employed,269,32811.55
P037168,2025-12-31,employed,273,39142.3
P037169,2025-12-31,employed,216,33937.08
P037173,2025-12-31,employed,301,40928.69
P037177,2025-12-31,employed,295,26262.4
P037178,2025-12-31,employed,239,35621.9
P037179,2025-12-31,employed,303,14179.41
P037187,2025-12-31,employed,289,42761.84
P037188,2025-12-31,marginal,130,4273.18
P037189,2025-12-31,marginal,101,3566.32
P037194,2025-12-31,employed,239,15503.91
P037197,2025-12-31,employed,NA,29100.43
P037199,2025-12-31,employed,278,28123.74
P037201,2025-12-31,employed,284,19797.89
P037208,2025-12-31,employed,276,46176.77
P037210,2025-12-31,employed,169,34684.47
P037213,2025-12-31,employed,255,67036.37
P037214,2025-12-31,employed,196,20934.24
P037217,2025-12-31,marginal,164,5775.88
P037218,2025-12-31,employed,321,12038.61
P037221,2025-12-31,employed,234,17681.28
P037222,2025-12-31,employed,314,28256.69
P037225,2025-12-31,employed,211,41225.95
P037227,2025-12-31,marginal,169,7609.22
P037228,2025-12-31,employed,352,58297.07
P037232,2025-12-31,marginal,183,2773.21
P037234,2025-12-31,employed,272,12470.22
P037241,2025-12-31,employed,294,34332.99
P037242,2025-12-31,marginal,136,6022.18
P037243,2025-12-31,employed,355,15234.99
P037245,2025-12-31,employed,240,27914.47
P037246,2025-12-31,employed,208,46174.06
P037247,2025-12-31,employed,291,39526.13
P037248,2025-12-31,employed,365,18081.85
P037250,2025-12-31,self_employed,166,13318.62
P037252,2025-12-31,employed,328,13432.72
P037253,2025-12-31,employed,187,24217.08
P037254,2025-12-31,employed,NA,14297.2
P037257,2025-12-31,employed,275,32258.18
P037258,2025-12-31,self_employed,280,46329.83
P037261,2025-12-31,marginal,66,4550.32
P037264,2025-12-31,employed,365,21582.61
P037267,2025-12-31,employed,283,84314.2
P037268,2025-12-31,employed,254,13442.24
P037269,2025-12-31,employed,149,37739.36
P037270,2025-12-31,employed,264,21231.97
P037271,2025-12-31,employed,319,32377.89
P037272,2025-12-31,marginal,125,3574.15
P037273,2025-12-31,employed,256,40693.49
P037277,2025-12-31,employed,291,64100.41
P037278,2025-12-31,employed,222,33153.61
P037279,2025-12-31,employed,244,38740.65
P037281,2025-12-31,employed,233,15797.82
P037282,2025-12-31,marginal,147,2583.73
P037283,2025-12-31,employed,365,39549.64
P037284,2025-12-31,marginal,190,4656.2
P037286,2025-12-31,employed,225,61705.1
P037287,2025-12-31,employed,181,8124.4
P037289,2025-12-31,employed,280,41721.26
P037291,2025-12-31,employed,255,20064.3
P037292,2025-12-31,employed,348,14280.28
P037294,2025-12-31,marginal,81,4190.15
P037295,2025-12-31,employed,365,20116.69
P037296,2025-12-31,employed,281,8965.67
P037297,2025-12-31,employed,243,26053.37
P037298,2025-12-31,employed,240,36704.11
P037299,2025-12-31,employed,280,34114.08
P037302,2025-12-31,employed,307,45111.14
P037303,2025-12-31,employed,234,9848.59
P037310,2025-12-31,employed,365,14822.83
P037311,2025-12-31,self_employed,141,11959.68
P037312,2025-12-31,employed,342,30366.62
P037320,2025-12-31,employed,272,27162.66
P037321,2025-12-31,marginal,80,5309.21
P037324,2025-12-31,employed,195,30339.94
P037325,2025-12-31,employed,365,43801.53
P037332,2025-12-31,employed,325,36837
P037335,2025-12-31,marginal,157,4491.06
P037336,2025-12-31,marginal,71,4879.65
P037339,2025-12-31,employed,310,39295.33
P037340,2025-12-31,employed,156,18870.27
P037341,2025-12-31,employed,300,12225.95
P037343,2025-12-31,employed,269,16481.63
P037344,2025-12-31,employed,365,46305.15
P037345,2025-12-31,marginal,91,3370.5
P037347,2025-12-31,employed,244,29268.35
P037348,2025-12-31,employed,258,52294.41
P037349,2025-12-31,employed,327,17654.16
P037351,2025-12-31,self_employed,254,43793.96
P037353,2025-12-31,self_employed,361,26406.32
P037354,2025-12-31,employed,249,20537.7
P037355,2025-12-31,employed,312,27410.25
P037357,2025-12-31,employed,321,49207.68
P037359,2025-12-31,marginal,30,3150.5
P037360,2025-12-31,employed,341,28988.26
P037366,2025-12-31,employed,188,17141.7
P037371,2025-12-31,employed,319,25883.67
P037372,2025-12-31,employed,254,38348.83
P037373,2025-12-31,self_employed,246,23525.22
P037374,2025-12-31,employed,214,23108.45
P037382,2025-12-31,employed,284,28666.79
P037383,2025-12-31,self_employed,314,32479.58
P037385,2025-12-31,employed,239,42921.54
P037387,2025-12-31,employed,316,13418.23
P037388,2025-12-31,employed,352,21583.49
P037394,2025-12-31,employed,294,41622.36
P037395,2025-12-31,employed,348,27315.89
P037398,2025-12-31,employed,301,46195.26
P037399,2025-12-31,employed,365,29188.16
P037400,2025-12-31,employed,250,18998.25
P037401,2025-12-31,employed,299,77260.69
P037402,2025-12-31,employed,297,25553.61
P037403,2025-12-31,marginal,70,6435.23
P037404,2025-12-31,employed,319,20444.58
P037406,2025-12-31,employed,315,30405.11
P037409,2025-12-31,employed,298,23262.95
P037413,2025-12-31,employed,335,32054.99
P037416,2025-12-31,employed,262,27855.35
P037417,2025-12-31,self_employed,93,11283.43
P037418,2025-12-31,employed,365,15310.88
P037419,2025-12-31,employed,258,17272.97
P037425,2025-12-31,self_employed,115,12610.98
P037426,2025-12-31,employed,253,14237.21
P037427,2025-12-31,employed,274,15774.89
P037429,2025-12-31,no_record,0,0
P037431,2025-12-31,employed,274,21002.34
P037432,2025-12-31,employed,330,15080.87
P037433,2025-12-31,self_employed,345,40612.26
P037435,2025-12-31,employed,182,28357.58
P037438,2025-12-31,employed,243,17144.34
P037440,2025-12-31,employed,245,50790.37
P037441,2025-12-31,employed,359,29905.94
P037444,2025-12-31,self_employed,144,51983.59
P037446,2025-12-31,self_employed,356,32374.72
P037451,2025-12-31,marginal,112,4407.64
P037452,2025-12-31,employed,341,21577.37
P037453,2025-12-31,marginal,29,2892.55
P037458,2025-12-31,employed,339,41529.54
P037463,2025-12-31,employed,365,52121.77
P037464,2025-12-31,employed,340,37855.85
P037467,2025-12-31,no_record,0,0
P037468,2025-12-31,employed,362,17043.44
P037470,2025-12-31,employed,278,44221.29
P037473,2025-12-31,employed,337,31277.49
P037475,2025-12-31,employed,237,46161
P037479,2025-12-31,employed,340,7679.88
P037481,2025-12-31,marginal,173,3725.58
P037483,2025-12-31,employed,301,23016.15
P037484,2025-12-31,employed,336,28295.24
P037485,2025-12-31,employed,307,23324.67
P037487,2025-12-31,employed,291,34083.04
P037489,2025-12-31,employed,326,25490.7
P037490,2025-12-31,employed,305,23007.26
P037491,2025-12-31,employed,298,23519.03
P037494,2025-12-31,employed,255,28598.04
P037496,2025-12-31,employed,248,8179.78
P037500,2025-12-31,self_employed,170,14929.94
P037501,2025-12-31,employed,321,43023.88
P037504,2025-12-31,employed,297,32490.62
P037506,2025-12-31,employed,365,30449.62
P037511,2025-12-31,no_record,0,0
P037513,2025-12-31,employed,296,24469.13
P037516,2025-12-31,self_employed,161,NA
P037520,2025-12-31,employed,365,21583.22
P037521,2025-12-31,no_record,0,0
P037522,2025-12-31,employed,306,27959.11
P037523,2025-12-31,employed,237,44451.35
P037524,2025-12-31,employed,269,32444.86
P037527,2025-12-31,employed,365,27017.25
P037530,2025-12-31,employed,225,27834.56
P037536,2025-12-31,employed,312,33141.78
P037537,2025-12-31,employed,218,22088
P037540,2025-12-31,employed,193,16532.66
P037542,2025-12-31,marginal,162,4446.38
P037544,2025-12-31,marginal,91,7442.77
P037546,2025-12-31,employed,312,55099.17
P037547,2025-12-31,marginal,65,4280.74
P037549,2025-12-31,employed,321,39833.52
P037550,2025-12-31,marginal,134,6415.16
P037553,2025-12-31,marginal,146,9470.55
P037554,2025-12-31,self_employed,263,19914.06
P037556,2025-12-31,employed,217,54512.54
P037557,2025-12-31,marginal,132,3255.66
P037559,2025-12-31,employed,365,14936.05
P037560,2025-12-31,employed,240,8228.17
P037564,2025-12-31,employed,296,28814.44
P037566,2025-12-31,employed,309,65759.44
P037567,2025-12-31,employed,307,52580.25
P037570,2025-12-31,employed,267,51086.17
P037572,2025-12-31,employed,214,34416.74
P037573,2025-12-31,self_employed,294,38813.16
P037574,2025-12-31,employed,365,33324.25
P037579,2025-12-31,marginal,136,3937.6
P037580,2025-12-31,employed,273,33924.14
P037581,2025-12-31,marginal,111,2501.48
P037582,2025-12-31,employed,278,45603.59
P037585,2025-12-31,employed,296,38082
P037586,2025-12-31,employed,355,16643.16
P037590,2025-12-31,employed,331,28157.34
P037591,2025-12-31,employed,287,18709.82
P037594,2025-12-31,employed,308,32320.28
P037596,2025-12-31,employed,248,42264.03
P037599,2025-12-31,employed,325,11090.18
P037600,2025-12-31,employed,359,25479.21
P037601,2025-12-31,employed,277,20664
P037602,2025-12-31,employed,354,27999.59
P037603,2025-12-31,employed,245,18706.38
P037604,2025-12-31,employed,315,28314.54
P037606,2025-12-31,employed,365,22202
P037607,2025-12-31,self_employed,309,147473.34
P037608,2025-12-31,employed,340,9718.18
P037609,2025-12-31,employed,225,12891.92
P037610,2025-12-31,employed,303,31838.2
P037611,2025-12-31,employed,268,44138.95
P037612,2025-12-31,self_employed,267,22159.49
P037615,2025-12-31,employed,316,14279.61
P037616,2025-12-31,employed,273,24074.67
P037617,2025-12-31,self_employed,303,19395.76
P037618,2025-12-31,marginal,27,5740.83
P037620,2025-12-31,employed,264,48832.87
P037621,2025-12-31,employed,349,55627.98
P037624,2025-12-31,marginal,127,6875.07
P037626,2025-12-31,employed,258,24636.86
P037627,2025-12-31,marginal,62,6208.78
P037630,2025-12-31,employed,365,33402.55
P037632,2025-12-31,employed,243,14508.07
P037633,2025-12-31,employed,293,16149.79
P037634,2025-12-31,marginal,133,3639.67
P037635,2025-12-31,marginal,99,3832.15
P037636,2025-12-31,employed,259,28084.36
P037637,2025-12-31,employed,352,60317.1
P037640,2025-12-31,no_record,0,0
P037641,2025-12-31,employed,264,28178.24
P037643,2025-12-31,employed,341,34337.1
P037644,2025-12-31,marginal,51,3810.69
P037647,2025-12-31,employed,253,28001.21
P037649,2025-12-31,marginal,107,6021.33
P037651,2025-12-31,marginal,142,4539.37
P037656,2025-12-31,employed,294,53860.89
P037657,2025-12-31,employed,288,29883.24
P037658,2025-12-31,employed,252,27059.1
P037660,2025-12-31,employed,365,22828.55
P037661,2025-12-31,employed,311,19106.89
P037662,2025-12-31,self_employed,201,24545.13
P037664,2025-12-31,marginal,109,4694.5
P037665,2025-12-31,employed,365,23096.28
P037666,2025-12-31,marginal,132,2860.25
P037670,2025-12-31,employed,323,47738.24
P037672,2025-12-31,employed,305,20505.95
P037676,2025-12-31,self_employed,295,64159.37
P037681,2025-12-31,employed,365,32585.14
P037684,2025-12-31,employed,321,11081.44
P037685,2025-12-31,employed,365,22837.36
P037686,2025-12-31,employed,183,26199.4
P037688,2025-12-31,employed,325,46190.8
P037689,2025-12-31,employed,264,47305.89
P037694,2025-12-31,marginal,129,5893.79
P037696,2025-12-31,marginal,77,4697.43
P037698,2025-12-31,employed,365,24696.57
P037700,2025-12-31,employed,289,62447.2
P037702,2025-12-31,employed,292,34022.69
P037704,2025-12-31,employed,273,38885.15
P037705,2025-12-31,employed,364,21759.96
P037706,2025-12-31,employed,219,28587.87
P037710,2025-12-31,marginal,121,2668.77
P037712,2025-12-31,employed,349,26521.92
P037714,2025-12-31,employed,197,18537.68
P037715,2025-12-31,employed,267,24881.47
P037716,2025-12-31,self_employed,170,13458.91
P037719,2025-12-31,marginal,94,5093.45
P037721,2025-12-31,employed,214,12770.04
P037722,2025-12-31,employed,286,50823.26
P037728,2025-12-31,employed,311,31843.3
P037730,2025-12-31,marginal,132,5165.15
P037733,2025-12-31,employed,250,24208.07
P037736,2025-12-31,employed,310,17546.31
P037737,2025-12-31,employed,339,20503.67
P037738,2025-12-31,employed,239,41089.88
P037746,2025-12-31,marginal,5,3278.16
P037747,2025-12-31,employed,217,57801.34
P037748,2025-12-31,employed,208,17745.66
P037749,2025-12-31,employed,359,25280.48
P037750,2025-12-31,employed,365,30807.59
P037753,2025-12-31,employed,339,44085.96
P037755,2025-12-31,self_employed,164,12536.09
P037756,2025-12-31,employed,315,52998.75
P037758,2025-12-31,employed,325,28829.69
P037760,2025-12-31,self_employed,365,26397.37
P037761,2025-12-31,employed,254,18020.43
P037762,2025-12-31,employed,269,26401.82
P037765,2025-12-31,employed,321,62931.75
P037767,2025-12-31,employed,294,35727.47
P037768,2025-12-31,employed,365,26596.92
P037770,2025-12-31,self_employed,256,65664
P037773,2025-12-31,marginal,89,3754.47
P037775,2025-12-31,employed,295,16697.61
P037780,2025-12-31,employed,335,12407.94
P037781,2025-12-31,employed,287,19030.11
P037786,2025-12-31,employed,275,34369.04
P037787,2025-12-31,self_employed,286,30732.74
P037790,2025-12-31,employed,248,22110.31
P037794,2025-12-31,employed,345,29946.33
P037796,2025-12-31,marginal,46,6625.38
P037801,2025-12-31,self_employed,357,66537.33
P037802,2025-12-31,marginal,175,5977.5
P037807,2025-12-31,employed,257,24897.29
P037809,2025-12-31,employed,365,41393.69
P037821,2025-12-31,marginal,132,6374.91
P037825,2025-12-31,employed,228,67336.94
P037828,2025-12-31,employed,181,29816.99
P037832,2025-12-31,self_employed,275,11485.23
P037837,2025-12-31,employed,245,7265.31
P037838,2025-12-31,employed,274,20407.39
P037839,2025-12-31,self_employed,238,19244.15
P037840,2025-12-31,employed,365,44354.18
P037844,2025-12-31,self_employed,290,13175.61
P037845,2025-12-31,employed,265,19668.57
P037846,2025-12-31,employed,301,83597.88
P037847,2025-12-31,employed,344,17260.86
P037850,2025-12-31,employed,298,14503.42
P037851,2025-12-31,employed,263,18750.32
P037853,2025-12-31,employed,297,16867.42
P037854,2025-12-31,employed,352,25056.1
P037855,2025-12-31,self_employed,158,54870.26
P037859,2025-12-31,employed,270,64724.47
P037860,2025-12-31,employed,292,35585.9
P037862,2025-12-31,employed,339,20881.88
P037864,2025-12-31,employed,326,28436.92
P037865,2025-12-31,employed,234,18368.43
P037866,2025-12-31,self_employed,116,21678.87
P037870,2025-12-31,employed,200,42853.69
P037873,2025-12-31,employed,188,29042.45
P037875,2025-12-31,employed,311,36079.56
P037878,2025-12-31,employed,356,36590.71
P037879,2025-12-31,marginal,90,3399.83
P037880,2025-12-31,employed,264,73758.88
P037881,2025-12-31,marginal,152,5604.02
P037883,2025-12-31,employed,365,49910.62
P037885,2025-12-31,employed,246,17109.62
P037886,2025-12-31,self_employed,212,10811.08
P037888,2025-12-31,employed,NA,29832.97
P037891,2025-12-31,employed,338,33180.41
P037892,2025-12-31,employed,264,20511.76
P037893,2025-12-31,employed,300,24756.95
P037895,2025-12-31,employed,281,24473.89
P037901,2025-12-31,employed,365,34127.93
P037903,2025-12-31,employed,201,10225.74
P037906,2025-12-31,employed,213,35259.61
P037909,2025-12-31,employed,274,63527.62
P037911,2025-12-31,employed,311,46502.71
P037913,2025-12-31,self_employed,208,28315.31
P037914,2025-12-31,employed,365,18230.38
P037917,2025-12-31,employed,278,37191.15
P037918,2025-12-31,employed,302,20798.22
P037921,2025-12-31,marginal,126,4238.25
P037924,2025-12-31,employed,288,19044.55
P037925,2025-12-31,employed,317,21928.88
P037927,2025-12-31,employed,352,21564.73
P037928,2025-12-31,employed,230,15961.13
P037929,2025-12-31,employed,243,37447.4
P037931,2025-12-31,employed,321,31274.11
P037932,2025-12-31,self_employed,296,36747.45
P037934,2025-12-31,employed,290,43817.37
P037939,2025-12-31,self_employed,253,31686.72
P037940,2025-12-31,employed,365,29815.52
P037942,2025-12-31,employed,224,35480.77
P037943,2025-12-31,employed,257,25403.7
P037945,2025-12-31,employed,323,49284.4
P037946,2025-12-31,employed,319,22674.18
P037949,2025-12-31,employed,293,27123.32
P037951,2025-12-31,employed,247,27819.57
P037953,2025-12-31,marginal,119,2836.91
P037956,2025-12-31,employed,365,15698.79
P037961,2025-12-31,employed,336,15331.25
P037963,2025-12-31,employed,277,39646.09
P037964,2025-12-31,employed,333,90659.92
P037966,2025-12-31,employed,298,90481.58
P037967,2025-12-31,self_employed,200,19300.52
P037968,2025-12-31,employed,349,28117.53
P037970,2025-12-31,employed,304,23682.18
P037974,2025-12-31,employed,261,31047.01
P037980,2025-12-31,employed,297,32075.03
P037982,2025-12-31,employed,332,34764.16
P037984,2025-12-31,employed,250,26426.69
P037985,2025-12-31,employed,257,29543.46
P037988,2025-12-31,employed,294,13240.82
P037991,2025-12-31,employed,304,38192.48
P037994,2025-12-31,marginal,188,4954.74
P037995,2025-12-31,employed,295,15348.44
P038002,2025-12-31,employed,365,53479.97
P038003,2025-12-31,employed,265,27922.99
P038005,2025-12-31,marginal,66,7137.24
P038006,2025-12-31,self_employed,276,17870
P038007,2025-12-31,employed,338,22077.55
P038013,2025-12-31,employed,237,18581.95
P038017,2025-12-31,employed,232,66669.25
P038018,2025-12-31,employed,179,33538.47
P038019,2025-12-31,employed,347,9958.98
P038023,2025-12-31,employed,325,34524.81
P038026,2025-12-31,employed,274,31772.5
P038028,2025-12-31,employed,313,63754.55
P038030,2025-12-31,no_record,0,0
P038034,2025-12-31,employed,299,39840.31
P038035,2025-12-31,employed,236,59438.67
P038037,2025-12-31,employed,244,27624.67
P038038,2025-12-31,employed,365,25546.26
P038039,2025-12-31,no_record,0,0
P038043,2025-12-31,marginal,63,4922.71
P038044,2025-12-31,employed,330,13091.42
P038046,2025-12-31,employed,339,20306.88
P038047,2025-12-31,self_employed,130,35636.94
P038051,2025-12-31,employed,251,20571.4
P038053,2025-12-31,no_record,0,0
P038055,2025-12-31,employed,284,14490.96
P038058,2025-12-31,employed,287,18550.08
P038059,2025-12-31,employed,355,14024
P038060,2025-12-31,self_employed,274,11361.07
P038063,2025-12-31,no_record,0,0
P038064,2025-12-31,self_employed,300,9541.19
P038066,2025-12-31,no_record,0,0
P038067,2025-12-31,employed,232,22791.93
P038069,2025-12-31,marginal,152,8239.5
P038070,2025-12-31,employed,236,11169.46
P038073,2025-12-31,employed,302,23347.43
P038074,2025-12-31,marginal,128,4797.95
P038078,2025-12-31,employed,246,50133.38
P038080,2025-12-31,employed,283,26908.37
P038081,2025-12-31,marginal,103,4826.97
P038082,2025-12-31,employed,274,36226.09
P038086,2025-12-31,employed,365,18783.46
P038087,2025-12-31,employed,313,40108.13
P038089,2025-12-31,employed,298,46211.65
P038090,2025-12-31,employed,365,25114.5
P038091,2025-12-31,employed,216,44385.89
P038094,2025-12-31,employed,294,15607.64
P038097,2025-12-31,employed,268,31813.12
P038099,2025-12-31,employed,339,10257.09
P038101,2025-12-31,employed,321,36016.41
P038105,2025-12-31,employed,210,10543.28
P038106,2025-12-31,marginal,131,4952.33
P038109,2025-12-31,employed,289,50529.05
P038112,2025-12-31,marginal,129,2570.2
P038115,2025-12-31,employed,235,29307.43
P038119,2025-12-31,marginal,78,6927.24
P038121,2025-12-31,employed,258,21640.15
P038123,2025-12-31,employed,259,28520.36
P038126,2025-12-31,no_record,0,0
P038127,2025-12-31,employed,351,13805.02
P038130,2025-12-31,employed,365,48583.2
P038131,2025-12-31,employed,268,26786.56
P038132,2025-12-31,employed,275,29464.34
P038135,2025-12-31,self_employed,360,34706.58
P038139,2025-12-31,employed,279,21887.36
P038140,2025-12-31,employed,204,18761.37
P038143,2025-12-31,employed,365,23823.62
P038144,2025-12-31,employed,317,31820.7
P038147,2025-12-31,employed,250,17861.34
P038148,2025-12-31,employed,261,34064.42
P038149,2025-12-31,employed,270,32192.28
P038150,2025-12-31,employed,312,34606.72
P038152,2025-12-31,employed,216,33041.97
P038156,2025-12-31,employed,234,24362.91
P038162,2025-12-31,marginal,102,4457.14
P038163,2025-12-31,employed,365,17228.26
P038164,2025-12-31,employed,322,22454.73
P038166,2025-12-31,self_employed,273,25188.81
P038170,2025-12-31,employed,194,17289.41
P038171,2025-12-31,employed,365,17177.76
P038173,2025-12-31,employed,354,34850.41
P038175,2025-12-31,employed,245,41856.64
P038177,2025-12-31,employed,300,32134.77
P038179,2025-12-31,employed,264,38175.39
P038180,2025-12-31,employed,NA,33414.46
P038183,2025-12-31,employed,272,20260.5
P038185,2025-12-31,employed,277,33997.74
P038187,2025-12-31,marginal,164,2310.42
P038188,2025-12-31,employed,207,21091.07
P038192,2025-12-31,employed,328,17553.47
P038194,2025-12-31,no_record,0,0
P038197,2025-12-31,employed,172,16255.39
P038201,2025-12-31,employed,281,37547.72
P038202,2025-12-31,employed,365,13296.05
P038203,2025-12-31,self_employed,333,20632.38
P038205,2025-12-31,employed,219,26391
P038207,2025-12-31,employed,272,22403.83
P038208,2025-12-31,self_employed,291,14787.79
P038210,2025-12-31,employed,215,17213.27
P038212,2025-12-31,self_employed,210,27436.72
P038218,2025-12-31,self_employed,201,50297.37
P038220,2025-12-31,marginal,117,3726.9
P038222,2025-12-31,employed,330,37590.09
P038224,2025-12-31,employed,260,64288.47
P038225,2025-12-31,employed,255,38093.57
P038227,2025-12-31,employed,210,21612.06
P038229,2025-12-31,employed,311,30003.02
P038234,2025-12-31,employed,356,18763.89
P038236,2025-12-31,employed,214,13416.01
P038237,2025-12-31,employed,258,19992.9
P038239,2025-12-31,employed,365,32943.1
P038245,2025-12-31,employed,177,21743.82
P038246,2025-12-31,employed,306,30489.24
P038250,2025-12-31,self_employed,224,23385.56
P038251,2025-12-31,employed,212,13019.83
P038255,2025-12-31,employed,232,39667.53
P038257,2025-12-31,employed,222,43382.63
P038258,2025-12-31,employed,292,42270.75
P038259,2025-12-31,employed,362,19349.97
P038261,2025-12-31,employed,305,17950.75
P038262,2025-12-31,employed,189,48063
P038264,2025-12-31,employed,253,30553.8
P038266,2025-12-31,marginal,94,5919.62
P038268,2025-12-31,employed,365,60494.64
P038269,2025-12-31,employed,330,11256.31
P038271,2025-12-31,marginal,78,4906.74
P038272,2025-12-31,employed,365,19322.77
P038273,2025-12-31,employed,274,24742.9
P038274,2025-12-31,self_employed,297,9914.99
P038276,2025-12-31,marginal,171,5995.57
P038280,2025-12-31,employed,341,30939.61
P038283,2025-12-31,employed,283,23116.58
P038285,2025-12-31,employed,257,41507.52
P038288,2025-12-31,employed,244,14262.48
P038292,2025-12-31,employed,166,40883.77
P038293,2025-12-31,self_employed,211,89388.96
P038297,2025-12-31,employed,296,21644.48
P038298,2025-12-31,employed,350,37401.85
P038300,2025-12-31,marginal,170,3154.13
P038301,2025-12-31,marginal,172,7277.67
P038302,2025-12-31,marginal,107,7464.26
P038303,2025-12-31,self_employed,164,114857.84
P038306,2025-12-31,employed,217,100188.25
P038308,2025-12-31,employed,224,23960.01
P038310,2025-12-31,self_employed,310,14656.6
P038311,2025-12-31,employed,306,32487.4
P038312,2025-12-31,employed,241,15473.98
P038313,2025-12-31,employed,325,29868.94
P038315,2025-12-31,employed,351,58710.99
P038320,2025-12-31,employed,365,24455.06
P038323,2025-12-31,marginal,158,3642.91
P038325,2025-12-31,employed,281,35404.54
P038327,2025-12-31,self_employed,268,20713.13
P038329,2025-12-31,employed,241,25241.4
P038331,2025-12-31,self_employed,205,9802.38
P038336,2025-12-31,self_employed,248,18395.56
P038337,2025-12-31,employed,365,17768.26
P038338,2025-12-31,employed,263,16288.66
P038341,2025-12-31,self_employed,227,21251.84
P038342,2025-12-31,employed,365,14942.09
P038344,2025-12-31,employed,238,49874.83
P038345,2025-12-31,employed,211,23867.86
P038346,2025-12-31,employed,331,73428.72
P038347,2025-12-31,employed,285,29065.09
P038349,2025-12-31,marginal,104,2662.44
P038350,2025-12-31,employed,256,29568.67
P038353,2025-12-31,marginal,85,2670.77
P038355,2025-12-31,employed,336,39636.59
P038356,2025-12-31,employed,228,18561.49
P038362,2025-12-31,employed,193,29781.26
P038364,2025-12-31,employed,290,24583.24
P038366,2025-12-31,employed,299,14667.07
P038368,2025-12-31,self_employed,219,23868.86
P038369,2025-12-31,self_employed,305,7001.26
P038370,2025-12-31,no_record,0,0
P038371,2025-12-31,employed,312,27204.4
P038372,2025-12-31,marginal,53,8717.06
P038375,2025-12-31,employed,300,31319.84
P038378,2025-12-31,employed,365,20441.23
P038380,2025-12-31,employed,268,15531.71
P038383,2025-12-31,employed,288,30557.42
P038391,2025-12-31,employed,365,27972.98
P038392,2025-12-31,employed,332,27562.07
P038393,2025-12-31,employed,258,26939.9
P038396,2025-12-31,employed,197,37271.21
P038397,2025-12-31,employed,352,21686.12
P038398,2025-12-31,employed,311,30482.68
P038401,2025-12-31,employed,307,20534.88
P038402,2025-12-31,employed,241,27268.76
P038403,2025-12-31,employed,358,22021.01
P038404,2025-12-31,employed,251,26774.5
P038409,2025-12-31,employed,325,20589.77
P038411,2025-12-31,employed,348,14876.37
P038415,2025-12-31,employed,265,46129.87
P038419,2025-12-31,employed,224,44437.44
P038424,2025-12-31,employed,293,11475.85
P038425,2025-12-31,employed,300,5760.25
P038427,2025-12-31,self_employed,314,30236.76
P038428,2025-12-31,employed,256,17748.25
P038430,2025-12-31,employed,230,28580.37
P038434,2025-12-31,employed,365,27247.21
P038436,2025-12-31,employed,348,14552.1
P038438,2025-12-31,employed,311,45612.64
P038440,2025-12-31,employed,330,23519.62
P038443,2025-12-31,marginal,81,3333.17
P038444,2025-12-31,employed,325,13339.04
P038446,2025-12-31,employed,350,39409.66
P038448,2025-12-31,marginal,91,6695.52
P038449,2025-12-31,employed,225,17528.57
P038451,2025-12-31,employed,235,14611.33
P038457,2025-12-31,no_record,0,0
P038458,2025-12-31,employed,316,16790.36
P038459,2025-12-31,self_employed,225,3903.47
P038461,2025-12-31,employed,314,34496.65
P038465,2025-12-31,employed,252,6047.36
P038467,2025-12-31,employed,326,23522.62
P038468,2025-12-31,marginal,142,4826.95
P038470,2025-12-31,marginal,183,4146.37
P038471,2025-12-31,employed,344,15635.16
P038474,2025-12-31,employed,365,14233.22
P038475,2025-12-31,self_employed,365,20502.99
P038476,2025-12-31,employed,221,26211.97
P038477,2025-12-31,employed,230,26382.04
P038482,2025-12-31,employed,269,30051.19
P038483,2025-12-31,employed,303,14935.58
P038484,2025-12-31,no_record,0,0
P038486,2025-12-31,marginal,10,2613.46
P038490,2025-12-31,employed,298,21754.56
P038491,2025-12-31,employed,274,33454.88
P038493,2025-12-31,employed,325,19488.57
P038494,2025-12-31,self_employed,365,75019.05
P038495,2025-12-31,employed,285,43485.36
P038502,2025-12-31,employed,270,10958.03
P038503,2025-12-31,employed,NA,14032.77
P038504,2025-12-31,employed,311,17691.05
P038506,2025-12-31,employed,288,19678.13
P038510,2025-12-31,self_employed,332,11308.45
P038511,2025-12-31,employed,252,24563.02
P038513,2025-12-31,no_record,0,0
P038516,2025-12-31,employed,289,20142.93
P038518,2025-12-31,employed,275,11100.1
P038520,2025-12-31,employed,365,23445.04
P038528,2025-12-31,marginal,71,3499.43
P038531,2025-12-31,marginal,81,3038.42
P038534,2025-12-31,employed,365,28765.88
P038538,2025-12-31,employed,343,14297.63
P038539,2025-12-31,self_employed,176,77222.54
P038540,2025-12-31,employed,253,26548.8
P038544,2025-12-31,employed,247,48268.32
P038547,2025-12-31,employed,314,19800.25
P038548,2025-12-31,employed,NA,20749.69
P038549,2025-12-31,employed,273,14096.89
P038551,2025-12-31,employed,219,33964.02
P038552,2025-12-31,marginal,196,4114.82
P038554,2025-12-31,marginal,155,5023.16
P038556,2025-12-31,employed,232,17509.7
P038557,2025-12-31,employed,205,17301.19
P038558,2025-12-31,employed,204,22024.31
P038561,2025-12-31,employed,301,29776.43
P038563,2025-12-31,employed,358,11169.74
P038565,2025-12-31,employed,365,15453.56
P038569,2025-12-31,employed,284,28699.72
P038571,2025-12-31,self_employed,340,24421.29
P038576,2025-12-31,employed,245,42570.77
P038578,2025-12-31,employed,274,40490.02
P038579,2025-12-31,marginal,76,4239.91
P038581,2025-12-31,employed,273,16288.36
P038582,2025-12-31,employed,263,36398.79
P038585,2025-12-31,employed,226,36656.3
P038587,2025-12-31,employed,283,15736.87
P038589,2025-12-31,employed,284,18328.03
P038590,2025-12-31,employed,281,9264.81
P038593,2025-12-31,employed,336,48072.36
P038595,2025-12-31,employed,263,35607.19
P038601,2025-12-31,employed,290,16824.69
P038603,2025-12-31,self_employed,334,28951.92
P038604,2025-12-31,employed,255,41579.15
P038607,2025-12-31,employed,272,39124.58
P038608,2025-12-31,employed,263,25708.81
P038609,2025-12-31,employed,261,33151.85
P038611,2025-12-31,employed,281,35666.57
P038612,2025-12-31,marginal,35,3709.01
P038613,2025-12-31,employed,276,19064.37
P038615,2025-12-31,no_record,0,0
P038617,2025-12-31,employed,289,40927.12
P038620,2025-12-31,employed,260,35569.76
P038621,2025-12-31,employed,345,25148.56
P038633,2025-12-31,employed,356,19291.14
P038636,2025-12-31,employed,294,32864.52
P038638,2025-12-31,employed,191,45478.63
P038641,2025-12-31,self_employed,319,14528.12
P038644,2025-12-31,employed,361,19782.68
P038645,2025-12-31,employed,365,49881.29
P038646,2025-12-31,employed,286,12493.57
P038651,2025-12-31,no_record,0,0
P038652,2025-12-31,employed,266,44790.7
P038656,2025-12-31,employed,313,14380.01
P038657,2025-12-31,employed,339,14383.03
P038659,2025-12-31,employed,356,18470.66
P038660,2025-12-31,employed,350,45866.53
P038663,2025-12-31,employed,NA,26687.38
P038664,2025-12-31,self_employed,202,23078.76
P038666,2025-12-31,employed,289,60786.85
P038667,2025-12-31,employed,320,14580.19
P038671,2025-12-31,employed,365,29830.31
P038677,2025-12-31,employed,277,17532.26
P038680,2025-12-31,employed,288,14489.79
P038681,2025-12-31,employed,337,61617.3
P038683,2025-12-31,employed,244,20984.94
P038685,2025-12-31,employed,278,19956.93
P038686,2025-12-31,employed,253,22758.05
P038688,2025-12-31,employed,365,51363.06
P038689,2025-12-31,employed,285,31656.27
P038690,2025-12-31,no_record,0,0
P038691,2025-12-31,marginal,57,6127.9
P038693,2025-12-31,employed,365,35356.46
P038694,2025-12-31,employed,365,33562.08
P038700,2025-12-31,no_record,0,0
P038701,2025-12-31,employed,255,40618.28
P038702,2025-12-31,employed,252,32702.47
P038703,2025-12-31,employed,365,18743.32
P038704,2025-12-31,employed,231,35371.59
P038705,2025-12-31,employed,237,46201.64
P038707,2025-12-31,employed,331,24128.28
P038709,2025-12-31,employed,281,31445.88
P038712,2025-12-31,marginal,158,3825.62
P038713,2025-12-31,employed,262,39954.41
P038718,2025-12-31,employed,353,23574.99
P038719,2025-12-31,employed,277,40389.46
P038720,2025-12-31,employed,254,26635.93
P038723,2025-12-31,employed,268,25917.62
P038730,2025-12-31,employed,250,26213.76
P038732,2025-12-31,employed,220,40609.36
P038734,2025-12-31,employed,348,40745.16
P038735,2025-12-31,employed,342,45272.77
P038737,2025-12-31,employed,NA,43340.07
P038740,2025-12-31,employed,293,24858.58
P038741,2025-12-31,employed,290,36073.93
P038743,2025-12-31,employed,349,33591.7
P038745,2025-12-31,employed,308,17440.89
P038747,2025-12-31,employed,212,52364.67
P038750,2025-12-31,self_employed,365,45796.03
P038751,2025-12-31,employed,365,11753.76
P038752,2025-12-31,employed,312,15862.83
P038753,2025-12-31,marginal,84,7877.23
P038754,2025-12-31,employed,321,12585.07
P038755,2025-12-31,employed,260,30883.94
P038756,2025-12-31,employed,209,38318.2
P038758,2025-12-31,marginal,79,4962.82
P038759,2025-12-31,employed,328,35682.98
P038760,2025-12-31,employed,299,43083.35
P038763,2025-12-31,self_employed,262,19547.09
P038765,2025-12-31,employed,174,41553.72
P038767,2025-12-31,employed,310,27821.81
P038768,2025-12-31,marginal,145,2567.42
P038769,2025-12-31,employed,365,18745.58
P038773,2025-12-31,employed,295,23311.83
P038774,2025-12-31,employed,251,29118.64
P038776,2025-12-31,employed,347,16386.32
P038777,2025-12-31,employed,250,71066.15
P038780,2025-12-31,employed,347,14780.99
P038781,2025-12-31,marginal,121,5793.78
P038785,2025-12-31,employed,330,38637.49
P038789,2025-12-31,marginal,115,4786.56
P038792,2025-12-31,employed,260,16532.74
P038794,2025-12-31,employed,292,20180.1
P038795,2025-12-31,self_employed,171,38335.42
P038797,2025-12-31,employed,324,13494.5
P038798,2025-12-31,marginal,126,5956.51
P038799,2025-12-31,employed,290,16464.72
P038803,2025-12-31,employed,351,45729.86
P038807,2025-12-31,employed,216,34246.77
P038808,2025-12-31,employed,248,23698.13
P038810,2025-12-31,employed,365,26533.87
P038811,2025-12-31,employed,201,28102.09
P038812,2025-12-31,employed,365,19015.87
P038815,2025-12-31,employed,330,49038.17
P038820,2025-12-31,employed,198,27456.66
P038821,2025-12-31,marginal,143,6879.5
P038822,2025-12-31,employed,293,14160.14
P038823,2025-12-31,self_employed,246,29251.78
P038824,2025-12-31,self_employed,280,13070.67
P038825,2025-12-31,employed,297,20932.57
P038828,2025-12-31,no_record,0,0
P038831,2025-12-31,employed,273,13904.94
P038832,2025-12-31,employed,229,14430.94
P038834,2025-12-31,employed,293,40155.67
P038836,2025-12-31,employed,316,19360.76
P038844,2025-12-31,self_employed,178,18105.67
P038849,2025-12-31,employed,305,16900.9
P038850,2025-12-31,marginal,59,4326.54
P038851,2025-12-31,marginal,121,5178.71
P038859,2025-12-31,employed,234,24762.65
P038862,2025-12-31,employed,219,30842.66
P038865,2025-12-31,employed,361,44411.97
P038867,2025-12-31,employed,305,15316.57
P038868,2025-12-31,employed,267,38862.34
P038874,2025-12-31,self_employed,245,17138.32
P038875,2025-12-31,employed,336,24576.14
P038878,2025-12-31,employed,346,26836.83
P038879,2025-12-31,employed,365,19055.79
P038880,2025-12-31,employed,281,37673.28
P038881,2025-12-31,employed,278,17834.25
P038882,2025-12-31,marginal,200,3487.63
P038884,2025-12-31,employed,315,23290.95
P038886,2025-12-31,marginal,126,6812.98
P038887,2025-12-31,marginal,57,5813.21
P038888,2025-12-31,employed,176,35193.39
P038895,2025-12-31,self_employed,170,26766.72
P038899,2025-12-31,employed,329,38862.02
P038900,2025-12-31,employed,290,64290.2
P038901,2025-12-31,marginal,142,4915.42
P038903,2025-12-31,employed,339,40332.5
P038904,2025-12-31,self_employed,246,32032.43
P038906,2025-12-31,employed,286,41396.73
P038909,2025-12-31,marginal,135,4753.17
P038910,2025-12-31,employed,265,27625.29
P038913,2025-12-31,employed,329,13640.03
P038915,2025-12-31,employed,365,66544.84
P038916,2025-12-31,employed,358,63128.52
P038917,2025-12-31,self_employed,238,6926.91
P038922,2025-12-31,employed,365,37141.02
P038924,2025-12-31,employed,311,60684.95
P038926,2025-12-31,employed,246,25619.94
P038928,2025-12-31,employed,261,45590.63
P038929,2025-12-31,self_employed,210,28345.63
P038932,2025-12-31,employed,301,25283.45
P038933,2025-12-31,employed,242,21393.1
P038935,2025-12-31,employed,354,52938.54
P038939,2025-12-31,self_employed,114,37945.59
P038941,2025-12-31,employed,211,25407.31
P038942,2025-12-31,employed,365,55946.31
P038943,2025-12-31,employed,243,15197.55
P038946,2025-12-31,no_record,0,0
P038947,2025-12-31,employed,205,26646.9
P038950,2025-12-31,self_employed,281,100303.14
P038951,2025-12-31,employed,289,26809.66
P038956,2025-12-31,employed,286,35134.67
P038958,2025-12-31,employed,269,10103.65
P038961,2025-12-31,employed,248,16564.65
P038963,2025-12-31,employed,365,26772.8
P038966,2025-12-31,employed,338,26802.81
P038967,2025-12-31,employed,276,16040.51
P038969,2025-12-31,marginal,102,8415.21
P038971,2025-12-31,employed,210,18736.39
P038973,2025-12-31,employed,218,35033.06
P038974,2025-12-31,marginal,86,5111.44
P038980,2025-12-31,employed,206,24141.56
P038982,2025-12-31,employed,257,32433.91
P038983,2025-12-31,employed,365,25376.57
P038984,2025-12-31,employed,272,19322.36
P038986,2025-12-31,employed,233,17442.34
P038988,2025-12-31,employed,318,16316.49
P038989,2025-12-31,employed,223,17509.79
P038994,2025-12-31,employed,315,18613.84
P038997,2025-12-31,employed,277,29884.27
P038998,2025-12-31,marginal,51,2520.16
P038999,2025-12-31,marginal,145,4072.84
P039000,2025-12-31,employed,365,13047.35
P039002,2025-12-31,employed,239,43882.81
P039003,2025-12-31,self_employed,299,22536.27
P039005,2025-12-31,employed,333,21620.11
P039006,2025-12-31,employed,348,NA
P039008,2025-12-31,marginal,72,5268.16
P039009,2025-12-31,employed,288,31578.67
P039011,2025-12-31,employed,334,14722.43
P039013,2025-12-31,employed,309,13030.2
P039014,2025-12-31,marginal,107,3366.45
P039015,2025-12-31,employed,304,17451.77
P039017,2025-12-31,employed,332,24932.36
P039021,2025-12-31,employed,198,46485.91
P039023,2025-12-31,employed,201,16717.01
P039026,2025-12-31,self_employed,108,24146.82
P039028,2025-12-31,employed,365,37491.96
P039029,2025-12-31,employed,256,21591.9
P039031,2025-12-31,marginal,140,7028.6
P039033,2025-12-31,employed,337,16816.07
P039035,2025-12-31,employed,246,26093.6
P039037,2025-12-31,self_employed,329,17326.57
P039038,2025-12-31,employed,293,25444.03
P039040,2025-12-31,employed,188,52612.46
P039041,2025-12-31,employed,234,23662.33
P039042,2025-12-31,no_record,0,0
P039043,2025-12-31,employed,262,15592.89
P039046,2025-12-31,employed,304,12708.26
P039048,2025-12-31,self_employed,140,25411.89
P039050,2025-12-31,employed,331,41737.17
P039052,2025-12-31,self_employed,201,17737.31
P039053,2025-12-31,employed,259,NA
P039054,2025-12-31,employed,248,17607.86
P039056,2025-12-31,employed,300,28183.21
P039057,2025-12-31,employed,188,33441.87
P039058,2025-12-31,employed,279,26137.78
P039060,2025-12-31,employed,303,35801.8
P039062,2025-12-31,employed,298,14702.49
P039064,2025-12-31,employed,NA,24133.43
P039066,2025-12-31,employed,365,20055.56
P039067,2025-12-31,employed,256,29028.57
P039069,2025-12-31,employed,341,17202.49
P039070,2025-12-31,employed,320,29522.29
P039077,2025-12-31,employed,326,12593.4
P039083,2025-12-31,employed,255,44091.23
P039084,2025-12-31,employed,211,11908.92
P039085,2025-12-31,employed,221,55074.34
P039090,2025-12-31,self_employed,344,89346.37
P039091,2025-12-31,employed,343,61552.25
P039093,2025-12-31,employed,207,34897.14
P039094,2025-12-31,marginal,128,6078.85
P039095,2025-12-31,employed,226,32852.86
P039098,2025-12-31,employed,257,59390.57
P039100,2025-12-31,employed,346,31040.48
P039102,2025-12-31,employed,365,23696.08
P039103,2025-12-31,employed,353,30803.1
P039104,2025-12-31,marginal,133,6225.61
P039105,2025-12-31,employed,339,20542.48
P039106,2025-12-31,employed,271,61742.41
P039117,2025-12-31,employed,266,16524.04
P039118,2025-12-31,employed,365,14228.36
P039119,2025-12-31,employed,320,27522.7
P039120,2025-12-31,marginal,86,3364.25
P039126,2025-12-31,employed,238,15004.66
P039128,2025-12-31,self_employed,183,14292.45
P039130,2025-12-31,marginal,102,3828.67
P039132,2025-12-31,self_employed,93,24906.59
P039139,2025-12-31,employed,360,23341.08
P039140,2025-12-31,employed,359,25970.32
P039142,2025-12-31,employed,365,21208.14
P039145,2025-12-31,employed,284,12458.89
P039146,2025-12-31,employed,317,24966.22
P039152,2025-12-31,self_employed,199,32139.19
P039153,2025-12-31,employed,268,25511.35
P039156,2025-12-31,employed,219,25853.57
P039158,2025-12-31,employed,258,20414.88
P039164,2025-12-31,employed,NA,35987.37
P039166,2025-12-31,employed,278,56264.2
P039167,2025-12-31,employed,306,27491.45
P039168,2025-12-31,employed,278,33931.51
P039169,2025-12-31,employed,233,41108.05
P039173,2025-12-31,employed,221,44927.8
P039174,2025-12-31,employed,293,19364.05
P039175,2025-12-31,employed,365,39202.35
P039177,2025-12-31,self_employed,291,41636.68
P039178,2025-12-31,employed,281,34927.18
P039180,2025-12-31,employed,273,29380.45
P039181,2025-12-31,employed,304,43726.56
P039184,2025-12-31,employed,301,52568.9
P039186,2025-12-31,employed,248,55710.2
P039187,2025-12-31,self_employed,178,93734.58
P039193,2025-12-31,employed,269,50017.42
P039196,2025-12-31,employed,277,29771.92
P039197,2025-12-31,employed,271,42073.31
P039203,2025-12-31,marginal,52,8601.08
P039204,2025-12-31,employed,239,26980.79
P039205,2025-12-31,no_record,0,0
P039207,2025-12-31,employed,365,32407.05
P039209,2025-12-31,employed,261,28265.22
P039210,2025-12-31,employed,276,29456.11
P039212,2025-12-31,employed,316,11532.35
P039213,2025-12-31,employed,331,14714.48
P039215,2025-12-31,employed,218,9523.18
P039217,2025-12-31,employed,357,24970.06
P039218,2025-12-31,employed,278,17961.88
P039220,2025-12-31,employed,330,14943.97
P039224,2025-12-31,employed,269,35788.39
P039228,2025-12-31,employed,283,17055.67
P039232,2025-12-31,self_employed,261,15018.4
P039235,2025-12-31,employed,225,16221.35
P039237,2025-12-31,employed,262,23285.68
P039238,2025-12-31,employed,261,30455.26
P039239,2025-12-31,employed,225,24975.46
P039241,2025-12-31,self_employed,148,31518.92
P039243,2025-12-31,employed,349,56750.43
P039244,2025-12-31,employed,211,12960.43
P039246,2025-12-31,no_record,0,0
P039249,2025-12-31,employed,181,34933.88
P039257,2025-12-31,no_record,0,0
P039260,2025-12-31,self_employed,242,15541.71
P039261,2025-12-31,employed,358,25951.03
P039265,2025-12-31,marginal,40,3473.46
P039267,2025-12-31,employed,270,21973.6
P039268,2025-12-31,employed,181,42097.64
P039270,2025-12-31,employed,246,NA
P039273,2025-12-31,employed,285,109468.51
P039275,2025-12-31,employed,NA,16092.12
P039278,2025-12-31,employed,286,24153.49
P039285,2025-12-31,employed,231,47506.42
P039286,2025-12-31,marginal,81,3124.7
P039287,2025-12-31,employed,365,21712.99
P039288,2025-12-31,employed,365,25849.26
P039290,2025-12-31,employed,210,22418.07
P039292,2025-12-31,employed,260,24139.81
P039294,2025-12-31,employed,331,28052.03
P039299,2025-12-31,employed,316,37132.51
P039300,2025-12-31,employed,269,16225.11
P039302,2025-12-31,self_employed,254,14246.25
P039305,2025-12-31,self_employed,241,36373.85
P039306,2025-12-31,no_record,0,0
P039307,2025-12-31,employed,322,29608.27
P039308,2025-12-31,employed,351,44881.34
P039311,2025-12-31,employed,208,16950.86
P039313,2025-12-31,self_employed,126,65989.75
P039314,2025-12-31,employed,215,14746.34
P039315,2025-12-31,employed,286,20251.65
P039317,2025-12-31,employed,311,15727.94
P039318,2025-12-31,employed,300,32102.21
P039319,2025-12-31,employed,325,17398.18
P039320,2025-12-31,employed,255,42005.81
P039321,2025-12-31,employed,330,33103.19
P039325,2025-12-31,self_employed,223,35937.03
P039329,2025-12-31,employed,365,32775.31
P039330,2025-12-31,self_employed,124,12877.83
P039331,2025-12-31,employed,329,21075.18
P039334,2025-12-31,employed,280,30063.24
P039335,2025-12-31,employed,310,92832.08
P039336,2025-12-31,employed,194,27786.98
P039338,2025-12-31,employed,308,36032.9
P039343,2025-12-31,marginal,156,4355.63
P039344,2025-12-31,employed,264,40051.28
P039348,2025-12-31,employed,284,30138.58
P039351,2025-12-31,employed,295,31192.5
P039354,2025-12-31,employed,NA,20104.53
P039355,2025-12-31,employed,306,31551.66
P039362,2025-12-31,employed,224,9607.62
P039364,2025-12-31,marginal,150,3570.38
P039365,2025-12-31,employed,247,56454.03
P039366,2025-12-31,employed,273,18769.69
P039367,2025-12-31,employed,345,29705.17
P039368,2025-12-31,employed,125,27418
P039369,2025-12-31,marginal,85,5687.94
P039370,2025-12-31,no_record,0,0
P039381,2025-12-31,employed,344,25024.62
P039383,2025-12-31,marginal,193,4598.11
P039384,2025-12-31,employed,304,24172.38
P039385,2025-12-31,employed,238,20139.83
P039386,2025-12-31,employed,218,28346.79
P039389,2025-12-31,employed,337,12840.17
P039393,2025-12-31,self_employed,306,11074.08
P039394,2025-12-31,employed,188,43067.96
P039395,2025-12-31,employed,330,5795.82
P039397,2025-12-31,employed,229,22726.35
P039402,2025-12-31,employed,353,16974.91
P039403,2025-12-31,employed,285,20947.64
P039405,2025-12-31,employed,298,24272.97
P039408,2025-12-31,employed,323,34711.55
P039411,2025-12-31,employed,284,15803.41
P039413,2025-12-31,self_employed,164,31404.4
P039414,2025-12-31,employed,217,36230.7
P039416,2025-12-31,employed,259,19022.07
P039418,2025-12-31,employed,266,22793
P039419,2025-12-31,employed,351,23452.23
P039420,2025-12-31,employed,284,39684.22
P039422,2025-12-31,marginal,100,8451.99
P039424,2025-12-31,employed,244,56663.94
P039425,2025-12-31,marginal,182,5786.04
P039426,2025-12-31,employed,278,19262.4
P039427,2025-12-31,employed,324,22785.24
P039428,2025-12-31,self_employed,321,5341.27
P039429,2025-12-31,employed,347,51568.16
P039435,2025-12-31,employed,308,25496.91
P039436,2025-12-31,employed,269,18989.17
P039438,2025-12-31,employed,221,34331.47
P039439,2025-12-31,employed,NA,24319.97
P039440,2025-12-31,employed,290,67478.48
P039441,2025-12-31,no_record,0,0
P039446,2025-12-31,employed,302,31705.07
P039448,2025-12-31,marginal,87,2870.1
P039450,2025-12-31,employed,365,25102.86
P039452,2025-12-31,no_record,0,0
P039456,2025-12-31,employed,365,22134.3
P039458,2025-12-31,employed,365,11803.62
P039460,2025-12-31,employed,365,NA
P039461,2025-12-31,employed,269,16386.99
P039464,2025-12-31,marginal,70,3900.11
P039467,2025-12-31,employed,266,33167.29
P039468,2025-12-31,employed,345,27084.12
P039470,2025-12-31,employed,232,30309.97
P039472,2025-12-31,employed,365,17529.2
P039475,2025-12-31,self_employed,162,40905.4
P039476,2025-12-31,marginal,113,5022.32
P039477,2025-12-31,employed,365,17482.98
P039479,2025-12-31,employed,351,26133.21
P039481,2025-12-31,employed,269,42253.61
P039483,2025-12-31,employed,327,42201.56
P039484,2025-12-31,employed,274,35408.41
P039488,2025-12-31,employed,251,20241.17
P039491,2025-12-31,employed,207,32389.91
P039493,2025-12-31,employed,365,24388.23
P039494,2025-12-31,employed,267,79433.93
P039495,2025-12-31,employed,NA,34655.38
P039500,2025-12-31,employed,149,14218.4
P039501,2025-12-31,employed,270,26643.3
P039502,2025-12-31,employed,364,21945.74
P039503,2025-12-31,employed,252,22179.09
P039504,2025-12-31,employed,317,34835.12
P039505,2025-12-31,employed,273,35365.18
P039506,2025-12-31,employed,309,26656.43
P039508,2025-12-31,employed,228,66650.44
P039509,2025-12-31,employed,206,22381.56
P039510,2025-12-31,employed,260,18383.77
P039511,2025-12-31,employed,285,85097.22
P039512,2025-12-31,employed,336,21614.08
P039513,2025-12-31,self_employed,283,30696.29
P039514,2025-12-31,employed,248,8496.58
P039516,2025-12-31,employed,306,25604.17
P039517,2025-12-31,employed,221,18446.3
P039519,2025-12-31,employed,242,16455.03
P039520,2025-12-31,employed,283,57732.75
P039523,2025-12-31,employed,365,31404.13
P039525,2025-12-31,marginal,79,2498.99
P039526,2025-12-31,marginal,79,5901.26
P039532,2025-12-31,employed,365,23880.41
P039534,2025-12-31,marginal,96,5099.35
P039535,2025-12-31,employed,344,20843.49
P039537,2025-12-31,employed,341,26001.03
P039539,2025-12-31,employed,365,12179.73
P039540,2025-12-31,self_employed,317,17036.01
P039542,2025-12-31,employed,247,63373.99
P039543,2025-12-31,employed,365,18046.91
P039545,2025-12-31,employed,184,29442.56
P039546,2025-12-31,employed,281,23425.32
P039547,2025-12-31,employed,365,51313.21
P039548,2025-12-31,marginal,171,5905.43
P039552,2025-12-31,employed,269,12784.39
P039553,2025-12-31,employed,324,40893.23
P039555,2025-12-31,employed,305,51994.68
P039559,2025-12-31,employed,321,43888.81
P039562,2025-12-31,marginal,117,3013.14
P039567,2025-12-31,self_employed,322,17613.86
P039571,2025-12-31,employed,326,17945.21
P039572,2025-12-31,employed,259,12917.16
P039573,2025-12-31,marginal,68,3904.12
P039574,2025-12-31,employed,253,70651.4
P039576,2025-12-31,employed,331,19937.27
P039583,2025-12-31,employed,303,31940.88
P039584,2025-12-31,no_record,0,0
P039585,2025-12-31,employed,271,47894.96
P039590,2025-12-31,employed,297,25053.37
P039591,2025-12-31,employed,285,34854.31
P039594,2025-12-31,employed,248,25099.89
P039595,2025-12-31,employed,267,24471.93
P039596,2025-12-31,employed,282,33818.88
P039600,2025-12-31,employed,230,21589.25
P039601,2025-12-31,no_record,0,0
P039603,2025-12-31,employed,286,23366.04
P039604,2025-12-31,employed,352,23601.03
P039607,2025-12-31,employed,256,12194.27
P039608,2025-12-31,employed,283,39736.47
P039612,2025-12-31,employed,212,55579.82
P039613,2025-12-31,employed,313,21699.25
P039614,2025-12-31,employed,296,25760.38
P039615,2025-12-31,employed,302,11591.18
P039616,2025-12-31,marginal,132,4064.56
P039619,2025-12-31,self_employed,209,9820.21
P039620,2025-12-31,marginal,140,6746.51
P039622,2025-12-31,employed,308,22709.14
P039624,2025-12-31,employed,321,25454.87
P039627,2025-12-31,employed,237,19744.37
P039629,2025-12-31,employed,267,60643.69
P039630,2025-12-31,employed,197,30312.91
P039634,2025-12-31,employed,346,NA
P039636,2025-12-31,employed,181,10100.04
P039637,2025-12-31,employed,322,21506.18
P039641,2025-12-31,employed,176,47580.31
P039642,2025-12-31,employed,272,19777.5
P039644,2025-12-31,employed,349,19190.03
P039645,2025-12-31,employed,309,35205.64
P039649,2025-12-31,self_employed,241,8918.89
P039651,2025-12-31,marginal,105,3724.81
P039652,2025-12-31,self_employed,247,30944.8
P039653,2025-12-31,self_employed,308,20841.46
P039655,2025-12-31,marginal,129,2972.61
P039661,2025-12-31,employed,293,20317.98
P039665,2025-12-31,employed,342,25705.5
P039669,2025-12-31,marginal,138,5530.22
P039672,2025-12-31,employed,342,19848.71
P039673,2025-12-31,marginal,75,4817.58
P039675,2025-12-31,no_record,0,0
P039676,2025-12-31,employed,328,26309.28
P039677,2025-12-31,employed,311,25110.01
P039678,2025-12-31,marginal,122,2694.76
P039684,2025-12-31,employed,365,17128.15
P039685,2025-12-31,employed,292,21806.04
P039686,2025-12-31,employed,320,27872.04
P039690,2025-12-31,employed,365,13646.34
P039692,2025-12-31,employed,283,34177.24
P039694,2025-12-31,marginal,129,4117.82
P039696,2025-12-31,employed,293,37394.88
P039699,2025-12-31,employed,361,39750.72
P039700,2025-12-31,employed,215,23889.38
P039701,2025-12-31,employed,365,19710.4
P039703,2025-12-31,employed,280,16660.21
P039704,2025-12-31,employed,365,16637.86
P039706,2025-12-31,employed,312,19575.24
P039707,2025-12-31,no_record,0,0
P039708,2025-12-31,employed,304,16905.97
P039709,2025-12-31,employed,365,29660.92
P039710,2025-12-31,employed,238,36313
P039712,2025-12-31,employed,313,20067.97
P039717,2025-12-31,employed,335,31041.83
P039720,2025-12-31,marginal,NA,3739.83
P039722,2025-12-31,employed,329,73571.48
P039727,2025-12-31,employed,247,29559.84
P039737,2025-12-31,employed,296,25382.43
P039738,2025-12-31,employed,297,26035.21
P039743,2025-12-31,employed,133,19989.02
P039744,2025-12-31,employed,365,27424.55
P039745,2025-12-31,employed,292,18567.35
P039747,2025-12-31,employed,365,45898.25
P039752,2025-12-31,self_employed,261,15925.24
P039754,2025-12-31,employed,227,17406.74
P039757,2025-12-31,employed,251,35048.27
P039758,2025-12-31,employed,217,18859.71
P039759,2025-12-31,employed,154,16405.14
P039761,2025-12-31,employed,268,16672.69
P039766,2025-12-31,marginal,12,4090.76
P039767,2025-12-31,employed,323,22212.09
P039768,2025-12-31,employed,183,28658.73
P039772,2025-12-31,self_employed,56,59388.53
P039773,2025-12-31,self_employed,206,25332.64
P039779,2025-12-31,self_employed,160,34493.34
P039783,2025-12-31,employed,354,21635
P039786,2025-12-31,marginal,194,3952.01
P039789,2025-12-31,employed,293,37909.02
P039790,2025-12-31,self_employed,243,15412.83
P039791,2025-12-31,employed,293,19958.65
P039794,2025-12-31,self_employed,238,56354.76
P039799,2025-12-31,employed,299,44471.07
P039806,2025-12-31,employed,339,22762.69
P039807,2025-12-31,employed,201,52157.08
P039809,2025-12-31,marginal,137,4146
P039810,2025-12-31,employed,306,26745.42
P039812,2025-12-31,employed,302,19787.6
P039815,2025-12-31,marginal,63,7081.11
P039816,2025-12-31,employed,285,62468.03
P039817,2025-12-31,employed,178,23782.54
P039818,2025-12-31,employed,325,23973.05
P039820,2025-12-31,employed,314,23461.19
P039821,2025-12-31,marginal,74,4159.85
P039822,2025-12-31,marginal,NA,4316.25
P039823,2025-12-31,employed,194,45479.41
P039826,2025-12-31,self_employed,287,21721.1
P039830,2025-12-31,employed,248,24036.41
P039831,2025-12-31,marginal,134,3224.44
P039832,2025-12-31,marginal,180,8551.58
P039833,2025-12-31,employed,273,21069.85
P039834,2025-12-31,employed,270,32384.18
P039837,2025-12-31,employed,309,34408.1
P039838,2025-12-31,no_record,0,0
P039839,2025-12-31,no_record,0,0
P039842,2025-12-31,marginal,130,4849.78
P039844,2025-12-31,employed,280,19926.6
P039845,2025-12-31,marginal,74,3581.61
P039850,2025-12-31,employed,322,27808.42
P039851,2025-12-31,employed,310,23691.14
P039852,2025-12-31,employed,257,35570.42
P039854,2025-12-31,employed,249,31221.64
P039855,2025-12-31,employed,254,18941.54
P039856,2025-12-31,employed,296,NA
P039857,2025-12-31,self_employed,289,40082.92
P039860,2025-12-31,employed,337,34085.01
P039864,2025-12-31,employed,315,51977.56
P039867,2025-12-31,employed,241,22342.11
P039869,2025-12-31,employed,205,21699.5
P039871,2025-12-31,employed,358,28468.6
P039873,2025-12-31,employed,292,13791.45
P039875,2025-12-31,employed,163,31503.58
P039876,2025-12-31,employed,334,40793.71
P039877,2025-12-31,no_record,0,0
P039879,2025-12-31,employed,253,19539.9
P039880,2025-12-31,employed,349,39209.22
P039881,2025-12-31,marginal,168,NA
P039883,2025-12-31,employed,316,25756.84
P039885,2025-12-31,marginal,56,5387.14
P039892,2025-12-31,employed,340,20699.36
P039893,2025-12-31,employed,254,41455.98
P039895,2025-12-31,employed,324,24626.38
P039898,2025-12-31,self_employed,214,9666.18
P039901,2025-12-31,employed,280,22639.82
P039904,2025-12-31,marginal,98,2589.55
P039908,2025-12-31,employed,342,31893.3
P039910,2025-12-31,marginal,163,7686.44
P039912,2025-12-31,employed,312,25637.41
P039914,2025-12-31,employed,353,28291.88
P039917,2025-12-31,employed,229,36793.2
P039924,2025-12-31,employed,261,13204.93
P039926,2025-12-31,employed,230,18308.95
P039927,2025-12-31,employed,161,32474.57
P039928,2025-12-31,employed,250,45034.5
P039929,2025-12-31,employed,102,NA
P039936,2025-12-31,self_employed,365,31600.73
P039937,2025-12-31,employed,218,19332.4
P039938,2025-12-31,employed,365,44028.26
P039940,2025-12-31,employed,189,18434.29
P039941,2025-12-31,employed,263,26458.8
P039945,2025-12-31,employed,322,30394.52
P039948,2025-12-31,self_employed,269,29111.11
P039949,2025-12-31,employed,338,23132.97
P039950,2025-12-31,employed,232,10280.86
P039951,2025-12-31,employed,257,39721.95
P039952,2025-12-31,employed,312,16065.62
P039953,2025-12-31,marginal,95,3827.23
P039954,2025-12-31,marginal,78,9027.19
P039955,2025-12-31,self_employed,209,37792.6
P039958,2025-12-31,employed,199,25766.51
P039960,2025-12-31,self_employed,301,NA
P039961,2025-12-31,marginal,86,5410.2
P039963,2025-12-31,self_employed,317,14216.51
P039965,2025-12-31,no_record,0,0
P039966,2025-12-31,employed,222,43821.07
P039967,2025-12-31,employed,235,23158.29
P039969,2025-12-31,employed,365,NA
P039970,2025-12-31,employed,320,55599.18
P039971,2025-12-31,employed,327,20728.17
P039974,2025-12-31,employed,220,28816.41
P039976,2025-12-31,employed,364,17820.25
P039979,2025-12-31,self_employed,224,15603.49
P039986,2025-12-31,employed,360,71210.75
P039987,2025-12-31,employed,255,20332.26
P039988,2025-12-31,employed,365,18734.09
P039993,2025-12-31,employed,365,49854.67
P040000,2025-12-31,employed,277,31880.91
P040003,2025-12-31,employed,344,31102.18
P040004,2025-12-31,no_record,0,0
P040006,2025-12-31,marginal,96,5900.58
P040008,2025-12-31,employed,347,24746.55
P040012,2025-12-31,employed,307,40414.39
P040014,2025-12-31,employed,286,16024.46
P040015,2025-12-31,self_employed,281,36175.29
P040016,2025-12-31,employed,198,19209.54
P040018,2025-12-31,employed,217,50681.63
P040019,2025-12-31,marginal,171,6903.26
P040020,2025-12-31,self_employed,212,17603.57
P040024,2025-12-31,marginal,101,3620.47
P040029,2025-12-31,employed,288,33960.75
P040031,2025-12-31,employed,365,46971.78
P040035,2025-12-31,marginal,157,5006.67
P040039,2025-12-31,employed,365,36660.03
P040044,2025-12-31,self_employed,180,59349.82
P040047,2025-12-31,self_employed,137,62263.97
P040048,2025-12-31,employed,253,28715.35
P040049,2025-12-31,employed,339,27209.25
P040051,2025-12-31,employed,301,30079.01
P040052,2025-12-31,employed,251,66993.4
P040056,2025-12-31,employed,225,21828.81
P040057,2025-12-31,employed,289,22426.63
P040059,2025-12-31,self_employed,209,17271.61
P040061,2025-12-31,employed,295,49119.9
P040064,2025-12-31,marginal,51,5451.27
P040069,2025-12-31,employed,293,47347.69
P040070,2025-12-31,employed,339,34105.1
P040071,2025-12-31,employed,333,12529.91
P040072,2025-12-31,marginal,104,4007.06
P040076,2025-12-31,employed,272,40157.11
P040079,2025-12-31,employed,298,49916.41
P040088,2025-12-31,employed,231,28508.58
P040090,2025-12-31,no_record,0,0
P040092,2025-12-31,employed,334,33033.65
P040093,2025-12-31,self_employed,249,8109.44
P040098,2025-12-31,employed,345,37267.51
P040100,2025-12-31,employed,241,28600.1
P040101,2025-12-31,employed,278,62984.08
P040102,2025-12-31,employed,251,10539.01
P040103,2025-12-31,employed,324,28465.27
P040107,2025-12-31,employed,253,33175.9
P040108,2025-12-31,employed,296,21823.84
P040110,2025-12-31,marginal,61,4925.55
P040111,2025-12-31,employed,273,63172.19
P040112,2025-12-31,employed,276,21967.86
P040114,2025-12-31,employed,365,22144.18
P040117,2025-12-31,employed,288,42460.74
P040120,2025-12-31,self_employed,360,18596.73
P040132,2025-12-31,employed,196,71273.95
P040133,2025-12-31,employed,365,35314.71
P040135,2025-12-31,employed,209,11242
P040138,2025-12-31,employed,291,27951.07
P040142,2025-12-31,employed,365,44063.3
P040145,2025-12-31,employed,204,46826.84
P040146,2025-12-31,employed,365,48906.93
P040147,2025-12-31,employed,353,44541.4
P040148,2025-12-31,employed,322,17881.4
P040151,2025-12-31,employed,365,19147.96
P040155,2025-12-31,marginal,48,5395.79
P040156,2025-12-31,employed,365,53094.98
P040159,2025-12-31,employed,295,20648.66
P040163,2025-12-31,employed,365,12648.92
P040167,2025-12-31,employed,314,16691.36
P040168,2025-12-31,marginal,99,4333.42
P040169,2025-12-31,employed,310,46569.76
P040172,2025-12-31,employed,232,26484.9
P040173,2025-12-31,employed,284,43496.43
P040174,2025-12-31,employed,356,34823.76
P040176,2025-12-31,marginal,54,4622.41
P040177,2025-12-31,employed,360,13092.64
P040180,2025-12-31,employed,310,22381.52
P040181,2025-12-31,marginal,139,4589.11
P040182,2025-12-31,employed,226,18733.09
P040183,2025-12-31,employed,334,29650.58
P040185,2025-12-31,no_record,0,0
P040186,2025-12-31,employed,329,10669.05
P040188,2025-12-31,employed,365,7899.55
P040189,2025-12-31,employed,365,19090.96
P040190,2025-12-31,employed,348,39526.74
P040191,2025-12-31,employed,245,20787.71
P040193,2025-12-31,marginal,117,3319.76
P040197,2025-12-31,employed,338,27929.97
P040202,2025-12-31,self_employed,133,34806.19
P040207,2025-12-31,employed,322,27282.09
P040208,2025-12-31,employed,297,57911
P040209,2025-12-31,no_record,0,0
P040215,2025-12-31,employed,338,43206.39
P040222,2025-12-31,marginal,219,2504.73
P040223,2025-12-31,employed,312,9641.97
P040224,2025-12-31,employed,247,21395.65
P040226,2025-12-31,self_employed,207,16910.19
P040227,2025-12-31,employed,333,45830.65
P040229,2025-12-31,employed,203,52258.19
P040230,2025-12-31,employed,264,25749.71
P040231,2025-12-31,employed,NA,80537.23
P040232,2025-12-31,employed,NA,16679.19
P040233,2025-12-31,employed,365,32426.59
P040234,2025-12-31,employed,284,49213.47
P040236,2025-12-31,employed,270,28102.35
P040237,2025-12-31,employed,285,25519.31
P040239,2025-12-31,employed,290,17509.25
P040240,2025-12-31,marginal,104,3592.17
P040242,2025-12-31,employed,365,17816.85
P040243,2025-12-31,marginal,35,4000.56
P040244,2025-12-31,employed,338,18119.04
P040247,2025-12-31,employed,276,24808.96
P040248,2025-12-31,employed,286,25296.55
P040249,2025-12-31,self_employed,291,23493.99
P040251,2025-12-31,employed,258,28315.36
P040252,2025-12-31,employed,330,14741.68
P040253,2025-12-31,employed,278,18416.76
P040256,2025-12-31,employed,322,33604.13
P040258,2025-12-31,employed,312,15554.05
P040261,2025-12-31,employed,279,29238.15
P040263,2025-12-31,employed,313,27623.34
P040264,2025-12-31,employed,317,31538.5
P040269,2025-12-31,employed,271,16540.67
P040273,2025-12-31,employed,310,16452.36
P040276,2025-12-31,employed,288,41331.99
P040278,2025-12-31,employed,327,23837.74
P040280,2025-12-31,employed,365,29172.37
P040281,2025-12-31,self_employed,265,24960.4
P040282,2025-12-31,employed,190,20203.66
P040284,2025-12-31,employed,282,22062.73
P040285,2025-12-31,self_employed,210,10822.42
P040286,2025-12-31,employed,253,15059.39
P040287,2025-12-31,employed,317,18010.52
P040288,2025-12-31,employed,358,27451.72
P040290,2025-12-31,employed,224,32600.71
P040293,2025-12-31,marginal,64,6943.42
P040295,2025-12-31,employed,314,20909.77
P040296,2025-12-31,employed,277,38276.57
P040298,2025-12-31,employed,186,28983.2
P040305,2025-12-31,employed,365,13953.6
P040306,2025-12-31,employed,337,22249.1
P040307,2025-12-31,employed,204,60267.01
P040309,2025-12-31,no_record,0,0
P040311,2025-12-31,employed,279,36476.04
P040313,2025-12-31,marginal,126,4843.62
P040316,2025-12-31,employed,179,13493.33
P040320,2025-12-31,employed,NA,15538.92
P040322,2025-12-31,employed,205,29818.99
P040324,2025-12-31,self_employed,208,39386.05
P040325,2025-12-31,employed,115,34719.26
P040328,2025-12-31,marginal,160,6030.36
P040330,2025-12-31,employed,207,30210.97
P040332,2025-12-31,employed,334,27040.17
P040335,2025-12-31,self_employed,234,34632.98
P040338,2025-12-31,employed,362,29129.63
P040339,2025-12-31,employed,258,36840.86
P040343,2025-12-31,employed,328,24670.41
P040347,2025-12-31,employed,282,16675.01
P040348,2025-12-31,employed,307,22554.25
P040349,2025-12-31,employed,357,21097.13
P040350,2025-12-31,employed,130,16370.45
P040353,2025-12-31,employed,NA,41787.53
P040354,2025-12-31,employed,309,22973.11
P040355,2025-12-31,marginal,124,3762
P040357,2025-12-31,employed,338,11812.49
P040358,2025-12-31,employed,320,13750.65
P040360,2025-12-31,employed,331,18946.74
P040362,2025-12-31,employed,275,35771.1
P040364,2025-12-31,employed,285,19340.74
P040365,2025-12-31,marginal,110,4162.48
P040366,2025-12-31,employed,319,67163.2
P040368,2025-12-31,employed,209,29828.23
P040370,2025-12-31,employed,NA,36442.24
P040371,2025-12-31,employed,308,39677.91
P040372,2025-12-31,employed,273,60739.34
P040374,2025-12-31,employed,270,46881.07
P040375,2025-12-31,employed,263,25230.42
P040376,2025-12-31,employed,324,38650.63
P040379,2025-12-31,employed,362,33213.65
P040380,2025-12-31,employed,231,20276.5
P040382,2025-12-31,no_record,0,0
P040387,2025-12-31,marginal,138,3998.03
P040388,2025-12-31,employed,365,63342.1
P040389,2025-12-31,employed,310,36457.2
P040391,2025-12-31,employed,295,51237.52
P040392,2025-12-31,employed,290,34048.69
P040393,2025-12-31,self_employed,360,10665.35
P040394,2025-12-31,marginal,91,4780.99
P040395,2025-12-31,employed,259,26084.5
P040399,2025-12-31,employed,290,30411.08
P040400,2025-12-31,employed,365,53172.47
P040401,2025-12-31,employed,335,24825.55
P040402,2025-12-31,employed,226,20591.1
P040403,2025-12-31,employed,358,36281.64
P040406,2025-12-31,employed,365,24950.69
P040408,2025-12-31,marginal,133,5461.19
P040413,2025-12-31,self_employed,243,72475.31
P040415,2025-12-31,employed,233,24627.19
P040417,2025-12-31,employed,271,29033.72
P040420,2025-12-31,self_employed,205,41625.22
P040423,2025-12-31,employed,227,43822.47
P040425,2025-12-31,employed,365,21646.44
P040426,2025-12-31,employed,343,28112.31
P040427,2025-12-31,no_record,0,0
P040429,2025-12-31,employed,282,44835.07
P040432,2025-12-31,self_employed,268,7498.08
P040435,2025-12-31,self_employed,277,10384
P040438,2025-12-31,employed,365,41075.06
P040439,2025-12-31,employed,273,28824.97
P040440,2025-12-31,self_employed,327,11545.87
P040443,2025-12-31,employed,365,36935.21
P040444,2025-12-31,employed,281,38238.55
P040448,2025-12-31,employed,244,22976.17
P040449,2025-12-31,employed,365,19966.97
P040451,2025-12-31,no_record,0,0
P040457,2025-12-31,marginal,100,6280.4
P040458,2025-12-31,employed,365,19974.08
P040460,2025-12-31,employed,282,38356.8
P040463,2025-12-31,self_employed,249,13138.03
P040464,2025-12-31,employed,365,50951.94
P040468,2025-12-31,employed,278,20726.35
P040469,2025-12-31,employed,365,16927.49
P040473,2025-12-31,self_employed,227,19573.08
P040474,2025-12-31,employed,286,27181.23
P040476,2025-12-31,employed,255,22875.57
P040477,2025-12-31,self_employed,204,33517.83
P040478,2025-12-31,employed,345,53728.68
P040481,2025-12-31,employed,317,17357.01
P040482,2025-12-31,employed,204,70989.5
P040483,2025-12-31,employed,227,12407.84
P040484,2025-12-31,self_employed,226,48965.74
P040485,2025-12-31,employed,292,13079.81
P040486,2025-12-31,employed,327,17881.98
P040489,2025-12-31,employed,293,20582.36
P040490,2025-12-31,employed,299,25811.29
P040491,2025-12-31,marginal,82,4014.98
P040494,2025-12-31,employed,228,19110.41
P040495,2025-12-31,employed,202,24059.83
P040496,2025-12-31,self_employed,301,11328.51
P040498,2025-12-31,employed,219,37860.92
P040499,2025-12-31,employed,169,26443.85
P040500,2025-12-31,employed,196,30442.28
P040501,2025-12-31,employed,199,13510.16
P040507,2025-12-31,marginal,40,3211.35
P040509,2025-12-31,self_employed,272,16952.63
P040512,2025-12-31,employed,213,20103.21
P040513,2025-12-31,employed,255,32437.11
P040516,2025-12-31,marginal,176,6060.63
P040521,2025-12-31,employed,216,66565.66
P040523,2025-12-31,employed,160,28926.24
P040526,2025-12-31,marginal,95,7157.99
P040529,2025-12-31,marginal,109,8137.05
P040532,2025-12-31,employed,237,47250.11
P040534,2025-12-31,no_record,0,0
P040535,2025-12-31,employed,357,19283.08
P040537,2025-12-31,employed,300,22497.44
P040538,2025-12-31,employed,361,27207.14
P040539,2025-12-31,self_employed,227,23871.42
P040540,2025-12-31,employed,312,93572.82
P040541,2025-12-31,marginal,91,4050.65
P040542,2025-12-31,no_record,0,0
P040543,2025-12-31,employed,301,38428.46
P040545,2025-12-31,employed,345,37435.29
P040550,2025-12-31,employed,272,20060.03
P040552,2025-12-31,employed,365,50515.87
P040553,2025-12-31,employed,327,NA
P040555,2025-12-31,employed,263,15465.69
P040558,2025-12-31,employed,230,24815.36
P040562,2025-12-31,employed,241,48999.14
P040563,2025-12-31,employed,205,23694.27
P040564,2025-12-31,employed,343,25401.11
P040565,2025-12-31,marginal,93,6951.25
P040567,2025-12-31,employed,299,33464.02
P040570,2025-12-31,employed,361,15462.89
P040571,2025-12-31,employed,333,25436.1
P040572,2025-12-31,marginal,134,6037.26
P040574,2025-12-31,employed,365,23246.51
P040577,2025-12-31,employed,345,15278.93
P040579,2025-12-31,employed,302,17306.19
P040582,2025-12-31,employed,313,37439.33
P040588,2025-12-31,marginal,79,4186.75
P040589,2025-12-31,self_employed,176,43987.15
P040590,2025-12-31,employed,365,34469.69
P040591,2025-12-31,marginal,79,4583.01
P040595,2025-12-31,employed,287,29685.22
P040597,2025-12-31,self_employed,293,3353.16
P040598,2025-12-31,employed,277,19680.01
P040599,2025-12-31,employed,365,13980.26
P040603,2025-12-31,employed,245,26400.36
P040604,2025-12-31,self_employed,116,52227.02
P040606,2025-12-31,employed,260,18058.41
P040608,2025-12-31,employed,281,52807.05
P040610,2025-12-31,marginal,158,8446.79
P040613,2025-12-31,employed,266,35256.54
P040616,2025-12-31,employed,177,22183.07
P040623,2025-12-31,employed,238,17966.93
P040625,2025-12-31,employed,233,21307.15
P040633,2025-12-31,employed,123,40265.31
P040634,2025-12-31,employed,310,25131.48
P040637,2025-12-31,employed,338,14107.16
P040638,2025-12-31,employed,285,22338.93
P040641,2025-12-31,employed,237,23276.11
P040645,2025-12-31,employed,328,28150.03
P040648,2025-12-31,employed,196,56296.43
P040649,2025-12-31,employed,222,20503.52
P040650,2025-12-31,employed,282,51057.09
P040651,2025-12-31,employed,244,30069.25
P040653,2025-12-31,employed,281,24952.79
P040655,2025-12-31,marginal,150,5179.69
P040657,2025-12-31,employed,252,16706.38
P040658,2025-12-31,employed,249,14329.87
P040661,2025-12-31,self_employed,193,16632.12
P040665,2025-12-31,employed,309,32100.88
P040668,2025-12-31,employed,304,31656.67
P040669,2025-12-31,self_employed,168,22930.01
P040675,2025-12-31,employed,323,34075.89
P040676,2025-12-31,employed,248,36571.47
P040677,2025-12-31,employed,365,51019.72
P040679,2025-12-31,employed,87,10540.28
P040681,2025-12-31,employed,286,23092.87
P040682,2025-12-31,employed,327,21449.92
P040683,2025-12-31,employed,332,8606.16
P040685,2025-12-31,self_employed,365,57301.73
P040687,2025-12-31,self_employed,135,9464.41
P040688,2025-12-31,employed,355,39434.12
P040690,2025-12-31,employed,210,25232.53
P040692,2025-12-31,employed,NA,25362.04
P040693,2025-12-31,employed,328,29985.72
P040694,2025-12-31,employed,198,60948.07
P040696,2025-12-31,employed,255,34816.26
P040697,2025-12-31,self_employed,323,141185.19
P040699,2025-12-31,employed,244,39608.24
P040700,2025-12-31,employed,310,83720.89
P040703,2025-12-31,employed,246,18256.98
P040705,2025-12-31,employed,267,33973.12
P040709,2025-12-31,employed,328,17932.3
P040710,2025-12-31,self_employed,125,45657.36
P040712,2025-12-31,employed,365,51982.72
P040713,2025-12-31,employed,302,26243.62
P040714,2025-12-31,marginal,173,4835.26
P040715,2025-12-31,self_employed,251,13640.05
P040716,2025-12-31,employed,261,24472.98
P040722,2025-12-31,marginal,75,3587.22
P040725,2025-12-31,employed,183,32105.13
P040727,2025-12-31,employed,253,21923.08
P040730,2025-12-31,self_employed,232,16319.95
P040732,2025-12-31,marginal,116,7013.42
P040733,2025-12-31,self_employed,202,18083.72
P040737,2025-12-31,employed,317,25429.25
P040738,2025-12-31,self_employed,310,40026.87
P040742,2025-12-31,employed,315,12236.01
P040743,2025-12-31,employed,249,21728.1
P040744,2025-12-31,self_employed,343,38631.17
P040746,2025-12-31,employed,287,50575.85
P040750,2025-12-31,employed,244,24584.83
P040751,2025-12-31,employed,319,19790.13
P040752,2025-12-31,employed,296,7572.68
P040754,2025-12-31,self_employed,365,33665.19
P040755,2025-12-31,employed,327,39643.03
P040758,2025-12-31,marginal,88,2762.03
P040759,2025-12-31,employed,307,36042.55
P040760,2025-12-31,employed,342,17004.85
P040761,2025-12-31,employed,344,57664.91
P040764,2025-12-31,marginal,84,3877.92
P040766,2025-12-31,employed,323,16893.27
P040768,2025-12-31,employed,218,18164.81
P040769,2025-12-31,employed,287,45428.17
P040771,2025-12-31,employed,323,33132.99
P040772,2025-12-31,employed,230,23684.2
P040774,2025-12-31,employed,352,62875.43
P040775,2025-12-31,employed,215,13753.34
P040776,2025-12-31,employed,264,41443.72
P040777,2025-12-31,employed,209,20038.82
P040778,2025-12-31,self_employed,298,8929
P040779,2025-12-31,self_employed,166,54466.48
P040788,2025-12-31,employed,355,31823.02
P040792,2025-12-31,marginal,161,9768.8
P040794,2025-12-31,employed,279,30436.97
P040797,2025-12-31,employed,338,56168.93
P040798,2025-12-31,employed,365,7657.77
P040800,2025-12-31,employed,160,21186.1
P040801,2025-12-31,employed,307,12006.31
P040802,2025-12-31,no_record,0,0
P040804,2025-12-31,employed,221,11237.05
P040807,2025-12-31,employed,299,16488.07
P040808,2025-12-31,employed,329,25337.84
P040812,2025-12-31,employed,336,17382.19
P040814,2025-12-31,self_employed,303,11451.63
P040817,2025-12-31,employed,247,66637.13
P040818,2025-12-31,marginal,175,11401.85
P040823,2025-12-31,employed,288,34950.78
P040831,2025-12-31,self_employed,295,32997.88
P040832,2025-12-31,employed,320,19328.73
P040833,2025-12-31,marginal,116,6916
P040834,2025-12-31,employed,219,13627.45
P040839,2025-12-31,employed,365,22914.86
P040840,2025-12-31,employed,260,34963.08
P040841,2025-12-31,employed,264,34448.83
P040842,2025-12-31,self_employed,184,7297.59
P040844,2025-12-31,employed,365,10977.67
P040845,2025-12-31,employed,270,19784.5
P040847,2025-12-31,employed,256,10983.77
P040853,2025-12-31,employed,213,19386.18
P040854,2025-12-31,self_employed,208,18334.41
P040855,2025-12-31,employed,286,30909.51
P040858,2025-12-31,employed,147,30835.04
P040859,2025-12-31,employed,309,25795.98
P040865,2025-12-31,employed,228,25166.31
P040869,2025-12-31,employed,322,25274.79
P040870,2025-12-31,employed,287,10591.5
P040871,2025-12-31,self_employed,257,13114.64
P040874,2025-12-31,employed,245,47854.11
P040875,2025-12-31,employed,285,65841
P040877,2025-12-31,marginal,146,6374.7
P040879,2025-12-31,employed,251,13589.54
P040881,2025-12-31,self_employed,264,6897.06
P040883,2025-12-31,self_employed,297,15117.06
P040884,2025-12-31,employed,365,24319.24
P040887,2025-12-31,self_employed,215,41875.92
P040888,2025-12-31,no_record,0,0
P040889,2025-12-31,employed,310,20733.6
P040896,2025-12-31,self_employed,163,5948.21
P040898,2025-12-31,marginal,89,4484.18
P040899,2025-12-31,employed,231,40988.27
P040900,2025-12-31,employed,365,32691.26
P040905,2025-12-31,employed,331,52395.34
P040907,2025-12-31,employed,325,14045.81
P040910,2025-12-31,employed,302,30188.57
P040912,2025-12-31,employed,290,29004.81
P040914,2025-12-31,employed,247,38931.86
P040919,2025-12-31,marginal,101,3582.2
P040921,2025-12-31,employed,311,18079.93
P040922,2025-12-31,employed,247,31265.83
P040930,2025-12-31,no_record,0,0
P040931,2025-12-31,employed,270,12953.92
P040933,2025-12-31,marginal,46,5012.73
P040941,2025-12-31,self_employed,365,12895.06
P040943,2025-12-31,self_employed,261,7609.79
P040944,2025-12-31,employed,328,23322.78
P040946,2025-12-31,employed,365,16004.75
P040947,2025-12-31,employed,310,25381.51
P040948,2025-12-31,employed,341,26583.98
P040953,2025-12-31,employed,255,12838.01
P040956,2025-12-31,marginal,170,7733.61
P040957,2025-12-31,employed,341,37249.08
P040958,2025-12-31,employed,265,38744.85
P040959,2025-12-31,employed,260,34506.57
P040964,2025-12-31,employed,319,44506.06
P040966,2025-12-31,employed,261,17875.26
P040968,2025-12-31,employed,329,20745.42
P040969,2025-12-31,self_employed,NA,15552.42
P040970,2025-12-31,employed,266,28527.34
P040971,2025-12-31,employed,238,21393.69
P040975,2025-12-31,employed,365,49231.17
P040976,2025-12-31,self_employed,176,80870.64
P040978,2025-12-31,employed,295,20022.47
P040979,2025-12-31,employed,346,37116.82
P040981,2025-12-31,marginal,194,6241.02
P040982,2025-12-31,employed,275,31105.42
P040983,2025-12-31,employed,217,27306.86
P040984,2025-12-31,self_employed,296,10896.5
P040987,2025-12-31,employed,338,28867.88
P040988,2025-12-31,self_employed,348,13241.99
P040993,2025-12-31,self_employed,365,21948.23
P040994,2025-12-31,employed,225,26694.63
P040995,2025-12-31,employed,282,32625.43
P040996,2025-12-31,employed,256,16021.85
P040997,2025-12-31,employed,365,20689.37
P040998,2025-12-31,employed,300,14427.47
P041005,2025-12-31,employed,221,9468.82
P041008,2025-12-31,self_employed,30,8604.46
P041009,2025-12-31,employed,318,23953.4
P041010,2025-12-31,marginal,81,6303.4
P041012,2025-12-31,employed,155,21397.04
P041013,2025-12-31,employed,286,32615.74
P041014,2025-12-31,employed,349,46371.63
P041016,2025-12-31,marginal,151,8078.23
P041021,2025-12-31,employed,341,19342.94
P041022,2025-12-31,marginal,94,4480.19
P041023,2025-12-31,employed,281,17932.74
P041024,2025-12-31,marginal,62,7674.46
P041025,2025-12-31,marginal,135,4482.62
P041026,2025-12-31,employed,264,24698.2
P041028,2025-12-31,marginal,106,3079.58
P041030,2025-12-31,employed,260,51683.33
P041040,2025-12-31,self_employed,222,181763.14
P041041,2025-12-31,employed,322,31251.35
P041042,2025-12-31,employed,365,29991.54
P041044,2025-12-31,employed,267,42701.11
P041049,2025-12-31,employed,208,33381.59
P041051,2025-12-31,employed,327,25611.66
P041052,2025-12-31,employed,274,19800.25
P041059,2025-12-31,no_record,0,0
P041063,2025-12-31,marginal,167,5262.82
P041069,2025-12-31,employed,290,34052.6
P041071,2025-12-31,self_employed,239,29216.94
P041073,2025-12-31,employed,287,16617.76
P041074,2025-12-31,employed,223,62267.3
P041076,2025-12-31,employed,230,25925.41
P041078,2025-12-31,employed,235,27179.88
P041079,2025-12-31,employed,270,23837.32
P041080,2025-12-31,no_record,0,0
P041083,2025-12-31,marginal,101,8618.77
P041084,2025-12-31,employed,293,44689.81
P041085,2025-12-31,employed,266,40740.02
P041086,2025-12-31,employed,365,23572.63
P041093,2025-12-31,employed,311,17374.96
P041098,2025-12-31,employed,250,22210.79
P041100,2025-12-31,marginal,72,3608.62
P041102,2025-12-31,marginal,192,9002.71
P041103,2025-12-31,marginal,195,3031.63
P041104,2025-12-31,self_employed,194,20975.21
P041105,2025-12-31,employed,311,43784.33
P041109,2025-12-31,employed,365,20322.94
P041110,2025-12-31,employed,348,21083.11
P041111,2025-12-31,employed,256,25518.19
P041113,2025-12-31,employed,325,19689.88
P041117,2025-12-31,employed,314,51954.99
P041118,2025-12-31,self_employed,212,35341.84
P041126,2025-12-31,self_employed,285,62610.01
P041127,2025-12-31,marginal,85,5614.17
P041129,2025-12-31,employed,289,13034.63
P041130,2025-12-31,employed,270,23553.37
P041133,2025-12-31,employed,237,36307.28
P041134,2025-12-31,self_employed,314,25442.44
P041138,2025-12-31,employed,317,20167.48
P041139,2025-12-31,employed,242,59605.05
P041144,2025-12-31,employed,295,82931.09
P041148,2025-12-31,employed,189,31506.38
P041149,2025-12-31,employed,287,13941.15
P041150,2025-12-31,employed,243,34340.43
P041151,2025-12-31,no_record,0,0
P041152,2025-12-31,marginal,182,4479.22
P041155,2025-12-31,employed,119,36187.39
P041158,2025-12-31,employed,263,13296.53
P041161,2025-12-31,no_record,0,0
P041166,2025-12-31,marginal,125,4941.57
P041169,2025-12-31,employed,325,25660.59
P041174,2025-12-31,employed,208,46563.13
P041175,2025-12-31,self_employed,365,8740.95
P041178,2025-12-31,employed,274,17260.42
P041180,2025-12-31,employed,287,13261.04
P041186,2025-12-31,employed,216,26397.01
P041188,2025-12-31,no_record,0,0
P041190,2025-12-31,employed,294,25587.14
P041194,2025-12-31,employed,301,19801.88
P041197,2025-12-31,employed,288,26580.18
P041200,2025-12-31,employed,190,42314.03
P041201,2025-12-31,employed,229,47344.08
P041206,2025-12-31,employed,288,25784.35
P041207,2025-12-31,marginal,144,6348.09
P041212,2025-12-31,self_employed,113,6671.1
P041213,2025-12-31,employed,325,25469.84
P041215,2025-12-31,employed,338,26002.28
P041217,2025-12-31,employed,202,16833.46
P041219,2025-12-31,employed,365,30321.95
P041221,2025-12-31,employed,327,24721.28
P041224,2025-12-31,employed,193,18784.49
P041225,2025-12-31,employed,365,18930.01
P041226,2025-12-31,employed,282,10495.47
P041228,2025-12-31,self_employed,350,11578.4
P041229,2025-12-31,no_record,0,0
P041230,2025-12-31,employed,354,45725.29
P041231,2025-12-31,self_employed,161,15538.31
P041237,2025-12-31,employed,260,25800.66
P041238,2025-12-31,employed,362,58787.79
P041241,2025-12-31,employed,365,24126.38
P041247,2025-12-31,employed,332,17545.36
P041248,2025-12-31,employed,282,76843.83
P041249,2025-12-31,self_employed,147,27754.5
P041251,2025-12-31,employed,252,20470.76
P041255,2025-12-31,employed,278,30580.42
P041256,2025-12-31,employed,235,28036.18
P041259,2025-12-31,self_employed,209,9181.88
P041260,2025-12-31,employed,365,15156.32
P041262,2025-12-31,no_record,0,0
P041265,2025-12-31,employed,293,35628.03
P041266,2025-12-31,employed,237,23605.78
P041268,2025-12-31,employed,237,48799.33
P041270,2025-12-31,employed,317,22818.65
P041274,2025-12-31,marginal,126,3574.34
P041275,2025-12-31,employed,311,30988.68
P041276,2025-12-31,employed,289,39642.1
P041280,2025-12-31,employed,324,22164.67
P041281,2025-12-31,employed,335,32143.43
P041283,2025-12-31,employed,285,22203.9
P041286,2025-12-31,employed,139,18053.94
P041287,2025-12-31,employed,256,10246.04
P041291,2025-12-31,self_employed,288,56034.97
P041293,2025-12-31,employed,336,23760.72
P041295,2025-12-31,employed,353,17397.49
P041297,2025-12-31,marginal,133,4120.47
P041299,2025-12-31,employed,316,34530.4
P041301,2025-12-31,employed,231,27856.58
P041302,2025-12-31,employed,292,19272.84
P041304,2025-12-31,employed,283,29115.55
P041309,2025-12-31,marginal,103,5346.35
P041310,2025-12-31,employed,365,61857.84
P041311,2025-12-31,marginal,135,3446.86
P041314,2025-12-31,employed,256,27258.26
P041315,2025-12-31,employed,244,35278.87
P041316,2025-12-31,employed,244,25849.94
P041318,2025-12-31,employed,356,45754.47
P041319,2025-12-31,marginal,117,7261.08
P041322,2025-12-31,employed,353,22829.93
P041324,2025-12-31,employed,365,40102.84
P041327,2025-12-31,employed,278,29389.04
P041329,2025-12-31,employed,224,48638.86
P041333,2025-12-31,employed,319,43158.03
P041336,2025-12-31,marginal,158,5066.07
P041338,2025-12-31,employed,288,36836.54
P041340,2025-12-31,self_employed,247,51163.56
P041341,2025-12-31,marginal,135,5591.57
P041344,2025-12-31,employed,272,16798.33
P041345,2025-12-31,employed,207,54197.45
P041346,2025-12-31,self_employed,331,45638.29
P041349,2025-12-31,employed,262,39544.57
P041358,2025-12-31,employed,264,40274.77
P041362,2025-12-31,employed,262,31531.9
P041363,2025-12-31,self_employed,266,24057.11
P041365,2025-12-31,marginal,131,3858.91
P041366,2025-12-31,employed,281,28874.53
P041367,2025-12-31,employed,295,26994.02
P041368,2025-12-31,self_employed,273,17602.26
P041369,2025-12-31,employed,268,38888.57
P041373,2025-12-31,employed,351,18440.84
P041375,2025-12-31,no_record,0,0
P041377,2025-12-31,employed,282,20376.27
P041379,2025-12-31,self_employed,217,14897.13
P041380,2025-12-31,employed,275,31317.69
P041384,2025-12-31,marginal,141,5805.01
P041386,2025-12-31,employed,243,37387.29
P041394,2025-12-31,employed,313,14694.77
P041395,2025-12-31,employed,356,20024.33
P041399,2025-12-31,employed,296,29653.84
P041401,2025-12-31,employed,317,58702.42
P041403,2025-12-31,marginal,164,5394.35
P041404,2025-12-31,self_employed,341,20206.8
P041405,2025-12-31,employed,217,40323.47
P041406,2025-12-31,employed,243,14009.63
P041410,2025-12-31,employed,253,30487.76
P041411,2025-12-31,marginal,160,4328.21
P041412,2025-12-31,employed,319,25715.72
P041413,2025-12-31,employed,245,28654.93
P041415,2025-12-31,employed,365,15874.14
P041419,2025-12-31,employed,335,31955.37
P041422,2025-12-31,employed,219,49265.07
P041425,2025-12-31,employed,319,15230.86
P041426,2025-12-31,employed,313,18161.37
P041427,2025-12-31,no_record,0,0
P041431,2025-12-31,employed,249,20521.72
P041437,2025-12-31,employed,206,11362.68
P041439,2025-12-31,employed,334,42784.59
P041441,2025-12-31,employed,365,29006.14
P041443,2025-12-31,marginal,160,1932.13
P041449,2025-12-31,employed,296,21718.24
P041452,2025-12-31,marginal,102,3264.05
P041453,2025-12-31,employed,325,51748.83
P041454,2025-12-31,employed,365,25417.52
P041455,2025-12-31,employed,304,23888.04
P041456,2025-12-31,employed,365,14838.44
P041457,2025-12-31,employed,365,11070.98
P041460,2025-12-31,self_employed,256,135352.59
P041461,2025-12-31,employed,146,23021.3
P041462,2025-12-31,employed,215,19064.37
P041465,2025-12-31,employed,365,31802.05
P041468,2025-12-31,marginal,78,3823.33
P041474,2025-12-31,employed,365,46048.34
P041477,2025-12-31,employed,269,50738.88
P041479,2025-12-31,self_employed,125,43302.05
P041483,2025-12-31,self_employed,102,12046.79
P041485,2025-12-31,employed,353,29130.62
P041486,2025-12-31,marginal,98,4992.18
P041488,2025-12-31,employed,268,28257.21
P041492,2025-12-31,employed,307,19781.02
P041493,2025-12-31,no_record,0,0
P041495,2025-12-31,employed,355,18056.13
P041498,2025-12-31,self_employed,319,60649.87
P041499,2025-12-31,employed,343,NA
P041503,2025-12-31,employed,297,15858.33
P041504,2025-12-31,employed,212,37551.83
P041505,2025-12-31,self_employed,287,9873.07
P041507,2025-12-31,employed,257,40742.74
P041513,2025-12-31,no_record,0,0
P041517,2025-12-31,marginal,147,3721.69
P041519,2025-12-31,employed,237,23034.65
P041521,2025-12-31,marginal,78,3820.94
P041522,2025-12-31,employed,365,25946.96
P041525,2025-12-31,employed,260,27510.98
P041529,2025-12-31,employed,270,31884.23
P041532,2025-12-31,employed,245,26796.3
P041535,2025-12-31,employed,365,17561.98
P041538,2025-12-31,employed,301,22269.04
P041540,2025-12-31,employed,271,44767.4
P041544,2025-12-31,employed,281,22492.62
P041546,2025-12-31,employed,150,24269.87
P041547,2025-12-31,employed,278,21355.65
P041550,2025-12-31,employed,318,41103.51
P041552,2025-12-31,employed,234,24599.16
P041554,2025-12-31,employed,176,37546.91
P041559,2025-12-31,marginal,56,8182.24
P041560,2025-12-31,marginal,99,5852.58
P041562,2025-12-31,employed,365,13954.83
P041566,2025-12-31,employed,299,25087.12
P041568,2025-12-31,employed,276,10647.07
P041572,2025-12-31,employed,317,35822.09
P041574,2025-12-31,employed,337,31497.81
P041577,2025-12-31,employed,141,19108.9
P041578,2025-12-31,employed,331,19713.82
P041582,2025-12-31,employed,223,40782.98
P041586,2025-12-31,employed,269,58634.2
P041587,2025-12-31,self_employed,118,8487.48
P041589,2025-12-31,employed,264,38977.49
P041591,2025-12-31,employed,325,13980.69
P041595,2025-12-31,marginal,126,3096.11
P041596,2025-12-31,employed,313,21742.03
P041598,2025-12-31,employed,204,34887.3
P041602,2025-12-31,employed,225,15288.73
P041604,2025-12-31,employed,345,41384.28
P041607,2025-12-31,employed,327,20434.54
P041608,2025-12-31,self_employed,353,74510.02
P041609,2025-12-31,employed,304,16950.96
P041611,2025-12-31,employed,262,20275.58
P041612,2025-12-31,self_employed,308,26261.65
P041614,2025-12-31,employed,319,18418.82
P041615,2025-12-31,employed,365,46760.53
P041617,2025-12-31,employed,275,24992.65
P041619,2025-12-31,employed,365,22274.66
P041621,2025-12-31,employed,255,45643.19
P041623,2025-12-31,employed,282,16796.37
P041626,2025-12-31,employed,343,21559.55
P041632,2025-12-31,employed,207,49649.09
P041636,2025-12-31,employed,248,11650.24
P041638,2025-12-31,employed,207,34388.91
P041641,2025-12-31,marginal,152,4397.51
P041645,2025-12-31,employed,365,15233.49
P041646,2025-12-31,employed,365,40975.3
P041647,2025-12-31,employed,365,74525.32
P041651,2025-12-31,employed,291,16803.63
P041652,2025-12-31,employed,242,14489.41
P041653,2025-12-31,employed,330,17953.69
P041654,2025-12-31,self_employed,289,33812.17
P041655,2025-12-31,employed,303,16710.84
P041657,2025-12-31,employed,161,17616.58
P041660,2025-12-31,employed,159,68696.01
P041663,2025-12-31,employed,329,33279.76
P041664,2025-12-31,employed,262,31184.23
P041668,2025-12-31,employed,291,33898.39
P041669,2025-12-31,employed,325,29015.64
P041680,2025-12-31,employed,300,37830.24
P041681,2025-12-31,employed,240,10235.93
P041686,2025-12-31,employed,365,12475.95
P041687,2025-12-31,no_record,0,0
P041689,2025-12-31,employed,234,9204.96
P041691,2025-12-31,employed,292,21520.75
P041695,2025-12-31,employed,174,35566.99
P041699,2025-12-31,employed,325,23907.1
P041700,2025-12-31,employed,334,19718.22
P041703,2025-12-31,employed,303,66026.19
P041704,2025-12-31,employed,340,49243.07
P041706,2025-12-31,employed,365,20949.95
P041707,2025-12-31,employed,226,25008.72
P041709,2025-12-31,employed,265,21237
P041711,2025-12-31,employed,206,26551.83
P041712,2025-12-31,employed,340,24702.69
P041714,2025-12-31,employed,261,45227.4
P041721,2025-12-31,marginal,176,5460.41
P041722,2025-12-31,marginal,60,7814.52
P041724,2025-12-31,employed,183,32270.08
P041727,2025-12-31,employed,202,16663.96
P041729,2025-12-31,employed,284,23021.43
P041732,2025-12-31,employed,293,44846.02
P041741,2025-12-31,employed,244,25367.77
P041742,2025-12-31,employed,295,20169.68
P041743,2025-12-31,self_employed,152,24159.71
P041744,2025-12-31,employed,326,56301.75
P041748,2025-12-31,employed,365,61398.01
P041750,2025-12-31,employed,249,34548.19
P041751,2025-12-31,employed,256,22987.61
P041753,2025-12-31,employed,299,15591.18
P041754,2025-12-31,employed,365,50330.5
P041756,2025-12-31,self_employed,360,26262.43
P041758,2025-12-31,employed,307,17844.67
P041759,2025-12-31,employed,249,38777.86
P041760,2025-12-31,employed,322,41553.03
P041761,2025-12-31,marginal,62,3951.35
P041763,2025-12-31,no_record,0,0
P041764,2025-12-31,employed,365,22170.29
P041768,2025-12-31,employed,295,26486.65
P041769,2025-12-31,employed,365,40139.35
P041773,2025-12-31,employed,365,26787.25
P041774,2025-12-31,self_employed,NA,28353.08
P041775,2025-12-31,employed,179,19097.41
P041776,2025-12-31,employed,263,23065.92
P041778,2025-12-31,employed,240,14616.21
P041779,2025-12-31,employed,210,34618.41
P041780,2025-12-31,self_employed,200,23881.99
P041781,2025-12-31,employed,310,70856.92
P041782,2025-12-31,employed,254,33145.66
P041783,2025-12-31,employed,326,39451.26
P041784,2025-12-31,marginal,140,5964.92
P041787,2025-12-31,employed,270,13951.89
P041790,2025-12-31,employed,255,26462.62
P041792,2025-12-31,employed,311,22366.75
P041793,2025-12-31,employed,278,21228.64
P041796,2025-12-31,employed,256,10547.82
P041797,2025-12-31,employed,268,27016.47
P041798,2025-12-31,employed,315,26534.96
P041800,2025-12-31,marginal,97,5533.16
P041804,2025-12-31,employed,279,57458.85
P041809,2025-12-31,employed,303,14478.13
P041811,2025-12-31,employed,245,20217.76
P041813,2025-12-31,employed,326,37250.61
P041816,2025-12-31,employed,365,15605.29
P041818,2025-12-31,employed,310,21379.11
P041819,2025-12-31,employed,332,12181.42
P041820,2025-12-31,marginal,57,4695.37
P041821,2025-12-31,employed,207,41851.52
P041823,2025-12-31,employed,249,28363.85
P041824,2025-12-31,employed,298,NA
P041829,2025-12-31,employed,330,27825.42
P041833,2025-12-31,marginal,109,6844.61
P041834,2025-12-31,employed,295,49470.59
P041839,2025-12-31,self_employed,215,119437.56
P041841,2025-12-31,employed,320,42370.3
P041842,2025-12-31,marginal,65,12960.42
P041844,2025-12-31,employed,302,47524.93
P041845,2025-12-31,employed,345,34334.5
P041846,2025-12-31,employed,254,37150.72
P041847,2025-12-31,employed,312,21493.61
P041849,2025-12-31,self_employed,316,17335.03
P041851,2025-12-31,employed,365,21635.67
P041855,2025-12-31,employed,327,27313.27
P041856,2025-12-31,employed,321,33760.24
P041860,2025-12-31,employed,287,25681.6
P041861,2025-12-31,marginal,176,7081.71
P041864,2025-12-31,employed,365,26615.57
P041867,2025-12-31,self_employed,231,29311.87
P041871,2025-12-31,employed,272,25464.38
P041876,2025-12-31,employed,246,15528.33
P041878,2025-12-31,employed,305,22174.42
P041880,2025-12-31,employed,160,25505.46
P041882,2025-12-31,employed,151,19459.03
P041883,2025-12-31,marginal,91,3250.05
P041885,2025-12-31,employed,331,16642.77
P041888,2025-12-31,employed,253,21224.02
P041892,2025-12-31,employed,321,22866.79
P041893,2025-12-31,marginal,177,7191.53
P041894,2025-12-31,employed,255,27865.89
P041898,2025-12-31,marginal,98,7639.92
P041899,2025-12-31,employed,314,22254.4
P041900,2025-12-31,employed,330,47865.18
P041902,2025-12-31,employed,235,27546.97
P041903,2025-12-31,employed,365,24950.77
P041906,2025-12-31,self_employed,365,15787.7
P041907,2025-12-31,employed,272,56848.77
P041908,2025-12-31,employed,249,36461.2
P041909,2025-12-31,employed,280,35005.19
P041910,2025-12-31,marginal,NA,3507.33
P041912,2025-12-31,self_employed,332,37650.06
P041914,2025-12-31,employed,260,22399.65
P041916,2025-12-31,employed,331,19080.51
P041917,2025-12-31,marginal,67,6011.51
P041921,2025-12-31,marginal,135,4976.4
P041922,2025-12-31,employed,256,12537.58
P041924,2025-12-31,marginal,125,3165.7
P041925,2025-12-31,self_employed,264,35903.21
P041928,2025-12-31,employed,353,31894.06
P041931,2025-12-31,employed,286,17493.8
P041934,2025-12-31,employed,299,26338.82
P041935,2025-12-31,employed,320,10594.43
P041937,2025-12-31,employed,352,14601.62
P041940,2025-12-31,employed,307,68821.52
P041942,2025-12-31,employed,365,10238.56
P041947,2025-12-31,employed,349,50025.85
P041948,2025-12-31,self_employed,322,31675.04
P041949,2025-12-31,employed,195,37255.95
P041950,2025-12-31,employed,365,13096.88
P041951,2025-12-31,employed,244,47637.75
P041952,2025-12-31,employed,310,15827.48
P041955,2025-12-31,self_employed,342,33999.21
P041959,2025-12-31,employed,248,18780.86
P041960,2025-12-31,employed,225,7970.13
P041962,2025-12-31,employed,277,64168.9
P041963,2025-12-31,employed,319,6083.35
P041964,2025-12-31,marginal,101,5539.49
P041965,2025-12-31,employed,300,25449.9
P041969,2025-12-31,employed,193,43222.81
P041974,2025-12-31,marginal,88,3557.09
P041976,2025-12-31,employed,250,19928.85
P041980,2025-12-31,employed,293,20952.65
P041981,2025-12-31,self_employed,312,5435.76
P041983,2025-12-31,employed,342,18551.94
P041984,2025-12-31,marginal,58,8563.76
P041986,2025-12-31,employed,309,33779.27
P041988,2025-12-31,marginal,80,4294.84
P041989,2025-12-31,marginal,132,5414.94
P041991,2025-12-31,marginal,61,4938.26
P041993,2025-12-31,employed,208,11633.49
P041994,2025-12-31,employed,302,16683.18
P042000,2025-12-31,marginal,145,4911.5
P042003,2025-12-31,employed,333,26440.09
P042004,2025-12-31,self_employed,273,45985.76
P042006,2025-12-31,self_employed,365,13090.36
P042011,2025-12-31,employed,340,36399.05
P042013,2025-12-31,self_employed,350,45295.13
P042015,2025-12-31,employed,215,36568.81
P042016,2025-12-31,employed,305,19315.05
P042017,2025-12-31,employed,365,36272.64
P042019,2025-12-31,employed,202,38516.37
P042020,2025-12-31,employed,186,19105.37
P042025,2025-12-31,employed,203,51918.42
P042027,2025-12-31,employed,304,20415.65
P042028,2025-12-31,employed,325,46860.1
P042031,2025-12-31,marginal,93,5546.25
P042032,2025-12-31,employed,209,20923.13
P042036,2025-12-31,employed,284,44221.36
P042037,2025-12-31,marginal,44,3312.08
P042038,2025-12-31,employed,253,34824.16
P042039,2025-12-31,employed,309,19794.43
P042040,2025-12-31,marginal,64,7208.31
P042046,2025-12-31,employed,291,27352.14
P042048,2025-12-31,employed,186,48866.36
P042052,2025-12-31,employed,281,29560.8
P042055,2025-12-31,employed,305,32562.64
P042057,2025-12-31,employed,211,38964.28
P042059,2025-12-31,employed,339,20900.26
P042062,2025-12-31,employed,365,25555.19
P042065,2025-12-31,employed,197,43087.29
P042066,2025-12-31,employed,187,18975.91
P042067,2025-12-31,employed,271,18872.77
P042069,2025-12-31,employed,255,17137.66
P042071,2025-12-31,employed,208,48089.24
P042077,2025-12-31,employed,330,30716.15
P042078,2025-12-31,employed,221,23904.09
P042079,2025-12-31,employed,261,8889.13
P042081,2025-12-31,employed,172,27568.94
P042082,2025-12-31,employed,195,41672.96
P042088,2025-12-31,employed,314,37230.66
P042089,2025-12-31,no_record,0,0
P042090,2025-12-31,employed,365,26994.37
P042099,2025-12-31,employed,295,28800.36
P042103,2025-12-31,employed,338,22070.68
P042105,2025-12-31,self_employed,NA,61778.75
P042107,2025-12-31,employed,204,32298.98
P042108,2025-12-31,marginal,103,4540.27
P042110,2025-12-31,employed,212,51656.01
P042115,2025-12-31,employed,275,28607.38
P042116,2025-12-31,marginal,85,3164.05
P042117,2025-12-31,self_employed,222,37779.28
P042120,2025-12-31,employed,365,14684.43
P042122,2025-12-31,employed,251,58791.27
P042123,2025-12-31,employed,332,31242.52
P042124,2025-12-31,employed,365,16594.26
P042125,2025-12-31,employed,276,17211.48
P042126,2025-12-31,employed,224,37128.71
P042129,2025-12-31,employed,339,21396.44
P042131,2025-12-31,self_employed,334,26950.27
P042134,2025-12-31,employed,245,46404.04
P042137,2025-12-31,employed,265,28331.22
P042140,2025-12-31,employed,342,9998.22
P042145,2025-12-31,employed,267,25048.78
P042146,2025-12-31,marginal,85,8654.73
P042147,2025-12-31,employed,235,17867.12
P042149,2025-12-31,self_employed,225,22323.75
P042150,2025-12-31,employed,232,29473.88
P042152,2025-12-31,employed,297,16363.18
P042153,2025-12-31,employed,193,28919.33
P042155,2025-12-31,employed,284,11832.06
P042157,2025-12-31,employed,328,17721.8
P042160,2025-12-31,employed,365,60445.57
P042161,2025-12-31,employed,365,12320.37
P042163,2025-12-31,employed,287,22337.71
P042164,2025-12-31,self_employed,365,18563.93
P042168,2025-12-31,employed,261,14555.96
P042171,2025-12-31,employed,365,23026.9
P042174,2025-12-31,employed,213,13979.03
P042177,2025-12-31,employed,312,29227.79
P042181,2025-12-31,employed,312,22601.75
P042182,2025-12-31,marginal,166,2736.46
P042184,2025-12-31,employed,211,36286.77
P042190,2025-12-31,self_employed,143,45255.01
P042193,2025-12-31,employed,253,63345.47
P042199,2025-12-31,employed,318,17075.06
P042201,2025-12-31,self_employed,360,26859.48
P042202,2025-12-31,employed,263,20386.19
P042204,2025-12-31,employed,365,NA
P042208,2025-12-31,employed,267,55684.71
P042209,2025-12-31,employed,324,10372.89
P042210,2025-12-31,employed,240,30701.45
P042211,2025-12-31,employed,365,49221.5
P042214,2025-12-31,marginal,137,5234.4
P042220,2025-12-31,marginal,104,4353.94
P042223,2025-12-31,marginal,137,5018.67
P042226,2025-12-31,self_employed,356,7813.13
P042229,2025-12-31,employed,275,18390.04
P042235,2025-12-31,employed,315,32367.14
P042242,2025-12-31,employed,359,16294.88
P042244,2025-12-31,employed,275,39805.52
P042245,2025-12-31,employed,275,23203.03
P042248,2025-12-31,employed,365,59465.01
P042249,2025-12-31,employed,273,17368.07
P042250,2025-12-31,employed,329,38613.83
P042254,2025-12-31,employed,279,34480.25
P042255,2025-12-31,no_record,0,0
P042256,2025-12-31,employed,331,41491.47
P042257,2025-12-31,no_record,0,0
P042261,2025-12-31,employed,156,17372.96
P042264,2025-12-31,employed,318,18718.25
P042266,2025-12-31,employed,187,22895.31
P042268,2025-12-31,employed,340,50373.18
P042269,2025-12-31,employed,256,7829.09
P042270,2025-12-31,employed,235,20727.5
P042272,2025-12-31,employed,365,26222.67
P042273,2025-12-31,employed,256,13259.2
P042274,2025-12-31,employed,301,17228.18
P042275,2025-12-31,employed,281,57884.09
P042276,2025-12-31,employed,273,24600.35
P042278,2025-12-31,employed,344,46747.13
P042279,2025-12-31,employed,202,10858.31
P042280,2025-12-31,employed,210,18402.34
P042282,2025-12-31,employed,365,20443.35
P042286,2025-12-31,employed,243,28610.25
P042288,2025-12-31,employed,271,32194.67
P042289,2025-12-31,employed,365,34239.61
P042290,2025-12-31,employed,336,40294.61
P042293,2025-12-31,employed,313,22926.14
P042296,2025-12-31,employed,365,24505.97
P042300,2025-12-31,employed,222,30631.24
P042304,2025-12-31,employed,300,25104.74
P042305,2025-12-31,employed,270,27868.08
P042306,2025-12-31,employed,365,26527.78
P042311,2025-12-31,employed,270,20570.2
P042312,2025-12-31,employed,212,33144.26
P042313,2025-12-31,employed,277,29094.3
P042316,2025-12-31,employed,181,29080.21
P042319,2025-12-31,marginal,114,3998.35
P042320,2025-12-31,marginal,79,7971.11
P042323,2025-12-31,marginal,158,4544.31
P042328,2025-12-31,employed,280,22839.95
P042330,2025-12-31,employed,261,22939.85
P042331,2025-12-31,employed,317,13955.7
P042332,2025-12-31,self_employed,365,66350.57
P042335,2025-12-31,marginal,82,2588.11
P042336,2025-12-31,employed,365,38725.71
P042338,2025-12-31,employed,268,17727.8
P042339,2025-12-31,employed,248,13622.98
P042342,2025-12-31,self_employed,226,9691.84
P042343,2025-12-31,employed,325,22067.33
P042344,2025-12-31,employed,290,36785.86
P042347,2025-12-31,employed,264,62519.04
P042349,2025-12-31,employed,274,52191.21
P042353,2025-12-31,self_employed,277,21382.44
P042359,2025-12-31,employed,145,23157.13
P042360,2025-12-31,employed,343,20547.79
P042361,2025-12-31,employed,223,16840.7
P042365,2025-12-31,employed,288,8848.57
P042367,2025-12-31,employed,296,11373.98
P042368,2025-12-31,employed,365,13839.89
P042369,2025-12-31,employed,304,40052.66
P042373,2025-12-31,employed,292,37477.23
P042379,2025-12-31,marginal,40,3014.04
P042380,2025-12-31,marginal,104,5499.33
P042382,2025-12-31,self_employed,290,23043.46
P042384,2025-12-31,employed,292,13653.52
P042392,2025-12-31,employed,362,31621.91
P042393,2025-12-31,employed,321,65609.91
P042397,2025-12-31,employed,332,21941.1
P042399,2025-12-31,employed,347,92424.29
P042401,2025-12-31,marginal,48,5563.48
P042405,2025-12-31,employed,193,33424.09
P042406,2025-12-31,employed,365,35421.03
P042410,2025-12-31,marginal,130,2990.86
P042411,2025-12-31,self_employed,346,12917.48
P042414,2025-12-31,marginal,131,4904.17
P042415,2025-12-31,marginal,84,5027.28
P042417,2025-12-31,marginal,180,4155.12
P042418,2025-12-31,employed,244,43946.21
P042419,2025-12-31,employed,296,33646.09
P042421,2025-12-31,self_employed,314,26401.48
P042424,2025-12-31,employed,228,22098
P042425,2025-12-31,employed,307,53649.72
P042426,2025-12-31,marginal,88,5164.1
P042428,2025-12-31,employed,317,24411.47
P042429,2025-12-31,employed,361,48078.49
P042430,2025-12-31,employed,185,19820.24
P042431,2025-12-31,employed,334,25650.65
P042432,2025-12-31,employed,284,78227.28
P042437,2025-12-31,employed,296,28502.67
P042440,2025-12-31,employed,284,44721.99
P042442,2025-12-31,employed,247,34378.73
P042443,2025-12-31,employed,278,16088.6
P042444,2025-12-31,marginal,161,4350.8
P042445,2025-12-31,marginal,109,6013.37
P042446,2025-12-31,employed,365,69406.35
P042449,2025-12-31,employed,365,31207.15
P042450,2025-12-31,employed,290,40041.33
P042451,2025-12-31,employed,272,13596.86
P042452,2025-12-31,employed,283,63577.25
P042453,2025-12-31,employed,279,25598.26
P042455,2025-12-31,employed,312,15770.3
P042456,2025-12-31,employed,191,15766.66
P042459,2025-12-31,marginal,110,4334.66
P042461,2025-12-31,employed,334,23660.79
P042463,2025-12-31,self_employed,302,15845.82
P042469,2025-12-31,employed,280,20702.05
P042471,2025-12-31,no_record,0,0
P042472,2025-12-31,employed,298,44441.45
P042473,2025-12-31,self_employed,289,16716.71
P042474,2025-12-31,marginal,62,8689.49
P042477,2025-12-31,no_record,0,0
P042481,2025-12-31,self_employed,226,18897.95
P042482,2025-12-31,marginal,113,3003.52
P042483,2025-12-31,employed,315,20952.37
P042485,2025-12-31,employed,226,37256.48
P042487,2025-12-31,employed,284,11700.76
P042488,2025-12-31,employed,354,16431.54
P042493,2025-12-31,marginal,93,2355.36
P042497,2025-12-31,employed,365,18903.71
P042498,2025-12-31,no_record,0,0
P042499,2025-12-31,employed,306,30902.8
P042500,2025-12-31,employed,290,18577.41
P042501,2025-12-31,marginal,144,8405.21
P042502,2025-12-31,employed,285,27426.84
P042503,2025-12-31,employed,265,35526.24
P042506,2025-12-31,self_employed,189,19076
P042509,2025-12-31,employed,301,22209.87
P042513,2025-12-31,employed,256,20602.41
P042514,2025-12-31,employed,318,23697.71
P042517,2025-12-31,employed,365,20870.66
P042518,2025-12-31,employed,330,26788.16
P042519,2025-12-31,employed,251,27592.2
P042522,2025-12-31,marginal,119,6830.96
P042523,2025-12-31,employed,319,30296.6
P042525,2025-12-31,employed,347,29117.23
P042528,2025-12-31,employed,252,16846.33
P042529,2025-12-31,self_employed,260,8098.49
P042530,2025-12-31,employed,205,17639.96
P042531,2025-12-31,self_employed,217,11009.92
P042532,2025-12-31,employed,208,18026.07
P042535,2025-12-31,employed,239,47420.36
P042536,2025-12-31,employed,314,30271.11
P042537,2025-12-31,self_employed,237,5275.89
P042538,2025-12-31,employed,172,23676.58
P042542,2025-12-31,employed,270,88809.61
P042544,2025-12-31,employed,298,18396.94
P042547,2025-12-31,employed,248,16086
P042549,2025-12-31,employed,354,21211.92
P042550,2025-12-31,employed,277,17461.04
P042552,2025-12-31,marginal,62,2404.03
P042554,2025-12-31,employed,365,19874.85
P042555,2025-12-31,employed,299,21321.84
P042557,2025-12-31,employed,259,48152.98
P042558,2025-12-31,employed,224,26647.86
P042559,2025-12-31,employed,365,33289.45
P042561,2025-12-31,employed,228,17947.2
P042562,2025-12-31,marginal,126,4250.69
P042565,2025-12-31,employed,224,26585.19
P042566,2025-12-31,employed,316,9903.2
P042568,2025-12-31,employed,235,32765.99
P042569,2025-12-31,marginal,49,2727.84
P042570,2025-12-31,marginal,138,5371.18
P042571,2025-12-31,employed,145,19809.51
P042573,2025-12-31,employed,209,49964.31
P042574,2025-12-31,employed,283,25438.82
P042579,2025-12-31,employed,365,27955.73
P042583,2025-12-31,employed,228,17773.91
P042584,2025-12-31,employed,299,30734.19
P042587,2025-12-31,employed,308,18974.79
P042592,2025-12-31,employed,365,82591.89
P042593,2025-12-31,marginal,114,4506.14
P042597,2025-12-31,employed,279,45318.52
P042598,2025-12-31,employed,256,37106.63
P042604,2025-12-31,employed,259,NA
P042605,2025-12-31,employed,184,66407.5
P042606,2025-12-31,employed,363,20359.3
P042608,2025-12-31,employed,365,12174.37
P042609,2025-12-31,employed,365,37915.9
P042612,2025-12-31,employed,174,33162.71
P042613,2025-12-31,self_employed,129,45729.32
P042615,2025-12-31,self_employed,35,30140.19
P042618,2025-12-31,employed,300,11729.7
P042619,2025-12-31,employed,365,33852.56
P042623,2025-12-31,employed,297,57690.05
P042625,2025-12-31,employed,138,35083.37
P042626,2025-12-31,employed,267,24488.32
P042627,2025-12-31,employed,340,23940.13
P042630,2025-12-31,self_employed,357,19179.07
P042631,2025-12-31,employed,265,35337.42
P042633,2025-12-31,employed,365,30325.5
P042637,2025-12-31,employed,193,55937.28
P042638,2025-12-31,employed,365,24606.65
P042639,2025-12-31,employed,365,16109.62
P042641,2025-12-31,self_employed,233,25357.89
P042645,2025-12-31,employed,237,39689.02
P042646,2025-12-31,self_employed,254,25759.6
P042647,2025-12-31,employed,313,28337.85
P042648,2025-12-31,marginal,143,4564.74
P042650,2025-12-31,self_employed,155,25222.49
P042651,2025-12-31,employed,260,36812.66
P042654,2025-12-31,marginal,62,2818.56
P042656,2025-12-31,marginal,51,9276.91
P042657,2025-12-31,employed,264,27185.06
P042658,2025-12-31,employed,306,19926.17
P042659,2025-12-31,employed,350,33433.01
P042661,2025-12-31,employed,365,70351.67
P042662,2025-12-31,employed,212,66982.45
P042663,2025-12-31,employed,348,40798.91
P042672,2025-12-31,self_employed,250,15262.55
P042673,2025-12-31,employed,230,32628.22
P042676,2025-12-31,employed,278,46037.22
P042678,2025-12-31,employed,171,38137.3
P042679,2025-12-31,self_employed,278,72688.89
P042680,2025-12-31,employed,285,17726.49
P042681,2025-12-31,employed,192,29505.05
P042683,2025-12-31,employed,324,35213.83
P042687,2025-12-31,employed,365,23997.31
P042690,2025-12-31,employed,274,10729.74
P042692,2025-12-31,marginal,122,5315.07
P042694,2025-12-31,employed,251,21794.47
P042696,2025-12-31,marginal,198,3359.01
P042699,2025-12-31,employed,276,25472.18
P042700,2025-12-31,employed,270,39966.35
P042702,2025-12-31,employed,357,31563.19
P042704,2025-12-31,employed,168,28055.1
P042705,2025-12-31,employed,294,38520
P042707,2025-12-31,employed,254,20370.09
P042708,2025-12-31,employed,284,15719.33
P042710,2025-12-31,employed,181,11570.27
P042711,2025-12-31,employed,230,19412.72
P042713,2025-12-31,employed,365,25645.57
P042714,2025-12-31,marginal,144,6064.21
P042715,2025-12-31,employed,365,32616.77
P042717,2025-12-31,employed,253,19063.32
P042718,2025-12-31,self_employed,279,48956.12
P042719,2025-12-31,employed,352,22377.79
P042720,2025-12-31,employed,362,10333.27
P042721,2025-12-31,marginal,92,5481.84
P042723,2025-12-31,employed,217,24977.76
P042731,2025-12-31,employed,291,16145.15
P042732,2025-12-31,marginal,177,3833.03
P042733,2025-12-31,no_record,0,0
P042734,2025-12-31,marginal,139,4475.79
P042736,2025-12-31,marginal,117,5232.1
P042739,2025-12-31,employed,184,13971.37
P042740,2025-12-31,employed,263,37469.93
P042743,2025-12-31,employed,273,12572
P042744,2025-12-31,employed,216,39200.65
P042745,2025-12-31,employed,365,20384.69
P042746,2025-12-31,employed,294,49050.95
P042749,2025-12-31,self_employed,252,56430.42
P042751,2025-12-31,employed,365,20844.94
P042752,2025-12-31,employed,308,27153.9
P042756,2025-12-31,marginal,40,4771.21
P042758,2025-12-31,employed,365,17557.64
P042760,2025-12-31,employed,280,51207.71
P042762,2025-12-31,employed,290,12397.53
P042767,2025-12-31,employed,217,52354.16
P042774,2025-12-31,employed,281,24436.73
P042776,2025-12-31,employed,187,20298.69
P042777,2025-12-31,marginal,114,3522.86
P042778,2025-12-31,self_employed,309,28006.05
P042781,2025-12-31,employed,224,25261.33
P042786,2025-12-31,employed,336,21437.91
P042788,2025-12-31,employed,152,14607.45
P042790,2025-12-31,employed,300,36773.21
P042793,2025-12-31,self_employed,227,89490.44
P042795,2025-12-31,employed,301,29009.53
P042796,2025-12-31,employed,365,18620.31
P042797,2025-12-31,employed,355,18462.89
P042799,2025-12-31,employed,365,30457.58
P042801,2025-12-31,employed,233,28151.51
P042806,2025-12-31,employed,260,23638.3
P042807,2025-12-31,employed,263,38463.29
P042809,2025-12-31,employed,256,19987.75
P042812,2025-12-31,employed,299,54119.52
P042813,2025-12-31,employed,351,46701.3
P042816,2025-12-31,employed,319,26714.61
P042817,2025-12-31,self_employed,259,25936.42
P042818,2025-12-31,employed,327,18938.48
P042820,2025-12-31,employed,365,15034.17
P042830,2025-12-31,self_employed,226,20384.37
P042831,2025-12-31,employed,260,19840.76
P042832,2025-12-31,self_employed,296,63693.84
P042833,2025-12-31,employed,295,21315.53
P042834,2025-12-31,employed,199,16086.94
P042838,2025-12-31,employed,320,21434.98
P042841,2025-12-31,marginal,31,4291.6
P042842,2025-12-31,employed,291,31628.92
P042844,2025-12-31,employed,358,26479.76
P042846,2025-12-31,employed,309,22786.77
P042850,2025-12-31,employed,302,42614.15
P042853,2025-12-31,marginal,70,3200.07
P042854,2025-12-31,employed,339,21388.84
P042855,2025-12-31,employed,295,27644.96
P042861,2025-12-31,employed,228,27495.58
P042865,2025-12-31,employed,301,31346.01
P042866,2025-12-31,employed,268,18276.24
P042867,2025-12-31,marginal,110,5944.99
P042868,2025-12-31,marginal,41,6196.31
P042872,2025-12-31,employed,365,28473.49
P042873,2025-12-31,marginal,131,5612.69
P042874,2025-12-31,employed,282,39777.45
P042877,2025-12-31,employed,251,29476.77
P042879,2025-12-31,employed,264,30275.91
P042881,2025-12-31,employed,262,34600.51
P042882,2025-12-31,employed,201,12171.31
P042890,2025-12-31,employed,308,22125.98
P042896,2025-12-31,no_record,0,0
P042897,2025-12-31,self_employed,301,3515.42
P042905,2025-12-31,employed,318,24084.36
P042906,2025-12-31,marginal,104,5423.18
P042907,2025-12-31,employed,333,22468.47
P042908,2025-12-31,no_record,0,0
P042909,2025-12-31,self_employed,144,NA
P042911,2025-12-31,employed,280,24445.64
P042912,2025-12-31,employed,365,35606.74
P042913,2025-12-31,marginal,156,3562.48
P042915,2025-12-31,self_employed,278,22516.86
P042916,2025-12-31,employed,313,23079.33
P042917,2025-12-31,employed,204,28314.55
P042920,2025-12-31,employed,356,16640.87
P042922,2025-12-31,employed,198,28259.99
P042925,2025-12-31,employed,278,56658.87
P042928,2025-12-31,self_employed,340,31206.89
P042929,2025-12-31,employed,299,17664.79
P042930,2025-12-31,employed,334,22131.47
P042931,2025-12-31,employed,274,50347.56
P042932,2025-12-31,employed,265,26913.21
P042934,2025-12-31,employed,365,33515.71
P042939,2025-12-31,marginal,136,3112.98
P042940,2025-12-31,marginal,88,5700.53
P042942,2025-12-31,employed,232,34710.05
P042943,2025-12-31,employed,276,27885.47
P042945,2025-12-31,employed,288,29713.01
P042951,2025-12-31,employed,216,27906.27
P042952,2025-12-31,employed,365,34764.85
P042957,2025-12-31,employed,331,62269.93
P042959,2025-12-31,employed,365,9033.47
P042960,2025-12-31,employed,147,32486.22
P042961,2025-12-31,employed,256,13792.02
P042963,2025-12-31,employed,214,33201.75
P042964,2025-12-31,marginal,85,3910.99
P042966,2025-12-31,employed,222,20675.73
P042978,2025-12-31,employed,223,NA
P042984,2025-12-31,employed,226,13844.05
P042985,2025-12-31,employed,264,40143.26
P042987,2025-12-31,marginal,93,3725.92
P042988,2025-12-31,employed,365,39041.07
P042995,2025-12-31,employed,264,25449.81
P042998,2025-12-31,marginal,146,5864.87
P042999,2025-12-31,employed,234,15810.24
P043000,2025-12-31,self_employed,183,11097.14
P043003,2025-12-31,employed,352,32572.58
P043004,2025-12-31,employed,NA,55057.34
P043005,2025-12-31,employed,308,9175.69
P043006,2025-12-31,employed,345,11586.92
P043007,2025-12-31,employed,356,35060.98
P043008,2025-12-31,employed,297,21209.86
P043011,2025-12-31,no_record,0,0
P043013,2025-12-31,marginal,101,2528.08
P043014,2025-12-31,marginal,111,2994.2
P043015,2025-12-31,marginal,135,5615.95
P043017,2025-12-31,employed,360,9629.34
P043024,2025-12-31,employed,156,20832.01
P043026,2025-12-31,employed,181,30595.36
P043027,2025-12-31,employed,283,20551.4
P043031,2025-12-31,marginal,167,3232.03
P043033,2025-12-31,marginal,102,5773.46
P043037,2025-12-31,marginal,131,5109.25
P043039,2025-12-31,employed,232,23101.87
P043044,2025-12-31,self_employed,333,104863.8
P043045,2025-12-31,employed,293,24002.63
P043047,2025-12-31,employed,257,18063.53
P043049,2025-12-31,employed,196,34462.77
P043050,2025-12-31,self_employed,90,17905.98
P043053,2025-12-31,employed,301,53878.28
P043054,2025-12-31,employed,363,40761.01
P043061,2025-12-31,marginal,119,6037.6
P043062,2025-12-31,marginal,154,3500.49
P043066,2025-12-31,no_record,0,0
P043067,2025-12-31,employed,224,18471.02
P043068,2025-12-31,marginal,129,5756.48
P043074,2025-12-31,employed,300,28583.48
P043076,2025-12-31,employed,175,30905.92
P043081,2025-12-31,employed,365,14341.11
P043083,2025-12-31,employed,272,22451.35
P043084,2025-12-31,employed,325,13363.64
P043087,2025-12-31,employed,289,19529.83
P043088,2025-12-31,employed,319,23331.82
P043089,2025-12-31,employed,365,71741.92
P043090,2025-12-31,employed,337,24984.89
P043092,2025-12-31,employed,196,49461.46
P043093,2025-12-31,self_employed,199,8404.35
P043094,2025-12-31,employed,152,9797.49
P043095,2025-12-31,employed,341,35492.18
P043098,2025-12-31,employed,365,12729.65
P043099,2025-12-31,employed,341,19517.92
P043104,2025-12-31,employed,357,15613.77
P043105,2025-12-31,marginal,131,3260.29
P043106,2025-12-31,employed,295,47112.55
P043110,2025-12-31,self_employed,211,14268.08
P043111,2025-12-31,employed,306,46771.37
P043112,2025-12-31,employed,220,15174.53
P043115,2025-12-31,employed,283,20764.79
P043117,2025-12-31,employed,287,26380.03
P043127,2025-12-31,employed,342,33080.55
P043128,2025-12-31,employed,365,27304.13
P043129,2025-12-31,employed,307,26420.53
P043131,2025-12-31,employed,175,26350.19
P043135,2025-12-31,employed,153,21597.1
P043138,2025-12-31,marginal,179,5976.66
P043139,2025-12-31,employed,229,31912.71
P043140,2025-12-31,self_employed,355,26368.99
P043141,2025-12-31,employed,190,23860.84
P043142,2025-12-31,employed,297,48627.59
P043145,2025-12-31,employed,238,20010.97
P043148,2025-12-31,employed,289,38168.85
P043149,2025-12-31,employed,266,39613.71
P043153,2025-12-31,employed,345,41249.49
P043154,2025-12-31,no_record,0,0
P043157,2025-12-31,marginal,138,8058.15
P043159,2025-12-31,employed,187,18204.38
P043161,2025-12-31,employed,285,17843.44
P043162,2025-12-31,employed,245,13382.81
P043164,2025-12-31,employed,186,13853.4
P043165,2025-12-31,employed,322,38606.39
P043166,2025-12-31,marginal,74,4971.65
P043175,2025-12-31,employed,263,55510.55
P043176,2025-12-31,employed,339,30871.53
P043180,2025-12-31,employed,323,93561.09
P043183,2025-12-31,marginal,170,6687.45
P043184,2025-12-31,employed,280,14198.81
P043186,2025-12-31,employed,238,44498.34
P043194,2025-12-31,employed,317,28320.71
P043195,2025-12-31,self_employed,262,49379.46
P043196,2025-12-31,employed,NA,17964.51
P043197,2025-12-31,employed,239,14825.39
P043203,2025-12-31,employed,285,48863.57
P043205,2025-12-31,employed,253,27111.18
P043206,2025-12-31,marginal,85,4722.05
P043208,2025-12-31,employed,248,11721.25
P043210,2025-12-31,self_employed,349,113846.7
P043212,2025-12-31,employed,242,23923.39
P043214,2025-12-31,employed,262,23468.89
P043215,2025-12-31,employed,166,39583.18
P043219,2025-12-31,marginal,68,5100.06
P043220,2025-12-31,employed,269,37480.48
P043221,2025-12-31,self_employed,365,19136.58
P043223,2025-12-31,employed,331,57974.81
P043225,2025-12-31,employed,311,27655.47
P043227,2025-12-31,self_employed,288,45258.95
P043232,2025-12-31,employed,236,19813.82
P043233,2025-12-31,no_record,0,0
P043235,2025-12-31,employed,236,15157.01
P043237,2025-12-31,employed,248,18626.71
P043240,2025-12-31,employed,233,29709.7
P043242,2025-12-31,employed,360,36894.3
P043245,2025-12-31,employed,303,21135.66
P043248,2025-12-31,no_record,0,0
P043249,2025-12-31,employed,235,11839.63
P043250,2025-12-31,self_employed,258,89234.13
P043253,2025-12-31,employed,271,43646.38
P043255,2025-12-31,employed,333,31402.38
P043257,2025-12-31,employed,263,32234.63
P043258,2025-12-31,employed,222,29876.01
P043263,2025-12-31,employed,356,28115.84
P043265,2025-12-31,employed,278,8548.7
P043267,2025-12-31,no_record,0,0
P043276,2025-12-31,marginal,116,3249.31
P043277,2025-12-31,no_record,0,0
P043279,2025-12-31,marginal,137,10463
P043282,2025-12-31,employed,250,41659.21
P043284,2025-12-31,employed,365,59688.71
P043288,2025-12-31,employed,306,11545.11
P043289,2025-12-31,employed,343,31582.98
P043291,2025-12-31,employed,240,38202.26
P043292,2025-12-31,employed,319,79130.89
P043296,2025-12-31,employed,320,19839.68
P043297,2025-12-31,marginal,99,7571.57
P043300,2025-12-31,employed,235,42871.37
P043301,2025-12-31,employed,250,39679.2
P043302,2025-12-31,employed,294,11377.98
P043303,2025-12-31,marginal,95,4481.03
P043304,2025-12-31,employed,200,21124.75
P043306,2025-12-31,employed,319,26105.01
P043308,2025-12-31,employed,365,36123.73
P043309,2025-12-31,employed,243,20362.79
P043310,2025-12-31,employed,236,17213.64
P043312,2025-12-31,self_employed,253,16434.94
P043313,2025-12-31,employed,NA,81605.19
P043314,2025-12-31,marginal,97,5732.55
P043315,2025-12-31,marginal,117,4584.54
P043319,2025-12-31,employed,235,18759.16
P043321,2025-12-31,employed,336,36858.87
P043325,2025-12-31,employed,243,47124.14
P043329,2025-12-31,employed,302,11092.73
P043332,2025-12-31,employed,297,77486.52
P043335,2025-12-31,employed,299,24082.63
P043336,2025-12-31,employed,292,18616.73
P043338,2025-12-31,employed,271,36316.91
P043341,2025-12-31,self_employed,299,73480.77
P043343,2025-12-31,employed,343,31488.44
P043344,2025-12-31,employed,243,30568.12
P043353,2025-12-31,employed,363,52610.56
P043354,2025-12-31,marginal,73,5572.31
P043357,2025-12-31,no_record,0,0
P043358,2025-12-31,employed,257,17850.43
P043361,2025-12-31,self_employed,261,18109.31
P043362,2025-12-31,employed,365,15872.71
P043363,2025-12-31,employed,283,22105.15
P043366,2025-12-31,employed,340,38772.61
P043369,2025-12-31,employed,359,NA
P043370,2025-12-31,self_employed,279,19229.56
P043371,2025-12-31,employed,274,35303.98
P043372,2025-12-31,employed,234,NA
P043373,2025-12-31,employed,269,21419.77
P043375,2025-12-31,employed,268,25714.38
P043380,2025-12-31,employed,248,36385.23
P043381,2025-12-31,marginal,102,5030.91
P043383,2025-12-31,employed,292,37668.5
P043384,2025-12-31,employed,344,20570.01
P043387,2025-12-31,employed,323,11441.69
P043390,2025-12-31,employed,267,19171.14
P043392,2025-12-31,employed,314,14560.26
P043393,2025-12-31,employed,256,18974.53
P043395,2025-12-31,employed,317,39488.53
P043399,2025-12-31,marginal,116,3151.97
P043401,2025-12-31,employed,222,30308.21
P043402,2025-12-31,employed,365,65243.78
P043403,2025-12-31,employed,237,18730.26
P043406,2025-12-31,employed,365,13928.66
P043407,2025-12-31,self_employed,97,44705.05
P043409,2025-12-31,employed,291,32473.99
P043411,2025-12-31,employed,282,25163.93
P043412,2025-12-31,employed,365,35433.48
P043415,2025-12-31,employed,NA,23460.34
P043417,2025-12-31,marginal,177,7688.48
P043420,2025-12-31,employed,315,10782.81
P043421,2025-12-31,employed,365,24891.97
P043422,2025-12-31,employed,251,24156.06
P043426,2025-12-31,employed,237,45040.44
P043428,2025-12-31,employed,191,35772.55
P043432,2025-12-31,employed,349,21948.26
P043433,2025-12-31,employed,365,42839.29
P043437,2025-12-31,employed,282,30908.32
P043443,2025-12-31,employed,365,19513.93
P043446,2025-12-31,self_employed,296,20966.16
P043449,2025-12-31,employed,267,23939.69
P043450,2025-12-31,employed,267,25218.4
P043451,2025-12-31,employed,298,33878.45
P043454,2025-12-31,employed,260,NA
P043458,2025-12-31,employed,249,15852.71
P043459,2025-12-31,no_record,0,0
P043461,2025-12-31,employed,282,22519.5
P043462,2025-12-31,employed,345,33850.08
P043464,2025-12-31,employed,365,14192.49
P043469,2025-12-31,employed,275,14872.7
P043470,2025-12-31,employed,217,16444.98
P043472,2025-12-31,employed,291,26301.17
P043474,2025-12-31,employed,265,28564.24
P043478,2025-12-31,employed,278,63040.45
P043480,2025-12-31,employed,255,26245.39
P043484,2025-12-31,employed,300,39137.61
P043487,2025-12-31,employed,326,24337.25
P043491,2025-12-31,employed,325,13932.2
P043492,2025-12-31,employed,239,33634.26
P043494,2025-12-31,employed,221,19015.34
P043496,2025-12-31,employed,303,37348.4
P043498,2025-12-31,employed,NA,31630.3
P043499,2025-12-31,employed,280,16389.08
P043500,2025-12-31,employed,260,29917.38
P043504,2025-12-31,employed,300,10372.15
P043506,2025-12-31,employed,264,22692.44
P043508,2025-12-31,employed,317,24813.52
P043509,2025-12-31,marginal,122,3463.88
P043510,2025-12-31,employed,365,65248.21
P043512,2025-12-31,employed,264,19552.86
P043513,2025-12-31,marginal,150,5026.49
P043517,2025-12-31,employed,271,41414.8
P043520,2025-12-31,marginal,133,7515.71
P043521,2025-12-31,employed,303,22160.39
P043527,2025-12-31,employed,130,35440.96
P043528,2025-12-31,employed,175,22801.41
P043529,2025-12-31,employed,227,31200.59
P043530,2025-12-31,self_employed,365,19842.96
P043531,2025-12-31,employed,290,34784.56
P043532,2025-12-31,employed,243,53109.39
P043534,2025-12-31,employed,286,26777.72
P043540,2025-12-31,marginal,134,4429.25
P043541,2025-12-31,self_employed,262,14526.91
P043542,2025-12-31,employed,317,24657.66
P043544,2025-12-31,employed,316,17720.08
P043546,2025-12-31,employed,266,80564.66
P043547,2025-12-31,self_employed,176,11138.44
P043554,2025-12-31,employed,215,83094.02
P043555,2025-12-31,employed,342,34467.12
P043556,2025-12-31,employed,217,25472.09
P043557,2025-12-31,employed,301,50218.46
P043561,2025-12-31,employed,260,17906.9
P043562,2025-12-31,employed,243,30682.02
P043563,2025-12-31,employed,300,15957.52
P043564,2025-12-31,employed,324,26129.83
P043566,2025-12-31,employed,323,40768.06
P043569,2025-12-31,employed,337,27761.44
P043570,2025-12-31,employed,365,16211.15
P043572,2025-12-31,employed,NA,25215.36
P043574,2025-12-31,employed,295,16358.5
P043575,2025-12-31,employed,365,17289.48
P043576,2025-12-31,employed,232,21355.57
P043578,2025-12-31,no_record,0,0
P043582,2025-12-31,self_employed,219,9945.06
P043584,2025-12-31,employed,343,30427.52
P043586,2025-12-31,employed,198,41443.45
P043587,2025-12-31,employed,304,13177.28
P043593,2025-12-31,employed,305,24688.97
P043594,2025-12-31,marginal,143,10641.04
P043595,2025-12-31,employed,269,22370.6
P043598,2025-12-31,employed,301,29573.82
P043601,2025-12-31,employed,243,20756
P043603,2025-12-31,employed,332,29383.32
P043606,2025-12-31,marginal,82,4492.25
P043608,2025-12-31,employed,219,15649.82
P043609,2025-12-31,employed,253,45742.9
P043616,2025-12-31,employed,262,13745.71
P043618,2025-12-31,employed,302,68612.27
P043619,2025-12-31,employed,365,20216.86
P043620,2025-12-31,employed,365,15018.35
P043623,2025-12-31,employed,282,30879.75
P043624,2025-12-31,employed,216,21913.2
P043625,2025-12-31,employed,331,18261.16
P043628,2025-12-31,employed,270,16766.92
P043631,2025-12-31,employed,265,35812.84
P043636,2025-12-31,employed,263,14973.42
P043637,2025-12-31,employed,338,33230.71
P043639,2025-12-31,employed,224,27720.39
P043641,2025-12-31,marginal,98,6820.8
P043642,2025-12-31,employed,316,39867.58
P043643,2025-12-31,employed,201,15888.89
P043645,2025-12-31,employed,294,42923.06
P043651,2025-12-31,employed,219,34572.86
P043652,2025-12-31,no_record,0,0
P043654,2025-12-31,employed,365,28895.03
P043657,2025-12-31,employed,337,33808.17
P043658,2025-12-31,employed,301,42032.78
P043659,2025-12-31,employed,238,26868.98
P043662,2025-12-31,employed,NA,20477.31
P043666,2025-12-31,employed,302,28554.66
P043667,2025-12-31,employed,295,14870.46
P043668,2025-12-31,employed,272,43203
P043669,2025-12-31,employed,339,71413.75
P043676,2025-12-31,employed,252,42516.91
P043677,2025-12-31,employed,292,19267.51
P043682,2025-12-31,self_employed,246,62093.69
P043683,2025-12-31,employed,365,24442.39
P043684,2025-12-31,employed,365,50516.6
P043687,2025-12-31,employed,275,16701.84
P043689,2025-12-31,employed,165,38048.95
P043690,2025-12-31,employed,296,24248.1
P043691,2025-12-31,employed,205,30305.74
P043693,2025-12-31,employed,272,18730.12
P043697,2025-12-31,self_employed,363,38761.61
P043698,2025-12-31,employed,230,30678.41
P043700,2025-12-31,marginal,122,5745.67
P043701,2025-12-31,employed,331,18938.85
P043703,2025-12-31,employed,237,27342.02
P043704,2025-12-31,employed,365,20422.66
P043709,2025-12-31,employed,208,13110.43
P043711,2025-12-31,employed,322,26851.82
P043712,2025-12-31,employed,238,30908.09
P043715,2025-12-31,employed,225,22637.41
P043716,2025-12-31,employed,346,35755.99
P043717,2025-12-31,self_employed,174,22112.83
P043718,2025-12-31,employed,319,34397
P043720,2025-12-31,employed,260,63661.61
P043723,2025-12-31,employed,331,23763.41
P043726,2025-12-31,self_employed,243,29273.02
P043728,2025-12-31,employed,294,38950.56
P043732,2025-12-31,employed,300,29374.93
P043734,2025-12-31,employed,283,30147.97
P043735,2025-12-31,employed,191,33284.46
P043737,2025-12-31,employed,330,37186.42
P043738,2025-12-31,employed,309,38050.62
P043741,2025-12-31,employed,308,17629.29
P043743,2025-12-31,self_employed,355,26702.31
P043746,2025-12-31,employed,331,19287.05
P043747,2025-12-31,employed,277,22474.84
P043748,2025-12-31,employed,365,16818.5
P043749,2025-12-31,employed,221,34684.93
P043750,2025-12-31,employed,329,30122.22
P043751,2025-12-31,employed,232,27462.1
P043752,2025-12-31,employed,208,34124.96
P043753,2025-12-31,employed,364,16479.42
P043754,2025-12-31,employed,336,47273.81
P043755,2025-12-31,employed,235,28275.03
P043757,2025-12-31,employed,263,36990.52
P043758,2025-12-31,employed,290,48132.83
P043764,2025-12-31,employed,331,12903.43
P043767,2025-12-31,employed,148,21309.34
P043769,2025-12-31,employed,365,28541.98
P043770,2025-12-31,employed,326,82743.17
P043772,2025-12-31,employed,329,34390.41
P043774,2025-12-31,employed,226,35963.44
P043776,2025-12-31,employed,321,26513.15
P043777,2025-12-31,employed,273,33665.8
P043778,2025-12-31,employed,239,31936.36
P043779,2025-12-31,marginal,71,4286.39
P043780,2025-12-31,self_employed,229,9112.7
P043784,2025-12-31,employed,304,25147.29
P043786,2025-12-31,marginal,103,4547.43
P043790,2025-12-31,marginal,105,4210.25
P043793,2025-12-31,employed,269,19235.04
P043798,2025-12-31,employed,336,23011.12
P043799,2025-12-31,marginal,87,7299.76
P043801,2025-12-31,employed,298,34285.66
P043803,2025-12-31,employed,336,52428.06
P043805,2025-12-31,employed,340,26207.43
P043807,2025-12-31,employed,339,37759.81
P043811,2025-12-31,employed,339,39832.35
P043812,2025-12-31,employed,346,39951.28
P043813,2025-12-31,marginal,172,3415.66
P043814,2025-12-31,marginal,57,6563.48
P043818,2025-12-31,employed,300,8175.85
P043819,2025-12-31,employed,290,30964.68
P043828,2025-12-31,employed,353,10038.75
P043830,2025-12-31,employed,286,NA
P043831,2025-12-31,employed,356,30676.8
P043836,2025-12-31,employed,319,23102.46
P043840,2025-12-31,employed,365,26330.13
P043841,2025-12-31,employed,185,40314.01
P043843,2025-12-31,marginal,88,3305.61
P043844,2025-12-31,employed,243,6306.92
P043846,2025-12-31,marginal,142,3520.71
P043848,2025-12-31,employed,311,25887.67
P043852,2025-12-31,employed,298,34078.49
P043854,2025-12-31,no_record,0,0
P043855,2025-12-31,marginal,139,4797.44
P043857,2025-12-31,employed,273,18061.19
P043862,2025-12-31,marginal,115,5511.04
P043863,2025-12-31,marginal,132,3679.71
P043865,2025-12-31,self_employed,203,60967.53
P043868,2025-12-31,employed,356,32957.03
P043869,2025-12-31,self_employed,299,26314.63
P043872,2025-12-31,employed,297,40277.14
P043874,2025-12-31,self_employed,200,69162.64
P043876,2025-12-31,employed,257,33546.58
P043882,2025-12-31,employed,215,26246.37
P043884,2025-12-31,employed,262,18317.99
P043886,2025-12-31,no_record,0,0
P043887,2025-12-31,employed,334,NA
P043888,2025-12-31,employed,304,20977.27
P043891,2025-12-31,no_record,0,0
P043893,2025-12-31,employed,365,NA
P043905,2025-12-31,employed,318,23400.01
P043906,2025-12-31,employed,365,26603.52
P043908,2025-12-31,employed,189,27112.73
P043912,2025-12-31,employed,247,36397.63
P043913,2025-12-31,employed,251,16217.66
P043915,2025-12-31,employed,326,20876.62
P043917,2025-12-31,marginal,114,2770.21
P043921,2025-12-31,employed,365,38571.68
P043923,2025-12-31,marginal,67,4440.36
P043927,2025-12-31,employed,267,47102.61
P043929,2025-12-31,employed,362,21005.06
P043931,2025-12-31,employed,357,27938.5
P043935,2025-12-31,employed,185,20648.3
P043938,2025-12-31,employed,265,31825.05
P043944,2025-12-31,self_employed,338,8581.81
P043949,2025-12-31,employed,305,30041.11
P043951,2025-12-31,marginal,140,5575.04
P043952,2025-12-31,employed,308,29029.92
P043953,2025-12-31,employed,365,24570.6
P043954,2025-12-31,self_employed,248,9520.85
P043959,2025-12-31,marginal,154,6739.79
P043962,2025-12-31,employed,281,45590.64
P043963,2025-12-31,employed,272,28011.53
P043964,2025-12-31,employed,328,11884.06
P043965,2025-12-31,employed,317,16843.3
P043970,2025-12-31,employed,303,28721.15
P043972,2025-12-31,employed,310,52345.84
P043974,2025-12-31,employed,257,13323.34
P043979,2025-12-31,employed,308,76774.8
P043980,2025-12-31,employed,251,43214.59
P043981,2025-12-31,employed,320,34163.92
P043983,2025-12-31,marginal,172,7544.14
P043984,2025-12-31,employed,282,25313.72
P043987,2025-12-31,employed,234,24303.59
P043989,2025-12-31,marginal,13,5251.65
P043990,2025-12-31,employed,235,26132.59
P043993,2025-12-31,no_record,0,0
P043996,2025-12-31,employed,216,22244.47
P043998,2025-12-31,employed,219,32814.46
P044000,2025-12-31,employed,247,33222.6
P044001,2025-12-31,marginal,53,5282.64
P044007,2025-12-31,employed,349,46254.46
P044008,2025-12-31,self_employed,365,25333.47
P044017,2025-12-31,self_employed,365,26133.74
P044018,2025-12-31,employed,180,30915.35
P044019,2025-12-31,employed,261,58138.63
P044022,2025-12-31,employed,303,36250.69
P044027,2025-12-31,employed,365,33379.25
P044029,2025-12-31,employed,279,37340.31
P044033,2025-12-31,employed,264,15847.18
P044036,2025-12-31,employed,299,28402.29
P044037,2025-12-31,employed,223,33821.24
P044042,2025-12-31,employed,319,35385.58
P044043,2025-12-31,employed,264,27330.76
P044046,2025-12-31,self_employed,234,23498.41
P044048,2025-12-31,employed,362,13062.36
P044049,2025-12-31,employed,363,45156.12
P044050,2025-12-31,employed,297,24838
P044051,2025-12-31,employed,223,18234.17
P044052,2025-12-31,employed,228,21700.43
P044055,2025-12-31,marginal,143,7187.89
P044056,2025-12-31,employed,354,25867.48
P044059,2025-12-31,employed,206,29374.31
P044061,2025-12-31,employed,266,43451.19
P044062,2025-12-31,employed,221,37296.73
P044064,2025-12-31,employed,304,21039.13
P044065,2025-12-31,marginal,83,5684.04
P044066,2025-12-31,employed,276,11161.59
P044067,2025-12-31,self_employed,255,34656.46
P044068,2025-12-31,employed,365,34136.61
P044071,2025-12-31,self_employed,279,93703.21
P044073,2025-12-31,employed,259,43811.06
P044074,2025-12-31,employed,359,14847.45
P044075,2025-12-31,employed,131,20720.86
P044079,2025-12-31,marginal,37,5187.31
P044081,2025-12-31,employed,161,10380.67
P044082,2025-12-31,employed,301,30370.6
P044083,2025-12-31,employed,237,12679.81
P044084,2025-12-31,employed,297,30416.04
P044089,2025-12-31,marginal,188,6250.2
P044091,2025-12-31,self_employed,175,14356.92
P044094,2025-12-31,employed,214,16976.14
P044096,2025-12-31,employed,226,37882.32
P044099,2025-12-31,marginal,42,6658.65
P044102,2025-12-31,employed,317,35814.71
P044104,2025-12-31,employed,262,23735.13
P044107,2025-12-31,employed,225,50002.8
P044108,2025-12-31,employed,269,31970.44
P044109,2025-12-31,employed,365,26257.62
P044110,2025-12-31,employed,264,22491.09
P044112,2025-12-31,self_employed,267,25293.69
P044115,2025-12-31,employed,268,41420.19
P044116,2025-12-31,no_record,0,0
P044118,2025-12-31,marginal,142,6102.67
P044119,2025-12-31,employed,226,17550.42
P044122,2025-12-31,marginal,175,5055.77
P044124,2025-12-31,employed,271,14897.11
P044125,2025-12-31,employed,298,36599.54
P044128,2025-12-31,employed,324,5699.06
P044130,2025-12-31,employed,325,23077.93
P044131,2025-12-31,employed,258,64871.86
P044133,2025-12-31,employed,365,28405.77
P044134,2025-12-31,employed,305,16012.07
P044135,2025-12-31,employed,355,29940.36
P044136,2025-12-31,self_employed,321,32443.56
P044144,2025-12-31,self_employed,218,16735.32
P044145,2025-12-31,employed,365,21926.96
P044146,2025-12-31,employed,293,25911.72
P044147,2025-12-31,employed,283,37959.31
P044151,2025-12-31,self_employed,220,63233.39
P044152,2025-12-31,employed,329,18643.29
P044158,2025-12-31,employed,250,23691.02
P044161,2025-12-31,employed,270,15430.57
P044170,2025-12-31,employed,329,31422.43
P044171,2025-12-31,self_employed,359,64385.92
P044172,2025-12-31,employed,365,26962.81
P044173,2025-12-31,employed,321,18464.31
P044178,2025-12-31,employed,297,29295.39
P044180,2025-12-31,employed,303,57732.44
P044181,2025-12-31,employed,365,21454.63
P044183,2025-12-31,no_record,0,0
P044185,2025-12-31,self_employed,338,20738.95
P044187,2025-12-31,employed,183,19898.76
P044188,2025-12-31,employed,321,33070.11
P044189,2025-12-31,employed,310,25097.5
P044190,2025-12-31,employed,328,19280.04
P044191,2025-12-31,employed,322,15326.07
P044193,2025-12-31,no_record,0,0
P044194,2025-12-31,employed,243,19095.77
P044196,2025-12-31,employed,235,41352.44
P044197,2025-12-31,self_employed,229,7972.37
P044201,2025-12-31,employed,365,31487.14
P044204,2025-12-31,employed,315,56803.65
P044205,2025-12-31,employed,279,31376.32
P044209,2025-12-31,self_employed,263,18131.7
P044210,2025-12-31,employed,310,19178.59
P044211,2025-12-31,marginal,138,8150.82
P044219,2025-12-31,employed,290,20023.3
P044221,2025-12-31,employed,314,19438.67
P044223,2025-12-31,employed,245,26856.47
P044225,2025-12-31,employed,261,15217.57
P044226,2025-12-31,marginal,106,3644.92
P044227,2025-12-31,employed,226,16206.43
P044229,2025-12-31,employed,315,34363.04
P044234,2025-12-31,employed,365,15500.55
P044238,2025-12-31,marginal,150,2661.51
P044241,2025-12-31,employed,310,17348.06
P044247,2025-12-31,employed,172,32853.21
P044248,2025-12-31,employed,230,21587.85
P044249,2025-12-31,marginal,139,4465.68
P044253,2025-12-31,employed,262,10599.53
P044254,2025-12-31,self_employed,365,39720.64
P044255,2025-12-31,employed,303,26963.32
P044256,2025-12-31,employed,210,26830.92
P044258,2025-12-31,employed,337,48685.76
P044260,2025-12-31,employed,227,41483.07
P044262,2025-12-31,employed,243,16430.44
P044267,2025-12-31,self_employed,218,20854.11
P044268,2025-12-31,employed,264,27526.3
P044269,2025-12-31,marginal,80,3976.89
P044270,2025-12-31,self_employed,365,99975.3
P044271,2025-12-31,employed,365,44274.94
P044273,2025-12-31,marginal,64,3254.86
P044275,2025-12-31,employed,224,41907.89
P044276,2025-12-31,employed,237,47081.08
P044277,2025-12-31,employed,207,25687.13
P044283,2025-12-31,marginal,89,2843.65
P044290,2025-12-31,employed,338,46438.13
P044291,2025-12-31,self_employed,245,30739.98
P044293,2025-12-31,self_employed,205,42100.54
P044294,2025-12-31,no_record,0,0
P044295,2025-12-31,employed,324,18475.57
P044296,2025-12-31,employed,357,8699.34
P044302,2025-12-31,employed,257,27344.27
P044304,2025-12-31,employed,301,16867.95
P044305,2025-12-31,employed,260,14634.69
P044306,2025-12-31,marginal,113,8848.62
P044310,2025-12-31,employed,365,12938.24
P044312,2025-12-31,employed,285,18833.98
P044315,2025-12-31,employed,253,56456.54
P044318,2025-12-31,employed,194,22678.39
P044321,2025-12-31,employed,303,34480.4
P044325,2025-12-31,employed,331,41345.68
P044326,2025-12-31,employed,345,25883.68
P044331,2025-12-31,employed,261,20727.19
P044336,2025-12-31,marginal,103,3250.23
P044337,2025-12-31,employed,NA,25802.17
P044338,2025-12-31,employed,200,20325.85
P044342,2025-12-31,self_employed,137,13951.84
P044344,2025-12-31,employed,307,34830.31
P044345,2025-12-31,marginal,117,4144.82
P044349,2025-12-31,employed,322,28611.7
P044354,2025-12-31,employed,336,81126.97
P044356,2025-12-31,employed,234,32422.4
P044359,2025-12-31,marginal,58,5831.58
P044362,2025-12-31,employed,229,38774.53
P044365,2025-12-31,employed,365,31485.08
P044367,2025-12-31,employed,246,12687.2
P044370,2025-12-31,employed,180,74000.57
P044371,2025-12-31,employed,263,33418.39
P044373,2025-12-31,employed,273,36747.81
P044377,2025-12-31,employed,306,45370.6
P044378,2025-12-31,employed,242,55165.95
P044381,2025-12-31,marginal,131,2864.09
P044382,2025-12-31,no_record,0,0
P044383,2025-12-31,employed,227,14958.09
P044384,2025-12-31,employed,267,26585.84
P044386,2025-12-31,employed,263,37225.91
P044388,2025-12-31,marginal,119,4274.71
P044399,2025-12-31,employed,300,14841.48
P044401,2025-12-31,no_record,0,0
P044403,2025-12-31,employed,198,22083.95
P044404,2025-12-31,marginal,152,3225.91
P044407,2025-12-31,employed,267,30345.47
P044411,2025-12-31,employed,315,22894.27
P044413,2025-12-31,employed,220,42747.8
P044415,2025-12-31,employed,308,28606.96
P044419,2025-12-31,employed,365,33830.08
P044421,2025-12-31,employed,276,9713.49
P044422,2025-12-31,employed,236,15844.59
P044424,2025-12-31,employed,295,26538.4
P044425,2025-12-31,self_employed,364,19716.38
P044427,2025-12-31,employed,308,11309.5
P044428,2025-12-31,self_employed,233,31825.25
P044437,2025-12-31,employed,355,24635.27
P044440,2025-12-31,marginal,125,6049.82
P044441,2025-12-31,no_record,0,0
P044442,2025-12-31,marginal,173,7199.1
P044444,2025-12-31,employed,276,41488.37
P044445,2025-12-31,employed,328,28759.64
P044446,2025-12-31,marginal,143,5090.38
P044449,2025-12-31,employed,289,33576.12
P044450,2025-12-31,marginal,118,4337.37
P044451,2025-12-31,no_record,0,0
P044452,2025-12-31,employed,232,29607.38
P044454,2025-12-31,employed,280,16435.14
P044455,2025-12-31,self_employed,285,17708.74
P044456,2025-12-31,marginal,81,2712.02
P044457,2025-12-31,employed,287,38162.43
P044460,2025-12-31,marginal,101,3398.02
P044461,2025-12-31,employed,258,14652.51
P044462,2025-12-31,marginal,209,6074.17
P044465,2025-12-31,employed,365,24654.5
P044466,2025-12-31,employed,272,40255.62
P044467,2025-12-31,employed,247,22126.91
P044469,2025-12-31,marginal,104,6570.5
P044471,2025-12-31,employed,189,20617.74
P044473,2025-12-31,employed,302,18892.37
P044474,2025-12-31,employed,319,30786.79
P044477,2025-12-31,employed,365,23214.61
P044478,2025-12-31,employed,361,65628.02
P044479,2025-12-31,employed,262,44559.24
P044481,2025-12-31,employed,332,35876.51
P044489,2025-12-31,employed,344,21452.47
P044493,2025-12-31,employed,158,35566.55
P044497,2025-12-31,employed,259,23479.27
P044499,2025-12-31,marginal,134,4110.18
P044500,2025-12-31,employed,238,48436.83
P044504,2025-12-31,self_employed,267,11206.18
P044505,2025-12-31,employed,365,28013.29
P044507,2025-12-31,self_employed,336,7834.23
P044509,2025-12-31,employed,308,18189.86
P044515,2025-12-31,self_employed,148,41330.28
P044518,2025-12-31,employed,253,28303.25
P044521,2025-12-31,marginal,55,5578.26
P044522,2025-12-31,employed,365,21662.34
P044525,2025-12-31,employed,238,26542.31
P044526,2025-12-31,employed,150,14205.67
P044528,2025-12-31,employed,365,31510.28
P044534,2025-12-31,employed,253,24432.23
P044537,2025-12-31,employed,304,23581.45
P044539,2025-12-31,employed,279,28351.42
P044541,2025-12-31,employed,270,11781.92
P044543,2025-12-31,self_employed,235,8396.99
P044545,2025-12-31,employed,293,22314.13
P044548,2025-12-31,employed,365,31160.54
P044551,2025-12-31,employed,335,33683.67
P044552,2025-12-31,employed,118,38044.22
P044553,2025-12-31,employed,316,27586.97
P044559,2025-12-31,employed,310,22860.36
P044560,2025-12-31,employed,321,38330.05
P044564,2025-12-31,employed,334,41396.92
P044567,2025-12-31,employed,187,41285.44
P044570,2025-12-31,employed,365,42102.85
P044573,2025-12-31,employed,257,45571.09
P044577,2025-12-31,employed,326,24914.62
P044581,2025-12-31,employed,173,17533.74
P044582,2025-12-31,marginal,36,7524.41
P044583,2025-12-31,employed,312,19156.16
P044587,2025-12-31,employed,295,35595.55
P044590,2025-12-31,marginal,93,6501.23
P044592,2025-12-31,employed,323,34387.42
P044594,2025-12-31,employed,249,24579.81
P044595,2025-12-31,self_employed,251,64617.19
P044596,2025-12-31,employed,261,32015
P044597,2025-12-31,employed,150,12761.24
P044600,2025-12-31,employed,283,37143.52
P044602,2025-12-31,employed,261,13972.12
P044603,2025-12-31,employed,339,58665.03
P044606,2025-12-31,employed,266,30103.13
P044611,2025-12-31,employed,347,64368.86
P044612,2025-12-31,self_employed,136,23116.79
P044619,2025-12-31,employed,242,24834.09
P044625,2025-12-31,employed,288,18821.83
P044627,2025-12-31,employed,255,43856.7
P044628,2025-12-31,employed,365,31976.13
P044630,2025-12-31,employed,322,27398.47
P044634,2025-12-31,employed,228,18476.09
P044638,2025-12-31,self_employed,275,10990.17
P044639,2025-12-31,employed,247,25163.7
P044643,2025-12-31,employed,203,17764.62
P044644,2025-12-31,employed,246,45753.97
P044647,2025-12-31,employed,320,30174.77
P044650,2025-12-31,employed,248,64875.5
P044655,2025-12-31,employed,350,21007.11
P044658,2025-12-31,employed,219,56603.74
P044667,2025-12-31,marginal,187,4285.43
P044672,2025-12-31,employed,362,17772.94
P044674,2025-12-31,employed,332,65909.37
P044677,2025-12-31,employed,252,40652.37
P044680,2025-12-31,employed,286,18720.61
P044681,2025-12-31,employed,229,24325.7
P044682,2025-12-31,employed,232,24854.01
P044685,2025-12-31,employed,343,17579.92
P044687,2025-12-31,employed,262,32949.82
P044693,2025-12-31,employed,351,28973.01
P044695,2025-12-31,self_employed,110,14347.26
P044697,2025-12-31,employed,299,27054.23
P044698,2025-12-31,employed,271,58832.17
P044699,2025-12-31,employed,235,21605.42
P044701,2025-12-31,employed,174,28118.64
P044702,2025-12-31,employed,348,14591.96
P044703,2025-12-31,employed,365,52820.49
P044704,2025-12-31,employed,343,47943.76
P044706,2025-12-31,employed,365,22835.68
P044709,2025-12-31,employed,202,14929.44
P044710,2025-12-31,employed,294,24297.59
P044711,2025-12-31,employed,232,18379.09
P044712,2025-12-31,employed,282,36743.93
P044713,2025-12-31,employed,286,15246.06
P044716,2025-12-31,employed,365,33077.55
P044719,2025-12-31,employed,365,47297.35
P044720,2025-12-31,employed,234,59303.86
P044723,2025-12-31,marginal,133,3831.33
P044724,2025-12-31,self_employed,312,10238.81
P044726,2025-12-31,employed,365,22739.01
P044728,2025-12-31,employed,310,25125.28
P044729,2025-12-31,employed,214,27310.07
P044730,2025-12-31,employed,285,38274.88
P044733,2025-12-31,self_employed,30,25213.6
P044734,2025-12-31,employed,245,32571.87
P044736,2025-12-31,employed,299,49682.99
P044737,2025-12-31,employed,241,11425.07
P044738,2025-12-31,employed,365,29054.76
P044744,2025-12-31,employed,264,35416.75
P044750,2025-12-31,employed,253,26157
P044753,2025-12-31,employed,235,19395.64
P044754,2025-12-31,employed,365,28823.76
P044755,2025-12-31,employed,164,33148.93
P044758,2025-12-31,employed,318,19085.6
P044759,2025-12-31,employed,238,NA
P044761,2025-12-31,employed,223,7953.49
P044762,2025-12-31,marginal,144,3624.42
P044766,2025-12-31,employed,365,21141.09
P044768,2025-12-31,employed,365,55076.95
P044769,2025-12-31,employed,186,47552.7
P044774,2025-12-31,employed,365,29771.33
P044775,2025-12-31,employed,251,30592.81
P044780,2025-12-31,employed,226,34414.22
P044781,2025-12-31,employed,345,34790.79
P044785,2025-12-31,employed,268,23803.83
P044786,2025-12-31,employed,364,8420.48
P044789,2025-12-31,employed,365,24362.95
P044790,2025-12-31,marginal,159,3038.42
P044796,2025-12-31,employed,279,12131.15
P044803,2025-12-31,employed,279,44359.29
P044804,2025-12-31,employed,253,46937.89
P044805,2025-12-31,employed,251,85127.43
P044808,2025-12-31,marginal,60,6340.47
P044809,2025-12-31,employed,304,NA
P044810,2025-12-31,employed,229,24595.49
P044812,2025-12-31,employed,230,43211.87
P044813,2025-12-31,employed,312,98770.26
P044820,2025-12-31,employed,304,18114.42
P044821,2025-12-31,employed,365,22386.16
P044823,2025-12-31,employed,289,14551.86
P044824,2025-12-31,employed,248,60542.76
P044827,2025-12-31,employed,340,NA
P044828,2025-12-31,employed,278,40247.13
P044829,2025-12-31,marginal,61,8719.35
P044831,2025-12-31,marginal,83,9764.2
P044834,2025-12-31,employed,363,21604.1
P044835,2025-12-31,employed,289,32032.08
P044836,2025-12-31,employed,315,29454.75
P044837,2025-12-31,employed,365,21022.19
P044838,2025-12-31,employed,250,53340
P044840,2025-12-31,employed,320,33195.56
P044841,2025-12-31,employed,315,33598.2
P044842,2025-12-31,employed,299,24452.47
P044843,2025-12-31,employed,224,42345.62
P044844,2025-12-31,employed,365,19821.55
P044845,2025-12-31,marginal,72,7770.53
P044846,2025-12-31,marginal,138,5883.62
P044847,2025-12-31,marginal,128,4922.96
P044853,2025-12-31,no_record,0,0
P044855,2025-12-31,employed,304,36358.32
P044857,2025-12-31,employed,154,45258.52
P044859,2025-12-31,employed,249,34166.19
P044861,2025-12-31,employed,188,21844.12
P044865,2025-12-31,self_employed,241,28071.83
P044866,2025-12-31,employed,221,51169.61
P044867,2025-12-31,self_employed,174,67442.23
P044874,2025-12-31,employed,317,43369.56
P044875,2025-12-31,marginal,54,4757.24
P044876,2025-12-31,employed,342,40657.91
P044878,2025-12-31,marginal,53,6639.67
P044881,2025-12-31,marginal,76,7416.5
P044883,2025-12-31,employed,343,27431.23
P044884,2025-12-31,self_employed,267,26294.72
P044886,2025-12-31,self_employed,365,37532.67
P044887,2025-12-31,self_employed,234,8915.72
P044888,2025-12-31,employed,270,31146.78
P044889,2025-12-31,employed,278,15769.06
P044890,2025-12-31,employed,349,12660.33
P044892,2025-12-31,employed,203,15042.7
P044893,2025-12-31,employed,257,21068.67
P044894,2025-12-31,employed,254,21300.08
P044895,2025-12-31,employed,307,36278.45
P044897,2025-12-31,self_employed,283,29864.52
P044898,2025-12-31,employed,261,15857.53
P044899,2025-12-31,marginal,93,4628.9
P044901,2025-12-31,employed,269,41703.93
P044903,2025-12-31,employed,365,42399.94
P044904,2025-12-31,employed,315,19172.92
P044905,2025-12-31,employed,253,58988.15
P044907,2025-12-31,employed,236,35078.18
P044908,2025-12-31,employed,281,30435.89
P044909,2025-12-31,employed,313,24023.92
P044910,2025-12-31,employed,226,42762.38
P044914,2025-12-31,no_record,0,0
P044916,2025-12-31,employed,320,38869.93
P044923,2025-12-31,employed,326,16319.62
P044924,2025-12-31,marginal,142,3694.1
P044925,2025-12-31,employed,365,30282.73
P044927,2025-12-31,employed,323,20243.37
P044928,2025-12-31,employed,229,17099.74
P044929,2025-12-31,employed,268,35634.32
P044930,2025-12-31,employed,342,23407.7
P044935,2025-12-31,employed,180,20520.51
P044936,2025-12-31,employed,360,15596.07
P044938,2025-12-31,employed,365,42496.01
P044942,2025-12-31,marginal,123,3529.94
P044944,2025-12-31,employed,283,14503.31
P044945,2025-12-31,employed,365,19039.67
P044946,2025-12-31,employed,309,22641.1
P044948,2025-12-31,employed,277,35068.82
P044953,2025-12-31,employed,209,33742.34
P044957,2025-12-31,marginal,124,5135.09
P044958,2025-12-31,marginal,96,2865.02
P044961,2025-12-31,employed,304,90197.85
P044962,2025-12-31,employed,148,38224.4
P044964,2025-12-31,no_record,0,0
P044966,2025-12-31,employed,290,58824.43
P044968,2025-12-31,employed,232,17011.73
P044969,2025-12-31,marginal,130,3115
P044970,2025-12-31,employed,267,21518.92
P044976,2025-12-31,marginal,71,2731.36
P044977,2025-12-31,marginal,129,2979.77
P044979,2025-12-31,employed,234,27065.05
P044980,2025-12-31,employed,301,26912.96
P044982,2025-12-31,marginal,121,7573.3
P044983,2025-12-31,no_record,0,0
P044984,2025-12-31,employed,322,14775.41
P044986,2025-12-31,employed,346,29761.91
P044987,2025-12-31,marginal,143,4032.1
P044989,2025-12-31,employed,294,35987.01
P044992,2025-12-31,employed,256,25828.1
P044993,2025-12-31,self_employed,304,26385.9
P044994,2025-12-31,employed,361,26813.98
P045002,2025-12-31,employed,365,31103.28
P045005,2025-12-31,employed,336,19582.75
P045006,2025-12-31,employed,334,30454.48
P045011,2025-12-31,employed,228,20122.98
P045012,2025-12-31,employed,328,18629.47
P045013,2025-12-31,employed,203,42046.1
P045015,2025-12-31,employed,286,32932.21
P045018,2025-12-31,employed,213,34135.41
P045019,2025-12-31,employed,347,21971.26
P045021,2025-12-31,employed,254,14601.77
P045023,2025-12-31,employed,277,37008.99
P045027,2025-12-31,employed,245,25212.29
P045029,2025-12-31,marginal,91,3336.71
P045030,2025-12-31,marginal,56,4582.45
P045033,2025-12-31,employed,298,31576.73
P045035,2025-12-31,employed,255,18757.72
P045038,2025-12-31,marginal,116,3411.57
P045039,2025-12-31,self_employed,267,35217.83
P045045,2025-12-31,employed,250,9766.18
P045046,2025-12-31,employed,351,25827.29
P045048,2025-12-31,employed,290,61237.14
P045050,2025-12-31,employed,285,22673.14
P045053,2025-12-31,employed,297,37342.1
P045054,2025-12-31,employed,245,16321.09
P045057,2025-12-31,employed,203,59552.42
P045058,2025-12-31,employed,330,11653.22
P045065,2025-12-31,employed,215,15928.38
P045069,2025-12-31,employed,354,24829.76
P045070,2025-12-31,no_record,0,0
P045072,2025-12-31,employed,182,15946.88
P045073,2025-12-31,employed,283,20304.86
P045074,2025-12-31,self_employed,364,NA
P045075,2025-12-31,employed,356,23843.2
P045076,2025-12-31,employed,365,21587.25
P045077,2025-12-31,employed,322,27307.83
P045080,2025-12-31,self_employed,208,8706.4
P045082,2025-12-31,employed,281,13888.09
P045083,2025-12-31,employed,322,20755.33
P045084,2025-12-31,self_employed,129,62829.5
P045085,2025-12-31,employed,198,27560.03
P045089,2025-12-31,marginal,119,5241.21
P045094,2025-12-31,self_employed,362,36941.62
P045096,2025-12-31,employed,306,30003.81
P045097,2025-12-31,employed,365,13300.55
P045098,2025-12-31,marginal,170,5371.79
P045100,2025-12-31,employed,365,26394.75
P045104,2025-12-31,marginal,88,4434.55
P045107,2025-12-31,employed,260,18245.8
P045111,2025-12-31,marginal,70,4844.3
P045115,2025-12-31,employed,265,11259.48
P045116,2025-12-31,employed,282,37788.85
P045118,2025-12-31,employed,304,17204.95
P045121,2025-12-31,employed,305,28853
P045122,2025-12-31,marginal,NA,4262.19
P045126,2025-12-31,marginal,129,7795.85
P045128,2025-12-31,marginal,122,9140.3
P045129,2025-12-31,employed,317,25938.56
P045132,2025-12-31,employed,197,18909.55
P045133,2025-12-31,employed,352,31357.47
P045134,2025-12-31,employed,197,21444.1
P045136,2025-12-31,employed,335,18832.56
P045140,2025-12-31,employed,273,9205.03
P045142,2025-12-31,marginal,73,3444.87
P045143,2025-12-31,employed,297,14769.69
P045144,2025-12-31,marginal,123,8494.6
P045145,2025-12-31,employed,208,72370.41
P045146,2025-12-31,employed,164,18392.15
P045147,2025-12-31,employed,237,35406.96
P045148,2025-12-31,employed,282,18452.05
P045151,2025-12-31,employed,328,44015.72
P045152,2025-12-31,employed,254,28247.48
P045153,2025-12-31,marginal,94,4636.27
P045155,2025-12-31,employed,191,23777.8
P045159,2025-12-31,employed,307,22448.33
P045160,2025-12-31,marginal,151,7164.14
P045169,2025-12-31,employed,273,12985.76
P045172,2025-12-31,employed,193,19185.07
P045173,2025-12-31,employed,322,25599.87
P045174,2025-12-31,employed,365,38287.6
P045176,2025-12-31,employed,342,26261.97
P045178,2025-12-31,employed,265,57788.71
P045184,2025-12-31,employed,270,64427.32
P045188,2025-12-31,marginal,48,3947.54
P045189,2025-12-31,employed,242,17363.17
P045190,2025-12-31,self_employed,243,26819.08
P045191,2025-12-31,employed,287,25150.62
P045193,2025-12-31,employed,237,29629.27
P045194,2025-12-31,no_record,0,0
P045195,2025-12-31,employed,365,17900.14
P045198,2025-12-31,self_employed,243,16725.37
P045201,2025-12-31,marginal,106,NA
P045203,2025-12-31,marginal,75,4202.33
P045210,2025-12-31,employed,177,20457.71
P045218,2025-12-31,employed,272,18498.97
P045219,2025-12-31,marginal,59,2047.7
P045222,2025-12-31,employed,365,19290.53
P045224,2025-12-31,employed,365,27626.53
P045229,2025-12-31,employed,262,26684.65
P045232,2025-12-31,marginal,82,6247.27
P045234,2025-12-31,marginal,212,5299.34
P045237,2025-12-31,employed,320,36782.18
P045238,2025-12-31,employed,232,14031.18
P045247,2025-12-31,marginal,73,3241.11
P045258,2025-12-31,no_record,0,0
P045259,2025-12-31,self_employed,126,15091.01
P045261,2025-12-31,employed,209,25026.4
P045264,2025-12-31,employed,330,20378.15
P045269,2025-12-31,employed,317,15427.24
P045273,2025-12-31,employed,355,11494.72
P045275,2025-12-31,employed,320,46621.2
P045278,2025-12-31,marginal,117,9740.06
P045284,2025-12-31,employed,330,20944.92
P045285,2025-12-31,employed,271,15495.51
P045286,2025-12-31,employed,266,42359.66
P045294,2025-12-31,employed,362,12894.17
P045297,2025-12-31,self_employed,293,48390.42
P045299,2025-12-31,employed,232,36146.07
P045301,2025-12-31,employed,279,24176.37
P045302,2025-12-31,employed,305,27106.4
P045304,2025-12-31,employed,293,35645.62
P045308,2025-12-31,marginal,169,6688.88
P045309,2025-12-31,employed,260,59485.28
P045317,2025-12-31,employed,252,NA
P045318,2025-12-31,marginal,100,5520.26
P045320,2025-12-31,employed,235,15150.83
P045323,2025-12-31,self_employed,152,8473.59
P045324,2025-12-31,employed,241,24817.9
P045325,2025-12-31,no_record,0,0
P045326,2025-12-31,self_employed,121,29234.77
P045328,2025-12-31,employed,245,37560.79
P045330,2025-12-31,employed,318,46817.08
P045331,2025-12-31,employed,260,31257.73
P045332,2025-12-31,employed,254,26151.42
P045333,2025-12-31,employed,161,19653.3
P045334,2025-12-31,employed,295,35676.9
P045337,2025-12-31,employed,192,23811.08
P045338,2025-12-31,self_employed,365,18080.79
P045341,2025-12-31,employed,365,28196.46
P045342,2025-12-31,employed,266,44961.47
P045347,2025-12-31,employed,365,18087.97
P045354,2025-12-31,employed,266,32783.88
P045355,2025-12-31,employed,340,28958.69
P045358,2025-12-31,employed,296,29827.99
P045363,2025-12-31,employed,339,32176.77
P045366,2025-12-31,marginal,117,3601.67
P045368,2025-12-31,self_employed,344,29821.09
P045374,2025-12-31,employed,328,31434.55
P045375,2025-12-31,employed,365,NA
P045376,2025-12-31,no_record,0,0
P045379,2025-12-31,employed,227,22028.97
P045382,2025-12-31,employed,297,20864.31
P045384,2025-12-31,employed,NA,34946.36
P045386,2025-12-31,employed,365,21314.33
P045390,2025-12-31,marginal,158,9331.93
P045392,2025-12-31,employed,267,30898.18
P045395,2025-12-31,employed,223,44718.45
P045396,2025-12-31,self_employed,254,17627.6
P045401,2025-12-31,employed,234,41417.58
P045403,2025-12-31,employed,302,22347.44
P045407,2025-12-31,employed,365,19908.88
P045409,2025-12-31,employed,306,22031.13
P045413,2025-12-31,employed,328,80109.4
P045414,2025-12-31,employed,297,27381.16
P045415,2025-12-31,employed,292,38294.24
P045420,2025-12-31,employed,306,15666.03
P045422,2025-12-31,self_employed,249,39888.34
P045430,2025-12-31,marginal,131,5761.45
P045432,2025-12-31,employed,217,9830.94
P045434,2025-12-31,self_employed,290,71186.52
P045435,2025-12-31,employed,302,25807.35
P045438,2025-12-31,employed,NA,19781.38
P045440,2025-12-31,marginal,159,3765.5
P045442,2025-12-31,self_employed,255,91606.73
P045444,2025-12-31,self_employed,270,13759.45
P045446,2025-12-31,employed,364,13249.64
P045447,2025-12-31,employed,219,26985.09
P045449,2025-12-31,marginal,162,7745.79
P045450,2025-12-31,marginal,22,5525.55
P045451,2025-12-31,employed,323,39306.63
P045452,2025-12-31,employed,286,21622.57
P045453,2025-12-31,self_employed,307,36653.41
P045454,2025-12-31,employed,272,27023.07
P045455,2025-12-31,employed,260,74995.47
P045457,2025-12-31,employed,270,26338.32
P045459,2025-12-31,employed,365,31140.54
P045460,2025-12-31,marginal,110,7355.56
P045461,2025-12-31,employed,250,47527.5
P045462,2025-12-31,employed,263,24181.3
P045463,2025-12-31,employed,278,19508.4
P045466,2025-12-31,employed,269,32041.61
P045469,2025-12-31,employed,365,23137.73
P045470,2025-12-31,employed,332,9878.45
P045474,2025-12-31,employed,266,30491.09
P045475,2025-12-31,employed,365,17847.8
P045476,2025-12-31,marginal,111,4742.05
P045477,2025-12-31,marginal,58,3545.21
P045484,2025-12-31,employed,235,29786.19
P045487,2025-12-31,employed,289,26359.47
P045488,2025-12-31,employed,249,31016.79
P045492,2025-12-31,employed,286,19874.63
P045493,2025-12-31,employed,305,26295.27
P045495,2025-12-31,employed,282,14972.81
P045496,2025-12-31,employed,256,18323.53
P045497,2025-12-31,employed,326,29227.11
P045498,2025-12-31,employed,249,18404.61
P045501,2025-12-31,employed,262,20596.21
P045502,2025-12-31,employed,323,49468.73
P045503,2025-12-31,employed,365,66698.65
P045504,2025-12-31,self_employed,127,25197.44
P045505,2025-12-31,employed,283,27764.75
P045507,2025-12-31,employed,205,29926.31
P045508,2025-12-31,employed,223,61109.36
P045509,2025-12-31,employed,324,24708.3
P045511,2025-12-31,employed,239,37559.22
P045512,2025-12-31,self_employed,257,28987.64
P045513,2025-12-31,marginal,105,3339.31
P045514,2025-12-31,employed,275,16767.17
P045516,2025-12-31,employed,280,25052.77
P045518,2025-12-31,marginal,115,7617.77
P045521,2025-12-31,employed,335,21332.99
P045524,2025-12-31,no_record,0,0
P045525,2025-12-31,marginal,120,5033.12
P045527,2025-12-31,marginal,137,7723.9
P045528,2025-12-31,employed,265,27538.6
P045530,2025-12-31,no_record,0,0
P045532,2025-12-31,employed,67,11246.32
P045533,2025-12-31,marginal,97,4440.65
P045535,2025-12-31,employed,229,20426.07
P045537,2025-12-31,employed,300,48164.14
P045538,2025-12-31,employed,220,23472.14
P045542,2025-12-31,employed,365,49149.48
P045544,2025-12-31,employed,365,51114.33
P045546,2025-12-31,employed,236,14614.62
P045548,2025-12-31,employed,249,17752.18
P045550,2025-12-31,employed,301,23563.89
P045551,2025-12-31,employed,365,28005.12
P045555,2025-12-31,employed,256,15405.47
P045557,2025-12-31,employed,305,5657.55
P045558,2025-12-31,marginal,150,2418.55
P045562,2025-12-31,self_employed,226,6724.45
P045566,2025-12-31,employed,353,71673.51
P045567,2025-12-31,employed,263,35737.91
P045571,2025-12-31,marginal,156,4112.48
P045574,2025-12-31,employed,253,39935.34
P045575,2025-12-31,self_employed,216,6171.15
P045578,2025-12-31,employed,271,21988.52
P045583,2025-12-31,employed,211,23445.6
P045586,2025-12-31,employed,193,28662.79
P045587,2025-12-31,employed,312,18570.78
P045588,2025-12-31,employed,340,26539.56
P045592,2025-12-31,employed,365,25522.46
P045595,2025-12-31,employed,260,46889.69
P045596,2025-12-31,marginal,168,NA
P045601,2025-12-31,employed,303,33526.3
P045605,2025-12-31,employed,239,35151.14
P045607,2025-12-31,no_record,0,0
P045609,2025-12-31,employed,326,19667.57
P045614,2025-12-31,employed,195,17767.91
P045619,2025-12-31,employed,337,42075.9
P045621,2025-12-31,employed,278,16950.43
P045622,2025-12-31,no_record,0,0
P045628,2025-12-31,employed,285,27066.31
P045629,2025-12-31,employed,302,18562.86
P045632,2025-12-31,self_employed,241,66303.69
P045633,2025-12-31,employed,320,25307.69
P045636,2025-12-31,employed,252,33014.48
P045638,2025-12-31,marginal,61,3441.27
P045640,2025-12-31,employed,202,44405.03
P045643,2025-12-31,employed,365,25804.2
P045644,2025-12-31,employed,327,47842.31
P045645,2025-12-31,employed,190,16750.98
P045647,2025-12-31,self_employed,269,95559.99
P045650,2025-12-31,employed,280,37820.05
P045655,2025-12-31,employed,319,24216.24
P045657,2025-12-31,employed,365,31852.63
P045658,2025-12-31,employed,313,46687.38
P045659,2025-12-31,employed,299,31841.31
P045662,2025-12-31,employed,359,29948.56
P045663,2025-12-31,employed,365,48843.96
P045665,2025-12-31,employed,315,28406.08
P045666,2025-12-31,employed,294,30608.71
P045667,2025-12-31,marginal,58,4012.94
P045668,2025-12-31,employed,194,17248.79
P045670,2025-12-31,employed,258,19717.99
P045675,2025-12-31,employed,302,25321.41
P045677,2025-12-31,employed,186,20166.61
P045679,2025-12-31,employed,260,14833.93
P045680,2025-12-31,employed,301,27816.38
P045682,2025-12-31,employed,226,34178.05
P045687,2025-12-31,employed,270,34957.52
P045689,2025-12-31,marginal,94,4936.28
P045690,2025-12-31,marginal,82,5071.33
P045691,2025-12-31,employed,218,29804.17
P045693,2025-12-31,employed,302,9326.86
P045700,2025-12-31,employed,181,28509.66
P045706,2025-12-31,employed,318,34418.1
P045707,2025-12-31,employed,215,27994.66
P045708,2025-12-31,employed,365,18271.77
P045710,2025-12-31,no_record,0,0
P045714,2025-12-31,employed,304,29869.22
P045716,2025-12-31,employed,365,18539.11
P045718,2025-12-31,employed,365,29539.42
P045719,2025-12-31,employed,264,18702.63
P045720,2025-12-31,employed,259,20298.24
P045723,2025-12-31,no_record,0,0
P045726,2025-12-31,self_employed,169,9056.62
P045729,2025-12-31,employed,326,18157.54
P045730,2025-12-31,employed,279,50808.27
P045731,2025-12-31,employed,236,24307.59
P045733,2025-12-31,marginal,125,8470.52
P045735,2025-12-31,self_employed,271,58470.81
P045736,2025-12-31,employed,173,18053.79
P045739,2025-12-31,employed,332,36420.8
P045741,2025-12-31,employed,282,24690.61
P045742,2025-12-31,marginal,152,2475.84
P045745,2025-12-31,employed,365,26839.94
P045752,2025-12-31,employed,310,29232.2
P045754,2025-12-31,employed,199,11081.17
P045755,2025-12-31,employed,349,15341.45
P045757,2025-12-31,employed,290,48147.5
P045759,2025-12-31,self_employed,352,18812.75
P045767,2025-12-31,employed,255,48652.83
P045768,2025-12-31,marginal,88,6219.78
P045769,2025-12-31,employed,264,30080.82
P045770,2025-12-31,employed,270,17052.47
P045776,2025-12-31,marginal,109,4163.31
P045780,2025-12-31,employed,235,36539.92
P045781,2025-12-31,employed,246,23317.54
P045784,2025-12-31,employed,271,25020.79
P045786,2025-12-31,employed,250,9058.73
P045788,2025-12-31,marginal,61,7776.33
P045792,2025-12-31,employed,315,17404.64
P045794,2025-12-31,employed,300,48725.29
P045796,2025-12-31,employed,264,24127.1
P045797,2025-12-31,employed,233,38989.34
P045800,2025-12-31,employed,293,25470.14
P045805,2025-12-31,employed,303,39759.79
P045806,2025-12-31,employed,272,40121.01
P045810,2025-12-31,employed,266,32931.48
P045812,2025-12-31,employed,355,37072.65
P045819,2025-12-31,employed,279,18005.8
P045822,2025-12-31,employed,163,27923.5
P045826,2025-12-31,employed,265,11209.12
P045828,2025-12-31,employed,308,36461.5
P045829,2025-12-31,employed,263,29696.37
P045832,2025-12-31,employed,319,27592.83
P045838,2025-12-31,employed,365,46772.48
P045839,2025-12-31,employed,324,33170.72
P045840,2025-12-31,employed,126,47657.38
P045841,2025-12-31,employed,208,29188.93
P045846,2025-12-31,employed,321,37468.04
P045850,2025-12-31,employed,365,42117.33
P045851,2025-12-31,employed,184,40869.04
P045852,2025-12-31,employed,250,43676.78
P045855,2025-12-31,self_employed,244,7942.83
P045856,2025-12-31,employed,315,66066.23
P045858,2025-12-31,employed,244,30373.58
P045860,2025-12-31,marginal,128,NA
P045861,2025-12-31,employed,365,29293.38
P045863,2025-12-31,employed,264,18694.21
P045866,2025-12-31,employed,218,18347.34
P045872,2025-12-31,marginal,37,6439.52
P045876,2025-12-31,employed,221,27365.64
P045885,2025-12-31,employed,325,20691.17
P045886,2025-12-31,marginal,84,6677.12
P045887,2025-12-31,employed,335,16881.52
P045889,2025-12-31,employed,235,26018.31
P045892,2025-12-31,employed,289,42981.87
P045893,2025-12-31,employed,306,25560.26
P045895,2025-12-31,employed,246,39472.85
P045896,2025-12-31,self_employed,292,59149.8
P045897,2025-12-31,self_employed,171,48652.4
P045902,2025-12-31,employed,329,41116.22
P045904,2025-12-31,employed,278,28649.92
P045908,2025-12-31,self_employed,128,42456.12
P045909,2025-12-31,employed,324,17980.25
P045910,2025-12-31,employed,136,36340.11
P045913,2025-12-31,employed,345,29307.87
P045916,2025-12-31,employed,365,39812.03
P045922,2025-12-31,employed,191,23133.34
P045928,2025-12-31,no_record,0,0
P045935,2025-12-31,employed,298,14552.55
P045939,2025-12-31,employed,365,26696.73
P045940,2025-12-31,marginal,162,8262.02
P045943,2025-12-31,employed,317,23673.61
P045946,2025-12-31,employed,323,95933.01
P045947,2025-12-31,self_employed,365,25417.43
P045949,2025-12-31,self_employed,301,38093.1
P045953,2025-12-31,employed,221,36134.23
P045954,2025-12-31,employed,284,24136.51
P045959,2025-12-31,employed,321,46827.24
P045960,2025-12-31,employed,228,25034.54
P045961,2025-12-31,employed,349,17686.49
P045964,2025-12-31,employed,260,28581.7
P045965,2025-12-31,employed,232,16196.81
P045966,2025-12-31,employed,293,13219.98
P045975,2025-12-31,employed,365,36144.53
P045977,2025-12-31,employed,331,38000.87
P045981,2025-12-31,employed,316,19243.88
P045983,2025-12-31,self_employed,143,10157.03
P045985,2025-12-31,employed,296,8819.83
P045986,2025-12-31,employed,212,25821.17
P045987,2025-12-31,employed,277,15506.45
P045991,2025-12-31,employed,246,22268.67
P045993,2025-12-31,employed,208,60569.67
P046000,2025-12-31,employed,348,29128.52
P046002,2025-12-31,self_employed,280,60346.55
P046004,2025-12-31,employed,339,25256.55
P046005,2025-12-31,employed,292,80903.85
P046007,2025-12-31,employed,330,11524.47
P046009,2025-12-31,employed,299,33334.27
P046012,2025-12-31,employed,307,21880.89
P046015,2025-12-31,marginal,117,8259.86
P046017,2025-12-31,employed,310,42780.93
P046018,2025-12-31,employed,365,39378.05
P046019,2025-12-31,employed,246,17680.91
P046027,2025-12-31,employed,297,41670.41
P046028,2025-12-31,marginal,95,4482.92
P046029,2025-12-31,employed,263,37487.6
P046032,2025-12-31,marginal,152,5775.33
P046040,2025-12-31,employed,278,21835.07
P046041,2025-12-31,employed,365,35992.51
P046042,2025-12-31,marginal,116,3346.28
P046043,2025-12-31,employed,347,9927.68
P046045,2025-12-31,employed,161,51205.74
P046047,2025-12-31,employed,276,20880.23
P046048,2025-12-31,no_record,0,0
P046049,2025-12-31,employed,298,13710.54
P046053,2025-12-31,self_employed,128,23992.85
P046055,2025-12-31,employed,294,17856.13
P046057,2025-12-31,employed,322,20269.95
P046058,2025-12-31,employed,259,30433.42
P046059,2025-12-31,marginal,93,3781.5
P046061,2025-12-31,self_employed,246,21736.03
P046062,2025-12-31,employed,257,26429.57
P046063,2025-12-31,marginal,89,3127.78
P046067,2025-12-31,employed,365,30373.82
P046068,2025-12-31,employed,267,10689.56
P046072,2025-12-31,employed,340,25226.12
P046073,2025-12-31,employed,291,10036.05
P046074,2025-12-31,marginal,137,8334.22
P046075,2025-12-31,employed,181,NA
P046076,2025-12-31,employed,284,34226.67
P046077,2025-12-31,employed,356,40586.24
P046080,2025-12-31,employed,165,17671.52
P046081,2025-12-31,employed,223,28524.01
P046084,2025-12-31,employed,192,18717.84
P046085,2025-12-31,employed,365,30667.37
P046086,2025-12-31,employed,312,38659.68
P046087,2025-12-31,marginal,107,6273.64
P046089,2025-12-31,employed,230,16270.04
P046093,2025-12-31,employed,264,32882.8
P046094,2025-12-31,employed,278,34286.27
P046097,2025-12-31,employed,354,24602.44
P046100,2025-12-31,employed,252,22506.42
P046101,2025-12-31,marginal,118,3556.44
P046103,2025-12-31,employed,297,38675.55
P046105,2025-12-31,employed,314,79278.17
P046106,2025-12-31,employed,184,20895.51
P046109,2025-12-31,marginal,60,5387.08
P046112,2025-12-31,marginal,51,5668.17
P046113,2025-12-31,employed,245,NA
P046115,2025-12-31,self_employed,319,11488.51
P046116,2025-12-31,employed,365,24752.25
P046118,2025-12-31,employed,356,34812.69
P046119,2025-12-31,employed,323,23341.83
P046120,2025-12-31,employed,254,26195.39
P046121,2025-12-31,employed,251,29677.59
P046122,2025-12-31,employed,297,29872.49
P046124,2025-12-31,marginal,112,3547.01
P046126,2025-12-31,employed,246,12174.97
P046127,2025-12-31,employed,323,39608.88
P046132,2025-12-31,employed,233,24011.66
P046135,2025-12-31,employed,264,17888.98
P046136,2025-12-31,marginal,116,5537.72
P046142,2025-12-31,employed,290,45708.49
P046143,2025-12-31,employed,196,26955.94
P046144,2025-12-31,employed,178,24519.54
P046146,2025-12-31,self_employed,323,18215.2
P046148,2025-12-31,marginal,148,3883.24
P046150,2025-12-31,employed,231,17757.64
P046152,2025-12-31,marginal,79,3972.9
P046153,2025-12-31,employed,365,17266.42
P046155,2025-12-31,employed,314,66144.2
P046159,2025-12-31,employed,270,87950.64
P046162,2025-12-31,employed,237,20473.56
P046163,2025-12-31,employed,300,13518.34
P046166,2025-12-31,employed,246,40361.49
P046168,2025-12-31,employed,256,17446.45
P046171,2025-12-31,employed,305,25918.77
P046172,2025-12-31,employed,365,29909.9
P046173,2025-12-31,marginal,39,6971.39
P046174,2025-12-31,employed,326,34659.63
P046175,2025-12-31,self_employed,257,51131.59
P046176,2025-12-31,marginal,69,5316.53
P046178,2025-12-31,employed,365,10542.69
P046184,2025-12-31,employed,308,60645.83
P046188,2025-12-31,employed,316,12300.4
P046191,2025-12-31,employed,241,42973.58
P046193,2025-12-31,marginal,88,9546.59
P046194,2025-12-31,employed,279,30347.36
P046195,2025-12-31,employed,365,37518.54
P046198,2025-12-31,marginal,149,7103.63
P046199,2025-12-31,employed,355,38811.46
P046201,2025-12-31,self_employed,218,47744.62
P046203,2025-12-31,self_employed,205,19701.54
P046207,2025-12-31,employed,167,11593.02
P046208,2025-12-31,employed,327,11022.24
P046211,2025-12-31,employed,220,55009.45
P046216,2025-12-31,self_employed,82,54492.02
P046219,2025-12-31,marginal,34,3916.19
P046220,2025-12-31,employed,288,15009.96
P046221,2025-12-31,employed,291,20831.75
P046222,2025-12-31,employed,160,91383.6
P046228,2025-12-31,employed,335,19195.9
P046234,2025-12-31,employed,208,34122.39
P046236,2025-12-31,no_record,0,0
P046240,2025-12-31,employed,365,23006.85
P046242,2025-12-31,employed,236,30096.06
P046246,2025-12-31,employed,359,50793.89
P046247,2025-12-31,employed,NA,13525.79
P046250,2025-12-31,marginal,115,8408.6
P046251,2025-12-31,self_employed,249,17692.41
P046253,2025-12-31,employed,185,55177.32
P046257,2025-12-31,employed,316,36782.61
P046264,2025-12-31,employed,214,11936.41
P046265,2025-12-31,employed,267,15065.9
P046267,2025-12-31,employed,289,34257.44
P046269,2025-12-31,employed,300,43093.03
P046271,2025-12-31,employed,271,21498.48
P046272,2025-12-31,employed,365,19085.74
P046273,2025-12-31,employed,331,19776.91
P046274,2025-12-31,employed,284,25859.34
P046277,2025-12-31,employed,365,18743.06
P046278,2025-12-31,employed,205,42902.58
P046280,2025-12-31,employed,196,14625
P046282,2025-12-31,marginal,58,4160.81
P046285,2025-12-31,employed,365,26526.88
P046286,2025-12-31,employed,308,NA
P046289,2025-12-31,no_record,0,0
P046290,2025-12-31,employed,279,25656.55
P046291,2025-12-31,marginal,165,6327.11
P046299,2025-12-31,employed,365,16870.97
P046301,2025-12-31,employed,209,28367.44
P046304,2025-12-31,employed,306,28134.84
P046310,2025-12-31,marginal,56,4682.86
P046314,2025-12-31,employed,279,25583.95
P046317,2025-12-31,employed,311,16374.75
P046319,2025-12-31,employed,365,52206.76
P046320,2025-12-31,employed,303,30759.39
P046321,2025-12-31,marginal,100,2827.7
P046324,2025-12-31,employed,286,22981.37
P046326,2025-12-31,employed,213,31879.5
P046327,2025-12-31,employed,231,41426.27
P046328,2025-12-31,employed,265,24999.15
P046331,2025-12-31,employed,315,23980.28
P046336,2025-12-31,employed,319,50744.02
P046339,2025-12-31,marginal,103,3616.63
P046342,2025-12-31,self_employed,238,29063.67
P046343,2025-12-31,employed,310,34535.57
P046344,2025-12-31,employed,300,51449.81
P046347,2025-12-31,employed,217,16530.55
P046348,2025-12-31,employed,360,27064.96
P046350,2025-12-31,no_record,0,0
P046352,2025-12-31,employed,282,33015.82
P046353,2025-12-31,employed,179,39221.92
P046355,2025-12-31,marginal,117,6136.27
P046357,2025-12-31,marginal,125,4386.54
P046358,2025-12-31,employed,294,18230.27
P046361,2025-12-31,employed,323,15107.31
P046363,2025-12-31,employed,285,27914.66
P046365,2025-12-31,employed,204,27822.46
P046370,2025-12-31,employed,365,25309.04
P046371,2025-12-31,employed,248,16979.54
P046374,2025-12-31,self_employed,283,19050.38
P046375,2025-12-31,employed,336,19781.88
P046376,2025-12-31,employed,288,35765.79
P046377,2025-12-31,employed,365,37640.17
P046384,2025-12-31,employed,154,36823.69
P046385,2025-12-31,employed,246,20233.4
P046386,2025-12-31,employed,327,17728.12
P046387,2025-12-31,employed,345,35810.06
P046388,2025-12-31,employed,320,29851.96
P046389,2025-12-31,self_employed,235,17893.01
P046390,2025-12-31,employed,298,24883.63
P046391,2025-12-31,employed,241,15114.95
P046393,2025-12-31,employed,317,11768.78
P046394,2025-12-31,employed,184,19324.66
P046396,2025-12-31,employed,310,23591.61
P046399,2025-12-31,employed,352,21084.11
P046400,2025-12-31,employed,365,22267.56
P046401,2025-12-31,employed,315,46502.83
P046403,2025-12-31,self_employed,211,18655.69
P046404,2025-12-31,employed,251,35130.75
P046405,2025-12-31,employed,188,39770.74
P046406,2025-12-31,self_employed,179,32309.33
P046407,2025-12-31,employed,289,35910.14
P046408,2025-12-31,employed,365,19190.2
P046411,2025-12-31,employed,302,25517.68
P046417,2025-12-31,employed,332,46469.85
P046418,2025-12-31,employed,365,32664.83
P046420,2025-12-31,employed,206,19081.29
P046426,2025-12-31,employed,297,17966.66
P046431,2025-12-31,employed,282,39982.57
P046434,2025-12-31,employed,365,25387.8
P046437,2025-12-31,self_employed,221,34656.26
P046438,2025-12-31,employed,261,18029.92
P046441,2025-12-31,employed,273,28759.7
P046442,2025-12-31,employed,207,36450.25
P046444,2025-12-31,employed,331,29750.06
P046445,2025-12-31,employed,330,21771.77
P046446,2025-12-31,employed,341,17358.7
P046447,2025-12-31,employed,294,19448.53
P046449,2025-12-31,employed,326,42334.43
P046450,2025-12-31,employed,258,17629.94
P046452,2025-12-31,employed,257,29778.23
P046453,2025-12-31,employed,358,26939.13
P046454,2025-12-31,marginal,108,7798.61
P046455,2025-12-31,employed,236,46732.34
P046457,2025-12-31,employed,210,50213.04
P046458,2025-12-31,employed,350,22137.79
P046460,2025-12-31,self_employed,339,21956.82
P046461,2025-12-31,employed,244,19642.83
P046462,2025-12-31,marginal,35,3264.27
P046464,2025-12-31,employed,365,31766.21
P046466,2025-12-31,self_employed,309,8665.39
P046467,2025-12-31,employed,273,13607.77
P046468,2025-12-31,employed,284,43180.2
P046469,2025-12-31,employed,344,54283.29
P046470,2025-12-31,employed,260,34091.72
P046471,2025-12-31,employed,322,29547.68
P046473,2025-12-31,employed,233,13651.2
P046476,2025-12-31,employed,NA,20717.35
P046477,2025-12-31,employed,365,27172.08
P046478,2025-12-31,employed,309,19200.31
P046479,2025-12-31,employed,215,32030.9
P046484,2025-12-31,employed,256,25067.45
P046489,2025-12-31,self_employed,120,21799.98
P046496,2025-12-31,employed,365,27522.34
P046497,2025-12-31,employed,277,NA
P046505,2025-12-31,marginal,139,1902.18
P046506,2025-12-31,marginal,112,4645.86
P046507,2025-12-31,employed,235,34014.89
P046510,2025-12-31,employed,365,14811.48
P046515,2025-12-31,self_employed,302,17119.09
P046517,2025-12-31,employed,335,27772.42
P046519,2025-12-31,marginal,23,6365.76
P046522,2025-12-31,employed,283,52112.58
P046524,2025-12-31,employed,330,42782.72
P046526,2025-12-31,employed,365,28508.04
P046529,2025-12-31,employed,365,39943.93
P046534,2025-12-31,employed,364,32590.27
P046535,2025-12-31,self_employed,298,19283.9
P046541,2025-12-31,employed,271,17028.85
P046542,2025-12-31,employed,228,12337.5
P046543,2025-12-31,no_record,0,0
P046544,2025-12-31,employed,190,18527.31
P046545,2025-12-31,marginal,66,3799.09
P046551,2025-12-31,employed,333,16046.82
P046552,2025-12-31,employed,365,14107.21
P046553,2025-12-31,employed,289,14825.99
P046555,2025-12-31,employed,321,21217.07
P046558,2025-12-31,employed,281,20771.09
P046561,2025-12-31,employed,320,11500.05
P046562,2025-12-31,employed,251,12078.95
P046570,2025-12-31,employed,237,78675.24
P046572,2025-12-31,employed,333,44127.52
P046576,2025-12-31,employed,334,NA
P046577,2025-12-31,employed,300,67552.09
P046588,2025-12-31,self_employed,155,8347.4
P046590,2025-12-31,employed,263,22250.61
P046593,2025-12-31,employed,365,11114.7
P046594,2025-12-31,self_employed,230,48671.99
P046599,2025-12-31,marginal,70,5876.44
P046600,2025-12-31,employed,285,21804.07
P046605,2025-12-31,employed,209,9770.56
P046606,2025-12-31,employed,311,19008.76
P046608,2025-12-31,employed,289,28816.18
P046611,2025-12-31,employed,319,32217.68
P046612,2025-12-31,employed,328,9298.81
P046614,2025-12-31,self_employed,129,4886.45
P046615,2025-12-31,self_employed,365,59413.3
P046616,2025-12-31,employed,232,30200.77
P046619,2025-12-31,marginal,109,3332.59
P046620,2025-12-31,employed,339,53810.74
P046621,2025-12-31,marginal,206,5865.1
P046623,2025-12-31,employed,365,32797.75
P046629,2025-12-31,employed,NA,14758.71
P046631,2025-12-31,self_employed,365,33102.06
P046634,2025-12-31,employed,240,14961.74
P046635,2025-12-31,employed,365,40218.38
P046638,2025-12-31,employed,365,35031.66
P046640,2025-12-31,employed,347,36537.46
P046641,2025-12-31,employed,216,16608.14
P046644,2025-12-31,employed,270,19977.51
P046645,2025-12-31,employed,266,33083.39
P046647,2025-12-31,employed,271,24595
P046648,2025-12-31,employed,249,36551.85
P046653,2025-12-31,employed,312,39306.45
P046654,2025-12-31,employed,364,35501.11
P046655,2025-12-31,no_record,0,0
P046658,2025-12-31,self_employed,115,86563.28
P046659,2025-12-31,employed,360,42097.84
P046660,2025-12-31,employed,236,24488.82
P046661,2025-12-31,employed,292,25034.77
P046664,2025-12-31,employed,349,45665.58
P046667,2025-12-31,employed,324,28617.29
P046670,2025-12-31,no_record,0,0
P046671,2025-12-31,employed,365,30614.4
P046674,2025-12-31,employed,222,22097.71
P046678,2025-12-31,marginal,89,5777.97
P046679,2025-12-31,employed,149,49408.18
P046680,2025-12-31,employed,221,25631.14
P046681,2025-12-31,employed,225,29621.2
P046683,2025-12-31,employed,173,31619.82
P046684,2025-12-31,marginal,72,5685.76
P046685,2025-12-31,employed,353,27283.31
P046688,2025-12-31,employed,349,20598.98
P046690,2025-12-31,marginal,113,7462.44
P046692,2025-12-31,employed,365,25591.52
P046694,2025-12-31,no_record,0,0
P046695,2025-12-31,employed,311,23752.54
P046696,2025-12-31,employed,283,21332.29
P046699,2025-12-31,employed,358,7703.26
P046701,2025-12-31,self_employed,277,21802.04
P046702,2025-12-31,marginal,39,7466.54
P046703,2025-12-31,employed,254,31712.11
P046705,2025-12-31,employed,282,31907.43
P046706,2025-12-31,employed,199,28310.57
P046707,2025-12-31,self_employed,306,40871.66
P046708,2025-12-31,employed,315,25442.54
P046710,2025-12-31,employed,252,34595.13
P046713,2025-12-31,employed,365,23803.15
P046715,2025-12-31,employed,257,40543.02
P046716,2025-12-31,employed,365,41479.48
P046717,2025-12-31,employed,318,25511.99
P046719,2025-12-31,employed,308,8383.27
P046721,2025-12-31,marginal,164,5888.66
P046725,2025-12-31,employed,348,26905.22
P046726,2025-12-31,employed,185,15005.1
P046727,2025-12-31,marginal,143,3736.91
P046728,2025-12-31,employed,148,23560.19
P046729,2025-12-31,employed,213,36450.03
P046732,2025-12-31,employed,230,60258.52
P046733,2025-12-31,employed,223,16132.31
P046736,2025-12-31,employed,300,25077.2
P046737,2025-12-31,employed,252,22908.83
P046739,2025-12-31,employed,303,25216.23
P046740,2025-12-31,marginal,72,4221.77
P046747,2025-12-31,employed,348,36505.87
P046749,2025-12-31,employed,252,33471.97
P046753,2025-12-31,employed,354,36422.97
P046761,2025-12-31,self_employed,279,26346.65
P046763,2025-12-31,employed,279,31330.01
P046766,2025-12-31,employed,298,28135.46
P046767,2025-12-31,employed,299,31558.25
P046768,2025-12-31,employed,200,42839.62
P046769,2025-12-31,employed,203,31013.71
P046770,2025-12-31,marginal,46,6414.62
P046771,2025-12-31,employed,348,13731.55
P046776,2025-12-31,self_employed,269,19403.7
P046783,2025-12-31,employed,256,29391.71
P046785,2025-12-31,employed,310,25605.15
P046787,2025-12-31,employed,274,49936.88
P046788,2025-12-31,employed,316,24224.78
P046789,2025-12-31,employed,185,14935.9
P046793,2025-12-31,employed,303,28793.54
P046794,2025-12-31,marginal,58,4699.26
P046798,2025-12-31,employed,301,43035.26
P046800,2025-12-31,employed,256,19302.75
P046802,2025-12-31,employed,307,12658.95
P046803,2025-12-31,employed,279,43558.81
P046804,2025-12-31,marginal,115,3211.04
P046805,2025-12-31,self_employed,280,13878
P046806,2025-12-31,employed,269,22858.88
P046807,2025-12-31,employed,190,16836.9
P046809,2025-12-31,employed,210,22298.48
P046813,2025-12-31,employed,203,23240.22
P046817,2025-12-31,employed,285,31638.63
P046818,2025-12-31,employed,269,34235.51
P046819,2025-12-31,marginal,123,4205.66
P046820,2025-12-31,employed,335,32101.56
P046824,2025-12-31,employed,183,50015.17
P046825,2025-12-31,self_employed,228,37920.16
P046829,2025-12-31,employed,341,28504.51
P046830,2025-12-31,marginal,70,5610.46
P046831,2025-12-31,marginal,75,11820.84
P046832,2025-12-31,self_employed,316,17859.08
P046835,2025-12-31,employed,188,13881.29
P046836,2025-12-31,employed,290,31077.09
P046837,2025-12-31,employed,316,53339.36
P046842,2025-12-31,employed,329,12112.83
P046846,2025-12-31,employed,254,19046.49
P046850,2025-12-31,employed,273,23608.22
P046853,2025-12-31,employed,263,26388.47
P046854,2025-12-31,employed,365,27088.84
P046855,2025-12-31,self_employed,257,NA
P046856,2025-12-31,employed,233,18742.51
P046857,2025-12-31,employed,293,38820.12
P046858,2025-12-31,employed,246,22772.58
P046860,2025-12-31,employed,170,15866.34
P046868,2025-12-31,employed,310,25976.31
P046870,2025-12-31,employed,288,37530.89
P046872,2025-12-31,employed,266,23779.56
P046874,2025-12-31,marginal,128,4588.48
P046876,2025-12-31,employed,142,32529.88
P046877,2025-12-31,employed,267,21182.22
P046879,2025-12-31,employed,297,26458.04
P046880,2025-12-31,employed,322,25562.86
P046882,2025-12-31,marginal,63,4208.36
P046888,2025-12-31,employed,325,29884.87
P046889,2025-12-31,employed,265,53430.06
P046890,2025-12-31,employed,288,38219.91
P046891,2025-12-31,employed,330,42860.57
P046896,2025-12-31,marginal,46,3215.84
P046902,2025-12-31,employed,289,50801.79
P046903,2025-12-31,employed,335,31330.05
P046904,2025-12-31,employed,312,19050.75
P046905,2025-12-31,self_employed,203,22193.67
P046908,2025-12-31,employed,261,40053.78
P046912,2025-12-31,employed,221,22492.99
P046913,2025-12-31,marginal,62,3009.5
P046916,2025-12-31,employed,290,48061.68
P046917,2025-12-31,employed,340,26250.4
P046918,2025-12-31,employed,312,NA
P046919,2025-12-31,employed,355,59217.15
P046921,2025-12-31,employed,185,27538.03
P046922,2025-12-31,employed,365,59816.75
P046925,2025-12-31,employed,301,50346.6
P046927,2025-12-31,self_employed,154,20891.13
P046929,2025-12-31,employed,320,23072.64
P046932,2025-12-31,employed,282,22849.3
P046934,2025-12-31,employed,250,36650.32
P046935,2025-12-31,employed,319,22469.01
P046940,2025-12-31,employed,197,16300.78
P046942,2025-12-31,marginal,132,3570.47
P046943,2025-12-31,employed,365,42326.04
P046944,2025-12-31,employed,304,17852.47
P046946,2025-12-31,employed,326,43818.3
P046952,2025-12-31,employed,337,18541.99
P046956,2025-12-31,employed,248,16973.77
P046957,2025-12-31,employed,229,21265.26
P046961,2025-12-31,employed,365,49068.64
P046964,2025-12-31,employed,335,23437.46
P046965,2025-12-31,employed,327,24123.66
P046966,2025-12-31,employed,326,35063.01
P046969,2025-12-31,employed,298,21515.61
P046971,2025-12-31,employed,356,41015.53
P046972,2025-12-31,self_employed,255,46779.74
P046973,2025-12-31,employed,241,19922.98
P046978,2025-12-31,employed,321,44921.48
P046982,2025-12-31,employed,255,56997.47
P046984,2025-12-31,employed,269,21929.77
P046987,2025-12-31,employed,284,18624.84
P046989,2025-12-31,employed,247,37465.27
P046992,2025-12-31,employed,259,22023.41
P046993,2025-12-31,employed,321,41932.51
P046994,2025-12-31,marginal,91,4098.48
P046995,2025-12-31,employed,327,24569.3
P046996,2025-12-31,employed,270,27684.86
P047003,2025-12-31,employed,319,16167.9
P047005,2025-12-31,employed,365,25961.39
P047007,2025-12-31,self_employed,365,18395.7
P047008,2025-12-31,self_employed,143,124163.15
P047009,2025-12-31,self_employed,191,3777.3
P047011,2025-12-31,employed,315,46097.79
P047012,2025-12-31,employed,325,19578.44
P047014,2025-12-31,self_employed,252,19245.42
P047015,2025-12-31,no_record,0,0
P047016,2025-12-31,employed,309,17306.74
P047017,2025-12-31,employed,242,18035.77
P047020,2025-12-31,employed,365,19767.5
P047021,2025-12-31,no_record,0,0
P047022,2025-12-31,marginal,56,3179.53
P047024,2025-12-31,employed,322,13045.29
P047029,2025-12-31,employed,188,29094.61
P047032,2025-12-31,employed,150,42779.49
P047035,2025-12-31,self_employed,201,20124.4
P047036,2025-12-31,employed,278,21626.85
P047037,2025-12-31,self_employed,235,25117.12
P047040,2025-12-31,employed,277,30894.6
P047048,2025-12-31,employed,168,17762.77
P047052,2025-12-31,employed,313,58832.59
P047053,2025-12-31,employed,260,52216.39
P047054,2025-12-31,employed,280,35151.95
P047056,2025-12-31,self_employed,127,21147.89
P047067,2025-12-31,employed,317,33413.08
P047069,2025-12-31,employed,212,22809.12
P047070,2025-12-31,marginal,151,5723.05
P047072,2025-12-31,employed,286,28526.78
P047080,2025-12-31,self_employed,158,13264.95
P047082,2025-12-31,employed,365,28706.89
P047083,2025-12-31,marginal,123,6362.11
P047084,2025-12-31,employed,365,30471.28
P047088,2025-12-31,employed,291,17664.15
P047094,2025-12-31,employed,301,16696.21
P047095,2025-12-31,marginal,84,8412.32
P047096,2025-12-31,self_employed,235,3606.23
P047097,2025-12-31,employed,231,40411.47
P047098,2025-12-31,employed,348,52004.29
P047099,2025-12-31,employed,221,29677.07
P047100,2025-12-31,no_record,0,0
P047101,2025-12-31,no_record,0,0
P047107,2025-12-31,employed,268,55286.33
P047110,2025-12-31,employed,224,37923.19
P047112,2025-12-31,marginal,150,4329.71
P047117,2025-12-31,employed,294,21946.3
P047118,2025-12-31,employed,274,29102.71
P047119,2025-12-31,employed,199,42764.56
P047121,2025-12-31,employed,250,58844.95
P047123,2025-12-31,employed,308,25431.68
P047127,2025-12-31,employed,266,16589.04
P047128,2025-12-31,employed,195,19303.37
P047130,2025-12-31,employed,320,29162.97
P047132,2025-12-31,employed,365,26182.18
P047136,2025-12-31,employed,268,22126.62
P047137,2025-12-31,marginal,163,5932.15
P047138,2025-12-31,employed,264,NA
P047139,2025-12-31,employed,225,31510.3
P047141,2025-12-31,marginal,172,6656.84
P047142,2025-12-31,employed,283,16247.64
P047143,2025-12-31,employed,258,19286.07
P047145,2025-12-31,employed,268,28807.83
P047147,2025-12-31,employed,337,25813.85
P047148,2025-12-31,employed,239,29749.01
P047151,2025-12-31,employed,240,44690.15
P047154,2025-12-31,self_employed,218,60644.95
P047155,2025-12-31,self_employed,315,46305.44
P047156,2025-12-31,employed,213,47376.83
P047157,2025-12-31,self_employed,330,30928.63
P047159,2025-12-31,self_employed,187,22499.52
P047161,2025-12-31,self_employed,260,18981.26
P047166,2025-12-31,employed,346,27746.19
P047167,2025-12-31,employed,322,19094.66
P047168,2025-12-31,employed,279,36463.75
P047170,2025-12-31,employed,356,15967.71
P047175,2025-12-31,marginal,160,2579.77
P047177,2025-12-31,employed,264,16450.93
P047181,2025-12-31,employed,339,19737.51
P047182,2025-12-31,marginal,102,6410.94
P047183,2025-12-31,employed,310,34383.79
P047184,2025-12-31,employed,282,39902.82
P047185,2025-12-31,employed,365,33005.35
P047186,2025-12-31,self_employed,274,24064.94
P047188,2025-12-31,employed,288,24000.5
P047190,2025-12-31,employed,211,10507.65
P047193,2025-12-31,employed,245,26448.8
P047194,2025-12-31,employed,323,55828.59
P047196,2025-12-31,employed,345,17749.1
P047199,2025-12-31,self_employed,183,29227.76
P047200,2025-12-31,employed,269,46272.42
P047206,2025-12-31,marginal,180,5081.6
P047208,2025-12-31,employed,343,30615.44
P047210,2025-12-31,employed,172,18806.68
P047213,2025-12-31,employed,235,33191.28
P047216,2025-12-31,employed,303,22117.18
P047218,2025-12-31,employed,292,29872.54
P047219,2025-12-31,employed,286,36072.63
P047224,2025-12-31,employed,365,22268.27
P047225,2025-12-31,employed,200,18140.76
P047232,2025-12-31,employed,313,39646.79
P047233,2025-12-31,employed,191,8214.24
P047234,2025-12-31,employed,282,18924.73
P047235,2025-12-31,employed,315,38895.59
P047236,2025-12-31,employed,295,45633.53
P047237,2025-12-31,marginal,124,3484.08
P047238,2025-12-31,employed,349,23662.33
P047240,2025-12-31,employed,205,21335.65
P047242,2025-12-31,marginal,72,4263.44
P047244,2025-12-31,marginal,70,6188.58
P047245,2025-12-31,employed,236,NA
P047246,2025-12-31,employed,223,33137.29
P047247,2025-12-31,self_employed,286,24064.03
P047250,2025-12-31,marginal,115,4774.7
P047254,2025-12-31,employed,226,18681.3
P047255,2025-12-31,employed,363,57469.78
P047257,2025-12-31,employed,354,51006.93
P047258,2025-12-31,employed,281,16631.6
P047259,2025-12-31,employed,324,29000.19
P047260,2025-12-31,employed,365,40194.63
P047261,2025-12-31,self_employed,316,14751.86
P047265,2025-12-31,employed,299,14931.71
P047267,2025-12-31,employed,280,15397
P047270,2025-12-31,employed,319,28006.58
P047273,2025-12-31,employed,300,34203.06
P047274,2025-12-31,employed,127,44233.2
P047275,2025-12-31,no_record,0,0
P047276,2025-12-31,self_employed,273,9795.24
P047278,2025-12-31,employed,325,15809.41
P047280,2025-12-31,employed,349,23446.09
P047283,2025-12-31,marginal,126,4200.32
P047284,2025-12-31,employed,299,22875.49
P047285,2025-12-31,employed,310,24813.4
P047288,2025-12-31,employed,266,10329.21
P047290,2025-12-31,marginal,14,5793.22
P047291,2025-12-31,employed,288,34761.34
P047293,2025-12-31,employed,269,18905.06
P047296,2025-12-31,marginal,95,6775.69
P047297,2025-12-31,employed,365,24350.06
P047298,2025-12-31,employed,228,16655.71
P047299,2025-12-31,employed,288,42103.3
P047302,2025-12-31,employed,290,27961.94
P047303,2025-12-31,employed,346,17156.42
P047305,2025-12-31,employed,243,23603.48
P047306,2025-12-31,employed,200,35271.26
P047308,2025-12-31,employed,311,24467.95
P047310,2025-12-31,employed,298,32670.23
P047311,2025-12-31,marginal,162,4420.79
P047313,2025-12-31,employed,270,26503.25
P047315,2025-12-31,no_record,0,0
P047318,2025-12-31,self_employed,300,22776.2
P047322,2025-12-31,self_employed,187,18166.83
P047323,2025-12-31,employed,314,32462.71
P047331,2025-12-31,employed,185,34393.59
P047333,2025-12-31,employed,352,24550.85
P047336,2025-12-31,employed,326,26237.21
P047337,2025-12-31,employed,358,41037.16
P047338,2025-12-31,employed,242,30667.82
P047340,2025-12-31,employed,347,25523.84
P047342,2025-12-31,employed,238,5604.49
P047343,2025-12-31,employed,286,15888.88
P047346,2025-12-31,employed,327,15846.94
P047348,2025-12-31,employed,261,33020.21
P047350,2025-12-31,employed,237,19626.93
P047351,2025-12-31,self_employed,260,42022.77
P047355,2025-12-31,employed,239,27064.6
P047357,2025-12-31,employed,154,14422.45
P047359,2025-12-31,employed,236,31067.76
P047362,2025-12-31,employed,NA,14035.23
P047372,2025-12-31,self_employed,163,33920.47
P047375,2025-12-31,employed,233,22394.08
P047381,2025-12-31,employed,293,11464.16
P047382,2025-12-31,employed,252,29365.63
P047386,2025-12-31,employed,365,29854.72
P047387,2025-12-31,employed,365,22102.92
P047394,2025-12-31,marginal,111,3505.16
P047396,2025-12-31,employed,279,12813.66
P047401,2025-12-31,marginal,132,5176.21
P047402,2025-12-31,employed,286,28690.62
P047403,2025-12-31,employed,298,27041.27
P047407,2025-12-31,employed,365,25567.82
P047408,2025-12-31,employed,299,43901.69
P047411,2025-12-31,employed,289,7554.98
P047412,2025-12-31,employed,279,14938.42
P047414,2025-12-31,employed,365,20930.23
P047417,2025-12-31,no_record,0,0
P047420,2025-12-31,employed,278,17876.84
P047421,2025-12-31,employed,304,11320.16
P047425,2025-12-31,self_employed,336,32911.25
P047429,2025-12-31,employed,224,22150.64
P047430,2025-12-31,employed,193,32151.57
P047432,2025-12-31,employed,276,30673.23
P047433,2025-12-31,marginal,128,5683.21
P047437,2025-12-31,employed,299,15780.3
P047438,2025-12-31,employed,312,17428.09
P047444,2025-12-31,employed,365,17309.11
P047445,2025-12-31,employed,292,19650.07
P047446,2025-12-31,employed,365,26607.19
P047450,2025-12-31,marginal,112,3827.36
P047454,2025-12-31,employed,297,29598.85
P047457,2025-12-31,employed,287,27361.26
P047461,2025-12-31,employed,210,35266.3
P047465,2025-12-31,employed,262,19595.16
P047467,2025-12-31,employed,274,22083.82
P047468,2025-12-31,employed,321,21488.64
P047474,2025-12-31,self_employed,365,26540.99
P047475,2025-12-31,employed,238,57359.79
P047478,2025-12-31,employed,244,31196.53
P047479,2025-12-31,self_employed,365,17085.63
P047482,2025-12-31,employed,185,59085.11
P047485,2025-12-31,employed,311,21855.84
P047487,2025-12-31,employed,359,20261.11
P047488,2025-12-31,employed,115,17952.88
P047493,2025-12-31,employed,242,20909.53
P047495,2025-12-31,employed,253,21641.23
P047497,2025-12-31,marginal,67,7908.29
P047504,2025-12-31,employed,247,17425.42
P047506,2025-12-31,marginal,159,7614.64
P047507,2025-12-31,marginal,153,4495.41
P047509,2025-12-31,employed,312,59698.05
P047511,2025-12-31,self_employed,87,39947.96
P047513,2025-12-31,employed,321,25648.18
P047517,2025-12-31,employed,231,20254.64
P047520,2025-12-31,employed,225,30727.81
P047522,2025-12-31,marginal,85,3717.13
P047523,2025-12-31,employed,365,35585.52
P047525,2025-12-31,employed,365,23156.74
P047528,2025-12-31,marginal,170,5181.72
P047529,2025-12-31,employed,213,21439.43
P047531,2025-12-31,marginal,156,6341.16
P047532,2025-12-31,marginal,60,4020.37
P047533,2025-12-31,employed,324,57299.8
P047539,2025-12-31,employed,288,17565.83
P047540,2025-12-31,self_employed,NA,11789.69
P047541,2025-12-31,employed,306,25658.46
P047545,2025-12-31,employed,NA,20389.7
P047548,2025-12-31,employed,283,61996.47
P047553,2025-12-31,employed,246,26074.87
P047554,2025-12-31,employed,NA,27266.52
P047555,2025-12-31,employed,309,20063.95
P047556,2025-12-31,self_employed,318,19472.52
P047557,2025-12-31,employed,311,8650.68
P047560,2025-12-31,marginal,118,7225.57
P047562,2025-12-31,employed,327,26554.35
P047567,2025-12-31,employed,218,53891.08
P047568,2025-12-31,employed,223,22675.2
P047571,2025-12-31,employed,270,28752.24
P047572,2025-12-31,marginal,139,9165.05
P047577,2025-12-31,employed,250,16283.27
P047578,2025-12-31,self_employed,288,12018.89
P047580,2025-12-31,marginal,99,5981.63
P047581,2025-12-31,employed,315,35610.74
P047582,2025-12-31,employed,223,16999.05
P047584,2025-12-31,employed,268,32705.05
P047586,2025-12-31,marginal,55,3318.93
P047587,2025-12-31,self_employed,164,38039.61
P047592,2025-12-31,employed,221,44038
P047596,2025-12-31,employed,222,16628.63
P047597,2025-12-31,marginal,51,9492.19
P047599,2025-12-31,employed,233,31445.93
P047602,2025-12-31,employed,345,23587.98
P047603,2025-12-31,employed,322,24214.27
P047606,2025-12-31,employed,238,38589.05
P047609,2025-12-31,employed,266,15358.16
P047611,2025-12-31,marginal,161,7859.37
P047612,2025-12-31,employed,278,25729.59
P047617,2025-12-31,employed,355,13489.57
P047618,2025-12-31,self_employed,206,89069.28
P047620,2025-12-31,marginal,91,4601.08
P047621,2025-12-31,employed,263,20553.74
P047626,2025-12-31,self_employed,241,39466.43
P047627,2025-12-31,employed,259,11781.19
P047628,2025-12-31,no_record,0,0
P047633,2025-12-31,marginal,154,2737.8
P047635,2025-12-31,employed,214,49142.03
P047636,2025-12-31,self_employed,365,13941.31
P047637,2025-12-31,employed,222,29124.21
P047638,2025-12-31,employed,365,26336.89
P047646,2025-12-31,employed,196,21554.84
P047647,2025-12-31,marginal,51,5862.87
P047648,2025-12-31,employed,326,19169.75
P047649,2025-12-31,employed,244,28240.92
P047654,2025-12-31,employed,347,42126.92
P047655,2025-12-31,self_employed,264,16544.21
P047656,2025-12-31,employed,355,25606.04
P047658,2025-12-31,employed,257,24110.12
P047660,2025-12-31,employed,217,33250.77
P047661,2025-12-31,employed,355,112224.89
P047662,2025-12-31,self_employed,214,91853.38
P047665,2025-12-31,marginal,80,8719.19
P047667,2025-12-31,employed,347,17144.4
P047670,2025-12-31,employed,240,32018.28
P047673,2025-12-31,employed,304,15886.64
P047675,2025-12-31,employed,274,18871.23
P047678,2025-12-31,employed,358,12553.66
P047681,2025-12-31,no_record,0,0
P047683,2025-12-31,marginal,27,3228.76
P047685,2025-12-31,employed,236,14778.36
P047689,2025-12-31,employed,365,27745.7
P047692,2025-12-31,employed,318,21782.09
P047695,2025-12-31,employed,253,46465.36
P047699,2025-12-31,marginal,117,3775.96
P047700,2025-12-31,marginal,120,2855.06
P047701,2025-12-31,employed,169,31889.33
P047703,2025-12-31,employed,338,28969.19
P047706,2025-12-31,employed,351,18744.64
P047710,2025-12-31,employed,346,32872.66
P047711,2025-12-31,marginal,161,5730.81
P047714,2025-12-31,marginal,141,2528.11
P047717,2025-12-31,employed,290,10212.01
P047718,2025-12-31,employed,303,53551.82
P047721,2025-12-31,no_record,0,0
P047722,2025-12-31,employed,302,NA
P047724,2025-12-31,employed,275,50911.66
P047725,2025-12-31,employed,329,37363.52
P047726,2025-12-31,employed,304,12237.5
P047728,2025-12-31,marginal,125,10549.02
P047729,2025-12-31,employed,185,46362.95
P047730,2025-12-31,employed,158,8202.68
P047732,2025-12-31,self_employed,219,34937.07
P047735,2025-12-31,employed,259,31958.64
P047737,2025-12-31,employed,281,25269.23
P047738,2025-12-31,employed,321,15602.21
P047739,2025-12-31,employed,250,74327.17
P047740,2025-12-31,employed,214,27659.84
P047741,2025-12-31,marginal,89,4286.52
P047747,2025-12-31,self_employed,290,7472.98
P047749,2025-12-31,employed,300,19226.06
P047752,2025-12-31,employed,313,27986.17
P047753,2025-12-31,employed,164,17958.34
P047754,2025-12-31,employed,222,13377.72
P047755,2025-12-31,employed,196,46192.28
P047756,2025-12-31,self_employed,260,14388.77
P047763,2025-12-31,self_employed,234,23931.94
P047764,2025-12-31,marginal,144,3953.19
P047766,2025-12-31,employed,315,37213.19
P047767,2025-12-31,employed,349,51110.87
P047768,2025-12-31,employed,279,27613.43
P047769,2025-12-31,no_record,0,0
P047770,2025-12-31,employed,326,15141.78
P047771,2025-12-31,employed,365,20375.64
P047772,2025-12-31,marginal,16,3077.02
P047774,2025-12-31,no_record,0,0
P047776,2025-12-31,marginal,84,5900.59
P047778,2025-12-31,self_employed,226,21471.35
P047779,2025-12-31,employed,308,31038.64
P047782,2025-12-31,employed,226,11174.88
P047783,2025-12-31,employed,298,16809.48
P047784,2025-12-31,employed,264,14524.6
P047787,2025-12-31,marginal,97,2984.73
P047791,2025-12-31,employed,244,9416.39
P047792,2025-12-31,employed,253,38039.78
P047795,2025-12-31,employed,304,16634.48
P047796,2025-12-31,employed,173,42686.57
P047799,2025-12-31,employed,320,22154.95
P047800,2025-12-31,self_employed,107,19196.8
P047802,2025-12-31,employed,255,39573.91
P047813,2025-12-31,employed,150,46678.8
P047815,2025-12-31,employed,235,62895.59
P047819,2025-12-31,employed,225,30055.33
P047820,2025-12-31,employed,338,38796.43
P047821,2025-12-31,employed,249,39951.15
P047822,2025-12-31,employed,239,20089.56
P047826,2025-12-31,employed,258,15343.6
P047827,2025-12-31,employed,365,24530.55
P047828,2025-12-31,employed,228,14698.06
P047831,2025-12-31,employed,NA,24071.28
P047832,2025-12-31,employed,347,19306.58
P047833,2025-12-31,employed,300,37543.59
P047834,2025-12-31,employed,147,22147.68
P047836,2025-12-31,employed,198,41259.37
P047837,2025-12-31,employed,349,39141.94
P047838,2025-12-31,employed,279,27242.28
P047844,2025-12-31,marginal,85,4015.19
P047847,2025-12-31,employed,181,14618.35
P047850,2025-12-31,employed,225,17317.14
P047853,2025-12-31,marginal,47,4997.21
P047859,2025-12-31,employed,271,22858.95
P047860,2025-12-31,employed,282,27120.11
P047867,2025-12-31,employed,324,NA
P047872,2025-12-31,employed,365,23261.81
P047883,2025-12-31,employed,269,23974.88
P047885,2025-12-31,employed,313,35913.58
P047887,2025-12-31,employed,365,12925.75
P047892,2025-12-31,employed,276,41007.9
P047897,2025-12-31,employed,308,63773.41
P047898,2025-12-31,self_employed,131,56003.23
P047899,2025-12-31,employed,316,22288.29
P047900,2025-12-31,self_employed,331,35198.49
P047902,2025-12-31,employed,294,33222.14
P047903,2025-12-31,self_employed,264,18910.66
P047904,2025-12-31,marginal,77,5058.61
P047906,2025-12-31,employed,274,28885.42
P047907,2025-12-31,employed,280,20930.1
P047911,2025-12-31,no_record,0,0
P047914,2025-12-31,employed,365,38544.13
P047916,2025-12-31,employed,339,NA
P047917,2025-12-31,employed,365,20807.25
P047918,2025-12-31,employed,301,28227.02
P047919,2025-12-31,employed,279,34969.4
P047922,2025-12-31,self_employed,310,45601.19
P047925,2025-12-31,employed,255,39961.76
P047932,2025-12-31,employed,238,32015.64
P047940,2025-12-31,self_employed,308,10260.49
P047942,2025-12-31,self_employed,151,56965.56
P047943,2025-12-31,employed,229,23791.88
P047944,2025-12-31,employed,365,20660.37
P047946,2025-12-31,self_employed,321,28422.29
P047948,2025-12-31,employed,337,18807.76
P047950,2025-12-31,employed,322,28079.52
P047955,2025-12-31,employed,268,17302.71
P047956,2025-12-31,employed,279,25160.47
P047957,2025-12-31,employed,342,15665.01
P047958,2025-12-31,self_employed,272,22627.57
P047959,2025-12-31,employed,348,17141.3
P047962,2025-12-31,self_employed,184,171677.93
P047963,2025-12-31,marginal,53,4158.23
P047964,2025-12-31,employed,227,43518.61
P047965,2025-12-31,marginal,57,2628.32
P047966,2025-12-31,employed,324,26777.21
P047967,2025-12-31,employed,281,31984.12
P047968,2025-12-31,marginal,142,4579.54
P047971,2025-12-31,employed,365,34508.2
P047974,2025-12-31,employed,218,37307.81
P047976,2025-12-31,employed,285,36289.34
P047977,2025-12-31,employed,320,17752.56
P047980,2025-12-31,employed,253,33226.46
P047983,2025-12-31,employed,284,22403.1
P047984,2025-12-31,employed,252,36269.05
P047989,2025-12-31,employed,346,16849.85
P047991,2025-12-31,employed,324,23789.22
P047992,2025-12-31,marginal,114,3322.6
P047993,2025-12-31,employed,269,24202.51
P047994,2025-12-31,employed,174,21041.53
P047996,2025-12-31,employed,334,21699.07
P047997,2025-12-31,employed,241,29839.56
P047998,2025-12-31,employed,200,51074.28
P048000,2025-12-31,employed,276,80870.09
P048001,2025-12-31,marginal,98,3554.28
P048002,2025-12-31,employed,365,24407.14
P048004,2025-12-31,employed,268,34182.91
P048005,2025-12-31,employed,342,28453.31
P048006,2025-12-31,employed,329,17758.79
P048008,2025-12-31,employed,243,32518.7
P048009,2025-12-31,employed,264,52373.13
P048011,2025-12-31,employed,275,12330.04
P048015,2025-12-31,no_record,0,0
P048017,2025-12-31,employed,262,31923.6
P048018,2025-12-31,self_employed,151,57228.32
P048019,2025-12-31,marginal,208,5289.13
P048020,2025-12-31,employed,279,28957.61
P048021,2025-12-31,employed,183,43517.56
P048024,2025-12-31,marginal,101,4611.31
P048027,2025-12-31,marginal,156,4923.53
P048028,2025-12-31,employed,276,22326.7
P048029,2025-12-31,employed,188,20458.68
P048034,2025-12-31,employed,364,31782.75
P048036,2025-12-31,no_record,0,0
P048037,2025-12-31,employed,245,14690.97
P048038,2025-12-31,employed,261,81868.77
P048039,2025-12-31,employed,222,30372.14
P048040,2025-12-31,self_employed,179,65010.08
P048041,2025-12-31,employed,299,25553.36
P048043,2025-12-31,employed,179,33453.7
P048053,2025-12-31,no_record,0,0
P048062,2025-12-31,employed,230,15617.72
P048064,2025-12-31,employed,330,22846.44
P048065,2025-12-31,employed,210,12936.36
P048070,2025-12-31,marginal,122,5980.48
P048073,2025-12-31,employed,199,25398.96
P048074,2025-12-31,employed,353,49176.75
P048075,2025-12-31,marginal,56,3616.32
P048077,2025-12-31,employed,247,19883.54
P048079,2025-12-31,employed,192,38103.55
P048081,2025-12-31,marginal,85,4657.97
P048082,2025-12-31,employed,178,20928.08
P048084,2025-12-31,employed,208,42175.32
P048086,2025-12-31,employed,257,81642.92
P048088,2025-12-31,employed,312,37090.3
P048090,2025-12-31,employed,365,41878.9
P048091,2025-12-31,employed,297,22237.83
P048093,2025-12-31,employed,365,23167.13
P048094,2025-12-31,employed,324,34936.84
P048096,2025-12-31,employed,293,37874.64
P048102,2025-12-31,self_employed,310,19331.06
P048103,2025-12-31,employed,326,55168.05
P048109,2025-12-31,employed,319,44872.84
P048111,2025-12-31,employed,357,15819.69
P048113,2025-12-31,employed,286,25710.18
P048116,2025-12-31,employed,350,49534.13
P048119,2025-12-31,employed,365,20870.97
P048123,2025-12-31,employed,250,18810.56
P048131,2025-12-31,employed,365,22305.78
P048134,2025-12-31,employed,254,39875.19
P048135,2025-12-31,employed,365,44238.88
P048137,2025-12-31,employed,203,21776.63
P048139,2025-12-31,employed,365,19133.66
P048141,2025-12-31,employed,365,47247.71
P048144,2025-12-31,marginal,136,5529.25
P048145,2025-12-31,marginal,105,3927.98
P048146,2025-12-31,self_employed,88,48256.67
P048147,2025-12-31,self_employed,345,27076.8
P048153,2025-12-31,employed,280,61122.75
P048154,2025-12-31,marginal,101,4032.62
P048155,2025-12-31,employed,273,19370.02
P048156,2025-12-31,employed,365,24085.6
P048159,2025-12-31,employed,320,45043.34
P048160,2025-12-31,employed,273,46133.26
P048162,2025-12-31,employed,365,22688.31
P048163,2025-12-31,employed,205,26078.35
P048164,2025-12-31,employed,299,9261.43
P048165,2025-12-31,employed,305,26292.39
P048167,2025-12-31,employed,262,20055.42
P048168,2025-12-31,employed,280,24308.92
P048169,2025-12-31,marginal,102,NA
P048171,2025-12-31,employed,307,24191.15
P048172,2025-12-31,no_record,0,0
P048174,2025-12-31,employed,257,22543.87
P048175,2025-12-31,marginal,43,4402.47
P048179,2025-12-31,employed,365,25865.17
P048180,2025-12-31,employed,292,46064.67
P048181,2025-12-31,employed,305,47196.1
P048183,2025-12-31,employed,297,32833.24
P048186,2025-12-31,employed,208,38390.63
P048187,2025-12-31,employed,305,36171.95
P048188,2025-12-31,marginal,132,4650.33
P048193,2025-12-31,employed,251,16630.72
P048205,2025-12-31,employed,275,55947.08
P048206,2025-12-31,employed,290,38881.22
P048208,2025-12-31,marginal,98,4886.94
P048209,2025-12-31,employed,359,20759.79
P048210,2025-12-31,marginal,93,6406.09
P048212,2025-12-31,employed,365,12392.17
P048214,2025-12-31,employed,347,42026.86
P048217,2025-12-31,employed,252,13735.22
P048219,2025-12-31,employed,365,30809.84
P048220,2025-12-31,employed,335,20801.61
P048221,2025-12-31,employed,336,28195.32
P048222,2025-12-31,marginal,143,5158.77
P048229,2025-12-31,employed,188,19915.32
P048230,2025-12-31,employed,351,16668.65
P048232,2025-12-31,employed,333,19113.12
P048234,2025-12-31,self_employed,327,8036.01
P048235,2025-12-31,employed,296,8997.39
P048240,2025-12-31,employed,258,27224.79
P048243,2025-12-31,employed,335,19371.3
P048246,2025-12-31,no_record,0,0
P048252,2025-12-31,employed,180,33411.92
P048254,2025-12-31,employed,333,13959.89
P048258,2025-12-31,employed,287,20188.08
P048261,2025-12-31,employed,324,57511.08
P048262,2025-12-31,marginal,55,5319.29
P048263,2025-12-31,employed,355,33096.54
P048267,2025-12-31,employed,294,91609.65
P048269,2025-12-31,employed,354,32483.91
P048270,2025-12-31,employed,157,31345.15
P048274,2025-12-31,employed,193,39834.75
P048275,2025-12-31,self_employed,310,14190.8
P048276,2025-12-31,employed,276,39819.76
P048278,2025-12-31,employed,300,18244.61
P048280,2025-12-31,employed,343,23017.22
P048281,2025-12-31,employed,365,23041.81
P048283,2025-12-31,employed,176,21172.76
P048288,2025-12-31,employed,305,41997.04
P048289,2025-12-31,self_employed,336,25195.84
P048290,2025-12-31,employed,205,21110.85
P048292,2025-12-31,employed,229,29791.59
P048295,2025-12-31,marginal,134,3438.85
P048296,2025-12-31,employed,357,48137.32
P048298,2025-12-31,employed,268,10112.33
P048299,2025-12-31,employed,283,19288.73
P048300,2025-12-31,self_employed,342,14874.87
P048301,2025-12-31,employed,223,40065.7
P048304,2025-12-31,employed,329,33481.28
P048305,2025-12-31,employed,259,24950.96
P048307,2025-12-31,marginal,132,2815.17
P048308,2025-12-31,employed,273,25067.71
P048311,2025-12-31,self_employed,NA,23531.82
P048313,2025-12-31,employed,365,30744.14
P048314,2025-12-31,employed,298,20063.03
P048318,2025-12-31,employed,305,28494.1
P048319,2025-12-31,employed,221,21802.98
P048320,2025-12-31,employed,213,27862.29
P048322,2025-12-31,employed,280,21219.13
P048323,2025-12-31,marginal,143,4950.69
P048329,2025-12-31,employed,357,38784.93
P048332,2025-12-31,employed,242,18884.95
P048334,2025-12-31,employed,290,15790.03
P048337,2025-12-31,employed,318,32260.6
P048339,2025-12-31,marginal,129,2127.92
P048343,2025-12-31,employed,239,28726.41
P048347,2025-12-31,employed,182,14592.81
P048349,2025-12-31,employed,199,35749.83
P048351,2025-12-31,employed,332,62491.42
P048355,2025-12-31,employed,291,24500.31
P048359,2025-12-31,employed,258,28705.46
P048362,2025-12-31,employed,303,16290.7
P048363,2025-12-31,self_employed,190,85327.43
P048364,2025-12-31,employed,323,69670.44
P048365,2025-12-31,self_employed,237,29326.7
P048366,2025-12-31,employed,268,18685.34
P048367,2025-12-31,employed,250,24974.92
P048368,2025-12-31,employed,365,20189.07
P048369,2025-12-31,employed,365,15549.94
P048370,2025-12-31,employed,354,19064.65
P048371,2025-12-31,employed,215,14097.01
P048375,2025-12-31,employed,344,15166.02
P048378,2025-12-31,marginal,105,4231.82
P048380,2025-12-31,marginal,87,4906.99
P048382,2025-12-31,employed,327,27525.4
P048383,2025-12-31,self_employed,348,60378.16
P048384,2025-12-31,employed,294,32651.34
P048386,2025-12-31,employed,357,23904.03
P048388,2025-12-31,employed,274,13243.73
P048394,2025-12-31,self_employed,138,17645.56
P048396,2025-12-31,employed,365,77047.28
P048397,2025-12-31,employed,308,15164.48
P048399,2025-12-31,employed,241,23451.19
P048404,2025-12-31,employed,258,14636.5
P048408,2025-12-31,employed,180,29732.89
P048413,2025-12-31,employed,286,22482.62
P048415,2025-12-31,employed,264,44540.44
P048417,2025-12-31,marginal,60,4699.17
P048418,2025-12-31,employed,257,13372.1
P048419,2025-12-31,employed,266,15923.45
P048421,2025-12-31,employed,257,29584.53
P048423,2025-12-31,employed,254,63497.07
P048424,2025-12-31,employed,270,41301.37
P048425,2025-12-31,employed,271,17528.76
P048426,2025-12-31,employed,365,26151.2
P048428,2025-12-31,employed,320,30200.4
P048429,2025-12-31,employed,226,31896.11
P048434,2025-12-31,employed,240,16778.87
P048440,2025-12-31,employed,272,23034.88
P048445,2025-12-31,employed,301,21628.95
P048446,2025-12-31,marginal,167,3883.02
P048448,2025-12-31,employed,342,33286.77
P048449,2025-12-31,employed,255,28304.44
P048451,2025-12-31,employed,160,29658.9
P048452,2025-12-31,employed,337,25421.46
P048454,2025-12-31,employed,296,16995.92
P048455,2025-12-31,employed,359,22548.7
P048461,2025-12-31,employed,280,29838.95
P048464,2025-12-31,employed,264,45962.05
P048466,2025-12-31,self_employed,112,14172.24
P048467,2025-12-31,employed,311,38001.63
P048468,2025-12-31,employed,339,23630.2
P048469,2025-12-31,employed,356,20093.9
P048471,2025-12-31,marginal,137,3255.69
P048474,2025-12-31,employed,277,64891.86
P048477,2025-12-31,employed,225,11563.27
P048480,2025-12-31,employed,188,21245.56
P048481,2025-12-31,employed,337,9791.75
P048482,2025-12-31,self_employed,365,6290.18
P048483,2025-12-31,no_record,0,0
P048488,2025-12-31,employed,365,33216.62
P048489,2025-12-31,employed,288,43518.77
P048490,2025-12-31,employed,NA,30789.74
P048492,2025-12-31,employed,181,26743.18
P048493,2025-12-31,employed,261,18371.16
P048494,2025-12-31,employed,215,33445.69
P048496,2025-12-31,self_employed,61,23822.37
P048498,2025-12-31,employed,168,20684.98
P048500,2025-12-31,employed,291,27903.55
P048502,2025-12-31,employed,286,11907.44
P048504,2025-12-31,employed,211,29068.32
P048505,2025-12-31,employed,293,23983.82
P048508,2025-12-31,marginal,142,6373.65
P048510,2025-12-31,employed,365,24170.3
P048511,2025-12-31,employed,290,26877.97
P048512,2025-12-31,employed,214,36815.18
P048513,2025-12-31,employed,365,40011.8
P048515,2025-12-31,employed,294,47857.52
P048516,2025-12-31,employed,238,45323.93
P048517,2025-12-31,employed,204,37080.12
P048518,2025-12-31,employed,307,31862.24
P048519,2025-12-31,employed,259,23402.1
P048520,2025-12-31,employed,247,18877.42
P048523,2025-12-31,employed,361,44755.64
P048526,2025-12-31,employed,286,26209.28
P048529,2025-12-31,employed,257,25838.61
P048530,2025-12-31,marginal,140,3104.76
P048531,2025-12-31,employed,258,32269.61
P048536,2025-12-31,self_employed,190,6312.41
P048538,2025-12-31,employed,311,13536.92
P048539,2025-12-31,employed,298,34788.87
P048541,2025-12-31,self_employed,196,19516.72
P048544,2025-12-31,self_employed,347,47284.4
P048546,2025-12-31,employed,342,51474.17
P048549,2025-12-31,marginal,65,6655.27
P048552,2025-12-31,employed,204,16856.7
P048555,2025-12-31,employed,278,49833.65
P048558,2025-12-31,marginal,74,5232
P048560,2025-12-31,employed,300,17013.6
P048562,2025-12-31,employed,313,37436.11
P048563,2025-12-31,employed,344,37517.84
P048566,2025-12-31,employed,NA,24242.03
P048568,2025-12-31,marginal,71,4324.64
P048569,2025-12-31,employed,287,29590.94
P048576,2025-12-31,employed,352,24958.04
P048577,2025-12-31,employed,355,45310.94
P048579,2025-12-31,employed,365,29166.95
P048580,2025-12-31,employed,253,30696.32
P048581,2025-12-31,employed,304,30678.47
P048582,2025-12-31,employed,180,26910.54
P048587,2025-12-31,employed,335,15264.12
P048588,2025-12-31,employed,335,24667.7
P048591,2025-12-31,employed,297,23487.15
P048593,2025-12-31,marginal,100,6534.08
P048594,2025-12-31,self_employed,184,43063.73
P048595,2025-12-31,marginal,185,6087.27
P048598,2025-12-31,marginal,143,6294.62
P048599,2025-12-31,employed,129,24607.57
P048603,2025-12-31,employed,174,40797.45
P048604,2025-12-31,employed,320,42051.57
P048605,2025-12-31,employed,237,41010
P048607,2025-12-31,employed,285,12987.67
P048609,2025-12-31,employed,360,47735.26
P048610,2025-12-31,employed,205,29755.62
P048612,2025-12-31,employed,295,16736.78
P048614,2025-12-31,self_employed,265,25143.13
P048617,2025-12-31,self_employed,339,6481.82
P048621,2025-12-31,employed,365,38029.66
P048622,2025-12-31,employed,272,7771.93
P048627,2025-12-31,employed,342,43908.02
P048628,2025-12-31,employed,248,33401.53
P048629,2025-12-31,employed,247,39392.14
P048630,2025-12-31,employed,233,16513.47
P048633,2025-12-31,employed,351,30886.41
P048636,2025-12-31,self_employed,218,21240.53
P048637,2025-12-31,employed,326,30014.65
P048638,2025-12-31,employed,255,16366.14
P048639,2025-12-31,marginal,33,5284.25
P048640,2025-12-31,employed,302,23968.9
P048641,2025-12-31,self_employed,256,20489.33
P048642,2025-12-31,marginal,94,4593.34
P048644,2025-12-31,no_record,0,0
P048647,2025-12-31,self_employed,274,18847.53
P048648,2025-12-31,marginal,125,6761.35
P048653,2025-12-31,marginal,139,2616.23
P048656,2025-12-31,employed,365,19203.81
P048657,2025-12-31,employed,340,18461.75
P048660,2025-12-31,employed,331,30147.71
P048661,2025-12-31,employed,276,29250.2
P048663,2025-12-31,employed,233,19901.82
P048664,2025-12-31,employed,279,78772.55
P048667,2025-12-31,employed,285,65751.38
P048668,2025-12-31,employed,278,12037.62
P048669,2025-12-31,employed,251,19697.6
P048670,2025-12-31,employed,248,32189.51
P048677,2025-12-31,employed,233,34991.43
P048679,2025-12-31,self_employed,214,61817.84
P048682,2025-12-31,employed,261,23002.09
P048686,2025-12-31,employed,285,31562.97
P048689,2025-12-31,employed,263,19735.67
P048692,2025-12-31,employed,228,25072.77
P048693,2025-12-31,employed,316,20578.98
P048694,2025-12-31,marginal,155,2902.14
P048695,2025-12-31,employed,320,22651.38
P048698,2025-12-31,employed,276,38787.36
P048702,2025-12-31,employed,365,34551.24
P048707,2025-12-31,employed,276,12277.23
P048709,2025-12-31,employed,250,40895.2
P048710,2025-12-31,employed,214,16198.67
P048713,2025-12-31,employed,324,28335.75
P048715,2025-12-31,marginal,122,4499.91
P048717,2025-12-31,employed,290,49865.07
P048720,2025-12-31,employed,323,21459.81
P048721,2025-12-31,employed,245,18753.6
P048724,2025-12-31,employed,365,68713.65
P048725,2025-12-31,employed,295,15758.79
P048726,2025-12-31,employed,256,19517.79
P048731,2025-12-31,employed,365,21100.44
P048732,2025-12-31,employed,320,39224.77
P048733,2025-12-31,employed,365,53254.56
P048735,2025-12-31,employed,167,37163.37
P048736,2025-12-31,self_employed,259,18157.7
P048742,2025-12-31,employed,233,32084.2
P048743,2025-12-31,employed,309,21849.02
P048744,2025-12-31,no_record,0,0
P048745,2025-12-31,employed,232,28080.27
P048746,2025-12-31,employed,186,45135.61
P048747,2025-12-31,employed,249,27157.01
P048748,2025-12-31,employed,227,43394.45
P048750,2025-12-31,employed,273,21828.31
P048751,2025-12-31,self_employed,249,41456.22
P048752,2025-12-31,employed,245,NA
P048756,2025-12-31,employed,270,41927.15
P048757,2025-12-31,employed,365,30494.01
P048758,2025-12-31,employed,245,67537.7
P048759,2025-12-31,marginal,101,4528.53
P048761,2025-12-31,marginal,115,4053.97
P048762,2025-12-31,employed,304,18371.17
P048763,2025-12-31,marginal,58,3118.84
P048765,2025-12-31,employed,314,31191.28
P048766,2025-12-31,marginal,116,6307.33
P048767,2025-12-31,employed,215,22935.42
P048769,2025-12-31,employed,239,20667.13
P048773,2025-12-31,employed,246,31386.4
P048775,2025-12-31,employed,317,24931.37
P048777,2025-12-31,employed,284,38474.08
P048779,2025-12-31,employed,252,33051.96
P048782,2025-12-31,employed,356,27089.42
P048786,2025-12-31,employed,260,33461.53
P048787,2025-12-31,employed,246,13472.01
P048788,2025-12-31,employed,302,33881.3
P048789,2025-12-31,employed,243,18645.32
P048790,2025-12-31,employed,260,23338.42
P048792,2025-12-31,employed,180,14714.23
P048793,2025-12-31,employed,339,39350.78
P048794,2025-12-31,self_employed,235,49271.63
P048795,2025-12-31,employed,288,8927.01
P048797,2025-12-31,marginal,100,2915.49
P048799,2025-12-31,self_employed,172,12917.76
P048804,2025-12-31,employed,337,12487.27
P048805,2025-12-31,employed,248,29773.41
P048808,2025-12-31,employed,326,19539
P048812,2025-12-31,employed,270,29212.43
P048814,2025-12-31,employed,365,19539.04
P048815,2025-12-31,employed,299,19619.72
P048817,2025-12-31,employed,298,16039.72
P048818,2025-12-31,employed,206,28167.09
P048819,2025-12-31,marginal,100,5285.13
P048820,2025-12-31,marginal,92,3018.38
P048822,2025-12-31,employed,365,28682.56
P048823,2025-12-31,marginal,179,4435.37
P048825,2025-12-31,self_employed,224,13322.11
P048826,2025-12-31,marginal,157,8638.51
P048827,2025-12-31,employed,318,30866.67
P048829,2025-12-31,no_record,0,0
P048830,2025-12-31,self_employed,365,17532.89
P048831,2025-12-31,self_employed,347,13341.5
P048835,2025-12-31,employed,320,51924.55
P048838,2025-12-31,employed,341,24369.85
P048844,2025-12-31,no_record,0,0
P048845,2025-12-31,marginal,51,3398.2
P048847,2025-12-31,employed,326,17014.92
P048849,2025-12-31,employed,245,20164.45
P048854,2025-12-31,employed,355,21698.21
P048855,2025-12-31,employed,318,27160.95
P048857,2025-12-31,employed,170,24623.83
P048858,2025-12-31,marginal,137,3251.96
P048859,2025-12-31,employed,362,47825.17
P048863,2025-12-31,employed,286,27453.92
P048864,2025-12-31,self_employed,269,25389.07
P048866,2025-12-31,marginal,82,3655.39
P048873,2025-12-31,employed,294,38858.38
P048874,2025-12-31,employed,365,20634.5
P048875,2025-12-31,self_employed,365,7611.55
P048876,2025-12-31,employed,287,25050.6
P048877,2025-12-31,self_employed,258,29550.1
P048879,2025-12-31,employed,246,24149.59
P048882,2025-12-31,self_employed,301,20522.78
P048884,2025-12-31,employed,365,24295.19
P048885,2025-12-31,employed,184,22804.26
P048887,2025-12-31,self_employed,269,200205.24
P048888,2025-12-31,marginal,79,4547.62
P048889,2025-12-31,employed,313,50852.72
P048890,2025-12-31,marginal,164,4843.36
P048891,2025-12-31,marginal,158,6652.54
P048892,2025-12-31,employed,326,39227.81
P048896,2025-12-31,employed,316,31274.52
P048897,2025-12-31,marginal,152,7450.58
P048902,2025-12-31,employed,269,30483.74
P048904,2025-12-31,employed,285,42340.05
P048905,2025-12-31,marginal,93,3106.05
P048906,2025-12-31,employed,293,47607.02
P048907,2025-12-31,employed,365,14631.02
P048908,2025-12-31,marginal,136,6667.14
P048909,2025-12-31,employed,327,28491.97
P048910,2025-12-31,employed,361,9592.63
P048911,2025-12-31,marginal,70,8158.24
P048913,2025-12-31,employed,254,20493.77
P048915,2025-12-31,employed,228,92513.12
P048917,2025-12-31,employed,282,25768.22
P048918,2025-12-31,employed,205,20276.25
P048920,2025-12-31,employed,289,24881.71
P048922,2025-12-31,employed,365,17837.06
P048924,2025-12-31,employed,281,30715.66
P048925,2025-12-31,employed,298,24317.48
P048926,2025-12-31,employed,342,22964.03
P048928,2025-12-31,marginal,74,3459.51
P048932,2025-12-31,no_record,0,0
P048936,2025-12-31,employed,290,16490.69
P048939,2025-12-31,employed,322,36439.55
P048940,2025-12-31,employed,174,16281.84
P048941,2025-12-31,employed,297,70290.89
P048945,2025-12-31,employed,334,61311.84
P048946,2025-12-31,employed,280,44212.56
P048951,2025-12-31,self_employed,333,80325.17
P048955,2025-12-31,employed,318,17271.35
P048958,2025-12-31,marginal,120,5573.94
P048959,2025-12-31,employed,246,26719.68
P048960,2025-12-31,employed,225,36128.68
P048963,2025-12-31,marginal,112,4002.04
P048964,2025-12-31,employed,273,25932.87
P048965,2025-12-31,employed,327,14125.62
P048966,2025-12-31,marginal,83,3909.14
P048968,2025-12-31,employed,264,27031.5
P048969,2025-12-31,employed,56,69244.68
P048972,2025-12-31,employed,365,23915.65
P048974,2025-12-31,employed,264,24497.56
P048975,2025-12-31,employed,329,21506.93
P048976,2025-12-31,employed,309,17829.72
P048977,2025-12-31,employed,209,59209.26
P048978,2025-12-31,employed,268,17192.82
P048979,2025-12-31,self_employed,226,22079.14
P048981,2025-12-31,employed,355,37237.21
P048986,2025-12-31,no_record,0,0
P048990,2025-12-31,employed,339,34791.9
P048997,2025-12-31,employed,312,19782.36
P048999,2025-12-31,employed,250,23840.73
P049001,2025-12-31,employed,334,28193.44
P049002,2025-12-31,employed,312,30245.44
P049003,2025-12-31,self_employed,267,7684.91
P049005,2025-12-31,employed,198,94442.9
P049009,2025-12-31,marginal,146,8557.38
P049011,2025-12-31,employed,276,24625.21
P049020,2025-12-31,employed,183,68096.12
P049022,2025-12-31,employed,223,60781.42
P049023,2025-12-31,self_employed,298,34395
P049025,2025-12-31,employed,230,18935
P049027,2025-12-31,employed,265,33381.52
P049035,2025-12-31,marginal,75,6069.35
P049039,2025-12-31,employed,214,36693.35
P049040,2025-12-31,employed,352,16078.95
P049041,2025-12-31,employed,303,21755.46
P049043,2025-12-31,employed,337,37114.77
P049045,2025-12-31,employed,272,26288.52
P049046,2025-12-31,employed,200,25309.49
P049047,2025-12-31,employed,247,16325.35
P049050,2025-12-31,employed,361,22177.55
P049058,2025-12-31,employed,261,6659.18
P049059,2025-12-31,employed,183,38542.08
P049060,2025-12-31,employed,272,32406.28
P049062,2025-12-31,employed,212,14891.24
P049063,2025-12-31,employed,365,32346.7
P049067,2025-12-31,employed,298,20882.31
P049069,2025-12-31,employed,248,21298.67
P049070,2025-12-31,employed,196,26913.75
P049073,2025-12-31,employed,268,18456.64
P049075,2025-12-31,employed,257,17685.33
P049076,2025-12-31,marginal,107,4540.37
P049077,2025-12-31,employed,267,27645.27
P049081,2025-12-31,employed,238,30497.92
P049083,2025-12-31,employed,327,26818.45
P049084,2025-12-31,employed,244,19516.86
P049086,2025-12-31,employed,219,16197.05
P049088,2025-12-31,self_employed,83,43806
P049089,2025-12-31,employed,NA,14701.18
P049090,2025-12-31,employed,217,40126.85
P049091,2025-12-31,employed,271,50179.28
P049092,2025-12-31,employed,209,13473.68
P049093,2025-12-31,employed,352,28077.92
P049099,2025-12-31,employed,249,39887.28
P049101,2025-12-31,employed,365,22973.96
P049103,2025-12-31,employed,365,47742.08
P049104,2025-12-31,employed,288,41372.27
P049107,2025-12-31,self_employed,365,21897.94
P049108,2025-12-31,self_employed,181,12651.47
P049110,2025-12-31,employed,365,26948.9
P049111,2025-12-31,self_employed,236,33592.69
P049114,2025-12-31,self_employed,157,63456.39
P049115,2025-12-31,employed,331,62870.41
P049118,2025-12-31,employed,266,35571.38
P049119,2025-12-31,employed,269,NA
P049121,2025-12-31,no_record,0,0
P049124,2025-12-31,employed,194,20695.93
P049125,2025-12-31,employed,289,18479.06
P049126,2025-12-31,employed,214,10908.4
P049127,2025-12-31,employed,310,28582.1
P049133,2025-12-31,employed,226,24692.28
P049137,2025-12-31,employed,243,22202.13
P049138,2025-12-31,employed,286,36168.52
P049140,2025-12-31,employed,283,24840.65
P049143,2025-12-31,employed,350,18185.53
P049144,2025-12-31,employed,287,24266.07
P049149,2025-12-31,employed,274,26820.09
P049150,2025-12-31,employed,321,31267.26
P049151,2025-12-31,employed,327,42433.52
P049152,2025-12-31,employed,249,61120.33
P049155,2025-12-31,employed,274,48315.48
P049156,2025-12-31,employed,279,22747.86
P049158,2025-12-31,employed,221,72423.36
P049162,2025-12-31,self_employed,337,86405.22
P049165,2025-12-31,employed,252,30977.15
P049166,2025-12-31,employed,288,37096.36
P049167,2025-12-31,marginal,182,3379.83
P049171,2025-12-31,employed,210,30354.21
P049174,2025-12-31,employed,278,37362.97
P049176,2025-12-31,self_employed,301,43141.66
P049177,2025-12-31,employed,329,19011.07
P049181,2025-12-31,employed,338,21441.34
P049183,2025-12-31,marginal,47,4141.07
P049185,2025-12-31,no_record,0,0
P049186,2025-12-31,marginal,62,5208.53
P049187,2025-12-31,self_employed,161,NA
P049194,2025-12-31,marginal,105,3330.15
P049199,2025-12-31,self_employed,90,14404.06
P049202,2025-12-31,employed,365,19441.49
P049203,2025-12-31,employed,198,17709.21
P049207,2025-12-31,employed,358,39915.93
P049208,2025-12-31,employed,359,18597.87
P049210,2025-12-31,self_employed,194,27040.92
P049211,2025-12-31,employed,198,21555.54
P049213,2025-12-31,employed,292,41238.06
P049214,2025-12-31,marginal,110,7913.2
P049216,2025-12-31,employed,279,9742.15
P049219,2025-12-31,employed,354,29722.86
P049220,2025-12-31,employed,348,26726.02
P049221,2025-12-31,employed,240,25648.88
P049222,2025-12-31,employed,365,22008.81
P049224,2025-12-31,employed,249,89595.66
P049226,2025-12-31,employed,263,24910.58
P049227,2025-12-31,employed,293,15494.78
P049229,2025-12-31,employed,265,36250.93
P049230,2025-12-31,employed,179,29515.88
P049231,2025-12-31,employed,205,31203.73
P049234,2025-12-31,employed,326,23128.84
P049235,2025-12-31,employed,NA,28698
P049236,2025-12-31,employed,287,21769.16
P049237,2025-12-31,employed,338,33865.46
P049238,2025-12-31,employed,292,14761.05
P049241,2025-12-31,employed,277,19173.18
P049242,2025-12-31,employed,335,22791.01
P049244,2025-12-31,employed,214,27707.85
P049251,2025-12-31,employed,282,56110.8
P049254,2025-12-31,employed,257,32925.76
P049255,2025-12-31,employed,264,19516.32
P049256,2025-12-31,employed,365,27317.67
P049257,2025-12-31,employed,347,16376.8
P049258,2025-12-31,employed,199,17961.36
P049259,2025-12-31,marginal,102,3380.53
P049261,2025-12-31,employed,295,28396.93
P049264,2025-12-31,employed,334,29454.14
P049267,2025-12-31,self_employed,260,16260.49
P049272,2025-12-31,employed,307,24277.89
P049278,2025-12-31,employed,296,28413.4
P049282,2025-12-31,employed,214,17162.97
P049283,2025-12-31,employed,287,21674.35
P049284,2025-12-31,employed,324,59191.73
P049287,2025-12-31,employed,223,77666.67
P049288,2025-12-31,employed,314,48968.45
P049289,2025-12-31,employed,238,46334.78
P049292,2025-12-31,employed,322,31279.46
P049293,2025-12-31,employed,365,36434.69
P049296,2025-12-31,employed,231,32070.63
P049300,2025-12-31,employed,268,38595.63
P049303,2025-12-31,employed,274,8572.72
P049304,2025-12-31,marginal,119,3202.96
P049311,2025-12-31,marginal,139,5932.79
P049315,2025-12-31,employed,273,35116.34
P049316,2025-12-31,employed,222,16773.04
P049319,2025-12-31,employed,263,31452.64
P049322,2025-12-31,employed,273,26673.84
P049324,2025-12-31,employed,212,60045.05
P049328,2025-12-31,employed,273,37727.55
P049329,2025-12-31,employed,309,40831.43
P049330,2025-12-31,employed,364,20867.25
P049331,2025-12-31,employed,232,18160.83
P049332,2025-12-31,self_employed,83,67826.06
P049334,2025-12-31,employed,334,27804.43
P049335,2025-12-31,employed,178,22579.17
P049336,2025-12-31,employed,309,20737.26
P049337,2025-12-31,employed,303,29653.67
P049338,2025-12-31,employed,205,19000.94
P049339,2025-12-31,employed,290,21904.67
P049344,2025-12-31,employed,271,27423.29
P049345,2025-12-31,employed,229,39492.75
P049346,2025-12-31,self_employed,273,84461.5
P049350,2025-12-31,marginal,174,3127.7
P049353,2025-12-31,employed,365,67887.91
P049356,2025-12-31,employed,231,12064.47
P049359,2025-12-31,employed,228,15951.99
P049360,2025-12-31,employed,310,24141.45
P049361,2025-12-31,employed,313,24717.73
P049362,2025-12-31,employed,308,19724.54
P049364,2025-12-31,employed,272,11538.55
P049369,2025-12-31,employed,297,17740
P049370,2025-12-31,marginal,89,3284.3
P049371,2025-12-31,employed,315,19825.63
P049372,2025-12-31,marginal,78,3730.75
P049373,2025-12-31,employed,292,23311.67
P049374,2025-12-31,employed,342,20801.57
P049376,2025-12-31,employed,230,24515.75
P049378,2025-12-31,employed,271,27949.79
P049384,2025-12-31,employed,268,33535.07
P049387,2025-12-31,employed,282,24337.39
P049389,2025-12-31,employed,294,22220.5
P049390,2025-12-31,marginal,152,5763.89
P049391,2025-12-31,self_employed,127,31115.33
P049392,2025-12-31,employed,221,26618
P049395,2025-12-31,employed,365,24802.6
P049396,2025-12-31,employed,365,32357.53
P049407,2025-12-31,employed,187,17186.66
P049408,2025-12-31,employed,339,30480.28
P049409,2025-12-31,employed,329,19798
P049411,2025-12-31,employed,295,22161.16
P049412,2025-12-31,employed,336,24574.62
P049413,2025-12-31,marginal,107,5925.44
P049416,2025-12-31,employed,307,28401.26
P049427,2025-12-31,self_employed,164,43240.99
P049430,2025-12-31,self_employed,208,20245.6
P049433,2025-12-31,employed,365,19812.93
P049434,2025-12-31,employed,226,46875.24
P049435,2025-12-31,employed,271,34814.09
P049437,2025-12-31,self_employed,349,75244.05
P049438,2025-12-31,employed,246,80388.84
P049442,2025-12-31,employed,283,18838.55
P049443,2025-12-31,employed,365,9378.76
P049446,2025-12-31,marginal,72,4772.97
P049447,2025-12-31,self_employed,334,7535.38
P049449,2025-12-31,marginal,57,2956.36
P049450,2025-12-31,employed,250,33137.7
P049452,2025-12-31,marginal,54,4027.26
P049454,2025-12-31,marginal,104,7219.25
P049463,2025-12-31,employed,263,20351.6
P049464,2025-12-31,employed,249,NA
P049465,2025-12-31,employed,296,44613.54
P049466,2025-12-31,employed,365,25911.19
P049468,2025-12-31,employed,346,15612.44
P049470,2025-12-31,employed,301,40813.25
P049472,2025-12-31,self_employed,274,19354.4
P049479,2025-12-31,employed,292,18145.46
P049480,2025-12-31,employed,270,32377.58
P049482,2025-12-31,employed,294,23584.43
P049490,2025-12-31,employed,223,25031.26
P049491,2025-12-31,employed,233,16339.19
P049492,2025-12-31,marginal,154,4952.42
P049496,2025-12-31,employed,294,19739.18
P049497,2025-12-31,employed,365,30478.24
P049499,2025-12-31,employed,340,36182.54
P049500,2025-12-31,self_employed,365,13061.74
P049506,2025-12-31,employed,257,24520.92
P049507,2025-12-31,self_employed,274,16734.78
P049514,2025-12-31,employed,213,23305.44
P049517,2025-12-31,self_employed,146,13176.41
P049519,2025-12-31,employed,236,33249.15
P049521,2025-12-31,employed,324,23953.26
P049522,2025-12-31,employed,213,24624.05
P049523,2025-12-31,employed,NA,18147.33
P049524,2025-12-31,employed,256,28392.85
P049529,2025-12-31,employed,277,11226.29
P049535,2025-12-31,self_employed,301,14558.7
P049536,2025-12-31,self_employed,192,10499.49
P049537,2025-12-31,employed,240,36648.21
P049538,2025-12-31,marginal,70,3340.78
P049540,2025-12-31,employed,245,29558.61
P049541,2025-12-31,employed,227,27100.96
P049543,2025-12-31,employed,315,43935.5
P049545,2025-12-31,marginal,24,6809.93
P049546,2025-12-31,employed,280,23216.51
P049548,2025-12-31,employed,233,26348.99
P049550,2025-12-31,employed,313,16560.02
P049551,2025-12-31,employed,249,24308.15
P049552,2025-12-31,employed,354,46301.03
P049553,2025-12-31,employed,318,28349.34
P049554,2025-12-31,marginal,119,5463.02
P049555,2025-12-31,employed,324,24486.59
P049557,2025-12-31,employed,282,37808.32
P049560,2025-12-31,employed,309,88238.85
P049562,2025-12-31,employed,325,45101.81
P049564,2025-12-31,employed,365,11320.07
P049565,2025-12-31,employed,215,20632.04
P049567,2025-12-31,employed,246,30402.54
P049568,2025-12-31,marginal,117,3596.48
P049569,2025-12-31,employed,347,22699.13
P049572,2025-12-31,self_employed,240,119911.35
P049573,2025-12-31,employed,243,NA
P049575,2025-12-31,employed,275,27723.24
P049579,2025-12-31,marginal,110,4906.6
P049587,2025-12-31,employed,319,38537.85
P049590,2025-12-31,marginal,114,5817.58
P049592,2025-12-31,employed,354,38581.24
P049593,2025-12-31,employed,222,17202.28
P049595,2025-12-31,employed,218,28307.45
P049597,2025-12-31,employed,243,23215.79
P049598,2025-12-31,employed,NA,52654.74
P049599,2025-12-31,employed,225,16396.4
P049600,2025-12-31,self_employed,227,27068.68
P049601,2025-12-31,employed,335,51461.36
P049604,2025-12-31,employed,342,38022.77
P049605,2025-12-31,employed,265,20384.77
P049606,2025-12-31,employed,330,45105.76
P049608,2025-12-31,employed,264,13263.81
P049616,2025-12-31,employed,315,61791.96
P049621,2025-12-31,employed,365,40553.63
P049622,2025-12-31,employed,317,36332.39
P049623,2025-12-31,employed,163,34008.76
P049631,2025-12-31,employed,317,32880.44
P049634,2025-12-31,employed,283,17366.12
P049636,2025-12-31,employed,355,NA
P049638,2025-12-31,employed,331,51024.4
P049639,2025-12-31,employed,365,11157.1
P049643,2025-12-31,marginal,116,5278.13
P049646,2025-12-31,employed,248,27990.24
P049648,2025-12-31,marginal,140,4058.24
P049649,2025-12-31,employed,349,17909.14
P049653,2025-12-31,employed,259,19836.04
P049654,2025-12-31,employed,363,10207.53
P049655,2025-12-31,employed,228,26782.29
P049658,2025-12-31,marginal,115,4442.81
P049660,2025-12-31,employed,336,37182.48
P049662,2025-12-31,self_employed,136,20661.58
P049663,2025-12-31,employed,307,24973.69
P049665,2025-12-31,employed,204,18891.31
P049668,2025-12-31,employed,205,33476.06
P049670,2025-12-31,employed,323,20001.46
P049672,2025-12-31,employed,310,19695.53
P049673,2025-12-31,employed,310,17010.95
P049675,2025-12-31,employed,256,29554.04
P049677,2025-12-31,employed,333,36186.2
P049679,2025-12-31,employed,243,14977.08
P049681,2025-12-31,self_employed,241,12774.24
P049682,2025-12-31,employed,354,64471.55
P049684,2025-12-31,employed,315,42227.89
P049685,2025-12-31,employed,289,16126.3
P049688,2025-12-31,employed,217,23537.77
P049691,2025-12-31,employed,188,38945.93
P049693,2025-12-31,employed,354,22420.54
P049696,2025-12-31,employed,188,31265.7
P049697,2025-12-31,employed,293,31887.32
P049698,2025-12-31,marginal,119,5575.74
P049699,2025-12-31,self_employed,365,33818.07
P049704,2025-12-31,employed,365,56781.46
P049705,2025-12-31,employed,145,10312.5
P049707,2025-12-31,marginal,182,3739.32
P049708,2025-12-31,employed,334,27237.5
P049710,2025-12-31,employed,233,17167.35
P049711,2025-12-31,employed,310,13708.43
P049713,2025-12-31,self_employed,334,26007.91
P049717,2025-12-31,employed,334,12839.45
P049721,2025-12-31,self_employed,365,29633.2
P049723,2025-12-31,employed,320,46335.81
P049724,2025-12-31,employed,256,25196.67
P049726,2025-12-31,employed,341,19508.14
P049729,2025-12-31,employed,218,8257.06
P049731,2025-12-31,employed,214,29956.7
P049732,2025-12-31,self_employed,350,14999.9
P049733,2025-12-31,employed,290,14110.6
P049736,2025-12-31,employed,306,20001.2
P049738,2025-12-31,employed,351,18022.71
P049741,2025-12-31,employed,223,17109.15
P049747,2025-12-31,employed,203,35609.16
P049749,2025-12-31,employed,356,12662.8
P049752,2025-12-31,employed,281,33822.69
P049753,2025-12-31,employed,280,53715.26
P049754,2025-12-31,employed,264,25531.39
P049757,2025-12-31,employed,268,54428.85
P049758,2025-12-31,employed,322,27068.16
P049760,2025-12-31,employed,365,38295.12
P049762,2025-12-31,marginal,104,2281.38
P049763,2025-12-31,employed,NA,19111.2
P049764,2025-12-31,no_record,0,0
P049765,2025-12-31,employed,183,22304.58
P049766,2025-12-31,employed,287,20921.92
P049774,2025-12-31,employed,201,15073.59
P049777,2025-12-31,employed,277,15796.62
P049779,2025-12-31,employed,365,10518.2
P049780,2025-12-31,marginal,159,5128.61
P049784,2025-12-31,employed,255,28394.1
P049785,2025-12-31,employed,324,28354.88
P049787,2025-12-31,employed,236,37403.65
P049789,2025-12-31,employed,298,52754.36
P049790,2025-12-31,employed,318,28691.04
P049792,2025-12-31,self_employed,231,7963.34
P049794,2025-12-31,employed,342,35517.3
P049796,2025-12-31,employed,294,22165.34
P049797,2025-12-31,employed,192,19512.17
P049800,2025-12-31,employed,284,13484.32
P049801,2025-12-31,employed,281,37986.07
P049803,2025-12-31,marginal,144,4141.88
P049805,2025-12-31,employed,236,49964.83
P049807,2025-12-31,employed,230,41626.45
P049808,2025-12-31,employed,253,6419.9
P049809,2025-12-31,employed,208,30240.98
P049810,2025-12-31,employed,293,34657.14
P049812,2025-12-31,self_employed,354,15742.73
P049813,2025-12-31,no_record,0,0
P049815,2025-12-31,employed,325,46174.86
P049820,2025-12-31,employed,234,11655.77
P049823,2025-12-31,marginal,134,5862.01
P049827,2025-12-31,employed,292,20601.44
P049828,2025-12-31,employed,351,14630.35
P049830,2025-12-31,employed,288,46257.28
P049831,2025-12-31,employed,303,33177.03
P049835,2025-12-31,employed,343,25366.7
P049836,2025-12-31,self_employed,365,10807.48
P049838,2025-12-31,employed,299,39519.88
P049841,2025-12-31,employed,358,24617.34
P049842,2025-12-31,marginal,107,9275.78
P049848,2025-12-31,marginal,134,9597.68
P049851,2025-12-31,employed,273,15485.34
P049854,2025-12-31,employed,282,62945.68
P049855,2025-12-31,employed,330,23622.79
P049856,2025-12-31,no_record,0,0
P049859,2025-12-31,employed,264,15212.77
P049860,2025-12-31,employed,222,20537.9
P049861,2025-12-31,employed,335,30067.12
P049862,2025-12-31,employed,339,25591.17
P049868,2025-12-31,marginal,42,6367.74
P049874,2025-12-31,employed,315,NA
P049875,2025-12-31,employed,207,NA
P049880,2025-12-31,employed,365,15938.09
P049886,2025-12-31,employed,238,59185.57
P049887,2025-12-31,self_employed,365,44331.1
P049888,2025-12-31,employed,271,22828.8
P049890,2025-12-31,marginal,162,4927.14
P049892,2025-12-31,employed,220,15426.65
P049894,2025-12-31,employed,260,14633.53
P049900,2025-12-31,employed,245,23693.31
P049901,2025-12-31,employed,252,21009.42
P049906,2025-12-31,employed,234,28582.3
P049908,2025-12-31,employed,320,17518.11
P049915,2025-12-31,self_employed,365,6730.86
P049917,2025-12-31,self_employed,274,41039.66
P049918,2025-12-31,marginal,130,4478.12
P049919,2025-12-31,employed,203,13450.13
P049920,2025-12-31,employed,362,34246.59
P049928,2025-12-31,self_employed,308,28280.11
P049930,2025-12-31,marginal,127,5465.57
P049932,2025-12-31,marginal,NA,3976.62
P049933,2025-12-31,employed,283,49719.35
P049934,2025-12-31,employed,219,51091.55
P049936,2025-12-31,employed,292,57539.49
P049939,2025-12-31,employed,312,26395.88
P049940,2025-12-31,employed,321,28759.71
P049942,2025-12-31,employed,365,15694.31
P049943,2025-12-31,marginal,157,4185.2
P049952,2025-12-31,employed,196,22761.27
P049953,2025-12-31,employed,277,24430.76
P049954,2025-12-31,employed,290,9771.03
P049955,2025-12-31,employed,253,19347.09
P049956,2025-12-31,employed,343,22011.72
P049959,2025-12-31,employed,240,31118.2
P049960,2025-12-31,employed,310,22568.42
P049961,2025-12-31,employed,311,14059.33
P049965,2025-12-31,employed,339,30046.54
P049969,2025-12-31,employed,306,36559.5
P049970,2025-12-31,marginal,100,5573.65
P049971,2025-12-31,marginal,160,3913.07
P049974,2025-12-31,employed,275,37059.19
P049976,2025-12-31,self_employed,216,11140.55
P049980,2025-12-31,employed,345,53000.26
P049981,2025-12-31,employed,361,48202.52
P049983,2025-12-31,employed,236,16922.85
P049985,2025-12-31,employed,336,12154.31
P049990,2025-12-31,employed,313,110967.89
P049991,2025-12-31,marginal,120,7925.66
P049992,2025-12-31,no_record,0,0
P049998,2025-12-31,employed,316,11117.1
P050000,2025-12-31,employed,356,41176.14
P050017,2025-12-31,no_record,0,0
P050052,2025-12-31,employed,280,46895.72
P050053,2025-12-31,employed,274,25207.11
P050056,2025-12-31,marginal,147,5510.35
P050074,2025-12-31,employed,326,26844.14
P050096,2025-12-31,employed,347,41158.27
P050097,2025-12-31,no_record,0,0
P050145,2025-12-31,no_record,0,0
P050153,2025-12-31,employed,269,14303.45
P050164,2025-12-31,self_employed,160,134466.84
P050167,2025-12-31,no_record,0,0
P050181,2025-12-31,employed,365,21601.56
P050186,2025-12-31,employed,365,11599.61
P050190,2025-12-31,employed,185,9371.03
P050192,2025-12-31,employed,365,39552.42
P050265,2025-12-31,no_record,0,0
P050322,2025-12-31,employed,225,20379.93
P050334,2025-12-31,no_record,0,0
P050354,2025-12-31,no_record,0,0
P050363,2025-12-31,no_record,0,0
P050384,2025-12-31,no_record,0,0
P050391,2025-12-31,employed,291,30589.93
P050401,2025-12-31,no_record,0,0
P050408,2025-12-31,employed,277,40704.4
P050430,2025-12-31,no_record,0,0
P050448,2025-12-31,employed,365,26729.02
P050450,2025-12-31,no_record,0,0
P050451,2025-12-31,employed,247,25919.08
P050504,2025-12-31,employed,295,30197.42
P050525,2025-12-31,employed,238,31648.42
P050545,2025-12-31,employed,229,NA
P050557,2025-12-31,no_record,0,0
P050581,2025-12-31,employed,210,54952.5
P050591,2025-12-31,employed,214,23184.32
P050601,2025-12-31,employed,319,45596.8
P050602,2025-12-31,employed,287,45634.3
P050616,2025-12-31,no_record,0,0
P050632,2025-12-31,no_record,0,0
P050648,2025-12-31,no_record,0,0
P050674,2025-12-31,employed,246,14602.28
P050685,2025-12-31,employed,301,23451.16
P050690,2025-12-31,employed,361,24785.43
P050730,2025-12-31,no_record,0,0
P050743,2025-12-31,no_record,0,0
P050749,2025-12-31,employed,179,29280.83
P050793,2025-12-31,no_record,0,0
P050794,2025-12-31,employed,365,25222.59
P050813,2025-12-31,employed,207,34255.47
P050820,2025-12-31,no_record,0,0
P050851,2025-12-31,employed,315,25835.31
P050859,2025-12-31,no_record,0,0
P050885,2025-12-31,employed,255,25314.12
P050907,2025-12-31,employed,249,32636.42
P050913,2025-12-31,no_record,0,0
P050920,2025-12-31,no_record,0,0
P050929,2025-12-31,employed,268,31919.46
P050938,2025-12-31,employed,294,50017.86
P050943,2025-12-31,no_record,0,0
P050946,2025-12-31,employed,301,40662.77
P050962,2025-12-31,no_record,0,0
P050970,2025-12-31,no_record,0,0
P050978,2025-12-31,employed,292,35192.98
P050998,2025-12-31,employed,263,16451.79
P051029,2025-12-31,employed,197,29434.93
P051036,2025-12-31,employed,175,28274.76
P051037,2025-12-31,no_record,0,NA
P051039,2025-12-31,employed,287,20008.67
P051069,2025-12-31,employed,241,13931.52
P051073,2025-12-31,employed,347,27562.19
P051083,2025-12-31,employed,360,34477.18
P051086,2025-12-31,employed,226,15199.7
P051104,2025-12-31,employed,315,35579.86
P051118,2025-12-31,employed,365,26748.5
P051122,2025-12-31,no_record,0,0
P051133,2025-12-31,employed,197,20410.56
P051138,2025-12-31,self_employed,212,14416.57
P051167,2025-12-31,no_record,0,0
P051182,2025-12-31,employed,259,25184.25
P051210,2025-12-31,no_record,0,0
P051216,2025-12-31,employed,252,10447.27
P051217,2025-12-31,self_employed,203,26793.71
P051227,2025-12-31,self_employed,244,33164.35
P051239,2025-12-31,employed,258,34628.75
P051240,2025-12-31,employed,242,43487.12
P051262,2025-12-31,no_record,0,0
P051270,2025-12-31,employed,364,37937.49
P051283,2025-12-31,employed,360,26057.07
P051295,2025-12-31,employed,343,22698.41
P051320,2025-12-31,employed,207,76645.98
P051363,2025-12-31,employed,259,70804.03
P051410,2025-12-31,no_record,0,0
P051412,2025-12-31,employed,344,22260.84
P051440,2025-12-31,employed,353,26389.12
P051458,2025-12-31,employed,253,47575.93
P051465,2025-12-31,employed,291,16019.99
P051469,2025-12-31,employed,307,20088.4
P051475,2025-12-31,employed,365,14166.32
P051487,2025-12-31,no_record,0,0
P051498,2025-12-31,self_employed,151,36692.24
P051525,2025-12-31,self_employed,170,22382.18
P051526,2025-12-31,marginal,94,5715.33
P051530,2025-12-31,employed,351,16357.92
P051598,2025-12-31,employed,207,72850.26
P051629,2025-12-31,no_record,NA,0
P051635,2025-12-31,employed,203,60409.36
P051656,2025-12-31,no_record,0,0
P051676,2025-12-31,employed,203,11964.77
P051694,2025-12-31,marginal,112,3475.55
P051711,2025-12-31,marginal,108,6574.62
P051735,2025-12-31,employed,365,23553.41
P051742,2025-12-31,no_record,0,0
P051756,2025-12-31,employed,227,15958.86
P051781,2025-12-31,employed,365,22480.33
P051783,2025-12-31,no_record,0,0
P051785,2025-12-31,no_record,0,0
P051787,2025-12-31,employed,299,23147.92
P051789,2025-12-31,employed,304,25008.9
P051815,2025-12-31,employed,252,27835.62
P051816,2025-12-31,no_record,0,0
P051821,2025-12-31,marginal,201,2551.67
P051825,2025-12-31,no_record,0,0
P051840,2025-12-31,no_record,0,0
P051848,2025-12-31,no_record,0,0
P051858,2025-12-31,employed,254,30670.92
P051880,2025-12-31,employed,315,28832.44
P051885,2025-12-31,no_record,0,0
P051903,2025-12-31,employed,282,25573.69
P051909,2025-12-31,employed,273,28270.37
P051921,2025-12-31,no_record,0,0
P051938,2025-12-31,employed,239,39394.99
P051974,2025-12-31,no_record,0,0
P051998,2025-12-31,no_record,0,0
P052003,2025-12-31,self_employed,184,35242.68
P052027,2025-12-31,employed,260,38684.7
P052032,2025-12-31,no_record,0,0
P052088,2025-12-31,employed,279,33814.33
P052097,2025-12-31,employed,309,13111.71
P052103,2025-12-31,no_record,0,0
P052120,2025-12-31,employed,311,19278.04
P052121,2025-12-31,employed,365,49211.46
P052126,2025-12-31,no_record,0,0
P052163,2025-12-31,employed,238,15929.7
P052174,2025-12-31,employed,365,66130.39
P052175,2025-12-31,no_record,0,0
P052200,2025-12-31,no_record,0,0
P052209,2025-12-31,employed,362,16670.84
P052216,2025-12-31,marginal,68,3028.37
P052226,2025-12-31,no_record,0,0
P052233,2025-12-31,marginal,52,6289.88
P052236,2025-12-31,employed,101,41936.35
P052263,2025-12-31,employed,286,21676.11
P052289,2025-12-31,employed,244,38726.93
P052304,2025-12-31,no_record,0,0
P052310,2025-12-31,marginal,86,4962.83
P052314,2025-12-31,employed,365,24400.69
P052336,2025-12-31,employed,284,58270.62
P052341,2025-12-31,no_record,0,0
P052358,2025-12-31,marginal,206,5542.22
P052371,2025-12-31,no_record,0,0
P052372,2025-12-31,employed,182,27626.38
P052388,2025-12-31,employed,332,13928.45
P052413,2025-12-31,employed,180,27917.18
P052417,2025-12-31,employed,226,17202.96
P052468,2025-12-31,self_employed,163,24576.99
P052471,2025-12-31,employed,356,47287.75
P052533,2025-12-31,employed,260,15262.17
P052569,2025-12-31,no_record,0,0
P052576,2025-12-31,employed,364,38836.5
P052605,2025-12-31,no_record,0,0
P052608,2025-12-31,employed,365,23820.34
P052640,2025-12-31,no_record,0,0
P052660,2025-12-31,employed,322,14151.19
P052728,2025-12-31,employed,292,21082.47
P052737,2025-12-31,no_record,0,0
P052754,2025-12-31,no_record,0,0
P052771,2025-12-31,employed,358,52119.16
P052788,2025-12-31,employed,228,45214.44
P052799,2025-12-31,no_record,0,0
P052805,2025-12-31,employed,261,36674.1
P052807,2025-12-31,employed,363,48331.19
P052817,2025-12-31,no_record,0,0
P052834,2025-12-31,employed,301,22249.32
P052858,2025-12-31,employed,274,29778.16
P052871,2025-12-31,employed,203,18729.42
P052873,2025-12-31,employed,344,34278.83
P052889,2025-12-31,employed,235,40596.19
P052902,2025-12-31,employed,271,33393.99
P052929,2025-12-31,no_record,0,0
P052974,2025-12-31,employed,202,22208.05
P052979,2025-12-31,employed,254,35266.15
