person_id,tax_year,tax_filing_flag,taxable_income
P000001,2025,1,21734.21
P000002,2025,1,80569.06
P000013,2025,1,29468.51
P000014,2025,1,81642.67
P000018,2025,1,111586.29
P000020,2025,1,24191.33
P000022,2025,1,21994.87
P000024,2025,1,46447.02
P000026,2025,1,14483.68
P000027,2025,1,26894.91
P000028,2025,1,27590.99
P000029,2025,0,0
P000030,2025,1,26041.23
P000032,2025,1,25006.57
P000033,2025,1,17353.24
P000034,2025,1,51945.54
P000035,2025,1,17672.72
P000038,2025,1,35630.08
P000042,2025,1,30104.86
P000045,2025,1,13149.24
P000047,2025,1,46717.25
P000048,2025,1,47278.37
P000050,2025,1,21063.99
P000052,2025,1,97162.55
P000053,2025,1,29138.02
P000054,2025,1,43023.95
P000055,2025,1,44745.39
P000059,2025,1,90449.95
P000062,2025,1,17512.01
P000065,2025,1,47546.52
P000071,2025,1,0
P000076,2025,1,62396.87
P000081,2025,1,12076.8
P000094,2025,1,21360.67
P000096,2025,0,0
P000099,2025,1,39799.83
P000105,2025,1,33710.71
P000107,2025,1,9777.64
P000109,2025,1,21157.08
P000111,2025,1,15140.72
P000112,2025,1,53489.67
P000113,2025,1,20555.72
P000121,2025,1,43985.71
P000122,2025,1,24502.84
P000123,2025,1,18844.11
P000124,2025,1,44069.07
P000126,2025,1,33973.51
P000127,2025,1,16346.86
P000131,2025,0,0
P000133,2025,1,29683.1
P000141,2025,1,23554.02
P000142,2025,1,15533.25
P000144,2025,0,0
P000147,2025,1,20563.08
P000150,2025,1,26661.63
P000152,2025,0,0
P000153,2025,1,46922.11
P000160,2025,1,53652.99
P000161,2025,1,33023.22
P000163,2025,1,16256.69
P000167,2025,1,14608.98
P000168,2025,1,28509.48
P000169,2025,1,17562.06
P000170,2025,1,49723.17
P000171,2025,1,93348.6
P000172,2025,1,31919.68
P000181,2025,1,39397.25
P000183,2025,1,13487
P000184,2025,1,56711.01
P000186,2025,1,14436.06
P000187,2025,1,114026.71
P000188,2025,1,53680.53
P000190,2025,1,41553.21
P000191,2025,1,44598.56
P000192,2025,1,24455.93
P000193,2025,1,26272.7
P000194,2025,1,31579.74
P000195,2025,1,20301.69
P000198,2025,1,43714.22
P000199,2025,1,49733.65
P000200,2025,1,10086.59
P000204,2025,1,23516.74
P000205,2025,1,34350.2
P000208,2025,1,140555.53
P000210,2025,1,61035.27
P000211,2025,1,10417.02
P000213,2025,1,41911.33
P000214,2025,1,38864.81
P000215,2025,1,7847.45
P000216,2025,1,47266.22
P000218,2025,1,30778.52
P000220,2025,1,29144.72
P000221,2025,1,31406.34
P000222,2025,1,28528.44
P000224,2025,1,37122.75
P000228,2025,1,22174.44
P000229,2025,1,18523.41
P000230,2025,1,99613.66
P000232,2025,1,49807.52
P000235,2025,1,24593.74
P000236,2025,1,16445.39
P000239,2025,1,10761.82
P000241,2025,1,8709.13
P000246,2025,1,30214.07
P000250,2025,1,22927.24
P000252,2025,1,57080.92
P000255,2025,1,43074.35
P000258,2025,1,19286.06
P000263,2025,1,23753.79
P000266,2025,1,21614.04
P000271,2025,1,32733.52
P000273,2025,1,33290.45
P000274,2025,1,68733.88
P000278,2025,1,15256.84
P000279,2025,1,74974.29
P000283,2025,1,15177.65
P000285,2025,1,12648.4
P000286,2025,1,25046.1
P000287,2025,1,30100.98
P000288,2025,1,17730.73
P000290,2025,1,16123.36
P000293,2025,1,44342.48
P000298,2025,1,49488.71
P000299,2025,1,34963.02
P000302,2025,1,37452.11
P000305,2025,1,17690.49
P000308,2025,1,32679.05
P000309,2025,1,101594.44
P000312,2025,1,41754.56
P000316,2025,1,12567.19
P000319,2025,1,31198.48
P000321,2025,1,20019.83
P000322,2025,1,36484.67
P000323,2025,1,94094.1
P000326,2025,1,15226.5
P000327,2025,1,52128.02
P000329,2025,1,53579.4
P000333,2025,1,38316.08
P000334,2025,1,35392.54
P000337,2025,1,22946.79
P000339,2025,1,16050.59
P000340,2025,1,139391.83
P000344,2025,1,6414.34
P000347,2025,1,11202.21
P000348,2025,1,66757.34
P000349,2025,1,12180.03
P000353,2025,1,27993.04
P000355,2025,1,7280.4
P000358,2025,1,26462.32
P000360,2025,1,36398.79
P000361,2025,1,24360.78
P000362,2025,1,32817.41
P000363,2025,1,20167.66
P000366,2025,1,27987.28
P000372,2025,1,24350.43
P000373,2025,1,15106.71
P000376,2025,1,35533.32
P000378,2025,1,38292.52
P000380,2025,1,20247.6
P000381,2025,1,34048.45
P000384,2025,1,22792.09
P000385,2025,1,10768.36
P000388,2025,1,64401.35
P000389,2025,1,29853.44
P000392,2025,1,33400.64
P000399,2025,1,53275.42
P000400,2025,1,12251.97
P000404,2025,1,69362.13
P000406,2025,1,44782.52
P000407,2025,1,5092.74
P000408,2025,1,34514.36
P000410,2025,1,42190.63
P000412,2025,1,24959.48
P000413,2025,1,29903.12
P000416,2025,1,85809.53
P000420,2025,1,65841.59
P000421,2025,1,39887.22
P000423,2025,1,60424.25
P000425,2025,1,15322.59
P000427,2025,1,34271.3
P000428,2025,1,25491.81
P000436,2025,1,11326.08
P000438,2025,1,21797.37
P000441,2025,1,16077.73
P000446,2025,1,28496.74
P000447,2025,1,18844.6
P000448,2025,1,27989.02
P000450,2025,1,17112.25
P000452,2025,1,46109.14
P000453,2025,1,74828.5
P000454,2025,1,34200.73
P000457,2025,1,44589.89
P000462,2025,1,38204.48
P000467,2025,1,61231.94
P000473,2025,1,12777.49
P000474,2025,1,26248.92
P000476,2025,1,37098.49
P000483,2025,1,21615.66
P000484,2025,1,61445.48
P000488,2025,1,27147.23
P000492,2025,1,107760.27
P000495,2025,1,20735.85
P000499,2025,1,10228.1
P000500,2025,1,78377.81
P000502,2025,1,NA
P000505,2025,1,63297.33
P000506,2025,1,27094.12
P000507,2025,1,43732.8
P000508,2025,1,23558.49
P000515,2025,1,28274.03
P000516,2025,1,21802.92
P000520,2025,1,29221.85
P000521,2025,1,26318.74
P000522,2025,1,31939.35
P000523,2025,1,56491.12
P000524,2025,1,34779.13
P000525,2025,1,7086.11
P000530,2025,1,40852.8
P000531,2025,1,19651.55
P000533,2025,1,23422.81
P000534,2025,1,36737.17
P000535,2025,1,29371.48
P000536,2025,1,14579.85
P000538,2025,1,64216.2
P000539,2025,1,18049.78
P000541,2025,1,38437.12
P000543,2025,1,27584.17
P000544,2025,1,48087.37
P000550,2025,1,95341.47
P000552,2025,1,76559.27
P000554,2025,1,10187.95
P000556,2025,1,19906.88
P000557,2025,1,17572.44
P000563,2025,1,76201.2
P000571,2025,1,27074.17
P000573,2025,1,17465.32
P000575,2025,1,16603.58
P000577,2025,1,14365.16
P000579,2025,1,27314.84
P000580,2025,1,22418.34
P000583,2025,1,33604.96
P000585,2025,1,30700.57
P000586,2025,1,17138.01
P000587,2025,1,7403.27
P000588,2025,1,31716.85
P000594,2025,1,35904.31
P000595,2025,1,62562.39
P000600,2025,1,9599.08
P000602,2025,1,27054
P000603,2025,1,9663.13
P000604,2025,1,30408.89
P000605,2025,1,19170.59
P000607,2025,1,8052.67
P000608,2025,1,45307.58
P000610,2025,1,41172.04
P000611,2025,1,18834.18
P000613,2025,1,22603.66
P000616,2025,1,24509.69
P000619,2025,1,31374.92
P000624,2025,1,73684.72
P000626,2025,1,10380.46
P000628,2025,1,26317.44
P000631,2025,1,12472.3
P000632,2025,1,54262.87
P000635,2025,1,0
P000638,2025,1,17065.85
P000641,2025,1,66050.17
P000646,2025,1,20847.18
P000647,2025,1,73029.8
P000649,2025,1,12436.69
P000651,2025,1,29390.28
P000654,2025,1,28214.37
P000655,2025,1,7549.08
P000656,2025,1,23812.34
P000658,2025,1,24006.63
P000660,2025,1,11793.69
P000661,2025,1,11286.62
P000663,2025,1,18084.87
P000664,2025,1,34994.13
P000666,2025,1,46902.8
P000667,2025,1,16456.73
P000670,2025,1,29699.22
P000671,2025,1,27445.24
P000673,2025,1,4278.64
P000675,2025,1,56358.33
P000676,2025,1,10942.25
P000677,2025,1,52587.71
P000678,2025,1,12975.17
P000680,2025,1,57758.25
P000683,2025,1,41546.77
P000686,2025,1,41521.58
P000689,2025,1,36353.29
P000693,2025,1,39047.64
P000694,2025,1,26115.54
P000695,2025,1,30808.6
P000700,2025,1,13131.49
P000703,2025,1,30899.64
P000708,2025,1,36587.07
P000709,2025,1,25910.29
P000710,2025,0,0
P000711,2025,1,23644.29
P000712,2025,1,40325.56
P000713,2025,1,34457.22
P000715,2025,1,48296.77
P000717,2025,1,20216.54
P000719,2025,1,12738.85
P000720,2025,1,9027.68
P000723,2025,0,0
P000724,2025,1,12556.47
P000726,2025,1,37449.4
P000727,2025,1,16988.59
P000730,2025,1,36961.42
P000731,2025,1,57466.45
P000733,2025,1,21306.62
P000734,2025,1,49132.28
P000736,2025,1,45028.95
P000738,2025,1,8072.78
P000739,2025,1,49531.34
P000741,2025,1,23349.3
P000745,2025,1,33991.55
P000748,2025,1,25896.47
P000749,2025,1,3251.53
P000752,2025,1,100054.56
P000753,2025,1,30849.46
P000755,2025,1,72098.84
P000757,2025,1,31323.87
P000758,2025,1,23107.22
P000759,2025,1,31747.79
P000763,2025,1,30109.98
P000764,2025,1,17732.14
P000765,2025,1,93635.63
P000767,2025,1,35832.37
P000768,2025,1,8602.99
P000771,2025,1,50138.77
P000780,2025,1,27478.85
P000781,2025,1,37844.45
P000782,2025,1,11527.1
P000785,2025,1,13048.85
P000786,2025,1,8029.2
P000787,2025,1,20460.8
P000789,2025,1,0
P000790,2025,1,130742.53
P000792,2025,1,12065.21
P000793,2025,1,51123.84
P000796,2025,1,17956.99
P000801,2025,1,77049.44
P000802,2025,1,43235.8
P000803,2025,1,45983.78
P000807,2025,1,39151.7
P000811,2025,1,32669.39
P000813,2025,1,40531.06
P000815,2025,1,13711.67
P000820,2025,1,21317.73
P000822,2025,1,32918.41
P000826,2025,1,6335.17
P000827,2025,1,46860.6
P000831,2025,1,12282.56
P000832,2025,1,8317.23
P000841,2025,1,27965.51
P000848,2025,1,15434.09
P000849,2025,1,80922.29
P000851,2025,1,15997.11
P000853,2025,1,58489.54
P000855,2025,1,8480.5
P000860,2025,1,51250.21
P000862,2025,1,81909.48
P000865,2025,1,-22483.43
P000866,2025,1,38769.9
P000867,2025,1,18087.82
P000870,2025,1,68390.07
P000871,2025,1,14441.69
P000872,2025,1,29324.13
P000873,2025,1,48351.57
P000874,2025,1,49707.97
P000875,2025,1,57136.81
P000877,2025,1,50263.42
P000879,2025,1,29427.75
P000883,2025,1,27240.63
P000885,2025,1,55126.6
P000886,2025,1,64251.99
P000887,2025,1,15807.6
P000888,2025,1,30094.83
P000890,2025,1,13250.63
P000891,2025,1,25919.99
P000892,2025,1,69005.05
P000893,2025,1,0
P000895,2025,1,72788.21
P000896,2025,1,13891.66
P000902,2025,1,56272.59
P000903,2025,1,55989.9
P000904,2025,1,44821.89
P000905,2025,1,45319.8
P000910,2025,1,30517.62
P000911,2025,1,14278.11
P000912,2025,1,17130.24
P000914,2025,1,41473.28
P000915,2025,1,37669.68
P000917,2025,1,23412.61
P000919,2025,1,44370.92
P000921,2025,1,38273.85
P000923,2025,1,33123.79
P000927,2025,1,30659.17
P000928,2025,1,31459.5
P000929,2025,1,39308.88
P000933,2025,1,42939.76
P000937,2025,1,35902.83
P000938,2025,1,19483.39
P000939,2025,1,56826.18
P000941,2025,1,8715.43
P000943,2025,1,11849.36
P000945,2025,1,102273.72
P000952,2025,1,53422.84
P000958,2025,1,12392.53
P000959,2025,1,49365.5
P000962,2025,1,19799.37
P000966,2025,1,13953.8
P000969,2025,1,19159.78
P000970,2025,1,29002.42
P000973,2025,1,20476.07
P000974,2025,1,60597.58
P000978,2025,1,85429.78
P000979,2025,1,16188
P000983,2025,1,39936.19
P000985,2025,1,45916.56
P000986,2025,1,62006.15
P000988,2025,1,40315.52
P000994,2025,1,76225.43
P000995,2025,1,49304.88
P000996,2025,1,16906.45
P000997,2025,1,44849.78
P000998,2025,1,28298.17
P000999,2025,1,16836.78
P001000,2025,1,33938.22
P001001,2025,1,22751.49
P001002,2025,1,150299.17
P001005,2025,1,55388.79
P001009,2025,1,15480.87
P001010,2025,1,65881.08
P001012,2025,1,10829.33
P001017,2025,1,38966.1
P001020,2025,1,30521.28
P001021,2025,1,12934.57
P001022,2025,1,NA
P001023,2025,1,36899.83
P001024,2025,1,36580.58
P001031,2025,1,36798.33
P001035,2025,1,52330.85
P001037,2025,1,17442.29
P001040,2025,1,8678.32
P001041,2025,1,7311.02
P001045,2025,1,61411.99
P001046,2025,1,9320.65
P001048,2025,1,19893.45
P001050,2025,1,72291.22
P001051,2025,1,11274.88
P001054,2025,0,0
P001056,2025,1,29400.91
P001058,2025,1,19313.58
P001060,2025,1,14769.89
P001071,2025,1,11856.66
P001072,2025,1,24247.22
P001073,2025,1,10801.37
P001086,2025,1,49411.21
P001089,2025,1,34071.82
P001091,2025,1,28282.2
P001092,2025,1,16131.07
P001096,2025,1,55095.73
P001102,2025,1,47542.81
P001110,2025,1,70366.41
P001114,2025,1,27158.58
P001116,2025,1,24930.82
P001117,2025,1,35012.01
P001119,2025,1,17490.58
P001121,2025,1,8729.93
P001123,2025,1,85054.68
P001125,2025,1,NA
P001127,2025,1,19584.55
P001131,2025,1,39515.49
P001133,2025,1,20350.51
P001142,2025,1,4212.3
P001150,2025,1,96107.75
P001151,2025,1,18383.73
P001156,2025,1,96684.93
P001158,2025,1,17651.75
P001159,2025,1,59855.32
P001163,2025,1,12347.39
P001164,2025,1,17504.11
P001166,2025,1,36719.7
P001167,2025,1,59923.78
P001168,2025,1,35418.13
P001169,2025,1,78847.38
P001172,2025,1,28132.71
P001180,2025,1,23801.24
P001181,2025,1,19525.56
P001182,2025,1,50719.78
P001184,2025,1,77260.95
P001192,2025,1,40167.49
P001194,2025,1,19371.54
P001195,2025,1,40977.96
P001196,2025,1,84179.05
P001212,2025,1,105197.83
P001213,2025,1,18540.89
P001214,2025,1,37387.89
P001217,2025,1,92380.57
P001227,2025,1,49311.54
P001228,2025,1,53101.26
P001229,2025,1,31775.49
P001231,2025,1,44493.87
P001233,2025,0,0
P001235,2025,1,13906.72
P001236,2025,1,21965.76
P001237,2025,1,27152.13
P001238,2025,1,34968.11
P001239,2025,1,28565.53
P001240,2025,1,NA
P001242,2025,1,36073.04
P001243,2025,1,28271.92
P001245,2025,1,19859.97
P001249,2025,1,63317.92
P001250,2025,1,55980.98
P001256,2025,1,54179.95
P001257,2025,1,24098.68
P001258,2025,1,26499.21
P001260,2025,1,37993.59
P001265,2025,1,24077.88
P001267,2025,1,33195.19
P001268,2025,1,15514.28
P001269,2025,1,42418.7
P001270,2025,1,41460.99
P001271,2025,1,9753.03
P001272,2025,1,21731.75
P001274,2025,1,53128.11
P001276,2025,1,NA
P001279,2025,1,41767.57
P001282,2025,1,57700.01
P001285,2025,1,23529.38
P001288,2025,1,23905.88
P001289,2025,1,64655.17
P001291,2025,1,31287.72
P001292,2025,1,8502.52
P001295,2025,1,77147.19
P001296,2025,1,91727.44
P001297,2025,1,24838.65
P001302,2025,1,17385.84
P001303,2025,1,31645.54
P001306,2025,1,43038.02
P001307,2025,1,33903.11
P001314,2025,1,122770.02
P001318,2025,1,62278.16
P001319,2025,1,18535.4
P001320,2025,1,23620.93
P001322,2025,1,26961.86
P001323,2025,1,41978.21
P001325,2025,1,25838.05
P001327,2025,1,72051.41
P001335,2025,1,25571.87
P001337,2025,1,34591.76
P001338,2025,1,48017.23
P001339,2025,1,35187.81
P001341,2025,1,38007.33
P001344,2025,1,36336.61
P001346,2025,1,37112.31
P001347,2025,1,84165.54
P001348,2025,1,44208.25
P001351,2025,1,32519.94
P001352,2025,1,4304.19
P001357,2025,1,-20819.26
P001358,2025,1,19066.05
P001361,2025,1,19774.73
P001362,2025,1,19347.47
P001363,2025,1,31366.04
P001366,2025,1,39276.03
P001370,2025,1,11708.83
P001373,2025,1,18538.23
P001376,2025,1,42336.39
P001382,2025,1,36405.63
P001384,2025,1,16800.96
P001386,2025,1,28361.32
P001388,2025,1,58679.23
P001389,2025,1,46119.85
P001391,2025,1,15156.73
P001399,2025,1,43123.85
P001403,2025,1,34790.46
P001405,2025,1,31171.38
P001406,2025,1,18580.47
P001410,2025,1,27708.85
P001411,2025,1,33093.47
P001415,2025,1,24186.34
P001416,2025,1,96781.32
P001418,2025,1,22407.17
P001419,2025,1,28112.21
P001420,2025,1,47551.08
P001421,2025,1,59735.5
P001424,2025,1,27450.38
P001425,2025,1,14476.24
P001426,2025,1,28624.75
P001427,2025,1,50037.5
P001429,2025,1,32155.01
P001432,2025,1,8708.7
P001436,2025,1,27468.24
P001439,2025,1,32841.38
P001440,2025,1,13157.7
P001441,2025,1,19507.7
P001443,2025,1,85084.79
P001445,2025,1,64638.93
P001446,2025,1,48204.7
P001448,2025,1,45913.09
P001449,2025,1,10405.81
P001450,2025,1,NA
P001454,2025,1,14102.78
P001457,2025,1,65153.99
P001462,2025,1,137442.3
P001463,2025,1,57225.74
P001464,2025,1,21954.96
P001465,2025,1,50338.46
P001467,2025,1,15756.11
P001470,2025,1,74919.66
P001471,2025,1,23328.7
P001472,2025,1,14637.2
P001473,2025,1,71118.92
P001480,2025,1,14535.89
P001482,2025,1,51077.08
P001494,2025,1,39357.65
P001496,2025,1,-25125.46
P001499,2025,1,34482.33
P001501,2025,1,41100.17
P001505,2025,1,83944.15
P001506,2025,1,21849.36
P001507,2025,0,0
P001511,2025,1,34885.12
P001512,2025,1,-14636.5
P001513,2025,1,20668.1
P001514,2025,1,58139.52
P001515,2025,1,11227.29
P001517,2025,1,23048.51
P001525,2025,1,6590.07
P001528,2025,1,36229.85
P001531,2025,1,26747.28
P001534,2025,1,24797.35
P001537,2025,1,49389.37
P001539,2025,1,8102.09
P001543,2025,1,30497.87
P001545,2025,1,74313.99
P001546,2025,1,33091.65
P001549,2025,1,17653.38
P001551,2025,1,32287.02
P001556,2025,1,59841.45
P001559,2025,1,67397.92
P001560,2025,1,13654.34
P001564,2025,1,8092.05
P001565,2025,1,12081.39
P001568,2025,1,38582.72
P001578,2025,1,44947.21
P001580,2025,1,81354.14
P001581,2025,1,14040.24
P001582,2025,1,25441.22
P001583,2025,1,39644.31
P001585,2025,1,7215.54
P001587,2025,1,83758.96
P001589,2025,1,58524.8
P001591,2025,1,11756.25
P001596,2025,1,32365.76
P001597,2025,1,19722.81
P001599,2025,1,73071.49
P001601,2025,1,25278.98
P001603,2025,1,60808.25
P001606,2025,1,46432.83
P001608,2025,1,47017.46
P001611,2025,1,6137.11
P001612,2025,1,35049.01
P001613,2025,1,53862.85
P001615,2025,1,18636.33
P001616,2025,1,43169.55
P001619,2025,1,74323.63
P001620,2025,1,75861.85
P001621,2025,1,23241.79
P001622,2025,1,34058.64
P001623,2025,1,7437.52
P001625,2025,1,33326.32
P001627,2025,1,56234.02
P001628,2025,1,50326.79
P001631,2025,1,0
P001632,2025,1,34127.66
P001633,2025,1,16893.77
P001636,2025,1,16528.67
P001639,2025,1,27263.88
P001645,2025,1,57410.87
P001647,2025,1,66339.39
P001648,2025,1,45713.04
P001649,2025,1,18267.12
P001651,2025,1,62667.55
P001652,2025,1,41405.89
P001653,2025,1,36082.86
P001654,2025,1,24846.06
P001657,2025,1,32641.47
P001661,2025,1,16022.27
P001663,2025,1,20984.61
P001666,2025,1,31554.52
P001668,2025,1,61566.85
P001672,2025,1,37074.82
P001676,2025,1,16655.03
P001683,2025,1,39910.06
P001687,2025,1,35386.76
P001689,2025,1,15170.89
P001695,2025,1,58249.25
P001699,2025,1,28149.21
P001702,2025,1,3535.25
P001705,2025,1,8004.13
P001709,2025,1,7813.17
P001713,2025,1,104755.49
P001717,2025,1,68610.9
P001718,2025,1,35350.68
P001719,2025,1,48020
P001720,2025,1,105280.98
P001722,2025,1,8864.59
P001724,2025,1,9378.55
P001726,2025,1,46768.09
P001727,2025,1,63099.09
P001728,2025,1,14932.61
P001729,2025,1,22680.63
P001731,2025,1,19163.25
P001732,2025,1,19659.26
P001734,2025,1,56655.18
P001735,2025,1,11841.46
P001738,2025,1,47285.9
P001741,2025,1,29175.71
P001742,2025,1,11784.03
P001745,2025,1,32122.4
P001746,2025,1,23720.22
P001747,2025,1,41519.44
P001750,2025,1,9340.88
P001755,2025,1,80649.06
P001757,2025,1,34665.17
P001758,2025,1,23168.61
P001759,2025,1,28477.94
P001761,2025,1,18772.66
P001762,2025,1,26829.65
P001764,2025,1,16035.32
P001766,2025,1,41766.9
P001768,2025,1,34887.05
P001769,2025,1,-10812.18
P001771,2025,1,49303.4
P001772,2025,1,39648.24
P001773,2025,1,19256.11
P001774,2025,1,74371.27
P001775,2025,1,21516.57
P001776,2025,1,18587.56
P001782,2025,1,12803.84
P001783,2025,1,29876.52
P001788,2025,1,27796.02
P001791,2025,1,33988.12
P001794,2025,1,28500.57
P001795,2025,1,26406.95
P001796,2025,1,33513.84
P001797,2025,1,89165.76
P001800,2025,1,19394.08
P001801,2025,1,10190.9
P001802,2025,1,27121.56
P001803,2025,1,31526.21
P001805,2025,1,13427.07
P001807,2025,1,9479.09
P001809,2025,1,25889.45
P001816,2025,1,15779.44
P001817,2025,1,80197.94
P001818,2025,1,20500.46
P001821,2025,1,29813.36
P001828,2025,1,5193.54
P001829,2025,1,12654.22
P001830,2025,1,15840.56
P001832,2025,0,0
P001833,2025,1,35874.58
P001834,2025,1,20636.28
P001836,2025,1,20883.51
P001837,2025,1,38515.21
P001838,2025,1,25352.05
P001839,2025,1,13986.37
P001840,2025,1,21891.34
P001842,2025,1,10930.75
P001843,2025,1,49314.51
P001846,2025,1,6209.7
P001848,2025,1,36188.79
P001849,2025,1,83118.26
P001850,2025,1,49743.4
P001851,2025,1,45016.55
P001852,2025,1,36206.53
P001853,2025,1,54431.23
P001854,2025,1,55660.34
P001856,2025,1,48465.97
P001857,2025,1,30621.09
P001859,2025,1,46681.78
P001861,2025,1,24133.1
P001863,2025,1,33685.23
P001865,2025,1,68180.3
P001870,2025,1,14662.56
P001872,2025,1,34841.44
P001874,2025,1,55775.47
P001876,2025,1,62480.75
P001879,2025,1,23041.07
P001884,2025,1,39479.74
P001892,2025,1,19126.11
P001895,2025,1,31660.36
P001896,2025,1,14202.3
P001897,2025,1,20491.77
P001899,2025,1,28090.08
P001900,2025,1,9615.71
P001904,2025,1,6676.45
P001906,2025,1,14147.55
P001907,2025,1,34650.2
P001908,2025,1,17638.67
P001909,2025,1,25029.59
P001922,2025,1,30404.23
P001923,2025,1,19757.49
P001928,2025,1,24868.86
P001931,2025,1,28159.86
P001937,2025,1,39289.66
P001941,2025,1,12649.12
P001943,2025,1,32098.27
P001946,2025,1,29012.56
P001948,2025,1,7082.89
P001951,2025,1,33907.23
P001952,2025,1,38972.53
P001954,2025,1,46093.83
P001956,2025,1,12212.99
P001960,2025,1,23864.26
P001962,2025,1,10792.25
P001967,2025,1,27963.82
P001969,2025,1,30084.56
P001978,2025,1,27362.74
P001980,2025,1,44304.2
P001983,2025,1,24782.21
P001986,2025,1,32608.53
P001989,2025,1,22951.42
P001990,2025,1,42035.58
P001991,2025,1,41381.22
P001994,2025,1,7844.98
P002000,2025,1,61582.72
P002002,2025,1,17869.64
P002003,2025,1,NA
P002004,2025,1,25061.59
P002005,2025,1,21479.63
P002007,2025,1,24545.83
P002010,2025,1,41987.12
P002012,2025,1,5377.6
P002015,2025,1,27223.49
P002016,2025,1,26111.74
P002018,2025,1,25075.52
P002024,2025,1,48168.96
P002026,2025,1,14675.21
P002028,2025,1,30241.54
P002029,2025,1,12974.31
P002030,2025,1,13114.44
P002037,2025,1,44331.5
P002045,2025,1,35091.67
P002046,2025,1,30575.33
P002049,2025,1,43517.86
P002051,2025,1,14369.14
P002052,2025,1,48640.65
P002054,2025,1,10319.42
P002059,2025,1,64526.33
P002060,2025,1,28450.33
P002061,2025,1,26609.9
P002065,2025,1,26231.29
P002066,2025,1,70060.12
P002068,2025,1,15427.06
P002072,2025,1,41101.38
P002075,2025,1,22632.3
P002076,2025,1,79574.01
P002077,2025,1,65083.75
P002078,2025,1,18652.96
P002088,2025,1,21749.06
P002092,2025,1,34427.18
P002094,2025,1,21150.16
P002095,2025,1,45245.31
P002101,2025,1,25062.35
P002106,2025,1,8533.46
P002108,2025,1,21389.76
P002109,2025,1,77081.06
P002112,2025,1,62823.61
P002113,2025,1,5239.14
P002117,2025,1,26452.6
P002120,2025,1,15987.37
P002121,2025,1,NA
P002128,2025,1,16213.74
P002129,2025,1,63941.44
P002132,2025,1,47996.3
P002134,2025,1,54409.19
P002141,2025,1,50078.99
P002145,2025,1,31902.61
P002148,2025,1,28105.79
P002151,2025,1,11834.91
P002153,2025,1,46298.19
P002155,2025,1,11982.69
P002160,2025,1,36336.9
P002161,2025,1,19762.51
P002162,2025,1,20905.59
P002164,2025,1,19852.45
P002166,2025,1,23225.3
P002169,2025,1,39978.32
P002170,2025,1,36269.09
P002172,2025,1,23510.1
P002175,2025,1,9804.12
P002179,2025,1,60315.66
P002181,2025,1,20885.36
P002183,2025,1,47400.2
P002186,2025,1,35956.94
P002187,2025,1,93859.23
P002190,2025,1,38247.52
P002193,2025,1,8909.02
P002194,2025,1,33518.15
P002197,2025,1,32744.95
P002199,2025,1,34302.45
P002202,2025,1,2942.5
P002203,2025,1,75908.43
P002204,2025,1,22357.03
P002209,2025,1,29868.75
P002211,2025,1,27048.7
P002213,2025,1,73339.92
P002216,2025,1,26499.77
P002217,2025,1,42673.27
P002219,2025,1,23785.76
P002221,2025,1,24283.42
P002228,2025,1,67485.69
P002229,2025,1,26195.64
P002230,2025,1,58683.92
P002234,2025,1,93949.11
P002238,2025,1,9272.36
P002241,2025,1,56259.53
P002243,2025,1,33008.33
P002247,2025,1,18897.52
P002248,2025,1,41357.58
P002256,2025,1,49561.16
P002257,2025,1,16235.88
P002260,2025,1,11460.03
P002262,2025,1,23602.97
P002263,2025,1,38532.4
P002265,2025,1,21748.67
P002267,2025,1,26514.56
P002269,2025,1,42562.52
P002272,2025,1,31020.06
P002276,2025,1,13772.88
P002277,2025,1,82472.03
P002278,2025,1,14644.33
P002282,2025,1,28817.24
P002283,2025,1,32940.19
P002284,2025,1,37066.42
P002285,2025,1,11929.1
P002286,2025,1,6768.44
P002292,2025,1,46286.19
P002294,2025,1,30316
P002296,2025,1,11222.75
P002297,2025,1,82710.43
P002302,2025,1,43570.78
P002308,2025,1,64633.72
P002310,2025,1,5182.95
P002312,2025,1,51759.7
P002316,2025,1,16707.69
P002318,2025,1,24329.43
P002319,2025,1,33097.66
P002323,2025,1,10628.84
P002324,2025,1,22899.41
P002325,2025,1,24989.04
P002327,2025,1,27803.74
P002328,2025,1,47167.06
P002329,2025,1,64848.31
P002332,2025,1,39696.08
P002334,2025,1,14783.62
P002336,2025,1,14128.17
P002337,2025,1,51882.03
P002346,2025,1,46674
P002347,2025,1,38188.52
P002349,2025,1,33952.32
P002350,2025,1,50815.82
P002351,2025,1,28412.79
P002353,2025,1,37603.82
P002354,2025,1,83490.9
P002356,2025,1,28953.92
P002357,2025,1,25356.25
P002358,2025,1,32186.03
P002359,2025,1,59303.32
P002360,2025,1,34933.63
P002361,2025,1,70903.91
P002362,2025,1,46124.04
P002364,2025,1,27926.22
P002365,2025,1,55227.87
P002366,2025,1,15732.66
P002369,2025,1,15337.19
P002375,2025,1,48431.63
P002379,2025,1,21749.79
P002380,2025,1,52608.64
P002381,2025,1,53476.96
P002382,2025,1,23030.82
P002383,2025,1,26749.37
P002387,2025,1,34759.75
P002388,2025,1,26378.7
P002391,2025,1,29450.83
P002392,2025,1,45610.78
P002395,2025,1,8687.57
P002396,2025,1,65831.22
P002398,2025,1,16218.03
P002403,2025,1,44555.27
P002405,2025,1,12705.8
P002407,2025,1,31659.71
P002411,2025,1,38027.12
P002412,2025,1,10334.72
P002416,2025,1,17069.21
P002417,2025,1,26924.52
P002419,2025,1,20874.1
P002423,2025,1,15093.07
P002427,2025,1,14397.96
P002432,2025,1,44178.28
P002434,2025,1,38093.25
P002436,2025,1,21377.79
P002437,2025,1,-41022.7
P002438,2025,1,27468.85
P002444,2025,1,28229.12
P002445,2025,1,35411.59
P002447,2025,1,26859
P002454,2025,1,24786.81
P002455,2025,1,44011.7
P002460,2025,1,35930.59
P002462,2025,1,65806.45
P002463,2025,1,82857.84
P002466,2025,1,34399.94
P002467,2025,1,29815.41
P002468,2025,1,24920.04
P002469,2025,1,29797.03
P002470,2025,1,11906.58
P002471,2025,1,20445.67
P002472,2025,1,58203.25
P002473,2025,1,38083.45
P002477,2025,1,54315.58
P002478,2025,1,48941.1
P002479,2025,1,24824.27
P002481,2025,1,24688.23
P002487,2025,1,76520.97
P002490,2025,1,24283.21
P002492,2025,1,13217.12
P002493,2025,1,15984.43
P002495,2025,1,49117.33
P002496,2025,1,31087.75
P002498,2025,1,34207.71
P002501,2025,1,75012.84
P002502,2025,1,36051.41
P002503,2025,1,38594.35
P002505,2025,1,20770.62
P002510,2025,1,43875.59
P002524,2025,1,34055.92
P002525,2025,1,40994.29
P002531,2025,1,21875.95
P002533,2025,1,32818.52
P002535,2025,1,23265.92
P002536,2025,1,53711.48
P002537,2025,1,60007.17
P002540,2025,1,28673.32
P002541,2025,1,60889.94
P002542,2025,1,50700.47
P002548,2025,1,64326.19
P002549,2025,1,31347.47
P002550,2025,1,47121.38
P002551,2025,1,33132.03
P002555,2025,1,51226.73
P002559,2025,1,24233.73
P002561,2025,1,100986.52
P002562,2025,1,31793.11
P002563,2025,1,28008.07
P002564,2025,1,27628.89
P002565,2025,1,22303.57
P002566,2025,1,31028.39
P002567,2025,1,37026.89
P002571,2025,1,22259.24
P002572,2025,1,26557.48
P002573,2025,1,11285.55
P002576,2025,1,47239.24
P002577,2025,1,20630.26
P002578,2025,1,51620.46
P002579,2025,1,31649.54
P002580,2025,1,16085.84
P002582,2025,1,56607.18
P002583,2025,1,7894.67
P002584,2025,1,35843.41
P002585,2025,1,30457.86
P002587,2025,1,13657.45
P002588,2025,1,27625.95
P002589,2025,1,85444.82
P002591,2025,1,22049.01
P002592,2025,1,33718.32
P002593,2025,1,16708.84
P002594,2025,1,15316.62
P002597,2025,1,24871.42
P002599,2025,1,0
P002604,2025,1,36851.41
P002605,2025,1,16459.33
P002610,2025,1,77255.86
P002611,2025,1,35964.22
P002614,2025,1,7979.75
P002616,2025,1,61424.32
P002619,2025,1,30218.44
P002620,2025,1,16647.34
P002621,2025,1,61363
P002627,2025,1,38238.58
P002630,2025,1,7010.73
P002633,2025,1,30421.78
P002634,2025,1,19734.21
P002635,2025,1,30651.64
P002638,2025,1,30648.57
P002645,2025,1,55784.08
P002646,2025,1,13695.21
P002650,2025,1,9689.48
P002652,2025,1,16015.61
P002656,2025,1,29909.92
P002657,2025,1,34169.85
P002658,2025,1,45683.22
P002659,2025,1,42017.64
P002660,2025,1,57658.07
P002661,2025,1,21213.14
P002662,2025,1,74309.69
P002664,2025,1,21210.13
P002669,2025,1,45826.73
P002675,2025,1,28547.71
P002676,2025,1,32945.35
P002681,2025,1,42340.75
P002682,2025,1,27053.72
P002684,2025,1,63610.75
P002685,2025,1,100919.27
P002687,2025,1,23968.31
P002689,2025,1,36121.96
P002693,2025,1,24337.99
P002694,2025,1,29460.27
P002697,2025,0,0
P002698,2025,1,26809.97
P002699,2025,1,30892.71
P002702,2025,1,26857.68
P002703,2025,1,19579.16
P002704,2025,1,33617.62
P002707,2025,1,40226.82
P002708,2025,1,73282.47
P002712,2025,1,NA
P002715,2025,1,44255.04
P002718,2025,1,11813.03
P002720,2025,1,90277.78
P002723,2025,1,36119.35
P002724,2025,1,35165.4
P002728,2025,1,8914.23
P002729,2025,1,19637.44
P002732,2025,1,61283.44
P002733,2025,1,38686.01
P002734,2025,1,33305.28
P002735,2025,1,23000.76
P002738,2025,1,39894.73
P002739,2025,1,20412.29
P002743,2025,1,47717.86
P002745,2025,1,20810.72
P002747,2025,1,19349.28
P002748,2025,0,0
P002749,2025,1,22469.35
P002750,2025,1,26713.45
P002752,2025,1,69743.63
P002760,2025,1,24682.52
P002761,2025,1,28681.27
P002765,2025,1,38160.5
P002766,2025,1,41454.77
P002768,2025,1,13106.02
P002770,2025,1,39033.09
P002774,2025,1,20311.24
P002776,2025,1,37348.79
P002777,2025,1,42815.95
P002778,2025,1,76885.82
P002781,2025,1,19113.53
P002784,2025,1,31288.91
P002785,2025,1,7716.8
P002789,2025,1,15776.16
P002792,2025,1,23922.52
P002793,2025,1,35149.25
P002797,2025,1,41616.18
P002799,2025,1,32944.3
P002800,2025,1,40524.06
P002801,2025,1,46550.2
P002802,2025,1,12395.94
P002804,2025,1,37591.06
P002805,2025,1,10063.57
P002806,2025,1,10963.35
P002807,2025,1,22486.25
P002808,2025,1,36620.62
P002809,2025,1,18696.27
P002811,2025,1,43725.48
P002812,2025,1,43474.54
P002813,2025,1,86948.26
P002818,2025,1,36019.35
P002819,2025,1,8518.55
P002824,2025,1,5873.15
P002826,2025,1,49399.78
P002830,2025,1,14479.93
P002832,2025,1,55933.22
P002835,2025,1,40709.8
P002838,2025,1,38317.14
P002839,2025,1,88327.89
P002842,2025,1,42749.29
P002843,2025,0,0
P002845,2025,1,77924.53
P002848,2025,1,35504.36
P002849,2025,1,17157.53
P002851,2025,1,0
P002853,2025,1,44144.62
P002854,2025,0,0
P002856,2025,1,20814.16
P002857,2025,1,139922.27
P002861,2025,1,16883.42
P002862,2025,1,15143.04
P002865,2025,1,71544.76
P002867,2025,1,3300.53
P002868,2025,1,NA
P002869,2025,1,43047.79
P002870,2025,1,24998.89
P002871,2025,1,26190.46
P002874,2025,1,54666.7
P002875,2025,1,13481.2
P002876,2025,1,22975.28
P002877,2025,1,81711.34
P002878,2025,1,59773.63
P002885,2025,1,23825.7
P002889,2025,1,24445.25
P002894,2025,1,36680.99
P002897,2025,1,54453.66
P002899,2025,1,7707.22
P002900,2025,1,34867.15
P002902,2025,1,43735.82
P002904,2025,1,22784.98
P002905,2025,1,25487.34
P002906,2025,1,25442.9
P002910,2025,1,46174.64
P002911,2025,1,13389.3
P002914,2025,1,43812.23
P002915,2025,1,19753.4
P002916,2025,1,23917.82
P002918,2025,1,NA
P002928,2025,1,24031.08
P002934,2025,1,33007.48
P002935,2025,1,33202.89
P002937,2025,1,51041.2
P002938,2025,1,42626.53
P002939,2025,1,11241.19
P002940,2025,1,34855.71
P002941,2025,1,105311.81
P002942,2025,1,56945.18
P002947,2025,1,6963.94
P002948,2025,1,10059.54
P002950,2025,1,54307.47
P002951,2025,1,10965.38
P002955,2025,1,13666.94
P002957,2025,1,38271.68
P002960,2025,1,17407.89
P002965,2025,1,33682.94
P002967,2025,1,26437.91
P002970,2025,1,27240.46
P002971,2025,1,23619.13
P002977,2025,1,45054.67
P002979,2025,1,8447.93
P002980,2025,1,49806.4
P002981,2025,0,0
P002982,2025,1,9191.59
P002983,2025,1,17304.96
P002986,2025,1,31157.81
P002987,2025,1,31076.58
P002988,2025,1,64672.57
P002990,2025,1,22729.55
P002991,2025,1,12735.11
P002992,2025,1,28254.82
P002994,2025,1,8724.77
P002995,2025,1,15414.05
P002997,2025,0,0
P002999,2025,1,43862.95
P003001,2025,1,30813.96
P003006,2025,1,45410.17
P003010,2025,1,19998.47
P003011,2025,1,17525.07
P003012,2025,1,27670.14
P003014,2025,1,30517.18
P003016,2025,0,0
P003017,2025,1,27692.02
P003019,2025,1,36302.81
P003020,2025,1,21514.82
P003022,2025,1,61943
P003026,2025,1,38926.18
P003027,2025,1,34387.44
P003028,2025,1,62772.11
P003031,2025,1,10159.74
P003034,2025,1,33953.37
P003036,2025,1,19126.84
P003037,2025,1,24009.53
P003038,2025,1,18831.43
P003039,2025,1,54059.97
P003040,2025,1,56700.34
P003041,2025,1,26538.49
P003046,2025,1,83276.69
P003050,2025,1,30635.75
P003055,2025,1,86975.57
P003058,2025,1,41703.93
P003059,2025,1,11666.57
P003066,2025,1,14345.45
P003069,2025,0,0
P003072,2025,1,50200.87
P003076,2025,1,20429.56
P003078,2025,1,18630.69
P003079,2025,1,17348.91
P003080,2025,1,9525.67
P003084,2025,1,9821.75
P003085,2025,1,49256.59
P003086,2025,1,13850.7
P003087,2025,1,53227.84
P003088,2025,1,46136.28
P003089,2025,1,19894.94
P003091,2025,1,25128.91
P003092,2025,1,9286.35
P003093,2025,1,39976.2
P003095,2025,1,7098.52
P003099,2025,1,40220.31
P003100,2025,1,39404.59
P003102,2025,1,44912.08
P003106,2025,1,57574.88
P003115,2025,1,10460.31
P003122,2025,1,21103.48
P003123,2025,1,33395.02
P003125,2025,1,98566.95
P003126,2025,1,38796.3
P003128,2025,1,69899.32
P003131,2025,1,NA
P003133,2025,1,69037.38
P003135,2025,1,34007.85
P003137,2025,1,35483.29
P003138,2025,1,57757.33
P003140,2025,1,20818.93
P003144,2025,1,13967.3
P003145,2025,1,43132.86
P003147,2025,1,104622.19
P003148,2025,1,37249.94
P003149,2025,1,8460.32
P003150,2025,1,26727.4
P003152,2025,1,42122.68
P003153,2025,1,21765.48
P003154,2025,1,14084.34
P003158,2025,1,77206.52
P003164,2025,1,10482.04
P003165,2025,1,45944.28
P003166,2025,1,75311.51
P003168,2025,1,27301.25
P003169,2025,1,17447.88
P003170,2025,1,27673.31
P003171,2025,1,31586.67
P003174,2025,1,21648.19
P003175,2025,1,17562
P003177,2025,1,67466.51
P003180,2025,1,42860.87
P003183,2025,1,31836.34
P003184,2025,1,32781
P003185,2025,1,14606.32
P003188,2025,1,18068.35
P003189,2025,1,71167.1
P003191,2025,1,10140.53
P003194,2025,0,0
P003195,2025,1,28042.89
P003197,2025,1,21217.1
P003198,2025,1,12076.13
P003199,2025,1,18115.89
P003202,2025,1,11073.4
P003204,2025,1,67888.76
P003209,2025,1,23657.21
P003215,2025,1,32746.97
P003216,2025,1,35548.05
P003219,2025,1,NA
P003221,2025,1,25182.41
P003222,2025,1,10091.04
P003229,2025,1,103982.84
P003231,2025,1,33675.56
P003232,2025,1,57549.36
P003234,2025,1,15597.47
P003235,2025,1,44095.65
P003238,2025,1,43465
P003240,2025,1,42084.22
P003241,2025,1,8636.94
P003242,2025,1,43792.3
P003245,2025,1,8011.44
P003246,2025,1,27118.15
P003249,2025,1,17489.85
P003250,2025,1,24200.45
P003251,2025,1,23314.71
P003253,2025,1,28423.33
P003254,2025,1,10658.35
P003255,2025,1,34900.72
P003257,2025,1,22296.07
P003259,2025,1,52320.93
P003260,2025,1,25466.43
P003261,2025,1,35729.01
P003266,2025,1,19791.51
P003267,2025,1,26731.77
P003272,2025,1,-49330.73
P003276,2025,1,49621.07
P003280,2025,1,17964.41
P003281,2025,1,33631.33
P003282,2025,1,13690.49
P003285,2025,1,11109.28
P003287,2025,1,11742.19
P003291,2025,1,46351.65
P003293,2025,1,26274.73
P003294,2025,1,12354.26
P003296,2025,1,13441.86
P003297,2025,1,122723.93
P003298,2025,1,67262.15
P003299,2025,1,35390.56
P003302,2025,1,16928.13
P003303,2025,1,91333.84
P003305,2025,1,13289.6
P003306,2025,1,6598.46
P003311,2025,1,25717.32
P003312,2025,0,0
P003314,2025,1,29691.16
P003318,2025,1,34102.1
P003319,2025,1,13175.56
P003321,2025,1,28974.14
P003322,2025,1,14861.53
P003323,2025,1,19070.44
P003325,2025,1,24118.74
P003327,2025,1,25740.79
P003328,2025,1,8799.36
P003329,2025,1,94542.02
P003335,2025,1,56257.28
P003341,2025,1,36572.21
P003343,2025,1,41364.4
P003349,2025,1,15766.82
P003350,2025,1,98982.03
P003354,2025,1,20293.46
P003355,2025,1,26451.74
P003360,2025,1,22428.2
P003361,2025,1,13168.11
P003362,2025,1,16561.18
P003365,2025,1,49792
P003367,2025,1,36477.3
P003368,2025,1,21606.57
P003369,2025,1,12574.9
P003370,2025,1,41152.89
P003372,2025,1,14155.3
P003376,2025,1,44164.58
P003378,2025,1,35938.14
P003379,2025,1,31934.52
P003381,2025,1,42136.92
P003385,2025,1,18001.47
P003387,2025,1,43199.73
P003388,2025,1,44146.95
P003392,2025,1,6354.95
P003394,2025,1,51644.18
P003395,2025,1,16485.03
P003396,2025,1,70878.25
P003397,2025,1,57375.67
P003398,2025,1,32292.53
P003400,2025,1,27273.95
P003401,2025,1,22746.76
P003404,2025,1,6993.92
P003405,2025,1,17831.62
P003411,2025,1,18040.26
P003413,2025,1,33717.19
P003416,2025,0,0
P003417,2025,1,27665.9
P003419,2025,1,9830.61
P003426,2025,1,16102.83
P003428,2025,1,37471.79
P003429,2025,1,30846.35
P003430,2025,1,23601.37
P003431,2025,1,21211.71
P003433,2025,1,31790.9
P003437,2025,1,116470.29
P003438,2025,1,73512.71
P003440,2025,1,8017.74
P003442,2025,1,16690.56
P003447,2025,1,83177.46
P003453,2025,1,70687.26
P003455,2025,1,41341.85
P003466,2025,1,23739.72
P003467,2025,1,32924.38
P003470,2025,1,113525.65
P003471,2025,1,52188.91
P003475,2025,1,35227.75
P003477,2025,1,15854.52
P003480,2025,1,42708.79
P003487,2025,1,8613.41
P003488,2025,1,37252.92
P003491,2025,1,16754.32
P003493,2025,1,17020.73
P003496,2025,1,6311.13
P003497,2025,1,13808.94
P003498,2025,1,30584.25
P003503,2025,1,12826.85
P003504,2025,1,15788.18
P003505,2025,1,23476.26
P003506,2025,1,13817.19
P003512,2025,1,26909.9
P003514,2025,1,47506.92
P003518,2025,1,15917.5
P003522,2025,1,21283.77
P003523,2025,1,7767.81
P003525,2025,1,7247.95
P003527,2025,1,115965.27
P003529,2025,1,45192.2
P003537,2025,1,7363.94
P003541,2025,1,13595.83
P003542,2025,1,26998.27
P003543,2025,1,14836.87
P003547,2025,1,29580.84
P003548,2025,1,36953.38
P003550,2025,0,0
P003551,2025,1,21571.51
P003552,2025,1,8663.72
P003553,2025,1,21176.91
P003555,2025,1,9012.5
P003557,2025,1,13346.81
P003558,2025,1,82937.47
P003559,2025,1,35856.4
P003560,2025,1,37568.59
P003561,2025,1,38889.7
P003562,2025,1,36287.02
P003563,2025,1,14422.11
P003565,2025,1,17873.9
P003570,2025,1,22996.64
P003572,2025,1,39992.53
P003577,2025,1,9402.52
P003580,2025,1,8772.61
P003582,2025,1,NA
P003583,2025,1,15410.19
P003584,2025,1,25003.87
P003585,2025,1,37239.57
P003593,2025,1,21387.56
P003600,2025,1,83156.1
P003601,2025,1,37005.21
P003602,2025,1,11091.78
P003604,2025,1,25285.87
P003608,2025,0,0
P003610,2025,1,37957.62
P003616,2025,1,13611.13
P003621,2025,1,52479
P003626,2025,1,8977.42
P003627,2025,1,32089.63
P003630,2025,1,21000.35
P003632,2025,1,33909.65
P003633,2025,1,62822.06
P003636,2025,1,29709.42
P003637,2025,1,NA
P003638,2025,1,17815.83
P003639,2025,1,15760.6
P003644,2025,1,44483.08
P003649,2025,1,20585.17
P003653,2025,1,15560.49
P003654,2025,1,41989.39
P003655,2025,1,16018.93
P003657,2025,1,43791.64
P003659,2025,1,38043.39
P003662,2025,0,0
P003672,2025,1,86447.46
P003676,2025,1,43773.68
P003678,2025,1,15803.11
P003682,2025,1,36996.2
P003683,2025,0,0
P003687,2025,1,5688.58
P003689,2025,1,27297.06
P003692,2025,1,38822.47
P003694,2025,1,18049.28
P003695,2025,1,15511.14
P003698,2025,1,42963.35
P003701,2025,1,6024.23
P003702,2025,1,37359
P003703,2025,1,47398.39
P003704,2025,1,10227.22
P003706,2025,1,15540.91
P003707,2025,1,9198.56
P003713,2025,1,12876.62
P003715,2025,1,22123.62
P003716,2025,1,21199.14
P003717,2025,0,0
P003719,2025,1,17491.06
P003720,2025,1,20631.9
P003721,2025,1,26031.41
P003725,2025,1,18754.06
P003727,2025,1,63402.47
P003729,2025,1,58078.26
P003730,2025,1,9125.09
P003731,2025,1,45731.53
P003733,2025,1,15840.44
P003736,2025,1,47695.82
P003738,2025,1,28112.06
P003743,2025,1,25994.22
P003744,2025,1,20777.02
P003746,2025,1,103351.64
P003747,2025,1,16505.03
P003750,2025,1,46986.01
P003751,2025,1,49484.95
P003752,2025,1,61300.35
P003755,2025,1,23697.35
P003756,2025,1,38254.77
P003758,2025,1,12526.86
P003765,2025,1,41346.27
P003766,2025,1,43886.82
P003776,2025,1,16686.22
P003777,2025,1,21514.12
P003778,2025,1,5939.42
P003779,2025,1,43884.21
P003781,2025,1,14355.38
P003782,2025,1,22274.49
P003783,2025,1,49385.27
P003784,2025,1,31868.63
P003786,2025,1,46369.38
P003788,2025,1,20091.59
P003790,2025,1,29128.29
P003791,2025,1,51124.48
P003799,2025,1,25932.26
P003802,2025,1,50558.99
P003803,2025,1,34289.91
P003804,2025,1,39440.32
P003807,2025,1,16227.4
P003808,2025,1,37947.26
P003809,2025,1,46457.14
P003812,2025,1,23412.03
P003814,2025,1,47041.2
P003818,2025,1,0
P003822,2025,1,27151.45
P003824,2025,1,54356.62
P003828,2025,1,83022.53
P003834,2025,1,32576.44
P003837,2025,1,29288.36
P003838,2025,1,14401.01
P003839,2025,1,14740.37
P003842,2025,1,49311.93
P003843,2025,1,20429.29
P003847,2025,1,30827.7
P003848,2025,1,26127.67
P003849,2025,1,35761.62
P003854,2025,1,20853.48
P003855,2025,1,45597.9
P003858,2025,1,17347.6
P003860,2025,1,11192.7
P003861,2025,1,NA
P003863,2025,1,25657.39
P003866,2025,1,39768.92
P003868,2025,1,30041.2
P003869,2025,1,24484.22
P003870,2025,1,19338.28
P003873,2025,1,51013.02
P003876,2025,1,68708.32
P003877,2025,1,47709.77
P003880,2025,1,29896.48
P003881,2025,1,56848.59
P003884,2025,1,14418.31
P003891,2025,1,104373.11
P003892,2025,1,21714.8
P003894,2025,1,29909.57
P003896,2025,1,31187.35
P003899,2025,1,16530.79
P003901,2025,1,10242.4
P003905,2025,1,26151.25
P003907,2025,1,15803.35
P003909,2025,1,10444.18
P003914,2025,1,40764.38
P003915,2025,1,21880.86
P003917,2025,1,16279.83
P003919,2025,1,40125.98
P003920,2025,1,23412.57
P003924,2025,1,49924.81
P003932,2025,1,19016
P003934,2025,1,50260.79
P003935,2025,1,12919.08
P003939,2025,1,14158.04
P003941,2025,1,22466.83
P003943,2025,1,23596.36
P003945,2025,1,26773.34
P003947,2025,1,NA
P003956,2025,1,33221.52
P003961,2025,1,24568.44
P003965,2025,1,13472.79
P003968,2025,1,55389.63
P003970,2025,1,54441.71
P003971,2025,1,39617.44
P003972,2025,1,18542.59
P003974,2025,1,58494.89
P003975,2025,1,43506.76
P003976,2025,1,12122.08
P003979,2025,1,9594.75
P003982,2025,1,11441.43
P003983,2025,1,15234.4
P003988,2025,1,21513.32
P003993,2025,1,24635.45
P003997,2025,1,22693.97
P003998,2025,1,33105.2
P003999,2025,1,38921.43
P004003,2025,1,31097.74
P004004,2025,1,18788.8
P004005,2025,1,45058.62
P004006,2025,1,14245.07
P004007,2025,1,42949.5
P004008,2025,1,28721.96
P004009,2025,1,33826.69
P004012,2025,1,-8264.9
P004013,2025,1,92070.37
P004015,2025,1,31536.15
P004016,2025,1,17643.79
P004018,2025,1,14113.7
P004023,2025,1,33690.26
P004025,2025,1,37089.11
P004029,2025,1,29938.09
P004030,2025,1,34867.98
P004033,2025,1,14986.37
P004034,2025,1,43822.04
P004035,2025,1,9679.83
P004036,2025,1,12680.57
P004037,2025,1,44583.95
P004039,2025,1,40187.01
P004042,2025,1,25303.83
P004045,2025,1,15332.49
P004057,2025,1,32340.17
P004058,2025,1,35861.43
P004061,2025,1,50963.91
P004062,2025,1,25557.67
P004067,2025,1,47058.83
P004068,2025,1,28266.98
P004069,2025,1,28725.47
P004073,2025,1,24112.73
P004075,2025,1,64985.84
P004079,2025,1,23530.09
P004084,2025,1,40329.74
P004085,2025,1,27935.65
P004088,2025,1,50400.15
P004091,2025,1,42495.57
P004092,2025,1,25138.79
P004095,2025,1,44611.61
P004099,2025,1,20626.19
P004100,2025,1,22362.15
P004103,2025,1,28098.63
P004104,2025,1,42570.13
P004105,2025,1,30612.69
P004106,2025,1,NA
P004110,2025,1,28814
P004111,2025,1,43736.9
P004113,2025,1,12250.71
P004114,2025,1,23186.76
P004115,2025,1,26726.42
P004116,2025,1,14706.28
P004118,2025,1,42573.93
P004121,2025,1,40131.86
P004124,2025,1,11273.09
P004125,2025,1,17434.38
P004126,2025,1,34131.75
P004128,2025,1,36993.23
P004133,2025,1,11760.81
P004134,2025,1,40781.93
P004142,2025,1,31602.8
P004143,2025,1,6626.68
P004144,2025,1,97910.4
P004148,2025,1,16060.99
P004149,2025,1,18524.62
P004150,2025,1,8933.02
P004152,2025,1,56824.06
P004157,2025,1,20389.42
P004158,2025,1,51359.25
P004163,2025,1,52786.25
P004164,2025,1,49603.99
P004166,2025,1,15922.68
P004167,2025,1,30290.85
P004172,2025,1,56521
P004174,2025,1,29755.46
P004176,2025,1,35258.13
P004177,2025,1,46886.12
P004180,2025,1,20646.86
P004183,2025,1,43626.31
P004186,2025,1,29711.07
P004192,2025,1,26642.41
P004193,2025,1,50046.98
P004196,2025,0,0
P004199,2025,1,46049.16
P004201,2025,1,17966.51
P004203,2025,1,23356.38
P004207,2025,1,52188.03
P004209,2025,1,37507.4
P004210,2025,1,13962
P004212,2025,1,29149.54
P004214,2025,1,33176.8
P004215,2025,1,70575.5
P004216,2025,1,2899.62
P004218,2025,1,25822.55
P004219,2025,1,17985.64
P004223,2025,1,25772.72
P004234,2025,1,15619.87
P004238,2025,1,29034.66
P004244,2025,1,8128.11
P004245,2025,1,8485.42
P004248,2025,1,17308.55
P004250,2025,1,33638.26
P004251,2025,1,39008.24
P004254,2025,1,8888.2
P004255,2025,1,34961.28
P004256,2025,1,10185.76
P004259,2025,1,38185.97
P004260,2025,1,36220.97
P004261,2025,1,28430.27
P004264,2025,1,NA
P004265,2025,1,37979.15
P004268,2025,1,123045.15
P004269,2025,1,20288.51
P004271,2025,1,21812.5
P004273,2025,1,67268.97
P004275,2025,1,NA
P004277,2025,1,27192.23
P004281,2025,1,68854.36
P004286,2025,1,23944.52
P004290,2025,1,100553.54
P004297,2025,1,16603.66
P004299,2025,1,58889.86
P004302,2025,1,9793.65
P004306,2025,1,23073.09
P004311,2025,1,38345.93
P004316,2025,1,34022.92
P004319,2025,1,18331.4
P004321,2025,1,24140.33
P004325,2025,1,17445.67
P004329,2025,1,9722.73
P004331,2025,1,62019.6
P004332,2025,1,8096.83
P004336,2025,1,6033.89
P004338,2025,1,40808.65
P004341,2025,1,36644.74
P004344,2025,1,15594.96
P004345,2025,1,11629.68
P004347,2025,1,34377.35
P004348,2025,1,28491.82
P004349,2025,1,50677.42
P004352,2025,1,67165.54
P004354,2025,1,8039.29
P004357,2025,1,14607.03
P004359,2025,1,49954.53
P004361,2025,1,20108.35
P004363,2025,1,30594.44
P004369,2025,1,13865.61
P004370,2025,1,32859.13
P004371,2025,1,21637.77
P004374,2025,1,8414.11
P004375,2025,1,62138.12
P004376,2025,1,32877.07
P004377,2025,1,34994.86
P004379,2025,1,37980.57
P004384,2025,1,81050.7
P004385,2025,1,15445.4
P004388,2025,1,35879.31
P004390,2025,1,12452.75
P004391,2025,1,26556.02
P004396,2025,1,26419.87
P004397,2025,1,47276.23
P004399,2025,1,20042.31
P004402,2025,1,27602.85
P004403,2025,1,12614.8
P004404,2025,1,50380.93
P004406,2025,1,12581.55
P004408,2025,1,27950.75
P004412,2025,1,26430.68
P004414,2025,1,37814.47
P004417,2025,1,10465.41
P004419,2025,1,40721.92
P004420,2025,1,41352.01
P004428,2025,1,66713.39
P004429,2025,1,20145.73
P004430,2025,1,22660.12
P004431,2025,1,32361.16
P004432,2025,1,46019.92
P004433,2025,1,50867.18
P004434,2025,1,20394.26
P004439,2025,1,24057.25
P004442,2025,1,25095.11
P004443,2025,1,14916.39
P004445,2025,1,44307.5
P004447,2025,1,58805.63
P004461,2025,1,12184.63
P004462,2025,1,51563.05
P004464,2025,1,64683.54
P004466,2025,1,89719.53
P004467,2025,1,53640.43
P004468,2025,1,66603.66
P004471,2025,1,57949.94
P004472,2025,1,39555.06
P004473,2025,1,34806.6
P004475,2025,1,42063.6
P004478,2025,1,46838.81
P004479,2025,1,42899.47
P004483,2025,1,40643.08
P004487,2025,1,17704.29
P004492,2025,1,38432.29
P004502,2025,1,25979.77
P004503,2025,1,25818.21
P004506,2025,1,66418.55
P004507,2025,1,53250.99
P004512,2025,1,19060.96
P004513,2025,1,145851.99
P004514,2025,1,16036.32
P004516,2025,1,28449.38
P004517,2025,1,33746
P004519,2025,1,106392.71
P004520,2025,1,17140.29
P004523,2025,1,16829.17
P004526,2025,1,67420.76
P004527,2025,1,24969.01
P004531,2025,1,12496.07
P004532,2025,1,62411.74
P004533,2025,1,33223.84
P004536,2025,1,30874.2
P004538,2025,1,12991.52
P004539,2025,1,71437.87
P004540,2025,1,57387.79
P004541,2025,1,8529.22
P004543,2025,1,16475.99
P004544,2025,1,22167.33
P004547,2025,1,29401.34
P004549,2025,1,42671.3
P004550,2025,1,49455.51
P004551,2025,1,20558.35
P004552,2025,1,38700.31
P004556,2025,1,31659.12
P004557,2025,1,27611.64
P004559,2025,1,104954.43
P004560,2025,1,30518.96
P004562,2025,1,30729.86
P004564,2025,1,6903.58
P004572,2025,0,0
P004581,2025,1,82018.44
P004582,2025,1,5775.5
P004585,2025,1,38278.56
P004589,2025,1,33339.84
P004592,2025,1,20642.22
P004594,2025,1,31004.99
P004598,2025,1,34743.86
P004600,2025,1,6748.59
P004601,2025,1,21936.42
P004602,2025,1,19768.32
P004606,2025,1,8492.08
P004607,2025,1,27939.58
P004609,2025,1,5705.98
P004610,2025,1,32872.76
P004612,2025,1,11478.94
P004616,2025,1,21482.71
P004620,2025,1,-19020.66
P004623,2025,1,48399.31
P004625,2025,1,37102.4
P004630,2025,1,41174.82
P004631,2025,1,98440.59
P004634,2025,1,16408.85
P004636,2025,1,16935.53
P004638,2025,1,22952.13
P004639,2025,1,35018.91
P004643,2025,1,37181.43
P004645,2025,1,260666.69
P004646,2025,1,69684.75
P004648,2025,1,37522.13
P004649,2025,1,87630.54
P004650,2025,1,101942.3
P004651,2025,1,13686.75
P004652,2025,1,18961.38
P004653,2025,1,26567.61
P004654,2025,1,53856.18
P004655,2025,1,38852.84
P004656,2025,1,40240.64
P004657,2025,1,45054.39
P004659,2025,1,65482.73
P004662,2025,1,86556.23
P004663,2025,1,44465.75
P004664,2025,1,28012.67
P004665,2025,1,32059.2
P004667,2025,1,15888.88
P004669,2025,1,14078.75
P004671,2025,1,0
P004672,2025,1,7181.88
P004675,2025,1,39774.53
P004678,2025,1,68836.94
P004680,2025,1,107857.69
P004685,2025,1,31328.95
P004686,2025,1,21622.08
P004687,2025,1,20967.61
P004689,2025,1,57952.39
P004690,2025,1,40031.66
P004693,2025,1,26243.59
P004696,2025,1,20841.36
P004699,2025,1,76739.48
P004702,2025,1,51040.49
P004703,2025,1,69645.37
P004704,2025,1,15438.54
P004706,2025,1,74807.76
P004708,2025,1,26911.91
P004712,2025,1,39379.16
P004713,2025,1,22747.96
P004714,2025,1,33417.93
P004717,2025,1,21521.75
P004721,2025,1,95293.11
P004724,2025,1,30067.38
P004726,2025,1,47956.01
P004728,2025,1,54938.7
P004735,2025,1,49336.66
P004740,2025,1,9330.7
P004741,2025,1,25123.1
P004743,2025,1,12719.84
P004746,2025,1,21297.55
P004749,2025,1,56505.29
P004752,2025,1,37332.05
P004754,2025,1,14055.22
P004757,2025,1,12949.34
P004759,2025,1,37173.28
P004761,2025,1,21741.83
P004764,2025,1,10135.15
P004766,2025,1,28103.87
P004768,2025,1,18451.03
P004770,2025,1,26905.96
P004771,2025,1,104461.47
P004772,2025,1,18901.86
P004773,2025,1,34642.68
P004775,2025,1,18383.41
P004776,2025,1,13806.2
P004778,2025,1,34102.3
P004780,2025,1,10947.14
P004781,2025,1,19028.88
P004782,2025,1,22730.44
P004784,2025,1,8437.27
P004786,2025,1,151776.01
P004789,2025,1,39205.81
P004790,2025,1,34783.35
P004791,2025,1,92522
P004796,2025,1,41761.23
P004798,2025,1,32460.55
P004802,2025,1,11793.4
P004804,2025,1,16040.9
P004810,2025,1,47630.96
P004812,2025,1,25567.26
P004815,2025,1,15581.41
P004816,2025,1,36013.4
P004818,2025,1,16258.33
P004819,2025,1,43449.7
P004820,2025,1,33149.36
P004821,2025,1,15739.52
P004822,2025,1,39501.71
P004824,2025,1,NA
P004825,2025,1,21553.63
P004826,2025,1,17612.82
P004827,2025,1,32799.45
P004828,2025,1,16436.08
P004830,2025,1,52058.95
P004835,2025,1,22086.95
P004841,2025,1,55537.99
P004844,2025,1,31632.16
P004848,2025,1,45853.8
P004852,2025,1,11899.38
P004863,2025,1,11867.81
P004864,2025,1,48700.09
P004865,2025,1,16485.61
P004866,2025,1,8906.25
P004869,2025,1,20979.68
P004870,2025,1,25429.01
P004877,2025,1,61506.38
P004878,2025,1,41325.35
P004880,2025,1,11597.12
P004881,2025,1,46169.06
P004883,2025,1,22611.42
P004884,2025,1,92666.4
P004887,2025,1,13047.14
P004889,2025,1,19667.9
P004895,2025,1,18633.99
P004896,2025,1,9737.72
P004897,2025,1,42452.99
P004900,2025,1,86402.15
P004903,2025,1,27547.05
P004904,2025,1,14273.24
P004905,2025,1,5048.69
P004908,2025,1,27876.26
P004909,2025,1,48758.98
P004913,2025,1,97992.67
P004914,2025,1,43081.01
P004917,2025,1,20091.18
P004918,2025,1,64275.24
P004920,2025,1,29796.01
P004921,2025,1,13198.34
P004923,2025,1,5566.87
P004924,2025,1,42075.37
P004928,2025,1,67573.14
P004929,2025,1,28076.97
P004930,2025,1,24465.75
P004931,2025,1,34173.63
P004935,2025,1,86117.94
P004936,2025,1,17703.41
P004938,2025,1,21328.18
P004939,2025,1,5074.98
P004941,2025,1,38521.99
P004942,2025,1,23345.6
P004944,2025,1,58287.3
P004948,2025,1,49828.88
P004950,2025,1,28533.78
P004952,2025,1,66671.6
P004956,2025,1,30749.52
P004958,2025,1,20305.84
P004962,2025,1,38251.61
P004965,2025,1,48101.24
P004975,2025,1,23885.99
P004976,2025,1,8964.11
P004977,2025,1,20613.83
P004979,2025,1,19452.43
P004985,2025,1,9112.66
P004987,2025,1,15536.72
P004988,2025,1,31397.54
P004991,2025,1,46034.89
P004992,2025,1,49884.59
P004993,2025,1,38012.08
P004996,2025,1,NA
P004997,2025,1,17846.61
P005002,2025,1,21536.73
P005003,2025,1,72029.09
P005005,2025,1,21588.33
P005007,2025,1,84470.61
P005009,2025,1,17484.97
P005012,2025,1,13913.55
P005018,2025,1,34868.8
P005019,2025,1,47134.53
P005020,2025,1,27278.99
P005025,2025,1,32182.22
P005028,2025,1,38641.19
P005032,2025,1,56006.4
P005034,2025,1,16594.72
P005036,2025,1,57820.28
P005038,2025,1,16013.57
P005047,2025,1,3167.36
P005050,2025,1,NA
P005051,2025,1,55086.62
P005053,2025,1,5991.21
P005057,2025,1,60419
P005058,2025,0,0
P005061,2025,1,42183.38
P005065,2025,1,44060.77
P005066,2025,1,32721.4
P005070,2025,1,12813.09
P005083,2025,1,35638.38
P005086,2025,0,0
P005087,2025,0,0
P005088,2025,1,19251.54
P005089,2025,1,26080.55
P005090,2025,1,11591.22
P005091,2025,1,6256.48
P005094,2025,1,29660.19
P005095,2025,1,67765.5
P005097,2025,1,9658.21
P005098,2025,1,18009.38
P005100,2025,1,18887.81
P005114,2025,1,5591.78
P005119,2025,1,16314.66
P005122,2025,1,65673.44
P005123,2025,1,45660.65
P005126,2025,1,14473.48
P005127,2025,1,77053.95
P005131,2025,1,16792.21
P005136,2025,1,26583.54
P005138,2025,1,9066.02
P005140,2025,1,19560.73
P005141,2025,1,11526.9
P005142,2025,1,52405.93
P005152,2025,1,13562.78
P005153,2025,1,67905.61
P005156,2025,1,17773.18
P005157,2025,1,22683.77
P005159,2025,1,20428.93
P005161,2025,1,43594.56
P005162,2025,1,20245.01
P005163,2025,1,16091.96
P005165,2025,1,15780.19
P005166,2025,1,63051.14
P005167,2025,1,26560.44
P005169,2025,1,26550.71
P005171,2025,1,17837.4
P005172,2025,1,55949.27
P005175,2025,1,40829
P005180,2025,1,27129.28
P005188,2025,1,34149.58
P005191,2025,1,68839.75
P005192,2025,1,7997.36
P005194,2025,1,27908.56
P005195,2025,1,51378.88
P005198,2025,1,151041.96
P005200,2025,1,50862.68
P005204,2025,1,52099.93
P005208,2025,1,21940.43
P005209,2025,1,21115.78
P005210,2025,1,37362.18
P005213,2025,1,40026.26
P005217,2025,1,12985.38
P005218,2025,1,31970.78
P005222,2025,1,NA
P005227,2025,1,16149.12
P005231,2025,1,20012.71
P005237,2025,1,30596.5
P005238,2025,1,45378.11
P005240,2025,1,37749.59
P005246,2025,1,22871.26
P005247,2025,1,-17162.48
P005248,2025,1,28825.02
P005250,2025,1,25767.11
P005256,2025,1,46696.53
P005258,2025,1,29813.67
P005259,2025,1,21695.82
P005260,2025,1,27939.85
P005261,2025,1,25206.2
P005262,2025,1,21717.44
P005271,2025,1,44278.16
P005274,2025,1,8929.82
P005275,2025,1,15681.68
P005277,2025,1,42715.26
P005279,2025,1,11872.42
P005280,2025,1,9405.25
P005281,2025,1,23781.23
P005283,2025,1,24589.92
P005286,2025,1,42727.51
P005290,2025,1,14109.41
P005302,2025,1,29718.85
P005304,2025,1,49770.61
P005306,2025,1,77938.61
P005308,2025,1,19795.24
P005310,2025,1,67914.01
P005312,2025,1,6703.72
P005314,2025,1,23064.37
P005315,2025,1,5231.51
P005318,2025,1,70678.22
P005319,2025,1,45772.89
P005322,2025,1,17070.41
P005323,2025,1,55285.1
P005326,2025,1,54859.84
P005329,2025,1,21455.72
P005330,2025,1,12213.32
P005332,2025,1,36828.67
P005334,2025,1,-35085.52
P005335,2025,1,NA
P005337,2025,1,48210.39
P005339,2025,1,48010.7
P005340,2025,1,27187.38
P005341,2025,1,61891.35
P005343,2025,1,8375.51
P005344,2025,1,33267.39
P005345,2025,1,33409.7
P005346,2025,1,21178.61
P005348,2025,1,33970.25
P005349,2025,1,25450.34
P005352,2025,1,27133.85
P005360,2025,1,38444.09
P005361,2025,1,20051.83
P005365,2025,1,17718.36
P005367,2025,1,7415.23
P005371,2025,1,20060.41
P005375,2025,1,15051.71
P005376,2025,1,10070.33
P005377,2025,1,27952.02
P005380,2025,1,43784.65
P005384,2025,1,5121.86
P005388,2025,0,0
P005389,2025,1,30321.51
P005390,2025,1,75390.54
P005391,2025,1,24997.53
P005392,2025,1,83328.03
P005393,2025,1,34558.9
P005395,2025,1,42172.23
P005398,2025,1,28256.49
P005399,2025,1,16146.37
P005400,2025,1,42835.45
P005401,2025,1,43019.68
P005404,2025,1,17434.49
P005405,2025,1,9705.41
P005406,2025,1,68443.27
P005410,2025,1,29336.2
P005414,2025,1,31078.87
P005415,2025,1,25694.7
P005416,2025,1,22053.09
P005417,2025,1,12386.03
P005421,2025,1,54743.88
P005422,2025,1,12928.18
P005424,2025,1,14737.38
P005431,2025,1,37086.66
P005432,2025,1,55733.6
P005435,2025,1,98868.04
P005436,2025,1,28368.4
P005440,2025,1,75837.87
P005448,2025,1,41421.4
P005450,2025,1,39809.59
P005451,2025,1,35514.93
P005454,2025,1,13864.79
P005455,2025,1,20798.11
P005456,2025,1,57563.71
P005458,2025,1,54311.18
P005461,2025,1,55918.33
P005464,2025,1,37287.5
P005467,2025,1,-18905.71
P005470,2025,1,5809.55
P005474,2025,1,41133.95
P005475,2025,1,19068
P005476,2025,1,31446.8
P005479,2025,1,22265.36
P005480,2025,1,17424.28
P005483,2025,1,72014.88
P005484,2025,1,71560.37
P005487,2025,1,13429.57
P005488,2025,1,57643.04
P005489,2025,1,17314.47
P005490,2025,1,18367.38
P005492,2025,1,33816.4
P005494,2025,1,28651.57
P005495,2025,1,26657.74
P005497,2025,1,24675.64
P005504,2025,1,32350.35
P005505,2025,1,4060.47
P005506,2025,1,37201.14
P005507,2025,1,70891.57
P005512,2025,1,35411.7
P005515,2025,1,6613.12
P005519,2025,1,54745.27
P005520,2025,1,16429.08
P005527,2025,1,42567.37
P005533,2025,1,60908.99
P005539,2025,1,10348.06
P005543,2025,1,9867.42
P005544,2025,1,10315.14
P005548,2025,1,22072.86
P005552,2025,1,30421.62
P005553,2025,1,22791.26
P005554,2025,1,38162.71
P005555,2025,1,43470.84
P005557,2025,1,58078.4
P005558,2025,1,13007.84
P005559,2025,1,66642.51
P005563,2025,1,26502.21
P005564,2025,1,19976.25
P005567,2025,1,36126.67
P005569,2025,1,97343.03
P005571,2025,1,9104.16
P005573,2025,1,34580.95
P005574,2025,1,5903.74
P005575,2025,1,25105.59
P005576,2025,1,27042.65
P005577,2025,1,18848.75
P005578,2025,1,53008.91
P005579,2025,1,65128.8
P005581,2025,1,15158.26
P005582,2025,1,32059.03
P005589,2025,1,30411.99
P005592,2025,1,20471.22
P005598,2025,1,33559.96
P005599,2025,1,40809.69
P005602,2025,1,20747.71
P005604,2025,1,24211.61
P005605,2025,1,44661.95
P005607,2025,1,35628.71
P005608,2025,1,31911.45
P005611,2025,1,36936.04
P005614,2025,1,12512.3
P005618,2025,1,0
P005620,2025,1,28519.75
P005622,2025,1,13603.49
P005623,2025,1,20490.93
P005627,2025,1,46695.94
P005629,2025,1,31810.35
P005630,2025,1,11300.65
P005635,2025,1,27418.35
P005636,2025,1,36142.73
P005638,2025,1,25245.51
P005641,2025,1,35726.45
P005642,2025,1,79788.88
P005643,2025,1,21823.37
P005644,2025,1,9638.63
P005645,2025,1,14551.33
P005646,2025,1,25702.06
P005649,2025,1,92775.12
P005650,2025,1,13192.32
P005651,2025,1,20943.14
P005659,2025,1,12995.28
P005661,2025,1,45472.25
P005662,2025,1,52267.89
P005664,2025,1,31278.59
P005665,2025,1,46885.54
P005670,2025,1,19224.76
P005671,2025,1,22338.83
P005673,2025,1,12432.23
P005676,2025,1,57453
P005679,2025,1,35911.07
P005680,2025,1,16735.7
P005682,2025,1,27658.49
P005685,2025,1,11861.44
P005687,2025,1,81679.74
P005689,2025,1,42577.81
P005690,2025,1,27572.95
P005695,2025,1,45409.14
P005697,2025,1,34165
P005704,2025,0,0
P005705,2025,1,58726.29
P005706,2025,1,47626.37
P005709,2025,1,26528.31
P005711,2025,1,22948.2
P005712,2025,1,26062.14
P005714,2025,1,33388.27
P005715,2025,1,7750.41
P005716,2025,1,18719.44
P005717,2025,0,0
P005720,2025,1,38629.21
P005721,2025,1,11312
P005724,2025,1,55886.39
P005725,2025,1,64347.99
P005728,2025,1,56390.31
P005730,2025,1,82058.58
P005731,2025,1,19247.83
P005732,2025,1,17862.09
P005733,2025,1,35097.8
P005734,2025,1,46102.34
P005736,2025,1,20549.53
P005737,2025,1,152722.79
P005739,2025,1,35319.13
P005740,2025,1,24671.53
P005742,2025,1,14147.8
P005743,2025,1,26376.99
P005745,2025,1,26293.08
P005749,2025,1,45317.23
P005751,2025,1,25231.54
P005755,2025,1,23916.07
P005756,2025,1,NA
P005759,2025,1,31722.02
P005760,2025,1,24400.15
P005763,2025,1,18320.85
P005766,2025,1,43746.44
P005767,2025,1,37722.46
P005768,2025,1,31402.57
P005770,2025,1,60170.11
P005773,2025,1,15937.25
P005778,2025,1,132277.62
P005782,2025,1,76848.2
P005783,2025,1,33941.82
P005784,2025,1,51332.11
P005787,2025,1,72632.21
P005790,2025,1,25998.56
P005791,2025,1,65472.29
P005792,2025,1,34259.85
P005795,2025,1,36368.75
P005797,2025,1,29815.21
P005800,2025,1,50858.2
P005801,2025,1,13381.88
P005805,2025,1,29330.5
P005806,2025,1,14579.75
P005809,2025,1,14341.55
P005811,2025,1,14919.83
P005812,2025,1,43467.68
P005813,2025,1,52793.49
P005814,2025,1,21211.01
P005816,2025,1,14651.35
P005819,2025,1,37786.08
P005820,2025,1,69155.04
P005821,2025,1,23942.02
P005823,2025,1,17437.05
P005824,2025,1,27421.47
P005825,2025,1,28982.24
P005826,2025,1,9431.99
P005827,2025,1,50199.97
P005828,2025,1,63163.49
P005835,2025,1,45323.31
P005836,2025,1,10429.57
P005837,2025,1,24310.95
P005839,2025,1,26070.85
P005843,2025,1,13520.86
P005844,2025,1,20068.92
P005847,2025,1,45764.4
P005848,2025,1,58274.93
P005849,2025,1,24385.32
P005851,2025,1,39328.28
P005852,2025,1,9936
P005854,2025,1,48555.89
P005859,2025,1,84424.14
P005864,2025,1,30881.27
P005866,2025,1,24220.82
P005871,2025,1,19680.97
P005873,2025,1,22957.13
P005874,2025,0,0
P005877,2025,1,18149.31
P005884,2025,1,15392.73
P005885,2025,1,10567.74
P005886,2025,0,0
P005888,2025,1,23364.07
P005891,2025,1,11867.64
P005892,2025,1,19327.88
P005893,2025,1,15567.77
P005900,2025,1,63380.01
P005901,2025,1,11460.95
P005907,2025,1,35779.63
P005910,2025,1,9410.1
P005912,2025,1,11677.01
P005914,2025,1,9251.41
P005915,2025,0,0
P005918,2025,1,26894.89
P005919,2025,1,9793.3
P005921,2025,1,12028.74
P005922,2025,1,34194.32
P005923,2025,1,15076.49
P005924,2025,1,14520.31
P005925,2025,1,33311.04
P005926,2025,1,25877.84
P005927,2025,1,32342.3
P005928,2025,1,36046.39
P005929,2025,1,48659.34
P005930,2025,1,15031.21
P005931,2025,1,20196.94
P005933,2025,1,19691.64
P005937,2025,1,37869.62
P005938,2025,1,15614.17
P005941,2025,1,56659.01
P005945,2025,1,45122.56
P005946,2025,1,4286.48
P005949,2025,1,36131.47
P005951,2025,1,30580.6
P005954,2025,1,28223.27
P005956,2025,1,27302.15
P005958,2025,1,4365.3
P005960,2025,1,58870.52
P005962,2025,1,61003.17
P005964,2025,1,19776.99
P005968,2025,1,49733.42
P005976,2025,1,12994.52
P005979,2025,1,20879.35
P005981,2025,1,39135.33
P005986,2025,1,38600.41
P005989,2025,1,20266.57
P005990,2025,1,42308.07
P005994,2025,1,25026.42
P005997,2025,1,26636.67
P005998,2025,1,34693.78
P006003,2025,1,35287.17
P006004,2025,1,5931.93
P006006,2025,1,11750.99
P006007,2025,1,19108.28
P006010,2025,1,51264.21
P006012,2025,1,13734.14
P006013,2025,1,48190.11
P006014,2025,1,10166.6
P006026,2025,1,26352.22
P006028,2025,1,8402
P006030,2025,1,18204.03
P006032,2025,1,53070.27
P006033,2025,1,31942.62
P006034,2025,1,55340.32
P006036,2025,1,49318.16
P006041,2025,1,11825.86
P006042,2025,1,18949.2
P006043,2025,1,17935.02
P006046,2025,1,10829.93
P006047,2025,1,38608.07
P006050,2025,1,21164.34
P006051,2025,1,19548.62
P006056,2025,1,36117.95
P006057,2025,1,11969.79
P006061,2025,1,20418.12
P006063,2025,1,14527.65
P006065,2025,1,38702.13
P006067,2025,1,15973.84
P006069,2025,1,26905.84
P006074,2025,1,66510.77
P006078,2025,1,79600.5
P006080,2025,1,67516.68
P006081,2025,1,56929.64
P006083,2025,1,27655.38
P006084,2025,1,-40094.13
P006087,2025,1,12589.36
P006088,2025,0,0
P006089,2025,1,73140.13
P006091,2025,1,51361.88
P006093,2025,1,6971.07
P006094,2025,1,9248.06
P006096,2025,1,42550.74
P006097,2025,1,22197.71
P006098,2025,1,14250.87
P006101,2025,1,19442.91
P006103,2025,1,NA
P006104,2025,1,11271.88
P006106,2025,1,27567.94
P006111,2025,1,16778.93
P006114,2025,1,41205.11
P006115,2025,1,15400.48
P006117,2025,1,82972.04
P006120,2025,1,19367.36
P006122,2025,1,14586.41
P006123,2025,1,23112.56
P006126,2025,1,37810.52
P006127,2025,1,60123.51
P006128,2025,1,49324.97
P006130,2025,1,29975.22
P006131,2025,1,36841.91
P006132,2025,1,20459.88
P006134,2025,1,37406.36
P006136,2025,1,37117.78
P006137,2025,1,14638.49
P006141,2025,1,64179.57
P006145,2025,1,17667.91
P006149,2025,1,8813.46
P006157,2025,1,9023.02
P006159,2025,1,26048.58
P006162,2025,1,22767.35
P006164,2025,1,17912.95
P006165,2025,1,35909.76
P006166,2025,1,16262.02
P006167,2025,1,10589
P006169,2025,1,22243.53
P006171,2025,1,5976.71
P006172,2025,1,33238.74
P006174,2025,1,19321.79
P006177,2025,1,21659.74
P006180,2025,1,17957.01
P006183,2025,1,53911.85
P006184,2025,0,0
P006185,2025,0,0
P006187,2025,1,31025.4
P006188,2025,1,48765.65
P006189,2025,1,22569.63
P006190,2025,1,22562.51
P006191,2025,1,31967.52
P006192,2025,1,33864.73
P006196,2025,1,12632.99
P006197,2025,1,18225.9
P006198,2025,1,40610.47
P006200,2025,1,39810.68
P006201,2025,1,51513.72
P006207,2025,1,19838.02
P006209,2025,1,56606.23
P006210,2025,1,43873.34
P006214,2025,1,17161.92
P006217,2025,1,19552.56
P006219,2025,1,29961.85
P006222,2025,1,88902.37
P006224,2025,0,0
P006226,2025,1,40926.23
P006227,2025,1,19072.56
P006237,2025,1,3775.79
P006238,2025,1,73496.13
P006240,2025,1,13582.5
P006241,2025,1,27851.15
P006242,2025,1,22838.36
P006244,2025,1,14907.73
P006245,2025,1,23256.83
P006247,2025,1,26588.67
P006248,2025,1,36646.23
P006249,2025,1,13123.38
P006251,2025,1,23280.73
P006253,2025,1,12296.27
P006255,2025,1,45983.89
P006257,2025,1,24244.1
P006258,2025,1,22589.5
P006261,2025,1,80679.28
P006265,2025,0,0
P006269,2025,1,18551.71
P006270,2025,1,12731.06
P006272,2025,1,46938.52
P006273,2025,1,92199.11
P006275,2025,1,22010.71
P006277,2025,1,26658.47
P006282,2025,1,42769.81
P006284,2025,1,52201.49
P006286,2025,1,54137.4
P006287,2025,1,18802.96
P006288,2025,1,12403.27
P006289,2025,1,45363.5
P006291,2025,1,35609.57
P006293,2025,1,36057.88
P006294,2025,1,55002.18
P006298,2025,1,7300.69
P006299,2025,1,43643.1
P006302,2025,1,-12847.36
P006303,2025,1,20295.51
P006304,2025,1,25913.46
P006306,2025,1,16006.45
P006310,2025,1,10424.26
P006316,2025,1,83288.29
P006322,2025,1,36499.14
P006324,2025,1,52812.35
P006325,2025,1,4972.69
P006326,2025,1,66336.62
P006328,2025,1,59748.35
P006336,2025,1,14514.64
P006337,2025,1,16081.97
P006341,2025,1,22670.71
P006343,2025,1,42903.16
P006345,2025,1,19988.06
P006346,2025,1,85018.39
P006348,2025,1,10821.65
P006349,2025,1,19774.29
P006350,2025,1,63342.98
P006353,2025,1,39093.09
P006354,2025,1,60070.69
P006355,2025,1,11965.18
P006358,2025,1,21527.18
P006361,2025,1,15277.66
P006363,2025,1,34214.35
P006364,2025,1,77418.4
P006365,2025,1,69099.61
P006366,2025,1,123537.58
P006369,2025,1,22449.42
P006370,2025,1,37996.03
P006373,2025,1,59317.64
P006374,2025,1,25557.61
P006377,2025,1,21719.23
P006379,2025,1,18527.1
P006381,2025,1,37279.88
P006385,2025,1,20789.84
P006388,2025,1,55609.01
P006389,2025,1,24762.28
P006392,2025,1,19318.41
P006393,2025,1,21355.76
P006394,2025,1,59986.86
P006395,2025,1,15255.69
P006397,2025,1,86698.18
P006398,2025,1,80080.19
P006401,2025,1,37480.25
P006405,2025,1,26456.64
P006406,2025,1,34550.03
P006407,2025,1,41724.97
P006408,2025,1,17314.49
P006410,2025,1,43046.26
P006411,2025,1,NA
P006413,2025,1,22962.16
P006420,2025,1,20694.02
P006421,2025,1,60773.09
P006422,2025,1,15469.62
P006424,2025,1,11105.16
P006425,2025,1,14878.16
P006428,2025,1,8247.56
P006433,2025,1,12108.68
P006436,2025,1,8656.21
P006438,2025,1,72875.17
P006440,2025,1,15050.39
P006444,2025,1,22672.75
P006451,2025,1,32374.4
P006453,2025,1,14301.62
P006455,2025,1,48935.38
P006457,2025,1,16283.71
P006458,2025,1,39427.94
P006460,2025,1,69190.21
P006461,2025,0,0
P006465,2025,1,21523.95
P006466,2025,1,27646.06
P006467,2025,1,11604.26
P006473,2025,0,0
P006479,2025,1,107449.57
P006484,2025,1,65686.08
P006485,2025,1,23939.17
P006489,2025,1,19300.67
P006493,2025,1,36794.37
P006494,2025,1,43638.9
P006495,2025,1,20057.47
P006496,2025,1,39220.14
P006498,2025,1,117901.1
P006499,2025,1,33046.03
P006504,2025,0,0
P006509,2025,1,29392.65
P006510,2025,1,27734.25
P006511,2025,1,5248.74
P006517,2025,1,12414.25
P006520,2025,1,19703.58
P006521,2025,1,48420.31
P006523,2025,1,162115.14
P006525,2025,1,31827.96
P006528,2025,1,20155.52
P006529,2025,1,26852.81
P006532,2025,1,76402.53
P006533,2025,1,25159.81
P006534,2025,1,17288.37
P006535,2025,1,8496.47
P006536,2025,1,57656.1
P006537,2025,1,33178.53
P006540,2025,1,62520.67
P006541,2025,1,34973.69
P006542,2025,0,0
P006545,2025,1,75563.54
P006546,2025,1,25728.72
P006547,2025,1,28034.22
P006550,2025,1,23451.25
P006553,2025,1,8792.63
P006557,2025,1,21400.67
P006558,2025,1,19052.03
P006561,2025,1,38829.72
P006562,2025,1,13622.59
P006566,2025,1,13422.27
P006571,2025,1,20003.19
P006572,2025,1,48486.77
P006577,2025,1,29077.39
P006578,2025,1,18519.83
P006580,2025,1,73731.97
P006583,2025,1,55110.38
P006585,2025,1,32720.93
P006588,2025,1,10684.78
P006590,2025,1,33120.72
P006592,2025,1,13445.03
P006594,2025,1,48880.74
P006595,2025,1,32435.84
P006597,2025,1,170183.84
P006598,2025,1,14882.29
P006599,2025,1,83212.2
P006600,2025,1,34525.33
P006601,2025,1,17905.29
P006603,2025,1,73167.65
P006605,2025,1,10249.78
P006607,2025,1,69678.62
P006610,2025,1,40422.15
P006615,2025,1,NA
P006616,2025,1,46298.43
P006617,2025,1,8270.09
P006621,2025,1,36780.91
P006623,2025,1,45347.92
P006625,2025,1,93359.03
P006626,2025,1,12383.55
P006627,2025,1,38468.39
P006628,2025,1,16074.52
P006629,2025,1,50784.55
P006631,2025,1,37001.72
P006632,2025,1,4209.95
P006636,2025,1,5355.6
P006639,2025,1,37610.79
P006640,2025,1,26341.34
P006649,2025,1,30377.28
P006651,2025,1,29995.67
P006652,2025,1,19631.28
P006653,2025,1,20979.86
P006657,2025,1,4258.9
P006658,2025,1,28482.61
P006659,2025,1,38169.52
P006661,2025,1,66116.96
P006665,2025,1,44407.05
P006666,2025,1,16273.03
P006668,2025,1,15554.44
P006669,2025,1,39230.48
P006673,2025,1,34875.15
P006675,2025,1,25095.61
P006676,2025,1,45701.45
P006678,2025,1,67241.61
P006681,2025,1,28091.46
P006682,2025,1,NA
P006687,2025,1,25374.17
P006689,2025,1,58720.27
P006690,2025,1,17801.59
P006692,2025,1,36224.75
P006694,2025,1,17830.04
P006695,2025,1,46421.39
P006696,2025,1,18080.69
P006700,2025,1,43281.44
P006704,2025,1,17941.76
P006706,2025,1,25055.44
P006708,2025,1,82634.02
P006710,2025,1,74175.58
P006712,2025,1,126981.55
P006723,2025,1,39240.55
P006724,2025,1,24721.27
P006728,2025,1,28957.77
P006729,2025,1,17643.29
P006730,2025,0,0
P006732,2025,1,41988.17
P006734,2025,1,18592.64
P006736,2025,1,31960.89
P006737,2025,1,34802.97
P006738,2025,1,7761.48
P006741,2025,1,26826.48
P006742,2025,1,63205.47
P006748,2025,1,25126.41
P006749,2025,1,43397.38
P006750,2025,1,38933.25
P006751,2025,1,40309.96
P006753,2025,1,12311.92
P006754,2025,1,43718.5
P006757,2025,1,36303.19
P006762,2025,1,15453.25
P006766,2025,1,39914.1
P006768,2025,1,49606.29
P006772,2025,1,11045.04
P006773,2025,1,18408.85
P006774,2025,1,21693.11
P006775,2025,1,83557.11
P006778,2025,1,27979
P006784,2025,1,10955.88
P006786,2025,1,32563.12
P006789,2025,1,15065.1
P006790,2025,1,0
P006791,2025,1,33989.97
P006792,2025,1,50331.48
P006793,2025,1,17631.23
P006794,2025,1,63805.42
P006795,2025,1,8150.14
P006797,2025,1,31993.98
P006799,2025,1,52940.71
P006806,2025,1,17040.4
P006811,2025,1,17819.73
P006815,2025,1,49950.37
P006819,2025,1,23181.87
P006821,2025,1,13185.11
P006822,2025,1,16093.44
P006824,2025,1,28183.28
P006826,2025,1,67673.75
P006827,2025,1,10886.44
P006828,2025,1,51216.29
P006830,2025,1,30479.5
P006833,2025,1,31395.98
P006836,2025,1,10582.56
P006837,2025,1,52642.25
P006838,2025,1,28663.82
P006840,2025,1,25094.06
P006841,2025,1,23348.6
P006842,2025,1,17974.14
P006843,2025,1,23013.53
P006844,2025,1,85207.05
P006845,2025,1,31950.36
P006846,2025,1,NA
P006848,2025,1,69910.93
P006849,2025,1,29820.06
P006850,2025,1,11928.27
P006853,2025,1,41640.74
P006858,2025,1,68639.24
P006859,2025,1,44096.44
P006860,2025,1,38600.24
P006862,2025,1,12709.01
P006864,2025,1,19217.01
P006866,2025,1,17087.62
P006868,2025,1,19293.33
P006876,2025,1,33187.81
P006877,2025,1,153591.31
P006878,2025,1,29078.83
P006883,2025,1,18075.14
P006886,2025,1,26184.99
P006889,2025,1,18652.22
P006892,2025,1,93595.03
P006893,2025,1,28705.38
P006897,2025,1,15919.07
P006898,2025,1,30376.41
P006900,2025,1,16438.4
P006903,2025,1,29596.21
P006905,2025,1,78318.9
P006906,2025,1,23096.52
P006907,2025,1,35329.79
P006910,2025,1,20734.11
P006911,2025,1,33146.09
P006912,2025,1,49338.19
P006913,2025,1,22495.74
P006914,2025,1,64987.33
P006916,2025,1,10188.72
P006920,2025,1,23707.86
P006921,2025,1,32092.34
P006928,2025,1,26352.64
P006931,2025,1,15678.72
P006933,2025,1,70901.54
P006945,2025,1,40828.78
P006947,2025,1,32978.85
P006949,2025,0,0
P006950,2025,1,58268.13
P006955,2025,1,45072.65
P006965,2025,1,28250.79
P006966,2025,1,33226.08
P006969,2025,1,25187.56
P006973,2025,0,0
P006974,2025,1,31106.68
P006975,2025,1,24182.65
P006976,2025,1,33813.71
P006977,2025,1,45747.11
P006978,2025,1,22517.06
P006979,2025,1,38824.16
P006982,2025,1,12135.28
P006984,2025,1,35696.13
P006987,2025,1,14540.63
P006991,2025,1,52422.34
P006992,2025,1,17418.94
P006997,2025,1,65014.21
P006998,2025,1,38195.15
P006999,2025,1,NA
P007001,2025,0,0
P007003,2025,1,6274.01
P007004,2025,1,16873.58
P007009,2025,1,68682.19
P007013,2025,1,49199.91
P007014,2025,1,15649.52
P007016,2025,1,35310.56
P007017,2025,1,40280.84
P007019,2025,1,26138.84
P007020,2025,1,25367.08
P007025,2025,1,21046.33
P007028,2025,1,52603.05
P007029,2025,1,24582.18
P007033,2025,1,118598.41
P007034,2025,1,52684.54
P007035,2025,1,14262.17
P007036,2025,1,58266.65
P007039,2025,1,37065.54
P007042,2025,1,80522.9
P007043,2025,1,22117.8
P007047,2025,1,11502.88
P007051,2025,1,7469.45
P007052,2025,1,51823.2
P007053,2025,1,30261.69
P007054,2025,1,74128.86
P007056,2025,1,34065.47
P007059,2025,1,30936.82
P007060,2025,1,27021.78
P007062,2025,1,22907.77
P007063,2025,1,15342.54
P007066,2025,1,23691.32
P007067,2025,1,19235.27
P007071,2025,1,75536.01
P007072,2025,1,24921.54
P007075,2025,1,19760.96
P007081,2025,1,21095.17
P007082,2025,1,43908.29
P007085,2025,1,21140.91
P007087,2025,1,39311.92
P007089,2025,1,37925.07
P007090,2025,1,13839.66
P007094,2025,1,19276.24
P007098,2025,1,21297.65
P007100,2025,1,66491.23
P007101,2025,1,22000.76
P007106,2025,1,13564.55
P007107,2025,1,57040.22
P007109,2025,1,14195.32
P007110,2025,1,51966.41
P007114,2025,1,30794.2
P007116,2025,1,20970.91
P007117,2025,1,15843.7
P007118,2025,1,68594.64
P007119,2025,1,5914.66
P007121,2025,1,14561.13
P007123,2025,1,24750.02
P007127,2025,1,13904.07
P007129,2025,1,9200.2
P007132,2025,1,18608.02
P007134,2025,1,37082.31
P007140,2025,1,15727.2
P007141,2025,1,58746.05
P007144,2025,1,96256.89
P007148,2025,1,22468.1
P007149,2025,1,31480.55
P007150,2025,1,49043.54
P007155,2025,1,27094.59
P007156,2025,1,15512.48
P007157,2025,1,9084.88
P007162,2025,1,45521.88
P007164,2025,1,74124.11
P007165,2025,1,43190.97
P007167,2025,1,14118.95
P007169,2025,1,6961.06
P007179,2025,1,67950.57
P007182,2025,1,33373.38
P007183,2025,1,37837.64
P007184,2025,1,20537.51
P007186,2025,1,19221.74
P007198,2025,1,23494.31
P007200,2025,1,13089.66
P007201,2025,1,31240.41
P007206,2025,1,30396.15
P007213,2025,1,14002.76
P007215,2025,0,0
P007219,2025,1,38740.09
P007220,2025,1,26612.43
P007221,2025,1,11995.91
P007225,2025,1,13919.46
P007227,2025,1,18985.52
P007229,2025,1,21875.41
P007233,2025,0,0
P007236,2025,1,34103.27
P007237,2025,1,6657.22
P007240,2025,1,25144.91
P007242,2025,1,24778.28
P007244,2025,1,34762.12
P007245,2025,1,19047.79
P007246,2025,1,69610.99
P007249,2025,1,58343.36
P007251,2025,1,40721.57
P007252,2025,1,19966.83
P007255,2025,1,29242.82
P007256,2025,1,14013.83
P007257,2025,1,44702.64
P007258,2025,1,6587.22
P007260,2025,1,11890.53
P007261,2025,1,18996.29
P007264,2025,1,44980.18
P007265,2025,1,39623.11
P007268,2025,1,23239.32
P007269,2025,1,17148.19
P007270,2025,0,0
P007275,2025,1,46157.42
P007276,2025,1,4554.37
P007280,2025,1,11941.54
P007281,2025,1,24455.94
P007283,2025,1,44654.87
P007284,2025,1,26708.08
P007285,2025,1,21047.55
P007286,2025,1,109752.6
P007287,2025,1,54297.15
P007289,2025,1,13906.44
P007293,2025,1,26544.55
P007294,2025,1,24315.4
P007297,2025,1,19969.64
P007298,2025,1,10794.72
P007299,2025,1,-28617.52
P007302,2025,1,106598.57
P007303,2025,1,17355.6
P007305,2025,1,20860.72
P007306,2025,1,58019.28
P007307,2025,1,15685.04
P007309,2025,1,15012.94
P007310,2025,1,17184.16
P007312,2025,1,19996.88
P007313,2025,1,39150.34
P007314,2025,1,13606.85
P007318,2025,1,54904.5
P007319,2025,1,47055.19
P007325,2025,1,9771.06
P007326,2025,1,31591.36
P007328,2025,1,20033.84
P007330,2025,1,22425.27
P007331,2025,1,30830.01
P007335,2025,1,31997.44
P007337,2025,1,24859.8
P007340,2025,1,11113.9
P007341,2025,1,44636.76
P007344,2025,1,35936.06
P007346,2025,1,8565.04
P007347,2025,1,21699.9
P007348,2025,1,33904.25
P007354,2025,1,70009.84
P007355,2025,1,15598.89
P007358,2025,1,10061.18
P007361,2025,1,31873.47
P007363,2025,1,19742.18
P007364,2025,1,6560.64
P007365,2025,1,73199.9
P007368,2025,1,26279.26
P007372,2025,1,42244.05
P007373,2025,1,44456.93
P007374,2025,1,11635.31
P007375,2025,1,17829.61
P007376,2025,1,38106.92
P007378,2025,1,46273.68
P007380,2025,1,76733.19
P007382,2025,1,24271.35
P007384,2025,1,53920.19
P007385,2025,1,27751.57
P007386,2025,1,43440.81
P007387,2025,1,47187.16
P007388,2025,1,36701.16
P007390,2025,1,17940.36
P007392,2025,1,29301.37
P007404,2025,1,61758.73
P007407,2025,1,60346.94
P007408,2025,1,20945.38
P007412,2025,1,82103.16
P007414,2025,1,11596.61
P007415,2025,1,34462.87
P007416,2025,1,6525.47
P007417,2025,1,36605.94
P007418,2025,1,18650.69
P007419,2025,1,17728.61
P007420,2025,1,33457.87
P007421,2025,1,23523.37
P007424,2025,1,32155.97
P007425,2025,1,34441.01
P007426,2025,1,48462.07
P007430,2025,1,86892.46
P007431,2025,1,34333.01
P007434,2025,1,41983.67
P007442,2025,1,29406.89
P007443,2025,1,173047.24
P007444,2025,1,36801.97
P007445,2025,1,26981.91
P007449,2025,1,52546.09
P007452,2025,1,26282.08
P007457,2025,1,18038.32
P007459,2025,1,5821.95
P007467,2025,1,14147.06
P007469,2025,1,32431.14
P007470,2025,1,23252.94
P007476,2025,1,52310.07
P007489,2025,1,34874.44
P007492,2025,1,2906.96
P007493,2025,1,24364.77
P007495,2025,1,33422.68
P007498,2025,0,0
P007500,2025,1,89103.82
P007503,2025,1,5291.11
P007508,2025,1,29915.18
P007512,2025,1,39994.28
P007514,2025,1,57966.35
P007515,2025,1,37098.46
P007520,2025,1,32585.32
P007521,2025,1,36048.29
P007522,2025,1,28136.7
P007523,2025,1,17249.99
P007525,2025,1,75009.7
P007526,2025,1,31324.8
P007529,2025,1,16655.44
P007531,2025,1,26023.17
P007534,2025,1,6939.17
P007535,2025,1,29841.46
P007538,2025,1,35312.26
P007540,2025,1,36766.21
P007545,2025,1,21675.27
P007549,2025,1,43847.52
P007550,2025,1,43702.56
P007552,2025,1,22168.6
P007553,2025,1,20886.05
P007554,2025,1,9308.64
P007555,2025,1,14188.22
P007561,2025,1,40947.13
P007563,2025,1,0
P007564,2025,1,24734.39
P007569,2025,1,55982.34
P007580,2025,1,45477.5
P007582,2025,1,18085.26
P007583,2025,1,52570.83
P007584,2025,1,86323.69
P007585,2025,1,32854.52
P007589,2025,1,9792.26
P007590,2025,1,25546.98
P007594,2025,1,20793.01
P007595,2025,1,82561.88
P007597,2025,1,54127.15
P007599,2025,1,28895.85
P007604,2025,1,59201.56
P007605,2025,1,29701.16
P007609,2025,1,43134.08
P007612,2025,1,33784.06
P007615,2025,1,15209.25
P007616,2025,1,34686.51
P007617,2025,1,22528.52
P007619,2025,1,10364.13
P007620,2025,1,20897.84
P007624,2025,1,25685.07
P007625,2025,1,33050.06
P007626,2025,1,20092.98
P007627,2025,1,19624.11
P007630,2025,1,13021.56
P007632,2025,1,69222.03
P007635,2025,1,17646.62
P007637,2025,1,11697.93
P007638,2025,1,22891.64
P007639,2025,1,27288.9
P007641,2025,1,44200.23
P007642,2025,1,70242.12
P007643,2025,1,28179.65
P007646,2025,1,45062.29
P007649,2025,1,34795.91
P007650,2025,1,19918.83
P007660,2025,1,11899.43
P007662,2025,1,8831.56
P007665,2025,1,34525.81
P007667,2025,1,24142.45
P007669,2025,1,6854.69
P007676,2025,1,23440.71
P007678,2025,1,108500.63
P007679,2025,1,35841.45
P007680,2025,1,24287.16
P007681,2025,1,8368.13
P007682,2025,1,46761.39
P007683,2025,1,60646.25
P007685,2025,1,60888.45
P007686,2025,1,42760.57
P007689,2025,1,33447.82
P007691,2025,1,23360.91
P007698,2025,1,21996.95
P007702,2025,1,41792.25
P007703,2025,1,113855.61
P007704,2025,1,22271.15
P007705,2025,1,18468.63
P007706,2025,1,41175.41
P007708,2025,1,38636.21
P007710,2025,1,43083.2
P007713,2025,1,11089.65
P007716,2025,1,15430.02
P007719,2025,1,7463.21
P007720,2025,1,43339.85
P007724,2025,1,15179.89
P007725,2025,1,12221.47
P007726,2025,1,37346.57
P007729,2025,1,30237.7
P007730,2025,1,48631.94
P007732,2025,1,10518.31
P007733,2025,0,0
P007737,2025,1,15870.29
P007741,2025,1,57397.24
P007742,2025,1,0
P007743,2025,1,35769.75
P007744,2025,1,44405.14
P007748,2025,1,7051.58
P007749,2025,1,49956.9
P007752,2025,1,21100
P007754,2025,1,40911.97
P007756,2025,1,35872.71
P007757,2025,1,36075.48
P007760,2025,1,16451.3
P007761,2025,1,19953.29
P007763,2025,1,34362.07
P007769,2025,1,5681.19
P007772,2025,1,52163.34
P007773,2025,1,27242.04
P007777,2025,1,19895.27
P007782,2025,1,48546.76
P007783,2025,1,17942.39
P007786,2025,1,41062.02
P007788,2025,0,0
P007789,2025,1,15728.02
P007793,2025,1,3152.03
P007796,2025,1,20693.15
P007797,2025,1,13172.39
P007798,2025,1,60307.16
P007799,2025,1,39890.19
P007801,2025,1,59834.9
P007802,2025,1,31167.93
P007804,2025,1,64609.07
P007805,2025,1,12338.97
P007808,2025,1,12024.68
P007812,2025,1,18738.23
P007816,2025,1,30866.25
P007818,2025,1,37060.66
P007820,2025,1,17057.09
P007825,2025,1,46478.76
P007835,2025,1,14169.07
P007840,2025,1,34156.26
P007842,2025,1,44843.91
P007843,2025,1,65657.37
P007847,2025,1,62149.68
P007850,2025,1,36672.47
P007856,2025,1,87942.23
P007857,2025,1,55637.56
P007858,2025,1,22375.45
P007860,2025,1,33516.81
P007861,2025,1,14258.68
P007866,2025,1,44446.96
P007868,2025,1,8873.15
P007870,2025,1,13517.26
P007874,2025,1,92826.75
P007875,2025,1,13043.28
P007876,2025,1,37670.36
P007877,2025,1,28142.5
P007879,2025,1,26278.06
P007884,2025,1,22281.08
P007889,2025,1,44405.5
P007891,2025,1,16273
P007896,2025,1,24837.37
P007898,2025,1,33042.41
P007899,2025,1,14946.17
P007902,2025,1,9485.27
P007905,2025,1,14127.39
P007906,2025,1,30819.38
P007907,2025,1,14850.99
P007908,2025,1,38533.99
P007910,2025,1,27038.86
P007912,2025,1,14799.61
P007918,2025,1,49403.8
P007919,2025,1,8030.42
P007921,2025,1,26385.07
P007922,2025,1,28561.9
P007928,2025,1,82933.06
P007930,2025,1,102675.79
P007932,2025,1,0
P007933,2025,1,21188.08
P007935,2025,1,38787.78
P007937,2025,1,6920.62
P007941,2025,1,29584.35
P007943,2025,1,13784.11
P007944,2025,1,8716.08
P007947,2025,1,26462.46
P007953,2025,1,55363.65
P007954,2025,1,42533.02
P007956,2025,1,84050.92
P007958,2025,1,47288.97
P007964,2025,1,53680.01
P007968,2025,1,13609.09
P007970,2025,1,72803.76
P007971,2025,1,14892.26
P007974,2025,1,52272.28
P007976,2025,1,39907.87
P007978,2025,1,30868.04
P007980,2025,1,17743.45
P007984,2025,1,23545.66
P007985,2025,1,94865.75
P007988,2025,1,-35928.04
P007989,2025,1,21169.08
P007990,2025,1,40467.93
P007991,2025,1,99317.74
P007992,2025,1,17365.5
P007993,2025,1,35885.02
P007994,2025,1,9998.06
P007997,2025,1,26760.65
P007999,2025,1,40060.09
P008001,2025,1,75518.47
P008005,2025,1,50707.1
P008009,2025,1,22650.04
P008011,2025,1,10960.06
P008020,2025,1,51933.15
P008021,2025,1,22301.43
P008024,2025,1,7947.48
P008025,2025,1,18926.32
P008027,2025,1,73411.55
P008031,2025,1,14071.37
P008033,2025,1,33426.42
P008035,2025,1,33995.29
P008036,2025,1,28642.52
P008039,2025,1,94226.47
P008041,2025,1,6426.17
P008042,2025,1,96794.36
P008043,2025,1,20378.64
P008045,2025,1,20279.08
P008046,2025,1,93558.13
P008047,2025,1,32774.82
P008048,2025,1,15938.34
P008051,2025,1,19515.9
P008052,2025,1,42476
P008059,2025,1,39164.04
P008061,2025,1,49020.19
P008062,2025,1,17819.72
P008063,2025,1,19310.54
P008064,2025,1,19246.76
P008065,2025,1,20474.33
P008069,2025,1,24071.75
P008070,2025,1,62694.35
P008072,2025,1,51290.54
P008073,2025,1,31843.52
P008075,2025,1,204376.4
P008077,2025,1,41938.49
P008086,2025,1,8172.23
P008087,2025,1,34916.16
P008088,2025,1,50230.94
P008100,2025,1,44821.05
P008101,2025,1,84088.72
P008102,2025,1,34921.98
P008105,2025,1,7789.01
P008108,2025,1,22294.81
P008110,2025,1,6497.14
P008111,2025,1,35188.27
P008112,2025,1,42846.62
P008118,2025,1,20387.01
P008119,2025,1,16545.23
P008120,2025,1,26597.1
P008122,2025,1,28469.82
P008126,2025,1,17859.34
P008127,2025,1,17270.44
P008128,2025,1,22420.04
P008130,2025,1,65369.6
P008131,2025,1,29604.17
P008137,2025,1,40635.32
P008139,2025,1,13094.14
P008141,2025,1,26106.13
P008142,2025,1,13921.23
P008143,2025,1,13205
P008144,2025,1,28946.25
P008147,2025,1,32624.86
P008150,2025,1,22880.82
P008158,2025,1,63413.09
P008159,2025,1,27906.88
P008162,2025,1,19341.94
P008164,2025,1,18096.15
P008166,2025,1,41089.52
P008169,2025,1,24728.54
P008174,2025,1,90104.95
P008175,2025,1,94847.76
P008176,2025,1,43994.13
P008177,2025,1,28720.71
P008178,2025,1,63059.7
P008179,2025,1,200321.82
P008181,2025,1,50304.82
P008184,2025,1,78323.09
P008185,2025,1,30444.23
P008187,2025,1,27329.75
P008190,2025,1,6549.61
P008191,2025,1,10916.83
P008192,2025,1,44063.88
P008193,2025,1,31986.28
P008195,2025,1,57005.69
P008197,2025,1,11932.76
P008199,2025,1,14551.24
P008201,2025,1,38726.63
P008202,2025,1,103836.75
P008204,2025,1,47954.43
P008208,2025,1,25779.67
P008210,2025,1,14437.74
P008213,2025,1,24461.16
P008214,2025,1,24624.77
P008217,2025,1,21182.19
P008218,2025,1,7565.95
P008219,2025,1,10802.52
P008220,2025,0,0
P008224,2025,1,8328.73
P008230,2025,1,28942.78
P008231,2025,1,26912.33
P008232,2025,0,0
P008233,2025,1,82409.6
P008234,2025,1,27605.19
P008235,2025,1,36256.77
P008239,2025,1,47403.21
P008241,2025,1,19264.78
P008243,2025,1,0
P008256,2025,0,0
P008258,2025,1,26523.89
P008264,2025,1,28361.69
P008266,2025,1,21114.45
P008267,2025,1,33811.98
P008269,2025,1,16576.59
P008277,2025,1,42398.46
P008279,2025,1,51904.55
P008282,2025,1,35631.22
P008290,2025,1,34532.2
P008294,2025,1,25730.54
P008297,2025,1,16399.98
P008298,2025,1,16517.32
P008300,2025,1,26111.68
P008306,2025,1,14675.17
P008308,2025,1,27534.14
P008309,2025,1,20966.68
P008311,2025,1,53512.04
P008312,2025,1,38800.24
P008316,2025,1,65103.41
P008317,2025,1,55089.48
P008320,2025,1,52704.85
P008321,2025,1,28460.1
P008322,2025,1,38533.92
P008328,2025,1,25722.32
P008330,2025,1,43475.98
P008331,2025,1,19707.46
P008332,2025,1,28335.35
P008333,2025,1,24523.58
P008334,2025,1,22266.96
P008340,2025,1,16790.92
P008341,2025,1,36828.91
P008343,2025,1,22537.13
P008345,2025,1,39323.34
P008346,2025,1,33141.48
P008347,2025,1,36367.94
P008351,2025,1,117088.77
P008354,2025,1,26584.39
P008358,2025,1,46296.36
P008360,2025,1,58948.17
P008363,2025,1,53899.71
P008364,2025,1,0
P008366,2025,1,18645.61
P008368,2025,1,20536.47
P008369,2025,1,63471.06
P008371,2025,1,44842.42
P008372,2025,1,50946.82
P008374,2025,1,13975
P008377,2025,1,16934.66
P008378,2025,0,0
P008380,2025,1,17470.29
P008382,2025,1,15343.66
P008384,2025,1,10063.65
P008387,2025,1,38072.49
P008388,2025,1,42549.29
P008390,2025,1,35962.98
P008391,2025,1,45426.54
P008393,2025,1,NA
P008394,2025,1,11801.29
P008397,2025,1,44915.55
P008398,2025,1,38745.45
P008399,2025,1,9206.11
P008400,2025,1,68306.14
P008401,2025,1,63188.15
P008402,2025,1,-28178.71
P008408,2025,1,114728.28
P008409,2025,1,23115.18
P008411,2025,1,29119.13
P008413,2025,1,23174.67
P008415,2025,1,36642.93
P008416,2025,1,11890.16
P008417,2025,1,88830.42
P008418,2025,1,12691.53
P008419,2025,1,15275.17
P008426,2025,1,33522.67
P008430,2025,1,12101.09
P008431,2025,0,0
P008433,2025,1,23448.38
P008434,2025,1,93840.78
P008437,2025,1,19567.3
P008442,2025,1,70329.02
P008448,2025,1,33915.82
P008449,2025,1,18509.57
P008451,2025,1,26487.94
P008452,2025,1,7041.84
P008453,2025,1,35212.47
P008454,2025,1,22088.64
P008456,2025,1,93015.92
P008459,2025,1,12580.19
P008460,2025,1,46183.52
P008463,2025,1,14999.18
P008464,2025,1,31488.03
P008465,2025,1,13275.64
P008469,2025,1,149519.24
P008473,2025,1,29692.43
P008475,2025,1,32225.82
P008476,2025,1,27639.33
P008484,2025,1,36524.29
P008485,2025,1,34235.6
P008489,2025,1,85946.84
P008490,2025,1,25571.06
P008491,2025,1,20073.42
P008493,2025,1,57942.01
P008494,2025,1,104713.92
P008495,2025,1,27082.12
P008496,2025,1,20588.13
P008497,2025,1,27586.06
P008498,2025,1,57611.88
P008499,2025,1,53973.65
P008500,2025,1,62208.68
P008503,2025,1,19223.24
P008506,2025,1,91624.83
P008507,2025,1,14833.66
P008508,2025,1,42239.32
P008509,2025,1,37738.41
P008510,2025,1,37832
P008514,2025,1,54060.86
P008515,2025,1,78920.95
P008516,2025,1,4260.19
P008517,2025,1,57397.89
P008521,2025,1,15983.87
P008522,2025,1,53078.28
P008523,2025,1,31379.51
P008524,2025,1,21093.69
P008526,2025,1,41560.31
P008530,2025,1,8366.07
P008531,2025,1,59563.07
P008532,2025,1,29096.4
P008541,2025,1,31328.13
P008546,2025,1,20631.98
P008548,2025,1,33349.7
P008556,2025,1,31317.82
P008557,2025,1,20025.09
P008560,2025,1,12836.43
P008561,2025,1,50145.39
P008562,2025,1,26129.32
P008563,2025,1,31944.85
P008565,2025,1,49609.12
P008567,2025,1,35180.71
P008568,2025,1,55453.78
P008570,2025,1,25631.94
P008571,2025,1,17632.24
P008576,2025,1,16470.89
P008582,2025,1,12308.93
P008584,2025,1,112880.44
P008585,2025,1,13818.81
P008588,2025,1,47100.84
P008601,2025,1,14424.51
P008603,2025,1,17602.49
P008604,2025,1,64167.4
P008607,2025,1,27764.45
P008608,2025,1,25849.13
P008616,2025,1,59213.08
P008631,2025,1,27290.1
P008634,2025,1,25657.43
P008635,2025,1,47869.75
P008637,2025,1,47052.25
P008638,2025,1,68076.64
P008640,2025,1,60219.76
P008644,2025,1,54820.82
P008645,2025,1,59332.78
P008647,2025,1,34510.81
P008650,2025,1,22407.41
P008651,2025,1,72732.51
P008653,2025,1,40044.99
P008655,2025,1,39751.45
P008656,2025,1,58135.68
P008657,2025,1,20152.59
P008658,2025,1,18810.7
P008664,2025,1,40448.33
P008665,2025,1,32949.83
P008666,2025,1,8410.88
P008667,2025,1,17237.61
P008677,2025,1,31710.71
P008680,2025,1,32272.93
P008682,2025,1,66614.64
P008683,2025,1,15882.01
P008690,2025,1,21021.73
P008692,2025,1,13542.01
P008698,2025,1,31590.12
P008700,2025,1,40265.68
P008702,2025,1,43792.04
P008703,2025,1,45993.08
P008704,2025,1,15111.7
P008716,2025,1,8463.24
P008718,2025,1,33971.3
P008721,2025,1,150799.18
P008724,2025,1,36095
P008726,2025,1,20212.64
P008727,2025,1,115340.42
P008730,2025,1,33731.47
P008731,2025,1,101668.69
P008733,2025,1,18806.55
P008735,2025,1,26617.04
P008737,2025,1,59168.35
P008738,2025,1,13697.74
P008739,2025,1,16686.57
P008744,2025,1,15734.52
P008746,2025,1,64718.56
P008749,2025,1,8158.03
P008754,2025,1,31661.79
P008757,2025,1,34543.85
P008758,2025,0,0
P008759,2025,1,29657.31
P008762,2025,1,28670.16
P008766,2025,1,8646.94
P008767,2025,1,9024.42
P008769,2025,1,46797.85
P008770,2025,1,22419.39
P008773,2025,1,16257
P008776,2025,1,27018.63
P008782,2025,1,43173.34
P008785,2025,1,24040.86
P008788,2025,1,83518.05
P008789,2025,1,68985.8
P008790,2025,1,14513.63
P008793,2025,1,30783.71
P008797,2025,1,26629.66
P008800,2025,1,96223.01
P008801,2025,1,20145.42
P008802,2025,1,29595.59
P008804,2025,1,17509.53
P008805,2025,1,41715.05
P008806,2025,1,37625.93
P008810,2025,1,24638.06
P008812,2025,1,4722.62
P008817,2025,1,60717.95
P008819,2025,1,38316.52
P008820,2025,1,-31904.5
P008821,2025,1,55858.02
P008822,2025,1,57625.32
P008824,2025,1,52126.2
P008826,2025,1,10337.8
P008832,2025,1,18118.09
P008834,2025,1,21828.66
P008836,2025,1,10704.59
P008844,2025,1,20262.98
P008848,2025,1,11912.18
P008849,2025,1,18354.28
P008851,2025,1,45935.91
P008852,2025,1,9214.81
P008853,2025,1,37972.6
P008855,2025,1,50654.14
P008858,2025,1,0
P008860,2025,1,98010.9
P008861,2025,1,21933.4
P008863,2025,1,18592.25
P008865,2025,1,12701.96
P008866,2025,1,27240.91
P008871,2025,1,56576.83
P008872,2025,1,8059.39
P008875,2025,1,74587.61
P008877,2025,1,47867.3
P008880,2025,1,19361.4
P008881,2025,1,11994.28
P008882,2025,1,30790.43
P008893,2025,1,19476.9
P008897,2025,1,55361.31
P008900,2025,1,32956.96
P008901,2025,0,0
P008903,2025,1,79524.16
P008910,2025,1,30015.83
P008911,2025,1,28850.87
P008914,2025,1,52366.83
P008915,2025,1,16785.64
P008920,2025,1,82616.29
P008923,2025,1,52007.48
P008928,2025,1,17634.19
P008929,2025,1,35171.09
P008938,2025,1,46086.74
P008939,2025,1,63576.09
P008948,2025,1,33660.58
P008949,2025,1,19988.33
P008951,2025,1,26860.87
P008952,2025,1,20635.61
P008953,2025,1,27019.92
P008960,2025,1,NA
P008964,2025,1,13451.61
P008967,2025,1,31308.32
P008972,2025,1,38361.53
P008973,2025,1,30168.58
P008976,2025,1,NA
P008978,2025,1,12910.48
P008979,2025,1,38467.49
P008980,2025,1,39984.15
P008981,2025,1,24871.7
P008984,2025,1,13363.17
P008986,2025,1,12429.66
P008988,2025,0,0
P008989,2025,1,95089.76
P008991,2025,1,29958.79
P008993,2025,1,57948.48
P008996,2025,1,49284.54
P008997,2025,1,23909.71
P009002,2025,1,9824.38
P009004,2025,1,35851.27
P009005,2025,1,37519.84
P009007,2025,1,27570.7
P009009,2025,1,50454.73
P009010,2025,1,90023.03
P009011,2025,1,3940.83
P009015,2025,1,18005.1
P009017,2025,1,69417.93
P009018,2025,1,32060.74
P009021,2025,1,33563.72
P009022,2025,1,56938.12
P009023,2025,0,0
P009029,2025,1,15891.17
P009031,2025,1,23013.14
P009036,2025,1,38193.15
P009037,2025,1,25950.27
P009043,2025,1,30603.26
P009047,2025,1,17570.74
P009048,2025,1,44267.06
P009051,2025,1,44645.98
P009052,2025,1,79111.02
P009054,2025,1,92167.19
P009055,2025,1,41820.28
P009070,2025,1,8200
P009072,2025,1,19764.54
P009075,2025,1,12637.77
P009081,2025,1,37410.87
P009082,2025,1,15552.23
P009083,2025,1,31336.4
P009084,2025,1,26844.19
P009085,2025,0,0
P009086,2025,1,50776.05
P009087,2025,1,22350.25
P009088,2025,1,12912.4
P009089,2025,1,19804.87
P009092,2025,1,25370.02
P009095,2025,1,13524.77
P009101,2025,1,43920.79
P009105,2025,1,27732.16
P009106,2025,1,18693.48
P009110,2025,1,25500.88
P009111,2025,1,27148.61
P009113,2025,1,26957.82
P009115,2025,1,44820.47
P009116,2025,1,10670.75
P009117,2025,1,24085.13
P009118,2025,1,34501.44
P009119,2025,1,25775.69
P009120,2025,1,43016.27
P009121,2025,1,24232.8
P009122,2025,1,83474.7
P009123,2025,1,22216.02
P009130,2025,1,68356.44
P009132,2025,1,19116.75
P009133,2025,1,36339.81
P009134,2025,1,55635.53
P009135,2025,1,38205.16
P009140,2025,1,55873.65
P009147,2025,1,92283.42
P009150,2025,1,37714.23
P009151,2025,1,55463.49
P009153,2025,1,67308.15
P009157,2025,1,65337.49
P009158,2025,1,39952.6
P009159,2025,1,45748.45
P009163,2025,1,63706.65
P009164,2025,1,30641.87
P009168,2025,1,52458.02
P009171,2025,1,24753.69
P009173,2025,1,17146.43
P009174,2025,1,17867.58
P009175,2025,1,50883.58
P009177,2025,1,31728.06
P009178,2025,0,0
P009179,2025,1,12713.35
P009180,2025,1,54981.29
P009184,2025,1,158493.78
P009187,2025,1,26267.83
P009189,2025,1,64213.28
P009190,2025,1,7693.27
P009193,2025,1,29335.34
P009194,2025,1,19270.51
P009197,2025,1,50561.16
P009199,2025,1,42891.56
P009200,2025,1,36841.68
P009204,2025,1,75803.44
P009207,2025,1,21197.99
P009208,2025,1,34616.68
P009209,2025,1,74520.71
P009210,2025,1,56563.2
P009211,2025,1,13442.4
P009212,2025,1,30975.35
P009213,2025,1,26191.83
P009215,2025,1,28384.16
P009217,2025,1,76581.87
P009219,2025,1,19535.7
P009220,2025,1,72657.87
P009223,2025,1,52815.99
P009227,2025,1,29451.38
P009228,2025,1,55490.14
P009231,2025,1,29769.11
P009232,2025,1,92464.79
P009235,2025,1,31527.16
P009236,2025,1,9955.08
P009237,2025,1,22327.94
P009239,2025,1,10887.75
P009250,2025,1,34946.95
P009252,2025,1,31152.97
P009253,2025,1,117531.75
P009254,2025,1,64550.33
P009257,2025,1,16696.44
P009259,2025,1,29812.98
P009260,2025,1,38042.41
P009261,2025,1,17221.22
P009262,2025,1,7337.7
P009263,2025,1,15990.3
P009264,2025,1,17012.63
P009267,2025,1,25012.04
P009272,2025,1,34130.55
P009274,2025,1,29396.6
P009275,2025,1,31515.12
P009277,2025,1,15824.6
P009278,2025,1,17684.24
P009279,2025,1,44270.36
P009282,2025,1,23285.98
P009284,2025,1,14453.08
P009285,2025,1,30782.93
P009286,2025,1,14045.66
P009292,2025,1,20759.45
P009297,2025,1,8968.43
P009301,2025,1,12514.74
P009305,2025,1,53128.99
P009307,2025,1,39525.83
P009308,2025,1,56570.16
P009311,2025,1,NA
P009312,2025,1,24663.37
P009316,2025,1,18986.52
P009317,2025,1,25980.15
P009318,2025,1,27166.54
P009319,2025,1,21517.22
P009320,2025,1,16329.82
P009321,2025,1,19027.9
P009322,2025,1,9180.54
P009323,2025,1,29058.89
P009325,2025,1,33964.21
P009326,2025,1,18654.58
P009327,2025,0,0
P009332,2025,1,44208.58
P009334,2025,1,21930.7
P009337,2025,1,32987.4
P009339,2025,1,14143.97
P009342,2025,1,20907.47
P009346,2025,1,29875.29
P009349,2025,1,12530.84
P009353,2025,1,22847.49
P009354,2025,1,15994.57
P009357,2025,0,0
P009358,2025,1,49450.89
P009364,2025,1,15331.86
P009366,2025,1,77395.13
P009371,2025,1,4644.51
P009377,2025,1,25775.63
P009378,2025,1,56739.81
P009379,2025,1,43843.59
P009381,2025,1,41907.19
P009382,2025,1,74406.79
P009384,2025,1,17956.83
P009388,2025,1,15065.73
P009389,2025,1,36248.75
P009392,2025,1,54402.44
P009393,2025,1,17115.22
P009395,2025,1,54256.71
P009400,2025,1,29119.74
P009403,2025,1,35025.09
P009405,2025,1,41287.73
P009406,2025,1,17254.36
P009407,2025,1,33766.91
P009409,2025,1,9901.61
P009411,2025,1,33204.96
P009414,2025,0,0
P009415,2025,1,32829.82
P009417,2025,1,10361.1
P009421,2025,1,74154.17
P009422,2025,1,63877.62
P009428,2025,1,24831.37
P009429,2025,1,24802.79
P009430,2025,1,26123.56
P009432,2025,1,41060.5
P009437,2025,1,24602.19
P009439,2025,1,19455.98
P009440,2025,1,-16779.57
P009441,2025,1,21565.04
P009442,2025,1,110577.69
P009444,2025,1,9631.66
P009445,2025,1,23024.28
P009446,2025,1,26781.15
P009449,2025,1,79746.02
P009450,2025,1,30819.48
P009453,2025,1,40171.52
P009455,2025,1,8674.68
P009456,2025,1,12292.47
P009458,2025,1,12664.45
P009459,2025,1,16606.6
P009460,2025,1,32936.88
P009461,2025,1,72056.54
P009464,2025,1,14121.59
P009468,2025,1,60968.63
P009470,2025,1,21833.29
P009473,2025,1,38886.32
P009475,2025,1,81020.03
P009476,2025,1,0
P009477,2025,1,27921.11
P009478,2025,1,8116.54
P009480,2025,1,21608.71
P009482,2025,1,112661.67
P009483,2025,1,39050.52
P009484,2025,1,17468.98
P009485,2025,1,29152.78
P009486,2025,1,45351.57
P009497,2025,1,51473.13
P009500,2025,1,87069.35
P009501,2025,1,0
P009502,2025,1,28035.31
P009504,2025,1,51235.48
P009505,2025,1,28772.63
P009508,2025,1,121071.44
P009509,2025,1,24445.35
P009513,2025,1,17640.48
P009515,2025,1,14706.99
P009517,2025,0,0
P009521,2025,1,22479.16
P009523,2025,1,83816.1
P009524,2025,1,66849.54
P009527,2025,1,10499.47
P009528,2025,1,29135.93
P009529,2025,1,10914.86
P009530,2025,1,13329.89
P009532,2025,1,24416.44
P009533,2025,1,61576.07
P009535,2025,1,59307.34
P009539,2025,1,13823.96
P009541,2025,1,27842.58
P009542,2025,1,42565.63
P009543,2025,1,26604.9
P009544,2025,1,19712.49
P009546,2025,1,44427.55
P009549,2025,1,65510.22
P009551,2025,1,30692.86
P009552,2025,1,46208.73
P009554,2025,1,13587.38
P009555,2025,1,33688.35
P009556,2025,1,20054.66
P009558,2025,1,81454.95
P009560,2025,1,59386.26
P009561,2025,1,15048.44
P009562,2025,1,30550.2
P009563,2025,1,37449.35
P009565,2025,1,17426.62
P009566,2025,1,29207.31
P009569,2025,1,23183.8
P009571,2025,1,30690.17
P009572,2025,1,9009.12
P009577,2025,1,66311.46
P009579,2025,1,33313.8
P009587,2025,1,29589.69
P009588,2025,1,59703.2
P009589,2025,1,12074.36
P009594,2025,1,26843.32
P009600,2025,1,30173.99
P009603,2025,1,25993.1
P009605,2025,1,13306.67
P009612,2025,1,40157.82
P009616,2025,1,14638.89
P009621,2025,1,33873.63
P009622,2025,1,18117.65
P009623,2025,1,40427.83
P009625,2025,1,30392.67
P009631,2025,1,38529.04
P009632,2025,1,20440.37
P009634,2025,1,46663.18
P009641,2025,1,58731.18
P009642,2025,1,32945.11
P009644,2025,1,40426.77
P009645,2025,1,8142.75
P009648,2025,1,86694.61
P009651,2025,1,12092.73
P009653,2025,1,28441.49
P009656,2025,1,49045.97
P009658,2025,1,59725.12
P009661,2025,1,32250.14
P009665,2025,1,11174.02
P009667,2025,1,14839.69
P009673,2025,1,37241.95
P009675,2025,1,49147.76
P009676,2025,1,18742.23
P009680,2025,1,83432.78
P009682,2025,1,17485.5
P009687,2025,1,11011.24
P009690,2025,1,34539.4
P009692,2025,1,8745.8
P009693,2025,1,62734.2
P009694,2025,1,NA
P009695,2025,1,222871.77
P009697,2025,1,25888.06
P009698,2025,1,10451.54
P009701,2025,1,33408.57
P009702,2025,1,34268.67
P009704,2025,1,39391.72
P009706,2025,1,79741.47
P009707,2025,1,9422.56
P009709,2025,1,34205.15
P009710,2025,1,43036.33
P009711,2025,1,46651.82
P009715,2025,1,16270.89
P009717,2025,1,14956.73
P009719,2025,1,51675.72
P009720,2025,1,30822.16
P009721,2025,1,24168.97
P009724,2025,1,26420.93
P009725,2025,1,22496.01
P009726,2025,1,87575.78
P009727,2025,1,8787.56
P009731,2025,1,38905.53
P009738,2025,1,10139.12
P009739,2025,1,15902.87
P009741,2025,1,22287.55
P009743,2025,1,5903.87
P009745,2025,1,33256.96
P009746,2025,1,107532.5
P009749,2025,1,12369.66
P009750,2025,1,68966.57
P009751,2025,1,18628.43
P009754,2025,1,36988.83
P009756,2025,1,44624.83
P009757,2025,1,34380.37
P009759,2025,1,83738.56
P009761,2025,1,40231.97
P009764,2025,1,24976.6
P009766,2025,1,11590.55
P009767,2025,1,57530.34
P009769,2025,1,15699.62
P009771,2025,1,6669.17
P009773,2025,1,30728.77
P009777,2025,1,11858.12
P009780,2025,1,22184.2
P009781,2025,1,8363.39
P009782,2025,1,20165.33
P009783,2025,1,47794.09
P009784,2025,1,38095.02
P009785,2025,1,21667.2
P009786,2025,1,31922.5
P009787,2025,1,47988.34
P009788,2025,1,45092.53
P009790,2025,1,22903.27
P009791,2025,1,28548.57
P009792,2025,1,38083.57
P009793,2025,1,66979.19
P009795,2025,1,64445.82
P009796,2025,1,37682.24
P009797,2025,1,24689.59
P009798,2025,1,18705.69
P009804,2025,1,27488.43
P009807,2025,1,13568.64
P009808,2025,1,27503.86
P009812,2025,1,29033.88
P009815,2025,1,NA
P009819,2025,1,25002.67
P009822,2025,1,50276.74
P009829,2025,1,52915.18
P009831,2025,1,40605.83
P009834,2025,1,27354.83
P009835,2025,1,8732.1
P009839,2025,1,20944.07
P009841,2025,1,16983.06
P009842,2025,1,10505.46
P009844,2025,1,18791.42
P009845,2025,1,62244.84
P009852,2025,1,23786.6
P009854,2025,1,39760.1
P009858,2025,1,9866.87
P009862,2025,1,10214.84
P009863,2025,1,26263.14
P009864,2025,1,17940.68
P009865,2025,1,47471.76
P009871,2025,1,21455.5
P009872,2025,1,37871.66
P009874,2025,1,16660.68
P009878,2025,1,29874.05
P009883,2025,1,10317.77
P009885,2025,0,0
P009891,2025,1,26119.45
P009901,2025,1,8616.01
P009903,2025,1,22409.16
P009905,2025,1,44329.33
P009909,2025,1,37110.18
P009910,2025,1,25546.5
P009912,2025,1,22155.57
P009914,2025,1,26501.61
P009918,2025,1,20453.76
P009919,2025,1,38931.34
P009920,2025,1,45819.75
P009921,2025,1,18174.53
P009924,2025,1,59722.93
P009926,2025,1,69952.94
P009927,2025,1,30735.17
P009930,2025,1,45412.39
P009931,2025,1,44636.74
P009933,2025,1,15423.76
P009940,2025,0,0
P009941,2025,1,16276.11
P009943,2025,1,56741.47
P009945,2025,1,95903.83
P009946,2025,1,6349.64
P009947,2025,1,40603.87
P009948,2025,0,0
P009953,2025,1,25212.39
P009958,2025,1,26274.03
P009960,2025,1,13319.73
P009961,2025,1,35282.52
P009964,2025,1,40048.55
P009966,2025,1,32629.8
P009967,2025,1,6097.53
P009968,2025,1,29409.17
P009969,2025,1,46183.52
P009972,2025,1,11072.4
P009973,2025,1,21552.88
P009975,2025,1,32554.48
P009977,2025,1,81659.61
P009978,2025,1,15418.27
P009982,2025,1,42597.08
P009983,2025,1,64361.69
P009984,2025,1,13797.23
P009985,2025,0,0
P009986,2025,1,28159.7
P009987,2025,1,43702.12
P009989,2025,1,52561.51
P009990,2025,1,34075.46
P009993,2025,1,20730.02
P009995,2025,1,36853.24
P010005,2025,1,9952.56
P010006,2025,1,41824.43
P010007,2025,1,27048.72
P010009,2025,1,33856.21
P010012,2025,1,73822.41
P010013,2025,1,19314.24
P010015,2025,1,46313.9
P010017,2025,1,32229.65
P010018,2025,1,13808.6
P010019,2025,1,25106.12
P010021,2025,1,17669.42
P010023,2025,1,27090.17
P010029,2025,1,57852.47
P010030,2025,1,8063.83
P010033,2025,1,38297.36
P010035,2025,1,51637.62
P010038,2025,1,43370.46
P010042,2025,1,30092.19
P010048,2025,1,13158.41
P010049,2025,1,14763.61
P010052,2025,1,22290.16
P010055,2025,1,33610.13
P010058,2025,1,12572.16
P010059,2025,1,54633.84
P010060,2025,1,29448.91
P010062,2025,1,11487.3
P010068,2025,1,17774.28
P010069,2025,1,32496.61
P010070,2025,1,22137.52
P010073,2025,1,11523.78
P010074,2025,1,20960.54
P010077,2025,1,28635.84
P010078,2025,1,14931.69
P010079,2025,1,22722.39
P010080,2025,1,14592.36
P010085,2025,1,5081.25
P010087,2025,1,43454.99
P010088,2025,1,48327.07
P010090,2025,1,11147.98
P010091,2025,1,51513.03
P010092,2025,1,12692.58
P010101,2025,1,7326.43
P010103,2025,1,37584.84
P010104,2025,1,52379.93
P010106,2025,1,61865.03
P010110,2025,1,11036.44
P010111,2025,1,7522.31
P010112,2025,1,35432
P010117,2025,1,23292.6
P010118,2025,1,-9796.2
P010124,2025,1,39230.81
P010127,2025,1,69661.97
P010128,2025,1,32725.02
P010129,2025,1,115145.86
P010130,2025,1,11210.82
P010131,2025,1,43193.93
P010132,2025,1,8676.11
P010135,2025,0,0
P010138,2025,1,49301.4
P010146,2025,1,22124.26
P010147,2025,1,31350.34
P010155,2025,1,21980.1
P010157,2025,1,52457.9
P010159,2025,1,18310.04
P010160,2025,1,107983.13
P010161,2025,1,49968.57
P010162,2025,1,10895.87
P010164,2025,1,32780.71
P010165,2025,1,13552.44
P010167,2025,1,30068.17
P010170,2025,1,42952.43
P010171,2025,1,75227.57
P010178,2025,1,19488.92
P010179,2025,1,19927.9
P010180,2025,1,32076.14
P010181,2025,1,27382.47
P010186,2025,1,33427.22
P010187,2025,1,62934.7
P010189,2025,1,42921.27
P010193,2025,1,46585.41
P010194,2025,1,6696.68
P010198,2025,1,18294.4
P010200,2025,1,20901.92
P010203,2025,1,144787.97
P010204,2025,1,57812.13
P010206,2025,0,0
P010208,2025,1,29125.09
P010210,2025,1,48296.32
P010211,2025,1,37917.33
P010213,2025,1,13284.87
P010214,2025,1,30257.71
P010217,2025,1,21207.53
P010219,2025,1,37542.69
P010222,2025,1,31328.7
P010225,2025,1,16205.76
P010228,2025,0,0
P010229,2025,1,9928.87
P010231,2025,1,48192.23
P010236,2025,1,12898.33
P010238,2025,1,41303.11
P010240,2025,1,54413.24
P010243,2025,1,36898.81
P010246,2025,1,26614.41
P010247,2025,1,72271.43
P010248,2025,1,55254.61
P010251,2025,1,60442.64
P010252,2025,1,9260.66
P010253,2025,1,43441.03
P010255,2025,1,89230.42
P010256,2025,1,34769.56
P010257,2025,1,20232.26
P010263,2025,1,27512.34
P010265,2025,1,29382.56
P010270,2025,1,49619.62
P010272,2025,1,9608.39
P010273,2025,1,22774.53
P010278,2025,1,31216.88
P010282,2025,1,31194.57
P010283,2025,1,49598.69
P010285,2025,1,98286.54
P010288,2025,1,27530.6
P010289,2025,1,27984.94
P010290,2025,1,28032.94
P010291,2025,1,122718.3
P010297,2025,1,10552.8
P010302,2025,1,55345.76
P010303,2025,1,26800.5
P010307,2025,1,12435.52
P010309,2025,1,15874.63
P010311,2025,1,33933.12
P010318,2025,1,63765.97
P010323,2025,1,52016.81
P010324,2025,1,15761.79
P010329,2025,1,32097.41
P010330,2025,1,34696.09
P010331,2025,1,9528.98
P010337,2025,1,43135.49
P010339,2025,1,30822.58
P010341,2025,1,31140.95
P010342,2025,1,20028.74
P010343,2025,1,26571.64
P010344,2025,1,112887.11
P010346,2025,1,35852.04
P010347,2025,1,39698.25
P010348,2025,1,58067.72
P010349,2025,0,0
P010352,2025,1,37845.07
P010353,2025,1,20213.29
P010354,2025,1,10107.86
P010357,2025,1,40502.18
P010358,2025,1,22788.94
P010359,2025,1,25241.35
P010360,2025,1,10485.8
P010362,2025,1,12813.83
P010365,2025,1,46039.38
P010366,2025,1,23438.58
P010367,2025,1,17728.05
P010369,2025,1,24952.67
P010373,2025,1,18219.37
P010374,2025,1,66452.31
P010375,2025,1,0
P010377,2025,1,19707.86
P010378,2025,1,16815.17
P010382,2025,1,18237.24
P010383,2025,1,17688.61
P010397,2025,1,43649.78
P010400,2025,1,30300.23
P010401,2025,1,23786.75
P010402,2025,1,26768.5
P010403,2025,1,37370.7
P010404,2025,1,32816.54
P010411,2025,1,15186.89
P010412,2025,1,38529.71
P010413,2025,1,37188.17
P010418,2025,1,48265.49
P010419,2025,1,41703.79
P010420,2025,1,13686.49
P010421,2025,1,7802.3
P010426,2025,1,38664.34
P010427,2025,1,49758.41
P010430,2025,1,15122.53
P010431,2025,1,37813.47
P010432,2025,1,42349.2
P010433,2025,1,14771.09
P010435,2025,1,12042.11
P010436,2025,1,34590.04
P010439,2025,1,14456.39
P010441,2025,1,11047.53
P010442,2025,1,39698.14
P010446,2025,0,0
P010447,2025,1,34142.47
P010449,2025,1,14526.59
P010451,2025,1,24906.62
P010452,2025,1,24128.87
P010453,2025,1,15875.59
P010454,2025,1,47737.13
P010457,2025,1,11813.37
P010458,2025,1,12132.61
P010461,2025,1,55318.04
P010464,2025,1,43222.15
P010465,2025,1,7452.43
P010469,2025,1,24506.36
P010471,2025,1,12415.69
P010472,2025,1,128325.57
P010478,2025,1,16139.51
P010480,2025,1,36890.11
P010483,2025,1,32920.69
P010484,2025,1,106164.25
P010487,2025,1,16106.53
P010488,2025,1,30130.89
P010490,2025,1,8080.66
P010493,2025,1,29880.36
P010495,2025,1,42812.79
P010497,2025,1,46177.5
P010502,2025,1,17119.65
P010503,2025,1,74559.77
P010504,2025,1,21268.3
P010505,2025,1,43723.97
P010506,2025,1,30627.62
P010507,2025,1,109797.48
P010508,2025,1,17646.31
P010509,2025,1,34392.63
P010513,2025,1,84942.83
P010515,2025,1,42047.61
P010516,2025,1,17100.41
P010518,2025,1,16559.96
P010519,2025,1,141962.71
P010525,2025,1,21529.42
P010526,2025,1,77912.91
P010527,2025,1,19599.43
P010528,2025,1,40131.3
P010529,2025,0,0
P010530,2025,1,30503.1
P010532,2025,1,45338.23
P010534,2025,1,16966.16
P010537,2025,1,5985.21
P010538,2025,1,31646.41
P010539,2025,1,43803.96
P010542,2025,1,12657.37
P010545,2025,1,NA
P010546,2025,1,34996.54
P010547,2025,1,43482.16
P010549,2025,1,93687.4
P010550,2025,1,32822.8
P010551,2025,1,52958.01
P010552,2025,1,37227.94
P010553,2025,1,35693.86
P010554,2025,1,22440.64
P010555,2025,1,10534.92
P010557,2025,1,72086.45
P010560,2025,1,19041.96
P010564,2025,1,7479.21
P010567,2025,1,61998.79
P010568,2025,1,8676.56
P010570,2025,1,66584.22
P010576,2025,1,18250.62
P010579,2025,1,42514.45
P010580,2025,1,44377.09
P010581,2025,1,4123.77
P010582,2025,1,76626.29
P010585,2025,1,9734.73
P010587,2025,1,33518.7
P010589,2025,1,29872.21
P010590,2025,1,24010.43
P010592,2025,1,52577.39
P010594,2025,1,19400.7
P010596,2025,1,69052.59
P010599,2025,1,21780.6
P010600,2025,1,20350.01
P010605,2025,1,24261.23
P010607,2025,1,37686.41
P010609,2025,1,41545.22
P010611,2025,1,40788.58
P010612,2025,1,45372.77
P010613,2025,1,52225.45
P010614,2025,1,37816.69
P010619,2025,1,22626.82
P010621,2025,1,17501.18
P010624,2025,1,NA
P010625,2025,1,37111.83
P010628,2025,1,46329.24
P010629,2025,1,84072.82
P010636,2025,1,50477.7
P010637,2025,1,54058.81
P010642,2025,1,43747.43
P010645,2025,1,58930.3
P010646,2025,1,37305.71
P010648,2025,1,8869.76
P010649,2025,1,41054.14
P010650,2025,1,17485.39
P010651,2025,1,38202.64
P010655,2025,1,51420.89
P010656,2025,1,30213.28
P010657,2025,1,41665.2
P010663,2025,1,25273.94
P010664,2025,0,0
P010667,2025,1,11602.69
P010669,2025,1,46430.11
P010670,2025,1,42340.69
P010671,2025,1,21850.62
P010674,2025,1,31110.41
P010682,2025,1,24225.44
P010684,2025,1,38790.57
P010686,2025,1,29546.73
P010687,2025,1,5002.57
P010689,2025,1,68495.38
P010690,2025,1,51861.03
P010692,2025,1,7054.43
P010694,2025,1,27477.98
P010700,2025,1,23118.16
P010702,2025,1,35527.56
P010704,2025,1,NA
P010706,2025,0,0
P010708,2025,1,20362.57
P010709,2025,1,36051.53
P010713,2025,0,0
P010717,2025,1,66805.33
P010719,2025,1,34720.87
P010721,2025,1,27598.66
P010722,2025,1,49641.85
P010723,2025,1,36756.24
P010727,2025,1,23044.99
P010729,2025,1,28570.67
P010731,2025,1,31035
P010732,2025,1,40652.66
P010736,2025,1,30067.66
P010738,2025,1,8518.57
P010740,2025,1,13691.87
P010741,2025,1,42101.52
P010745,2025,1,17184.22
P010748,2025,1,22134.96
P010753,2025,1,45002.39
P010755,2025,1,41767.26
P010756,2025,1,31013.87
P010757,2025,1,22897.07
P010759,2025,1,14640.65
P010760,2025,1,13497.89
P010761,2025,1,36733.47
P010762,2025,1,20462.66
P010764,2025,1,7989.9
P010765,2025,1,36639.16
P010768,2025,1,42487.96
P010769,2025,1,21987.75
P010771,2025,1,4512.03
P010773,2025,1,19135.35
P010775,2025,1,21776.38
P010777,2025,1,29277.48
P010778,2025,1,97746.11
P010779,2025,1,28798.82
P010780,2025,1,72394.46
P010782,2025,1,14499.39
P010785,2025,1,48704.65
P010789,2025,0,0
P010796,2025,1,18482.38
P010797,2025,1,55534.58
P010801,2025,1,45070.97
P010802,2025,1,37696.93
P010806,2025,1,19358.79
P010809,2025,1,27852.44
P010813,2025,1,7149.62
P010814,2025,1,24690.74
P010816,2025,1,11569.75
P010825,2025,1,57407.83
P010826,2025,1,36942.2
P010829,2025,1,26713.43
P010830,2025,1,30047.8
P010831,2025,0,0
P010834,2025,1,32112.83
P010836,2025,1,46987.72
P010838,2025,1,15632.44
P010839,2025,1,19888.48
P010841,2025,1,66412.01
P010842,2025,1,29917.98
P010843,2025,1,36393.4
P010845,2025,1,38664.54
P010846,2025,1,14735.88
P010851,2025,1,45653.17
P010854,2025,1,20111.89
P010861,2025,1,92175.01
P010862,2025,1,66715.9
P010863,2025,1,15693.89
P010864,2025,1,16953.21
P010873,2025,1,13960.52
P010875,2025,1,33874.09
P010880,2025,1,32708.19
P010882,2025,1,53131.8
P010886,2025,1,62951.69
P010889,2025,1,23805.36
P010892,2025,1,51069.49
P010895,2025,1,0
P010899,2025,1,7299.4
P010900,2025,1,22091.21
P010901,2025,1,36449.12
P010902,2025,1,45727.79
P010905,2025,1,42571.73
P010906,2025,1,41647.73
P010908,2025,1,65423.3
P010909,2025,1,76630.65
P010911,2025,1,12583.28
P010914,2025,1,20459.63
P010915,2025,1,19411.03
P010919,2025,1,15221.42
P010924,2025,1,30961.55
P010926,2025,1,105636.98
P010929,2025,1,28894.24
P010930,2025,1,30523.53
P010937,2025,1,47660.1
P010938,2025,1,NA
P010940,2025,1,14800.8
P010941,2025,1,55476.52
P010943,2025,1,27211.73
P010944,2025,1,34929.88
P010945,2025,1,63055.33
P010946,2025,1,16624.69
P010948,2025,1,21835.89
P010950,2025,1,10947.22
P010952,2025,1,37042.58
P010958,2025,1,45711.26
P010959,2025,1,19356.95
P010960,2025,1,18367.04
P010962,2025,1,4876
P010967,2025,1,41506.8
P010968,2025,1,32187.91
P010969,2025,1,16943.9
P010970,2025,1,10632.34
P010971,2025,1,99416.91
P010972,2025,1,26064.13
P010974,2025,1,48180.49
P010975,2025,1,11566.89
P010979,2025,1,81632.64
P010982,2025,1,44754.72
P010984,2025,1,41445.4
P010986,2025,1,18659.27
P010987,2025,1,46007.17
P010988,2025,1,25512.44
P010990,2025,1,17373.88
P010995,2025,1,46607.32
P010996,2025,1,9913.24
P011000,2025,1,22732.99
P011001,2025,1,49116.79
P011006,2025,1,24352.71
P011008,2025,1,18801.32
P011009,2025,1,24420.6
P011012,2025,1,9137.58
P011016,2025,1,32682.4
P011017,2025,1,22177.71
P011020,2025,1,31439.06
P011022,2025,1,8737.15
P011023,2025,1,35217.76
P011030,2025,1,14340.96
P011032,2025,1,13562.28
P011034,2025,1,22467.4
P011036,2025,1,24213.35
P011040,2025,1,21909.1
P011041,2025,1,18822.58
P011044,2025,1,19556.17
P011045,2025,1,60969.89
P011049,2025,1,26780.94
P011053,2025,1,91185.23
P011054,2025,1,33281.48
P011058,2025,1,40146.63
P011059,2025,1,22321.24
P011063,2025,1,31832.41
P011065,2025,1,24432.14
P011067,2025,1,43693.37
P011068,2025,1,14930.36
P011069,2025,1,61450.84
P011070,2025,1,32640.26
P011071,2025,1,10226.21
P011073,2025,1,20323.24
P011074,2025,1,23737.99
P011078,2025,1,73043.73
P011079,2025,1,26006.4
P011083,2025,1,26434.21
P011084,2025,1,33383.06
P011086,2025,1,9515.41
P011088,2025,1,24194.22
P011090,2025,1,7096.75
P011092,2025,1,36770.69
P011093,2025,1,30590.03
P011097,2025,1,55652.19
P011098,2025,1,20392.36
P011100,2025,1,158619.33
P011101,2025,1,10294.03
P011104,2025,1,10940.72
P011106,2025,1,61951
P011113,2025,1,39270.5
P011115,2025,1,37810.38
P011116,2025,1,11940.71
P011117,2025,1,29626.8
P011118,2025,0,0
P011120,2025,1,10395.96
P011121,2025,1,8663.94
P011123,2025,1,28943.58
P011124,2025,1,12928.49
P011125,2025,1,41505.04
P011126,2025,1,28712.3
P011130,2025,1,29254.99
P011132,2025,1,110194.59
P011133,2025,1,12321.11
P011134,2025,1,56493.02
P011136,2025,1,36318.86
P011142,2025,1,18320.12
P011143,2025,1,30627.23
P011145,2025,1,24510.89
P011146,2025,1,56761.76
P011150,2025,1,10849.12
P011151,2025,1,50329.9
P011152,2025,1,44985.3
P011153,2025,1,22443.65
P011155,2025,1,31160.9
P011156,2025,1,55986.29
P011160,2025,1,47680.88
P011167,2025,1,70488.84
P011168,2025,1,39999.26
P011175,2025,1,20330.47
P011177,2025,1,18839.24
P011181,2025,1,72999.11
P011184,2025,1,36725.23
P011188,2025,1,NA
P011189,2025,1,34162.79
P011190,2025,0,0
P011193,2025,1,14841.02
P011200,2025,1,30067.57
P011203,2025,1,14473.3
P011205,2025,1,17800.88
P011206,2025,1,22720.3
P011208,2025,1,40989.93
P011209,2025,1,81479.36
P011210,2025,1,47407.46
P011211,2025,1,17445.28
P011213,2025,1,19219.21
P011217,2025,1,40960.41
P011218,2025,1,52493.95
P011220,2025,1,27129.75
P011222,2025,1,89862.67
P011225,2025,1,13567.64
P011227,2025,1,41475.15
P011233,2025,1,8214.84
P011237,2025,1,23257.46
P011238,2025,1,54881.97
P011239,2025,1,68562.2
P011240,2025,1,16838.17
P011242,2025,1,26884.43
P011246,2025,1,56018.22
P011247,2025,1,81242.15
P011249,2025,1,16431.37
P011251,2025,1,19389.75
P011252,2025,1,42379.2
P011253,2025,1,22332.8
P011256,2025,1,67641.78
P011258,2025,1,56547.85
P011262,2025,1,23512.56
P011271,2025,1,14882.77
P011272,2025,1,28595.88
P011273,2025,1,68745.35
P011275,2025,1,107102.46
P011277,2025,1,26867.45
P011279,2025,1,91198.94
P011280,2025,1,21427.94
P011282,2025,1,40233.32
P011286,2025,1,24037.83
P011287,2025,1,11445.65
P011288,2025,1,34680.61
P011289,2025,1,7905.41
P011290,2025,1,38652.52
P011291,2025,1,18681.37
P011294,2025,1,58208.13
P011297,2025,1,84798.67
P011299,2025,1,20275.99
P011305,2025,1,8043.68
P011307,2025,1,NA
P011314,2025,1,21731.29
P011315,2025,1,28607.69
P011318,2025,1,29588.1
P011322,2025,1,28521.49
P011324,2025,1,25424.71
P011327,2025,1,23983.84
P011331,2025,0,0
P011332,2025,1,33223.84
P011333,2025,1,31525.63
P011334,2025,1,55629.69
P011336,2025,1,26600.72
P011337,2025,1,42097.6
P011341,2025,1,10198.67
P011348,2025,1,38589.27
P011350,2025,1,19278.73
P011351,2025,1,18188.46
P011352,2025,1,106241.58
P011353,2025,1,15492.73
P011355,2025,1,36932.3
P011357,2025,1,43191.06
P011359,2025,1,63780.9
P011360,2025,1,0
P011361,2025,1,11701.95
P011362,2025,1,25189.25
P011364,2025,1,12148.53
P011365,2025,1,7045.53
P011367,2025,1,25640.61
P011370,2025,1,16752.74
P011371,2025,1,33298.35
P011377,2025,1,37955.43
P011380,2025,1,44484.65
P011382,2025,1,24727.91
P011384,2025,1,34006.94
P011385,2025,1,19824.09
P011387,2025,1,10891.75
P011388,2025,1,19386.7
P011389,2025,1,37662.46
P011391,2025,1,63776.44
P011393,2025,1,17689.69
P011397,2025,1,52264.05
P011401,2025,1,40441.1
P011402,2025,1,48037.89
P011403,2025,1,52387.47
P011404,2025,0,0
P011405,2025,1,78755.95
P011409,2025,1,39469.4
P011413,2025,1,18329.25
P011415,2025,1,19025.78
P011416,2025,1,56266.36
P011417,2025,1,43747.36
P011421,2025,1,19907.15
P011422,2025,1,12235.28
P011423,2025,1,104475.28
P011427,2025,1,40275.65
P011429,2025,1,84304.26
P011430,2025,1,8351.03
P011435,2025,1,48801.29
P011438,2025,1,17193.09
P011442,2025,1,79155.66
P011443,2025,1,51748.03
P011444,2025,1,15738.61
P011445,2025,1,27925.9
P011448,2025,1,18043.86
P011451,2025,1,44547.72
P011454,2025,1,20893.87
P011459,2025,1,66192.29
P011463,2025,1,22156.09
P011464,2025,1,32122.32
P011465,2025,1,21310.9
P011466,2025,1,7985.6
P011467,2025,1,59899.06
P011470,2025,1,29777.38
P011472,2025,1,23501.19
P011473,2025,1,44383.79
P011477,2025,1,69033.56
P011484,2025,1,37342.93
P011485,2025,0,0
P011489,2025,1,8123.66
P011490,2025,1,10251.1
P011491,2025,1,43202.8
P011492,2025,1,44281.55
P011493,2025,1,15227.61
P011495,2025,1,79271.35
P011500,2025,1,15032.86
P011501,2025,1,19428.75
P011503,2025,1,10153.34
P011505,2025,1,47820.69
P011509,2025,1,12968.51
P011510,2025,1,55215.74
P011511,2025,1,23999.39
P011512,2025,1,61401.64
P011513,2025,1,20988.74
P011518,2025,1,70653.23
P011520,2025,1,28976.76
P011523,2025,1,22216.29
P011527,2025,1,43714.04
P011530,2025,1,16184.69
P011532,2025,1,25115.95
P011536,2025,1,63856.45
P011537,2025,1,15090.29
P011542,2025,1,32588.7
P011543,2025,0,0
P011548,2025,1,31205.53
P011551,2025,1,25322.14
P011553,2025,1,12471.31
P011554,2025,1,16197.29
P011557,2025,1,10576.96
P011560,2025,1,31923.56
P011561,2025,1,33727.7
P011562,2025,1,27943.62
P011564,2025,1,61877.84
P011568,2025,1,8204.97
P011577,2025,1,63191.88
P011578,2025,1,45254.95
P011579,2025,1,142520.22
P011580,2025,1,36943.4
P011582,2025,1,12204.04
P011583,2025,0,NA
P011584,2025,1,24770.13
P011585,2025,1,12759.29
P011590,2025,1,54915.22
P011591,2025,1,8200.51
P011593,2025,1,15325.7
P011596,2025,1,54745.05
P011597,2025,1,17701.32
P011601,2025,1,32365.74
P011603,2025,1,31817.79
P011604,2025,1,12512.89
P011608,2025,1,27734.03
P011609,2025,1,41301.99
P011611,2025,1,0
P011612,2025,1,33268.91
P011613,2025,1,18031.24
P011615,2025,1,57049.06
P011616,2025,1,17871.93
P011617,2025,1,36466.18
P011618,2025,1,159926.56
P011620,2025,1,17813.82
P011621,2025,1,11918.55
P011626,2025,1,81734.28
P011628,2025,1,43048.25
P011632,2025,1,10464.21
P011633,2025,1,22930.69
P011634,2025,1,62976.31
P011637,2025,1,24248.23
P011639,2025,1,17584.86
P011640,2025,1,24845.07
P011643,2025,1,112617.7
P011645,2025,1,45396.06
P011646,2025,1,45975.86
P011647,2025,1,36537.58
P011648,2025,1,20176.93
P011649,2025,1,39028.69
P011654,2025,1,18392.2
P011656,2025,1,22940.85
P011659,2025,0,0
P011660,2025,1,32399.55
P011663,2025,1,46803.73
P011665,2025,1,27347.4
P011667,2025,1,22650.64
P011668,2025,1,9049.1
P011669,2025,1,35744.72
P011670,2025,1,63222.66
P011673,2025,1,38207.64
P011678,2025,1,49982.61
P011679,2025,1,36755.47
P011681,2025,1,22917.53
P011682,2025,1,39140.7
P011684,2025,1,8243.15
P011688,2025,1,13157.74
P011693,2025,1,30354.21
P011697,2025,1,50421.97
P011706,2025,1,31683.46
P011707,2025,1,124993.55
P011710,2025,1,19889.85
P011712,2025,1,30966.5
P011713,2025,0,0
P011715,2025,1,9925.6
P011718,2025,1,34537.41
P011721,2025,1,17184.43
P011723,2025,1,70320.22
P011724,2025,1,103688.21
P011731,2025,1,19230.31
P011735,2025,1,24105.54
P011737,2025,0,0
P011738,2025,1,13196.08
P011746,2025,1,7404.81
P011747,2025,1,24509.25
P011748,2025,1,30030.06
P011751,2025,1,25717.59
P011752,2025,1,29582.59
P011753,2025,1,30662.88
P011754,2025,1,22732.54
P011762,2025,1,36433.36
P011763,2025,1,12736.19
P011764,2025,1,14910.09
P011766,2025,1,21960.66
P011771,2025,1,6212.44
P011773,2025,1,31684.87
P011779,2025,1,8855.01
P011782,2025,1,21021.15
P011783,2025,1,48174.05
P011784,2025,1,34294.36
P011786,2025,1,27803.73
P011788,2025,1,49043.63
P011791,2025,1,12980.97
P011793,2025,1,19479.59
P011794,2025,1,50919.98
P011795,2025,1,15738.64
P011796,2025,1,55367.89
P011797,2025,1,15716.32
P011798,2025,1,77316.62
P011803,2025,1,17097.34
P011805,2025,1,29434.66
P011806,2025,1,23582.69
P011809,2025,1,9489.64
P011811,2025,1,33698.21
P011813,2025,1,48125.6
P011819,2025,1,54680.35
P011820,2025,1,44985.76
P011821,2025,1,38670.12
P011823,2025,1,33731.11
P011825,2025,1,25382.85
P011830,2025,1,31344.48
P011837,2025,1,14977.8
P011840,2025,1,42595.46
P011841,2025,1,37433.43
P011844,2025,1,22960.08
P011846,2025,1,55764.46
P011848,2025,1,6369.77
P011849,2025,1,23317.63
P011853,2025,1,36137.82
P011854,2025,1,16582.67
P011855,2025,1,41423.72
P011856,2025,1,27697.97
P011857,2025,0,0
P011860,2025,1,13236.46
P011862,2025,1,45398.29
P011863,2025,1,40210.96
P011864,2025,1,30557.82
P011866,2025,1,12179.55
P011870,2025,1,93948.32
P011872,2025,1,36813.06
P011873,2025,1,28250.13
P011878,2025,1,42146.64
P011879,2025,1,17266.45
P011880,2025,1,38449.54
P011881,2025,1,12769.93
P011883,2025,1,45437
P011885,2025,1,8628.83
P011890,2025,1,32083.98
P011891,2025,1,29985.38
P011893,2025,1,12231.65
P011900,2025,1,53375.54
P011902,2025,1,16439.41
P011904,2025,1,36279.23
P011905,2025,1,32792.49
P011907,2025,1,35061.2
P011909,2025,1,70217.22
P011910,2025,1,37467.43
P011911,2025,1,10929.57
P011913,2025,1,74239.98
P011916,2025,1,25863.46
P011919,2025,1,25523.51
P011920,2025,1,13385.47
P011921,2025,1,43958.03
P011924,2025,1,32082.65
P011928,2025,1,35782.41
P011933,2025,1,25537.34
P011936,2025,1,64066.53
P011938,2025,1,28600.78
P011941,2025,1,22870.91
P011944,2025,0,0
P011945,2025,1,59878.88
P011951,2025,1,36753.95
P011954,2025,1,5334.39
P011956,2025,1,69600.21
P011959,2025,1,10966.01
P011960,2025,1,37072.96
P011963,2025,1,18076.62
P011964,2025,0,0
P011967,2025,1,39047.83
P011974,2025,1,16743.9
P011982,2025,1,24003.65
P011984,2025,1,45995.97
P011986,2025,1,13635.28
P011987,2025,1,26385.75
P011990,2025,1,24033.71
P011991,2025,1,20109.95
P011993,2025,1,56337.11
P011995,2025,1,47112.71
P011999,2025,1,7279.71
P012009,2025,1,32739.77
P012010,2025,1,27078.22
P012011,2025,1,137110.19
P012012,2025,1,72175.54
P012013,2025,1,38627.81
P012018,2025,1,5300.67
P012022,2025,1,22111.35
P012023,2025,1,16919.42
P012026,2025,1,72233.72
P012027,2025,1,12984.75
P012029,2025,1,6681.89
P012030,2025,1,114599.96
P012031,2025,1,13627.74
P012038,2025,1,19103.18
P012039,2025,1,29659
P012043,2025,1,35994.67
P012044,2025,1,13063.39
P012045,2025,1,22431.68
P012047,2025,1,81571.23
P012049,2025,1,6792.47
P012050,2025,1,19185.02
P012052,2025,1,40365.88
P012053,2025,1,47869.11
P012056,2025,1,51166.68
P012059,2025,1,85754.3
P012061,2025,1,52491.32
P012066,2025,1,21694.32
P012070,2025,1,29920.88
P012075,2025,1,33010.64
P012076,2025,1,16422.62
P012077,2025,1,60383
P012079,2025,1,35054.88
P012082,2025,1,15069.69
P012083,2025,1,14223.08
P012088,2025,1,62676.23
P012092,2025,1,0
P012097,2025,1,15797.46
P012102,2025,1,5662.22
P012103,2025,1,16795.26
P012104,2025,1,28518.06
P012106,2025,1,11496.14
P012107,2025,1,58947.86
P012108,2025,1,35122.66
P012109,2025,1,57100.21
P012111,2025,1,31219.43
P012114,2025,1,26610.21
P012117,2025,1,30227.91
P012119,2025,1,31034.02
P012123,2025,1,31780.12
P012125,2025,1,6296.09
P012127,2025,1,79893.89
P012128,2025,1,18371.81
P012130,2025,1,27753.48
P012131,2025,0,0
P012135,2025,1,34751.33
P012138,2025,1,50004.94
P012139,2025,1,10544.33
P012141,2025,1,26797.65
P012142,2025,1,19892.91
P012143,2025,1,33251.71
P012146,2025,1,15374.16
P012149,2025,1,34885.67
P012150,2025,1,23933.41
P012153,2025,1,25957.1
P012159,2025,0,0
P012162,2025,1,3963.5
P012166,2025,1,19745.25
P012168,2025,1,8512.83
P012170,2025,1,80930.96
P012175,2025,1,26021.61
P012177,2025,1,22107.41
P012179,2025,1,15403.39
P012180,2025,1,23016.81
P012183,2025,1,33963.66
P012188,2025,1,31932.93
P012191,2025,1,14172.18
P012195,2025,1,35732.79
P012198,2025,1,18994.96
P012203,2025,1,34338.68
P012204,2025,1,12771.95
P012205,2025,1,59599.77
P012206,2025,1,21711.32
P012208,2025,1,66522.89
P012209,2025,1,26180.94
P012210,2025,1,21584.9
P012212,2025,1,33753.77
P012213,2025,1,36337.41
P012219,2025,1,45347.47
P012222,2025,1,49323.17
P012223,2025,1,39058.83
P012225,2025,1,40227.55
P012227,2025,1,19961.38
P012229,2025,1,10060.94
P012230,2025,1,18451.48
P012238,2025,1,9528.85
P012239,2025,1,35080.48
P012249,2025,1,52639.19
P012255,2025,1,9064.38
P012256,2025,1,0
P012260,2025,1,75499.35
P012262,2025,1,19664.67
P012267,2025,1,44189.04
P012272,2025,1,9069.65
P012275,2025,1,24406.92
P012276,2025,1,38701.72
P012281,2025,1,23499.64
P012289,2025,1,27093.04
P012294,2025,1,4626.34
P012296,2025,1,18021.77
P012297,2025,1,99117.32
P012299,2025,1,35301.1
P012300,2025,1,32305.25
P012301,2025,1,34076.09
P012303,2025,1,15589.94
P012305,2025,0,0
P012306,2025,1,34081.32
P012308,2025,1,36567.09
P012309,2025,1,18660.25
P012312,2025,1,19523.62
P012313,2025,1,33606.89
P012315,2025,1,87150.44
P012317,2025,1,7306.49
P012318,2025,1,30084.39
P012320,2025,1,12368.91
P012321,2025,1,38485.09
P012322,2025,1,16989.57
P012323,2025,1,43445.56
P012327,2025,1,33785.79
P012328,2025,1,10185.67
P012334,2025,1,40462.27
P012336,2025,1,21930.07
P012337,2025,1,57979.46
P012342,2025,1,15839
P012344,2025,1,48700.6
P012346,2025,1,27329.72
P012348,2025,1,28681.79
P012349,2025,1,11648.6
P012359,2025,1,26860.77
P012360,2025,1,49043.13
P012362,2025,1,67201.23
P012363,2025,1,53263.28
P012369,2025,1,37466.18
P012370,2025,1,63679.08
P012371,2025,1,11125.97
P012372,2025,1,10273.32
P012373,2025,1,25246.43
P012377,2025,1,33993.5
P012378,2025,1,109372.35
P012380,2025,1,48613.49
P012383,2025,1,0
P012385,2025,1,32231.4
P012386,2025,1,42329.94
P012388,2025,1,38550.35
P012389,2025,1,27393.88
P012394,2025,1,60854.32
P012395,2025,1,9989.94
P012400,2025,1,37654.82
P012402,2025,1,70999.84
P012406,2025,1,19344.26
P012409,2025,1,29864.71
P012413,2025,1,42623.62
P012415,2025,1,16042.45
P012416,2025,1,21888.36
P012420,2025,1,25176.58
P012426,2025,1,47065.11
P012427,2025,0,0
P012431,2025,1,8813.72
P012435,2025,1,10899.32
P012436,2025,1,29716.46
P012438,2025,1,92824.22
P012439,2025,1,45023.28
P012441,2025,1,88740.71
P012443,2025,1,23785.32
P012444,2025,1,11041.09
P012445,2025,1,24465.09
P012448,2025,1,28583.78
P012451,2025,1,24951.18
P012457,2025,1,30318.66
P012458,2025,1,32601.02
P012459,2025,1,42088
P012460,2025,1,23352.1
P012463,2025,1,4167.39
P012464,2025,1,16735.62
P012465,2025,1,15471.46
P012467,2025,1,20257.77
P012472,2025,1,17461.06
P012473,2025,1,21244.73
P012474,2025,1,24435.89
P012477,2025,1,28290.27
P012480,2025,1,43659.58
P012482,2025,1,52591.46
P012483,2025,1,34054.59
P012484,2025,1,24091.68
P012488,2025,1,-30992.77
P012490,2025,1,18737.79
P012491,2025,1,78049.58
P012492,2025,1,37227.92
P012493,2025,1,21954.46
P012494,2025,1,NA
P012499,2025,1,18096.16
P012500,2025,1,44056.77
P012502,2025,1,50500.49
P012506,2025,1,105836.11
P012508,2025,1,43075.75
P012510,2025,1,9329.67
P012511,2025,1,33819.88
P012512,2025,1,13985.32
P012515,2025,1,22389.38
P012517,2025,1,19890.88
P012521,2025,1,19704
P012522,2025,1,25937.75
P012523,2025,1,37959.79
P012524,2025,0,0
P012525,2025,1,24493.49
P012527,2025,1,51143.28
P012529,2025,1,57638
P012531,2025,1,14018.66
P012532,2025,1,27000.76
P012533,2025,1,10316.68
P012535,2025,1,25091.36
P012538,2025,1,29328.34
P012542,2025,1,25035.8
P012551,2025,1,36813.91
P012554,2025,1,111729.57
P012555,2025,1,48684.23
P012556,2025,1,16126.34
P012560,2025,1,125289.28
P012561,2025,1,26504.8
P012565,2025,1,34222.67
P012567,2025,1,14547.24
P012570,2025,1,30000.97
P012576,2025,1,19475.01
P012577,2025,1,46414.78
P012580,2025,1,13075.24
P012581,2025,1,35717.28
P012582,2025,1,49953.4
P012586,2025,1,30131.99
P012589,2025,1,42231.48
P012591,2025,1,62160.4
P012592,2025,1,13347.92
P012593,2025,1,47952.8
P012596,2025,1,NA
P012599,2025,1,37979.41
P012603,2025,1,80505.18
P012607,2025,1,43709.77
P012608,2025,1,16733.97
P012609,2025,1,32037.1
P012614,2025,1,48129.33
P012615,2025,1,54004.39
P012618,2025,1,57256.09
P012620,2025,1,36633.5
P012622,2025,1,32866.76
P012623,2025,1,52790.21
P012624,2025,1,34262.33
P012627,2025,1,21977.66
P012628,2025,1,30695.85
P012631,2025,1,95323.59
P012633,2025,0,0
P012635,2025,1,17643.68
P012636,2025,1,13508.64
P012641,2025,1,40880.98
P012643,2025,1,36750.34
P012653,2025,1,12326.31
P012654,2025,1,30104.76
P012655,2025,1,38977.26
P012656,2025,1,20793.36
P012657,2025,1,20174.01
P012662,2025,1,35504.3
P012663,2025,1,12025.09
P012664,2025,1,41813.56
P012670,2025,1,10617.64
P012673,2025,1,38921.54
P012679,2025,1,15059.25
P012682,2025,1,24644.21
P012683,2025,1,33694.45
P012684,2025,1,12791.93
P012685,2025,1,18835.89
P012693,2025,1,24429.44
P012694,2025,1,19747.79
P012696,2025,1,9192.69
P012697,2025,0,0
P012698,2025,1,31898.15
P012699,2025,1,17326.47
P012700,2025,1,78536.62
P012705,2025,1,13749.37
P012711,2025,1,23768.27
P012714,2025,1,21814.56
P012717,2025,1,8382.72
P012718,2025,1,60182.82
P012723,2025,1,8640.06
P012725,2025,1,41172.48
P012726,2025,1,13483.1
P012731,2025,1,21433.15
P012733,2025,1,38825.73
P012734,2025,1,15088.02
P012736,2025,1,21005.25
P012737,2025,1,25617.14
P012740,2025,1,47861.15
P012741,2025,1,49042.09
P012743,2025,1,26288.84
P012746,2025,1,27469.81
P012747,2025,1,19836.41
P012749,2025,1,56013.32
P012750,2025,1,26337.81
P012752,2025,1,53272.28
P012755,2025,1,22621.89
P012757,2025,1,38101.21
P012762,2025,1,21373.22
P012764,2025,1,55860.47
P012766,2025,1,12434.41
P012767,2025,1,37948.07
P012770,2025,0,-0
P012771,2025,1,60688.11
P012772,2025,1,23021.9
P012774,2025,1,17455.25
P012778,2025,1,17368.87
P012780,2025,1,27879.45
P012782,2025,1,NA
P012789,2025,1,72162.66
P012790,2025,1,39387.34
P012792,2025,1,68112.64
P012794,2025,1,16451.89
P012797,2025,1,10447.34
P012798,2025,1,30745.59
P012799,2025,1,47203.28
P012804,2025,1,31022.4
P012807,2025,1,26328.22
P012808,2025,1,34219.47
P012811,2025,1,29070.38
P012812,2025,1,15265.5
P012815,2025,1,23285.86
P012816,2025,1,30527.1
P012817,2025,1,20010.72
P012821,2025,1,111511.39
P012822,2025,1,42224.7
P012823,2025,1,57503.34
P012824,2025,1,45183.2
P012825,2025,1,12042.37
P012829,2025,1,33793.34
P012830,2025,1,18403.31
P012833,2025,1,60957.2
P012835,2025,1,35665.86
P012836,2025,1,12968.7
P012841,2025,1,22785.06
P012843,2025,1,45758.07
P012844,2025,1,25524.47
P012846,2025,1,50008.71
P012847,2025,1,18190.71
P012848,2025,1,56696.19
P012851,2025,1,35169.04
P012852,2025,1,30320.49
P012855,2025,1,60868.3
P012859,2025,1,14481.31
P012860,2025,1,22448.05
P012863,2025,1,25212.05
P012866,2025,1,52307.82
P012867,2025,1,26561.93
P012869,2025,1,18928.62
P012870,2025,1,12904.42
P012872,2025,1,23927.33
P012873,2025,1,33046.67
P012875,2025,1,53140.13
P012877,2025,1,46528.9
P012880,2025,1,23545.99
P012881,2025,1,16366.72
P012883,2025,1,21433.63
P012884,2025,1,0
P012885,2025,1,55518.08
P012887,2025,1,22742.8
P012888,2025,1,52400.49
P012890,2025,1,-8642.49
P012892,2025,1,22278.67
P012896,2025,1,67060.78
P012897,2025,1,15646.11
P012901,2025,1,22584.94
P012903,2025,1,20404
P012906,2025,1,58199.37
P012908,2025,1,13439.97
P012910,2025,1,55138.04
P012912,2025,1,35830.42
P012914,2025,0,0
P012915,2025,1,16483.03
P012918,2025,1,44778.78
P012922,2025,1,106694.32
P012926,2025,1,38461.65
P012927,2025,1,27315.23
P012930,2025,1,41380.8
P012932,2025,1,29715.7
P012934,2025,1,30889.89
P012936,2025,1,13222.99
P012940,2025,1,77277.91
P012941,2025,1,23914.75
P012942,2025,1,7129.21
P012943,2025,1,31435.44
P012944,2025,1,63167.28
P012945,2025,1,24220.63
P012948,2025,1,21894.82
P012949,2025,1,23762.08
P012951,2025,1,19402.78
P012952,2025,1,42368.73
P012954,2025,1,34397.35
P012956,2025,1,23071.89
P012957,2025,1,34729.84
P012963,2025,1,16770.31
P012964,2025,1,31086.91
P012968,2025,1,6860.58
P012970,2025,1,38380.83
P012972,2025,1,22414.76
P012973,2025,1,44195.51
P012974,2025,1,97806.32
P012976,2025,1,57156.62
P012978,2025,1,22306.16
P012979,2025,1,21235.47
P012980,2025,1,14197.53
P012981,2025,1,12131.7
P012983,2025,1,57981.86
P012986,2025,1,53487.29
P012987,2025,1,30872.37
P012988,2025,1,9034.27
P012989,2025,1,54314.26
P012991,2025,1,50700.65
P012993,2025,1,21839.66
P012996,2025,1,8288.86
P012999,2025,1,29457.63
P013004,2025,0,0
P013006,2025,1,38562.93
P013010,2025,1,25776.48
P013012,2025,1,27968.07
P013013,2025,1,30268.12
P013021,2025,1,37333.56
P013023,2025,1,49656.06
P013026,2025,1,77664.68
P013027,2025,1,31044.3
P013030,2025,1,56407.71
P013032,2025,1,15313.87
P013033,2025,1,94990.8
P013034,2025,1,19450.81
P013036,2025,1,31252.91
P013037,2025,1,NA
P013041,2025,1,32524.71
P013042,2025,1,27383.06
P013043,2025,0,0
P013045,2025,1,64069.91
P013047,2025,1,13650.06
P013048,2025,1,53449.36
P013049,2025,1,20744.62
P013051,2025,1,32700.19
P013053,2025,1,34453.29
P013054,2025,1,13830.63
P013055,2025,1,31460.94
P013056,2025,1,27786.66
P013061,2025,1,15084.04
P013062,2025,1,33832.85
P013064,2025,1,51517.07
P013067,2025,1,20280.63
P013068,2025,1,22030.16
P013069,2025,1,92518.79
P013070,2025,1,44144.7
P013071,2025,0,0
P013072,2025,1,38101.12
P013075,2025,1,25740.24
P013076,2025,1,77219.13
P013079,2025,1,44433.03
P013085,2025,1,7463.83
P013087,2025,1,22842.15
P013090,2025,1,44092.53
P013091,2025,1,15210.46
P013092,2025,1,36794.4
P013093,2025,1,53642.21
P013095,2025,1,41162.29
P013096,2025,1,44090.44
P013097,2025,1,18508.75
P013098,2025,1,11547.95
P013102,2025,1,100718.06
P013104,2025,1,85586.23
P013105,2025,1,116529.68
P013106,2025,1,44585.29
P013108,2025,1,43537.58
P013109,2025,1,47693.56
P013112,2025,1,27790.98
P013113,2025,1,49348.7
P013116,2025,1,39732.87
P013118,2025,1,69175.73
P013120,2025,1,56874.62
P013121,2025,1,24009.39
P013122,2025,1,36187.97
P013123,2025,1,36424.3
P013125,2025,1,44810.83
P013126,2025,1,27889.69
P013127,2025,1,15221.78
P013131,2025,1,31911.31
P013132,2025,1,48007.8
P013133,2025,1,10558.95
P013138,2025,1,26019.93
P013139,2025,1,17957.89
P013141,2025,1,2666.65
P013142,2025,1,32433.24
P013143,2025,1,43973.44
P013144,2025,1,56141.16
P013149,2025,1,10703.19
P013152,2025,1,87581.04
P013153,2025,1,34366.96
P013154,2025,1,51104.62
P013155,2025,1,104049.03
P013157,2025,1,-21505.05
P013161,2025,1,42226.7
P013164,2025,1,26136.96
P013165,2025,1,25718.29
P013167,2025,1,98990.27
P013168,2025,1,42494.52
P013169,2025,1,69812.9
P013170,2025,1,119612.37
P013174,2025,1,16627.46
P013177,2025,1,20420.53
P013178,2025,1,43716.71
P013179,2025,1,39724.77
P013180,2025,1,9299.82
P013182,2025,1,39736.01
P013186,2025,1,-22536.32
P013188,2025,1,127275.05
P013189,2025,1,22186.74
P013192,2025,1,66012.7
P013197,2025,1,20332.3
P013200,2025,1,39979.64
P013202,2025,1,16605.74
P013205,2025,1,34826.14
P013206,2025,1,63233.87
P013207,2025,1,14426.29
P013212,2025,1,22219.27
P013216,2025,1,45353.35
P013219,2025,1,7680.27
P013221,2025,1,76672.76
P013222,2025,1,17321.95
P013223,2025,1,19029.55
P013224,2025,1,20096.1
P013225,2025,1,79817.7
P013227,2025,1,24193.86
P013232,2025,1,31151
P013234,2025,1,13026.01
P013239,2025,1,15256.76
P013240,2025,1,34135.92
P013241,2025,1,10006.93
P013243,2025,1,30193.59
P013246,2025,1,30627.91
P013251,2025,1,26012.24
P013252,2025,1,14815.24
P013253,2025,1,8846.09
P013256,2025,1,21942.73
P013259,2025,1,30206.48
P013261,2025,1,33459.73
P013263,2025,1,54674.63
P013266,2025,1,30214.33
P013268,2025,1,43278.98
P013273,2025,1,20664.48
P013277,2025,1,20204.2
P013281,2025,1,50569.12
P013288,2025,1,18423.68
P013290,2025,1,86645.21
P013293,2025,1,39834.8
P013294,2025,1,29938.71
P013295,2025,1,48242.1
P013299,2025,1,66498.07
P013301,2025,1,0
P013303,2025,1,39070.81
P013305,2025,1,18851.17
P013308,2025,1,36857.96
P013309,2025,1,13556.24
P013314,2025,1,18009.26
P013316,2025,1,25056.24
P013318,2025,1,46719.43
P013321,2025,1,111943.06
P013327,2025,1,73093.68
P013330,2025,1,13080.64
P013332,2025,1,46213.39
P013333,2025,1,46575.27
P013334,2025,0,0
P013336,2025,1,17216.2
P013337,2025,1,80891.56
P013343,2025,1,37886.94
P013347,2025,1,48077.65
P013352,2025,1,40607.4
P013353,2025,1,20124.12
P013357,2025,1,19449.5
P013358,2025,1,32423.39
P013359,2025,1,30089.78
P013360,2025,1,41961.86
P013363,2025,1,107066.73
P013367,2025,1,14564.13
P013372,2025,1,28201.77
P013373,2025,1,44973.56
P013374,2025,1,9085.6
P013377,2025,1,30628
P013379,2025,1,65912.94
P013383,2025,1,6070.68
P013384,2025,1,50667.4
P013390,2025,1,55694.38
P013391,2025,1,55163.58
P013393,2025,1,22900.1
P013395,2025,1,48692.19
P013398,2025,1,20942.15
P013403,2025,1,45017.9
P013406,2025,1,25009.59
P013409,2025,1,46247.29
P013412,2025,1,50820.03
P013413,2025,1,72823.23
P013415,2025,1,17762.51
P013416,2025,1,21128.69
P013418,2025,1,30342.04
P013419,2025,1,45327.35
P013423,2025,1,27635.17
P013425,2025,1,23818.98
P013427,2025,1,17092.35
P013428,2025,1,23883.16
P013432,2025,1,40321.67
P013439,2025,1,47560.09
P013442,2025,1,11418.94
P013443,2025,1,31193.98
P013446,2025,1,22483.7
P013447,2025,1,29817.11
P013448,2025,1,14978.63
P013449,2025,1,18390.53
P013451,2025,1,74203.62
P013454,2025,0,0
P013456,2025,1,45620.64
P013460,2025,1,21617.75
P013461,2025,1,14258.82
P013462,2025,1,29190.14
P013464,2025,1,57608.36
P013465,2025,1,56800.36
P013466,2025,1,22763.23
P013467,2025,1,18333.84
P013468,2025,1,35147.35
P013471,2025,1,16625.96
P013472,2025,1,41767.78
P013475,2025,1,18676.95
P013478,2025,1,51762.65
P013480,2025,1,49150
P013481,2025,1,42680.19
P013484,2025,1,10093.89
P013485,2025,1,43666.35
P013486,2025,1,54593.64
P013487,2025,1,44161.82
P013489,2025,1,33402.3
P013490,2025,1,28439.34
P013492,2025,1,21145.52
P013494,2025,1,19399.04
P013497,2025,1,44620.17
P013498,2025,1,26032.81
P013502,2025,1,23771.67
P013503,2025,1,26353.36
P013504,2025,1,22415.54
P013506,2025,1,70224.75
P013507,2025,1,9588.63
P013509,2025,1,26400.91
P013512,2025,1,0
P013514,2025,1,15485.91
P013520,2025,1,19643.48
P013525,2025,1,29312.75
P013526,2025,1,69350.93
P013528,2025,1,80992.72
P013532,2025,1,30775.33
P013534,2025,1,45944.3
P013536,2025,1,13891.06
P013539,2025,1,87356.41
P013541,2025,1,16936.29
P013543,2025,1,87839.71
P013544,2025,1,149240.29
P013546,2025,1,21964.96
P013551,2025,1,53358.11
P013552,2025,1,29212.51
P013553,2025,1,12667
P013557,2025,1,25498.98
P013560,2025,1,8122.54
P013562,2025,1,85059.03
P013564,2025,1,9192.24
P013566,2025,1,52736.16
P013567,2025,1,14496.54
P013568,2025,1,40614.27
P013569,2025,1,11170.71
P013572,2025,1,14115.79
P013576,2025,1,62206.56
P013584,2025,1,10393.83
P013586,2025,1,29521.36
P013587,2025,1,86833.92
P013589,2025,1,94723.06
P013594,2025,1,22219.57
P013600,2025,1,22092.63
P013606,2025,1,21917.37
P013614,2025,1,54292.44
P013615,2025,1,36102.16
P013619,2025,1,8881.19
P013620,2025,1,5847.92
P013624,2025,1,31477.67
P013626,2025,1,47742.53
P013627,2025,1,72263.57
P013631,2025,1,21457.96
P013632,2025,1,17720.25
P013638,2025,1,27622.75
P013639,2025,1,25745.85
P013640,2025,1,17351.72
P013644,2025,1,8020.91
P013645,2025,1,18935.92
P013648,2025,1,23720.79
P013650,2025,1,48702.25
P013652,2025,1,8766.35
P013653,2025,1,38105.54
P013656,2025,1,15266.3
P013658,2025,1,45733.57
P013659,2025,1,25788.24
P013663,2025,1,14241.23
P013665,2025,1,22374.64
P013667,2025,1,38469.67
P013668,2025,1,33485.64
P013670,2025,1,22839.19
P013673,2025,1,15576.67
P013677,2025,1,15460.57
P013680,2025,1,28315.49
P013682,2025,1,10860.97
P013683,2025,1,42340.56
P013684,2025,1,46297.87
P013685,2025,1,29091.55
P013691,2025,1,27127.17
P013692,2025,1,53637.13
P013696,2025,1,15069.06
P013697,2025,1,18941.82
P013702,2025,1,39293.79
P013704,2025,1,22358
P013706,2025,1,13793.11
P013708,2025,1,105237.07
P013710,2025,1,15140.6
P013713,2025,1,17703.36
P013715,2025,1,14226.4
P013717,2025,1,67657.58
P013720,2025,1,31101.08
P013723,2025,1,12510.58
P013725,2025,1,38347.97
P013727,2025,1,23186.35
P013729,2025,1,19600.5
P013730,2025,1,60452.51
P013732,2025,1,25995.96
P013733,2025,1,48738.57
P013734,2025,1,37252.04
P013735,2025,1,28092.75
P013739,2025,0,0
P013741,2025,1,15499.5
P013743,2025,1,16544.55
P013745,2025,1,12388.72
P013748,2025,1,66501.53
P013749,2025,1,37964.69
P013750,2025,1,27691.38
P013753,2025,1,10505.18
P013756,2025,1,132042.84
P013761,2025,1,9283.44
P013764,2025,1,21560.85
P013765,2025,1,51430.04
P013768,2025,1,58779.08
P013770,2025,1,41199.26
P013771,2025,0,0
P013773,2025,1,36769.06
P013777,2025,1,28684.5
P013778,2025,1,18421.54
P013779,2025,1,18888.28
P013780,2025,1,13709.08
P013782,2025,1,47774.31
P013785,2025,1,4461.42
P013787,2025,1,95351.78
P013790,2025,1,27243.34
P013791,2025,1,34181.75
P013793,2025,1,18530.33
P013796,2025,1,18910.01
P013798,2025,1,17093.05
P013800,2025,1,24211.94
P013804,2025,1,27949.41
P013807,2025,1,38249.1
P013808,2025,1,17301.27
P013809,2025,1,35382.69
P013811,2025,1,8175.31
P013813,2025,1,22037.51
P013814,2025,1,42913.6
P013815,2025,1,30087.09
P013816,2025,1,6314.63
P013817,2025,1,15231.73
P013818,2025,1,15686.13
P013822,2025,1,48496.43
P013823,2025,1,50015.82
P013824,2025,1,23335.98
P013825,2025,1,23825.74
P013827,2025,1,59869.4
P013829,2025,1,24734.94
P013830,2025,1,46464.11
P013833,2025,1,55442
P013834,2025,1,43682.31
P013840,2025,1,64160.65
P013842,2025,1,64494.19
P013848,2025,1,77078.89
P013850,2025,1,20855.74
P013852,2025,1,54253.06
P013855,2025,1,16088.74
P013858,2025,1,27478.03
P013861,2025,1,10041.89
P013866,2025,1,32008.29
P013867,2025,1,26327.88
P013869,2025,1,37034.29
P013873,2025,1,63375.42
P013874,2025,1,14652.41
P013876,2025,1,11248.55
P013877,2025,1,21244.83
P013878,2025,1,40662.26
P013882,2025,1,15115.82
P013887,2025,1,22544.76
P013889,2025,1,31363
P013891,2025,1,76323.62
P013892,2025,1,36232.26
P013893,2025,1,16494.28
P013894,2025,1,NA
P013896,2025,1,27265.28
P013898,2025,1,45862.98
P013903,2025,1,29419.75
P013904,2025,1,29162.38
P013905,2025,1,44773.23
P013907,2025,1,15029.51
P013911,2025,1,52426.15
P013913,2025,1,49070.36
P013919,2025,1,7502.54
P013924,2025,1,50513.14
P013925,2025,1,38453.67
P013927,2025,1,45062.78
P013928,2025,1,42699.35
P013929,2025,1,18107.58
P013934,2025,1,9818.84
P013935,2025,1,7137.62
P013938,2025,1,26942.36
P013940,2025,1,5243.05
P013945,2025,1,NA
P013946,2025,1,81652.74
P013951,2025,1,42791.59
P013956,2025,1,19854.26
P013957,2025,1,4401.68
P013958,2025,1,27022.45
P013959,2025,0,0
P013962,2025,1,45910.3
P013965,2025,1,31706.07
P013966,2025,1,6046.15
P013968,2025,1,70682.2
P013969,2025,1,25700.64
P013971,2025,1,27473.74
P013975,2025,1,30673.13
P013976,2025,1,28565.45
P013977,2025,1,10791.96
P013979,2025,1,21167.55
P013982,2025,1,60058.19
P013984,2025,1,12423.91
P013988,2025,1,89969.01
P013989,2025,1,24905.61
P013990,2025,1,84755.47
P013991,2025,1,15864.45
P013995,2025,1,23924.53
P013996,2025,1,17807.54
P013999,2025,1,33088.14
P014003,2025,1,19945.19
P014007,2025,1,20633.99
P014014,2025,1,27260.34
P014017,2025,1,45226.76
P014018,2025,1,26572.11
P014019,2025,1,20270.83
P014021,2025,1,57671.78
P014022,2025,1,38469.98
P014025,2025,1,-31155.31
P014027,2025,1,35104.05
P014028,2025,1,51604.22
P014030,2025,1,19074.02
P014031,2025,1,53140.34
P014033,2025,1,11693.82
P014034,2025,1,3553.41
P014035,2025,1,16777.43
P014036,2025,1,73349.28
P014037,2025,1,38782.09
P014039,2025,1,14112.34
P014043,2025,1,8872.71
P014047,2025,1,77534.15
P014048,2025,1,6904.78
P014049,2025,1,15429.08
P014051,2025,1,46376.28
P014053,2025,1,22573.76
P014057,2025,0,0
P014060,2025,1,34556.43
P014064,2025,1,7081.66
P014066,2025,1,10011.93
P014070,2025,1,13747.96
P014071,2025,1,37313.01
P014073,2025,1,47683.07
P014078,2025,1,NA
P014079,2025,1,28869.35
P014080,2025,1,15157.94
P014083,2025,1,121329.66
P014084,2025,1,30010.7
P014085,2025,1,34298.94
P014086,2025,1,23004.48
P014088,2025,1,50816.53
P014089,2025,1,21898.33
P014090,2025,1,7034.85
P014091,2025,1,59066.12
P014093,2025,0,0
P014094,2025,1,11062.04
P014095,2025,1,34754.02
P014096,2025,1,39331.49
P014103,2025,1,21041.08
P014106,2025,1,14596.34
P014108,2025,1,83095.11
P014110,2025,1,30913.72
P014112,2025,1,57691.84
P014113,2025,1,12055.97
P014115,2025,1,35390.13
P014117,2025,1,9987.64
P014118,2025,0,0
P014126,2025,1,8123.48
P014131,2025,1,19756.51
P014132,2025,1,42024.75
P014133,2025,1,45827.91
P014136,2025,1,6375.45
P014141,2025,1,17922.22
P014144,2025,1,29894.82
P014147,2025,1,23280.15
P014148,2025,1,62510.43
P014149,2025,1,32859.33
P014151,2025,1,59574.11
P014157,2025,1,21088.44
P014159,2025,1,11776.38
P014160,2025,1,54248.1
P014161,2025,1,19316.13
P014162,2025,1,NA
P014166,2025,1,43223.7
P014168,2025,1,84483.8
P014170,2025,1,40862.46
P014172,2025,1,40693.76
P014174,2025,1,37678.16
P014176,2025,1,9227.27
P014179,2025,1,21317.52
P014182,2025,1,21540.99
P014183,2025,1,24060.86
P014184,2025,1,95036.75
P014189,2025,1,20495.54
P014192,2025,1,26152
P014198,2025,1,68264.33
P014202,2025,1,31409.57
P014203,2025,1,62348.69
P014204,2025,1,39754.88
P014205,2025,1,29640.12
P014211,2025,1,21747.29
P014216,2025,1,39132.73
P014218,2025,1,18567.29
P014219,2025,1,32275.02
P014220,2025,1,35983.42
P014222,2025,1,29674.42
P014223,2025,1,16480.12
P014231,2025,1,30647.58
P014232,2025,1,34900.7
P014235,2025,1,32167.46
P014237,2025,1,43746.71
P014240,2025,1,49616.42
P014242,2025,1,8460.82
P014244,2025,1,64697.86
P014245,2025,1,22255.45
P014248,2025,1,15027.88
P014251,2025,1,12724.21
P014252,2025,1,68399.83
P014259,2025,1,61811.82
P014260,2025,1,39545.09
P014262,2025,0,0
P014263,2025,1,47686.02
P014264,2025,1,66648.92
P014266,2025,1,19351.51
P014267,2025,1,44511.84
P014271,2025,0,0
P014272,2025,1,26282.4
P014273,2025,1,30470.61
P014274,2025,1,32658.87
P014275,2025,1,22846.18
P014276,2025,1,16021.72
P014277,2025,1,12809.21
P014282,2025,1,42414.44
P014283,2025,1,20865.78
P014285,2025,1,49795.31
P014287,2025,1,14254.29
P014288,2025,1,25456.66
P014289,2025,1,4880.77
P014290,2025,1,61063.79
P014294,2025,1,20040.96
P014296,2025,1,10675.36
P014301,2025,1,29348.19
P014305,2025,1,26075.18
P014308,2025,1,30675.99
P014309,2025,1,26390.81
P014313,2025,1,17410.43
P014315,2025,1,75360.97
P014317,2025,1,30168.25
P014318,2025,1,30480
P014320,2025,1,27564.52
P014321,2025,1,24286.31
P014324,2025,1,17336.1
P014326,2025,1,21993.48
P014327,2025,1,54460.38
P014333,2025,1,31487.66
P014334,2025,1,42040.81
P014335,2025,1,59329.52
P014336,2025,1,25555.46
P014337,2025,1,30852.96
P014339,2025,1,21629.79
P014340,2025,1,58625.23
P014342,2025,1,19350.56
P014343,2025,1,30921.58
P014345,2025,1,61819.37
P014348,2025,1,36777.9
P014349,2025,1,7131.2
P014351,2025,1,30806.17
P014352,2025,0,0
P014353,2025,1,82911.13
P014354,2025,1,NA
P014355,2025,1,55957.24
P014359,2025,1,42931.75
P014360,2025,1,17363.35
P014362,2025,1,57438.39
P014363,2025,1,18024.77
P014364,2025,1,20210.91
P014365,2025,1,13687.37
P014367,2025,1,26454.44
P014368,2025,1,34072.91
P014374,2025,1,21849.59
P014375,2025,1,29361.91
P014376,2025,1,97455.25
P014379,2025,1,24195.73
P014381,2025,1,17805.11
P014383,2025,1,34670.84
P014384,2025,1,28305.64
P014385,2025,1,15321.67
P014394,2025,1,26571.17
P014396,2025,1,11718.97
P014397,2025,1,13486.78
P014400,2025,1,18633.3
P014402,2025,1,17165.09
P014403,2025,1,45434.34
P014404,2025,1,15696.22
P014405,2025,1,35365.56
P014409,2025,1,14314.76
P014413,2025,1,35757.9
P014414,2025,1,12192.83
P014415,2025,1,20376.03
P014419,2025,1,14115.22
P014424,2025,1,15994.33
P014426,2025,1,21349.1
P014427,2025,1,91974.75
P014429,2025,1,50457.83
P014431,2025,1,17992.85
P014432,2025,1,12425.57
P014433,2025,1,18622.69
P014438,2025,1,10309.37
P014439,2025,1,28689.97
P014442,2025,1,12748.13
P014445,2025,1,12028.09
P014447,2025,1,25554.42
P014450,2025,1,71762.25
P014452,2025,1,41016.25
P014453,2025,1,37250.32
P014454,2025,1,19599.15
P014457,2025,1,86700.88
P014458,2025,1,33303.9
P014459,2025,1,57259.7
P014462,2025,1,23932.95
P014464,2025,1,26297.3
P014466,2025,1,21423.64
P014467,2025,1,22603.92
P014468,2025,1,87792.38
P014470,2025,1,34171.61
P014473,2025,1,28664.36
P014475,2025,1,15626.57
P014477,2025,1,53495.96
P014481,2025,1,33614.11
P014485,2025,1,85288.71
P014489,2025,1,20937.4
P014495,2025,1,31338.66
P014497,2025,1,25291.99
P014498,2025,1,21848.74
P014500,2025,1,39020.63
P014504,2025,1,57294.51
P014505,2025,1,22135.86
P014507,2025,1,28126.8
P014515,2025,1,16864.98
P014519,2025,1,21047.04
P014529,2025,1,38086.97
P014530,2025,1,24673.31
P014531,2025,1,31319.08
P014532,2025,1,40526.36
P014533,2025,1,22960.72
P014534,2025,1,71348.34
P014537,2025,1,70896.93
P014538,2025,1,62546.81
P014539,2025,1,16965.71
P014540,2025,1,16086.84
P014541,2025,1,65329.06
P014542,2025,1,17806.5
P014544,2025,1,11455.44
P014545,2025,1,34051
P014548,2025,1,14958.18
P014552,2025,1,36077.65
P014553,2025,1,46663.28
P014557,2025,1,48128.38
P014562,2025,1,157992.11
P014563,2025,1,37033.63
P014565,2025,1,27208.84
P014566,2025,1,17898
P014571,2025,1,12145.14
P014577,2025,1,15745.99
P014578,2025,1,10127.4
P014579,2025,1,68646.22
P014582,2025,1,43021.99
P014586,2025,1,46272.98
P014588,2025,1,44123.67
P014589,2025,1,12125.34
P014590,2025,1,40254.97
P014591,2025,1,66015.85
P014592,2025,1,61277.35
P014593,2025,1,12972.13
P014594,2025,1,20063.97
P014595,2025,1,42583.56
P014596,2025,1,16208.49
P014599,2025,1,33733.23
P014601,2025,1,33845.61
P014606,2025,1,38202.09
P014607,2025,1,45338.99
P014608,2025,1,53036.48
P014609,2025,1,6454.79
P014611,2025,1,23719.64
P014616,2025,1,55785.14
P014619,2025,1,11124.49
P014621,2025,1,10851.74
P014622,2025,1,34552.44
P014625,2025,1,41350.08
P014626,2025,1,35218.42
P014627,2025,1,18137.41
P014633,2025,1,36290.34
P014637,2025,1,42557.19
P014638,2025,1,15504.17
P014641,2025,0,0
P014643,2025,1,28811.46
P014644,2025,1,44966.08
P014650,2025,1,5044.6
P014652,2025,1,43935.75
P014653,2025,1,25831.91
P014655,2025,1,64352.79
P014656,2025,1,24285.79
P014657,2025,1,25780.86
P014658,2025,1,13634.73
P014660,2025,1,19555.41
P014661,2025,1,35203.04
P014666,2025,1,99790.25
P014668,2025,1,34061
P014669,2025,1,33124.47
P014671,2025,1,31721.08
P014677,2025,1,18563.51
P014680,2025,1,24705.41
P014690,2025,1,24776.77
P014694,2025,1,6483.45
P014697,2025,1,33569.16
P014699,2025,1,72611.42
P014703,2025,1,26136.09
P014705,2025,1,11004.3
P014706,2025,1,33325.15
P014708,2025,1,39043.22
P014710,2025,1,62495.69
P014712,2025,1,57689.16
P014713,2025,1,45501.55
P014714,2025,1,10067.48
P014716,2025,1,69388.86
P014717,2025,1,137083.76
P014718,2025,1,26255.43
P014719,2025,1,60877.71
P014721,2025,1,19220.86
P014722,2025,1,32825.3
P014724,2025,1,80741.21
P014725,2025,1,9289.04
P014728,2025,1,19711.51
P014733,2025,1,73041.08
P014734,2025,1,31549.15
P014735,2025,1,8506.85
P014737,2025,1,51314.83
P014738,2025,1,17851.26
P014740,2025,1,38822.4
P014742,2025,1,64835.67
P014743,2025,1,31967.09
P014747,2025,1,10109.18
P014756,2025,1,41118.81
P014757,2025,1,16786.15
P014760,2025,1,29635.49
P014762,2025,1,29818.55
P014763,2025,1,21188.35
P014767,2025,1,16592.24
P014773,2025,1,39158.24
P014774,2025,1,27687.8
P014775,2025,1,0
P014776,2025,1,18722.24
P014779,2025,1,116760.92
P014780,2025,1,41187.31
P014781,2025,1,18740.06
P014782,2025,1,48997.05
P014784,2025,1,30053.5
P014793,2025,1,17865.54
P014795,2025,1,43881.95
P014798,2025,1,33123.94
P014799,2025,1,29827.6
P014800,2025,1,9420.36
P014801,2025,1,45101.65
P014802,2025,1,13333.9
P014803,2025,1,40657.21
P014805,2025,1,24669.03
P014809,2025,1,7901.14
P014810,2025,1,44179.29
P014812,2025,1,34956.55
P014817,2025,1,25005.77
P014819,2025,1,35402.64
P014820,2025,1,39214.04
P014822,2025,1,23085.71
P014823,2025,1,18226.5
P014824,2025,1,4953.31
P014826,2025,1,25827.71
P014828,2025,1,60059.52
P014832,2025,1,52378.1
P014833,2025,1,23232.89
P014834,2025,1,33046.04
P014837,2025,1,39411.02
P014839,2025,1,7574.2
P014841,2025,1,33644.26
P014848,2025,1,79775.87
P014849,2025,1,29073.44
P014850,2025,1,37510.94
P014852,2025,1,36716.74
P014853,2025,1,8616.78
P014855,2025,1,22486.26
P014856,2025,1,33054.39
P014857,2025,1,35862.43
P014859,2025,1,26271.71
P014861,2025,1,24130.08
P014869,2025,1,35890.91
P014871,2025,1,39827.16
P014875,2025,1,37494.49
P014876,2025,1,17344.52
P014877,2025,1,19103.18
P014878,2025,1,78380.71
P014879,2025,1,48728.12
P014881,2025,1,72929.2
P014884,2025,1,76626.26
P014885,2025,1,28966.51
P014897,2025,1,38694.86
P014898,2025,1,13370.28
P014903,2025,1,45632.47
P014904,2025,1,39119.16
P014906,2025,1,10106.25
P014919,2025,1,37572.15
P014920,2025,1,24517.74
P014922,2025,0,0
P014923,2025,1,15922.29
P014924,2025,1,45253.79
P014927,2025,1,59649.71
P014929,2025,1,52088.46
P014930,2025,1,26944.84
P014932,2025,1,36990.7
P014934,2025,1,10575.83
P014938,2025,1,47168.09
P014940,2025,1,29792.1
P014941,2025,1,53284.75
P014946,2025,1,18708.21
P014947,2025,1,33358.3
P014948,2025,1,22505.19
P014950,2025,1,11672.93
P014951,2025,1,33237.42
P014953,2025,1,30419.59
P014954,2025,1,37316.2
P014955,2025,1,59486.49
P014960,2025,1,26415
P014961,2025,1,80621.75
P014963,2025,1,6139.18
P014965,2025,1,4255.43
P014968,2025,1,19536.78
P014969,2025,1,52627.69
P014970,2025,1,9886.16
P014973,2025,1,25110.36
P014975,2025,1,35888.46
P014978,2025,1,10969.58
P014981,2025,1,63497.38
P014984,2025,1,7896.95
P014985,2025,1,14028.15
P014989,2025,1,19556.04
P014991,2025,1,12468.57
P014994,2025,1,53658.35
P014995,2025,1,62727.33
P014997,2025,1,41128.68
P014998,2025,1,23834.35
P015000,2025,1,40917.98
P015002,2025,1,64592.23
P015003,2025,1,13600.38
P015007,2025,1,43456.23
P015008,2025,1,16342.94
P015015,2025,1,53115.46
P015016,2025,1,31022.38
P015017,2025,1,32308.12
P015018,2025,1,40341.94
P015020,2025,1,38069.42
P015021,2025,1,53283.27
P015023,2025,1,62878.42
P015025,2025,1,17229.37
P015029,2025,1,11982.38
P015033,2025,1,16500.62
P015034,2025,1,26128.12
P015035,2025,1,40569.4
P015038,2025,1,12056.89
P015040,2025,1,37731.02
P015041,2025,1,47871.05
P015042,2025,1,13669.77
P015046,2025,1,21875.61
P015049,2025,1,62841.27
P015051,2025,1,13611.29
P015055,2025,1,NA
P015056,2025,1,27879.27
P015060,2025,1,41778.05
P015064,2025,1,53738.94
P015065,2025,1,15595.06
P015066,2025,1,27486.48
P015067,2025,1,38338.09
P015070,2025,1,26465.63
P015074,2025,1,52192.42
P015077,2025,1,9233.81
P015081,2025,1,53046.93
P015088,2025,1,32282.07
P015092,2025,1,35152.31
P015096,2025,1,31368.98
P015098,2025,1,6928.81
P015102,2025,1,31214.47
P015103,2025,1,64938.18
P015104,2025,1,54755.57
P015106,2025,1,23459.17
P015110,2025,1,24511.42
P015112,2025,1,20180.57
P015113,2025,1,20702.43
P015114,2025,1,28369.2
P015116,2025,1,91557.71
P015117,2025,1,22631.32
P015118,2025,1,29374.55
P015119,2025,1,27617.92
P015124,2025,1,45494.77
P015125,2025,1,19350.43
P015127,2025,1,64100.21
P015130,2025,1,13866.99
P015132,2025,1,43432.02
P015135,2025,1,27478.58
P015136,2025,1,29557.48
P015139,2025,1,12540.85
P015140,2025,1,11737.02
P015150,2025,1,39747.41
P015156,2025,1,29530.74
P015157,2025,0,0
P015158,2025,0,0
P015161,2025,1,39232.78
P015162,2025,1,78633.86
P015163,2025,1,0
P015164,2025,1,30438.35
P015166,2025,1,7730.03
P015170,2025,1,26466.86
P015172,2025,1,62393.37
P015174,2025,1,19740.21
P015175,2025,1,17023.68
P015180,2025,1,34691.66
P015181,2025,1,7410.82
P015182,2025,1,29558.35
P015183,2025,1,38881.72
P015184,2025,1,31238.49
P015187,2025,1,8694.69
P015189,2025,1,30233.89
P015190,2025,1,54210.24
P015191,2025,0,0
P015192,2025,1,NA
P015193,2025,1,34425.96
P015196,2025,1,43232.16
P015200,2025,1,23847.62
P015203,2025,1,43707.45
P015204,2025,1,37970.35
P015205,2025,1,22226.71
P015207,2025,1,35125.9
P015209,2025,1,10885.07
P015210,2025,1,24570.13
P015212,2025,1,64271.19
P015213,2025,1,46863.23
P015215,2025,1,35871.68
P015216,2025,1,52431.54
P015221,2025,1,30408.69
P015222,2025,1,14593.56
P015230,2025,1,8109.78
P015231,2025,1,11108.6
P015233,2025,1,35172.2
P015234,2025,1,10626.5
P015241,2025,1,-16527.35
P015249,2025,1,27995.69
P015250,2025,1,5909.2
P015253,2025,1,6704.8
P015254,2025,1,19501.35
P015256,2025,1,29174.83
P015260,2025,1,31634.95
P015261,2025,1,32929.72
P015262,2025,1,8480.62
P015266,2025,1,54602.47
P015273,2025,1,41192.53
P015274,2025,1,15027.15
P015278,2025,1,84092.93
P015281,2025,1,86551.11
P015282,2025,1,21266.51
P015285,2025,1,39302.09
P015286,2025,1,39563.77
P015287,2025,1,55063.8
P015292,2025,1,NA
P015294,2025,1,37002.94
P015296,2025,1,57002.3
P015297,2025,1,5929.84
P015298,2025,0,0
P015299,2025,1,10531.72
P015301,2025,1,7913.93
P015308,2025,1,34102.79
P015312,2025,1,68145.88
P015314,2025,1,46921.54
P015315,2025,1,24097.31
P015316,2025,1,46240.56
P015317,2025,1,49488.63
P015319,2025,1,34897.97
P015321,2025,1,12927.16
P015322,2025,1,NA
P015325,2025,1,20937.35
P015326,2025,1,18071.61
P015327,2025,1,81862.53
P015328,2025,1,15683.76
P015329,2025,1,30859.24
P015330,2025,1,38164.31
P015334,2025,1,50957.42
P015340,2025,1,76156.97
P015341,2025,1,38520.97
P015342,2025,1,NA
P015347,2025,1,8948.41
P015348,2025,1,39083.67
P015351,2025,1,6542.85
P015353,2025,1,32949.67
P015354,2025,1,10303.61
P015355,2025,1,61953.91
P015357,2025,1,24435.78
P015359,2025,1,14343.5
P015363,2025,1,3093.47
P015364,2025,1,29299.27
P015367,2025,1,11462.48
P015368,2025,1,20446.67
P015369,2025,1,7412.55
P015373,2025,1,101808.59
P015375,2025,1,25405.85
P015378,2025,0,0
P015379,2025,1,23942.97
P015380,2025,1,9642.2
P015381,2025,1,33240.94
P015382,2025,1,9439.45
P015383,2025,1,33270.17
P015386,2025,1,26352.86
P015387,2025,1,10551.73
P015388,2025,1,59495.99
P015390,2025,1,75119.07
P015395,2025,1,43743.39
P015396,2025,1,24280.76
P015398,2025,1,15767.4
P015399,2025,1,30191.51
P015403,2025,1,45360.59
P015406,2025,1,73980.84
P015407,2025,1,32860.25
P015410,2025,1,53403.3
P015412,2025,1,23367.32
P015414,2025,1,34012.99
P015415,2025,1,56062.22
P015419,2025,1,97342.53
P015420,2025,0,0
P015421,2025,1,26768.48
P015429,2025,1,52771.72
P015436,2025,1,26525.13
P015438,2025,1,65504.71
P015439,2025,1,23713.9
P015440,2025,1,28724.76
P015444,2025,1,43346.95
P015446,2025,1,38897.73
P015453,2025,1,6298.7
P015454,2025,1,58905.25
P015458,2025,1,5869.29
P015461,2025,1,50474.25
P015462,2025,1,11689.87
P015464,2025,1,9562.54
P015466,2025,1,44627.96
P015469,2025,1,78899.94
P015470,2025,1,56929.91
P015471,2025,1,18295.43
P015473,2025,1,11539.55
P015474,2025,1,50458.6
P015477,2025,1,17228.59
P015481,2025,1,94903.72
P015487,2025,1,29596.5
P015490,2025,1,10772.95
P015491,2025,1,11863.24
P015494,2025,1,47260.22
P015495,2025,1,31259.77
P015499,2025,1,62401.76
P015503,2025,1,17373.76
P015504,2025,1,35388.3
P015507,2025,1,24414.44
P015508,2025,1,56214.57
P015509,2025,1,125049.22
P015510,2025,1,26404.22
P015513,2025,0,0
P015516,2025,1,13369.64
P015517,2025,1,20288.89
P015518,2025,1,26968.67
P015527,2025,1,38827.3
P015529,2025,1,88059.27
P015530,2025,1,35185.89
P015532,2025,1,55959.19
P015536,2025,1,10630.69
P015539,2025,1,35440.03
P015541,2025,1,62027.54
P015543,2025,1,28919.67
P015546,2025,1,19435.97
P015549,2025,1,18691.43
P015550,2025,1,19789.65
P015551,2025,1,43910.02
P015552,2025,1,25213.48
P015556,2025,1,27510.83
P015557,2025,1,37989.79
P015558,2025,1,26816.37
P015560,2025,1,7375.24
P015562,2025,1,17680.42
P015564,2025,1,28313.63
P015567,2025,1,21975.65
P015568,2025,1,8783.67
P015571,2025,1,NA
P015572,2025,1,44693.35
P015574,2025,1,10042.84
P015575,2025,1,NA
P015579,2025,1,NA
P015582,2025,1,55855.67
P015583,2025,1,13556.05
P015584,2025,1,24990.02
P015585,2025,1,30184.72
P015589,2025,1,11057.78
P015590,2025,1,20573.67
P015593,2025,1,5831.67
P015594,2025,1,29801.67
P015595,2025,1,52767.53
P015600,2025,1,19958.43
P015601,2025,1,9274.83
P015602,2025,1,36282.56
P015606,2025,1,40285.94
P015607,2025,1,38517.3
P015611,2025,1,37448.43
P015613,2025,1,23781.83
P015614,2025,1,26241.45
P015615,2025,1,14911
P015617,2025,1,12211.02
P015618,2025,1,10620.64
P015619,2025,1,21239.51
P015621,2025,1,35479.68
P015622,2025,1,35160.85
P015624,2025,1,57315.92
P015625,2025,1,18448.92
P015630,2025,1,27197.25
P015633,2025,1,48385.71
P015640,2025,1,22365.86
P015643,2025,1,6114.48
P015647,2025,1,27599.58
P015651,2025,1,9805.7
P015655,2025,1,NA
P015656,2025,1,12143.53
P015658,2025,1,22425.55
P015659,2025,1,24439.97
P015660,2025,1,25349.89
P015663,2025,1,18176.41
P015667,2025,1,40432.72
P015669,2025,0,0
P015670,2025,1,88357.96
P015671,2025,1,46382.23
P015672,2025,1,10795.71
P015674,2025,1,56959.2
P015678,2025,1,91151.23
P015687,2025,1,5444.86
P015690,2025,1,138617.53
P015693,2025,1,38116.8
P015694,2025,1,8094.24
P015696,2025,1,67779.65
P015697,2025,1,28140.12
P015700,2025,1,5327.36
P015702,2025,1,35417.02
P015704,2025,1,31737.68
P015705,2025,1,21502.49
P015708,2025,1,51786.81
P015712,2025,1,23236.78
P015715,2025,1,13128.2
P015717,2025,1,9315.69
P015719,2025,1,43478.51
P015722,2025,1,48346.6
P015724,2025,1,15907.34
P015726,2025,1,76167.72
P015727,2025,1,37888.31
P015734,2025,1,18242.73
P015736,2025,1,6713.05
P015738,2025,1,28141.37
P015740,2025,1,21332.2
P015743,2025,1,66976.69
P015747,2025,1,19348.99
P015758,2025,1,21365.98
P015762,2025,1,37428.61
P015764,2025,1,44980.06
P015765,2025,1,63744.15
P015767,2025,1,10679.37
P015769,2025,1,31418.53
P015774,2025,1,23337.39
P015775,2025,1,51482.24
P015778,2025,1,19817.07
P015779,2025,1,18987.65
P015780,2025,1,5011.95
P015781,2025,1,50820.74
P015785,2025,1,17515.82
P015786,2025,1,23675.82
P015788,2025,1,29906.96
P015790,2025,1,51637.52
P015796,2025,1,42604.35
P015797,2025,1,5069.31
P015801,2025,1,64617.66
P015809,2025,1,55523.57
P015814,2025,1,NA
P015817,2025,1,22948.46
P015819,2025,1,39078.52
P015820,2025,1,80748.41
P015822,2025,1,20076.95
P015823,2025,1,63062.62
P015824,2025,1,55895.59
P015825,2025,1,7526.43
P015828,2025,1,24271.83
P015832,2025,1,48848.78
P015833,2025,1,15525.83
P015834,2025,1,13564.61
P015839,2025,1,56060.9
P015842,2025,1,23736.59
P015843,2025,1,12176.52
P015848,2025,1,16413.95
P015852,2025,1,5824.82
P015857,2025,1,40452.01
P015858,2025,1,35018.6
P015859,2025,1,5300.31
P015860,2025,1,35317.71
P015862,2025,1,32310.06
P015864,2025,1,26650.44
P015867,2025,1,26002.1
P015868,2025,1,23592.57
P015870,2025,1,25656.5
P015871,2025,1,16837.84
P015873,2025,1,16067.7
P015881,2025,1,11554.9
P015882,2025,1,22365.21
P015883,2025,1,25932.46
P015885,2025,1,31850.42
P015887,2025,1,23421.48
P015895,2025,1,12556.25
P015896,2025,1,21502.29
P015900,2025,1,25106.73
P015901,2025,1,20000.08
P015902,2025,1,36597.9
P015908,2025,1,12332.12
P015911,2025,1,59212.3
P015913,2025,1,-41922.93
P015914,2025,1,32003.4
P015915,2025,1,90546.12
P015917,2025,1,46783.16
P015918,2025,1,38524.57
P015919,2025,1,39483.73
P015922,2025,1,20269.27
P015924,2025,1,26134.22
P015926,2025,1,56455.17
P015927,2025,0,0
P015932,2025,1,12720.32
P015935,2025,1,18155.81
P015937,2025,1,27668.51
P015938,2025,1,44727.96
P015941,2025,1,28831.77
P015943,2025,1,21338.47
P015946,2025,1,9766.12
P015948,2025,1,NA
P015951,2025,1,33521.57
P015955,2025,1,24505.55
P015959,2025,1,8851.99
P015960,2025,1,20234.89
P015964,2025,1,36157.73
P015965,2025,1,56392.33
P015969,2025,1,35411.44
P015970,2025,1,48597.12
P015972,2025,1,11436.04
P015974,2025,1,37702.45
P015976,2025,1,61639.1
P015978,2025,1,45144.85
P015983,2025,1,35230.86
P015985,2025,1,12012.31
P015990,2025,1,19147.23
P015992,2025,1,28303.75
P015995,2025,1,31145.82
P015996,2025,1,34163.29
P015999,2025,1,13677.06
P016000,2025,1,49457.16
P016003,2025,1,80029.85
P016005,2025,1,0
P016010,2025,1,10031.4
P016012,2025,1,35442.78
P016015,2025,1,39435.59
P016021,2025,1,26886.58
P016022,2025,1,5520.15
P016027,2025,1,12439.68
P016028,2025,1,8751.14
P016029,2025,1,8739.03
P016030,2025,1,45270.79
P016031,2025,1,42593.96
P016032,2025,1,40507.95
P016033,2025,1,51001.91
P016034,2025,1,21708.6
P016036,2025,1,44841.82
P016040,2025,1,18335.43
P016041,2025,1,29295.18
P016044,2025,1,25714.01
P016051,2025,1,26829.58
P016056,2025,1,18579.11
P016058,2025,1,23222.73
P016059,2025,1,19912.18
P016063,2025,1,28584.63
P016064,2025,1,21576.18
P016069,2025,1,63716.51
P016071,2025,1,127397.68
P016075,2025,1,40720.92
P016076,2025,1,40660.21
P016077,2025,1,32029.58
P016078,2025,1,5254.32
P016080,2025,1,49895.93
P016082,2025,1,7683.56
P016084,2025,0,0
P016088,2025,1,11429.68
P016089,2025,1,13500.83
P016091,2025,1,33229.99
P016096,2025,1,13496.4
P016099,2025,1,7680.77
P016100,2025,1,64653.95
P016103,2025,1,32318.59
P016104,2025,1,123839.71
P016107,2025,1,79415.77
P016108,2025,1,18443.36
P016110,2025,1,19346.88
P016111,2025,1,81475.61
P016112,2025,1,18645.59
P016113,2025,1,28574.57
P016114,2025,1,22871.87
P016121,2025,1,20744.03
P016126,2025,1,69446.95
P016131,2025,1,35862.34
P016133,2025,1,15044.79
P016135,2025,1,23955.52
P016136,2025,1,21282.53
P016140,2025,1,35329.32
P016141,2025,1,17011.78
P016142,2025,1,46702.16
P016143,2025,1,74538.9
P016144,2025,1,38760.58
P016147,2025,1,48604.79
P016149,2025,1,10955.79
P016154,2025,1,15399.17
P016159,2025,1,22285.6
P016161,2025,1,35671.12
P016163,2025,1,11500.6
P016169,2025,1,8835.78
P016170,2025,1,64108.81
P016171,2025,1,24726.72
P016173,2025,1,20687.07
P016177,2025,1,15098.74
P016178,2025,1,41312.96
P016179,2025,1,14548.03
P016180,2025,1,NA
P016181,2025,1,46331.5
P016182,2025,1,20966.61
P016186,2025,1,16913.49
P016190,2025,1,6330.14
P016191,2025,1,35765.48
P016193,2025,1,23094.63
P016194,2025,1,27781.45
P016196,2025,1,30125.25
P016197,2025,1,25395.67
P016201,2025,1,67028.51
P016203,2025,1,38696.47
P016204,2025,1,53273.48
P016206,2025,1,43526.86
P016214,2025,1,47747.51
P016220,2025,1,28536.64
P016221,2025,0,0
P016222,2025,1,43090.5
P016229,2025,1,40470.06
P016235,2025,1,46193.19
P016237,2025,1,17115.87
P016238,2025,1,7601.5
P016240,2025,1,8578.29
P016243,2025,1,5017.84
P016244,2025,1,22971.55
P016245,2025,1,0
P016251,2025,1,10449.44
P016252,2025,1,9122.86
P016254,2025,1,27147.76
P016255,2025,1,17401.76
P016256,2025,1,39434.28
P016258,2025,1,18250.5
P016260,2025,1,33570.73
P016261,2025,1,28333.24
P016262,2025,1,37562.06
P016263,2025,1,25434.38
P016264,2025,1,14631.63
P016266,2025,1,43227.35
P016268,2025,1,15582.02
P016269,2025,1,36222.89
P016272,2025,1,24924.3
P016278,2025,1,42252.82
P016279,2025,1,27193.21
P016280,2025,1,17101.83
P016281,2025,1,43261.84
P016282,2025,1,32738.21
P016283,2025,1,11374.67
P016284,2025,1,25661.6
P016291,2025,1,28730.3
P016293,2025,1,57572.64
P016294,2025,1,33595.73
P016295,2025,1,43749.86
P016298,2025,1,41724.86
P016301,2025,1,55407.86
P016303,2025,1,33093.31
P016304,2025,1,19515.73
P016305,2025,1,21227.01
P016306,2025,1,41688.45
P016308,2025,1,5174.59
P016310,2025,1,56264.45
P016312,2025,1,8357.16
P016315,2025,1,77536.92
P016316,2025,1,129430.8
P016317,2025,1,95498.66
P016318,2025,1,35949.53
P016324,2025,1,21764.5
P016327,2025,1,6973.09
P016333,2025,1,7812.77
P016334,2025,1,17846.86
P016335,2025,1,21311.86
P016336,2025,1,45444.14
P016338,2025,1,23933.84
P016340,2025,1,18004.84
P016342,2025,1,17886.86
P016343,2025,1,24245.56
P016350,2025,0,0
P016352,2025,1,20234.75
P016357,2025,1,60911.19
P016358,2025,1,17716.65
P016363,2025,1,18203.3
P016364,2025,1,9131.82
P016365,2025,1,53733.79
P016366,2025,1,83148.75
P016368,2025,1,32152.85
P016373,2025,1,31237.57
P016375,2025,1,20333.68
P016376,2025,1,69280.5
P016380,2025,1,35336.44
P016383,2025,1,42475.33
P016384,2025,1,63885.68
P016386,2025,1,11894.88
P016387,2025,1,44521.56
P016389,2025,1,40526.32
P016391,2025,1,42087.45
P016393,2025,1,41066.57
P016394,2025,1,17351.2
P016395,2025,1,11453.38
P016396,2025,1,31160.22
P016405,2025,1,41232.88
P016407,2025,1,18684.36
P016409,2025,1,41363.05
P016413,2025,1,6741.27
P016414,2025,1,56997.29
P016415,2025,1,23648.4
P016421,2025,1,27352.64
P016422,2025,1,37118.38
P016425,2025,1,21305.7
P016426,2025,1,43292.42
P016432,2025,1,16024.38
P016433,2025,1,14516.48
P016435,2025,1,12766.67
P016439,2025,1,38683.58
P016440,2025,1,20067.77
P016443,2025,1,13659.38
P016445,2025,1,12168.47
P016447,2025,0,0
P016450,2025,1,85253.49
P016451,2025,1,24223.53
P016454,2025,1,76269.96
P016455,2025,0,0
P016458,2025,1,120261.08
P016461,2025,1,49683.52
P016463,2025,1,28991.45
P016464,2025,1,6459.63
P016467,2025,1,25672.75
P016468,2025,1,7651.19
P016469,2025,1,56536.45
P016471,2025,1,48481.9
P016472,2025,1,39592.07
P016474,2025,1,13493.04
P016475,2025,1,25045.59
P016478,2025,1,13780.05
P016480,2025,1,19003.8
P016481,2025,1,76477.79
P016484,2025,1,4638.63
P016485,2025,1,43764.24
P016488,2025,1,15051.86
P016490,2025,1,36992.3
P016492,2025,1,37872.75
P016494,2025,1,62571.9
P016499,2025,1,22013.67
P016504,2025,1,38430.78
P016507,2025,1,11384.2
P016508,2025,1,63505.02
P016513,2025,1,100691.85
P016514,2025,1,48556.91
P016519,2025,1,12208.1
P016520,2025,1,20863.4
P016521,2025,1,15141.89
P016525,2025,1,46281.28
P016529,2025,1,16409.89
P016530,2025,1,87047.14
P016532,2025,1,34852.89
P016538,2025,1,35204.5
P016543,2025,1,14299.09
P016546,2025,1,42603.08
P016547,2025,1,17651.65
P016548,2025,1,17643.95
P016549,2025,1,19341.37
P016552,2025,1,71611.67
P016556,2025,1,11585.92
P016557,2025,1,29646.55
P016559,2025,1,42230.08
P016560,2025,1,11964.51
P016561,2025,1,39954.13
P016562,2025,1,37753.47
P016563,2025,1,33334.37
P016567,2025,1,28097.93
P016580,2025,1,31335.35
P016581,2025,1,29226.39
P016588,2025,1,21876.86
P016591,2025,1,36572.06
P016592,2025,1,28883.7
P016593,2025,1,21010.86
P016597,2025,1,64574.4
P016598,2025,1,16722.65
P016599,2025,1,23433.95
P016600,2025,1,65331
P016601,2025,1,24002.1
P016602,2025,1,12262.62
P016603,2025,1,94176.93
P016604,2025,1,7391.89
P016609,2025,1,10894.93
P016610,2025,1,24400.48
P016612,2025,1,56324.6
P016617,2025,1,46860.28
P016618,2025,1,45029.81
P016619,2025,1,32451.6
P016624,2025,1,26444.48
P016627,2025,1,90709.96
P016628,2025,1,52574.39
P016631,2025,1,50487.96
P016634,2025,1,52291.53
P016635,2025,1,30653.69
P016636,2025,1,48634.87
P016637,2025,1,9337.53
P016642,2025,1,12349.89
P016644,2025,1,55572.72
P016647,2025,1,39852.44
P016648,2025,1,25592.66
P016651,2025,1,48607.42
P016652,2025,1,20257.37
P016653,2025,1,20432.75
P016655,2025,1,35811.92
P016659,2025,1,15222.17
P016660,2025,1,67865.44
P016662,2025,1,30513.1
P016664,2025,1,29609.36
P016667,2025,1,60125.97
P016669,2025,1,26746.72
P016670,2025,1,28960.62
P016672,2025,1,44842.69
P016673,2025,1,36527.55
P016674,2025,1,6843.37
P016676,2025,1,NA
P016677,2025,1,66161.91
P016679,2025,1,32773.52
P016680,2025,1,9204.87
P016682,2025,1,28461.27
P016683,2025,1,4795.14
P016685,2025,1,51411.17
P016687,2025,1,62994.74
P016692,2025,1,43503.47
P016693,2025,1,9871.21
P016695,2025,1,24378.66
P016697,2025,1,8620.61
P016698,2025,1,35398.16
P016701,2025,1,17967.97
P016704,2025,0,0
P016705,2025,1,15529.09
P016712,2025,1,24275.21
P016715,2025,1,15452.18
P016718,2025,1,14329.91
P016719,2025,1,40863.17
P016724,2025,1,36534.06
P016729,2025,1,26712.11
P016731,2025,1,59833.79
P016734,2025,1,152728
P016735,2025,1,22234.93
P016736,2025,1,39463.7
P016742,2025,1,NA
P016743,2025,1,58164.39
P016746,2025,1,14368.52
P016747,2025,1,26950.88
P016749,2025,1,9647
P016750,2025,1,56277.2
P016754,2025,1,51132.56
P016755,2025,1,21057.8
P016757,2025,1,21367.38
P016758,2025,1,31296.86
P016760,2025,1,11498.8
P016761,2025,1,7540.25
P016766,2025,1,45250.96
P016770,2025,1,38667
P016773,2025,1,49441.38
P016774,2025,1,13354.55
P016779,2025,1,29970.95
P016781,2025,1,9346.27
P016783,2025,1,29229.16
P016784,2025,1,15832.04
P016786,2025,1,24262.35
P016789,2025,1,35421.48
P016790,2025,1,27728.95
P016791,2025,0,0
P016796,2025,1,4360.99
P016798,2025,1,52343.37
P016804,2025,1,95657.49
P016807,2025,1,31482.69
P016809,2025,1,26917.34
P016810,2025,1,31056.84
P016812,2025,1,10874.77
P016813,2025,1,63145.05
P016814,2025,1,13412.06
P016815,2025,1,NA
P016817,2025,1,13604.93
P016818,2025,1,20352.43
P016822,2025,1,43652.42
P016823,2025,1,13223.57
P016838,2025,1,47062.34
P016839,2025,1,35721.45
P016841,2025,1,61799.24
P016842,2025,1,57415.61
P016843,2025,1,35290.9
P016844,2025,1,59589.76
P016846,2025,1,21345.28
P016850,2025,1,17221.69
P016851,2025,1,15079.49
P016857,2025,1,34098.34
P016858,2025,1,12091.01
P016859,2025,1,14004.56
P016860,2025,1,75946.7
P016861,2025,1,106821.23
P016862,2025,1,19733.87
P016863,2025,1,15431.45
P016872,2025,1,16243.03
P016873,2025,1,49600.52
P016874,2025,1,73207.46
P016875,2025,1,25631.52
P016877,2025,1,18701.39
P016878,2025,1,21516.39
P016879,2025,1,25374.5
P016881,2025,1,NA
P016882,2025,1,35584.77
P016884,2025,1,76245.22
P016891,2025,1,120280.26
P016893,2025,1,6551.78
P016894,2025,1,18323.61
P016895,2025,1,32721.64
P016898,2025,1,19626.45
P016899,2025,1,43209.71
P016903,2025,1,8643.08
P016905,2025,1,16369.92
P016910,2025,1,38704.8
P016911,2025,1,41122.52
P016914,2025,1,38897.28
P016916,2025,1,-22297.21
P016917,2025,1,42929.06
P016920,2025,1,11294.11
P016927,2025,1,51851.87
P016929,2025,1,0
P016931,2025,1,11530.9
P016933,2025,1,12275.38
P016934,2025,1,8122.18
P016939,2025,1,0
P016940,2025,1,28995.31
P016943,2025,1,30713.17
P016944,2025,1,20690.32
P016945,2025,1,28231.45
P016947,2025,1,10605.69
P016948,2025,1,92222.48
P016950,2025,1,34652.09
P016951,2025,1,41472.85
P016952,2025,1,30212.98
P016953,2025,1,41992.81
P016958,2025,1,6124.09
P016959,2025,1,39111.81
P016960,2025,1,13293.8
P016961,2025,1,40153.86
P016962,2025,1,23897.57
P016963,2025,1,6872.21
P016964,2025,1,11468.09
P016969,2025,1,16767.24
P016971,2025,1,26155.67
P016972,2025,1,28453.95
P016978,2025,1,26577.59
P016981,2025,1,56585.2
P016987,2025,1,40064.97
P016992,2025,1,40668.98
P016996,2025,1,47565.45
P017000,2025,1,15395.79
P017001,2025,1,39112.17
P017003,2025,1,43262.6
P017008,2025,1,7239.81
P017009,2025,1,9430.15
P017010,2025,1,68128.77
P017014,2025,1,18015.6
P017016,2025,1,12058.88
P017018,2025,1,46296.12
P017019,2025,1,24713.72
P017020,2025,1,46029.87
P017023,2025,1,18610.91
P017024,2025,1,29255.84
P017027,2025,1,26885.12
P017028,2025,1,28748.75
P017029,2025,1,9928.44
P017030,2025,1,51366.56
P017031,2025,1,72416.86
P017032,2025,1,23054.23
P017033,2025,1,45604.66
P017035,2025,1,40861.69
P017042,2025,1,50603.19
P017045,2025,1,36562.73
P017046,2025,1,8614.25
P017047,2025,1,40097.89
P017048,2025,1,78941.42
P017053,2025,1,42093.89
P017054,2025,1,44178.66
P017055,2025,1,58914.97
P017059,2025,1,49065.45
P017061,2025,1,36299.61
P017063,2025,1,34694.98
P017064,2025,1,90604.23
P017065,2025,1,38620.42
P017068,2025,1,77248.22
P017071,2025,1,14967.15
P017073,2025,1,26344.72
P017074,2025,1,16731.9
P017077,2025,1,17717.28
P017078,2025,1,9496.92
P017080,2025,1,18780.09
P017081,2025,1,22446.17
P017082,2025,1,33430.77
P017084,2025,1,13394.67
P017086,2025,1,8898.51
P017091,2025,1,30450.12
P017095,2025,1,24864.47
P017096,2025,1,42011.1
P017102,2025,1,44961.22
P017103,2025,1,15413.98
P017105,2025,1,74247.83
P017107,2025,1,28596.35
P017110,2025,1,15753.76
P017112,2025,1,29928.27
P017115,2025,1,34864.09
P017116,2025,1,76599.48
P017117,2025,1,9739.5
P017118,2025,1,18653.6
P017119,2025,1,24904.27
P017122,2025,1,27592.99
P017123,2025,1,26997.65
P017128,2025,1,52948.9
P017134,2025,1,136788.88
P017136,2025,1,56294.54
P017138,2025,1,30516.59
P017142,2025,1,21810.69
P017149,2025,1,35938.95
P017151,2025,1,38453.64
P017153,2025,1,9467.9
P017157,2025,1,42475.73
P017161,2025,1,17450.22
P017165,2025,1,42244.26
P017170,2025,1,46168.5
P017174,2025,1,69213.81
P017176,2025,1,57024.78
P017181,2025,1,62839.82
P017187,2025,1,38053.78
P017189,2025,1,38491.86
P017190,2025,1,46005.11
P017191,2025,1,20024.8
P017194,2025,1,51011.84
P017195,2025,1,56731.14
P017197,2025,1,42162.99
P017198,2025,1,99822.21
P017199,2025,1,30458.83
P017200,2025,1,54961.18
P017201,2025,1,37806.19
P017205,2025,1,32691.01
P017206,2025,1,40482.24
P017215,2025,1,11745.14
P017219,2025,1,21219.77
P017221,2025,1,37753.07
P017223,2025,1,24069.47
P017232,2025,1,55747.06
P017233,2025,1,31381.95
P017234,2025,1,15243.81
P017236,2025,1,9330.23
P017237,2025,1,25114.25
P017241,2025,1,33012.33
P017246,2025,1,NA
P017247,2025,1,54453.16
P017248,2025,1,42098.38
P017251,2025,1,59687.35
P017253,2025,1,11345.58
P017255,2025,1,78364.95
P017256,2025,1,0
P017263,2025,1,48389.7
P017268,2025,1,63626.43
P017271,2025,1,109282.18
P017274,2025,1,90201.57
P017275,2025,1,52458.79
P017276,2025,1,25950.67
P017278,2025,1,59901.59
P017280,2025,1,20034.48
P017285,2025,0,0
P017289,2025,1,110168.65
P017291,2025,1,36974.22
P017292,2025,0,0
P017294,2025,1,29715.49
P017296,2025,1,47837.92
P017297,2025,1,33571.36
P017298,2025,1,19534.57
P017299,2025,1,35019.88
P017306,2025,1,47977.51
P017308,2025,1,63174.89
P017312,2025,0,0
P017313,2025,1,38459.62
P017318,2025,1,28880.68
P017320,2025,1,13538.57
P017321,2025,1,31316.49
P017325,2025,1,42112.54
P017328,2025,1,54269.54
P017329,2025,1,27536.74
P017330,2025,1,9993.33
P017337,2025,1,66521.2
P017338,2025,1,15255.98
P017339,2025,1,20169.53
P017341,2025,1,20639.23
P017346,2025,1,55158.23
P017348,2025,1,184323.89
P017349,2025,1,13946.63
P017353,2025,1,48518.04
P017354,2025,1,58737.09
P017355,2025,1,83690.64
P017356,2025,1,19328.58
P017358,2025,1,30027.63
P017360,2025,1,28214.65
P017361,2025,1,21699.96
P017364,2025,0,0
P017365,2025,1,26794.14
P017366,2025,1,22373.39
P017373,2025,1,4008.51
P017375,2025,1,17506.45
P017376,2025,1,24735.22
P017378,2025,1,35626.63
P017384,2025,1,24508.15
P017385,2025,1,16056.61
P017386,2025,1,12539.62
P017387,2025,1,69334.65
P017388,2025,1,30779.48
P017390,2025,1,19255.75
P017391,2025,1,24267.63
P017395,2025,1,68480.95
P017396,2025,1,60692.48
P017399,2025,1,8501.1
P017403,2025,1,61938.47
P017404,2025,1,59221.7
P017406,2025,1,21572.13
P017408,2025,1,NA
P017410,2025,1,27156.66
P017411,2025,1,26801.36
P017412,2025,1,16786.7
P017414,2025,1,30640.91
P017415,2025,1,74613.56
P017417,2025,1,53875.29
P017419,2025,1,55383.57
P017420,2025,1,66347.7
P017421,2025,1,38303.13
P017423,2025,1,16969.49
P017426,2025,1,27482.44
P017428,2025,1,69399.86
P017429,2025,1,22323.51
P017434,2025,1,15157.65
P017439,2025,1,61371.4
P017440,2025,1,33957.9
P017441,2025,1,18315.47
P017445,2025,1,30562.99
P017446,2025,1,15059.39
P017450,2025,1,62809.61
P017452,2025,1,9223.72
P017456,2025,1,32108.1
P017462,2025,1,43422.18
P017469,2025,1,63366.58
P017470,2025,1,18557.19
P017472,2025,1,15929.18
P017477,2025,1,10498.2
P017481,2025,1,11461.64
P017486,2025,1,29621.9
P017487,2025,1,35768.29
P017488,2025,1,24785.67
P017494,2025,1,20217.77
P017495,2025,1,38721.76
P017498,2025,0,0
P017501,2025,1,8263.01
P017503,2025,1,55925.04
P017505,2025,1,25897.78
P017510,2025,1,10486.32
P017514,2025,1,59604.7
P017516,2025,1,31367.57
P017519,2025,1,35790.76
P017520,2025,1,17995.17
P017521,2025,1,32906.45
P017524,2025,1,14208.54
P017527,2025,1,49744.34
P017528,2025,1,20749.14
P017529,2025,1,36619.39
P017530,2025,1,37475.3
P017531,2025,1,44186.36
P017537,2025,1,35115.37
P017538,2025,1,73288.66
P017544,2025,1,39001
P017545,2025,1,11871.54
P017546,2025,1,24302.66
P017547,2025,1,49251.38
P017549,2025,1,55105.5
P017552,2025,1,20838.5
P017553,2025,1,14982.89
P017554,2025,1,51693.74
P017556,2025,1,22932.76
P017564,2025,1,34681.13
P017566,2025,1,14842.05
P017572,2025,1,34543.19
P017578,2025,1,53068.03
P017580,2025,1,11716.85
P017585,2025,1,7528.7
P017588,2025,1,16557.14
P017589,2025,1,14751.1
P017592,2025,1,NA
P017595,2025,1,9529.97
P017596,2025,1,18371.73
P017606,2025,1,9595.7
P017607,2025,1,42811.62
P017608,2025,1,3021.36
P017609,2025,1,33042.87
P017610,2025,1,22964.49
P017614,2025,1,27979.73
P017615,2025,1,26164.47
P017616,2025,1,13826.05
P017619,2025,1,35444.63
P017622,2025,1,35040.92
P017623,2025,1,16096.94
P017625,2025,1,41579.13
P017626,2025,1,21261.92
P017627,2025,1,83849.17
P017631,2025,1,24198.49
P017638,2025,1,20410.71
P017639,2025,1,12482.8
P017640,2025,1,24375.05
P017641,2025,1,35567.91
P017642,2025,1,82909.89
P017643,2025,1,38200.75
P017647,2025,1,20411.13
P017648,2025,1,29339.48
P017652,2025,1,104024.09
P017653,2025,1,49756.78
P017655,2025,1,32950
P017658,2025,1,24664.18
P017661,2025,1,49867.92
P017662,2025,1,56340.94
P017664,2025,1,66622.9
P017665,2025,1,60693.81
P017666,2025,1,NA
P017668,2025,1,20761.43
P017669,2025,1,NA
P017674,2025,1,22317.23
P017676,2025,1,81345.77
P017678,2025,1,15462.9
P017679,2025,1,83035.09
P017683,2025,1,59845.1
P017689,2025,1,45409.18
P017690,2025,1,31512.5
P017691,2025,1,22369.15
P017692,2025,1,32769.89
P017694,2025,1,155817.98
P017695,2025,1,25793.31
P017696,2025,1,65346.96
P017700,2025,1,39292.33
P017702,2025,1,11294.68
P017704,2025,1,30241.99
P017705,2025,1,31536.56
P017707,2025,0,0
P017708,2025,1,50528.85
P017718,2025,1,6769.15
P017720,2025,1,21001.81
P017721,2025,1,39906.31
P017724,2025,1,7004.1
P017725,2025,1,38060.44
P017728,2025,1,22034.46
P017730,2025,1,11678.23
P017731,2025,1,33648.42
P017732,2025,1,71350.14
P017733,2025,1,20061.28
P017734,2025,1,38136.4
P017735,2025,1,26224.29
P017736,2025,1,52751.89
P017738,2025,0,0
P017742,2025,1,31150.88
P017744,2025,1,25194.19
P017746,2025,1,9507.5
P017748,2025,1,8212.55
P017749,2025,1,76470.43
P017752,2025,1,20687.53
P017753,2025,1,50203.93
P017756,2025,1,10967.36
P017757,2025,1,41409.02
P017762,2025,1,21236.15
P017764,2025,1,24765.37
P017766,2025,1,7622.82
P017768,2025,1,16481.21
P017770,2025,1,45374.23
P017773,2025,1,8615.17
P017775,2025,1,34919.4
P017776,2025,1,20313.95
P017778,2025,1,7991.62
P017782,2025,1,7723.6
P017785,2025,1,49814.32
P017786,2025,1,14823.98
P017788,2025,1,15481.8
P017790,2025,1,79827.77
P017791,2025,1,64602.69
P017792,2025,1,19022.73
P017793,2025,1,9656
P017794,2025,1,29708.51
P017799,2025,1,15499.34
P017802,2025,1,8597.95
P017804,2025,1,26824.23
P017805,2025,1,16007.07
P017806,2025,1,21979.69
P017807,2025,1,48089.79
P017808,2025,1,13478.33
P017809,2025,1,11563.16
P017810,2025,1,95684.48
P017814,2025,1,10295.26
P017815,2025,1,22358.48
P017819,2025,1,16959.02
P017829,2025,1,20610.89
P017834,2025,1,17564.45
P017835,2025,1,70910.63
P017836,2025,1,15991.68
P017840,2025,1,52714.3
P017843,2025,1,9379.04
P017844,2025,1,10171.08
P017845,2025,1,86780.1
P017847,2025,1,33181.76
P017852,2025,1,37495.74
P017855,2025,0,NA
P017856,2025,1,54643.9
P017857,2025,1,32399.78
P017858,2025,1,59294.83
P017860,2025,1,88164.65
P017862,2025,1,24078
P017867,2025,1,67723.06
P017871,2025,1,44016.04
P017875,2025,1,50612.23
P017877,2025,1,42285.1
P017879,2025,1,17802.19
P017882,2025,1,15650.52
P017883,2025,1,43422.69
P017885,2025,1,47849.72
P017887,2025,1,39272.14
P017891,2025,1,18823.64
P017892,2025,1,18391.99
P017893,2025,1,16188.99
P017894,2025,1,39555.25
P017899,2025,1,48781.71
P017901,2025,1,17540.48
P017902,2025,1,13792.95
P017903,2025,1,12684.68
P017905,2025,1,34922.04
P017907,2025,1,7338.4
P017908,2025,1,59411.21
P017909,2025,1,14527.56
P017910,2025,1,25098.79
P017912,2025,1,19578.31
P017913,2025,1,41290.19
P017914,2025,1,52630.17
P017917,2025,1,19984.88
P017927,2025,1,121546.85
P017928,2025,1,73807.11
P017930,2025,1,42426.66
P017933,2025,1,19266.83
P017939,2025,1,27490.76
P017941,2025,1,29798.25
P017942,2025,1,10100.52
P017943,2025,1,70684.48
P017944,2025,1,31337.75
P017946,2025,1,58663.03
P017947,2025,1,42889.33
P017951,2025,1,38640.74
P017953,2025,1,72617.07
P017962,2025,1,36166.52
P017966,2025,1,17324.62
P017974,2025,1,11440.25
P017982,2025,1,43906.48
P017984,2025,1,16322.07
P017987,2025,1,34439.44
P017988,2025,1,29592.33
P017991,2025,1,20699.28
P017996,2025,1,85467.31
P017998,2025,1,39121.17
P017999,2025,1,31513.94
P018000,2025,1,35813.09
P018004,2025,1,22641.8
P018007,2025,1,51689.19
P018008,2025,1,26454.37
P018010,2025,1,95044.86
P018011,2025,1,26121.85
P018013,2025,1,47264.45
P018016,2025,1,24032.48
P018017,2025,1,23873.14
P018020,2025,1,20316.39
P018022,2025,1,6774.7
P018023,2025,1,68998.5
P018024,2025,0,0
P018027,2025,1,21960.66
P018030,2025,1,83702.94
P018032,2025,1,25930.65
P018036,2025,1,64767.2
P018038,2025,1,17143.56
P018039,2025,1,18379.98
P018040,2025,1,22943.09
P018041,2025,1,15623.63
P018043,2025,1,35571.81
P018046,2025,1,24033.57
P018047,2025,1,9345.67
P018053,2025,1,17755.15
P018056,2025,1,27112.9
P018057,2025,1,25921.59
P018058,2025,1,36290.73
P018059,2025,1,41799.63
P018062,2025,1,19170.48
P018063,2025,1,33943.88
P018065,2025,1,16634.24
P018067,2025,1,48222.99
P018068,2025,1,24212.92
P018072,2025,1,114245.51
P018074,2025,1,8367.28
P018075,2025,1,54974.55
P018076,2025,1,17967.33
P018081,2025,1,5591.05
P018082,2025,1,4586.44
P018084,2025,1,34506.11
P018085,2025,1,44840.88
P018086,2025,1,44314.3
P018088,2025,1,21206.92
P018089,2025,1,17620.92
P018092,2025,1,31003.07
P018095,2025,1,87069.34
P018096,2025,1,44988.62
P018097,2025,1,38896.81
P018099,2025,1,12737.73
P018103,2025,1,51467.25
P018104,2025,1,NA
P018106,2025,1,12646.44
P018114,2025,1,17713.86
P018123,2025,1,21196.8
P018124,2025,1,71744.12
P018127,2025,1,24699.91
P018128,2025,1,13455.99
P018131,2025,1,33885.84
P018133,2025,1,91332.84
P018134,2025,1,47011.41
P018137,2025,0,0
P018140,2025,1,88479.48
P018141,2025,1,23615.17
P018142,2025,1,17326.83
P018143,2025,1,50911.75
P018146,2025,1,43176.74
P018147,2025,1,25021.13
P018148,2025,1,27154.1
P018150,2025,1,9097.98
P018156,2025,1,38405.38
P018159,2025,1,39376.1
P018161,2025,1,26139.44
P018162,2025,1,57602.85
P018164,2025,1,76700.76
P018170,2025,1,71844.86
P018172,2025,1,30497.33
P018175,2025,1,27896.4
P018179,2025,0,0
P018182,2025,1,29940.35
P018187,2025,1,10353.7
P018189,2025,1,14415.72
P018190,2025,1,56505.23
P018191,2025,1,24307.95
P018192,2025,1,48331.11
P018193,2025,1,23104.07
P018198,2025,1,51595.16
P018199,2025,1,39102.82
P018205,2025,1,34605.06
P018210,2025,1,43522.35
P018211,2025,1,31406.24
P018212,2025,1,38959.28
P018215,2025,1,30731.64
P018216,2025,1,14061.09
P018219,2025,1,22189.54
P018223,2025,1,43913.45
P018226,2025,1,29931.82
P018227,2025,1,27674.15
P018229,2025,1,55116.44
P018230,2025,1,64333.87
P018231,2025,1,20419.64
P018234,2025,1,12648.69
P018236,2025,1,9814.28
P018238,2025,1,11878.09
P018239,2025,1,30015.02
P018240,2025,1,9834.8
P018244,2025,1,39084.79
P018247,2025,1,59467.59
P018250,2025,1,61768.79
P018251,2025,1,46048.01
P018253,2025,1,43847.38
P018259,2025,1,12409.92
P018261,2025,1,27857.37
P018262,2025,1,11864.83
P018263,2025,1,64462.96
P018264,2025,1,105471.38
P018265,2025,1,25046.13
P018266,2025,1,30816.93
P018268,2025,1,22943.91
P018269,2025,1,18654.42
P018270,2025,1,6046.71
P018271,2025,1,21526.94
P018272,2025,1,NA
P018274,2025,1,16765.01
P018275,2025,1,13544.73
P018276,2025,1,64656.18
P018278,2025,1,21292.09
P018280,2025,1,22589.37
P018281,2025,1,13258.95
P018282,2025,1,44881.6
P018283,2025,1,21531.89
P018284,2025,1,43200.12
P018286,2025,1,27424.2
P018291,2025,1,57160.45
P018292,2025,1,27345
P018295,2025,1,13558.07
P018296,2025,1,25618.58
P018297,2025,1,27649.44
P018298,2025,1,14695.35
P018303,2025,1,18567.81
P018304,2025,1,30239.53
P018305,2025,1,12256.94
P018307,2025,1,38898.61
P018308,2025,1,45492.88
P018309,2025,1,36214.1
P018310,2025,1,NA
P018313,2025,1,10754.54
P018314,2025,1,42942.15
P018319,2025,1,20955.29
P018322,2025,1,22289.9
P018323,2025,1,27536.61
P018325,2025,1,35139.09
P018326,2025,1,43181.24
P018329,2025,1,16681.7
P018331,2025,1,34225.15
P018332,2025,1,16816.57
P018333,2025,1,12252.39
P018336,2025,1,17043.87
P018338,2025,1,24018.8
P018343,2025,1,31570.05
P018346,2025,1,7149.54
P018348,2025,1,65509.29
P018352,2025,1,34676.91
P018353,2025,1,15976.66
P018355,2025,1,55222.05
P018362,2025,0,0
P018363,2025,1,95220.29
P018366,2025,1,10547.94
P018371,2025,1,23072.93
P018372,2025,1,46399.12
P018373,2025,1,33360.33
P018375,2025,1,22497.69
P018377,2025,1,9437.88
P018378,2025,1,111409.19
P018381,2025,1,42269.96
P018383,2025,1,51781.56
P018389,2025,1,21205.79
P018392,2025,1,20294.21
P018401,2025,1,NA
P018402,2025,1,58953.59
P018403,2025,0,NA
P018405,2025,1,26447.91
P018407,2025,1,46685.85
P018409,2025,1,52846.57
P018411,2025,1,41038.98
P018415,2025,1,25366.39
P018420,2025,1,22187.36
P018422,2025,1,9108.22
P018425,2025,1,49749.35
P018427,2025,1,31789.08
P018428,2025,1,34801.91
P018430,2025,1,11091.49
P018432,2025,1,38071.26
P018434,2025,1,55547.85
P018435,2025,1,37190.45
P018437,2025,1,18338.05
P018439,2025,1,47595.17
P018441,2025,1,21910.19
P018442,2025,1,20702.96
P018445,2025,1,40705.97
P018449,2025,1,29332.51
P018450,2025,1,59986.42
P018451,2025,1,78881.66
P018452,2025,1,8257.8
P018453,2025,1,15569.66
P018455,2025,1,82065.67
P018456,2025,1,17092.15
P018457,2025,1,10212.09
P018458,2025,1,18719.35
P018459,2025,1,13819.8
P018460,2025,1,65986.02
P018461,2025,1,16108.42
P018462,2025,1,26195.31
P018463,2025,1,NA
P018465,2025,1,10112.08
P018466,2025,1,14749.78
P018469,2025,1,38274.85
P018470,2025,1,12858.23
P018472,2025,1,45531.94
P018474,2025,1,24117.18
P018475,2025,1,23434.04
P018477,2025,1,35394.24
P018480,2025,1,6551.18
P018482,2025,1,11862.59
P018483,2025,1,13313.78
P018488,2025,1,30216.09
P018490,2025,1,7415.41
P018492,2025,1,17626.61
P018493,2025,1,24326.27
P018494,2025,1,35513.53
P018495,2025,1,19514.14
P018498,2025,1,19514.29
P018500,2025,1,15840.53
P018502,2025,1,13149.4
P018505,2025,1,23500.66
P018507,2025,1,26451.19
P018518,2025,1,31172.85
P018520,2025,1,27558.09
P018521,2025,1,41409.74
P018523,2025,1,55866.45
P018524,2025,1,22514.95
P018525,2025,1,92187.03
P018530,2025,1,58828.33
P018531,2025,1,15106.4
P018534,2025,1,12744.69
P018539,2025,1,22283.74
P018540,2025,1,45750.13
P018542,2025,1,52689.89
P018544,2025,1,18122.67
P018549,2025,1,38837.33
P018553,2025,1,21800.24
P018555,2025,1,52452.16
P018556,2025,0,0
P018559,2025,1,42288.05
P018561,2025,1,121912.02
P018562,2025,1,26346.1
P018563,2025,1,17739.02
P018573,2025,1,39772.66
P018578,2025,1,74558.16
P018580,2025,1,35825.41
P018581,2025,1,15589.6
P018583,2025,1,55836.71
P018584,2025,1,40386.48
P018587,2025,1,37536.25
P018594,2025,1,120950.76
P018596,2025,1,33222.05
P018597,2025,1,50740.05
P018599,2025,1,20978.31
P018602,2025,1,23789.21
P018603,2025,1,24822.85
P018604,2025,1,21912.03
P018607,2025,1,21356.82
P018608,2025,1,51724.42
P018610,2025,1,9678.13
P018612,2025,1,14460.48
P018615,2025,1,11959.6
P018617,2025,1,28347.28
P018618,2025,1,10205.5
P018621,2025,1,9373.36
P018622,2025,1,16843.81
P018624,2025,1,55809.82
P018625,2025,1,16567.61
P018628,2025,1,28786.75
P018631,2025,1,14776.21
P018633,2025,1,117784.99
P018634,2025,1,74071.28
P018636,2025,1,56093.56
P018639,2025,1,58710.36
P018641,2025,1,11721
P018646,2025,1,38659.59
P018647,2025,1,47197.61
P018649,2025,1,0
P018652,2025,1,41820.18
P018653,2025,1,31882.14
P018656,2025,1,23867.51
P018658,2025,1,11985.33
P018659,2025,1,8242.98
P018660,2025,1,50857.17
P018664,2025,1,18410.83
P018667,2025,1,34361.96
P018668,2025,1,32728.73
P018672,2025,1,41332.79
P018674,2025,1,52054.09
P018679,2025,1,9429.51
P018685,2025,1,55728.94
P018687,2025,1,55696.72
P018691,2025,1,15873.4
P018693,2025,1,14165.29
P018696,2025,1,44072.06
P018697,2025,1,59394.34
P018700,2025,1,33061.01
P018701,2025,1,18760.83
P018704,2025,1,20491.05
P018709,2025,1,15229.26
P018710,2025,1,29399.1
P018711,2025,1,23283.9
P018717,2025,1,29658.26
P018725,2025,1,109107.83
P018726,2025,1,62708.08
P018728,2025,0,0
P018730,2025,1,19125.23
P018732,2025,1,24531.8
P018734,2025,1,93341.08
P018735,2025,1,26607.67
P018736,2025,1,29839.53
P018737,2025,1,16730.03
P018740,2025,1,39418.4
P018741,2025,1,32468.4
P018746,2025,1,94933.18
P018748,2025,1,50613.1
P018752,2025,1,13214.63
P018754,2025,1,7321.78
P018757,2025,1,85052.85
P018758,2025,1,31206.35
P018766,2025,1,15297.74
P018773,2025,1,46023.78
P018775,2025,1,10672.12
P018777,2025,1,92994.5
P018780,2025,1,38366.36
P018786,2025,1,33255.31
P018787,2025,1,42922.73
P018790,2025,1,42361.2
P018792,2025,1,8537.64
P018798,2025,1,66894.92
P018803,2025,1,8901.49
P018804,2025,1,3619.66
P018807,2025,1,21763.13
P018808,2025,1,57317.82
P018809,2025,1,47548.41
P018811,2025,1,31053.26
P018812,2025,1,141440.49
P018813,2025,1,55628.28
P018816,2025,1,34168.27
P018817,2025,1,66189.96
P018821,2025,1,14063.34
P018824,2025,1,19418.41
P018827,2025,1,76390.75
P018829,2025,1,56910.43
P018832,2025,1,NA
P018834,2025,1,65327.1
P018836,2025,1,33662.36
P018837,2025,1,13193.11
P018839,2025,1,49003.38
P018840,2025,1,90605.78
P018841,2025,1,14644
P018842,2025,1,43944.01
P018843,2025,1,38161.26
P018844,2025,1,22468.26
P018846,2025,1,88315.94
P018848,2025,1,69929.69
P018851,2025,1,32169.89
P018852,2025,1,160933.82
P018856,2025,1,26021.28
P018858,2025,1,21644.04
P018862,2025,1,23200.73
P018863,2025,1,58659.48
P018864,2025,1,19692.43
P018865,2025,1,12469.82
P018866,2025,1,78277.77
P018868,2025,1,86258.46
P018869,2025,1,54979.82
P018871,2025,1,43243.81
P018872,2025,1,55899.37
P018873,2025,1,-21439.16
P018874,2025,1,37363.01
P018875,2025,1,56385.99
P018876,2025,1,21072.95
P018877,2025,1,24126.57
P018878,2025,1,39601.86
P018879,2025,1,16519.64
P018885,2025,1,56832.82
P018886,2025,1,62434.25
P018887,2025,1,25754.63
P018889,2025,1,12784.96
P018894,2025,1,NA
P018897,2025,1,32090.58
P018898,2025,1,12401.18
P018899,2025,1,34788.17
P018901,2025,1,5287.15
P018902,2025,1,0
P018904,2025,1,35664.4
P018912,2025,1,22435.2
P018913,2025,1,16150.17
P018916,2025,1,9759.11
P018917,2025,1,52677.61
P018919,2025,1,28011.58
P018923,2025,1,24918.19
P018924,2025,1,42340.95
P018931,2025,1,44000.83
P018932,2025,1,74913.21
P018937,2025,1,22487.41
P018939,2025,1,21076.48
P018948,2025,1,35635.53
P018952,2025,1,33183.9
P018953,2025,1,32336.95
P018964,2025,1,55759.96
P018965,2025,1,44658.04
P018966,2025,1,26521.43
P018969,2025,1,33016.12
P018976,2025,1,56465.11
P018978,2025,1,30812.28
P018981,2025,1,-44666.58
P018983,2025,1,25608.62
P018984,2025,1,34069.66
P018986,2025,1,11362.92
P018991,2025,1,26836.51
P018992,2025,1,23397.62
P018995,2025,1,58776.16
P018996,2025,1,17223.44
P018997,2025,1,50428.34
P019000,2025,1,34671.43
P019001,2025,1,16166.7
P019002,2025,1,36662.5
P019008,2025,1,33367.63
P019009,2025,1,18840.35
P019010,2025,1,56273.66
P019012,2025,1,22893.67
P019015,2025,1,38565.16
P019020,2025,1,48883.62
P019021,2025,1,38928.56
P019024,2025,1,10803.8
P019026,2025,1,22359.25
P019027,2025,1,40339.25
P019032,2025,1,57230.22
P019035,2025,1,41143.21
P019036,2025,1,26831.17
P019037,2025,1,26796.05
P019040,2025,1,16976.17
P019042,2025,1,40721.28
P019043,2025,1,49385.91
P019045,2025,1,39016.24
P019047,2025,1,9314.06
P019048,2025,1,49040.39
P019051,2025,1,15218.92
P019055,2025,1,22949.28
P019056,2025,1,12029.18
P019059,2025,1,39502.47
P019062,2025,1,60787.56
P019063,2025,1,41104.46
P019065,2025,1,26346.91
P019066,2025,1,47982.98
P019067,2025,1,13851.81
P019068,2025,1,41414.65
P019069,2025,1,11232.27
P019070,2025,1,36277.92
P019074,2025,1,27552.39
P019075,2025,1,15548.09
P019076,2025,1,9595.42
P019077,2025,1,15398.45
P019079,2025,1,9597.83
P019080,2025,1,80145.73
P019085,2025,1,NA
P019088,2025,1,10113.47
P019091,2025,1,14751.68
P019093,2025,1,9323.26
P019102,2025,1,18875.41
P019104,2025,1,22269.11
P019105,2025,1,6431.7
P019109,2025,1,37483.62
P019110,2025,1,46694.62
P019115,2025,1,15171.54
P019116,2025,1,59411.52
P019117,2025,1,14198.74
P019118,2025,1,17023
P019120,2025,1,27487.36
P019121,2025,1,14090.52
P019122,2025,1,6677.68
P019123,2025,1,9632.58
P019124,2025,1,26335.1
P019126,2025,1,6362.21
P019127,2025,1,-23939.06
P019128,2025,1,58186.81
P019130,2025,1,50578.45
P019134,2025,0,0
P019135,2025,1,NA
P019136,2025,1,19783.66
P019138,2025,1,17998.01
P019139,2025,1,33015.1
P019140,2025,1,10455.21
P019142,2025,1,32901.94
P019143,2025,1,27793.16
P019145,2025,1,95975.2
P019148,2025,1,49938.05
P019149,2025,1,38204.19
P019155,2025,1,81301.14
P019157,2025,1,37844.9
P019159,2025,1,9094.63
P019161,2025,1,29245.88
P019164,2025,1,45325.09
P019165,2025,1,28924.47
P019168,2025,1,50460.29
P019169,2025,1,23913.4
P019171,2025,1,13338.41
P019174,2025,1,50266.18
P019175,2025,1,19683.03
P019176,2025,1,10581.85
P019177,2025,1,21467.58
P019181,2025,1,25903.24
P019184,2025,1,48766.12
P019186,2025,1,50234.05
P019188,2025,1,34423.94
P019190,2025,1,51180.42
P019194,2025,1,-100436.22
P019198,2025,1,74637.22
P019199,2025,1,7537.38
P019202,2025,1,21483.21
P019205,2025,1,12491.92
P019206,2025,1,15516.21
P019207,2025,1,18332.78
P019208,2025,1,16232.64
P019210,2025,1,53110.44
P019211,2025,1,87035.37
P019212,2025,1,27572.43
P019214,2025,1,22417.38
P019219,2025,1,19837.63
P019227,2025,1,13736.48
P019230,2025,1,29218.67
P019231,2025,1,34882.96
P019234,2025,1,10548.83
P019235,2025,1,13950.04
P019237,2025,1,8484.9
P019242,2025,1,37058.39
P019244,2025,1,43919.29
P019248,2025,1,22039.34
P019251,2025,1,20129.91
P019254,2025,1,14781.85
P019262,2025,1,15178.8
P019263,2025,1,22876.04
P019265,2025,1,37460.65
P019269,2025,1,72653.56
P019270,2025,1,38722.76
P019271,2025,1,8598.71
P019276,2025,1,12614.62
P019280,2025,1,13495.75
P019281,2025,1,39037.67
P019282,2025,1,24083.68
P019283,2025,1,60175.66
P019284,2025,1,50257.38
P019286,2025,1,46885.61
P019287,2025,1,15880.32
P019289,2025,1,30056.42
P019290,2025,1,34913.89
P019291,2025,1,35965.36
P019293,2025,1,21574.04
P019295,2025,1,19930.98
P019299,2025,1,27137.02
P019311,2025,1,58022.21
P019312,2025,1,71936.93
P019314,2025,1,33330.58
P019319,2025,1,12856.57
P019322,2025,1,26801.67
P019324,2025,1,36685.33
P019325,2025,1,28735.14
P019329,2025,1,62408.25
P019331,2025,1,46175.09
P019334,2025,1,31823.38
P019337,2025,1,10022.4
P019339,2025,1,26296.94
P019345,2025,1,24298.32
P019346,2025,1,23351.23
P019348,2025,1,15400.2
P019350,2025,1,NA
P019353,2025,1,43164.43
P019357,2025,1,65673.25
P019360,2025,1,6576.75
P019361,2025,1,12398.25
P019364,2025,1,42520.51
P019365,2025,1,15566.6
P019366,2025,1,34092.93
P019370,2025,1,51609.21
P019372,2025,1,30638.51
P019373,2025,1,90622.65
P019374,2025,0,0
P019378,2025,1,25140.1
P019380,2025,1,51792.82
P019381,2025,1,-18261.18
P019383,2025,1,7719.55
P019384,2025,1,70548.61
P019387,2025,1,10017.17
P019391,2025,1,15407.39
P019395,2025,1,3298.64
P019400,2025,1,21865.45
P019404,2025,1,42714.28
P019406,2025,1,21276.12
P019407,2025,1,0
P019408,2025,1,68117.42
P019409,2025,1,25639.81
P019411,2025,1,35760.75
P019412,2025,1,18158.82
P019415,2025,1,33605.69
P019417,2025,1,28041.05
P019418,2025,1,32647.3
P019421,2025,1,50876.81
P019422,2025,1,26330.04
P019424,2025,1,224982.48
P019425,2025,0,0
P019427,2025,1,5388.88
P019429,2025,1,77279.15
P019435,2025,1,13505.19
P019436,2025,1,52687.91
P019441,2025,1,5962.81
P019442,2025,1,17370.26
P019443,2025,1,6471.7
P019444,2025,1,10033.96
P019445,2025,1,12155.49
P019449,2025,1,74824.52
P019451,2025,1,43450.63
P019456,2025,1,23997
P019458,2025,1,43204.12
P019460,2025,1,10644.92
P019461,2025,1,34116.77
P019468,2025,1,39618.58
P019471,2025,1,26562.94
P019472,2025,1,22058.21
P019477,2025,1,42045.47
P019481,2025,1,36703.42
P019484,2025,1,30872.14
P019485,2025,1,45122.05
P019486,2025,1,34745.08
P019487,2025,0,0
P019494,2025,1,41884.35
P019495,2025,1,58456.16
P019497,2025,1,58333.89
P019498,2025,1,14503.42
P019504,2025,1,22111
P019507,2025,1,22414.92
P019511,2025,1,17583.51
P019512,2025,1,8777.84
P019516,2025,1,46130.59
P019518,2025,1,49495.42
P019524,2025,0,0
P019525,2025,1,45493.6
P019526,2025,1,12161.48
P019529,2025,1,9292.88
P019530,2025,1,26224.62
P019535,2025,1,71317.04
P019546,2025,1,5343
P019548,2025,1,35177.98
P019552,2025,1,13005.52
P019553,2025,1,10744.49
P019565,2025,1,41188.11
P019568,2025,1,48834.25
P019569,2025,1,38081.27
P019572,2025,1,10333.24
P019573,2025,1,47133.38
P019574,2025,1,29663.23
P019576,2025,1,41290.38
P019577,2025,1,36190.53
P019578,2025,1,18947.59
P019579,2025,1,48873.35
P019581,2025,1,32177.98
P019583,2025,0,0
P019584,2025,1,54289.03
P019589,2025,1,56212.34
P019597,2025,1,25443.3
P019600,2025,1,14246.49
P019601,2025,1,NA
P019603,2025,1,66643.98
P019606,2025,1,23861.66
P019612,2025,1,62329.02
P019617,2025,1,14021.74
P019618,2025,1,14459.9
P019620,2025,1,29092.02
P019622,2025,1,40743.9
P019623,2025,1,48678.67
P019626,2025,1,34252.46
P019627,2025,1,32836.35
P019628,2025,1,33242.31
P019629,2025,1,69144.39
P019630,2025,1,27187.37
P019632,2025,1,43018.73
P019633,2025,1,31149.04
P019634,2025,1,69044.42
P019637,2025,1,24881.5
P019638,2025,1,14048.95
P019640,2025,1,71049.84
P019641,2025,1,8029.14
P019645,2025,1,37840.4
P019649,2025,1,24631.98
P019650,2025,1,45796.36
P019654,2025,1,21351.99
P019656,2025,1,39190.72
P019657,2025,1,14542.55
P019661,2025,1,14612.05
P019664,2025,1,66840.42
P019665,2025,1,7267.9
P019666,2025,1,21069.12
P019669,2025,1,18727.87
P019672,2025,1,9104.89
P019673,2025,1,20838.7
P019675,2025,1,18091.49
P019676,2025,1,28911.3
P019677,2025,1,62784.16
P019681,2025,1,10214.81
P019682,2025,1,54076.38
P019684,2025,1,28433.68
P019686,2025,1,10970.09
P019687,2025,1,56967.5
P019688,2025,1,54449.85
P019692,2025,1,-14746.33
P019694,2025,1,48947.19
P019698,2025,1,10844.28
P019699,2025,1,15538.85
P019703,2025,1,28608.23
P019705,2025,1,33996.63
P019706,2025,0,0
P019707,2025,1,32923.1
P019709,2025,1,85459.46
P019711,2025,1,38396.34
P019713,2025,1,25462.94
P019715,2025,1,76013.87
P019716,2025,1,32994.57
P019718,2025,1,27746.31
P019722,2025,1,12476.74
P019725,2025,1,57641.23
P019726,2025,1,11391.88
P019729,2025,1,46863.25
P019731,2025,1,17972.12
P019733,2025,1,39728.63
P019734,2025,1,26074.25
P019735,2025,1,14965.36
P019738,2025,1,75000.21
P019741,2025,1,27915.85
P019746,2025,1,20625.08
P019750,2025,1,6816.54
P019751,2025,1,22266.34
P019752,2025,1,29454.35
P019754,2025,1,45412.07
P019758,2025,1,42357.8
P019761,2025,1,73746.72
P019767,2025,1,14334.84
P019769,2025,1,52275.38
P019774,2025,1,49409.51
P019775,2025,1,54736.03
P019777,2025,1,14827.66
P019778,2025,1,39057.36
P019784,2025,1,77691.81
P019788,2025,1,21853.97
P019789,2025,1,18035.78
P019790,2025,1,25739.88
P019798,2025,1,12108.49
P019802,2025,1,48395.42
P019803,2025,1,37379.43
P019808,2025,1,16049.84
P019810,2025,1,44723.79
P019812,2025,1,53985.78
P019813,2025,1,11326.02
P019816,2025,1,14761.42
P019817,2025,1,30108.37
P019820,2025,1,-16689.31
P019823,2025,1,35312.69
P019825,2025,1,22077.28
P019826,2025,1,67281.53
P019827,2025,1,79700.29
P019833,2025,1,10259.84
P019834,2025,1,12655.12
P019835,2025,1,26249.77
P019839,2025,1,73329.17
P019840,2025,1,16359.79
P019841,2025,1,52535.93
P019842,2025,1,29104.22
P019843,2025,1,47155.24
P019846,2025,1,16303.4
P019847,2025,1,19775.97
P019848,2025,1,76622.45
P019849,2025,1,19400.22
P019851,2025,1,38507.17
P019852,2025,1,39113.9
P019853,2025,1,20818.7
P019855,2025,1,65289.3
P019857,2025,1,16296.82
P019858,2025,1,38452.36
P019860,2025,1,22220.15
P019861,2025,1,40655.31
P019867,2025,1,14359.96
P019873,2025,1,28514.28
P019877,2025,1,43761.34
P019881,2025,1,4521.44
P019883,2025,1,17040.02
P019885,2025,1,19964.34
P019887,2025,1,21654.89
P019890,2025,1,10861.53
P019895,2025,1,48798.92
P019900,2025,1,32288.2
P019901,2025,1,27549.87
P019902,2025,1,42557.61
P019903,2025,1,26021.87
P019904,2025,1,18304.08
P019905,2025,1,23144.32
P019907,2025,1,15692.2
P019908,2025,1,42701.01
P019917,2025,1,10311.46
P019918,2025,1,34346.84
P019923,2025,1,22351.68
P019924,2025,1,16174.75
P019925,2025,1,29954.43
P019927,2025,1,12073.45
P019930,2025,1,24913.23
P019933,2025,1,14255.55
P019936,2025,1,17196.28
P019941,2025,1,8997.86
P019942,2025,1,12592.72
P019943,2025,1,26977.06
P019944,2025,1,29525.44
P019949,2025,1,36385.63
P019950,2025,1,60539.67
P019951,2025,1,16979.13
P019953,2025,1,8477.78
P019956,2025,1,49839.85
P019958,2025,1,10262.35
P019963,2025,1,22505.96
P019964,2025,1,19539.7
P019965,2025,1,28341.48
P019970,2025,1,17887.31
P019971,2025,1,41118.26
P019972,2025,1,NA
P019973,2025,1,30328.32
P019975,2025,1,13708.8
P019976,2025,1,25015.14
P019980,2025,1,54414.98
P019984,2025,1,20921.71
P019987,2025,1,39979.01
P019988,2025,1,16115.04
P019989,2025,1,41063.4
P019993,2025,1,45490.84
P019995,2025,1,NA
P019996,2025,1,19978.85
P020002,2025,1,29880.73
P020004,2025,1,11259.19
P020006,2025,1,20258.35
P020007,2025,1,37247.98
P020008,2025,1,19064.78
P020014,2025,1,6475.7
P020015,2025,1,75286.96
P020017,2025,1,26819.88
P020021,2025,1,8309.81
P020022,2025,1,26685.65
P020027,2025,1,33764.97
P020031,2025,1,14615.29
P020036,2025,1,35874.47
P020044,2025,1,37987.29
P020047,2025,1,50623.44
P020049,2025,1,13221.46
P020050,2025,1,46733.13
P020051,2025,1,44328.48
P020054,2025,1,36096.41
P020058,2025,1,52877.56
P020060,2025,1,7902.04
P020061,2025,1,63615.22
P020065,2025,1,6806.73
P020068,2025,1,16401.96
P020070,2025,1,39401.68
P020073,2025,1,33547.79
P020074,2025,1,43132.06
P020076,2025,1,28574.17
P020077,2025,1,24647
P020082,2025,1,62430.51
P020085,2025,1,28367.75
P020086,2025,1,34563.88
P020087,2025,1,32890.97
P020092,2025,1,23640.92
P020094,2025,1,21866.37
P020097,2025,1,81094.94
P020098,2025,1,NA
P020099,2025,1,15958.23
P020100,2025,1,78192.01
P020101,2025,1,31824.71
P020102,2025,1,32186.43
P020104,2025,1,35215.9
P020105,2025,1,35954.12
P020109,2025,1,177169.04
P020110,2025,1,23961.07
P020112,2025,1,28802.56
P020115,2025,0,0
P020120,2025,1,28829.77
P020121,2025,1,41989.43
P020122,2025,1,19533.67
P020125,2025,1,16718.25
P020128,2025,1,36937.08
P020132,2025,1,71038.2
P020133,2025,1,10074.21
P020142,2025,1,47648.03
P020144,2025,1,40468.22
P020145,2025,1,50849.91
P020147,2025,1,14500.8
P020148,2025,1,37197.88
P020153,2025,1,43910.75
P020155,2025,1,25051.07
P020157,2025,1,48819.88
P020158,2025,1,41730.89
P020159,2025,0,0
P020161,2025,1,32594.38
P020162,2025,1,17670.1
P020163,2025,1,29234.95
P020169,2025,1,31040.33
P020171,2025,1,12874.42
P020172,2025,1,32604.11
P020174,2025,1,39696.82
P020181,2025,1,82990.73
P020183,2025,1,22787.42
P020184,2025,1,6291.15
P020186,2025,1,9408.24
P020187,2025,1,26200.05
P020188,2025,1,19779.21
P020196,2025,1,19664.57
P020197,2025,1,91488.74
P020198,2025,1,24232.73
P020199,2025,1,9162.99
P020200,2025,1,38708.99
P020201,2025,1,23728.51
P020206,2025,0,0
P020207,2025,1,20875.32
P020211,2025,1,35356.35
P020212,2025,1,32317.93
P020219,2025,1,28015.96
P020220,2025,1,28868.77
P020222,2025,1,38354.24
P020230,2025,1,19339.08
P020233,2025,1,15999.88
P020234,2025,1,23450.22
P020237,2025,1,48720.54
P020238,2025,1,16759.55
P020239,2025,1,35952.59
P020241,2025,1,120288.88
P020243,2025,1,23499.8
P020244,2025,1,24561.66
P020245,2025,1,20272.22
P020249,2025,1,35969.19
P020250,2025,1,20712.3
P020251,2025,1,49598.6
P020255,2025,1,15669.54
P020259,2025,1,27347.31
P020261,2025,1,58828.03
P020262,2025,1,8209.3
P020264,2025,1,27463.72
P020273,2025,1,49703.67
P020274,2025,1,42252.31
P020275,2025,1,48807.36
P020280,2025,1,14262.44
P020282,2025,1,39845.61
P020284,2025,1,16494.15
P020288,2025,1,22938.96
P020289,2025,1,53233.25
P020290,2025,1,54563.87
P020293,2025,1,37641.77
P020294,2025,1,65684.24
P020295,2025,1,61722.04
P020296,2025,0,0
P020297,2025,1,12160.27
P020304,2025,1,8604.78
P020305,2025,1,40876.28
P020306,2025,1,-47946.77
P020307,2025,1,19884.18
P020308,2025,1,37515.33
P020310,2025,1,58765.22
P020311,2025,1,35113.93
P020312,2025,1,11733.48
P020315,2025,1,23003.41
P020317,2025,1,103381.73
P020320,2025,1,45584.77
P020321,2025,1,37508.04
P020324,2025,1,66963.25
P020326,2025,1,33641.26
P020330,2025,1,20114.16
P020331,2025,1,41953.34
P020332,2025,1,13258.55
P020338,2025,1,91735.66
P020339,2025,1,30205.9
P020340,2025,1,44950.12
P020341,2025,1,15127.12
P020343,2025,1,22003.57
P020344,2025,1,36247.8
P020346,2025,1,26298.33
P020348,2025,1,21011.28
P020350,2025,1,73317.05
P020355,2025,1,21873.39
P020356,2025,1,81686.18
P020357,2025,1,38084.01
P020358,2025,1,63277
P020363,2025,1,16352.26
P020365,2025,1,77441.03
P020366,2025,1,19744.21
P020367,2025,1,6328.98
P020368,2025,1,23923.45
P020369,2025,1,-24166.58
P020372,2025,1,42766.96
P020373,2025,1,38181.14
P020374,2025,1,13012.57
P020378,2025,1,9736.89
P020381,2025,1,-26253.87
P020382,2025,1,29679.38
P020389,2025,1,20977.9
P020394,2025,1,40179.55
P020397,2025,1,32766.22
P020398,2025,1,29491.4
P020402,2025,1,35090.02
P020403,2025,1,36140.97
P020405,2025,1,23188.49
P020407,2025,1,109155.23
P020409,2025,1,34696.72
P020411,2025,1,13419.7
P020412,2025,1,47180.72
P020413,2025,1,22933.48
P020414,2025,1,27427.53
P020415,2025,0,0
P020416,2025,1,44070.47
P020418,2025,1,29237.7
P020419,2025,1,63976.73
P020427,2025,1,21221.41
P020430,2025,1,21874.86
P020433,2025,1,49872.95
P020434,2025,1,48294.45
P020435,2025,1,41770.2
P020437,2025,1,47511.42
P020440,2025,1,21144.69
P020442,2025,0,0
P020445,2025,1,26363.78
P020448,2025,1,28434.81
P020450,2025,1,50730.24
P020454,2025,1,49671.19
P020455,2025,1,31220.79
P020460,2025,1,17005.72
P020461,2025,1,17930.96
P020462,2025,1,9214.83
P020463,2025,1,34200.71
P020465,2025,1,44913.68
P020474,2025,1,27356.89
P020475,2025,1,9143.64
P020476,2025,1,49745.38
P020478,2025,1,27914.21
P020479,2025,1,41424.27
P020481,2025,1,14424.62
P020482,2025,1,57378.19
P020488,2025,1,34466.73
P020493,2025,1,21306.69
P020494,2025,1,25032.25
P020495,2025,1,33899.76
P020501,2025,1,55508.58
P020503,2025,1,35487.84
P020504,2025,1,27311.33
P020508,2025,1,47478.44
P020509,2025,1,NA
P020512,2025,1,23262.53
P020515,2025,1,50029.07
P020516,2025,1,50360.15
P020517,2025,1,8523.12
P020518,2025,1,43735.71
P020520,2025,1,95059.24
P020524,2025,1,51952.16
P020525,2025,1,9597.3
P020526,2025,1,27994.42
P020528,2025,1,42952.16
P020529,2025,1,72540.54
P020530,2025,1,65161.92
P020531,2025,1,58385.71
P020536,2025,1,38925.11
P020537,2025,1,21087.29
P020538,2025,1,60034.35
P020544,2025,1,10306.48
P020546,2025,1,35873.9
P020547,2025,1,NA
P020549,2025,1,103209.8
P020551,2025,0,0
P020555,2025,1,36209.12
P020556,2025,1,17552.3
P020557,2025,1,15965.1
P020560,2025,1,14183.51
P020561,2025,1,40765.73
P020562,2025,1,15768.18
P020563,2025,1,50523.22
P020565,2025,1,9538.97
P020566,2025,1,31763.93
P020568,2025,1,22080.42
P020569,2025,1,57379.1
P020570,2025,1,16855.96
P020572,2025,1,45283.09
P020579,2025,1,22290.89
P020582,2025,1,32605.79
P020583,2025,1,31894.81
P020584,2025,1,NA
P020586,2025,1,33103.41
P020588,2025,1,35426.24
P020590,2025,1,47466.04
P020595,2025,1,55139.38
P020596,2025,0,0
P020597,2025,1,38840.64
P020600,2025,1,30865.65
P020601,2025,1,33597.97
P020602,2025,1,7670.89
P020605,2025,1,51639.94
P020609,2025,1,20963.2
P020612,2025,1,15478.26
P020614,2025,1,44753.16
P020616,2025,1,56127.56
P020617,2025,1,28236.51
P020619,2025,1,43867.01
P020620,2025,1,38595.55
P020622,2025,1,33693.16
P020624,2025,1,9168.95
P020627,2025,1,55378.41
P020630,2025,0,0
P020631,2025,1,50088.35
P020633,2025,1,10916.82
P020634,2025,1,0
P020635,2025,1,102617.31
P020637,2025,1,31851.67
P020641,2025,1,21578.89
P020644,2025,1,45872.12
P020645,2025,1,10152.56
P020652,2025,1,36395.75
P020654,2025,1,0
P020658,2025,1,57613.44
P020659,2025,1,27331.45
P020660,2025,1,18315.83
P020664,2025,1,44238.46
P020665,2025,1,14026.9
P020669,2025,1,32033.03
P020670,2025,1,34412.29
P020671,2025,1,23112.57
P020673,2025,1,12759.1
P020677,2025,1,36833.92
P020678,2025,1,30768.88
P020681,2025,1,13313.49
P020685,2025,1,13716.58
P020686,2025,1,7691.05
P020689,2025,1,26064.1
P020690,2025,1,51916.95
P020691,2025,1,17225.31
P020693,2025,1,51811.96
P020697,2025,1,54920.31
P020702,2025,1,5351.75
P020705,2025,1,27291.29
P020707,2025,1,9148.52
P020709,2025,1,29100.15
P020715,2025,1,34721.78
P020716,2025,1,23310.9
P020720,2025,1,90762.47
P020721,2025,1,49120.29
P020724,2025,1,32553.02
P020727,2025,1,54435.75
P020728,2025,1,16463.59
P020730,2025,1,16200.17
P020731,2025,1,49279.83
P020732,2025,1,17130.12
P020735,2025,1,25625.72
P020741,2025,0,0
P020744,2025,1,29008.21
P020748,2025,1,44181.76
P020749,2025,1,53733.2
P020751,2025,1,34852.12
P020755,2025,1,27505.7
P020761,2025,1,66340.11
P020764,2025,1,58147.43
P020765,2025,1,36790.08
P020767,2025,1,15772
P020770,2025,1,18081.31
P020775,2025,1,32432.5
P020782,2025,1,46117.39
P020784,2025,1,90734.36
P020785,2025,1,47806.93
P020791,2025,1,24618.63
P020793,2025,1,33149.2
P020794,2025,1,36300.19
P020796,2025,1,51147.62
P020797,2025,1,18684.76
P020798,2025,1,57559.26
P020799,2025,1,16634.65
P020804,2025,1,20443.37
P020808,2025,1,33844.71
P020810,2025,1,21385.86
P020811,2025,1,39607.8
P020812,2025,1,10383.38
P020813,2025,1,27202.31
P020820,2025,1,36052.59
P020823,2025,1,65910.08
P020824,2025,1,9313.95
P020829,2025,1,30890.31
P020834,2025,1,14728.69
P020836,2025,1,41349.97
P020838,2025,1,27593.81
P020839,2025,1,42602.34
P020841,2025,1,33701.7
P020844,2025,1,21281.48
P020851,2025,1,22385.66
P020853,2025,1,44084.47
P020855,2025,1,25209.16
P020858,2025,1,18242.32
P020860,2025,1,10556.64
P020861,2025,1,45508.06
P020864,2025,1,81262.97
P020870,2025,1,24794.02
P020873,2025,1,24805.98
P020874,2025,1,55324.58
P020879,2025,1,19689.79
P020881,2025,1,43343.8
P020882,2025,1,5688.34
P020885,2025,1,74070.13
P020886,2025,1,12747.17
P020894,2025,1,26408.16
P020895,2025,1,99790.01
P020896,2025,1,48343.12
P020897,2025,1,9709.82
P020901,2025,1,22257.7
P020902,2025,1,35223.98
P020903,2025,1,19920.52
P020904,2025,1,28685.96
P020912,2025,1,31399.24
P020918,2025,1,31192.9
P020925,2025,1,42135.44
P020928,2025,1,18500.48
P020931,2025,1,15184.56
P020934,2025,1,20366.74
P020935,2025,1,21905.2
P020936,2025,1,14941.05
P020939,2025,1,59618.3
P020940,2025,1,10482.02
P020942,2025,1,28940.71
P020943,2025,1,16715.18
P020947,2025,1,44668.61
P020950,2025,1,46878.17
P020951,2025,1,27316.66
P020953,2025,1,31301.61
P020954,2025,1,58849.73
P020957,2025,1,34949.84
P020959,2025,1,44157.38
P020961,2025,1,-31483.35
P020962,2025,1,41495.75
P020965,2025,1,27499.49
P020966,2025,1,15226.21
P020969,2025,1,30373.98
P020970,2025,1,8279.65
P020973,2025,1,23520.38
P020974,2025,1,9480.97
P020975,2025,0,0
P020978,2025,1,25307.62
P020981,2025,1,22929.38
P020982,2025,1,18642.07
P020983,2025,1,36871.86
P020985,2025,1,28626.9
P020986,2025,1,39062.25
P020987,2025,1,2800.48
P020988,2025,1,29782.28
P020989,2025,1,48597.34
P020991,2025,1,28401.4
P020995,2025,1,10245.48
P020996,2025,1,28194.87
P020998,2025,1,32567.74
P020999,2025,1,11536.25
P021000,2025,1,34256.01
P021003,2025,1,27897.84
P021005,2025,1,25785.73
P021008,2025,1,62401.94
P021011,2025,0,0
P021018,2025,1,NA
P021026,2025,1,0
P021029,2025,1,41575.4
P021035,2025,1,44903.82
P021036,2025,1,74100.43
P021037,2025,1,49426.78
P021039,2025,1,25992.1
P021040,2025,1,21764.13
P021042,2025,1,66550.12
P021044,2025,1,39494.54
P021046,2025,1,24807.44
P021049,2025,1,NA
P021052,2025,1,4967.03
P021053,2025,1,38997.45
P021054,2025,1,NA
P021055,2025,1,18050.8
P021056,2025,1,27010.69
P021058,2025,0,0
P021059,2025,1,28370.92
P021061,2025,1,11551.6
P021062,2025,1,25433.95
P021063,2025,1,35503.92
P021064,2025,1,30103.57
P021066,2025,1,45270.49
P021067,2025,1,62933.59
P021076,2025,1,28977.2
P021077,2025,1,19756.56
P021079,2025,1,44858.81
P021085,2025,1,17363.24
P021087,2025,1,74148.26
P021092,2025,1,56985.29
P021094,2025,1,12768.35
P021096,2025,1,16733.91
P021100,2025,1,32583.06
P021104,2025,1,17557.74
P021107,2025,1,22295.85
P021108,2025,1,17345.98
P021112,2025,1,49426.68
P021114,2025,1,44801.23
P021119,2025,1,60548.13
P021121,2025,1,46811.5
P021122,2025,1,62096.23
P021126,2025,1,17343.09
P021129,2025,1,68294.76
P021131,2025,1,25666.62
P021145,2025,1,40912.18
P021148,2025,1,36363.38
P021149,2025,1,34350.24
P021150,2025,1,34909.37
P021154,2025,1,51847.77
P021157,2025,1,40706.48
P021163,2025,1,33103.44
P021164,2025,1,14725.37
P021168,2025,1,20375.82
P021172,2025,1,66514.18
P021174,2025,1,55183.85
P021177,2025,1,12003.64
P021180,2025,1,14954.48
P021181,2025,1,83450.15
P021182,2025,1,51890.37
P021184,2025,1,29522.74
P021185,2025,1,45529.07
P021189,2025,1,38532.66
P021190,2025,1,19896.16
P021194,2025,1,28751.77
P021196,2025,1,32968.59
P021197,2025,1,65398.86
P021199,2025,1,42783.54
P021205,2025,1,29506.86
P021207,2025,1,17154.84
P021208,2025,1,20544.3
P021209,2025,1,84156.85
P021214,2025,1,93647.52
P021217,2025,1,39808.75
P021219,2025,1,21902.78
P021222,2025,1,14746.45
P021225,2025,1,33279.46
P021226,2025,1,24934.42
P021229,2025,1,23853.24
P021230,2025,1,26029.17
P021234,2025,1,39314.1
P021236,2025,1,20655.46
P021239,2025,1,70361.47
P021241,2025,1,23531.84
P021244,2025,1,18912.77
P021248,2025,1,22166.77
P021250,2025,1,16204.68
P021253,2025,1,51748.16
P021255,2025,1,29703.31
P021257,2025,1,31808.29
P021260,2025,1,27988.16
P021266,2025,1,64446.48
P021267,2025,1,47502.14
P021268,2025,1,24156.09
P021270,2025,1,38082.38
P021273,2025,1,62188.79
P021276,2025,1,41893.79
P021277,2025,1,6337.56
P021280,2025,1,55140.47
P021281,2025,1,50082.74
P021288,2025,1,25599.6
P021289,2025,1,36640.41
P021290,2025,1,27565.89
P021292,2025,1,71909.43
P021293,2025,1,38634.31
P021295,2025,1,28691.77
P021298,2025,0,0
P021299,2025,1,25367.65
P021300,2025,1,23536.46
P021302,2025,1,21966.27
P021303,2025,1,51050.75
P021307,2025,1,39179.59
P021312,2025,1,21209.33
P021319,2025,1,61275.04
P021321,2025,1,78929.74
P021329,2025,1,18375.65
P021330,2025,1,70937.18
P021332,2025,1,57115.28
P021334,2025,1,49625.97
P021335,2025,1,5144.6
P021337,2025,1,12832.17
P021338,2025,1,34584.24
P021340,2025,1,21958.23
P021342,2025,1,29236.58
P021343,2025,1,11345.64
P021344,2025,1,129582.84
P021345,2025,1,20784.99
P021346,2025,1,13558.66
P021350,2025,1,45910.95
P021352,2025,1,59209.16
P021354,2025,1,16137.25
P021355,2025,1,16921.53
P021356,2025,1,30573.02
P021357,2025,1,25764.5
P021363,2025,1,35492.29
P021364,2025,1,21157.37
P021370,2025,1,29872.61
P021373,2025,1,28134.94
P021374,2025,1,55326.98
P021375,2025,1,56362.5
P021376,2025,1,8859.84
P021377,2025,1,26131.91
P021378,2025,1,106703.1
P021379,2025,1,47682.8
P021380,2025,1,21964.56
P021383,2025,1,10314.62
P021385,2025,1,53664.91
P021389,2025,1,31119.54
P021390,2025,1,10529.9
P021392,2025,1,42781.13
P021393,2025,1,19681.38
P021395,2025,1,25669.36
P021396,2025,1,15069.54
P021397,2025,1,95827.7
P021398,2025,1,24066.4
P021399,2025,1,17780.29
P021400,2025,1,7679
P021401,2025,1,32909.2
P021402,2025,1,24993.45
P021404,2025,1,40746.57
P021407,2025,1,59693.73
P021408,2025,1,19277.98
P021412,2025,1,31037.19
P021413,2025,1,NA
P021414,2025,1,10333.07
P021417,2025,1,51227.68
P021418,2025,1,33185.91
P021419,2025,1,13860.5
P021421,2025,1,72341.55
P021423,2025,1,41987.93
P021424,2025,1,21159.16
P021425,2025,0,0
P021429,2025,1,16020.3
P021431,2025,1,39123.67
P021433,2025,1,44018.1
P021434,2025,1,20208.65
P021436,2025,1,25397.39
P021440,2025,1,64585.82
P021442,2025,1,33016.27
P021443,2025,1,15968.54
P021444,2025,1,19992.04
P021445,2025,1,35490.76
P021447,2025,1,11595.12
P021449,2025,1,27188.64
P021451,2025,1,54527.63
P021454,2025,1,85646.23
P021457,2025,1,15207.18
P021459,2025,1,15990.04
P021461,2025,1,38226.93
P021464,2025,1,16036.5
P021465,2025,1,58462.44
P021467,2025,1,40122.5
P021468,2025,1,26993.95
P021469,2025,1,6541.23
P021470,2025,1,26179.86
P021477,2025,1,42833.79
P021478,2025,1,36869.87
P021480,2025,1,-28617.26
P021481,2025,1,35645.65
P021484,2025,1,17827.18
P021485,2025,1,49225.69
P021487,2025,1,32836.33
P021493,2025,1,12571.29
P021495,2025,1,32232.51
P021497,2025,1,25256.7
P021501,2025,1,24117.37
P021505,2025,1,35878.85
P021506,2025,1,51356.31
P021508,2025,1,43456.46
P021509,2025,1,54388.55
P021510,2025,1,9605.46
P021511,2025,0,0
P021515,2025,1,13259.16
P021517,2025,1,43618.68
P021519,2025,1,20040.43
P021520,2025,1,45217.3
P021522,2025,1,36916.6
P021523,2025,1,55368.05
P021524,2025,1,6811.57
P021529,2025,1,13914.82
P021530,2025,1,11447.36
P021532,2025,1,66984.56
P021536,2025,1,37421.57
P021540,2025,1,8011.05
P021543,2025,1,100192.15
P021544,2025,1,6897.08
P021553,2025,1,33555.23
P021557,2025,1,54933.12
P021558,2025,1,60761.64
P021559,2025,1,NA
P021561,2025,1,39805.86
P021562,2025,1,124779.98
P021563,2025,1,22134.71
P021565,2025,1,11727.43
P021569,2025,1,54993.29
P021574,2025,1,43924.41
P021576,2025,1,42351.1
P021578,2025,0,0
P021585,2025,1,49301.47
P021591,2025,1,34270.81
P021592,2025,1,16249.41
P021593,2025,1,29143.55
P021596,2025,1,107774.31
P021603,2025,1,41956.39
P021604,2025,1,53453.97
P021606,2025,1,30629.61
P021607,2025,1,45124.22
P021608,2025,1,34031.74
P021610,2025,1,5165.9
P021615,2025,1,29610.8
P021616,2025,1,14397.46
P021617,2025,1,30257.62
P021620,2025,1,24224.28
P021621,2025,1,19243.55
P021623,2025,1,17484
P021624,2025,1,74707.4
P021627,2025,1,27068.34
P021633,2025,1,3226.03
P021634,2025,1,11423.19
P021635,2025,1,64149.04
P021636,2025,1,8082.61
P021637,2025,1,31526.49
P021639,2025,1,18071.64
P021641,2025,1,31911.31
P021644,2025,1,20508.3
P021647,2025,1,6489.53
P021649,2025,1,27131.98
P021651,2025,1,41975.72
P021652,2025,1,17436.54
P021655,2025,1,21610.07
P021656,2025,1,78407.65
P021657,2025,1,36563.07
P021659,2025,0,0
P021662,2025,1,36467.87
P021664,2025,1,36268.85
P021667,2025,1,14598.14
P021669,2025,1,19842.28
P021670,2025,1,23372.22
P021671,2025,1,31027.89
P021673,2025,1,67520.74
P021674,2025,1,22952.32
P021679,2025,1,48829.83
P021683,2025,1,15148.75
P021684,2025,1,67305.91
P021685,2025,1,34874.95
P021686,2025,1,24803.68
P021687,2025,1,32090.52
P021688,2025,1,19011.39
P021694,2025,1,23926.91
P021695,2025,1,19877.65
P021697,2025,1,71637.38
P021699,2025,1,16307.31
P021701,2025,1,28436.2
P021703,2025,1,22371.06
P021706,2025,1,22840.09
P021707,2025,1,87653.63
P021708,2025,1,12978.07
P021717,2025,1,26376.8
P021719,2025,1,20120.57
P021727,2025,1,56224.36
P021728,2025,1,9140.95
P021730,2025,1,9958.04
P021731,2025,1,20679.95
P021733,2025,1,32638.04
P021737,2025,1,20010.27
P021739,2025,1,43760.38
P021741,2025,1,22995.58
P021742,2025,1,52954.85
P021744,2025,1,13611.12
P021746,2025,1,53941.73
P021747,2025,1,-32688.75
P021749,2025,1,19447.95
P021752,2025,1,11615.95
P021753,2025,1,30834.29
P021754,2025,0,0
P021755,2025,1,107825.85
P021756,2025,0,0
P021759,2025,1,33717.59
P021765,2025,1,25703.64
P021766,2025,1,13554.93
P021768,2025,1,19228.72
P021769,2025,1,14148.68
P021770,2025,1,16752.84
P021771,2025,1,25047.36
P021772,2025,1,13406.09
P021774,2025,1,13915.28
P021783,2025,1,15386.05
P021789,2025,1,39634.74
P021793,2025,1,22126.93
P021798,2025,1,14634.77
P021802,2025,1,40761.99
P021806,2025,1,13926.12
P021808,2025,1,38260.49
P021809,2025,1,38890.69
P021810,2025,1,73705.12
P021811,2025,1,29368.6
P021812,2025,1,26676.11
P021813,2025,1,NA
P021817,2025,1,48478.64
P021818,2025,1,20355.9
P021822,2025,1,28571.06
P021823,2025,1,18114.05
P021828,2025,1,16152.29
P021829,2025,1,20187.82
P021833,2025,1,61204.73
P021834,2025,1,24631.36
P021836,2025,1,68059.31
P021841,2025,1,19046.92
P021846,2025,1,194495.82
P021848,2025,1,51579.79
P021849,2025,1,3761.07
P021852,2025,1,45525.56
P021856,2025,1,14822.33
P021857,2025,1,39035.24
P021860,2025,1,42668.52
P021862,2025,1,90276.11
P021867,2025,1,12048.72
P021869,2025,1,35700.37
P021870,2025,1,29517.24
P021871,2025,1,18687.18
P021878,2025,1,31334.51
P021879,2025,1,9223.92
P021880,2025,1,17368.45
P021881,2025,1,12030.02
P021882,2025,1,14727.48
P021883,2025,1,9514.84
P021886,2025,1,37640.25
P021889,2025,1,26926.83
P021890,2025,1,30711.05
P021891,2025,1,15595.07
P021895,2025,1,40926.11
P021896,2025,1,18719.32
P021897,2025,1,28496.31
P021898,2025,1,38035.68
P021903,2025,1,31048.2
P021905,2025,1,6286.55
P021907,2025,1,17592.62
P021908,2025,1,76683.02
P021909,2025,1,21818.45
P021910,2025,1,27629.97
P021911,2025,1,77496.14
P021912,2025,1,64888.31
P021914,2025,1,37192.55
P021918,2025,1,9562.93
P021921,2025,1,31264.26
P021922,2025,1,15395.25
P021924,2025,1,40507.6
P021926,2025,1,12367.27
P021927,2025,1,52758.23
P021928,2025,1,33134.69
P021929,2025,1,13287.18
P021931,2025,1,-14171.52
P021932,2025,0,0
P021933,2025,1,19616.24
P021936,2025,1,24570.19
P021937,2025,1,34794.02
P021939,2025,1,30331.12
P021944,2025,1,20010.16
P021947,2025,1,NA
P021948,2025,1,14481.01
P021950,2025,1,21009.98
P021951,2025,1,44212.45
P021952,2025,1,32620.4
P021956,2025,1,77357.73
P021957,2025,1,32803.24
P021958,2025,1,34293.93
P021961,2025,1,44281.07
P021966,2025,1,34156.85
P021968,2025,1,12251.41
P021974,2025,1,6719.99
P021977,2025,1,44755.51
P021978,2025,1,16886.45
P021981,2025,1,12960.03
P021982,2025,1,18077.36
P021984,2025,1,59793.22
P021988,2025,1,44492.36
P021992,2025,1,138445.65
P022004,2025,1,42949.86
P022006,2025,1,40238.7
P022007,2025,1,19260.46
P022008,2025,1,47039.77
P022009,2025,1,98800.72
P022010,2025,1,25090.41
P022015,2025,1,22628.14
P022016,2025,1,32925.33
P022018,2025,1,15137.63
P022019,2025,1,28933.86
P022023,2025,1,66123.42
P022024,2025,1,16347.75
P022027,2025,1,10874.38
P022031,2025,1,22747.68
P022034,2025,1,31576.86
P022036,2025,1,27590.2
P022038,2025,1,16758.2
P022040,2025,0,0
P022044,2025,1,56707.63
P022045,2025,1,10807.55
P022046,2025,1,42072.8
P022047,2025,1,0
P022048,2025,1,39710.11
P022053,2025,1,20398.15
P022056,2025,1,17907.45
P022058,2025,1,19043.16
P022060,2025,1,32899.66
P022063,2025,1,54178.92
P022065,2025,1,15518.76
P022069,2025,1,65375.01
P022070,2025,1,18745.03
P022072,2025,1,78118.92
P022073,2025,1,61084
P022074,2025,1,29984.67
P022078,2025,1,19588.25
P022079,2025,1,18999.35
P022081,2025,1,39119.44
P022085,2025,1,16664.56
P022087,2025,1,64068.54
P022088,2025,1,37262.52
P022089,2025,1,5953.11
P022090,2025,1,27090.59
P022092,2025,1,NA
P022099,2025,1,34731.56
P022101,2025,1,21012.73
P022103,2025,1,21170.16
P022105,2025,1,19391.46
P022108,2025,1,0
P022111,2025,1,24346.51
P022113,2025,1,NA
P022114,2025,1,37685.72
P022116,2025,1,-72292.56
P022119,2025,0,0
P022120,2025,1,35089.61
P022121,2025,1,23700.81
P022124,2025,1,21351.29
P022126,2025,1,33012.85
P022128,2025,1,43230.71
P022130,2025,1,100113.68
P022132,2025,1,41735.53
P022133,2025,1,26746.5
P022135,2025,1,8159.53
P022136,2025,1,11508.72
P022138,2025,1,63227.54
P022139,2025,1,7280.13
P022141,2025,1,27734.95
P022142,2025,1,22480.1
P022143,2025,1,67903.52
P022144,2025,1,38342.73
P022145,2025,1,19158.5
P022149,2025,1,53846.84
P022150,2025,1,43185.08
P022151,2025,1,9125.21
P022152,2025,1,35029.99
P022159,2025,1,15341.39
P022162,2025,1,38430.55
P022163,2025,1,28468.23
P022165,2025,1,96508.07
P022166,2025,1,56671.89
P022168,2025,1,58178.99
P022171,2025,1,176904.57
P022173,2025,1,51373.47
P022176,2025,1,32008.51
P022180,2025,1,57230.32
P022181,2025,1,42407.28
P022184,2025,1,39491.29
P022185,2025,1,28962.2
P022187,2025,1,16143.37
P022196,2025,1,18148.04
P022197,2025,1,32554.33
P022201,2025,1,29171.14
P022211,2025,1,47966.98
P022213,2025,1,22589.9
P022215,2025,1,48752.98
P022216,2025,1,25592.31
P022219,2025,1,14155.92
P022221,2025,1,29063.09
P022224,2025,1,38971.77
P022225,2025,1,38833.22
P022227,2025,1,23195.66
P022229,2025,1,29000.12
P022230,2025,1,9565.98
P022233,2025,1,9807.89
P022236,2025,1,15104.05
P022237,2025,1,19836.72
P022239,2025,1,32349.65
P022242,2025,1,24006.16
P022243,2025,1,21792.83
P022244,2025,1,46527.22
P022245,2025,1,7532.13
P022247,2025,1,91549.85
P022248,2025,1,5777.83
P022249,2025,1,20780.49
P022250,2025,1,14129.81
P022253,2025,1,67122.61
P022255,2025,1,21315.75
P022258,2025,1,55978.72
P022260,2025,1,12360.26
P022261,2025,1,19938.91
P022262,2025,1,30857.81
P022265,2025,1,31847.62
P022268,2025,1,27631.6
P022269,2025,1,51862.59
P022271,2025,1,17540.53
P022272,2025,1,10230.54
P022274,2025,1,44592.54
P022276,2025,1,27117.33
P022277,2025,1,56388.51
P022278,2025,1,14700.28
P022279,2025,1,31074.54
P022281,2025,1,24727.04
P022282,2025,1,25525.56
P022286,2025,1,13025.69
P022287,2025,1,15238.28
P022289,2025,1,39425.43
P022292,2025,1,24655.43
P022295,2025,1,52095.48
P022297,2025,1,45511.64
P022298,2025,1,32808.28
P022301,2025,1,71206.3
P022303,2025,1,14351.67
P022304,2025,1,39050.97
P022305,2025,1,26956.28
P022313,2025,1,64846.79
P022314,2025,1,25427.8
P022317,2025,1,36376.63
P022319,2025,1,39801.89
P022320,2025,1,41988.19
P022323,2025,1,28470.61
P022331,2025,1,37606.91
P022333,2025,1,17984.98
P022338,2025,1,54904.48
P022340,2025,1,34252.17
P022341,2025,1,36648.98
P022344,2025,1,17617.58
P022345,2025,1,11740.38
P022348,2025,1,26897.55
P022349,2025,1,17146.2
P022350,2025,1,16940.03
P022352,2025,1,15971.74
P022353,2025,1,67043.45
P022354,2025,1,34401.41
P022358,2025,1,145775.44
P022362,2025,1,28459.11
P022365,2025,1,44382.46
P022371,2025,1,35352.93
P022372,2025,1,14735.89
P022373,2025,1,30989.06
P022376,2025,1,12825.75
P022377,2025,1,20911.1
P022379,2025,1,18219.11
P022380,2025,1,25386.57
P022382,2025,1,16247.4
P022383,2025,1,83731.38
P022384,2025,1,20928.81
P022387,2025,1,26982.38
P022390,2025,1,14475.46
P022391,2025,1,40301.66
P022393,2025,1,88894.38
P022396,2025,1,76236.68
P022397,2025,1,47658.19
P022398,2025,1,33759.79
P022399,2025,1,17922.27
P022400,2025,1,20238.74
P022401,2025,1,121723.03
P022403,2025,1,15065.28
P022404,2025,1,28982.26
P022405,2025,1,19601.41
P022406,2025,1,42631.48
P022407,2025,1,32047.1
P022411,2025,1,4363.3
P022413,2025,1,34581.65
P022415,2025,1,71629.14
P022416,2025,1,28044.91
P022417,2025,1,56974.51
P022419,2025,1,29981.12
P022420,2025,1,7636.87
P022421,2025,1,30609.89
P022423,2025,0,0
P022426,2025,1,9112.5
P022433,2025,1,45998.29
P022435,2025,1,11163.95
P022436,2025,1,24913.29
P022439,2025,1,9741.45
P022441,2025,1,11481.31
P022442,2025,1,25556.27
P022443,2025,1,20996.91
P022444,2025,1,35562.41
P022445,2025,1,13330.5
P022452,2025,1,49340.88
P022453,2025,0,0
P022455,2025,1,47465.41
P022461,2025,1,30803.67
P022462,2025,1,18341.39
P022463,2025,1,38942.85
P022464,2025,1,50442.46
P022465,2025,1,24593.59
P022467,2025,1,25918.98
P022472,2025,1,17897.18
P022475,2025,1,21208.73
P022476,2025,1,84055.22
P022478,2025,1,17236.29
P022481,2025,1,36771.87
P022483,2025,1,9533.23
P022484,2025,1,32051.26
P022485,2025,1,33213.56
P022488,2025,1,37826.28
P022491,2025,1,29460.55
P022493,2025,1,39839.35
P022497,2025,1,14841.98
P022498,2025,1,13102.7
P022501,2025,1,43914.47
P022502,2025,1,25777.14
P022504,2025,1,23740.76
P022505,2025,1,54982.37
P022507,2025,1,88950.61
P022508,2025,1,44130.11
P022512,2025,1,52426.09
P022516,2025,1,27595.11
P022518,2025,1,28029.24
P022521,2025,1,20628.55
P022522,2025,1,57881.46
P022525,2025,1,19823.35
P022526,2025,1,18679.37
P022527,2025,1,65816.05
P022530,2025,1,20787.39
P022533,2025,1,16670.55
P022535,2025,1,65734.59
P022544,2025,1,29086.58
P022547,2025,1,11876.95
P022552,2025,1,15766.94
P022553,2025,1,16757.39
P022555,2025,1,26615.12
P022557,2025,1,43584.77
P022559,2025,1,21664.61
P022561,2025,1,45308.39
P022565,2025,1,49487.28
P022566,2025,1,20685.49
P022567,2025,1,55044.91
P022568,2025,1,26692.54
P022573,2025,1,16271.76
P022577,2025,1,37052.54
P022582,2025,1,70524.07
P022585,2025,1,9279.04
P022589,2025,1,14754.75
P022590,2025,1,39553.1
P022593,2025,1,3733.13
P022594,2025,1,37955.21
P022596,2025,1,249713.05
P022600,2025,1,33166.26
P022602,2025,1,36671.29
P022608,2025,1,34351.76
P022613,2025,1,28033.58
P022616,2025,1,21673.24
P022618,2025,1,71200.44
P022622,2025,1,21542.74
P022626,2025,1,12583.82
P022627,2025,1,62187.94
P022628,2025,1,25390.12
P022630,2025,1,25204.56
P022632,2025,1,28841.91
P022635,2025,0,0
P022636,2025,0,0
P022637,2025,1,10157.49
P022640,2025,1,11687.44
P022641,2025,0,0
P022642,2025,1,17856.4
P022643,2025,1,37396.3
P022646,2025,1,66270.9
P022648,2025,1,22400.42
P022650,2025,1,43672
P022654,2025,1,42850.51
P022661,2025,1,68218.7
P022663,2025,1,17566.7
P022666,2025,1,9806.43
P022667,2025,1,11378.31
P022668,2025,1,21894.23
P022669,2025,1,19830.44
P022671,2025,1,67553.42
P022672,2025,1,8778.93
P022673,2025,1,9466.87
P022674,2025,1,27214.74
P022675,2025,1,30999.34
P022676,2025,1,40623.37
P022677,2025,1,0
P022680,2025,1,42767.35
P022683,2025,1,15957.04
P022685,2025,1,61936.5
P022686,2025,1,16975.85
P022688,2025,1,31116.76
P022690,2025,1,9922.91
P022697,2025,1,24540.36
P022700,2025,1,68300.62
P022701,2025,0,0
P022703,2025,1,19300.5
P022709,2025,1,88235.22
P022710,2025,1,43722.64
P022712,2025,1,45704.44
P022716,2025,1,21088.92
P022717,2025,1,22641.88
P022719,2025,1,8824.01
P022720,2025,1,38879.08
P022722,2025,1,8490.91
P022723,2025,1,20412.68
P022724,2025,1,46233.31
P022729,2025,1,NA
P022731,2025,1,22283.53
P022734,2025,1,24177.77
P022735,2025,1,20854.75
P022738,2025,1,40305.02
P022739,2025,1,28006.51
P022741,2025,1,44116.51
P022744,2025,1,22446.82
P022745,2025,1,13152.8
P022746,2025,1,13605.26
P022750,2025,1,31209.79
P022753,2025,1,23868.19
P022754,2025,1,36186.18
P022756,2025,1,32424.94
P022760,2025,1,16392.58
P022762,2025,1,12795.98
P022763,2025,1,46665.81
P022765,2025,1,77901.5
P022767,2025,1,23443.94
P022770,2025,1,26900.26
P022772,2025,1,78136.99
P022773,2025,1,51611.85
P022779,2025,1,40128.98
P022781,2025,1,42289.11
P022783,2025,1,17539.29
P022785,2025,1,11626.93
P022787,2025,1,33689.24
P022794,2025,1,26041.42
P022797,2025,1,10350.48
P022802,2025,1,24037.39
P022804,2025,1,21185.13
P022805,2025,1,46073.5
P022807,2025,1,41771.95
P022809,2025,1,33544.89
P022819,2025,1,16802.86
P022820,2025,1,33502.57
P022821,2025,1,50195.36
P022826,2025,1,20282.98
P022833,2025,1,29829.91
P022834,2025,1,26070.33
P022843,2025,1,35016.27
P022845,2025,1,29177.34
P022855,2025,1,0
P022858,2025,1,33621.96
P022859,2025,1,9877.31
P022860,2025,1,24696.5
P022863,2025,1,78087.67
P022866,2025,1,100316.34
P022872,2025,1,24129.99
P022874,2025,1,18646.21
P022875,2025,1,23337.79
P022878,2025,1,32427.06
P022886,2025,1,51624.96
P022887,2025,0,0
P022888,2025,1,61853.15
P022889,2025,1,24763.92
P022892,2025,1,31317.73
P022897,2025,1,44003.37
P022899,2025,1,7872.02
P022900,2025,1,24361.27
P022904,2025,1,55607.71
P022905,2025,1,26406.29
P022906,2025,1,52922.73
P022907,2025,1,NA
P022908,2025,1,85533.77
P022912,2025,1,27413.28
P022914,2025,1,44410
P022921,2025,1,15360.82
P022925,2025,1,34508.94
P022926,2025,1,17738.52
P022931,2025,1,16663.3
P022932,2025,1,30261.56
P022935,2025,1,51856.9
P022944,2025,1,44822.93
P022945,2025,1,13188.54
P022946,2025,1,24927.13
P022950,2025,1,29317.41
P022955,2025,1,47783.51
P022960,2025,1,8422.42
P022963,2025,1,32603.83
P022965,2025,1,27477.44
P022969,2025,1,28476.2
P022970,2025,1,20029.21
P022971,2025,1,34664.37
P022982,2025,1,27904.32
P022987,2025,1,27051.44
P022988,2025,1,7874.36
P022989,2025,1,39810.9
P022993,2025,1,33645.22
P022996,2025,1,11599.97
P023000,2025,1,31591.01
P023005,2025,1,38733.05
P023011,2025,1,31763.84
P023012,2025,1,131614.66
P023019,2025,1,14927.24
P023020,2025,1,29707.42
P023023,2025,1,13311.76
P023024,2025,0,0
P023025,2025,1,19339.78
P023027,2025,1,37741.6
P023028,2025,1,63435.58
P023031,2025,1,7513.96
P023034,2025,0,0
P023035,2025,1,79649.57
P023037,2025,1,12593.79
P023039,2025,1,15720.91
P023040,2025,1,8886.99
P023042,2025,1,54053.42
P023043,2025,1,18977.81
P023044,2025,1,17062.39
P023045,2025,1,31825.73
P023046,2025,1,12803.43
P023049,2025,1,20692.18
P023050,2025,1,60275.12
P023051,2025,1,28228.05
P023052,2025,1,26396.67
P023054,2025,1,28172.38
P023055,2025,1,25645.81
P023058,2025,1,20362.55
P023059,2025,1,36388.38
P023060,2025,1,53081.32
P023063,2025,1,44269.47
P023065,2025,1,37487.46
P023066,2025,1,10414.98
P023067,2025,1,39461.8
P023069,2025,1,0
P023072,2025,1,40736.41
P023073,2025,1,16529.01
P023080,2025,1,52953.22
P023083,2025,1,15775.07
P023086,2025,1,39488.67
P023090,2025,1,29691.28
P023092,2025,1,36689.41
P023095,2025,1,17296.64
P023096,2025,1,76803.98
P023098,2025,1,16209.49
P023099,2025,1,65037.08
P023100,2025,1,33597.49
P023101,2025,1,45471.06
P023102,2025,1,24713.21
P023108,2025,1,30010.5
P023112,2025,1,7102.07
P023114,2025,1,132009.51
P023115,2025,1,26443.6
P023117,2025,1,29715.43
P023119,2025,1,6609.16
P023121,2025,1,48605.17
P023122,2025,1,28873.57
P023123,2025,1,45452.63
P023124,2025,1,32254.19
P023132,2025,1,11890.73
P023139,2025,1,49846
P023140,2025,1,22824.5
P023141,2025,1,21991.99
P023149,2025,1,52345.47
P023151,2025,1,25926.27
P023154,2025,1,65714.09
P023155,2025,1,51682.43
P023161,2025,1,25093.94
P023163,2025,1,23600.78
P023164,2025,1,26850.91
P023165,2025,1,13608.01
P023167,2025,1,48378.29
P023171,2025,0,0
P023174,2025,1,17278.94
P023175,2025,1,86829.95
P023176,2025,1,29203.76
P023178,2025,1,42975.21
P023179,2025,1,22352.69
P023180,2025,1,55248.92
P023181,2025,1,32576.36
P023183,2025,1,13610.09
P023185,2025,1,32235.34
P023186,2025,1,64774.25
P023190,2025,1,8492.85
P023196,2025,1,16304.78
P023201,2025,0,0
P023202,2025,1,20393.2
P023203,2025,1,21953.1
P023207,2025,1,30515.61
P023210,2025,1,40719.13
P023211,2025,1,41905.9
P023213,2025,1,23394.1
P023214,2025,1,11035.89
P023217,2025,1,33168.35
P023219,2025,1,28369.01
P023223,2025,1,13753.71
P023224,2025,1,17647.31
P023227,2025,1,56810.54
P023232,2025,1,45009.17
P023233,2025,1,41506.41
P023236,2025,1,52259.03
P023237,2025,1,31326.39
P023239,2025,1,28390.94
P023248,2025,1,42321.24
P023250,2025,1,59741.33
P023255,2025,1,49083.87
P023266,2025,1,49338.96
P023267,2025,1,30694.74
P023268,2025,1,5981.79
P023270,2025,1,12964.44
P023277,2025,1,22064.35
P023280,2025,1,33119.59
P023284,2025,1,74346.13
P023285,2025,1,5977.82
P023286,2025,1,31120.41
P023291,2025,1,24653.04
P023292,2025,1,-9910.63
P023293,2025,1,26074.69
P023295,2025,1,63601.62
P023296,2025,1,30646.97
P023297,2025,1,43091.91
P023298,2025,1,30504.47
P023302,2025,1,47000.9
P023305,2025,1,23719.73
P023306,2025,1,43511.92
P023307,2025,1,43062.56
P023310,2025,1,26046.8
P023312,2025,1,11737.62
P023317,2025,1,49239.3
P023318,2025,1,30730.43
P023319,2025,1,39068.92
P023327,2025,1,0
P023332,2025,1,22928.47
P023333,2025,1,22187.55
P023334,2025,1,7639.81
P023335,2025,1,21393.4
P023336,2025,1,15894.15
P023337,2025,0,0
P023340,2025,1,33515.42
P023342,2025,1,6115.34
P023343,2025,1,9671.2
P023344,2025,1,47442.17
P023348,2025,1,13633.03
P023354,2025,1,12224.99
P023358,2025,1,0
P023359,2025,1,46026.44
P023360,2025,1,31125.01
P023361,2025,1,21383.57
P023365,2025,1,23292.29
P023367,2025,1,32460.68
P023370,2025,1,26755.31
P023373,2025,1,29543.84
P023375,2025,1,44572.54
P023377,2025,1,13352.31
P023379,2025,1,6311.83
P023381,2025,1,14570.1
P023383,2025,1,51155.66
P023385,2025,1,29373.24
P023386,2025,1,59738.44
P023396,2025,1,23252.03
P023399,2025,1,22064.75
P023401,2025,1,5957.16
P023406,2025,1,57192.89
P023411,2025,1,21336.87
P023412,2025,1,33193.08
P023413,2025,1,53708.85
P023415,2025,1,15242.34
P023416,2025,1,23620.01
P023418,2025,0,0
P023419,2025,1,38007.8
P023421,2025,1,41085.32
P023422,2025,1,22535.25
P023424,2025,1,29338.34
P023431,2025,1,17656.24
P023433,2025,1,21884.54
P023434,2025,1,8155.17
P023440,2025,1,30264.12
P023441,2025,1,43405.23
P023445,2025,1,58490.7
P023447,2025,1,26340.79
P023449,2025,1,22289.59
P023450,2025,1,13051.05
P023458,2025,1,20779.24
P023461,2025,1,38545.07
P023465,2025,1,26707.08
P023466,2025,1,22735.45
P023468,2025,1,13150.94
P023471,2025,1,17123.8
P023474,2025,1,12374.65
P023475,2025,1,69499.79
P023476,2025,1,-50050.86
P023477,2025,1,22725.52
P023479,2025,1,38068.46
P023484,2025,1,9345.46
P023487,2025,1,22670.25
P023492,2025,1,37558.5
P023493,2025,1,58441.77
P023494,2025,1,43983.2
P023495,2025,1,19905.61
P023499,2025,1,25542.44
P023500,2025,1,25258.45
P023506,2025,1,47457.91
P023507,2025,1,53634.51
P023508,2025,1,18297.26
P023513,2025,1,39345.14
P023516,2025,1,28234.2
P023517,2025,1,13610.91
P023520,2025,1,11479.2
P023524,2025,1,16260.76
P023526,2025,0,0
P023527,2025,1,27919.8
P023530,2025,1,24544.05
P023536,2025,1,17965.86
P023538,2025,1,11661.59
P023540,2025,1,35486.89
P023541,2025,1,37319.35
P023542,2025,1,26959.74
P023543,2025,1,108547.36
P023545,2025,1,23086.02
P023546,2025,1,63992.43
P023555,2025,1,27516.52
P023563,2025,1,19293.07
P023566,2025,1,158588.45
P023567,2025,1,57549.46
P023570,2025,1,6224.49
P023571,2025,1,7478.22
P023572,2025,1,25383.55
P023575,2025,1,10356.11
P023576,2025,1,21437.43
P023577,2025,1,22108.18
P023578,2025,1,10901.81
P023579,2025,1,40975.5
P023582,2025,1,5480.25
P023586,2025,1,4057.33
P023587,2025,1,18265.12
P023589,2025,1,27295.62
P023590,2025,1,24776.49
P023591,2025,1,33458.42
P023594,2025,1,68805.68
P023599,2025,1,19473.19
P023601,2025,1,11819.86
P023603,2025,1,5337.49
P023604,2025,1,38063.16
P023606,2025,1,15378.4
P023610,2025,1,16624.85
P023614,2025,1,13205.22
P023615,2025,1,8458.34
P023616,2025,0,0
P023623,2025,1,45185.99
P023626,2025,1,6258.54
P023628,2025,1,20935.73
P023629,2025,1,13342.69
P023630,2025,1,15296.13
P023636,2025,1,50814.1
P023637,2025,1,14694.79
P023638,2025,1,17948.72
P023639,2025,1,64950.64
P023640,2025,1,56829.33
P023641,2025,1,27185.42
P023644,2025,1,23764.22
P023647,2025,1,28329.94
P023653,2025,1,23174.18
P023654,2025,1,25053.72
P023656,2025,1,29190.25
P023658,2025,1,21631.04
P023661,2025,1,11168.72
P023666,2025,1,20347.33
P023667,2025,1,22380.84
P023670,2025,1,171083.37
P023671,2025,1,46371.9
P023674,2025,1,10342.47
P023675,2025,1,51293.45
P023681,2025,1,68898.52
P023682,2025,1,23895.51
P023684,2025,1,85197.71
P023693,2025,1,30589.93
P023700,2025,1,22990.43
P023706,2025,1,10260.68
P023709,2025,1,12855.95
P023710,2025,1,32127.01
P023711,2025,1,32848.33
P023717,2025,1,7825.22
P023721,2025,1,15969.97
P023722,2025,1,19466.09
P023728,2025,1,48188.85
P023731,2025,1,21105.29
P023733,2025,1,38066.75
P023738,2025,1,38240.62
P023740,2025,1,12773.14
P023742,2025,1,37706.61
P023743,2025,1,26870.39
P023744,2025,1,33917.67
P023745,2025,1,30280.25
P023748,2025,1,23559.77
P023752,2025,1,33038.51
P023755,2025,1,43366.92
P023757,2025,1,16471.88
P023759,2025,1,48676.69
P023761,2025,1,114111.53
P023763,2025,1,36393.1
P023768,2025,1,36666.73
P023774,2025,1,10696.2
P023777,2025,1,64315.07
P023784,2025,1,34815.82
P023791,2025,1,34934.13
P023792,2025,1,14478.24
P023795,2025,1,18788.84
P023797,2025,1,13358.47
P023800,2025,1,30659.98
P023808,2025,1,23177.6
P023812,2025,1,37267.8
P023815,2025,1,26289.69
P023816,2025,1,41063.11
P023818,2025,1,25831.2
P023820,2025,1,30155.63
P023822,2025,1,39790.73
P023824,2025,1,11818.69
P023825,2025,1,13582.96
P023827,2025,1,12907.88
P023830,2025,1,53927.29
P023834,2025,1,27744.81
P023835,2025,1,NA
P023837,2025,1,22457.85
P023838,2025,1,31204.72
P023845,2025,1,105829.45
P023847,2025,1,44100.36
P023848,2025,1,40542.25
P023850,2025,1,14979.42
P023851,2025,1,13210.56
P023854,2025,1,47938.14
P023855,2025,1,84398.38
P023856,2025,1,13860.02
P023859,2025,1,45537.8
P023860,2025,1,93831.27
P023861,2025,1,83297.62
P023862,2025,1,95185.51
P023864,2025,1,16658.36
P023865,2025,1,26768.09
P023866,2025,1,48123.23
P023868,2025,1,24826.59
P023872,2025,1,29700.56
P023874,2025,1,61732.96
P023877,2025,1,39210.67
P023879,2025,1,27711.62
P023882,2025,1,10138.08
P023883,2025,1,34953.8
P023884,2025,1,57344.52
P023886,2025,1,22816.33
P023888,2025,1,9253.55
P023889,2025,1,12393.17
P023892,2025,1,15094.57
P023897,2025,1,18589.63
P023898,2025,1,23467.58
P023902,2025,1,17224.49
P023903,2025,1,16458.75
P023909,2025,1,23612.41
P023910,2025,1,33782.44
P023916,2025,1,31842.7
P023918,2025,1,30667.83
P023922,2025,1,46993.65
P023923,2025,0,0
P023924,2025,1,32137.9
P023928,2025,1,21253.27
P023931,2025,1,30093.6
P023933,2025,1,18675.47
P023934,2025,1,36241.35
P023935,2025,1,31458.5
P023947,2025,1,11777.99
P023948,2025,1,23102.89
P023950,2025,1,47831.26
P023952,2025,1,69693.77
P023953,2025,1,11128.99
P023954,2025,1,96894.75
P023956,2025,1,113788.22
P023957,2025,1,137394.91
P023959,2025,1,36956.01
P023962,2025,1,46212.48
P023963,2025,1,7532.82
P023967,2025,1,69132.05
P023972,2025,1,31648.96
P023973,2025,1,32827.22
P023974,2025,1,15301.35
P023975,2025,1,43056.99
P023976,2025,1,23656.28
P023977,2025,1,20783.69
P023979,2025,1,43117.89
P023980,2025,1,12483.9
P023981,2025,1,41185.42
P023985,2025,1,15434.82
P023986,2025,1,80664.54
P023987,2025,1,4281.31
P023989,2025,1,76443.5
P023992,2025,1,33114.79
P023993,2025,1,21027.68
P023994,2025,1,10377.55
P023995,2025,1,72960.85
P023997,2025,1,15724.96
P024002,2025,1,22645.15
P024006,2025,1,68602.38
P024007,2025,1,56997.75
P024008,2025,1,21611.77
P024009,2025,1,26598.64
P024010,2025,1,37607.04
P024011,2025,1,17704.51
P024015,2025,1,40541.75
P024021,2025,1,9242.19
P024030,2025,1,24591.02
P024033,2025,1,23138.59
P024034,2025,1,36847.59
P024035,2025,1,28876.66
P024042,2025,1,33669.57
P024045,2025,1,65919.77
P024049,2025,1,13801.85
P024050,2025,1,6403.86
P024051,2025,1,16021.33
P024052,2025,1,24969.81
P024053,2025,1,29323.12
P024055,2025,1,5844.91
P024060,2025,1,39888.35
P024064,2025,1,18265.88
P024065,2025,1,89161.48
P024066,2025,1,74064.11
P024068,2025,1,37464.1
P024071,2025,1,12228.53
P024074,2025,1,13992.63
P024075,2025,1,12245.2
P024078,2025,1,40737.33
P024079,2025,1,28670.71
P024080,2025,1,33907.02
P024081,2025,1,47058.45
P024083,2025,1,11627.18
P024085,2025,1,40699.88
P024088,2025,1,12261
P024089,2025,1,25014.85
P024095,2025,1,5725.71
P024096,2025,1,44512.22
P024099,2025,1,26856.32
P024102,2025,1,16624.17
P024106,2025,1,46512.31
P024109,2025,1,20328.66
P024110,2025,1,14784.15
P024114,2025,1,17417.78
P024115,2025,1,19991.25
P024119,2025,1,31953
P024120,2025,1,10986.01
P024121,2025,1,58093.41
P024122,2025,1,24472.81
P024123,2025,1,19889.35
P024124,2025,1,29406.74
P024126,2025,1,19390
P024132,2025,1,26669.49
P024133,2025,1,41303.81
P024134,2025,1,59070.81
P024138,2025,1,37133.8
P024139,2025,1,32372.32
P024140,2025,1,19311.45
P024142,2025,1,47400.73
P024143,2025,1,57191.1
P024144,2025,1,19926.71
P024145,2025,1,73051.06
P024152,2025,1,60670.76
P024155,2025,1,17456.48
P024156,2025,1,30834.45
P024157,2025,1,23849.69
P024159,2025,1,49791.9
P024160,2025,1,27272.15
P024161,2025,1,26536.6
P024166,2025,1,12128.83
P024168,2025,1,18989.32
P024169,2025,1,26127.77
P024171,2025,1,10506.55
P024175,2025,1,9561.25
P024176,2025,1,23420.66
P024179,2025,1,35309.76
P024187,2025,1,19536.07
P024189,2025,1,18828.15
P024192,2025,1,61000.43
P024197,2025,1,27477.93
P024201,2025,1,31085.74
P024204,2025,1,32411.04
P024208,2025,1,32983.22
P024213,2025,1,24445.38
P024222,2025,1,14002.41
P024223,2025,1,18729.5
P024225,2025,1,20550.97
P024226,2025,1,18376.07
P024229,2025,1,25972.19
P024230,2025,1,26430.81
P024233,2025,1,22545.43
P024234,2025,1,30677.92
P024235,2025,1,35760.96
P024236,2025,1,9320.84
P024238,2025,1,25014.75
P024240,2025,1,49201.23
P024241,2025,1,24186.58
P024245,2025,1,32222.64
P024246,2025,1,12178.94
P024248,2025,1,35245.47
P024249,2025,1,22084.19
P024254,2025,1,51912.4
P024255,2025,1,13031.27
P024262,2025,1,23943.39
P024265,2025,1,22559.64
P024267,2025,1,16863.12
P024270,2025,1,30071.84
P024271,2025,1,18320.06
P024276,2025,1,26552.48
P024279,2025,1,15035.67
P024282,2025,1,34341.55
P024288,2025,1,6561.73
P024289,2025,1,21147.83
P024292,2025,1,14408.91
P024295,2025,1,7142.17
P024296,2025,1,33243.93
P024297,2025,1,47710.44
P024299,2025,1,40595.22
P024300,2025,1,41846.7
P024304,2025,1,29973.39
P024306,2025,1,46303.2
P024312,2025,1,75972.68
P024316,2025,1,67383.55
P024318,2025,1,41424.51
P024320,2025,1,17783.06
P024323,2025,1,17313.49
P024326,2025,1,33857.86
P024329,2025,1,52862.93
P024330,2025,1,8179.82
P024338,2025,1,17084.7
P024340,2025,1,38073.73
P024342,2025,1,54662.43
P024344,2025,1,55981.29
P024350,2025,1,28898.02
P024354,2025,1,23850.17
P024355,2025,1,35808.09
P024356,2025,1,20585.07
P024358,2025,1,18843.38
P024359,2025,1,12761.17
P024362,2025,1,13841.52
P024363,2025,1,40067.21
P024366,2025,1,25919.94
P024367,2025,1,27821.89
P024368,2025,1,22566.1
P024369,2025,1,19191.88
P024371,2025,1,28213.58
P024374,2025,1,13108.04
P024378,2025,1,27000.91
P024379,2025,1,9304.45
P024380,2025,1,31219.36
P024382,2025,0,0
P024384,2025,1,21551.72
P024385,2025,1,43097
P024388,2025,1,25602.69
P024390,2025,1,22306.01
P024391,2025,1,38751.95
P024392,2025,1,50161.89
P024396,2025,1,14899.07
P024397,2025,1,6232.12
P024400,2025,1,19953.88
P024404,2025,1,50696.58
P024405,2025,1,10171.89
P024412,2025,1,33363.49
P024414,2025,1,29478.37
P024415,2025,1,42206.94
P024418,2025,1,5858.13
P024421,2025,1,58146.07
P024423,2025,1,21222.66
P024427,2025,1,28437.72
P024429,2025,1,33456.62
P024430,2025,1,37904.8
P024431,2025,1,65609.98
P024434,2025,1,28883.89
P024436,2025,1,22609.47
P024448,2025,1,55515.14
P024451,2025,1,39823.89
P024452,2025,1,29773.1
P024458,2025,1,23728.24
P024459,2025,1,4919.67
P024467,2025,1,9207.98
P024468,2025,1,44073.9
P024469,2025,1,16307.45
P024470,2025,1,26781.56
P024471,2025,1,15231.49
P024472,2025,1,22591.7
P024474,2025,1,70753.45
P024478,2025,1,17925.51
P024480,2025,1,51115.57
P024481,2025,1,8951.82
P024484,2025,1,26514.85
P024488,2025,1,73455.29
P024489,2025,1,23089.45
P024490,2025,1,36515.36
P024491,2025,1,64888.13
P024494,2025,1,46967.38
P024502,2025,1,110836.96
P024504,2025,1,43327.3
P024505,2025,1,31009.36
P024508,2025,1,64305.26
P024521,2025,1,11383.19
P024525,2025,1,37278.04
P024527,2025,1,34188.55
P024529,2025,1,13790.75
P024533,2025,1,48013.44
P024537,2025,1,29162.96
P024542,2025,1,12532.66
P024548,2025,1,19502.71
P024550,2025,1,50872.68
P024553,2025,1,13098.61
P024554,2025,1,18865.37
P024555,2025,1,24384.36
P024556,2025,1,23989.62
P024558,2025,1,17860.63
P024559,2025,1,NA
P024567,2025,1,26105.3
P024568,2025,1,13143.19
P024569,2025,1,54651.53
P024570,2025,1,32683.86
P024571,2025,1,19598.41
P024572,2025,1,20216.09
P024574,2025,1,14275.47
P024575,2025,1,61447.24
P024586,2025,1,24272.62
P024588,2025,1,51858.32
P024591,2025,1,14090.65
P024593,2025,1,22492.79
P024594,2025,1,45716.63
P024595,2025,1,14556.63
P024596,2025,1,49276.51
P024597,2025,1,50916.91
P024599,2025,1,28612.4
P024600,2025,1,57897.59
P024604,2025,1,70458.49
P024610,2025,1,18738.67
P024611,2025,1,145554.63
P024613,2025,1,36839.37
P024617,2025,1,49803.67
P024620,2025,1,11249.06
P024622,2025,1,37438.77
P024623,2025,1,26578.97
P024624,2025,1,20784.79
P024625,2025,1,19811.37
P024626,2025,1,63605.79
P024627,2025,1,6483.42
P024628,2025,1,34141.01
P024630,2025,1,37495.75
P024631,2025,1,16532
P024633,2025,1,26550.3
P024634,2025,1,20615.52
P024636,2025,1,39278.94
P024637,2025,1,64665.19
P024639,2025,1,39858.82
P024641,2025,1,21256.7
P024642,2025,1,17551.03
P024646,2025,0,0
P024653,2025,1,11782.15
P024654,2025,1,20241.91
P024655,2025,1,6144.17
P024657,2025,1,21265.53
P024658,2025,1,33682.85
P024662,2025,1,22926.91
P024664,2025,1,25295.52
P024665,2025,1,18903.55
P024666,2025,0,0
P024669,2025,1,159415.38
P024670,2025,1,39953.61
P024671,2025,1,7532.51
P024672,2025,1,36018.64
P024676,2025,1,26183.37
P024677,2025,1,35684.36
P024678,2025,1,25021.59
P024680,2025,1,35612.73
P024681,2025,1,NA
P024685,2025,1,8524.31
P024686,2025,1,14549.48
P024689,2025,1,28513.57
P024693,2025,1,52705.72
P024694,2025,1,41950.12
P024695,2025,1,54419.69
P024697,2025,1,50225.16
P024698,2025,1,24691.42
P024699,2025,1,26631.17
P024706,2025,1,79661.2
P024707,2025,1,25989.16
P024708,2025,1,26743.75
P024709,2025,1,46249.71
P024711,2025,1,28323.12
P024712,2025,1,15926.64
P024713,2025,1,24435.58
P024714,2025,1,8247.63
P024716,2025,1,55563.57
P024717,2025,1,6845.01
P024719,2025,1,20348.91
P024720,2025,1,27139.86
P024722,2025,1,31691.48
P024724,2025,1,59469.91
P024725,2025,1,11538.05
P024727,2025,1,27295.41
P024730,2025,1,-5819.33
P024733,2025,1,57841.99
P024734,2025,1,8907.23
P024738,2025,1,19346.48
P024739,2025,1,37189.33
P024741,2025,1,18038.49
P024742,2025,1,41189.33
P024747,2025,1,10686.69
P024751,2025,1,14175.89
P024753,2025,1,55184.09
P024754,2025,1,53114.49
P024755,2025,1,24777.96
P024756,2025,1,10817.75
P024757,2025,1,16408.89
P024761,2025,1,16934.2
P024762,2025,1,21881.89
P024764,2025,1,34658.24
P024765,2025,1,35253.05
P024766,2025,1,9891.22
P024767,2025,1,18127.49
P024770,2025,1,34068.34
P024772,2025,1,41886.43
P024773,2025,0,0
P024776,2025,1,22759.57
P024779,2025,1,8930.95
P024780,2025,1,25278.09
P024783,2025,1,29805.02
P024787,2025,1,67228.96
P024789,2025,1,101218.16
P024793,2025,1,28739.56
P024797,2025,1,9842.48
P024799,2025,1,33464.59
P024800,2025,1,34459.44
P024802,2025,1,27413.67
P024804,2025,1,51442.68
P024806,2025,1,43077.59
P024810,2025,1,15156.76
P024812,2025,1,93564.01
P024813,2025,1,42620.55
P024814,2025,1,28155.81
P024818,2025,1,16186.05
P024822,2025,1,65136.93
P024825,2025,1,20272.44
P024826,2025,1,33024.24
P024828,2025,1,-23870.16
P024829,2025,1,34620.32
P024831,2025,1,48868.09
P024833,2025,1,35311.6
P024834,2025,1,46446.97
P024835,2025,1,-35939.44
P024837,2025,1,50483.27
P024839,2025,1,75448.05
P024844,2025,1,12311.46
P024853,2025,1,19853.91
P024855,2025,1,110361.85
P024856,2025,1,34720.66
P024857,2025,1,19375.68
P024860,2025,1,40801.08
P024861,2025,1,14613.21
P024863,2025,1,46498.54
P024866,2025,1,73668.19
P024867,2025,1,24977.01
P024869,2025,1,58290.94
P024872,2025,1,11299.91
P024877,2025,1,27244.24
P024878,2025,1,42881.6
P024882,2025,1,94309.93
P024887,2025,1,41207.69
P024889,2025,1,10863.52
P024892,2025,1,72749.13
P024893,2025,1,29103.72
P024894,2025,1,75575.03
P024899,2025,1,10832.48
P024906,2025,0,0
P024909,2025,1,59140.21
P024910,2025,1,NA
P024911,2025,1,36816.1
P024912,2025,1,32821.5
P024915,2025,1,16441.57
P024916,2025,1,26217.17
P024917,2025,1,52678.05
P024919,2025,1,14778.78
P024921,2025,1,8801.52
P024923,2025,1,51875.75
P024928,2025,1,29633.1
P024929,2025,1,44418.09
P024931,2025,1,94012.68
P024933,2025,1,32412.83
P024936,2025,1,-38992.94
P024937,2025,1,22573.27
P024940,2025,1,26330.43
P024942,2025,1,23896.88
P024946,2025,1,24961.07
P024950,2025,1,33487.27
P024954,2025,0,0
P024955,2025,1,24465.06
P024956,2025,1,19176.44
P024957,2025,1,10673.98
P024959,2025,1,18713.01
P024961,2025,1,30780.62
P024962,2025,1,77194.49
P024965,2025,1,34055.28
P024968,2025,1,4986.95
P024972,2025,1,18711.48
P024975,2025,1,25766.31
P024979,2025,1,54389.86
P024982,2025,1,13460.16
P024983,2025,1,24428.32
P024991,2025,1,58648.57
P024995,2025,1,19515.05
P024999,2025,1,48328.63
P025001,2025,1,7530.95
P025005,2025,1,9336.28
P025007,2025,1,10980.53
P025008,2025,0,0
P025010,2025,1,14510.02
P025014,2025,1,71234.82
P025015,2025,1,14922.05
P025016,2025,1,6880.25
P025021,2025,1,60200.86
P025022,2025,1,17156.48
P025023,2025,0,0
P025024,2025,1,22782.01
P025025,2025,1,7356.23
P025026,2025,1,17835.77
P025027,2025,1,34239.19
P025029,2025,1,27495.93
P025033,2025,1,32824.8
P025038,2025,1,59979.36
P025039,2025,1,30858.48
P025051,2025,1,24157.03
P025054,2025,1,55140.02
P025062,2025,1,34764.85
P025065,2025,1,36741.9
P025068,2025,1,6182.32
P025073,2025,1,25392.35
P025074,2025,1,64617.47
P025075,2025,1,23577.66
P025077,2025,1,18836.12
P025079,2025,1,77661.02
P025081,2025,1,36848.77
P025082,2025,1,21150.75
P025084,2025,1,40456.89
P025091,2025,1,25020.99
P025092,2025,1,22414
P025094,2025,1,4483.13
P025099,2025,1,13088.31
P025102,2025,1,15703.47
P025103,2025,1,13178.4
P025104,2025,1,53718
P025107,2025,1,8786.48
P025110,2025,1,5169.9
P025111,2025,1,18577.4
P025113,2025,1,49674.65
P025120,2025,1,17683.15
P025124,2025,1,27427.48
P025125,2025,1,21551.41
P025130,2025,1,39323.52
P025131,2025,1,34592.44
P025132,2025,1,12198
P025133,2025,0,0
P025134,2025,1,39553.83
P025136,2025,1,21119.13
P025138,2025,1,20879.24
P025139,2025,1,18427.46
P025142,2025,1,16145.19
P025143,2025,1,9010.35
P025144,2025,1,30377.27
P025145,2025,1,28130.42
P025146,2025,1,47260.9
P025147,2025,1,38451.05
P025149,2025,1,30753.38
P025151,2025,1,35498.55
P025152,2025,1,14229.38
P025159,2025,1,16792.71
P025166,2025,1,46571.01
P025168,2025,1,27088.61
P025169,2025,1,43421.3
P025172,2025,1,50945.68
P025173,2025,1,17756.15
P025174,2025,1,38367.76
P025180,2025,1,51614.04
P025187,2025,1,102484.41
P025188,2025,1,90990.26
P025189,2025,1,15627.32
P025191,2025,1,35188.24
P025192,2025,1,75900.95
P025193,2025,1,NA
P025196,2025,1,19752.09
P025199,2025,1,7556.24
P025200,2025,1,32634.18
P025209,2025,1,5955.53
P025212,2025,1,24898.58
P025217,2025,1,12823.47
P025218,2025,1,58522.23
P025219,2025,1,24667.09
P025222,2025,1,8496.11
P025223,2025,1,7107.26
P025228,2025,1,20214.41
P025230,2025,1,50845.27
P025231,2025,1,44880.56
P025232,2025,1,47100.46
P025238,2025,1,25739.6
P025239,2025,1,75662.79
P025244,2025,1,44487.15
P025246,2025,1,14114.38
P025249,2025,1,56346.37
P025250,2025,1,69071.59
P025251,2025,1,10652.21
P025254,2025,1,33717.57
P025261,2025,1,49519.63
P025269,2025,1,38004.92
P025273,2025,1,23640.02
P025274,2025,1,28793.56
P025277,2025,1,17193.93
P025279,2025,1,33300.28
P025282,2025,1,15187.75
P025283,2025,1,56048.25
P025284,2025,1,36532.08
P025287,2025,1,24093.59
P025288,2025,1,11248.81
P025290,2025,1,9980.04
P025293,2025,1,48144.21
P025294,2025,1,24835.22
P025295,2025,1,40891.45
P025297,2025,1,29866.45
P025298,2025,1,49091.45
P025308,2025,1,8405.52
P025309,2025,1,37964.39
P025313,2025,1,67812.95
P025314,2025,1,119786.23
P025315,2025,0,0
P025319,2025,1,31064.89
P025320,2025,1,67966.55
P025323,2025,1,25120.43
P025324,2025,1,42084.1
P025325,2025,1,49491.51
P025326,2025,1,22910.76
P025327,2025,1,21382.16
P025333,2025,1,72248.72
P025334,2025,1,50189.02
P025335,2025,1,18284.99
P025336,2025,1,13912.31
P025338,2025,1,25504.74
P025340,2025,1,88184.99
P025341,2025,1,10364.71
P025344,2025,1,21461.19
P025347,2025,1,57344.61
P025349,2025,1,34230.2
P025352,2025,1,21996.48
P025355,2025,1,28624.3
P025356,2025,1,52287.12
P025361,2025,1,6167.69
P025364,2025,1,27641.65
P025365,2025,1,45897.74
P025372,2025,1,28087.93
P025373,2025,1,55116.14
P025377,2025,1,26752.64
P025381,2025,1,20187.11
P025385,2025,1,14514.26
P025388,2025,1,32686.39
P025390,2025,1,25453.94
P025393,2025,1,69841.2
P025395,2025,1,55935.08
P025397,2025,1,116576.94
P025399,2025,1,75678.38
P025401,2025,1,22365.39
P025403,2025,1,56637.11
P025407,2025,1,45587.35
P025408,2025,1,70146.74
P025409,2025,1,31866.28
P025413,2025,1,31675.07
P025416,2025,1,12908.74
P025419,2025,1,15056.11
P025430,2025,1,10571.26
P025431,2025,1,33027.67
P025435,2025,1,70536.7
P025438,2025,1,77176.57
P025444,2025,1,22929.65
P025445,2025,1,50734.2
P025450,2025,1,22497.68
P025455,2025,1,23153.58
P025456,2025,1,43664.03
P025458,2025,1,28522.7
P025459,2025,1,31719.34
P025461,2025,1,NA
P025462,2025,1,26938.11
P025463,2025,1,36641.84
P025466,2025,1,33276.72
P025467,2025,1,42702.71
P025468,2025,1,12264.23
P025469,2025,1,-17154.74
P025471,2025,1,24973.14
P025473,2025,1,22682.94
P025475,2025,1,31308.2
P025476,2025,1,14582.48
P025480,2025,1,39219.04
P025484,2025,1,42172.67
P025485,2025,1,21270.26
P025486,2025,1,48036.51
P025489,2025,1,28404.17
P025490,2025,1,11798.34
P025492,2025,1,8288.02
P025493,2025,1,43226.65
P025497,2025,1,10546.58
P025498,2025,1,52013.87
P025499,2025,1,118238.47
P025501,2025,1,57215.3
P025504,2025,1,93151.45
P025508,2025,1,34571.26
P025510,2025,1,15302.86
P025512,2025,1,11611.59
P025514,2025,1,14015.25
P025519,2025,1,43851.08
P025521,2025,1,9816.55
P025523,2025,1,60936.32
P025524,2025,1,64343.78
P025526,2025,1,23525.57
P025530,2025,1,20149.52
P025531,2025,1,40610.26
P025532,2025,1,32019.88
P025533,2025,1,30040.53
P025534,2025,1,35140.53
P025535,2025,1,18968.21
P025536,2025,1,13014.09
P025537,2025,1,16166.43
P025542,2025,1,NA
P025544,2025,1,50751.59
P025549,2025,0,0
P025551,2025,1,31751.17
P025554,2025,1,39761.57
P025555,2025,1,11521.22
P025556,2025,1,39132.32
P025559,2025,1,36046.22
P025563,2025,1,67820.85
P025564,2025,1,30563.33
P025565,2025,1,35091.34
P025566,2025,1,32921.35
P025568,2025,1,19375.47
P025573,2025,1,14511.2
P025574,2025,1,51622.98
P025575,2025,1,8395.01
P025576,2025,1,26404.31
P025577,2025,1,26631.38
P025578,2025,1,49037.26
P025579,2025,1,39344.9
P025580,2025,1,45722.45
P025582,2025,1,26535.85
P025585,2025,1,36698.46
P025588,2025,1,36864.61
P025591,2025,1,26051.84
P025592,2025,1,39226.44
P025598,2025,1,35352.13
P025602,2025,1,19993.83
P025606,2025,1,15810.47
P025611,2025,1,28328.75
P025613,2025,1,47274.72
P025614,2025,1,17963.23
P025616,2025,1,12087.63
P025620,2025,1,17064.66
P025622,2025,1,34634.69
P025628,2025,1,17111.63
P025630,2025,1,28190.18
P025636,2025,1,12080.15
P025638,2025,1,13042.26
P025639,2025,1,23601.71
P025641,2025,1,73072.05
P025645,2025,1,31881.31
P025646,2025,1,60191.79
P025647,2025,1,48391.09
P025648,2025,1,13957.09
P025651,2025,1,19330.53
P025655,2025,1,19431.99
P025662,2025,1,32914.01
P025664,2025,1,10255.16
P025667,2025,1,27248.45
P025669,2025,1,29252.61
P025677,2025,1,20938.06
P025680,2025,1,26570.55
P025683,2025,1,33475.13
P025684,2025,1,10324.38
P025686,2025,1,38059.47
P025689,2025,1,40272.56
P025692,2025,1,72721.29
P025693,2025,1,26853.48
P025696,2025,1,55322.09
P025698,2025,1,65584.52
P025699,2025,1,40456.92
P025702,2025,1,51791.04
P025704,2025,1,33453.91
P025705,2025,1,59613.83
P025707,2025,1,109156.21
P025708,2025,1,31831.17
P025713,2025,1,29269.32
P025714,2025,1,31472.87
P025717,2025,1,25834.92
P025721,2025,1,24269.42
P025724,2025,1,43830.2
P025733,2025,1,31418.32
P025736,2025,1,31129.81
P025738,2025,1,10450.57
P025740,2025,1,76542.47
P025741,2025,1,87353.14
P025742,2025,1,NA
P025745,2025,1,27441.82
P025746,2025,1,27422.68
P025751,2025,1,31910.85
P025754,2025,1,14607.54
P025755,2025,1,20825.31
P025756,2025,1,46427.79
P025757,2025,1,62261.66
P025761,2025,1,29634.5
P025762,2025,1,28806.82
P025766,2025,1,33505.61
P025767,2025,1,49835.72
P025769,2025,1,69977.12
P025770,2025,1,14518.04
P025772,2025,1,77654.38
P025774,2025,1,26674.45
P025775,2025,0,0
P025777,2025,1,17125.97
P025778,2025,1,143068.72
P025780,2025,1,26841.94
P025781,2025,1,30917.3
P025782,2025,1,11305.56
P025783,2025,1,17502.98
P025788,2025,1,29170.67
P025789,2025,1,46559.31
P025790,2025,1,73037.28
P025791,2025,1,15411.32
P025795,2025,1,27515.8
P025797,2025,1,39739.56
P025799,2025,1,104970.75
P025801,2025,1,30731.59
P025802,2025,1,48266.2
P025814,2025,1,54872.17
P025815,2025,1,63382.33
P025817,2025,1,12505.11
P025822,2025,1,17387.28
P025823,2025,0,0
P025824,2025,1,67683.46
P025830,2025,1,22054.95
P025836,2025,1,11260.11
P025839,2025,1,45688.54
P025843,2025,1,32514.05
P025844,2025,1,14109.07
P025845,2025,1,11063.87
P025846,2025,1,19048.97
P025849,2025,1,40623.43
P025851,2025,1,16625.67
P025853,2025,1,8753.36
P025860,2025,1,49838.94
P025861,2025,1,37503.85
P025863,2025,1,37020.42
P025864,2025,1,26862.17
P025865,2025,1,NA
P025867,2025,1,8797.93
P025868,2025,1,128924.54
P025869,2025,1,42899.05
P025873,2025,1,19742.65
P025875,2025,1,15534.77
P025876,2025,1,14497.66
P025878,2025,1,29465.5
P025879,2025,1,0
P025885,2025,1,NA
P025891,2025,1,69325.66
P025893,2025,1,27226.3
P025894,2025,1,NA
P025895,2025,1,55954.87
P025901,2025,1,69062.69
P025902,2025,1,22422.05
P025903,2025,1,27717.37
P025904,2025,1,47244.4
P025906,2025,1,24247.33
P025908,2025,1,37885.83
P025909,2025,1,20139.02
P025911,2025,1,39577.2
P025912,2025,1,40391.02
P025916,2025,1,44803.16
P025919,2025,1,49190.97
P025920,2025,1,54164.55
P025921,2025,1,19620.77
P025925,2025,1,45844.99
P025927,2025,1,12201.11
P025934,2025,1,58655.16
P025935,2025,1,7983.71
P025941,2025,1,31860.33
P025945,2025,1,13552.44
P025948,2025,1,7225.66
P025950,2025,1,44517.89
P025951,2025,1,34073.48
P025961,2025,1,28652.45
P025962,2025,0,0
P025964,2025,1,28168.89
P025965,2025,1,9408.03
P025966,2025,1,30999.9
P025971,2025,1,7665.61
P025972,2025,1,31814.69
P025973,2025,1,42532
P025977,2025,1,22009
P025978,2025,1,60666.93
P025982,2025,1,9396.3
P025983,2025,1,141336.31
P025985,2025,1,33037.84
P025986,2025,1,102135.43
P025990,2025,1,31032.94
P025992,2025,1,78000.29
P025993,2025,1,6550.68
P025995,2025,1,12182.98
P025996,2025,1,42959.4
P025997,2025,1,17652.43
P025999,2025,1,28934.61
P026001,2025,1,47385.33
P026005,2025,1,23564.9
P026006,2025,1,19166.43
P026008,2025,1,40392.7
P026010,2025,1,26063.65
P026011,2025,1,34026.95
P026012,2025,1,37689.18
P026015,2025,1,12441.07
P026017,2025,1,10851.99
P026020,2025,1,44505.42
P026022,2025,1,44268.47
P026023,2025,1,29103.32
P026024,2025,1,35200.03
P026025,2025,1,18621.62
P026026,2025,1,13720.35
P026027,2025,1,35312.6
P026031,2025,1,70062.49
P026032,2025,1,23492.72
P026041,2025,1,-65083.28
P026042,2025,1,9482.63
P026045,2025,1,38958.1
P026048,2025,1,28405.8
P026050,2025,1,23277.8
P026056,2025,1,12931.11
P026060,2025,1,42950.94
P026065,2025,1,9287.32
P026066,2025,1,20889.56
P026071,2025,1,12658.55
P026072,2025,1,15819.53
P026073,2025,1,32631.85
P026074,2025,1,14012.08
P026078,2025,0,0
P026083,2025,1,15234.55
P026086,2025,1,37614.74
P026088,2025,1,30817.76
P026091,2025,1,23282.53
P026096,2025,1,8654.15
P026098,2025,1,31684.45
P026103,2025,1,35614.32
P026104,2025,1,65630.39
P026105,2025,1,36118.95
P026108,2025,1,13942.15
P026110,2025,1,130639.2
P026113,2025,1,64011.16
P026114,2025,1,77693.82
P026116,2025,1,9577.33
P026118,2025,1,40992.83
P026119,2025,1,24698.85
P026120,2025,1,36619.73
P026122,2025,1,43772
P026124,2025,1,7099.13
P026126,2025,1,35070.16
P026129,2025,1,20260.31
P026134,2025,1,44645.24
P026136,2025,1,36769.09
P026138,2025,1,40897.51
P026144,2025,1,29048.25
P026145,2025,1,26958.5
P026153,2025,1,11335.81
P026156,2025,1,31632
P026164,2025,1,33548.39
P026165,2025,1,31408.68
P026166,2025,1,42102.45
P026169,2025,1,47827.33
P026170,2025,1,74234.2
P026176,2025,1,27381.7
P026177,2025,1,53167.43
P026179,2025,1,21104.28
P026180,2025,1,14302.39
P026183,2025,1,18480.83
P026184,2025,1,26603.35
P026186,2025,1,50855.02
P026190,2025,1,7009.27
P026192,2025,1,28061.34
P026193,2025,0,0
P026200,2025,1,22614.69
P026204,2025,1,32000.84
P026205,2025,1,15791.13
P026206,2025,1,16567.56
P026208,2025,1,17280.12
P026210,2025,1,63675.92
P026211,2025,1,37868.36
P026212,2025,1,16366.32
P026214,2025,1,42125.58
P026215,2025,0,0
P026217,2025,1,61415.22
P026221,2025,1,39725.92
P026224,2025,1,39975.86
P026227,2025,1,17894.55
P026230,2025,1,25162.4
P026232,2025,1,83605.12
P026234,2025,1,69608.88
P026235,2025,1,14931.04
P026237,2025,1,31488.52
P026238,2025,1,7154.67
P026239,2025,1,30083.33
P026245,2025,1,50567.72
P026247,2025,1,51887.09
P026251,2025,1,59577.74
P026253,2025,1,34575.49
P026254,2025,1,10657.74
P026256,2025,1,18090.25
P026257,2025,1,56436.07
P026261,2025,1,11609.18
P026262,2025,1,42959.44
P026265,2025,1,58085.91
P026266,2025,1,13186.24
P026267,2025,1,47652.12
P026271,2025,1,21024.56
P026272,2025,1,39938.78
P026276,2025,1,10810.44
P026280,2025,1,24450.66
P026281,2025,1,35794.37
P026283,2025,1,7424.1
P026285,2025,1,35277.07
P026286,2025,1,22873.56
P026291,2025,1,42741.51
P026292,2025,1,52183.29
P026294,2025,1,73975.93
P026295,2025,1,19176.29
P026297,2025,1,22410.05
P026298,2025,1,15300.93
P026300,2025,1,74260.25
P026305,2025,1,52541.91
P026307,2025,1,36950.33
P026308,2025,1,9429.88
P026309,2025,1,71301.14
P026310,2025,1,33163.42
P026314,2025,1,28905.86
P026316,2025,1,6932.07
P026317,2025,1,43494.52
P026320,2025,1,49529.17
P026321,2025,1,47834.48
P026328,2025,1,58752.32
P026330,2025,1,3978.07
P026331,2025,1,10519.9
P026332,2025,1,15283.82
P026334,2025,1,50119.97
P026336,2025,1,-68532.58
P026337,2025,1,27390.34
P026339,2025,1,34433.09
P026340,2025,1,11893.59
P026341,2025,1,15495.97
P026343,2025,1,23079.52
P026345,2025,1,31852.79
P026349,2025,1,87137.87
P026350,2025,1,NA
P026357,2025,1,24662.12
P026360,2025,1,56128.5
P026365,2025,1,24928.71
P026368,2025,1,16574.41
P026369,2025,1,41822.55
P026371,2025,1,12475.06
P026372,2025,1,8821.84
P026374,2025,1,26106.46
P026375,2025,1,35371.17
P026380,2025,1,4395.79
P026381,2025,1,128428.09
P026382,2025,1,40290.56
P026385,2025,1,40808.75
P026386,2025,1,15659.18
P026387,2025,1,-18587.25
P026391,2025,1,11942.48
P026397,2025,1,23324.47
P026401,2025,1,12146.71
P026402,2025,1,38607.74
P026404,2025,1,19968.3
P026406,2025,1,18867.23
P026411,2025,1,76867.09
P026412,2025,1,19969.26
P026414,2025,1,24762.43
P026416,2025,1,40865.12
P026417,2025,1,68983.65
P026418,2025,1,54547.73
P026422,2025,1,41491.04
P026424,2025,1,19918.61
P026426,2025,1,15460.68
P026429,2025,1,56927.08
P026432,2025,1,15624.62
P026433,2025,1,51415.1
P026434,2025,1,25414.21
P026436,2025,1,9314.73
P026440,2025,1,7361.86
P026443,2025,1,22949.38
P026447,2025,1,70199.73
P026454,2025,1,36267.48
P026455,2025,1,20367.54
P026457,2025,1,17581.82
P026458,2025,1,20524.51
P026459,2025,1,44644.84
P026462,2025,1,19636.19
P026463,2025,1,32884.35
P026464,2025,0,0
P026466,2025,1,26582.76
P026468,2025,1,5819.92
P026469,2025,1,75782.46
P026472,2025,1,32368.29
P026477,2025,1,12228.74
P026480,2025,1,46890.25
P026483,2025,1,20175.7
P026485,2025,1,17585.01
P026488,2025,0,0
P026489,2025,1,17738.3
P026490,2025,1,17942.07
P026492,2025,1,17491.65
P026493,2025,1,14344.97
P026497,2025,1,36664.63
P026501,2025,1,17179.45
P026502,2025,1,35890.16
P026507,2025,1,14103.95
P026508,2025,1,71939.39
P026509,2025,1,NA
P026510,2025,1,28339.44
P026511,2025,1,9169.13
P026512,2025,1,24475.45
P026514,2025,1,43148.54
P026515,2025,1,19847.88
P026517,2025,1,12120.98
P026518,2025,1,37889.19
P026520,2025,1,72398.97
P026528,2025,1,13774.01
P026530,2025,1,38270.39
P026532,2025,1,28504.5
P026539,2025,1,11008.24
P026541,2025,1,57012.8
P026545,2025,1,30825.76
P026554,2025,1,8877.5
P026559,2025,1,40955.73
P026564,2025,1,76334.32
P026567,2025,1,31694.25
P026568,2025,1,54410.9
P026569,2025,1,20690.01
P026570,2025,1,57812.45
P026571,2025,1,25106.4
P026573,2025,1,26168.71
P026574,2025,1,6312.99
P026576,2025,1,15101.94
P026577,2025,1,27118.71
P026579,2025,1,32587.74
P026580,2025,1,24546.49
P026581,2025,1,15560.34
P026586,2025,1,69653.95
P026587,2025,1,0
P026588,2025,1,34613.81
P026596,2025,1,25356
P026599,2025,1,14663.53
P026601,2025,1,38668.74
P026604,2025,1,42123.9
P026606,2025,1,71023.23
P026607,2025,1,10854.11
P026609,2025,1,33406.33
P026614,2025,1,37000.89
P026615,2025,1,34306.49
P026617,2025,1,20237
P026619,2025,1,44394.09
P026624,2025,1,14927.89
P026625,2025,1,63078.23
P026628,2025,1,31057.89
P026629,2025,1,35457.58
P026632,2025,1,53401.54
P026633,2025,1,13333.49
P026638,2025,1,45656
P026639,2025,1,64496.6
P026641,2025,1,10181.23
P026646,2025,1,36578.88
P026649,2025,1,10187.58
P026652,2025,1,11392.55
P026658,2025,1,23828.24
P026659,2025,1,72629.39
P026661,2025,1,8852.42
P026662,2025,1,13311.8
P026666,2025,1,16167.19
P026667,2025,1,28658.44
P026668,2025,1,21095.41
P026670,2025,1,11317.54
P026672,2025,1,162354.71
P026673,2025,1,11642.42
P026675,2025,1,16471.56
P026676,2025,1,41828.58
P026677,2025,1,15993.89
P026678,2025,1,16486.52
P026682,2025,1,23858.13
P026686,2025,1,12295.37
P026688,2025,1,39245.17
P026689,2025,1,16181.82
P026690,2025,1,67696.9
P026691,2025,1,34641.53
P026696,2025,1,14799
P026700,2025,1,5782.98
P026703,2025,1,21313.3
P026705,2025,1,35414.68
P026707,2025,1,16221.06
P026709,2025,1,9554.93
P026710,2025,1,31737.82
P026712,2025,1,32264.58
P026713,2025,1,53359.95
P026715,2025,1,13023.72
P026716,2025,1,40185.36
P026719,2025,1,104665.73
P026721,2025,1,29292.43
P026722,2025,1,6146.28
P026725,2025,1,25271.4
P026727,2025,1,30404.87
P026728,2025,1,8868.02
P026729,2025,1,15160.33
P026731,2025,1,25107.62
P026738,2025,1,38504.94
P026739,2025,1,8454.01
P026742,2025,1,66279.23
P026747,2025,1,49500.44
P026752,2025,1,33702.38
P026754,2025,1,19491.2
P026756,2025,1,17634.07
P026760,2025,1,19871.97
P026765,2025,1,33433.03
P026767,2025,1,15164.96
P026770,2025,1,30126.96
P026771,2025,1,59773.24
P026773,2025,1,26360.56
P026777,2025,1,37079.44
P026779,2025,1,44584.67
P026780,2025,1,18111.99
P026781,2025,1,122460.47
P026782,2025,1,23362.77
P026783,2025,1,27449.6
P026784,2025,1,24256.22
P026789,2025,1,22646.8
P026791,2025,1,33893.08
P026792,2025,1,NA
P026793,2025,1,17492.4
P026794,2025,1,69441.72
P026795,2025,1,18307.17
P026797,2025,1,36602.85
P026800,2025,1,15642.27
P026803,2025,1,50141.32
P026806,2025,1,18304.3
P026808,2025,1,31135.28
P026810,2025,1,38859.22
P026815,2025,1,32837.5
P026816,2025,1,20562.89
P026822,2025,1,24469.31
P026826,2025,1,28086.34
P026828,2025,1,18678.02
P026831,2025,1,11499.39
P026833,2025,1,308831.15
P026840,2025,1,18456.36
P026841,2025,1,42423.93
P026843,2025,0,0
P026847,2025,1,15547.78
P026851,2025,1,40913.15
P026852,2025,1,0
P026855,2025,1,73361.01
P026856,2025,1,5787.68
P026857,2025,0,0
P026859,2025,1,44237.9
P026860,2025,1,87868.55
P026867,2025,1,9093.73
P026868,2025,1,40370.36
P026869,2025,1,35165.37
P026873,2025,1,5760.24
P026876,2025,1,61201.4
P026877,2025,1,34096.93
P026878,2025,1,25269.61
P026881,2025,1,31899.29
P026883,2025,1,48345.67
P026885,2025,1,57464.04
P026887,2025,1,13519.33
P026891,2025,1,106278.14
P026894,2025,1,25017.25
P026897,2025,1,23950.1
P026899,2025,1,79827.25
P026900,2025,1,34409.69
P026904,2025,1,46267.22
P026906,2025,1,45151.45
P026907,2025,1,55363.24
P026910,2025,1,10066.34
P026911,2025,1,11200.92
P026914,2025,1,21524.6
P026915,2025,1,26413.36
P026919,2025,1,45466.12
P026920,2025,1,43775.59
P026923,2025,1,39997.08
P026924,2025,1,35789.04
P026925,2025,1,28303.14
P026931,2025,1,81828.86
P026935,2025,1,46213.7
P026939,2025,1,36984.18
P026940,2025,1,18577.78
P026942,2025,1,25351.66
P026943,2025,1,26245.52
P026945,2025,1,27362.8
P026946,2025,1,40711.5
P026947,2025,1,30220.35
P026948,2025,1,28603.15
P026950,2025,1,13732.18
P026951,2025,1,34819.63
P026952,2025,1,46728.59
P026953,2025,1,13269.18
P026956,2025,1,16210.57
P026957,2025,1,23473.53
P026958,2025,1,32580.65
P026959,2025,1,36001.87
P026964,2025,1,4526.61
P026966,2025,1,19109.91
P026967,2025,1,22799.94
P026968,2025,1,11408.81
P026973,2025,1,46830.83
P026974,2025,1,50105.87
P026978,2025,1,63084.72
P026979,2025,1,96540.32
P026982,2025,1,33690.96
P026983,2025,1,41367.94
P026984,2025,1,20548.04
P026985,2025,1,28421.65
P026987,2025,1,27793.28
P026993,2025,1,44701.99
P026994,2025,1,25480.19
P026995,2025,1,17417.76
P026998,2025,1,27742.47
P027001,2025,1,16636.69
P027004,2025,1,9874.95
P027005,2025,1,69832.12
P027008,2025,1,27015.52
P027011,2025,1,15186.82
P027015,2025,1,11202.15
P027017,2025,1,68460.46
P027019,2025,1,27433.19
P027024,2025,1,45183.16
P027028,2025,1,17018.85
P027031,2025,0,0
P027032,2025,1,48348.88
P027033,2025,1,15634.29
P027034,2025,1,13307.65
P027038,2025,1,8880.91
P027040,2025,1,31243.11
P027043,2025,1,11864.15
P027046,2025,1,20984.49
P027047,2025,1,21812.98
P027048,2025,1,45044.52
P027051,2025,1,46620.06
P027061,2025,1,36499.64
P027063,2025,1,34179.45
P027065,2025,1,29807.47
P027066,2025,1,77796.83
P027068,2025,1,10414.48
P027069,2025,1,13128.67
P027070,2025,1,18580.55
P027074,2025,1,16412.2
P027079,2025,1,35463.28
P027083,2025,1,27240.97
P027085,2025,1,42123.43
P027086,2025,1,30613.37
P027087,2025,1,11385.54
P027090,2025,1,10393.41
P027091,2025,1,18495.92
P027099,2025,1,10922.66
P027100,2025,1,14945.37
P027103,2025,1,31820.79
P027104,2025,1,20844.36
P027108,2025,1,24511.62
P027111,2025,1,19506.15
P027113,2025,1,20268.34
P027118,2025,1,7638.94
P027126,2025,1,68956.56
P027131,2025,1,9709.85
P027137,2025,1,13921.06
P027138,2025,1,41041.87
P027141,2025,1,17970.98
P027144,2025,1,15605.51
P027145,2025,1,17326.95
P027150,2025,1,45980.86
P027151,2025,1,46132.16
P027156,2025,1,34262.73
P027157,2025,1,52763.19
P027158,2025,1,22002.71
P027161,2025,1,51065.85
P027162,2025,1,NA
P027165,2025,1,32968.7
P027168,2025,1,24276.91
P027170,2025,1,48234.55
P027171,2025,1,75984.05
P027173,2025,1,20201
P027174,2025,1,41892.39
P027177,2025,1,45316.6
P027178,2025,1,15400.65
P027181,2025,1,NA
P027183,2025,1,49319.5
P027187,2025,1,47433.58
P027188,2025,1,22300.95
P027189,2025,1,35774.11
P027190,2025,1,18581.54
P027194,2025,1,18838.6
P027195,2025,1,31293.15
P027196,2025,1,11864.77
P027205,2025,1,85384.7
P027209,2025,1,0
P027211,2025,1,19546.36
P027213,2025,1,18405.78
P027217,2025,1,43029.75
P027223,2025,1,16315.97
P027225,2025,1,32104.67
P027228,2025,0,0
P027229,2025,1,38102.49
P027231,2025,1,16977.65
P027232,2025,1,14516.23
P027235,2025,1,70987.46
P027236,2025,1,48027.89
P027243,2025,1,36423.45
P027244,2025,1,42012.55
P027246,2025,1,71342.18
P027249,2025,1,52314.03
P027254,2025,1,0
P027264,2025,1,53665.81
P027266,2025,1,5956.45
P027267,2025,1,15073.11
P027268,2025,1,56174.7
P027272,2025,1,28083.57
P027273,2025,1,21082.32
P027275,2025,1,21345.03
P027277,2025,1,9209.94
P027278,2025,1,15068.14
P027279,2025,1,24218.43
P027280,2025,1,16305.95
P027284,2025,1,43814.18
P027285,2025,1,42266.95
P027286,2025,1,27900.31
P027289,2025,1,11032.26
P027291,2025,1,48189.23
P027294,2025,1,5836.49
P027300,2025,1,22220.83
P027301,2025,1,38827.53
P027303,2025,1,33638.27
P027304,2025,1,21036.8
P027309,2025,1,86395.86
P027317,2025,1,49298.84
P027319,2025,1,13907.98
P027323,2025,1,28809.18
P027328,2025,1,16194.33
P027329,2025,1,13708.7
P027331,2025,1,NA
P027335,2025,1,34342.54
P027336,2025,1,16909.08
P027338,2025,1,30563.18
P027342,2025,1,37828.29
P027343,2025,1,36879.59
P027347,2025,1,17857.7
P027349,2025,1,16225.44
P027353,2025,1,37261.41
P027355,2025,1,41959.78
P027357,2025,1,14962.93
P027359,2025,1,34878.06
P027362,2025,1,27307.53
P027365,2025,1,27306.18
P027367,2025,1,71866.97
P027369,2025,1,32842.57
P027371,2025,1,72018.41
P027372,2025,1,52746.61
P027377,2025,1,26290.8
P027378,2025,1,23637.47
P027381,2025,1,29590.76
P027382,2025,1,34351.32
P027389,2025,1,23025.94
P027391,2025,1,45613.36
P027393,2025,1,24241.75
P027398,2025,1,26195.51
P027400,2025,1,15296.05
P027401,2025,1,44006.42
P027407,2025,1,17960.28
P027409,2025,1,25351.14
P027412,2025,1,52706.66
P027413,2025,1,22180.43
P027415,2025,1,91672.9
P027416,2025,1,15306.19
P027418,2025,1,23050.5
P027438,2025,1,41741.96
P027442,2025,1,94247.47
P027447,2025,1,27987.75
P027448,2025,1,41642.41
P027449,2025,1,40063.38
P027450,2025,1,20671.33
P027454,2025,1,7924.42
P027460,2025,1,23977.38
P027465,2025,1,126866.66
P027468,2025,1,21036.11
P027471,2025,1,17507.73
P027472,2025,1,19255.27
P027474,2025,1,26405.79
P027476,2025,1,11720
P027484,2025,1,10859.95
P027485,2025,1,14805.49
P027487,2025,1,24700.24
P027488,2025,1,26408.91
P027491,2025,1,25273.99
P027492,2025,1,47514.28
P027495,2025,1,22260.59
P027500,2025,1,44115.6
P027501,2025,1,26397.8
P027503,2025,1,47277.17
P027504,2025,1,41547.38
P027508,2025,1,6170.58
P027509,2025,1,60978.24
P027512,2025,1,45024.58
P027513,2025,1,19016.52
P027514,2025,1,31243.83
P027517,2025,1,27384.92
P027521,2025,1,31997.48
P027522,2025,1,48383.46
P027526,2025,1,26061.75
P027528,2025,1,29191.5
P027531,2025,1,41818.48
P027532,2025,1,34978.05
P027534,2025,1,NA
P027537,2025,1,17617.14
P027539,2025,1,20720.49
P027540,2025,1,13289.32
P027541,2025,1,31671.21
P027544,2025,1,30310.52
P027550,2025,1,32215.43
P027552,2025,1,87729.04
P027554,2025,1,17952.46
P027555,2025,1,22889.89
P027558,2025,1,27404.4
P027559,2025,1,86682.92
P027560,2025,1,34875.86
P027564,2025,1,12094.48
P027565,2025,1,35893.54
P027567,2025,1,7020.38
P027569,2025,1,39284.67
P027570,2025,1,7332.83
P027571,2025,1,33936.48
P027572,2025,1,10224.05
P027575,2025,1,-58847.8
P027577,2025,1,5728.85
P027578,2025,1,17758.45
P027581,2025,1,28919.92
P027584,2025,1,12074.37
P027585,2025,1,18743.61
P027587,2025,1,34257.1
P027590,2025,1,89906.77
P027591,2025,1,30785.65
P027592,2025,1,49384.36
P027593,2025,1,32021.36
P027596,2025,1,21782.3
P027598,2025,1,13797.35
P027600,2025,1,53750.3
P027604,2025,0,0
P027605,2025,1,46817.61
P027608,2025,1,22715.42
P027610,2025,1,40973.44
P027611,2025,1,41312.55
P027613,2025,1,28783.08
P027614,2025,1,38578.3
P027615,2025,1,19908.56
P027617,2025,1,12017.17
P027618,2025,1,39092.07
P027620,2025,1,52478.45
P027621,2025,1,41011.21
P027622,2025,0,0
P027625,2025,1,15588.41
P027628,2025,1,36946.12
P027629,2025,1,57510.08
P027633,2025,1,14893.85
P027635,2025,1,24999.51
P027636,2025,1,29993.47
P027637,2025,1,39158.75
P027640,2025,1,135079.26
P027643,2025,1,24570.1
P027650,2025,1,87354.25
P027652,2025,1,42862.5
P027656,2025,1,47216.89
P027657,2025,1,19087.29
P027659,2025,1,10639.75
P027661,2025,1,12401.21
P027663,2025,1,4516.63
P027666,2025,1,35183.86
P027669,2025,1,38144.99
P027671,2025,1,20670.57
P027672,2025,1,55221.91
P027673,2025,1,21548.14
P027676,2025,1,43811.91
P027677,2025,1,40594.54
P027685,2025,1,36777.11
P027686,2025,1,18977.33
P027688,2025,1,43828.98
P027691,2025,1,62708.62
P027694,2025,1,56238.87
P027696,2025,1,17504.77
P027702,2025,1,25642.08
P027703,2025,1,96252.13
P027704,2025,1,29119.61
P027706,2025,1,23010.99
P027707,2025,1,40831.23
P027710,2025,1,77524.19
P027712,2025,1,52919.13
P027717,2025,1,5075.89
P027719,2025,1,16623.25
P027722,2025,1,12510.32
P027723,2025,1,61433.69
P027724,2025,1,84090.91
P027727,2025,1,38496.4
P027728,2025,1,35514.14
P027729,2025,0,0
P027731,2025,1,68536.28
P027736,2025,1,22023.04
P027737,2025,1,13505.64
P027739,2025,1,10398.42
P027740,2025,1,24868.82
P027742,2025,1,22913.86
P027743,2025,1,32155.25
P027746,2025,1,40369.76
P027748,2025,1,26923.73
P027749,2025,1,8766.84
P027750,2025,1,NA
P027753,2025,1,23924.14
P027756,2025,1,18393.92
P027763,2025,1,27381.37
P027765,2025,1,45473.17
P027770,2025,1,42394.37
P027771,2025,1,67223.29
P027773,2025,1,33867.86
P027774,2025,1,57161.63
P027775,2025,1,33306.05
P027777,2025,1,25508.16
P027779,2025,1,19725.33
P027781,2025,1,28968.24
P027783,2025,1,6190.37
P027789,2025,1,18787.41
P027792,2025,1,9337.63
P027797,2025,1,72029.98
P027798,2025,1,27426.07
P027800,2025,1,57330.66
P027804,2025,1,19084.22
P027806,2025,1,10240.3
P027807,2025,1,82706.17
P027811,2025,1,28207.91
P027813,2025,1,78238.88
P027814,2025,1,46944.84
P027818,2025,1,10234.84
P027820,2025,1,18557.01
P027821,2025,1,29169.12
P027822,2025,1,19198.4
P027824,2025,1,34193.98
P027826,2025,1,12554.02
P027830,2025,1,10701.9
P027833,2025,1,15886.74
P027834,2025,1,24321.26
P027836,2025,1,27640.55
P027839,2025,1,46231.76
P027842,2025,1,53018.72
P027843,2025,1,20698.38
P027846,2025,1,34202.76
P027847,2025,1,48019.97
P027849,2025,1,18098.39
P027853,2025,1,32591.41
P027858,2025,1,45789.34
P027860,2025,1,19649.22
P027861,2025,1,43290.31
P027862,2025,1,32343.44
P027866,2025,1,11302.16
P027868,2025,1,92068.99
P027870,2025,1,NA
P027872,2025,1,27701.67
P027873,2025,1,28745.65
P027876,2025,1,-133368.28
P027877,2025,1,58586.45
P027880,2025,1,61520.06
P027882,2025,1,18009.96
P027883,2025,1,20924.25
P027887,2025,1,21546.07
P027897,2025,1,63822.55
P027902,2025,1,40326.25
P027903,2025,1,12071.6
P027904,2025,1,61068.3
P027908,2025,1,29947.12
P027910,2025,1,8389.52
P027911,2025,1,15824.13
P027913,2025,1,7682.46
P027914,2025,1,35068.42
P027918,2025,1,46811.26
P027919,2025,1,43850.45
P027920,2025,1,35628.93
P027924,2025,1,5780.09
P027927,2025,1,30495.95
P027929,2025,1,27464.91
P027934,2025,1,10444.13
P027935,2025,1,39359.33
P027939,2025,1,41861.57
P027941,2025,1,12073.01
P027942,2025,1,11183.44
P027945,2025,1,52324.93
P027946,2025,1,42676.27
P027949,2025,1,36546.49
P027950,2025,1,17082.8
P027951,2025,1,53342.43
P027954,2025,1,26511.49
P027955,2025,1,51684.06
P027956,2025,1,10416.15
P027961,2025,1,17773.14
P027962,2025,1,39199.23
P027964,2025,1,11324.55
P027966,2025,1,41433.65
P027970,2025,1,19314.91
P027972,2025,1,44257.18
P027974,2025,1,36753.87
P027977,2025,1,6686.91
P027978,2025,1,73735.66
P027981,2025,1,72512.56
P027983,2025,1,48349.59
P027984,2025,1,21244.62
P027989,2025,1,22174.8
P027990,2025,1,29793.37
P027991,2025,1,47168.27
P027992,2025,1,37916.24
P027998,2025,1,15268.45
P027999,2025,1,31881.42
P028003,2025,1,20085.49
P028005,2025,1,25560.67
P028009,2025,1,NA
P028011,2025,1,7016.63
P028012,2025,1,22633.58
P028013,2025,1,25519.09
P028016,2025,1,13860.92
P028019,2025,1,14518.24
P028021,2025,1,21511.52
P028022,2025,1,24194.43
P028024,2025,1,57268.73
P028025,2025,1,26662.83
P028028,2025,1,14475.72
P028032,2025,1,35901.6
P028035,2025,1,85554.47
P028037,2025,1,28402.48
P028040,2025,1,30169.86
P028043,2025,1,33718.83
P028044,2025,1,37078.45
P028047,2025,1,40302.22
P028050,2025,1,34184.72
P028054,2025,1,15620.26
P028057,2025,1,17250.93
P028060,2025,1,10009.3
P028066,2025,1,9297.74
P028069,2025,1,89191.73
P028073,2025,1,20268.32
P028078,2025,1,66112.36
P028080,2025,1,21201.82
P028081,2025,1,13214.84
P028084,2025,1,40152.55
P028085,2025,1,43415.18
P028088,2025,1,13323.58
P028095,2025,1,17986.41
P028096,2025,1,51790.59
P028098,2025,1,18504.66
P028101,2025,1,49135.9
P028103,2025,1,24602.99
P028106,2025,1,19570.55
P028109,2025,1,27005.05
P028111,2025,1,24141.04
P028112,2025,1,34268.34
P028113,2025,1,33001.32
P028114,2025,1,21295.44
P028117,2025,1,20282.81
P028119,2025,1,49414.95
P028121,2025,1,63470.14
P028126,2025,1,25207.55
P028139,2025,1,34180.52
P028140,2025,1,14275.71
P028141,2025,1,53788.29
P028142,2025,1,34265.34
P028144,2025,1,15816.47
P028148,2025,1,31239.32
P028153,2025,1,23159.82
P028155,2025,1,97046.6
P028156,2025,1,49260.85
P028162,2025,1,13858.56
P028165,2025,1,17878.12
P028166,2025,1,58426.95
P028170,2025,1,39296.5
P028173,2025,1,34834.04
P028174,2025,1,47912.35
P028180,2025,1,34793.9
P028186,2025,1,95875.99
P028189,2025,1,75360.79
P028190,2025,1,44759.6
P028192,2025,1,24386.9
P028200,2025,1,18326.66
P028202,2025,1,16370.48
P028203,2025,1,46563.48
P028205,2025,1,42433.69
P028210,2025,1,86023.4
P028211,2025,1,26399.99
P028212,2025,1,33517.85
P028213,2025,1,21527.7
P028214,2025,1,5289.67
P028215,2025,1,29531.44
P028216,2025,1,34950.42
P028217,2025,1,39322.85
P028219,2025,0,0
P028223,2025,1,34231.31
P028226,2025,1,36444.97
P028227,2025,1,19428.51
P028228,2025,1,20802.25
P028229,2025,1,8920.51
P028230,2025,1,17334.33
P028231,2025,1,21695.45
P028232,2025,1,52275.57
P028233,2025,1,32067.61
P028238,2025,1,8920.72
P028240,2025,1,36425.2
P028242,2025,1,83456.62
P028243,2025,1,NA
P028246,2025,1,53995.51
P028248,2025,1,30926.67
P028252,2025,1,76402.01
P028254,2025,1,110766.44
P028257,2025,1,22274.97
P028265,2025,1,55604.51
P028266,2025,1,24383.42
P028267,2025,1,54827.77
P028274,2025,1,114190.89
P028276,2025,1,75451.72
P028277,2025,1,22164.24
P028278,2025,1,30350.48
P028282,2025,1,21048.51
P028286,2025,1,43745.35
P028288,2025,1,43880.35
P028290,2025,1,34060.96
P028292,2025,1,53905.8
P028295,2025,1,25194.15
P028297,2025,1,56780.33
P028298,2025,1,46422.58
P028299,2025,1,34442.63
P028306,2025,1,38374.93
P028308,2025,1,17436.29
P028311,2025,1,22822.92
P028312,2025,1,19554.37
P028314,2025,1,75536.82
P028318,2025,1,8771.06
P028320,2025,1,20138.76
P028321,2025,1,16845.75
P028323,2025,1,158534.99
P028325,2025,1,23697.43
P028330,2025,1,11529.55
P028331,2025,1,15897.95
P028333,2025,1,0
P028335,2025,1,30515.66
P028337,2025,1,27402.06
P028339,2025,1,38918.89
P028341,2025,1,28551.7
P028342,2025,1,33146
P028344,2025,1,17399.52
P028346,2025,1,23754.63
P028352,2025,1,60273.8
P028353,2025,1,33121.06
P028356,2025,1,32382.72
P028358,2025,1,19836.87
P028359,2025,1,26977.83
P028360,2025,1,43984.48
P028361,2025,1,53015.89
P028365,2025,1,27767.87
P028366,2025,1,43919.19
P028368,2025,0,0
P028369,2025,1,19824.01
P028371,2025,1,51199.63
P028372,2025,1,54314.98
P028373,2025,1,12024.1
P028375,2025,1,34468.82
P028396,2025,1,17239.51
P028399,2025,1,26931.8
P028402,2025,1,35019.6
P028409,2025,1,48329.12
P028410,2025,1,53994.02
P028413,2025,1,23779.94
P028414,2025,1,23942.27
P028416,2025,1,13169.82
P028422,2025,1,17930.44
P028425,2025,1,54741.24
P028426,2025,1,7060.03
P028428,2025,1,33306.37
P028434,2025,1,48344.75
P028435,2025,1,35595.35
P028440,2025,1,51572.17
P028448,2025,1,56602.61
P028450,2025,1,43523.78
P028451,2025,1,19697.8
P028452,2025,1,36584.58
P028453,2025,1,15115.33
P028454,2025,1,31444.83
P028455,2025,1,26956.16
P028456,2025,1,10668.58
P028457,2025,1,86069.72
P028462,2025,1,16316.77
P028466,2025,1,36781.51
P028469,2025,1,27269.33
P028470,2025,1,41217.86
P028471,2025,1,71367
P028473,2025,1,10933.48
P028476,2025,1,45637.29
P028478,2025,1,13030.73
P028480,2025,1,19916.3
P028482,2025,1,6355.57
P028485,2025,1,12616.15
P028491,2025,1,70249.57
P028492,2025,1,NA
P028494,2025,1,46385.73
P028495,2025,1,44439.38
P028498,2025,1,62225.57
P028499,2025,1,37665.21
P028503,2025,1,22447.12
P028504,2025,1,14584.9
P028506,2025,1,57485.53
P028507,2025,1,25483.91
P028509,2025,1,20003.6
P028510,2025,1,51171.87
P028514,2025,1,28382.31
P028518,2025,1,15372.54
P028519,2025,1,27565.47
P028520,2025,1,13257.02
P028523,2025,1,13297.58
P028528,2025,1,17202.4
P028529,2025,1,42266.15
P028530,2025,1,87158.98
P028531,2025,1,23097.81
P028533,2025,1,56984.84
P028539,2025,1,19097.57
P028545,2025,1,57657.54
P028547,2025,1,48826.81
P028548,2025,1,30786.04
P028552,2025,1,36838.38
P028555,2025,1,81593.9
P028556,2025,1,76344.09
P028558,2025,1,21351.97
P028559,2025,1,30617.07
P028562,2025,1,145863.24
P028563,2025,1,40663.83
P028564,2025,1,31299.84
P028565,2025,1,16543.07
P028570,2025,1,32907.28
P028576,2025,1,10413.19
P028578,2025,1,44039.85
P028586,2025,1,30880.77
P028588,2025,1,24698.14
P028590,2025,1,6805.98
P028592,2025,1,34791.15
P028599,2025,1,33289.64
P028600,2025,1,23197.82
P028602,2025,1,52018.15
P028606,2025,1,56089.39
P028608,2025,1,11854.91
P028610,2025,1,21459.38
P028612,2025,1,17249.34
P028615,2025,1,44020.41
P028616,2025,1,23507.43
P028617,2025,1,20473.15
P028618,2025,1,45142.73
P028619,2025,1,7949.07
P028623,2025,1,34115.42
P028625,2025,1,63038.3
P028628,2025,1,27081.26
P028633,2025,1,35961.76
P028635,2025,1,40347.16
P028636,2025,1,15965.69
P028637,2025,1,11005.51
P028638,2025,1,27078.38
P028640,2025,1,11701.84
P028645,2025,1,18454.86
P028647,2025,1,56512.22
P028649,2025,1,29127.36
P028656,2025,1,30968.06
P028658,2025,1,15494.17
P028659,2025,1,20804.51
P028661,2025,1,62954.67
P028668,2025,1,16759.64
P028669,2025,1,25539.11
P028672,2025,1,50871.29
P028673,2025,1,43918.68
P028675,2025,1,14231.55
P028676,2025,1,96107.42
P028678,2025,1,50276.23
P028681,2025,1,51773.67
P028685,2025,1,30493.76
P028689,2025,1,5646.99
P028690,2025,1,NA
P028694,2025,1,38046.09
P028695,2025,1,19029.58
P028700,2025,1,60416.7
P028702,2025,1,56008
P028708,2025,1,40540.28
P028710,2025,1,44379.52
P028711,2025,1,9939.56
P028713,2025,1,16608.87
P028720,2025,1,67081.27
P028722,2025,1,57761.25
P028723,2025,1,27787.5
P028724,2025,1,19155.09
P028725,2025,1,0
P028727,2025,1,26152.01
P028728,2025,1,95853.73
P028730,2025,1,28131.69
P028735,2025,1,NA
P028738,2025,1,21571
P028739,2025,1,16882.13
P028742,2025,1,44904.2
P028744,2025,1,19159.73
P028747,2025,1,12645.56
P028749,2025,1,16195.12
P028752,2025,1,17987.55
P028755,2025,1,56882.25
P028756,2025,1,11454.31
P028767,2025,1,14397.39
P028769,2025,1,15498.87
P028773,2025,1,46388.5
P028774,2025,1,63059.77
P028775,2025,1,13830.99
P028779,2025,1,15927.74
P028784,2025,1,36945.79
P028785,2025,1,16859.15
P028787,2025,1,12160.24
P028788,2025,1,10859.97
P028790,2025,1,18859.59
P028791,2025,1,43356.16
P028793,2025,1,21056.71
P028796,2025,1,43395.21
P028805,2025,1,32666.5
P028806,2025,1,38512.1
P028808,2025,1,83482.1
P028809,2025,1,26388.36
P028810,2025,0,0
P028811,2025,1,22310.05
P028815,2025,1,28615.02
P028818,2025,1,27145.6
P028820,2025,1,35675.12
P028821,2025,1,50634.98
P028823,2025,0,0
P028828,2025,1,63126.03
P028829,2025,1,30849.36
P028831,2025,1,36213.91
P028832,2025,1,57214.6
P028833,2025,1,23056.69
P028835,2025,1,4085.15
P028837,2025,1,35955.6
P028838,2025,1,34943.06
P028840,2025,1,28396.13
P028844,2025,1,14026.55
P028845,2025,1,7078.64
P028847,2025,1,105015.88
P028848,2025,1,31463.2
P028851,2025,1,70291
P028852,2025,1,34989.94
P028854,2025,1,21286.83
P028856,2025,1,6508.1
P028857,2025,1,32017.18
P028867,2025,1,15730.36
P028869,2025,1,24824.81
P028870,2025,1,28524
P028871,2025,1,18100.2
P028872,2025,1,21434.78
P028875,2025,1,12359.75
P028878,2025,1,15499.26
P028879,2025,1,87697.73
P028886,2025,1,97693.44
P028888,2025,1,34602.42
P028889,2025,1,39777.12
P028890,2025,1,15786.31
P028891,2025,1,10203.47
P028893,2025,1,40869.48
P028896,2025,1,37341.79
P028899,2025,1,29585.73
P028903,2025,1,37343.85
P028908,2025,1,9017.49
P028910,2025,1,17397.72
P028912,2025,1,18344.05
P028913,2025,1,25212.32
P028914,2025,1,30157.11
P028915,2025,1,21719.51
P028919,2025,1,42865.38
P028921,2025,1,22092.86
P028922,2025,1,32167.39
P028923,2025,1,24139.71
P028925,2025,1,7152.54
P028927,2025,1,67274.97
P028929,2025,1,22046.93
P028934,2025,1,10795.89
P028935,2025,1,11871.44
P028937,2025,1,29467.14
P028939,2025,1,27503.1
P028940,2025,1,29510.93
P028941,2025,1,32763.25
P028942,2025,1,37647.67
P028943,2025,1,32655.33
P028947,2025,1,61535.42
P028948,2025,1,39383.41
P028949,2025,1,27373.03
P028950,2025,1,117065.67
P028953,2025,1,10257.59
P028957,2025,1,15469.38
P028960,2025,1,50910.81
P028963,2025,1,63644.41
P028967,2025,1,66797.74
P028968,2025,1,15520.65
P028971,2025,1,26849.09
P028973,2025,1,63829.05
P028976,2025,1,27500.91
P028977,2025,0,0
P028979,2025,1,46131.05
P028980,2025,1,33934.34
P028986,2025,1,31814.9
P028990,2025,1,31804.03
P028992,2025,1,66359.11
P028995,2025,1,8312.13
P028997,2025,1,38288.36
P028999,2025,1,85747.45
P029000,2025,1,28974.99
P029001,2025,1,19656.53
P029002,2025,1,34689.98
P029007,2025,1,35853.88
P029008,2025,1,83762.45
P029009,2025,1,59942.15
P029010,2025,1,19881.89
P029011,2025,1,40498.29
P029012,2025,1,7247.4
P029014,2025,1,78884.3
P029015,2025,1,8043
P029018,2025,1,18581.95
P029024,2025,1,55059.82
P029025,2025,1,17453.3
P029026,2025,1,28503.77
P029027,2025,1,35748.74
P029028,2025,1,49259.97
P029031,2025,1,13283.06
P029034,2025,1,48294.54
P029035,2025,1,37568.73
P029041,2025,1,11185.4
P029042,2025,1,30908.42
P029043,2025,1,43301.05
P029045,2025,1,32299.48
P029050,2025,1,52073.8
P029051,2025,1,15519.57
P029052,2025,1,43583.25
P029054,2025,1,45525.08
P029056,2025,1,60339.42
P029060,2025,1,39779.02
P029063,2025,1,7683.84
P029065,2025,1,18359.84
P029066,2025,1,121507.02
P029068,2025,1,32840.4
P029070,2025,1,12338.48
P029071,2025,1,16633.85
P029074,2025,1,17000.74
P029080,2025,1,9611.23
P029081,2025,1,7982.96
P029083,2025,1,52422.58
P029085,2025,1,27265.67
P029086,2025,1,13544.21
P029087,2025,1,37150.95
P029088,2025,1,38328.42
P029091,2025,1,43875.56
P029097,2025,1,65161.76
P029105,2025,1,10101.34
P029110,2025,1,25787.73
P029111,2025,1,30996.13
P029112,2025,1,13144.91
P029113,2025,1,29208.44
P029115,2025,1,75891.04
P029116,2025,1,14104.19
P029117,2025,1,25963.48
P029118,2025,1,13670.25
P029122,2025,0,0
P029123,2025,1,58174.19
P029124,2025,1,47602.78
P029128,2025,1,11161.34
P029132,2025,1,33067.12
P029133,2025,1,24021.5
P029135,2025,1,12259.94
P029137,2025,1,31238.57
P029138,2025,1,20266.66
P029139,2025,1,12326.04
P029140,2025,1,33776.36
P029143,2025,1,47735.53
P029144,2025,1,41179.25
P029146,2025,1,41385.97
P029147,2025,1,48308.22
P029148,2025,1,43554.47
P029155,2025,1,20852.09
P029156,2025,1,42523.06
P029157,2025,1,25896.96
P029158,2025,1,42443.91
P029164,2025,1,12449.67
P029165,2025,1,8233.38
P029168,2025,1,45057.35
P029173,2025,1,27667.13
P029176,2025,1,37375.15
P029177,2025,0,0
P029180,2025,1,48526.43
P029181,2025,1,15744.02
P029182,2025,1,69256.27
P029183,2025,1,45926.09
P029184,2025,1,44570.56
P029187,2025,1,40723.55
P029188,2025,1,NA
P029190,2025,1,3119.61
P029191,2025,1,104058.67
P029192,2025,1,14547.9
P029194,2025,1,22978.93
P029201,2025,1,23433.07
P029203,2025,1,16744.11
P029208,2025,1,13838.33
P029209,2025,1,39811.71
P029210,2025,1,17731.64
P029214,2025,1,54239.28
P029215,2025,1,32747.99
P029218,2025,1,52929.54
P029220,2025,1,18830.7
P029221,2025,1,37047.76
P029222,2025,1,28815.1
P029223,2025,1,13686.48
P029225,2025,1,25385.24
P029226,2025,1,62583.96
P029228,2025,1,22490.67
P029229,2025,1,10959.51
P029231,2025,1,21259.48
P029236,2025,1,18271.14
P029240,2025,1,6059.8
P029242,2025,1,22358.64
P029243,2025,1,92948.03
P029244,2025,1,46717.99
P029245,2025,1,42436.65
P029248,2025,1,20788.14
P029250,2025,1,23692.01
P029251,2025,1,5420.92
P029255,2025,1,16536.39
P029256,2025,1,9559.79
P029261,2025,1,39022.65
P029263,2025,1,21036.36
P029269,2025,1,20195.94
P029271,2025,1,32058.69
P029274,2025,1,75531.75
P029275,2025,1,39674.16
P029276,2025,1,33905.9
P029278,2025,1,18007.52
P029279,2025,1,50014.11
P029282,2025,1,22204.2
P029284,2025,1,33107.87
P029286,2025,1,74754.88
P029287,2025,1,36691.34
P029289,2025,1,16869.09
P029292,2025,1,34801.51
P029298,2025,1,28328.81
P029299,2025,1,34357.96
P029300,2025,1,54762.88
P029301,2025,1,34755.9
P029302,2025,1,61809.24
P029304,2025,1,19564.06
P029305,2025,1,37033.62
P029306,2025,1,15715.59
P029307,2025,1,34345.95
P029310,2025,1,36662.93
P029311,2025,1,36952.38
P029312,2025,1,26447.37
P029320,2025,1,31255.86
P029322,2025,1,15816.94
P029325,2025,1,NA
P029336,2025,1,32819.35
P029337,2025,0,0
P029338,2025,1,12876.66
P029340,2025,1,25737.16
P029341,2025,1,18344.46
P029345,2025,1,87082.48
P029347,2025,1,80310.12
P029349,2025,1,32408.16
P029350,2025,1,79904.72
P029355,2025,1,51240.42
P029359,2025,1,35694.65
P029362,2025,1,24742.2
P029364,2025,1,48671.93
P029365,2025,1,75698.21
P029368,2025,1,7727.64
P029369,2025,1,52503.09
P029370,2025,1,44941.4
P029371,2025,1,32500.87
P029372,2025,1,11086.31
P029373,2025,1,26611.23
P029375,2025,1,12509.71
P029377,2025,1,40982.94
P029378,2025,1,19643.56
P029379,2025,1,30642.19
P029383,2025,1,59091.24
P029384,2025,1,26899.76
P029385,2025,1,10593.76
P029387,2025,1,31434.13
P029389,2025,1,31551.47
P029392,2025,1,45475.64
P029395,2025,1,19579.63
P029396,2025,1,57884.64
P029399,2025,1,49535.08
P029403,2025,1,11758.64
P029408,2025,1,14608.8
P029409,2025,1,0
P029412,2025,1,45791.21
P029413,2025,1,36178.6
P029415,2025,1,10221.19
P029419,2025,1,22590.98
P029421,2025,1,41706.46
P029423,2025,1,29653.45
P029427,2025,1,34986.96
P029429,2025,1,23902.52
P029431,2025,1,28632.59
P029433,2025,1,21446.44
P029434,2025,1,18714.2
P029435,2025,1,46633.85
P029437,2025,1,19810.76
P029444,2025,1,6770.6
P029445,2025,1,29486.87
P029450,2025,1,58860.22
P029454,2025,1,25290.99
P029459,2025,1,14101.95
P029460,2025,1,73799.78
P029461,2025,1,13158.93
P029464,2025,1,33692.14
P029467,2025,1,175228.38
P029470,2025,1,35015.34
P029472,2025,1,46278.39
P029473,2025,1,26399.82
P029481,2025,1,30386.71
P029491,2025,1,12820.39
P029494,2025,1,53611.71
P029498,2025,1,49200.75
P029501,2025,1,7653.99
P029503,2025,1,64558.01
P029504,2025,1,65982.84
P029507,2025,1,10078.75
P029508,2025,1,75309.85
P029516,2025,1,61869.26
P029519,2025,1,29346.04
P029521,2025,1,43252.42
P029523,2025,1,46762.97
P029524,2025,1,52800.18
P029525,2025,1,NA
P029532,2025,1,51726.63
P029534,2025,1,18889.38
P029535,2025,1,12217.31
P029537,2025,1,20125.72
P029538,2025,1,10414.31
P029542,2025,1,56491.98
P029549,2025,1,71902.53
P029552,2025,1,24197.08
P029557,2025,1,42869.43
P029559,2025,1,191796.7
P029560,2025,1,22649.24
P029561,2025,1,28127.29
P029563,2025,1,9304.7
P029565,2025,1,8582.34
P029569,2025,1,59572.07
P029570,2025,1,6930.42
P029571,2025,1,73634.03
P029574,2025,1,28573.89
P029575,2025,1,19294.19
P029576,2025,1,37736.89
P029577,2025,1,25120.35
P029580,2025,1,27464.07
P029581,2025,1,49346.39
P029583,2025,0,0
P029584,2025,1,23992.73
P029586,2025,1,16257.63
P029589,2025,1,66553.74
P029590,2025,1,23923.52
P029591,2025,1,100180.43
P029592,2025,1,19137
P029594,2025,1,38114.78
P029597,2025,1,18268.37
P029598,2025,1,37182.95
P029599,2025,1,14574.11
P029600,2025,1,95534.89
P029602,2025,1,33447.1
P029612,2025,1,18807.17
P029615,2025,1,6207.52
P029621,2025,1,5707.51
P029623,2025,1,31661.69
P029627,2025,1,10226.63
P029630,2025,1,20401.21
P029631,2025,1,40631.49
P029638,2025,0,0
P029643,2025,1,NA
P029647,2025,1,43607.38
P029649,2025,1,5597.87
P029651,2025,1,19910.55
P029652,2025,1,26941.56
P029653,2025,1,27828.17
P029654,2025,1,38980.02
P029655,2025,0,0
P029656,2025,1,41962.59
P029657,2025,1,10483.73
P029659,2025,1,45219.57
P029660,2025,1,63583.54
P029661,2025,1,29498.61
P029663,2025,1,26179.17
P029664,2025,1,47758.9
P029665,2025,1,76533.41
P029666,2025,1,31701.19
P029669,2025,1,35870.09
P029671,2025,1,25353.8
P029672,2025,1,14399.25
P029673,2025,1,70711.68
P029674,2025,1,21893.78
P029675,2025,1,21878.38
P029686,2025,1,12067.62
P029695,2025,1,32451.1
P029696,2025,1,33121.06
P029698,2025,1,48372.49
P029699,2025,1,29559.19
P029702,2025,1,32416.02
P029704,2025,1,97671.95
P029708,2025,1,46355.36
P029710,2025,1,58337.14
P029713,2025,1,65342.56
P029715,2025,1,4119.72
P029716,2025,1,46300.61
P029723,2025,1,30629.39
P029724,2025,1,30809.98
P029725,2025,1,30265.6
P029727,2025,1,8937.15
P029728,2025,1,35326.81
P029732,2025,1,18766.17
P029734,2025,1,37427.17
P029740,2025,1,18922.7
P029743,2025,1,60071.33
P029748,2025,1,26122.27
P029750,2025,1,48699.45
P029752,2025,1,20972.61
P029755,2025,1,80746.41
P029757,2025,1,6981.04
P029759,2025,1,72707.54
P029761,2025,1,53272.82
P029762,2025,1,17019.3
P029764,2025,1,NA
P029766,2025,1,31513.74
P029767,2025,1,15644.85
P029769,2025,1,14597.33
P029773,2025,1,22724.37
P029774,2025,1,0
P029775,2025,1,61922.69
P029776,2025,1,37775.08
P029777,2025,1,18509.49
P029778,2025,1,18061.64
P029779,2025,1,25619.53
P029780,2025,1,21127.62
P029781,2025,1,81560.18
P029784,2025,1,14979.51
P029787,2025,1,9656.71
P029789,2025,1,10636.55
P029793,2025,1,34149.29
P029795,2025,1,42037.86
P029805,2025,1,17074.6
P029806,2025,1,51873.31
P029807,2025,1,26268.6
P029809,2025,1,16583.99
P029811,2025,1,44263.83
P029819,2025,1,19462.26
P029820,2025,1,49927.53
P029822,2025,1,95556.18
P029823,2025,1,27887.88
P029824,2025,1,18668.48
P029825,2025,1,43450.85
P029826,2025,1,27473.96
P029829,2025,1,10761.57
P029830,2025,1,69807.94
P029832,2025,1,13121.49
P029835,2025,1,23875.4
P029840,2025,1,20511.36
P029841,2025,1,16172.8
P029848,2025,1,-26380.21
P029849,2025,1,36955.9
P029851,2025,1,55817.16
P029852,2025,1,24521.19
P029859,2025,1,72157.37
P029863,2025,1,5712.11
P029865,2025,1,15583.8
P029866,2025,1,12599.92
P029870,2025,1,33722.04
P029871,2025,1,18267.42
P029875,2025,1,18880.62
P029876,2025,1,50833.5
P029881,2025,1,30919.64
P029883,2025,1,21108.19
P029887,2025,1,23686.84
P029888,2025,1,28709.22
P029891,2025,1,104688.92
P029894,2025,1,26636.07
P029898,2025,1,20756.66
P029899,2025,1,17988.78
P029904,2025,1,34124.17
P029906,2025,1,40576.56
P029908,2025,1,68249.32
P029910,2025,1,59707.52
P029911,2025,1,63899.99
P029921,2025,1,14674.63
P029925,2025,1,25596.62
P029926,2025,1,32549.63
P029928,2025,1,61772.06
P029930,2025,1,19967.82
P029933,2025,1,27686.36
P029934,2025,1,15792.01
P029937,2025,1,33618.07
P029939,2025,1,27962.04
P029944,2025,1,61996.88
P029945,2025,1,8220.93
P029955,2025,1,39940.19
P029957,2025,1,18331.86
P029960,2025,1,18009.67
P029961,2025,1,30277.44
P029962,2025,1,19793.78
P029963,2025,1,9291.2
P029964,2025,1,25803.56
P029966,2025,1,22862.36
P029969,2025,1,19837.87
P029970,2025,1,61016.64
P029971,2025,1,70586.17
P029972,2025,1,29984.69
P029973,2025,1,18105.06
P029976,2025,1,16543.7
P029977,2025,1,117887.02
P029978,2025,1,75356.55
P029980,2025,1,34379.12
P029985,2025,1,59297.4
P029986,2025,1,56689.55
P029989,2025,1,37417.81
P029990,2025,1,24694.61
P029994,2025,1,29991.78
P029996,2025,1,15422.97
P029997,2025,1,64490.08
P029999,2025,1,26061.7
P030000,2025,1,35032.66
P030003,2025,1,48868.12
P030007,2025,1,23368.69
P030008,2025,1,22395.94
P030010,2025,1,16946.24
P030011,2025,1,19228.6
P030012,2025,1,7469.74
P030015,2025,0,0
P030016,2025,1,31282.69
P030020,2025,1,26737.39
P030022,2025,1,36141.95
P030023,2025,1,25837.04
P030024,2025,1,54115.49
P030026,2025,1,24549.2
P030027,2025,1,14379.6
P030029,2025,1,46376.57
P030032,2025,1,16056.31
P030035,2025,1,19947.91
P030037,2025,1,26256.59
P030043,2025,1,141291.94
P030044,2025,1,8728.07
P030045,2025,1,32640.65
P030048,2025,1,5376.44
P030050,2025,1,7615.54
P030051,2025,1,65424.68
P030053,2025,1,15370.28
P030054,2025,1,70695.53
P030056,2025,1,25633.06
P030062,2025,1,110345.68
P030067,2025,1,0
P030068,2025,1,NA
P030069,2025,0,0
P030071,2025,1,20729.71
P030074,2025,1,48413.69
P030075,2025,1,19520.51
P030077,2025,1,12592.4
P030078,2025,1,9864.42
P030079,2025,1,NA
P030084,2025,1,19747.19
P030086,2025,1,34867.67
P030088,2025,1,34350.69
P030090,2025,1,22408.13
P030092,2025,1,46578.83
P030094,2025,1,20919.68
P030095,2025,1,26210.29
P030098,2025,1,71572.01
P030099,2025,1,28502.03
P030101,2025,1,9657.81
P030104,2025,1,19660.35
P030105,2025,1,39358.52
P030109,2025,1,46788.32
P030110,2025,1,72634.06
P030116,2025,1,60112.34
P030117,2025,1,20865.85
P030119,2025,1,74547.99
P030123,2025,1,31193.79
P030128,2025,1,20983.69
P030129,2025,1,34117.56
P030133,2025,1,17556.57
P030136,2025,1,20063
P030142,2025,1,18143.88
P030145,2025,1,24560.87
P030147,2025,1,23732.41
P030148,2025,1,42444.62
P030149,2025,1,77406.4
P030152,2025,1,35872.83
P030153,2025,1,17388.56
P030155,2025,1,68705.18
P030157,2025,1,24168.39
P030159,2025,1,48804.86
P030160,2025,1,20259.15
P030163,2025,1,92641.33
P030164,2025,1,98188.62
P030165,2025,1,25762.86
P030167,2025,1,10118.24
P030168,2025,1,9917.85
P030172,2025,1,13987.71
P030174,2025,1,11139.46
P030176,2025,1,91786.06
P030179,2025,1,37092.09
P030183,2025,1,47469.64
P030184,2025,1,18336.11
P030185,2025,1,32723.75
P030186,2025,1,62075.81
P030188,2025,1,32282.76
P030197,2025,1,13968.66
P030200,2025,1,25073.6
P030201,2025,1,NA
P030202,2025,1,36820.82
P030205,2025,1,14406.84
P030207,2025,1,118098.37
P030208,2025,1,14531.87
P030210,2025,1,8512.3
P030212,2025,1,55265.35
P030213,2025,1,12458.83
P030214,2025,1,18627.17
P030215,2025,1,25318.11
P030217,2025,1,9683.1
P030221,2025,1,34150.98
P030224,2025,1,20144.32
P030225,2025,1,35827.33
P030228,2025,1,23530.58
P030232,2025,1,12987.31
P030236,2025,1,10687.62
P030240,2025,1,10996.48
P030241,2025,1,31964.63
P030242,2025,1,49021.29
P030244,2025,1,12639.71
P030245,2025,1,28552.92
P030247,2025,1,21648.91
P030251,2025,1,57350.92
P030256,2025,1,9516.33
P030259,2025,1,-7484.62
P030260,2025,1,53050.61
P030261,2025,1,57454.21
P030263,2025,1,19025.08
P030264,2025,1,23006.49
P030265,2025,1,8880.78
P030269,2025,1,44810.68
P030270,2025,1,5531.79
P030273,2025,1,12182.94
P030275,2025,1,4899.13
P030277,2025,1,23644.29
P030279,2025,1,18126.3
P030285,2025,1,33167.84
P030288,2025,1,12412.04
P030290,2025,1,14701.9
P030292,2025,1,38593.06
P030296,2025,1,53364.4
P030298,2025,1,9056.97
P030299,2025,1,40029.93
P030300,2025,1,9485.07
P030302,2025,1,9339.19
P030303,2025,1,12975.82
P030304,2025,1,38015.18
P030305,2025,1,14629.18
P030306,2025,1,44612.78
P030311,2025,1,14836.79
P030312,2025,1,22610.26
P030313,2025,1,12083.05
P030314,2025,1,35236.8
P030315,2025,1,30021.66
P030319,2025,1,53869.36
P030321,2025,1,31273.61
P030322,2025,1,14783.95
P030323,2025,1,8736.29
P030329,2025,1,46163.89
P030330,2025,1,39184.83
P030333,2025,1,13672.21
P030336,2025,1,53884.66
P030337,2025,1,30066.16
P030338,2025,1,32704.73
P030339,2025,1,41779.15
P030341,2025,1,26548.2
P030344,2025,1,22541.1
P030347,2025,1,26991.99
P030349,2025,1,41552.98
P030351,2025,1,9446.68
P030352,2025,1,63009.26
P030356,2025,1,30488.69
P030358,2025,1,102332.51
P030364,2025,1,17877.61
P030366,2025,1,9635.72
P030368,2025,1,30861.26
P030370,2025,1,17875.27
P030372,2025,1,28099.73
P030373,2025,1,26468.04
P030374,2025,1,65252.56
P030377,2025,1,23339.26
P030382,2025,1,35785.35
P030387,2025,1,20279.12
P030391,2025,1,16915.19
P030394,2025,1,18651.64
P030398,2025,1,41469.58
P030406,2025,1,23400.93
P030408,2025,1,59723.1
P030412,2025,1,11915.1
P030414,2025,1,15475.14
P030415,2025,1,68441.65
P030424,2025,1,58513.63
P030425,2025,1,73706.81
P030428,2025,1,NA
P030429,2025,1,111852.42
P030430,2025,1,18534.91
P030431,2025,1,83583.59
P030433,2025,1,6899.94
P030436,2025,1,28707.19
P030440,2025,1,68727.4
P030441,2025,1,33953.78
P030442,2025,1,15636.45
P030443,2025,0,0
P030444,2025,1,31384.81
P030445,2025,0,0
P030446,2025,1,26463.52
P030456,2025,1,108710.32
P030458,2025,1,50627.15
P030462,2025,1,73445.87
P030463,2025,1,49651.77
P030468,2025,1,15832.23
P030469,2025,1,16872.04
P030470,2025,1,17752.28
P030472,2025,1,50641.31
P030475,2025,1,54786.23
P030476,2025,1,26950.27
P030483,2025,1,42015.99
P030484,2025,0,0
P030487,2025,1,23758.44
P030488,2025,1,54859.68
P030489,2025,0,-0
P030490,2025,1,76373.22
P030491,2025,1,20100.49
P030493,2025,1,38865.53
P030494,2025,1,4328.46
P030495,2025,1,74408.17
P030496,2025,1,8303.57
P030499,2025,1,33455.21
P030503,2025,1,22977.64
P030505,2025,1,45203.75
P030506,2025,1,18826.57
P030507,2025,1,39953.77
P030511,2025,1,37856.59
P030514,2025,1,67717.83
P030517,2025,1,25967.9
P030518,2025,1,16791.95
P030519,2025,1,69141.3
P030520,2025,1,62771.66
P030521,2025,1,49205.07
P030522,2025,1,30528.98
P030526,2025,1,49028.98
P030527,2025,1,20457.36
P030530,2025,1,14775.87
P030538,2025,1,42954.53
P030539,2025,1,30212.7
P030542,2025,1,82465.56
P030547,2025,1,28943.25
P030548,2025,1,11602.43
P030551,2025,1,16380.25
P030552,2025,1,26548.99
P030555,2025,1,11166.59
P030556,2025,1,12284.49
P030561,2025,1,13319.72
P030562,2025,1,26214.03
P030564,2025,1,18295.37
P030565,2025,1,NA
P030567,2025,1,18802.57
P030568,2025,1,44164.15
P030569,2025,1,40045.5
P030570,2025,1,49058.87
P030571,2025,1,30897.01
P030574,2025,1,14577.6
P030576,2025,1,43755.38
P030579,2025,1,16897.17
P030583,2025,1,-9421.06
P030588,2025,1,33418.79
P030590,2025,1,34975.77
P030592,2025,1,9400.16
P030594,2025,1,28702.39
P030596,2025,1,44054.4
P030598,2025,1,40047.49
P030600,2025,1,25412.06
P030604,2025,1,58765.26
P030607,2025,1,30392.68
P030611,2025,1,64996.09
P030613,2025,1,61761.84
P030618,2025,1,64827.25
P030620,2025,1,22061.29
P030622,2025,1,54643.17
P030624,2025,1,49497.04
P030625,2025,1,15570.63
P030629,2025,1,25403.26
P030630,2025,0,0
P030631,2025,1,16020.06
P030632,2025,1,30334.01
P030635,2025,1,44726.69
P030637,2025,1,10326.84
P030638,2025,1,12953.51
P030641,2025,1,52663.22
P030645,2025,1,41144
P030649,2025,1,36569.62
P030650,2025,1,16207.7
P030652,2025,1,44606.18
P030655,2025,1,102367.11
P030658,2025,1,5808.39
P030660,2025,1,12680.32
P030661,2025,1,29397.31
P030664,2025,1,12970.8
P030667,2025,1,42781.96
P030671,2025,1,29565.81
P030672,2025,1,49065.45
P030673,2025,1,17559.16
P030677,2025,1,16612.76
P030679,2025,1,15701.35
P030685,2025,1,24855.89
P030687,2025,1,43421.3
P030688,2025,1,30625.64
P030689,2025,1,13432.78
P030697,2025,1,30781.06
P030698,2025,1,39058.69
P030700,2025,1,37205.91
P030701,2025,1,16734.9
P030703,2025,1,43366.08
P030707,2025,1,123375.89
P030709,2025,1,8161.78
P030714,2025,1,21267
P030715,2025,1,60103.89
P030720,2025,1,32149.8
P030722,2025,1,0
P030728,2025,1,47547.56
P030729,2025,1,27627.32
P030732,2025,1,-28541.25
P030734,2025,1,46101.7
P030735,2025,1,25936.94
P030736,2025,1,36716.57
P030737,2025,1,22662.39
P030740,2025,1,42345.01
P030741,2025,1,9293.08
P030745,2025,1,21249.59
P030746,2025,1,20648.48
P030750,2025,1,7752.11
P030752,2025,1,91338.37
P030761,2025,1,29642.54
P030768,2025,1,68553.21
P030769,2025,0,0
P030772,2025,1,18215.08
P030775,2025,1,93920.21
P030781,2025,1,67293.92
P030785,2025,1,26099.34
P030786,2025,1,19253.59
P030790,2025,1,29756.68
P030791,2025,1,17959.1
P030794,2025,1,166736.03
P030796,2025,1,27951.86
P030797,2025,1,29971
P030798,2025,1,57351.64
P030799,2025,1,53498.78
P030800,2025,1,59678.94
P030801,2025,0,0
P030804,2025,1,30965.06
P030805,2025,1,34210.27
P030806,2025,1,21198.94
P030807,2025,1,10233.87
P030808,2025,1,32383.67
P030810,2025,1,35886.08
P030812,2025,1,50783.77
P030816,2025,1,14958.54
P030818,2025,1,16985.29
P030822,2025,1,50608.46
P030824,2025,1,17019.82
P030825,2025,1,5239.38
P030826,2025,1,0
P030828,2025,1,28621.72
P030831,2025,1,50425.36
P030832,2025,1,14394.53
P030833,2025,1,24407.31
P030834,2025,1,17243.87
P030835,2025,1,43535.47
P030839,2025,1,8993.8
P030844,2025,1,35333.38
P030845,2025,1,12847.77
P030846,2025,1,19880.69
P030851,2025,1,119010.03
P030852,2025,1,24728.86
P030853,2025,1,22033.78
P030854,2025,1,10889.37
P030858,2025,1,7638.98
P030859,2025,1,64907.52
P030861,2025,1,28918.32
P030863,2025,1,33361.72
P030864,2025,1,72208.03
P030867,2025,1,31631.66
P030868,2025,1,14419.16
P030869,2025,1,12365.78
P030870,2025,1,80011.71
P030871,2025,1,26248.69
P030873,2025,1,49355.11
P030874,2025,1,35428.32
P030875,2025,1,18258.93
P030876,2025,1,19167.09
P030880,2025,1,17364.81
P030881,2025,1,43066.04
P030886,2025,1,28016.49
P030887,2025,1,29123.84
P030890,2025,1,16308.26
P030894,2025,1,57964.68
P030895,2025,1,18673.61
P030897,2025,1,14518.03
P030898,2025,1,89677.1
P030899,2025,1,81511.19
P030900,2025,1,20767.3
P030905,2025,1,12340.19
P030906,2025,1,27439.02
P030907,2025,1,10903.02
P030909,2025,1,34513.36
P030910,2025,1,17032.03
P030913,2025,1,86983.21
P030915,2025,1,55235.97
P030916,2025,1,27053.35
P030921,2025,1,17460.89
P030924,2025,1,30395.04
P030927,2025,1,37650.39
P030932,2025,1,12392.69
P030935,2025,1,NA
P030937,2025,1,47560.06
P030939,2025,1,29420.86
P030940,2025,1,55199.47
P030941,2025,1,21398.37
P030945,2025,1,35148.78
P030946,2025,1,23271.83
P030949,2025,1,42850.55
P030950,2025,1,20104.99
P030953,2025,1,12927.72
P030958,2025,1,19812.15
P030960,2025,1,15927.3
P030962,2025,1,29911.11
P030966,2025,1,49924.09
P030971,2025,1,39358.06
P030975,2025,1,24051.74
P030976,2025,1,33673.57
P030977,2025,1,25470.4
P030981,2025,1,59539.33
P030983,2025,1,52928.61
P030984,2025,1,31139.63
P030985,2025,1,22830.73
P030987,2025,1,30492.46
P030989,2025,1,27485.66
P030991,2025,0,-0
P030995,2025,1,31892.35
P030997,2025,1,9129.1
P030998,2025,1,32526.99
P031000,2025,1,10330.9
P031001,2025,1,42553.96
P031002,2025,1,81526.52
P031012,2025,1,23038.71
P031013,2025,1,26363.1
P031017,2025,1,64568.57
P031018,2025,1,15601.79
P031019,2025,1,26693.99
P031020,2025,1,34518.51
P031022,2025,1,22563.55
P031023,2025,1,21743.87
P031026,2025,1,24073.85
P031028,2025,1,45977.9
P031029,2025,1,34136.48
P031034,2025,1,23816.95
P031035,2025,1,24567.83
P031038,2025,1,28250.62
P031039,2025,1,26805.99
P031043,2025,1,26823.81
P031046,2025,1,7149.92
P031047,2025,1,9518.4
P031048,2025,1,112315.47
P031050,2025,1,15248.75
P031053,2025,1,52095.73
P031060,2025,1,28313.1
P031062,2025,1,26945.63
P031063,2025,1,28362.87
P031064,2025,1,47140.03
P031065,2025,1,38244.83
P031068,2025,1,33927.64
P031071,2025,1,23953.09
P031074,2025,1,78057.13
P031083,2025,1,37554.17
P031085,2025,1,15838.42
P031090,2025,1,29565.5
P031093,2025,1,61829.79
P031097,2025,1,15334.62
P031101,2025,1,44174.48
P031106,2025,1,8941.58
P031107,2025,1,12581.01
P031108,2025,0,0
P031110,2025,1,28064.32
P031114,2025,1,60386.74
P031115,2025,1,27325.24
P031116,2025,1,33726.23
P031117,2025,1,25004.52
P031119,2025,1,24808.65
P031122,2025,1,85008.09
P031123,2025,1,9472.94
P031124,2025,1,53388.41
P031125,2025,1,20586.79
P031130,2025,1,27995.94
P031135,2025,1,31479.84
P031146,2025,1,18757.91
P031150,2025,1,77207.1
P031155,2025,1,20941.49
P031157,2025,0,0
P031158,2025,1,60071.41
P031159,2025,1,23563.58
P031161,2025,1,41563.48
P031162,2025,1,17388.51
P031167,2025,1,36743.42
P031168,2025,1,32466.55
P031170,2025,1,47226.94
P031171,2025,1,44982.39
P031175,2025,1,39868.36
P031177,2025,1,64810.9
P031178,2025,1,26529.65
P031180,2025,1,25381.81
P031181,2025,1,48537.37
P031182,2025,1,8828.33
P031186,2025,1,59319.1
P031187,2025,1,6865.75
P031189,2025,1,19893.63
P031191,2025,1,32652.4
P031192,2025,1,13989.67
P031193,2025,1,37057.32
P031198,2025,1,30706.35
P031200,2025,1,15213.56
P031202,2025,1,71152
P031204,2025,1,30296.88
P031205,2025,1,55669.48
P031209,2025,1,17592.39
P031214,2025,1,9600.61
P031216,2025,1,29616.23
P031217,2025,1,21011.3
P031218,2025,1,63080.75
P031221,2025,1,50440.32
P031222,2025,1,13072.82
P031224,2025,1,43934.28
P031227,2025,1,19565.21
P031228,2025,1,8934.86
P031237,2025,1,14434.28
P031238,2025,1,68097.69
P031242,2025,1,24727.32
P031248,2025,1,29897.18
P031250,2025,1,10727.98
P031251,2025,1,52768.81
P031253,2025,1,28059.39
P031254,2025,1,31177.01
P031255,2025,1,10794.04
P031257,2025,1,30276.34
P031259,2025,1,99008.91
P031261,2025,1,21433.99
P031263,2025,1,45350.63
P031264,2025,1,34836.24
P031266,2025,1,37055.89
P031268,2025,1,9999.75
P031270,2025,1,75852.97
P031271,2025,1,14449.82
P031275,2025,1,58539.76
P031276,2025,1,36814.85
P031278,2025,1,17727.48
P031280,2025,1,55095.48
P031283,2025,1,73909.28
P031285,2025,1,19669.31
P031287,2025,1,11022.22
P031289,2025,1,24543.43
P031290,2025,1,31181.63
P031297,2025,1,16169.56
P031305,2025,1,49538.05
P031307,2025,1,59672.3
P031308,2025,1,62852.27
P031309,2025,1,63336.53
P031313,2025,1,19459.83
P031316,2025,1,33426.74
P031318,2025,1,33265.98
P031319,2025,0,0
P031322,2025,1,50832.64
P031325,2025,1,43636.33
P031326,2025,1,92356.99
P031330,2025,1,61007.36
P031334,2025,1,139177.02
P031335,2025,1,127236.8
P031336,2025,1,-45072.83
P031337,2025,1,43938.97
P031338,2025,1,13282.9
P031339,2025,1,44182.6
P031341,2025,1,18347.22
P031342,2025,1,11438.07
P031345,2025,1,13043.36
P031346,2025,1,27744.06
P031347,2025,1,34226.03
P031348,2025,1,20378.45
P031352,2025,1,13814.05
P031355,2025,1,16513.57
P031356,2025,1,27842.55
P031361,2025,1,15180.63
P031362,2025,1,17793.13
P031371,2025,1,36633.13
P031372,2025,1,59730.05
P031373,2025,1,25178.68
P031376,2025,1,23606.29
P031379,2025,1,21100.94
P031381,2025,1,41412.19
P031382,2025,1,36865.7
P031387,2025,1,24998.83
P031388,2025,1,5197.74
P031389,2025,1,24705.78
P031391,2025,1,58195.5
P031399,2025,1,8257.27
P031401,2025,1,8915.86
P031402,2025,1,19909.82
P031403,2025,1,23366.58
P031404,2025,1,49356.68
P031405,2025,1,39216.46
P031406,2025,1,24746.76
P031408,2025,1,39802.17
P031410,2025,1,26177.63
P031411,2025,1,39581.02
P031415,2025,1,14575.74
P031418,2025,1,29832.14
P031420,2025,1,14755.15
P031422,2025,1,7651.36
P031425,2025,1,33725.27
P031430,2025,1,14741.97
P031431,2025,1,10209.9
P031432,2025,1,39226.61
P031434,2025,1,55165.38
P031435,2025,1,31765.56
P031437,2025,1,30261.95
P031439,2025,1,22309.87
P031442,2025,1,12363.82
P031444,2025,1,23542.89
P031445,2025,1,38182.32
P031447,2025,1,25665.27
P031450,2025,1,35621.11
P031451,2025,1,26534.14
P031454,2025,1,21895.22
P031455,2025,1,15233.98
P031456,2025,1,31415.94
P031459,2025,1,39965.29
P031462,2025,1,26927.57
P031464,2025,1,14977.74
P031465,2025,1,36013.77
P031467,2025,1,36958.95
P031471,2025,1,31944.52
P031473,2025,1,15419.57
P031475,2025,1,90844.23
P031479,2025,1,30882.93
P031481,2025,1,18870.69
P031484,2025,1,27661.42
P031485,2025,1,23649.19
P031486,2025,1,51620.43
P031488,2025,1,6900
P031489,2025,1,32909.7
P031491,2025,1,43498.09
P031492,2025,1,42737
P031494,2025,1,37119.11
P031496,2025,1,53105.67
P031504,2025,1,12468.23
P031505,2025,1,56046.27
P031506,2025,1,46948.3
P031507,2025,1,36154.64
P031508,2025,1,24404.42
P031509,2025,1,68087.83
P031511,2025,1,16927.66
P031513,2025,1,65066.2
P031515,2025,1,35439.7
P031516,2025,1,33754.83
P031517,2025,1,44800
P031518,2025,1,45685.46
P031519,2025,1,47188.32
P031521,2025,1,45923.82
P031522,2025,1,33572.59
P031523,2025,1,27875.98
P031527,2025,1,78113.18
P031532,2025,1,42835.3
P031534,2025,1,41001.79
P031535,2025,1,36242.46
P031537,2025,1,9242.46
P031538,2025,1,33593.98
P031540,2025,1,17602.64
P031542,2025,1,32360.24
P031545,2025,1,22951.5
P031546,2025,1,28680.66
P031549,2025,1,102677.39
P031554,2025,1,11843.97
P031555,2025,1,97607.97
P031558,2025,1,31506.41
P031562,2025,1,10241.62
P031564,2025,1,32117.95
P031567,2025,1,50095.77
P031568,2025,1,34300.86
P031571,2025,1,20208
P031573,2025,0,0
P031574,2025,1,38326.51
P031575,2025,1,51158.8
P031577,2025,1,27508.57
P031583,2025,1,26823.1
P031584,2025,1,152537.53
P031585,2025,1,22223.3
P031586,2025,1,117208.7
P031588,2025,1,18260.45
P031593,2025,1,10135.75
P031594,2025,1,46299.72
P031597,2025,1,36661.58
P031603,2025,1,22001.92
P031604,2025,1,29286.77
P031605,2025,1,58545.37
P031607,2025,1,45787.96
P031611,2025,1,40814.96
P031616,2025,1,21433.38
P031631,2025,1,25339.59
P031632,2025,1,33798.37
P031636,2025,1,22122.61
P031637,2025,1,62991.33
P031639,2025,1,44094.27
P031646,2025,1,9091.29
P031647,2025,1,45017.85
P031651,2025,1,22032.97
P031654,2025,1,8895.28
P031655,2025,1,26090.13
P031657,2025,1,40532.73
P031658,2025,1,9998.88
P031661,2025,1,87990.69
P031663,2025,1,15729.75
P031667,2025,1,46925.21
P031670,2025,1,15157.4
P031671,2025,1,13236.75
P031674,2025,1,28107.2
P031677,2025,1,11038.19
P031679,2025,1,10432.14
P031680,2025,1,11967.86
P031681,2025,1,24089.41
P031683,2025,1,25280.72
P031686,2025,1,15449.1
P031690,2025,1,20099.85
P031691,2025,1,9427.68
P031696,2025,1,72443.42
P031699,2025,1,20081.08
P031701,2025,1,23517.01
P031702,2025,1,7530.4
P031706,2025,1,16505.14
P031707,2025,1,20095.13
P031709,2025,1,24749.15
P031713,2025,1,42833.61
P031714,2025,1,96409.84
P031715,2025,1,28047.82
P031717,2025,1,19625.06
P031719,2025,1,43347.34
P031720,2025,1,39935.29
P031726,2025,1,29983.9
P031734,2025,1,32371.59
P031736,2025,1,58789.91
P031741,2025,1,37202.46
P031742,2025,1,47018.15
P031744,2025,1,12864.65
P031745,2025,1,24416.15
P031747,2025,1,88261.98
P031750,2025,1,31548.25
P031751,2025,1,27309.31
P031753,2025,1,12995.87
P031754,2025,1,60587.13
P031756,2025,1,44728.7
P031760,2025,1,12292.84
P031762,2025,1,43428.57
P031766,2025,1,22410.77
P031767,2025,1,16406.06
P031768,2025,1,42145.24
P031770,2025,1,7345.94
P031775,2025,1,-40139.75
P031777,2025,1,75431.51
P031779,2025,1,28588.46
P031781,2025,1,48230.82
P031782,2025,1,21017.7
P031784,2025,1,33162.87
P031788,2025,1,-30429.9
P031789,2025,1,39909.07
P031790,2025,1,36025.07
P031793,2025,1,27048.56
P031794,2025,1,31090.91
P031797,2025,1,20164.37
P031798,2025,1,64098.99
P031799,2025,1,30555.88
P031801,2025,1,25977.55
P031802,2025,1,60842.2
P031803,2025,1,84779.16
P031806,2025,1,54176.5
P031807,2025,1,12585.11
P031808,2025,1,53854.87
P031812,2025,1,20241.72
P031818,2025,1,12455.05
P031821,2025,1,20079.25
P031822,2025,1,40311.34
P031824,2025,1,25282.83
P031826,2025,1,27139.41
P031830,2025,1,50376.1
P031831,2025,1,21033.84
P031834,2025,1,28311.09
P031842,2025,1,28757.22
P031844,2025,1,22379.51
P031846,2025,1,35839.77
P031849,2025,1,22514.32
P031850,2025,1,46048.66
P031851,2025,1,55025.16
P031853,2025,1,38270.64
P031854,2025,1,7542.09
P031856,2025,1,31233.41
P031857,2025,1,45689.19
P031858,2025,1,42207.78
P031860,2025,1,66228.78
P031862,2025,1,30120.3
P031866,2025,1,29627.11
P031875,2025,1,65692.24
P031876,2025,1,52189.45
P031878,2025,1,152242.59
P031880,2025,1,21442.74
P031883,2025,1,14083.42
P031886,2025,1,43112.44
P031888,2025,1,48678.22
P031889,2025,1,8064.75
P031890,2025,1,41399.3
P031901,2025,1,9391.83
P031903,2025,1,24489.99
P031908,2025,1,7695.69
P031910,2025,1,15364.45
P031911,2025,1,73794.79
P031915,2025,1,12731.87
P031918,2025,1,12168.35
P031921,2025,1,24284.03
P031922,2025,1,16390.59
P031923,2025,1,42000.37
P031924,2025,1,21684.46
P031925,2025,1,60079.73
P031926,2025,1,40537.59
P031928,2025,1,32853.5
P031929,2025,1,14295.27
P031930,2025,1,31546.36
P031932,2025,1,54735.34
P031936,2025,1,5408.26
P031940,2025,1,30944.98
P031942,2025,1,NA
P031949,2025,1,27486.8
P031951,2025,1,59014.93
P031952,2025,1,9638.79
P031954,2025,1,34345.91
P031957,2025,1,24291.71
P031959,2025,1,66171.42
P031961,2025,1,17645
P031964,2025,1,21849.79
P031965,2025,1,57194.99
P031968,2025,1,33233.98
P031970,2025,1,50961.62
P031971,2025,1,31547.54
P031973,2025,1,11655.32
P031976,2025,1,56210.66
P031978,2025,1,35042.98
P031979,2025,0,0
P031982,2025,0,0
P031984,2025,1,13244.58
P031986,2025,1,21279.81
P031991,2025,1,27615.39
P031997,2025,1,15321.32
P031999,2025,1,32985
P032002,2025,1,15375.71
P032004,2025,1,33790.73
P032005,2025,1,7335
P032006,2025,1,31439
P032011,2025,1,47139.52
P032012,2025,1,12849.04
P032014,2025,1,18410.02
P032015,2025,1,33996.13
P032018,2025,1,99783.39
P032022,2025,1,81434.49
P032024,2025,1,14838.51
P032026,2025,1,23725.67
P032031,2025,1,47797.17
P032038,2025,1,17574.6
P032039,2025,1,12242.77
P032043,2025,1,39112.9
P032045,2025,1,6827.2
P032046,2025,1,59857.8
P032050,2025,1,34126.19
P032053,2025,1,25758.8
P032055,2025,1,41709.58
P032058,2025,1,14955.84
P032059,2025,1,11088.08
P032061,2025,1,27820.11
P032062,2025,1,19126.65
P032067,2025,1,19870.08
P032068,2025,1,38149.5
P032072,2025,1,64927.24
P032077,2025,1,35011.61
P032078,2025,1,47754.65
P032082,2025,1,80148.51
P032084,2025,1,49760.7
P032085,2025,1,NA
P032087,2025,1,18330.46
P032088,2025,1,14632.57
P032091,2025,1,39511.57
P032092,2025,1,33307.96
P032094,2025,1,17601.91
P032095,2025,1,13298.4
P032098,2025,1,23662.89
P032101,2025,0,0
P032104,2025,1,6414.74
P032108,2025,1,27188.11
P032109,2025,1,48471.96
P032110,2025,1,19098.08
P032113,2025,1,20980.87
P032120,2025,1,24705.51
P032125,2025,1,48975.57
P032129,2025,1,12332.56
P032130,2025,1,43788.47
P032136,2025,1,8659.17
P032141,2025,1,34005.81
P032147,2025,0,0
P032149,2025,1,28866.34
P032151,2025,1,14459.3
P032152,2025,1,49557.26
P032153,2025,1,78527.7
P032156,2025,1,26052.06
P032157,2025,1,9581.55
P032158,2025,1,28770.22
P032159,2025,1,26909.08
P032160,2025,1,59090.59
P032161,2025,1,25514.28
P032162,2025,1,33952.62
P032164,2025,1,45008.16
P032169,2025,1,28553.56
P032171,2025,1,18412.02
P032172,2025,1,78261.02
P032179,2025,1,49678.33
P032182,2025,1,26994.18
P032183,2025,1,49743.66
P032184,2025,1,70250.21
P032186,2025,1,16054.56
P032188,2025,0,0
P032191,2025,1,40902.48
P032192,2025,1,43911.78
P032199,2025,1,105125.66
P032203,2025,1,66593.19
P032204,2025,1,13694.84
P032205,2025,1,68401.92
P032207,2025,1,38957.93
P032208,2025,1,31464.45
P032213,2025,1,15930.32
P032214,2025,1,16778.83
P032215,2025,1,56956.87
P032217,2025,1,17226.51
P032218,2025,1,29795.74
P032220,2025,1,NA
P032221,2025,1,40947.8
P032224,2025,1,26569.14
P032226,2025,1,29034.74
P032228,2025,1,73507.04
P032230,2025,1,48430.65
P032232,2025,1,45934.21
P032234,2025,1,30317.5
P032236,2025,1,12933.53
P032239,2025,1,15113.15
P032240,2025,1,31479.24
P032242,2025,1,12008.42
P032245,2025,1,45930.44
P032246,2025,1,10335.2
P032247,2025,1,15656.68
P032248,2025,1,48819.18
P032251,2025,1,34074.72
P032253,2025,1,54543.09
P032254,2025,1,50464.43
P032257,2025,0,0
P032259,2025,1,37271.95
P032261,2025,1,52444.4
P032262,2025,1,12848.74
P032267,2025,1,33126.39
P032268,2025,1,22620.63
P032271,2025,1,85188.39
P032272,2025,1,42882.52
P032273,2025,1,79917.66
P032277,2025,1,28097.39
P032278,2025,1,58560.47
P032283,2025,1,45185.11
P032284,2025,1,35934.18
P032285,2025,1,6331.9
P032286,2025,1,7627.42
P032287,2025,1,28873.03
P032291,2025,1,NA
P032294,2025,1,26791.98
P032297,2025,1,44841.37
P032298,2025,1,42926.12
P032305,2025,1,35885.01
P032306,2025,1,23909.99
P032307,2025,1,33648.65
P032308,2025,1,8456.43
P032309,2025,1,16921.58
P032311,2025,1,17802.03
P032312,2025,1,28213.51
P032315,2025,1,40084.94
P032318,2025,1,16839.33
P032321,2025,1,22784.08
P032325,2025,1,26227.32
P032326,2025,1,100608.24
P032328,2025,1,62213.79
P032330,2025,1,20256.69
P032331,2025,1,38073.99
P032333,2025,1,41356.22
P032334,2025,1,26696.51
P032338,2025,1,47971.48
P032339,2025,1,9150.67
P032343,2025,1,28987.9
P032344,2025,1,38724.64
P032345,2025,1,34402.73
P032346,2025,1,61431.29
P032347,2025,1,38876.32
P032350,2025,1,33856.35
P032351,2025,1,89375.79
P032353,2025,1,14587.63
P032354,2025,1,64457.58
P032356,2025,1,40990.08
P032357,2025,1,35648.21
P032360,2025,1,29776
P032362,2025,1,47865.25
P032363,2025,1,53526.34
P032365,2025,1,21211.62
P032366,2025,1,19853.11
P032371,2025,1,22985.85
P032374,2025,1,50842.26
P032377,2025,1,61554.46
P032378,2025,1,16493.82
P032383,2025,1,20293.13
P032385,2025,1,28735.45
P032386,2025,1,13857.14
P032388,2025,1,58544.63
P032389,2025,1,32088.22
P032391,2025,0,0
P032394,2025,1,13116.04
P032395,2025,1,23084.57
P032402,2025,1,8608.58
P032405,2025,1,23049.83
P032410,2025,1,8061.02
P032412,2025,1,12805.06
P032417,2025,1,29369.79
P032421,2025,1,9295.82
P032423,2025,1,90175.5
P032424,2025,1,32676.24
P032433,2025,1,86642.57
P032434,2025,1,36817.94
P032436,2025,1,28504
P032442,2025,1,17808.65
P032443,2025,1,45368.74
P032448,2025,1,95696.93
P032450,2025,1,30214.92
P032451,2025,1,13192.54
P032454,2025,1,14893.03
P032456,2025,1,7478.46
P032459,2025,1,44878.64
P032461,2025,1,62005.15
P032463,2025,1,16098.25
P032464,2025,1,33385.41
P032465,2025,1,55657.9
P032466,2025,1,58099.54
P032467,2025,1,37584.72
P032469,2025,1,34559.97
P032472,2025,1,54965.19
P032473,2025,1,54429.46
P032474,2025,1,18181.36
P032476,2025,1,22978.84
P032481,2025,1,20086.67
P032484,2025,1,25176.94
P032485,2025,1,16002.82
P032487,2025,1,31577.68
P032488,2025,1,10610.33
P032489,2025,1,13250.9
P032491,2025,1,41536.04
P032492,2025,1,8747.06
P032493,2025,1,27752.84
P032496,2025,1,12098.43
P032497,2025,1,42216.69
P032498,2025,1,49870.18
P032500,2025,1,56441.91
P032501,2025,1,46123.3
P032504,2025,1,29291.05
P032506,2025,1,12798.39
P032507,2025,1,19773.63
P032510,2025,1,54316.81
P032515,2025,1,33566.72
P032517,2025,1,24290.28
P032518,2025,1,30002.43
P032519,2025,1,35820.5
P032523,2025,1,11075.07
P032526,2025,1,33347.18
P032529,2025,1,21057.66
P032531,2025,1,34285.92
P032537,2025,1,46525.04
P032542,2025,1,10957.84
P032545,2025,1,29074.06
P032554,2025,1,11246.72
P032557,2025,1,27971.59
P032560,2025,1,18669.04
P032561,2025,1,59528.22
P032563,2025,1,16153.96
P032564,2025,1,51762.47
P032570,2025,1,10181.09
P032571,2025,1,21415.26
P032573,2025,1,59599.02
P032579,2025,1,47816.17
P032583,2025,1,22506.35
P032584,2025,1,38860.16
P032587,2025,1,21919.01
P032588,2025,1,16666.19
P032590,2025,1,20598.63
P032591,2025,1,16495.48
P032592,2025,1,12806.68
P032595,2025,1,7532.82
P032598,2025,1,18554.88
P032600,2025,1,25192.28
P032601,2025,1,NA
P032602,2025,1,0
P032607,2025,1,NA
P032614,2025,1,23156.91
P032616,2025,1,55433.92
P032617,2025,1,14433.46
P032619,2025,1,41927.31
P032620,2025,1,14526.46
P032621,2025,1,34981.81
P032624,2025,0,0
P032626,2025,1,34856.2
P032627,2025,1,22734.39
P032628,2025,1,8161.58
P032630,2025,1,24207.52
P032634,2025,1,16115.99
P032635,2025,1,24732.69
P032637,2025,1,29812.46
P032638,2025,1,46298.35
P032640,2025,1,42640.36
P032642,2025,1,30637.82
P032647,2025,1,27565.9
P032652,2025,1,8815.03
P032654,2025,1,5469.34
P032660,2025,1,50137.34
P032661,2025,1,44462.04
P032662,2025,1,19750.58
P032663,2025,1,31205.52
P032665,2025,1,64474.81
P032667,2025,1,45518.34
P032668,2025,1,55072.65
P032670,2025,1,58650.82
P032673,2025,1,38602.89
P032675,2025,1,75962.1
P032676,2025,1,83131.41
P032679,2025,1,19955.71
P032687,2025,1,NA
P032689,2025,1,42733.84
P032691,2025,1,38581.7
P032693,2025,1,35149.76
P032694,2025,1,21188.91
P032695,2025,1,30887.38
P032696,2025,1,26829.58
P032697,2025,1,25584.7
P032698,2025,1,26818.8
P032702,2025,1,17535.57
P032703,2025,1,13368.49
P032705,2025,1,31557.26
P032706,2025,1,39509.2
P032708,2025,1,32541.66
P032711,2025,1,28546.68
P032712,2025,1,28357.27
P032715,2025,1,19772.73
P032723,2025,1,24559.85
P032724,2025,1,47686.51
P032725,2025,1,40701.69
P032727,2025,1,26196.17
P032728,2025,1,24439.6
P032731,2025,1,36041.95
P032733,2025,1,33655.44
P032734,2025,1,27913.22
P032736,2025,1,49839.83
P032737,2025,1,13046.53
P032739,2025,1,65420.81
P032745,2025,0,0
P032747,2025,1,24209.21
P032752,2025,1,42332.31
P032753,2025,1,13955.44
P032754,2025,1,23555.18
P032755,2025,1,36716.03
P032757,2025,1,29674.49
P032767,2025,1,22091.94
P032769,2025,1,36694.73
P032770,2025,1,8195.2
P032773,2025,1,13083.87
P032774,2025,1,20841.74
P032778,2025,0,0
P032780,2025,1,49429.7
P032781,2025,1,36391.65
P032783,2025,1,30242.36
P032788,2025,1,69199.56
P032789,2025,1,15147.53
P032793,2025,1,21401.37
P032796,2025,1,44915.47
P032800,2025,1,50985.56
P032802,2025,1,20793.56
P032807,2025,1,NA
P032819,2025,1,26008.8
P032820,2025,1,64264.04
P032821,2025,1,18533.14
P032823,2025,1,14007.97
P032826,2025,1,15882.07
P032827,2025,1,22833.98
P032828,2025,1,25636.88
P032831,2025,1,29564.33
P032833,2025,1,12991.43
P032836,2025,1,33177.89
P032840,2025,1,43922.98
P032842,2025,1,51835.34
P032846,2025,1,65066.4
P032848,2025,1,8278.02
P032851,2025,1,27839.85
P032852,2025,1,17068.47
P032855,2025,1,13297.82
P032856,2025,1,4711.22
P032859,2025,1,23882.72
P032862,2025,1,68261.62
P032863,2025,1,28166.73
P032864,2025,1,42116.89
P032865,2025,1,39106.55
P032871,2025,1,27575.9
P032872,2025,1,44174.87
P032873,2025,1,25335.06
P032874,2025,1,17340.86
P032876,2025,1,47231.59
P032877,2025,1,11848.89
P032878,2025,1,15424.1
P032879,2025,1,40816.41
P032884,2025,1,26604.42
P032886,2025,1,36965.25
P032888,2025,1,34436.56
P032890,2025,1,53534.73
P032894,2025,1,53525.21
P032895,2025,1,22074.89
P032896,2025,1,30487.47
P032897,2025,1,47295.99
P032898,2025,1,20339.46
P032900,2025,1,51545.99
P032901,2025,1,40359.27
P032907,2025,1,4482.14
P032908,2025,1,17968.83
P032915,2025,1,23349.65
P032917,2025,1,12466.32
P032919,2025,1,45960.61
P032922,2025,1,31565.17
P032924,2025,1,20010.04
P032929,2025,1,65651.97
P032932,2025,1,16938.74
P032936,2025,1,54213.86
P032940,2025,1,38758.83
P032943,2025,1,10296.7
P032949,2025,1,29468.42
P032952,2025,1,23734.38
P032955,2025,1,22619.59
P032962,2025,1,38455.01
P032964,2025,1,58472.14
P032966,2025,1,7959.56
P032968,2025,1,42676.76
P032969,2025,1,24469.5
P032970,2025,1,33928.62
P032971,2025,1,33339.22
P032973,2025,1,23306.21
P032974,2025,1,26131.6
P032977,2025,1,41061.64
P032978,2025,1,27365.26
P032979,2025,1,NA
P032980,2025,0,0
P032983,2025,1,22165.87
P032986,2025,1,15628.3
P032987,2025,1,74148.71
P032989,2025,1,14920.14
P032990,2025,1,31548.79
P032993,2025,1,30569.48
P032994,2025,1,23988.44
P032995,2025,1,32227.16
P032996,2025,1,17580.97
P033001,2025,1,21442.1
P033007,2025,1,13352.71
P033010,2025,1,26304.71
P033011,2025,1,37895.96
P033015,2025,1,54961.76
P033018,2025,1,20413.58
P033019,2025,1,39926.66
P033020,2025,1,9874.27
P033021,2025,1,48427.83
P033024,2025,1,60166.21
P033027,2025,1,27993.09
P033028,2025,1,13354.31
P033029,2025,1,29341.77
P033030,2025,1,21151.44
P033031,2025,1,15008.14
P033033,2025,0,0
P033037,2025,1,32739.4
P033041,2025,1,36644.49
P033042,2025,1,33036.44
P033043,2025,1,38462.36
P033044,2025,1,21717.85
P033046,2025,1,22347.42
P033048,2025,1,58000.93
P033053,2025,1,29861.66
P033056,2025,1,54017.64
P033057,2025,1,25238.89
P033058,2025,1,5755.27
P033059,2025,1,16923.73
P033060,2025,1,66931.17
P033061,2025,0,0
P033062,2025,1,67702.94
P033065,2025,1,42325.9
P033066,2025,1,69702.27
P033071,2025,1,36560.94
P033072,2025,1,23087.07
P033074,2025,1,35697.68
P033079,2025,1,62790.37
P033080,2025,1,25695.95
P033083,2025,1,10317.29
P033086,2025,1,70723.63
P033087,2025,1,32401.79
P033088,2025,1,45704.11
P033091,2025,1,19331.97
P033094,2025,1,14258.77
P033097,2025,1,9817.84
P033098,2025,1,61830.16
P033102,2025,1,20733.43
P033104,2025,1,9906.04
P033105,2025,1,23062.59
P033106,2025,1,12741.91
P033107,2025,1,84217.89
P033108,2025,1,17851.25
P033110,2025,1,38471.2
P033112,2025,1,39269.78
P033114,2025,1,64263.71
P033115,2025,1,45580.37
P033116,2025,1,38227.43
P033117,2025,1,38290.48
P033120,2025,1,NA
P033123,2025,1,78002.5
P033124,2025,1,30253.92
P033125,2025,1,53848.43
P033128,2025,1,56541.14
P033131,2025,1,32682.77
P033133,2025,1,29740.5
P033134,2025,1,18639.26
P033137,2025,1,10505.09
P033139,2025,1,18220.72
P033143,2025,1,38212.79
P033144,2025,1,90839.09
P033148,2025,1,22444.6
P033150,2025,1,12384.18
P033152,2025,1,18654.99
P033154,2025,1,15069.14
P033156,2025,1,20630.43
P033160,2025,1,7940.09
P033165,2025,1,42469.85
P033167,2025,1,11443.07
P033169,2025,1,29586.37
P033176,2025,1,38244.64
P033177,2025,0,0
P033179,2025,1,53899.07
P033182,2025,1,3361.49
P033183,2025,1,46557.39
P033184,2025,1,56770.64
P033186,2025,1,34297.54
P033187,2025,1,38085.34
P033188,2025,1,53181.63
P033190,2025,1,66263.42
P033191,2025,1,19121.98
P033195,2025,1,11334.59
P033198,2025,1,8126.89
P033203,2025,1,50442.23
P033204,2025,1,22073.38
P033217,2025,1,22298.76
P033218,2025,1,52343.87
P033219,2025,1,5587.51
P033221,2025,1,55170.18
P033229,2025,1,29794.74
P033230,2025,1,23391.27
P033232,2025,1,46608.94
P033233,2025,1,37450.25
P033237,2025,0,0
P033238,2025,1,42355.62
P033239,2025,1,11719.44
P033240,2025,1,29047.56
P033241,2025,1,66027.91
P033242,2025,1,65812.08
P033246,2025,1,26752.81
P033247,2025,1,18960.36
P033248,2025,1,17031.12
P033249,2025,1,62151.69
P033250,2025,1,80750.28
P033253,2025,1,18636.26
P033254,2025,1,32275.71
P033258,2025,1,14823.01
P033259,2025,1,35727.15
P033262,2025,1,36511.57
P033264,2025,1,26186.35
P033267,2025,1,20723
P033269,2025,1,20629.62
P033270,2025,1,52321.43
P033273,2025,1,58039.98
P033275,2025,1,34670.05
P033276,2025,1,54202.14
P033278,2025,1,19784.65
P033279,2025,1,17142.52
P033280,2025,1,59906.75
P033292,2025,1,43731.72
P033293,2025,1,15355.69
P033294,2025,1,81156.04
P033295,2025,1,50676.36
P033297,2025,1,12957.92
P033298,2025,1,43498.69
P033300,2025,1,13974.74
P033301,2025,1,45858.75
P033303,2025,1,28802.87
P033305,2025,1,22852.21
P033306,2025,1,15647.48
P033307,2025,1,10638.79
P033308,2025,1,25452.99
P033310,2025,1,19133.78
P033312,2025,1,78377.73
P033318,2025,1,33499.63
P033321,2025,1,25364.29
P033325,2025,1,40459.22
P033326,2025,1,54407.51
P033327,2025,1,7916.12
P033329,2025,1,50476.18
P033334,2025,1,71647.6
P033336,2025,1,25295.46
P033339,2025,1,50547.43
P033340,2025,1,45241.17
P033342,2025,1,93099.53
P033343,2025,1,47857.5
P033346,2025,1,51480.89
P033347,2025,1,32967.91
P033348,2025,1,NA
P033351,2025,1,37869.32
P033354,2025,1,26871.76
P033357,2025,1,11616.46
P033358,2025,1,34015.26
P033359,2025,1,12543.23
P033366,2025,1,10618.11
P033367,2025,1,7912.68
P033369,2025,1,29069.17
P033373,2025,1,21392.1
P033374,2025,1,42709.17
P033375,2025,1,7158.42
P033377,2025,1,105354.19
P033379,2025,1,99001.66
P033380,2025,1,96791.21
P033382,2025,1,51183.98
P033383,2025,1,19483.31
P033386,2025,1,41134.74
P033389,2025,0,0
P033390,2025,1,42761.04
P033393,2025,1,60764.91
P033401,2025,0,0
P033402,2025,1,29355.04
P033405,2025,1,29459.04
P033410,2025,1,39560.58
P033411,2025,1,59868.51
P033412,2025,1,24564.99
P033414,2025,1,4021.62
P033416,2025,1,42169.21
P033418,2025,1,41996.29
P033419,2025,1,8546.89
P033420,2025,1,5596.8
P033421,2025,1,50294.05
P033422,2025,1,72583.96
P033423,2025,1,46189.2
P033425,2025,1,51950.79
P033426,2025,1,21906.64
P033427,2025,1,10080.86
P033429,2025,1,39680.56
P033434,2025,1,76173.96
P033435,2025,1,25363.63
P033437,2025,1,43121.39
P033442,2025,1,68349.13
P033444,2025,1,34583.37
P033445,2025,1,8574.04
P033446,2025,1,8778.89
P033447,2025,1,39582.18
P033458,2025,1,43569.59
P033460,2025,1,102964.83
P033461,2025,1,28931.46
P033464,2025,1,18015.37
P033466,2025,1,102538.63
P033471,2025,1,6379.96
P033472,2025,1,61195.7
P033476,2025,0,0
P033477,2025,1,28917.17
P033478,2025,1,17915.62
P033481,2025,1,NA
P033483,2025,1,54713.87
P033485,2025,1,31817.64
P033488,2025,1,22943.93
P033489,2025,1,30393.23
P033490,2025,1,75369.19
P033493,2025,1,33109.62
P033496,2025,1,45104.91
P033497,2025,1,17769.9
P033498,2025,1,66293.57
P033500,2025,1,NA
P033505,2025,1,27449.2
P033507,2025,1,41717.7
P033508,2025,1,49018.69
P033509,2025,1,35056.25
P033510,2025,1,30272.04
P033514,2025,1,41157.82
P033517,2025,1,26774.52
P033519,2025,1,7964.55
P033521,2025,0,0
P033523,2025,1,-134879.95
P033527,2025,1,44521.01
P033528,2025,1,18166.66
P033529,2025,1,31906.56
P033532,2025,1,37775.97
P033538,2025,1,37598.98
P033540,2025,1,30075.48
P033542,2025,1,35796.78
P033544,2025,1,40495.68
P033546,2025,1,29853.25
P033551,2025,1,83989.36
P033552,2025,1,9119.56
P033553,2025,1,34095.23
P033555,2025,1,10907.47
P033557,2025,1,73346.86
P033563,2025,1,NA
P033564,2025,1,23635.26
P033567,2025,1,41062.68
P033569,2025,1,87927.05
P033570,2025,1,39317.5
P033571,2025,1,20410.67
P033575,2025,1,32846.59
P033577,2025,1,9111.22
P033578,2025,1,49513.46
P033579,2025,1,19415.09
P033580,2025,1,7925.47
P033581,2025,1,-38423.25
P033589,2025,1,12015.24
P033592,2025,1,24165.17
P033593,2025,1,18570.69
P033596,2025,1,22061.67
P033597,2025,1,14916.48
P033600,2025,1,37797.01
P033604,2025,1,14829.82
P033605,2025,1,28913.36
P033611,2025,1,83988.38
P033612,2025,1,36005.25
P033613,2025,1,23225.08
P033615,2025,1,56354.16
P033618,2025,1,18470.34
P033619,2025,1,25926.12
P033622,2025,1,8672.36
P033627,2025,1,2681.98
P033629,2025,1,47349.24
P033630,2025,1,25904.43
P033631,2025,1,23000.63
P033636,2025,1,37085.14
P033640,2025,1,12136.24
P033643,2025,1,25669.77
P033644,2025,1,9571.73
P033649,2025,1,23818.53
P033652,2025,1,27735.08
P033656,2025,0,0
P033658,2025,1,20108.51
P033661,2025,1,19960.62
P033663,2025,1,13074
P033668,2025,1,38928.2
P033672,2025,1,28317.53
P033674,2025,1,9958.16
P033675,2025,1,0
P033676,2025,1,14312.96
P033681,2025,1,21809.97
P033684,2025,1,15985.1
P033687,2025,1,34474.51
P033690,2025,1,50570.37
P033691,2025,1,50973.58
P033692,2025,1,48730.25
P033693,2025,1,48308.37
P033694,2025,1,11354.81
P033695,2025,1,30013.58
P033697,2025,0,0
P033699,2025,1,15526.66
P033700,2025,1,NA
P033703,2025,1,98876.31
P033705,2025,1,14993.83
P033707,2025,1,14210.36
P033708,2025,1,42043.82
P033711,2025,1,42188.16
P033713,2025,1,47643.16
P033714,2025,1,13197.31
P033716,2025,1,22831.04
P033717,2025,1,22495.16
P033722,2025,1,22559.07
P033727,2025,1,42483.38
P033729,2025,1,42844.49
P033730,2025,1,27260.54
P033731,2025,1,12662.39
P033732,2025,1,52527.95
P033734,2025,1,27290.22
P033735,2025,1,23727.89
P033736,2025,1,14221.22
P033741,2025,1,21625.92
P033746,2025,1,27184.51
P033753,2025,1,11705.47
P033754,2025,1,12248.36
P033755,2025,1,32988.76
P033756,2025,1,28892.64
P033761,2025,1,31987.87
P033764,2025,1,21820.13
P033767,2025,1,8703.87
P033774,2025,1,76505.35
P033778,2025,1,14101.78
P033780,2025,1,24270.5
P033782,2025,1,28644.93
P033783,2025,1,6103.93
P033785,2025,1,27541.95
P033790,2025,1,81127.8
P033793,2025,1,14642.22
P033797,2025,1,22287.06
P033802,2025,1,21970.34
P033804,2025,1,21536.12
P033809,2025,1,47814.96
P033810,2025,1,24115.27
P033816,2025,1,39593.01
P033818,2025,1,8323.86
P033819,2025,0,0
P033821,2025,1,13943.89
P033826,2025,1,31288.08
P033829,2025,1,33254.28
P033832,2025,1,23961.73
P033833,2025,1,26538.8
P033835,2025,1,-7374.51
P033836,2025,1,39871.95
P033837,2025,1,13320.35
P033838,2025,1,52963.96
P033840,2025,1,35076.72
P033842,2025,1,25129.03
P033848,2025,1,14147.18
P033851,2025,1,37891.67
P033852,2025,1,35589.91
P033853,2025,1,13462.43
P033854,2025,1,16722.55
P033855,2025,1,40151.24
P033862,2025,1,16340.87
P033863,2025,1,53833.33
P033868,2025,1,16501.07
P033869,2025,1,8421.95
P033875,2025,1,21492.29
P033876,2025,1,30924.79
P033877,2025,1,55599.09
P033880,2025,1,12958.96
P033882,2025,1,43768.56
P033887,2025,0,0
P033889,2025,1,11331.92
P033890,2025,1,38164.9
P033893,2025,1,146218.89
P033895,2025,1,56305.24
P033896,2025,1,39236.36
P033899,2025,1,36609.81
P033900,2025,1,31785.64
P033901,2025,0,0
P033902,2025,1,NA
P033903,2025,1,21621.78
P033906,2025,1,33144.78
P033908,2025,1,15522.2
P033912,2025,1,34172.46
P033917,2025,1,13907.07
P033918,2025,1,19918.06
P033919,2025,1,NA
P033921,2025,1,27921.9
P033922,2025,1,12461.06
P033923,2025,1,17194.9
P033924,2025,1,20146.96
P033927,2025,1,22068.89
P033930,2025,1,35320.83
P033931,2025,1,9381.86
P033934,2025,1,21671.38
P033935,2025,1,40469.6
P033937,2025,1,29925.61
P033939,2025,1,20640.35
P033940,2025,1,17976.06
P033945,2025,1,78076.71
P033948,2025,1,39837.96
P033949,2025,1,9782.28
P033951,2025,1,56754.92
P033953,2025,1,46626.19
P033956,2025,1,17513.17
P033960,2025,1,27459.32
P033964,2025,1,17033.97
P033965,2025,1,40208.96
P033971,2025,1,19114.63
P033972,2025,1,17882.68
P033976,2025,1,29239.4
P033977,2025,1,32646.8
P033978,2025,1,48186.14
P033979,2025,1,27613.93
P033980,2025,1,21563.18
P033981,2025,1,56009.36
P033982,2025,1,41519.01
P033983,2025,1,48798.27
P033985,2025,1,37933.06
P033989,2025,1,55741.8
P033991,2025,1,17871.6
P033992,2025,1,4922.4
P033993,2025,1,18318.12
P034000,2025,1,48940.76
P034001,2025,1,39754.85
P034002,2025,1,12029.97
P034005,2025,1,17438.39
P034006,2025,1,70706.9
P034010,2025,1,17474.54
P034011,2025,1,47379.18
P034013,2025,1,42095.55
P034014,2025,1,11502.48
P034015,2025,1,29958.62
P034016,2025,1,11099.77
P034018,2025,1,27633.24
P034019,2025,1,25314.76
P034020,2025,1,8557.42
P034021,2025,1,80525.01
P034023,2025,1,87171.55
P034025,2025,1,9902.5
P034027,2025,1,27615.34
P034028,2025,1,40011.15
P034029,2025,1,13250.89
P034032,2025,1,25134.94
P034033,2025,1,20751.38
P034035,2025,1,22088.68
P034036,2025,1,32119.74
P034037,2025,1,76051.52
P034039,2025,1,30980.09
P034041,2025,1,53234.55
P034047,2025,1,32609.8
P034051,2025,1,5921.99
P034055,2025,1,18460.94
P034057,2025,1,33771.04
P034059,2025,1,18900.11
P034061,2025,1,16001.27
P034064,2025,1,38236.6
P034065,2025,1,48792.34
P034066,2025,1,4691.97
P034067,2025,1,24477.08
P034074,2025,1,44412.38
P034080,2025,1,17571.35
P034082,2025,1,124285.6
P034086,2025,1,17285.28
P034092,2025,1,21641.75
P034096,2025,1,12916.83
P034100,2025,1,14942.19
P034103,2025,1,25099.62
P034106,2025,1,38037.65
P034110,2025,1,23373.77
P034111,2025,1,43413.08
P034112,2025,1,17391.04
P034114,2025,1,35193.18
P034117,2025,1,49342.7
P034124,2025,1,16013.27
P034127,2025,1,11340.66
P034129,2025,1,104331.71
P034132,2025,1,29594.9
P034135,2025,1,32533.57
P034137,2025,1,33080.71
P034139,2025,1,37997.5
P034140,2025,1,15627.1
P034144,2025,1,16164.82
P034145,2025,1,61413.96
P034148,2025,1,19006.56
P034151,2025,1,40251.12
P034156,2025,1,55144.44
P034158,2025,1,43331.94
P034161,2025,1,30760.61
P034162,2025,1,27649.34
P034166,2025,1,29861.52
P034167,2025,1,14839.87
P034168,2025,1,19304.27
P034169,2025,1,17054.84
P034170,2025,1,33400.12
P034171,2025,1,23434.18
P034173,2025,1,44951.48
P034175,2025,1,20534.75
P034176,2025,1,48363.02
P034179,2025,1,30398.02
P034181,2025,1,40595.76
P034185,2025,1,9748.22
P034186,2025,1,8880.49
P034187,2025,1,27701.79
P034188,2025,1,23043.39
P034189,2025,1,58233.39
P034190,2025,1,90742.49
P034193,2025,1,20651.53
P034194,2025,1,23012.65
P034195,2025,1,33839.95
P034196,2025,1,29303.65
P034200,2025,1,47785.86
P034204,2025,1,57299.51
P034205,2025,1,13095.41
P034206,2025,1,58350.89
P034210,2025,1,35048.31
P034211,2025,1,7965.35
P034212,2025,1,25666.77
P034215,2025,1,11098.54
P034216,2025,1,54787.7
P034217,2025,1,57484.29
P034221,2025,1,59277.45
P034226,2025,1,68687.02
P034229,2025,1,17232.5
P034230,2025,1,19110.6
P034231,2025,1,64644.14
P034232,2025,1,25663.98
P034233,2025,1,20650.17
P034238,2025,1,34354.41
P034239,2025,1,34876.63
P034242,2025,1,21195.89
P034243,2025,1,40287.79
P034246,2025,1,10940.15
P034247,2025,1,32705.79
P034250,2025,1,74722.9
P034251,2025,1,21367.43
P034252,2025,1,125872.81
P034254,2025,1,109328.39
P034255,2025,1,48755.92
P034256,2025,1,-19070.56
P034258,2025,1,70921.81
P034261,2025,1,38046.88
P034262,2025,1,20622.8
P034267,2025,1,13920.47
P034269,2025,1,8954.74
P034272,2025,1,37553.54
P034273,2025,1,32838.73
P034274,2025,1,14057.91
P034276,2025,1,46314.91
P034278,2025,1,50416.06
P034281,2025,1,39175.91
P034291,2025,1,20922.18
P034296,2025,1,25373.61
P034297,2025,1,16930.7
P034298,2025,1,32197.51
P034301,2025,1,29695.2
P034303,2025,1,27130.28
P034304,2025,1,50923.63
P034308,2025,1,19619.47
P034314,2025,1,16763.08
P034315,2025,1,0
P034316,2025,1,19148.61
P034319,2025,1,12181.45
P034323,2025,1,93890.13
P034327,2025,1,14617.68
P034329,2025,1,28627.13
P034330,2025,1,13432.14
P034331,2025,1,37538.3
P034333,2025,1,9890.81
P034337,2025,1,65309.26
P034338,2025,1,43141.66
P034339,2025,1,19666.73
P034341,2025,1,53116.92
P034342,2025,1,13101.93
P034349,2025,1,12321.82
P034353,2025,1,20587.14
P034354,2025,1,51810.81
P034355,2025,1,33359.28
P034357,2025,1,18933.86
P034360,2025,1,26588.25
P034363,2025,1,23621.91
P034364,2025,1,21938.47
P034366,2025,1,28888.5
P034368,2025,1,16148.49
P034372,2025,1,23643.31
P034375,2025,1,49505.82
P034378,2025,1,37331.53
P034384,2025,1,47490.02
P034385,2025,1,12870.26
P034387,2025,1,16039.4
P034389,2025,1,41244.23
P034392,2025,1,6600.27
P034394,2025,1,24104.87
P034396,2025,1,20281.47
P034397,2025,1,29405.82
P034398,2025,1,9421.3
P034399,2025,1,19984.63
P034400,2025,1,13068.28
P034401,2025,1,10091.89
P034407,2025,1,6919.87
P034408,2025,1,36542.61
P034409,2025,1,43420.39
P034411,2025,1,33940.8
P034412,2025,1,54535.14
P034413,2025,1,30150.87
P034414,2025,1,27907.36
P034415,2025,1,7800.74
P034416,2025,1,96476.83
P034419,2025,1,52871.95
P034420,2025,1,17810.24
P034421,2025,1,56059.27
P034422,2025,1,38513.96
P034425,2025,1,30770.91
P034427,2025,1,40538.82
P034428,2025,1,69820.85
P034430,2025,1,16054.34
P034431,2025,1,25702.23
P034432,2025,1,35509.2
P034433,2025,1,NA
P034434,2025,1,68031.99
P034435,2025,1,26733.68
P034441,2025,1,24486.06
P034442,2025,1,44448.98
P034445,2025,1,75925.32
P034448,2025,1,15726.97
P034450,2025,1,14946.95
P034452,2025,1,39077.8
P034453,2025,1,26301.07
P034454,2025,1,12960.06
P034455,2025,1,10905.16
P034459,2025,1,25091.45
P034460,2025,1,53895.16
P034463,2025,1,41129.24
P034465,2025,1,36141.65
P034468,2025,1,12748.77
P034474,2025,1,54785.83
P034475,2025,1,26012.55
P034485,2025,1,17603.28
P034486,2025,1,46176.73
P034487,2025,1,9386.36
P034489,2025,1,47779.61
P034495,2025,1,24504.54
P034496,2025,1,30133.09
P034497,2025,1,29156.83
P034498,2025,1,17820.71
P034500,2025,1,43856.13
P034503,2025,1,17569.27
P034505,2025,1,14493.4
P034506,2025,0,0
P034508,2025,1,12969.75
P034511,2025,1,174878.55
P034514,2025,1,15893.86
P034516,2025,1,22982.28
P034518,2025,1,52662.01
P034523,2025,0,0
P034528,2025,1,15084.49
P034531,2025,1,20160.23
P034532,2025,1,50748.71
P034534,2025,1,43307.1
P034537,2025,1,27164.89
P034539,2025,1,9617.2
P034540,2025,1,31950.09
P034544,2025,1,65321.43
P034545,2025,1,45510.35
P034548,2025,0,0
P034549,2025,1,21152.42
P034551,2025,1,12463.65
P034552,2025,1,6491.37
P034554,2025,1,49258.87
P034555,2025,1,36816.9
P034556,2025,1,45430.68
P034558,2025,1,9830.21
P034559,2025,1,21166.39
P034560,2025,1,58129.6
P034561,2025,1,5451.72
P034563,2025,1,112001.83
P034564,2025,1,10690.66
P034565,2025,1,49375.73
P034566,2025,1,24510.26
P034569,2025,1,11381.9
P034570,2025,1,10009.03
P034572,2025,1,17547.15
P034573,2025,1,71163.4
P034576,2025,1,19267.39
P034578,2025,1,43114.27
P034579,2025,1,18017.83
P034586,2025,1,41622.25
P034589,2025,1,23849.86
P034592,2025,1,29854.12
P034594,2025,1,18610.3
P034596,2025,1,46116.83
P034598,2025,1,16882.07
P034600,2025,1,46116.17
P034603,2025,1,23666.05
P034604,2025,1,5112.97
P034605,2025,1,28330.45
P034608,2025,1,11055.93
P034609,2025,1,44149.98
P034610,2025,1,35444.28
P034618,2025,1,97071.17
P034619,2025,1,19389.49
P034623,2025,1,14840.97
P034625,2025,1,15148.3
P034627,2025,1,34350.96
P034628,2025,1,36640.73
P034633,2025,1,20317.39
P034635,2025,1,15550.69
P034637,2025,1,40921.09
P034638,2025,1,23126.71
P034639,2025,1,82812.01
P034642,2025,1,54204.91
P034646,2025,1,35693.76
P034647,2025,1,9334.31
P034652,2025,1,13375.75
P034654,2025,1,63025.1
P034655,2025,1,32668.39
P034658,2025,1,38198.66
P034660,2025,1,41854.52
P034661,2025,1,33154.62
P034664,2025,1,81048.72
P034670,2025,1,47479.45
P034676,2025,1,20956.04
P034679,2025,1,32624.73
P034681,2025,1,25206.08
P034683,2025,1,42866.62
P034685,2025,1,24459.8
P034689,2025,1,26536.12
P034690,2025,1,34730.2
P034691,2025,1,-27971.83
P034693,2025,1,10774.38
P034696,2025,1,30314.17
P034697,2025,1,21504.33
P034698,2025,1,9529.17
P034699,2025,1,22869.01
P034701,2025,1,27935
P034702,2025,1,NA
P034704,2025,1,63064.9
P034707,2025,1,26674.87
P034708,2025,1,46244.09
P034710,2025,1,17601.25
P034719,2025,1,29374.47
P034720,2025,1,15995.69
P034721,2025,1,15653.05
P034726,2025,1,20970.47
P034728,2025,1,8901.9
P034730,2025,1,42356.8
P034731,2025,1,103073.57
P034732,2025,1,24548.31
P034733,2025,1,13836.44
P034735,2025,1,20668.47
P034736,2025,1,40494.04
P034738,2025,1,108463.02
P034741,2025,1,68556.92
P034743,2025,1,16683.61
P034745,2025,1,7243.39
P034747,2025,1,18573.58
P034751,2025,1,5651.89
P034757,2025,1,35831.67
P034758,2025,1,9830.72
P034761,2025,1,60947.58
P034763,2025,1,29008.03
P034765,2025,1,21795.37
P034768,2025,1,34264.22
P034771,2025,1,91048.89
P034774,2025,1,72217.05
P034775,2025,1,15503.39
P034776,2025,1,76618.38
P034777,2025,1,33601.45
P034778,2025,1,47298.45
P034779,2025,1,22327.33
P034783,2025,1,68062.62
P034786,2025,1,9813.12
P034788,2025,1,48762.99
P034790,2025,1,21354.57
P034791,2025,1,40608.41
P034794,2025,1,32694.45
P034797,2025,1,80777.2
P034798,2025,1,36663.97
P034803,2025,1,9359.17
P034804,2025,1,32157.42
P034808,2025,1,24464.26
P034810,2025,1,35921.5
P034811,2025,1,38745.28
P034813,2025,1,109030.44
P034817,2025,1,29633.29
P034819,2025,1,17276.42
P034822,2025,1,18153.03
P034823,2025,1,32578.99
P034826,2025,1,32649.91
P034828,2025,1,15836.09
P034829,2025,1,37718.52
P034830,2025,1,23497.07
P034831,2025,1,62080.03
P034832,2025,1,119612.87
P034837,2025,1,19913.78
P034838,2025,1,13577.41
P034840,2025,1,18716.55
P034841,2025,1,44756.72
P034842,2025,1,45520.34
P034843,2025,0,0
P034844,2025,1,16792.63
P034845,2025,1,19927.73
P034846,2025,1,57417.76
P034847,2025,1,29280.35
P034856,2025,1,17567.6
P034859,2025,1,39933.55
P034861,2025,1,18699.3
P034863,2025,1,52954.4
P034864,2025,1,11678.42
P034866,2025,1,6351.84
P034867,2025,1,49733.94
P034873,2025,1,7997.98
P034875,2025,1,29656.3
P034882,2025,1,31151.43
P034883,2025,1,46392.72
P034884,2025,1,65323.25
P034885,2025,1,45406.99
P034887,2025,1,19507.06
P034888,2025,1,20751.6
P034893,2025,1,25680.89
P034896,2025,1,20243.19
P034898,2025,1,33760.06
P034900,2025,1,27668.75
P034902,2025,1,49268.46
P034903,2025,1,58585.72
P034904,2025,1,5637.68
P034906,2025,1,31151.42
P034912,2025,1,38176.62
P034916,2025,1,40245.39
P034920,2025,1,14903.61
P034922,2025,1,65710.34
P034924,2025,1,18243.96
P034926,2025,1,64934.62
P034927,2025,0,0
P034930,2025,1,24513.04
P034931,2025,1,75045.97
P034932,2025,1,61875.4
P034933,2025,1,9959.37
P034941,2025,1,56457.44
P034943,2025,1,33581.53
P034945,2025,1,12603.13
P034946,2025,1,51468.96
P034948,2025,1,25374.86
P034950,2025,1,9327.09
P034952,2025,1,34488.76
P034954,2025,1,39478.88
P034957,2025,1,40046.91
P034958,2025,0,0
P034962,2025,1,24748.14
P034964,2025,1,39515.01
P034967,2025,1,22103.66
P034974,2025,1,30894.61
P034976,2025,0,0
P034977,2025,1,7944.88
P034979,2025,1,41509.82
P034984,2025,1,21550.05
P034985,2025,1,-68227.33
P034986,2025,1,28347.69
P034987,2025,1,0
P034988,2025,1,14411.94
P034991,2025,1,42511.8
P034996,2025,1,45185.02
P034998,2025,1,10905.28
P035002,2025,1,87958.4
P035005,2025,1,45962.1
P035006,2025,1,43311.74
P035007,2025,1,NA
P035009,2025,1,18414.01
P035010,2025,1,31147.63
P035011,2025,1,25948
P035013,2025,1,13484.48
P035016,2025,1,57531.19
P035018,2025,1,50794.19
P035021,2025,1,12256.98
P035034,2025,1,127071.31
P035036,2025,1,-24228.84
P035038,2025,1,25020.29
P035039,2025,1,6420.74
P035040,2025,1,36878.43
P035041,2025,1,NA
P035043,2025,1,17112.03
P035044,2025,1,13081.61
P035045,2025,1,39113.3
P035047,2025,1,47114.95
P035050,2025,1,16500.72
P035054,2025,1,35075.99
P035055,2025,1,15619.43
P035059,2025,1,20003.21
P035060,2025,1,13493.55
P035067,2025,1,38675.36
P035068,2025,1,31288.63
P035069,2025,1,16268.77
P035071,2025,1,-14492.23
P035072,2025,1,33438.41
P035073,2025,1,36164.53
P035076,2025,1,9717.72
P035079,2025,1,37142.94
P035081,2025,1,27430.54
P035082,2025,1,40830.59
P035086,2025,1,77997.35
P035087,2025,1,16769.45
P035088,2025,1,67077.54
P035092,2025,1,57215.49
P035093,2025,1,48540.82
P035094,2025,1,18889.03
P035095,2025,1,19847.05
P035099,2025,1,9957.34
P035100,2025,1,13849.47
P035102,2025,1,36769.24
P035106,2025,1,19254.71
P035108,2025,1,8118.02
P035111,2025,1,95735.43
P035114,2025,1,28954.35
P035115,2025,1,22963.33
P035116,2025,1,41083.29
P035118,2025,1,33874.93
P035124,2025,1,26559.74
P035125,2025,0,0
P035126,2025,1,11277
P035127,2025,1,27522.84
P035128,2025,1,21045.61
P035130,2025,1,37307.87
P035135,2025,1,28130.91
P035136,2025,1,43894.66
P035137,2025,0,0
P035138,2025,1,49403.61
P035140,2025,1,16346.48
P035141,2025,1,50333.25
P035142,2025,1,25274.02
P035147,2025,1,16819.24
P035154,2025,1,46254.21
P035159,2025,1,11184.62
P035161,2025,1,38160.58
P035162,2025,1,24983.27
P035163,2025,1,21165.9
P035165,2025,1,31525.25
P035166,2025,0,0
P035168,2025,1,29879.62
P035169,2025,1,25376.87
P035173,2025,1,69470.3
P035175,2025,1,13558.12
P035176,2025,1,23844.46
P035179,2025,1,34145.55
P035180,2025,0,0
P035182,2025,1,30603.73
P035184,2025,1,22476.44
P035185,2025,1,27756.26
P035188,2025,1,76028.58
P035189,2025,1,54475.09
P035190,2025,1,35240.54
P035192,2025,1,47302.37
P035195,2025,1,41205.82
P035197,2025,1,62402.54
P035198,2025,1,39915.02
P035199,2025,1,13470.35
P035200,2025,1,9460.5
P035201,2025,1,13028.72
P035205,2025,1,24981.75
P035206,2025,1,18707.37
P035210,2025,1,42108.48
P035215,2025,0,0
P035221,2025,1,20597.2
P035222,2025,1,30814.44
P035223,2025,1,56513.81
P035227,2025,1,5392.62
P035228,2025,1,9113.54
P035230,2025,1,5140.95
P035231,2025,1,2740.47
P035238,2025,1,57385.28
P035240,2025,1,8818.04
P035245,2025,1,22681.85
P035247,2025,1,42101.76
P035248,2025,1,15112.97
P035249,2025,1,67974.7
P035250,2025,1,44363.71
P035252,2025,1,38258.18
P035255,2025,1,15877.35
P035256,2025,1,64392.76
P035257,2025,1,23689.85
P035262,2025,1,26213.6
P035265,2025,1,41648.59
P035266,2025,1,32162.13
P035267,2025,1,35091.89
P035268,2025,1,83214.69
P035273,2025,1,57596.49
P035277,2025,1,46497.7
P035280,2025,0,0
P035282,2025,1,57219.42
P035283,2025,1,55828.63
P035284,2025,1,17219.1
P035291,2025,1,16083.27
P035292,2025,1,21298.25
P035293,2025,1,78871.6
P035295,2025,1,13518.34
P035299,2025,1,12119.39
P035300,2025,1,17670.77
P035303,2025,1,66375.63
P035304,2025,1,28968.86
P035309,2025,1,41163.2
P035311,2025,1,16677.94
P035312,2025,1,37715.06
P035314,2025,1,30150.96
P035315,2025,1,86262.19
P035320,2025,1,78437.45
P035324,2025,1,47097.95
P035329,2025,1,41888.47
P035330,2025,1,39170.41
P035335,2025,1,24277.27
P035339,2025,1,20517.35
P035340,2025,1,68063.82
P035341,2025,1,92175.63
P035342,2025,1,15888.89
P035345,2025,1,41729.04
P035346,2025,1,25847.19
P035350,2025,1,66687.86
P035351,2025,1,6942.12
P035352,2025,1,12820.78
P035357,2025,1,85950.45
P035360,2025,1,15613.01
P035363,2025,1,22161.77
P035364,2025,1,17739.85
P035365,2025,1,39454.66
P035366,2025,1,22261.3
P035369,2025,1,55948.5
P035370,2025,1,18414.98
P035371,2025,1,61368.02
P035373,2025,1,22572.36
P035374,2025,1,12287.09
P035375,2025,1,16610.94
P035378,2025,1,5708.02
P035379,2025,1,4885.84
P035380,2025,1,44035.21
P035381,2025,1,9738.98
P035389,2025,1,61866.46
P035391,2025,1,34309.87
P035393,2025,1,11321.13
P035396,2025,1,32535.93
P035398,2025,1,38626.54
P035399,2025,1,25573.97
P035401,2025,1,66015.38
P035405,2025,1,27335.61
P035406,2025,1,11354.59
P035407,2025,1,15749.11
P035409,2025,1,21340.4
P035411,2025,1,29517.43
P035412,2025,1,10645.1
P035415,2025,1,0
P035418,2025,1,26876.09
P035421,2025,1,9409.3
P035422,2025,1,13160.28
P035425,2025,1,10522.16
P035426,2025,1,8398.48
P035428,2025,1,23052.34
P035429,2025,1,32964.01
P035432,2025,1,23379.74
P035434,2025,1,57405.26
P035435,2025,1,12208.41
P035436,2025,1,17761.07
P035442,2025,1,24281.8
P035446,2025,1,-23977.83
P035447,2025,1,81303.11
P035451,2025,1,14319.78
P035455,2025,1,27765.11
P035457,2025,1,18367.34
P035458,2025,1,0
P035459,2025,1,74054.61
P035461,2025,1,100290.76
P035462,2025,1,14619.78
P035463,2025,1,38073.2
P035464,2025,1,13793.46
P035466,2025,1,46057.12
P035469,2025,1,16070.95
P035470,2025,1,47790.24
P035477,2025,1,67269.92
P035478,2025,1,65984.08
P035479,2025,1,51785.21
P035483,2025,1,24356.08
P035485,2025,1,15987.41
P035491,2025,1,48844.72
P035492,2025,1,14003.56
P035493,2025,1,NA
P035494,2025,1,31561.09
P035498,2025,1,31177.4
P035501,2025,1,50064.05
P035502,2025,1,6881.31
P035505,2025,1,24202.17
P035506,2025,1,20227.58
P035510,2025,1,24372.92
P035514,2025,1,47300.55
P035515,2025,1,27153.02
P035516,2025,1,33252.11
P035518,2025,1,23628.38
P035521,2025,1,24300.6
P035522,2025,1,48974.98
P035523,2025,1,41806.26
P035525,2025,1,85684.81
P035526,2025,1,42851.34
P035528,2025,1,34050.29
P035533,2025,1,33012.36
P035536,2025,1,20170.24
P035538,2025,1,10693.47
P035541,2025,1,11338.38
P035546,2025,1,26268.97
P035548,2025,1,27037.07
P035549,2025,1,30366.56
P035550,2025,1,24915.12
P035553,2025,1,48091.16
P035554,2025,1,43672.31
P035558,2025,1,19502.79
P035561,2025,1,9725.04
P035562,2025,1,18611.77
P035563,2025,1,13966.39
P035564,2025,1,14740.94
P035567,2025,1,-19294.18
P035569,2025,1,28038.14
P035570,2025,1,29359.92
P035573,2025,1,18932.58
P035574,2025,1,68590.87
P035575,2025,1,36317.05
P035577,2025,1,109232.79
P035578,2025,1,6616.18
P035579,2025,1,68038.75
P035580,2025,1,49099.7
P035582,2025,1,41580.67
P035584,2025,1,28371.42
P035585,2025,1,40610.21
P035586,2025,1,14499.09
P035587,2025,1,62221.92
P035588,2025,1,20883.89
P035589,2025,1,26320.49
P035593,2025,0,0
P035594,2025,1,15117.4
P035596,2025,1,33818.49
P035599,2025,1,35988.55
P035601,2025,1,17661.87
P035603,2025,1,29691.68
P035605,2025,1,10310.01
P035608,2025,1,14656.77
P035610,2025,1,37497.79
P035611,2025,1,46100.05
P035612,2025,1,8396.97
P035613,2025,1,31262.23
P035614,2025,1,17168.68
P035616,2025,1,31236.38
P035617,2025,1,28231.86
P035620,2025,1,42348.55
P035624,2025,1,28896.76
P035626,2025,1,22478.87
P035627,2025,1,-50176.93
P035633,2025,1,86772.72
P035637,2025,1,25679.93
P035638,2025,1,43861.38
P035639,2025,1,36624.86
P035645,2025,0,0
P035649,2025,1,64778.55
P035653,2025,1,29196.56
P035655,2025,1,53125.63
P035660,2025,1,36349.71
P035661,2025,1,24318.51
P035666,2025,1,59600.5
P035667,2025,1,11452.92
P035668,2025,1,74241.4
P035673,2025,1,29676.14
P035674,2025,1,19016.21
P035676,2025,1,44183.71
P035681,2025,1,16698.59
P035682,2025,1,40501.79
P035684,2025,1,21558.12
P035686,2025,1,24596.81
P035687,2025,1,37576.68
P035689,2025,1,33295.84
P035690,2025,1,84146.2
P035691,2025,1,44640.79
P035692,2025,1,60093.8
P035695,2025,1,55098.96
P035696,2025,1,8369.25
P035697,2025,1,29422.06
P035698,2025,1,23298.39
P035699,2025,1,13157.77
P035700,2025,1,38734.77
P035701,2025,1,25314.78
P035705,2025,1,10232.61
P035709,2025,1,24329.97
P035710,2025,1,39572.92
P035712,2025,1,49844.78
P035713,2025,1,40815.1
P035715,2025,1,94778.48
P035716,2025,1,19808.53
P035719,2025,1,12260.94
P035725,2025,1,24634.02
P035726,2025,1,16469.98
P035727,2025,1,52631.54
P035729,2025,1,54381.29
P035730,2025,1,58261.92
P035734,2025,1,55271.42
P035736,2025,1,45465.57
P035738,2025,1,66868.07
P035740,2025,1,13321.38
P035745,2025,1,16707.8
P035747,2025,1,27041.74
P035749,2025,1,20504.47
P035750,2025,1,29497.96
P035752,2025,1,11019.53
P035753,2025,1,9511.32
P035754,2025,1,26995.63
P035756,2025,1,48019.37
P035758,2025,1,12583.9
P035762,2025,1,8474.56
P035764,2025,1,59103.68
P035765,2025,1,14576.45
P035768,2025,1,18866.74
P035774,2025,1,38500.05
P035775,2025,1,22300.49
P035776,2025,1,60181.28
P035777,2025,1,54446.91
P035785,2025,1,48129.44
P035786,2025,1,32023.23
P035791,2025,1,50562.1
P035794,2025,1,34488.27
P035796,2025,1,9109.49
P035798,2025,1,31424.58
P035799,2025,1,44295.48
P035800,2025,1,55929.12
P035801,2025,1,79641.12
P035802,2025,1,8533.92
P035804,2025,1,46991.91
P035809,2025,1,56838.29
P035810,2025,1,23467.87
P035814,2025,1,40197.41
P035816,2025,1,41568.65
P035817,2025,1,46933.12
P035819,2025,1,46850.44
P035822,2025,1,23796.88
P035823,2025,1,45752.86
P035825,2025,1,26411.22
P035827,2025,1,20781.8
P035828,2025,1,36694.76
P035829,2025,1,6162.64
P035830,2025,1,58926.79
P035831,2025,1,26077.45
P035837,2025,1,11762.88
P035843,2025,1,20330.2
P035845,2025,1,34157.6
P035846,2025,1,28180.71
P035847,2025,1,50311.49
P035848,2025,1,18981.82
P035849,2025,1,67971.52
P035851,2025,1,58488.06
P035853,2025,1,22935.37
P035854,2025,1,46103.59
P035855,2025,1,5694.61
P035856,2025,1,27248.46
P035857,2025,1,10930
P035861,2025,1,6755.28
P035865,2025,1,16803.21
P035869,2025,1,73679.98
P035871,2025,1,19929.37
P035872,2025,1,84619.78
P035874,2025,1,26535.62
P035879,2025,1,24083.1
P035884,2025,1,30072.42
P035892,2025,0,0
P035894,2025,1,38359.38
P035900,2025,1,22387.3
P035901,2025,1,18616.86
P035902,2025,1,17378.76
P035903,2025,1,38059.82
P035904,2025,1,35226.95
P035905,2025,1,5046.98
P035906,2025,1,18641.11
P035907,2025,1,36343.9
P035911,2025,1,5060.33
P035912,2025,1,19606.67
P035913,2025,1,14214.07
P035917,2025,1,16386.32
P035919,2025,1,13294.34
P035920,2025,1,25080.44
P035922,2025,1,20055.85
P035925,2025,1,47671.88
P035929,2025,1,70334.68
P035930,2025,1,28021.64
P035931,2025,1,26198.23
P035933,2025,1,11182.91
P035937,2025,1,40181.57
P035938,2025,1,49993.99
P035939,2025,1,34315.94
P035943,2025,1,22070.99
P035945,2025,1,70066.57
P035948,2025,1,78643.96
P035949,2025,1,70497.19
P035950,2025,1,34678.14
P035951,2025,1,28199.4
P035952,2025,1,63081.26
P035953,2025,1,53744.06
P035955,2025,1,15729.76
P035957,2025,1,18462.35
P035958,2025,1,71568.12
P035961,2025,1,40849.14
P035963,2025,1,47857.12
P035964,2025,1,19562.1
P035965,2025,1,20038.72
P035966,2025,1,19042.76
P035968,2025,1,14712.06
P035974,2025,0,0
P035977,2025,1,50937.41
P035981,2025,0,0
P035983,2025,1,23010.89
P035985,2025,1,12558.46
P035987,2025,1,19670.36
P035994,2025,1,26334.55
P035999,2025,1,53830.16
P036000,2025,1,27203.13
P036003,2025,1,102718.7
P036004,2025,1,NA
P036009,2025,1,43162.87
P036010,2025,1,31641.34
P036011,2025,1,33159.43
P036013,2025,1,110584.77
P036016,2025,1,13969.82
P036018,2025,1,17503.01
P036020,2025,1,58212.69
P036022,2025,1,50441.94
P036025,2025,1,13737.34
P036026,2025,1,25206.42
P036028,2025,1,41151.67
P036031,2025,1,16537.5
P036032,2025,1,24666.24
P036036,2025,1,50628.03
P036037,2025,1,29260.12
P036039,2025,1,108077.66
P036040,2025,1,30285.26
P036043,2025,1,122314.86
P036045,2025,1,5794.85
P036046,2025,1,33452.4
P036047,2025,1,37670.31
P036056,2025,1,41591.77
P036057,2025,1,32568.45
P036058,2025,1,25694.19
P036061,2025,1,24136.25
P036065,2025,1,40016.13
P036070,2025,1,52564.39
P036072,2025,1,50328.91
P036073,2025,1,37307.58
P036074,2025,1,34942.41
P036078,2025,0,0
P036081,2025,1,16997.68
P036082,2025,1,66705.35
P036089,2025,1,37798.42
P036090,2025,1,18226.79
P036091,2025,1,31000.12
P036093,2025,1,13310.79
P036094,2025,1,46355.85
P036095,2025,1,42031.31
P036097,2025,1,48185.81
P036101,2025,1,12336.67
P036102,2025,1,29330.68
P036103,2025,1,31505.82
P036105,2025,1,17657.2
P036106,2025,1,14131.46
P036110,2025,1,33973.03
P036111,2025,1,23373.14
P036112,2025,1,10357.57
P036114,2025,1,5890.78
P036117,2025,1,31847.29
P036123,2025,1,20824.29
P036124,2025,1,18025.93
P036127,2025,1,19987.14
P036132,2025,1,14992.68
P036133,2025,0,0
P036136,2025,1,37268.25
P036138,2025,1,10097.09
P036139,2025,1,9744.32
P036140,2025,1,67049.6
P036141,2025,1,41061.42
P036142,2025,1,30403.77
P036144,2025,1,8572.63
P036145,2025,1,77375.57
P036149,2025,1,19766.01
P036151,2025,1,12888.16
P036153,2025,1,25276.83
P036156,2025,1,50952.97
P036157,2025,1,16142.53
P036160,2025,1,53433.5
P036161,2025,1,50252.27
P036163,2025,0,0
P036164,2025,1,36427.66
P036165,2025,1,49170.79
P036166,2025,1,15886.58
P036167,2025,1,32857.02
P036168,2025,1,4911.53
P036169,2025,1,42208.38
P036171,2025,1,29463.52
P036173,2025,1,35209.68
P036174,2025,1,29956.19
P036176,2025,1,25229.73
P036178,2025,1,19736.15
P036179,2025,1,41798.11
P036180,2025,1,18238.13
P036181,2025,1,24991.34
P036183,2025,1,127654.39
P036184,2025,1,57506.83
P036187,2025,1,58247.18
P036189,2025,1,75139.11
P036193,2025,1,47711
P036195,2025,1,43436.14
P036199,2025,1,31042.27
P036201,2025,1,19009.52
P036204,2025,1,25031.68
P036208,2025,1,7496.69
P036210,2025,1,12002.38
P036212,2025,1,9533.4
P036216,2025,1,36568.21
P036220,2025,1,46154.56
P036222,2025,1,103822.28
P036223,2025,1,37951.32
P036224,2025,1,9579.6
P036227,2025,1,43265.98
P036228,2025,1,21315.43
P036231,2025,1,35054.2
P036232,2025,1,51600.82
P036233,2025,1,15592.67
P036234,2025,1,26738.65
P036236,2025,1,76316.77
P036241,2025,1,146209.81
P036242,2025,1,33205.37
P036247,2025,1,62542.17
P036250,2025,1,14274.4
P036253,2025,1,16021
P036254,2025,1,4467.36
P036258,2025,1,14606.2
P036261,2025,1,44581.83
P036263,2025,0,0
P036264,2025,0,0
P036265,2025,1,67407.84
P036266,2025,1,29294.14
P036267,2025,1,39923.13
P036269,2025,1,17228.22
P036274,2025,1,33230.4
P036275,2025,1,19537
P036277,2025,1,12985.54
P036279,2025,1,52977.28
P036280,2025,1,45768.81
P036283,2025,1,32089.54
P036285,2025,1,13590.01
P036286,2025,1,28488.2
P036290,2025,1,16165.68
P036296,2025,1,19016.52
P036297,2025,1,20468.14
P036298,2025,1,62262.22
P036299,2025,1,10115.56
P036303,2025,1,14084.17
P036307,2025,1,4795.9
P036309,2025,1,28628.61
P036311,2025,1,106321.76
P036312,2025,1,26915.48
P036313,2025,1,15296.27
P036314,2025,1,42811.61
P036315,2025,1,41190.22
P036319,2025,1,43434.11
P036320,2025,1,16809.14
P036322,2025,1,49254.78
P036323,2025,1,62570.95
P036325,2025,1,20148.41
P036329,2025,1,114996.24
P036331,2025,1,52362.61
P036332,2025,1,60806.66
P036333,2025,1,11806.88
P036334,2025,1,25809.47
P036338,2025,1,50777.94
P036339,2025,1,28303.41
P036340,2025,1,57783.97
P036341,2025,1,15401.71
P036345,2025,1,18817.13
P036347,2025,1,10316.05
P036351,2025,1,38048.65
P036352,2025,1,8892.8
P036354,2025,1,6073.35
P036355,2025,1,39170.76
P036360,2025,1,28523.21
P036362,2025,1,40569.57
P036363,2025,1,21342.37
P036365,2025,1,37459.02
P036368,2025,1,28423.62
P036369,2025,1,11118.79
P036372,2025,1,29202.32
P036373,2025,1,20586.38
P036374,2025,1,14065.19
P036376,2025,1,33229.08
P036377,2025,1,25904.41
P036379,2025,1,31538.79
P036381,2025,1,32559.08
P036382,2025,1,39193.99
P036383,2025,1,10396.04
P036387,2025,1,65940.84
P036389,2025,1,21843.81
P036390,2025,1,33056.96
P036391,2025,1,14404.07
P036392,2025,1,10430.5
P036394,2025,1,6995.63
P036395,2025,1,37577.02
P036397,2025,1,11820.31
P036405,2025,1,15074.35
P036408,2025,1,13021.2
P036410,2025,1,33815.65
P036411,2025,1,27242.6
P036416,2025,1,49038.54
P036417,2025,1,25845.25
P036422,2025,1,13395.23
P036424,2025,1,14225.21
P036425,2025,1,37704.48
P036427,2025,1,65276.41
P036432,2025,1,24615.38
P036441,2025,1,52432.87
P036443,2025,1,13653.1
P036447,2025,1,15675.95
P036449,2025,1,27659.31
P036451,2025,1,18321.51
P036452,2025,1,44694.81
P036455,2025,1,11905.76
P036459,2025,1,8910.79
P036460,2025,1,10249.57
P036461,2025,1,11716.92
P036467,2025,1,70426.97
P036468,2025,1,13183.55
P036469,2025,1,14127.55
P036470,2025,1,41724.47
P036471,2025,1,47491.17
P036473,2025,1,31872.5
P036477,2025,1,42190.59
P036478,2025,1,55422.75
P036481,2025,1,53926.56
P036485,2025,1,27229.43
P036488,2025,1,18140.79
P036492,2025,1,56532.79
P036494,2025,1,50173.46
P036495,2025,1,36187.22
P036496,2025,1,52458.92
P036497,2025,1,32259.05
P036498,2025,1,103400.92
P036500,2025,1,84232.33
P036503,2025,1,66787.07
P036510,2025,1,20604.5
P036512,2025,1,10641.07
P036514,2025,1,36466.92
P036515,2025,1,23094.65
P036519,2025,1,5731.37
P036522,2025,1,59959.34
P036523,2025,1,16030.41
P036524,2025,1,33136.08
P036526,2025,1,5016.34
P036527,2025,1,66200.41
P036528,2025,1,48861.13
P036530,2025,1,0
P036531,2025,1,0
P036533,2025,1,12142.59
P036535,2025,1,-28268.31
P036537,2025,1,16300.41
P036543,2025,1,19746.45
P036544,2025,1,55137.26
P036545,2025,1,16634.57
P036548,2025,1,42535.69
P036551,2025,1,37539.1
P036554,2025,1,19594.35
P036556,2025,1,70724.48
P036557,2025,1,28762.3
P036560,2025,1,36679.31
P036561,2025,1,24957.06
P036564,2025,1,31002.23
P036565,2025,1,22171.35
P036567,2025,1,26755.45
P036570,2025,1,21604.52
P036571,2025,1,0
P036574,2025,1,21635.49
P036575,2025,1,28825.86
P036583,2025,1,9536.8
P036585,2025,1,39627.02
P036589,2025,1,19142.68
P036594,2025,1,36582.9
P036596,2025,1,6215.08
P036598,2025,1,30047.35
P036599,2025,1,7903.89
P036602,2025,1,32290.19
P036603,2025,1,13963.74
P036608,2025,1,15482.33
P036609,2025,1,45048.93
P036613,2025,1,11887.58
P036617,2025,1,27519.99
P036619,2025,1,52324.2
P036621,2025,1,36225.56
P036624,2025,1,48452.93
P036626,2025,1,9950.82
P036634,2025,1,18478.5
P036635,2025,1,19239.13
P036638,2025,1,22547.85
P036639,2025,1,5716.29
P036640,2025,1,57272.46
P036642,2025,1,19790.79
P036645,2025,1,25283.76
P036647,2025,1,31336.21
P036650,2025,1,77270.03
P036653,2025,1,16384.77
P036656,2025,1,56120.14
P036658,2025,1,9140.61
P036659,2025,1,9199.17
P036662,2025,1,25026.84
P036666,2025,1,29567.27
P036668,2025,1,23698.54
P036670,2025,1,40980.79
P036671,2025,1,46063.04
P036675,2025,1,61522.44
P036678,2025,1,50161.32
P036684,2025,1,130050.15
P036687,2025,1,17400.14
P036690,2025,1,0
P036692,2025,1,96353.07
P036697,2025,1,72560.14
P036702,2025,1,16868.14
P036705,2025,1,237527.53
P036715,2025,1,24807.34
P036717,2025,1,23362.79
P036721,2025,0,0
P036722,2025,1,8250.6
P036724,2025,1,16260.32
P036725,2025,1,9413.3
P036726,2025,1,12740.97
P036730,2025,1,23370.24
P036731,2025,1,16978.07
P036732,2025,1,34938.99
P036733,2025,1,21775.88
P036734,2025,1,41050.57
P036735,2025,1,42765.69
P036736,2025,1,85901.37
P036739,2025,1,38550.5
P036740,2025,1,15675.72
P036741,2025,1,13582.82
P036745,2025,1,9517.81
P036746,2025,1,19951.77
P036752,2025,1,21187.64
P036754,2025,1,27490.93
P036755,2025,1,23528.07
P036758,2025,1,NA
P036759,2025,1,15353.84
P036762,2025,1,24420.07
P036765,2025,1,28561.42
P036772,2025,1,25058.88
P036773,2025,1,56422.31
P036774,2025,1,20735.76
P036775,2025,1,58596.37
P036780,2025,1,21261.78
P036781,2025,1,36165.61
P036783,2025,1,41138.06
P036787,2025,1,107919.3
P036792,2025,1,25684.22
P036796,2025,1,89859.77
P036797,2025,1,104377.86
P036798,2025,1,23890.1
P036806,2025,1,62247.25
P036808,2025,1,43899.48
P036810,2025,1,24035.49
P036815,2025,1,55225.72
P036821,2025,1,14206.97
P036825,2025,1,42220.18
P036827,2025,1,31238.11
P036828,2025,1,49105.11
P036829,2025,1,35712.08
P036832,2025,1,36063.65
P036834,2025,1,27945
P036836,2025,1,81530.31
P036837,2025,1,88058.4
P036839,2025,1,50491.34
P036841,2025,1,35452.9
P036843,2025,1,47317.75
P036844,2025,1,-23122.46
P036848,2025,1,53610.03
P036849,2025,1,32826.07
P036851,2025,1,46183.25
P036852,2025,1,92659.71
P036855,2025,1,10504.98
P036862,2025,1,16648.92
P036864,2025,1,68609.13
P036866,2025,1,14582.93
P036867,2025,1,45227.77
P036868,2025,1,30948.88
P036869,2025,1,66797.69
P036873,2025,1,104746.79
P036876,2025,1,33732.27
P036879,2025,1,46216.28
P036880,2025,1,15738.47
P036882,2025,1,71361.9
P036887,2025,1,46492.23
P036888,2025,1,30128.87
P036889,2025,0,0
P036894,2025,1,37533.58
P036898,2025,1,37685.21
P036900,2025,1,15871.89
P036901,2025,1,42137.66
P036903,2025,1,23241.4
P036904,2025,1,33318.25
P036907,2025,1,30866.78
P036910,2025,1,14337.01
P036914,2025,1,32650.61
P036917,2025,1,78121.14
P036918,2025,1,59873.44
P036921,2025,1,30313.03
P036922,2025,1,23263.77
P036924,2025,1,28707.29
P036925,2025,0,0
P036926,2025,1,23718.99
P036928,2025,1,11186.47
P036933,2025,1,18034.49
P036935,2025,1,19199.13
P036936,2025,1,28970.55
P036937,2025,1,40201.45
P036938,2025,1,31608.89
P036939,2025,1,19532.46
P036940,2025,1,61841.36
P036941,2025,1,26631.7
P036942,2025,1,68747.22
P036946,2025,1,100569.72
P036947,2025,1,20038.2
P036950,2025,1,16350.8
P036951,2025,1,33829.32
P036956,2025,1,37290.58
P036957,2025,1,41590.79
P036958,2025,1,65808.7
P036959,2025,1,43491.14
P036960,2025,1,13784.61
P036963,2025,1,12290.49
P036964,2025,1,51904.62
P036966,2025,1,27846.04
P036967,2025,1,0
P036969,2025,1,27464.3
P036973,2025,1,19693.78
P036975,2025,1,27250.14
P036976,2025,1,10996.97
P036977,2025,1,15317.07
P036979,2025,1,11701.51
P036980,2025,1,18776.94
P036983,2025,1,50669.48
P036985,2025,1,36684.94
P036986,2025,1,53920.47
P036987,2025,1,47043.89
P036989,2025,1,18060.38
P036990,2025,1,11532.71
P036992,2025,1,50889.95
P036994,2025,1,19423.56
P036997,2025,0,0
P037004,2025,1,85511.1
P037009,2025,1,18863.16
P037011,2025,1,NA
P037012,2025,1,34049.59
P037013,2025,1,22915.07
P037020,2025,1,24485.97
P037022,2025,1,57669.99
P037023,2025,1,37959.8
P037027,2025,1,24031.04
P037029,2025,1,29460.96
P037031,2025,1,22995.64
P037032,2025,1,24923.41
P037034,2025,1,15379.18
P037035,2025,1,39280.72
P037037,2025,1,50522.7
P037038,2025,1,27138.7
P037040,2025,1,12754.41
P037044,2025,1,32913.51
P037046,2025,1,32367.29
P037048,2025,1,49424.28
P037050,2025,1,73439.24
P037052,2025,0,0
P037053,2025,1,56741.28
P037056,2025,0,0
P037058,2025,1,23067.83
P037059,2025,1,20113.12
P037066,2025,1,66113.87
P037067,2025,1,26625.71
P037068,2025,1,8754.1
P037069,2025,1,94885.57
P037071,2025,1,6431.7
P037072,2025,1,104734.83
P037078,2025,1,13568.28
P037079,2025,1,-17385.23
P037080,2025,1,37451.98
P037081,2025,1,19676.32
P037082,2025,1,24803.92
P037083,2025,1,8214.53
P037087,2025,0,0
P037094,2025,1,15564.5
P037098,2025,1,14054.16
P037099,2025,1,36200.68
P037102,2025,1,47609.19
P037104,2025,1,30880.77
P037105,2025,1,14902.16
P037106,2025,1,16230.57
P037108,2025,1,6930.23
P037109,2025,1,7401.16
P037112,2025,1,29951.28
P037113,2025,1,11455.87
P037121,2025,1,17493.74
P037126,2025,1,23112.42
P037127,2025,1,6940.24
P037129,2025,1,85655.47
P037132,2025,1,18627.14
P037136,2025,1,32160.34
P037140,2025,1,26377.34
P037141,2025,1,38965.96
P037142,2025,1,31229.73
P037145,2025,1,58667.04
P037146,2025,1,40091.51
P037147,2025,1,26049.35
P037150,2025,1,43889.92
P037154,2025,1,46041.02
P037156,2025,1,14070.88
P037157,2025,1,21537.86
P037160,2025,1,66015.45
P037161,2025,1,57139.59
P037166,2025,1,76494.75
P037168,2025,1,23311.12
P037169,2025,1,20286.37
P037171,2025,1,17289.19
P037173,2025,1,31268.6
P037179,2025,1,26515.63
P037182,2025,1,6708.92
P037187,2025,1,18660.45
P037188,2025,1,79145.02
P037189,2025,1,44712.14
P037190,2025,1,18836.43
P037191,2025,1,26769.58
P037194,2025,1,52178.24
P037195,2025,1,43053.57
P037197,2025,1,11341.26
P037198,2025,1,13545.51
P037199,2025,1,16781.28
P037205,2025,1,11399.67
P037207,2025,1,13702.82
P037210,2025,1,27053.84
P037214,2025,1,86106.87
P037215,2025,1,21629.86
P037218,2025,1,25990.22
P037220,2025,1,58989.98
P037221,2025,1,67654.56
P037222,2025,1,43385.41
P037225,2025,1,16726.65
P037227,2025,1,32257.25
P037237,2025,1,49752.28
P037239,2025,1,31577.42
P037240,2025,1,8904.07
P037242,2025,1,37413.62
P037244,2025,1,54638.07
P037246,2025,1,27826.07
P037247,2025,1,56877.9
P037248,2025,1,19836.43
P037250,2025,1,37636.89
P037252,2025,1,17096.68
P037253,2025,1,9303.66
P037254,2025,1,47594.89
P037257,2025,1,30054.21
P037258,2025,1,29579.75
P037261,2025,1,14999.59
P037264,2025,1,15128.83
P037265,2025,1,92288.69
P037267,2025,1,51075.93
P037268,2025,1,68794.98
P037269,2025,1,67597.52
P037270,2025,1,29708.21
P037272,2025,1,23811.2
P037277,2025,1,47221.62
P037279,2025,1,26716.79
P037281,2025,1,34568.57
P037285,2025,1,22687.48
P037286,2025,1,103711.28
P037287,2025,1,13230.28
P037289,2025,1,28685.67
P037292,2025,1,13829.67
P037295,2025,1,30618.42
P037296,2025,1,20515.85
P037298,2025,1,25137.23
P037300,2025,1,41301.56
P037303,2025,1,31782.06
P037307,2025,1,43117.44
P037308,2025,1,19475.15
P037310,2025,1,46149.77
P037311,2025,1,18051.33
P037312,2025,1,44928.48
P037314,2025,1,10386.53
P037317,2025,1,16804.82
P037319,2025,1,10863.35
P037320,2025,1,52843.22
P037321,2025,1,27788.76
P037325,2025,1,68969.72
P037331,2025,1,17695.09
P037332,2025,1,25889.26
P037333,2025,1,14267.85
P037334,2025,1,25954.35
P037339,2025,1,39655.91
P037341,2025,1,41414.78
P037344,2025,1,13706.64
P037345,2025,1,27581.01
P037347,2025,1,40414.32
P037348,2025,1,34436.27
P037349,2025,1,23978.3
P037353,2025,1,19768.75
P037355,2025,1,43728.55
P037356,2025,1,25958.23
P037357,2025,1,25334.43
P037359,2025,1,18012.26
P037362,2025,1,10313.82
P037366,2025,1,29233.26
P037369,2025,1,39443.78
P037371,2025,1,25497.04
P037372,2025,1,28858.9
P037373,2025,1,41309
P037374,2025,1,63613.51
P037375,2025,1,13394.34
P037381,2025,1,5474.01
P037383,2025,1,48135.57
P037384,2025,1,34813.26
P037385,2025,1,-155240.35
P037388,2025,1,22697.28
P037393,2025,1,7608.1
P037394,2025,1,76580.77
P037396,2025,1,16414.26
P037397,2025,1,7376.98
P037400,2025,1,41339.96
P037401,2025,1,25198.28
P037403,2025,1,31628.44
P037405,2025,1,20446.26
P037406,2025,1,53290.06
P037410,2025,1,109337.91
P037412,2025,1,40432.75
P037416,2025,1,29472.98
P037417,2025,1,24966.53
P037418,2025,1,23501.15
P037419,2025,1,17738.72
P037423,2025,1,18703.03
P037425,2025,1,16677.28
P037426,2025,1,19295.27
P037427,2025,1,54342.01
P037431,2025,1,35742.89
P037432,2025,1,10328.38
P037433,2025,1,69147.23
P037435,2025,1,32991.17
P037437,2025,1,54888.95
P037440,2025,1,18806.95
P037441,2025,1,77941.79
P037446,2025,1,72355.81
P037447,2025,1,18330.18
P037451,2025,1,35759.73
P037463,2025,1,15507.43
P037468,2025,1,63349.33
P037470,2025,1,33004.56
P037473,2025,1,24407.06
P037475,2025,1,11819.28
P037479,2025,1,48478.51
P037480,2025,1,60340.6
P037481,2025,1,64069.47
P037483,2025,1,13477.38
P037487,2025,1,129540.67
P037489,2025,1,24899.21
P037490,2025,1,15297.51
P037491,2025,1,10625.83
P037492,2025,1,16964.09
P037494,2025,1,33926.85
P037496,2025,1,14322.41
P037503,2025,1,21810.75
P037504,2025,1,31496.21
P037507,2025,1,35897.42
P037508,2025,1,25755
P037511,2025,1,28967.51
P037512,2025,1,42550.09
P037513,2025,1,33246.3
P037515,2025,1,14862.36
P037519,2025,1,13217.65
P037520,2025,1,38241.71
P037522,2025,1,28360.29
P037523,2025,1,35526.84
P037524,2025,1,52807.04
P037527,2025,1,22104.25
P037529,2025,1,55341.64
P037538,2025,1,9627.13
P037540,2025,1,36901.18
P037544,2025,1,18450.63
P037545,2025,1,14942.47
P037546,2025,1,13490.51
P037547,2025,1,74066.33
P037548,2025,1,8286.93
P037549,2025,1,17721.34
P037550,2025,1,31086.49
P037553,2025,1,23368.69
P037554,2025,1,26366.94
P037557,2025,1,29053.46
P037559,2025,1,9782.62
P037562,2025,1,22227.58
P037563,2025,1,49713.89
P037564,2025,1,6071.07
P037566,2025,1,22823.54
P037567,2025,1,4879.85
P037568,2025,1,48165.21
P037570,2025,1,26395.67
P037572,2025,1,37144.22
P037573,2025,1,33291.03
P037574,2025,1,36204.1
P037576,2025,1,32930.1
P037577,2025,1,32835.59
P037578,2025,1,31789.55
P037580,2025,1,10509.21
P037582,2025,1,13947.15
P037586,2025,1,17959.83
P037588,2025,1,14300.74
P037589,2025,1,13348.48
P037590,2025,1,7557.61
P037591,2025,1,51110.19
P037592,2025,1,9291.18
P037593,2025,1,43328.24
P037594,2025,1,NA
P037596,2025,1,10496.15
P037598,2025,1,69067.43
P037599,2025,1,12161.15
P037601,2025,1,69257.86
P037603,2025,1,40909.16
P037605,2025,1,22119.93
P037608,2025,1,13400.98
P037610,2025,1,76933.97
P037611,2025,1,12737.11
P037612,2025,1,-67819.81
P037616,2025,1,26892.93
P037617,2025,1,53811.21
P037620,2025,1,7993.41
P037621,2025,1,8721.11
P037624,2025,1,29193.98
P037627,2025,1,4775.28
P037633,2025,1,20808.8
P037634,2025,1,37250.98
P037637,2025,1,17162.39
P037638,2025,1,40990.23
P037641,2025,1,42446.1
P037643,2025,1,57237.48
P037648,2025,1,36342.94
P037649,2025,1,18820.56
P037651,2025,1,10580.8
P037656,2025,1,24837.91
P037658,2025,1,39353.25
P037660,2025,1,83856.04
P037661,2025,1,20012.39
P037662,2025,1,37342.68
P037664,2025,1,46571.51
P037665,2025,1,NA
P037667,2025,1,16207.49
P037670,2025,1,69359.48
P037672,2025,1,46282.1
P037676,2025,1,50066.09
P037680,2025,1,12773.97
P037684,2025,1,66374.17
P037687,2025,1,49022.89
P037689,2025,1,41549.94
P037691,2025,1,15987.77
P037692,2025,1,10923.96
P037696,2025,1,33861.28
P037702,2025,1,21920.58
P037705,2025,1,56012.99
P037709,2025,1,73631.05
P037710,2025,1,14540.99
P037711,2025,1,8147.78
P037712,2025,1,47191.53
P037714,2025,1,60098.8
P037716,2025,1,17156.8
P037718,2025,1,15333.17
P037728,2025,1,79218.75
P037731,2025,1,30864.04
P037733,2025,1,54311.4
P037736,2025,1,24857
P037737,2025,1,11672.75
P037746,2025,1,108110.03
P037748,2025,1,28984.47
P037749,2025,1,17941.93
P037750,2025,1,12668.58
P037753,2025,1,15572.31
P037754,2025,1,96191
P037756,2025,1,12437.47
P037764,2025,1,22328.39
P037769,2025,1,23151.53
P037770,2025,1,27232.77
P037771,2025,1,12601.75
P037772,2025,1,66930.16
P037773,2025,1,89991.22
P037775,2025,1,29041.64
P037783,2025,1,22671.5
P037787,2025,1,16677.64
P037794,2025,1,57822.66
P037802,2025,1,20778.81
P037805,2025,0,0
P037807,2025,1,34233.16
P037809,2025,1,52015.15
P037813,2025,1,37370.32
P037815,2025,1,33839.7
P037816,2025,1,23580.49
P037818,2025,1,78074.84
P037821,2025,1,16021.66
P037826,2025,1,30030.53
P037828,2025,1,36728.94
P037832,2025,1,15684.89
P037838,2025,1,49239.73
P037839,2025,1,40263.21
P037840,2025,1,19499.96
P037842,2025,0,0
P037846,2025,1,79460.23
P037847,2025,1,71106.65
P037849,2025,1,37151.57
P037852,2025,1,6149.13
P037853,2025,1,76666.72
P037854,2025,1,18603.75
P037855,2025,1,14864.31
P037856,2025,0,0
P037858,2025,1,4436.24
P037859,2025,1,34619.01
P037860,2025,1,22176.68
P037862,2025,1,27873.89
P037866,2025,1,40418.02
P037870,2025,0,0
P037872,2025,1,24737.67
P037873,2025,1,29325.68
P037875,2025,1,21120.02
P037878,2025,1,56626.41
P037879,2025,1,53930.82
P037880,2025,1,31730.37
P037883,2025,1,33298.56
P037885,2025,1,12118.77
P037886,2025,1,33847.01
P037892,2025,1,11997.31
P037894,2025,1,43576.53
P037895,2025,1,13680.2
P037897,2025,1,23633.44
P037903,2025,1,72461.39
P037906,2025,1,120200.84
P037907,2025,1,12174.37
P037909,2025,1,10854.76
P037911,2025,1,47892.09
P037914,2025,1,35939.11
P037918,2025,1,32757.05
P037921,2025,1,78090.9
P037923,2025,1,21574.21
P037924,2025,1,39868.69
P037927,2025,1,47493.2
P037928,2025,1,63569.11
P037929,2025,1,35072.84
P037932,2025,1,46074.62
P037933,2025,1,80083.71
P037934,2025,1,49649.79
P037935,2025,1,39083.67
P037939,2025,1,31989.64
P037942,2025,1,32857.72
P037943,2025,1,48604.87
P037945,2025,1,68121.19
P037948,2025,1,9127.05
P037949,2025,1,10050.49
P037951,2025,1,31067.49
P037954,2025,1,17981.03
P037955,2025,1,5367.08
P037956,2025,1,73034.42
P037963,2025,1,18048.81
P037964,2025,1,24054.34
P037966,2025,1,17536.53
P037969,2025,1,7776.8
P037970,2025,1,42718.09
P037975,2025,1,11712.4
P037977,2025,1,19158.19
P037982,2025,1,10404.88
P037983,2025,1,28237.25
P037984,2025,1,28062.48
P037988,2025,1,10538.22
P037989,2025,1,13470.6
P037990,2025,1,-12873.72
P037991,2025,1,21952.03
P037994,2025,1,29596.51
P037995,2025,1,61502.53
P037998,2025,1,14715.97
P038005,2025,1,62351.38
P038006,2025,1,27553.77
P038007,2025,1,99019.7
P038013,2025,1,62436.18
P038016,2025,1,8880.14
P038018,2025,1,8599.71
P038019,2025,1,82163.53
P038020,2025,1,7629.82
P038022,2025,1,9213.93
P038026,2025,1,15044.74
P038033,2025,1,22312.47
P038036,2025,0,0
P038038,2025,1,39990.71
P038044,2025,1,33373.54
P038046,2025,1,24758.06
P038049,2025,1,31014.68
P038050,2025,1,24855.92
P038051,2025,1,85638.16
P038055,2025,1,14702.31
P038058,2025,1,46829.78
P038063,2025,1,19086.93
P038065,2025,1,10344.46
P038066,2025,1,14441.04
P038069,2025,1,69802.78
P038072,2025,1,71771.45
P038073,2025,1,25684.93
P038078,2025,1,46999.43
P038080,2025,1,50064.92
P038081,2025,1,37803.23
P038082,2025,1,44142.36
P038086,2025,1,31360.46
P038087,2025,1,24378.84
P038091,2025,1,34775.96
P038092,2025,1,27830.9
P038094,2025,1,24839.28
P038095,2025,1,0
P038097,2025,1,26193.1
P038098,2025,1,70353.14
P038101,2025,1,20245.65
P038103,2025,1,25999.3
P038105,2025,1,50258.76
P038108,2025,1,32019.06
P038109,2025,1,43777.82
P038111,2025,1,19688
P038114,2025,1,17422.82
P038117,2025,1,59451.81
P038119,2025,1,63671.43
P038120,2025,1,4129.65
P038121,2025,1,34955.33
P038123,2025,1,32059.67
P038126,2025,1,32870.22
P038127,2025,1,36756.62
P038131,2025,1,42604.96
P038132,2025,1,98270.91
P038136,2025,1,41898.53
P038139,2025,1,41743.17
P038143,2025,1,26608.17
P038147,2025,1,96211.14
P038148,2025,1,25549.15
P038151,2025,1,86175.26
P038156,2025,1,19702.5
P038158,2025,1,42503.8
P038160,2025,1,38395.67
P038161,2025,1,15906.97
P038162,2025,1,47614.04
P038163,2025,1,47879.26
P038164,2025,1,104465.29
P038168,2025,1,44508.77
P038170,2025,1,40586.57
P038171,2025,1,21870.75
P038172,2025,1,14887.44
P038173,2025,1,15797.05
P038174,2025,1,14361.93
P038175,2025,1,34597.85
P038177,2025,1,44863.62
P038178,2025,1,15449.76
P038179,2025,1,22791.14
P038185,2025,1,15640.32
P038186,2025,1,16946.26
P038188,2025,1,8868.17
P038192,2025,1,53886.07
P038193,2025,1,26028.02
P038195,2025,1,63890.55
P038201,2025,1,20368.7
P038203,2025,1,34786.71
P038208,2025,1,22584.53
P038211,2025,1,-25572.6
P038216,2025,1,41530.13
P038217,2025,1,13906.2
P038220,2025,1,57889.56
P038222,2025,1,24019.59
P038224,2025,1,NA
P038225,2025,1,42896.97
P038228,2025,1,41383.52
P038229,2025,1,26599.86
P038230,2025,1,24576.91
P038232,2025,1,19430.9
P038233,2025,1,42685.14
P038234,2025,1,43151.75
P038237,2025,1,58074.32
P038239,2025,1,14922.09
P038242,2025,1,8707.37
P038244,2025,1,21398.6
P038245,2025,1,18733.94
P038246,2025,1,8645.28
P038247,2025,1,13845.69
P038250,2025,0,0
P038251,2025,1,29056.36
P038254,2025,1,30680.46
P038255,2025,1,27954.64
P038258,2025,1,17391.63
P038259,2025,1,72418.01
P038260,2025,1,52367.66
P038261,2025,1,33510.22
P038263,2025,1,33124.82
P038265,2025,1,11528.04
P038268,2025,1,45931.2
P038269,2025,1,25743.09
P038272,2025,1,31386.25
P038273,2025,1,43703.97
P038276,2025,1,41726.87
P038283,2025,1,73369.76
P038285,2025,1,49489.57
P038286,2025,1,27815.95
P038288,2025,1,50077.78
P038291,2025,1,30385.92
P038293,2025,1,60420.7
P038294,2025,1,27930.66
P038296,2025,0,0
P038298,2025,1,38006.82
P038299,2025,1,9555.59
P038303,2025,1,50322.01
P038306,2025,1,14888.21
P038308,2025,1,NA
P038310,2025,1,21250.2
P038311,2025,1,38592.94
P038312,2025,1,53277.92
P038313,2025,1,50558.16
P038315,2025,1,32375.44
P038317,2025,1,89136.16
P038323,2025,1,40306.93
P038325,2025,1,24241.35
P038329,2025,1,99692.92
P038331,2025,1,14068.95
P038332,2025,1,47059.92
P038333,2025,1,28538.07
P038338,2025,1,22674.38
P038341,2025,1,30905.54
P038345,2025,1,12557.51
P038346,2025,1,19675.27
P038347,2025,1,24853.71
P038348,2025,1,-32787.07
P038349,2025,1,30923.18
P038352,2025,1,37883.82
P038353,2025,1,52104.14
P038354,2025,1,15302.22
P038356,2025,1,29823.06
P038358,2025,1,18104.91
P038362,2025,1,19290.73
P038364,2025,1,32101.97
P038366,2025,1,27153.31
P038368,2025,1,52747.23
P038371,2025,1,16021.27
P038372,2025,1,19338.39
P038375,2025,1,36683.99
P038377,2025,1,12023.08
P038378,2025,1,16827.15
P038383,2025,1,35695
P038386,2025,1,69453.18
P038390,2025,1,1680.17
P038391,2025,1,21031.93
P038392,2025,1,21217.91
P038393,2025,1,149391.99
P038395,2025,1,47280.13
P038396,2025,1,22801.22
P038398,2025,1,13487.74
P038399,2025,1,14012.4
P038400,2025,1,8260.66
P038403,2025,1,61695.68
P038411,2025,1,16766.7
P038414,2025,1,28266.5
P038417,2025,1,23094.88
P038424,2025,1,29813.97
P038427,2025,1,7806.29
P038428,2025,1,80270.43
P038429,2025,1,17979.86
P038430,2025,1,48866.24
P038434,2025,1,44485.97
P038436,2025,1,41890.01
P038438,2025,1,19401.57
P038440,2025,1,66352.32
P038443,2025,1,25059.2
P038444,2025,1,16734.95
P038445,2025,1,21266.96
P038446,2025,0,0
P038447,2025,1,86023.58
P038448,2025,1,47111.44
P038453,2025,1,31959.93
P038455,2025,1,52420.52
P038458,2025,1,28328.96
P038459,2025,1,62119.82
P038461,2025,1,27071.69
P038464,2025,1,33464.95
P038465,2025,1,41407.09
P038470,2025,1,50114.87
P038471,2025,1,31223.94
P038478,2025,1,56092.66
P038480,2025,1,57073.76
P038482,2025,1,22381.74
P038486,2025,1,27480.25
P038490,2025,1,72027.61
P038491,2025,1,32689.21
P038494,2025,1,20277.18
P038496,2025,1,19020.23
P038498,2025,1,10766.23
P038510,2025,1,13879.78
P038514,2025,0,0
P038516,2025,1,49851.74
P038518,2025,1,37619.64
P038520,2025,1,15257.5
P038523,2025,1,23650.31
P038528,2025,1,24181.34
P038529,2025,1,23032.7
P038530,2025,1,10291.88
P038531,2025,1,66578.56
P038536,2025,1,12481.62
P038538,2025,1,36622.61
P038539,2025,1,19223.25
P038547,2025,1,10614.74
P038549,2025,1,6746.71
P038550,2025,1,39945.3
P038552,2025,1,53000.04
P038554,2025,1,24530.21
P038556,2025,1,11127.58
P038557,2025,1,52100.76
P038558,2025,1,20496.04
P038564,2025,1,46583.74
P038565,2025,1,27080
P038566,2025,1,19254.92
P038567,2025,1,42556.3
P038570,2025,1,19926.63
P038571,2025,1,34487.15
P038573,2025,1,24774.78
P038575,2025,1,7886.44
P038576,2025,1,51765.98
P038579,2025,1,38007.08
P038581,2025,1,15329.07
P038582,2025,1,47285.48
P038585,2025,1,13873.04
P038587,2025,1,115343.33
P038589,2025,1,NA
P038590,2025,1,31923.19
P038593,2025,1,50820.2
P038595,2025,1,30584.79
P038603,2025,1,18058.63
P038605,2025,1,7078.62
P038607,2025,1,71159.97
P038608,2025,1,37155.72
P038609,2025,1,93348.57
P038610,2025,1,210820.19
P038611,2025,1,81692.65
P038612,2025,1,30007.38
P038616,2025,1,21944.64
P038618,2025,1,35150.87
P038621,2025,1,45506.12
P038622,2025,1,16743.04
P038624,2025,1,30853.22
P038625,2025,1,22062.29
P038626,2025,1,87828.81
P038630,2025,1,7041.63
P038632,2025,1,17470.32
P038633,2025,1,19260.09
P038634,2025,1,60494.58
P038636,2025,1,111784.64
P038638,2025,1,35741.05
P038639,2025,1,56035.29
P038641,2025,1,66090.38
P038644,2025,1,32527.01
P038645,2025,1,10441.99
P038646,2025,0,0
P038649,2025,1,45507.28
P038653,2025,1,43099.83
P038656,2025,1,41579.45
P038657,2025,1,64698.38
P038658,2025,1,21318.73
P038659,2025,1,38884.71
P038664,2025,1,87642.37
P038666,2025,1,28400.49
P038667,2025,1,9656.55
P038669,2025,1,27501.48
P038671,2025,1,78071.27
P038672,2025,1,NA
P038677,2025,1,29090.99
P038678,2025,1,16798.25
P038680,2025,1,44080.94
P038683,2025,1,32201.68
P038685,2025,1,8884.69
P038687,2025,1,15359.92
P038688,2025,1,33478.46
P038690,2025,1,14315.52
P038692,2025,1,8141.83
P038693,2025,1,9552.97
P038694,2025,1,39746.56
P038697,2025,1,31347.19
P038698,2025,1,23657.73
P038701,2025,1,18426.11
P038703,2025,1,147191.32
P038707,2025,1,22527.65
P038708,2025,1,8169.94
P038709,2025,1,88812.35
P038712,2025,1,37083.95
P038713,2025,1,59048.8
P038718,2025,1,71349.13
P038719,2025,1,33089.51
P038720,2025,1,44891.82
P038723,2025,0,0
P038726,2025,1,4585.27
P038730,2025,1,60585.05
P038733,2025,0,0
P038737,2025,1,49389.12
P038740,2025,1,36614.04
P038743,2025,1,41845.79
P038745,2025,1,17209.18
P038750,2025,1,53692.26
P038751,2025,1,38388.98
P038752,2025,1,41534.86
P038753,2025,1,65737.41
P038756,2025,1,11358.53
P038758,2025,1,28601.43
P038759,2025,1,54143.4
P038760,2025,1,30838.67
P038761,2025,1,36731.49
P038763,2025,1,34791.17
P038764,2025,1,31917.92
P038768,2025,1,66096.55
P038769,2025,1,23533.81
P038772,2025,1,41396.26
P038773,2025,1,21059.81
P038774,2025,1,35286.54
P038776,2025,1,90144.18
P038777,2025,1,36829.14
P038780,2025,1,40289.87
P038781,2025,1,43628.62
P038784,2025,1,21817.72
P038785,2025,1,22433.75
P038787,2025,1,129008.21
P038789,2025,1,84145.22
P038790,2025,1,45014.87
P038791,2025,1,45516.17
P038793,2025,1,51242.01
P038794,2025,1,17751.41
P038795,2025,1,25041.19
P038798,2025,1,86116.42
P038799,2025,1,20684.04
P038803,2025,1,30509.28
P038807,2025,1,12523.62
P038810,2025,1,31365.54
P038812,2025,1,106511.09
P038814,2025,1,0
P038815,2025,1,14550.52
P038822,2025,1,56923.92
P038823,2025,1,25427.18
P038824,2025,1,29429.94
P038827,2025,1,21043.82
P038831,2025,1,72835.65
P038834,2025,1,34194.96
P038836,2025,1,45412.06
P038842,2025,1,11791.66
P038844,2025,1,26736.12
P038849,2025,1,23504.47
P038851,2025,1,79693.2
P038852,2025,1,20580.54
P038858,2025,1,0
P038859,2025,1,18712.29
P038862,2025,1,57151.93
P038864,2025,1,57551.61
P038865,2025,1,45785.23
P038866,2025,1,48756.04
P038867,2025,1,25625.48
P038868,2025,1,29920.25
P038869,2025,1,14559.05
P038870,2025,1,16915.86
P038872,2025,1,6045.26
P038873,2025,1,8833.67
P038875,2025,1,21123.65
P038879,2025,1,27885.55
P038880,2025,1,41771.51
P038884,2025,1,16540.88
P038888,2025,1,15499.01
P038889,2025,1,13237.89
P038891,2025,1,14109.06
P038892,2025,1,9547.36
P038895,2025,1,49832.01
P038896,2025,0,0
P038901,2025,1,64752.36
P038903,2025,1,41983.1
P038904,2025,1,35826.2
P038905,2025,0,0
P038906,2025,1,30548.16
P038910,2025,1,86791.58
P038911,2025,1,69394.12
P038913,2025,1,64096.59
P038917,2025,1,15997.95
P038918,2025,1,18397.04
P038920,2025,1,26385.86
P038921,2025,1,13268.65
P038924,2025,1,45040.59
P038926,2025,1,32225.64
P038927,2025,0,0
P038928,2025,1,23813.29
P038930,2025,1,10510.91
P038931,2025,1,73213.37
P038934,2025,1,25784.98
P038935,2025,1,29568.51
P038942,2025,1,34315.46
P038943,2025,1,8762.02
P038946,2025,1,16354.43
P038949,2025,1,13493.1
P038950,2025,1,38015.87
P038951,2025,1,47587.14
P038952,2025,1,16113.98
P038958,2025,1,15321.94
P038960,2025,1,7311.55
P038961,2025,1,44348.22
P038963,2025,1,52090.55
P038966,2025,1,18933.14
P038967,2025,1,9702.58
P038971,2025,1,-86325.75
P038973,2025,1,40792.54
P038979,2025,1,24873.33
P038982,2025,1,10732.76
P038983,2025,1,10595.44
P038984,2025,1,35103.93
P038989,2025,1,44165.18
P038991,2025,1,33382.27
P038994,2025,1,45435.11
P038995,2025,1,26707.62
P038996,2025,1,11714.8
P038998,2025,1,-32463.76
P038999,2025,1,38817.07
P039002,2025,1,48939.68
P039004,2025,1,10246.82
P039005,2025,1,48384.11
P039006,2025,1,21842.94
P039008,2025,1,17909.69
P039009,2025,1,16248.96
P039011,2025,1,13989.84
P039014,2025,1,45846.58
P039016,2025,1,54459.89
P039017,2025,1,42314.28
P039018,2025,1,19399.69
P039021,2025,1,45766.08
P039024,2025,1,21530
P039025,2025,1,25710.1
P039026,2025,1,74822.06
P039029,2025,1,20532.41
P039030,2025,1,12050.29
P039034,2025,1,10334.54
P039035,2025,1,44859.48
P039037,2025,1,25880.92
P039038,2025,1,33671.68
P039041,2025,1,18855.07
P039042,2025,1,35098.18
P039043,2025,1,44633.93
P039046,2025,1,17507.98
P039050,2025,1,15477.49
P039053,2025,1,39160.95
P039054,2025,1,33520.3
P039055,2025,1,22239.22
P039056,2025,1,32144.14
P039057,2025,1,54792.64
P039058,2025,1,27483.8
P039060,2025,1,17755.04
P039062,2025,1,53081.85
P039066,2025,1,62265.21
P039067,2025,1,25179.37
P039069,2025,1,55220.27
P039070,2025,1,35168.42
P039071,2025,1,13491.83
P039075,2025,1,10568.07
P039081,2025,1,17159.66
P039083,2025,1,9881.02
P039084,2025,1,36333.49
P039085,2025,1,42320.98
P039094,2025,1,62220.53
P039095,2025,1,13908.5
P039098,2025,1,17655.45
P039100,2025,1,49970.17
P039102,2025,1,41128.63
P039104,2025,1,12944.88
P039106,2025,1,66342.09
P039110,2025,1,17675.55
P039111,2025,1,49559.2
P039112,2025,1,12237.86
P039117,2025,1,70482.1
P039125,2025,1,20983.96
P039126,2025,1,21152.26
P039128,2025,1,24027.94
P039129,2025,1,4701.84
P039131,2025,1,10311.87
P039132,2025,1,26755.95
P039136,2025,1,29912.05
P039137,2025,1,3831.11
P039138,2025,1,17403.79
P039139,2025,1,16985.61
P039144,2025,1,29350.7
P039145,2025,1,49389.97
P039154,2025,1,16714.08
P039156,2025,1,73959.27
P039157,2025,1,23653.02
P039158,2025,1,31607.35
P039159,2025,0,0
P039164,2025,1,32615.32
P039173,2025,1,29561.53
P039178,2025,1,24884.94
P039180,2025,1,13326.65
P039181,2025,1,40547.69
P039184,2025,1,32146.18
P039185,2025,1,65097.5
P039190,2025,1,26602.11
P039196,2025,1,49845.5
P039197,2025,1,44243.75
P039201,2025,1,10206.71
P039202,2025,1,41447.85
P039203,2025,1,48373.4
P039205,2025,1,15271.96
P039207,2025,1,95472.85
P039211,2025,1,95614.88
P039213,2025,1,45931.11
P039215,2025,1,12767.47
P039219,2025,1,20346.95
P039224,2025,1,15764.63
P039227,2025,1,29768.99
P039228,2025,1,32559.61
P039229,2025,1,13184.27
P039231,2025,1,12363.57
P039235,2025,1,15496.76
P039237,2025,1,38954.55
P039238,2025,1,39580.98
P039239,2025,1,41046.87
P039242,2025,1,17652.44
P039243,2025,1,27587.59
P039244,2025,1,28755.54
P039246,2025,1,19672.33
P039260,2025,1,65687.57
P039261,2025,1,22956.69
P039265,2025,1,10927.83
P039267,2025,1,40787.51
P039268,2025,1,23113.68
P039272,2025,1,13392.73
P039275,2025,1,141306.93
P039280,2025,1,14884.85
P039285,2025,1,36612.29
P039287,2025,1,17742.56
P039290,2025,1,40319.35
P039293,2025,1,12211.84
P039294,2025,1,40015.06
P039299,2025,1,23976.34
P039300,2025,1,27380.47
P039307,2025,1,42502.59
P039308,2025,1,81806.44
P039310,2025,1,35692.86
P039311,2025,1,-10690.2
P039315,2025,1,54972.31
P039317,2025,1,50314.54
P039319,2025,1,16255.63
P039320,2025,1,30425.3
P039321,2025,1,26146.5
P039324,2025,0,0
P039325,2025,1,18001.51
P039331,2025,1,25198.4
P039332,2025,1,9378.96
P039333,2025,1,31007.63
P039334,2025,1,-20308.91
P039335,2025,1,25597.5
P039336,2025,1,40072.56
P039338,2025,1,48418.07
P039340,2025,1,36541.68
P039343,2025,1,28262.25
P039344,2025,1,13144.3
P039347,2025,1,30590.73
P039348,2025,1,9198.6
P039351,2025,1,19793.16
P039353,2025,1,12305.65
P039354,2025,1,15328.21
P039355,2025,1,25726.95
P039359,2025,1,9463.34
P039362,2025,1,26758.42
P039364,2025,1,43269.11
P039365,2025,1,48230.65
P039366,2025,1,53794.22
P039369,2025,1,39904.71
P039371,2025,1,23307.47
P039374,2025,1,11457.84
P039379,2025,1,14813.22
P039382,2025,1,52538.79
P039384,2025,1,29279.59
P039385,2025,1,18907.63
P039386,2025,1,36892.46
P039387,2025,1,15098.02
P039388,2025,1,11974.98
P039389,2025,1,31207.99
P039390,2025,1,14803.05
P039393,2025,1,20932.49
P039394,2025,1,38086.77
P039396,2025,1,26088.3
P039397,2025,1,78479.72
P039400,2025,1,38541.56
P039401,2025,1,16595.05
P039402,2025,1,15713.7
P039403,2025,1,38902.41
P039405,2025,1,-37813.36
P039408,2025,1,30029.54
P039411,2025,1,50817.32
P039412,2025,1,3811.68
P039413,2025,1,41223.14
P039419,2025,1,25451.96
P039420,2025,1,31700.32
P039422,2025,1,31844.23
P039424,2025,1,30598.94
P039425,2025,1,NA
P039426,2025,1,19913.03
P039428,2025,1,24322.65
P039433,2025,1,7036.41
P039434,2025,1,35605.31
P039435,2025,1,20616.95
P039436,2025,1,38832.43
P039437,2025,1,32509.61
P039439,2025,1,30133.5
P039445,2025,1,18469.8
P039448,2025,1,19761.49
P039449,2025,1,9023.8
P039458,2025,1,41194.81
P039460,2025,1,31818.7
P039461,2025,1,22013.73
P039463,2025,1,27897.96
P039464,2025,1,13480.19
P039467,2025,1,15929.45
P039468,2025,1,29916.97
P039470,2025,1,14708.69
P039472,2025,1,68396.81
P039476,2025,1,43148.7
P039477,2025,1,36612.31
P039479,2025,1,10464.75
P039483,2025,1,16238.31
P039484,2025,1,26724.03
P039485,2025,1,27971.86
P039487,2025,1,42861.07
P039488,2025,1,11956.96
P039492,2025,1,24951.5
P039493,2025,1,23351.05
P039494,2025,1,45503.34
P039497,2025,1,31877.11
P039498,2025,1,64853.7
P039499,2025,1,54969.59
P039500,2025,1,46919.81
P039501,2025,1,34630.08
P039503,2025,1,27704.73
P039504,2025,1,12990.89
P039505,2025,1,94182.35
P039508,2025,1,23810.59
P039510,2025,1,12773.2
P039511,2025,1,54315.83
P039513,2025,1,6919.53
P039516,2025,1,16092.34
P039517,2025,1,41421.83
P039519,2025,1,28446.1
P039520,2025,1,35534.74
P039522,2025,1,10048.11
P039523,2025,1,13241.29
P039526,2025,1,20910.27
P039532,2025,1,26745.53
P039533,2025,1,12209.08
P039534,2025,1,28137.44
P039537,2025,1,50861.79
P039540,2025,1,9030.77
P039549,2025,1,5456.59
P039552,2025,1,15406.78
P039555,2025,1,37082.18
P039556,2025,0,0
P039562,2025,1,41493.09
P039565,2025,1,55596.76
P039569,2025,1,57208.64
P039571,2025,1,47828.57
P039573,2025,1,68541.68
P039581,2025,1,19555.89
P039582,2025,1,12030.32
P039583,2025,1,69793.06
P039585,2025,1,-75751.54
P039589,2025,1,26517.48
P039590,2025,1,25000.2
P039591,2025,1,18660.92
P039592,2025,1,19653.64
P039594,2025,1,29535.53
P039597,2025,1,125021.15
P039600,2025,1,29650.08
P039604,2025,1,44353.2
P039607,2025,1,22857.59
P039608,2025,1,36514.05
P039612,2025,1,55361.68
P039614,2025,1,82058.25
P039615,2025,1,13197.43
P039617,2025,1,76555.54
P039619,2025,1,51478.66
P039622,2025,1,34735.12
P039625,2025,1,10943.61
P039630,2025,1,60182.7
P039632,2025,1,25677.89
P039634,2025,0,0
P039640,2025,1,38392.78
P039641,2025,1,38016.46
P039642,2025,1,59512.42
P039643,2025,1,16257.83
P039644,2025,1,27911.34
P039649,2025,1,15825.76
P039650,2025,1,89395.32
P039652,2025,1,48931.78
P039654,2025,1,25898.67
P039655,2025,1,55493.87
P039659,2025,1,39693.98
P039662,2025,1,17615.98
P039664,2025,1,16756.67
P039665,2025,1,45531.59
P039666,2025,0,0
P039672,2025,1,64079.12
P039673,2025,1,40375.42
P039676,2025,1,38247.78
P039680,2025,1,6321.2
P039681,2025,0,0
P039682,2025,1,7177.75
P039684,2025,1,39663.95
P039685,2025,1,40530.84
P039692,2025,1,32462.35
P039693,2025,1,6680.85
P039694,2025,1,21876.78
P039696,2025,1,99434.59
P039701,2025,1,30884.9
P039705,2025,1,9582.29
P039708,2025,1,127629.04
P039709,2025,1,16447.74
P039711,2025,1,6484.28
P039714,2025,1,10299.12
P039719,2025,1,49058.88
P039720,2025,1,91714.66
P039725,2025,1,11524.9
P039731,2025,1,30206.71
P039733,2025,1,96518.84
P039735,2025,1,19744.37
P039736,2025,0,0
P039737,2025,1,28973.63
P039738,2025,1,43291.23
P039742,2025,1,8692.5
P039743,2025,1,42010.67
P039745,2025,1,14286.45
P039747,2025,1,50392.56
P039749,2025,1,5379.72
P039751,2025,1,15134.98
P039752,2025,1,19127.37
P039753,2025,1,20438.46
P039754,2025,1,42211.93
P039755,2025,0,0
P039757,2025,1,51962
P039758,2025,1,34420.98
P039759,2025,1,76455.99
P039761,2025,1,22104.15
P039765,2025,1,16004.39
P039766,2025,1,9702.42
P039767,2025,1,36266.54
P039768,2025,1,35992.24
P039770,2025,1,7574.88
P039773,2025,1,15273.77
P039779,2025,1,24103.3
P039781,2025,1,21518.28
P039783,2025,1,23699.13
P039785,2025,1,31448.42
P039788,2025,1,13154.6
P039790,2025,1,50765.78
P039791,2025,1,32084.75
P039795,2025,1,65964.04
P039797,2025,1,11694.02
P039799,2025,1,55166.9
P039805,2025,1,8380.52
P039809,2025,1,34112.01
P039810,2025,1,28488.74
P039812,2025,1,38953.61
P039815,2025,1,43614.97
P039816,2025,1,16212.11
P039817,2025,1,28105.53
P039821,2025,1,48089.92
P039822,2025,1,59859.89
P039823,2025,1,20537.96
P039824,2025,1,18412.57
P039827,2025,1,12394.57
P039830,2025,1,15609.35
P039831,2025,1,35021.72
P039832,2025,1,63376.9
P039837,2025,1,80280.48
P039839,2025,1,9456.9
P039842,2025,1,101777.65
P039845,2025,1,56756.09
P039846,2025,1,6602.64
P039847,2025,1,48390.26
P039852,2025,1,17307.62
P039853,2025,1,17537.07
P039854,2025,1,58169.43
P039855,2025,1,26696.06
P039856,2025,1,33615.71
P039858,2025,1,7527.49
P039860,2025,1,40143.73
P039863,2025,1,19318.07
P039867,2025,1,29476.4
P039869,2025,1,70093.03
P039870,2025,1,17867.7
P039871,2025,1,53511.06
P039872,2025,1,12217.63
P039873,2025,1,-47638.39
P039876,2025,1,24694.39
P039878,2025,1,0
P039879,2025,1,26688.86
P039880,2025,1,11999.45
P039881,2025,1,22293.98
P039884,2025,1,9638.02
P039889,2025,0,0
P039892,2025,1,60224.55
P039893,2025,1,57748.32
P039895,2025,1,20509.53
P039898,2025,1,34933.66
P039899,2025,1,8179.68
P039901,2025,1,45807.09
P039902,2025,1,39111.59
P039903,2025,1,24772.54
P039904,2025,1,47322.29
P039908,2025,1,23825.61
P039910,2025,1,34006.83
P039911,2025,1,8654.37
P039913,2025,1,25908.05
P039914,2025,1,29743.95
P039917,2025,1,55529.58
P039920,2025,1,42395.65
P039924,2025,1,15565.12
P039925,2025,1,18770.18
P039927,2025,1,18812.32
P039934,2025,1,11535.89
P039937,2025,1,32116.83
P039938,2025,1,61955.96
P039940,2025,1,25655.5
P039941,2025,1,40666.78
P039945,2025,1,14297.38
P039948,2025,1,14565.65
P039949,2025,1,NA
P039952,2025,1,63087.93
P039953,2025,1,56369.06
P039960,2025,1,34113.52
P039963,2025,1,29826.87
P039964,2025,1,22861.84
P039966,2025,1,57764.83
P039967,2025,1,62962.18
P039970,2025,1,44951.84
P039984,2025,0,0
P039986,2025,1,10102.14
P039990,2025,1,0
P039991,2025,1,32992.51
P039993,2025,1,11099.61
P040005,2025,1,12788.19
P040008,2025,1,41410.68
P040015,2025,1,7554.41
P040016,2025,1,58947.35
P040018,2025,1,21296.18
P040020,2025,1,53505.87
P040024,2025,1,32365.14
P040025,2025,1,17441.37
P040028,2025,1,12443.56
P040031,2025,1,38227.66
P040035,2025,1,59240.39
P040036,2025,1,15756.32
P040038,2025,1,15309.83
P040039,2025,1,52717.94
P040042,2025,1,16147.68
P040043,2025,1,11750.06
P040044,2025,1,37885.81
P040047,2025,1,61950.65
P040049,2025,1,21094.2
P040051,2025,1,60008.54
P040052,2025,1,-22378.75
P040053,2025,1,31119.66
P040056,2025,1,26948.07
P040057,2025,1,57721.43
P040059,2025,1,38786.83
P040061,2025,1,20316.12
P040062,2025,1,43372.84
P040064,2025,1,42149.71
P040068,2025,1,26730.37
P040069,2025,1,28996.64
P040070,2025,1,18412.16
P040071,2025,1,17536.58
P040079,2025,1,26540.54
P040080,2025,1,19264.14
P040086,2025,1,16980.1
P040088,2025,1,38455.52
P040090,2025,1,8013.37
P040093,2025,1,22530.32
P040098,2025,1,24339.18
P040101,2025,1,18949.85
P040102,2025,1,29123.43
P040103,2025,1,50296.21
P040110,2025,1,31673.41
P040111,2025,1,30702.76
P040113,2025,0,0
P040117,2025,1,54805.91
P040121,2025,1,53895.3
P040122,2025,1,24392.8
P040124,2025,1,73521.97
P040131,2025,1,10897.04
P040132,2025,1,39699.82
P040134,2025,0,0
P040135,2025,1,10932.32
P040142,2025,1,50226.62
P040147,2025,1,32165.75
P040149,2025,1,29739.4
P040151,2025,1,60227.27
P040153,2025,1,57320.37
P040154,2025,1,33305.63
P040155,2025,1,11798.16
P040163,2025,1,30018.86
P040167,2025,1,46679.29
P040168,2025,1,NA
P040173,2025,1,25138.89
P040174,2025,1,38437.6
P040176,2025,1,70765.49
P040179,2025,1,45106.66
P040180,2025,1,28887.28
P040181,2025,1,47672.97
P040182,2025,1,19391.1
P040183,2025,1,127653.86
P040184,2025,0,0
P040185,2025,1,7415.95
P040186,2025,1,19332.76
P040188,2025,1,27824.39
P040190,2025,1,34707.93
P040191,2025,1,44621.91
P040192,2025,1,69647.73
P040193,2025,1,25695.82
P040196,2025,1,32143
P040197,2025,1,84912.02
P040207,2025,1,173723.94
P040208,2025,1,27886.69
P040210,2025,1,27771.66
P040211,2025,1,38751.05
P040213,2025,1,19013.87
P040216,2025,1,12570.78
P040222,2025,1,25122.8
P040224,2025,1,53491.77
P040227,2025,1,33916.78
P040229,2025,1,27771.95
P040230,2025,1,36946.04
P040231,2025,1,14418.14
P040233,2025,1,44760
P040236,2025,1,24642.58
P040239,2025,1,26327.94
P040240,2025,1,11591.11
P040244,2025,1,4875.06
P040245,2025,1,30458.11
P040247,2025,1,45873.34
P040248,2025,1,37163.03
P040252,2025,1,118630.65
P040253,2025,1,31794.72
P040256,2025,1,21912.88
P040258,2025,1,50305.56
P040259,2025,1,99231.14
P040261,2025,1,56340.95
P040262,2025,1,13724.87
P040263,2025,1,72882.08
P040264,2025,1,51551.16
P040269,2025,1,82459.21
P040278,2025,1,9623.58
P040280,2025,1,13659.79
P040281,2025,1,69551.01
P040282,2025,1,30735.47
P040287,2025,1,42135.31
P040288,2025,1,32336.47
P040289,2025,1,12013.12
P040290,2025,1,20203.67
P040296,2025,1,34408.82
P040297,2025,1,55920.07
P040298,2025,1,24868.15
P040300,2025,1,33466.5
P040301,2025,1,22668.44
P040310,2025,1,16079.03
P040311,2025,1,27390.77
P040317,2025,1,20439.98
P040323,2025,1,12829.11
P040324,2025,1,37364.9
P040325,2025,1,19933.23
P040326,2025,1,10155.62
P040327,2025,1,47781.64
P040328,2025,1,123277.23
P040332,2025,1,106539.07
P040334,2025,1,108635.95
P040335,2025,1,36364.97
P040338,2025,1,62135.9
P040339,2025,1,48334.69
P040343,2025,1,39475.05
P040348,2025,1,8204.73
P040349,2025,1,37799.55
P040350,2025,1,25354.09
P040353,2025,1,35907.67
P040355,2025,1,187967.39
P040357,2025,1,19283.99
P040358,2025,1,37674.94
P040359,2025,1,23287.32
P040360,2025,1,90615.07
P040361,2025,1,11256.13
P040362,2025,1,33481.93
P040365,2025,1,40815.18
P040366,2025,1,57494.8
P040367,2025,1,16806.16
P040368,2025,1,69200.26
P040370,2025,1,7112.29
P040372,2025,1,14872.17
P040374,2025,1,37086.39
P040376,2025,1,31261.88
P040378,2025,1,29600.01
P040379,2025,1,13421.34
P040380,2025,1,56344.12
P040382,2025,1,19437.42
P040388,2025,1,84997.51
P040389,2025,1,26382.93
P040391,2025,1,23417.8
P040392,2025,1,23819.92
P040394,2025,1,18297.61
P040395,2025,1,84986.03
P040396,2025,1,60943.43
P040401,2025,1,55683.64
P040402,2025,1,27755.37
P040406,2025,1,35846.3
P040407,2025,1,85696.61
P040410,2025,1,8860.52
P040414,2025,1,7857.01
P040415,2025,1,52790.88
P040417,2025,1,21172.43
P040420,2025,1,22991.97
P040427,2025,1,27289.34
P040429,2025,1,-33915.89
P040433,2025,1,16725.79
P040434,2025,1,34911.74
P040435,2025,1,NA
P040437,2025,1,100056.39
P040439,2025,1,16007.82
P040443,2025,1,19278.57
P040444,2025,1,48542.62
P040448,2025,1,16496.18
P040449,2025,1,15030.66
P040456,2025,1,4202.65
P040457,2025,1,41878.36
P040458,2025,1,47752.8
P040460,2025,1,33957.27
P040462,2025,1,47227.94
P040464,2025,1,17952.19
P040466,2025,1,3541.96
P040467,2025,1,16650.38
P040469,2025,1,70188.82
P040473,2025,1,10882.3
P040474,2025,1,18497.1
P040476,2025,1,35218.69
P040478,2025,1,81744.87
P040481,2025,1,42565.12
P040482,2025,1,12525.7
P040483,2025,1,26568.34
P040485,2025,1,20966.35
P040486,2025,1,31632.76
P040487,2025,1,37845.24
P040490,2025,1,33122.95
P040491,2025,1,62756.7
P040492,2025,1,0
P040494,2025,1,21740.03
P040495,2025,1,34629.27
P040496,2025,1,54866.66
P040498,2025,1,7748.13
P040500,2025,1,43697.41
P040508,2025,1,14535.16
P040511,2025,1,24827.18
P040514,2025,1,15037.75
P040516,2025,1,22628.27
P040517,2025,1,36879.37
P040518,2025,1,6703.15
P040525,2025,1,36659.38
P040532,2025,1,104215.03
P040539,2025,1,14222.77
P040543,2025,0,0
P040545,2025,1,18519.31
P040549,2025,1,97685.77
P040550,2025,1,32153.25
P040555,2025,1,16792.49
P040558,2025,1,19088.14
P040562,2025,1,38792.29
P040563,2025,1,37938.98
P040568,2025,1,37070.31
P040570,2025,1,67818.73
P040571,2025,1,20598.4
P040572,2025,1,33497.31
P040574,2025,1,50312.69
P040577,2025,1,78071.23
P040579,2025,1,68584.94
P040581,2025,1,22654.3
P040582,2025,1,35383.4
P040584,2025,1,13629.96
P040585,2025,1,11519.52
P040586,2025,1,13359.38
P040587,2025,1,21214.96
P040588,2025,1,25261.53
P040589,2025,1,26959.9
P040590,2025,1,73653
P040591,2025,1,26518.68
P040594,2025,1,33954.37
P040597,2025,1,87632.19
P040598,2025,1,76186.57
P040599,2025,1,14680.75
P040603,2025,1,36800.1
P040604,2025,1,36114.1
P040606,2025,1,79424.97
P040610,2025,1,103972.88
P040612,2025,1,42309.33
P040613,2025,1,56223.2
P040623,2025,1,20313.29
P040625,2025,1,35665.21
P040629,2025,1,22316.91
P040632,2025,1,12726.49
P040634,2025,1,22079.07
P040637,2025,1,15852.27
P040638,2025,1,20148.3
P040641,2025,1,15068.37
P040645,2025,1,10915.58
P040648,2025,1,25153.38
P040649,2025,0,0
P040650,2025,1,54733.54
P040651,2025,1,33582.38
P040653,2025,1,30458.8
P040655,2025,1,41591.61
P040658,2025,1,81411.03
P040661,2025,1,31460.27
P040663,2025,0,0
P040665,2025,1,37858.04
P040667,2025,1,8305.35
P040668,2025,1,44957.28
P040669,2025,1,71772.56
P040672,2025,1,13380.22
P040673,2025,1,39265.25
P040675,2025,1,33066.68
P040676,2025,1,18561.26
P040677,2025,1,22787.86
P040679,2025,1,37792.91
P040681,2025,1,17272.44
P040682,2025,1,31781.64
P040683,2025,1,47569.79
P040688,2025,1,22155.8
P040690,2025,1,59499.5
P040692,2025,1,111826.53
P040696,2025,1,50431.11
P040697,2025,1,192507.94
P040706,2025,1,25867.53
P040709,2025,1,33626.06
P040713,2025,1,54025.29
P040714,2025,1,19757.6
P040715,2025,1,20527.05
P040716,2025,1,44835.26
P040725,2025,1,-30326.05
P040729,2025,1,0
P040730,2025,1,50814.96
P040732,2025,1,40844.45
P040733,2025,1,41035.36
P040738,2025,1,20726.11
P040739,2025,1,36328.14
P040744,2025,1,16872.84
P040745,2025,1,21456.52
P040746,2025,1,158851.65
P040748,2025,1,26411.82
P040751,2025,1,34314.31
P040752,2025,1,40616.74
P040755,2025,1,29857.83
P040759,2025,1,40936.38
P040760,2025,1,12292.13
P040761,2025,1,11821.75
P040764,2025,1,60753.32
P040766,2025,1,44444.67
P040767,2025,1,67993.69
P040769,2025,1,16093.73
P040771,2025,1,59035.97
P040772,2025,1,11862.05
P040776,2025,1,-18162.29
P040778,2025,1,30993.13
P040779,2025,1,7343.66
P040781,2025,1,25238.01
P040783,2025,1,59034.29
P040786,2025,1,16389.66
P040788,2025,0,0
P040792,2025,1,54693.03
P040793,2025,1,19082.94
P040794,2025,1,12205.3
P040800,2025,1,57969.13
P040801,2025,1,47785.61
P040806,2025,1,30196.7
P040807,2025,1,34051.69
P040811,2025,1,21338.33
P040812,2025,1,10722.27
P040817,2025,1,32277.45
P040818,2025,1,64745.71
P040826,2025,1,46083.91
P040827,2025,1,3733.8
P040828,2025,1,46706.39
P040831,2025,1,30225.28
P040832,2025,1,37365.92
P040833,2025,1,36851.26
P040834,2025,1,34132.14
P040835,2025,1,37833.74
P040836,2025,1,13436.05
P040837,2025,1,28488.82
P040839,2025,1,25707.11
P040841,2025,1,20442.2
P040842,2025,1,54413.91
P040845,2025,1,56302.89
P040847,2025,1,33880.15
P040849,2025,0,0
P040850,2025,1,12534.09
P040853,2025,1,29327.58
P040859,2025,1,24295.52
P040863,2025,1,7180.3
P040869,2025,1,43826.64
P040873,2025,1,19031.08
P040875,2025,1,65350.33
P040877,2025,1,22180.11
P040881,2025,1,36011.6
P040882,2025,1,8699.34
P040883,2025,1,11166.51
P040884,2025,1,24062.65
P040885,2025,1,19483.85
P040887,2025,1,35906.65
P040888,2025,1,15141.17
P040889,2025,1,45389.89
P040891,2025,1,-53268.1
P040893,2025,1,56590.25
P040894,2025,1,42219.92
P040896,2025,1,14929.33
P040899,2025,1,20504.7
P040900,2025,1,42424.53
P040904,2025,1,NA
P040910,2025,1,36461.5
P040915,2025,1,14639.97
P040917,2025,1,64148.11
P040919,2025,1,64072.89
P040923,2025,1,57805.04
P040924,2025,1,25932.06
P040926,2025,1,54526.17
P040928,2025,1,10480.42
P040931,2025,1,23408.04
P040932,2025,1,-14928.23
P040933,2025,1,17830.72
P040935,2025,1,6127.23
P040941,2025,1,35836.66
P040944,2025,1,19116.14
P040946,2025,1,NA
P040948,2025,1,10194.35
P040957,2025,1,40169.78
P040958,2025,1,41206.12
P040959,2025,1,35379.34
P040960,2025,1,37094.07
P040961,2025,1,28798.86
P040962,2025,1,11993.36
P040964,2025,1,21343.95
P040965,2025,1,24093.21
P040966,2025,1,15676.8
P040967,2025,1,19525.93
P040968,2025,1,13332.1
P040969,2025,1,26294.34
P040971,2025,1,47036.34
P040975,2025,1,42480.59
P040976,2025,1,133037.84
P040979,2025,1,20141.6
P040981,2025,1,46074.27
P040982,2025,1,51017.97
P040985,2025,1,18949.13
P040987,2025,1,5851.65
P040988,2025,1,99521.71
P040994,2025,1,13102.61
P040995,2025,1,46312.5
P041005,2025,1,40184.58
P041007,2025,1,23529.57
P041008,2025,1,35369.4
P041009,2025,1,69230.08
P041010,2025,1,17863.86
P041012,2025,1,56344.54
P041013,2025,1,22019.9
P041018,2025,1,10041.77
P041022,2025,1,39218.65
P041023,2025,1,36537.19
P041024,2025,1,17625.35
P041028,2025,1,21189.1
P041029,2025,1,10156.64
P041030,2025,1,38897.12
P041031,2025,1,24826.83
P041039,2025,1,69746.11
P041040,2025,1,9450.12
P041041,2025,1,15249.18
P041049,2025,1,30623.51
P041054,2025,1,19491.76
P041056,2025,1,19218.61
P041058,2025,1,14805.36
P041066,2025,1,10097.54
P041069,2025,1,32779.47
P041070,2025,1,18012.47
P041074,2025,1,38092.35
P041075,2025,1,8481.15
P041076,2025,1,35412.64
P041079,2025,1,16750.49
P041083,2025,1,31663.84
P041084,2025,1,39923.95
P041085,2025,1,29204.78
P041086,2025,1,63953.85
P041088,2025,1,27195.43
P041091,2025,1,12124.51
P041095,2025,1,8571.87
P041097,2025,1,37540.56
P041098,2025,1,66874.39
P041100,2025,1,68852.3
P041103,2025,1,20998.91
P041104,2025,1,22285.21
P041106,2025,1,30121.95
P041109,2025,1,36622.25
P041111,2025,1,18334.19
P041112,2025,1,16379.83
P041113,2025,1,35792.7
P041118,2025,1,11862.7
P041119,2025,1,21810.25
P041126,2025,1,40137.55
P041129,2025,1,54957.76
P041133,2025,1,48037.73
P041134,2025,1,13548.81
P041135,2025,1,9526.54
P041139,2025,1,17223.67
P041144,2025,1,57131.63
P041148,2025,1,12406.85
P041149,2025,1,32410.05
P041151,2025,1,41508.78
P041155,2025,1,40976.04
P041158,2025,1,34749.9
P041159,2025,1,12916.5
P041160,2025,1,7898.14
P041164,2025,1,6226.14
P041166,2025,1,22838.97
P041171,2025,1,20173.23
P041174,2025,1,44041.37
P041178,2025,1,38543.93
P041180,2025,1,28174.62
P041183,2025,1,10103.34
P041190,2025,1,44351.45
P041191,2025,1,80873.44
P041192,2025,0,0
P041193,2025,1,13880.89
P041197,2025,1,52175.7
P041200,2025,1,58332.23
P041204,2025,1,6995.79
P041206,2025,1,23845.4
P041207,2025,1,30212.32
P041212,2025,1,54439.72
P041213,2025,1,17460.14
P041217,2025,1,81963.11
P041218,2025,1,34861.5
P041221,2025,0,0
P041225,2025,1,42685.18
P041228,2025,1,17746.23
P041231,2025,1,35914.4
P041236,2025,1,79803.44
P041237,2025,1,11712.22
P041238,2025,1,26315.58
P041240,2025,1,9242.35
P041241,2025,1,43328.25
P041246,2025,1,23220.65
P041247,2025,1,41057.55
P041248,2025,1,31088.5
P041249,2025,1,78436.4
P041251,2025,1,41581.98
P041255,2025,1,25191.23
P041256,2025,1,63716.06
P041260,2025,1,23347.51
P041262,2025,1,29120.56
P041266,2025,1,9370.47
P041268,2025,1,42839.98
P041269,2025,1,10764.82
P041270,2025,1,18033.16
P041274,2025,1,31966.67
P041275,2025,1,13063.47
P041276,2025,1,55631.91
P041279,2025,1,27403.6
P041282,2025,1,31210.92
P041285,2025,1,9286.23
P041287,2025,1,51290.72
P041291,2025,1,47940.85
P041293,2025,1,15255.86
P041295,2025,1,13720.25
P041298,2025,1,9466.26
P041301,2025,1,74703.37
P041304,2025,1,36886.42
P041305,2025,1,24973.52
P041309,2025,1,61663
P041310,2025,1,42026.18
P041311,2025,1,29752.35
P041312,2025,1,18155.56
P041313,2025,1,10127.38
P041316,2025,1,29488.44
P041319,2025,1,50818.78
P041320,2025,1,11827.76
P041322,2025,1,145952.95
P041323,2025,1,23056.63
P041324,2025,1,10852.86
P041325,2025,1,0
P041327,2025,1,42362.01
P041329,2025,1,25297.45
P041333,2025,1,25571.21
P041336,2025,1,44727.4
P041337,2025,1,14935.53
P041338,2025,1,24877.98
P041339,2025,1,6534.92
P041340,2025,1,61057.24
P041341,2025,1,24985.01
P041344,2025,1,40121.71
P041345,2025,1,87156.05
P041346,2025,1,56234.62
P041353,2025,1,42490.74
P041354,2025,1,36287.86
P041356,2025,1,56647.95
P041357,2025,1,34704.2
P041358,2025,1,97441.92
P041362,2025,1,30609.52
P041365,2025,1,39977.99
P041366,2025,1,45538.79
P041367,2025,1,17140.48
P041369,2025,1,28406.88
P041379,2025,1,22160.74
P041380,2025,1,32372.34
P041384,2025,1,32311.41
P041386,2025,1,24931.53
P041388,2025,1,21194.54
P041390,2025,1,36374.89
P041392,2025,1,22787.04
P041394,2025,1,35481.96
P041395,2025,1,26686.34
P041397,2025,1,16244.59
P041401,2025,1,58969.95
P041402,2025,1,7904.48
P041403,2025,1,13882.39
P041404,2025,1,12449.86
P041405,2025,1,24063.71
P041406,2025,1,35262.54
P041413,2025,1,27785.54
P041415,2025,1,35482.94
P041417,2025,1,54692.05
P041418,2025,1,9199.53
P041419,2025,1,49496.97
P041422,2025,1,40744.82
P041430,2025,1,18079.13
P041433,2025,1,19258.93
P041434,2025,1,27124.81
P041441,2025,1,35457.28
P041442,2025,1,56608.26
P041443,2025,1,66709.04
P041444,2025,1,41898.12
P041446,2025,1,29269.21
P041449,2025,1,28358.17
P041450,2025,1,21991.86
P041452,2025,1,29305.09
P041453,2025,1,21393.4
P041454,2025,1,16463.01
P041455,2025,1,25623.03
P041456,2025,1,18504.05
P041457,2025,1,47476.85
P041460,2025,1,35216.29
P041461,2025,1,24025.24
P041464,2025,1,28005.56
P041465,2025,1,29060.81
P041466,2025,1,12281.29
P041472,2025,1,22700.42
P041474,2025,1,23141.04
P041477,2025,1,11711.5
P041479,2025,1,24499.69
P041483,2025,1,22273.96
P041484,2025,1,7176.9
P041486,2025,1,35018.03
P041490,2025,0,0
P041492,2025,1,22409.15
P041496,2025,1,14662.81
P041498,2025,1,33885.16
P041501,2025,1,29976.62
P041509,2025,1,26335.19
P041516,2025,1,18399.37
P041517,2025,1,17486.79
P041518,2025,1,21476.23
P041521,2025,1,31870.08
P041522,2025,1,30076.25
P041524,2025,1,21594.05
P041529,2025,1,73039
P041530,2025,1,20893.94
P041538,2025,1,9055.46
P041544,2025,1,37725.25
P041545,2025,1,62320.35
P041546,2025,1,77834.82
P041549,2025,1,17900.11
P041552,2025,1,11992.49
P041558,2025,1,10205.13
P041559,2025,1,7875.86
P041560,2025,1,10363.64
P041566,2025,1,15777.44
P041572,2025,1,39925.61
P041575,2025,1,50548.09
P041578,2025,1,36038.59
P041582,2025,1,54427.98
P041586,2025,1,23944.2
P041587,2025,1,37553.39
P041588,2025,1,21934.88
P041591,2025,1,35045.86
P041595,2025,1,30569.82
P041596,2025,1,31507.96
P041597,2025,1,34841.78
P041598,2025,1,39497.5
P041602,2025,1,26702.03
P041606,2025,1,16840.47
P041607,2025,1,26988.23
P041611,2025,1,10798.27
P041612,2025,1,59049.16
P041616,2025,1,18303.39
P041623,2025,1,47971.16
P041626,2025,1,28547.05
P041628,2025,1,27168.29
P041631,2025,1,15488.07
P041632,2025,1,37710.03
P041636,2025,1,19985.95
P041638,2025,1,6549.82
P041639,2025,1,9291.87
P041641,2025,1,18194.57
P041642,2025,1,18229
P041645,2025,1,43452.01
P041646,2025,1,28811.86
P041647,2025,1,69703.75
P041648,2025,1,12482.61
P041652,2025,1,13576.69
P041653,2025,1,36127.36
P041654,2025,1,36786.49
P041655,2025,1,13688.52
P041657,2025,1,12564.38
P041660,2025,1,6651.01
P041663,2025,1,17367.36
P041665,2025,1,16336.58
P041668,2025,1,20371.87
P041669,2025,1,52612.3
P041670,2025,1,NA
P041677,2025,1,61055.91
P041679,2025,1,6998.51
P041680,2025,1,22528.22
P041681,2025,1,12805.06
P041682,2025,1,19099.87
P041684,2025,1,27979.91
P041685,2025,1,18544.8
P041686,2025,1,16739.9
P041687,2025,1,68233.3
P041689,2025,1,42692.39
P041691,2025,1,101020.74
P041695,2025,0,0
P041696,2025,1,29658.97
P041699,2025,1,55281.1
P041703,2025,1,12838.56
P041704,2025,1,12442.59
P041706,2025,1,14577.46
P041707,2025,1,51327.79
P041709,2025,1,11453.19
P041710,2025,1,32193.09
P041711,2025,1,32590.28
P041712,2025,1,13931.09
P041719,2025,1,8428.26
P041721,2025,1,27256.77
P041722,2025,1,65251.23
P041727,2025,1,24490.81
P041729,2025,1,20272.75
P041732,2025,1,53544.63
P041733,2025,1,28137.79
P041737,2025,1,7341.22
P041742,2025,1,48760.6
P041744,2025,1,18655.17
P041745,2025,1,17624.4
P041750,2025,1,41367.89
P041751,2025,1,21825.12
P041752,2025,1,22833.89
P041754,2025,1,9067.09
P041759,2025,1,79393.66
P041760,2025,1,27690.7
P041761,2025,1,53011.49
P041767,2025,1,24976.04
P041768,2025,1,23291.8
P041770,2025,1,-40685.94
P041773,2025,1,22709.6
P041775,2025,1,16813.44
P041776,2025,1,43729.67
P041778,2025,1,30963.7
P041779,2025,1,9801.8
P041781,2025,1,39046.56
P041783,2025,1,17784.35
P041784,2025,1,20181.32
P041787,2025,1,32411.58
P041788,2025,1,36343.54
P041792,2025,1,64139.56
P041793,2025,1,34042.58
P041794,2025,1,21882.96
P041798,2025,1,34780.07
P041803,2025,1,49201.27
P041805,2025,1,16990.13
P041807,2025,1,18520.76
P041808,2025,1,13397.64
P041809,2025,1,16649.11
P041819,2025,1,15054.92
P041824,2025,1,23939.59
P041826,2025,1,15843.76
P041830,2025,1,15616.5
P041833,2025,1,38707.95
P041834,2025,1,31376.76
P041838,2025,1,9506.1
P041841,2025,1,15205.58
P041842,2025,1,25662.89
P041844,2025,1,25544.49
P041845,2025,1,12597.09
P041847,2025,1,36186.17
P041849,2025,1,21843.93
P041850,2025,1,60579.87
P041851,2025,1,13343.95
P041852,2025,1,34207.61
P041853,2025,1,13372.03
P041855,2025,1,64415.45
P041859,2025,1,12505.53
P041861,2025,1,93152.55
P041862,2025,1,16057.66
P041864,2025,1,36216.42
P041866,2025,1,28794.16
P041867,2025,1,31639.81
P041869,2025,1,21781.98
P041870,2025,1,11520.45
P041871,2025,1,12651.29
P041872,2025,1,13312.63
P041874,2025,1,47094.06
P041875,2025,1,129520.41
P041877,2025,1,8001.05
P041878,2025,1,25985.93
P041880,2025,1,NA
P041883,2025,1,32570.49
P041888,2025,1,72127.34
P041889,2025,1,55297.03
P041893,2025,1,12870.4
P041895,2025,1,37204.12
P041897,2025,1,16705.29
P041898,2025,1,21435.38
P041899,2025,1,66355.03
P041902,2025,1,41711.87
P041909,2025,1,28794.57
P041911,2025,1,18538.54
P041914,2025,1,20877.48
P041916,2025,1,50867.95
P041917,2025,1,22005.3
P041922,2025,1,27783.69
P041923,2025,1,23913.04
P041924,2025,1,22534.93
P041927,2025,1,18888.93
P041928,2025,1,138267.84
P041929,2025,1,12674.54
P041930,2025,1,19428.16
P041931,2025,1,85074.34
P041932,2025,1,37606.14
P041934,2025,1,NA
P041937,2025,1,23409.12
P041940,2025,1,14272.28
P041942,2025,1,65584.68
P041944,2025,1,24278.76
P041946,2025,1,35356.07
P041947,2025,1,30432.74
P041949,2025,1,43755.55
P041952,2025,1,73441.32
P041955,2025,1,37630.48
P041958,2025,1,21214.19
P041959,2025,1,51171.56
P041960,2025,1,20311.71
P041962,2025,1,24487.6
P041963,2025,1,32798.81
P041965,2025,1,55726.92
P041969,2025,1,33187.5
P041972,2025,1,10610.03
P041973,2025,1,53788.94
P041975,2025,1,13437.83
P041977,2025,0,0
P041981,2025,0,0
P041983,2025,1,67114.39
P041984,2025,1,102019.93
P041986,2025,1,23031.38
P041991,2025,1,23279.02
P041993,2025,1,65355.35
P041998,2025,1,0
P041999,2025,1,8696.64
P042003,2025,1,56544.15
P042004,2025,1,-59661.42
P042008,2025,1,11943.2
P042013,2025,1,18573.01
P042015,2025,1,43350.97
P042019,2025,1,26088.32
P042020,2025,1,82271.6
P042022,2025,1,30167.67
P042024,2025,1,22122.53
P042026,2025,1,31224.29
P042027,2025,1,63332.74
P042029,2025,1,31217.25
P042031,2025,1,33490.45
P042034,2025,1,37651.77
P042036,2025,1,11555.14
P042037,2025,1,21137.11
P042038,2025,1,11753.44
P042039,2025,1,19080.32
P042043,2025,1,12565.15
P042046,2025,1,43435.74
P042048,2025,1,25278.74
P042049,2025,1,16807.88
P042050,2025,1,10895.73
P042052,2025,1,147446.39
P042055,2025,1,56406.16
P042057,2025,1,41878.47
P042058,2025,1,9262.25
P042059,2025,1,49809.62
P042062,2025,1,61623.3
P042063,2025,1,48871.08
P042065,2025,1,22557.63
P042066,2025,1,70093.29
P042067,2025,1,46790.24
P042071,2025,1,43753.97
P042072,2025,1,41085.95
P042077,2025,1,19437.62
P042078,2025,1,22828.6
P042081,2025,1,33287.86
P042082,2025,1,50386.62
P042083,2025,1,22541.63
P042084,2025,1,26165.69
P042087,2025,1,30682.38
P042088,2025,1,53089.24
P042096,2025,1,27066.9
P042099,2025,1,25842.27
P042105,2025,1,62383.66
P042106,2025,1,39841.59
P042110,2025,1,30440.48
P042112,2025,1,7052.69
P042116,2025,1,18918.03
P042117,2025,1,30502.26
P042120,2025,1,23633.89
P042121,2025,1,68971.88
P042122,2025,1,39233.47
P042123,2025,1,36849.09
P042126,2025,1,19264.18
P042129,2025,1,5941.58
P042131,2025,1,20438.69
P042135,2025,1,21307.69
P042138,2025,1,30391.03
P042141,2025,1,61884.59
P042144,2025,1,16153.6
P042145,2025,1,32203.41
P042146,2025,1,52325.27
P042147,2025,1,14526.37
P042149,2025,1,44928.29
P042150,2025,1,54497.59
P042152,2025,1,20322.12
P042153,2025,1,60715.03
P042154,2025,1,38952.49
P042155,2025,1,51394.45
P042156,2025,1,71944.44
P042157,2025,1,34161.72
P042158,2025,1,22238.44
P042160,2025,1,38174.4
P042161,2025,1,57421.72
P042164,2025,1,84330.22
P042165,2025,1,18451.3
P042167,2025,1,40571.77
P042168,2025,1,31816.02
P042170,2025,1,10860.63
P042172,2025,1,38010.8
P042174,2025,1,22311.75
P042177,2025,1,50803.86
P042179,2025,1,49986.84
P042181,2025,1,27991.55
P042182,2025,1,40903.71
P042191,2025,1,21138.39
P042192,2025,1,20877.34
P042196,2025,1,40349.91
P042198,2025,1,5163.78
P042202,2025,1,19903.79
P042204,2025,1,13464.23
P042205,2025,1,9318.57
P042206,2025,1,40438.53
P042207,2025,1,55635.7
P042214,2025,1,69222.92
P042215,2025,1,11891
P042216,2025,1,47308.28
P042220,2025,1,74712.55
P042222,2025,1,8018.26
P042223,2025,1,58973.61
P042224,2025,1,30618.83
P042225,2025,1,13820.39
P042226,2025,1,10558.03
P042235,2025,1,16970.64
P042236,2025,1,6468.91
P042237,2025,1,14554.48
P042242,2025,1,23300.28
P042245,2025,1,41159.65
P042247,2025,1,20996.18
P042248,2025,1,41148.49
P042250,2025,1,72228.3
P042254,2025,1,30418.37
P042258,2025,1,7853.22
P042260,2025,1,27272.79
P042261,2025,1,35205.59
P042264,2025,1,14356.29
P042268,2025,1,147308.92
P042269,2025,1,41310.17
P042270,2025,1,32030.99
P042273,2025,1,71432.83
P042274,2025,1,136091.19
P042278,2025,1,60965.98
P042279,2025,1,74426.2
P042280,2025,1,27740.31
P042282,2025,1,64131.46
P042284,2025,0,0
P042286,2025,1,64238.77
P042290,2025,1,20560.13
P042292,2025,1,8205.16
P042298,2025,1,10665.9
P042300,2025,1,49463.55
P042302,2025,1,36369.99
P042307,2025,1,25121.56
P042311,2025,1,74193.45
P042312,2025,1,26728.73
P042313,2025,1,17804.38
P042316,2025,1,39066.17
P042318,2025,1,NA
P042319,2025,1,30997.31
P042320,2025,1,20416.16
P042321,2025,1,57423.92
P042324,2025,1,7087.71
P042327,2025,1,32424.99
P042329,2025,1,14402.95
P042330,2025,1,72767.46
P042331,2025,1,40121.74
P042332,2025,1,66788.94
P042335,2025,1,34303.12
P042336,2025,1,12551.1
P042337,2025,1,8285.2
P042338,2025,1,30940.08
P042340,2025,1,30974.76
P042342,2025,1,113069.56
P042344,2025,1,26501.17
P042345,2025,1,14400.71
P042347,2025,1,22830.72
P042353,2025,1,36425.49
P042359,2025,1,NA
P042360,2025,1,25322.13
P042362,2025,1,19355.24
P042365,2025,1,63231.57
P042368,2025,1,18180.86
P042371,2025,1,32002.49
P042373,2025,1,68518.21
P042378,2025,1,7867.85
P042381,2025,1,9888.2
P042382,2025,1,31586.24
P042383,2025,1,13995.88
P042384,2025,1,29736.09
P042385,2025,1,19398.29
P042387,2025,1,94215.44
P042388,2025,1,30171.26
P042389,2025,1,43898.09
P042393,2025,1,109724.92
P042399,2025,1,38799.72
P042400,2025,1,16796.04
P042404,2025,1,27502.9
P042405,2025,1,40530.78
P042406,2025,1,41935.22
P042408,2025,1,35735.46
P042409,2025,1,63773.01
P042411,2025,1,46415.52
P042416,2025,1,33141.98
P042419,2025,1,72668.72
P042421,2025,1,19637.12
P042427,2025,1,NA
P042429,2025,1,29074.54
P042431,2025,1,25647.43
P042432,2025,1,21078.5
P042434,2025,1,29959.5
P042436,2025,1,43990.15
P042437,2025,1,130506.9
P042442,2025,1,17727.85
P042443,2025,1,57769.38
P042444,2025,1,48486.21
P042445,2025,1,49509.68
P042446,2025,1,13030.9
P042449,2025,1,43769.77
P042450,2025,1,71217.2
P042451,2025,1,26808.36
P042452,2025,1,42479.71
P042453,2025,1,41542.89
P042454,2025,1,13804.89
P042455,2025,1,36363.37
P042458,2025,1,60032.99
P042461,2025,1,-80856.76
P042463,2025,1,44362.61
P042464,2025,1,28224.57
P042466,2025,1,29420.06
P042469,2025,1,36413.6
P042470,2025,1,79039.09
P042472,2025,1,26445.62
P042473,2025,1,60060.93
P042474,2025,1,53400.32
P042479,2025,1,9963.99
P042483,2025,1,86664.6
P042484,2025,1,25628.22
P042488,2025,1,44702.5
P042490,2025,1,15337.1
P042492,2025,1,74391.61
P042494,2025,1,27869.67
P042497,2025,1,24124.41
P042502,2025,1,8385.45
P042503,2025,1,39051.01
P042506,2025,1,79453.34
P042511,2025,1,43817.26
P042513,2025,1,23009.7
P042517,2025,1,23425.38
P042518,2025,1,44415.19
P042519,2025,1,61778.74
P042520,2025,1,27643
P042532,2025,1,26891.74
P042533,2025,1,NA
P042534,2025,1,51038.86
P042535,2025,1,17953.55
P042536,2025,1,23909.38
P042537,2025,1,50927.91
P042538,2025,1,10478.54
P042540,2025,1,110358.58
P042542,2025,1,15847.19
P042544,2025,1,34353.96
P042545,2025,1,44798.66
P042547,2025,1,55063.83
P042550,2025,1,84581.01
P042552,2025,1,31300.65
P042555,2025,1,19865.15
P042557,2025,1,58993.42
P042558,2025,1,31558.22
P042559,2025,1,49172.14
P042561,2025,1,10956.86
P042565,2025,1,53542.1
P042566,2025,1,37815.2
P042567,2025,1,7854
P042569,2025,1,8951.25
P042572,2025,1,14406.75
P042573,2025,1,33045.29
P042574,2025,1,20538.71
P042579,2025,1,15049.93
P042580,2025,1,8574.79
P042582,2025,1,35466.96
P042583,2025,1,25150.07
P042590,2025,1,13342.1
P042593,2025,1,49246.62
P042603,2025,0,0
P042604,2025,1,24090.07
P042608,2025,1,39461.19
P042614,2025,1,6270.72
P042615,2025,1,113865.92
P042618,2025,1,29030.2
P042620,2025,1,39296.87
P042621,2025,1,9612.33
P042623,2025,1,25197.11
P042626,2025,1,41058.97
P042631,2025,1,44196.9
P042632,2025,1,43444.44
P042634,2025,1,16137.69
P042635,2025,1,25572.52
P042638,2025,1,51813.1
P042641,2025,1,77186.24
P042650,2025,1,43162.68
P042651,2025,1,8900.58
P042652,2025,1,8273.37
P042658,2025,1,35398.17
P042661,2025,1,68026.3
P042662,2025,1,20455.44
P042664,2025,1,34028.13
P042670,2025,1,45278.46
P042671,2025,1,30178.77
P042673,2025,1,36451.71
P042675,2025,1,20921.47
P042678,2025,1,39959.99
P042681,2025,1,43646.98
P042683,2025,1,37875.18
P042687,2025,1,11797.64
P042690,2025,1,37592.89
P042691,2025,1,10376.83
P042694,2025,1,57341
P042702,2025,1,28865.78
P042704,2025,1,68616.7
P042707,2025,1,36833.86
P042708,2025,1,10459.96
P042710,2025,1,30730.31
P042713,2025,0,0
P042714,2025,1,16810.03
P042715,2025,1,25422.42
P042717,2025,1,17236.5
P042718,2025,1,13168.35
P042719,2025,1,26916.55
P042720,2025,1,44541.43
P042721,2025,1,5378.83
P042722,2025,1,15151.97
P042726,2025,1,67716.24
P042730,2025,1,28021.93
P042734,2025,1,37686.66
P042738,2025,1,14384.03
P042739,2025,1,30186.33
P042743,2025,1,40075.91
P042744,2025,1,28863.4
P042745,2025,1,58392.03
P042747,2025,1,29622.76
P042749,2025,1,66915.12
P042752,2025,1,102361.95
P042756,2025,1,51673.8
P042759,2025,1,56336.51
P042760,2025,1,32398.86
P042762,2025,1,30270.1
P042778,2025,1,30152.12
P042785,2025,1,0
P042786,2025,1,60529.91
P042790,2025,1,47922.57
P042794,2025,1,12006.56
P042796,2025,1,59417.57
P042798,2025,1,43181.38
P042799,2025,1,23268.38
P042801,2025,1,12944.27
P042804,2025,1,65349.58
P042807,2025,1,68400.47
P042809,2025,1,22785.04
P042813,2025,1,29193.35
P042817,2025,1,46444.91
P042818,2025,1,16904.41
P042820,2025,1,28697.13
P042821,2025,1,64139.91
P042822,2025,1,7068.51
P042823,2025,1,16986.06
P042824,2025,1,33658.03
P042830,2025,1,22529.99
P042831,2025,1,11456.76
P042832,2025,1,38811.5
P042835,2025,1,36502.6
P042840,2025,1,12365.71
P042841,2025,1,53766.51
P042842,2025,1,33453.79
P042846,2025,1,48702.44
P042849,2025,1,30913.75
P042850,2025,1,34240.33
P042852,2025,1,12593.42
P042853,2025,1,10747.51
P042854,2025,1,28613.05
P042855,2025,1,60585.1
P042859,2025,1,12970.75
P042862,2025,1,7173.05
P042866,2025,1,44027.27
P042867,2025,1,-28219.03
P042869,2025,1,10974.49
P042873,2025,1,14670.28
P042875,2025,1,22539.49
P042881,2025,1,35012.77
P042885,2025,1,9413.09
P042888,2025,1,9294.79
P042889,2025,1,16409.34
P042890,2025,1,10837.86
P042894,2025,0,0
P042896,2025,1,4171.33
P042900,2025,1,11302.45
P042903,2025,1,35560.55
P042905,2025,1,22610.76
P042906,2025,1,42752.47
P042907,2025,1,19037.91
P042908,2025,1,20861.05
P042912,2025,1,47285.12
P042922,2025,1,40907.54
P042925,2025,1,33227.76
P042930,2025,1,48551.64
P042932,2025,1,35668.2
P042934,2025,1,14750.55
P042937,2025,1,32117.85
P042940,2025,1,31555.75
P042942,2025,1,14272.87
P042943,2025,1,-32168.26
P042945,2025,1,37137.76
P042947,2025,1,23747.85
P042950,2025,0,0
P042952,2025,1,36260.92
P042957,2025,1,15131.82
P042959,2025,1,30546.25
P042960,2025,1,9006.48
P042961,2025,1,18056.46
P042962,2025,1,5599.46
P042963,2025,1,43246.3
P042964,2025,1,25507.25
P042967,2025,1,7531.45
P042971,2025,1,0
P042974,2025,1,57362.28
P042975,2025,1,21061.9
P042976,2025,1,37932.09
P042981,2025,1,11847.28
P042983,2025,1,35310.25
P042984,2025,1,23197.36
P042987,2025,1,27380.43
P042988,2025,1,42359.06
P042989,2025,1,7218
P042992,2025,1,36124.74
P042998,2025,1,27055.18
P043000,2025,1,53341.6
P043001,2025,1,7469.86
P043002,2025,1,NA
P043003,2025,1,22285.39
P043004,2025,1,25198.98
P043005,2025,1,24693.38
P043007,2025,1,59132.57
P043008,2025,1,17888.48
P043011,2025,1,7606.51
P043013,2025,1,31997.21
P043014,2025,1,31338.03
P043017,2025,1,58585.06
P043018,2025,1,31019.62
P043024,2025,1,25059.82
P043027,2025,1,46013.23
P043028,2025,1,34080.36
P043029,2025,1,NA
P043030,2025,1,27426.68
P043031,2025,1,40901.28
P043038,2025,1,20469.08
P043039,2025,1,75995.56
P043040,2025,1,103017.78
P043041,2025,0,0
P043050,2025,1,15173.81
P043051,2025,1,30868.71
P043054,2025,1,31513.62
P043060,2025,1,97393.25
P043061,2025,1,40033.35
P043065,2025,1,17613.84
P043068,2025,1,112199.82
P043071,2025,1,95249.88
P043074,2025,1,59177.83
P043077,2025,1,10076.07
P043083,2025,1,15776.14
P043084,2025,1,78004.4
P043087,2025,1,41741.08
P043089,2025,1,26479.02
P043090,2025,1,51046.48
P043093,2025,1,23782.54
P043094,2025,1,28359.25
P043095,2025,1,12875.82
P043096,2025,1,17730.41
P043098,2025,1,20860.55
P043099,2025,1,40437.73
P043102,2025,1,5381.11
P043105,2025,1,35821.16
P043106,2025,1,26562.18
P043107,2025,1,32669.43
P043111,2025,1,20642.91
P043112,2025,1,38104.05
P043115,2025,1,29498.88
P043117,2025,1,41074.32
P043123,2025,1,29430.46
P043126,2025,1,36555.73
P043127,2025,1,21675.39
P043128,2025,1,43945.99
P043129,2025,1,71279.1
P043130,2025,1,8684.77
P043134,2025,1,6467.98
P043140,2025,1,49338.75
P043142,2025,1,15566.46
P043143,2025,1,16038.5
P043144,2025,1,15878.21
P043146,2025,1,48812.56
P043149,2025,1,25515.31
P043153,2025,1,51910.61
P043159,2025,1,95122.29
P043161,2025,1,39086.23
P043163,2025,0,0
P043164,2025,1,-43464.47
P043165,2025,1,47444.57
P043173,2025,1,15246.92
P043176,2025,1,28864.99
P043178,2025,1,10690.18
P043181,2025,1,32238.53
P043182,2025,1,22816.31
P043188,2025,1,4691.97
P043189,2025,1,17255.9
P043191,2025,1,31581.02
P043195,2025,1,33251.29
P043200,2025,1,18794.9
P043206,2025,1,11554.24
P043209,2025,1,19723.46
P043210,2025,1,22222.94
P043212,2025,1,22684.77
P043213,2025,1,13311.27
P043219,2025,1,69618.26
P043220,2025,1,36601.59
P043221,2025,1,77136.53
P043225,2025,1,94729.37
P043228,2025,1,17693.01
P043232,2025,1,75503.44
P043237,2025,1,35181.36
P043238,2025,1,38953.49
P043242,2025,1,25594.24
P043243,2025,1,55519.74
P043245,2025,1,32525.97
P043250,2025,1,17539.95
P043251,2025,1,7804.87
P043254,2025,1,32187.11
P043260,2025,1,58474.02
P043263,2025,1,45837.55
P043264,2025,1,18690.8
P043272,2025,1,9438.94
P043274,2025,1,21134.29
P043276,2025,1,40382.89
P043277,2025,1,21617.55
P043278,2025,1,21342.98
P043279,2025,1,23010.05
P043282,2025,1,24606.55
P043284,2025,1,21118.64
P043288,2025,1,53909.06
P043291,2025,1,20919.14
P043294,2025,1,34260.09
P043295,2025,1,21027.57
P043297,2025,1,30375.66
P043303,2025,1,21359.23
P043304,2025,1,45110.74
P043306,2025,1,27513.24
P043309,2025,0,0
P043311,2025,1,15803.43
P043312,2025,1,39860.12
P043313,2025,1,9969.48
P043314,2025,1,24577.66
P043315,2025,1,35148.81
P043318,2025,1,27889.47
P043319,2025,1,20043.99
P043321,2025,1,18773.54
P043325,2025,1,36252.53
P043328,2025,1,46453.63
P043330,2025,1,14735.08
P043332,2025,1,23608.55
P043334,2025,1,17846.59
P043336,2025,1,37997.64
P043337,2025,1,44315.77
P043338,2025,1,13895.16
P043344,2025,1,34097.67
P043345,2025,0,0
P043346,2025,1,28928.33
P043350,2025,1,15964.34
P043351,2025,1,5294.96
P043353,2025,1,18634.81
P043354,2025,1,31160.45
P043355,2025,1,33720.75
P043357,2025,1,23518.29
P043358,2025,1,35671.75
P043359,2025,1,23721.57
P043362,2025,1,49115.21
P043366,2025,1,182447.64
P043369,2025,1,17948.45
P043370,2025,1,84196.18
P043371,2025,1,23509.24
P043372,2025,1,25197.93
P043375,2025,1,82685.01
P043381,2025,0,0
P043382,2025,1,42599.65
P043383,2025,1,24953.94
P043384,2025,1,44018.01
P043385,2025,1,34243.32
P043387,2025,1,50668.48
P043390,2025,1,15486.62
P043393,2025,1,22980.11
P043395,2025,1,50435.45
P043396,2025,1,51304.03
P043397,2025,1,13220.04
P043399,2025,1,18520.12
P043400,2025,1,8722.22
P043401,2025,1,13952.5
P043402,2025,1,14362.64
P043403,2025,1,39360.52
P043405,2025,1,10824.3
P043411,2025,1,29974.08
P043412,2025,1,15862.4
P043414,2025,1,91916.91
P043419,2025,1,25176.03
P043423,2025,1,24010.56
P043425,2025,1,17197.32
P043428,2025,1,17854.06
P043432,2025,1,22380.04
P043433,2025,1,24622.12
P043437,2025,1,29102.21
P043445,2025,1,10606.86
P043446,2025,1,27237.99
P043448,2025,1,15413.27
P043454,2025,1,19554.32
P043463,2025,1,13457.59
P043464,2025,1,19771.34
P043465,2025,1,5919.64
P043466,2025,1,61343.32
P043467,2025,1,11005.47
P043469,2025,1,44843.49
P043470,2025,1,29617.8
P043473,2025,1,54185.75
P043475,2025,0,0
P043478,2025,1,20448.66
P043480,2025,1,53325.5
P043484,2025,1,27040.31
P043485,2025,1,12719.34
P043492,2025,1,31533.53
P043493,2025,1,40950.6
P043494,2025,1,79370.95
P043497,2025,1,95807.16
P043499,2025,1,9955.02
P043500,2025,1,23308.13
P043509,2025,1,30640.37
P043510,2025,1,17576.03
P043512,2025,1,24961.35
P043514,2025,1,10780.68
P043515,2025,1,23914.63
P043516,2025,1,56804.22
P043520,2025,1,40430.29
P043521,2025,1,53921.86
P043525,2025,1,44407.95
P043526,2025,1,43417.04
P043527,2025,1,16593.04
P043530,2025,1,20912.23
P043532,2025,1,33839.05
P043536,2025,1,25552.14
P043537,2025,1,74647.45
P043541,2025,1,36603.46
P043542,2025,1,49911.48
P043544,2025,1,89747.95
P043547,2025,1,43680.83
P043554,2025,1,89529.59
P043555,2025,1,32537.08
P043556,2025,1,25513.14
P043557,2025,1,28932.49
P043560,2025,1,11197.73
P043564,2025,1,24400.61
P043568,2025,1,31577.7
P043569,2025,1,33640.87
P043572,2025,1,62283.19
P043574,2025,1,56298.66
P043576,2025,1,12824.15
P043578,2025,1,20048.24
P043581,2025,1,22988.98
P043585,2025,1,20031.52
P043586,2025,1,21013.68
P043587,2025,1,15160.76
P043590,2025,1,6957.16
P043593,2025,1,50276.35
P043594,2025,1,9278.27
P043595,2025,1,16385.37
P043596,2025,1,26877.93
P043601,2025,1,26830.77
P043603,2025,1,16807.08
P043605,2025,1,8079.28
P043607,2025,1,14850.92
P043608,2025,1,21937.21
P043609,2025,1,8842.98
P043610,2025,1,29639.53
P043611,2025,1,47959.95
P043616,2025,1,22188.92
P043618,2025,1,35728.85
P043620,2025,1,33360.24
P043623,2025,1,18897.57
P043624,2025,1,37148.12
P043625,2025,1,103719.7
P043627,2025,1,53384.22
P043634,2025,1,75335.97
P043638,2025,1,10885.27
P043639,2025,1,18931.16
P043641,2025,1,23519.39
P043642,2025,1,78082.56
P043643,2025,1,11039.23
P043644,2025,1,5308.32
P043645,2025,1,-47005.89
P043657,2025,1,31073.46
P043658,2025,1,45575.39
P043666,2025,1,63245.07
P043667,2025,1,29596.54
P043668,2025,1,92136.34
P043669,2025,1,22745.63
P043676,2025,1,35730.86
P043677,2025,1,21009.59
P043679,2025,1,7854.8
P043682,2025,1,29419.69
P043684,2025,1,69440.69
P043690,2025,1,13827.59
P043691,2025,1,52427.87
P043696,2025,1,39602.91
P043699,2025,1,38211.33
P043700,2025,1,57311.53
P043703,2025,1,11973.24
P043709,2025,1,105700.59
P043711,2025,1,61127.44
P043712,2025,1,6630.04
P043714,2025,1,15838.49
P043715,2025,1,73880.27
P043716,2025,1,11181.36
P043718,2025,0,0
P043721,2025,1,NA
P043722,2025,1,14038.47
P043726,2025,1,52029.06
P043728,2025,1,70435.28
P043734,2025,1,21995.67
P043735,2025,1,29258.44
P043736,2025,1,65135.34
P043737,2025,1,64034.68
P043739,2025,1,8840.08
P043740,2025,1,20518.73
P043741,2025,0,0
P043743,2025,1,25110.42
P043744,2025,1,7904.86
P043747,2025,1,48919.22
P043748,2025,1,31847.45
P043749,2025,1,63522.18
P043752,2025,1,17070.53
P043754,2025,1,22915.2
P043755,2025,1,-41872.49
P043756,2025,1,37916.74
P043757,2025,1,88255.12
P043758,2025,1,55976.89
P043761,2025,1,11393.44
P043763,2025,1,38187.61
P043764,2025,1,19601.67
P043767,2025,1,39074.57
P043772,2025,1,53712.79
P043774,2025,1,19606.06
P043776,2025,1,40404.77
P043777,2025,1,28495.94
P043780,2025,1,18235.13
P043781,2025,1,54795.51
P043782,2025,1,153644.22
P043784,2025,1,27010.21
P043786,2025,1,13494.89
P043787,2025,1,18400.31
P043789,2025,1,33760.55
P043790,2025,1,35828.06
P043793,2025,1,14876.17
P043794,2025,1,87612.24
P043797,2025,1,42867.36
P043798,2025,1,5760.11
P043801,2025,1,40776.63
P043803,2025,1,16805.11
P043804,2025,1,22959.43
P043810,2025,1,29671.42
P043812,2025,1,23358.73
P043813,2025,1,46023.73
P043814,2025,1,11417.61
P043816,2025,1,30723.41
P043818,2025,1,39941.07
P043819,2025,1,33547.83
P043828,2025,1,20313.26
P043829,2025,1,26173.79
P043830,2025,1,27717.38
P043835,2025,1,42432.31
P043836,2025,1,28035.2
P043838,2025,1,65104.22
P043840,2025,1,3530.58
P043843,2025,1,3655.49
P043844,2025,1,27217.5
P043845,2025,1,28777.72
P043846,2025,1,33421.91
P043848,2025,1,24695.33
P043855,2025,1,135249.13
P043857,2025,1,65625.04
P043861,2025,1,54100.21
P043862,2025,1,29340.56
P043865,2025,1,58232.94
P043869,2025,1,3185.95
P043870,2025,1,46978.99
P043872,2025,1,34391.77
P043874,2025,1,74724.34
P043882,2025,1,56806.59
P043887,2025,1,28132.33
P043888,2025,1,35423.91
P043890,2025,1,6683.15
P043896,2025,1,31180.62
P043902,2025,1,11291.36
P043903,2025,1,30550.03
P043907,2025,1,22674.41
P043915,2025,1,41204.98
P043917,2025,1,38697.92
P043921,2025,1,113203.9
P043922,2025,1,9589.57
P043923,2025,1,43625.91
P043926,2025,1,70389.42
P043929,2025,1,39527.75
P043931,2025,1,30918.74
P043935,2025,1,29878.29
P043937,2025,1,9558.66
P043938,2025,1,42922.59
P043944,2025,1,23302.16
P043947,2025,1,64158.76
P043951,2025,1,92829.9
P043952,2025,1,15975.4
P043953,2025,1,38113.51
P043963,2025,1,42389.99
P043964,2025,1,37065.48
P043965,2025,1,24110.81
P043972,2025,1,16559.07
P043974,2025,1,49967.19
P043978,2025,1,15549.84
P043980,2025,1,48924.15
P043982,2025,1,58698.24
P043987,2025,1,21359.22
P043990,2025,1,59712.42
P043995,2025,1,14539.57
P043996,2025,1,43510.73
P043997,2025,1,22784.88
P043998,2025,1,23746.32
P044000,2025,1,10539.93
P044006,2025,1,10080.64
P044007,2025,1,18272.11
P044008,2025,1,64305.84
P044016,2025,1,11583.17
P044017,2025,1,6936.09
P044021,2025,1,12929.83
P044022,2025,1,27281.6
P044029,2025,1,28814.49
P044030,2025,1,20126.02
P044033,2025,1,28097.16
P044034,2025,1,15057.82
P044041,2025,1,11432.77
P044043,2025,1,34675.63
P044048,2025,1,40980.54
P044049,2025,1,23309.24
P044051,2025,1,49617.23
P044052,2025,1,34165.37
P044055,2025,1,27527.47
P044056,2025,1,35745.86
P044059,2025,1,115770.04
P044060,2025,1,24234.69
P044066,2025,1,26617.27
P044072,2025,1,28874.56
P044075,2025,1,111776.91
P044076,2025,1,34992.45
P044079,2025,1,33808.56
P044080,2025,1,19825.39
P044081,2025,1,21930.31
P044083,2025,1,23386.48
P044084,2025,1,26058.6
P044086,2025,1,63388.99
P044088,2025,1,24188.26
P044090,2025,1,5514.73
P044094,2025,1,13330.76
P044096,2025,1,29282.2
P044097,2025,1,15470.13
P044099,2025,1,52119.83
P044102,2025,1,21866.58
P044104,2025,1,28180.69
P044109,2025,1,62987.81
P044112,2025,1,31392.74
P044114,2025,1,54302.28
P044116,2025,1,65132.62
P044119,2025,1,31035.02
P044120,2025,1,16619.94
P044121,2025,1,37451.24
P044125,2025,1,19993.92
P044127,2025,1,21986.18
P044128,2025,1,94884.22
P044129,2025,1,57523.03
P044133,2025,1,21181.59
P044136,2025,1,57313.88
P044141,2025,1,61642.23
P044143,2025,1,8556.88
P044145,2025,1,16109.58
P044146,2025,1,15985.25
P044147,2025,1,7667.12
P044150,2025,1,14244.95
P044151,2025,1,65706.49
P044152,2025,1,16276.55
P044155,2025,1,21615.94
P044161,2025,1,44686.11
P044162,2025,1,17220.2
P044163,2025,1,56910.88
P044165,2025,1,22366.98
P044170,2025,1,78762.3
P044172,2025,1,49893.44
P044173,2025,1,69321.02
P044176,2025,1,53396.73
P044177,2025,1,9249.3
P044178,2025,1,39373.39
P044180,2025,1,48130.52
P044181,2025,1,61588.37
P044188,2025,1,38307.02
P044189,2025,1,26613.69
P044190,2025,1,27549.39
P044191,2025,1,36218.69
P044192,2025,1,78137.65
P044194,2025,1,47306.06
P044198,2025,1,15348.54
P044201,2025,1,37677.84
P044204,2025,1,32094.56
P044209,2025,1,66063.44
P044211,2025,1,7667.08
P044225,2025,1,19870.8
P044227,2025,1,71941.23
P044228,2025,1,18712.84
P044230,2025,1,36223
P044231,2025,1,22160.69
P044233,2025,1,35459.49
P044236,2025,1,62039.65
P044238,2025,1,42058.32
P044239,2025,1,49558.88
P044240,2025,1,10867
P044241,2025,1,38340.69
P044242,2025,1,17156.48
P044243,2025,1,10248.97
P044248,2025,1,34240.67
P044249,2025,1,81916.21
P044251,2025,1,22575.38
P044252,2025,1,4349.29
P044253,2025,1,30882.52
P044255,2025,1,28869.87
P044256,2025,1,36766.61
P044259,2025,1,23641.4
P044260,2025,1,18026.4
P044262,2025,1,54918.31
P044268,2025,1,38507.83
P044271,2025,1,32100.78
P044273,2025,1,32336.71
P044276,2025,1,23159.44
P044277,2025,0,0
P044283,2025,1,13982.75
P044288,2025,1,6450.07
P044290,2025,1,26752.76
P044291,2025,1,36688.37
P044292,2025,1,9382.32
P044293,2025,1,41451.24
P044294,2025,1,6999.28
P044295,2025,1,32501.26
P044296,2025,1,60686.98
P044298,2025,1,35989.57
P044299,2025,1,14051.49
P044305,2025,1,59427.79
P044306,2025,1,14733.39
P044309,2025,0,0
P044310,2025,1,27665.93
P044312,2025,1,54090.29
P044314,2025,1,75817.45
P044315,2025,1,39235.83
P044318,2025,1,27426.62
P044319,2025,1,28328.77
P044321,2025,1,73961.63
P044322,2025,1,77259.67
P044325,2025,1,19002.75
P044326,2025,1,78781.15
P044329,2025,0,0
P044331,2025,1,14398.65
P044336,2025,1,45027.53
P044337,2025,1,27574.79
P044338,2025,1,14819.28
P044342,2025,1,27856.99
P044344,2025,1,13573.49
P044345,2025,1,24237.52
P044349,2025,1,30496.77
P044350,2025,1,14848.45
P044351,2025,1,39855.81
P044356,2025,1,42522.94
P044357,2025,1,6551.24
P044360,2025,1,25193.73
P044362,2025,1,80322.32
P044366,2025,1,9556.75
P044369,2025,1,29439.22
P044370,2025,1,25657.78
P044373,2025,1,18767.05
P044376,2025,1,12042.45
P044377,2025,1,76814.4
P044378,2025,1,57264.26
P044381,2025,1,17781.52
P044382,2025,0,0
P044383,2025,1,44379.99
P044384,2025,1,12925.26
P044386,2025,1,22134.4
P044387,2025,1,10784.08
P044391,2025,1,13568.97
P044392,2025,1,20939.51
P044397,2025,1,64070.41
P044399,2025,1,21285.64
P044404,2025,1,13155.3
P044409,2025,1,3635.83
P044414,2025,1,15256.73
P044416,2025,1,10721.06
P044421,2025,1,23180.13
P044423,2025,1,31153.85
P044424,2025,1,19844.4
P044425,2025,1,37418.93
P044427,2025,1,24700.54
P044428,2025,1,26800.51
P044431,2025,1,33712.89
P044437,2025,1,24549.37
P044439,2025,1,48383.06
P044440,2025,1,25666.71
P044443,2025,1,35010.05
P044444,2025,1,12520.09
P044448,2025,1,31852.83
P044452,2025,1,51119.05
P044454,2025,1,17103.38
P044457,2025,1,43920.69
P044459,2025,1,13379.48
P044460,2025,1,37847.13
P044462,2025,1,29176.81
P044464,2025,1,53193.62
P044466,2025,1,27485.12
P044467,2025,1,66577.19
P044469,2025,1,10021.75
P044471,2025,1,35028.16
P044473,2025,1,21278.17
P044474,2025,1,14282.37
P044477,2025,1,28182.72
P044479,2025,1,22211.79
P044485,2025,0,0
P044486,2025,1,75389.96
P044487,2025,1,27349.09
P044496,2025,1,87145.97
P044497,2025,1,21372.16
P044502,2025,1,17583.51
P044503,2025,1,12026.57
P044504,2025,1,24306.17
P044505,2025,1,56701.8
P044509,2025,1,60463.94
P044510,2025,1,20044.57
P044515,2025,1,18574.55
P044518,2025,1,18932.1
P044520,2025,1,31948.81
P044521,2025,1,45556.28
P044522,2025,1,18109.17
P044527,2025,1,8832.57
P044528,2025,1,165108.33
P044529,2025,1,10730.74
P044533,2025,1,42421.46
P044535,2025,1,38945.04
P044537,2025,1,63817.17
P044540,2025,1,39165.69
P044541,2025,1,12041.77
P044543,2025,1,68372.69
P044544,2025,1,34688.82
P044548,2025,1,29144.16
P044550,2025,1,16274.31
P044551,2025,1,14673.2
P044553,2025,1,47212.12
P044555,2025,1,26802.32
P044558,2025,1,40931.12
P044560,2025,1,16683.43
P044561,2025,1,29804.14
P044567,2025,1,32035.37
P044570,2025,1,70452.19
P044571,2025,1,22750.11
P044573,2025,1,54714.55
P044582,2025,1,53172.69
P044583,2025,1,40459.81
P044587,2025,1,73972.48
P044590,2025,1,13193.56
P044592,2025,1,23109.16
P044594,2025,1,36655.94
P044596,2025,1,83271.45
P044600,2025,1,31542.03
P044602,2025,1,11707.09
P044603,2025,1,44324.25
P044604,2025,1,76297.97
P044606,2025,1,40395.74
P044607,2025,1,20114.74
P044608,2025,1,47873.81
P044609,2025,1,30411.44
P044610,2025,1,103560.47
P044611,2025,1,26476.59
P044616,2025,1,22088.43
P044620,2025,1,0
P044622,2025,1,175741.19
P044627,2025,1,20410.97
P044628,2025,1,15463.38
P044630,2025,1,44805.89
P044643,2025,1,15447.02
P044644,2025,1,11991.31
P044645,2025,1,30684.32
P044647,2025,1,14096.77
P044648,2025,1,57275.59
P044650,2025,1,133571.35
P044655,2025,1,74781.08
P044658,2025,1,7191.74
P044659,2025,1,39565.47
P044663,2025,1,41364.32
P044667,2025,1,78809.23
P044671,2025,1,18480.84
P044674,2025,1,24578.54
P044675,2025,1,40439.31
P044676,2025,0,0
P044677,2025,1,30684.86
P044680,2025,1,20740.2
P044682,2025,1,14695.67
P044685,2025,1,53251.98
P044686,2025,1,96029.68
P044687,2025,1,8513.4
P044689,2025,1,36534.08
P044693,2025,1,15701.32
P044696,2025,1,-23255.61
P044698,2025,1,17071.44
P044699,2025,1,43350.67
P044702,2025,1,65973.56
P044703,2025,1,17352.02
P044704,2025,1,19437.37
P044709,2025,1,92200.78
P044710,2025,1,17112.08
P044711,2025,1,44721.82
P044713,2025,1,20026.74
P044716,2025,1,47715.3
P044719,2025,1,NA
P044720,2025,1,38801.55
P044726,2025,1,26955.07
P044731,2025,0,0
P044733,2025,1,8883.66
P044734,2025,1,27067.78
P044736,2025,1,20423.72
P044744,2025,1,52812.25
P044752,2025,0,0
P044753,2025,1,32670.19
P044754,2025,1,13713.28
P044755,2025,1,11180.7
P044761,2025,1,5466.97
P044764,2025,1,61845.62
P044765,2025,1,10955.53
P044766,2025,1,48588.52
P044767,2025,1,26032.12
P044768,2025,1,19013.85
P044769,2025,1,49843.6
P044773,2025,1,19281.18
P044774,2025,1,17951.47
P044776,2025,1,9285.01
P044778,2025,1,16144.66
P044782,2025,1,38498.95
P044784,2025,1,9441.08
P044785,2025,1,19215.04
P044789,2025,1,NA
P044790,2025,1,15529.01
P044791,2025,1,65696.25
P044796,2025,1,34276
P044799,2025,1,25842.5
P044805,2025,1,70993.79
P044808,2025,1,32727.92
P044815,2025,1,9601.8
P044818,2025,1,48395.82
P044821,2025,1,22630.33
P044822,2025,1,49066.02
P044829,2025,1,38614.03
P044831,2025,1,17552.47
P044832,2025,1,59205.35
P044834,2025,1,30786.27
P044839,2025,1,21082.28
P044840,2025,1,33445.82
P044841,2025,1,21210.01
P044842,2025,1,48362.55
P044843,2025,1,16115.46
P044845,2025,1,52877.26
P044847,2025,1,34243.07
P044854,2025,1,39798.64
P044855,2025,1,35068.84
P044857,2025,1,19130.78
P044859,2025,1,26757.15
P044861,2025,1,-45632.69
P044862,2025,1,8172.83
P044864,2025,1,75187.19
P044865,2025,1,10199.69
P044872,2025,1,7629.76
P044874,2025,1,20510.55
P044875,2025,1,34580.62
P044876,2025,1,32374.03
P044878,2025,1,29670.93
P044881,2025,1,24328.27
P044884,2025,1,43837.24
P044888,2025,1,32262.67
P044889,2025,1,66052.39
P044890,2025,1,19379.18
P044891,2025,1,36064.47
P044892,2025,1,23326.63
P044894,2025,1,72321.47
P044895,2025,1,37520
P044897,2025,1,37889.65
P044898,2025,1,19628.56
P044900,2025,1,50827.74
P044901,2025,1,31416.5
P044902,2025,1,9833.31
P044904,2025,1,48203.7
P044906,2025,1,31434.57
P044910,2025,1,17973.14
P044916,2025,1,46948.14
P044920,2025,1,15229.43
P044921,2025,1,26785.81
P044924,2025,1,47514.96
P044929,2025,1,36601.85
P044930,2025,1,20181.03
P044935,2025,1,137920.47
P044936,2025,1,15774.25
P044938,2025,1,39889.41
P044944,2025,1,9607.95
P044945,2025,1,37193.34
P044946,2025,1,38458.71
P044948,2025,1,35605.79
P044953,2025,1,13014.12
P044961,2025,1,30768.14
P044963,2025,1,51261.46
P044968,2025,1,41729.84
P044969,2025,1,17768.65
P044970,2025,1,25158.44
P044976,2025,1,32400.96
P044977,2025,1,18976.31
P044979,2025,1,40733.02
P044984,2025,1,13457.11
P044986,2025,1,130224.76
P044987,2025,1,17491.99
P044988,2025,1,26663.83
P044989,2025,1,35908.15
P044991,2025,1,15167
P044993,2025,1,19510.79
P044994,2025,1,25042.05
P045002,2025,1,23658.03
P045005,2025,1,35387.86
P045006,2025,1,40966.4
P045010,2025,0,0
P045019,2025,1,30129.29
P045023,2025,1,27462.66
P045029,2025,1,62013.4
P045030,2025,1,38147.38
P045038,2025,1,8664.52
P045039,2025,1,18575.99
P045040,2025,1,70297.28
P045045,2025,1,28828.51
P045046,2025,1,40344.55
P045049,2025,1,38793.94
P045050,2025,1,18406.28
P045053,2025,1,50212.54
P045054,2025,1,46737.12
P045056,2025,1,6994.23
P045057,2025,1,49894.99
P045058,2025,1,54970.88
P045059,2025,1,28081.56
P045062,2025,1,71600.66
P045069,2025,1,28808.2
P045072,2025,1,26968.86
P045073,2025,1,35484.4
P045074,2025,1,38380.11
P045075,2025,1,16886.98
P045076,2025,1,69025.86
P045080,2025,1,27902.73
P045083,2025,1,27936.53
P045084,2025,1,43369.12
P045085,2025,1,33220.18
P045089,2025,1,29942.52
P045094,2025,1,47251.39
P045096,2025,1,83523.1
P045098,2025,1,41973.97
P045102,2025,1,45189.58
P045103,2025,1,42688.4
P045107,2025,1,21826.61
P045111,2025,1,39677
P045113,2025,1,13545.46
P045115,2025,1,55503.6
P045116,2025,0,0
P045117,2025,1,34847
P045118,2025,1,40286.59
P045122,2025,1,43408.7
P045123,2025,1,10064.87
P045126,2025,1,132337.02
P045132,2025,1,24535.59
P045133,2025,1,71233.96
P045134,2025,1,25950.75
P045135,2025,0,0
P045137,2025,1,23095.78
P045138,2025,1,31181.05
P045140,2025,1,40379.15
P045144,2025,1,28590.26
P045145,2025,1,32966.39
P045147,2025,1,46552.63
P045150,2025,1,-7343.39
P045152,2025,1,46953.25
P045155,2025,1,28712.42
P045158,2025,1,33786.03
P045160,2025,1,94493.49
P045164,2025,1,8916.62
P045166,2025,1,22223.4
P045167,2025,1,36115.45
P045169,2025,1,18723.07
P045172,2025,1,47521.84
P045173,2025,1,18751.88
P045174,2025,1,12888.65
P045176,2025,1,NA
P045178,2025,1,116453.47
P045186,2025,1,47878.63
P045187,2025,1,117638.16
P045188,2025,1,14264.68
P045190,2025,1,54574.54
P045193,2025,1,13967.84
P045195,2025,1,16820.64
P045199,2025,1,8092.18
P045201,2025,1,24961.11
P045203,2025,1,8786.79
P045207,2025,1,32666.02
P045209,2025,1,16464.77
P045210,2025,1,59687.86
P045211,2025,1,7942.49
P045216,2025,0,0
P045217,2025,1,9687.12
P045222,2025,1,13751.56
P045224,2025,1,88603.62
P045225,2025,0,0
P045227,2025,1,11701.46
P045229,2025,1,25279.55
P045230,2025,1,22555.02
P045237,2025,1,31699.85
P045240,2025,1,58122.03
P045241,2025,1,3424.49
P045244,2025,1,22931.45
P045247,2025,1,64643.31
P045253,2025,1,26037.45
P045256,2025,1,54929.24
P045260,2025,1,22624.41
P045261,2025,1,31932.22
P045264,2025,1,32951.69
P045269,2025,1,14986.59
P045274,2025,1,13091.71
P045275,2025,1,90942.17
P045276,2025,1,65173.87
P045278,2025,1,25534.32
P045279,2025,1,89205.92
P045281,2025,1,21769.56
P045283,2025,1,19521.84
P045285,2025,1,48783.45
P045286,2025,1,78329.88
P045288,2025,1,22971.34
P045290,2025,1,47309.28
P045291,2025,1,11362.17
P045297,2025,1,45590.47
P045298,2025,1,9056.02
P045300,2025,1,10315.7
P045303,2025,0,0
P045304,2025,1,75511.72
P045308,2025,1,92123.21
P045309,2025,1,26186.19
P045311,2025,1,13648.54
P045312,2025,1,48032.54
P045314,2025,1,8950.31
P045315,2025,1,15602.06
P045316,2025,1,11626.68
P045317,2025,1,12668.55
P045320,2025,1,23762.35
P045321,2025,1,44419.63
P045323,2025,1,49171.55
P045324,2025,1,39997.88
P045326,2025,1,29077.3
P045330,2025,1,29493.1
P045332,2025,1,14649.78
P045333,2025,1,88214.99
P045334,2025,1,57296.89
P045336,2025,1,6157.93
P045337,2025,1,16847.17
P045341,2025,0,0
P045342,2025,1,23367.79
P045343,2025,1,57190.56
P045347,2025,1,33673.66
P045348,2025,1,42064.21
P045350,2025,1,51292.42
P045354,2025,1,93659.54
P045361,2025,1,22441.87
P045363,2025,1,24520.19
P045368,2025,1,8171.28
P045369,2025,1,13130.31
P045375,2025,1,67478.25
P045377,2025,1,16929.8
P045379,2025,1,90689.53
P045383,2025,1,11050.14
P045386,2025,1,14925.07
P045387,2025,1,31889.71
P045388,2025,1,39944.42
P045389,2025,1,37017.07
P045390,2025,1,32625.11
P045391,2025,1,8490.34
P045393,2025,1,33297.77
P045395,2025,1,15672.52
P045396,2025,1,21934.33
P045400,2025,1,16995.18
P045401,2025,1,27669.5
P045403,2025,1,31672.59
P045404,2025,1,31078.92
P045407,2025,1,17830.69
P045408,2025,1,27700.69
P045409,2025,1,26953.28
P045410,2025,1,22556.51
P045415,2025,1,23041.16
P045417,2025,1,22786.56
P045420,2025,1,18153.01
P045423,2025,1,44017.78
P045428,2025,1,6351.74
P045430,2025,1,60527.92
P045434,2025,1,34858.11
P045435,2025,1,12611.84
P045440,2025,1,38289.37
P045441,2025,1,92883.19
P045442,2025,1,53895.72
P045446,2025,1,23283.9
P045447,2025,1,37899.02
P045450,2025,1,16388.57
P045451,2025,1,49737.62
P045453,2025,1,21580.51
P045454,2025,1,21329.79
P045455,2025,1,29149.24
P045457,2025,1,64341.67
P045461,2025,1,13490.36
P045462,2025,1,44997.14
P045463,2025,1,38965.4
P045465,2025,1,3623.34
P045466,2025,1,36794.83
P045467,2025,1,13589.13
P045468,2025,1,21437.86
P045470,2025,1,35454.82
P045471,2025,1,46652.03
P045474,2025,1,17713.05
P045475,2025,1,19485.14
P045479,2025,1,40089.38
P045480,2025,1,12741.47
P045484,2025,1,42807.43
P045487,2025,1,27899.95
P045494,2025,1,21843.72
P045496,2025,1,30716.69
P045498,2025,1,37879.16
P045499,2025,1,17498.41
P045502,2025,1,58757.86
P045504,2025,1,NA
P045505,2025,1,26662.07
P045507,2025,1,25476.29
P045508,2025,1,8468.92
P045510,2025,1,16609.64
P045514,2025,1,91010.2
P045515,2025,1,3356.51
P045516,2025,1,28834.4
P045519,2025,1,26255.48
P045521,2025,1,32856.06
P045522,2025,1,68059.08
P045526,2025,1,18757.22
P045527,2025,1,95008.59
P045528,2025,1,48341.5
P045530,2025,1,17808.17
P045532,2025,1,87410.89
P045535,2025,1,27419.01
P045537,2025,1,29431.47
P045541,2025,1,30027.14
P045542,2025,1,15040.1
P045545,2025,1,46492.41
P045546,2025,1,20797.07
P045548,2025,1,19873.73
P045550,2025,0,0
P045551,2025,1,21554.87
P045552,2025,1,14504.79
P045553,2025,1,12932.75
P045555,2025,1,41698.29
P045556,2025,1,24850.11
P045562,2025,1,NA
P045565,2025,1,20131.16
P045567,2025,1,30320.66
P045571,2025,1,20014.79
P045574,2025,1,39546.69
P045579,2025,1,7187.02
P045580,2025,1,25473.13
P045583,2025,1,21407.39
P045585,2025,1,21918.09
P045588,2025,1,35166.22
P045589,2025,1,32279.47
P045595,2025,1,29016.29
P045600,2025,1,16133.17
P045604,2025,1,28772.13
P045605,2025,1,20361.87
P045608,2025,1,5011.72
P045609,2025,1,27598.74
P045617,2025,1,37308.19
P045621,2025,1,20675.5
P045629,2025,1,70763.91
P045630,2025,1,23410.57
P045631,2025,1,17873.54
P045632,2025,1,31575.56
P045633,2025,1,42540.16
P045635,2025,1,8325.08
P045640,2025,1,78311.4
P045643,2025,1,13046.72
P045644,2025,1,40627.25
P045645,2025,1,17154.08
P045647,2025,1,31023.2
P045649,2025,1,28039.9
P045650,2025,1,16875.4
P045655,2025,1,41138.46
P045656,2025,1,25189.56
P045657,2025,1,110036.09
P045659,2025,1,42004.98
P045662,2025,1,22388.45
P045665,2025,1,88623.97
P045667,2025,1,19646.83
P045668,2025,1,15594.15
P045670,2025,1,70980.63
P045674,2025,1,11804.91
P045675,2025,1,57537.86
P045677,2025,1,28456.4
P045678,2025,1,46946.28
P045681,2025,1,28958.46
P045689,2025,1,22422.92
P045690,2025,1,32876.13
P045691,2025,0,0
P045695,2025,1,58735.11
P045697,2025,1,19188.4
P045700,2025,1,74378.26
P045704,2025,1,6600.92
P045706,2025,1,82876.58
P045707,2025,1,27047.4
P045708,2025,1,49080.52
P045709,2025,1,23648.86
P045710,2025,1,13929.99
P045714,2025,1,40713.33
P045716,2025,1,12903.13
P045718,2025,1,24850.91
P045719,2025,1,21755.85
P045720,2025,1,36368.55
P045721,2025,1,38426.1
P045723,2025,1,26048.22
P045724,2025,1,42903.13
P045727,2025,1,47053.17
P045728,2025,1,24060.91
P045729,2025,1,19113.08
P045730,2025,1,76604.74
P045732,2025,1,-19401.75
P045734,2025,1,33326.9
P045736,2025,1,40573.25
P045737,2025,1,12664.3
P045741,2025,1,29369.16
P045745,2025,1,15226.79
P045752,2025,1,12326.26
P045754,2025,1,22349.96
P045758,2025,1,170423.12
P045760,2025,1,14563.6
P045763,2025,1,8728.2
P045767,2025,1,35970.31
P045769,2025,1,40124.96
P045770,2025,1,43261.99
P045771,2025,1,22070.2
P045774,2025,1,105257.43
P045775,2025,1,34545.13
P045776,2025,1,27024.08
P045779,2025,1,39620.24
P045780,2025,1,26140.26
P045787,2025,0,0
P045788,2025,1,28806.61
P045790,2025,1,34737.33
P045796,2025,1,17829.87
P045799,2025,1,21628.09
P045804,2025,1,28660.36
P045805,2025,1,62714.14
P045807,2025,1,34580.96
P045810,2025,1,34185.8
P045812,2025,1,65453.16
P045815,2025,1,26540.05
P045819,2025,1,39623.13
P045821,2025,1,30821.75
P045822,2025,1,70386.85
P045829,2025,1,-66005.72
P045832,2025,1,30256.25
P045837,2025,1,21040.59
P045839,2025,1,51812.87
P045840,2025,1,30824.41
P045846,2025,1,32080.79
P045847,2025,1,43426.86
P045850,2025,1,38597.95
P045851,2025,1,21473.82
P045852,2025,1,33719.72
P045855,2025,1,9939.73
P045857,2025,1,15305.66
P045860,2025,1,58351.96
P045861,2025,1,19786.64
P045867,2025,1,28752.86
P045882,2025,1,67943.93
P045883,2025,1,12883.96
P045885,2025,1,35285.12
P045886,2025,1,23133.13
P045889,2025,1,16544.97
P045896,2025,1,41451.43
P045897,2025,1,27200.83
P045904,2025,1,22926.16
P045910,2025,1,19421.47
P045921,2025,1,16245.84
P045929,2025,0,0
P045934,2025,1,13986.2
P045940,2025,1,47968.23
P045943,2025,1,19566.15
P045946,2025,1,57068.28
P045949,2025,1,59113
P045953,2025,1,18834.25
P045954,2025,1,47487.68
P045959,2025,1,26430.95
P045960,2025,1,46357.32
P045961,2025,1,22195.5
P045965,2025,1,34763.45
P045969,2025,1,16937.64
P045976,2025,1,22627.61
P045977,2025,1,37251.67
P045978,2025,1,27689.03
P045979,2025,1,55483.9
P045984,2025,1,19233.54
P045987,2025,1,64816.43
P045992,2025,1,10375.36
P045994,2025,1,64131.79
P045997,2025,0,0
P045999,2025,1,42163.02
P046003,2025,1,20606.11
P046004,2025,1,27652.39
P046005,2025,1,9135.67
P046008,2025,1,31841.68
P046009,2025,1,39884.98
P046017,2025,1,12471.85
P046019,2025,1,137060.9
P046020,2025,1,23361.5
P046023,2025,1,11237.15
P046026,2025,1,59523.91
P046027,2025,1,30307.68
P046028,2025,1,36102.36
P046029,2025,1,39886.71
P046032,2025,1,31940.41
P046037,2025,0,0
P046040,2025,1,32228.56
P046041,2025,1,20153.2
P046042,2025,1,35938.41
P046043,2025,1,4099.02
P046049,2025,1,34586.78
P046053,2025,1,80582.74
P046056,2025,1,40971.32
P046058,2025,1,8901.97
P046062,2025,1,7475.44
P046064,2025,1,40030.32
P046067,2025,1,44702.22
P046068,2025,1,8441.92
P046072,2025,1,64036.57
P046073,2025,1,27174.57
P046074,2025,1,46696.6
P046076,2025,1,21618.4
P046077,2025,1,11152.03
P046080,2025,1,87722.41
P046081,2025,1,45738.36
P046084,2025,1,24589.1
P046085,2025,1,33828.24
P046087,2025,1,14312.54
P046089,2025,1,41577.61
P046092,2025,0,0
P046093,2025,1,19597.74
P046094,2025,1,36803.62
P046095,2025,1,35917.47
P046098,2025,1,16924.97
P046099,2025,1,19786.91
P046100,2025,1,64041.51
P046101,2025,1,68102
P046102,2025,1,25404.28
P046106,2025,1,74597.64
P046107,2025,1,43520.34
P046108,2025,1,16456.27
P046109,2025,1,28338.43
P046110,2025,1,21383.03
P046111,2025,1,55032.45
P046112,2025,1,39385.59
P046113,2025,1,NA
P046118,2025,1,18884.77
P046119,2025,1,21317.27
P046120,2025,1,20012.76
P046121,2025,1,-75587.42
P046123,2025,1,9101.55
P046126,2025,1,61732.83
P046127,2025,1,32159.07
P046132,2025,1,33490.02
P046133,2025,1,9277.43
P046136,2025,1,50754.33
P046138,2025,1,116198.64
P046142,2025,1,35744.36
P046143,2025,1,83513.93
P046144,2025,1,50214.54
P046147,2025,1,15492.85
P046148,2025,1,55491.38
P046149,2025,1,39048.44
P046151,2025,1,21482.33
P046153,2025,1,20394.88
P046156,2025,1,45140.23
P046157,2025,1,123279.26
P046159,2025,1,-32766.67
P046160,2025,1,13823.54
P046163,2025,1,53116.63
P046164,2025,1,62533.07
P046166,2025,1,63640.05
P046167,2025,1,23781.94
P046172,2025,1,NA
P046173,2025,1,61185.55
P046175,2025,1,56074.32
P046177,2025,1,30630.82
P046178,2025,1,24871.72
P046180,2025,1,66804.58
P046181,2025,1,7752.25
P046182,2025,1,10505.24
P046191,2025,1,28513.89
P046194,2025,1,60469.31
P046195,2025,1,33412.22
P046199,2025,1,12392.04
P046201,2025,1,13868.69
P046202,2025,1,16592.78
P046203,2025,1,13617.64
P046208,2025,1,21190.72
P046210,2025,1,32758.15
P046211,2025,1,47928.66
P046212,2025,0,0
P046219,2025,1,19977.23
P046221,2025,1,110645.31
P046228,2025,1,56842.83
P046231,2025,0,0
P046232,2025,1,12403.16
P046233,2025,1,28761.23
P046237,2025,1,18591.08
P046240,2025,1,15054.86
P046241,2025,1,27295.57
P046244,2025,0,0
P046246,2025,1,41295.29
P046248,2025,1,18268.09
P046249,2025,1,3663.99
P046250,2025,1,21532.15
P046251,2025,1,48276.73
P046253,2025,1,20383.25
P046255,2025,1,62752.18
P046256,2025,1,27369.87
P046257,2025,1,17119.48
P046259,2025,1,12970.77
P046263,2025,1,0
P046264,2025,1,74881.64
P046266,2025,1,24600.89
P046267,2025,1,17313.44
P046268,2025,0,0
P046269,2025,1,20947
P046270,2025,1,55562.66
P046271,2025,1,20855.57
P046279,2025,1,15002.73
P046282,2025,1,47270.05
P046286,2025,1,21092.16
P046290,2025,1,51618.6
P046291,2025,1,81124.06
P046293,2025,1,10447.81
P046298,2025,1,25341.65
P046299,2025,1,22928.62
P046304,2025,1,42126.85
P046305,2025,1,20903.34
P046310,2025,1,19687.93
P046317,2025,1,56256.47
P046319,2025,1,13956.3
P046320,2025,1,30408.83
P046321,2025,1,28815.16
P046324,2025,1,10039.73
P046327,2025,1,55241.16
P046328,2025,1,19377.24
P046331,2025,1,15198.44
P046332,2025,1,78128.07
P046335,2025,1,28576.35
P046337,2025,1,15328.24
P046339,2025,1,22286.82
P046340,2025,1,20507.6
P046341,2025,1,58395.65
P046346,2025,1,54808.17
P046347,2025,1,17059.19
P046348,2025,1,48899.52
P046352,2025,1,39087.99
P046353,2025,1,18492.19
P046355,2025,1,29693.35
P046356,2025,1,38045.77
P046361,2025,1,3510.15
P046362,2025,1,18384.19
P046364,2025,1,23993.17
P046365,2025,1,50524.23
P046367,2025,1,24810.55
P046368,2025,1,18222.02
P046373,2025,1,20346.36
P046374,2025,1,15974.41
P046375,2025,1,26053.91
P046377,2025,1,35116.63
P046386,2025,1,10627.19
P046387,2025,1,40522.61
P046388,2025,1,23783.8
P046389,2025,1,14300.76
P046390,2025,1,29593.2
P046391,2025,1,8492.65
P046393,2025,1,23570.36
P046394,2025,1,51523.12
P046395,2025,1,24064.2
P046396,2025,1,46345.93
P046397,2025,1,NA
P046398,2025,1,11784.25
P046400,2025,1,57575.27
P046403,2025,1,24452.82
P046404,2025,1,71866.3
P046405,2025,1,30136.25
P046408,2025,1,43964.93
P046411,2025,1,24874.09
P046412,2025,1,32122.65
P046414,2025,1,3524.85
P046415,2025,1,28500.28
P046416,2025,1,48817.74
P046418,2025,1,43516.13
P046420,2025,1,13070.75
P046421,2025,1,70387.21
P046424,2025,1,24042.82
P046426,2025,1,48761
P046437,2025,1,25281.2
P046438,2025,1,106210.2
P046439,2025,1,14184.33
P046440,2025,1,15044.23
P046441,2025,1,5657.07
P046447,2025,1,23409.29
P046451,2025,1,42141.61
P046452,2025,1,46221.84
P046453,2025,1,18203.78
P046454,2025,1,85252.22
P046455,2025,1,50477.55
P046456,2025,1,6959.85
P046457,2025,1,15128.92
P046459,2025,1,41430.65
P046460,2025,1,81397.32
P046461,2025,1,32102.01
P046462,2025,1,40369.36
P046463,2025,1,42066.52
P046464,2025,1,42915.41
P046466,2025,1,22436.19
P046467,2025,1,22573.88
P046478,2025,1,7866.26
P046479,2025,1,11751.82
P046480,2025,1,33635.71
P046483,2025,1,5479.21
P046484,2025,1,28331.71
P046486,2025,1,19263.56
P046489,2025,1,19112.78
P046496,2025,1,23049.78
P046497,2025,1,57956.32
P046500,2025,1,6420.51
P046506,2025,1,37884.73
P046507,2025,1,53000.51
P046509,2025,0,0
P046515,2025,1,12852.95
P046517,2025,1,25591.8
P046523,2025,1,22411.81
P046524,2025,1,74166.98
P046526,2025,1,25272.79
P046529,2025,1,38742.03
P046531,2025,1,116474.72
P046535,2025,1,40814.7
P046541,2025,1,51921.86
P046543,2025,1,40038.15
P046544,2025,1,28242.17
P046545,2025,1,44406.9
P046546,2025,1,58185.05
P046548,2025,1,85573.75
P046549,2025,1,53028.89
P046552,2025,1,25722.79
P046553,2025,1,25210.32
P046554,2025,1,15107.7
P046555,2025,1,30676.49
P046557,2025,0,0
P046558,2025,1,19096.48
P046561,2025,1,7459.15
P046562,2025,1,22804.31
P046569,2025,1,0
P046570,2025,1,38016.09
P046573,2025,1,67902.38
P046574,2025,1,13902.87
P046575,2025,1,14888.21
P046576,2025,1,21035.89
P046580,2025,1,26040.33
P046585,2025,1,14063.49
P046589,2025,1,32664.33
P046590,2025,1,31112.83
P046592,2025,1,93161.51
P046593,2025,1,21165.39
P046605,2025,1,16835.74
P046608,2025,1,23849.95
P046610,2025,1,28553.97
P046612,2025,1,59806.62
P046613,2025,1,22824.78
P046615,2025,1,44276.27
P046616,2025,1,51474.04
P046617,2025,1,14380.69
P046619,2025,1,25673.14
P046628,2025,1,4448.74
P046630,2025,1,23493.86
P046631,2025,1,23428.81
P046633,2025,1,17270
P046634,2025,1,39045.05
P046635,2025,1,51934.51
P046638,2025,1,42761.47
P046641,2025,1,9794.35
P046645,2025,1,21545.9
P046646,2025,1,14812.03
P046647,2025,1,58691.1
P046653,2025,1,25470.81
P046654,2025,1,57565.76
P046658,2025,1,19075.55
P046661,2025,1,34134.92
P046663,2025,1,63574.4
P046664,2025,1,24901.18
P046665,2025,1,0
P046667,2025,1,22869.24
P046674,2025,1,85570.6
P046675,2025,1,10900.64
P046679,2025,1,74275.41
P046680,2025,1,35751.98
P046681,2025,1,50314.39
P046682,2025,1,27556.59
P046684,2025,1,30463.03
P046690,2025,1,117546.34
P046694,2025,1,37336.41
P046696,2025,1,16528.56
P046697,2025,0,0
P046698,2025,1,8086.7
P046701,2025,1,40076.23
P046702,2025,1,14965.5
P046705,2025,1,17136.46
P046706,2025,1,9425.61
P046707,2025,1,16018.76
P046709,2025,1,11625.56
P046713,2025,1,43470.08
P046715,2025,1,40878.81
P046716,2025,1,78348.36
P046717,2025,1,48900.9
P046718,2025,1,14046.87
P046719,2025,1,54810.85
P046726,2025,1,18301.69
P046727,2025,1,47516.67
P046728,2025,1,9805.56
P046729,2025,1,NA
P046733,2025,1,26146.87
P046737,2025,1,40462.38
P046739,2025,1,23128.06
P046743,2025,1,94670.06
P046747,2025,1,20720.08
P046748,2025,1,11326.71
P046751,2025,1,65385.89
P046752,2025,1,31799.22
P046753,2025,1,37518.25
P046755,2025,1,57536.11
P046756,2025,1,39645.9
P046757,2025,1,14696.08
P046759,2025,1,0
P046760,2025,1,17547.22
P046766,2025,1,36230
P046767,2025,1,28146.31
P046768,2025,1,17193.27
P046770,2025,1,35786.72
P046771,2025,1,27130.6
P046776,2025,1,24262.29
P046777,2025,1,31721.64
P046783,2025,1,25453.83
P046784,2025,1,17854.89
P046788,2025,1,30660.86
P046789,2025,1,69901.21
P046793,2025,1,23169.57
P046794,2025,1,44740.13
P046797,2025,1,17610.34
P046798,2025,1,34715.45
P046799,2025,0,0
P046800,2025,1,17088.08
P046805,2025,1,32184.56
P046809,2025,1,25125.54
P046812,2025,1,9669.58
P046819,2025,1,11265.91
P046820,2025,1,15517.61
P046824,2025,1,26116.15
P046825,2025,1,12275.75
P046828,2025,0,0
P046830,2025,1,24226.26
P046831,2025,1,25995.24
P046832,2025,1,21344.7
P046833,2025,1,20970.86
P046835,2025,1,5113.47
P046836,2025,1,33518.59
P046846,2025,1,66158.29
P046848,2025,1,14851.23
P046850,2025,1,33735.44
P046852,2025,1,28040.07
P046855,2025,1,51097.99
P046856,2025,1,22449.14
P046857,2025,1,37940.25
P046858,2025,1,55451.5
P046863,2025,1,14150.43
P046870,2025,1,NA
P046874,2025,1,11495.37
P046875,2025,0,0
P046877,2025,1,20096.01
P046880,2025,1,16927.22
P046882,2025,1,46604.28
P046887,2025,1,NA
P046888,2025,1,17842.08
P046889,2025,1,31531.77
P046890,2025,1,33993.38
P046893,2025,1,10863.41
P046896,2025,1,73114.29
P046903,2025,1,82609.27
P046904,2025,0,0
P046906,2025,1,21190
P046913,2025,1,37243.06
P046915,2025,1,32319.59
P046919,2025,1,18875.27
P046922,2025,1,41195.1
P046925,2025,1,27713.25
P046930,2025,1,19400.02
P046936,2025,1,49517.13
P046937,2025,1,26946.2
P046938,2025,1,56465.24
P046941,2025,1,12310.03
P046942,2025,1,41841.42
P046943,2025,1,39881.37
P046945,2025,1,13572.99
P046950,2025,1,14457.28
P046952,2025,1,64630.08
P046953,2025,1,51783.3
P046954,2025,1,7372.78
P046957,2025,1,49924.47
P046959,2025,0,0
P046961,2025,1,58558.5
P046965,2025,0,0
P046969,2025,1,30481.47
P046970,2025,1,6615.09
P046971,2025,1,39023.29
P046972,2025,1,5780.42
P046974,2025,1,15654.04
P046978,2025,1,52536.64
P046981,2025,1,17364.78
P046987,2025,1,17813.83
P046988,2025,1,9508.89
P046989,2025,1,39064.72
P046993,2025,1,26352.28
P046994,2025,1,95301.36
P046995,2025,1,NA
P046996,2025,1,18291.99
P046997,2025,1,6283.28
P046998,2025,1,28320.13
P047001,2025,1,28506.66
P047003,2025,1,-21662.43
P047004,2025,1,18039.75
P047007,2025,1,15613.54
P047008,2025,1,27093.18
P047009,2025,1,53735.95
P047010,2025,0,0
P047011,2025,1,27307.38
P047014,2025,1,63303.81
P047016,2025,1,48869.36
P047019,2025,1,54775.4
P047020,2025,1,20774.87
P047024,2025,1,52340.59
P047026,2025,1,8811.86
P047027,2025,1,60456.34
P047029,2025,0,0
P047032,2025,1,106165.3
P047033,2025,1,43361.54
P047034,2025,1,15877.48
P047036,2025,1,10958.69
P047037,2025,1,16463.14
P047040,2025,1,14356.85
P047049,2025,1,12227.09
P047052,2025,1,10798.66
P047053,2025,1,88019.65
P047054,2025,1,94006.75
P047056,2025,1,85520.6
P047067,2025,1,18510.4
P047070,2025,1,15543.93
P047072,2025,1,63712.11
P047074,2025,1,31325.72
P047077,2025,1,39024.44
P047078,2025,1,17693.68
P047082,2025,1,54062.88
P047088,2025,1,8740.32
P047092,2025,1,32937.49
P047100,2025,1,60403.55
P047101,2025,1,9758.29
P047103,2025,1,28719.84
P047105,2025,1,20498.09
P047107,2025,1,25676.26
P047111,2025,1,24831.91
P047113,2025,1,28686.7
P047117,2025,1,68560.72
P047119,2025,1,41842.7
P047121,2025,1,34296.08
P047123,2025,1,19602.97
P047124,2025,1,13333.95
P047128,2025,1,23237.32
P047136,2025,1,13321.44
P047137,2025,1,50348.91
P047138,2025,1,53597.81
P047141,2025,1,10238.21
P047142,2025,1,63944.49
P047143,2025,1,30444.31
P047145,2025,1,15271.59
P047147,2025,1,27943.1
P047148,2025,1,57269.47
P047151,2025,1,15882.07
P047153,2025,1,18985.48
P047155,2025,1,24156.91
P047158,2025,1,19055.25
P047159,2025,1,27607.57
P047164,2025,1,25501.63
P047165,2025,1,17684.59
P047166,2025,1,65104.51
P047167,2025,1,30380.77
P047171,2025,1,56483.08
P047175,2025,1,62433.8
P047176,2025,0,0
P047180,2025,1,60944.94
P047182,2025,1,6217.31
P047185,2025,1,75384.78
P047190,2025,1,66434.44
P047192,2025,1,37316.17
P047193,2025,1,83594.41
P047194,2025,1,53948.16
P047196,2025,1,20144.26
P047200,2025,1,15042.49
P047201,2025,1,16822.09
P047203,2025,1,18519.9
P047205,2025,1,73256.08
P047207,2025,1,7603.52
P047210,2025,1,35567.51
P047213,2025,1,66292.07
P047216,2025,1,14831.21
P047219,2025,1,76858.4
P047220,2025,1,15666.13
P047221,2025,1,42695.34
P047224,2025,1,9788.4
P047233,2025,1,59194.93
P047234,2025,1,93856.67
P047236,2025,1,33410.43
P047241,2025,1,14416.02
P047243,2025,1,49719.97
P047245,2025,1,38566.58
P047246,2025,1,12597.88
P047255,2025,1,48358.2
P047258,2025,1,19744.05
P047259,2025,1,27837.86
P047260,2025,1,78249.5
P047262,2025,1,21062.3
P047264,2025,1,0
P047266,2025,1,16547.58
P047270,2025,1,32074.66
P047273,2025,1,13706.62
P047274,2025,1,11965.03
P047276,2025,1,161311.8
P047277,2025,1,28502.49
P047278,2025,1,12187.33
P047280,2025,1,40060.76
P047284,2025,1,26244.22
P047285,2025,1,10853.17
P047287,2025,1,64244.91
P047288,2025,1,43889.15
P047289,2025,1,9341.86
P047291,2025,1,42519.48
P047300,2025,1,27382.83
P047304,2025,1,37412.37
P047306,2025,1,65046.72
P047307,2025,1,NA
P047308,2025,1,48040.77
P047309,2025,1,13501.96
P047310,2025,1,71525.89
P047311,2025,1,70538.37
P047315,2025,1,18917.03
P047321,2025,1,13952.57
P047322,2025,0,0
P047323,2025,1,46318.8
P047328,2025,1,31764.16
P047329,2025,1,15537.26
P047330,2025,1,48505.28
P047331,2025,1,27084.84
P047336,2025,1,21877.87
P047337,2025,1,58381.69
P047338,2025,1,23599.29
P047339,2025,1,8201.91
P047342,2025,1,25179.47
P047343,2025,1,101115.24
P047345,2025,1,15406.72
P047346,2025,1,43502.72
P047347,2025,1,27768.15
P047350,2025,1,13787.28
P047353,2025,1,43529.8
P047355,2025,1,67150.56
P047356,2025,1,47783.78
P047357,2025,1,49288.17
P047358,2025,1,9936.45
P047359,2025,1,32781.14
P047363,2025,1,6306.43
P047365,2025,1,15381.26
P047367,2025,1,3379.05
P047370,2025,1,44072.81
P047371,2025,1,11840.13
P047375,2025,1,19860.08
P047379,2025,0,0
P047380,2025,1,17624.39
P047381,2025,1,61712.35
P047382,2025,1,25153.25
P047384,2025,1,23528.56
P047388,2025,1,58745.76
P047389,2025,1,23054.72
P047390,2025,1,10039.92
P047392,2025,1,16773.87
P047394,2025,1,47817.17
P047399,2025,1,72198.06
P047401,2025,1,26959.2
P047402,2025,1,28169.99
P047405,2025,1,21399.43
P047407,2025,1,70265.67
P047411,2025,1,35355.97
P047415,2025,1,53472.59
P047416,2025,1,42396.62
P047419,2025,1,22681.35
P047420,2025,1,26588.52
P047421,2025,1,11639.55
P047422,2025,1,31718.91
P047423,2025,1,16090.51
P047425,2025,1,35139.07
P047432,2025,1,38976.04
P047433,2025,1,29317.13
P047434,2025,1,13187.01
P047437,2025,1,31704.11
P047438,2025,1,12186.26
P047439,2025,1,35033.39
P047443,2025,1,22031.02
P047444,2025,1,88820.09
P047445,2025,1,6934.9
P047446,2025,1,20889.26
P047449,2025,1,43467.66
P047450,2025,1,90813.11
P047454,2025,1,43170.03
P047457,2025,1,5520.09
P047459,2025,1,8485.07
P047461,2025,1,66361.77
P047465,2025,1,36995.81
P047467,2025,1,15977.14
P047468,2025,1,52498.55
P047471,2025,1,11623.2
P047473,2025,1,19698.44
P047474,2025,1,57798.78
P047475,2025,1,29625.65
P047476,2025,1,10832.75
P047478,2025,1,24829.99
P047482,2025,1,58638.92
P047485,2025,1,12692.36
P047489,2025,1,38600.29
P047493,2025,1,16570.74
P047494,2025,1,43272.96
P047495,2025,1,50770.46
P047497,2025,1,18381.66
P047500,2025,1,27519.82
P047504,2025,1,25049.96
P047509,2025,1,15282.18
P047511,2025,1,21808.46
P047513,2025,1,31817.47
P047514,2025,1,42273.04
P047518,2025,1,5186.18
P047519,2025,1,31870.87
P047520,2025,1,38390.22
P047521,2025,1,7974.97
P047531,2025,1,35078.72
P047532,2025,1,14135.77
P047533,2025,1,27685.34
P047534,2025,1,6280.09
P047536,2025,1,18314.95
P047541,2025,1,71026.28
P047548,2025,1,39718.7
P047549,2025,1,25147.49
P047554,2025,1,82723.85
P047556,2025,1,99157.46
P047557,2025,1,78717.99
P047560,2025,1,59777.5
P047563,2025,1,21620.75
P047565,2025,1,54263.7
P047566,2025,1,29033.95
P047567,2025,1,22068.94
P047571,2025,1,26905.93
P047572,2025,1,23678.77
P047573,2025,1,60582.66
P047577,2025,1,27506.99
P047584,2025,1,33406.58
P047585,2025,1,15927.44
P047586,2025,1,15120.28
P047587,2025,1,62128.54
P047589,2025,1,67196.25
P047590,2025,1,18667.52
P047591,2025,1,13803.29
P047594,2025,1,7277.73
P047597,2025,1,25405.78
P047602,2025,1,40411.77
P047603,2025,1,18445.37
P047606,2025,1,12767.53
P047607,2025,1,10084.2
P047609,2025,1,10576.79
P047613,2025,0,0
P047617,2025,1,23767.89
P047619,2025,1,21619.08
P047620,2025,1,12541.53
P047626,2025,1,65571.19
P047627,2025,1,53911.14
P047633,2025,1,80489.79
P047634,2025,1,28232.29
P047635,2025,1,47927.79
P047637,2025,1,41287.17
P047645,2025,1,27793.58
P047646,2025,1,16231.66
P047647,2025,0,0
P047649,2025,1,19888.07
P047650,2025,1,94803.94
P047653,2025,1,13770.48
P047655,2025,1,-34710.74
P047658,2025,1,16150.32
P047659,2025,1,8597.51
P047660,2025,1,42309.4
P047662,2025,1,35366.89
P047663,2025,1,20499.42
P047665,2025,1,16277.07
P047669,2025,1,44124.49
P047670,2025,1,33760.11
P047673,2025,1,28672.13
P047674,2025,1,7962.11
P047676,2025,1,21486.11
P047682,2025,1,26121.71
P047683,2025,1,37073.27
P047684,2025,1,6104.23
P047685,2025,1,5929.91
P047689,2025,1,95759.51
P047692,2025,1,48628.69
P047693,2025,0,0
P047696,2025,1,67677.67
P047698,2025,1,21531.99
P047699,2025,1,20784.52
P047710,2025,1,11928.82
P047711,2025,1,17371.84
P047713,2025,1,33198.41
P047715,2025,1,6829.57
P047717,2025,1,9726.43
P047719,2025,1,137341.54
P047722,2025,1,28842.27
P047723,2025,1,30868.6
P047725,2025,1,22406.48
P047726,2025,1,75829.92
P047728,2025,1,18550.06
P047729,2025,1,29798.84
P047730,2025,1,32470.27
P047732,2025,1,42001.22
P047735,2025,1,73710.1
P047737,2025,1,21642.63
P047739,2025,1,42565.9
P047741,2025,1,14689.2
P047742,2025,1,18702.4
P047743,2025,1,15388.33
P047744,2025,1,49715.25
P047747,2025,1,19331.7
P047750,2025,1,NA
P047752,2025,1,39606.34
P047754,2025,1,NA
P047755,2025,1,22144.6
P047756,2025,1,16882.47
P047763,2025,1,34870.91
P047765,2025,1,18428.01
P047766,2025,1,70466.52
P047767,2025,1,13123.4
P047770,2025,1,64084.17
P047771,2025,1,14869.1
P047772,2025,1,18047.61
P047775,2025,1,7202.34
P047776,2025,1,9843.7
P047779,2025,1,70941.85
P047782,2025,1,27241.47
P047783,2025,1,28777.8
P047784,2025,1,22313.81
P047788,2025,1,65054.18
P047789,2025,1,77520.35
P047790,2025,0,0
P047792,2025,1,48256.19
P047795,2025,1,43243.92
P047796,2025,1,27812.17
P047802,2025,1,30216.05
P047803,2025,1,7857.95
P047813,2025,1,39580.96
P047815,2025,1,22360.75
P047816,2025,0,0
P047821,2025,1,100717.98
P047822,2025,1,135417.2
P047826,2025,1,82754.58
P047828,2025,1,19631.75
P047830,2025,1,37788.17
P047831,2025,1,31822.36
P047832,2025,1,35439.16
P047833,2025,1,48199.05
P047834,2025,1,25932.72
P047836,2025,1,42815.47
P047837,2025,1,21310.19
P047838,2025,1,46335.94
P047839,2025,0,0
P047840,2025,1,15706.44
P047844,2025,1,81260.46
P047850,2025,1,20520.57
P047851,2025,1,62865.52
P047853,2025,1,42966.8
P047854,2025,1,18589.21
P047856,2025,1,32398.6
P047858,2025,1,NA
P047859,2025,1,34588
P047860,2025,1,20044.68
P047866,2025,1,15729.68
P047870,2025,1,8450.58
P047874,2025,1,32382.58
P047878,2025,1,14909.95
P047879,2025,1,10248.63
P047881,2025,1,14454.27
P047883,2025,1,48845.72
P047884,2025,1,51644.48
P047885,2025,1,47942.79
P047887,2025,1,50210.27
P047888,2025,1,NA
P047893,2025,1,24725.16
P047898,2025,1,38796.1
P047899,2025,1,40063.49
P047900,2025,1,60229.99
P047903,2025,1,51673.15
P047905,2025,1,10433.63
P047906,2025,1,41433.12
P047907,2025,1,18841.42
P047910,2025,1,18929.52
P047911,2025,1,31226.76
P047912,2025,1,24721.88
P047914,2025,1,43983.93
P047916,2025,1,25347.24
P047918,2025,1,16901.89
P047919,2025,1,38361.2
P047922,2025,1,21035.05
P047925,2025,1,NA
P047927,2025,1,53030.17
P047928,2025,1,8969.26
P047932,2025,1,22268.69
P047936,2025,1,10004.53
P047937,2025,1,29121.54
P047938,2025,1,23541.39
P047941,2025,1,17156.61
P047942,2025,1,18176.96
P047943,2025,1,22770.03
P047944,2025,1,21990.48
P047950,2025,1,17620.5
P047951,2025,1,63806.66
P047957,2025,1,32132.48
P047958,2025,1,42069.1
P047959,2025,1,87289.56
P047960,2025,1,7536.77
P047962,2025,1,86139.98
P047964,2025,1,37650.13
P047965,2025,1,23440.54
P047966,2025,1,45098.71
P047968,2025,1,37436.37
P047969,2025,1,63753.66
P047971,2025,1,10636.31
P047972,2025,1,23284.06
P047974,2025,1,23274.71
P047977,2025,1,23203.78
P047983,2025,1,25731.88
P047985,2025,1,127386.73
P047991,2025,1,15333.32
P047993,2025,1,55775.53
P047996,2025,1,36265.34
P047998,2025,1,25417.07
P048001,2025,1,7408.44
P048004,2025,1,55602.31
P048006,2025,1,9388.3
P048008,2025,1,7788.42
P048009,2025,1,27498.07
P048014,2025,1,46885.26
P048018,2025,1,49789.63
P048019,2025,1,44918.42
P048020,2025,1,18364.8
P048021,2025,1,23801.05
P048028,2025,1,86100.24
P048029,2025,1,48913.42
P048033,2025,1,8283.48
P048035,2025,0,0
P048036,2025,1,48255.47
P048037,2025,1,22912.24
P048038,2025,1,17606.88
P048039,2025,1,49723.06
P048040,2025,1,21331.22
P048043,2025,1,63548.34
P048048,2025,1,22119.74
P048050,2025,1,8125.29
P048051,2025,1,15233.82
P048052,2025,1,36985.98
P048057,2025,1,36233.42
P048058,2025,1,26548.56
P048059,2025,1,16499.81
P048060,2025,1,91930.2
P048062,2025,1,191068.62
P048064,2025,1,104205.68
P048065,2025,1,23378.21
P048066,2025,1,47001.1
P048073,2025,1,91990.79
P048074,2025,1,25711.4
P048076,2025,1,70319.01
P048077,2025,1,59084.19
P048078,2025,1,11918.71
P048081,2025,1,54213.76
P048082,2025,1,34734.26
P048083,2025,1,25654.66
P048084,2025,1,23289
P048086,2025,1,38922.92
P048087,2025,1,12963.36
P048088,2025,1,34745.64
P048090,2025,1,36527.07
P048091,2025,1,65420.89
P048093,2025,1,13136.71
P048094,2025,1,28059.63
P048096,2025,1,32702.98
P048102,2025,1,37980.17
P048103,2025,1,13308.71
P048104,2025,1,12365.5
P048105,2025,1,30663.63
P048108,2025,0,0
P048109,2025,1,22307.1
P048110,2025,1,11921.14
P048111,2025,1,33599.07
P048113,2025,1,49283.86
P048116,2025,1,24605.25
P048119,2025,1,44339.33
P048123,2025,1,-83955.75
P048126,2025,1,27776.89
P048130,2025,1,19683.02
P048135,2025,1,27128.13
P048136,2025,1,74366.6
P048144,2025,1,18864.21
P048145,2025,1,29629.48
P048146,2025,1,38769.17
P048147,2025,1,30572.66
P048149,2025,1,6446.44
P048150,2025,1,83201.76
P048153,2025,1,25576.63
P048154,2025,1,77281.85
P048155,2025,1,12656.38
P048156,2025,1,-59964.8
P048159,2025,1,24034.81
P048160,2025,1,59985.41
P048163,2025,1,20960.54
P048164,2025,1,31835.56
P048168,2025,1,45273.16
P048169,2025,0,0
P048171,2025,1,50103.77
P048173,2025,1,23644.63
P048174,2025,1,21894.32
P048177,2025,1,8242.78
P048179,2025,1,59666.38
P048181,2025,1,72853.03
P048184,2025,0,0
P048186,2025,1,23497.67
P048187,2025,1,36630.78
P048188,2025,1,68915.68
P048191,2025,1,18173.62
P048193,2025,1,37828.85
P048196,2025,1,53348.47
P048201,2025,1,27040.73
P048202,2025,1,17412
P048203,2025,0,0
P048209,2025,1,12185.3
P048210,2025,1,33814.11
P048212,2025,1,28256.09
P048214,2025,1,42928.3
P048217,2025,1,33915.14
P048218,2025,1,11404.02
P048219,2025,1,75358.38
P048221,2025,1,27299.3
P048222,2025,1,2888.06
P048229,2025,1,26979.61
P048230,2025,1,NA
P048232,2025,1,55137.19
P048235,2025,1,90528.02
P048239,2025,1,12239.88
P048240,2025,1,26112.99
P048241,2025,0,0
P048243,2025,1,30298.22
P048244,2025,1,24546.18
P048245,2025,1,29971.24
P048246,2025,1,15617.02
P048252,2025,1,27677.8
P048262,2025,1,44504.18
P048267,2025,1,12884.08
P048273,2025,1,10601.14
P048279,2025,1,17979.21
P048280,2025,1,41593.1
P048281,2025,1,94878.94
P048283,2025,1,39206.28
P048284,2025,1,23156
P048285,2025,1,9319.56
P048286,2025,1,19248.45
P048288,2025,1,6751.9
P048289,2025,1,14626.58
P048290,2025,1,21865.64
P048296,2025,1,23604
P048298,2025,1,16469.09
P048304,2025,1,18726.46
P048308,2025,1,29426.24
P048309,2025,1,10336.42
P048312,2025,1,35623.91
P048313,2025,1,85029.32
P048321,2025,0,0
P048323,2025,1,50449.98
P048326,2025,1,12957.16
P048327,2025,1,27837.35
P048328,2025,1,10416.93
P048333,2025,1,15255.92
P048334,2025,1,52315.02
P048343,2025,1,37834.09
P048345,2025,1,-23051.69
P048347,2025,1,56535.33
P048349,2025,1,16121.73
P048350,2025,0,0
P048351,2025,1,56671.88
P048353,2025,1,21285.5
P048355,2025,1,46430.27
P048359,2025,1,25285.26
P048363,2025,1,30242.79
P048367,2025,1,31058.34
P048370,2025,1,49770.17
P048374,2025,1,12519.69
P048379,2025,1,74847.38
P048382,2025,1,86071.46
P048383,2025,1,30810.71
P048386,2025,1,51642.37
P048391,2025,1,25138.78
P048392,2025,1,22643.94
P048393,2025,1,16449.37
P048395,2025,1,19535.69
P048398,2025,1,57255.27
P048405,2025,1,8739.81
P048408,2025,1,27362.92
P048412,2025,1,50489.2
P048413,2025,1,45961.33
P048415,2025,1,14705.07
P048416,2025,1,23006.88
P048417,2025,1,41744.25
P048419,2025,1,14728.28
P048420,2025,1,21021.32
P048421,2025,1,41098.17
P048425,2025,1,13144.76
P048426,2025,1,24710.61
P048437,2025,1,63949.02
P048440,2025,1,25581
P048441,2025,1,20760
P048447,2025,0,0
P048449,2025,1,53719.8
P048454,2025,1,22338.59
P048455,2025,1,16063.8
P048456,2025,1,12107.1
P048458,2025,1,21274.74
P048460,2025,1,11670.79
P048461,2025,1,48686.84
P048465,2025,1,41186.25
P048467,2025,1,34258.17
P048469,2025,1,52195.27
P048470,2025,1,4980.23
P048471,2025,1,28314.28
P048481,2025,1,32050.42
P048486,2025,1,10435.57
P048489,2025,1,23662.42
P048490,2025,1,48723.54
P048491,2025,1,27483.52
P048493,2025,1,36222.11
P048496,2025,1,37466.17
P048504,2025,1,29804.12
P048505,2025,1,52569.82
P048506,2025,1,46195.29
P048507,2025,1,125585.58
P048510,2025,1,19297.71
P048511,2025,1,34399.62
P048513,2025,1,62493.48
P048515,2025,1,61654.73
P048516,2025,1,43708.36
P048518,2025,1,143257.6
P048523,2025,1,43489.2
P048531,2025,1,44660.46
P048535,2025,1,31360.2
P048536,2025,1,44094.04
P048539,2025,1,9112.04
P048541,2025,1,29554.33
P048546,2025,1,31659.03
P048547,2025,1,48007.42
P048549,2025,1,46781.88
P048550,2025,1,28229.07
P048552,2025,1,66120.14
P048555,2025,1,20466.12
P048558,2025,1,57735.34
P048560,2025,1,15546.9
P048562,2025,1,28163.45
P048563,2025,1,35330.08
P048566,2025,1,8495.42
P048568,2025,1,20283.4
P048574,2025,1,40698.66
P048576,2025,1,22858.04
P048579,2025,1,62911.66
P048581,2025,1,75206.03
P048582,2025,1,36262.18
P048583,2025,1,25414.07
P048586,2025,1,10297.51
P048587,2025,1,52852.86
P048588,2025,1,8526
P048589,2025,1,11450.48
P048591,2025,1,81065.62
P048593,2025,1,56347.87
P048595,2025,1,48822.84
P048602,2025,1,15235.62
P048604,2025,1,29224.39
P048607,2025,1,29855.83
P048609,2025,1,17151.43
P048611,2025,1,18052.64
P048613,2025,1,13364.67
P048614,2025,1,29575.01
P048617,2025,1,73075.32
P048620,2025,1,10714.71
P048621,2025,1,53160.59
P048622,2025,1,95759.1
P048626,2025,1,32277.85
P048627,2025,1,81611.23
P048629,2025,1,16240.35
P048630,2025,1,7015.7
P048633,2025,1,40967.11
P048637,2025,1,22905.73
P048638,2025,1,14056.59
P048640,2025,1,26130.05
P048643,2025,1,16313.13
P048644,2025,1,14502.2
P048645,2025,1,49120.51
P048647,2025,1,151364.37
P048648,2025,1,47144.24
P048650,2025,1,3246.81
P048651,2025,0,0
P048656,2025,1,8528.99
P048660,2025,1,62919.55
P048661,2025,1,25251.4
P048663,2025,1,19580.67
P048666,2025,1,13518.73
P048668,2025,1,29532.75
P048669,2025,1,20691.19
P048674,2025,1,41453.29
P048676,2025,1,0
P048677,2025,1,22217.5
P048679,2025,1,39706.93
P048681,2025,1,21802.9
P048686,2025,1,32465.75
P048691,2025,1,14029.42
P048692,2025,1,14736.64
P048694,2025,1,37404.39
P048698,2025,1,16295.81
P048699,2025,1,21965.78
P048701,2025,1,37602.91
P048702,2025,1,31746.82
P048705,2025,1,8698.2
P048707,2025,1,13155.82
P048709,2025,1,14378.09
P048713,2025,1,34314.54
P048714,2025,1,22309.16
P048715,2025,1,40215.69
P048717,2025,1,49313.27
P048721,2025,1,31183.24
P048724,2025,1,56689.51
P048726,2025,1,23226.11
P048727,2025,1,13144.67
P048731,2025,1,26342.75
P048733,2025,1,55382.26
P048735,2025,1,22999.97
P048736,2025,1,36698.69
P048742,2025,1,24459.08
P048743,2025,1,13523.97
P048745,2025,1,19857.47
P048746,2025,1,10461.83
P048747,2025,1,19190.8
P048750,2025,1,17968.05
P048752,2025,1,8899.49
P048756,2025,1,9696.77
P048757,2025,1,13210.6
P048759,2025,1,41395.94
P048762,2025,1,35398.88
P048763,2025,1,33507.37
P048764,2025,1,11433.34
P048765,2025,1,32609.33
P048767,2025,1,43752.31
P048775,2025,1,47001.33
P048779,2025,1,32796.01
P048781,2025,1,0
P048782,2025,0,0
P048784,2025,1,17542.16
P048789,2025,1,22710.64
P048790,2025,1,23534.95
P048792,2025,1,133921.5
P048794,2025,1,14845.07
P048796,2025,1,29145.87
P048801,2025,1,32163.84
P048805,2025,1,19473.31
P048806,2025,1,9684.04
P048810,2025,1,25448.46
P048814,2025,1,27900.65
P048815,2025,1,15306.69
P048825,2025,1,39757.55
P048826,2025,1,29979.72
P048827,2025,1,82407.64
P048829,2025,0,0
P048830,2025,1,60879.94
P048833,2025,1,26024.98
P048834,2025,1,39471.73
P048835,2025,1,77843.83
P048837,2025,1,26159.16
P048840,2025,1,8650.25
P048842,2025,1,15970.74
P048846,2025,1,20554.59
P048848,2025,1,23226.68
P048849,2025,1,36977.46
P048850,2025,1,49764.94
P048851,2025,1,38927.01
P048854,2025,1,9731.45
P048855,2025,1,133831.05
P048857,2025,1,46058.52
P048859,2025,1,20120.91
P048863,2025,1,27238.57
P048873,2025,1,42788.14
P048874,2025,1,45324.61
P048875,2025,1,17686.6
P048877,2025,1,16378.67
P048882,2025,1,14857.62
P048884,2025,1,38741.74
P048885,2025,1,35229.32
P048886,2025,1,27355.56
P048887,2025,1,63585.41
P048888,2025,1,86941.22
P048889,2025,1,33854.98
P048890,2025,1,16626.26
P048891,2025,1,39931.11
P048892,2025,1,39164.69
P048894,2025,1,16440.3
P048895,2025,1,99328.95
P048896,2025,1,86190.53
P048897,2025,1,71562.24
P048898,2025,1,53011.66
P048906,2025,1,15130.21
P048908,2025,1,28808.99
P048909,2025,1,37373.24
P048910,2025,1,22205.37
P048912,2025,1,62691.12
P048915,2025,1,40633.76
P048922,2025,1,15865.1
P048924,2025,1,45619.12
P048925,2025,1,108218.87
P048926,2025,1,34699.98
P048929,2025,1,23818.32
P048930,2025,1,39009.27
P048931,2025,1,29336.99
P048936,2025,1,41100.48
P048937,2025,1,16097.06
P048938,2025,1,24659.06
P048941,2025,1,34772.51
P048942,2025,1,39572.81
P048945,2025,1,36497.75
P048946,2025,1,12849.43
P048951,2025,1,23047.87
P048959,2025,1,49854.02
P048960,2025,1,71276.76
P048963,2025,1,97845.81
P048964,2025,1,NA
P048965,2025,1,62447.6
P048968,2025,1,14342.93
P048970,2025,1,14867.77
P048972,2025,1,30499.61
P048974,2025,1,55595.31
P048975,2025,1,39305.92
P048978,2025,1,33350.94
P048981,2025,1,35916.57
P048987,2025,1,25547.3
P048988,2025,1,47702.12
P048991,2025,0,0
P048994,2025,1,42948
P048995,2025,1,16981.87
P048997,2025,1,42308.7
P048998,2025,1,37096.88
P048999,2025,1,44132.49
P049001,2025,1,29279.57
P049002,2025,1,36381.37
P049003,2025,1,37304.6
P049005,2025,1,31568.06
P049011,2025,1,46876.51
P049020,2025,1,25068.45
P049022,2025,1,48802.34
P049023,2025,1,35194.67
P049027,2025,1,26951.13
P049035,2025,1,35586.24
P049037,2025,1,12697.11
P049041,2025,1,28902.4
P049042,2025,1,25688.19
P049044,2025,1,8995.72
P049045,2025,1,12478.26
P049046,2025,1,18536.6
P049048,2025,1,24786.91
P049054,2025,1,11487.77
P049057,2025,1,28478.71
P049059,2025,1,57225.68
P049067,2025,1,28766.74
P049070,2025,1,27330.22
P049071,2025,1,11781.57
P049073,2025,1,93067.12
P049076,2025,1,38226.93
P049081,2025,1,10181.29
P049086,2025,1,120312.73
P049089,2025,1,23682.37
P049090,2025,1,87798.52
P049092,2025,1,37428.37
P049094,2025,0,0
P049099,2025,1,18349.42
P049103,2025,1,43100.86
P049107,2025,1,22769.38
P049110,2025,1,73287.66
P049115,2025,1,51666.57
P049116,2025,1,98320.18
P049118,2025,1,14202.84
P049119,2025,1,48083.37
P049120,2025,1,22147.27
P049124,2025,1,87615.87
P049126,2025,1,23517.2
P049127,2025,1,6579.75
P049129,2025,1,21342.53
P049131,2025,1,6759.99
P049133,2025,1,41980.13
P049135,2025,1,31641.65
P049136,2025,1,54945.94
P049137,2025,1,25529.99
P049139,2025,1,30292.07
P049140,2025,1,59856.26
P049141,2025,1,54326.92
P049142,2025,1,16032
P049144,2025,1,27878.39
P049145,2025,1,19947.14
P049147,2025,1,9931.51
P049149,2025,1,9156.1
P049150,2025,1,61963.25
P049151,2025,1,NA
P049155,2025,1,25828.95
P049164,2025,0,0
P049165,2025,1,17204.7
P049166,2025,1,62110.86
P049167,2025,1,27114.62
P049170,2025,1,41092.4
P049171,2025,1,23943.81
P049173,2025,1,16672.31
P049174,2025,1,20147.6
P049177,2025,1,7128.64
P049184,2025,1,46112.13
P049186,2025,1,27588.5
P049187,2025,1,80064.99
P049192,2025,1,10136.37
P049197,2025,1,6804.31
P049199,2025,1,15751.98
P049204,2025,1,4996.14
P049208,2025,1,35511.35
P049210,2025,1,38688.95
P049213,2025,1,142031.54
P049214,2025,1,16846.31
P049216,2025,1,38270.02
P049217,2025,1,24732.73
P049218,2025,1,13766.79
P049219,2025,1,17217.02
P049220,2025,1,20257.07
P049221,2025,1,19540.02
P049222,2025,1,24088.1
P049224,2025,1,8878
P049225,2025,1,10763.18
P049226,2025,1,17975.92
P049231,2025,1,20386.32
P049234,2025,1,20754.03
P049235,2025,1,19730.54
P049237,2025,1,12195.63
P049240,2025,1,23084.88
P049242,2025,1,46472.37
P049243,2025,1,50541.83
P049244,2025,1,34427.22
P049245,2025,0,0
P049248,2025,1,24289.7
P049250,2025,1,9892.58
P049251,2025,1,20908.86
P049252,2025,1,13800.35
P049257,2025,1,32699.77
P049258,2025,1,50573.7
P049259,2025,1,22439.44
P049261,2025,1,29703.55
P049262,2025,1,18029.6
P049263,2025,1,20459.19
P049269,2025,1,17996.35
P049271,2025,1,8688.61
P049273,2025,1,43924.21
P049274,2025,1,24884.6
P049281,2025,1,72000.27
P049282,2025,1,35705.92
P049283,2025,1,42153.19
P049286,2025,1,16221.32
P049287,2025,1,16934.89
P049289,2025,1,20617.37
P049292,2025,1,33893.48
P049293,2025,1,46292.76
P049297,2025,1,16353.68
P049300,2025,1,29845.39
P049301,2025,1,40282.34
P049304,2025,1,30348.75
P049305,2025,1,45938.86
P049306,2025,1,7867.15
P049310,2025,1,43028.3
P049311,2025,1,NA
P049315,2025,1,29078.95
P049317,2025,1,25270.73
P049318,2025,1,47711.49
P049329,2025,0,0
P049330,2025,1,60220.48
P049331,2025,1,7781.05
P049332,2025,1,68326.78
P049335,2025,1,74123.03
P049336,2025,1,24641.77
P049339,2025,1,77672.63
P049340,2025,1,20178.88
P049344,2025,1,25703.47
P049345,2025,1,58429.94
P049347,2025,0,0
P049348,2025,1,31134.71
P049350,2025,1,6145.05
P049353,2025,1,40643.66
P049355,2025,1,56758.27
P049356,2025,1,12401.98
P049359,2025,1,30142.9
P049360,2025,1,31609.73
P049361,2025,1,34380.3
P049363,2025,1,63228.07
P049366,2025,1,65551.96
P049368,2025,1,15396.97
P049369,2025,1,16448.59
P049370,2025,1,48117.23
P049372,2025,1,39805.61
P049374,2025,1,49562.78
P049376,2025,1,13441.3
P049382,2025,1,11783.5
P049390,2025,1,27024.41
P049391,2025,1,68744.82
P049395,2025,1,57810.28
P049400,2025,1,84659.06
P049408,2025,1,26950.64
P049409,2025,1,95181.3
P049411,2025,1,36595.53
P049412,2025,1,50311.34
P049415,2025,1,51558.87
P049416,2025,1,45046.83
P049422,2025,1,10583.82
P049423,2025,1,15626.78
P049426,2025,1,94382.56
P049427,2025,1,17178.58
P049428,2025,1,17868.91
P049430,2025,1,11543.87
P049433,2025,1,NA
P049434,2025,1,11422.48
P049437,2025,1,26170.16
P049438,2025,1,23718.36
P049442,2025,1,54572.11
P049443,2025,0,0
P049445,2025,1,10082.69
P049446,2025,1,25309.7
P049447,2025,1,38469.71
P049448,2025,1,15504.24
P049449,2025,1,29683.57
P049450,2025,1,NA
P049452,2025,1,17522.72
P049454,2025,1,28312.25
P049455,2025,1,16055.34
P049459,2025,1,17038.29
P049460,2025,1,7203.75
P049462,2025,1,22144.01
P049463,2025,1,30129.27
P049464,2025,1,23256.2
P049465,2025,1,21303.34
P049470,2025,1,22740.45
P049472,2025,1,42911.04
P049479,2025,1,60475.79
P049481,2025,1,15060.26
P049495,2025,1,20885.65
P049497,2025,1,49490.31
P049499,2025,1,111285.4
P049501,2025,1,14301.63
P049502,2025,1,14595.25
P049505,2025,1,26611.96
P049508,2025,1,55038.81
P049511,2025,1,7785.31
P049514,2025,1,9669.02
P049515,2025,1,12152.93
P049517,2025,1,43973.7
P049520,2025,1,14641.07
P049521,2025,1,37775.95
P049522,2025,1,34608.21
P049523,2025,1,12268.78
P049524,2025,1,22447.36
P049529,2025,1,29994.79
P049531,2025,1,12835.91
P049535,2025,1,11937.65
P049536,2025,1,26609.79
P049537,2025,1,20180.12
P049538,2025,1,64490.83
P049539,2025,1,32252.51
P049541,2025,1,32183.23
P049542,2025,1,10155.35
P049543,2025,1,24101.66
P049548,2025,1,21516.5
P049549,2025,1,23667.52
P049552,2025,1,56016.9
P049553,2025,1,31349.91
P049554,2025,1,62455.01
P049557,2025,1,24194.29
P049559,2025,1,98768.44
P049560,2025,1,21781.8
P049562,2025,1,33874.27
P049563,2025,1,64814.21
P049564,2025,1,62558.81
P049567,2025,1,53440.12
P049572,2025,1,35255.31
P049573,2025,1,8833.01
P049574,2025,1,16894.87
P049575,2025,1,39536.57
P049577,2025,1,15981.21
P049578,2025,1,40852.7
P049579,2025,1,36623.71
P049582,2025,1,-10719.45
P049587,2025,1,28556.6
P049589,2025,1,36503.05
P049592,2025,1,29050.2
P049593,2025,1,16813.14
P049599,2025,1,38288.82
P049600,2025,1,23045.37
P049601,2025,1,32327.2
P049604,2025,1,29258.14
P049605,2025,1,91045.75
P049607,2025,1,22888.31
P049608,2025,1,71640.12
P049610,2025,1,26966.73
P049611,2025,1,10502.63
P049614,2025,1,32665.18
P049616,2025,1,23626.61
P049618,2025,1,40156.57
P049622,2025,1,58594.02
P049623,2025,1,43204.23
P049625,2025,1,12303.12
P049626,2025,1,0
P049631,2025,1,69711.69
P049632,2025,1,16196.52
P049634,2025,1,22142.43
P049636,2025,1,21765.45
P049638,2025,1,51340.6
P049641,2025,1,32073.07
P049643,2025,1,30824.65
P049644,2025,1,94274.48
P049646,2025,1,17349.82
P049649,2025,1,24874.04
P049653,2025,1,23750.54
P049655,2025,1,21848.88
P049658,2025,1,34589.21
P049660,2025,1,45797.29
P049662,2025,1,22866
P049665,2025,1,28164.15
P049668,2025,1,42075.38
P049669,2025,1,21320.14
P049672,2025,1,33210.13
P049675,2025,1,35041.62
P049677,2025,1,17976.36
P049679,2025,1,53576.06
P049680,2025,1,22947.58
P049681,2025,0,NA
P049682,2025,1,55282.8
P049684,2025,1,16035.89
P049685,2025,1,37288.16
P049688,2025,1,18738.61
P049689,2025,1,40448.56
P049691,2025,1,47392.67
P049695,2025,1,8833.13
P049697,2025,1,37598.65
P049700,2025,1,94529.04
P049704,2025,1,31221.97
P049708,2025,1,12690.55
P049710,2025,1,25402.7
P049711,2025,1,3265.05
P049713,2025,1,16373.59
P049721,2025,1,79813.31
P049724,2025,1,24391.2
P049725,2025,1,22060.16
P049728,2025,1,21861.77
P049729,2025,1,84208.89
P049731,2025,1,90849.17
P049733,2025,1,17075.41
P049738,2025,1,50156.94
P049739,2025,1,6792.9
P049742,2025,1,32108.88
P049747,2025,1,19112.75
P049749,2025,1,35225.04
P049750,2025,1,23447.42
P049752,2025,1,19385.15
P049753,2025,1,48972.7
P049757,2025,1,37749.79
P049760,2025,1,63142.3
P049762,2025,1,43138.94
P049763,2025,1,49756.49
P049765,2025,1,21392.39
P049766,2025,1,82913.62
P049767,2025,1,0
P049774,2025,1,47493.1
P049775,2025,1,33121.88
P049778,2025,1,31002.1
P049780,2025,1,26268.32
P049787,2025,1,73842.1
P049789,2025,1,12353.97
P049791,2025,0,0
P049792,2025,1,28612.63
P049794,2025,1,14742.4
P049800,2025,1,42820.85
P049803,2025,1,38761.93
P049807,2025,1,14799.7
P049809,2025,1,27529.77
P049813,2025,1,24363.71
P049815,2025,1,19237.97
P049819,2025,1,9055.76
P049821,2025,1,27978.1
P049827,2025,1,57348.03
P049828,2025,1,15961.17
P049830,2025,1,34246.71
P049831,2025,1,22155.15
P049832,2025,1,36051.76
P049835,2025,1,34799.14
P049836,2025,1,56503.75
P049838,2025,1,33971.98
P049844,2025,1,26893.35
P049848,2025,1,46428.63
P049850,2025,1,71333.65
P049851,2025,1,42505.05
P049855,2025,1,20869.9
P049860,2025,1,22102.38
P049861,2025,1,33485.31
P049862,2025,1,20390.25
P049863,2025,1,45125.59
P049866,2025,1,31078.77
P049872,2025,1,74676.22
P049874,2025,1,25032.35
P049876,2025,1,19753.31
P049879,2025,1,15403.72
P049880,2025,1,26650.39
P049885,2025,1,31360.28
P049886,2025,1,17595.47
P049887,2025,1,16181.1
P049890,2025,1,11215.33
P049893,2025,1,75783.64
P049897,2025,1,40718.48
P049900,2025,1,44035.41
P049901,2025,1,50226.06
P049906,2025,1,25866.92
P049915,2025,1,87516.49
P049916,2025,1,15441.26
P049917,2025,1,20014.65
P049920,2025,1,47381.9
P049922,2025,1,34436.01
P049928,2025,1,NA
P049930,2025,1,23325.42
P049932,2025,1,21379.74
P049934,2025,1,27797.64
P049939,2025,1,29968.04
P049942,2025,1,15028.4
P049948,2025,1,20835.75
P049950,2025,1,11872.24
P049952,2025,1,37776.13
P049953,2025,1,43353.56
P049954,2025,1,34151.37
P049955,2025,1,14400.98
P049956,2025,1,39411.62
P049958,2025,1,34008.2
P049959,2025,1,19806.51
P049960,2025,1,83465.52
P049962,2025,1,12047.46
P049964,2025,1,16306.88
P049968,2025,1,40048.75
P049970,2025,1,13265.4
P049971,2025,1,77375.05
P049973,2025,1,11326.73
P049974,2025,1,22771.72
P049976,2025,1,37941
P049978,2025,1,12930.66
P049984,2025,1,8059.92
P049990,2025,1,19157.73
P049991,2025,1,26654.02
P049994,2025,1,33239.78
P049996,2025,1,74530.29
P049997,2025,1,59940.94
P049998,2025,1,36350.12
P050012,2025,1,24911.55
P050060,2025,1,21170.51
P050065,2025,0,0
P050089,2025,1,109623.46
P050113,2025,1,56514.65
P050122,2025,0,0
P050137,2025,0,0
P050139,2025,0,0
P050175,2025,1,19921.41
P050182,2025,1,9066.92
P050208,2025,0,0
P050209,2025,1,11433.49
P050226,2025,0,0
P050234,2025,0,0
P050248,2025,1,26666.63
P050255,2025,1,0
P050289,2025,1,15917.43
P050309,2025,1,6153.17
P050323,2025,1,0
P050402,2025,0,0
P050410,2025,1,0
P050427,2025,0,0
P050459,2025,0,0
P050461,2025,1,40715.91
P050476,2025,1,125216.89
P050483,2025,0,0
P050486,2025,1,38437.18
P050507,2025,1,24159.66
P050569,2025,0,0
P050577,2025,1,6538.23
P050585,2025,1,30812.04
P050592,2025,1,25133.57
P050610,2025,1,39627.72
P050632,2025,1,13093.87
P050636,2025,1,17244.89
P050643,2025,1,57387.48
P050653,2025,0,0
P050699,2025,1,25380.75
P050707,2025,1,0
P050722,2025,1,47794.35
P050768,2025,1,22789.17
P050795,2025,1,36995.58
P050827,2025,0,0
P050837,2025,1,14671.08
P050845,2025,0,0
P050855,2025,1,30767.64
P050871,2025,1,-23279.89
P050877,2025,1,47042.62
P050881,2025,1,7758.42
P050887,2025,1,18082.32
P050940,2025,1,26091.91
P050950,2025,1,14970.94
P050983,2025,0,0
P051012,2025,1,NA
P051035,2025,1,17314.36
P051041,2025,0,0
P051058,2025,0,0
P051078,2025,1,66361.9
P051088,2025,1,49457.65
P051108,2025,1,40487.34
P051118,2025,0,0
P051123,2025,1,20101.99
P051126,2025,1,42750.08
P051188,2025,1,36357.17
P051193,2025,1,29126.09
P051223,2025,1,45964.2
P051259,2025,1,65216.49
P051298,2025,1,0
P051306,2025,1,58495.33
P051307,2025,0,0
P051309,2025,1,-19039.07
P051385,2025,1,55383.81
P051394,2025,1,46722.13
P051406,2025,1,33513.99
P051423,2025,0,0
P051425,2025,1,25260.02
P051461,2025,0,0
P051465,2025,1,18029.81
P051502,2025,1,0
P051560,2025,1,65967.34
P051574,2025,1,17165.97
P051595,2025,1,81735.5
P051598,2025,0,0
P051602,2025,1,20182.91
P051605,2025,1,15515
P051663,2025,0,0
P051664,2025,1,19387.43
P051671,2025,1,91716.84
P051672,2025,1,0
P051686,2025,1,34157.22
P051714,2025,1,39796.02
P051732,2025,1,16551.21
P051735,2025,1,27752.36
P051742,2025,1,23490.46
P051750,2025,0,0
P051759,2025,1,13988.34
P051822,2025,1,42900.17
P051828,2025,0,0
P051836,2025,0,0
P051845,2025,0,0
P051874,2025,1,61457.94
P051885,2025,1,15988.24
P051918,2025,1,31917.11
P051931,2025,0,0
P052034,2025,1,14401.82
P052054,2025,1,37133.94
P052070,2025,0,0
P052120,2025,0,0
P052130,2025,1,11983.9
P052144,2025,1,10796.18
P052159,2025,0,0
P052203,2025,1,5330.81
P052211,2025,0,0
P052237,2025,1,33955.89
P052252,2025,1,21467.66
P052262,2025,1,0
P052275,2025,1,7924.75
P052302,2025,1,93031.65
P052312,2025,1,14119.5
P052324,2025,1,54257.79
P052329,2025,1,8156.48
P052352,2025,1,63954.09
P052380,2025,0,0
P052382,2025,1,26496.18
P052403,2025,1,17285.96
P052405,2025,1,11791.89
P052425,2025,0,0
P052428,2025,1,6456.43
P052473,2025,1,9880.2
P052487,2025,1,12114.25
P052492,2025,1,44219.22
P052503,2025,1,31381.92
P052507,2025,1,24223.17
P052510,2025,1,24110.64
P052574,2025,1,37368.73
P052576,2025,0,0
P052594,2025,0,0
P052604,2025,1,162617.88
P052616,2025,1,22840.06
P052654,2025,1,52379.15
P052698,2025,0,0
P052699,2025,0,0
P052712,2025,1,10022.92
P052780,2025,1,8293.47
P052784,2025,1,75262.59
P052809,2025,1,17023.25
P052813,2025,1,34769.1
P052839,2025,0,0
P052841,2025,1,24822.56
P052842,2025,1,34129.94
P052843,2025,1,35838.91
P052852,2025,1,44694.6
P052854,2025,1,6230.35
P052892,2025,1,25582.71
P052897,2025,1,32444.57
P052899,2025,1,33731.15
P052904,2025,0,0
P052905,2025,0,0
P052967,2025,1,15597.58
P052979,2025,0,0
